label,persona,mano,x0,y0,z0,x1,y1,z1,x2,y2,z2,x3,y3,z3,x4,y4,z4,x5,y5,z5,x6,y6,z6,x7,y7,z7,x8,y8,z8,x9,y9,z9,x10,y10,z10,x11,y11,z11,x12,y12,z12,x13,y13,z13,x14,y14,z14,x15,y15,z15,x16,y16,z16,x17,y17,z17,x18,y18,z18,x19,y19,z19,x20,y20,z20
0,sintetico,Right,0.0,0.0,0.0,0.45407993,-0.030556947,0.007937835,0.38044634,-0.35509676,-0.040511124,0.15300211,-0.4497276,-0.014123084,-0.0050781067,-0.33376312,-0.017619144,0.47083652,-0.5861949,-0.021528227,0.19712918,-0.8215361,-0.013090075,-0.01601857,-0.7002972,0.027973369,-0.025360294,-0.5280046,-0.026793225,0.17015134,-0.75642776,0.01575553,-0.16704734,-0.9224129,-0.04574737,-0.3507836,-0.7016923,-0.014476023,-0.23276554,-0.5604824,-0.0029315208,-0.12475855,-0.7362054,0.006892369,-0.45673296,-0.8713093,0.009792292,-0.5707451,-0.6974158,0.011697375,-0.480999,-0.5296229,-0.014797092,-0.42980114,-0.68255544,-0.017433072,-0.65267813,-0.8147636,0.013196669,-0.8140748,-0.718191,-0.011145153,-0.81852216,-0.57447493,-0.03630129
0,sintetico,Right,0.0,0.0,0.0,0.48949692,-0.12088285,0.0010773507,0.4453661,-0.4753826,0.031216752,0.22050418,-0.6081805,0.017351344,-0.030729981,-0.5391547,0.0046986155,0.42893964,-0.7370811,0.033971317,0.09621047,-0.95655996,-0.036193993,-0.12148638,-0.80475,-0.021668877,-0.069455884,-0.6050796,-0.029257348,0.10224772,-0.90726185,-0.015056208,-0.316803,-1.0556363,-0.041165847,-0.49568292,-0.7797687,0.012061024,-0.3630018,-0.5917543,-0.010622381,-0.24384128,-0.8309677,-0.04365597,-0.59987634,-0.95766777,-0.03161209,-0.7938611,-0.77200985,0.0035515202,-0.6758264,-0.563282,0.01743112,-0.5645672,-0.72945106,0.04808414,-0.8759773,-0.7788235,0.07234855,-0.9787227,-0.5858658,0.0062208995,-0.8820245,-0.47120345,-0.03092313
0,sintetico,Right,0.0,0.0,0.0,0.47559035,-0.1464661,0.04530396,0.4299161,-0.46061245,-0.017777886,0.19428909,-0.6236683,-0.012563362,-0.028699812,-0.61232907,0.025211079,0.39780995,-0.7263555,-0.00028042003,0.057372093,-0.83185613,0.009285248,-0.11971687,-0.6595959,0.0053969002,-0.019238517,-0.47396606,0.017701836,0.036941767,-0.8388365,0.04397865,-0.311901,-1.0132142,0.011635796,-0.53711265,-0.8224347,0.02522611,-0.44865096,-0.6215361,-0.040940974,-0.27536264,-0.74095744,0.008214522,-0.6075556,-0.8854388,-0.011298607,-0.77522284,-0.6792949,-0.020522881,-0.6879899,-0.52835,-0.01215629,-0.57942635,-0.63277787,0.0012050038,-0.8620928,-0.7167694,0.031905513,-0.945641,-0.58773947,-0.023165027,-0.9151363,-0.40314457,0.010163347
0,sintetico,Right,0.0,0.0,0.0,0.5208321,-0.15533267,0.028158318,0.42558452,-0.5082302,0.042998273,0.1116842,-0.59710324,0.019490093,-0.06560295,-0.500324,0.024873698,0.4581496,-0.81870717,0.016685575,0.059248287,-0.9811425,0.015230284,-0.14839526,-0.8168983,-0.0045583174,-0.046493705,-0.5841424,0.023906754,0.06776128,-0.95989245,0.012560214,-0.3637945,-1.0774046,0.072626024,-0.5188753,-0.82008487,0.058371905,-0.40777668,-0.63462204,0.025808506,-0.2905323,-0.8394268,-0.005696292,-0.74412924,-0.9936354,-0.015276151,-0.84180725,-0.73015684,0.047891036,-0.7320776,-0.5817575,0.022432977,-0.6349403,-0.71519715,0.028394278,-0.9712391,-0.77167386,-0.032611396,-1.0378072,-0.57828444,0.04065983,-0.8867302,-0.46228728,0.02768891
0,sintetico,Right,0.0,0.0,0.0,-0.5085128,-0.13013314,-0.033024963,-0.3945206,-0.46054858,-0.0186074,-0.16991073,-0.6213787,0.0073810634,0.065422304,-0.48163253,0.029672824,-0.40761188,-0.71301264,0.01522537,-0.058649737,-0.90129524,-0.06143423,0.13416673,-0.73490494,0.0071790363,0.10734621,-0.51724917,0.001037569,-0.011457259,-0.8328383,0.010074168,0.34447137,-0.9572262,0.041856136,0.5255461,-0.74157006,-0.055405952,0.39019996,-0.5641238,-0.016491715,0.27062187,-0.7605684,0.01475339,0.6064782,-0.8697341,-0.042674236,0.7739017,-0.6612186,0.038148504,0.6789334,-0.484199,0.008870537,0.5880367,-0.6723194,0.021511942,0.85915613,-0.73840827,-0.015958816,0.9687483,-0.5338538,0.020644374,0.9006392,-0.4345677,0.027377293
0,sintetico,Right,0.0,0.0,0.0,-0.47415644,-0.098406635,0.004277759,-0.37671506,-0.46965888,0.031596653,-0.10228592,-0.5136483,-0.049823374,0.07818067,-0.3488436,-0.029729618,-0.37618354,-0.7146529,-0.03508669,-0.040159367,-0.8453383,-0.05964703,0.13110499,-0.72563815,-0.011896816,0.06263493,-0.5089946,0.02928652,-0.04321245,-0.83461595,-0.0005493793,0.30545717,-1.0156398,0.013373822,0.48915452,-0.776942,0.039087906,0.4008955,-0.56261957,0.045966763,0.28310955,-0.80816096,0.005674026,0.57373047,-0.91897666,0.046713866,0.790079,-0.7363624,0.010325858,0.7440471,-0.5520752,-0.016487183,0.5892256,-0.6519838,-0.009477675,0.87145054,-0.73944396,-0.035039127,0.9737271,-0.5585567,-0.0179507,0.8998271,-0.43624666,-0.0026589604
0,sintetico,Right,0.0,0.0,0.0,-0.45030463,-0.16616361,-0.052807126,-0.3103533,-0.46924865,-0.025317097,-0.03204087,-0.48520058,0.036720064,0.10297006,-0.2896229,-0.020128274,-0.29419684,-0.73620856,0.008842637,0.018418467,-0.79205567,-0.023277842,0.13794959,-0.55508465,-0.011564916,-0.020793565,-0.45479,-0.02682826,0.033924464,-0.7968168,-0.029548455,0.414402,-0.97564167,-0.04412985,0.6041771,-0.7789925,-0.015167341,0.54019463,-0.5762135,-0.04585486,0.3320961,-0.72267455,-0.009534589,0.6623511,-0.8152573,0.00051317026,0.762681,-0.5939458,-0.016694007,0.6537023,-0.44098708,-0.032321718,0.6347095,-0.5639006,-0.014600813,0.8688773,-0.6406817,-0.03285856,0.9975754,-0.4987371,-0.0030716378,0.93789315,-0.34692433,-0.06931315
0,sintetico,Right,0.0,0.0,0.0,0.474951,-0.08537083,0.05396099,0.46106902,-0.45607144,0.052571103,0.21870112,-0.5977877,0.04383774,-0.044997253,-0.47366533,0.049232483,0.47008047,-0.74792486,0.041050017,0.16198839,-1.0305133,0.095743,-0.11586814,-0.8885049,0.028985852,-0.12175425,-0.7071593,0.022065643,0.09698072,-0.926064,0.008021817,-0.26897267,-1.1697211,-0.00074637,-0.5487637,-1.0024594,-0.0074218446,-0.5183361,-0.72848636,0.0037666284,-0.2267365,-0.8884404,0.029502181,-0.60319036,-0.9670148,0.04224152,-0.71462953,-0.7212932,0.033334356,-0.5716759,-0.5661866,0.0076440894,-0.5210441,-0.77299786,0.06004274,-0.84552187,-0.8473509,0.054985326,-0.9871554,-0.6441832,0.026703512,-0.8530164,-0.52188414,0.011186756
0,sintetico,Right,0.0,0.0,0.0,0.493927,-0.08343789,0.057560705,0.4207666,-0.48100558,0.0048309546,0.17492342,-0.5368167,0.018007882,-0.026197927,-0.35731268,0.024608212,0.46269712,-0.75027317,-0.0001585694,0.16607286,-0.9319997,0.030244634,-0.093754575,-0.7720124,0.0022444043,0.011249802,-0.507443,0.0056396453,0.1707541,-0.9263989,0.055092994,-0.20381984,-1.1564407,-0.011890595,-0.50161105,-0.99434876,-0.05013685,-0.453751,-0.74656075,0.062013537,-0.19867748,-0.84151137,0.08816868,-0.5504974,-1.0312501,0.005817166,-0.7604089,-0.8137457,-0.03687123,-0.6674104,-0.66051173,0.008459053,-0.5475793,-0.77760035,0.009135264,-0.8420464,-0.8809611,0.011819345,-0.9735695,-0.6983446,-0.013919756,-0.84689915,-0.5317536,0.033266686
0,sintetico,Right,0.0,0.0,0.0,-0.48890963,-0.12280313,0.02211997,-0.3468133,-0.4620761,0.0053593284,-0.081038535,-0.5474601,0.041219924,0.08140406,-0.35053107,-0.05469745,-0.43981937,-0.7411693,-0.012033155,-0.08303918,-0.9716951,-0.010707225,0.110417865,-0.836779,-0.05675058,0.123393245,-0.62050635,-0.016132714,-0.0710281,-0.916786,-0.014681233,0.2947005,-1.0144645,0.00669628,0.49257585,-0.82120377,0.04603737,0.37145722,-0.5837437,0.0053803106,0.2543311,-0.84228885,-0.018143829,0.65236247,-0.8710025,0.011011895,0.7648772,-0.61995435,0.044127535,0.5460046,-0.5312237,-0.016501565,0.59342456,-0.68312037,-0.014544079,0.89773494,-0.7769198,0.029439047,0.98086673,-0.6015452,0.0060845963,0.9006778,-0.4344877,0.032101635
0,sintetico,Right,0.0,0.0,0.0,-0.50520456,-0.05479115,-0.017143637,-0.41836354,-0.43835846,-0.014223271,-0.22138534,-0.5369719,-0.017100794,0.04211442,-0.4020642,-0.025364727,-0.4847293,-0.6864646,-0.08465226,-0.19189815,-0.85321534,-0.0325418,0.026026675,-0.6685293,-0.050397616,-0.07345383,-0.47946265,-0.07059311,-0.16979049,-0.8332489,0.012060421,0.17293432,-1.1049267,0.013377078,0.3789763,-0.9130085,0.0030574552,0.41751966,-0.7183607,-0.027753025,0.12915416,-0.8195424,0.0028175737,0.50221324,-0.95276517,-0.034539107,0.68090296,-0.8124042,-0.029215848,0.57654506,-0.62048227,-0.065391935,0.47054738,-0.75539136,-0.023796309,0.783395,-0.8235455,-0.033190243,0.90831184,-0.7229866,-0.071229726,0.8349919,-0.5502623,-0.036304288
0,sintetico,Right,0.0,0.0,0.0,-0.48200166,-0.15748276,-0.0718402,-0.3532608,-0.46368766,-0.0518587,-0.13320912,-0.5520023,-0.06182536,0.10405805,-0.3863479,-0.06560419,-0.35568818,-0.74164563,-0.050428305,-0.022204164,-0.85861325,-0.0035784382,0.11585054,-0.5938261,0.007371729,-0.0403713,-0.45195815,-0.050686825,-0.023711113,-0.88113445,0.00917957,0.36283284,-0.9633645,-0.040762097,0.51583916,-0.72161835,0.0051358705,0.36492398,-0.55526495,-0.044204887,0.29072765,-0.7734852,-0.038211394,0.64325863,-0.8756375,-0.031949155,0.80468607,-0.69126886,0.04320788,0.6798643,-0.4825741,-0.018971123,0.5773152,-0.67604166,-0.060606465,0.85718906,-0.6952453,-0.01582654,0.9859462,-0.5214163,-0.05137854,0.8967688,-0.44249937,-0.054795753
0,sintetico,Right,0.0,0.0,0.0,-0.52117544,-0.17496353,0.05173138,-0.32905856,-0.52317095,-0.014149901,-0.028071841,-0.5568225,0.065799534,0.098114505,-0.33019608,-0.002324384,-0.35693896,-0.810864,-0.03366584,0.002859348,-0.9477529,0.006478262,0.21074419,-0.7763742,-0.02768205,0.06168261,-0.5414925,-0.018010965,0.021994058,-0.925045,0.016227564,0.4430004,-1.0326672,0.020952955,0.637037,-0.7929276,-0.014148717,0.44959822,-0.598283,0.033823013,0.37153682,-0.7940156,0.038892757,0.7379641,-0.9492593,0.047201935,0.86457074,-0.6896533,0.020173023,0.7547337,-0.5093698,0.045030028,0.6752672,-0.65905344,-0.051660966,1.0083308,-0.70395166,-0.005080513,1.0664862,-0.487641,-0.02144586,0.929066,-0.36991397,0.007947788
0,sintetico,Right,0.0,0.0,0.0,0.47811708,-0.09515027,-0.049374454,0.40846458,-0.4723236,-0.050653476,0.17764722,-0.6018134,0.0149011295,-0.086137414,-0.4659619,-0.031433925,0.41726,-0.7485888,-0.06211508,0.060030375,-0.92428654,-0.0052840794,-0.14685354,-0.7638219,-0.0046867365,-0.06630934,-0.5997988,-0.06559317,0.050620466,-0.97087723,-0.011830509,-0.32521313,-0.98721474,0.0036276234,-0.48733982,-0.7303812,-0.007404604,-0.26528075,-0.5507821,0.0004632627,-0.27559465,-0.78908366,-0.061731055,-0.64499235,-0.94878733,-0.008728554,-0.84787273,-0.7483237,-0.028082777,-0.69689727,-0.5671901,-0.03358582,-0.5994705,-0.7238942,0.0077501633,-0.90007025,-0.7762356,0.026342599,-1.0270003,-0.5777645,0.035966735,-0.89058423,-0.45481834,0.021319205
0,sintetico,Right,0.0,0.0,0.0,-0.45041507,-0.19104661,-0.0025783277,-0.30927488,-0.5053139,0.005978882,-0.052118775,-0.55798084,0.034727674,0.14002186,-0.42138594,-0.0051443228,-0.27151427,-0.800417,0.031931132,0.047300424,-0.91624296,-0.012759087,0.21242517,-0.67283034,0.014856792,0.09152325,-0.50471735,0.0232057,0.08329008,-0.86858773,0.0853597,0.48365134,-0.9358313,-0.016366737,0.6193253,-0.7045877,0.059462257,0.43036538,-0.55020446,0.024275396,0.391115,-0.7547161,0.031230137,0.77214116,-0.7958949,0.023437236,0.88392407,-0.5947039,0.03212313,0.7513717,-0.44207135,0.016197644,0.6741586,-0.5682376,0.05898417,0.9655764,-0.59626514,0.008139623,1.0693053,-0.43686575,0.050419718,0.95476496,-0.2973614,0.0031391624
0,sintetico,Right,0.0,0.0,0.0,0.50694984,-0.121553674,0.03178156,0.36538047,-0.4220366,-0.013266552,0.13688971,-0.5376599,0.008227826,-0.08155813,-0.42042416,-0.03217101,0.40250307,-0.7528673,0.011189432,0.0763037,-0.9649048,-0.0022865355,-0.12937133,-0.8333917,-0.024974713,-0.13636738,-0.5899898,-0.009486573,0.06305208,-0.88890433,-0.007930068,-0.35591012,-1.023708,-0.010520929,-0.51393276,-0.76050115,0.050996516,-0.41788015,-0.580638,-0.0053467304,-0.30130658,-0.79235786,-0.009729652,-0.67287606,-0.87482363,-0.06558376,-0.7694416,-0.6345345,-0.029325811,-0.57099724,-0.5072661,-0.010307532,-0.568889,-0.69855505,-0.023047354,-0.9138838,-0.74298346,0.03925549,-1.0350142,-0.5908992,-0.0073503605,-0.8909984,-0.45400646,0.036445137
0,sintetico,Right,0.0,0.0,0.0,0.532932,0.033941742,0.02169004,0.554252,-0.34611028,0.029569726,0.2806268,-0.5335195,0.0055758846,0.028703196,-0.43716156,0.05881009,0.6722467,-0.6359131,0.042125758,0.35159189,-0.9357048,0.0018949178,0.058526564,-0.84503776,0.0339346,0.14478526,-0.5826286,0.07160382,0.34130165,-0.9065048,0.07245324,0.013007275,-1.2040005,-0.029017232,-0.28386125,-0.97029966,-0.019423341,-0.28987947,-0.7737379,0.05731881,-0.02907027,-0.95287025,-0.023616094,-0.33131704,-1.1663457,-0.03202592,-0.5826859,-1.0024128,-0.0054099737,-0.51313055,-0.7976753,0.023436002,-0.3998718,-0.88670874,0.006804012,-0.71136504,-1.042651,-0.010640875,-0.84372103,-0.84464437,-0.011393477,-0.71161807,-0.7025665,-0.012606757
0,sintetico,Right,0.0,0.0,0.0,0.49944675,-0.15519057,0.043911982,0.41639143,-0.44291294,-0.010956947,0.16072303,-0.56580496,0.02563012,-0.06744365,-0.47728693,0.0033573015,0.40780458,-0.71970654,0.020603286,0.020433456,-0.83098876,-0.01009078,-0.082897626,-0.5676552,-0.00027215108,0.11579453,-0.47951165,-0.0019005282,0.06663165,-0.8558743,-0.01969458,-0.33375344,-1.0064784,0.017301677,-0.5129858,-0.75546366,0.017009474,-0.39768782,-0.5496993,0.015609418,-0.29361755,-0.79992294,0.038906775,-0.6514896,-0.8782067,0.036742996,-0.76626074,-0.6469162,-0.008307494,-0.60184133,-0.53310513,0.010164153,-0.57052237,-0.681811,-0.0144480085,-0.8710075,-0.71735984,0.0015284504,-0.9698212,-0.5777571,-0.013859007,-0.89251643,-0.45101485,0.04095903
0,sintetico,Right,0.0,0.0,0.0,0.40323663,-0.13340776,0.022990424,0.2518458,-0.44143462,-0.04657837,0.03442175,-0.4790291,-0.02525056,-0.07720614,-0.30379415,0.026562167,0.24647175,-0.7161707,0.010459272,-0.045672946,-0.82020736,0.01422648,-0.19586395,-0.61867106,0.05266227,-0.08663575,-0.44155568,0.015728869,-0.07313531,-0.76758224,0.020756248,-0.37729505,-0.8273278,0.075265355,-0.53376126,-0.6111657,-0.0023896259,-0.34348428,-0.46694514,-0.017898535,-0.3513317,-0.67116135,0.014646674,-0.6463973,-0.7674304,0.014943922,-0.84810233,-0.6394367,-0.010698283,-0.80222046,-0.48184475,-0.024125544,-0.60578173,-0.52444094,0.06462031,-0.8312133,-0.58405036,0.011966091,-0.9439071,-0.45495597,-0.01615674,-0.9491864,-0.31471455,0.027607994
0,sintetico,Right,0.0,0.0,0.0,-0.4394666,-0.2667537,0.07731744,-0.24284364,-0.5489834,0.032385267,0.010320605,-0.5628329,0.035961766,0.18912274,-0.37510023,0.027384447,-0.19361298,-0.81548655,0.024730127,0.23109719,-0.8931762,0.062766895,0.32804108,-0.65947807,0.04968067,0.22888157,-0.5254574,0.061486725,0.20733601,-0.85799176,0.041785885,0.63407356,-0.8750457,0.05735449,0.72916305,-0.563129,0.029555928,0.5555517,-0.5011803,0.10855045,0.50154483,-0.69914126,-0.0047156964,0.84739083,-0.744887,0.07965593,1.049317,-0.5477585,0.08284634,0.93087035,-0.3631661,0.016632356,0.75320923,-0.45519224,0.10853679,1.0598345,-0.4465406,0.07173891,1.0836226,-0.21870056,0.07101263,0.98572147,-0.1683839,0.042883955
0,sintetico,Right,0.0,0.0,0.0,-0.49056306,-0.08119811,0.028779132,-0.45744532,-0.44968924,-0.0034828011,-0.21879685,-0.55496633,-0.06715877,0.030704169,-0.44993433,-0.008508435,-0.5362634,-0.73442525,-0.007716057,-0.13823768,-0.9372742,0.056294274,0.074989446,-0.7850651,-0.04439533,0.03543527,-0.54773784,-0.014173734,-0.13640152,-0.8446587,0.045238227,0.2636162,-1.068962,0.009648968,0.43907678,-0.84570086,0.012860674,0.34415504,-0.6331634,0.00014449884,0.19550332,-0.818627,0.0062473947,0.5616419,-0.91393256,0.018933456,0.6973582,-0.6922172,-0.026042031,0.54808086,-0.5635699,0.021780005,0.5128169,-0.7584252,-0.042011097,0.82485247,-0.82428914,0.006202746,0.94544214,-0.69657296,0.0019625814,0.829258,-0.5588659,-0.020567277
0,sintetico,Right,0.0,0.0,0.0,-0.46075243,-0.16092832,-0.015055767,-0.31254733,-0.4655424,-0.023593165,-0.08185769,-0.528702,0.013082193,0.06944418,-0.3840343,-0.02688166,-0.3041394,-0.73453397,-0.06543649,-0.0007968018,-0.8839727,-0.04102889,0.20702866,-0.7474836,-0.0072094547,0.10128893,-0.5157778,-0.011096766,0.0008948122,-0.81932557,-0.060101017,0.3693479,-1.0201529,-0.03905886,0.5697644,-0.83996755,-0.035497684,0.5219589,-0.5880092,-0.030097995,0.31587866,-0.7301048,-0.05532824,0.68071324,-0.8448706,-0.036662504,0.78241193,-0.6355981,-0.03916543,0.72232676,-0.47121957,-0.0017076452,0.6190321,-0.61982393,-0.00076909177,0.9129278,-0.691205,-0.024613226,1.0216813,-0.55261874,-0.03076144,0.9325812,-0.3609603,-0.017478582
0,sintetico,Right,0.0,0.0,0.0,0.45107427,-0.13357085,0.003164869,0.35924658,-0.4845419,-0.016597591,0.14309749,-0.564972,0.015010032,-0.098983884,-0.4942702,0.07722532,0.33899203,-0.69750816,-0.045298688,0.03152082,-0.88237816,0.0095745055,-0.17014854,-0.7442299,-0.018742336,-0.12169201,-0.57591957,0.016192462,-0.0076735048,-0.83986455,0.0023280268,-0.34025642,-0.9995932,0.021009922,-0.53615963,-0.7914353,0.031813543,-0.48211914,-0.57367927,0.006137645,-0.3071858,-0.7351737,0.030678617,-0.633625,-0.82546526,-0.060115535,-0.7756379,-0.66815895,0.042650957,-0.72785926,-0.47273645,0.010907802,-0.5580983,-0.6099612,0.029262807,-0.87319326,-0.67780054,-0.030748254,-0.98512626,-0.54647833,-0.020585716,-0.9186366,-0.39510345,0.0049236217
0,sintetico,Right,0.0,0.0,0.0,-0.51199496,-0.12528478,-0.050232723,-0.38784423,-0.46898767,-0.015818225,-0.10707125,-0.5299192,-0.04751157,0.08389359,-0.41036147,-0.026367152,-0.3858734,-0.72349745,-0.03683747,-0.020818945,-0.8987344,-0.0095565505,0.1465094,-0.7158362,-0.047417317,0.0492895,-0.5311143,-0.07532388,-0.01390884,-0.86323375,-0.070198774,0.40513515,-0.98469067,-0.04733842,0.5095679,-0.67800045,-0.06662508,0.36418727,-0.55955654,-0.022003492,0.30195984,-0.7837818,-0.045560587,0.63284975,-0.95124096,0.030823536,0.83507967,-0.81531566,-0.07976612,0.81391025,-0.5809906,-0.027558867,0.5919595,-0.6743299,-0.063368246,0.90674114,-0.67912716,-0.046303708,0.95578724,-0.50180495,-0.029231934,0.8143282,-0.41537938,-0.09556954
0,sintetico,Right,0.0,0.0,0.0,-0.5182749,-0.15160945,-0.012984517,-0.3964844,-0.50705934,0.016858853,-0.12518574,-0.5672611,0.032253288,0.06247227,-0.3890069,-0.05879276,-0.45204327,-0.8077909,-0.028397636,-0.0031484957,-0.8938579,-0.062808596,0.09909563,-0.66649044,-0.051806025,-0.09779755,-0.5074007,-0.047733877,-0.050175186,-0.93897206,-0.059522532,0.35183603,-1.1169691,-0.05937713,0.5598986,-0.8972746,-0.034324188,0.5060118,-0.68009025,-0.06392703,0.29987952,-0.8711483,-0.0070958617,0.6842862,-0.9769673,-0.05567458,0.86781216,-0.7347224,0.047212265,0.6922841,-0.5541085,-0.042801198,0.6160304,-0.7279273,-0.028353512,0.9533154,-0.7726202,-0.06609729,1.0491682,-0.57499266,0.01675252,0.88542134,-0.4647892,0.0005606013
0,sintetico,Right,0.0,0.0,0.0,-0.4655045,-0.17628568,0.0052795047,-0.29621926,-0.5550009,0.025021924,-0.028685218,-0.54742944,-0.043819923,0.10533554,-0.3719813,-0.025452435,-0.30194834,-0.82483304,0.002077409,0.022328343,-0.99201953,-0.017426826,0.27036434,-0.81271774,-0.050639786,0.22035684,-0.5955423,-0.0073276553,0.07346888,-0.8974691,-0.0026896563,0.48435777,-1.0038067,-0.016563017,0.6537225,-0.7632128,-0.012841711,0.50647444,-0.5449779,-0.026364265,0.40338942,-0.7657645,0.02274492,0.7381833,-0.9191522,-0.044514928,0.95380616,-0.68339634,-0.03565508,0.8686429,-0.49543872,-0.018739372,0.70798385,-0.5901649,0.0058004092,1.0167528,-0.60085624,-0.061384685,1.0131326,-0.37453333,-0.05609554,0.91370124,-0.30846313,-0.076661974
0,sintetico,Right,0.0,0.0,0.0,0.48436433,-0.15455626,0.057217292,0.33256185,-0.4777092,0.03143605,0.11062487,-0.54237384,0.013569817,-0.0814088,-0.37013003,0.028449558,0.33977693,-0.7567937,0.07486997,0.018570835,-0.94640297,0.061497606,-0.21068764,-0.7885471,0.04057078,-0.1633418,-0.55278146,0.06195922,0.008704667,-0.8835054,0.011137958,-0.36461216,-1.0315557,0.04520735,-0.5544248,-0.77790993,0.048489355,-0.5148373,-0.55783296,0.030868853,-0.29744852,-0.7682116,0.056715924,-0.71048814,-0.86126924,0.022000998,-0.80988026,-0.6593473,0.05883904,-0.6675946,-0.49908566,0.06003927,-0.62409616,-0.66142833,-0.039004676,-0.9217554,-0.68657976,0.07826757,-1.0209535,-0.55942255,-0.0427298,-0.9151508,-0.40311164,0.026694339
0,sintetico,Right,0.0,0.0,0.0,0.5173578,-0.02219454,-0.009586192,0.44323716,-0.3518741,0.024822095,0.22814219,-0.475407,-0.004128434,0.016328009,-0.29184848,-0.0061156154,0.6024829,-0.6089969,0.0054207384,0.28805545,-0.9144138,0.0500616,0.05014346,-0.7822574,-0.03510206,0.08078207,-0.54502094,0.02407372,0.28411865,-0.8897875,-0.050604407,-0.037569873,-1.1671408,0.008577858,-0.31963384,-1.0473522,0.046654318,-0.34801725,-0.76329505,0.016188478,-0.08235447,-0.8570147,0.007269726,-0.35057735,-1.1008545,-0.013231476,-0.6198884,-0.98629886,0.0033556048,-0.6255017,-0.7802228,-0.004583525,-0.40934572,-0.8178718,-0.019555835,-0.7008202,-0.9350344,-0.0056438926,-0.8197623,-0.76148075,0.008048078,-0.7089431,-0.6174909,-0.01902977
0,sintetico,Right,0.0,0.0,0.0,0.46008962,-0.20934175,0.033669937,0.29098338,-0.540167,0.050084163,0.07332194,-0.60768867,0.04322096,-0.14694898,-0.49892122,0.07605761,0.26244527,-0.8030193,0.0060178894,-0.055369627,-0.93744737,-0.010073909,-0.2947727,-0.80073816,-1.6654269e-05,-0.264274,-0.55588424,0.043231547,-0.09087038,-0.85124075,0.038984038,-0.49956238,-0.9505897,0.028643161,-0.6305292,-0.67471945,-0.0033782343,-0.48712626,-0.5141991,0.046012998,-0.39473236,-0.74798405,-0.0060374476,-0.7753555,-0.81052184,0.056260206,-0.8571453,-0.5408445,0.10065082,-0.682895,-0.4120147,0.03554798,-0.68105495,-0.55251753,0.041210387,-0.98301554,-0.5793259,0.013089582,-1.0618076,-0.3965411,-0.021339921,-0.9546805,-0.29763263,0.010218362
0,sintetico,Right,0.0,0.0,0.0,0.47358227,-0.119116776,0.0052216365,0.42608854,-0.4893655,0.0083093345,0.21908735,-0.60685045,0.020407673,-0.048289564,-0.5437673,-0.00037347706,0.41455114,-0.73213017,0.008106407,0.13607676,-0.96421206,-0.013722573,-0.14856218,-0.8113201,-0.0043357476,-0.11649529,-0.59711903,-0.0030283332,0.047024846,-0.85742587,0.00010823204,-0.3307282,-0.9772416,0.016363233,-0.44938976,-0.689441,0.0100240195,-0.27773497,-0.54823375,-0.0048746625,-0.26799905,-0.7890491,-0.029758146,-0.6182637,-0.9014633,-0.004190736,-0.7853159,-0.7204183,-0.0069810287,-0.620925,-0.5118405,-0.0005308548,-0.57588434,-0.7100344,0.058178253,-0.8517703,-0.73201835,-0.021437246,-0.9638467,-0.5785564,0.006149919,-0.88544476,-0.46474466,0.024992326
0,sintetico,Right,0.0,0.0,0.0,-0.44274062,-0.10935166,-0.04895654,-0.37513703,-0.39206025,-0.103367455,-0.11674729,-0.5290018,-0.08104929,0.054322105,-0.39188442,-0.10020227,-0.38536915,-0.7042398,-0.054589774,-0.046391588,-0.7983586,-0.058200184,0.06914473,-0.572265,-0.06719432,-0.13534512,-0.44402307,-0.0028599259,-0.057651713,-0.82727015,-0.04079453,0.27586475,-0.98541784,-0.036198724,0.48534328,-0.8069059,-0.079199135,0.4009033,-0.5722555,-0.08096546,0.2593408,-0.7602241,-0.054084543,0.60427034,-0.83325976,-0.050550375,0.7043831,-0.68841225,-0.103207275,0.6078396,-0.5308548,-0.059718195,0.5256952,-0.65811646,-0.05467443,0.7951025,-0.74087924,-0.060622282,0.9478514,-0.5951303,-0.076145485,0.89335644,-0.4493487,-0.06903947
0,sintetico,Right,0.0,0.0,0.0,-0.47225788,-0.09047145,0.019547643,-0.38126045,-0.42237708,-0.059099767,-0.16250002,-0.5529407,0.028776184,0.059372626,-0.42536366,-0.028251886,-0.4383416,-0.74633145,0.010717749,-0.08940637,-0.9129595,0.008522497,0.11075425,-0.7286561,0.030083373,0.0068044947,-0.51236564,0.016351214,-0.08034567,-0.85934013,-0.058997437,0.3335288,-1.0079514,-0.018019032,0.49012166,-0.791443,0.005731147,0.32854614,-0.5616643,-0.0028423502,0.2345251,-0.8236451,0.014464711,0.6037432,-0.9029393,0.022486793,0.7174921,-0.680791,0.017831504,0.6034346,-0.5465834,-0.0033388494,0.53500426,-0.67610824,-0.045334972,0.8504714,-0.7886151,-0.009545555,0.9459818,-0.63089865,0.012888821,0.88806915,-0.4597099,-0.025884463
0,sintetico,Right,0.0,0.0,0.0,0.3782346,-0.2118414,-0.026987512,0.18736064,-0.47510362,-0.08426338,-0.05577441,-0.45249996,-0.0149114095,-0.18344711,-0.2545271,-0.080343574,0.17696434,-0.72633463,0.007883969,-0.20054868,-0.74475557,-0.023214944,-0.26263553,-0.5178579,-0.0033617727,-0.12473437,-0.38394472,-0.048840526,-0.16795656,-0.7633331,-0.06439392,-0.53730106,-0.79022694,-0.021032088,-0.6359648,-0.57831043,-0.028071277,-0.491667,-0.39268237,-0.039022263,-0.4338405,-0.58219063,-0.025243128,-0.7547245,-0.6860966,0.038911983,-0.94022435,-0.5512008,-0.0073110866,-0.9323307,-0.36160675,-0.0021702817,-0.66785616,-0.41620722,-0.0070860265,-0.9387838,-0.44297302,0.008111745,-1.0295691,-0.24872532,-0.031813014,-0.9386992,-0.15390286,-0.076404676
0,sintetico,Right,0.0,0.0,0.0,0.43807206,-0.22904108,-0.03219845,0.2840007,-0.57634753,-0.03952967,-0.00781584,-0.5677417,-0.020205986,-0.19096074,-0.36755168,-0.013245209,0.19148226,-0.827403,-0.025651017,-0.15427662,-0.8598351,0.0075338567,-0.31344837,-0.5959414,-0.020317938,-0.12480006,-0.48506007,0.018071081,-0.14041595,-0.84467,-0.0007435805,-0.5349079,-0.95192474,-0.02708695,-0.7338125,-0.6854412,-0.031619113,-0.6232396,-0.5453241,-0.052655376,-0.46523356,-0.72086215,-0.0004862646,-0.8235054,-0.7457511,-0.017855627,-0.9329982,-0.49984935,-0.07216128,-0.77397805,-0.37121895,-0.022730824,-0.7325937,-0.52408475,-0.032563705,-0.99436206,-0.5215046,0.03409912,-1.130924,-0.35106373,-0.054143347,-0.97702086,-0.21314362,-0.047106795
0,sintetico,Right,0.0,0.0,0.0,0.53306836,0.026211223,-0.0019748812,0.47381294,-0.31499532,0.0072606215,0.23880759,-0.46969542,0.056071702,-0.011197636,-0.34110078,0.037783407,0.6205749,-0.6414087,0.019903164,0.310055,-0.8688487,0.0066925446,0.10733802,-0.69378394,0.0074620442,0.19245528,-0.45504788,0.028530652,0.32502759,-0.866702,0.035630014,-0.007285699,-1.1762213,-0.005671862,-0.3008802,-1.0174049,0.020466616,-0.3309489,-0.79142153,-0.03679119,-0.026130196,-0.8836634,0.02531815,-0.35358387,-1.1475563,0.040557608,-0.5747584,-0.9985883,0.011702572,-0.54753697,-0.79841626,0.0697493,-0.38289723,-0.84441155,-0.004941527,-0.65339893,-1.0387915,0.025476698,-0.78360516,-0.87434834,0.018464753,-0.7105683,-0.7036282,0.016679743
0,sintetico,Right,0.0,0.0,0.0,-0.4416019,-0.1516788,-0.056019925,-0.3176084,-0.55429107,-0.07819892,-0.056621037,-0.5486365,-0.012640506,0.14326215,-0.39795846,-0.012148071,-0.2777516,-0.7835928,-0.016574511,0.09170073,-0.8913821,-0.018700203,0.26185215,-0.6823833,-0.040049195,0.12986186,-0.5114442,-0.0075678118,0.061789833,-0.84412485,-0.031988166,0.4817985,-0.925959,-0.04493224,0.60752577,-0.67729497,-0.03979565,0.42914572,-0.4896848,0.028581837,0.3994357,-0.7852427,-0.08151298,0.7551841,-0.7441486,-0.016001498,0.8281132,-0.5573117,-0.07987529,0.68611556,-0.41284022,-0.033825476,0.67229503,-0.59134024,-0.043364312,0.9925349,-0.6233252,-0.09177466,1.082253,-0.41884097,-0.019248117,0.9512281,-0.30848846,-0.041793354
0,sintetico,Right,0.0,0.0,0.0,0.50760883,-0.14117202,0.020584244,0.4351093,-0.5357021,0.047044393,0.21070895,-0.6441779,-0.008737509,-0.04405564,-0.6255755,-0.01745245,0.387303,-0.77982736,0.04695517,0.012935053,-0.9265394,0.010077434,-0.1313436,-0.66535926,0.015525021,-0.027359826,-0.5233869,-0.022331981,0.0074027735,-0.90468735,0.008112938,-0.39625236,-0.98752004,0.02546779,-0.53899324,-0.7126443,0.04971207,-0.3566682,-0.5610766,0.005728411,-0.32540444,-0.82941264,0.06850373,-0.7257981,-0.8671484,0.00796879,-0.8007614,-0.64955586,0.008006637,-0.60113466,-0.48751727,0.06540146,-0.6297261,-0.7030555,0.031129275,-0.94725376,-0.7350111,0.011394497,-1.0526536,-0.54116154,0.021653466,-0.91689456,-0.39912948,0.06063803
0,sintetico,Right,0.0,0.0,0.0,-0.46060902,-0.12951651,-0.05516704,-0.30332133,-0.44108462,-0.0013214498,-0.044790212,-0.44590375,0.01750697,0.050707284,-0.25659078,-0.01765326,-0.34842727,-0.7141625,0.011772179,-0.027694615,-0.89632523,-0.028979285,0.16081804,-0.6984343,-0.04820792,0.095444195,-0.55784976,-0.008883745,-0.013795148,-0.84346783,-0.054757588,0.33203778,-0.97751015,-0.018092621,0.52330273,-0.7666033,0.018811852,0.40997523,-0.55291706,-0.058463138,0.2654039,-0.7660849,-0.043227036,0.6113093,-0.876667,-0.037244808,0.75573415,-0.6547437,-0.013827076,0.6461058,-0.49944904,-0.021137243,0.5666397,-0.63771504,0.021526458,0.8497565,-0.69290453,0.010774116,0.96428424,-0.5626062,-0.00032360866,0.90728784,-0.42051014,-0.008775897
0,sintetico,Right,0.0,0.0,0.0,0.51737195,-0.21732408,0.026383284,0.2871727,-0.54528093,0.016070245,-0.011178257,-0.5628231,-0.0065303743,-0.13163343,-0.35795045,-0.041805364,0.26289132,-0.83595455,0.008078734,-0.11470819,-0.95234895,0.035860807,-0.28986907,-0.7614485,-0.029672664,-0.24563672,-0.5832409,0.023187894,-0.1252195,-0.91339666,0.0143444175,-0.54025495,-0.96521956,0.026394302,-0.6607368,-0.62729377,0.029901184,-0.45022848,-0.5314643,-0.015189913,-0.42252168,-0.73288417,-0.041744556,-0.8120643,-0.8472511,-0.010556978,-0.98034555,-0.65056187,0.030394912,-0.88882554,-0.40027124,-0.010801206,-0.7544738,-0.585415,-0.015177768,-1.0546641,-0.576106,-0.047628094,-1.0651344,-0.33711952,0.05525195,-0.9679295,-0.25122198,0.028569505
0,sintetico,Right,0.0,0.0,0.0,0.48933744,-0.12791476,-0.068490915,0.35559952,-0.46687338,-0.015636757,0.099695906,-0.49812686,-0.0048036105,-0.07249338,-0.33285713,-0.053851787,0.4369527,-0.746036,-0.023961274,0.08674579,-0.90692204,-0.027565226,-0.12226392,-0.68141156,0.028701099,0.050063524,-0.50846934,0.031066922,0.062421013,-0.8808748,-0.07204263,-0.3214835,-1.0442663,0.047426965,-0.50981563,-0.807129,-0.050519727,-0.35819608,-0.58495516,0.0039504156,-0.27401385,-0.84565943,0.0036580737,-0.5965093,-0.9635732,-0.052831512,-0.8204379,-0.8021802,-0.010052992,-0.70229924,-0.60474056,-0.027314326,-0.5637372,-0.7136698,-0.008298644,-0.8630186,-0.80285805,-0.017597495,-0.99700177,-0.63540506,0.010146615,-0.8824318,-0.47044036,-0.02205856
0,sintetico,Right,0.0,0.0,0.0,-0.4566908,-0.065624826,0.034955584,-0.3960688,-0.37668955,0.020410249,-0.18227579,-0.5324773,0.004354998,0.050135024,-0.4115114,0.0043812017,-0.46607363,-0.66598827,-0.011081534,-0.15741558,-0.8544059,0.05067419,0.043781858,-0.64780927,0.025280006,-0.030977752,-0.47796255,-0.0012762096,-0.16929702,-0.817973,0.04587042,0.23310219,-0.99464846,0.0072527397,0.41204387,-0.8144192,-0.016613323,0.27825925,-0.6089791,0.0518697,0.14276212,-0.7925496,0.007911465,0.46685514,-0.94535863,0.011527768,0.6477953,-0.7396541,0.024223937,0.5478315,-0.5613597,0.055293314,0.49449414,-0.6940016,0.023627527,0.7628351,-0.8228114,-0.010763294,0.89262563,-0.68005407,0.03840439,0.83699435,-0.5472115,0.009381346
0,sintetico,Right,0.0,0.0,0.0,-0.47868818,-0.24868661,0.010567259,-0.24532041,-0.5541276,-0.022570642,0.047468685,-0.4512644,0.0017754947,0.12537217,-0.2061817,-0.050071534,-0.24855465,-0.87523544,0.045767292,0.16125596,-0.93711805,-0.020830221,0.35202482,-0.68687826,0.0655567,0.1718061,-0.5761177,-0.0001605129,0.14097577,-0.88731194,0.033608466,0.5805631,-1.0677128,-0.00082372857,0.8637302,-0.82248694,-0.00010541115,0.793798,-0.6081815,-0.017722946,0.49371484,-0.7488283,0.004666629,0.91910625,-0.75997686,0.010999134,0.9986387,-0.48675054,-0.024098577,0.79196775,-0.35860378,-0.0031080993,0.77104247,-0.58952385,-0.018553043,1.0507374,-0.5037098,0.07409867,1.1014577,-0.26398408,-0.0019836538,0.9231374,-0.19782564,0.050076295
0,sintetico,Right,0.0,0.0,0.0,-0.41424137,-0.24267758,0.04608125,-0.22172602,-0.562541,0.06741229,-0.0012550333,-0.6047944,0.04984788,0.21995242,-0.38445565,0.039749302,-0.21689156,-0.8067631,0.032924246,0.18220337,-0.8655504,0.011462145,0.27880976,-0.6627975,0.033617947,0.14939691,-0.5278544,0.07229512,0.18618579,-0.8757638,0.03225204,0.58399606,-0.9299019,0.00986613,0.7629904,-0.74669844,0.021412518,0.67969507,-0.5051576,0.041542396,0.46393856,-0.7279294,0.024860926,0.86415094,-0.7501722,0.049803868,0.93508214,-0.54647666,0.05089417,0.86493295,-0.3575801,0.06152809,0.7274363,-0.5178114,0.07705399,1.0455879,-0.49292457,0.06463212,1.0832647,-0.32193193,0.008575586,0.97751385,-0.21087123,0.00946735
0,sintetico,Right,0.0,0.0,0.0,-0.43876782,-0.087061875,-0.033364765,-0.41279373,-0.43269134,-0.02993806,-0.15465117,-0.53046143,-0.008740709,0.084606424,-0.42595193,-0.027349923,-0.43034753,-0.6997598,-0.069682665,-0.15397541,-0.8910758,-0.055410482,0.11620072,-0.76322556,-0.024281185,0.04384681,-0.56858546,0.0048364294,-0.13018878,-0.83854955,0.016731627,0.2306623,-1.0858694,-0.008111752,0.49133384,-0.9126961,-0.022731666,0.44871455,-0.66281945,-0.00902403,0.20153213,-0.8230915,-0.051067527,0.55740666,-0.9387289,-0.035815544,0.7622495,-0.79092485,-0.055741847,0.68293023,-0.60464936,-0.06835319,0.56295806,-0.7206308,-0.021357756,0.8334235,-0.8125697,-0.025754545,0.981449,-0.6402803,-0.010840576,0.85781777,-0.513954,-0.015044456
0,sintetico,Right,0.0,0.0,0.0,-0.45958436,-0.16190416,-0.061175473,-0.33774787,-0.45071495,0.0020795928,-0.04963556,-0.5133536,-0.01445421,0.13079186,-0.35812944,-0.0036081567,-0.2848792,-0.7408336,-0.00956365,0.0216952,-0.8615558,-0.04251419,0.17738143,-0.63215595,-0.054830395,0.04514731,-0.4507759,-0.03588587,0.020531606,-0.83367497,-0.005107171,0.3787693,-0.9479673,-0.002090113,0.5650796,-0.73436296,-0.05169467,0.4368801,-0.49896002,-0.04237064,0.32280093,-0.76405793,-0.03615538,0.6626253,-0.81442887,-0.027335394,0.8029633,-0.589256,-0.05155267,0.6720414,-0.46210724,-0.052998863,0.6122401,-0.61014295,-0.038531914,0.8791493,-0.6740427,-0.016644344,0.9872038,-0.48728314,-0.047179043,0.9357635,-0.3526283,-0.021514509
0,sintetico,Right,0.0,0.0,0.0,0.47033176,-0.101367,-0.031684462,0.35727528,-0.41975898,-0.04526391,0.08591308,-0.48420012,0.014366604,-0.054898217,-0.293549,-0.004055181,0.420743,-0.7196777,0.021800324,0.11153091,-0.9140123,-0.010242185,-0.08743333,-0.7772533,-0.046747737,-0.1397141,-0.56667215,0.016883105,0.07216368,-0.84958416,-0.018980281,-0.23983924,-1.0541284,0.00013542434,-0.4846419,-0.8320311,-0.02641563,-0.37949586,-0.6132004,0.03508104,-0.24110448,-0.8200502,-0.0325634,-0.57098264,-0.8720658,-0.018096354,-0.691408,-0.66437465,-0.006158572,-0.56103384,-0.52582496,-0.038349237,-0.55281323,-0.6749686,-0.00017273315,-0.82843083,-0.7998214,0.03421186,-0.9627982,-0.64317036,-0.022202795,-0.8759296,-0.48243898,0.0015613555
0,sintetico,Right,0.0,0.0,0.0,-0.53854126,-0.105598435,-0.015199677,-0.54431874,-0.51682705,0.038785994,-0.31396446,-0.6857167,0.027979003,-0.030948363,-0.75325423,-0.043198105,-0.42249215,-0.7985237,-0.0045285244,-0.064002514,-0.99801666,0.009785839,0.1531489,-0.7835009,0.028126689,0.026862437,-0.5634112,0.032052305,-0.066896915,-0.9429828,0.013326247,0.33851197,-1.124325,0.022337712,0.570237,-0.8812788,0.0067541623,0.46204716,-0.6676573,-0.0153150065,0.28563273,-0.8525256,-0.002976794,0.6828231,-1.0016047,0.0054041054,0.8678461,-0.7747368,0.0037991186,0.78978485,-0.61338395,-0.05155091,0.6237651,-0.74899775,-0.007050352,0.92088866,-0.79162395,0.006516985,1.0291305,-0.58489996,-0.003578042,0.8824276,-0.45315918,-0.0025449556
0,sintetico,Right,0.0,0.0,0.0,-0.4530658,-0.2552389,-0.02821479,-0.23841323,-0.5835555,-0.00027488387,0.042303342,-0.55436146,-0.015419465,0.18849482,-0.3517261,-0.032986574,-0.213078,-0.9093178,-0.007938934,0.16975823,-0.9886236,-0.014703474,0.35584545,-0.7626449,0.029177105,0.28218624,-0.58895284,0.029642722,0.19093326,-0.9193328,-0.0108501855,0.6139586,-1.0344042,0.006467945,0.82212275,-0.7853777,-0.036528386,0.74637824,-0.54706025,0.00016892179,0.4997357,-0.764182,0.024204731,0.86807865,-0.7814406,0.03566555,1.0142775,-0.53667796,-0.0057156347,0.8805452,-0.3698555,0.041771,0.7631576,-0.5295389,-0.027311679,1.098353,-0.49054515,-0.020099118,1.1659012,-0.29412794,0.032563917,0.9802651,-0.19768757,0.058433045
0,sintetico,Right,0.0,0.0,0.0,0.44588208,-0.104839236,0.024866043,0.33891124,-0.42803153,0.008195692,0.10810669,-0.47854987,-0.02946384,-0.050720323,-0.2941761,-0.027036563,0.39285028,-0.68879163,-0.028681112,0.06882317,-0.8349824,0.01788452,-0.1275038,-0.7127917,0.056985825,-0.059009016,-0.5014169,0.03954348,0.06580725,-0.84702784,-0.041482974,-0.2637043,-1.0543936,0.041001104,-0.51562667,-0.92746705,0.028948866,-0.5651108,-0.67423713,-0.03276262,-0.24814214,-0.76480544,-0.0018758397,-0.5466082,-0.9219701,0.03290569,-0.7599921,-0.82023215,0.019351175,-0.77871084,-0.62738305,-0.026889004,-0.53841865,-0.6740476,0.020850848,-0.82611656,-0.69174033,-0.047488645,-0.93406063,-0.5368065,0.00012292487,-0.81688726,-0.43083733,0.03396089
0,sintetico,Right,0.0,0.0,0.0,-0.4885799,-0.21163203,0.04910344,-0.34953088,-0.56821775,-0.002188922,-0.04488311,-0.5963757,0.041644476,0.17025194,-0.41395748,0.013618572,-0.2907665,-0.8290815,0.017119935,0.07203593,-0.97813886,-0.035904516,0.26965114,-0.7499576,0.030802412,0.1864954,-0.5820543,-0.0065369937,0.08777879,-0.903389,0.028618297,0.51552033,-0.9898053,-0.020599935,0.65973645,-0.7223217,0.008486784,0.46776724,-0.56994617,0.01362069,0.4115529,-0.78365207,-0.0012286322,0.82231796,-0.840287,0.01516251,0.9181151,-0.5746296,-0.0045258775,0.73070186,-0.43636012,-0.015754879,0.71124566,-0.61757547,0.0504033,1.0401266,-0.6377004,0.034072258,1.0747774,-0.3675834,-0.019035727,0.9392343,-0.34327665,0.019972028
0,sintetico,Right,0.0,0.0,0.0,0.4964946,-0.10726652,0.04142886,0.40419245,-0.4877813,-0.06738575,0.16431934,-0.5636072,0.01400221,-0.09010768,-0.47126687,-0.025668258,0.42890778,-0.7284715,-0.004634164,0.07159171,-0.92992735,-0.07476672,-0.15993276,-0.79325056,0.01428547,-0.1237868,-0.592542,-0.005193865,0.09065596,-0.8663702,-0.028784811,-0.33703944,-0.9813661,-0.009235236,-0.46865726,-0.7242934,-0.04955084,-0.36711717,-0.56562555,-0.044233322,-0.27115658,-0.79659593,-0.040918138,-0.63516563,-0.9874086,-0.080624275,-0.81789196,-0.8371352,-0.0030434334,-0.7841545,-0.62056565,0.006383354,-0.6002823,-0.6451758,-0.047717378,-0.8811497,-0.73166245,-0.017721005,-1.0020505,-0.5466227,-0.035261977,-0.8242928,-0.4641004,-0.018290583
0,sintetico,Right,0.0,0.0,0.0,0.53648806,-0.1398054,0.0011890094,0.45250043,-0.55724293,-0.07224915,0.15406147,-0.6994895,-0.055457454,-0.09164624,-0.51559234,0.042504903,0.43047842,-0.89135784,-0.04623837,0.07561875,-1.0491753,0.00247196,-0.20148797,-0.9008422,-0.035654295,-0.1436051,-0.6698983,-0.013132748,-0.00014486977,-1.0134261,-0.03407718,-0.45611697,-1.1226509,0.001023624,-0.625492,-0.8168062,-0.011455219,-0.42256168,-0.62348104,-0.028643277,-0.3627972,-0.90358454,-0.046325427,-0.7547307,-0.9966384,-0.007606687,-0.92195135,-0.7912153,-0.05110074,-0.8102762,-0.5860482,-0.0029148057,-0.6891373,-0.7446993,0.06168772,-1.0395259,-0.78748524,0.024192031,-1.0894455,-0.5478295,0.005630306,-0.88294387,-0.45739087,-0.01798836
0,sintetico,Right,0.0,0.0,0.0,-0.47454968,-0.13115604,0.056507945,-0.43076608,-0.45099807,0.10885514,-0.21508111,-0.6210266,0.03239798,0.030705811,-0.58879155,0.001005511,-0.38758427,-0.70535743,0.06298394,-0.0644008,-0.91153926,0.023699267,0.1520611,-0.78620756,0.07262681,0.12282246,-0.554616,0.03444198,-0.03915881,-0.8313842,0.02599583,0.33841607,-0.93848836,0.036954954,0.48200917,-0.67220414,0.05954974,0.3197589,-0.537883,0.03576059,0.29077828,-0.7633278,0.029257815,0.6083192,-0.89419943,0.036450915,0.7812297,-0.7353025,0.010541063,0.71972793,-0.49898985,0.050838977,0.5565489,-0.64124846,-0.0018913222,0.8314735,-0.73293704,0.030528005,0.9875964,-0.5857856,0.059588578,0.88902265,-0.45786327,0.0485696
0,sintetico,Right,0.0,0.0,0.0,-0.46241984,-0.19388056,0.037605066,-0.27735573,-0.53871554,-0.013121885,-0.02936733,-0.53349215,0.0049275807,0.13126697,-0.36592084,0.011566625,-0.28407267,-0.8466038,0.048706833,0.069584996,-0.9128441,-0.0014782294,0.2865597,-0.73249465,0.032482184,0.13306834,-0.52132976,0.03985011,0.11704126,-0.9027714,0.004902024,0.49885783,-0.919107,0.00093814195,0.610626,-0.6438481,-0.0022535408,0.39732203,-0.5212707,-0.00027839185,0.3846655,-0.7848041,0.029661847,0.8030598,-0.79842687,0.012852304,0.87512386,-0.55886585,0.0129677355,0.7047608,-0.42023435,-0.02372756,0.7156333,-0.6310645,-0.019473229,0.9949263,-0.5988322,0.064433895,1.0793401,-0.3971376,0.0018253275,0.9523372,-0.3050473,-0.014275302
0,sintetico,Right,0.0,0.0,0.0,0.43750447,-0.12004852,0.021132361,0.36323938,-0.43751356,-0.0058686216,0.019810019,-0.4405962,0.008903957,-0.0501797,-0.24226072,0.012847803,0.39944866,-0.74036705,0.00077544834,0.05601581,-0.87165505,-0.011970886,-0.101158045,-0.6977251,-0.01712556,-0.03014086,-0.4996243,-0.04123702,0.040368732,-0.8654714,-0.007827758,-0.34136927,-0.99079853,0.036005646,-0.5253323,-0.76219326,-0.021940954,-0.34616423,-0.549867,-0.015943859,-0.29901174,-0.76968414,0.066291176,-0.6205926,-0.8884316,0.003101707,-0.7551159,-0.7017027,0.028028255,-0.6528992,-0.54203683,0.036391523,-0.57362735,-0.6666809,0.0369176,-0.85372543,-0.74476427,-0.01995774,-0.97170144,-0.5725694,0.0136559475,-0.9052418,-0.42489678,-0.02245453
0,sintetico,Right,0.0,0.0,0.0,0.4420276,-0.20895685,-0.078930534,0.19743215,-0.46021858,-0.046130486,-0.04848945,-0.36460996,-0.0001316884,-0.067197934,-0.15132524,-0.042675577,0.2323379,-0.7310901,-0.047951516,-0.11072143,-0.85724795,0.00847865,-0.3138723,-0.7319923,0.00928955,-0.23592989,-0.52588123,-0.012435527,-0.10901992,-0.77920276,-0.038088437,-0.4948132,-0.8672146,-0.03239776,-0.67118686,-0.66941476,-0.047299046,-0.59367305,-0.4726841,-0.05232939,-0.4076536,-0.637619,-0.053639427,-0.74004596,-0.73003536,-0.04238818,-0.86518633,-0.52214605,-0.053383574,-0.80807483,-0.3693835,-0.067342915,-0.6741432,-0.51769376,-0.020288559,-0.9246354,-0.52873623,-0.019887634,-1.0247754,-0.33887336,0.01880378,-0.9686242,-0.24852999,-0.04371512
0,sintetico,Right,0.0,0.0,0.0,0.5166274,-0.1797637,0.009520424,0.37910798,-0.51119244,0.047450133,0.052310985,-0.59217924,0.023608916,-0.11608601,-0.40853667,0.03444681,0.3759885,-0.83066726,-0.0077003967,-0.022185877,-0.9724709,0.014925129,-0.21200776,-0.7379662,0.046042368,-0.056492675,-0.5599934,0.046270646,-0.017998336,-0.916018,0.007124855,-0.43211168,-1.0317471,0.033416424,-0.6581938,-0.8314666,0.093852684,-0.50782603,-0.60080993,0.02809839,-0.3435668,-0.80798215,0.008055996,-0.7516946,-0.89394593,0.02346553,-0.88090587,-0.62034297,0.03135504,-0.7114701,-0.50472033,0.024135815,-0.69858795,-0.65147537,0.027690275,-0.98476243,-0.6994931,-0.014201624,-1.0745392,-0.49021783,6.2536135e-05,-0.908862,-0.4170969,0.024190199
0,sintetico,Right,0.0,0.0,0.0,-0.5148371,-0.1243742,0.008770237,-0.39836684,-0.5003454,-0.0037416157,-0.13380969,-0.6054436,-0.025257993,0.1085985,-0.47018754,0.0004787677,-0.4398304,-0.808079,-0.0124454135,-0.05250481,-1.0245256,-0.04357684,0.16896918,-0.8231968,0.042645197,0.060733233,-0.5972254,-0.02958848,-0.04599745,-0.9539166,0.0073938747,0.39933226,-1.1394088,-0.0973887,0.57642,-0.9260505,0.023818597,0.47023782,-0.65639454,0.030126246,0.30498716,-0.84473,-0.017073968,0.71562886,-0.98269975,0.00027639,0.8603671,-0.7377555,0.00026799744,0.7440377,-0.58825845,-0.039137367,0.6102709,-0.73112506,-0.000105715124,0.98241,-0.72527295,-0.044577528,1.0592041,-0.5813535,-0.038021214,0.8970072,-0.44201586,0.018913742
0,sintetico,Right,0.0,0.0,0.0,-0.50391775,-0.07777698,0.025917672,-0.42714435,-0.4518266,0.04257411,-0.12764388,-0.52368295,0.05811869,0.04586953,-0.3289927,0.045455363,-0.5287383,-0.7407027,0.030592667,-0.16121265,-0.9655079,0.0077481396,0.048094388,-0.8177319,-0.0012997177,0.035032686,-0.53558993,0.014305086,-0.15251681,-0.9179073,0.039962824,0.23531704,-1.1698492,0.037920043,0.47455806,-0.9249609,-0.029971873,0.4241931,-0.74620545,0.006647996,0.191497,-0.8496443,0.062102962,0.54945236,-1.0698653,0.03074755,0.7450863,-0.8925455,-0.010943581,0.7037624,-0.6522567,0.09418343,0.5505416,-0.7675119,0.027733844,0.8156225,-0.88689494,0.039249454,0.9638802,-0.7048455,0.039672732,0.83755535,-0.5463525,0.018297518
0,sintetico,Right,0.0,0.0,0.0,0.5370263,-0.10491011,0.01998514,0.46300885,-0.44961923,0.0030517254,0.26212937,-0.5776803,-0.021381373,-0.04668752,-0.47988603,-0.026938349,0.50483257,-0.7145241,-0.018701337,0.11870425,-0.84420806,0.008356797,-0.008023419,-0.62095594,0.0014382204,0.15253738,-0.464565,0.008168243,0.15655452,-0.89398885,0.016097331,-0.2590372,-1.0376209,-0.015237292,-0.4354604,-0.784019,0.042896558,-0.2763531,-0.5937336,-0.005248899,-0.2025246,-0.8008578,-0.009851768,-0.53118867,-1.0004326,0.015585513,-0.717341,-0.76604635,-0.048823275,-0.61307365,-0.6160982,-0.01977065,-0.53628254,-0.7394368,0.029436842,-0.8300996,-0.8666704,-0.046071038,-0.9613016,-0.65497106,0.033228252,-0.8420211,-0.53944457,0.04415969
0,sintetico,Right,0.0,0.0,0.0,0.50387007,-0.10167667,0.0855295,0.4776264,-0.49390575,0.07640778,0.1816983,-0.56690377,0.076583944,-0.0535154,-0.48824838,0.08298825,0.47076643,-0.77075803,0.07430277,0.13081409,-0.9806413,0.07354583,-0.11813325,-0.8102825,0.09459828,-0.009285695,-0.5568265,0.058065597,0.12505667,-0.901534,0.04523767,-0.28405377,-1.0957019,0.17084171,-0.476754,-0.8074756,0.05256963,-0.3055744,-0.6578458,0.07837695,-0.2257023,-0.8545484,0.027907116,-0.6052655,-1.0333928,0.078893274,-0.8017702,-0.86263216,0.045695014,-0.7593426,-0.647981,0.061215855,-0.56935424,-0.7420031,0.108261615,-0.8790018,-0.8471505,0.09013783,-0.9988356,-0.6425462,0.09318663,-0.8775348,-0.47951293,0.019192576
0,sintetico,Right,0.0,0.0,0.0,0.5148517,-0.12000026,-0.051021207,0.36003497,-0.42902163,-0.04594865,0.1075156,-0.4644334,-0.082422316,-0.040486883,-0.2520446,-0.03821343,0.5298801,-0.72015536,-0.07268266,0.16200505,-0.97278136,-0.06964776,-0.060415994,-0.83995926,-0.04169166,-0.051671334,-0.6338036,-0.11171121,0.1504551,-0.88275325,-0.010869737,-0.2589703,-1.0470006,-0.055089552,-0.46584573,-0.7658892,-0.020750113,-0.2617066,-0.61208016,-0.09440707,-0.20081797,-0.8956001,-0.089647785,-0.5940358,-0.9665114,-0.09711034,-0.72014236,-0.75180304,-0.05296682,-0.5950724,-0.61995685,-0.05872825,-0.52789384,-0.77216357,-0.075307734,-0.8723821,-0.82041675,-0.092489325,-0.91410756,-0.68686366,-0.100383006,-0.8439309,-0.53645194,-0.062306352
0,sintetico,Right,0.0,0.0,0.0,-0.49174315,-0.10911074,-0.03170004,-0.42822328,-0.48891538,0.018864399,-0.18309934,-0.6169924,0.024171462,0.07380964,-0.47865137,0.078461625,-0.4574957,-0.74098575,-0.010831484,-0.10077011,-0.9678571,-0.0006040068,0.09392606,-0.82986146,-0.009500407,0.057425976,-0.57752806,0.013259486,-0.09492118,-0.9466942,0.018158188,0.31556353,-1.0721681,0.005590107,0.4714563,-0.79561377,0.038513552,0.2958129,-0.59857744,-0.01069119,0.28843847,-0.84706956,0.035620384,0.612666,-0.9893382,0.022688005,0.77874804,-0.81451046,0.0067844708,0.7069379,-0.6432169,-0.0019658373,0.58338505,-0.7586695,0.077233076,0.8997596,-0.81472385,-0.016469592,0.992355,-0.59654033,0.015738621,0.8708634,-0.4915251,-0.014540188
0,sintetico,Right,0.0,0.0,0.0,0.5057513,-0.098946005,0.0055039674,0.357966,-0.44419134,0.030444713,0.08837248,-0.43438798,-0.02714209,-0.02983629,-0.23132819,-0.0025423216,0.45707098,-0.72176135,0.008446803,0.10427256,-0.9236502,-0.014645858,-0.07633397,-0.6895135,0.040588938,0.05870833,-0.51524293,0.027065227,0.1270696,-0.89915574,0.011069929,-0.27572224,-1.1225191,0.049971003,-0.54242164,-0.9230939,-0.035200402,-0.47276115,-0.6816634,0.003366272,-0.27666318,-0.8309391,0.013040813,-0.5999134,-0.9759484,-0.020087387,-0.781647,-0.746706,0.011343595,-0.64168,-0.5530418,-0.025053866,-0.5614787,-0.72223645,0.021426247,-0.88934,-0.79116005,0.030925285,-0.9896837,-0.631054,0.0106095625,-0.86114174,-0.5083649,-0.04435352
0,sintetico,Right,0.0,0.0,0.0,0.4493836,-0.12838873,0.028682683,0.32756707,-0.4246685,0.03173133,0.1235272,-0.5518695,-0.0018293769,-0.08936892,-0.48529592,0.017021582,0.32863063,-0.7109722,0.04025083,0.0041659377,-0.8270078,0.059647202,-0.15325148,-0.622504,0.028286155,0.02083455,-0.45650357,0.009203044,-0.00072652835,-0.79865533,0.006519692,-0.34600902,-0.90075076,0.023225991,-0.52592736,-0.7043507,0.004836754,-0.42641553,-0.522947,0.01317836,-0.27609456,-0.76465833,-0.020905618,-0.5804198,-0.87669283,0.043434598,-0.79443336,-0.7652745,-0.023154404,-0.82201374,-0.56946766,-0.0038088188,-0.5604599,-0.5858805,0.0106634945,-0.84958786,-0.591733,0.06239377,-0.8732593,-0.44480997,-0.003551211,-0.7874563,-0.33124843,-0.010199418
0,sintetico,Right,0.0,0.0,0.0,0.45565084,-0.14419304,-0.049711008,0.34038582,-0.52532685,-0.036982603,0.06949307,-0.61210203,-0.052460816,-0.10225706,-0.49010438,-0.020305026,0.3518446,-0.8064618,-0.10056717,-0.034680877,-0.86195767,-0.15449557,-0.14352627,-0.670854,-0.09020321,0.035010915,-0.49528733,-0.05966727,-0.034338944,-0.85681885,-0.07203257,-0.39595112,-1.0717666,-0.06826384,-0.67889017,-0.95233315,-0.03647851,-0.6945201,-0.7194733,-0.06502324,-0.35543415,-0.77136725,-0.052349236,-0.72251475,-0.89997745,-0.1052056,-0.9203212,-0.6792408,-0.109943464,-0.8125836,-0.49355185,-0.02756398,-0.6597395,-0.6273648,-0.07357147,-0.9649973,-0.5891928,-0.09558784,-0.9464389,-0.39998206,-0.09553206,-0.79216,-0.34172365,-0.096375115
0,sintetico,Right,0.0,0.0,0.0,-0.42132938,-0.1884521,-0.019434055,-0.27744994,-0.49812552,0.02258522,-0.026855417,-0.5627545,0.02042127,0.15290365,-0.43475884,-0.0011015106,-0.2709187,-0.7406668,-0.006673835,0.09644099,-0.86999243,-0.0027063775,0.2822113,-0.7157564,-0.002527144,0.21108006,-0.5060714,-0.0018668809,0.1064175,-0.81517977,-0.0046072113,0.47755325,-0.9417768,0.006402707,0.65357995,-0.7104806,0.018920306,0.6145976,-0.53329,-0.03066068,0.3936742,-0.6822612,-0.0261713,0.6870481,-0.7499356,-0.043615606,0.8468324,-0.53206784,0.021749608,0.7305103,-0.36254704,0.0063495627,0.64097524,-0.53199244,0.0127224205,0.9283819,-0.5508922,-0.035641048,1.013794,-0.38397145,0.04471068,0.9561011,-0.2930369,-0.015127271
0,sintetico,Right,0.0,0.0,0.0,0.38083518,-0.32889935,-0.075810485,0.13187881,-0.60238963,-0.0747477,-0.14829534,-0.5360129,-0.059987407,-0.18300861,-0.32555816,-0.05608224,0.04902862,-0.8446968,-0.06941025,-0.33398446,-0.8384358,-0.05856701,-0.36059713,-0.55881625,-0.059222694,-0.1929003,-0.45811966,-0.05292138,-0.33593917,-0.83082366,-0.12728408,-0.7291908,-0.82947844,-0.002822006,-0.832667,-0.58628833,-0.06238026,-0.717221,-0.34536344,-0.04100473,-0.5946584,-0.6434529,-0.09852382,-0.8975991,-0.57722914,-0.07188626,-1.0358976,-0.32499206,-0.07779801,-0.8696337,-0.20214505,-0.014895745,-0.823117,-0.37841856,-0.075257815,-1.0948253,-0.30904394,-0.035793588,-1.1381985,-0.106624454,-0.07715504,-0.9991408,-0.041444536,-0.07134648
0,sintetico,Right,0.0,0.0,0.0,0.4751368,-0.07228684,-0.001439976,0.37941694,-0.36633748,-0.0435953,0.17827168,-0.5037427,-0.02910245,0.005924574,-0.4097882,-0.007963567,0.44300702,-0.6024809,-0.031363815,0.12130294,-0.76160944,-0.02226817,-0.012520828,-0.5840039,-0.0035617938,0.096506536,-0.42843232,-0.0240981,0.11148152,-0.801143,-0.009157633,-0.1429904,-0.98248196,0.026363458,-0.37372538,-0.90839434,-0.01949993,-0.41396624,-0.69452,0.015619022,-0.13453266,-0.7361111,-0.00049456017,-0.45164877,-0.9125176,-0.053168237,-0.6265886,-0.79684037,-0.043678794,-0.61007506,-0.6197573,-0.03669914,-0.4788157,-0.6633273,-0.037251163,-0.6597226,-0.7990787,-0.017379869,-0.81711286,-0.7289965,0.0009420659,-0.8218032,-0.56977147,0.017589675
0,sintetico,Right,0.0,0.0,0.0,0.48418304,-0.15516637,0.022976154,0.34386927,-0.48673952,0.030527519,0.07063563,-0.5264227,-0.021259306,-0.07834781,-0.34363455,-0.0013779054,0.35731596,-0.7793759,-0.047476303,0.018095784,-0.90928733,0.030346027,-0.19743398,-0.7369088,0.055236034,-0.12053268,-0.52586865,0.0027845525,0.025775868,-0.88690275,-0.055484354,-0.36729556,-1.0415415,0.01675814,-0.61016643,-0.885411,-0.02322189,-0.6208785,-0.6687729,-0.016860414,-0.3024726,-0.7477599,0.017225485,-0.6779361,-0.87413734,0.007394909,-0.80375063,-0.65228546,-0.012229733,-0.6689432,-0.48133507,-0.01649724,-0.5952776,-0.6267849,0.003993573,-0.8942306,-0.69066525,-0.01015161,-0.99270207,-0.5141964,-0.028642861,-0.93091124,-0.3652455,-0.008119488
0,sintetico,Right,0.0,0.0,0.0,-0.40040603,-0.10081816,-0.037398014,-0.32261977,-0.38032869,0.0047333664,-0.13015148,-0.42581907,-0.02892522,0.03554183,-0.31156042,-0.043403614,-0.3614582,-0.61758757,-0.02950354,-0.087231934,-0.768996,-0.079014204,0.07726891,-0.630552,-0.022620887,0.02927704,-0.46216342,-0.023732593,-0.06413783,-0.73068583,-0.001321629,0.22716919,-0.91342026,-0.062392607,0.44987914,-0.7986366,0.0062726564,0.42761764,-0.5927151,-0.0014149674,0.20503418,-0.6869284,0.008304052,0.5222206,-0.79693085,-0.021088008,0.6086087,-0.57781905,0.0029393898,0.49657434,-0.45483553,-0.053042654,0.48896626,-0.60924345,-0.0038377538,0.6836211,-0.6952745,-0.037272125,0.86367416,-0.64393675,-0.057101015,0.8626255,-0.5058431,-0.045223553
0,sintetico,Right,0.0,0.0,0.0,0.39542457,-0.18468347,-0.045463815,0.23453024,-0.47511667,-0.040849928,-0.018539311,-0.51378226,-0.08879828,-0.14502743,-0.33653775,-0.053521186,0.2115666,-0.728892,-0.040074177,-0.11882602,-0.82598656,-0.060149286,-0.26362032,-0.6323304,-0.025150798,-0.18535243,-0.4704441,0.0074150404,-0.11990283,-0.7643806,-0.078440815,-0.45371002,-0.8013878,-0.08041734,-0.59087414,-0.55380183,-0.076614924,-0.44349307,-0.43161502,-0.011174899,-0.42792612,-0.6469853,-0.026029415,-0.7355188,-0.7250539,-0.057060856,-0.88232917,-0.55713904,-0.052527193,-0.8348567,-0.39460215,-0.075002275,-0.622025,-0.48205838,-0.030042516,-0.9016121,-0.52974373,-0.06349891,-1.0342991,-0.37052023,-0.060342103,-0.9648022,-0.26297668,-0.03745174
0,sintetico,Right,0.0,0.0,0.0,-0.49640062,-0.18819839,-0.042009335,-0.3886462,-0.5567831,0.049149908,-0.07571097,-0.6324818,0.006771922,0.15754339,-0.4424925,-0.025080517,-0.32488063,-0.8467833,-0.019000005,0.041898873,-1.0180387,-0.054055534,0.24114013,-0.7804864,-0.030800225,0.11001347,-0.5769019,0.031487428,0.042492755,-0.9462231,0.06727005,0.48789185,-1.0815532,0.022952132,0.67716205,-0.8064847,-0.0011423038,0.47337297,-0.6037924,-0.011149285,0.41661593,-0.864847,-0.026591375,0.7983075,-0.86251146,0.06220586,0.89778966,-0.6315236,-0.003989285,0.7167384,-0.45919657,0.06385046,0.710847,-0.6589218,0.0425919,1.064235,-0.64298904,-0.04968079,1.0670683,-0.44646904,-0.018037923,0.92614913,-0.37715757,-0.01812897
0,sintetico,Right,0.0,0.0,0.0,-0.49580425,-0.18015581,-0.07249715,-0.32763582,-0.51293427,-0.041633006,-0.052830458,-0.5555821,0.034765176,0.14178903,-0.41077498,-0.04412914,-0.3458904,-0.81339854,-0.032686047,0.040356416,-0.9323199,-0.051705763,0.21709976,-0.73914474,-0.015715346,0.094111204,-0.5563092,-0.047383815,0.04509015,-0.92327553,-0.03111836,0.45252493,-0.9048471,-0.0005615128,0.4740554,-0.5836245,-0.04627608,0.27599713,-0.5581556,-0.0023413636,0.36982545,-0.77485824,-0.0013483346,0.7272241,-0.9091655,0.0055260505,0.9408996,-0.6827447,-0.021484341,0.8507944,-0.48712263,0.07010602,0.63805515,-0.59403074,0.0055135735,0.9871179,-0.63213307,-0.016039325,1.0753552,-0.4581046,-0.05150914,0.94179195,-0.33619618,-0.028502677
0,sintetico,Right,0.0,0.0,0.0,-0.42359045,-0.14132087,0.048379663,-0.26416284,-0.43381983,0.053849652,-0.035788924,-0.4384136,0.062476948,0.05739434,-0.26593944,0.07032907,-0.29336312,-0.7285681,0.02540715,0.05418764,-0.77274686,0.013409968,0.13105822,-0.5498219,0.05814026,-0.03492851,-0.4732606,0.0409735,0.031701576,-0.81501323,-0.0046538343,0.3967831,-0.8328472,-0.0060311225,0.48017803,-0.5999567,0.035022546,0.31076556,-0.4717461,0.01701394,0.33151898,-0.70516825,0.021073239,0.64817554,-0.7754411,0.050646838,0.7790304,-0.51688284,0.042210516,0.6287326,-0.4360622,0.057571974,0.6005544,-0.5273408,-0.03019403,0.8656001,-0.61202186,0.028603533,0.97539127,-0.4927885,0.040478863,0.93810695,-0.34634566,-0.019296635
0,sintetico,Right,0.0,0.0,0.0,0.5353978,-0.084973335,-0.015519001,0.45697403,-0.4599811,0.0039303177,0.24115735,-0.61574405,0.026762871,-0.043698292,-0.5228877,0.001459582,0.4952656,-0.7737936,-0.006975415,0.16579334,-1.0190941,-0.005145624,-0.057322793,-0.86919594,0.029406251,-0.05331125,-0.6475747,0.035872884,0.115688935,-0.94802994,-0.016717061,-0.2655128,-1.1672539,-0.016757006,-0.51103324,-0.9118527,0.012366871,-0.38870144,-0.69368815,0.044276178,-0.2450979,-0.93983483,0.03367261,-0.6234566,-1.0197958,-0.03296672,-0.7515111,-0.7650034,-0.0055150664,-0.57923317,-0.5831037,-0.024038782,-0.5723003,-0.7903864,-0.005610573,-0.9394711,-0.85311776,0.04641272,-1.0076362,-0.62890273,-0.037712056,-0.84745574,-0.5308661,-0.04316652
0,sintetico,Right,0.0,0.0,0.0,0.54980147,-0.016894782,0.033017058,0.52513784,-0.3756135,-0.017797835,0.33001292,-0.57772255,-0.042112567,0.06585568,-0.5174437,0.0005146161,0.57619137,-0.65439737,0.036665287,0.2739636,-0.90629,0.0058141216,0.002863906,-0.78501946,-0.003987813,0.07766335,-0.51887894,-0.022217752,0.25882244,-0.9138569,0.04921803,-0.13412209,-1.1380105,-0.026546542,-0.3528206,-0.9049477,-0.018277736,-0.2622827,-0.6911968,0.016933814,-0.09340622,-0.89292645,-0.049009737,-0.4655388,-1.044186,0.036084637,-0.62396413,-0.8857525,0.018405927,-0.53573394,-0.67835736,0.025881842,-0.43442878,-0.84257096,0.016609887,-0.73978233,-0.9433999,-0.0029400713,-0.8776346,-0.7545275,-0.027458372,-0.7568241,-0.65361863,-0.0023679554
0,sintetico,Right,0.0,0.0,0.0,0.47227457,-0.1970425,0.00010369054,0.35481253,-0.55432516,0.012466769,0.06502967,-0.61878145,0.0473777,-0.1253167,-0.49317497,0.03152062,0.2968712,-0.8109849,-0.014998008,-0.11114384,-0.898153,0.028064752,-0.25067717,-0.6452589,0.027079882,-0.08358751,-0.5194419,-0.010307658,-0.076078355,-0.89300925,0.03247109,-0.46463424,-0.95464635,0.00638295,-0.6201633,-0.66005427,-0.025917644,-0.4537293,-0.5274874,0.0222952,-0.41770288,-0.75172585,0.016136857,-0.7731423,-0.78232825,0.0046432717,-0.8164779,-0.53484756,0.009560429,-0.65304214,-0.42171612,-0.008059241,-0.6803099,-0.5930383,0.026299963,-0.98254246,-0.5972806,0.009405397,-1.0828601,-0.39821088,0.014831136,-0.9464458,-0.32286268,0.019760404
0,sintetico,Right,0.0,0.0,0.0,0.43346506,-0.10925139,-0.016609205,0.3339372,-0.43295425,0.014377538,0.13218977,-0.57465,-0.00794147,-0.08065183,-0.47963256,-0.026456794,0.3275081,-0.69853324,-0.0021194038,0.030361192,-0.8508085,0.00028528235,-0.17248535,-0.69481033,0.017862568,-0.116123766,-0.52647996,0.0054089706,-0.012289924,-0.76129705,0.0069728647,-0.3189396,-1.0002542,0.0037336873,-0.54130083,-0.84258056,-0.007960403,-0.5781733,-0.65522426,-0.020102521,-0.28496948,-0.7128715,0.003010368,-0.6259543,-0.7939777,-0.01129266,-0.70999694,-0.5758965,0.035228223,-0.6200502,-0.44920385,0.027233683,-0.56332076,-0.59281427,0.010921211,-0.80746156,-0.65217745,0.0050715194,-0.95182335,-0.5234515,-0.0056546857,-0.91413397,-0.4054122,-0.03263347
0,sintetico,Right,0.0,0.0,0.0,0.5193586,-0.095955394,0.04251306,0.44043592,-0.4589649,0.051439855,0.17062937,-0.53868854,0.055680875,-0.049809482,-0.44174743,0.06120361,0.50216085,-0.75363374,0.057665054,0.10721799,-0.93791884,0.04429813,-0.020875411,-0.74591637,0.05876769,-0.036616642,-0.57449555,0.07758172,0.09309782,-0.9540699,0.048735823,-0.28938955,-1.0880738,0.059592962,-0.45358825,-0.851177,0.046352707,-0.39474928,-0.6371222,0.03424728,-0.24288504,-0.8644401,0.064988375,-0.5685593,-0.9778594,0.036653,-0.790958,-0.75461817,0.061394684,-0.60887504,-0.62005866,0.051988382,-0.54804003,-0.7708227,0.04325758,-0.869401,-0.810229,0.042621326,-0.948266,-0.61495745,0.03789104,-0.85603845,-0.51691216,0.007989897
0,sintetico,Right,0.0,0.0,0.0,-0.50434065,-0.09796039,0.048684247,-0.40666988,-0.50909656,-0.022804353,-0.09824737,-0.58256245,-0.0464752,0.06955772,-0.37556785,0.016578104,-0.4505358,-0.7614573,0.055115677,-0.08258422,-0.9929542,0.01686793,0.11521747,-0.8075242,0.0059695584,0.016561126,-0.5404429,-0.037864063,-0.070277244,-0.9542042,0.028669456,0.32709214,-1.0951979,0.03468783,0.54839736,-0.8205608,-0.03565403,0.37129682,-0.64610714,0.048314393,0.29766867,-0.938052,0.03769442,0.6631329,-0.9925675,0.04825057,0.83117324,-0.8398596,0.03244916,0.77149224,-0.63623875,0.034469217,0.6371936,-0.74382955,0.030640831,0.9494904,-0.7702866,0.040653687,1.0094354,-0.5135316,-0.036720105,0.85128707,-0.48460224,-0.027572572
0,sintetico,Right,0.0,0.0,0.0,-0.4888189,-0.22220176,0.034340568,-0.39116836,-0.53684396,0.008848816,-0.03752374,-0.6655622,-0.017909149,0.19992341,-0.5043218,0.04275698,-0.2755624,-0.87431145,0.054825574,0.14733756,-0.98163027,0.013455693,0.29727733,-0.72257614,0.011535104,0.17760257,-0.54597855,-0.0053844424,0.14077006,-0.8914832,0.018116686,0.5637266,-1.0017234,0.0061744982,0.70798737,-0.6919889,-0.006816792,0.5174669,-0.54250646,0.0772468,0.42973253,-0.81241935,0.035965666,0.84326094,-0.83271474,0.03903212,0.99744326,-0.5669491,0.048037402,0.78793794,-0.4395727,0.044783868,0.7767904,-0.57507074,0.010496347,1.0771729,-0.5868187,0.030350037,1.1409376,-0.379947,0.014668237,0.9694066,-0.24546039,0.03515407
0,sintetico,Right,0.0,0.0,0.0,-0.5098356,-0.016509553,-0.052887935,-0.49267358,-0.3617906,0.0123556005,-0.22728625,-0.5116066,-0.052879572,-0.014380753,-0.41441908,-0.05733458,-0.5559906,-0.64621854,-0.09474304,-0.28318694,-0.9145376,-0.026069187,-0.04517622,-0.77151185,-0.0724088,-0.05292579,-0.5379633,-0.07657306,-0.23267037,-0.8341523,-0.02116515,0.06838262,-1.0980805,-0.024699707,0.34438592,-1.0117799,-0.025451723,0.37269664,-0.75858355,-0.06838788,0.095586516,-0.87834877,-0.0594453,0.38993672,-1.0499898,-0.05970042,0.61973524,-0.87760496,-0.03549535,0.55326957,-0.6603609,-0.013339792,0.43470225,-0.77838403,-0.04740207,0.6642108,-0.9344284,-0.0012332312,0.828558,-0.83569187,-0.032200195,0.7779374,-0.6283418,-0.06472736
0,sintetico,Right,0.0,0.0,0.0,-0.47323778,-0.1209409,0.01014516,-0.36226028,-0.45647842,0.07130822,-0.08611761,-0.47316033,-0.026753068,0.06900247,-0.31693625,0.08730322,-0.41898075,-0.7255923,0.00046547464,-0.017369421,-0.82661027,0.07644021,0.0959492,-0.6066888,0.027096542,-0.075458504,-0.46520263,0.0822967,-0.04827534,-0.8701957,0.14381517,0.34909952,-0.94668937,-0.012351309,0.4528471,-0.68001795,0.07222452,0.29002455,-0.5075635,0.000897233,0.25525016,-0.8208669,0.06457172,0.6189883,-0.8799194,0.04652177,0.7659483,-0.6361211,0.0561104,0.5980862,-0.50440156,0.026438363,0.56788665,-0.67632985,0.07465089,0.87081426,-0.7699362,0.01114828,0.9641832,-0.59153503,0.087787785,0.8995192,-0.4368812,0.04075305
0,sintetico,Right,0.0,0.0,0.0,0.52551955,-0.08663581,0.0017887625,0.50528526,-0.47590244,-0.020017732,0.24128655,-0.6549741,-0.04785868,0.00944854,-0.6156587,-0.05126055,0.5146111,-0.7917246,0.009782255,0.13507463,-0.90125346,-0.06745021,-0.045400705,-0.67228186,0.010955383,0.158178,-0.5007458,-0.026476473,0.13827746,-0.9508241,-0.024364972,-0.2662458,-1.1515869,-0.0734429,-0.46352124,-0.9029262,-0.025913855,-0.40963104,-0.69224256,-0.0027698157,-0.21144179,-0.9199223,-0.062128812,-0.6235343,-0.9567001,-0.0062689497,-0.7374553,-0.7531901,-0.01873813,-0.55376184,-0.60315424,-0.041044008,-0.5863587,-0.77065074,0.00456903,-0.83551484,-0.8414811,-0.08848569,-0.9701601,-0.67736953,-0.010894552,-0.84860694,-0.5290239,0.02784883
0,sintetico,Right,0.0,0.0,0.0,0.47028184,-0.1971166,-0.042804442,0.31586626,-0.470333,-0.041977923,0.018601203,-0.4595562,-0.05073882,-0.08121456,-0.23787743,0.012145629,0.3291371,-0.7957356,0.010218281,-0.03200143,-0.9245515,0.042410355,-0.23677222,-0.68378836,-0.03064945,-0.085093826,-0.5127801,-0.0041917404,-0.020851845,-0.8832106,-0.048305802,-0.4525821,-1.0098736,-0.020392297,-0.6068796,-0.76193446,-0.025768697,-0.5147173,-0.53314406,0.0029930423,-0.3681496,-0.7605629,0.019155968,-0.73231286,-0.89060694,0.01839677,-0.86559606,-0.6852508,-0.03524485,-0.76155984,-0.4706708,0.018613258,-0.65808254,-0.61050034,-0.011881792,-0.90595174,-0.6241327,-0.02008686,-1.0410345,-0.446959,-0.0313165,-0.9302703,-0.36687487,-0.026970608
0,sintetico,Right,0.0,0.0,0.0,0.4823407,-0.25383434,0.061689693,0.24254665,-0.521077,0.07204376,-0.016551731,-0.51287377,-0.045659687,-0.10280699,-0.24158613,-0.0047050887,0.2237828,-0.8612721,-0.02601941,-0.16289161,-0.97592604,0.037389565,-0.2932443,-0.7433943,0.015390762,-0.15882608,-0.5258024,-0.013549239,-0.16745016,-0.94566005,0.008681488,-0.5817556,-1.0058997,-0.008560064,-0.7539034,-0.74728966,0.05701101,-0.5783089,-0.5352464,0.02355291,-0.4582892,-0.8284306,0.02740454,-0.87390745,-0.8139822,-0.07719812,-1.0439173,-0.5867235,0.0043126713,-0.90606886,-0.4231302,0.07171247,-0.7910301,-0.5921066,0.0479789,-1.0850657,-0.53593826,-0.051497538,-1.0448173,-0.2761252,-0.0034190952,-0.8936462,-0.300159,-0.03125972
0,sintetico,Right,0.0,0.0,0.0,0.4294114,-0.03946907,-0.0077424757,0.35050967,-0.3410264,-0.0012966465,0.09634565,-0.35404083,0.020932777,-0.020233298,-0.2079198,-0.016523734,0.41005257,-0.60784316,-0.0036117313,0.14691392,-0.7696246,-0.00032670563,-0.036253493,-0.6024314,0.020229371,0.01924835,-0.4494429,-0.0029766974,0.13462481,-0.71768963,0.042936955,-0.14837816,-0.92644423,-0.0043408456,-0.372612,-0.78636146,-0.006293353,-0.31787682,-0.5684199,-0.0046895887,-0.1413838,-0.69728124,-0.03225517,-0.4306959,-0.8554634,-0.025519881,-0.61464405,-0.6740949,-0.013343098,-0.5249789,-0.51820266,0.026756043,-0.4214347,-0.63513774,-0.0013713014,-0.6308071,-0.76544505,-0.012235703,-0.7921873,-0.68763703,0.028938578,-0.82166725,-0.5699675,0.036750104
0,sintetico,Right,0.0,0.0,0.0,-0.4864952,-0.10481849,0.01743722,-0.37314755,-0.45389932,0.05575172,-0.0967879,-0.50188386,0.080154985,0.05632166,-0.27323392,0.036856107,-0.4219361,-0.758595,0.096745916,-0.08274438,-0.9668687,0.032439362,0.15148549,-0.7703459,0.04591562,0.1025281,-0.5746735,0.022263039,-0.05457406,-0.9200551,0.08045088,0.32638702,-1.0068345,0.111556575,0.5387261,-0.85345197,0.0030883562,0.4710443,-0.6027829,0.042876,0.2912598,-0.8514873,0.08815228,0.6534496,-0.83445567,0.011937967,0.7470187,-0.6506179,0.06853197,0.5639208,-0.54405564,0.0869351,0.605655,-0.7040777,0.054803707,0.8834193,-0.7708734,0.06807046,0.9824404,-0.5544855,0.10209604,0.8876738,-0.46047282,0.107366495
0,sintetico,Right,0.0,0.0,0.0,0.40319225,-0.11197311,-0.07175412,0.36181846,-0.40823743,-0.07011288,0.11429107,-0.48542744,-0.0026560265,-0.06934606,-0.38190147,-0.028717805,0.40417528,-0.70379174,0.010805364,0.098114476,-0.8440084,-0.05712152,-0.107160494,-0.67514807,-0.04188321,-0.0757919,-0.5051576,-0.06267651,0.06683596,-0.79275846,-0.041433502,-0.27071583,-0.9871167,-0.09209571,-0.51776296,-0.79277015,-0.02712173,-0.44288337,-0.58116513,-0.036672905,-0.25065726,-0.73185295,-0.046740588,-0.5671039,-0.7854479,-0.055534214,-0.6859179,-0.5844715,-0.06886139,-0.5564064,-0.46560308,-0.025991954,-0.54279137,-0.6039399,-0.07616284,-0.7760014,-0.70370793,-0.031694353,-0.95812845,-0.5982067,0.009592079,-0.8894433,-0.4570456,-0.0059688496
0,sintetico,Right,0.0,0.0,0.0,-0.41556913,-0.16671441,-0.0072215535,-0.36911568,-0.45593488,0.00762611,-0.119623736,-0.6005465,-0.0113061,0.079619534,-0.53429186,-0.02160443,-0.31636184,-0.69653267,0.0034162006,0.0007149132,-0.85567737,-0.027641667,0.17415592,-0.6896117,-0.024742864,0.14442329,-0.491341,0.014680635,0.0040879906,-0.8079232,0.012353685,0.35979888,-0.9139772,-0.025710098,0.55043393,-0.66939497,-0.036109883,0.42241162,-0.50385624,0.008646765,0.31438798,-0.70313185,-0.006828954,0.6065186,-0.7902819,-0.018150182,0.77728003,-0.5750539,-0.033035103,0.68224925,-0.45840338,-0.01777388,0.60128874,-0.5755987,-0.026026094,0.8367331,-0.64502215,-0.04103187,0.97483057,-0.48840022,-0.022505976,0.9307766,-0.36558846,-0.019321382
0,sintetico,Right,0.0,0.0,0.0,0.44649062,-0.14275347,0.025833143,0.2959135,-0.49041942,-0.00010329789,0.05652296,-0.56544554,-0.0009684131,-0.11204238,-0.44454962,0.026215775,0.30604836,-0.76694864,0.012599376,-0.036804937,-0.8644041,-0.031615857,-0.19521318,-0.6281153,-0.019956514,-0.038605697,-0.4796725,-0.012340546,-0.08872846,-0.83899057,-0.005811445,-0.4502346,-0.9019338,0.026239244,-0.5632315,-0.6394056,0.02141002,-0.3662878,-0.4846567,0.042317912,-0.3658046,-0.75211287,0.034598503,-0.7285361,-0.769599,0.042481538,-0.7897081,-0.53588265,0.031031126,-0.6704438,-0.41147166,0.021181274,-0.6818895,-0.55434954,0.04315963,-0.96034354,-0.56887835,0.038714442,-1.0459985,-0.4331469,0.025292395,-0.94693303,-0.32143092,0.047401782
0,sintetico,Right,0.0,0.0,0.0,-0.53417385,-0.046268053,-0.07699907,-0.5936528,-0.405833,-0.029566893,-0.37126416,-0.62797254,-0.010341658,-0.13263278,-0.6882385,-0.0023352387,-0.56231284,-0.6721587,-0.019934235,-0.29177603,-0.97176206,-0.027008092,0.01243713,-0.8242099,0.011207121,-0.030973338,-0.5756956,-0.00645442,-0.22889718,-0.9078978,-0.03588867,0.16212758,-1.1528983,-0.014268517,0.40356165,-0.965834,-0.0033613062,0.3527739,-0.7547244,0.038792502,0.15303768,-0.90232444,0.009368009,0.5325096,-1.0327764,0.022889161,0.6962707,-0.8406215,-0.034739073,0.5289325,-0.67516583,-0.032010283,0.47481242,-0.7916642,-0.022891542,0.8253461,-0.9244258,-0.019992791,0.8909854,-0.71067363,-0.047287244,0.7767172,-0.62984955,0.024511345
0,sintetico,Right,0.0,0.0,0.0,0.52515054,-0.08917571,-0.03660418,0.45743442,-0.4089836,-0.04686323,0.16927405,-0.47079563,-0.054128878,-0.033420667,-0.33165964,-0.011213921,0.53660434,-0.6739629,0.015715996,0.22811307,-0.9334427,-0.03458584,-0.0051319245,-0.75818336,-0.02928088,0.009483768,-0.57071465,0.0071358536,0.1993172,-0.87839556,-0.074402556,-0.1758695,-1.0930179,0.03246348,-0.38722894,-0.8548751,0.045965098,-0.27576366,-0.65705276,-0.099748716,-0.13046445,-0.86563,-0.025940776,-0.49386743,-1.0416255,-0.043522377,-0.69129497,-0.8331023,-0.03067306,-0.60643286,-0.64511687,-0.035019018,-0.48228428,-0.7954057,-0.00021634603,-0.76353467,-0.8984572,-0.026367037,-0.90547156,-0.728612,-0.048953228,-0.8018885,-0.5974737,-0.028053643
0,sintetico,Right,0.0,0.0,0.0,-0.46818408,-0.15181075,-0.047139786,-0.38225996,-0.46585813,-0.06955379,-0.0989562,-0.54804397,-0.018282723,0.092642985,-0.3654227,-0.09497404,-0.36973172,-0.7092684,-0.00032465692,-0.074712195,-0.93134177,-0.036878504,0.13806844,-0.78239816,0.0195891,0.12536092,-0.5949037,-0.07866898,-0.048613656,-0.8761121,-0.0056267697,0.30595145,-1.0522109,-0.033755947,0.5504576,-0.8789526,-0.040122133,0.524577,-0.65070796,-0.0688074,0.26674423,-0.79320115,-0.014529488,0.6387987,-0.84801364,-0.012309611,0.7388023,-0.57172734,0.018314091,0.5650272,-0.5083684,-0.0031441564,0.58793306,-0.676103,-0.04738034,0.85512817,-0.76619226,-0.05870119,0.99401593,-0.58601326,-0.068770066,0.8950182,-0.44602963,0.0097011775
0,sintetico,Right,0.0,0.0,0.0,0.4658309,-0.1925617,-0.028075008,0.33549517,-0.5159068,-0.007559092,0.07942974,-0.6126073,0.040724806,-0.10320728,-0.44904807,-0.0183219,0.28756875,-0.76970905,0.00074767746,-0.056590047,-0.86699784,-0.04998784,-0.19748288,-0.6191514,0.030296614,0.008363585,-0.45257974,-0.021671053,-0.05259525,-0.845619,0.018078905,-0.43230632,-0.9509818,-0.012459715,-0.6343192,-0.6968984,0.0066578444,-0.43897983,-0.54616874,0.008204221,-0.3892008,-0.77341413,-0.021026663,-0.734523,-0.8423842,0.019155376,-0.88210875,-0.5758352,-0.029002583,-0.7158024,-0.46363434,0.010986197,-0.683002,-0.60336703,-0.019407382,-0.93922246,-0.66844726,-0.00015963658,-1.048286,-0.48582825,-0.021275213,-0.9462429,-0.3234569,-0.007954398
0,sintetico,Right,0.0,0.0,0.0,-0.43771604,-0.12882294,-0.009187265,-0.38450938,-0.4702695,0.010177609,-0.17529583,-0.6480108,-0.016641907,0.07360627,-0.5343099,0.0017739572,-0.37009373,-0.75145197,-0.03817914,-0.0004374898,-0.91591424,0.025409136,0.17014591,-0.6934494,-0.00454291,0.059928764,-0.5135714,0.027211884,0.009957497,-0.87181056,-0.0069744,0.40207627,-1.012952,-0.005342018,0.5726115,-0.7678654,-0.032393612,0.4349264,-0.5609092,0.017180664,0.3092104,-0.822758,-0.023935195,0.61616224,-0.8780089,-0.014145963,0.8499874,-0.6735232,-0.0018918867,0.7405037,-0.53887296,0.0011291391,0.6038246,-0.640944,-0.04480631,0.88826096,-0.6745036,-0.0077202404,1.043782,-0.5183338,0.018072395,0.90893817,-0.4169309,-0.011428924
0,sintetico,Right,0.0,0.0,0.0,-0.4364619,-0.20133372,-0.04879482,-0.31565642,-0.517989,-0.05627481,-0.055180747,-0.5880261,-0.05165072,0.12010867,-0.42303583,-0.04242512,-0.25160697,-0.8023282,-0.039787535,0.09970886,-0.90734166,-0.058998596,0.25977287,-0.68820846,-0.089965224,0.121631816,-0.49551687,-0.05199263,0.129452,-0.8531466,-0.028080383,0.4806971,-0.9415425,-0.03388649,0.68701583,-0.72837204,-0.0062723993,0.5049124,-0.52038467,0.01335936,0.39763492,-0.74259186,-0.01770505,0.7393005,-0.80262536,-0.0015207187,0.8992588,-0.62723285,-0.017511817,0.8488144,-0.44171607,0.0069813924,0.6654748,-0.5829087,0.010642015,0.9745528,-0.59584004,-0.012723137,1.0654665,-0.42076823,-0.01908027,0.9591595,-0.2828658,-0.042755086
0,sintetico,Right,0.0,0.0,0.0,0.47384942,0.029855493,-0.060629435,0.4797529,-0.3496546,-0.05996302,0.24400139,-0.47413903,-0.02729508,0.04539665,-0.39008686,-0.023145841,0.62323254,-0.59228486,-0.056683328,0.31206068,-0.88816833,-0.03444997,0.07477436,-0.74272734,-0.029056005,0.058398943,-0.5574386,-0.028852895,0.28298342,-0.8276849,-0.014557292,-0.017430713,-1.0775384,-0.03588771,-0.24626823,-0.8694863,0.020211672,-0.16461284,-0.64655936,-0.005738283,-0.018131379,-0.8662855,-0.039703898,-0.30695516,-1.0741446,-0.016061638,-0.54143,-0.9594634,-0.0152879935,-0.5432087,-0.73844165,0.013312319,-0.35233966,-0.8313895,-0.03428303,-0.61384684,-0.9660983,0.0015811232,-0.7529016,-0.8635368,-0.017442401,-0.71864927,-0.6953727,0.020571703
0,sintetico,Right,0.0,0.0,0.0,-0.4521331,-0.23441586,-0.025098806,-0.2273865,-0.5047674,-0.040823925,0.033807486,-0.47569388,-0.0068727178,0.15380268,-0.28096387,0.017347222,-0.1640171,-0.8248664,0.01222795,0.18107966,-0.87584853,-0.019695055,0.32346955,-0.6426264,0.0077857273,0.1824535,-0.4760932,0.0075771296,0.2050174,-0.84634095,-0.01839716,0.61343896,-0.89615124,-0.034863796,0.69815594,-0.6064226,-0.0332912,0.570813,-0.44582564,0.006755726,0.47591454,-0.6819497,-0.017167702,0.8322817,-0.6928464,-0.044463117,0.9196663,-0.43105388,-0.0618261,0.76453716,-0.32273212,0.006592016,0.70016885,-0.49835533,-0.03088647,1.0420486,-0.4906436,-0.0070400857,1.1222785,-0.30859992,0.0176804,0.984495,-0.17541267,-0.051605947
0,sintetico,Right,0.0,0.0,0.0,-0.4246777,-0.15569307,0.011223746,-0.2962047,-0.45627365,-0.0036295136,-0.075186536,-0.50510085,-0.027904108,0.12970918,-0.36591524,0.0012409164,-0.32274812,-0.7241226,0.017744696,0.036422513,-0.86744887,-0.011915941,0.19573705,-0.682864,0.03409848,0.118473046,-0.4769873,0.007842108,0.011892426,-0.8038147,-0.009783628,0.40743053,-0.89001584,-0.008693133,0.5479954,-0.6747492,-0.011846955,0.40265033,-0.50614697,-0.050175432,0.33628544,-0.70732456,-0.018121762,0.6728551,-0.75139964,-0.009529557,0.7509427,-0.4762888,-0.027121255,0.585508,-0.42247906,-0.0063138693,0.658089,-0.55447686,-0.015047159,0.85076517,-0.6154308,0.0057221954,0.9825411,-0.47051507,0.00266968,0.9357752,-0.3525971,-0.011021128
0,sintetico,Right,0.0,0.0,0.0,-0.4844323,-0.0937247,-0.019653987,-0.43639094,-0.45550272,0.01830166,-0.20876558,-0.61268806,0.00048620818,0.027119108,-0.54517806,0.016464762,-0.42070135,-0.7275693,-0.0024328735,-0.061193015,-0.858791,-0.017460696,0.057637036,-0.6196192,0.004954811,-0.11203853,-0.4524387,-0.029288739,-0.10067119,-0.8745679,0.015533387,0.3024224,-1.042136,-0.021192279,0.4930617,-0.8389444,0.024954746,0.41465217,-0.6005171,-0.006301585,0.25510755,-0.79711044,0.028543796,0.5873237,-0.9434602,-0.025805384,0.7440795,-0.72274125,-0.014740996,0.67116624,-0.5732361,0.011591088,0.55159914,-0.6946324,0.031229066,0.81849843,-0.7779722,0.04356835,0.9581612,-0.63755095,0.0031453392,0.8635728,-0.5042242,0.04782486
0,sintetico,Right,0.0,0.0,0.0,0.42320675,-0.061242677,0.01870674,0.41005477,-0.3726225,-0.0491163,0.19778681,-0.48321995,-0.032132912,-0.016479682,-0.39498055,-0.017109148,0.4125691,-0.6157453,-0.04928162,0.117914736,-0.78008634,-0.02016458,-0.025354948,-0.5673475,-0.03295163,0.063516945,-0.4296789,-0.03347186,0.1361033,-0.7547302,-0.025880272,-0.14903109,-0.9530631,-0.02530378,-0.41299936,-0.8157717,-0.022912322,-0.3682225,-0.6084251,-0.042606335,-0.1308736,-0.7277021,-0.041479122,-0.4375417,-0.87393683,-0.030205993,-0.63865584,-0.69608015,-0.028299615,-0.5008436,-0.51831824,-0.038475536,-0.42067948,-0.6637514,-0.018779408,-0.6787252,-0.80003446,-0.07400325,-0.7989135,-0.7138919,-0.04600544,-0.8324681,-0.554073,-0.034371994
0,sintetico,Right,0.0,0.0,0.0,-0.46966842,-0.17088689,0.0039964947,-0.40065786,-0.44524017,0.0025690568,-0.13102028,-0.56211764,0.04569872,0.093992755,-0.47025153,0.013279042,-0.38063043,-0.7459345,0.016327377,0.00044245497,-0.835168,0.0031263884,0.14742856,-0.6079238,0.026074834,-0.022777503,-0.4673232,0.048590176,-0.00809289,-0.824641,0.030773574,0.3305356,-0.99446106,0.031764306,0.51807666,-0.7816336,0.02971618,0.4304853,-0.5705351,-0.020739065,0.2914786,-0.7629841,-0.007934617,0.6076318,-0.84960604,0.0091117285,0.77518,-0.6540689,-0.004118233,0.6729003,-0.47993085,-0.012720328,0.5817542,-0.67156917,-0.033233877,0.8671961,-0.70971245,-0.019882765,0.9705046,-0.55129254,0.0078026894,0.89959496,-0.43672526,0.0125549
0,sintetico,Right,0.0,0.0,0.0,0.4872079,-0.1852502,0.0027993992,0.3578302,-0.5124446,-0.017956294,0.109299034,-0.6095002,-0.069970906,-0.13521037,-0.4631718,-0.10614973,0.32308397,-0.788598,-0.0081724385,-0.05833838,-0.8837407,-0.037202884,-0.19822365,-0.7122406,-0.06290651,-0.1583848,-0.5148188,-0.0053299353,-0.023924777,-0.88774097,-0.06639819,-0.40286288,-0.9905821,-0.05327294,-0.656437,-0.7758155,-0.024794754,-0.5199958,-0.5387478,-0.07396132,-0.34643245,-0.7870659,-0.043830447,-0.74282056,-0.8126249,-0.007863296,-0.8312462,-0.5768306,-0.034210395,-0.6709432,-0.43970504,-0.003113485,-0.6751425,-0.59368724,-0.006529022,-0.96861494,-0.6615489,-0.040313028,-1.070693,-0.45974803,-0.11066426,-0.9504792,-0.31078824,-0.07372635
0,sintetico,Right,0.0,0.0,0.0,0.555889,-0.09219536,0.014924173,0.4472915,-0.4934608,0.023431048,0.12404055,-0.576908,-0.005122451,-0.08035378,-0.36988223,-0.038286854,0.48680064,-0.8113887,-0.007349053,0.14727172,-1.0868945,-0.005787486,-0.1148802,-0.9210711,-0.0065136026,-0.14805453,-0.7135526,0.04549811,0.10721106,-1.028715,-0.019657403,-0.2963383,-1.1745374,0.025534298,-0.55722964,-0.9608938,0.021276984,-0.41320094,-0.72323817,0.045211565,-0.27382904,-0.9150292,0.012581404,-0.6795203,-1.0666292,0.040159315,-0.8397345,-0.8539788,0.011415099,-0.70934016,-0.6597818,0.029515048,-0.5869884,-0.8156477,-0.028290603,-0.9835799,-0.85606354,-0.06216649,-1.0473489,-0.64476544,0.027818901,-0.858245,-0.51324016,0.029419286
0,sintetico,Right,0.0,0.0,0.0,0.5261038,-0.16372056,-0.012902678,0.33093187,-0.5280899,-0.017833604,-0.0057404004,-0.56791806,-0.015335672,-0.10278284,-0.373495,-0.01313159,0.35979337,-0.8476561,0.024614941,-0.030682057,-1.0081809,-0.013055256,-0.22270495,-0.7641093,0.017465986,-0.16132747,-0.5763144,0.013444243,-0.061349418,-0.9335878,0.0059088976,-0.49093828,-0.9899389,-0.06185181,-0.6011972,-0.6865098,0.018324753,-0.40131727,-0.5589888,-0.025157778,-0.3899251,-0.79870665,0.0072532985,-0.77115744,-0.9144736,-0.039369907,-0.9519541,-0.70594037,-0.045239475,-0.8170109,-0.51300055,0.042067885,-0.6959766,-0.67465454,-0.03894048,-1.0159005,-0.6752616,0.01913871,-1.1341848,-0.4673113,-0.009242007,-0.93672603,-0.35006338,-0.024114406
0,sintetico,Right,0.0,0.0,0.0,-0.43980762,-0.19828925,0.020099878,-0.28176948,-0.50165904,-0.06936883,-0.052514866,-0.51541394,0.023981554,0.13333578,-0.37857875,-0.015551917,-0.27843305,-0.7465711,-0.061066113,0.057069678,-0.93718344,-0.090243734,0.2567712,-0.72371256,-0.051813427,0.23196156,-0.5436337,-0.012408509,0.10389691,-0.82668865,-0.01361422,0.46331117,-0.927548,0.004633288,0.6291643,-0.69450045,-0.026236612,0.4888625,-0.49847633,-0.040815685,0.35893017,-0.72240293,-0.02267635,0.7243988,-0.7927465,-0.011016904,0.86091214,-0.6233036,-0.0058706705,0.8001165,-0.42284763,-0.032492552,0.6547522,-0.52354735,0.011634913,0.9533315,-0.59139466,-0.02811356,1.0411309,-0.41721573,-0.034595095,0.95053905,-0.3106051,-0.026051406
0,sintetico,Right,0.0,0.0,0.0,-0.52080905,-0.18764539,0.07062118,-0.35856915,-0.5298899,0.06530954,-0.062368292,-0.55530274,0.030134289,0.09113486,-0.3092136,-0.00685081,-0.39839658,-0.8704302,-0.0042868396,-0.023533411,-1.032662,0.03806418,0.20309478,-0.7825209,0.048921,0.101284906,-0.5870376,-0.026059683,0.002357859,-0.9701831,0.023961259,0.39707536,-1.1166984,0.0795659,0.6655552,-0.8804917,0.02693702,0.54840124,-0.63847786,0.07587753,0.3474391,-0.8501857,0.051779434,0.7463433,-0.9375269,0.002088437,0.83696365,-0.68146884,0.024782272,0.71007186,-0.53547317,0.029483167,0.71215695,-0.7215552,0.0058659646,1.0028085,-0.7150427,0.0053683897,1.0377729,-0.4590843,0.07636863,0.90162003,-0.43252897,0.0051535917
0,sintetico,Right,0.0,0.0,0.0,-0.4541876,-0.15343183,0.02360449,-0.277939,-0.49370408,-0.003313091,-0.045006014,-0.4902414,-0.0038941815,0.10145101,-0.31011406,-0.006803272,-0.31127268,-0.7478679,-0.038425393,0.026342928,-0.8839384,0.0017154557,0.21989153,-0.7137329,-0.0054037413,0.09846335,-0.5081621,0.04020704,0.024092196,-0.8545678,-0.02822145,0.4304997,-0.9264,-0.010319825,0.59110916,-0.705491,-0.01960341,0.44068354,-0.5250852,0.0480376,0.34921947,-0.7191478,-0.018764546,0.69281673,-0.80173534,0.022603841,0.83211595,-0.5744253,0.03438877,0.65108746,-0.39201033,0.0021343736,0.6106912,-0.5869362,-0.03342565,0.92105955,-0.6340152,-0.033059932,1.021004,-0.47663698,0.0311989,0.9326827,-0.36069787,-0.030067628
0,sintetico,Right,0.0,0.0,0.0,0.45730546,-0.08192979,-0.006031569,0.38829038,-0.37550792,0.024717696,0.15260154,-0.47312233,-0.027169805,-0.037552405,-0.32673377,-0.025700377,0.47164017,-0.6567551,-0.02528859,0.13801295,-0.85059166,-0.009108369,-0.07100628,-0.69190264,-0.030269282,-0.015785702,-0.4589758,-0.001510387,0.1341231,-0.8097986,-0.004359878,-0.22871764,-1.0051069,-0.019495223,-0.39019847,-0.7644795,0.02096842,-0.31050166,-0.59145343,-0.0017767447,-0.18049313,-0.81798136,0.025571749,-0.5018129,-0.92519873,-0.005080293,-0.675096,-0.71013874,-0.0009162913,-0.5651181,-0.55539405,-0.014042508,-0.4583807,-0.6848092,-0.0004983593,-0.74880826,-0.79343677,0.017031563,-0.9176108,-0.70935243,-0.01035148,-0.8376894,-0.5461469,0.012307883
0,sintetico,Right,0.0,0.0,0.0,-0.47510615,-0.2637731,0.09518417,-0.28165582,-0.571992,0.036541328,-0.02314135,-0.6406713,0.008167437,0.17517947,-0.45217514,0.07357334,-0.23434265,-0.8635803,0.031613488,0.18055715,-0.9056983,0.07852547,0.31840247,-0.6539861,0.0314902,0.12936385,-0.48070508,0.036455285,0.15491986,-0.9014981,0.059300985,0.59096557,-0.9600433,0.065707676,0.72983885,-0.7275647,0.070228286,0.57993734,-0.5004988,0.048092008,0.4725824,-0.73815066,0.06404137,0.83198375,-0.75356984,0.06963878,0.9242352,-0.48874718,0.05558001,0.7529697,-0.35817474,0.046727113,0.78586525,-0.53229547,0.013128079,1.0788674,-0.54243135,0.06586126,1.1055759,-0.33493406,0.0514945,0.9748957,-0.22266185,0.039738275
0,sintetico,Right,0.0,0.0,0.0,-0.4644726,-0.111559555,0.0024894965,-0.38769934,-0.4600301,0.028864529,-0.047071807,-0.48603672,0.028265186,0.08347574,-0.28751945,-0.020432666,-0.4190288,-0.70521545,-0.0015887007,-0.12196556,-0.90308464,-0.061719988,0.13072225,-0.7969786,-0.004362072,0.121525325,-0.5788393,-0.030454919,-0.04646463,-0.8582924,-0.012702698,0.34512448,-0.97049415,-0.0564981,0.4609302,-0.6875178,0.0045717643,0.25028023,-0.5503411,-0.05682523,0.2519783,-0.80831385,-0.0029248595,0.598921,-0.9137431,-0.043091577,0.7550787,-0.7220627,-0.03208087,0.6543204,-0.55288965,0.02648013,0.5564536,-0.68694025,0.009919739,0.88749945,-0.7697888,0.026318593,0.93738157,-0.58328635,0.038312715,0.8808239,-0.473444,-0.029836966
0,sintetico,Right,0.0,0.0,0.0,0.44800094,-0.1628884,-0.025288794,0.27031878,-0.45901543,-0.082596265,0.007636153,-0.44004047,-0.03930199,-0.06092017,-0.239233,0.013943085,0.32959542,-0.7524373,-0.06852232,-0.05039626,-0.93294007,-0.046333667,-0.24047345,-0.7582893,-0.0059628407,-0.17358638,-0.5698129,-0.027794043,-0.052205563,-0.89382505,0.02327641,-0.41941643,-0.906234,-0.06480126,-0.58697945,-0.6602076,-0.07184321,-0.42285556,-0.5068379,-0.011154774,-0.36500606,-0.74503344,-0.07749359,-0.704322,-0.83740026,-0.05010528,-0.8730688,-0.6000547,-0.04651089,-0.77288836,-0.46153688,-0.016312087,-0.6189363,-0.5620277,-0.027872607,-0.9286161,-0.6369999,-0.032181963,-1.0271038,-0.47565097,-0.055743054,-0.94284695,-0.33322605,-0.011404816
0,sintetico,Right,0.0,0.0,0.0,0.44725287,-0.12138596,-0.016145147,0.28276798,-0.37352774,-0.0021837312,0.016919779,-0.32656515,-0.06512712,0.032538142,-0.043629203,-0.032771137,0.4334367,-0.7319096,-0.030473301,0.052531924,-0.85003203,-0.036158558,-0.10900698,-0.671037,-0.017066678,-0.010765618,-0.48919776,-0.011777736,0.042817455,-0.8663125,-0.018500147,-0.29661676,-0.9791971,-0.03430372,-0.5137047,-0.7552072,-0.049818136,-0.38860476,-0.58810425,0.0010718488,-0.2914154,-0.8031099,-0.019680811,-0.6148132,-0.90577483,-0.057672262,-0.80486584,-0.7814911,-0.0347686,-0.7346969,-0.57909095,-0.07779279,-0.54283357,-0.669875,-0.028408919,-0.8543357,-0.7280072,-0.034898885,-0.9543156,-0.57539326,-0.045340747,-0.90785086,-0.4192932,0.014604654
0,sintetico,Right,0.0,0.0,0.0,-0.4992014,-0.064362265,-0.046566937,-0.46838883,-0.39967915,-0.054855414,-0.27462053,-0.58406156,-0.005350047,-0.018434571,-0.52633154,-0.04932941,-0.45694602,-0.6677947,-0.04933931,-0.19118392,-0.853703,0.007143771,0.04220891,-0.67811793,-0.0019462887,-0.08620949,-0.4531213,-0.053825237,-0.18120044,-0.83516884,-0.035315286,0.22489578,-0.961977,-0.043615118,0.38669318,-0.69920397,0.03454482,0.16250362,-0.5542546,0.009163478,0.15833344,-0.81504744,-0.029532403,0.4878279,-0.96183765,-0.0004551368,0.6576047,-0.72740686,-0.056810327,0.49569088,-0.5716094,-0.036875837,0.4687938,-0.7092629,-0.01420086,0.7530419,-0.8587325,-0.004070372,0.8941438,-0.7036429,-0.020101309,0.83811086,-0.5455,-0.010026082
0,sintetico,Right,0.0,0.0,0.0,-0.46942613,-0.14274251,0.023778414,-0.33961895,-0.50657684,0.02683513,-0.068534486,-0.5793482,-0.02172885,0.13199687,-0.38985515,0.024774088,-0.35384133,-0.784878,-0.01238084,0.007478246,-0.90739614,0.017058915,0.2011277,-0.7229254,-0.00031837937,0.11538789,-0.538454,0.0458998,0.026203921,-0.8816537,-0.006263659,0.39311326,-1.0116519,0.009425542,0.61131895,-0.77921164,0.020678831,0.49908453,-0.5710619,-0.018250624,0.37113374,-0.802635,0.00281345,0.7049192,-0.8728236,-0.0022804062,0.8781558,-0.6675693,-0.008781005,0.80917704,-0.48591632,-0.0068328786,0.6639534,-0.6332268,0.033968322,0.9322951,-0.6735314,-0.011009076,1.0515871,-0.47622454,0.019622205,0.92981225,-0.36803415,0.013001068
0,sintetico,Right,0.0,0.0,0.0,-0.4824463,-0.14400202,-0.040154725,-0.3958166,-0.4709151,-0.03514759,-0.20741647,-0.5858281,0.06294176,0.06755132,-0.5335617,0.06997126,-0.37779963,-0.7674953,0.020936381,-0.016364692,-0.8889431,-0.001638233,0.1521116,-0.6757383,0.011301795,0.02952042,-0.50407916,0.04016855,-0.013116522,-0.8782618,0.0059832223,0.36675894,-1.0107892,0.024505435,0.5972606,-0.85139817,0.018338367,0.53665507,-0.62712324,0.0046427757,0.2953448,-0.80259305,0.0056924983,0.67225033,-0.8468472,0.025876997,0.7781716,-0.66084415,-0.0054080626,0.6326007,-0.52193576,0.029778576,0.6064301,-0.66850376,0.0070376275,0.8831347,-0.73135144,0.021789586,0.9793094,-0.5543358,0.05273934,0.91372913,-0.4063238,0.014510003
0,sintetico,Right,0.0,0.0,0.0,-0.56826735,0.0040302295,-0.016189031,-0.5108649,-0.37105772,-0.0135762915,-0.22106874,-0.49865746,0.039811425,-0.012341364,-0.37518907,0.022391345,-0.65253824,-0.7264592,-0.015085627,-0.35492268,-1.0394549,-0.010575999,-0.07475681,-0.9582232,-0.041174117,-0.011175066,-0.71586716,-0.023513002,-0.30742067,-0.92315024,-0.0074056163,0.06043281,-1.2200949,0.010666785,0.36824277,-1.0493898,0.0072810566,0.3335382,-0.83632857,-0.05477773,0.10553016,-0.95912266,0.014886532,0.45550284,-1.165895,-0.02070145,0.6560807,-1.0166792,-0.05069494,0.6122302,-0.7835974,0.026887765,0.47415015,-0.9038822,0.031125046,0.79991645,-0.99769646,-0.008929999,0.8959989,-0.8093731,0.0059310994,0.7501025,-0.6613215,0.007889741
0,sintetico,Right,0.0,0.0,0.0,-0.5085522,-0.0953548,0.02919108,-0.38918778,-0.47745577,0.014346982,-0.08635229,-0.502614,-0.0051137903,0.058611974,-0.30365592,-0.027065678,-0.4638949,-0.75094104,-0.022089526,-0.082944274,-0.947525,-0.049546733,0.07751199,-0.7171179,-0.06934834,-0.016223466,-0.51517785,-0.060187567,-0.10322376,-0.9143363,-0.026648087,0.30352515,-1.1371021,-0.036391035,0.5172891,-0.96582276,-0.069954775,0.55449337,-0.7472754,-0.02913158,0.2577564,-0.86153764,-0.037144665,0.6419815,-0.9259934,-0.06150026,0.75608575,-0.6710498,-0.038619783,0.571865,-0.5646347,-0.037216574,0.5782796,-0.7477035,-0.04564519,0.8651504,-0.7909287,-0.0016524993,1.0244025,-0.59229904,-0.08231075,0.8685636,-0.49557775,-0.08467378
0,sintetico,Right,0.0,0.0,0.0,-0.4605744,-0.09073669,-0.026953807,-0.35687047,-0.4463586,-0.020179406,-0.091964126,-0.51984334,-0.029604366,0.088198125,-0.38264477,0.011438705,-0.36677524,-0.7311506,-0.05397458,-0.02764767,-0.83938664,-0.028160745,0.16803366,-0.6773731,-0.051147725,0.067527756,-0.5088667,0.010465639,-0.03134042,-0.8249903,-0.0495221,0.3715372,-0.974808,8.70515e-06,0.5094759,-0.6933226,0.043419436,0.3876469,-0.51854116,0.04433501,0.29145113,-0.7578944,-0.0496078,0.6177185,-0.86390656,0.0072091212,0.8116495,-0.71058184,-0.02755038,0.6997997,-0.5009061,-0.033062864,0.57501346,-0.6388624,-0.0039116964,0.87019193,-0.69590193,0.03231608,0.97646624,-0.56229466,0.015342902,0.8997265,-0.43645415,-0.020156914
0,sintetico,Right,0.0,0.0,0.0,-0.4766618,-0.12149932,-0.029174563,-0.36845866,-0.45378053,0.018554254,-0.07858614,-0.525413,0.04364479,0.074726135,-0.3133088,-0.02459525,-0.42681736,-0.715072,-0.061476707,-0.12441347,-0.98762053,0.00732599,0.1392304,-0.842373,-0.017150074,0.18487327,-0.6725984,-0.011253493,-0.05909968,-0.87946564,0.009001685,0.31528336,-1.0608199,-0.02084026,0.48810577,-0.85909307,-0.015313163,0.48198217,-0.61772054,-0.010340368,0.30367273,-0.81116253,0.03592613,0.6393154,-0.9686128,-0.006503502,0.82822126,-0.7787173,-0.04380683,0.7248379,-0.5768931,-0.04263401,0.61235857,-0.675428,-0.0032863854,0.9092563,-0.7614408,-0.040675614,1.0135529,-0.5860516,-0.053433098,0.8982513,-0.43948218,0.01134049
0,sintetico,Right,0.0,0.0,0.0,-0.47963035,-0.19175074,-0.0014882376,-0.32165036,-0.5070836,-0.023147691,-0.03536652,-0.5208873,-0.0025099977,0.13583612,-0.34018,0.044149306,-0.33667406,-0.8652079,0.015166058,0.03457901,-0.9888748,-0.0069949417,0.2404253,-0.7564889,0.04571465,0.1520127,-0.52824616,-0.0028699061,0.048394606,-0.88022643,0.05061781,0.4704229,-1.0395156,0.050181713,0.6259029,-0.7576828,0.01423472,0.49018937,-0.5781151,-0.027233068,0.3796557,-0.8045655,0.07381285,0.7575135,-0.86145586,0.02307117,0.91052276,-0.6194994,0.0041009556,0.75360596,-0.45684883,0.038245246,0.66479504,-0.6547469,0.031474482,0.98177624,-0.6553708,0.047709785,1.0981055,-0.46460986,-0.004927457,0.9359476,-0.3521393,0.021235866
0,sintetico,Right,0.0,0.0,0.0,0.48188984,-0.108889155,-0.0051901075,0.40495464,-0.46013543,0.007782738,0.20496885,-0.61733264,0.00056028523,-0.035460223,-0.5544376,-0.07339227,0.3788989,-0.7175148,-0.011866302,0.056510396,-0.9051572,0.007439743,-0.08766371,-0.6658196,0.038773287,-0.028334552,-0.49767688,0.03996391,0.043452267,-0.8633249,-0.038670577,-0.31634134,-0.9884557,-0.0125392955,-0.5082459,-0.7997245,-0.043904036,-0.4298585,-0.58660936,0.035668816,-0.28419685,-0.79743814,0.022595022,-0.63466007,-0.8893757,0.0055183587,-0.7683844,-0.6850391,0.00076118537,-0.6367463,-0.5237965,0.03207814,-0.55969954,-0.64843655,0.027712567,-0.8483863,-0.76157016,0.026338723,-0.9422398,-0.60154295,0.0082539525,-0.88843334,-0.45900568,-0.0125264805
0,sintetico,Right,0.0,0.0,0.0,-0.4657849,-0.27477065,-0.0223499,-0.21723107,-0.57531357,-0.07026135,0.057153463,-0.5306292,-0.051003553,0.16234326,-0.32336226,0.020296609,-0.23957965,-0.8985732,-0.0768496,0.17118934,-0.9348336,-0.06905341,0.32158262,-0.6779355,-0.008444226,0.12689029,-0.50943196,-0.048273817,0.17125955,-0.93340683,-0.07003672,0.64722514,-1.0275289,0.008529524,0.8042102,-0.737172,-0.022404786,0.6255273,-0.53510576,-0.04684272,0.54406464,-0.7873621,-0.0689935,0.8921317,-0.8001227,0.023590118,1.0414249,-0.5752765,-0.03648168,0.9094023,-0.41591763,0.004741637,0.78646636,-0.55626017,-0.009862563,1.14458,-0.48396698,-0.05087582,1.1785991,-0.28702036,-0.050645016,0.95070237,-0.211242,0.006161969
0,sintetico,Right,0.0,0.0,0.0,-0.45181143,-0.14582317,0.006782831,-0.30488715,-0.41812715,-0.007268145,-0.026135867,-0.41559598,-0.043015406,0.07236612,-0.24509579,0.0018650148,-0.30812514,-0.7275022,-0.01483612,-0.030729732,-0.8985618,-0.02645814,0.17914668,-0.7751219,-0.021916555,0.20780076,-0.56153524,-0.031468563,0.017258344,-0.8036185,0.0066577485,0.37470102,-0.9357019,-0.049042184,0.5583172,-0.70675,-0.038789812,0.36573422,-0.51001066,-0.02274077,0.33315623,-0.7314242,0.024160132,0.6589588,-0.8533015,0.010652106,0.779605,-0.6533094,-0.054419752,0.6912188,-0.4883008,0.017824573,0.568806,-0.58803725,0.01777805,0.87552214,-0.6714153,-0.043148402,0.9929393,-0.514312,-0.07568166,0.9174833,-0.39777425,-0.016546516
0,sintetico,Right,0.0,0.0,0.0,0.41844907,-0.12004392,0.046588752,0.30719236,-0.38882402,0.011324795,0.10373431,-0.4636892,0.033426665,-0.07180003,-0.26245505,-0.029667268,0.39476618,-0.6556396,-0.028677676,0.048301123,-0.76814157,0.04687331,-0.05098792,-0.5309842,0.013661574,0.052121107,-0.42938095,0.013712757,0.06887326,-0.7731152,-0.016650185,-0.2439016,-0.9415133,0.0136507945,-0.451388,-0.7808638,-0.017340874,-0.40365848,-0.59525293,0.040649414,-0.25623304,-0.71953344,0.078955494,-0.5583824,-0.8118597,0.02317559,-0.6331802,-0.5600565,-0.0046383603,-0.4919143,-0.49878109,-0.051837638,-0.5090751,-0.60690284,-0.030727878,-0.76612186,-0.7402776,0.04979716,-0.86744314,-0.64638937,-0.014438742,-0.88041764,-0.4741991,0.0019270761
0,sintetico,Right,0.0,0.0,0.0,0.45893982,-0.08815147,-0.044652,0.37323567,-0.4552539,-0.003456344,0.117381565,-0.5226715,-0.0038037929,-0.06207162,-0.3317651,0.012020869,0.44964832,-0.6832123,-0.07075925,0.07106379,-0.84801453,-0.050950952,-0.07566019,-0.6126122,-0.0059267716,0.107967556,-0.45665252,-0.09633571,0.12005618,-0.8844174,-0.014543118,-0.2754663,-1.0375923,0.00023136855,-0.4703391,-0.8582809,-0.04234311,-0.4022248,-0.63609165,-0.038539276,-0.24524164,-0.76857793,-0.05529521,-0.5791675,-0.9826294,-0.040916447,-0.7394412,-0.7932629,-0.040162403,-0.6664741,-0.5898155,-0.045113426,-0.5528373,-0.7187797,-0.04654032,-0.8669823,-0.81006193,-0.03439717,-0.95652723,-0.6221892,-0.034712005,-0.87985075,-0.47525007,0.02142071
0,sintetico,Right,0.0,0.0,0.0,-0.4776648,-0.03468821,0.020659668,-0.45127952,-0.352851,0.015567749,-0.20791174,-0.49223885,0.022490077,-0.013838765,-0.38909698,0.00029331338,-0.481462,-0.60232425,-0.020353489,-0.2024182,-0.8049252,0.037781812,0.0016672921,-0.6381102,0.04864567,-0.08609028,-0.45409933,-0.018889025,-0.19901547,-0.76256084,0.03406202,0.1185018,-0.97972465,0.051562656,0.33444324,-0.82957625,0.039623577,0.29384586,-0.65400165,0.014813432,0.06295181,-0.7637408,0.0019051982,0.38202342,-0.93502307,0.02700675,0.5585415,-0.81511813,0.031093836,0.55563307,-0.6384919,0.0273701,0.40972143,-0.70913404,0.020608999,0.63210505,-0.8415342,-0.00150437,0.8105746,-0.76042676,0.035379294,0.78503466,-0.6194518,0.03655946
0,sintetico,Right,0.0,0.0,0.0,0.5109677,-0.087418206,-0.021083953,0.46951512,-0.48706588,0.045997534,0.14740293,-0.5693406,-0.09561698,-0.033026226,-0.43234316,-0.0050345147,0.5033079,-0.79526836,0.007712724,0.09402109,-0.99238855,-0.012044816,-0.08919595,-0.7765008,0.036920115,0.004383417,-0.5540662,0.04779083,0.16147876,-0.9701652,-0.03616279,-0.3243999,-1.0676566,0.07642102,-0.45127782,-0.8237713,-0.03652311,-0.28180516,-0.65073687,0.050572194,-0.23647884,-0.89131165,0.013998288,-0.6001904,-1.1225649,-0.0069905063,-0.801799,-0.89444965,-0.003960861,-0.71999997,-0.6844787,0.008110107,-0.5618841,-0.75999206,0.015879974,-0.95704895,-0.87840813,-0.02036536,-1.0166332,-0.670711,0.0016731685,-0.8638037,-0.5038286,-0.015564595
0,sintetico,Right,0.0,0.0,0.0,-0.48673588,-0.13360791,-0.023093954,-0.39230305,-0.5050505,-0.044385444,-0.15517703,-0.6467746,0.000243309,0.08773297,-0.57718205,-0.032062016,-0.36468145,-0.77575743,-0.034440015,-0.040434357,-0.96137327,0.020842917,0.18501629,-0.76137495,-0.047034413,0.19034699,-0.5458438,0.04689507,-0.02286419,-0.8838912,0.010014331,0.37977085,-1.0871676,0.004020284,0.5830241,-0.8764592,-0.02515868,0.5632211,-0.67294747,0.027819173,0.30842867,-0.79538244,0.005225745,0.68147266,-0.8952411,-0.014891681,0.8258249,-0.6746517,0.01119537,0.7248314,-0.5670822,-0.04424042,0.62526894,-0.68058705,-0.042842947,0.9294644,-0.709439,-0.027673982,1.0210382,-0.5357553,0.015603548,0.9126518,-0.40873802,0.005215339
0,sintetico,Right,0.0,0.0,0.0,0.4510528,-0.1573951,-0.0080239335,0.30472946,-0.48044917,-0.017393338,0.036055695,-0.4869799,0.04451858,-0.073521554,-0.2806991,0.01148007,0.31373897,-0.7328917,-0.010964248,0.0070769265,-0.9062977,0.0039031254,-0.21447231,-0.77183634,-0.029081328,-0.16420762,-0.5611494,-0.012484798,0.0050465507,-0.8436928,-0.009202495,-0.43508872,-0.901667,-0.03526862,-0.55892056,-0.6784201,0.010695713,-0.3680478,-0.5162321,-0.014421119,-0.31796718,-0.7538112,-0.010197902,-0.6714969,-0.83349925,-0.01619616,-0.8243682,-0.6542727,0.083031975,-0.6992747,-0.47578576,-0.01883719,-0.59986246,-0.5892047,-0.05838605,-0.8667676,-0.65936,-0.045201473,-1.0035166,-0.5198962,0.021157658,-0.928324,-0.37177226,0.037391387
0,sintetico,Right,0.0,0.0,0.0,0.47882897,-0.11794081,-0.0065049287,0.37290508,-0.47769842,-0.04032475,0.11464052,-0.5908321,-0.027182138,-0.09360906,-0.4600892,-0.024587456,0.35329145,-0.7591118,0.0010139582,0.008010885,-0.867681,-0.049284253,-0.1403077,-0.6420231,0.034309033,-0.025630122,-0.5092213,-0.03855086,-0.0098345615,-0.8911584,-0.018863877,-0.3942602,-0.94249374,-0.04906566,-0.5329626,-0.7362327,-0.052690417,-0.39021206,-0.56658506,-0.041574214,-0.3354188,-0.79547894,-0.044095177,-0.68739814,-0.9104029,-0.029502017,-0.8054329,-0.6851522,-0.044316642,-0.7001235,-0.48337576,-0.00038713,-0.59539264,-0.6587712,-0.039175246,-0.92104465,-0.71376926,-0.042082816,-1.003169,-0.5003788,-0.02894354,-0.91577226,-0.4016978,0.007411922
0,sintetico,Right,0.0,0.0,0.0,-0.41723123,-0.21459197,-0.035166968,-0.26005104,-0.48072705,0.008200136,-0.001353939,-0.4771887,-0.008786412,0.15951204,-0.3100915,-0.050233174,-0.2112739,-0.7489104,-0.0059576803,0.12799934,-0.8366463,-0.04697063,0.28664896,-0.6208499,0.007385309,0.15440343,-0.4588147,-0.014143914,0.14501865,-0.8146778,0.033842675,0.5072348,-0.90590936,0.0160226,0.6542556,-0.71449554,-0.03270001,0.5815326,-0.49329078,-0.054639924,0.38966814,-0.66390324,-0.02571635,0.7513657,-0.7449216,-0.03636942,0.87753356,-0.56435895,0.03326344,0.79109627,-0.34295994,-0.008695778,0.6635022,-0.4961976,0.012871315,0.9180887,-0.5314523,-0.014973856,1.034585,-0.38109446,-0.01256599,0.966432,-0.25692263,-0.009205682
0,sintetico,Right,0.0,0.0,0.0,-0.4825922,-0.11200444,0.07295557,-0.37218633,-0.44405648,0.06483327,-0.08703764,-0.47266966,0.103467874,0.055830628,-0.27705932,0.06982612,-0.42927775,-0.7310778,0.036330614,-0.08418416,-0.91575617,0.062820256,0.10923826,-0.72648025,0.014101897,-0.007907434,-0.5390645,0.03749555,-0.08534597,-0.8421455,0.08657112,0.27303514,-1.0551285,0.0631062,0.5553918,-0.8838207,0.09419928,0.46351567,-0.67270374,0.017402723,0.24872854,-0.8171553,0.06323588,0.599237,-0.86838967,0.05704168,0.72965133,-0.6740321,0.09508542,0.53476197,-0.5355022,0.08756136,0.5658312,-0.6720039,0.086750425,0.88557816,-0.7859205,0.110648885,0.96327114,-0.60951793,0.05989691,0.8775013,-0.4795742,0.10516492
0,sintetico,Right,0.0,0.0,0.0,0.46756,-0.15467684,0.027063876,0.40401807,-0.48041272,-0.015990453,0.14792928,-0.61737585,-0.020707095,-0.07708097,-0.48607054,-0.0057524894,0.37945586,-0.76486665,-0.020879114,0.066939384,-0.9440001,-0.043008085,-0.19602148,-0.77062213,-0.035421703,-0.14862195,-0.5533059,-0.052374586,0.0024938218,-0.855791,-0.005781985,-0.39695415,-0.95703256,-0.020464856,-0.5350738,-0.7505458,-0.031020861,-0.3935454,-0.5422911,-0.036882747,-0.3385282,-0.7663116,-0.0064443164,-0.6838041,-0.9233833,0.0013770722,-0.85573965,-0.7934807,-0.05289606,-0.81562376,-0.57858264,-0.057359856,-0.61401063,-0.6463442,0.006320591,-0.9158486,-0.6926154,-0.059843477,-1.0119518,-0.5523633,-0.00523925,-0.87862015,-0.3744272,0.025133356
0,sintetico,Right,0.0,0.0,0.0,-0.42943338,-0.09085276,-0.021615377,-0.31319156,-0.39079565,-0.038228165,-0.077164106,-0.39661255,-0.022961637,0.031918425,-0.20034723,-0.030428302,-0.36934158,-0.6221832,-0.027913807,-0.090861455,-0.80727136,-0.04285961,0.08493279,-0.55181617,-0.0559968,0.0007576506,-0.44468674,-0.046263956,-0.06727359,-0.75666845,-0.082061976,0.24359658,-0.8711297,-0.015008274,0.42093945,-0.6815759,-0.070165865,0.3009011,-0.4980655,-0.04314577,0.20729965,-0.7420299,-0.020157363,0.5459044,-0.79842705,-0.015076032,0.6058276,-0.5288498,-0.08449194,0.4580447,-0.45046976,-0.03980518,0.50165206,-0.5733249,-0.025157668,0.7177935,-0.72749287,-0.035984877,0.8753118,-0.62571,-0.0016743307,0.8832325,-0.46893543,-0.059189197
0,sintetico,Right,0.0,0.0,0.0,0.46107584,-0.24487959,0.029061817,0.35011908,-0.5754172,0.0075093987,0.12657659,-0.65400076,0.020907357,-0.13348147,-0.63685775,-0.019641062,0.23968795,-0.8006602,0.032016233,-0.15143013,-0.9266967,-0.034058265,-0.26196152,-0.6862571,-0.03956754,-0.10770565,-0.5291597,0.010287328,-0.112565175,-0.8949063,0.007680313,-0.5472693,-0.99352634,0.02179451,-0.7465151,-0.7235758,-0.0051121814,-0.60480344,-0.553819,0.06888775,-0.47567335,-0.7675579,0.018534193,-0.84354603,-0.8200136,0.02064388,-1.0094157,-0.6454483,0.019603353,-0.88489854,-0.46436408,0.04312023,-0.74702793,-0.54514545,0.030659666,-1.0164622,-0.5826157,0.026748354,-1.0787427,-0.37648326,0.035328936,-0.96950585,-0.24506822,-0.039412387
0,sintetico,Right,0.0,0.0,0.0,-0.46364534,-0.20726283,-0.033568837,-0.3784259,-0.5487684,0.0056341984,-0.15166356,-0.6485081,0.021101015,0.096962884,-0.6215634,-0.019768298,-0.3343133,-0.8118982,-0.042463787,0.01122616,-0.91948557,-0.015116804,0.22779104,-0.7050264,-0.005189844,0.12169518,-0.5192801,-0.023234984,0.039686095,-0.89953715,-0.029986568,0.43404394,-1.0199487,0.0006465199,0.6114106,-0.7556566,-0.0011452727,0.5000939,-0.5076364,-0.024070913,0.34541717,-0.77473927,-0.059599716,0.7119463,-0.8373565,-0.0022645693,0.84483993,-0.5819559,-0.03550938,0.6923891,-0.45718473,-0.008840072,0.65158033,-0.63344294,-0.010556608,0.9489567,-0.65525746,-0.065980814,1.055278,-0.45587105,-0.012460374,0.93753225,-0.34789845,-0.00068467093
0,sintetico,Right,0.0,0.0,0.0,0.5235785,-0.04380214,-0.037864894,0.46951994,-0.4368351,-0.055839878,0.20621626,-0.5325867,-0.0045782253,-0.05337898,-0.326778,-0.025216082,0.520824,-0.7164958,0.037753385,0.19579256,-0.9195274,0.038994312,-0.010350157,-0.76492,0.041846465,0.010143137,-0.55510473,-0.036879107,0.19273563,-0.89445245,0.0036677218,-0.15381067,-1.1768166,0.011768691,-0.44402897,-1.0466012,0.008744138,-0.51349616,-0.81928444,-0.021146005,-0.17026006,-0.8429342,0.02273387,-0.5241721,-1.0193131,-0.011613602,-0.6862317,-0.7545776,-0.008185244,-0.54229593,-0.61701775,-0.052934807,-0.48059893,-0.7803976,0.005692965,-0.81923896,-0.90455264,-0.018621398,-0.9257206,-0.7213827,0.0008582761,-0.8215146,-0.57018745,-0.0053108647
0,sintetico,Right,0.0,0.0,0.0,0.42947906,-0.16352874,-0.0029291958,0.33270997,-0.4708064,-0.014993149,0.03402822,-0.5181953,-0.0046663936,-0.10709155,-0.33321694,0.011249908,0.28777707,-0.7105346,-0.011997743,0.0061697382,-0.82332516,-0.06747008,-0.20911463,-0.61913246,-0.03538002,-0.08867936,-0.50381714,-0.005343992,-0.039345033,-0.8174816,-0.037796892,-0.4227283,-0.8737846,0.017307071,-0.5413831,-0.6451369,-0.023969023,-0.3939111,-0.49612713,-0.020329384,-0.33246028,-0.697878,0.005160231,-0.69058067,-0.7744902,-0.026903471,-0.8047125,-0.62159204,-0.018097267,-0.6955772,-0.44499075,-0.0003722467,-0.6043834,-0.5740228,-0.05852154,-0.87656546,-0.6507011,-0.029415619,-0.985758,-0.47571558,-0.0020879956,-0.9364036,-0.35092506,-0.02081119
0,sintetico,Right,0.0,0.0,0.0,-0.5283573,-0.12848733,-0.013426469,-0.34335414,-0.50162524,0.0006637841,-0.073273875,-0.5028905,0.039334204,0.075549245,-0.27406237,0.037766334,-0.44081947,-0.76751316,0.0009561616,-0.10180603,-1.0258316,-0.0444168,0.1353919,-0.8963506,0.04022474,0.17509349,-0.6428063,-0.0021711267,-0.04282153,-0.9225618,0.04888105,0.36521122,-1.1665912,0.0023845898,0.567336,-1.0043632,-0.005072966,0.57157576,-0.7550755,0.031639494,0.30002123,-0.8309083,0.10256718,0.709952,-0.9424734,0.050810423,0.861993,-0.7198838,0.031094069,0.6385914,-0.53365284,0.038256958,0.58771694,-0.7323944,-0.02962839,0.9502504,-0.77140784,-0.00939839,1.0287869,-0.5936282,-0.054074347,0.8992294,-0.4374774,0.082367755
0,sintetico,Right,0.0,0.0,0.0,-0.40302128,-0.24951355,0.014810093,-0.22706024,-0.53238904,0.018780585,0.044632863,-0.4598944,-0.00412296,0.13009353,-0.23022449,-0.020617759,-0.17020169,-0.8135731,0.0030066099,0.20933136,-0.8751157,-0.049198333,0.36129433,-0.63587236,-0.068047866,0.1426798,-0.49201405,-0.006631109,0.1848428,-0.87347835,-0.045460977,0.5974,-0.9117542,-0.020144397,0.71779895,-0.6315187,-0.015165632,0.54254496,-0.44119722,-0.01170637,0.5199862,-0.70403343,0.0068609016,0.8401414,-0.76165795,0.004014818,0.98588735,-0.5582209,-0.0131364465,0.92908555,-0.36986485,-0.030286102,0.77399784,-0.4750835,-0.015485058,1.018963,-0.48142856,-0.034437325,1.0913577,-0.2717182,-0.023674455,0.9552599,-0.19981863,0.052099954
0,sintetico,Right,0.0,0.0,0.0,0.4786445,-0.1980376,-0.023405544,0.30990237,-0.54842097,-0.030342301,0.053686082,-0.578594,0.03039229,-0.10513398,-0.3752168,-0.013902778,0.3307592,-0.834457,-0.06568289,-0.0671239,-0.9377631,0.05067876,-0.22493912,-0.70174265,-0.020810863,-0.08751584,-0.528189,-0.005337006,-0.056665037,-0.896904,0.047213513,-0.44469902,-1.0468911,-0.0024236005,-0.67851347,-0.7982129,-0.0030248908,-0.55695146,-0.5937731,-0.03267482,-0.40064263,-0.7748233,-0.04399812,-0.79316074,-0.84839666,-0.0031098074,-0.8736055,-0.55832905,0.011625437,-0.68587554,-0.4507612,0.010030378,-0.70034343,-0.6229456,-0.011877366,-1.0605992,-0.63489485,0.0020872194,-1.0905324,-0.43669942,-0.0496332,-0.95009005,-0.3119758,0.014336309
0,sintetico,Right,0.0,0.0,0.0,-0.51014644,-0.11009613,-0.03104947,-0.36077452,-0.4535195,-0.029263986,-0.11050572,-0.5218982,-0.03199314,0.07417284,-0.40106982,0.013678235,-0.41267464,-0.71213776,-0.02508169,-0.042533364,-0.833462,0.02030877,0.06692512,-0.6070305,0.03159564,-0.10035955,-0.47139493,-0.03766203,-0.04795748,-0.9095693,-0.09758555,0.31116545,-1.029381,0.01130398,0.49100447,-0.7959044,-0.026767671,0.3946181,-0.6071314,-0.041162174,0.29405937,-0.78747445,-0.03354312,0.6097996,-0.947076,-0.028767852,0.792089,-0.7490558,0.018242463,0.74931604,-0.59832305,-0.012986369,0.54657423,-0.6722337,0.01786917,0.8587363,-0.78231686,-0.0038065198,0.9845529,-0.5959173,-0.025868626,0.8933113,-0.44943836,-0.028096292
0,sintetico,Right,0.0,0.0,0.0,0.47402883,-0.16684785,-0.033778984,0.29597077,-0.521346,0.018956786,0.050018482,-0.5377528,-0.057259105,-0.12685873,-0.34661222,-0.026155982,0.32998517,-0.8098377,-0.03936971,-0.05591279,-0.8959928,-0.046378892,-0.18362547,-0.6625629,-0.033944786,-0.061857224,-0.51083726,0.023497712,-0.031602506,-0.86375946,-0.017909221,-0.45305055,-0.9470188,-0.04170395,-0.5881135,-0.6833264,-0.06809023,-0.3978665,-0.51805425,-0.065360665,-0.3856884,-0.7567767,-0.03520879,-0.71274513,-0.8385365,-0.03768285,-0.87398887,-0.65383685,-0.027258899,-0.7605203,-0.45830783,-0.079377286,-0.66766435,-0.6148904,-0.023890533,-0.97398627,-0.64314383,0.004594881,-1.041947,-0.46934226,0.019738551,-0.93926245,-0.3431998,-0.06976508
0,sintetico,Right,0.0,0.0,0.0,-0.49267954,-0.16006482,0.018368607,-0.43244374,-0.5178046,0.032675203,-0.10621058,-0.6136753,-0.0082028955,0.08906288,-0.5286641,-0.054923862,-0.37912142,-0.8147695,-0.057091292,-0.07275704,-0.99120355,-0.014188017,0.22031732,-0.772548,-0.07621195,0.124445476,-0.596956,0.051228624,-0.053407505,-0.9147629,0.014283204,0.38612902,-1.0408531,-0.023723826,0.59468913,-0.8116348,-0.03833894,0.4572667,-0.6158036,0.02757875,0.3298668,-0.8376252,-0.03846196,0.6859428,-0.9679888,-0.035519995,0.8821308,-0.779792,-0.027740957,0.7944816,-0.60728824,-0.0006052692,0.6289511,-0.709899,0.015019054,0.94079906,-0.7080951,0.03265272,1.0276166,-0.4910081,0.028098386,0.8686492,-0.41156408,-0.004099279
0,sintetico,Right,0.0,0.0,0.0,-0.43673936,-0.11470714,-0.016681317,-0.37666705,-0.42028162,-0.021178845,-0.09270859,-0.4640753,0.045934536,0.039678928,-0.27625772,0.005758485,-0.40917504,-0.6769992,0.030924296,-0.1318482,-0.86985475,0.037385274,0.09217556,-0.7341042,-0.0073010745,0.050985668,-0.5130796,0.013461334,-0.0949911,-0.8068514,0.0040426943,0.2423208,-1.0333494,-0.025874004,0.46894664,-0.89665335,-0.0016929414,0.49255005,-0.6536154,0.017542405,0.22197053,-0.7619499,-0.009495443,0.53824776,-0.92131746,-0.0051609185,0.7136355,-0.7520666,-0.001391513,0.6643257,-0.5550287,0.05546687,0.5168053,-0.67551285,-0.042716675,0.77276516,-0.79087675,0.015405743,0.9399968,-0.6423691,-0.0033815778,0.87447,-0.4850796,-0.013019719
0,sintetico,Right,0.0,0.0,0.0,-0.47931886,-0.2538349,-0.03344712,-0.3408514,-0.6219087,-0.05138326,-0.016730769,-0.6294804,0.0038583141,0.15380755,-0.42888033,-0.04025795,-0.26417136,-0.8581349,-0.018084483,0.15018997,-0.98199034,-0.07011665,0.29086465,-0.68638575,-0.040748224,0.10206129,-0.5571065,0.006571575,0.14087568,-0.9642757,-0.045136914,0.6046965,-1.0022063,0.00073176104,0.7418586,-0.72970057,-0.093521595,0.5158821,-0.50607187,-0.040436033,0.46015254,-0.7977441,-0.02880878,0.87037003,-0.8457293,0.028539708,0.99995697,-0.5985871,-0.05870439,0.8313762,-0.4114337,-0.003568429,0.76944155,-0.60791546,0.007995941,1.1198055,-0.55626184,-0.045293182,1.1251342,-0.37268022,-0.03486664,0.9649387,-0.26247543,-0.019430457
0,sintetico,Right,0.0,0.0,0.0,-0.45241433,-0.12243579,0.08851645,-0.39509827,-0.5093589,0.06944095,-0.18806906,-0.64115113,0.037503894,0.06721383,-0.59431136,0.007833048,-0.36429355,-0.7396783,0.0719494,-0.016922215,-0.94164276,0.055459272,0.16453065,-0.74182224,0.00023649332,0.10210872,-0.5321298,0.035231207,-0.0032872683,-0.8610415,0.13111037,0.3691316,-0.9666807,0.042328242,0.5164018,-0.70123804,0.02067361,0.35836938,-0.53287023,0.013064205,0.33880112,-0.7848135,0.09245112,0.6743872,-0.8802001,0.06606092,0.77880806,-0.627816,0.08203996,0.6646178,-0.48935625,0.048942883,0.626571,-0.67127144,0.07765977,0.89491653,-0.6858234,0.017637288,1.02704,-0.5488092,0.046499137,0.92176616,-0.38774624,0.050052583
1,sintetico,Right,0.0,0.0,0.0,0.29359743,0.029143628,-0.008434614,0.27243513,-0.18009512,-0.01599361,0.1180051,-0.25920072,-0.004438088,0.0065983622,-0.1796573,0.0154255815,0.35627168,-0.38652804,-0.029733565,0.45874298,-0.57631624,-0.035602342,0.5177818,-0.73799753,-0.03667268,0.53097427,-0.84738797,1.2047473e-05,0.19292314,-0.50484973,0.002471979,-0.00084581703,-0.6412277,-0.027906349,-0.16176881,-0.56494486,-0.057055473,-0.12411209,-0.403343,-0.030416962,-0.030397471,-0.51678586,-0.008128932,-0.21079168,-0.6060006,-0.019332593,-0.3257819,-0.50703603,-0.014828524,-0.2558231,-0.40013883,-0.027656736,-0.20404628,-0.5004427,0.00037046766,-0.35860988,-0.60435903,-0.011859899,-0.49064958,-0.53709805,-0.00742509,-0.468762,-0.41521552,-0.015216493
1,sintetico,Right,0.0,0.0,0.0,-0.27267736,-0.12440386,0.009241203,-0.16371301,-0.3206819,0.0051727444,-0.010652229,-0.33693835,-1.1848332e-05,0.053653363,-0.19731356,0.004740596,-0.13069844,-0.46159682,0.005490254,-0.1351027,-0.7041106,0.018562982,-0.113621086,-0.87919134,-0.006211718,-0.08492665,-0.9963872,-0.0030045167,0.06589912,-0.5149702,0.009436834,0.3145914,-0.5648319,-0.013603171,0.39825138,-0.4169783,-0.027287994,0.29518732,-0.31528386,0.0023288394,0.2591827,-0.44103664,-0.008997226,0.45472234,-0.44013214,-0.025218941,0.49716616,-0.2728775,0.0024472703,0.39449555,-0.22740786,0.017520389,0.42733395,-0.33780175,-0.032057714,0.5957445,-0.3038777,0.010898778,0.6065152,-0.18394446,-0.04675398,0.49842384,-0.15525004,-0.012143773
1,sintetico,Right,0.0,0.0,0.0,0.28555652,-0.09322296,0.0023365477,0.19418485,-0.25712448,-0.0040547946,0.021838767,-0.2687615,-0.023742994,-0.030814232,-0.13584262,-0.019405484,0.22638923,-0.45922896,-0.0155059965,0.23989013,-0.6751386,0.014455506,0.25635308,-0.83074254,-0.025739772,0.25492793,-0.9669601,-0.023954105,0.012444085,-0.49396497,-0.031073218,-0.24610779,-0.58598185,-0.03722817,-0.29916245,-0.4300769,-0.0060743806,-0.2195668,-0.32949653,-0.007887147,-0.1847123,-0.44529635,0.010917142,-0.39824158,-0.48599246,0.0067143054,-0.45207855,-0.35402068,0.030322138,-0.3524193,-0.2970704,-0.012706833,-0.37289274,-0.38983136,-0.01595721,-0.5253287,-0.44111606,-0.034062136,-0.59620243,-0.3396413,0.0007095383,-0.5353008,-0.25197306,-0.009356323
1,sintetico,Right,0.0,0.0,0.0,-0.28691912,-0.08171574,-0.0037737358,-0.22887826,-0.27733815,-0.032996062,-0.08230418,-0.31679693,-0.007079474,0.029676642,-0.19664556,0.0047362186,-0.28943324,-0.4308864,0.026517931,-0.31671184,-0.63871497,0.007848627,-0.33633766,-0.82659084,0.016701255,-0.36782253,-0.929896,-0.02032673,-0.059580725,-0.5300606,-0.0031664642,0.16429698,-0.6025373,0.01820009,0.25727066,-0.4633602,-0.015231188,0.15761314,-0.3348838,0.0141485995,0.13077146,-0.49205023,0.010471604,0.34874427,-0.5310717,0.003200303,0.42541674,-0.4066906,-0.0063674008,0.33101442,-0.33411515,-0.016793946,0.32207805,-0.43393123,0.026994145,0.496768,-0.45504704,0.008862965,0.5452655,-0.35294253,0.00424507,0.48463085,-0.29693943,-0.0077016065
1,sintetico,Right,0.0,0.0,0.0,-0.30269352,-0.017234562,0.0335347,-0.25439882,-0.25242853,0.042996485,-0.10703816,-0.31365934,0.030934524,0.0061588897,-0.2579972,0.030208329,-0.3071358,-0.39468613,0.017725004,-0.3785788,-0.634985,0.017125435,-0.41881,-0.76711035,0.062385302,-0.453166,-0.89142615,0.0629622,-0.11200134,-0.51688164,0.033048164,0.11596147,-0.6132943,0.03757705,0.21164265,-0.4700396,0.017458213,0.12355835,-0.38815653,0.0433312,0.07818423,-0.5156365,0.06113424,0.3041481,-0.5618328,0.008718685,0.37692222,-0.44560546,0.040483356,0.26809433,-0.36681727,0.04168086,0.29193464,-0.46558872,0.041498926,0.41737098,-0.51869947,0.059272274,0.53592783,-0.4206426,0.065538794,0.48303062,-0.33933392,0.029369274
1,sintetico,Right,0.0,0.0,0.0,0.29442114,-0.08815905,-0.027303103,0.19746335,-0.2787944,-0.013601705,0.046679452,-0.31814212,-0.0017268879,-0.07246491,-0.20038177,0.013893935,0.21690406,-0.46234864,0.01672628,0.21586025,-0.6800163,0.024500614,0.22180274,-0.85615444,-0.0023041544,0.2448558,-0.9695595,0.008011238,-0.007874291,-0.5328373,-0.028147073,-0.25087598,-0.60360825,0.0025750676,-0.35379604,-0.43445086,-0.021964677,-0.24606402,-0.33156338,-0.0054533114,-0.20360121,-0.44730476,0.044964503,-0.40905163,-0.49171364,0.0005154394,-0.47552627,-0.37262988,-0.018517204,-0.37375277,-0.2881132,0.0022148727,-0.36454755,-0.38185337,-0.012864021,-0.5657105,-0.38871458,-0.020097554,-0.58010334,-0.27218118,0.029855698,-0.49577898,-0.22640659,0.0129595185
1,sintetico,Right,0.0,0.0,0.0,-0.27725643,0.048602346,0.021422893,-0.29794663,-0.16715729,0.009514018,-0.19109799,-0.2590096,0.002831461,-0.02906026,-0.22192116,0.015307291,-0.39403552,-0.29450926,0.02075424,-0.5007884,-0.5056256,0.0008216972,-0.57809407,-0.6418593,0.01055523,-0.652158,-0.75808305,0.021965446,-0.2258758,-0.45629287,0.0022102618,-0.0364696,-0.5987922,-0.01217786,0.11577162,-0.51387787,-0.010231159,0.06302787,-0.39780763,0.0077369604,-0.03348313,-0.4892811,-0.006726675,0.16398917,-0.5920007,0.008866736,0.24378712,-0.46719384,0.04119848,0.16950998,-0.38434598,-0.0076934174,0.15928936,-0.5036992,0.009912785,0.3034483,-0.5906193,0.04870625,0.39695546,-0.492215,0.021008853,0.32871068,-0.4215155,0.00854543
1,sintetico,Right,0.0,0.0,0.0,0.30262807,-0.014850353,-0.00885059,0.2755764,-0.23077922,0.029202957,0.14513381,-0.31306508,0.002630224,0.008809491,-0.25742385,0.000694335,0.28646505,-0.384912,0.00897058,0.3619444,-0.5835462,0.00013423401,0.40135282,-0.7621512,0.0032489637,0.42798474,-0.90378594,0.011325855,0.12817821,-0.50332546,0.002935554,-0.11716569,-0.58209795,0.0028195619,-0.19991362,-0.4218808,-0.0065693534,-0.0739391,-0.33832902,-0.0088905785,-0.07065413,-0.5025682,0.010736385,-0.28339958,-0.58251256,0.014711547,-0.40145257,-0.47796637,-0.013324879,-0.3248713,-0.37850377,0.022038255,-0.27867886,-0.45277488,0.022104617,-0.43825307,-0.51713586,0.025508918,-0.5254032,-0.42947376,0.014603079,-0.46311474,-0.33611915,0.020052653
1,sintetico,Right,0.0,0.0,0.0,-0.24264866,-0.15922393,0.0144595215,-0.1287674,-0.27993608,-0.0055779796,0.044872124,-0.24301162,0.009341017,0.05256878,-0.09824633,-0.0299553,-0.124648124,-0.49324924,-0.028545748,-0.07199702,-0.7292803,-0.03893091,-0.048952565,-0.87061435,0.008692423,-0.027482398,-0.9996223,0.00694971,0.1012945,-0.52150726,0.010412243,0.35255238,-0.53296316,-0.014012686,0.41705024,-0.37049994,-0.012246759,0.33277234,-0.27584344,-0.0053809835,0.26637933,-0.40392888,0.018897437,0.49192178,-0.42900562,0.022778405,0.56725514,-0.29758298,0.0088138115,0.5084228,-0.1957468,0.0016332382,0.4493405,-0.28560594,0.017216811,0.6131864,-0.25664982,-0.007472443,0.58620393,-0.12288387,-0.009568623,0.5039278,-0.13133647,-0.0055047143
1,sintetico,Right,0.0,0.0,0.0,-0.27135855,-0.14055154,-0.003752465,-0.16159515,-0.32363945,-0.024850082,-0.019669173,-0.3750202,-0.015053675,0.08940595,-0.27490896,0.017125184,-0.12633546,-0.46766576,-0.0036620358,-0.102907784,-0.72732204,0.0035316541,-0.09817752,-0.85996586,-0.013572732,-0.075001396,-0.99718344,-0.0010098937,0.07677717,-0.50082684,-0.020849476,0.32952318,-0.543269,0.0008946994,0.40789464,-0.39205012,0.004894214,0.31410098,-0.28921315,0.004155252,0.24431297,-0.43729523,-0.013928029,0.48083824,-0.3833821,-0.0056333235,0.480773,-0.26274016,0.007354458,0.38164178,-0.20521903,-0.003703966,0.42646107,-0.30291846,-0.004824648,0.597777,-0.29165605,0.027536385,0.6123739,-0.17245223,-0.014628261,0.52571183,-0.15184419,0.015378703
1,sintetico,Right,0.0,0.0,0.0,0.29705808,-0.01599448,-0.009148198,0.31308076,-0.2251491,-0.03601637,0.19405092,-0.3326924,-0.025881536,0.05857589,-0.32133636,0.01011634,0.3525052,-0.38451177,-0.006426046,0.39922166,-0.5939628,-0.036415838,0.4717361,-0.7556845,-0.0018696531,0.46387714,-0.88589954,-0.01735114,0.1428568,-0.5086064,-0.022706151,-0.06544044,-0.60167754,-0.027298981,-0.17748247,-0.48563322,0.009134842,-0.07407769,-0.352848,-0.041238975,-0.03614499,-0.49603617,-0.022078177,-0.23164554,-0.61468124,-0.005810395,-0.3364812,-0.5170864,0.018960712,-0.2897529,-0.39728802,0.0015574148,-0.24090107,-0.4714014,-0.022222439,-0.39268282,-0.5726028,0.018128185,-0.4935871,-0.49461684,-0.030870516,-0.470818,-0.3923562,-0.0033437181
1,sintetico,Right,0.0,0.0,0.0,-0.291168,0.0060105,0.01041498,-0.2645816,-0.21411659,0.008461971,-0.11910454,-0.27689677,0.0058801426,0.0014099068,-0.23366968,0.049075726,-0.3376093,-0.35458463,0.018763239,-0.41418827,-0.5706347,-0.013795842,-0.44773632,-0.7372086,0.009925973,-0.5164484,-0.85631835,-0.009058075,-0.12497348,-0.49892515,0.011168125,0.061862774,-0.6061654,-0.01859047,0.18913673,-0.45978048,-0.014221569,0.0824448,-0.34065172,0.009496045,0.057959676,-0.5018216,0.02017718,0.22921085,-0.5855458,0.012089482,0.35133287,-0.5074485,0.017831836,0.28114066,-0.39550456,0.00998473,0.23041578,-0.4802479,0.00669553,0.3986844,-0.5243037,-0.004352029,0.46447414,-0.39470586,0.017160092,0.3943939,-0.34964564,0.020621737
1,sintetico,Right,0.0,0.0,0.0,-0.2786892,-0.08285997,0.0030961938,-0.19276175,-0.30230308,-0.020227412,-0.035349887,-0.33204523,0.00303216,0.08046123,-0.2438395,0.014502201,-0.19506367,-0.4623049,-0.011779065,-0.19907741,-0.6973033,-0.013466055,-0.19616312,-0.84749943,-0.0009994346,-0.19103435,-0.98158336,-0.018776163,0.015023314,-0.51259536,-0.029307066,0.25485453,-0.5232746,0.00959479,0.30433258,-0.34567016,-0.015639655,0.16569486,-0.32120088,-0.008230345,0.21127798,-0.45463926,-0.018152157,0.42235422,-0.47537473,0.011631574,0.49323463,-0.3541951,0.0049455343,0.4095031,-0.2697676,-0.012321538,0.37278774,-0.37293258,-0.027145812,0.5758354,-0.3564519,-0.013997714,0.60776186,-0.24490684,0.00047810914,0.5270325,-0.20041347,-0.0055440017
1,sintetico,Right,0.0,0.0,0.0,0.29177514,-0.046144553,-0.012036867,0.257198,-0.2528616,-0.0037878468,0.11521485,-0.31472683,-0.0035459406,-0.0036160445,-0.22324263,-0.0064123,0.28331694,-0.4114492,-0.026741156,0.3541652,-0.65215504,0.015694812,0.35275742,-0.76537305,0.012768995,0.37601358,-0.92661417,-0.022187805,0.08367264,-0.52925354,-0.009874328,-0.15491919,-0.61278284,-0.008621556,-0.22460985,-0.45776972,-0.024048246,-0.14129592,-0.35270923,-0.035812087,-0.11507559,-0.4991477,-0.016000183,-0.31267875,-0.5806567,-0.010796464,-0.40735748,-0.459341,-0.028763779,-0.3291,-0.3611805,-0.0019624536,-0.31096384,-0.4356287,0.014365979,-0.4694794,-0.48497957,0.009053779,-0.5539204,-0.3799919,-0.006991823,-0.4618743,-0.3079957,-0.035375096
1,sintetico,Right,0.0,0.0,0.0,-0.30287585,0.02284883,-0.020304533,-0.2995796,-0.18531764,-0.0066978084,-0.15561384,-0.264772,-0.019166548,-0.035587825,-0.2046228,-0.01171748,-0.37899482,-0.3199151,-0.00035274733,-0.48159552,-0.520267,-0.04054389,-0.5551825,-0.6765105,-0.041557107,-0.616654,-0.7872343,-0.0188002,-0.197431,-0.48172277,-0.029239943,-0.024385253,-0.61013645,-0.025762059,0.1101945,-0.4839904,-0.03304315,0.04496034,-0.3754519,-0.038439173,-0.011860097,-0.48339683,-0.0040220474,0.1913388,-0.59322834,-0.04625711,0.25491077,-0.45899567,-0.018527268,0.15821326,-0.39698347,-0.021044705,0.1842499,-0.49341834,-0.053695478,0.32204178,-0.6068625,-0.042079892,0.42007348,-0.54026943,-0.039470464,0.3847935,-0.43556526,-0.020418221
1,sintetico,Right,0.0,0.0,0.0,-0.2972916,-0.09746789,-0.0022558076,-0.21683955,-0.3020765,-0.03362122,-0.05560659,-0.35435545,-0.02915396,0.06846812,-0.28432795,-0.03701769,-0.19839016,-0.46068823,-0.03112118,-0.21180496,-0.67016584,-0.04430028,-0.20530508,-0.85062873,-0.021924578,-0.20659609,-0.97842634,-0.008236884,0.033836614,-0.49139625,-0.033404015,0.25832134,-0.5823485,-0.021080412,0.38446787,-0.45609117,-0.023385469,0.32019022,-0.3278797,-0.0007484482,0.21178679,-0.45204675,-0.030325787,0.40878427,-0.43721697,-0.029680267,0.40990344,-0.30390444,-0.034485955,0.3071547,-0.29277435,-0.039658688,0.3821265,-0.36119127,-0.010081635,0.5619698,-0.38062292,-0.021870187,0.60573626,-0.25608096,-0.018499866,0.5184933,-0.2164582,0.0031471828
1,sintetico,Right,0.0,0.0,0.0,0.28795514,-0.099351056,-0.039692156,0.19821312,-0.2843799,0.003289348,0.0249219,-0.29602635,-0.008540562,-0.05777716,-0.14529839,-0.011935322,0.2069775,-0.45934036,-0.008666314,0.21060221,-0.68405944,-0.030973922,0.22966528,-0.8520398,-0.004189124,0.22708574,-0.97387475,-0.027323138,-0.007630398,-0.5180979,-0.011293436,-0.23450111,-0.55274147,-0.004722775,-0.31186885,-0.3689935,0.008917389,-0.19214761,-0.31436318,-0.01922651,-0.22525914,-0.46065024,0.014528635,-0.41666946,-0.50100464,0.007027152,-0.48792663,-0.35915577,-0.013427209,-0.37900433,-0.28219584,-0.023523722,-0.3731127,-0.38577688,-0.028503569,-0.5642245,-0.39645454,-0.0030063426,-0.59100974,-0.27153796,-0.018002916,-0.52416986,-0.21536066,0.010779922
1,sintetico,Right,0.0,0.0,0.0,-0.2900436,-0.117431,0.034790013,-0.1903159,-0.31033957,0.003396513,-0.027660105,-0.36538804,-0.0031054707,0.096511014,-0.27949062,0.0073983283,-0.16389734,-0.48313266,-0.006862436,-0.14855625,-0.71390647,-0.029666355,-0.12790978,-0.85584414,-0.0053512985,-0.12755334,-0.9918317,-0.0055979667,0.04156304,-0.5375743,-0.026492294,0.29867467,-0.54942954,-0.002731954,0.36112037,-0.39476517,-0.033917665,0.2572089,-0.2816659,-0.0070272824,0.25698793,-0.43799615,0.0022199005,0.4676931,-0.48360404,-7.280154e-05,0.53369784,-0.31477943,-0.008018536,0.44082478,-0.2530591,-0.002927369,0.42348802,-0.33075067,-0.013851874,0.5862624,-0.34137145,-0.0014205814,0.61950725,-0.21845545,-0.00068131875,0.54816794,-0.17873067,-0.015668921
1,sintetico,Right,0.0,0.0,0.0,0.30013055,-0.07759347,0.012163785,0.23476677,-0.28764236,-0.006693864,0.089231215,-0.32875744,-0.022557292,-0.05363244,-0.22599049,-0.010340026,0.23227091,-0.43759298,0.0059749247,0.26578107,-0.6559065,-0.04017392,0.2846535,-0.8408081,-0.040068995,0.29038626,-0.95690954,0.00896325,0.037155613,-0.5356549,0.019896775,-0.20525151,-0.61447215,-0.03070315,-0.30619454,-0.44994286,-0.0058937254,-0.20737244,-0.34094775,-0.014977119,-0.14699821,-0.48493844,-0.012457135,-0.3815135,-0.46212527,-0.002168263,-0.40083832,-0.34309298,-0.031205824,-0.26104045,-0.30619398,-0.02783314,-0.34454957,-0.4197442,-0.013191449,-0.5313449,-0.4355505,-0.010359716,-0.58836484,-0.33053634,-0.02817354,-0.50867,-0.26258242,0.0066265045
1,sintetico,Right,0.0,0.0,0.0,0.29898134,-0.055148404,-0.020895718,0.25544304,-0.25531107,-0.0062030223,0.12921217,-0.3165389,-0.008009569,-0.009167263,-0.25542164,0.0018954717,0.2790742,-0.40462375,0.009139182,0.32792258,-0.64968175,-0.0031610962,0.3694471,-0.7839297,-0.024081137,0.38294327,-0.92377186,-0.0037901297,0.082888484,-0.51552707,0.03292058,-0.14365849,-0.5920563,0.018769002,-0.24819416,-0.4376772,-0.048983548,-0.15507782,-0.3380502,-0.004438791,-0.11113958,-0.45817095,0.008300745,-0.30691376,-0.56039906,-0.008041242,-0.41346443,-0.42509687,-0.012114308,-0.3342395,-0.3325496,-0.009282342,-0.28082192,-0.4125698,0.0027295388,-0.47054338,-0.4470964,-0.02220854,-0.4976967,-0.34384713,0.012063015,-0.42914858,-0.29028258,-0.006188709
1,sintetico,Right,0.0,0.0,0.0,-0.24618886,-0.15604408,-0.015990907,-0.12097881,-0.3340839,-0.030242683,0.022173282,-0.38084084,-0.0095150145,0.14630179,-0.27865317,0.006642486,-0.09246278,-0.5029849,6.206633e-05,-0.026072433,-0.7217726,0.0018025212,0.049495485,-0.86110276,-0.0010227937,0.11264992,-0.99363476,0.0018264385,0.12467462,-0.50494564,0.0037188532,0.38500795,-0.5358062,-0.008457614,0.46571955,-0.36822945,-0.0030435375,0.39482427,-0.27035493,0.02209646,0.3137802,-0.39298108,-0.0021480785,0.5272968,-0.3909664,-0.0036541387,0.5742834,-0.25205854,-0.0027408048,0.47259063,-0.17325947,-0.0075980034,0.46637237,-0.28077257,-0.010890423,0.6405679,-0.2346063,-0.0011389541,0.68199223,-0.114494756,-0.011955748,0.5658177,-0.07509263,-0.006501876
1,sintetico,Right,0.0,0.0,0.0,-0.29260916,-0.09418742,-0.0054377527,-0.21000302,-0.32924947,-0.028112782,-0.054104257,-0.36608773,-0.002143315,0.06436827,-0.29378143,-0.03246993,-0.19226587,-0.47158566,0.011822204,-0.20732248,-0.6822013,-0.0033325867,-0.1872165,-0.8661734,-0.024731556,-0.19228403,-0.98133934,0.0032320798,0.013395149,-0.52099204,0.027889509,0.26380122,-0.55915827,-0.014311296,0.3182454,-0.39066255,-0.001131294,0.21131136,-0.30926448,-0.017987346,0.2100249,-0.45831928,-0.009112105,0.44572383,-0.50482786,-0.036442142,0.49954692,-0.35566872,-0.010585903,0.39493826,-0.26439348,-0.009828995,0.38487637,-0.37370414,0.020295396,0.57968086,-0.39013714,-0.041380476,0.62055725,-0.31743985,-0.015396996,0.60119915,-0.21829507,0.011528286
1,sintetico,Right,0.0,0.0,0.0,-0.2927962,-0.060111552,0.015247544,-0.24525848,-0.26583037,0.04138314,-0.10878357,-0.3259209,0.0030243641,0.0391468,-0.25415492,0.018386213,-0.26975974,-0.42278722,0.009735575,-0.3220855,-0.6453322,0.009729071,-0.3321563,-0.8122664,0.0065146005,-0.35725114,-0.93400836,-0.005242045,-0.051167775,-0.500996,0.015012542,0.14967708,-0.6164633,0.0044164346,0.2758,-0.4741047,-0.0060467995,0.2191413,-0.3599085,0.026545353,0.14100082,-0.4870207,0.011002067,0.35211694,-0.559833,0.0054464014,0.4297549,-0.44652003,0.032080207,0.39169696,-0.34325778,-0.021863833,0.32880896,-0.42262417,0.030938264,0.47655657,-0.47359514,-0.005628783,0.5613699,-0.3869799,0.012913173,0.5399319,-0.31375292,-0.00066729856
1,sintetico,Right,0.0,0.0,0.0,-0.30603865,-0.1131874,-0.030147929,-0.24847935,-0.2832933,-0.01846677,-0.097699784,-0.36861378,-0.022206761,0.061911315,-0.3129508,-0.02915115,-0.23406217,-0.4900772,-0.03131905,-0.23286054,-0.7006643,-0.024831098,-0.19770084,-0.8751643,-0.020947948,-0.16019805,-0.98708487,-0.0589843,-0.017374076,-0.5293285,-0.030225413,0.24381632,-0.55186987,-0.037981767,0.2649497,-0.38372606,-0.04171176,0.13486956,-0.34249482,-0.011370172,0.20499197,-0.48969495,-0.047854174,0.4303163,-0.54980177,-0.05975035,0.48525155,-0.3995698,-0.02036478,0.4022377,-0.31208074,-0.06021109,0.3686469,-0.3939629,-0.06933697,0.5622581,-0.4075471,-0.018341072,0.60635966,-0.2942657,-0.031818118,0.5249048,-0.25654626,-0.026172353
1,sintetico,Right,0.0,0.0,0.0,0.2770793,-0.08850044,0.00801722,0.21767423,-0.29231864,0.027042344,0.05796287,-0.37078306,0.017729415,-0.06755533,-0.26341963,-0.0203134,0.20275186,-0.46945947,0.016589478,0.21990141,-0.69509846,0.00837785,0.21538416,-0.86076766,0.0049099103,0.23680487,-0.97155726,0.0061530354,0.00019044886,-0.5299701,0.009913375,-0.2464886,-0.58865523,-0.004920008,-0.35823345,-0.45137304,0.0035112845,-0.28032362,-0.3416912,0.026119288,-0.19255316,-0.46196622,-0.0051188865,-0.40968972,-0.50784034,-0.0105129145,-0.4906391,-0.3538847,0.005507573,-0.39969236,-0.26432705,-0.012178842,-0.36726618,-0.39295155,-0.021978252,-0.55704975,-0.41631255,0.0008287453,-0.61242497,-0.32309616,0.030498995,-0.54837924,-0.24182132,0.005889863
1,sintetico,Right,0.0,0.0,0.0,-0.27292868,-0.09135791,-0.01869114,-0.218659,-0.29047167,0.008713298,-0.042536628,-0.3393974,-0.01074105,0.06394206,-0.23485866,0.001556811,-0.21566844,-0.46183556,-0.006252226,-0.23613167,-0.6704952,-0.013975908,-0.2533345,-0.84429574,-0.026666941,-0.22975479,-0.97324854,-0.013460281,-0.016232839,-0.5372276,0.0026548249,0.2304453,-0.5715934,-0.019377038,0.31385264,-0.42113045,-0.0039099185,0.1918256,-0.33281407,-0.028753174,0.19039445,-0.45115513,0.0016432555,0.40113664,-0.5172734,-0.005978998,0.46298137,-0.35946834,-0.030701092,0.37777895,-0.29757142,-0.014740857,0.36676946,-0.39188734,0.0041134637,0.55131495,-0.3857919,-0.031629924,0.61006975,-0.30370045,-0.02856086,0.5293226,-0.24573123,-0.012219493
1,sintetico,Right,0.0,0.0,0.0,0.28065032,-0.07854709,0.007081766,0.17475288,-0.2582098,-0.006827033,0.00933696,-0.2528397,-0.052533347,-0.025580084,-0.11922815,0.019803837,0.22961648,-0.45110145,-0.011118574,0.22737834,-0.6579601,-0.01934565,0.23303187,-0.84324217,-0.024053669,0.2589034,-0.9659032,-0.0117266495,-0.0031079098,-0.51852214,-0.015268295,-0.23791516,-0.5652948,-0.017995505,-0.31104922,-0.41618055,-0.01713658,-0.20884487,-0.33048642,0.0018292811,-0.19538271,-0.4662682,0.025314128,-0.40195414,-0.49995685,0.0063807773,-0.46452355,-0.3519908,0.01110752,-0.37464747,-0.27131134,-0.012367742,-0.36663592,-0.3629902,-0.004823219,-0.53980654,-0.3957718,0.00021324634,-0.597202,-0.3028981,-0.01678338,-0.52594155,-0.2250733,-0.013123955
1,sintetico,Right,0.0,0.0,0.0,-0.30540612,-0.019815093,-0.0013516804,-0.26368567,-0.2515836,0.009746698,-0.109025106,-0.2939448,0.02511895,0.02618171,-0.20348845,0.009956088,-0.3205973,-0.40113187,0.036721107,-0.37154517,-0.631872,0.00020070681,-0.37369794,-0.79854256,0.014202592,-0.38013548,-0.9249308,0.005580201,-0.1308895,-0.5081816,0.020422045,0.11040942,-0.627856,-0.0011502476,0.22213732,-0.49147046,0.041520033,0.15705399,-0.39092124,-0.015468644,0.082917035,-0.5393235,0.03818204,0.2828412,-0.6380298,0.012578288,0.40595317,-0.4992494,0.019862298,0.38289428,-0.42022416,0.032181464,0.28941283,-0.4657501,0.024670202,0.4561928,-0.53552747,-0.00033809047,0.5376689,-0.44773442,0.020613087,0.4640798,-0.35213432,0.04057615
1,sintetico,Right,0.0,0.0,0.0,-0.3155338,-0.06873862,-0.00690265,-0.26019248,-0.30267206,0.01564035,-0.10853029,-0.37174705,-0.035557475,0.03843208,-0.32232842,0.005683362,-0.25454456,-0.46663705,-0.010930042,-0.2502326,-0.7097462,0.0090406705,-0.18782046,-0.86714226,-0.02195485,-0.13728738,-0.99053127,-0.006961927,-0.04485888,-0.5606987,-0.009217058,0.21273111,-0.60088706,-0.025209663,0.30592716,-0.4523287,-0.030149592,0.21011622,-0.35636312,-0.017709887,0.19769827,-0.5108098,-0.0050864136,0.38721764,-0.5693694,-0.020846477,0.48374647,-0.43843573,-0.013261141,0.4308211,-0.3276456,-0.040907856,0.37095243,-0.43007916,-0.013982222,0.5443107,-0.45776826,0.0107947085,0.60251117,-0.37220052,0.0051363204,0.5544006,-0.26390132,-0.0089401025
1,sintetico,Right,0.0,0.0,0.0,0.23845583,-0.15186067,-0.0104355775,0.103695,-0.34571907,-0.004888166,-0.050711356,-0.30723518,0.030033384,-0.13759644,-0.19493593,-0.014050551,0.07385974,-0.5079924,0.018131254,-0.026477957,-0.7066935,0.0064774537,-0.054300293,-0.8498487,0.009897923,-0.10994889,-0.99393725,-0.0070036086,-0.16790198,-0.4959817,-0.0004209395,-0.40075818,-0.44728258,0.005564626,-0.366649,-0.27308443,-0.003342132,-0.2558502,-0.27163193,0.011396168,-0.3527252,-0.38341978,0.013575641,-0.5564063,-0.30672827,0.043243706,-0.48276585,-0.14104341,0.010475269,-0.39413607,-0.18520579,-0.02741147,-0.46686855,-0.24660102,0.025779681,-0.6413419,-0.19146484,0.0021373236,-0.63821906,-0.09012188,0.04046276,-0.54158026,-0.04073607,0.031105354
1,sintetico,Right,0.0,0.0,0.0,0.2707292,-0.13974476,0.008518968,0.19400637,-0.30025786,-0.035126053,0.023076935,-0.34982398,-0.009050033,-0.08464949,-0.26344395,0.022864025,0.16270675,-0.4697049,0.0046447385,0.12454324,-0.6943026,-0.03568754,0.08780205,-0.8613477,0.006416244,0.07193482,-0.99740934,-0.016994547,-0.09435729,-0.4990015,0.006965143,-0.3170583,-0.5587301,-0.016034607,-0.38462433,-0.40168425,-0.0054279068,-0.27423102,-0.30221176,-0.013494873,-0.2615851,-0.42740124,-0.004492356,-0.45673376,-0.449035,-0.013989993,-0.5204527,-0.30518094,-0.008266782,-0.4116087,-0.23007618,-0.024118438,-0.41547403,-0.32584223,0.0036244192,-0.5821822,-0.31759697,-0.0016264794,-0.59083724,-0.20714892,-0.031459756,-0.5087264,-0.15343428,0.011986864
1,sintetico,Right,0.0,0.0,0.0,-0.27966708,-0.056528185,0.0082771,-0.2229776,-0.2743132,-0.0050007277,-0.08655352,-0.32788318,-0.0015014027,0.0331037,-0.25876364,-0.0014343509,-0.26301193,-0.44638312,-0.003577322,-0.2468712,-0.6608578,-0.005586881,-0.26248446,-0.8101721,0.013937726,-0.29154336,-0.95655763,-0.027149584,-0.03697505,-0.4935014,0.027110724,0.21194288,-0.5654813,0.0037724068,0.259294,-0.41725624,0.011469193,0.15176322,-0.31563994,0.013335612,0.17304482,-0.46983314,-0.009911647,0.36569247,-0.5026662,-0.013258079,0.42499653,-0.3799225,-0.015170737,0.3455719,-0.31317556,-0.002433799,0.33045343,-0.4058163,0.012915919,0.5264379,-0.3911591,-0.007895393,0.54025036,-0.29511937,0.011435356,0.44404724,-0.25661683,-0.03683667
1,sintetico,Right,0.0,0.0,0.0,0.301457,0.019932052,-0.00513346,0.3429881,-0.15709059,-0.0073296595,0.20392837,-0.29833326,-0.040933978,0.06953822,-0.264727,-0.015939645,0.4082978,-0.3386269,-0.033791035,0.48796836,-0.5253705,-0.014833666,0.52900994,-0.67984873,-0.05270868,0.5762224,-0.8172929,-0.039834734,0.2340932,-0.47504634,0.005544918,0.044375625,-0.63992655,-0.008085945,-0.0778124,-0.5202043,-0.020102484,-0.067424014,-0.41352943,-0.029327266,0.02605848,-0.51469475,-0.03224485,-0.13563718,-0.6607194,-0.010893594,-0.27948868,-0.5805881,-0.0199332,-0.2379755,-0.44031876,0.011489672,-0.16657129,-0.5109405,-0.017292263,-0.32459456,-0.61891025,-0.013244729,-0.41150248,-0.5345114,-0.03730251,-0.36878,-0.44179964,-0.02021691
1,sintetico,Right,0.0,0.0,0.0,-0.28883767,-0.08907041,0.008929288,-0.21201016,-0.28042635,0.048922382,-0.044612106,-0.32363856,0.041563332,0.06510657,-0.23232347,0.03347118,-0.21024093,-0.44226792,0.00037855943,-0.22578794,-0.6780524,0.0022312943,-0.23513587,-0.8502681,-0.00016857541,-0.2477966,-0.9688121,0.0005485186,-0.018403267,-0.5163477,0.03671263,0.21664843,-0.59331995,0.009122855,0.32822576,-0.44730324,0.011224398,0.24183439,-0.33203617,0.025299704,0.18066777,-0.46270475,-0.01343489,0.3982815,-0.47980526,0.013832386,0.46276847,-0.3696093,-0.004431622,0.35508782,-0.27663666,0.008318142,0.3618761,-0.3961629,0.003678634,0.5528091,-0.38180342,0.0028594267,0.5630669,-0.24750386,0.016580064,0.46439177,-0.21137615,0.016510656
1,sintetico,Right,0.0,0.0,0.0,0.29152843,-0.07294936,0.03905542,0.23395254,-0.2735876,0.014795187,0.08934834,-0.33854705,0.041858982,-0.046135366,-0.26271403,0.050130997,0.24559611,-0.4428896,0.004271848,0.2876758,-0.6473248,0.036980048,0.2968607,-0.80208474,0.04849716,0.30752897,-0.95153874,0.04423188,0.03378803,-0.5349705,-0.004338816,-0.15842664,-0.6248956,0.01503583,-0.30296603,-0.5000557,0.008386071,-0.23549241,-0.35750028,0.03650579,-0.16626017,-0.4753372,0.034788564,-0.36666238,-0.5183907,-0.013716649,-0.4305201,-0.3931215,0.023654535,-0.3146027,-0.323451,0.040828187,-0.33196497,-0.41406524,0.030651635,-0.48829946,-0.45492953,0.03062499,-0.56602603,-0.33946377,0.02265422,-0.5104131,-0.27472442,0.011835289
1,sintetico,Right,0.0,0.0,0.0,0.266975,-0.11858003,0.0035005882,0.18532984,-0.2942833,0.0073408256,0.0057280953,-0.3377381,0.0047152634,-0.078604795,-0.2184165,0.037532616,0.16715884,-0.45358407,0.015997434,0.14483382,-0.6852145,0.0077065616,0.12738147,-0.84822285,0.017867425,0.12146663,-0.9925955,0.026904507,-0.070790164,-0.5090711,0.010592984,-0.31658682,-0.53361297,0.03067441,-0.3532122,-0.3445614,-0.004332388,-0.22274257,-0.2884748,0.03501291,-0.24585849,-0.4357455,0.016000232,-0.46775466,-0.4427732,0.015371015,-0.49340335,-0.28240985,0.004980715,-0.38242346,-0.22233045,-0.0036349245,-0.42173168,-0.3276052,-0.01070388,-0.58289224,-0.33165324,0.0038569176,-0.6354951,-0.21463996,0.025611239,-0.53079,-0.15723222,0.00065926404
1,sintetico,Right,0.0,0.0,0.0,-0.2804209,-0.11587902,-0.032083992,-0.20843549,-0.31645903,-0.024905836,-0.052433774,-0.3766873,-0.0068015084,0.091189444,-0.32346916,-0.008704059,-0.16637014,-0.48046184,-0.03069904,-0.15059617,-0.72294056,-0.0025029937,-0.12333878,-0.8655169,-0.028199758,-0.131978,-0.99125266,0.0061884657,0.053276356,-0.53924894,-0.005945065,0.31198624,-0.57106096,-0.031976715,0.37862626,-0.3943153,-0.022530844,0.28128272,-0.29403248,-0.022803228,0.25244477,-0.43979484,-0.011735803,0.46020502,-0.4616312,-0.017436936,0.5112729,-0.30494222,-0.032189254,0.4159169,-0.24629833,-0.036087174,0.4014136,-0.34470716,-0.005638362,0.59441835,-0.34096774,-0.009755898,0.6370211,-0.21502876,-0.012587231,0.5372633,-0.16815124,-0.009998842
1,sintetico,Right,0.0,0.0,0.0,0.29626814,-0.07428464,-0.027268132,0.26215002,-0.2648956,-0.014256955,0.10672421,-0.3373147,-0.03265699,-0.028566519,-0.27334356,-0.060660653,0.2573431,-0.42338985,-0.02005675,0.31207192,-0.6696833,-0.041274022,0.31524798,-0.80970484,-0.036129896,0.30743134,-0.9515703,-0.047569454,0.06030788,-0.53884095,-0.029617855,-0.19726051,-0.55311435,-0.0137923835,-0.24479847,-0.37735456,-0.015904343,-0.10038986,-0.33636603,-0.005484081,-0.13478152,-0.4833521,-0.0032233465,-0.36925355,-0.525569,-0.06340278,-0.42043328,-0.36888462,-0.049812317,-0.31008402,-0.31907827,-0.059612572,-0.3185481,-0.41796947,-0.020701172,-0.5067925,-0.4745638,-0.041830476,-0.56631243,-0.35049284,-0.03857896,-0.4836437,-0.28279454,-0.034232218
1,sintetico,Right,0.0,0.0,0.0,-0.2927063,-0.09099659,0.000449434,-0.229501,-0.2933187,0.0060346443,-0.063737996,-0.31990173,-0.010557706,0.040341944,-0.21459375,-0.028119888,-0.23243506,-0.42819506,0.0090807965,-0.26463953,-0.67462534,-0.024449853,-0.26127726,-0.8481208,-0.0094627105,-0.27286795,-0.9620515,-0.021179348,-0.017311579,-0.5099946,-0.019326193,0.19006176,-0.6198649,0.011898356,0.3450733,-0.47220796,0.002136343,0.27597454,-0.34446,0.0015931748,0.16064265,-0.4670172,-0.014321616,0.4033834,-0.52509195,-0.0043882,0.48735517,-0.3788477,0.011147388,0.3524414,-0.29562435,0.00469807,0.3513658,-0.38266978,0.017862728,0.54240054,-0.40247506,0.020006036,0.57280475,-0.26807192,0.0016861892,0.45926234,-0.24562101,-0.022393338
1,sintetico,Right,0.0,0.0,0.0,0.22908531,-0.16281115,-0.0043840627,0.1158394,-0.33367428,0.0075012916,-0.03412604,-0.36385155,-0.013093451,-0.15591078,-0.24924867,-0.0017186747,0.08717761,-0.49265885,-0.0066339048,0.013013704,-0.70823306,-0.027298113,-0.038226444,-0.8907224,-0.001760539,-0.070235536,-0.99753046,-0.01089886,-0.16124663,-0.4901333,-0.007709018,-0.41587374,-0.4893105,0.0020388437,-0.45784906,-0.3125664,0.016648458,-0.36926398,-0.23130542,-0.017454963,-0.32735893,-0.38065103,-0.00922032,-0.54695654,-0.3746833,-0.016109552,-0.61222374,-0.23501709,-0.017156107,-0.50637966,-0.15407795,-0.013368264,-0.45258147,-0.250544,-0.006967855,-0.6358971,-0.2036794,0.005609251,-0.64607185,-0.09731814,0.0013420954,-0.5659293,-0.049188808,-0.020800302
1,sintetico,Right,0.0,0.0,0.0,-0.28593168,-0.07844486,0.022710482,-0.22159941,-0.26568007,0.019115878,-0.04408622,-0.2781815,-0.0027255272,0.045181092,-0.16596209,0.0013892547,-0.22930369,-0.44232383,0.022943392,-0.24141252,-0.67407197,0.009894552,-0.21747558,-0.8422711,0.012782562,-0.2165033,-0.9762819,-0.01671315,-0.0212371,-0.52751666,0.017532965,0.1971798,-0.61378235,0.012023893,0.31810027,-0.4832315,0.006776228,0.22751206,-0.34793627,0.013123536,0.15036549,-0.46992365,0.0016167073,0.4023285,-0.50477505,-0.0011129337,0.44168234,-0.3540205,0.0041169524,0.33283666,-0.30716717,0.000795125,0.32955912,-0.4005581,0.040312212,0.5445698,-0.415848,0.021356156,0.56656975,-0.30256748,-0.0067395167,0.49804243,-0.25235644,0.0381571
1,sintetico,Right,0.0,0.0,0.0,-0.28764123,-0.046506867,0.019358916,-0.24208072,-0.2616241,0.01968614,-0.0991662,-0.31286925,0.030221686,0.029724516,-0.27149895,0.0066484404,-0.27899733,-0.43678218,0.0013815613,-0.29927814,-0.64497024,-0.039188582,-0.32492906,-0.7987815,-0.024556864,-0.34452373,-0.9387776,-0.0035727972,-0.050725486,-0.4964499,-0.015759801,0.16389537,-0.5708035,0.017262524,0.2319527,-0.42939475,-0.019362792,0.1353872,-0.32197765,-0.005418635,0.130693,-0.48646906,-0.004741394,0.33384266,-0.57262653,0.023997594,0.44358274,-0.4562128,-0.0072624334,0.41923648,-0.35895175,0.011025656,0.3169748,-0.40760675,0.0065994477,0.5060501,-0.43406394,0.018799813,0.5437174,-0.3346031,0.017884705,0.4894082,-0.2676176,0.002648433
1,sintetico,Right,0.0,0.0,0.0,-0.2531298,-0.120607905,-0.0030445002,-0.19246145,-0.33843726,0.00936448,-0.059150603,-0.4037946,0.0053046653,0.086114615,-0.34420696,0.026163578,-0.15989773,-0.48584992,0.019133229,-0.14443205,-0.71341753,-0.01802136,-0.113907136,-0.8893946,0.014841301,-0.11050304,-0.9938758,0.0050972262,0.06548743,-0.52647203,0.008400412,0.32071123,-0.55628574,0.011636919,0.3770009,-0.3881792,0.02614817,0.24734792,-0.29762745,0.022772612,0.2423994,-0.4418031,-0.0036214446,0.4859368,-0.4286037,0.006937958,0.51585525,-0.28522408,0.0009807487,0.41002262,-0.23995546,-0.01786253,0.40171984,-0.31702545,0.0061624465,0.5903779,-0.3242766,0.036018435,0.6476173,-0.23033145,-0.0183239,0.56892174,-0.13984829,0.0074658305
1,sintetico,Right,0.0,0.0,0.0,-0.2723084,-0.12989525,-0.0060069305,-0.1547923,-0.31029916,0.01493909,-0.014373925,-0.34522676,-0.0013767215,0.09883733,-0.21225065,-0.007206442,-0.14854518,-0.48786125,0.015051067,-0.1079805,-0.7043567,0.0130878305,-0.08022415,-0.8788701,0.0123745175,-0.067643315,-0.9977096,-0.06438398,0.09189287,-0.5185356,0.00088605535,0.32199633,-0.5646657,-0.0025532963,0.42605448,-0.3969095,-0.0062779943,0.32754147,-0.29364735,0.0034438288,0.2647048,-0.4456332,-0.0018227801,0.46267208,-0.45156828,0.004469752,0.560775,-0.3269608,-0.009793341,0.4738916,-0.24013878,0.016841754,0.43493342,-0.30292255,0.00599499,0.5989657,-0.32285318,0.0024295894,0.65837353,-0.2192162,0.0016933173,0.606693,-0.15052435,0.011700671
1,sintetico,Right,0.0,0.0,0.0,0.26328835,-0.13105477,-0.020954184,0.13854627,-0.30140775,0.015507143,0.0020818808,-0.30049375,0.025104586,-0.06707889,-0.17100367,-0.017039781,0.16042556,-0.48552105,0.017879592,0.13774209,-0.70190704,-0.04600139,0.1383197,-0.8848524,0.011091229,0.11579753,-0.99327284,-0.020835372,-0.07079075,-0.5127803,0.009439662,-0.323702,-0.513771,-0.022544285,-0.36986595,-0.3170287,-0.007805122,-0.19680986,-0.31900832,-0.020048758,-0.24942118,-0.43501568,-0.010205437,-0.46878293,-0.44039544,0.023536008,-0.5096765,-0.30534366,-0.008456412,-0.40123576,-0.23897512,0.028164798,-0.4226897,-0.33685756,-0.013043883,-0.5873643,-0.29112595,0.01795329,-0.57564074,-0.16405232,-0.03351323,-0.4706553,-0.1872331,-0.011404469
1,sintetico,Right,0.0,0.0,0.0,-0.31119424,-0.03452083,-0.021665974,-0.2891568,-0.25564775,0.0009994,-0.12711465,-0.34891415,-0.0053348257,0.014513668,-0.28786436,-0.028420053,-0.2951795,-0.4418233,0.005972266,-0.3145586,-0.6531772,-0.0386486,-0.3096694,-0.82686484,-0.01737789,-0.28977302,-0.9570954,-0.019131204,-0.09246935,-0.5463574,-0.03087945,0.15078388,-0.64738595,-0.011032376,0.25529146,-0.48393854,0.006658911,0.15565659,-0.36725748,0.0055581955,0.107763775,-0.5071858,-0.00365285,0.31366622,-0.63380855,-0.046178844,0.45987496,-0.5341053,-0.039852105,0.43251723,-0.39585164,-0.013451231,0.3264142,-0.4488815,-0.01697348,0.48160273,-0.53891367,-0.02512589,0.573994,-0.41973394,0.017115664,0.53225076,-0.37565258,-0.014511205
1,sintetico,Right,0.0,0.0,0.0,0.30099773,-0.066495195,-0.00481202,0.2227025,-0.26128143,0.01677199,0.06356956,-0.31188035,-0.0021305417,-0.039294053,-0.20977506,-0.0062360773,0.27553704,-0.43541202,-0.018230796,0.2991697,-0.6601577,-0.030237129,0.27868423,-0.8207958,-0.022559961,0.26716438,-0.96365094,-0.024693573,0.045975793,-0.51761174,-0.05525102,-0.18636091,-0.595289,-0.029763741,-0.27405024,-0.4553447,0.013104469,-0.19065511,-0.3642596,-0.0071505457,-0.12975526,-0.50651056,-0.019384967,-0.36285144,-0.5104791,-0.006659943,-0.3648567,-0.3491953,-0.045276254,-0.25498658,-0.32270995,-0.008570856,-0.34911606,-0.4221347,0.007772832,-0.4969341,-0.4722209,-0.0151913455,-0.5773555,-0.38088137,-0.042297546,-0.5132155,-0.30076554,-0.019999323
1,sintetico,Right,0.0,0.0,0.0,-0.2815686,-0.058062855,-0.020499133,-0.2110138,-0.2787844,-0.012339375,-0.039321084,-0.27961722,0.015949205,0.04163386,-0.1611617,-0.025141371,-0.24494107,-0.44003743,-0.01967973,-0.2665004,-0.6572868,0.01585513,-0.25182456,-0.8297729,0.0022689428,-0.28182968,-0.95946443,-0.0061976663,-0.04110641,-0.5135262,-0.0026006994,0.19441803,-0.62602437,-0.02006384,0.32886374,-0.4968033,0.0149179725,0.25725687,-0.3643301,-0.008179338,0.16602105,-0.4691092,-0.0033345916,0.39277822,-0.4870228,0.01245494,0.39185667,-0.3312387,0.0016592453,0.27953234,-0.3090281,-0.0063564125,0.34901947,-0.4048772,-0.029342586,0.5298058,-0.4583708,0.012824224,0.6185967,-0.34449777,0.0076638535,0.52763593,-0.26780292,-0.003006027
1,sintetico,Right,0.0,0.0,0.0,-0.27169874,-0.09602497,0.015895749,-0.21355063,-0.30555165,-0.002332884,-0.045356918,-0.36219278,-0.0137668885,0.06818969,-0.31185836,0.033562765,-0.20091014,-0.44350967,0.018234378,-0.17336613,-0.6923984,0.0073012463,-0.1696548,-0.8564012,0.004498869,-0.17293635,-0.984933,0.034168024,0.021880688,-0.5324483,0.021122335,0.25961953,-0.5336513,0.029416695,0.32429555,-0.37135693,0.0035678204,0.22601411,-0.30326965,0.013043358,0.21913345,-0.4454352,0.01829426,0.43414947,-0.45641243,0.0040700617,0.50681776,-0.31063503,0.010859563,0.37129462,-0.25931215,0.0035690502,0.3899497,-0.3451013,0.018247362,0.550045,-0.3439418,-0.0074513596,0.57726187,-0.21274342,0.020830162,0.45643497,-0.20616601,0.016927723
1,sintetico,Right,0.0,0.0,0.0,0.27906513,-0.08678385,-0.020447407,0.19239487,-0.29638666,-0.008387761,0.05010253,-0.3280911,-0.017560493,-0.06425587,-0.25044796,-0.011321669,0.17953828,-0.4539584,0.007627591,0.20492187,-0.684121,0.00016814336,0.16418618,-0.8459433,-0.028826559,0.14847763,-0.98891574,-0.027816448,0.0039205663,-0.5232529,-0.004201425,-0.2642833,-0.59761626,-0.0029242304,-0.33779317,-0.42942986,-0.020873224,-0.24905252,-0.29064316,0.019090256,-0.21165727,-0.450343,0.0053710584,-0.43596548,-0.487408,-0.02001128,-0.497694,-0.3439882,-0.021716503,-0.42278975,-0.26285964,-0.012995534,-0.38178822,-0.35848063,-0.014830613,-0.5694197,-0.3571953,0.01317874,-0.59754664,-0.2469867,0.00838765,-0.5118825,-0.191487,-0.008358809
1,sintetico,Right,0.0,0.0,0.0,-0.29008785,-0.11729333,0.0108464835,-0.18361755,-0.29243356,-0.014794452,-0.040228937,-0.31631574,0.010377197,0.06283,-0.19447674,0.007424379,-0.21100219,-0.48293144,-0.027798096,-0.18056272,-0.71563184,0.033928733,-0.16661726,-0.86689526,0.028184151,-0.13875315,-0.990327,-0.010775118,0.036003966,-0.5450209,-0.016320225,0.27192134,-0.60091686,0.006945976,0.35553896,-0.43208683,-0.021547869,0.2591153,-0.32432544,0.02652111,0.22720832,-0.4543551,-0.0050535006,0.43127164,-0.49124444,0.030957764,0.4772846,-0.33069307,-0.011185844,0.37607202,-0.28233397,0.001084046,0.395086,-0.38007414,0.02484877,0.567833,-0.370196,-0.002551732,0.5907475,-0.25528866,0.007704707,0.5228665,-0.21166478,0.021841535
1,sintetico,Right,0.0,0.0,0.0,0.24044675,-0.11677263,-0.028105143,0.18179847,-0.31161526,-0.0046251677,0.039876893,-0.3609743,-0.05165604,-0.10515103,-0.25668305,0.017240478,0.16574542,-0.4855181,-0.032083515,0.14786133,-0.70276123,-0.014675587,0.11200443,-0.86299866,-0.012112399,0.13446286,-0.99091864,-0.03408275,-0.0630397,-0.5269945,-0.01287356,-0.3001321,-0.5608382,-0.012036187,-0.40246385,-0.43637237,-0.037559453,-0.3239009,-0.32754824,-0.03736862,-0.24410391,-0.43490583,-0.025339535,-0.45522028,-0.41975355,-0.027930304,-0.50414044,-0.30557677,-0.0036238492,-0.36873806,-0.24776565,-0.014748345,-0.4247313,-0.32296848,-0.027204145,-0.60293496,-0.3209029,-0.016304575,-0.6055594,-0.21339464,-0.059044506,-0.5213834,-0.16574863,-0.035983194
1,sintetico,Right,0.0,0.0,0.0,-0.28530398,-0.07459038,-0.031772025,-0.23779652,-0.2678729,-0.0405035,-0.08345962,-0.33186758,-0.020536397,0.037444223,-0.22443037,-0.02371325,-0.27174345,-0.45652077,-0.027813453,-0.2678895,-0.6780877,-0.037280317,-0.26139694,-0.84297824,-0.010026133,-0.2308276,-0.9729947,-0.008811824,-0.06048822,-0.532365,-0.03532189,0.18164325,-0.6189448,-0.033112977,0.27143833,-0.4599738,-0.016134353,0.19051817,-0.35498154,-0.033715,0.14111851,-0.5147929,-0.015461271,0.39706013,-0.5294707,0.005118812,0.41277823,-0.3741844,-0.019267764,0.32581443,-0.3220653,-0.03768366,0.31563994,-0.40337175,-0.0120544955,0.50876766,-0.45204264,-0.021148501,0.5531194,-0.33645523,-0.020709606,0.47735193,-0.3018602,-0.010726217
1,sintetico,Right,0.0,0.0,0.0,-0.26299983,-0.113042384,-0.017039083,-0.1805326,-0.30470434,-0.022734538,-0.021237262,-0.30014503,0.0039847908,0.08064633,-0.18858752,-0.011902234,-0.17585757,-0.4811682,0.006122448,-0.18917556,-0.718086,-0.027263187,-0.16728446,-0.8760961,0.014059529,-0.15020272,-0.9886552,-0.017256329,0.043202825,-0.5072048,0.002538869,0.27900538,-0.5606595,-0.0043418384,0.3599446,-0.3828586,0.03245348,0.253836,-0.30510414,0.004778619,0.21627387,-0.46038154,0.036516115,0.4658642,-0.45212063,0.011742567,0.46651405,-0.26893845,0.027211858,0.32155886,-0.27478483,-0.0020249248,0.4237791,-0.333339,0.00789182,0.58138835,-0.32934108,0.02351277,0.5829242,-0.20674378,0.017900802,0.4866567,-0.18801461,0.011210339
1,sintetico,Right,0.0,0.0,0.0,0.27749214,-0.044694133,0.006840666,0.25383008,-0.23799442,0.002358399,0.12012341,-0.30720347,0.0076821963,-0.026242621,-0.2805613,0.019751262,0.25103754,-0.4031762,0.015322545,0.31303465,-0.6431716,0.03269328,0.35415027,-0.7646358,0.013335044,0.37069878,-0.92875314,-0.019645652,0.066006154,-0.5234914,0.006867003,-0.15184636,-0.5588952,0.0044744215,-0.2400175,-0.4137234,0.02562254,-0.122722,-0.3386774,-0.024849597,-0.12598495,-0.48653442,0.0018090284,-0.3322022,-0.525274,-0.019848831,-0.38018093,-0.36461103,0.0010153407,-0.2895299,-0.33038613,-0.011697581,-0.29699463,-0.41902298,0.0004371732,-0.5009311,-0.47638008,-0.032596294,-0.5434135,-0.3653294,0.0059215976,-0.48484278,-0.29573622,-0.0043419693
1,sintetico,Right,0.0,0.0,0.0,0.2778835,-0.096786045,-0.021036573,0.23501198,-0.30929568,-0.0065847645,0.06539778,-0.36058247,0.004706004,-0.05778797,-0.24030772,0.010654034,0.21437192,-0.47017288,-0.0074400334,0.19218111,-0.72307366,0.006296183,0.14057982,-0.86404324,-0.017497353,0.08498831,-0.99638194,-0.002322151,0.014645449,-0.53665483,0.010323772,-0.26316315,-0.61176544,-0.0008754882,-0.33964923,-0.4575987,-0.015272462,-0.24636923,-0.3496848,-0.01108927,-0.20814969,-0.48749664,0.010548534,-0.44006985,-0.51977336,-0.024673326,-0.48100725,-0.3774938,-0.022207722,-0.37882233,-0.30109206,0.003628384,-0.405233,-0.38006717,-0.013764981,-0.58294487,-0.4146854,-0.030710151,-0.6035746,-0.29278612,0.01614998,-0.52422607,-0.22137964,-0.024802944
1,sintetico,Right,0.0,0.0,0.0,-0.30363768,-0.10113133,-0.016206652,-0.20396847,-0.28525817,-0.0175773,-0.06071189,-0.33634627,-0.016447531,0.06095511,-0.2506128,0.020912202,-0.23181097,-0.4476723,-0.003493968,-0.23165007,-0.67153805,-0.028110579,-0.23207079,-0.84553915,0.0034878491,-0.26801792,-0.96341395,-0.0002358615,-0.017647779,-0.5226857,-0.009272319,0.2266475,-0.59601235,-0.018026607,0.332016,-0.4367376,-0.01869275,0.23734207,-0.34179044,0.014248594,0.18642403,-0.48054546,0.0013951164,0.40027314,-0.53233886,0.004935529,0.5074921,-0.40507665,0.0013529306,0.39850962,-0.29027435,0.002623233,0.37153575,-0.38976607,-0.009571004,0.5438816,-0.40537393,-0.0055490835,0.5955157,-0.27666664,0.015447639,0.47273073,-0.23181336,0.01927216
1,sintetico,Right,0.0,0.0,0.0,-0.28534582,-0.061004005,-0.021605888,-0.2666575,-0.25104922,0.0012562622,-0.13909806,-0.35713956,-0.022804646,-0.0106465975,-0.314501,0.022552561,-0.2746388,-0.42876038,0.0034529567,-0.32287294,-0.6429631,0.029942896,-0.35595515,-0.8044339,-0.0206812,-0.3916638,-0.92010844,0.018743439,-0.073905356,-0.5268051,-0.03263163,0.13698563,-0.57942426,-0.0018119087,0.24885981,-0.42856273,-0.014682125,0.14363253,-0.33579102,-0.011867033,0.12759832,-0.49211645,-0.012917557,0.33964446,-0.51852417,-0.019021146,0.39409113,-0.37313005,-0.024308598,0.2797014,-0.32753024,-0.011782278,0.31658533,-0.4065298,-0.0032227314,0.50707453,-0.42724022,0.01283504,0.50698555,-0.30231673,-0.00047422972,0.41985187,-0.29651234,0.012878659
1,sintetico,Right,0.0,0.0,0.0,0.27355564,-0.12336656,-0.013584577,0.21222861,-0.33076066,0.024789691,0.061274257,-0.37768933,0.02062743,-0.0799678,-0.32037538,0.0016589637,0.16402265,-0.48222497,0.016294584,0.17255552,-0.7142174,0.029448682,0.15517859,-0.8761794,0.027600419,0.1331887,-0.9910907,0.001206476,-0.07250133,-0.5290323,-0.013115087,-0.31194183,-0.52416056,-0.010456788,-0.3428389,-0.36082566,0.005124408,-0.23230597,-0.3028544,0.032615222,-0.23920132,-0.4534655,-0.0013331325,-0.43950543,-0.45615375,0.00071417907,-0.49686417,-0.31694815,0.00039521832,-0.39986745,-0.2609757,0.0017151838,-0.41599256,-0.33848068,0.009780983,-0.58457947,-0.355709,-0.009880874,-0.62557846,-0.23518242,0.026758345,-0.5658859,-0.17334646,0.0077107893
1,sintetico,Right,0.0,0.0,0.0,0.28725702,-0.07975152,0.00042350034,0.16987954,-0.2545528,-0.04011513,0.028684802,-0.2444355,0.0034026697,-0.012961441,-0.10325956,-0.021614632,0.2509648,-0.43231526,-0.008817179,0.2741556,-0.6547897,-0.02657246,0.29686272,-0.81741434,-0.0067799403,0.318587,-0.9478936,0.02615938,0.03564907,-0.5136322,-0.010465897,-0.19290113,-0.5613248,-0.019334666,-0.2462061,-0.389225,-0.015894711,-0.12123684,-0.33789173,-0.034581687,-0.15891378,-0.4712538,0.009504213,-0.3847748,-0.51379097,-0.007660021,-0.41657087,-0.37759614,-0.02823421,-0.30696058,-0.32436842,-0.027741987,-0.3253947,-0.4047188,-0.01215626,-0.50277233,-0.45240095,0.0016937096,-0.56346697,-0.3329972,-0.029776646,-0.49235356,-0.2697743,0.004434565
1,sintetico,Right,0.0,0.0,0.0,0.27770355,-0.040659174,0.023511445,0.24155152,-0.26192912,0.0067855013,0.102668166,-0.31698015,0.027710656,-0.0124533735,-0.23188838,-0.0105469655,0.2509882,-0.4188396,0.0086073745,0.3056903,-0.6251365,-0.0005360478,0.3180945,-0.77920526,-0.011826393,0.37980905,-0.9250649,0.008292285,0.06318167,-0.5147157,0.03955802,-0.17159219,-0.58745867,-0.005346633,-0.2593143,-0.47186774,0.007251322,-0.18741003,-0.35661328,-0.013323058,-0.12586898,-0.47135684,-0.015875738,-0.33327368,-0.54127765,-0.004206468,-0.3651333,-0.37732157,0.0016504227,-0.2627237,-0.32111564,0.0024214557,-0.30088475,-0.43206334,0.005539592,-0.4686283,-0.49098343,-0.01915966,-0.5527628,-0.39575052,-0.0014052872,-0.52304155,-0.31345132,0.018178003
1,sintetico,Right,0.0,0.0,0.0,0.27836257,-0.022581507,-0.012570923,0.2995404,-0.21247052,-0.021777388,0.1563667,-0.342175,-0.030300198,0.033666562,-0.31005222,-0.01823783,0.31201464,-0.37606046,-0.007874497,0.36748576,-0.6022704,-0.04547738,0.41726696,-0.7494353,-0.024984583,0.47113842,-0.8820593,-0.04612554,0.13016526,-0.4866171,-0.02215213,-0.10255117,-0.5924029,0.009376256,-0.2082656,-0.45983204,-0.032040283,-0.12443713,-0.3517721,0.0007893962,-0.07906893,-0.5045027,0.038074315,-0.25689444,-0.6006494,0.013828613,-0.38685662,-0.4683312,-0.009109266,-0.3029598,-0.36027443,0.0034875823,-0.2636125,-0.43826723,-0.03523009,-0.43557212,-0.4866206,-0.038770307,-0.4937932,-0.4129327,-0.010930626,-0.42165154,-0.3266723,-0.004502711
1,sintetico,Right,0.0,0.0,0.0,0.29294786,-0.07306481,0.007599756,0.19540885,-0.26983762,0.0049678287,0.051486168,-0.2939436,0.001727482,-0.0368731,-0.17420937,0.013359431,0.2435233,-0.43809608,0.017467143,0.24823232,-0.6687148,0.039695933,0.26047662,-0.84606236,0.020673005,0.28626838,-0.9581495,0.033840895,0.02334414,-0.5391866,-0.004168096,-0.2265886,-0.5872935,-0.016495058,-0.31807622,-0.42750156,0.008502763,-0.20082173,-0.32055372,0.022249589,-0.16162714,-0.48454896,0.019777946,-0.38558608,-0.54348856,0.027817195,-0.46966588,-0.38697287,-0.031236794,-0.37509608,-0.29909214,0.02847259,-0.3637446,-0.40287897,0.014015829,-0.5299085,-0.42375234,-0.015598022,-0.5958717,-0.31226492,0.020130372,-0.50445044,-0.2602145,0.011400575
1,sintetico,Right,0.0,0.0,0.0,-0.303378,-0.024820305,-0.012947304,-0.27491355,-0.22154514,0.029390303,-0.12826113,-0.29049075,0.052210536,0.01348128,-0.21040192,-0.01078869,-0.33460933,-0.37128964,0.00089180743,-0.35694253,-0.59236306,0.030689036,-0.39534858,-0.778204,0.016732048,-0.4097835,-0.9121828,0.032139253,-0.13260613,-0.49591106,0.015750188,0.10119291,-0.6163167,0.0073659294,0.19904333,-0.47222695,0.013577182,0.10648283,-0.3549683,-0.024172392,0.07271182,-0.49947318,-0.002488045,0.2595807,-0.6107152,0.03413261,0.38785526,-0.5354647,0.038397692,0.36257297,-0.40502548,0.042148866,0.25737718,-0.45921788,0.025249347,0.43333933,-0.51366854,-0.02196614,0.491297,-0.41269535,0.006413912,0.44246137,-0.35472217,0.040721856
1,sintetico,Right,0.0,0.0,0.0,-0.29100633,-0.080320425,-0.017566351,-0.18965499,-0.2848955,0.017704789,-0.038343273,-0.26718453,0.019375326,0.025389895,-0.13148148,0.0036121975,-0.2500691,-0.46447363,-0.0037118006,-0.21401012,-0.69239146,0.009578973,-0.20842998,-0.8531229,-0.003171651,-0.15899348,-0.98727965,-0.031385943,-0.021299854,-0.5340265,0.008675443,0.2194795,-0.58058375,0.013704213,0.32049328,-0.45119634,0.022098862,0.22365555,-0.32541117,-0.01112033,0.16940841,-0.47996458,0.0035161765,0.3964028,-0.56582767,0.0038470803,0.49188817,-0.42762783,0.0013628518,0.4309211,-0.31870767,0.0018136597,0.38359752,-0.39793164,0.0006249029,0.53642774,-0.42999128,0.0032956798,0.59464705,-0.30974227,0.011385887,0.5192979,-0.2426975,0.018721648
1,sintetico,Right,0.0,0.0,0.0,0.27852353,-0.068910584,-0.008737729,0.23340711,-0.29550767,0.023050696,0.08318037,-0.33412397,0.0071912203,-0.03663715,-0.2793671,-0.009291963,0.21407771,-0.466262,-0.0025735036,0.23811749,-0.664775,0.0035350204,0.25658876,-0.8371063,0.00049984385,0.26938424,-0.9630328,0.0056299395,0.01713715,-0.5212325,0.0025633262,-0.21421392,-0.5764894,-0.019471783,-0.30574337,-0.45592,-0.03095127,-0.24157092,-0.3349256,-0.0041147056,-0.17569296,-0.4686948,0.009989917,-0.3924419,-0.52591485,-0.003944985,-0.47648865,-0.3998313,0.020198368,-0.39109254,-0.3185964,0.0008186922,-0.3671839,-0.38794246,0.02201987,-0.53427625,-0.42775357,0.018920021,-0.60774386,-0.33670196,0.017400743,-0.55942184,-0.26053753,-0.016645955
1,sintetico,Right,0.0,0.0,0.0,-0.28276113,-0.1677276,-0.004808207,-0.11200431,-0.33975232,-7.3240185e-06,0.012263676,-0.33945513,0.003833368,0.10586774,-0.21064615,-0.0029662359,-0.112177975,-0.49754515,0.01875838,-0.047506884,-0.6952247,0.019717626,0.034257047,-0.8759843,0.007178844,0.09046154,-0.9959,0.021706395,0.11639684,-0.52336586,-0.0018426514,0.38982254,-0.5135088,0.009909863,0.38807306,-0.34168866,0.01532432,0.29275635,-0.27152005,0.015575664,0.30129427,-0.40263766,0.013799618,0.5166612,-0.3826808,0.008890458,0.5333355,-0.22677265,0.031745158,0.41805285,-0.19706523,-0.011291635,0.46484968,-0.27897865,-0.004664588,0.6366982,-0.28720525,-0.0056865416,0.698547,-0.15998514,-0.008333338,0.6047322,-0.105733916,-0.036268804
1,sintetico,Right,0.0,0.0,0.0,-0.2952469,-0.047760677,0.022294212,-0.21504888,-0.25590843,-0.0056477124,-0.07229719,-0.27448216,-0.004448944,0.030522214,-0.14577399,0.01615585,-0.28344515,-0.4198747,0.009762314,-0.3051583,-0.62073237,0.0027444058,-0.35576195,-0.80463797,-0.012874219,-0.3673314,-0.9300901,0.0032177728,-0.07970874,-0.5099074,-0.024938863,0.16887783,-0.6089761,-0.013514843,0.26929173,-0.45581526,0.018336559,0.16799249,-0.33243954,0.016329978,0.12841262,-0.4879848,0.0029314673,0.3298272,-0.57887346,-0.033750795,0.44038466,-0.47461292,-0.022574384,0.40046635,-0.37240493,-0.014379607,0.30147445,-0.43746758,-0.00650992,0.48529765,-0.47009423,-0.023228256,0.5249942,-0.3538937,-0.00766633,0.46481645,-0.2985908,0.023541434
1,sintetico,Right,0.0,0.0,0.0,-0.2954989,0.00035515745,-0.009565055,-0.25427014,-0.21678616,-0.00833134,-0.12731709,-0.2894056,-0.00022752162,0.012905222,-0.2393596,0.015230357,-0.3131271,-0.38851956,0.022154635,-0.39798304,-0.60546386,0.002087629,-0.4347097,-0.7694187,0.0032673331,-0.4734155,-0.8808392,-0.0029323094,-0.13527054,-0.5008633,0.007145889,0.06394305,-0.63325775,0.0057651517,0.22106957,-0.5239625,0.019956816,0.17639588,-0.3912975,-0.0288017,0.072592944,-0.477852,-0.0037105936,0.2601776,-0.62368697,0.0049911337,0.3699625,-0.53940916,-0.0005523947,0.35310802,-0.41195312,-0.014399149,0.2519254,-0.4536912,-0.019862588,0.40621662,-0.5598258,0.012076627,0.50826323,-0.47030655,-0.011634814,0.4627605,-0.37705743,-0.02677215
1,sintetico,Right,0.0,0.0,0.0,-0.26601815,-0.13298751,-0.00043453477,-0.14688528,-0.29448444,0.018518109,0.011194826,-0.2960779,0.03915268,0.08246605,-0.17477876,0.028243948,-0.16201684,-0.4883051,0.029459571,-0.13323656,-0.7038487,0.018153116,-0.08902218,-0.8773165,0.014513269,-0.063694306,-0.99796945,0.03444934,0.06024518,-0.5203086,0.010487472,0.30142516,-0.53201646,0.03521533,0.3766538,-0.36393258,0.04231927,0.26378024,-0.29400048,0.005565125,0.27487415,-0.45016423,0.008164949,0.48594606,-0.43980232,0.010796774,0.5478722,-0.32253972,-0.0055031525,0.46982318,-0.23570122,0.012146617,0.40944618,-0.32712305,0.04347821,0.5889568,-0.3264365,0.0019524251,0.63503253,-0.20642956,0.04389835,0.5379301,-0.1664128,0.012782825
1,sintetico,Right,0.0,0.0,0.0,-0.25601986,-0.14099576,-0.021937506,-0.142102,-0.29133725,-0.01371694,0.0287459,-0.25144875,-0.01713835,0.057289347,-0.100393735,0.0041243164,-0.12532029,-0.48914173,-0.02035019,-0.1008953,-0.68405944,-0.015085057,-0.10164262,-0.87855667,-0.026888935,-0.09764874,-0.99522096,-0.038722917,0.09938912,-0.5098889,-0.04567772,0.3150442,-0.53778976,-0.0059950394,0.3710591,-0.356884,-0.042474113,0.27264556,-0.26365134,-0.014349063,0.2672167,-0.41858557,-0.019637434,0.47557816,-0.4575972,-0.011592697,0.5341581,-0.32138595,-0.034559585,0.4650743,-0.22712378,-0.038984913,0.4296593,-0.31308243,-0.020240985,0.59506667,-0.32490873,-0.030994374,0.6385649,-0.20086607,-0.04604411,0.5667043,-0.14790092,0.0047725863
1,sintetico,Right,0.0,0.0,0.0,-0.24925664,-0.12639347,-0.01706392,-0.19229595,-0.3264935,-0.02285074,-0.025715781,-0.36514565,-0.018539216,0.0980316,-0.28098127,-0.028062081,-0.16774496,-0.4863324,-0.024539612,-0.12782536,-0.7187879,-0.025093675,-0.11344052,-0.87502694,-0.0202978,-0.11179999,-0.9937307,-0.0038579225,0.0510455,-0.5280183,-0.008192237,0.32658052,-0.5311884,0.01167358,0.40833262,-0.383669,0.0058337543,0.2811991,-0.28732336,0.01881515,0.26890987,-0.4370581,-0.005541781,0.4863067,-0.4198459,-0.0058216196,0.49480188,-0.27883786,-0.023785543,0.3661434,-0.24613915,-0.00088997086,0.4079525,-0.34726143,-0.02672632,0.5945351,-0.3594517,-0.040921777,0.6695099,-0.24922346,0.011317725,0.6213909,-0.17228083,-0.037064556
1,sintetico,Right,0.0,0.0,0.0,-0.27534738,-0.12872298,-0.018030247,-0.16116552,-0.31454897,-0.04648259,-0.013679744,-0.31529838,-0.03196156,0.07368447,-0.2249585,-0.032991245,-0.15030949,-0.48766539,-0.022318557,-0.13406426,-0.73792064,-0.010043104,-0.11865448,-0.8705837,0.013796074,-0.10424396,-0.9945518,-0.04090777,0.08805864,-0.51042056,-0.025124567,0.3284273,-0.50191534,-0.031982474,0.33522484,-0.33174062,-0.03818654,0.22394995,-0.29746592,-0.015447774,0.25004905,-0.42840272,-0.017014934,0.46203244,-0.42652658,-0.04728958,0.48087668,-0.25693807,-0.01673691,0.3706781,-0.22439063,-0.03714279,0.41091517,-0.33236304,-0.016842358,0.60350055,-0.3131718,0.0041326033,0.60659873,-0.20258635,-0.009316731,0.52331537,-0.13660564,-0.014079049
1,sintetico,Right,0.0,0.0,0.0,-0.27443415,-0.089104354,0.019415282,-0.20595272,-0.28734913,0.036354296,-0.06915818,-0.35996008,-0.023118123,0.07044934,-0.26424295,0.052401755,-0.19763029,-0.4343107,0.012713853,-0.23585959,-0.6935438,0.018467406,-0.2564637,-0.83594716,0.0029328838,-0.22835112,-0.9735789,0.0095463665,-0.011705881,-0.5217658,0.012542181,0.2412626,-0.55801994,-0.0064328015,0.3109388,-0.39390007,-0.0027128004,0.19374125,-0.3101938,0.027703328,0.19901936,-0.47711483,-0.01412377,0.42375103,-0.48369053,0.0163403,0.4686212,-0.34726748,0.003937634,0.37705556,-0.2985932,-0.0050819926,0.3810458,-0.38384485,0.039736282,0.55778337,-0.3964235,-0.0049871705,0.5806418,-0.2883657,-0.007670782,0.5232112,-0.22728519,0.0067426623
1,sintetico,Right,0.0,0.0,0.0,0.27295974,-0.053566407,0.020975292,0.24529529,-0.24668603,0.017807357,0.104604594,-0.33260542,0.0017846182,-0.017692242,-0.28825057,0.030880462,0.26925528,-0.43851557,-0.0030632834,0.29948154,-0.63615423,-0.00847524,0.32666484,-0.79771376,-0.0044345683,0.35074684,-0.9364703,-0.015096095,0.077688344,-0.5338565,0.013335479,-0.15892702,-0.59892416,0.007894539,-0.25031203,-0.4418179,0.013133174,-0.16419056,-0.3572452,-0.0035580792,-0.15504345,-0.48093796,0.0022476118,-0.32787955,-0.5468963,-0.032302305,-0.41265085,-0.40977535,0.009324277,-0.33998027,-0.3257148,0.0048044496,-0.33188972,-0.42221,-0.014738638,-0.48978767,-0.44851425,0.0014885409,-0.55546325,-0.3402649,-0.0010076382,-0.47242895,-0.28562826,0.031942412
1,sintetico,Right,0.0,0.0,0.0,-0.27776593,-0.075729676,0.023316342,-0.24657424,-0.27631328,0.012520174,-0.101659134,-0.35269082,-0.0012530187,0.036055714,-0.3031746,-0.016383016,-0.24352823,-0.4499601,0.025724348,-0.27252227,-0.6823727,-0.0042902613,-0.24980605,-0.849783,0.008957687,-0.2582796,-0.96607023,0.045976833,-0.020001482,-0.54025406,0.02079852,0.19170916,-0.5964346,0.033941127,0.32181898,-0.4824253,-0.00094730424,0.23341331,-0.36901,0.025172682,0.17814039,-0.47925982,0.008220799,0.37453893,-0.5336887,0.013729318,0.44842666,-0.40437564,0.04059152,0.3814405,-0.3100263,0.003264729,0.33987883,-0.4153214,0.008100442,0.5184648,-0.41656527,-0.006873682,0.5700069,-0.3087969,0.022210095,0.49470666,-0.25581214,-0.0013125729
1,sintetico,Right,0.0,0.0,0.0,0.276035,-0.09138208,0.025539456,0.20426197,-0.27148724,-0.023390874,0.02375113,-0.29419756,0.030317249,-0.04465883,-0.17395517,0.007925249,0.24945082,-0.45867276,0.008286046,0.2507564,-0.68049544,-0.026180865,0.27648425,-0.8264954,0.0017621907,0.26817766,-0.9633695,0.031321637,0.02429299,-0.5192083,0.0011175636,-0.22611247,-0.5749115,0.020440862,-0.29988155,-0.4178007,0.008934861,-0.18585509,-0.3151882,0.026359145,-0.1904017,-0.45813066,0.01159475,-0.39280218,-0.52769786,-0.00744294,-0.46967345,-0.41708186,0.009305943,-0.38440302,-0.3052472,0.03548635,-0.35569233,-0.3763512,0.016783223,-0.5485987,-0.40856302,0.0063757175,-0.5747548,-0.28860953,0.046579152,-0.48586994,-0.23254034,0.027995398
1,sintetico,Right,0.0,0.0,0.0,-0.2934264,-0.11475677,0.0025817405,-0.1745545,-0.28065056,-0.0023666036,-0.052004326,-0.3069913,-0.020755954,0.06837372,-0.18720531,0.007480622,-0.18804802,-0.44429573,-0.004601601,-0.21433967,-0.6823988,-0.022123963,-0.19997121,-0.8564785,0.008536484,-0.20287369,-0.9792049,-0.008742095,0.005694297,-0.5131367,0.002544677,0.2625571,-0.545199,-0.0035449318,0.3188266,-0.3861358,0.014015006,0.19968085,-0.31455502,0.0024181982,0.19828989,-0.43744394,-0.016653595,0.39568278,-0.493961,0.0041777245,0.46546343,-0.32988292,0.004742442,0.33881772,-0.28323153,0.0074488344,0.3659347,-0.3575867,0.0165115,0.55957747,-0.39510262,-0.012028157,0.6093936,-0.33458853,0.010154509,0.5725823,-0.2182595,-0.031185841
1,sintetico,Right,0.0,0.0,0.0,0.30664447,-0.008877332,0.004405193,0.28517553,-0.2405634,0.0013684353,0.15296915,-0.30644104,0.0028410992,0.009198425,-0.2798709,0.009280569,0.33986276,-0.37172788,0.02459333,0.4010232,-0.58786374,0.0152061675,0.4708543,-0.74309623,0.027432302,0.5027394,-0.864438,0.026831685,0.1441734,-0.5290973,0.011656332,-0.094168365,-0.6035147,0.014703473,-0.17027648,-0.4571336,0.028007021,-0.08089032,-0.36205614,-0.012315441,-0.076525554,-0.51168925,0.05324503,-0.24818452,-0.5915441,-0.0014421943,-0.36256647,-0.49083823,0.0014934279,-0.28399932,-0.39044964,-0.014144363,-0.25965557,-0.4854221,-0.01360399,-0.42119938,-0.5320425,0.025560323,-0.4895982,-0.40448838,0.04910338,-0.41222814,-0.36205813,-0.0024349315
1,sintetico,Right,0.0,0.0,0.0,0.29658848,-0.07933826,0.019840626,0.20952448,-0.25919092,-0.0071007307,0.06684398,-0.31170726,0.017837064,-0.056256074,-0.23477216,0.007629425,0.24568354,-0.41728216,0.045996457,0.259559,-0.67398363,0.031626143,0.2734418,-0.81408846,0.04160356,0.3069785,-0.9517165,0.017791387,0.03711232,-0.5332831,0.008057123,-0.20490795,-0.5684783,0.007532052,-0.2702767,-0.40541142,0.029247316,-0.14363514,-0.34365615,0.054717317,-0.15544823,-0.46648535,0.03167017,-0.38287273,-0.48475075,0.018691324,-0.3871205,-0.33494934,0.021758117,-0.28524134,-0.3047733,0.024354553,-0.3381736,-0.42588007,0.058286745,-0.5141862,-0.4089675,0.04521088,-0.5303104,-0.28831118,0.029156955,-0.45408294,-0.2576246,0.02667995
1,sintetico,Right,0.0,0.0,0.0,0.2833991,-0.05325599,-0.01847321,0.2125804,-0.29353565,-0.020562053,0.057781566,-0.30792254,-0.003865969,-0.041138213,-0.22897767,-0.009635705,0.21795177,-0.45416936,-0.027809367,0.23692968,-0.6711688,0.0055971257,0.24098417,-0.8586685,-0.003859246,0.24030113,-0.9706984,-0.016301828,0.012389506,-0.5312026,-0.022379218,-0.20985267,-0.5987621,-0.009541039,-0.3316624,-0.45437297,-0.0049701314,-0.2275208,-0.34929878,-0.039744,-0.17843993,-0.47186607,-0.009362894,-0.41462517,-0.5325526,-0.0050924504,-0.48353186,-0.39870894,-0.051440995,-0.4182713,-0.3124767,-0.01213133,-0.38327274,-0.39267564,-0.0044438113,-0.5444588,-0.3926782,-0.0061979718,-0.57005984,-0.26315972,-0.0027805218,-0.46977544,-0.23417239,-0.020209637
1,sintetico,Right,0.0,0.0,0.0,0.2872327,-0.04512721,0.005025263,0.24606566,-0.2616581,0.020039966,0.13602492,-0.35613838,0.0233323,-0.0044914903,-0.28373197,0.025529278,0.26161447,-0.40685,0.012513583,0.3119494,-0.63947755,0.018789535,0.33177006,-0.80278736,0.009791754,0.36465526,-0.9311426,-0.015861886,0.07247331,-0.5104925,0.009017896,-0.15677992,-0.5720673,0.006419686,-0.24211115,-0.41594055,-0.0043988973,-0.118334375,-0.33580455,0.0032889934,-0.124072134,-0.48198897,0.014739477,-0.3507939,-0.5467396,-0.0059343786,-0.42676896,-0.3969477,0.0009517218,-0.3128719,-0.33122662,0.037768226,-0.324524,-0.42148155,-0.013586548,-0.4852956,-0.44743255,0.009551632,-0.5201068,-0.32171735,-0.0064732973,-0.437085,-0.28490645,0.00028584703
1,sintetico,Right,0.0,0.0,0.0,0.2577876,-0.10111792,0.025128074,0.1662504,-0.2990783,0.0111173745,-0.008306653,-0.33725956,0.0030654212,-0.082570046,-0.23705824,0.042802885,0.16942579,-0.46896824,0.058731228,0.1637951,-0.6999131,0.054725215,0.13657998,-0.84470415,0.031925853,0.11547244,-0.9933107,0.015772976,-0.07940875,-0.509922,0.01921678,-0.3005601,-0.54515624,0.027612567,-0.34039098,-0.3469844,0.0130447615,-0.22831169,-0.29239163,0.043721344,-0.2439143,-0.45152375,-0.015451934,-0.45714462,-0.40852374,0.015241304,-0.48260266,-0.27257395,0.034588557,-0.37021405,-0.25724182,0.0055494118,-0.39480245,-0.31174856,0.016221665,-0.5872706,-0.31796503,0.030929571,-0.5919501,-0.20340759,0.047239758,-0.5028365,-0.16585611,-0.0023669412
1,sintetico,Right,0.0,0.0,0.0,0.26692852,-0.11463104,0.0024387292,0.20284961,-0.31786835,0.017182421,0.035536762,-0.39243314,0.012024851,-0.09772878,-0.3198503,-0.0058886046,0.13402982,-0.4862095,0.010527668,0.12467005,-0.7269887,-0.006632273,0.106558725,-0.89770645,0.020857038,0.10100792,-0.9948856,0.023677338,-0.05178837,-0.5255779,0.010589192,-0.32091314,-0.58524615,0.01513625,-0.42288533,-0.43321747,0.037909493,-0.34786516,-0.31174707,0.008533243,-0.25866935,-0.42561832,-0.0035674241,-0.48281547,-0.47430396,0.019866992,-0.5612818,-0.33589455,-0.0064654103,-0.5002939,-0.24001257,0.0077184974,-0.41984817,-0.33783078,0.0017436362,-0.62791365,-0.34440655,0.00016186386,-0.66481745,-0.23021549,0.0071106046,-0.5936865,-0.1613123,0.024800079
1,sintetico,Right,0.0,0.0,0.0,-0.27633348,-0.099956565,0.011297625,-0.16931818,-0.27913716,0.03244994,-0.025372405,-0.27800837,0.009752324,0.070785284,-0.16356508,-0.010048711,-0.21140458,-0.46207234,-0.015480045,-0.20625822,-0.6834895,0.03302661,-0.18078086,-0.84692895,0.014152508,-0.14014679,-0.9901307,0.013056863,-0.0022203617,-0.5236377,-0.00014537129,0.24893087,-0.56727964,0.010051984,0.31836602,-0.40622044,-0.010870197,0.19661571,-0.32160673,0.0120417345,0.1999467,-0.46315908,-0.014003305,0.41863993,-0.4935169,-0.0004047608,0.49229717,-0.3659552,-0.005133424,0.3801172,-0.26482317,-0.048725683,0.37975052,-0.37956393,-0.00019601246,0.55007976,-0.40808532,-0.009401376,0.6469488,-0.32692018,0.002077889,0.6061405,-0.25050628,0.005614535
1,sintetico,Right,0.0,0.0,0.0,-0.25944173,-0.08436089,0.013840831,-0.16927454,-0.29447922,0.011244785,0.0022148467,-0.2751489,-0.018688366,0.05006638,-0.14462885,-0.053075712,-0.17812732,-0.47442245,0.0019332027,-0.19598259,-0.70853555,-0.018052911,-0.1910307,-0.85524595,0.005470467,-0.17176776,-0.98513746,0.010582009,0.027411826,-0.5301695,0.013128292,0.2546759,-0.5641385,0.022965163,0.33194318,-0.3935416,0.015041149,0.2226911,-0.31251872,0.02304011,0.21468957,-0.46790507,0.017265422,0.430778,-0.4653437,0.018623915,0.4591293,-0.32879958,-0.004866554,0.37603384,-0.25778306,-0.02432588,0.38873774,-0.3660451,0.034460805,0.5649034,-0.37084997,-0.0032483276,0.57776564,-0.25618654,0.014921929,0.5037609,-0.205589,-0.012806515
1,sintetico,Right,0.0,0.0,0.0,-0.24750851,-0.11631011,0.01169847,-0.16314204,-0.31514415,-0.020421464,0.020955496,-0.29252526,-0.0011503483,0.07426907,-0.18628226,0.01875488,-0.16725132,-0.47056675,-0.022016184,-0.13932739,-0.72194844,0.015883839,-0.12536123,-0.8807446,0.023114067,-0.1095254,-0.993984,-0.005600202,0.057227083,-0.5080716,-0.0074839783,0.3062973,-0.5409176,0.013974663,0.3808846,-0.39048898,-0.005037654,0.27561435,-0.29573712,-0.038829308,0.2632603,-0.4446468,-0.0036757595,0.47271433,-0.46152383,0.0052001947,0.4975797,-0.30515274,0.009405522,0.4197599,-0.23905466,-0.015867513,0.39824358,-0.32994762,-0.006342397,0.59332776,-0.32906383,0.013098493,0.596903,-0.20250896,-0.003070784,0.52484167,-0.16044119,-0.025973976
1,sintetico,Right,0.0,0.0,0.0,0.2657686,-0.10022895,0.03580564,0.1675483,-0.28167892,-0.016423302,0.008607732,-0.29661447,0.025118427,-0.06281635,-0.14758205,0.020688498,0.197486,-0.44872192,0.010000356,0.21687871,-0.71856344,0.027021838,0.1909723,-0.8751041,0.018428039,0.18051958,-0.9835714,0.03920331,-0.038562648,-0.518784,0.030145204,-0.25767386,-0.5703446,0.02817702,-0.33129987,-0.39305988,0.025231194,-0.2045559,-0.3108671,0.0112372255,-0.2145016,-0.46011052,0.014357601,-0.43641368,-0.5229065,0.024431784,-0.5401989,-0.37913457,0.016710188,-0.46135405,-0.29546183,0.040242877,-0.4050866,-0.3918773,0.021597087,-0.57699203,-0.3727986,0.026771672,-0.60368234,-0.25318372,-0.005806179,-0.5310669,-0.21335673,0.037161704
1,sintetico,Right,0.0,0.0,0.0,-0.2704249,-0.10082908,-0.02762833,-0.1921732,-0.3041002,0.00724544,-0.07106534,-0.37267795,-0.027271446,0.049915925,-0.27922034,-0.00824827,-0.20306523,-0.45850682,-0.020059114,-0.20482711,-0.6867758,-0.008311729,-0.20679191,-0.85911906,-0.019573255,-0.2150656,-0.97659963,-0.02866468,0.0018679678,-0.52246267,-0.0201766,0.2610813,-0.5311977,0.009553988,0.29372427,-0.36087334,-0.008061373,0.1576017,-0.3072112,-0.036856577,0.21047938,-0.44439226,0.002237689,0.4341396,-0.48072556,-0.03034146,0.47290847,-0.32540596,-0.003534439,0.35927975,-0.27272326,-0.0066530523,0.38558677,-0.3671805,-0.0056176586,0.5695104,-0.3617255,0.014663441,0.58546567,-0.22848627,-0.029310526,0.4953905,-0.18663478,-0.0057080993
1,sintetico,Right,0.0,0.0,0.0,0.28655043,-0.005980511,-0.0036328223,0.23763399,-0.22989187,-0.0044910763,0.09655491,-0.26791483,-0.038817257,-0.011458575,-0.15559965,-0.054215673,0.31553215,-0.37033555,0.0041251923,0.3564977,-0.6072805,-0.008825869,0.39552137,-0.7671502,-0.015955316,0.44542038,-0.89532155,-0.0048703537,0.09914988,-0.5161383,0.014221568,-0.078906976,-0.62722343,0.006266135,-0.23737416,-0.4959579,-0.0007220305,-0.1739182,-0.3692736,-0.02935141,-0.08104033,-0.48736957,-0.027339479,-0.29507688,-0.58275604,-0.05257268,-0.37214467,-0.46046698,-0.005811784,-0.32082054,-0.36261454,0.0015449531,-0.28038803,-0.4489839,0.0028076996,-0.44146493,-0.49437025,-0.0051627345,-0.5032952,-0.37862188,-0.018006803,-0.43409744,-0.33017418,-0.02435857
1,sintetico,Right,0.0,0.0,0.0,0.28114793,-0.08066587,-0.008692303,0.23342969,-0.27648383,-0.02740915,0.0942579,-0.32150325,0.0124986945,-0.038141556,-0.27813107,0.017954778,0.23693195,-0.43463865,-0.013974089,0.2560039,-0.6199347,-0.01540356,0.27558202,-0.7984182,0.018895011,0.29462767,-0.9556121,-0.013336823,0.037699714,-0.478555,0.028104438,-0.19622946,-0.5725435,-0.004216163,-0.30092847,-0.4836516,-0.008966564,-0.22875476,-0.33808863,-0.0015772644,-0.16294172,-0.46111193,-0.008967763,-0.3669085,-0.467517,0.016929023,-0.39466593,-0.32703522,0.012813831,-0.28882298,-0.29985783,0.016276725,-0.3266719,-0.3914941,0.00080917845,-0.52209777,-0.42083317,-0.010161273,-0.5837623,-0.34561074,-0.0025045779,-0.50867444,-0.24606544,-0.009636476
1,sintetico,Right,0.0,0.0,0.0,0.293241,-0.09113539,-0.014202666,0.20579986,-0.27986822,-0.044621114,0.0337875,-0.2915309,0.013400055,-0.039020576,-0.16012833,-0.011378468,0.23266561,-0.46064603,0.014909182,0.21992908,-0.69593906,0.001944745,0.17706211,-0.8635618,0.015395115,0.16697273,-0.9859615,0.009080708,0.0070876656,-0.5312899,-0.04269744,-0.23604576,-0.59402776,0.006116651,-0.32150117,-0.44149747,-0.009077503,-0.22749291,-0.3548263,0.014836444,-0.2068746,-0.45950115,0.0057411743,-0.4116305,-0.5323939,0.0059276046,-0.51057065,-0.4211247,-0.007945235,-0.43625274,-0.3109179,-0.01809553,-0.39625743,-0.39497036,-0.01049158,-0.5664715,-0.38921914,-0.032159757,-0.5907762,-0.2678973,-0.012987401,-0.48339754,-0.2348542,-0.026838105
1,sintetico,Right,0.0,0.0,0.0,-0.30570382,-0.035118803,0.0070721633,-0.2832935,-0.24723828,0.023880946,-0.14256632,-0.3485602,0.032997895,-0.0005713415,-0.35142866,0.021481542,-0.286696,-0.39687645,0.007976978,-0.32118833,-0.60947466,-0.020680733,-0.33912438,-0.7837864,-0.032213353,-0.38316512,-0.9236799,0.019270953,-0.08886216,-0.5122417,0.027493708,0.13665375,-0.59979516,-0.010736314,0.24158283,-0.4223848,-0.0010778372,0.14987367,-0.34795064,-0.006173919,0.124603346,-0.48184717,-0.0066460464,0.31824225,-0.5583892,0.022759542,0.40298533,-0.42443013,0.007575345,0.328477,-0.3472378,-0.00035811722,0.29147902,-0.4259179,0.050812565,0.47334334,-0.48451784,-0.021722693,0.5252163,-0.3686178,0.0134168565,0.48903012,-0.32694474,-0.014890195
1,sintetico,Right,0.0,0.0,0.0,0.28137127,-0.07032456,0.0025440052,0.23261236,-0.26116106,0.0051019015,0.07001868,-0.31590554,-0.04436353,-0.044952553,-0.23621093,0.04554151,0.24713126,-0.43680054,0.013511624,0.25572076,-0.6516827,-0.0075277155,0.28478888,-0.83038676,-0.01576124,0.29427627,-0.9557204,0.011215773,0.019900197,-0.5084659,0.003436185,-0.192454,-0.5801176,-0.00294118,-0.2639746,-0.41297686,0.0028500804,-0.1567549,-0.31923416,-0.006181159,-0.15006691,-0.45309722,0.0019569683,-0.3607384,-0.5449968,0.0070889546,-0.4656549,-0.38817358,0.0010310712,-0.36642772,-0.3074983,0.0002024431,-0.3437219,-0.39977196,0.017629629,-0.50185555,-0.45880884,-0.02965679,-0.56287,-0.31103086,-0.017017027,-0.51970875,-0.2625225,-0.0039784373
1,sintetico,Right,0.0,0.0,0.0,-0.27776995,-0.064150296,0.022238858,-0.253529,-0.2695933,-0.0063191024,-0.10740802,-0.341624,0.019199094,0.035604347,-0.27754158,-0.008113447,-0.24013741,-0.42648074,0.013676702,-0.2645766,-0.6368947,0.038353283,-0.29954663,-0.7948504,0.025416994,-0.3244667,-0.9458971,-0.015237258,-0.05152064,-0.4995195,0.026559366,0.18796095,-0.55706143,0.041640006,0.24055472,-0.41031215,0.056734756,0.143665,-0.3284699,0.020778762,0.14321642,-0.4763959,-0.0077064205,0.3653002,-0.51998556,0.020153191,0.42337328,-0.38861346,0.038137157,0.3500512,-0.31771392,0.010524941,0.32359076,-0.40847355,0.02957494,0.47868466,-0.4524905,0.00042053877,0.57122564,-0.36785287,0.01918807,0.5400201,-0.2802166,-0.025129879
1,sintetico,Right,0.0,0.0,0.0,0.28022656,-0.07891848,-0.0451413,0.2294065,-0.27341264,-0.042819183,0.06079413,-0.3616559,-0.04903207,-0.05381878,-0.291389,-0.03684226,0.19778359,-0.43953937,-0.039302904,0.2254849,-0.6707498,-0.056899372,0.2389524,-0.837408,-0.044887457,0.20625673,-0.9784979,-0.027012514,0.008993951,-0.5111006,-0.019798962,-0.25521454,-0.56894374,-0.03713682,-0.31191906,-0.4385559,-0.036531903,-0.24114273,-0.33232397,-0.043791946,-0.19904162,-0.4544416,-0.046237025,-0.4012431,-0.49526376,-0.053447656,-0.50399905,-0.37973994,-0.06446031,-0.44446638,-0.29137453,-0.04969436,-0.36814198,-0.3713422,-0.021924028,-0.55235964,-0.39616808,-0.044888273,-0.6128557,-0.28761232,-0.04353306,-0.52555424,-0.21800563,-0.043869562
1,sintetico,Right,0.0,0.0,0.0,0.26486608,-0.09035881,0.0035321852,0.20332207,-0.27395028,0.0063897087,0.021791961,-0.28655046,-0.017580643,-0.047918174,-0.18158896,-0.02803922,0.2298547,-0.4384494,-0.0062477924,0.22762175,-0.6716997,0.015439958,0.24446473,-0.85244095,-0.010607166,0.22925535,-0.9733663,-0.004694005,-0.0064769206,-0.51962185,-0.015306611,-0.23794395,-0.5749875,-0.019453723,-0.30501273,-0.39428583,-0.0015131161,-0.22324355,-0.33031562,-0.013316703,-0.18420778,-0.46742505,-0.0054472145,-0.4133509,-0.50375247,-0.003841412,-0.48069325,-0.3631549,-0.006312105,-0.38265434,-0.2610798,-0.003063891,-0.36519027,-0.3618343,-0.024851529,-0.5613436,-0.38709557,-0.025793903,-0.57050645,-0.2766878,-0.012336933,-0.50292456,-0.22226752,-0.011965374
1,sintetico,Right,0.0,0.0,0.0,-0.29795986,-0.033445716,0.015565177,-0.2801116,-0.23471913,0.005282102,-0.15260391,-0.30462518,0.016338393,-0.0013148446,-0.26746726,0.0043040845,-0.31214276,-0.3939144,-0.0011121203,-0.36037794,-0.61294055,0.012753842,-0.3990983,-0.7653964,0.035259888,-0.43761343,-0.8991632,-0.009272149,-0.110212,-0.52027434,0.007933329,0.1361011,-0.58009994,-0.0049971025,0.19067974,-0.44316545,0.0032653478,0.11438769,-0.34797913,-0.0042310827,0.10478473,-0.48533806,-0.03978054,0.30425522,-0.5372006,-0.008147278,0.37679303,-0.42243597,0.011240031,0.2612229,-0.33805865,-0.017277755,0.27377027,-0.45453992,0.009969749,0.45562762,-0.47978988,-0.0019453024,0.49475685,-0.37990162,-0.008006751,0.42017952,-0.32757583,0.009725237
1,sintetico,Right,0.0,0.0,0.0,-0.2757196,-0.060396433,0.011528887,-0.20900698,-0.28044137,0.009647061,-0.063454255,-0.31519428,0.0009831092,0.03579458,-0.18048166,0.00030256296,-0.23698503,-0.42325455,0.009327966,-0.2719011,-0.66490227,0.024938624,-0.27757493,-0.8035948,0.013012429,-0.27814558,-0.9605389,0.03295684,-0.042165473,-0.5335689,0.027905013,0.20047937,-0.574903,0.034239724,0.24808852,-0.39594346,0.032008063,0.15169378,-0.32797056,0.035394583,0.17511106,-0.46889037,-0.01193982,0.35669804,-0.5211133,0.019439403,0.43120828,-0.37772122,0.029388601,0.34677628,-0.30692315,0.032537848,0.31818813,-0.40385634,-0.005275167,0.5008228,-0.47074538,0.019612879,0.57909864,-0.36505812,0.009467045,0.54013073,-0.2970394,0.040345892
1,sintetico,Right,0.0,0.0,0.0,-0.28383958,-0.07635162,0.00355048,-0.25565243,-0.29047182,0.010015274,-0.09966898,-0.365117,0.02595794,0.046937607,-0.3278804,0.017822927,-0.22883901,-0.44209677,0.011268321,-0.25789282,-0.6844001,0.014805239,-0.26736543,-0.85403043,0.020483183,-0.27341464,-0.96189624,-0.017245097,-0.026615217,-0.52029026,0.027807182,0.19813956,-0.63617325,-0.0032498776,0.3594954,-0.5164327,0.0030155838,0.2848788,-0.37155825,0.015843341,0.18004571,-0.4700426,0.009038905,0.41419,-0.52720875,0.018240452,0.45585927,-0.36316568,0.012593515,0.37621614,-0.29247043,0.0055384105,0.35247898,-0.38467744,0.03528795,0.54608744,-0.38149637,0.0218589,0.5319156,-0.2593404,0.015216342,0.45564252,-0.2652468,0.021604525
1,sintetico,Right,0.0,0.0,0.0,0.3165791,-0.060779374,-0.0069315284,0.24935926,-0.29374367,0.018425222,0.09758604,-0.36760956,0.02803642,-0.023548711,-0.31318763,0.021245,0.25316617,-0.45232844,0.018093716,0.24236342,-0.70259225,0.041664444,0.20418878,-0.8674217,0.03968499,0.16296265,-0.9866322,0.03472601,0.035975326,-0.545366,0.046347544,-0.21428217,-0.65789443,0.018601887,-0.31628746,-0.5084627,0.010345758,-0.26256165,-0.40085325,0.021125786,-0.17234507,-0.5013473,0.019826494,-0.36606693,-0.559766,-0.007677868,-0.45726177,-0.4201061,0.020688068,-0.35661992,-0.32365036,0.051779944,-0.37731844,-0.42422614,0.04605301,-0.5176942,-0.4600887,0.040859737,-0.59913033,-0.36193702,0.033445437,-0.5313904,-0.26834157,0.058261387
1,sintetico,Right,0.0,0.0,0.0,-0.27002233,-0.099408716,0.03186078,-0.19728635,-0.30264828,0.03551058,-0.06697291,-0.3492788,0.02860349,0.07371323,-0.29670486,0.0050284024,-0.203921,-0.4634492,0.0041306806,-0.19984323,-0.67958075,0.02207929,-0.1952285,-0.8250595,0.021970883,-0.20543414,-0.97867095,0.011937849,0.025731053,-0.50686526,0.040527023,0.23858282,-0.5485419,0.014388644,0.30370906,-0.3493839,-0.008669459,0.19913809,-0.31108397,0.01711764,0.2096121,-0.45681518,0.02799578,0.431439,-0.461267,0.025859594,0.49384126,-0.3346485,0.025740076,0.3782674,-0.26252893,0.04365228,0.39330268,-0.35946205,0.0033605492,0.53872406,-0.3773942,0.014034084,0.602393,-0.28159356,0.044440962,0.53655946,-0.19494683,-0.009806946
1,sintetico,Right,0.0,0.0,0.0,0.2999186,-0.04576841,-0.0018225408,0.26552305,-0.25218374,0.042768423,0.09742679,-0.3253122,-0.013124645,-0.010313577,-0.24928285,0.04843516,0.30914602,-0.4148063,0.018417247,0.32759225,-0.6543748,0.030488227,0.34855908,-0.85038865,0.028447343,0.3326657,-0.9430448,0.024096193,0.106689304,-0.5234302,0.042182405,-0.13992202,-0.60850835,-0.0053191367,-0.22791678,-0.4226315,0.010710115,-0.11730632,-0.35331848,-0.0013454007,-0.12607706,-0.51688373,-0.015941327,-0.34169126,-0.5659063,0.001971198,-0.41570604,-0.43593574,0.04582979,-0.30510977,-0.3621451,0.010414325,-0.2998114,-0.46332043,0.04775059,-0.49333733,-0.4944846,0.04952155,-0.54440457,-0.3711646,0.065261126,-0.44618544,-0.3294539,0.04640006
1,sintetico,Right,0.0,0.0,0.0,0.27730796,-0.09305233,0.007893246,0.17776807,-0.26754528,-0.01901704,0.015875828,-0.23364154,0.0046653347,-0.024373535,-0.09305947,-0.013058153,0.21471335,-0.449302,-0.003739782,0.22206312,-0.68638885,0.025066491,0.22073598,-0.82780254,-0.023265693,0.21125984,-0.9774299,-0.005857969,0.019525291,-0.52171713,-0.02134257,-0.24379596,-0.5677068,0.0008721202,-0.30290863,-0.42447403,0.014800551,-0.1992453,-0.3290508,0.00113021,-0.19601662,-0.45479608,-0.003325615,-0.39275026,-0.49090818,0.019159883,-0.467108,-0.36721298,0.0036329338,-0.36225206,-0.2819579,0.011242581,-0.36462116,-0.39582586,0.009619577,-0.5409431,-0.39195922,-0.046262782,-0.59751505,-0.29100642,-0.002702498,-0.49916428,-0.2300212,-0.018283995
1,sintetico,Right,0.0,0.0,0.0,-0.3038468,-0.04006864,0.018132836,-0.28556448,-0.25392008,-0.008785822,-0.13687676,-0.333023,-0.028065339,-0.0009596105,-0.30879897,-0.011950521,-0.3067729,-0.40587163,-0.012662679,-0.31873307,-0.6728699,-0.010266571,-0.34050205,-0.82987434,0.0043311813,-0.29821122,-0.9544999,-0.04831525,-0.09234289,-0.5296719,0.00464287,0.14336784,-0.6287133,0.010216624,0.25467154,-0.4888333,-0.011019059,0.16473076,-0.37851405,-0.010620552,0.11041227,-0.50254697,-0.024427967,0.31438702,-0.553429,-0.020321598,0.38014475,-0.3932121,-0.008868218,0.27122092,-0.3435865,-0.009934681,0.30342337,-0.4467413,-0.008491353,0.47214347,-0.523284,-0.010048676,0.5706216,-0.4359189,-0.005548964,0.526711,-0.33343253,-0.0073994026
1,sintetico,Right,0.0,0.0,0.0,0.2858129,-0.0465851,0.042257763,0.26878378,-0.24659179,-0.010645588,0.14214125,-0.35592306,0.0050637773,-0.010550403,-0.32511267,0.013908982,0.29044214,-0.40652123,-0.013891715,0.32791343,-0.65127313,-0.02396507,0.32860994,-0.82822496,-0.00813136,0.3301627,-0.94392407,0.013559748,0.07980353,-0.52282757,-0.0040006745,-0.1750479,-0.58911467,-0.0022326615,-0.20896947,-0.39491308,0.01597199,-0.09065641,-0.3443137,-0.011403532,-0.113437995,-0.5017293,3.680088e-05,-0.3240534,-0.578617,-0.022683004,-0.41774824,-0.45593098,0.006564954,-0.3391107,-0.3742004,0.005110783,-0.30312684,-0.43841496,0.014134853,-0.5005252,-0.47822446,-0.016806742,-0.5336353,-0.35462353,-0.0016074125,-0.4420118,-0.3098715,-0.018930545
1,sintetico,Right,0.0,0.0,0.0,-0.3006576,-0.015964713,-0.023727588,-0.29440114,-0.23072162,-0.025629276,-0.15721169,-0.31338182,-0.033889707,-0.014666878,-0.27111322,-0.034910712,-0.3362058,-0.3888173,-0.021579186,-0.3659365,-0.654519,-0.011286892,-0.37673083,-0.8122856,-0.037892886,-0.37193605,-0.92825836,-0.02354513,-0.13941354,-0.5126829,-0.022526447,0.09033859,-0.6497134,-0.019445226,0.20665719,-0.51430386,-0.055987075,0.13366139,-0.39265496,-0.042141203,0.08546956,-0.5298375,-0.049943786,0.26051626,-0.63738513,-0.025202446,0.4124924,-0.5414354,-0.041720938,0.35353082,-0.42553335,-0.034561854,0.2692575,-0.4704981,-0.046909083,0.42870978,-0.5356953,-0.032916747,0.5244618,-0.44351357,-0.045667764,0.4681028,-0.36296493,-0.012377898
1,sintetico,Right,0.0,0.0,0.0,0.28185686,-0.05640956,-0.04794322,0.24647923,-0.24749066,-0.039951198,0.08346084,-0.31073788,-0.04265479,-0.0466669,-0.20968163,0.0009803056,0.27770752,-0.43018097,-0.030808803,0.30285013,-0.6476927,-0.026272029,0.3412601,-0.80500865,-0.04658017,0.3523415,-0.9358715,-0.025258362,0.06356843,-0.5153393,-0.007458115,-0.16021314,-0.62098485,-0.017132603,-0.28578505,-0.4858887,-0.02282191,-0.1929439,-0.37192228,-0.04579575,-0.12786207,-0.49700266,-0.026292186,-0.32565397,-0.59168464,-0.018804641,-0.43969014,-0.5015968,-0.036759917,-0.4368421,-0.39343512,-0.010795036,-0.30861765,-0.42111993,-0.0071656746,-0.49118036,-0.47573432,-0.029456705,-0.566513,-0.3812725,-0.009676461,-0.4887307,-0.30453706,-0.022851484
1,sintetico,Right,0.0,0.0,0.0,0.3104236,-0.04609727,0.010268835,0.23703475,-0.27587005,0.026532765,0.08936043,-0.2889189,0.023892703,-0.029379636,-0.19310938,0.053552676,0.29394716,-0.41857508,0.030559322,0.3090778,-0.68028873,0.054405287,0.27609628,-0.821559,0.034439623,0.25126657,-0.9679179,0.04063598,0.07958551,-0.53659344,0.016480284,-0.11704222,-0.65416795,0.0045144265,-0.26551452,-0.547712,0.014974406,-0.20651868,-0.38770345,0.022283113,-0.11052668,-0.51139396,0.0119779715,-0.34630668,-0.574504,0.0057412134,-0.4160197,-0.42766652,0.029451642,-0.31347615,-0.36083782,0.005670069,-0.3075301,-0.45672417,-0.0031603465,-0.5001979,-0.47831658,0.0037188814,-0.5493241,-0.35684493,0.018562865,-0.43768173,-0.33863044,0.00591216
1,sintetico,Right,0.0,0.0,0.0,0.28540787,-0.042181738,-0.008831203,0.2559604,-0.25636685,-0.0555871,0.101086296,-0.32826224,-0.0054836767,-0.038551416,-0.28331158,-0.016811231,0.2792879,-0.4506953,0.011964459,0.31266013,-0.6615362,-0.0052611656,0.28293252,-0.83953375,0.0008255009,0.29562274,-0.95530474,-0.023907302,0.05735365,-0.5307937,-0.025248358,-0.1775864,-0.59711164,-0.012358041,-0.27745748,-0.4372354,-0.018006556,-0.16594315,-0.34945968,0.010637204,-0.12789133,-0.48765647,-0.014510924,-0.343243,-0.5655257,-0.032579575,-0.46093425,-0.4581264,-0.025880938,-0.37735605,-0.32133985,0.004348048,-0.33273056,-0.44070584,-0.014745964,-0.51593095,-0.49333107,-0.015647361,-0.56823987,-0.3839965,0.0059523256,-0.5301894,-0.298336,-0.027351085
1,sintetico,Right,0.0,0.0,0.0,0.2788107,-0.115220085,-0.017347619,0.20150407,-0.30658183,-0.032069366,0.06687822,-0.39559758,-0.014305336,-0.047133725,-0.36954898,-0.0046584145,0.16917576,-0.4522626,0.005426259,0.13324311,-0.69878215,-0.0011341972,0.1358033,-0.84529936,0.012239607,0.11787149,-0.9930289,-0.021077676,-0.032996975,-0.5071683,-0.010415462,-0.2676953,-0.5294964,0.025234126,-0.35918292,-0.3526413,-0.037833218,-0.23292427,-0.28969544,-0.011742902,-0.24600495,-0.44557667,-0.022670968,-0.4634215,-0.4478205,-0.0072175097,-0.50146735,-0.30769113,-0.011434099,-0.41108263,-0.22863239,0.006850551,-0.39772034,-0.3269648,0.0007362563,-0.5692293,-0.3597778,-0.026800677,-0.63653886,-0.25522402,-0.014145472,-0.5846791,-0.16373007,-0.0037729398
1,sintetico,Right,0.0,0.0,0.0,-0.29529712,-0.09919537,0.024378272,-0.21310273,-0.28614718,0.020647364,-0.053363923,-0.3226424,0.03953741,0.06666966,-0.20305258,0.0102026835,-0.24713743,-0.46865177,0.011662465,-0.19456755,-0.7276128,-0.0011151847,-0.13290806,-0.88768667,0.027717957,-0.065715075,-0.99783844,0.012931765,-0.0094659915,-0.5479222,0.0054063112,0.25799662,-0.583397,0.0070420085,0.32042634,-0.43108132,0.029432015,0.18393536,-0.31995603,0.0012699813,0.21009369,-0.50473887,0.0027946972,0.44651246,-0.5449001,0.0356009,0.51015186,-0.4321735,0.017356724,0.44872788,-0.3285669,0.036615442,0.39066148,-0.39882877,0.014038626,0.5670803,-0.4232434,0.020189893,0.640949,-0.3012223,0.022893084,0.54507643,-0.24966486,0.044030707
1,sintetico,Right,0.0,0.0,0.0,-0.25939623,-0.13399966,-0.02604904,-0.14000668,-0.30766407,0.00041017786,0.013932647,-0.29412344,-0.04016262,0.06825179,-0.1647418,0.024519175,-0.13794072,-0.48696688,-0.008864654,-0.08384606,-0.6997421,-0.048474383,-0.028200733,-0.8543414,-0.017473206,0.0059788055,-0.9999821,-0.019830484,0.09250945,-0.5059359,-0.016548712,0.34223017,-0.544508,-0.012202105,0.38743883,-0.38243064,-0.016650205,0.3090339,-0.27866971,-0.018946014,0.28077036,-0.42426744,-0.024055341,0.48311207,-0.4628022,0.0055086124,0.5600395,-0.31995332,0.011171389,0.4820272,-0.24060391,-0.010559046,0.4344692,-0.3145869,-0.0070221117,0.60629284,-0.30128798,-0.023572398,0.59699154,-0.1749679,-0.005698659,0.51562583,-0.13543732,-0.0033260002
1,sintetico,Right,0.0,0.0,0.0,0.27639386,-0.07111534,-0.01176423,0.23963638,-0.28577656,-0.016662503,0.07364789,-0.33494037,-0.068793364,-0.037987698,-0.24723785,-0.028909096,0.24157543,-0.434383,-0.031803574,0.26904878,-0.66112435,-0.017853286,0.26028273,-0.8225417,-0.037382387,0.2560306,-0.96666867,-0.03360486,0.03323711,-0.50437844,-0.018945316,-0.2023669,-0.57906836,-0.042937867,-0.2874988,-0.4480096,-0.039501112,-0.17546856,-0.3314729,-0.026284127,-0.17336991,-0.47520927,-0.006560177,-0.3874073,-0.54546547,-0.015689047,-0.46487045,-0.42219454,-0.0110914325,-0.41151482,-0.3290703,-0.028523384,-0.35325572,-0.40207225,-0.0038630678,-0.5218694,-0.4132901,-0.059603654,-0.56773895,-0.27706233,0.005216632,-0.46331376,-0.2558917,0.0074474495
1,sintetico,Right,0.0,0.0,0.0,0.28685287,-0.09388163,-0.010088075,0.19950727,-0.29187512,-0.0009345528,0.059793934,-0.31412643,-0.015143629,-0.05444871,-0.22632895,-0.026434017,0.23977579,-0.46348268,-0.018391453,0.23033543,-0.66857475,-0.0048235,0.23779428,-0.83416057,0.00037743105,0.20068482,-0.97965586,-0.017837863,0.038362637,-0.53500766,-0.02989317,-0.21162757,-0.57694805,-0.010376479,-0.30841336,-0.4454199,-0.008180299,-0.2138994,-0.34780028,0.0034660478,-0.1820429,-0.48625132,-0.026029987,-0.38546306,-0.5235902,-0.025860777,-0.4850975,-0.3704166,-0.0038877216,-0.37237749,-0.3090912,-0.021843111,-0.3631536,-0.38555095,-0.022495078,-0.51587653,-0.42839313,0.0037965914,-0.59019834,-0.33886766,-0.03671197,-0.51464754,-0.25477648,0.016173212
1,sintetico,Right,0.0,0.0,0.0,-0.27580142,-0.12261227,0.00054246234,-0.21071662,-0.29636264,-0.021404896,-0.043536004,-0.34020737,-0.012165768,0.08582894,-0.27224368,-0.020375611,-0.17308064,-0.45522636,-0.039514005,-0.16951096,-0.7035167,0.01572515,-0.11953669,-0.86922634,0.0020636434,-0.080817044,-0.99672896,-0.014464292,0.04831765,-0.52498776,-0.03406981,0.27771148,-0.55835,-0.02384911,0.37173742,-0.40227365,-0.03142189,0.27544302,-0.29453307,-0.018624738,0.24484998,-0.4441019,-0.015185076,0.45869988,-0.45410103,-0.025731262,0.5193783,-0.30785,-0.043765143,0.39239082,-0.2531871,0.014331277,0.41211727,-0.34076095,-0.01635781,0.58673114,-0.35912412,-0.012809222,0.64061946,-0.24653707,-0.02704796,0.5343381,-0.19363415,-0.045508105
1,sintetico,Right,0.0,0.0,0.0,0.2650438,-0.13899371,-0.02527806,0.18049955,-0.31858703,-0.0035652798,0.016613008,-0.34540966,0.0027384032,-0.09089767,-0.22427635,0.011718165,0.15125503,-0.456605,0.00037660755,0.1676969,-0.712428,-0.0028614013,0.11086424,-0.85169446,0.00786627,0.13115132,-0.99136233,-0.013640059,-0.054770462,-0.5364992,-0.0013101499,-0.29035702,-0.5327974,-0.019038007,-0.3371349,-0.36524433,0.010672282,-0.24735157,-0.30036953,-0.036001947,-0.24440692,-0.4390856,0.00563492,-0.46666417,-0.4431695,-0.008076079,-0.49914226,-0.28168204,0.008185696,-0.35873204,-0.24559085,-0.021773782,-0.40542063,-0.3389066,-0.006835876,-0.59034336,-0.3154959,-0.0073395697,-0.60414195,-0.19760813,-0.0009346922,-0.50691956,-0.19372581,-0.026355695
1,sintetico,Right,0.0,0.0,0.0,0.27274883,-0.09599174,-0.037096687,0.19168054,-0.27631977,-0.0008636888,0.011902346,-0.31236926,-0.026942017,-0.06887081,-0.19272687,-0.019632874,0.19836198,-0.454679,-0.034972347,0.20970158,-0.715236,-0.009448926,0.19694968,-0.8512512,-0.01192041,0.21586426,-0.9764234,0.0012882836,-0.005778578,-0.5156885,-0.0029269205,-0.2466268,-0.5875829,-0.024436885,-0.3465201,-0.43305275,0.021817701,-0.26843703,-0.3365933,-0.004259496,-0.1967225,-0.45206758,-0.016281521,-0.40796486,-0.52742624,-0.039095845,-0.50511724,-0.40082192,-0.04700213,-0.45217782,-0.29484552,-0.045740917,-0.36791107,-0.36093438,-0.038153864,-0.5668413,-0.38385576,-0.003866169,-0.5634165,-0.23862803,-0.017074216,-0.50084275,-0.23108009,-0.03340171
1,sintetico,Right,0.0,0.0,0.0,0.2902847,-0.08569055,-0.0027162516,0.20900771,-0.28884658,0.004295542,0.063369,-0.32966366,0.025592616,-0.08139972,-0.2569716,0.026945053,0.20592307,-0.46414742,-0.0016245227,0.19368644,-0.67393,0.016201174,0.22139311,-0.85877526,0.009241347,0.23767564,-0.9713446,-0.005690289,0.006624968,-0.5333971,0.004909177,-0.24723624,-0.55683446,-0.00950581,-0.31066048,-0.39315328,0.026671614,-0.19630876,-0.3264498,0.032475658,-0.20442036,-0.4625645,0.0032175428,-0.41796833,-0.5054688,-0.0003372623,-0.49270383,-0.39209706,0.025055064,-0.4070457,-0.30751285,0.027462946,-0.37285993,-0.37655845,-0.007272783,-0.54368067,-0.39239392,0.0071303854,-0.60096437,-0.25941044,0.008458466,-0.49089482,-0.22324187,-0.002151089
1,sintetico,Right,0.0,0.0,0.0,0.27245823,-0.0022006445,0.029322796,0.25591448,-0.1960711,0.01678309,0.14479871,-0.30788428,0.029887125,0.004536417,-0.21687745,0.010016504,0.33519384,-0.36051232,0.0064897803,0.43036053,-0.57135403,0.016574174,0.47029957,-0.7199369,0.02988161,0.5262534,-0.8503278,0.023194898,0.15940121,-0.49672362,0.009399077,-0.046897877,-0.6278284,-0.02193665,-0.1737969,-0.4918714,0.019954477,-0.12621519,-0.38904667,-0.015364457,-0.0428848,-0.51140404,0.007778177,-0.23883083,-0.58831084,0.0054105073,-0.33757848,-0.5202723,-0.0150356805,-0.26938954,-0.3970652,0.013078117,-0.23930697,-0.4577994,0.04105911,-0.38326687,-0.5694597,0.0023194111,-0.4899429,-0.4890401,0.019255565,-0.46936616,-0.39104417,0.044221386
1,sintetico,Right,0.0,0.0,0.0,0.2742497,-0.16359706,-0.005366401,0.15996239,-0.30416587,-0.041012038,-0.003001777,-0.30988988,-0.022280388,-0.07936697,-0.17011276,-0.029817523,0.15215117,-0.46091488,-0.025726518,0.12674022,-0.70769835,-0.032023065,0.124042585,-0.8615505,7.161209e-05,0.09031012,-0.9959137,-0.023475386,-0.07696931,-0.50969005,-0.019590054,-0.33175382,-0.524038,-0.019456146,-0.35955617,-0.35206297,-0.04015076,-0.25770253,-0.29131296,-0.021368612,-0.24183287,-0.42509556,-0.0056039854,-0.47138736,-0.4433652,0.0011790359,-0.50520825,-0.2850322,-0.042134967,-0.3778796,-0.23185064,-0.048263643,-0.42711103,-0.30918688,-0.022135867,-0.5982988,-0.28819218,-0.0048292647,-0.5905609,-0.1691863,-0.01721916,-0.47757134,-0.16936277,-0.011918357
1,sintetico,Right,0.0,0.0,0.0,0.26062575,-0.11292454,-0.008628314,0.18042262,-0.31603092,-0.013966144,0.037586696,-0.39282647,-0.0078010787,-0.095522,-0.33438706,0.00018061987,0.117100105,-0.4800567,0.005841025,0.10769984,-0.71274686,-0.011348461,0.11587692,-0.8545171,-0.024772098,0.09766354,-0.99521947,-0.059886895,-0.08495242,-0.5135497,-0.0020183616,-0.30722913,-0.5803437,-0.010157465,-0.42352745,-0.435863,-0.01653103,-0.3861994,-0.31714243,-0.031310864,-0.25700518,-0.40806857,-0.0022472802,-0.46868134,-0.45278543,-0.023737065,-0.5275617,-0.29176152,-0.019819954,-0.43778077,-0.21573208,-0.020199096,-0.42403823,-0.3120366,-0.011306342,-0.6062605,-0.3175117,-0.039407942,-0.67028373,-0.24462481,-0.009325055,-0.61921513,-0.18158764,-0.031888142
1,sintetico,Right,0.0,0.0,0.0,0.28841782,0.0008449784,-0.032310784,0.29096633,-0.22161438,-0.010009614,0.15788539,-0.33004576,-0.033474833,0.034707993,-0.2869644,-0.04539694,0.31297734,-0.381475,-0.051854517,0.39088628,-0.60004675,-0.036711473,0.40862072,-0.7947691,-0.02181209,0.40539846,-0.9141401,-0.011342288,0.11781884,-0.49643555,-0.034487046,-0.068058096,-0.6382279,-0.014334537,-0.2395932,-0.52432096,-0.03851512,-0.17681003,-0.37149984,-0.048125874,-0.068462886,-0.49917343,-0.05701474,-0.26571316,-0.59918255,-0.043461207,-0.35249472,-0.44787693,-0.05637684,-0.2664867,-0.381053,-0.0008434548,-0.26866925,-0.4747745,-0.027443476,-0.4382668,-0.517778,-0.03650507,-0.4973209,-0.4351734,-0.0057139774,-0.45196906,-0.34245625,-0.056946203
1,sintetico,Right,0.0,0.0,0.0,0.2754479,-0.14568518,-0.020595552,0.17263797,-0.32951573,-0.037982978,-0.011058023,-0.34655175,-0.036509003,-0.12177952,-0.26329803,-0.0168433,0.15953584,-0.5012213,-0.04459951,0.06889301,-0.72543746,0.010180382,0.024114506,-0.87815386,-0.0019395464,-0.057374466,-0.9983527,0.010605109,-0.10043189,-0.53598416,0.008905111,-0.33410153,-0.55667675,-0.024529058,-0.39630374,-0.3911022,-0.032872934,-0.28107506,-0.29420203,-0.062035587,-0.28423858,-0.4371567,-0.025405137,-0.48161814,-0.39296666,0.009618346,-0.47480157,-0.25041533,-0.032204054,-0.34636107,-0.25111198,-0.022239424,-0.43773782,-0.32537404,-0.027797181,-0.612509,-0.28707567,-0.012807165,-0.61039495,-0.17483221,0.0018849106,-0.5349986,-0.14841425,-0.043675326
1,sintetico,Right,0.0,0.0,0.0,-0.329285,-0.02946209,0.027697511,-0.29626566,-0.24648434,0.025163623,-0.16446142,-0.3447564,0.012908922,-0.036096677,-0.33027226,0.03744635,-0.32926136,-0.40966523,0.006381659,-0.34585682,-0.65207046,0.012290558,-0.34639597,-0.81722635,0.036780573,-0.3440939,-0.9389352,0.03925045,-0.1270204,-0.5349915,0.010526853,0.12560965,-0.62074655,0.027645145,0.20319377,-0.4589137,0.010808651,0.11227507,-0.3803663,0.02049345,0.06434642,-0.5057737,0.026176019,0.28892097,-0.61894876,0.033113632,0.40694806,-0.47601253,0.029069487,0.32273108,-0.36973503,0.028330026,0.3078496,-0.45374325,0.0058170618,0.48202997,-0.4943762,0.030247346,0.50026405,-0.3765483,0.03295872,0.4156144,-0.35012963,0.035255037
1,sintetico,Right,0.0,0.0,0.0,-0.30284545,-0.047376323,-0.0028443388,-0.2629004,-0.24267219,-0.01780405,-0.14458679,-0.33524278,-0.052277554,0.0019823904,-0.28403893,-0.02242114,-0.32230088,-0.39409238,-0.021193013,-0.33591226,-0.6349514,-0.026913522,-0.36487037,-0.8284618,-0.036425713,-0.3778205,-0.9258789,-0.033113424,-0.09744227,-0.51049525,-0.037539028,0.10116096,-0.6291639,-0.045610663,0.25714394,-0.54273677,-0.0055037877,0.23174803,-0.41394168,-0.013229067,0.08077737,-0.50748754,-0.03187237,0.29160696,-0.59700555,-0.021696433,0.40941894,-0.47535935,-0.02109712,0.336278,-0.3692653,0.010099268,0.2660844,-0.4685252,-0.0133847175,0.4568495,-0.5197565,-0.013988446,0.52917284,-0.396601,-0.026714817,0.4686646,-0.34542292,-0.034260105
1,sintetico,Right,0.0,0.0,0.0,-0.29919276,-0.013135201,0.041692648,-0.28741318,-0.21194907,-0.014058103,-0.110537,-0.26094076,0.006590985,0.010354376,-0.16477633,0.019395594,-0.35805216,-0.38240138,0.015983209,-0.43037564,-0.5853224,0.009770343,-0.46255937,-0.75003135,0.01605246,-0.4910649,-0.871123,0.0006968108,-0.16866839,-0.49207032,0.0250194,0.02597726,-0.6513959,0.019273888,0.17809394,-0.53882515,-0.013036246,0.13480373,-0.41299087,0.0047242334,0.019129306,-0.5088814,-0.023553206,0.24890338,-0.60460037,0.022884551,0.34389353,-0.48217663,0.0032514532,0.2653071,-0.38662413,0.020266678,0.24121481,-0.4933992,-0.0017960186,0.40546626,-0.54817235,-0.028228186,0.46736258,-0.4555328,0.039764162,0.38420194,-0.37348703,0.0018421256
1,sintetico,Right,0.0,0.0,0.0,-0.29002425,-0.10087072,-0.047547016,-0.23682378,-0.2921887,-0.021670667,-0.10003994,-0.3702448,-0.02955482,0.077629395,-0.2900622,-0.057604566,-0.21261661,-0.45352617,-0.01632895,-0.19326285,-0.7001266,-0.056800548,-0.17138825,-0.84685844,-0.031216942,-0.15854262,-0.98735213,-0.009337451,0.0044655,-0.53270495,-0.03495305,0.25091857,-0.5442179,-0.04081026,0.2784341,-0.35418448,-0.014100967,0.14164864,-0.33557045,-0.030556316,0.19142598,-0.48149067,-0.03299422,0.4229217,-0.5253696,-0.0066616954,0.50048035,-0.373196,-0.044940963,0.41045848,-0.2984671,-0.033849176,0.37199995,-0.3769705,-0.013065088,0.5635172,-0.40752247,-0.045954555,0.6139095,-0.28277484,0.0011806809,0.51525086,-0.21632151,-0.03004425
1,sintetico,Right,0.0,0.0,0.0,-0.2819397,-0.10614765,-0.0035886902,-0.17717631,-0.29721272,0.0103754625,5.7088237e-06,-0.30344868,0.025314698,0.06400683,-0.18228155,0.021388074,-0.18679343,-0.4740843,0.047529083,-0.16495359,-0.6801886,0.021243751,-0.12632118,-0.85846025,0.009933249,-0.091937326,-0.9957648,-0.0020210764,0.04779858,-0.5084647,0.032300357,0.29590014,-0.55364466,0.014700437,0.3578881,-0.38995895,-0.0075509683,0.2449208,-0.31312785,0.015120549,0.22452158,-0.43980312,2.0071524e-05,0.43497252,-0.49212286,0.008476655,0.5116543,-0.3377634,0.014882195,0.4140676,-0.25483403,0.0013633936,0.40737686,-0.34251562,0.0075571765,0.57735443,-0.3588305,0.0037524495,0.62486297,-0.24097478,0.004150442,0.5349249,-0.1719598,-0.00016211947
1,sintetico,Right,0.0,0.0,0.0,0.2512168,-0.15331908,0.021665808,0.1467049,-0.34623426,0.000585804,-0.024136934,-0.35588983,-0.0005618051,-0.13228758,-0.24104714,0.00659485,0.10996742,-0.48327255,-0.009090996,0.08603583,-0.7024941,-0.009836551,0.044774376,-0.87692934,-0.0013726858,0.00445245,-0.9999901,-0.014094009,-0.11767757,-0.53047687,-0.0034018867,-0.3631557,-0.49962223,0.030139528,-0.37550133,-0.31914753,0.016267246,-0.2545883,-0.26338354,0.0049056583,-0.29550505,-0.39369634,0.02414034,-0.515947,-0.39042348,-0.012616805,-0.5419469,-0.25592205,0.038659662,-0.42928055,-0.18493618,-0.0069809314,-0.45607963,-0.28856826,0.031133162,-0.61185133,-0.23614527,0.031065065,-0.61852866,-0.1118647,-0.026974829,-0.5140104,-0.12843609,0.022832109
1,sintetico,Right,0.0,0.0,0.0,-0.29478225,-0.0372513,-0.038506247,-0.2724813,-0.25942615,-0.03177715,-0.11833802,-0.3159381,-0.023517387,0.0209533,-0.25410008,0.002844516,-0.2827699,-0.41935748,-0.040996827,-0.31393564,-0.6395841,-0.02044825,-0.3592751,-0.7912985,-0.011803121,-0.3848289,-0.92298794,-0.015492346,-0.07245623,-0.4957226,-0.014832134,0.15478823,-0.59132934,-0.012041557,0.23441404,-0.41247502,-0.035571616,0.13074471,-0.33675656,0.0045175026,0.1184051,-0.48851663,-0.027641876,0.31589898,-0.5825048,-0.030014126,0.42545953,-0.46353024,-0.0015634205,0.39687595,-0.34632254,-0.036927477,0.3071656,-0.42485648,-0.019929264,0.49519438,-0.47853622,-0.038576946,0.5238306,-0.3783376,0.019381406,0.4543821,-0.29040024,0.015616853
1,sintetico,Right,0.0,0.0,0.0,0.28431028,-0.081001505,-0.024250722,0.2273007,-0.27567345,-0.015400441,0.06355951,-0.32233226,-0.034750365,-0.055149704,-0.24995331,-0.03823699,0.22626707,-0.46739304,0.0034601006,0.22184163,-0.6759099,-0.035904747,0.22024392,-0.8502258,-0.013702476,0.24388006,-0.9698054,-0.015386924,0.016032584,-0.52107185,-0.0055502774,-0.21939212,-0.5947717,-0.04882929,-0.29492658,-0.43077612,-0.009885141,-0.19873834,-0.3470972,-0.024385493,-0.17403391,-0.47218952,-0.03266308,-0.41068643,-0.5192978,-0.02733044,-0.48431125,-0.3880059,-0.0076615424,-0.3909246,-0.2809885,-0.012328751,-0.34607843,-0.39902943,-0.025453137,-0.5340981,-0.4082566,-0.040899746,-0.5725522,-0.29485667,-0.039821845,-0.5068679,-0.23723054,-0.011995898
1,sintetico,Right,0.0,0.0,0.0,-0.2828565,-0.037129775,0.021678958,-0.24662772,-0.25537282,0.022433361,-0.15029354,-0.35950404,0.009801988,0.001799856,-0.31923237,0.052317977,-0.30121005,-0.4127112,0.025195053,-0.32921767,-0.6195465,0.037012417,-0.39440715,-0.79608876,-0.0067018345,-0.3911043,-0.9203464,-0.006847771,-0.09043055,-0.5031106,0.02570753,0.13541336,-0.5659614,0.04929726,0.18201317,-0.36824837,0.0008459114,0.060516838,-0.34129453,0.020351522,0.10738795,-0.4825362,-0.0029621567,0.31725278,-0.5553834,0.0057727993,0.40671664,-0.41027322,0.021192668,0.30753195,-0.34737235,0.009595259,0.31170103,-0.42582393,-0.0041532773,0.4689156,-0.48772347,-0.0045320163,0.5348551,-0.38048482,-0.013970824,0.42442876,-0.3112006,0.025986949
1,sintetico,Right,0.0,0.0,0.0,-0.2724885,-0.07092391,-0.0036218138,-0.21478522,-0.2781791,0.011309885,-0.061136447,-0.3072703,-0.040189087,0.0431638,-0.19838095,0.0015469118,-0.19962317,-0.46194187,0.006654367,-0.20640457,-0.6824162,0.0057050646,-0.24172324,-0.86183184,-0.01830376,-0.19820715,-0.9801602,-0.0017603466,-0.022100275,-0.53234166,-0.024900367,0.22286257,-0.61315405,-0.016270079,0.33671975,-0.45247707,-0.029678995,0.24749759,-0.34441823,-0.024596581,0.18194373,-0.48560917,-0.015340672,0.416453,-0.5211669,-0.019809911,0.42413053,-0.3521362,-0.02459883,0.33675757,-0.3137739,-0.03426778,0.34652817,-0.376525,0.02402946,0.5517531,-0.4079536,-0.019982016,0.60229343,-0.27712846,-0.005133173,0.5086658,-0.25659865,-0.042480845
1,sintetico,Right,0.0,0.0,0.0,0.2735631,0.03688886,0.0004952758,0.28246284,-0.15711302,-0.02109706,0.13890702,-0.2539773,-0.0074660294,0.035331924,-0.15661344,-0.017627878,0.37678176,-0.31672713,-0.04350101,0.48619658,-0.5024155,-0.0065435,0.56313866,-0.68280834,-0.03272373,0.6272224,-0.7788402,-0.0082321055,0.22792661,-0.46131876,-0.03635781,0.03990449,-0.6330518,-0.024047613,-0.11084836,-0.5390642,-0.01973007,-0.08048124,-0.4200469,0.004951375,0.029350527,-0.519962,-0.021238076,-0.14718631,-0.65056753,-0.029410107,-0.28713188,-0.5435847,-0.007686944,-0.24440138,-0.44736516,-0.01646061,-0.17219795,-0.5181568,-0.0012542024,-0.33370966,-0.58016694,-0.028457893,-0.41809475,-0.48331827,-0.010003541,-0.354074,-0.41245893,0.024086531
1,sintetico,Right,0.0,0.0,0.0,-0.27929756,-0.080148324,0.015439822,-0.24385327,-0.27167153,0.03010601,-0.07032473,-0.34424788,0.0054349382,0.040833786,-0.25563172,0.017147692,-0.24256322,-0.42638782,0.019934755,-0.2776329,-0.6550494,-0.0025166753,-0.27634767,-0.81014097,0.010643121,-0.2942614,-0.95572495,-0.0013224232,-0.044845518,-0.53460854,0.028681828,0.1770707,-0.6267341,0.00053738174,0.3146187,-0.5049798,0.019543923,0.26026633,-0.3800998,-0.0070993993,0.17643762,-0.47140357,-0.0030328059,0.3722284,-0.54692787,-0.0038001952,0.45775038,-0.44474506,0.0103345085,0.3989296,-0.34872892,0.017778926,0.33740354,-0.40768078,0.020699525,0.5142181,-0.410031,-0.013151783,0.5778006,-0.30592954,0.012250208,0.46936452,-0.24449718,0.0030320191
1,sintetico,Right,0.0,0.0,0.0,0.29793468,-0.047507036,0.0019345027,0.25913036,-0.24341804,0.02251333,0.0859872,-0.26965442,0.012761747,-0.01297911,-0.22300968,0.032728706,0.29153374,-0.4035192,0.016797345,0.3622387,-0.6166268,-0.0016543443,0.4027635,-0.76861423,0.006859703,0.44396457,-0.8960443,0.0018830796,0.09660651,-0.501784,0.01624526,-0.11069205,-0.62852454,0.0088899685,-0.23492773,-0.47977778,-0.002935889,-0.1615693,-0.3576267,0.0080100205,-0.084761985,-0.5057147,0.015784992,-0.30802506,-0.57342637,-0.009427259,-0.40073767,-0.45403755,0.013308232,-0.33963627,-0.35181084,-0.019258263,-0.27324829,-0.43342757,0.026855117,-0.44584322,-0.47279814,0.016918823,-0.48453295,-0.36467215,0.03585207,-0.3974776,-0.31971565,-0.011319977
1,sintetico,Right,0.0,0.0,0.0,-0.32281765,-0.026188467,0.012721554,-0.25235665,-0.23819908,-0.0016411177,-0.089884676,-0.27934092,-0.017055234,0.009359872,-0.18213256,0.0032397672,-0.32273692,-0.3987541,0.023054881,-0.34077075,-0.65839624,0.0050062872,-0.40290266,-0.80765265,0.0055117933,-0.37257186,-0.9280034,-0.0015636646,-0.10979707,-0.51361865,-0.011689516,0.12687877,-0.6268039,-0.012286185,0.24441928,-0.51939243,-0.025553266,0.15970458,-0.3797431,0.025490824,0.09009009,-0.5171297,0.012586141,0.31633118,-0.61854845,0.0057642832,0.41370243,-0.48587924,0.009590165,0.32858953,-0.3933078,0.010379174,0.27145052,-0.46315473,-0.008904567,0.4601065,-0.55065596,-0.0015563641,0.5281525,-0.44529185,-0.004230517,0.50211346,-0.3663544,0.049372938
1,sintetico,Right,0.0,0.0,0.0,0.28911123,-0.076932594,0.01766383,0.20101973,-0.2834938,0.02280951,0.052923817,-0.3111429,-0.0015306299,-0.032788817,-0.17617962,-0.0035594124,0.23944838,-0.44465473,0.0018199442,0.25425377,-0.65705305,-0.036940746,0.27844554,-0.8298855,0.0039457334,0.290685,-0.9568188,0.010627765,0.04346364,-0.505502,0.0018816096,-0.2190977,-0.57513165,0.004921335,-0.25740352,-0.38962868,-0.0009732105,-0.13705076,-0.3270115,-0.030640192,-0.16155592,-0.46509632,0.02493557,-0.38367438,-0.48438036,-0.0058989003,-0.4317324,-0.36955145,-0.009694565,-0.3340171,-0.29595578,0.020309664,-0.3504008,-0.39706644,0.014549797,-0.5090395,-0.4680613,0.003833871,-0.59426165,-0.34203342,0.0113708535,-0.5485438,-0.25457147,-0.017852882
1,sintetico,Right,0.0,0.0,0.0,0.2772223,-0.09748499,-0.04604255,0.22495675,-0.31156135,-0.051008645,0.05072892,-0.333232,-0.015187898,-0.05903963,-0.2431032,-0.026480693,0.245029,-0.46577275,-0.028464044,0.21757576,-0.69339955,-0.015053338,0.18944773,-0.8455697,-0.02230079,0.14077337,-0.99004185,-0.025445838,0.00903895,-0.51930267,-0.04873141,-0.21680723,-0.6030903,-0.05322887,-0.33735785,-0.45450667,-0.03664644,-0.25797397,-0.3400326,-0.043225773,-0.1845362,-0.48651484,-0.020030301,-0.40404555,-0.5336823,-0.055467233,-0.48256904,-0.40186104,-0.03230631,-0.43632823,-0.3126753,-0.027609447,-0.3600338,-0.3974879,-0.0253231,-0.5302853,-0.38737428,-0.017806696,-0.5859942,-0.3011862,-0.030239306,-0.49820256,-0.23968345,-0.03608203
1,sintetico,Right,0.0,0.0,0.0,0.27156615,-0.06612942,-0.054776553,0.19263898,-0.28143385,0.00998863,0.051354375,-0.283016,0.0021507675,-0.04852609,-0.1690841,-0.023136554,0.2419687,-0.42900133,-0.020472636,0.2519848,-0.6579939,-0.0061187544,0.27821374,-0.8336252,-0.0057155797,0.2785292,-0.96042776,-0.023224145,0.03177948,-0.5268641,-0.037994646,-0.20941412,-0.5488607,0.018065166,-0.2523352,-0.38038072,0.0006697467,-0.134429,-0.3300684,-0.011341337,-0.16795649,-0.47574005,-0.011056983,-0.37887046,-0.53184915,-0.004361582,-0.4555027,-0.3837613,-0.0025620894,-0.37877837,-0.30703023,-0.04505143,-0.34342077,-0.39979914,-0.0189712,-0.520039,-0.41473502,-0.020533433,-0.5671496,-0.3301623,-0.016124422,-0.49818438,-0.2519985,-0.0021153104
1,sintetico,Right,0.0,0.0,0.0,-0.2523752,-0.14326581,0.023231598,-0.18249854,-0.34922326,0.02029863,-0.03956872,-0.3944324,0.046740893,0.10463384,-0.34230793,0.029252898,-0.11345989,-0.4875983,0.032422572,-0.09651849,-0.71274704,0.029894773,-0.05448318,-0.8809949,-0.0068421187,-0.04176437,-0.9991275,-0.004537404,0.093379796,-0.5120453,0.024729049,0.32698005,-0.5305341,0.035143964,0.40100625,-0.35727426,0.02619061,0.31221336,-0.28196985,0.015218428,0.29199556,-0.42847472,0.026095608,0.49069208,-0.42820397,0.024582429,0.54416084,-0.23882505,0.043870937,0.40386614,-0.21327996,0.042894673,0.43598345,-0.30385467,0.020635596,0.6104256,-0.2681725,0.0294157,0.6164148,-0.15543132,0.0351028,0.5188594,-0.13766797,0.037691455
1,sintetico,Right,0.0,0.0,0.0,-0.29315072,0.011729032,-0.027507091,-0.2555944,-0.21366942,0.0016855748,-0.0987462,-0.25055286,0.0004994305,0.0011423865,-0.14721207,-0.023952154,-0.34421623,-0.34868348,-0.016273377,-0.43365067,-0.5675965,-0.024400473,-0.47940117,-0.72229636,-0.007941604,-0.5502764,-0.8349826,-0.019892137,-0.15400717,-0.47858852,-0.023492659,0.057112165,-0.62129897,-0.0160068,0.14731847,-0.45890367,-0.042297482,0.055728488,-0.34021422,-0.01797695,0.021852853,-0.48002255,-0.0062642843,0.20906909,-0.6329776,-0.01452346,0.34749854,-0.52882445,-0.0013877283,0.31630635,-0.42723787,-0.022843905,0.23144135,-0.48667243,-0.024167687,0.37730047,-0.5593778,-0.034791656,0.46378648,-0.46303618,-0.023303183,0.42300743,-0.38818905,0.014987268
1,sintetico,Right,0.0,0.0,0.0,-0.2684047,-0.112055786,-0.0024053156,-0.18993509,-0.30550706,-0.006098523,0.0003809136,-0.31271344,-0.021614736,0.090378106,-0.23344511,-0.017987171,-0.18103899,-0.47647202,0.00029115015,-0.16797423,-0.6872031,-0.032667436,-0.16592725,-0.8698723,-0.03415579,-0.17259222,-0.98499334,-0.02287169,0.046329424,-0.5189724,-0.0049504526,0.27759296,-0.5788735,-0.030842608,0.37924924,-0.42340633,-0.01994748,0.30153078,-0.3183539,-0.017927729,0.22781318,-0.45197904,-0.0333249,0.43433863,-0.5104984,-0.05761319,0.5399174,-0.38516456,-0.03357398,0.48057085,-0.27310774,-0.0116755655,0.40635353,-0.34457126,-0.007843987,0.5851842,-0.37190038,-0.0077041746,0.6309873,-0.24805135,-0.005744484,0.53993547,-0.17100008,-0.026768055
1,sintetico,Right,0.0,0.0,0.0,-0.26595557,-0.12667623,0.005829676,-0.18791868,-0.31659672,-0.03562104,-0.0116507765,-0.37142038,-0.027790232,0.10255986,-0.278512,-0.041260764,-0.14124276,-0.47493342,-0.0026685994,-0.109979205,-0.710006,-0.041454438,-0.08034774,-0.85964507,-0.045549504,-0.06728323,-0.9977339,-0.035248835,0.061028153,-0.51143366,-0.044922657,0.3316448,-0.5437343,-0.014577293,0.38857275,-0.37679154,-0.03505488,0.27444774,-0.28748068,-0.044197723,0.2538937,-0.43576655,-0.019317178,0.47274527,-0.41585198,-0.018426873,0.50260013,-0.27130193,-0.04690704,0.38417104,-0.23220749,-0.029457524,0.43343005,-0.32534307,-0.019811729,0.60759616,-0.31163254,-0.024070928,0.6261376,-0.17464198,-0.023658266,0.5372042,-0.13556454,-0.0008853903
1,sintetico,Right,0.0,0.0,0.0,-0.29120946,-0.06298228,-0.008432816,-0.19047539,-0.25728717,-0.025533022,-0.015665982,-0.24068111,-0.033326752,0.0483733,-0.11253779,-0.022142986,-0.25006515,-0.4539396,-0.040411938,-0.22814961,-0.6888361,-0.03221003,-0.26031464,-0.862897,-0.05519832,-0.29132682,-0.95662355,-0.05992054,-0.019795287,-0.52541167,0.0122663565,0.1977799,-0.6343589,-0.027943663,0.3375479,-0.4864093,-0.025452035,0.25600618,-0.35726348,-0.02960591,0.18193983,-0.47610435,-0.043729212,0.391237,-0.52367985,-0.034502372,0.4583527,-0.38853347,-0.027445503,0.38802403,-0.29090756,-0.0325457,0.36404935,-0.40099284,-0.042390116,0.5405405,-0.40911564,-0.020564955,0.56906664,-0.30451497,-0.025723577,0.50328827,-0.22949141,-0.022099141
1,sintetico,Right,0.0,0.0,0.0,-0.28671876,-0.006253624,-0.03969549,-0.2820305,-0.1963419,-0.023581492,-0.13814464,-0.28292271,-0.016161049,-0.019408055,-0.19868849,-0.020837769,-0.34026697,-0.3642208,-0.025001794,-0.4104873,-0.5730832,-0.016875578,-0.46853492,-0.7529423,-0.0058301184,-0.505802,-0.8626496,0.0011701323,-0.16648737,-0.5063759,-0.021869382,0.052161086,-0.60693544,-0.034878936,0.19511537,-0.5021532,0.0011515623,0.1293919,-0.39552328,-0.038892046,0.04544431,-0.49631327,0.0050766384,0.25880805,-0.57669467,-0.0017671833,0.32617244,-0.4311445,0.00045965397,0.22607045,-0.3578206,-0.011865505,0.24669547,-0.46313766,-0.054756034,0.41869965,-0.5404228,-0.03830166,0.5070429,-0.4705006,-0.017667817,0.43711942,-0.37667322,-0.032729737
1,sintetico,Right,0.0,0.0,0.0,-0.26550886,-0.10031426,-0.02677791,-0.19074522,-0.31881988,-0.015337009,-0.042534605,-0.3488021,0.019363524,0.060734194,-0.2439168,0.020532386,-0.18663394,-0.48365727,0.009544478,-0.17796995,-0.685807,0.013819008,-0.17617953,-0.86231273,-0.034763355,-0.16500431,-0.98629284,-0.020199867,0.019450255,-0.5136939,-0.009614552,0.2633912,-0.58192044,0.035654727,0.34613565,-0.4149047,-0.009647464,0.23378737,-0.33291984,0.007917212,0.21910113,-0.45433706,0.0018320591,0.43244147,-0.517586,0.0014626894,0.5166486,-0.39657557,-0.004840312,0.43625543,-0.28146917,-0.024372552,0.3885427,-0.38080183,-0.049294267,0.5547042,-0.36346763,0.016831437,0.59403336,-0.24715221,-0.014684728,0.49373055,-0.20374572,-0.035447393
1,sintetico,Right,0.0,0.0,0.0,0.29514092,-0.03716908,0.0031863945,0.23798789,-0.24803166,-0.0022801477,0.08079656,-0.3382456,0.0006174171,-0.042226613,-0.2161486,0.008462829,0.27078378,-0.43388996,-0.006743373,0.34026286,-0.63141674,-0.013535165,0.3530321,-0.81629723,0.00060429674,0.35038775,-0.93660474,0.0025395867,0.06968205,-0.5194176,0.0074512414,-0.14360274,-0.59158224,-0.036723785,-0.25052142,-0.45912945,-0.010768531,-0.15100957,-0.37498724,-0.025739344,-0.13228641,-0.503168,0.0018706748,-0.3458379,-0.5415384,0.0046844925,-0.39798778,-0.3973275,-0.012311407,-0.29241848,-0.3294283,-0.02003342,-0.33407894,-0.45064592,0.0024818196,-0.45122036,-0.49914467,-0.009914778,-0.5552741,-0.40160075,0.016564174,-0.4980713,-0.305139,0.022446422
1,sintetico,Right,0.0,0.0,0.0,-0.3046544,-0.058437213,0.01685455,-0.2249278,-0.2498582,0.01407954,-0.0680263,-0.2881943,0.014837679,0.01918628,-0.19055252,0.028529672,-0.26972294,-0.41961348,0.014296443,-0.30191907,-0.65765303,-0.009126517,-0.3279815,-0.7969459,0.01848477,-0.335386,-0.9420808,0.005559537,-0.07489069,-0.5239718,0.02992626,0.17434931,-0.56246567,0.03475616,0.2324005,-0.39023757,-0.011776726,0.0962296,-0.34452936,0.010089822,0.1530523,-0.4922629,0.02769434,0.33336198,-0.5621355,0.00018157964,0.41848305,-0.403407,0.034396514,0.32759026,-0.31451437,0.038559623,0.31982136,-0.41245767,0.019647934,0.48596632,-0.47565272,0.010094826,0.55904865,-0.36085284,-0.0138959205,0.49321675,-0.2881978,0.034886185
2,sintetico,Right,0.0,0.0,0.0,-0.25911593,-0.062236127,0.00045213685,-0.18221076,-0.25580427,0.006723436,-0.04702989,-0.24511302,0.0051065832,0.018408386,-0.112073794,0.01792341,-0.2236757,-0.41725472,-0.036316946,-0.20111595,-0.6248444,0.0033827275,-0.17651783,-0.762549,0.0043847063,-0.12472989,-0.8943273,-0.0060500945,-0.027094217,-0.48053756,-0.035345335,-0.02616983,-0.72566193,-0.0035341983,-0.02314523,-0.8726813,-0.0129138,-0.022956243,-0.9997365,0.021575961,0.17772375,-0.4299034,0.0027657177,0.35838243,-0.51043165,-0.014140089,0.42972952,-0.3952304,-0.032293264,0.3911569,-0.2969954,0.005874993,0.31241247,-0.37415108,0.0073988494,0.501635,-0.39183423,-0.0057692053,0.5264264,-0.2686241,0.006063545,0.45212552,-0.2181845,-0.0076823914
2,sintetico,Right,0.0,0.0,0.0,0.26217946,-0.111815184,0.016380176,0.15136842,-0.27764666,0.005229154,-0.010126814,-0.25639206,-0.0016642716,-0.05963411,-0.16481507,0.0068113036,0.15166987,-0.42278033,0.02321363,0.13026804,-0.63891417,0.009637315,0.10092222,-0.79348433,0.0060611726,0.067173764,-0.9083042,0.011938149,-0.046528526,-0.47410208,-0.00043539898,-0.093504526,-0.70737076,0.0048785154,-0.079793945,-0.8698788,-0.005576266,-0.11783576,-0.9930331,-0.02206719,-0.21946384,-0.3976541,0.0073448275,-0.42170596,-0.45158324,0.007404544,-0.49123186,-0.3469877,-0.0024501542,-0.4368266,-0.23586094,0.0181097,-0.36553398,-0.31577504,-0.009190232,-0.5368989,-0.29075715,-0.025497591,-0.51954967,-0.16878392,-0.008809842,-0.4344954,-0.17948134,-0.021917844
2,sintetico,Right,0.0,0.0,0.0,-0.26998812,-0.0653443,-0.006120227,-0.23189293,-0.22766013,-0.02453396,-0.05707998,-0.2914955,0.027536765,0.013998164,-0.21225138,0.0034451277,-0.25759694,-0.39694992,0.021929318,-0.3072353,-0.6033593,0.024954183,-0.3243867,-0.7500401,-0.007497475,-0.35916793,-0.873762,-0.005238848,-0.07351817,-0.49002355,0.03500568,-0.08229065,-0.70283204,0.007708424,-0.06813568,-0.89116997,-0.0011696223,-0.03816661,-0.9992714,-0.006959022,0.10387932,-0.4595587,0.0066345753,0.3087363,-0.49699455,0.03144388,0.3697929,-0.37139288,0.0190726,0.276575,-0.32112804,0.011496379,0.3035253,-0.39366215,0.032656655,0.44280884,-0.44984514,0.029757397,0.5280447,-0.36103973,0.013788155,0.4841872,-0.25849748,0.050520353
2,sintetico,Right,0.0,0.0,0.0,0.2686019,-0.091471665,0.02612654,0.20111689,-0.2704372,0.013205539,0.036755744,-0.3215903,0.017346052,-0.07873127,-0.22091788,-0.022798715,0.18459073,-0.42678893,-0.016643934,0.17438178,-0.64739645,-0.01535381,0.15225372,-0.79942,0.01669494,0.110335514,-0.9279978,-0.019166272,-0.021609943,-0.47820053,-0.018708404,-0.030837217,-0.74134076,-0.021580392,-0.03932996,-0.89643633,0.039084304,-0.04432127,-0.99901736,-0.0062493747,-0.17293371,-0.4380566,0.004274612,-0.40904933,-0.44904783,-0.021881994,-0.42860356,-0.28274274,0.01099765,-0.33529222,-0.24594876,-0.031794216,-0.36289036,-0.34200692,-0.019351449,-0.53727525,-0.33902022,-0.015474101,-0.5502289,-0.25038457,-0.00059525296,-0.49265173,-0.19895525,-0.016440324
2,sintetico,Right,0.0,0.0,0.0,-0.27559888,-0.05946357,0.006333597,-0.18284872,-0.24121407,-0.02240227,-0.041099172,-0.25116354,-0.011899003,0.029609282,-0.14253505,-0.02305864,-0.24747325,-0.3837899,-0.009075936,-0.26214883,-0.6106962,-0.00782356,-0.28987926,-0.7620287,0.0009464239,-0.27664444,-0.8680892,0.005866478,-0.050222233,-0.4939478,-0.0028218087,-0.06721944,-0.69536597,-0.024373638,-0.08574446,-0.8553044,-0.031218411,-0.1087919,-0.99406457,-0.005172351,0.1209969,-0.44138288,0.008468441,0.3345826,-0.47514364,-0.012751807,0.38579327,-0.35987562,-0.033656094,0.2807543,-0.29969603,0.01659635,0.2970518,-0.37739092,-0.005598275,0.4733693,-0.44053498,-0.01002597,0.5208543,-0.33010176,-0.028655788,0.45296538,-0.25998545,-0.012181301
2,sintetico,Right,0.0,0.0,0.0,0.23695683,-0.13879159,-0.00032864185,0.13129492,-0.30567074,0.009764543,-0.0137899,-0.28486088,0.011933723,-0.08500014,-0.14351371,-0.00082780374,0.10445998,-0.4630918,-0.015762167,0.083084926,-0.6557975,-0.008244532,0.036565974,-0.7936287,0.010756787,-0.00360116,-0.9403563,0.003790786,-0.08698868,-0.4795545,-0.0068650725,-0.15271644,-0.703285,-0.010508751,-0.18823567,-0.86741537,0.011267074,-0.21639848,-0.9763051,-0.0017696852,-0.2758541,-0.38524336,0.013361931,-0.458225,-0.3684252,0.01532828,-0.49837264,-0.2359599,-0.003185793,-0.39551222,-0.18727876,0.016420197,-0.39888972,-0.27291027,0.0038219553,-0.579536,-0.27125162,0.0058306926,-0.5959623,-0.15396187,-0.032318015,-0.51745754,-0.12218762,-0.013405572
2,sintetico,Right,0.0,0.0,0.0,0.27229533,-0.055378713,0.016262062,0.23838826,-0.24545698,0.004969733,0.12793304,-0.3316419,0.012752658,-0.023589976,-0.26354423,-0.015643664,0.23199187,-0.38538024,0.025983274,0.29174268,-0.5964905,0.003140625,0.32223502,-0.75285625,-0.041519284,0.32724828,-0.8513887,0.024794374,0.042600907,-0.4732956,-9.6319505e-05,0.09162994,-0.6960195,-0.006122374,0.09429759,-0.86255854,-0.009284562,0.09694835,-0.9952894,0.0064397138,-0.12290137,-0.4392799,-0.013537728,-0.32736522,-0.49863586,-0.0088516325,-0.39569458,-0.38364086,-0.008490138,-0.3042332,-0.28894767,-0.0045690765,-0.2793707,-0.39037246,-0.007923414,-0.46256003,-0.42009723,0.012657787,-0.49634394,-0.31916228,0.003905626,-0.4298437,-0.25172496,0.0057406696
2,sintetico,Right,0.0,0.0,0.0,-0.25198138,-0.12730153,0.02010385,-0.13186881,-0.29946458,0.025506096,-0.0016204136,-0.2902564,0.02246524,0.07845466,-0.17831945,0.028975181,-0.10613136,-0.46192026,0.012770722,-0.09106485,-0.6608894,-0.0026278817,-0.053333092,-0.81575835,0.010987568,-0.030590134,-0.9432026,0.0011385316,0.08063924,-0.48883522,0.021316556,0.12958579,-0.6936504,0.006476003,0.17265707,-0.87118745,0.010278355,0.21326344,-0.97699475,0.021838443,0.2694278,-0.3829003,0.0009012865,0.45312977,-0.35140437,0.025783788,0.4545211,-0.21465309,-0.007949541,0.33817118,-0.21831283,0.016189821,0.40008017,-0.27639592,0.01038974,0.58242816,-0.23920883,0.023789845,0.57472235,-0.13510793,-0.008340313,0.4789279,-0.13238065,-0.010622946
2,sintetico,Right,0.0,0.0,0.0,0.27031174,-0.08211902,0.019119078,0.18824238,-0.27055392,-0.0051379274,0.041728187,-0.28464022,-0.020606281,-0.06268057,-0.17481713,0.0025375516,0.1972951,-0.42215383,-0.014367915,0.20073506,-0.6334419,-0.007963725,0.20585033,-0.7934108,-0.0012298936,0.21103463,-0.91995865,-0.017941616,-0.009930906,-0.49195337,-0.013578891,-0.024442328,-0.7292087,0.00025213297,-0.035550065,-0.88812846,-0.014116767,-0.016714245,-0.9998603,0.0072302693,-0.18917081,-0.4323101,-0.020253042,-0.39021277,-0.48058337,-0.020300264,-0.45261443,-0.3533537,0.020311316,-0.37736422,-0.28165826,-0.027883809,-0.3463106,-0.348647,-0.0067965277,-0.5214385,-0.35871086,0.019545924,-0.5276079,-0.22658059,-0.006822824,-0.45097172,-0.19974817,0.012467137
2,sintetico,Right,0.0,0.0,0.0,0.25444716,-0.07307288,-0.013990475,0.1782253,-0.26357833,0.017980475,0.035348732,-0.28810564,0.023291292,-0.05660407,-0.18334581,0.030484254,0.19103885,-0.42841896,0.010057791,0.20528635,-0.61534154,0.02701845,0.21573213,-0.76266086,0.02268334,0.21793866,-0.899647,0.03519383,-0.00161527,-0.4833425,0.014591124,0.009901824,-0.6976804,-0.010448538,-0.03289344,-0.8662882,0.014407619,-0.022213092,-0.99975324,0.016742002,-0.1895201,-0.43005586,0.023168135,-0.37157035,-0.51406443,-0.007499472,-0.46682665,-0.39749604,0.0107532265,-0.44399232,-0.2856484,0.028400473,-0.32755217,-0.3626001,0.013862929,-0.510919,-0.3755002,0.010847589,-0.5583474,-0.28008252,0.04392545,-0.48040792,-0.20792398,-0.00058085326
2,sintetico,Right,0.0,0.0,0.0,-0.26414868,-0.084566675,-0.014962506,-0.19545943,-0.25732258,-0.010103085,-0.03058384,-0.28213674,-0.016267542,0.042542342,-0.15451021,0.0026782295,-0.1892791,-0.42371282,0.016950125,-0.18713985,-0.61794204,0.0018728481,-0.17958105,-0.77947414,-0.0047771335,-0.13407604,-0.89481,-0.011612449,0.00036930395,-0.48532724,0.004630972,0.008770771,-0.7078916,-0.01797446,-0.008464656,-0.87608594,-0.016498746,0.00030824376,-0.99999994,0.01235797,0.16879238,-0.42806503,-0.00435091,0.37690747,-0.47900087,-0.0046306322,0.4337552,-0.33397606,-0.0028094035,0.36201456,-0.27347094,0.0098855775,0.3308519,-0.33609262,0.0019365649,0.50483596,-0.36852705,-0.010952003,0.53896815,-0.26204568,-0.010441484,0.48691228,-0.2084767,-0.0031788575
2,sintetico,Right,0.0,0.0,0.0,0.28898945,-0.048098113,-0.02443289,0.23458186,-0.24522321,0.0006918947,0.059917286,-0.2850265,-0.0005698642,-0.037338845,-0.19902761,-0.023702044,0.24436784,-0.38937265,-0.0076664756,0.2778414,-0.5857677,0.0056870477,0.32098708,-0.73878056,-0.02144849,0.34522635,-0.8587443,-0.010753023,0.06757006,-0.4721791,0.01087437,0.07498633,-0.71117365,-0.021148808,0.09865992,-0.86729205,-0.00014755409,0.11131583,-0.9937851,-0.024682414,-0.12074208,-0.4521751,-0.01003774,-0.2934014,-0.49520972,-0.000345823,-0.37723297,-0.390582,-0.045819957,-0.29957467,-0.3216941,-0.01599241,-0.28712016,-0.39968586,-0.0006232494,-0.438472,-0.43276158,-0.0038686402,-0.4894252,-0.33241835,-0.015801907,-0.43740538,-0.2950025,-0.025087368
2,sintetico,Right,0.0,0.0,0.0,0.23786053,-0.11452466,-0.010064335,0.12756766,-0.2799694,0.026218167,-0.00079860917,-0.28677684,0.042641558,-0.06326917,-0.16314207,0.0040897983,0.15073797,-0.42914575,0.05046061,0.1203817,-0.64069086,0.018592505,0.1267691,-0.7983243,-0.010977818,0.13645852,-0.91552323,-0.0049520712,-0.06385732,-0.47716603,0.030353416,-0.09514305,-0.69748664,0.020653449,-0.15140761,-0.85472614,0.041142322,-0.19387189,-0.9810268,0.0005426519,-0.22914036,-0.4078723,0.020485722,-0.44769454,-0.40611887,0.01879327,-0.4829624,-0.2739527,0.016524594,-0.3779093,-0.21769533,0.012895441,-0.3861411,-0.31662503,0.013196988,-0.5460491,-0.31722707,0.02133625,-0.5797069,-0.21468736,0.023274109,-0.5032238,-0.1393034,0.022516625
2,sintetico,Right,0.0,0.0,0.0,-0.27047542,-0.054747537,-0.019371226,-0.19518624,-0.23736022,-0.037423816,-0.05167806,-0.25406384,-0.0058089467,0.02882607,-0.17434613,0.0066482755,-0.22780776,-0.39228147,-0.021294592,-0.26366,-0.5956989,0.009207197,-0.28616342,-0.7487745,-0.040644534,-0.27788,-0.8731978,-0.03353319,-0.042364657,-0.4778582,-0.017269596,-0.03700319,-0.69704,-0.020739527,-0.04091709,-0.8623863,-0.02532974,-0.07364762,-0.99728435,-0.012926662,0.14181294,-0.46056443,-0.023183968,0.33584806,-0.47916922,-0.020556934,0.38973564,-0.32299897,-0.010684795,0.2902941,-0.30396473,-0.02533599,0.30090415,-0.37322983,-0.016639108,0.46924692,-0.40252918,-0.024995284,0.5408072,-0.3165898,-0.033669908,0.4774277,-0.24225862,-0.0031687526
2,sintetico,Right,0.0,0.0,0.0,-0.26119888,-0.11030159,-0.02289463,-0.13459383,-0.28786543,-0.020413825,0.012752342,-0.257732,-0.0031609442,0.05732434,-0.116596535,-0.034732215,-0.145153,-0.44295806,0.0016930267,-0.11215964,-0.6633554,-0.036022205,-0.07691549,-0.8068034,-0.016272001,-0.026470885,-0.90798134,-0.035929997,0.062275782,-0.46715248,-0.028047115,0.09340539,-0.710747,0.006151745,0.12722619,-0.8831845,0.0024730032,0.14696106,-0.9891423,0.004025581,0.21744236,-0.4197198,-0.03375298,0.43214005,-0.4364653,-0.02797163,0.50053114,-0.30131507,-0.0077635506,0.40233296,-0.21621504,-0.0023089063,0.38976172,-0.32314804,-0.024317103,0.5523726,-0.3171074,-0.021112232,0.5758961,-0.18552454,-0.029138144,0.5070496,-0.15433834,0.011390402
2,sintetico,Right,0.0,0.0,0.0,0.24893227,-0.10120253,0.019292066,0.15798812,-0.29036018,-0.00082459877,0.027896626,-0.33372012,0.019409254,-0.09889282,-0.23409481,0.016728826,0.13210309,-0.44231907,0.00088204286,0.12547402,-0.6456572,0.036915142,0.10681568,-0.80489904,-0.0051641813,0.11221294,-0.9138964,-0.016011523,-0.06773857,-0.48407516,0.021004476,-0.1133114,-0.6984433,-0.028110882,-0.13362749,-0.85527337,0.031393237,-0.16115883,-0.98692846,0.008677125,-0.23261695,-0.3847269,-0.016305203,-0.43031126,-0.38512754,-0.008485321,-0.4520515,-0.24569221,-0.019689646,-0.3561605,-0.22275263,0.013271277,-0.39165083,-0.3003355,-0.014669864,-0.54502696,-0.2976778,0.015219317,-0.6009962,-0.20966843,0.0020329133,-0.5376401,-0.15311025,-0.00075401505
2,sintetico,Right,0.0,0.0,0.0,-0.274706,-0.048959408,0.035788327,-0.21757978,-0.23631163,0.05076086,-0.07385514,-0.29111376,0.020978287,0.03241913,-0.20571053,0.007591313,-0.24218422,-0.39862958,0.019561883,-0.26997533,-0.6040392,0.03336012,-0.26496962,-0.75347966,0.02285656,-0.28096825,-0.88533586,0.050326616,-0.049913798,-0.48373765,0.042251024,-0.07074317,-0.7099688,0.029847948,-0.03500624,-0.8816703,-0.00596734,-0.011144097,-0.9999379,0.015167856,0.12637044,-0.4394838,0.017583406,0.3059544,-0.5007181,0.014257639,0.40728852,-0.40201342,0.02995652,0.3456903,-0.33091837,0.030301848,0.28883162,-0.3965357,-0.0012741396,0.47210217,-0.4405322,0.04023519,0.50577116,-0.3242091,0.027030932,0.45224038,-0.26000312,0.03275019
2,sintetico,Right,0.0,0.0,0.0,-0.28213966,-0.032039806,-0.022896238,-0.22638342,-0.22616227,-0.028539788,-0.07782367,-0.28686586,-0.0282676,-0.0031383305,-0.1605064,-0.026574088,-0.26206458,-0.41602662,-0.038442276,-0.30302843,-0.5890287,-0.028681532,-0.3436818,-0.7511016,-0.019203577,-0.36165127,-0.85155195,-0.014596211,-0.074552275,-0.4658598,-0.0017459709,-0.068013616,-0.7097899,-0.017222036,-0.078244075,-0.8759554,-0.028719064,-0.031795397,-0.9994944,-0.037341576,0.11696534,-0.44914067,-0.016362181,0.3091799,-0.5282629,-0.0229806,0.3920479,-0.38615087,-0.02244944,0.30080098,-0.31474572,-0.016875725,0.30359715,-0.414283,-0.012748075,0.46141014,-0.4112597,-0.016759932,0.46516263,-0.30491933,-0.02383466,0.39206177,-0.27900764,-0.033972435
2,sintetico,Right,0.0,0.0,0.0,0.29423964,-0.03614138,0.0137720145,0.2317714,-0.22570871,0.006309422,0.13599195,-0.28895035,-0.00825835,0.0024966912,-0.27077183,0.000995747,0.25484177,-0.37716615,-0.020089123,0.29042196,-0.59520215,0.0015998413,0.28779173,-0.73982805,0.0046059806,0.31461504,-0.8475399,0.033827372,0.07575583,-0.46328574,0.02638926,0.10186257,-0.67405903,-0.0121360645,0.13208307,-0.8607563,0.007847465,0.13882796,-0.9903165,0.0081311,-0.114337824,-0.4816947,0.0008587054,-0.28818917,-0.54238695,0.0018895204,-0.3927662,-0.45369998,-0.0011384832,-0.36311632,-0.34480244,0.034866456,-0.28198832,-0.40073156,-0.0021448117,-0.44804597,-0.41166127,0.0100978,-0.47981575,-0.3103215,-0.036309414,-0.39922625,-0.28226987,0.01790192
2,sintetico,Right,0.0,0.0,0.0,-0.24263315,-0.09870867,0.0072953063,-0.14354563,-0.2556334,0.013725489,-0.008909559,-0.27946526,0.0044854716,0.060640402,-0.14728156,0.02763173,-0.2032516,-0.44154102,0.013722775,-0.184217,-0.6419727,0.010449661,-0.19425902,-0.7824184,0.0131989345,-0.1993241,-0.91716504,0.02024461,0.010621651,-0.47956195,0.012910394,0.015800362,-0.7150454,-0.017645048,0.026600756,-0.8794721,0.025559053,0.056839306,-0.99838334,0.011105648,0.1881248,-0.42224613,0.019528475,0.39626524,-0.43469805,0.0032723667,0.4419396,-0.33700177,-0.017901376,0.35389778,-0.2559713,-0.024640396,0.3533354,-0.33769074,-0.004751756,0.5092198,-0.34932363,0.017031355,0.56200206,-0.23887777,0.028664567,0.47573835,-0.18381064,0.013822401
2,sintetico,Right,0.0,0.0,0.0,0.23180628,-0.13257803,-0.02329252,0.14959171,-0.32433456,-0.013883427,-0.00094336865,-0.35358658,-0.026679903,-0.1228626,-0.26988158,-0.00335039,0.09553433,-0.44560042,-0.029245736,0.046347573,-0.6601909,-0.01909808,0.02737959,-0.81971115,-0.007795952,-0.00037506808,-0.917056,-0.0020861335,-0.0929141,-0.4531232,-0.031007946,-0.18772833,-0.6737439,-0.00665106,-0.2743118,-0.82528204,-0.03349625,-0.34588203,-0.938278,-0.051572464,-0.2780322,-0.3816853,-0.029877102,-0.46407098,-0.3996776,-0.005389786,-0.5239491,-0.26489374,-0.018492352,-0.46228266,-0.18505673,-0.026580628,-0.42276624,-0.26447952,-0.017444998,-0.5681722,-0.21067673,-0.017956778,-0.5564869,-0.11394033,-0.0086815525,-0.46977168,-0.10722121,-0.04323912
2,sintetico,Right,0.0,0.0,0.0,0.2665685,-0.07249746,-0.007449997,0.19129947,-0.28301156,-0.03305508,0.054378558,-0.30846,-0.02928025,-0.053095758,-0.21513724,-0.010213912,0.21710621,-0.40405333,-0.028054735,0.2362037,-0.62176746,-0.00987805,0.23490924,-0.772494,0.0072812294,0.24771017,-0.8887088,-0.013724737,-0.0009890987,-0.49004614,-0.002949791,0.012332469,-0.6975299,-0.021654828,0.016868513,-0.85781735,0.00054182584,0.018010195,-0.9998378,0.003937169,-0.15605128,-0.43408984,-0.027379176,-0.35812795,-0.4931077,-0.016496725,-0.4441646,-0.3971037,-0.024853136,-0.40229708,-0.27725297,0.0039546737,-0.33694255,-0.34205985,-0.0016436019,-0.49948376,-0.3802149,-0.005109493,-0.5493742,-0.26921827,-0.0063836663,-0.488301,-0.23345701,0.0009321414
2,sintetico,Right,0.0,0.0,0.0,0.21762533,-0.15241092,0.0024132235,0.1031891,-0.3031985,0.027729202,-0.055499192,-0.29103443,0.010400136,-0.09214703,-0.17964663,-0.028204337,0.07278082,-0.4521637,-0.010527848,0.04125618,-0.65130854,-0.009231465,0.012823724,-0.80506593,0.002427554,-0.006835732,-0.90577084,-0.018469684,-0.11105221,-0.46077532,-0.012896736,-0.18872847,-0.6769606,-0.022775104,-0.22090584,-0.8425676,-0.013880384,-0.2716678,-0.9623911,-0.013363719,-0.2630182,-0.36521333,-0.009873685,-0.47381106,-0.34694052,-0.02197311,-0.50564,-0.21493265,0.008064509,-0.40711576,-0.17331018,0.0010028242,-0.4096225,-0.25244883,-0.025606608,-0.56933475,-0.22007234,-0.0051783044,-0.5907891,-0.12706088,-0.027219277,-0.5065104,-0.07862341,0.013054253
2,sintetico,Right,0.0,0.0,0.0,0.26042005,-0.08163008,-0.006584114,0.18637913,-0.2452764,-0.026575364,0.041415777,-0.24708353,-0.014298232,-0.04172836,-0.12685865,-0.038750697,0.21005623,-0.42466772,-0.023036392,0.2219306,-0.62965626,-0.041232187,0.25017086,-0.7573187,-0.05600248,0.2565938,-0.89411396,0.006563116,0.032472763,-0.47417697,-0.05681278,0.020505732,-0.71109104,-0.029802732,0.024076903,-0.87898505,-0.029987883,0.023763051,-0.9997176,-0.026340323,-0.15832885,-0.4356763,-0.035940554,-0.36236158,-0.48716062,-0.035775166,-0.42497393,-0.36868724,-0.032325216,-0.38278428,-0.27647683,-0.026913099,-0.32212582,-0.37066796,-0.03454784,-0.4782881,-0.38519058,-0.03560258,-0.52723444,-0.29235893,-0.05545874,-0.48572406,-0.22803017,-0.0026020335
2,sintetico,Right,0.0,0.0,0.0,-0.25539327,-0.06958517,0.011679389,-0.19418547,-0.24561545,-0.00015275253,-0.064034164,-0.27060318,0.016259314,0.047038455,-0.19627929,0.021640765,-0.22788821,-0.3977564,0.0020516752,-0.23411052,-0.6106605,-0.008980489,-0.24551979,-0.772676,-0.01517544,-0.24702147,-0.8851568,0.019197835,-0.0258083,-0.45731288,-0.010552402,-0.023102641,-0.6940317,0.011210636,-0.010747041,-0.8631132,0.017058717,-0.036094625,-0.9993484,-0.0013880292,0.15079609,-0.4547767,0.003446018,0.353626,-0.5099253,0.02025606,0.44179472,-0.3872478,-0.0058152736,0.37551293,-0.29227096,-0.007279777,0.3327672,-0.35553712,0.002462443,0.48454678,-0.38528386,0.024279047,0.5212606,-0.2775013,0.029080309,0.41879275,-0.22626813,0.004418737
2,sintetico,Right,0.0,0.0,0.0,-0.25100136,-0.12412903,-0.015328766,-0.15813722,-0.30228806,-0.02275325,-0.015236306,-0.32669804,-0.012148784,0.103419,-0.24928267,0.01121429,-0.13216713,-0.4554739,-0.02510115,-0.07885516,-0.6488217,-0.024872513,-0.048744485,-0.79702824,0.0011396164,-0.0021224672,-0.90316784,-0.013340923,0.07960406,-0.4635432,-0.00038290347,0.114612274,-0.68483955,0.0068741785,0.15145457,-0.86369485,-0.0007276918,0.15096019,-0.9885398,-0.016465656,0.2552258,-0.40712008,0.011091145,0.44607714,-0.39892146,0.003309616,0.48752683,-0.26452565,-0.0069824946,0.37156135,-0.20402652,-0.0076790573,0.38499707,-0.31228927,-0.0019872715,0.57295173,-0.27946666,-0.011857527,0.5970691,-0.16933729,-0.030839305,0.50630337,-0.13213708,0.0034252293
2,sintetico,Right,0.0,0.0,0.0,0.27317733,-0.06994797,-0.010729972,0.17496149,-0.2619957,0.027829917,0.046407074,-0.27976668,0.034796216,-0.039647087,-0.16783273,-0.020042745,0.22017375,-0.42597035,0.012298404,0.23968008,-0.6191091,0.012057543,0.25566974,-0.77284485,0.011129031,0.25468904,-0.90656406,-0.0005211603,0.024998218,-0.48090306,0.022955848,0.006167331,-0.71544546,0.014060187,-0.0021468997,-0.8791238,0.02312456,-0.023007048,-0.9997353,-0.0026252891,-0.158663,-0.4362473,-0.012009806,-0.36220953,-0.44843817,0.014415239,-0.39385653,-0.29003206,-0.0059018317,-0.27763686,-0.28103602,0.023422197,-0.3234596,-0.37548882,-0.02281533,-0.48710826,-0.39883876,0.0012840917,-0.56079453,-0.30787364,-0.0008580346,-0.49911186,-0.24082568,0.0032631594
2,sintetico,Right,0.0,0.0,0.0,0.23378962,-0.14583975,0.0212223,0.12299969,-0.31382608,0.030855177,-0.017674018,-0.30362543,0.024950853,-0.115311764,-0.18514815,0.036276255,0.082613155,-0.45634216,0.018526778,0.038185347,-0.66335344,0.012995926,-0.020176461,-0.80591714,-0.0024709315,-0.05873009,-0.9125021,0.016885081,-0.13139908,-0.47283164,0.028076125,-0.20055841,-0.66308516,0.031535186,-0.27176404,-0.83055156,0.0009279951,-0.31898057,-0.94776124,0.037405524,-0.29210562,-0.3707114,0.006946369,-0.48288748,-0.34111828,0.019036153,-0.5028084,-0.18965548,0.012693266,-0.38704178,-0.16539411,0.026664564,-0.4129946,-0.24807538,0.022085587,-0.596187,-0.22667891,0.030358616,-0.60897475,-0.10739538,0.046877023,-0.5241441,-0.07658692,0.02638973
2,sintetico,Right,0.0,0.0,0.0,0.2783986,-0.014523818,-0.010389321,0.2753429,-0.21260378,0.02001431,0.14632624,-0.2964562,0.0134945335,0.010637382,-0.25983894,-0.026233636,0.29280135,-0.3581386,0.01949337,0.35753074,-0.58979595,0.013101714,0.38636646,-0.7281662,-0.0065550837,0.41408724,-0.83664924,-0.0027286434,0.11059538,-0.45723325,0.020144418,0.14374176,-0.71601754,-0.032172237,0.11245027,-0.86872107,0.0054188254,0.08990419,-0.9959504,0.015497582,-0.0718523,-0.48165044,-0.002888394,-0.24989311,-0.55035734,0.008568564,-0.3358729,-0.41555694,9.5790776e-05,-0.25287226,-0.34108448,-0.013703051,-0.26837376,-0.44159874,-0.014091741,-0.4039387,-0.47007418,0.009564281,-0.46836028,-0.36874712,-0.0113959825,-0.40132973,-0.31619436,-0.02522096
2,sintetico,Right,0.0,0.0,0.0,0.24096465,-0.06293229,-0.020825818,0.20516549,-0.2501429,-0.008935699,0.05181062,-0.30638048,-0.008327697,-0.05045931,-0.19493699,-0.028649628,0.19654967,-0.41676447,-0.029058328,0.22231284,-0.6112857,-0.018651778,0.24816227,-0.777246,-0.00057228946,0.2416825,-0.8800941,-0.04110802,0.028722174,-0.47134474,-0.020837417,0.0038658557,-0.69879514,0.0022509515,0.011913515,-0.85536987,-0.032835983,0.008418319,-0.9999646,0.0014783775,-0.15682884,-0.43284965,-0.031395838,-0.3536739,-0.45577905,-0.028479964,-0.42712098,-0.35016838,-0.017861139,-0.33530745,-0.25964066,0.010030064,-0.32187912,-0.34791666,-0.024662994,-0.5015733,-0.35352758,-0.039748922,-0.5188874,-0.24541995,-0.0351798,-0.4326701,-0.197086,-0.0029654917
2,sintetico,Right,0.0,0.0,0.0,0.27930164,-0.041137908,0.013934683,0.26252833,-0.24486448,-0.0029104126,0.1360451,-0.30159554,0.0027792482,0.00013744763,-0.31089327,-0.011752687,0.2592556,-0.40122986,-0.0010276331,0.2750643,-0.5788986,-0.013149469,0.26798487,-0.7380464,-0.012929291,0.26548022,-0.86782646,-0.010720421,0.06662827,-0.48280048,-0.018874342,0.08854799,-0.69412875,-0.0046481993,0.10363074,-0.86577857,-0.0046881796,0.110366136,-0.993891,0.00031707794,-0.112267345,-0.43761435,-0.002513493,-0.2977715,-0.53050745,0.018962221,-0.3783642,-0.39145148,0.00400645,-0.32403994,-0.31706598,-0.015881915,-0.3053182,-0.39482108,-0.005458116,-0.4486629,-0.4373403,0.009690453,-0.5166708,-0.32901403,-0.027606439,-0.41551903,-0.24762864,0.01918636
2,sintetico,Right,0.0,0.0,0.0,-0.23495188,-0.11478812,0.004974113,-0.17069077,-0.2829899,0.015091768,-0.037350886,-0.3227316,-0.0036829736,0.074869126,-0.2552391,-0.0020134684,-0.16945958,-0.45034063,-0.0034572026,-0.11927042,-0.6427255,-0.003772598,-0.10154598,-0.77723956,0.0073198406,-0.047881566,-0.9076015,-0.0014569552,0.0317975,-0.48214567,0.028962499,0.06664696,-0.70475656,0.04826048,0.08680246,-0.8820416,-0.0047891615,0.09023484,-0.99592054,0.009292884,0.19748951,-0.41638115,0.021448076,0.42995733,-0.43652454,0.00014792608,0.46112692,-0.29520646,-0.011756278,0.37098458,-0.22767477,0.032887045,0.36506718,-0.31841758,0.015699714,0.5368348,-0.33568284,0.009696218,0.60905653,-0.23347002,0.028187545,0.53893197,-0.1728778,0.017073305
2,sintetico,Right,0.0,0.0,0.0,-0.25818926,-0.050959162,-0.006966111,-0.19962089,-0.25062132,-0.008200159,-0.067733884,-0.29878083,-0.011923018,0.03525916,-0.23211257,-0.0057464,-0.21448451,-0.40462512,0.016747093,-0.24333273,-0.6063206,-0.014778428,-0.2540395,-0.7522277,-0.016466014,-0.25251105,-0.86415267,-0.017525844,-0.009545608,-0.4752054,-0.0060309577,-0.026309758,-0.6959675,-0.040790137,-0.04170839,-0.8371946,-0.013290239,-0.046695787,-0.9989092,0.00076931354,0.14520112,-0.44860813,-0.018704845,0.34084913,-0.4634553,-0.008836313,0.38770235,-0.33862746,0.01777696,0.29704925,-0.29044345,-0.0068306564,0.31417295,-0.3651087,-0.042416327,0.48372874,-0.3739606,-0.030936478,0.5185329,-0.2739013,-0.014895115,0.4268707,-0.22551522,-0.022547347
2,sintetico,Right,0.0,0.0,0.0,0.26411518,-0.08577725,0.0064217653,0.18803144,-0.2641592,-0.005025408,0.045416623,-0.30499515,0.01406349,-0.06751772,-0.20663533,-0.021641789,0.198556,-0.40731084,-0.011670166,0.21714252,-0.65040135,-0.01342887,0.21922816,-0.7957602,0.003039495,0.24702547,-0.9202702,-0.027702676,-0.0026024093,-0.48951626,0.01486645,-0.022852331,-0.71573895,0.001777188,-0.069757126,-0.87321633,0.019331742,-0.10573983,-0.9943938,-0.0071195136,-0.17170446,-0.44210333,-0.014648542,-0.39532962,-0.5010737,0.0031852464,-0.4591934,-0.38533202,0.008701271,-0.3939714,-0.27781004,-0.017072337,-0.3532501,-0.35637748,-0.03602496,-0.5110995,-0.3857495,-0.033494387,-0.55112576,-0.2825017,-0.0026595928,-0.49228168,-0.20472719,0.016228471
2,sintetico,Right,0.0,0.0,0.0,-0.24978708,-0.09878163,-0.03429942,-0.20721573,-0.26693085,-0.041955825,-0.07161172,-0.33371177,-0.04449043,0.06343097,-0.30855024,-0.028741157,-0.2031174,-0.41124958,-0.04498186,-0.17772554,-0.62779087,-0.05165753,-0.18790467,-0.7711946,-0.03611142,-0.18612193,-0.9009021,-0.03622199,0.021762967,-0.47996536,-0.04174062,0.028748035,-0.69831014,-0.048681714,0.02877159,-0.87022996,-0.04135916,0.06344008,-0.99798566,-0.04251049,0.19248505,-0.41661054,-0.044540856,0.38988,-0.41077802,-0.031590234,0.40303546,-0.28308266,-0.0030545662,0.29458135,-0.26204094,-0.016145673,0.3637473,-0.333843,-0.0072156256,0.50477767,-0.3127587,-0.04394558,0.49510095,-0.2019985,-0.011126746,0.41182688,-0.21190667,-0.032310665
2,sintetico,Right,0.0,0.0,0.0,-0.26935065,-0.015368541,-0.03900138,-0.24096982,-0.2026114,-0.019909685,-0.1048529,-0.26213136,-0.029344024,0.010739248,-0.16812171,-0.00933503,-0.3030317,-0.3311006,-0.018898098,-0.3605211,-0.54071224,0.027372718,-0.39907664,-0.700546,-0.027129678,-0.43579465,-0.8129356,0.00048607396,-0.15619563,-0.46052912,0.0019479942,-0.18448181,-0.68369174,-0.014588381,-0.22858505,-0.8534202,-0.022045508,-0.24650687,-0.96914107,-0.021178097,0.045069605,-0.45843098,-0.022449194,0.24291988,-0.54299957,-0.005581476,0.31663153,-0.4207058,-0.03570855,0.2530716,-0.33677897,-0.025020273,0.23231041,-0.42317063,-0.026840601,0.38951847,-0.48041293,-0.04852811,0.4492753,-0.38236654,-0.009702451,0.37889442,-0.3353772,-0.0066385153
2,sintetico,Right,0.0,0.0,0.0,-0.26655725,-0.06759886,0.017858466,-0.21717882,-0.25053152,-0.004202929,-0.07694933,-0.32632726,0.03333374,0.053045355,-0.2638102,0.017044567,-0.19611637,-0.41674444,0.004696519,-0.20512404,-0.62278086,-0.00047401042,-0.19509736,-0.79094493,0.005618118,-0.1569488,-0.89846814,-0.0078090806,-0.0064611686,-0.48869103,0.021921372,-0.008640807,-0.7062443,0.0031637463,-0.00232213,-0.89116645,0.020546563,-0.010886057,-0.99994075,0.022539578,0.16672228,-0.43728906,0.02873299,0.38670552,-0.4732901,0.018409714,0.4310005,-0.35632586,0.03103482,0.36692494,-0.28234404,0.03480587,0.33476868,-0.3582144,0.018501759,0.50399107,-0.3767715,0.01937358,0.5370457,-0.27809563,0.0067106946,0.48385262,-0.21381661,0.00049271533
2,sintetico,Right,0.0,0.0,0.0,0.27410823,-0.0733301,-0.008394931,0.1617475,-0.23676164,-0.0008229583,0.04693808,-0.27090922,0.01180251,-0.0204195,-0.14905001,-0.0074442364,0.2154293,-0.3898992,-0.035912007,0.25217202,-0.6252405,0.0048060473,0.23653995,-0.7363468,-0.019914309,0.22157528,-0.87826085,0.008351368,0.04160966,-0.49721247,-0.0031896485,0.023555713,-0.702445,0.011476268,0.011974197,-0.8688029,-0.01789571,-0.002264632,-0.99999744,-0.011480415,-0.16340679,-0.44663638,-0.008449426,-0.3414629,-0.495525,-0.02618713,-0.4306194,-0.3858282,0.014089936,-0.36454752,-0.29466987,-0.028409932,-0.31562728,-0.35363552,0.013870878,-0.47246602,-0.3643499,0.0034213187,-0.5057182,-0.25709552,-0.0062572462,-0.40846008,-0.21772765,0.0021901599
2,sintetico,Right,0.0,0.0,0.0,0.2625139,-0.094790444,-0.031291466,0.1847794,-0.2715503,-0.019559303,0.044907406,-0.31025863,-0.03299556,-0.041560706,-0.19394076,0.0071455776,0.19367138,-0.41501343,-0.009056894,0.20038007,-0.6303775,0.00097554445,0.20258409,-0.78315187,-0.005990034,0.20457238,-0.90736055,-0.00043473716,0.0018915682,-0.47479978,-0.011487649,-0.038087286,-0.6922683,-0.009651301,-0.03698794,-0.8764457,-0.008117816,-0.053083356,-0.9985901,-0.0012966158,-0.18575819,-0.43556604,-0.00093335763,-0.37609366,-0.44512385,0.03169829,-0.39973456,-0.3094532,0.016202942,-0.32132798,-0.24958336,-0.031254884,-0.35630956,-0.33549184,-0.008822383,-0.50813264,-0.37946513,-0.012426475,-0.5584245,-0.26889265,0.010696877,-0.49175033,-0.19232604,-0.011190124
2,sintetico,Right,0.0,0.0,0.0,-0.2819286,-0.044704184,0.04123148,-0.23072137,-0.2167385,0.009992713,-0.08282383,-0.27262545,0.02207084,0.019784903,-0.18998858,0.02221321,-0.27163216,-0.3837269,0.013190084,-0.30545843,-0.5834048,0.008143364,-0.34170094,-0.72792065,0.014053282,-0.3561922,-0.8310804,0.0043401653,-0.086739644,-0.48640594,0.049181957,-0.11859464,-0.7001234,0.012376398,-0.1274398,-0.8461414,0.037084434,-0.1618921,-0.9868085,0.035099234,0.0889821,-0.4498471,0.025092306,0.3007342,-0.4757433,0.017580686,0.3390209,-0.33968207,0.022544065,0.21432199,-0.3159827,0.02824454,0.28373554,-0.40488553,0.021138284,0.41906628,-0.43452474,-0.003978608,0.48366114,-0.33489406,-0.007768434,0.42463717,-0.2845542,0.04235786
2,sintetico,Right,0.0,0.0,0.0,0.24547793,-0.102798566,0.00592604,0.22236817,-0.27913123,0.028125055,0.115456074,-0.37594464,0.003731102,-0.033994693,-0.37288973,0.0061870054,0.19763844,-0.4290308,-0.01220708,0.18460573,-0.62873733,0.012263408,0.20747083,-0.7782876,0.01846484,0.20056477,-0.8991984,-0.020021645,-0.0005083143,-0.4836626,-0.005009512,-0.014131344,-0.6908078,-0.010838252,-0.031638317,-0.85841644,0.025812706,-0.06269714,-0.99803257,-0.018974528,-0.20131043,-0.43398678,0.011434162,-0.39969563,-0.4631348,0.02464373,-0.4408388,-0.31758404,0.01585378,-0.35718706,-0.26881158,0.0054429583,-0.33910578,-0.3378357,0.018484706,-0.5068426,-0.38630378,0.029935723,-0.5671879,-0.2766332,0.01095445,-0.5133303,-0.19981778,-0.024390481
2,sintetico,Right,0.0,0.0,0.0,0.27772313,-0.03686657,-0.0058738175,0.21420023,-0.2366793,0.020917647,0.07284597,-0.26902744,0.01674972,-0.021394288,-0.15791354,-0.014785091,0.27140784,-0.3773928,0.01730864,0.29321223,-0.62283605,0.019446487,0.3174787,-0.74205965,-0.0069436817,0.326764,-0.87550247,-0.0045747766,0.075043455,-0.48029003,-0.0059197433,0.09592136,-0.720375,-0.014234817,0.12788586,-0.8609916,-0.012844978,0.13831262,-0.99038863,0.013249771,-0.13747063,-0.46285743,0.00090966874,-0.28306216,-0.5589578,-0.012964215,-0.41843697,-0.46002448,-0.018166492,-0.40507746,-0.35891062,-0.015817454,-0.2920399,-0.40955725,-0.0075026974,-0.42828646,-0.44875038,0.007566925,-0.50019634,-0.34618232,-0.017244218,-0.433558,-0.28935254,0.0074064755
2,sintetico,Right,0.0,0.0,0.0,-0.27207097,-0.018593067,-0.0037512402,-0.24382374,-0.23302136,0.011780011,-0.10156935,-0.2960854,0.029429233,0.027131483,-0.24179955,0.009586456,-0.27646267,-0.3678103,0.025695514,-0.32052594,-0.574949,0.029424623,-0.32757717,-0.7322337,-0.0049148817,-0.36063567,-0.8285536,0.00874659,-0.0839832,-0.47599107,-0.0023507928,-0.09322393,-0.69039744,-0.019115912,-0.097581826,-0.87235194,0.010029524,-0.0658601,-0.99782884,-0.012296833,0.10956042,-0.45556688,0.012067922,0.3115729,-0.5224252,-0.020284856,0.35080078,-0.37814438,0.007099512,0.25837618,-0.31606498,-0.020520423,0.28856978,-0.42544368,0.0150739495,0.43091232,-0.4611165,-0.0018502006,0.5065886,-0.4010123,-0.0033790988,0.468592,-0.31689084,0.022251824
2,sintetico,Right,0.0,0.0,0.0,-0.25430512,-0.10438721,0.003852147,-0.16275012,-0.28986803,-0.021121513,-0.02073502,-0.314038,0.0011037644,0.06903915,-0.21844003,-0.01280793,-0.16498458,-0.4061935,-0.00025432467,-0.14977655,-0.6314995,0.00869473,-0.12608694,-0.7784537,-0.0047376985,-0.121497035,-0.9152144,0.011537577,0.036308806,-0.46669957,0.009706413,0.07570869,-0.68298477,0.011454155,0.09095351,-0.84143394,0.003915702,0.103739455,-0.9946045,0.014335841,0.2237531,-0.4132423,0.003646637,0.41249064,-0.41225424,-0.027007155,0.4458967,-0.28838947,-0.013935403,0.32982227,-0.23680045,-0.0052604256,0.37071252,-0.3266126,-0.0034078655,0.5169969,-0.2961371,0.0032380424,0.5251529,-0.19459118,-0.014157668,0.4495368,-0.16474453,0.027896775
2,sintetico,Right,0.0,0.0,0.0,0.26497024,-0.069206305,0.006414283,0.20555447,-0.25873283,0.005840576,0.07158006,-0.321001,0.0043811426,-0.04999572,-0.23008838,0.011476542,0.21730891,-0.41532794,0.009993811,0.22415736,-0.63383234,-0.015882978,0.24221687,-0.77614653,0.028693758,0.25594023,-0.9041315,0.02659485,0.008421212,-0.48390052,0.008980207,0.01669914,-0.7185569,-0.0025163405,0.020910075,-0.87782377,-0.002257093,-0.0070848796,-0.9999749,-0.007982988,-0.1558713,-0.4312474,-0.006031673,-0.35683295,-0.49517074,-0.0360811,-0.4435324,-0.36122748,0.019979505,-0.37586537,-0.28228527,0.014658419,-0.32768703,-0.35475516,-0.028387796,-0.5013919,-0.37161964,0.010322854,-0.5496574,-0.28496483,-0.0032163172,-0.49878287,-0.2169597,-0.006101984
2,sintetico,Right,0.0,0.0,0.0,-0.2773369,0.0015065672,0.019569485,-0.25087243,-0.21122855,-0.020261263,-0.09993326,-0.25843984,-0.030314703,0.01388369,-0.1943526,0.0040001515,-0.28299028,-0.37951264,0.011534154,-0.35290778,-0.57678336,0.0028086584,-0.3761089,-0.7181697,0.008943746,-0.41966724,-0.82430756,0.0066101616,-0.12594077,-0.48626646,-0.025223644,-0.17403835,-0.6859247,0.00273461,-0.18286699,-0.8521318,0.01916925,-0.20746717,-0.978242,0.0009972136,0.07917268,-0.45988438,-0.022518631,0.2727008,-0.5376808,-0.007027336,0.37241828,-0.4407884,0.0071072266,0.28458104,-0.33458853,0.026768874,0.25914246,-0.42475644,-0.032777183,0.41274112,-0.4567861,0.0040041367,0.47775406,-0.35179043,-0.016523506,0.4210835,-0.31142616,0.0063290973
2,sintetico,Right,0.0,0.0,0.0,0.26522598,-0.019958856,-0.03778718,0.24373086,-0.20856397,-0.0094395885,0.079233386,-0.27416554,-0.00042640066,-0.012387173,-0.20261174,-0.032492872,0.2902996,-0.37719837,-0.015085987,0.3381054,-0.57379013,0.0016593208,0.3755521,-0.723922,-0.018644627,0.4121366,-0.8406029,-0.010273572,0.10246754,-0.48507774,-0.04880994,0.13240609,-0.6966069,-0.013126608,0.14478503,-0.874041,-0.014329034,0.14323772,-0.98968834,-0.042071782,-0.0836025,-0.47638443,-0.036625665,-0.26512334,-0.52093214,-0.01302329,-0.35112438,-0.38402236,-0.026668753,-0.24762148,-0.3321344,-0.005379167,-0.24825683,-0.41379642,-0.01743689,-0.42148867,-0.46706477,-0.021263512,-0.4943124,-0.3819693,-0.024678282,-0.42270106,-0.32173797,-0.017708452
2,sintetico,Right,0.0,0.0,0.0,0.2601698,-0.07436072,0.019648762,0.17583421,-0.26917237,0.01083516,0.03206032,-0.2804457,-0.0018355742,-0.05405318,-0.16234106,-0.02428973,0.19928212,-0.43497345,0.011961732,0.19230087,-0.62599635,-0.017340476,0.1780083,-0.8017541,0.00965343,0.18290988,-0.92662483,0.0046973606,-0.016223347,-0.48324493,-0.018969493,-0.01689594,-0.7228499,0.0076491605,-0.050695147,-0.85797995,0.0065461504,-0.050662406,-0.9987158,0.0066058096,-0.20887877,-0.41100755,0.00581732,-0.3942597,-0.449744,-0.007327602,-0.44321254,-0.30833593,0.013128431,-0.30735818,-0.26980224,-0.007907535,-0.35361326,-0.36722484,-0.014270215,-0.508612,-0.35572022,0.014493669,-0.5354721,-0.22731039,0.018798603,-0.46375042,-0.19473886,0.013368329
2,sintetico,Right,0.0,0.0,0.0,-0.23156592,-0.1281831,-0.015894407,-0.1306028,-0.32441443,-0.00447808,0.026865838,-0.30404988,-0.0065750303,0.109248936,-0.20843622,-0.02854387,-0.07237431,-0.4563183,-0.017945673,-0.027324338,-0.6590162,-0.0049239886,-0.0015575396,-0.8260446,0.009826267,0.022937698,-0.94422996,0.009811451,0.15130295,-0.47693613,0.02275881,0.22604452,-0.6948746,-0.0028429457,0.31093222,-0.8261577,-0.017134689,0.39795476,-0.91740507,-0.011579335,0.30274892,-0.3620773,-0.012371424,0.49404696,-0.3998739,-0.017048275,0.55761355,-0.26143226,-0.00447287,0.49973503,-0.16922617,-0.0037329267,0.4226358,-0.23933016,-0.029226808,0.5774418,-0.22152744,0.0067410427,0.57979304,-0.10341097,-0.03977018,0.512168,-0.086125955,-0.01410018
2,sintetico,Right,0.0,0.0,0.0,0.26745132,-0.0042531807,0.004040741,0.24113718,-0.20482114,0.040726345,0.098373465,-0.26496914,0.06758847,-0.010843189,-0.16705774,-0.0030100972,0.30116168,-0.34772253,0.017855467,0.360725,-0.5495866,0.0323186,0.43543607,-0.68517894,0.05648765,0.42922547,-0.7956136,0.017766148,0.13561878,-0.4502461,0.040645108,0.21758948,-0.6674654,0.026691277,0.2541296,-0.8411347,0.07410489,0.28852877,-0.95747125,0.033239815,-0.052769486,-0.46986607,0.03674364,-0.22641034,-0.53353626,0.032239463,-0.30645537,-0.40139267,0.023959925,-0.20095998,-0.35223567,0.04660357,-0.22342904,-0.43549737,0.011608229,-0.38025856,-0.497816,-0.0023795487,-0.4449008,-0.4307885,0.028348941,-0.41467723,-0.3539349,0.04437487
2,sintetico,Right,0.0,0.0,0.0,-0.2601035,-0.07045425,-0.019692123,-0.20321006,-0.26356426,-0.03080885,-0.064819895,-0.30524376,-0.007126857,0.04410388,-0.24881297,0.009191964,-0.20805502,-0.40907377,0.0018494932,-0.21747097,-0.6006599,-0.0010738326,-0.21776731,-0.75608855,-0.0045798845,-0.23267867,-0.88912445,-0.00012969378,-0.010219732,-0.46364263,-0.018474953,0.0016586966,-0.717101,0.006502057,0.008214162,-0.8558375,0.0074326224,-0.004424765,-0.9999902,-0.009482101,0.16215679,-0.4222604,0.0016708567,0.35311937,-0.47484374,-0.028645115,0.4041564,-0.31542343,-0.0019464068,0.31317577,-0.2685706,-0.0063549965,0.32619548,-0.34878948,0.013245455,0.4983083,-0.3709388,-0.007277297,0.5269778,-0.26220578,0.0077473605,0.4399997,-0.2116461,-0.009987569
2,sintetico,Right,0.0,0.0,0.0,-0.27549505,-0.06540859,-0.02146224,-0.2541219,-0.2801756,-0.030564398,-0.15094002,-0.34282166,-0.027568398,-0.017111024,-0.36503866,-0.018379236,-0.24075367,-0.4022627,-0.01683341,-0.2816341,-0.6309885,-0.004373964,-0.29390064,-0.79251677,-0.01140734,-0.31055334,-0.89889544,-0.0023501858,-0.0501747,-0.49610126,-0.0009829013,-0.04795727,-0.7189748,0.0039529568,-0.07202573,-0.89446807,-0.041139625,-0.07276727,-0.99734896,-0.027848454,0.12403682,-0.44662443,0.0007925584,0.3443424,-0.49531472,-0.0050557237,0.41617402,-0.38312483,0.00797867,0.336144,-0.3014779,-0.03494514,0.3197115,-0.37822467,-0.016745785,0.4797247,-0.42731676,-0.01370182,0.5199816,-0.31315935,-0.0058193523,0.44533065,-0.26366886,-0.008044529
2,sintetico,Right,0.0,0.0,0.0,-0.26449344,-0.09238396,0.012207456,-0.19634742,-0.27683952,0.016151376,-0.04207793,-0.3050037,0.022059534,0.05110125,-0.19392163,-0.006478236,-0.21049295,-0.42708156,0.026127636,-0.22879305,-0.6239209,0.005412998,-0.24195316,-0.7867412,0.009136934,-0.2521263,-0.8995559,0.036613107,-0.011490177,-0.49575558,-0.014034119,0.01667353,-0.71830684,0.02377054,0.07010006,-0.8794878,0.023713607,0.09138718,-0.99581546,0.0065514045,0.18696399,-0.4310304,0.012160635,0.3667666,-0.45418894,0.03732731,0.3999051,-0.3087301,0.04852035,0.2934283,-0.2804152,0.03496882,0.33003137,-0.355825,0.04735783,0.49232692,-0.4073758,0.008474349,0.5544056,-0.29833695,-0.004934673,0.5110067,-0.22227374,0.018110873
2,sintetico,Right,0.0,0.0,0.0,0.26415157,-0.09423837,-0.035609275,0.18240021,-0.2688323,-0.009001875,0.026056925,-0.28056285,-0.018961906,-0.049381174,-0.15865803,-0.054139394,0.1939326,-0.42296574,-0.024874331,0.21226832,-0.6400762,-0.026452582,0.21508124,-0.7775453,-0.002988536,0.2365859,-0.9118791,-0.032512125,0.00413085,-0.49057415,-0.012174943,-0.007793335,-0.70503205,-0.021679014,-0.011638477,-0.86715895,-0.04066468,-0.011761974,-0.9999308,-0.027991356,-0.17057246,-0.42800558,0.0015612255,-0.37679908,-0.48910615,-0.022619024,-0.45239517,-0.35933477,-0.007313333,-0.38666365,-0.26749974,-0.008090685,-0.33584344,-0.34355804,-0.026517548,-0.5114773,-0.3661041,-0.038361724,-0.5295922,-0.25744367,-0.03649532,-0.44858012,-0.20525485,0.00042717424
2,sintetico,Right,0.0,0.0,0.0,-0.26276314,-0.07044536,0.028849237,-0.18517253,-0.2652594,0.028986948,-0.05348226,-0.30855638,0.02107734,0.056480575,-0.20339964,0.015750386,-0.22311956,-0.42046395,0.059555914,-0.2313039,-0.62634534,0.004454375,-0.24183321,-0.78947943,0.011388126,-0.22970219,-0.8998611,0.031957764,-0.010118109,-0.4789376,0.0071725626,0.017785402,-0.7116608,0.0061112447,0.031902377,-0.8752619,0.038047418,0.07383983,-0.9972701,0.030474922,0.16830753,-0.43200213,0.028733267,0.3780983,-0.50385845,0.024383754,0.4590852,-0.38430837,0.011809442,0.43001166,-0.2862058,0.018132469,0.33149943,-0.3632823,0.020630075,0.48307288,-0.380032,0.033942647,0.5555023,-0.30561545,0.027894758,0.5055854,-0.22493732,0.008418464
2,sintetico,Right,0.0,0.0,0.0,-0.23829544,-0.14086041,0.0022126853,-0.100615904,-0.29102018,-0.005498517,0.030069677,-0.28193253,0.012797714,0.096276976,-0.15134023,0.0350336,-0.09282643,-0.45096427,0.014220951,-0.04988647,-0.6621555,-0.007329155,-0.031144746,-0.80158925,-0.004858873,0.00031471453,-0.94755137,0.0058828825,0.10522851,-0.47253463,-0.011178922,0.17132184,-0.67333597,0.017078973,0.24882261,-0.86887157,0.03430648,0.2542212,-0.9671461,0.0026160446,0.27352795,-0.37101504,0.013327989,0.47964147,-0.3865311,0.005030092,0.5332817,-0.24559782,0.001733451,0.45545858,-0.17191504,0.015191662,0.409009,-0.23215677,0.0011801812,0.5832604,-0.24061461,-0.001203497,0.6042539,-0.13744196,-0.014525139,0.5366847,-0.10709647,0.013138311
2,sintetico,Right,0.0,0.0,0.0,-0.2589526,-0.039262578,0.0032987357,-0.22460084,-0.23221809,0.029189853,-0.077067725,-0.26128206,-0.011786421,0.018586742,-0.1708581,0.031945884,-0.27723616,-0.37560886,0.032362964,-0.31065786,-0.5970422,0.012323662,-0.3421766,-0.74262065,-0.0029706142,-0.3436523,-0.86553556,0.02497018,-0.09279059,-0.47722366,0.0101150805,-0.1002554,-0.68405485,-0.004548096,-0.08766754,-0.8578925,0.044258796,-0.048131064,-0.99884105,0.0044415076,0.10217306,-0.46284112,-0.0039356784,0.27713498,-0.5259334,0.021110201,0.36166543,-0.43677196,0.016080245,0.3262053,-0.32389665,0.03823035,0.2697517,-0.38699225,0.011623634,0.44263566,-0.46344241,0.011774205,0.46683747,-0.33624622,0.021825396,0.39345187,-0.28404096,0.019891078
2,sintetico,Right,0.0,0.0,0.0,-0.2736496,-0.041895937,0.007369324,-0.21847183,-0.25660497,-0.0070179445,-0.06373069,-0.29224327,-0.010071566,0.03846623,-0.20402063,0.010640864,-0.23005387,-0.38701612,0.028593844,-0.25509307,-0.6220369,0.010898551,-0.27177033,-0.76146144,0.036327798,-0.27013028,-0.8843877,0.007187406,-0.0465526,-0.47288093,0.009934065,-0.031175101,-0.7085321,-0.004440727,-0.035818685,-0.86767036,0.0046120416,-0.033294614,-0.99944556,-0.0072381534,0.14516765,-0.43895596,-0.0122358715,0.3359475,-0.50066906,-0.006998997,0.43030572,-0.37762135,0.010694242,0.3470153,-0.29514316,-0.0008646829,0.32023266,-0.37283355,0.0024657333,0.48557216,-0.39272615,0.015258792,0.5046353,-0.29257163,-0.012284542,0.434994,-0.2381879,0.010634632
2,sintetico,Right,0.0,0.0,0.0,-0.2584375,-0.07160743,0.025204325,-0.18935424,-0.25577316,0.0036514017,-0.046996992,-0.2678138,-0.011079293,0.02523797,-0.1687923,0.012452219,-0.2194531,-0.42834753,0.013499825,-0.22614722,-0.62119573,0.0089494595,-0.20534816,-0.7637742,-0.0070855324,-0.18041219,-0.90382904,0.003543212,-0.017027942,-0.47363558,0.020810151,-0.010941722,-0.70091003,0.006588277,-0.018006464,-0.87952375,-0.023777492,0.028486263,-0.9995942,-0.010592642,0.18091118,-0.44935298,-0.011314807,0.37273702,-0.48696983,-0.01254257,0.4326325,-0.35775235,-0.03361601,0.34329993,-0.272614,0.028532425,0.32055,-0.35678267,-0.014436659,0.48607317,-0.3935692,-0.0133132385,0.51838934,-0.29977813,-0.030982517,0.49340242,-0.22420526,0.0126275215
2,sintetico,Right,0.0,0.0,0.0,0.26569188,0.013199227,0.0022614214,0.28304434,-0.1902491,0.006522579,0.14840612,-0.25281218,0.019551642,0.0034924042,-0.2156805,0.02813799,0.30907065,-0.33709246,0.0007624105,0.3938625,-0.5435981,0.0172413,0.45020533,-0.6736191,0.010042565,0.4708612,-0.7953937,-0.00012714852,0.15322499,-0.47297636,-0.025607806,0.20635574,-0.6655498,0.015668541,0.24235116,-0.8235462,0.00938919,0.2853301,-0.95842934,0.0061133076,-0.05128226,-0.47566843,-0.014715387,-0.22057138,-0.5344106,0.02996093,-0.30011782,-0.43543056,0.0025105602,-0.24104393,-0.3495357,-0.017148083,-0.23007648,-0.42463294,-0.01959347,-0.37373003,-0.49679354,0.010487388,-0.4375705,-0.4279269,0.010939823,-0.42296508,-0.33039132,-0.0068410384
2,sintetico,Right,0.0,0.0,0.0,-0.25286856,-0.09784313,0.025915327,-0.15512899,-0.2753889,-0.019497454,-0.017618245,-0.3018108,-0.00353967,0.07013904,-0.18830734,-0.0082759,-0.15198378,-0.44097742,0.0130520305,-0.14468688,-0.6297025,0.015033058,-0.10497363,-0.8039147,0.0004060831,-0.080281526,-0.92399925,-0.0014436586,0.03766642,-0.48417705,-0.026340729,0.06986872,-0.700672,0.01832768,0.09483279,-0.8650841,-0.006922109,0.11012391,-0.9939179,-0.003924817,0.21664025,-0.42718232,0.011910597,0.42167398,-0.4441885,0.0009075098,0.47629008,-0.32073632,0.012368947,0.39946112,-0.238621,0.0066764597,0.3870552,-0.30318764,0.0009954689,0.5143193,-0.30389154,0.0025116722,0.5569903,-0.19726196,-0.017862735,0.46967036,-0.15648639,-0.0040194243
2,sintetico,Right,0.0,0.0,0.0,-0.24904285,-0.121496275,-0.017283998,-0.13424617,-0.2949707,0.0032431304,0.017262999,-0.27767912,-0.019277958,0.07679927,-0.15733483,-0.003931914,-0.13658004,-0.4435499,-0.026119215,-0.092908174,-0.6554737,-0.016768051,-0.09043087,-0.817224,-0.031622432,-0.07669546,-0.92361534,-0.029927121,0.07238634,-0.47079057,-0.021512121,0.1291145,-0.6906121,-0.03726875,0.16518383,-0.85998875,-0.016030522,0.16855101,-0.9856929,-0.02262683,0.24988039,-0.4016225,-0.014956831,0.4643313,-0.4166336,-0.03704974,0.5069816,-0.27440736,-0.008288689,0.42570192,-0.21074434,0.0059265397,0.387926,-0.29874784,0.0029135717,0.557275,-0.27200904,0.008871168,0.57314825,-0.18112828,-0.017699568,0.50113904,-0.13439545,-0.023334363
2,sintetico,Right,0.0,0.0,0.0,0.27131578,-0.008608085,0.027093222,0.25236028,-0.21338773,-0.0012100891,0.112027064,-0.26190326,0.015547625,-0.002603865,-0.20047605,-7.050927e-05,0.28001672,-0.3491518,0.0037610494,0.33532795,-0.57477045,0.01739239,0.3855571,-0.70245415,-0.009457276,0.42360225,-0.8189932,0.041601844,0.10136005,-0.45699483,-0.0054227347,0.15023682,-0.6835805,-0.0061963536,0.1723125,-0.84972376,0.017433016,0.23043634,-0.97308743,0.026656445,-0.07332461,-0.4473818,0.0043084947,-0.2593005,-0.52056026,-0.0060347794,-0.3225744,-0.39273503,-0.0039725285,-0.25075236,-0.33041334,-0.0054614386,-0.26685432,-0.40956637,0.013048834,-0.39521003,-0.47547194,0.00781796,-0.49267137,-0.36750966,0.0146762375,-0.4227186,-0.32826328,0.013832981
2,sintetico,Right,0.0,0.0,0.0,-0.26228195,-0.07355676,-0.0070226286,-0.18879361,-0.25107625,-0.02125018,-0.04309959,-0.29207668,-0.06389691,0.037842125,-0.17012225,-0.03317456,-0.18765658,-0.4057169,-0.021741766,-0.19257848,-0.61827517,-0.02654167,-0.21771589,-0.78273374,-0.02279176,-0.20837404,-0.8815097,-0.019627947,-0.007380727,-0.46595207,-0.03133325,-0.007523053,-0.6977874,-0.023399493,0.014706897,-0.86717683,-0.025539376,0.0204071,-0.99979174,-0.033889454,0.18332835,-0.42605722,0.0045547923,0.38682026,-0.4428966,-0.030470401,0.43484157,-0.33420342,-0.057276912,0.3342665,-0.24378087,0.0036037394,0.35488033,-0.33823064,-0.03604684,0.50463396,-0.35399133,-0.009716313,0.55518544,-0.2621846,-0.03355295,0.47107705,-0.21419781,-0.014701851
2,sintetico,Right,0.0,0.0,0.0,-0.28192616,-0.05883575,0.028612953,-0.21841313,-0.23370449,-0.0045781475,-0.085233405,-0.30097112,-0.0066917995,0.041741796,-0.22717968,-0.008410874,-0.23843397,-0.40108353,-0.00034676588,-0.24414177,-0.6134577,-0.030295983,-0.22726716,-0.75724703,0.017188333,-0.21512465,-0.87693703,0.0068655317,-0.032362193,-0.46752125,-0.016445857,-0.05510367,-0.69647825,-0.0067516067,-0.07260073,-0.88775605,-0.015195936,-0.052544564,-0.9986186,-0.0029131598,0.1437837,-0.45393962,-0.0063242447,0.32345983,-0.5118113,-0.003925533,0.4240893,-0.39504492,-0.021949349,0.35023874,-0.3054248,-0.014108952,0.32049003,-0.36980924,0.00922966,0.46942765,-0.3966654,-0.014858148,0.51459205,-0.30148458,-0.04510975,0.4436458,-0.23982216,-0.009363901
2,sintetico,Right,0.0,0.0,0.0,0.27507293,0.0059515443,-0.005257896,0.2242623,-0.22715884,-0.016483175,0.06213052,-0.2074347,0.022898357,-0.0042990344,-0.089576855,-0.0031270797,0.2998478,-0.349129,0.0414054,0.35555068,-0.553005,0.0046245568,0.38346687,-0.712458,0.009648239,0.4034416,-0.81528205,0.004692498,0.15146723,-0.4777862,0.009489314,0.18754879,-0.6765938,0.021405468,0.22711816,-0.85693794,0.02158853,0.24008878,-0.9707509,-0.023956126,-0.04627966,-0.4707288,0.017642543,-0.24732912,-0.5424261,0.011957333,-0.32350275,-0.44503883,0.0046398276,-0.26786852,-0.3587268,0.03123936,-0.23468031,-0.43147662,0.03187737,-0.3920768,-0.4713837,0.018421477,-0.4361084,-0.39812735,-0.0045525413,-0.3718543,-0.33390328,-0.014847865
2,sintetico,Right,0.0,0.0,0.0,-0.28329155,0.009074775,-0.03490125,-0.25437844,-0.18979189,-0.007450261,-0.12485869,-0.25740805,-0.008139534,0.0038149958,-0.17560017,-0.018686164,-0.29286328,-0.35513273,-0.020808134,-0.3466303,-0.56587833,-0.023150474,-0.3787617,-0.7080213,-0.009398697,-0.35912386,-0.80696326,0.006060154,-0.117205136,-0.46508786,0.0071727675,-0.18813589,-0.6710837,-0.029228214,-0.22511001,-0.8415655,-0.014537752,-0.2635075,-0.96465737,-0.045996457,0.0491754,-0.46637443,-0.009894472,0.23985292,-0.5383637,-0.0022362648,0.30203852,-0.40304753,0.013023488,0.23093669,-0.32146737,-0.03961463,0.23340121,-0.43565,-0.028665047,0.37640616,-0.49526137,-0.0093464805,0.45848826,-0.41050506,-0.03697962,0.3881736,-0.34102225,-0.008906311
2,sintetico,Right,0.0,0.0,0.0,-0.25014478,-0.0896105,-0.02637995,-0.18918048,-0.27012384,-0.022216428,-0.023121575,-0.30356726,-0.034395296,0.063427165,-0.18781114,-0.009224568,-0.19977608,-0.42373016,-0.016834404,-0.20788111,-0.63800114,-0.0204949,-0.20857655,-0.77306044,-0.041365024,-0.23216319,-0.8972871,-0.009402164,-0.0041971817,-0.48258644,-0.0142005,0.02101742,-0.7149079,-0.01052795,0.024530482,-0.87098384,-0.024446469,0.023107046,-0.999733,-0.026039008,0.18063487,-0.4424534,-0.027565237,0.36914557,-0.49754092,0.007463494,0.45829278,-0.36271372,-0.03269415,0.4058156,-0.29037282,-0.041857343,0.33989376,-0.35037336,-0.030286066,0.5144859,-0.35358182,-0.03256151,0.5106148,-0.23610604,-0.0070420946,0.43849936,-0.2105782,-0.04427336
2,sintetico,Right,0.0,0.0,0.0,-0.2805054,-0.080765545,-0.013097478,-0.20089987,-0.27073517,0.0052939816,-0.06600296,-0.31962985,0.003752785,0.06459139,-0.25743252,0.012494073,-0.19255291,-0.42921737,0.004989428,-0.20550713,-0.6509903,-0.009115033,-0.19436702,-0.80499595,-0.03165235,-0.20860328,-0.9212922,-0.003000712,0.016038561,-0.48202613,-0.0006325166,0.049736843,-0.71186984,-0.0050681015,0.098925196,-0.88153,-0.05180498,0.118955195,-0.9928996,0.0045115603,0.18212812,-0.4472322,-0.019770294,0.38675112,-0.4330444,0.0046167667,0.4427563,-0.32551357,0.02010829,0.33081955,-0.26170164,-0.009708017,0.36037415,-0.34943175,0.0008431225,0.5155274,-0.3377933,-0.0053492356,0.5246133,-0.21604708,0.0021725367,0.43993753,-0.21661471,-0.0042706295
2,sintetico,Right,0.0,0.0,0.0,0.2570288,-0.078137845,0.011147948,0.17193685,-0.27450913,-0.0045137657,0.060710497,-0.33960468,0.010998802,-0.051158726,-0.25959715,-0.012039398,0.21839103,-0.437,-0.03886164,0.18773106,-0.6428562,0.005285755,0.20105755,-0.8120031,-0.004545836,0.19104195,-0.91276586,-0.012961936,-0.011814487,-0.5095481,-0.0118229855,-0.051269732,-0.7077383,0.0016549741,-0.11068852,-0.86853826,-0.018486088,-0.17666177,-0.98427165,0.0011381028,-0.19841424,-0.44026777,0.014554192,-0.38441896,-0.4493469,0.02892761,-0.45037928,-0.31203917,0.018115073,-0.34778488,-0.26016098,-0.0023833555,-0.35720202,-0.34275186,-0.0008012566,-0.5270918,-0.31978357,-0.011652883,-0.53452456,-0.20128983,-0.012731507,-0.44605553,-0.19606538,0.009332106
2,sintetico,Right,0.0,0.0,0.0,0.25190085,-0.1271915,-0.017932015,0.17296378,-0.28018212,0.0042141727,0.010656411,-0.32386664,-0.025066681,-0.07594194,-0.22083756,-0.008588978,0.1321294,-0.43679082,0.00894127,0.11738898,-0.6355236,0.019516524,0.08272866,-0.80138326,0.037025068,0.0883855,-0.9129097,-0.004909708,-0.06486361,-0.47537893,-0.01150519,-0.09398431,-0.69270164,0.009440657,-0.11594968,-0.8546853,0.029786801,-0.14440972,-0.989518,0.024695696,-0.22583194,-0.41293305,-0.014071012,-0.4296938,-0.3897166,-0.0005655948,-0.4475838,-0.24695113,0.014393771,-0.32480395,-0.2253446,0.015440662,-0.39337796,-0.31779945,0.010491088,-0.53582084,-0.3030763,-0.0052191173,-0.5675431,-0.1919436,0.010356774,-0.49803212,-0.1452134,0.015586194
2,sintetico,Right,0.0,0.0,0.0,0.25215602,-0.12904121,-0.0068847868,0.17777844,-0.2815992,0.013850767,0.032820888,-0.35020426,-0.011004555,-0.08107993,-0.26309904,0.0040480015,0.16954795,-0.42901143,-0.025201367,0.12788782,-0.6636295,0.023514196,0.08694891,-0.8016378,0.028304463,0.061959624,-0.90408015,0.012262227,-0.039329804,-0.47137237,0.038412567,-0.08676179,-0.6999377,0.031189414,-0.13686396,-0.857797,0.018243384,-0.17137975,-0.98520505,0.009394849,-0.21433336,-0.41226086,0.005870599,-0.4202448,-0.454834,0.019477483,-0.48141894,-0.30674848,0.008976856,-0.39052838,-0.23306654,0.019264687,-0.3838807,-0.3186829,0.020372221,-0.55682373,-0.30353692,0.0076584932,-0.5550524,-0.20304666,0.027435116,-0.46803215,-0.1666877,0.0076738326
2,sintetico,Right,0.0,0.0,0.0,0.2634069,-0.08848733,0.034416676,0.17732878,-0.2711369,0.008502845,0.036434073,-0.31508216,0.020501934,-0.06771409,-0.21850313,0.024971647,0.20271634,-0.41912913,-0.007158646,0.17922299,-0.6242635,-0.0031142693,0.17294757,-0.78108126,0.02021418,0.18972136,-0.89878845,-0.00023380456,-0.006634521,-0.49673095,0.019246891,-0.024028694,-0.6964312,0.033526365,-0.03253669,-0.8689421,-0.012225674,-0.05117432,-0.9986897,0.003816776,-0.18088605,-0.4229268,0.0061339894,-0.39152643,-0.40133476,0.0013422781,-0.40888563,-0.27657798,0.00015042895,-0.30197045,-0.258976,0.0018424233,-0.33823162,-0.3413137,0.00880694,-0.53129244,-0.3709614,0.011437755,-0.5685914,-0.2755061,0.022953896,-0.4970607,-0.20475894,0.008662823
2,sintetico,Right,0.0,0.0,0.0,0.23955159,-0.112522975,0.016409043,0.15398887,-0.24958321,-0.0143812345,-0.0050086207,-0.26593557,0.025891934,-0.06908389,-0.16301498,-0.014461696,0.16444932,-0.44295242,-0.028876044,0.14681277,-0.64701176,0.01989616,0.14355938,-0.7962292,-0.0099163875,0.15356688,-0.90569544,0.0019604422,-0.027405819,-0.484094,-0.014522396,-0.0581941,-0.7085425,0.034233376,-0.09102544,-0.8539516,0.026451413,-0.09109802,-0.9958419,0.02249765,-0.20064168,-0.41686234,0.0015527884,-0.41743127,-0.4269029,0.014369973,-0.45355526,-0.29747763,-0.00047835716,-0.37641042,-0.24159488,0.016402444,-0.37095165,-0.31210595,-0.0056141466,-0.5342091,-0.32070264,0.023045627,-0.5547259,-0.20704219,-0.0063361004,-0.4781743,-0.15609495,-0.004704669
2,sintetico,Right,0.0,0.0,0.0,0.24428971,-0.08612985,-0.004272676,0.18042627,-0.2990471,0.02322837,0.040453624,-0.3297769,0.026569322,-0.065088995,-0.26055863,0.010464263,0.15541542,-0.4503113,0.002678834,0.14622466,-0.62732726,-0.01332417,0.15074167,-0.79254836,0.021112937,0.13784434,-0.9089863,0.0007428378,-0.028218092,-0.48174655,-0.005355836,-0.072337136,-0.70558596,0.01051033,-0.067759685,-0.85952437,0.005481572,-0.08462746,-0.99641263,-0.010902215,-0.21761696,-0.41483763,-0.009001724,-0.43691757,-0.41968504,0.014762619,-0.45208433,-0.28281718,0.0010315881,-0.35571358,-0.23454486,0.017166577,-0.37115967,-0.3263399,0.012133141,-0.536322,-0.33591765,0.02460177,-0.5583922,-0.21646418,-0.0014102659,-0.4981571,-0.16922624,0.013325832
2,sintetico,Right,0.0,0.0,0.0,0.27796277,-0.016409293,-0.029226845,0.2637256,-0.21778895,0.038196176,0.10858924,-0.26155216,3.105952e-05,0.0016010782,-0.18196508,-0.022671755,0.3138407,-0.35974514,0.0015205918,0.37471387,-0.5451854,0.0032012183,0.41837046,-0.7188676,0.011458911,0.44920632,-0.8024873,0.010482532,0.13166471,-0.4773002,-0.0062000076,0.15361866,-0.6781321,-0.02825209,0.160637,-0.87677073,0.0036722813,0.15406823,-0.98806024,-0.027087318,-0.050284367,-0.45678845,0.014694871,-0.23367678,-0.5699727,-0.013787101,-0.34150863,-0.49901363,0.006210468,-0.32353202,-0.3879321,-0.0126672825,-0.25213763,-0.4461252,-0.010267472,-0.37901893,-0.49547347,-0.014784435,-0.47013277,-0.41150683,0.00739655,-0.4219621,-0.33990842,-0.012158148
2,sintetico,Right,0.0,0.0,0.0,-0.2743359,-0.035332836,-0.011652077,-0.22845899,-0.24082665,0.005769936,-0.07402893,-0.28131726,0.016833082,0.037807662,-0.18346487,-0.0057147224,-0.27921575,-0.39388135,0.0065747267,-0.3196757,-0.5858438,0.032863412,-0.33344075,-0.74626863,-0.014488358,-0.36357158,-0.8657563,0.0416628,-0.06918787,-0.47623497,-0.0019969714,-0.10020579,-0.7099935,0.01266292,-0.13515589,-0.8675548,0.030729739,-0.12987335,-0.9915306,0.03584315,0.12522718,-0.45803538,0.017168764,0.29427674,-0.53473765,-0.0023401575,0.3979931,-0.4240641,-0.0038197688,0.3234364,-0.3277913,-0.00033597476,0.3046405,-0.40640327,0.040952187,0.45540133,-0.42127454,0.0028768494,0.4982548,-0.34775493,0.014719216,0.42678863,-0.29304063,-0.0081920605
2,sintetico,Right,0.0,0.0,0.0,0.2899162,-0.078350194,-0.047048137,0.23733433,-0.24969321,0.003512644,0.08379857,-0.34105462,-0.023921503,-0.036441818,-0.2758562,-0.00014477191,0.20022032,-0.40919337,0.0025265214,0.24890566,-0.6202519,0.0077282446,0.23614106,-0.7424093,0.004452886,0.25301233,-0.88378066,-0.0074323826,-0.00080699887,-0.47097543,-0.013648691,0.03247781,-0.69792634,-0.009288341,0.015111119,-0.8606537,-0.024126574,0.018161718,-0.9998351,-0.011244222,-0.1464706,-0.4380572,-0.012369722,-0.35108596,-0.47536835,-0.019457158,-0.42869082,-0.3347165,-0.03303271,-0.33956447,-0.27855468,-0.02641916,-0.31655785,-0.35006887,-0.053103387,-0.48990571,-0.40538496,-0.012614509,-0.56544787,-0.31925845,-0.0030931663,-0.51183575,-0.22385073,-0.046442993
2,sintetico,Right,0.0,0.0,0.0,0.26220155,-0.035392385,-0.023742296,0.23372866,-0.21036522,0.02075518,0.08418821,-0.30117613,-0.016442677,-0.01632882,-0.19111452,-0.0027789392,0.27256888,-0.38019,-0.0031733867,0.29912427,-0.58070886,-0.005329653,0.33492547,-0.7267204,-0.012563524,0.36710328,-0.85687774,-0.0031582068,0.076431416,-0.4775577,0.017945725,0.11463652,-0.68504447,0.025234368,0.13620412,-0.84688056,-0.008955709,0.14819087,-0.9889588,-0.012774415,-0.08945344,-0.43628386,-0.017776104,-0.29323652,-0.54732853,0.03087502,-0.39070317,-0.41737106,-0.0047241547,-0.31139734,-0.31596687,0.009004453,-0.2572351,-0.40794882,0.0031803236,-0.43895334,-0.42233628,0.024224674,-0.49742967,-0.3251829,-0.009965752,-0.40378138,-0.25640413,-0.021928675
2,sintetico,Right,0.0,0.0,0.0,0.24445046,-0.1329916,0.011477548,0.11875686,-0.27959406,0.015255744,-0.027181879,-0.24087918,0.015105933,-0.061286237,-0.10947792,0.0016259003,0.114290625,-0.45642912,0.025662288,0.07270689,-0.67224276,0.019257275,0.027116327,-0.8110342,0.03385122,-0.019103685,-0.9212346,0.023611054,-0.07326185,-0.45651352,0.006933799,-0.14654541,-0.682394,0.03000607,-0.1930189,-0.8391771,0.015620548,-0.23047256,-0.97307885,0.022930989,-0.24844417,-0.3699063,0.021849897,-0.45720047,-0.3539778,0.010073429,-0.45968464,-0.21757966,0.013246214,-0.34750977,-0.19418962,0.009975079,-0.40901068,-0.28038967,-8.419265e-05,-0.5723599,-0.24231824,-0.018092174,-0.5731035,-0.16081485,0.0021343534,-0.48059294,-0.12769106,0.014583069
2,sintetico,Right,0.0,0.0,0.0,-0.25724038,-0.032461785,0.005573954,-0.22068065,-0.24177328,-0.014991643,-0.07401552,-0.26016778,-0.017633982,0.028787227,-0.1600756,0.005115351,-0.2567297,-0.36786,0.009603369,-0.30220133,-0.57065594,0.029335452,-0.3283124,-0.7541714,0.0072590434,-0.30941936,-0.8639048,-0.020630565,-0.08268252,-0.4841994,0.027699485,-0.092341274,-0.71048677,0.013049674,-0.143788,-0.85617536,-0.032474663,-0.14464259,-0.98948395,-0.017970864,0.107563704,-0.47163513,-0.009956704,0.29575777,-0.5522641,0.009823239,0.3922073,-0.42423418,-0.038041014,0.34190992,-0.3326082,-0.0044162055,0.28843716,-0.41482282,0.0089745745,0.45130536,-0.4460567,-0.044804487,0.4953109,-0.3502901,0.0084644705,0.45060778,-0.2870603,0.010252341
2,sintetico,Right,0.0,0.0,0.0,-0.2565457,-0.08617985,0.010303789,-0.19990164,-0.2580711,0.028216187,-0.07326476,-0.3224805,0.025996156,0.05669876,-0.2641298,0.0026851129,-0.18147157,-0.42319888,0.039760984,-0.21032894,-0.6324009,0.04487807,-0.20751257,-0.7770441,0.028382072,-0.22596467,-0.87919104,-0.00017297205,0.015748234,-0.48087573,0.024458023,-0.0055208653,-0.6852934,0.027123887,0.015791835,-0.8622136,0.018088201,0.016443241,-0.9998648,0.041985493,0.17375572,-0.42170468,0.020389298,0.35873896,-0.50317156,0.053163007,0.47386262,-0.42813572,0.033659123,0.468448,-0.3032853,0.02617539,0.34219858,-0.34314635,0.035685785,0.48642218,-0.37217095,0.04469598,0.5334852,-0.26404518,0.03537029,0.48144627,-0.20612109,0.020981217
2,sintetico,Right,0.0,0.0,0.0,0.26890883,-0.07072873,0.04169625,0.23409906,-0.24526823,0.01574469,0.079322115,-0.32241037,0.028108051,-0.02229265,-0.24601018,0.0314368,0.24011639,-0.39069903,0.058943167,0.25874734,-0.6029582,0.027644357,0.2631503,-0.75005627,0.010622938,0.29016733,-0.8602553,0.05271936,0.034590255,-0.4433634,0.041892417,0.06242674,-0.71376586,0.042434465,0.046496876,-0.86272305,0.0529926,0.054163445,-0.99853206,0.05640976,-0.14402306,-0.4352194,0.0183517,-0.3344751,-0.48368964,0.011085497,-0.39267865,-0.3567239,0.043591417,-0.333669,-0.2967575,0.027510092,-0.29938903,-0.36205596,0.02882999,-0.4597408,-0.3981755,0.015005205,-0.5251652,-0.311045,0.039828133,-0.47485614,-0.2355154,0.037182704
2,sintetico,Right,0.0,0.0,0.0,0.26922598,0.0073951352,-0.008206004,0.27525848,-0.1936792,0.011011294,0.1642511,-0.28941265,0.0096104955,0.011812495,-0.2414267,0.018934784,0.31572327,-0.3322645,0.0016746394,0.3957576,-0.5350377,-0.041407064,0.46251354,-0.68099374,-0.0056013074,0.49783453,-0.8112431,0.02266305,0.14511596,-0.46647695,-0.0041021775,0.19915088,-0.6873737,-0.026651913,0.21258247,-0.8648823,0.0068619684,0.20798747,-0.9781315,0.00792008,-0.015165271,-0.48244458,-0.009797226,-0.2232121,-0.55909127,-0.0029942526,-0.312771,-0.46141395,-0.01149775,-0.25005144,-0.37275484,0.007898986,-0.2138212,-0.45808423,0.0013010387,-0.37274766,-0.5082607,-0.016007286,-0.43361512,-0.39464048,0.00036447693,-0.34942907,-0.33393714,-0.009879711
2,sintetico,Right,0.0,0.0,0.0,-0.24982032,-0.055619035,0.0025291676,-0.18370007,-0.25298405,-0.010306553,-0.032996807,-0.26061183,-0.009838365,0.02749392,-0.13669398,-0.026914304,-0.2318067,-0.41374347,0.0028111977,-0.23036183,-0.6354983,0.009981808,-0.21270768,-0.7750895,-0.0025403588,-0.19065952,-0.8951405,-0.015945807,-0.030886289,-0.49214157,-0.00026358946,-0.03193676,-0.7093076,0.020940233,-0.028957682,-0.875283,0.013563604,-0.018586012,-0.99982727,-0.0018527148,0.14573286,-0.45287454,0.03266992,0.36006412,-0.49667832,0.043495707,0.42616823,-0.34982666,-0.009343793,0.34482864,-0.29196575,-0.0054499223,0.3327948,-0.36745602,0.010161874,0.48350507,-0.38197884,-0.016538423,0.5203084,-0.27678117,0.012751655,0.4352792,-0.21991211,0.00032382453
2,sintetico,Right,0.0,0.0,0.0,-0.26235676,-0.11328497,0.016357817,-0.17365327,-0.3031924,-0.0052338894,-0.020511761,-0.30163464,0.026411645,0.07538439,-0.18619739,0.00058883784,-0.13751379,-0.43836957,0.00065311807,-0.14771195,-0.64155513,-0.00073985115,-0.15316783,-0.83104974,0.019355247,-0.14026017,-0.92576706,-0.011332628,0.050569344,-0.49773818,0.0017925316,0.07213036,-0.7261688,-0.0048243958,0.08929295,-0.86639977,-0.005048898,0.11674592,-0.9931618,0.0043879026,0.21639849,-0.41285282,0.0020398193,0.427302,-0.45896667,0.020463498,0.5187508,-0.34491327,0.0036615706,0.47099772,-0.26171368,0.012609036,0.3885045,-0.3206619,0.0065639755,0.54075503,-0.28991047,0.026031552,0.55617094,-0.18641818,-0.000950076,0.4530949,-0.18345128,-0.000905581
2,sintetico,Right,0.0,0.0,0.0,-0.23563689,-0.13026005,0.0035015265,-0.13333538,-0.29645562,0.023782564,0.01861614,-0.2845792,0.020652276,0.084444374,-0.17603546,0.0051453947,-0.11748643,-0.43722594,0.019176045,-0.08178552,-0.6556268,0.015543494,-0.048325844,-0.8092641,0.01054677,-0.054247018,-0.9354305,0.026862875,0.08387276,-0.45745054,0.0018652056,0.1414592,-0.70253253,0.011729546,0.20061284,-0.8442388,-0.0035164324,0.24331287,-0.9699479,-0.0028542932,0.2452267,-0.39161047,-0.0077976207,0.455976,-0.34728304,-0.0026184474,0.43213737,-0.21040714,0.012148693,0.32050747,-0.2172654,0.006822024,0.3930535,-0.2806135,0.0072725555,0.56070364,-0.27571282,0.006867903,0.60882425,-0.17066307,0.035490293,0.51854706,-0.12561424,-0.0047089024
2,sintetico,Right,0.0,0.0,0.0,-0.27583334,-0.108495735,-0.0014376475,-0.18182522,-0.27638,0.023341674,-0.06106859,-0.35270053,-0.0049256524,0.06212346,-0.30364645,-0.014427723,-0.15603332,-0.42980042,0.0010735957,-0.13239893,-0.65215707,-0.0018373161,-0.12943085,-0.7992086,-0.004909596,-0.12416379,-0.9070921,-0.022124488,0.04659402,-0.46894702,-0.005290637,0.06707279,-0.696162,-0.011634194,0.10901782,-0.8575513,-0.0061969915,0.10585944,-0.9943811,0.0080234995,0.22387697,-0.40624836,-0.013063124,0.42498946,-0.4024602,-0.006268211,0.44649282,-0.27888522,0.0051610935,0.34192526,-0.22122623,-0.0069902996,0.38011783,-0.2838997,0.036161125,0.5493177,-0.30060259,0.0007787991,0.5586227,-0.19491205,-0.021568464,0.47288963,-0.15845704,-0.015533382
2,sintetico,Right,0.0,0.0,0.0,0.25297335,-0.12500302,-0.00031924582,0.17124243,-0.3081171,-0.001450522,0.010236635,-0.3582787,-0.0014485468,-0.09520369,-0.2605055,0.009729795,0.14025919,-0.44423342,0.021559758,0.10913021,-0.6332352,0.04008437,0.11608884,-0.80548424,-0.007446485,0.10962512,-0.93845606,0.015315343,-0.06629736,-0.47842684,0.0136424955,-0.09372341,-0.69880146,0.00023953839,-0.15291391,-0.86977655,-0.010461283,-0.182204,-0.98326075,0.009539584,-0.24901779,-0.40334675,0.037887696,-0.44379988,-0.4429878,0.00944236,-0.5013888,-0.30329493,-0.0067915237,-0.41822103,-0.22126557,0.0028903747,-0.3911281,-0.30617785,-0.012215874,-0.5560569,-0.3039652,0.0055918745,-0.57905483,-0.20632167,0.015810648,-0.50765115,-0.13414484,-0.0053371377
2,sintetico,Right,0.0,0.0,0.0,-0.25775477,-0.093270905,-0.014479363,-0.23722157,-0.28227812,0.01998746,-0.15110007,-0.37130046,-0.0047086547,0.0032479076,-0.40978488,-0.0061697857,-0.20174547,-0.42100993,0.028981006,-0.18994898,-0.6278812,0.024577886,-0.20026869,-0.7800014,0.0052820253,-0.17900005,-0.89620286,-0.03456881,0.009628532,-0.47489765,0.018193416,0.03761838,-0.70235175,0.020099217,0.025227422,-0.8761957,0.0179512,0.035817824,-0.99935836,0.017273625,0.19567114,-0.42176765,0.007657356,0.39152655,-0.45004213,0.0042799404,0.44796133,-0.34497398,-0.0059769303,0.3952346,-0.25536743,4.9655187e-05,0.3507632,-0.32850882,0.015071423,0.51601076,-0.3556942,0.015313838,0.56999844,-0.26017147,0.02197634,0.49946827,-0.19787933,-0.01040392
2,sintetico,Right,0.0,0.0,0.0,0.25866026,-0.09703078,-0.0338763,0.18079257,-0.30137715,-0.013839214,0.04619052,-0.35984614,-0.041293804,-0.08500932,-0.32064894,-0.05571678,0.14248611,-0.44301268,-0.05079695,0.11666203,-0.6487856,-0.03457899,0.10799648,-0.8105877,-0.020457491,0.10534062,-0.93726623,-0.02859795,-0.070223175,-0.4850788,-0.03324583,-0.09959526,-0.6999778,-0.010648492,-0.12877367,-0.8661857,-0.029080309,-0.14081572,-0.99003583,-0.024492346,-0.23250915,-0.4054438,0.022266785,-0.45082295,-0.40382874,-0.029245865,-0.471447,-0.27196765,-0.040605273,-0.39425635,-0.21807367,-0.021169858,-0.38741916,-0.29631424,-0.016989326,-0.5547694,-0.31857124,-0.02414224,-0.59434354,-0.21295235,-0.02652163,-0.546736,-0.13326949,-0.0046334537
2,sintetico,Right,0.0,0.0,0.0,0.2612621,-0.11159529,0.024358824,0.165535,-0.29188547,0.0355205,-0.0027923195,-0.2733199,0.010576885,-0.07264767,-0.12881088,0.018129654,0.16011304,-0.43846905,-0.013471742,0.13482454,-0.62965596,0.0044176765,0.15041302,-0.8050202,0.022246651,0.13937463,-0.91129225,0.03270604,-0.03960354,-0.47428536,0.008964522,-0.08993037,-0.7147072,0.0588782,-0.08832896,-0.87835664,0.022908919,-0.10047316,-0.99493974,-0.0013289086,-0.21081372,-0.40678412,0.037771456,-0.42129284,-0.4170774,-0.0010171834,-0.45446378,-0.28419474,0.023130909,-0.3547225,-0.23158298,0.003925864,-0.37588903,-0.3343553,-0.0026128036,-0.5395146,-0.3338929,0.03280812,-0.57491684,-0.2354737,0.014148822,-0.505442,-0.16111752,0.044467345
2,sintetico,Right,0.0,0.0,0.0,0.25081134,-0.09155181,-0.014625833,0.18820707,-0.29015264,0.0061983797,0.065887436,-0.33903673,-0.0200176,-0.06895082,-0.28616628,0.012069956,0.17714572,-0.42701942,-0.0092316475,0.19014058,-0.6384214,-0.022441689,0.17299224,-0.79571354,-0.03341174,0.16609603,-0.89894354,-0.028291648,-0.024880188,-0.47718632,-0.030379899,-0.030268824,-0.7058043,-0.018368851,-0.054988004,-0.8694803,-0.034719955,-0.0633552,-0.997991,0.00068948395,-0.2008319,-0.4144297,-0.015617425,-0.38343894,-0.39256862,-0.016177157,-0.36760488,-0.26775244,-0.033222143,-0.26402304,-0.24132767,-0.027754264,-0.36140847,-0.32018808,-0.04777625,-0.52411515,-0.3255121,0.005173703,-0.54450047,-0.2220444,-0.036703188,-0.45689517,-0.17625096,-0.0356573
2,sintetico,Right,0.0,0.0,0.0,-0.25090247,-0.088605046,-0.029271157,-0.18130997,-0.24981081,-0.019684805,-0.03369153,-0.27735266,-0.028772272,0.042663623,-0.13410293,-0.0136058815,-0.20455714,-0.40942112,-0.02870056,-0.2069052,-0.6229706,-0.02787227,-0.20883279,-0.76147187,-0.024310775,-0.21359135,-0.88568825,-0.02897936,-0.017948266,-0.48496497,-0.0074944412,0.0070086275,-0.71249735,-0.03929807,0.0009899797,-0.84755766,-0.02263391,0.017154817,-0.99985284,-0.020905402,0.16580683,-0.43251154,-0.02382827,0.380447,-0.47111768,-0.008907634,0.41502875,-0.32575727,-0.042658556,0.31888238,-0.2737066,-0.01437361,0.33309966,-0.3543764,-0.039122764,0.4869785,-0.35539633,-0.029072551,0.5254101,-0.25394663,-0.040525336,0.45128277,-0.21225558,-0.026660455
2,sintetico,Right,0.0,0.0,0.0,0.2563899,-0.100108005,-0.019836748,0.18744528,-0.2580918,0.006321232,0.043668665,-0.3253725,-0.01353099,-0.064701,-0.24503392,-0.016237719,0.15238574,-0.4285637,-0.025052728,0.13289662,-0.6457776,-0.007648509,0.07397931,-0.77910405,-0.016797032,0.034983225,-0.90718436,-0.003814128,-0.03320567,-0.48020986,0.007930098,-0.044931374,-0.6891429,-0.02876511,-0.08090878,-0.84297097,-0.0076701627,-0.12034082,-0.99273264,-0.008116316,-0.22080207,-0.3982254,-0.010115209,-0.40364352,-0.4352954,-0.024143359,-0.42822617,-0.28587505,-0.023824919,-0.34156692,-0.23125862,-0.026514925,-0.35805514,-0.3296682,-0.026827103,-0.5211285,-0.35357714,-0.030547867,-0.5722459,-0.24872151,-0.018969992,-0.51719785,-0.17454709,-0.029252468
2,sintetico,Right,0.0,0.0,0.0,0.2753763,-0.059907895,-0.011227439,0.20795396,-0.25819966,-0.010171812,0.06772424,-0.29821384,-0.029385887,-0.036813397,-0.18433203,-0.004124903,0.22912957,-0.42272383,-0.0022073723,0.24367599,-0.6221177,-0.005881645,0.2555706,-0.7653571,0.022938801,0.27647933,-0.87120515,-0.0011855094,0.026407545,-0.4888454,-0.0055889296,0.04505944,-0.7179345,0.0034539115,0.015245348,-0.87508297,0.025711553,0.025867198,-0.9996654,5.50718e-05,-0.14073832,-0.43964764,-0.034098662,-0.34237975,-0.48522943,0.0025286044,-0.42570862,-0.3751319,-0.015557766,-0.33136725,-0.29713202,-0.029946927,-0.2980446,-0.37293503,0.019983387,-0.47972628,-0.40494376,0.017002566,-0.5138395,-0.29245293,-0.01591558,-0.448221,-0.23877962,-0.015825287
2,sintetico,Right,0.0,0.0,0.0,0.26954135,-0.016064106,0.012556473,0.24333401,-0.19655383,0.009751494,0.12334201,-0.2712244,0.0058428054,-0.0048264763,-0.2251369,-0.0106095085,0.26145077,-0.3366229,0.038316656,0.34192133,-0.55539834,0.01761847,0.38491112,-0.7055311,-0.017627338,0.42368463,-0.82919544,0.0013040869,0.089150205,-0.46328127,-0.017315539,0.14995953,-0.6891266,0.020465346,0.1804096,-0.85598445,0.0077630663,0.21435636,-0.9767555,0.008182128,-0.08883749,-0.46999374,-0.005534257,-0.24430583,-0.56281924,0.0030024298,-0.34669244,-0.44757098,0.020872127,-0.31518728,-0.3456529,0.025225488,-0.24684918,-0.4100414,0.021832045,-0.39967355,-0.4460744,-0.017036345,-0.46563488,-0.37690765,0.0051000947,-0.42742005,-0.31467113,0.012220916
2,sintetico,Right,0.0,0.0,0.0,0.2619981,-0.07841863,0.007462169,0.2229061,-0.2716518,0.018774088,0.08774644,-0.33019805,0.016756436,-0.040220868,-0.27570102,0.016049074,0.20821117,-0.42806965,0.014224405,0.23137248,-0.629414,-0.012253927,0.24795899,-0.7886152,0.022146527,0.24047497,-0.90565366,-0.009217886,-0.0065444726,-0.49799687,0.0044186097,0.018026326,-0.7162915,0.0009133236,0.0013987712,-0.89933693,0.010937195,0.0044351835,-0.99999017,-0.0009928236,-0.17311941,-0.43718523,0.0036687092,-0.39304233,-0.43699434,0.029067826,-0.40999356,-0.30431506,-0.012575584,-0.2918054,-0.27786517,0.0058986135,-0.33714184,-0.38320878,-0.009987253,-0.49240655,-0.4003007,0.015570458,-0.5738121,-0.31675515,-0.0044512483,-0.5297249,-0.24215761,0.006484553
2,sintetico,Right,0.0,0.0,0.0,0.28650537,-0.03527286,-0.017191352,0.27705273,-0.22686104,-0.03558824,0.14788073,-0.31462604,-0.0016496048,0.0029142357,-0.30172372,0.016386582,0.27819708,-0.37123796,0.0015379982,0.30658808,-0.5762875,0.0029922694,0.30588284,-0.7223593,-0.004119991,0.29923844,-0.8373579,-0.009203592,0.09833871,-0.4769298,-0.011728397,0.14019586,-0.6952584,-0.02584329,0.17228504,-0.8629703,-0.0032185258,0.1925991,-0.9812775,-0.0040553287,-0.09016879,-0.4736514,-0.019476857,-0.2715054,-0.51570445,-0.00553167,-0.3648007,-0.41044453,-0.022733074,-0.280547,-0.32599357,-0.021835038,-0.26320285,-0.42009202,-0.0020193185,-0.4205582,-0.45429534,-0.0068779,-0.4576135,-0.35816795,-0.016218815,-0.39417955,-0.30284944,-0.017850503
2,sintetico,Right,0.0,0.0,0.0,0.25448373,-0.09683205,0.010222451,0.15682147,-0.28475186,-0.039685376,0.026346251,-0.31325892,-0.022768844,-0.07898023,-0.20487252,0.00898173,0.14395647,-0.43842775,0.015600907,0.12483753,-0.66477257,-0.023223119,0.1285467,-0.79928374,-0.0315013,0.11599752,-0.9207398,-0.0033162336,-0.058768347,-0.48297912,0.0011948837,-0.093538344,-0.69436353,-0.0036020277,-0.117433615,-0.85592186,-0.0065396824,-0.117679425,-0.99305165,-0.031972773,-0.23651263,-0.41227514,-0.011015187,-0.4202625,-0.43830043,-0.008899212,-0.5009572,-0.3190325,-0.013473458,-0.447298,-0.22360891,-0.032921903,-0.3729368,-0.3180744,0.0026043707,-0.54896694,-0.30870435,0.006592349,-0.5895317,-0.18766809,-0.016970128,-0.4966288,-0.14675178,-0.008332582
2,sintetico,Right,0.0,0.0,0.0,0.25356564,-0.111200675,0.025733702,0.18583582,-0.28950617,-0.002677186,0.008554018,-0.30019704,0.022336163,-0.08022546,-0.23662215,0.02120419,0.14148661,-0.42013538,-0.0035584068,0.14123228,-0.6230775,0.009225713,0.12537782,-0.8055417,0.03821905,0.11731593,-0.9217317,-0.00069386046,-0.059006877,-0.48980466,0.016951142,-0.09898418,-0.68984586,0.015988024,-0.14866735,-0.84969807,0.010507121,-0.18279308,-0.98315144,-0.013995849,-0.22967309,-0.42415637,0.023142857,-0.42706448,-0.40331525,0.011289128,-0.46406737,-0.28197885,0.02713595,-0.35520944,-0.2224088,0.014483099,-0.3742183,-0.30038473,0.012055956,-0.5393672,-0.28643146,0.016525675,-0.54256994,-0.1660407,-0.0032071904,-0.4691683,-0.1586144,0.033726677
2,sintetico,Right,0.0,0.0,0.0,0.27369508,-0.088693984,0.0019939854,0.18721195,-0.27141124,-0.031891618,0.07186736,-0.32399464,-0.02721065,-0.049170922,-0.23008792,-0.022413692,0.19218905,-0.41819963,-0.016018447,0.20498195,-0.6386935,-0.0113077145,0.19632742,-0.76743656,-0.007939155,0.18754148,-0.90521604,-0.008320287,-0.03279342,-0.48382327,0.009880336,-0.050651528,-0.7134534,-0.014517467,-0.10159453,-0.89909166,-0.03678088,-0.14826708,-0.98894733,-0.04179112,-0.19090353,-0.44553682,0.0112186,-0.39468262,-0.47064683,-0.007177847,-0.46478742,-0.32309353,-0.012130972,-0.3332584,-0.25793162,-0.0081685325,-0.36378586,-0.34325266,-0.012885423,-0.51268816,-0.36591825,-0.00842701,-0.55985606,-0.25718153,-0.021590168,-0.4777218,-0.19829513,0.0017340921
2,sintetico,Right,0.0,0.0,0.0,-0.25527945,-0.048504293,-0.012784062,-0.24185038,-0.25380763,0.0003730773,-0.10008459,-0.32936576,0.006805255,0.028903129,-0.24911308,-0.0012755638,-0.23970696,-0.40833086,-0.0077545415,-0.2905993,-0.6202719,0.00040962346,-0.28582427,-0.77713376,-0.019430455,-0.2961988,-0.89012617,0.013269299,-0.04432195,-0.48803514,-0.037965063,-0.07204282,-0.70738184,-0.010450986,-0.077144586,-0.8864056,-0.017510714,-0.10248924,-0.9947341,-0.0212771,0.13871929,-0.43970144,-0.0061097112,0.3413644,-0.49765754,-0.029045802,0.4077369,-0.39991614,0.023496602,0.34543338,-0.2997415,-0.032679062,0.30579722,-0.37805876,-0.026252959,0.47988155,-0.39173743,-0.027766602,0.4927422,-0.27746353,-0.007820259,0.41782394,-0.24276236,0.005262342
2,sintetico,Right,0.0,0.0,0.0,-0.26820078,-0.10039759,-0.02220832,-0.19639963,-0.26938558,-0.0018342132,-0.044673767,-0.3154591,-0.036633063,0.055639435,-0.20045522,-0.03885626,-0.19593647,-0.43995118,-0.01448531,-0.16369428,-0.64016247,0.009408597,-0.1508652,-0.78976667,-0.004466251,-0.12876639,-0.9163626,-0.0045768796,0.016804984,-0.49590155,0.0005314867,0.007070223,-0.7280914,-0.018865936,0.026602294,-0.8953163,-0.003317307,0.0056222724,-0.9999842,-0.021684838,0.17076606,-0.44178966,-0.017585887,0.38224432,-0.47072655,-0.015670085,0.42580068,-0.33024225,-0.021157997,0.34457713,-0.28535601,-0.013759937,0.3619954,-0.34847465,-0.016668502,0.523236,-0.37721145,-0.023659684,0.56665134,-0.2590967,-0.014910219,0.47691137,-0.20645835,-0.010345147
2,sintetico,Right,0.0,0.0,0.0,-0.23692317,-0.12107662,0.025232391,-0.18674813,-0.28904736,0.007264883,-0.048707724,-0.35224974,-0.008306999,0.07102413,-0.2712999,0.024312207,-0.15386291,-0.44246972,-0.00086588884,-0.13263503,-0.6395545,0.022113923,-0.11264794,-0.81061363,-0.026628213,-0.09663925,-0.9109266,0.004287701,0.06209213,-0.46759945,0.026313668,0.07754688,-0.70360905,0.009673669,0.13361688,-0.86791587,0.018218242,0.12644836,-0.99197316,-0.0033961332,0.23203024,-0.40293124,0.014609807,0.42506623,-0.42012048,0.009653807,0.4676374,-0.28413016,0.013105929,0.36200768,-0.20545545,0.03898362,0.3766302,-0.3118073,0.028397506,0.54276234,-0.31511426,0.021011531,0.5883827,-0.21261358,0.021193456,0.52394325,-0.14710753,-0.0035002397
2,sintetico,Right,0.0,0.0,0.0,0.2571974,-0.041801944,-0.008073245,0.24075547,-0.24471208,0.0052745007,0.12453183,-0.31287313,0.02783183,0.0034729377,-0.23537312,-0.015967673,0.28066102,-0.38150576,0.0047825156,0.3249261,-0.57800055,-0.021500483,0.36538702,-0.72871804,-0.0009118358,0.4048295,-0.84385455,0.009721565,0.08899364,-0.47297448,-0.019391833,0.14482383,-0.691188,-0.0014550012,0.16224349,-0.85000974,0.010159892,0.18928242,-0.9819227,0.0076423828,-0.092618935,-0.46667412,0.010925008,-0.2794856,-0.5451554,-0.009823256,-0.36190367,-0.4553803,0.010153389,-0.3232163,-0.34832805,-0.003906443,-0.27127475,-0.4139678,0.016849445,-0.4249338,-0.4675074,-0.030926915,-0.48171082,-0.35164103,0.0009964639,-0.4194032,-0.30318817,0.007132804
2,sintetico,Right,0.0,0.0,0.0,0.26431674,-0.063087516,-0.005705965,0.19864868,-0.24047315,-0.0094825635,0.042822126,-0.25475138,-0.012946536,-0.022878842,-0.16267389,-0.012447819,0.2394764,-0.4122598,-0.007153535,0.26992264,-0.5959815,-0.011731226,0.29489037,-0.7542798,0.0027183904,0.2812929,-0.8692083,-0.015157928,0.038230304,-0.46750486,0.014483581,0.033801652,-0.70612854,-0.01578735,0.048469383,-0.85780585,0.005352685,0.060050324,-0.99819535,0.005960314,-0.13633391,-0.4394113,-0.0052714795,-0.323151,-0.47584942,-0.006526601,-0.4058929,-0.3547441,-0.017876329,-0.29393888,-0.29771817,-0.014891501,-0.32303327,-0.37868783,-0.004511925,-0.460547,-0.38631156,-0.008243661,-0.5053201,-0.27384996,0.009057435,-0.4144255,-0.23605792,-0.014011364
2,sintetico,Right,0.0,0.0,0.0,-0.24369124,-0.13123924,0.0152062345,-0.18078178,-0.30467165,0.025246287,-0.009543194,-0.3327871,0.03635378,0.07531412,-0.23651156,0.035837807,-0.16218089,-0.43864426,0.022213016,-0.15731442,-0.665559,0.04299605,-0.12448577,-0.8172503,0.022530016,-0.10578318,-0.9253345,0.03376687,0.06588857,-0.47798103,0.015271841,0.09976382,-0.71390975,0.051578183,0.15134813,-0.8607191,0.033945043,0.20238616,-0.9793058,0.04481045,0.22396143,-0.4076011,0.013517974,0.43642217,-0.40084642,0.03648127,0.47711408,-0.27372703,0.043051958,0.3490836,-0.24250978,-0.00014942209,0.37050202,-0.31749043,0.05288981,0.5622546,-0.27881348,0.012969227,0.56476665,-0.16842572,0.0370836,0.4601616,-0.17349386,0.06312137
2,sintetico,Right,0.0,0.0,0.0,-0.25634465,-0.06681448,0.035791732,-0.19655368,-0.24373563,0.008115858,-0.045112718,-0.26799363,0.013933153,0.049247198,-0.15699594,0.03708652,-0.23489209,-0.38294953,-0.009170414,-0.25113738,-0.59972936,-0.004383461,-0.2652897,-0.75797576,0.0071086595,-0.30187178,-0.8651808,0.010072074,-0.044335388,-0.45235538,0.05425864,-0.05698845,-0.69338703,-0.0018097485,-0.056049928,-0.84458274,-0.008419952,-0.073673874,-0.9972824,-0.002568527,0.15428309,-0.43593702,0.015982082,0.34637007,-0.45729902,0.020110067,0.38982487,-0.3347278,0.0010646302,0.2740413,-0.30160353,0.012629271,0.29777497,-0.37040222,0.04319043,0.45849335,-0.42122155,0.012853731,0.5262201,-0.30456826,0.01739338,0.47074825,-0.25805378,0.04229759
2,sintetico,Right,0.0,0.0,0.0,0.26116535,-0.09211563,-0.008881034,0.20750816,-0.26535976,-0.010357891,0.084160484,-0.31609184,-0.014139342,-0.03837605,-0.2729528,0.011012163,0.2021179,-0.41566455,-0.008874916,0.20998335,-0.62696695,0.00019200986,0.2303245,-0.7819576,-0.006779889,0.23590434,-0.9022652,0.010729435,0.0052119372,-0.48893526,-0.03308371,0.0044192728,-0.7275572,-0.000180354,-0.0089339055,-0.87550837,-0.02255408,0.01561705,-0.99987805,0.001079617,-0.17447615,-0.443755,-0.0066361492,-0.3651264,-0.4879356,-0.025763199,-0.43944177,-0.36528006,0.00031756342,-0.38672134,-0.2703422,-0.0013118797,-0.35749486,-0.35485846,-0.007852216,-0.5057514,-0.40757617,-0.0060332334,-0.570967,-0.31263432,-0.0022119347,-0.5368677,-0.23126093,0.012389681
2,sintetico,Right,0.0,0.0,0.0,0.25861382,-0.057877578,0.009765823,0.2377458,-0.23847544,0.014369096,0.08564653,-0.30190095,-0.008883927,-0.033260733,-0.24461828,0.012292454,0.2497436,-0.3773352,-0.024693958,0.25301784,-0.5988562,0.0106045855,0.25726393,-0.7487377,-0.019981984,0.26530161,-0.8765371,0.0047332477,0.047540925,-0.47398582,0.014169458,0.081537716,-0.69308555,0.0108243935,0.09338608,-0.8648023,-0.02410342,0.10527301,-0.99444336,-0.0076246704,-0.12984781,-0.44089505,0.008470019,-0.33722255,-0.49230006,0.008074094,-0.37489435,-0.34225965,0.0023731291,-0.27031136,-0.31140792,-0.031879056,-0.28971532,-0.39886627,0.015121486,-0.45502314,-0.43699118,0.017585276,-0.5235219,-0.33468506,0.0008220742,-0.4623498,-0.2766811,0.0017184664
2,sintetico,Right,0.0,0.0,0.0,-0.25183135,-0.0653467,0.032179616,-0.18540864,-0.25740635,0.03967935,-0.046029057,-0.27719057,0.029358737,0.054845426,-0.17819841,0.056985427,-0.2164863,-0.4178833,0.034440078,-0.20376666,-0.6298338,0.046802692,-0.18678617,-0.764747,0.08218484,-0.1357645,-0.88124317,0.048377063,-0.0125488425,-0.49267673,0.044885736,-0.015479888,-0.7068926,0.045224268,-0.0037766926,-0.88207436,0.05664238,-0.0044027255,-0.9999903,0.054785233,0.17368287,-0.4324836,0.03157804,0.37077785,-0.48010898,0.040455494,0.42967767,-0.34948894,0.03661656,0.34794313,-0.2807847,0.042381283,0.31573018,-0.36554193,0.073989734,0.5008041,-0.36380422,0.055869624,0.52163184,-0.28402245,0.045421556,0.4601662,-0.2209696,0.06526682
2,sintetico,Right,0.0,0.0,0.0,-0.27853525,-0.009337422,0.021407947,-0.25955144,-0.20948797,-0.0027266303,-0.1187805,-0.28584346,-0.0065607787,-0.008522736,-0.21723421,0.011251975,-0.31867594,-0.3565311,-0.004694353,-0.36591062,-0.565767,0.01702438,-0.43551546,-0.7258156,-0.009200178,-0.4544077,-0.8279504,-0.0075111357,-0.13183822,-0.454563,0.010267094,-0.14409825,-0.7143885,0.0005733615,-0.13212684,-0.8824711,0.0006838806,-0.11302446,-0.9935922,-0.027679006,0.07044802,-0.46758962,-0.0058078114,0.2646534,-0.55597556,0.011305623,0.34050402,-0.44382155,-0.011856396,0.27675378,-0.3575056,0.009009176,0.24756299,-0.43570468,0.002927114,0.37754884,-0.5299431,-0.00364731,0.4895325,-0.46482676,0.018245695,0.4890536,-0.3571076,-0.005617071
2,sintetico,Right,0.0,0.0,0.0,0.25636852,-0.11752869,0.04352283,0.17137145,-0.2816364,0.05371821,0.018670052,-0.3226473,-0.0007615383,-0.067571476,-0.24314578,0.0418851,0.17127371,-0.43895453,0.028724462,0.15106352,-0.6260524,0.020246943,0.15936881,-0.79194236,0.026897535,0.14550097,-0.91294765,0.032070994,-0.038075823,-0.4690436,0.043034427,-0.0814378,-0.7029059,0.042242926,-0.107475266,-0.8584555,0.0021395655,-0.12513736,-0.9921394,0.01531204,-0.2252777,-0.41918042,0.026703885,-0.41110623,-0.39481598,0.049398214,-0.4386445,-0.27941158,-0.01659362,-0.32763755,-0.23898876,0.015892759,-0.36217126,-0.3238226,0.0018178207,-0.5377939,-0.3340712,0.0042506754,-0.5817236,-0.24865466,0.04039688,-0.54574645,-0.15454736,0.017104479
2,sintetico,Right,0.0,0.0,0.0,0.23295951,-0.12259289,-0.010542808,0.1811706,-0.33584946,-0.007899344,0.053706676,-0.41495016,0.0030992655,-0.093892515,-0.35222858,-0.020017324,0.11759622,-0.46060082,0.0075281966,0.07625793,-0.67000514,-0.00030952296,0.072145484,-0.823636,-0.008747633,0.031687587,-0.9411849,0.014175008,-0.08832814,-0.48403266,-0.028186267,-0.1850873,-0.70016307,-0.015680632,-0.26820695,-0.83848745,-0.019009875,-0.37572256,-0.9267322,-0.003412937,-0.25824517,-0.3907213,0.008945404,-0.46753356,-0.42453653,-0.023519075,-0.54734266,-0.32286584,0.040774964,-0.4533712,-0.20609932,-0.018717611,-0.40266377,-0.30151016,-0.003374071,-0.570359,-0.25439364,-0.00874121,-0.5893363,-0.14075203,-0.0080895,-0.50173354,-0.12976532,-0.020661417
2,sintetico,Right,0.0,0.0,0.0,0.24898212,-0.13294438,0.005346471,0.13096455,-0.2803655,-0.021244045,-0.021550993,-0.27865115,-0.006619849,-0.06964641,-0.16743723,0.008254385,0.14709404,-0.43918356,-0.010820522,0.113175064,-0.65932065,0.0076384456,0.08996845,-0.8244662,-0.003760786,0.08380895,-0.94430786,0.001255321,-0.0840897,-0.47619778,0.013571665,-0.11862659,-0.71298534,-0.009087839,-0.15967552,-0.85098535,-0.029215967,-0.16483887,-0.9863205,-0.00972866,-0.23821427,-0.4174989,-0.01892098,-0.4526018,-0.439672,-0.040293213,-0.524972,-0.29253694,-0.007104214,-0.43868318,-0.2158779,-0.002078948,-0.40238017,-0.29840767,0.011428573,-0.553165,-0.28644916,-0.024078457,-0.5617857,-0.15401845,-0.0038954113,-0.48871812,-0.15008134,0.013192852
2,sintetico,Right,0.0,0.0,0.0,-0.23641004,-0.11407446,-0.0129939,-0.15200138,-0.2998097,0.0005331502,-0.03454433,-0.34496525,-0.058043867,0.09836589,-0.2410224,-0.046675812,-0.14808281,-0.43614954,0.005465077,-0.12060596,-0.664596,-0.028924841,-0.08542775,-0.83521986,-0.041689277,-0.063664556,-0.9178149,-0.02009195,0.055276107,-0.48441434,-0.012485808,0.12184093,-0.72185916,-0.01932827,0.19181606,-0.85645336,-0.0086289635,0.26948723,-0.963004,-0.010945,0.2349076,-0.41373435,-0.011839681,0.44908673,-0.47351563,0.006417004,0.5330707,-0.33433032,-0.016870033,0.4850343,-0.24711749,-0.0173725,0.38734066,-0.304485,-0.0029070224,0.5799588,-0.3065368,-0.0071823066,0.57294977,-0.18949442,-0.032058217,0.49022797,-0.14496702,-0.018201975
2,sintetico,Right,0.0,0.0,0.0,-0.27434868,-0.053324845,-0.029006425,-0.20397364,-0.22835548,-0.009865315,-0.058703844,-0.29900995,0.0050203456,0.04621639,-0.18273282,-0.005061667,-0.24576588,-0.39468095,-0.0025458613,-0.251044,-0.6096192,-0.024884952,-0.2985737,-0.75869304,-0.0050216336,-0.2987368,-0.86191314,-0.003203049,-0.040702626,-0.48101217,-0.0059213038,-0.05664414,-0.69895875,-0.0014496588,-0.059786145,-0.8728308,-0.007975305,-0.0646722,-0.99790657,-0.010050731,0.11978201,-0.43639135,-0.018297132,0.33459005,-0.51446855,0.01015793,0.42380995,-0.4135871,-0.020937292,0.38783047,-0.3162408,-0.0013769724,0.31736326,-0.388416,0.022006746,0.46139294,-0.44380656,0.011951683,0.5591101,-0.38559622,0.003587506,0.5332146,-0.3004435,-8.018211e-05
2,sintetico,Right,0.0,0.0,0.0,0.27127048,-0.08124398,0.022678344,0.17801198,-0.27538186,0.013268952,0.031226862,-0.31683946,0.030327374,-0.06999819,-0.2335278,0.000247232,0.1877093,-0.42164838,0.034999974,0.15165722,-0.65189236,0.040883888,0.14803435,-0.78473353,0.018087856,0.15563433,-0.9087073,0.022791203,-0.047719307,-0.4927957,0.029009314,-0.06779954,-0.698716,-0.0005848794,-0.09914919,-0.8608059,0.008237104,-0.090676695,-0.99588037,0.019202316,-0.23163706,-0.41766176,0.049337424,-0.41983432,-0.42493486,-0.0033716783,-0.46038622,-0.27356195,0.042972922,-0.34900343,-0.23822245,0.013029466,-0.36329588,-0.33845997,0.015626315,-0.53344977,-0.3171869,0.03610945,-0.5475028,-0.22588012,0.04924838,-0.47589472,-0.16675955,0.023104738
2,sintetico,Right,0.0,0.0,0.0,-0.25918332,-0.102553,-0.021185214,-0.15343277,-0.25741798,-0.03894251,-0.008833109,-0.2644361,-0.04846334,0.059979104,-0.16206937,-0.029074075,-0.18958579,-0.43183988,-0.03377658,-0.18036284,-0.6405722,-0.0078737475,-0.17985545,-0.8101541,-0.015484408,-0.19829318,-0.9085818,-0.012982167,0.016950123,-0.48586917,-0.027881632,0.035807963,-0.7183545,-0.01090501,0.04539279,-0.86634094,-0.035151884,0.06201223,-0.99807537,-0.014610914,0.20756853,-0.4212452,-0.00044699595,0.40617585,-0.47277406,-0.018884279,0.49496,-0.3484019,-0.0064083864,0.42995498,-0.26920396,-0.043732423,0.36279517,-0.35263845,-0.04496941,0.5390539,-0.3561796,-0.008203035,0.5653217,-0.25837806,0.002895608,0.5001942,-0.18957834,-0.016922884
2,sintetico,Right,0.0,0.0,0.0,0.2735482,-0.049460594,-0.009590346,0.19098343,-0.23486696,0.004720184,0.039812166,-0.24119091,-0.013134355,-0.009777893,-0.114318065,0.0006006292,0.24508809,-0.41477183,-0.0021749346,0.2710148,-0.60727227,0.03925583,0.3133202,-0.7425532,-0.01818943,0.32290456,-0.88858104,-0.03964051,0.040546477,-0.4699468,-0.009409881,0.08122366,-0.7114821,-0.0254648,0.09076603,-0.89161116,-0.010737144,0.094264664,-0.9955472,-0.019240221,-0.13621353,-0.45126182,-0.013385369,-0.3358541,-0.5164962,-0.015774488,-0.415305,-0.38837713,0.014428311,-0.31158543,-0.30747703,-0.0006366043,-0.29685184,-0.39133736,0.016103897,-0.4650311,-0.41562226,0.0006891177,-0.502463,-0.3099622,0.0139165325,-0.42531905,-0.25310037,-0.004413935
2,sintetico,Right,0.0,0.0,0.0,0.26111326,-0.06008417,0.04043217,0.17713922,-0.24870764,0.00738776,0.053254306,-0.23105907,0.023601742,-0.030382065,-0.118080944,0.009566621,0.20942812,-0.40334398,0.007919471,0.25130147,-0.6049727,0.0033092194,0.2340475,-0.74349886,0.031516105,0.24143781,-0.86291075,0.017672539,0.026356187,-0.45936584,0.0011227618,0.03670084,-0.6834738,0.0067523555,0.03616913,-0.8407211,0.0276768,0.04915239,-0.9987913,-0.028042007,-0.14692025,-0.43083093,0.016781913,-0.33360177,-0.47635895,0.020014478,-0.39065793,-0.33552864,0.0016901732,-0.30526295,-0.29283813,0.014562695,-0.29697996,-0.3506071,0.019512132,-0.46957013,-0.38411495,-0.0051621483,-0.5033649,-0.28336662,0.02434641,-0.44256884,-0.23424836,0.01659456
2,sintetico,Right,0.0,0.0,0.0,0.27471164,-0.104566924,-0.011304909,0.17005923,-0.3139367,-0.0055406624,0.027271591,-0.3211941,-0.04310457,-0.08200419,-0.22241612,-0.0071226074,0.18345669,-0.45266792,-0.025024394,0.16420472,-0.64795625,-0.040504314,0.14432596,-0.8143615,-0.024139062,0.13923013,-0.9408229,-0.024675108,-0.060839932,-0.48177132,0.00369903,-0.08790484,-0.699352,-0.021444254,-0.1296415,-0.8764133,-0.04109664,-0.15563034,-0.9878154,-0.04499672,-0.2173372,-0.4289386,-0.028693922,-0.4419947,-0.40748557,-0.05066089,-0.39663976,-0.24295288,-0.039989825,-0.2922137,-0.24793144,-0.03202192,-0.39389637,-0.34038684,-0.03502692,-0.5429765,-0.3040412,-0.0155995805,-0.5691206,-0.20786174,-0.040369846,-0.5010774,-0.1735547,-0.06966245
2,sintetico,Right,0.0,0.0,0.0,0.26397473,-0.09468252,0.016469933,0.18876767,-0.3108068,-0.03162851,0.06144889,-0.35659093,0.016531963,-0.060364496,-0.29454625,0.024288071,0.14148279,-0.43716612,0.009753057,0.15542643,-0.64643437,0.0031431697,0.15382242,-0.80180526,0.016656227,0.13866672,-0.8936137,0.023228837,-0.05552237,-0.4703247,0.011118282,-0.043055363,-0.7193316,0.012327144,-0.09578306,-0.84922326,0.029466344,-0.105532214,-0.9944159,0.0149727855,-0.22700858,-0.40526208,-0.010290507,-0.42339858,-0.4696115,0.023151396,-0.49175593,-0.31405017,0.00065569323,-0.42667925,-0.23175523,0.0031959806,-0.36929715,-0.318104,0.0043867673,-0.5451655,-0.29874042,0.018333493,-0.5158988,-0.18480615,0.03095344,-0.4336937,-0.1941882,0.0030526028
2,sintetico,Right,0.0,0.0,0.0,-0.223684,-0.13001357,-0.0043419357,-0.09966628,-0.29594174,0.0039042407,0.0421259,-0.24918701,0.0381024,0.05835575,-0.11742119,-0.019886795,-0.08929802,-0.46048218,0.01990069,-0.048575547,-0.6768562,0.0038384527,-0.0045254254,-0.8124308,-0.0019926878,0.016398845,-0.9249073,-0.023959396,0.11667504,-0.47831175,0.014696318,0.19305216,-0.6839913,-0.015935685,0.28096217,-0.81116915,0.015601637,0.3603783,-0.93280625,0.028298471,0.27638945,-0.37801924,-0.0137372,0.47542134,-0.36044604,0.020334147,0.5076143,-0.22503124,0.0044474658,0.39450774,-0.16629682,-0.025015725,0.4193974,-0.25009516,-0.012653177,0.5923219,-0.255119,0.0065712193,0.6054303,-0.13730727,0.00967033,0.51399326,-0.095770754,-0.017877856
2,sintetico,Right,0.0,0.0,0.0,0.255407,-0.113357835,0.028810695,0.1718548,-0.2831154,0.0036655953,0.027380934,-0.32069552,0.022991735,-0.08164974,-0.20944081,0.013213049,0.14307489,-0.4349856,0.01745482,0.1185078,-0.670175,0.02457786,0.0881667,-0.8163438,0.020828195,0.046849977,-0.94182736,0.015943162,-0.056400016,-0.472217,0.02174626,-0.11406918,-0.7232104,0.019899806,-0.16266057,-0.8953275,0.012745316,-0.21769407,-0.97601706,0.009029741,-0.22169258,-0.43009767,0.047795247,-0.43371192,-0.42444286,0.008837406,-0.51239705,-0.29395428,0.039185025,-0.39296496,-0.22587532,0.004772091,-0.4073226,-0.3173812,0.029847467,-0.5594115,-0.30080202,0.046173904,-0.5606056,-0.17936653,0.0106015215,-0.499184,-0.17511393,0.0050695296
2,sintetico,Right,0.0,0.0,0.0,-0.22908595,-0.13268152,0.006345988,-0.11509927,-0.3115099,0.04299917,0.01668096,-0.34676534,0.01711821,0.10392014,-0.22640441,0.0186043,-0.10350243,-0.4766145,0.03962177,-0.051078465,-0.66489565,0.05488656,-0.024624646,-0.813702,0.027429236,0.006708304,-0.93131757,0.021514872,0.13689134,-0.45091295,0.0235153,0.191641,-0.69781405,0.01666343,0.23981833,-0.8382348,0.018181749,0.27648273,-0.96101886,0.018263353,0.27963313,-0.3791961,0.037472,0.47953567,-0.379451,0.02225853,0.5128755,-0.2131711,0.044304047,0.40651566,-0.15917449,0.02183046,0.41716415,-0.27220365,0.018011447,0.59165025,-0.23719916,0.043063737,0.612112,-0.12942185,0.023929602,0.543895,-0.08734235,0.021675766
2,sintetico,Right,0.0,0.0,0.0,-0.25805676,-0.11403746,0.048562087,-0.1521752,-0.27972773,-0.0037356413,3.315305e-05,-0.30918056,0.02312633,0.09463761,-0.21593447,0.010892021,-0.15920533,-0.44494277,0.0045010494,-0.09345647,-0.659243,0.024494868,-0.06824783,-0.80776954,-0.020574724,0.0044000843,-0.9138126,0.009149222,0.063126706,-0.48280948,-0.0076050265,0.09179422,-0.71160877,-0.0034898126,0.13429622,-0.87206316,-0.0041798255,0.16197738,-0.9867945,-0.01123668,0.23593497,-0.399458,-0.021345306,0.43548736,-0.404856,0.008615077,0.45152918,-0.24700333,0.0019422789,0.3359928,-0.22771004,-0.0015026443,0.40508208,-0.31927347,0.014051165,0.55373037,-0.29719204,0.009541915,0.57695067,-0.19883926,-0.0010072362,0.4994472,-0.14956361,0.047686353
2,sintetico,Right,0.0,0.0,0.0,0.27205044,-0.07672562,-0.03863912,0.19559705,-0.25732523,0.0027384334,0.041776355,-0.28992668,-0.008954529,-0.035778325,-0.18419488,-0.00046352757,0.23685406,-0.41142556,-0.015245032,0.21919525,-0.6258954,-0.020408295,0.16011262,-0.74774617,-0.012795151,0.105758175,-0.8808504,-0.003529831,0.037156455,-0.4896786,0.002157277,0.0403796,-0.71237373,-0.0018759909,0.07000542,-0.8726739,-0.02022287,0.053402618,-0.99857306,0.020807387,-0.14251608,-0.44662297,-0.0014475568,-0.33711538,-0.49590302,-0.015573369,-0.41624323,-0.37174433,-9.57824e-05,-0.32878444,-0.29041967,-0.0025837224,-0.31411064,-0.36849654,-0.008962375,-0.47730133,-0.42555466,-0.010699384,-0.5352545,-0.33089644,0.008195496,-0.49591202,-0.24924272,0.019183123
2,sintetico,Right,0.0,0.0,0.0,-0.2848872,0.040729288,-0.0026460637,-0.33311793,-0.16051273,-0.00097375875,-0.22834994,-0.28849012,0.00067194516,-0.10159942,-0.3266022,-0.0020677238,-0.340546,-0.31492916,0.02045085,-0.42103454,-0.5054968,0.018106874,-0.46516404,-0.6461132,0.03232917,-0.48944268,-0.76708,-0.00173411,-0.18340181,-0.44921157,-0.008061958,-0.28053394,-0.65526617,-0.01687205,-0.32195175,-0.8020111,-0.009781817,-0.38410506,-0.9232894,0.009734019,-0.0012974254,-0.46283492,0.012168798,0.15917602,-0.5695422,0.009116342,0.27870896,-0.46600103,-0.012075455,0.21643019,-0.35888517,-0.011990168,0.17865133,-0.46277928,0.029374532,0.32250637,-0.5135813,-0.014724865,0.3726159,-0.4205972,0.020835401,0.3197817,-0.3511676,0.004831452
2,sintetico,Right,0.0,0.0,0.0,0.2257673,-0.1340306,-0.029616136,0.15127446,-0.31709602,8.7773304e-05,0.0041716485,-0.32441187,-0.03657045,-0.10114764,-0.22748104,-0.028840149,0.111699514,-0.4538512,-0.029896429,0.0835086,-0.6707399,-0.0064292834,0.0744646,-0.81735164,-0.0048636436,0.050542396,-0.9258394,0.027184486,-0.09993783,-0.47377333,-0.011680377,-0.12822707,-0.6786971,0.0015279977,-0.14600746,-0.85408455,-0.007824722,-0.20252635,-0.97927684,0.00024907713,-0.25987187,-0.38898715,-0.0080878185,-0.4624819,-0.38506126,0.006529163,-0.4691929,-0.23934077,-0.02638038,-0.36930555,-0.20180023,-0.04770753,-0.41119346,-0.26673177,-0.0039022095,-0.5763157,-0.26977015,-0.03788499,-0.60250354,-0.16246873,0.009772601,-0.5343933,-0.098106675,-0.018665502
2,sintetico,Right,0.0,0.0,0.0,0.25841528,-0.11424629,0.016911263,0.18941312,-0.3088104,0.025920616,0.03915128,-0.34861135,0.0310658,-0.067530826,-0.2806936,0.031150844,0.16552022,-0.42907965,0.015798487,0.11736055,-0.64827824,0.014220751,0.035651717,-0.78760874,0.007758387,-0.049920157,-0.874202,0.020690799,-0.027230265,-0.48026165,-0.008353647,-0.08034181,-0.711251,0.017202443,-0.0841325,-0.8790075,0.060621988,-0.095012575,-0.99547607,-0.0062454194,-0.21712491,-0.43914238,0.01926176,-0.43140423,-0.4320619,0.02265617,-0.48034313,-0.33245862,0.024631826,-0.38515237,-0.2283235,0.0020059117,-0.37728158,-0.32264405,0.024771929,-0.54901683,-0.31381816,0.008643227,-0.5677794,-0.20069708,-0.0050738123,-0.4713395,-0.1638319,0.031474277
2,sintetico,Right,0.0,0.0,0.0,-0.25202656,-0.10010296,0.013860484,-0.17620489,-0.27065778,0.018641176,-0.024830533,-0.2795483,0.006973931,0.0552671,-0.18954603,0.009807957,-0.16533118,-0.4331687,0.02435132,-0.15843858,-0.6514925,0.024673626,-0.15346658,-0.7897748,-0.0045249728,-0.1407759,-0.9108896,0.02210959,0.030192755,-0.49237233,0.02653488,0.044931807,-0.69973075,0.007745872,0.08538199,-0.87583244,0.006075557,0.09363115,-0.99560696,0.024701718,0.2174626,-0.40665025,-0.024839891,0.38846803,-0.43449238,0.017480813,0.47639298,-0.32206666,0.044306956,0.38820848,-0.23809454,-0.025222344,0.36157927,-0.3322811,0.030969787,0.5225407,-0.35954502,0.026393665,0.60305,-0.2536732,-0.006187376,0.56109685,-0.17628576,0.026000338
2,sintetico,Right,0.0,0.0,0.0,0.25734067,-0.053856745,0.0068203476,0.20696467,-0.23902084,0.006920319,0.06419478,-0.2764236,-0.0010743507,-0.04190307,-0.1521511,-0.006155203,0.2553717,-0.38902062,-0.025828512,0.26458737,-0.61145884,-0.0066307615,0.29935518,-0.75359285,-0.020493299,0.29711866,-0.8522471,-0.0036368377,0.05906608,-0.48861176,-0.02241966,0.061179742,-0.69468397,-0.0037295595,0.06947353,-0.87266135,0.007990089,0.08361455,-0.99649817,-0.005793766,-0.13668898,-0.4450015,-0.006503276,-0.3420692,-0.4955931,0.0020145292,-0.39506924,-0.37610847,0.014506452,-0.31836003,-0.30743778,-0.012852532,-0.31767392,-0.36858317,-0.003697416,-0.4626881,-0.3949729,0.010731048,-0.5141611,-0.2828282,-0.0015370039,-0.41340816,-0.2541195,-0.040466137
2,sintetico,Right,0.0,0.0,0.0,0.25890732,-0.06262627,0.019924734,0.23177902,-0.23730431,0.005897233,0.097648345,-0.31851867,0.015108173,-0.020548653,-0.25383797,0.036356155,0.24895556,-0.391764,0.012378396,0.2688096,-0.6273444,0.041217353,0.27448446,-0.76537263,-0.006423437,0.269238,-0.89133394,0.015604991,0.050026968,-0.47811148,0.013734384,0.076648355,-0.7145408,-0.0044253916,0.09668875,-0.8766761,0.020561613,0.08695275,-0.9962124,0.030764341,-0.12553163,-0.4371022,0.040165372,-0.33048216,-0.49480888,0.015099403,-0.36409962,-0.35691118,-0.017242922,-0.2745792,-0.3023518,0.016018713,-0.29843137,-0.39885277,0.019726316,-0.4619415,-0.40640578,0.0060535604,-0.49581844,-0.27076563,0.012354478,-0.41427016,-0.25821757,0.002580046
2,sintetico,Right,0.0,0.0,0.0,0.27362517,-0.018003719,-0.041612502,0.26367465,-0.20076276,-0.026553445,0.11879519,-0.28487998,0.0015259237,0.009632541,-0.23928012,0.0075978427,0.29571453,-0.36094588,-0.008512349,0.34059778,-0.55740446,0.002285323,0.37297267,-0.7183883,-0.008140079,0.36367476,-0.8175566,-0.0005032943,0.11280274,-0.4657846,-0.012804517,0.13943084,-0.6909209,-0.0077691115,0.12992953,-0.8513431,-0.033361144,0.11005329,-0.9939257,-0.0041268696,-0.058107823,-0.4589652,-0.033820946,-0.24438946,-0.543128,-0.004143731,-0.3360825,-0.47716388,-0.021588793,-0.31937218,-0.36675718,-0.009422788,-0.2587876,-0.41660485,-0.029315965,-0.38160554,-0.4733771,-0.022560682,-0.48188207,-0.39832512,-0.009453127,-0.40513322,-0.32610765,-0.003642703
2,sintetico,Right,0.0,0.0,0.0,0.22657147,-0.1457336,-0.013031801,0.13466492,-0.30297446,0.01359821,-0.02309248,-0.26932624,0.0029837745,-0.07650781,-0.16548659,-0.026529925,0.12908474,-0.44415134,-0.057357587,0.07998118,-0.6737961,-0.026017653,0.07796374,-0.7919749,0.005416048,0.060844116,-0.92059183,0.010268134,-0.07627035,-0.46203202,-0.031482413,-0.11808757,-0.69206667,0.006458449,-0.18280639,-0.8436033,0.005838267,-0.1965954,-0.9804847,0.018507207,-0.25231165,-0.40014455,0.0112319905,-0.45495164,-0.40205538,0.017801045,-0.5091037,-0.26147202,0.003672397,-0.42159092,-0.21062185,0.0031251942,-0.3937338,-0.27762166,-0.009836695,-0.5622758,-0.27981722,0.009102708,-0.5908902,-0.18272845,-0.02611864,-0.5289317,-0.12042532,-0.0065871333
2,sintetico,Right,0.0,0.0,0.0,-0.26173183,-0.11217591,-0.019487754,-0.14406964,-0.29192346,-0.010685739,-0.020284375,-0.28794822,-0.00080228347,0.057277672,-0.16720933,-0.004153195,-0.13736634,-0.42916128,0.0014786525,-0.11405658,-0.6305442,-0.021555217,-0.056252055,-0.7948721,-0.018047674,-0.005541543,-0.90806067,0.0122129675,0.049405638,-0.49604937,-0.013052166,0.08365452,-0.7055596,-0.010584244,0.10076538,-0.8683432,0.0015261765,0.11714221,-0.9931151,-0.014588587,0.2360585,-0.41961557,0.017406514,0.43524617,-0.4034588,-0.019702151,0.4530232,-0.264548,5.7763125e-05,0.33611265,-0.22299615,-0.011721187,0.38251176,-0.31986228,0.0024864418,0.5305793,-0.3118629,-0.007777843,0.58161736,-0.19474058,-0.00033757294,0.5093337,-0.15273201,0.019211588
2,sintetico,Right,0.0,0.0,0.0,0.23953466,-0.13001975,0.0037398294,0.17672685,-0.28542614,-0.028300785,0.01016037,-0.30994773,-0.010910689,-0.07487598,-0.24399611,0.0035821327,0.14374563,-0.44562387,-0.0027606855,0.120153114,-0.64403933,0.027765935,0.107730694,-0.7953044,-0.01009808,0.084318236,-0.9049326,0.010327006,-0.072826646,-0.46858343,0.008431757,-0.10423906,-0.697252,-0.0007307229,-0.1379883,-0.8627322,0.0017780045,-0.15622672,-0.9877212,-0.0067133047,-0.23524293,-0.40636048,-0.029965034,-0.43244338,-0.3833285,0.002120365,-0.433984,-0.23697057,0.0032152033,-0.31029564,-0.23258404,0.005387302,-0.39095643,-0.29489398,-0.0018321902,-0.54206717,-0.281195,0.010703048,-0.56800824,-0.18520321,-0.01466836,-0.48824272,-0.12192754,0.017583182
2,sintetico,Right,0.0,0.0,0.0,0.24809495,-0.069992915,0.0039298683,0.2516076,-0.26268044,-0.014085612,0.09937045,-0.33332053,-0.019678773,-0.035482008,-0.27387285,-0.009097278,0.23371339,-0.41906086,-0.0063250354,0.26894218,-0.614469,-0.031080598,0.2905915,-0.7670958,-0.011124289,0.28023866,-0.8807592,-0.018157106,0.037797976,-0.49077797,-0.020552816,0.034008645,-0.7104668,-0.02443959,0.021742387,-0.86761445,-0.023502719,-0.00062544807,-0.9999998,0.0035206366,-0.14933608,-0.44965065,-0.019743335,-0.34970164,-0.5120727,0.0019135893,-0.41929805,-0.37551802,-0.0126330145,-0.3472794,-0.30846986,-0.030785047,-0.3108655,-0.36579347,-0.011774904,-0.45997766,-0.39434302,-0.031577997,-0.50772023,-0.28855932,-0.0057941712,-0.43060708,-0.23556451,-0.017499445
2,sintetico,Right,0.0,0.0,0.0,-0.23207505,-0.16221154,-0.011572591,-0.113015,-0.29461068,0.00016613529,0.044110015,-0.28034973,-0.012652826,0.088809595,-0.14857338,-0.02215061,-0.06526006,-0.4475708,0.011998268,-0.011726169,-0.6476574,0.0017537314,0.06753807,-0.7625003,-0.03404612,0.11733541,-0.86559343,-0.016444094,0.1237443,-0.47161964,0.0050931736,0.17616135,-0.6572801,-0.029596206,0.25389305,-0.8299462,-0.017479153,0.27633253,-0.9610621,0.033542454,0.28993848,-0.36211446,-0.0111755105,0.468816,-0.34818533,0.0099503985,0.5041101,-0.20842531,0.016193133,0.41184688,-0.15282045,-0.01980373,0.4108699,-0.26397836,-0.0022479,0.5881659,-0.22144486,0.02453654,0.6067768,-0.122082844,0.00063845835,0.54525644,-0.06572031,0.029119495
2,sintetico,Right,0.0,0.0,0.0,0.27387884,-0.06572146,-0.038111452,0.21073928,-0.26047596,-0.042010363,0.078101195,-0.32222563,-0.035583727,-0.048796494,-0.274162,-0.0036839708,0.2235647,-0.41521278,-0.017232107,0.20452848,-0.64481974,-0.008452397,0.18392754,-0.7754678,-0.015021792,0.12015516,-0.8920064,-0.047742132,0.028412517,-0.48156217,-0.042512115,0.028758923,-0.70652586,-0.03894549,0.029970005,-0.89059585,-0.036486592,0.017510558,-0.9998467,-0.038693298,-0.1522064,-0.439938,-0.037051074,-0.35652712,-0.4880136,-0.020077836,-0.425661,-0.36176893,-0.027201837,-0.36600074,-0.29331237,-0.011900909,-0.32921198,-0.35961193,-0.025563847,-0.48676807,-0.38933662,-0.03866464,-0.53326803,-0.27575445,-0.026458437,-0.43404952,-0.23384444,-0.050451547
2,sintetico,Right,0.0,0.0,0.0,0.27706736,-0.029609794,-0.0040451093,0.30175835,-0.22108895,0.019655932,0.19967882,-0.34566697,0.022390194,0.0423405,-0.35962313,0.01270774,0.3112325,-0.37805462,0.014478681,0.34261963,-0.58361286,0.0035929016,0.37012073,-0.72931755,0.022470597,0.37173343,-0.8594128,0.015642866,0.10473138,-0.47839004,0.009065086,0.12990871,-0.70790416,0.028072793,0.13046879,-0.8707665,0.024661306,0.11797983,-0.993016,-0.008994439,-0.07755964,-0.46458855,0.015465781,-0.2966596,-0.54426837,-8.033976e-05,-0.36052006,-0.43898994,0.0168604,-0.2821393,-0.33891723,-0.033932403,-0.2669766,-0.417016,0.017749637,-0.42331994,-0.4723155,0.02569471,-0.4795166,-0.38330078,0.012997537,-0.4345197,-0.31282642,-0.0032667986
2,sintetico,Right,0.0,0.0,0.0,0.25818834,-0.10154146,0.006931978,0.1441426,-0.25867987,-0.0021094403,0.004678869,-0.24973235,-0.00080168276,-0.03964785,-0.115321316,0.007775108,0.19414565,-0.41496718,0.035366118,0.14929105,-0.6274335,0.013533967,0.12883765,-0.768722,0.010759841,0.11103677,-0.9082962,0.013979998,-0.013215981,-0.47852516,-0.03072403,-0.029159285,-0.71489316,0.00747378,-0.042646945,-0.87197036,0.015942689,-0.058269873,-0.99830085,0.004111526,-0.17746513,-0.42084616,0.002283921,-0.40786126,-0.45595837,-0.010560079,-0.46399444,-0.33150482,-0.00330526,-0.37617087,-0.2585542,-0.009035529,-0.3517797,-0.3402707,0.017217878,-0.5190513,-0.38292482,0.024410142,-0.57187593,-0.2830051,0.030617543,-0.54716706,-0.20572653,-0.009271837
2,sintetico,Right,0.0,0.0,0.0,-0.2480441,-0.09537124,-0.02117212,-0.19021936,-0.2913098,-0.021954468,-0.033496905,-0.32712665,-0.0129810935,0.08731789,-0.26038006,0.00022828873,-0.16229187,-0.43419796,-0.004084597,-0.15329023,-0.6515734,-0.022584505,-0.14660913,-0.79399127,-0.0016832843,-0.12486274,-0.9201794,-0.025396064,0.050491944,-0.46551695,-0.020906191,0.066279024,-0.6968306,-0.009058456,0.09574824,-0.85870916,-0.028278708,0.106938004,-0.9942657,-0.025271818,0.22173057,-0.41345102,0.0111046145,0.4151966,-0.4422672,0.008417133,0.49249986,-0.3035965,0.021770267,0.40602797,-0.23448995,-0.0048238365,0.3571916,-0.30314696,-0.002015818,0.5346938,-0.32609284,-0.01357984,0.5734552,-0.21738885,-0.01640656,0.49575973,-0.15304877,0.0012687998
2,sintetico,Right,0.0,0.0,0.0,-0.2591966,-0.06686621,0.021810014,-0.18980505,-0.24817662,0.0153804375,-0.046950594,-0.25655752,0.01877532,0.030144444,-0.1543542,0.0008064521,-0.22917166,-0.41211003,0.019492479,-0.25039777,-0.62030303,0.006233354,-0.22214505,-0.7542871,0.013445692,-0.2221746,-0.87676543,0.024480002,-0.031970635,-0.46557122,0.011542819,-0.042988807,-0.6849032,0.014330817,-0.054417785,-0.858162,0.030959813,-0.053501733,-0.99856776,0.005374779,0.14469562,-0.4560824,0.008970761,0.33995503,-0.4846148,-0.00010495435,0.39851227,-0.35760435,0.0063589616,0.31835124,-0.2925867,0.02061237,0.32830188,-0.36737216,0.02825331,0.46393332,-0.40489402,0.0066089425,0.53990626,-0.3128644,0.027809357,0.46583053,-0.22635704,0.0202544
2,sintetico,Right,0.0,0.0,0.0,0.2709318,-0.049862996,0.012667746,0.22905652,-0.24502242,-0.03225878,0.09947366,-0.3235389,0.0061983997,-0.007822527,-0.3024718,-0.008141666,0.24763265,-0.39192817,-0.005287552,0.27159804,-0.60559326,0.01776739,0.3082087,-0.7399792,-0.006816418,0.30261305,-0.8825815,0.005622315,0.054496374,-0.4694006,-0.015676918,0.043844216,-0.7094526,-0.0008074304,0.02302436,-0.86758256,-0.023764439,-0.00076874765,-0.9999997,-0.0021253163,-0.091629885,-0.45509323,0.004120097,-0.3147721,-0.5389472,0.014290713,-0.4257436,-0.4367467,-0.012854804,-0.38793933,-0.34090534,-0.008778892,-0.2803373,-0.40079248,-0.010403411,-0.45280135,-0.38843146,-0.004900138,-0.47490335,-0.28570992,-0.014914591,-0.38383323,-0.2692777,-0.03174856
2,sintetico,Right,0.0,0.0,0.0,-0.27076435,-0.048220325,0.022638677,-0.2328267,-0.2514769,0.017830148,-0.10570308,-0.32273048,-0.014447318,0.01551397,-0.2936963,-0.010983151,-0.23911268,-0.41146275,-0.010181701,-0.26752868,-0.60972434,0.022337625,-0.28919563,-0.7631948,-0.017950775,-0.291457,-0.8715203,0.018388677,-0.046231937,-0.48060456,0.01278692,-0.047683284,-0.7125772,0.009156466,-0.07838506,-0.8713608,0.00021099714,-0.07449208,-0.9972216,0.024192471,0.14550377,-0.45390186,0.00867521,0.32527697,-0.49641144,-0.013806218,0.40233576,-0.36891654,-0.010445049,0.2899437,-0.29170105,-0.016700674,0.3039723,-0.39756703,0.024361582,0.4746248,-0.40452093,0.027593357,0.5219991,-0.2921997,0.022715427,0.43254337,-0.25058302,0.0049717687
2,sintetico,Right,0.0,0.0,0.0,0.23411004,-0.122549064,-0.0026195704,0.17371841,-0.3096392,0.0012617136,0.035597004,-0.3679643,0.01859426,-0.108414166,-0.27979332,-0.016957048,0.13445589,-0.46199954,-0.032271486,0.10214803,-0.6578309,-0.006712941,0.08119275,-0.7989508,-0.014636132,0.08290666,-0.9150556,-0.04110547,-0.07474304,-0.4707777,0.026573857,-0.11890369,-0.6898464,0.009697655,-0.13278778,-0.85403675,0.011225746,-0.1704276,-0.9853702,-0.0023223255,-0.25710458,-0.40376526,0.007722345,-0.44163552,-0.4026652,-0.0042731706,-0.4854524,-0.27085963,0.013318687,-0.39341772,-0.20205079,0.0044264086,-0.39859363,-0.298177,0.0012180925,-0.54925805,-0.26064935,0.002291179,-0.54948246,-0.1487324,0.022578929,-0.45552117,-0.13587505,0.004117303
2,sintetico,Right,0.0,0.0,0.0,-0.27640373,-0.026370319,-0.020338455,-0.24136278,-0.23964356,-0.029243302,-0.13364466,-0.31957436,-0.03006507,0.0013090271,-0.28294763,-0.05900227,-0.27201462,-0.3754955,-0.024518479,-0.31200376,-0.56766534,-0.03557904,-0.34255177,-0.7272784,-0.02685622,-0.34765944,-0.8443254,-0.027188081,-0.08859961,-0.459616,-0.0781757,-0.12849692,-0.70518196,-0.02031096,-0.11425022,-0.867732,-0.024814133,-0.13128527,-0.99134463,-0.022804873,0.09148376,-0.4483967,-0.030385422,0.29570475,-0.52521044,-0.026909353,0.3817999,-0.42410046,-0.025055917,0.30424845,-0.31068924,-0.023538062,0.28139472,-0.3915851,-0.020526081,0.42588842,-0.44117424,-0.0234109,0.48536256,-0.3478316,3.2367658e-05,0.43890324,-0.295268,-0.03850315
3,sintetico,Right,0.0,0.0,0.0,-0.2657224,-0.076589674,-0.004094817,-0.15867528,-0.22233377,0.00036654054,-0.0028728237,-0.21549083,0.00064288557,0.008955366,-0.08373609,0.04044031,-0.23400328,-0.3876136,-0.02165055,-0.20635507,-0.61865634,-0.013354888,-0.18051422,-0.77503467,-0.015644886,-0.16078937,-0.90573996,0.005313933,-0.029776387,-0.4859289,0.004695593,-0.032915108,-0.710947,-0.007839513,-0.03863947,-0.8700035,0.015102321,-0.060854744,-0.99814665,0.006881478,0.14875393,-0.4394919,0.015757892,0.1844709,-0.6379617,0.019901475,0.20338164,-0.78721905,-0.032167733,0.24105084,-0.91238165,0.011815285,0.31258962,-0.37655962,-0.019035507,0.47394222,-0.40018255,0.0050038276,0.52684176,-0.29186365,-2.9118313e-05,0.45661345,-0.22819442,0.0006373779
3,sintetico,Right,0.0,0.0,0.0,-0.272358,-0.08010406,0.041510645,-0.15523732,-0.25170147,0.03105212,-0.014527871,-0.24576913,0.009490493,0.022120124,-0.14224684,-0.002703223,-0.21923788,-0.39516115,0.043854766,-0.20948416,-0.61942285,0.021805665,-0.21036975,-0.7833588,0.036165487,-0.16720816,-0.909801,0.025821535,-0.01698488,-0.4938239,0.029396957,-0.009230158,-0.70951945,0.020704385,-0.010983394,-0.872041,0.028738469,-0.019820375,-0.99980354,0.038919833,0.16032797,-0.43467805,0.025635092,0.172542,-0.65083575,0.024745679,0.23961484,-0.7797717,0.0393944,0.25227645,-0.90335524,0.040432535,0.32274142,-0.36753243,0.012210777,0.49408406,-0.38849372,0.02947999,0.5719265,-0.31386364,0.021771275,0.51564515,-0.2300307,0.030144019
3,sintetico,Right,0.0,0.0,0.0,-0.26715145,-0.081216685,-0.030862888,-0.12937662,-0.2420291,-0.027954949,-0.0023933405,-0.16904932,-0.014989982,-0.03409124,-0.027470639,-0.03360485,-0.22876458,-0.40760943,-0.03497877,-0.24565855,-0.62767786,0.00022226135,-0.22100052,-0.7668886,-0.021544358,-0.23947565,-0.9043233,-0.036854893,-0.007120714,-0.47447228,-0.0070523303,0.036600772,-0.68546754,-0.029003968,0.082154326,-0.85931325,-0.049214084,0.1523323,-0.98832935,-0.03706978,0.16454546,-0.4566945,-0.0281785,0.17641598,-0.6559359,-0.01758849,0.19841093,-0.793151,-0.018281907,0.1922134,-0.8917622,-0.0030964185,0.32684946,-0.3679784,-0.024159927,0.48852295,-0.37757057,-0.027447429,0.54520756,-0.28892934,-0.0028479877,0.45645636,-0.20397507,-0.0066779815
3,sintetico,Right,0.0,0.0,0.0,-0.27753654,-0.03945388,0.02652861,-0.1597097,-0.2216397,-0.0048002508,-0.026563395,-0.21116948,0.0029328843,0.0054327566,-0.07540315,0.0011693654,-0.23896717,-0.38518476,-0.023540521,-0.27529833,-0.5877407,-0.010657593,-0.28637493,-0.7571749,-0.029612398,-0.28865448,-0.8657094,0.0045433007,-0.06691455,-0.480306,-0.031569134,-0.087838046,-0.70569706,-0.0044114576,-0.086225286,-0.86080384,0.0021377343,-0.09724661,-0.9952603,-0.02254527,0.14310718,-0.4259235,-0.02603256,0.11963511,-0.637263,-0.017650068,0.12933983,-0.80443656,-0.028639223,0.11681997,-0.9283112,-0.012691898,0.30379918,-0.392471,-0.02901233,0.4665209,-0.36028165,-0.027911281,0.48842221,-0.27893436,-0.0067543113,0.37594602,-0.24702637,-0.005680006
3,sintetico,Right,0.0,0.0,0.0,0.23858142,-0.07451347,-0.0021960307,0.15658659,-0.24172351,-0.0011774184,0.006557755,-0.23507622,0.012255377,-0.029543445,-0.08087023,0.0014131139,0.22407293,-0.40846997,8.30382e-05,0.24149223,-0.6393154,-0.032202218,0.27886596,-0.7655252,0.008402786,0.27169615,-0.9084758,-0.011222211,0.028989203,-0.47602952,-0.0057462705,0.009428945,-0.711665,-0.025382314,-0.022999376,-0.8934648,0.023453558,-0.07067936,-0.9974991,-0.04282839,-0.15400513,-0.44665936,0.014714487,-0.16931932,-0.6486374,-0.000722222,-0.19166727,-0.80043167,-0.034566224,-0.17636442,-0.9136848,0.02267695,-0.32124597,-0.388027,0.0005645422,-0.49864253,-0.36190718,-0.041145243,-0.502432,-0.2525082,-0.013031735,-0.40357694,-0.23833907,0.0008658733
3,sintetico,Right,0.0,0.0,0.0,-0.28530237,0.0036011066,0.016151955,-0.2004532,-0.16888215,0.013461985,-0.041030772,-0.15942173,0.0009157742,-0.0483117,0.0024618837,-0.019307856,-0.3304911,-0.33769086,-0.00051130314,-0.40037352,-0.5188748,-0.007151589,-0.47525194,-0.6732319,-0.0077517033,-0.51124024,-0.77335453,0.003540577,-0.17189808,-0.46987584,-0.021387283,-0.23195297,-0.68847615,-0.012447634,-0.304113,-0.84542954,-0.014593865,-0.32188976,-0.94677716,-0.0028264406,0.017441448,-0.47387633,-0.010806637,-8.367835e-05,-0.6831877,-0.00978597,-0.007894013,-0.8190007,0.0032244727,0.002582003,-0.9427586,-0.0057993564,0.20533781,-0.44857302,0.0011956831,0.34831062,-0.5167652,-0.016203044,0.41590095,-0.4280598,-0.011742344,0.37331763,-0.35495374,0.03281019
3,sintetico,Right,0.0,0.0,0.0,0.2532251,-0.09025173,-0.037759,0.17992446,-0.24885117,-0.016285462,0.03399095,-0.2317479,-0.030734172,-0.017137857,-0.09139831,-0.018562507,0.21545586,-0.41082144,-0.0052947714,0.23723507,-0.6265772,-0.04320003,0.24033602,-0.7565895,-0.021542663,0.2690897,-0.8723877,-0.03937368,0.026608786,-0.48515865,-0.023085399,0.013078725,-0.6986058,-0.039410684,0.009889453,-0.8707443,-0.016892679,-0.010381468,-0.9999461,-0.025145866,-0.1586526,-0.42189398,-0.008676253,-0.15755175,-0.6418924,-0.0019182981,-0.1841893,-0.77563924,-0.019014211,-0.1884079,-0.90337783,-0.006619364,-0.327531,-0.36577517,0.00024201776,-0.50756973,-0.37527603,-0.032107327,-0.5272106,-0.27438784,0.000979343,-0.45346886,-0.22056563,-0.019682199
3,sintetico,Right,0.0,0.0,0.0,-0.2460687,-0.14858845,0.010969115,-0.10038632,-0.27459657,0.015893383,0.030005489,-0.24380009,-0.008685285,0.064609766,-0.10451716,-0.004470991,-0.112502374,-0.45451906,-0.021871023,-0.078350954,-0.64992374,-0.008829865,-0.058197387,-0.8012277,0.026975673,-0.008356951,-0.91958255,0.008144576,0.10420709,-0.4573132,-0.020800566,0.15367272,-0.69426376,0.02222276,0.18195505,-0.8462257,0.002247784,0.20661953,-0.9784214,0.009344612,0.25348893,-0.36120677,0.0038800342,0.3138484,-0.5692883,0.002742243,0.3485684,-0.69959724,-0.036123995,0.38527015,-0.8231989,0.0137905255,0.38475072,-0.26468587,-0.040249757,0.5800493,-0.28529114,0.012327962,0.6168378,-0.18113364,-0.0024055524,0.54320925,-0.11270637,0.009425638
3,sintetico,Right,0.0,0.0,0.0,0.23272341,-0.13210069,-0.0018629639,0.09447277,-0.25391522,0.019267108,-0.045387235,-0.19365972,-0.019231468,-0.008263546,-0.052984886,-0.008034122,0.101120465,-0.46627387,-0.008934585,0.04240757,-0.6537107,-0.009595577,-0.018528443,-0.8152081,-0.029727755,-0.063779205,-0.9052844,-0.028584506,-0.10972396,-0.47011915,-0.011867511,-0.17807908,-0.7243073,-0.03409742,-0.22586708,-0.8644204,-0.016653465,-0.24628182,-0.9691983,-0.021055365,-0.28864428,-0.3791312,-0.016144514,-0.3524919,-0.5684925,0.0039492254,-0.41092014,-0.69849354,-0.027107434,-0.44382954,-0.8232766,0.00026108365,-0.41641137,-0.2651749,-0.019984134,-0.58315915,-0.2456105,-0.018234596,-0.5931766,-0.1361711,-0.0054181023,-0.50230587,-0.09660486,-0.015809752
3,sintetico,Right,0.0,0.0,0.0,-0.2446592,-0.11410054,0.04722696,-0.11744327,-0.27945817,0.028129894,-0.008582545,-0.22003871,0.038932938,0.04686703,-0.12358325,0.039316047,-0.17219909,-0.43438914,0.009531091,-0.15810086,-0.65878826,0.016424092,-0.123757,-0.78215307,0.041711662,-0.13614635,-0.9256758,0.054726448,0.05373277,-0.48854417,0.02593334,0.051298626,-0.7355528,0.0147134,0.092943266,-0.8654411,0.052242193,0.10974673,-0.9939596,0.014722549,0.22863033,-0.40195385,0.03025059,0.2656575,-0.6125463,0.017953677,0.29916146,-0.75722384,0.029277278,0.3160072,-0.8523869,0.009541778,0.3720582,-0.32396567,0.018816885,0.5311971,-0.37709913,0.014711656,0.61732227,-0.27996722,0.035666045,0.5899836,-0.18649317,0.027557127
3,sintetico,Right,0.0,0.0,0.0,-0.25929993,-0.04303748,0.024554607,-0.19424051,-0.19592495,0.016516501,-0.039709758,-0.16297427,0.0062165353,-0.026574392,-0.039544698,0.00505346,-0.29994386,-0.37567875,0.007506182,-0.35657525,-0.574193,-0.0152623085,-0.38921446,-0.71629983,-0.0053796642,-0.43161753,-0.8399099,0.012678949,-0.11797014,-0.47671336,-0.016011143,-0.16392167,-0.68896013,-0.004294913,-0.17952935,-0.86780524,0.000685571,-0.20744535,-0.9782466,0.04691925,0.07669719,-0.45104167,0.01564162,0.055896513,-0.66427296,0.021583252,0.05364272,-0.8111021,-0.0051017464,0.058929086,-0.9247368,0.0112698665,0.25757855,-0.4287244,-0.018497305,0.4097825,-0.46993816,0.0015542182,0.46012893,-0.3527535,0.013279985,0.3854981,-0.30271992,-0.01369192
3,sintetico,Right,0.0,0.0,0.0,0.2537657,-0.04754462,-0.022490814,0.16139291,-0.23330747,-0.009450473,0.02159103,-0.18939258,-0.012783197,0.0027066653,-0.057938743,-0.021255432,0.23655246,-0.40369081,-0.01666536,0.2504976,-0.6246146,-0.00048502508,0.25693473,-0.7767466,0.0074296175,0.26576504,-0.8924951,-0.022497846,0.04430153,-0.4920938,-0.039660607,0.03962123,-0.7164688,0.00814101,0.039978355,-0.8735515,0.008344154,0.07207611,-0.99739915,-0.011958511,-0.13867384,-0.4291353,0.010550582,-0.15017572,-0.6481545,-0.013135054,-0.1499398,-0.79519624,-0.03312898,-0.14872602,-0.92072284,-0.03964563,-0.3195658,-0.37053776,-0.039800167,-0.46734425,-0.40422437,-0.018358102,-0.5450523,-0.3267066,-0.0259698,-0.47685474,-0.23399381,-0.027790422
3,sintetico,Right,0.0,0.0,0.0,-0.22216728,-0.10078442,-0.007059533,-0.11878608,-0.26358876,-0.011151589,0.01891256,-0.20374194,-0.02443073,0.025994593,-0.07484707,-0.022090014,-0.15114722,-0.42380828,0.010834659,-0.11102108,-0.6205942,0.018292822,-0.087371565,-0.7725071,-0.0190116,-0.070135795,-0.88620263,-0.0024892013,0.039264485,-0.47207293,-0.026105745,0.08965607,-0.6852165,-0.017512752,0.097092554,-0.8478018,0.0002660435,0.110412166,-0.9938859,-0.010926837,0.20499204,-0.3983456,-0.031018658,0.2452977,-0.6003199,0.02124261,0.26892635,-0.74332124,-0.0041761072,0.30022198,-0.837887,-0.019347575,0.3771475,-0.3160006,-0.0016287763,0.5323421,-0.32781824,-0.0046321535,0.5670849,-0.20293522,0.0025950652,0.49518248,-0.14666533,-0.008355621
3,sintetico,Right,0.0,0.0,0.0,-0.27153766,-0.066041686,0.029008856,-0.16462117,-0.21282162,0.020370264,-0.023919152,-0.18307978,-0.021723373,-0.011394037,-0.06296557,-0.010525418,-0.2369057,-0.39050075,0.0030297067,-0.25730565,-0.5972586,-0.0027954623,-0.26690146,-0.7559849,-0.01795542,-0.23544453,-0.86366534,0.0068845903,-0.044108957,-0.4672069,-0.023611235,-0.07247382,-0.7161555,0.007052029,-0.08409779,-0.85888946,0.016277933,-0.08417568,-0.9964509,0.018461341,0.12193798,-0.45357648,0.0029062438,0.12238377,-0.66512555,0.028220344,0.120108835,-0.7895023,0.010185429,0.12213229,-0.9052556,0.018049762,0.29447225,-0.38888618,-0.0061472296,0.45909408,-0.3979278,0.028385814,0.49897322,-0.2685673,0.005068195,0.41724467,-0.25025716,0.029229088
3,sintetico,Right,0.0,0.0,0.0,-0.24761085,-0.08370132,0.0010516722,-0.11184322,-0.24819025,0.015534876,0.0005021917,-0.15974805,0.015092483,-0.020428391,-0.033923637,0.029174697,-0.16568281,-0.43358478,0.015885646,-0.1648546,-0.64610314,0.031405892,-0.16394706,-0.79747486,0.02290225,-0.14123255,-0.9132786,0.0036922037,0.01141594,-0.4933517,0.007727416,0.05071367,-0.7064297,0.03930584,0.08237578,-0.8674083,0.03520004,0.11085017,-0.9938371,0.029351318,0.20930889,-0.42775154,0.03125681,0.21614143,-0.62689805,0.024146391,0.23969693,-0.7714598,0.02226108,0.2691396,-0.8742272,0.018122815,0.35968924,-0.3265078,0.04203575,0.5076409,-0.34441575,0.010664249,0.560145,-0.25290036,0.020886356,0.49009007,-0.17909263,-0.007368494
3,sintetico,Right,0.0,0.0,0.0,-0.26234528,-0.019664703,-0.01794019,-0.2036522,-0.20714855,0.015390735,-0.09659096,-0.22264598,-0.007603404,0.0029593643,-0.13593064,-0.010274955,-0.27964735,-0.35890943,0.03193172,-0.303144,-0.5667534,-0.020826329,-0.30888665,-0.6913117,0.0034787334,-0.26628685,-0.8309881,-0.009342717,-0.08679668,-0.47295177,-0.011819935,-0.12596172,-0.68840283,-0.022893239,-0.14365274,-0.8417593,0.000755017,-0.17270805,-0.9849731,-0.013735416,0.09386589,-0.4551752,0.009010034,0.071854465,-0.63902366,-0.00089958095,0.032950208,-0.79371357,-0.0050227623,0.035978127,-0.8814749,-0.013652267,0.2504946,-0.39645517,0.02203888,0.41823667,-0.44861466,0.011250034,0.46867314,-0.37192792,-0.010746341,0.39694807,-0.31307426,-0.021268766
3,sintetico,Right,0.0,0.0,0.0,0.26285446,-0.101063415,-0.0042800424,0.15078513,-0.27825347,0.035811365,0.007079037,-0.27475715,0.0052099535,-0.06776827,-0.16561277,0.008031405,0.1732329,-0.4462336,0.03470963,0.13702852,-0.6437283,0.03231369,0.11044134,-0.78564644,0.027058907,0.049077492,-0.9043382,-0.011488947,-0.049110375,-0.49025673,-0.004888097,-0.07473375,-0.7002921,0.029775545,-0.12672879,-0.8727668,0.018080678,-0.18363981,-0.9829936,0.0021164345,-0.22055086,-0.4227312,0.008428197,-0.28229862,-0.61516804,0.029636791,-0.32644352,-0.7535155,0.035707388,-0.36794963,-0.8457809,0.013361694,-0.3885628,-0.3269239,0.003439716,-0.53909695,-0.3213396,0.009434548,-0.55768985,-0.2370045,0.033018406,-0.48477936,-0.16096963,0.032733805
3,sintetico,Right,0.0,0.0,0.0,0.26590592,-0.063973084,0.012293089,0.17194319,-0.23294695,-0.010633874,0.011770153,-0.20324412,0.0073513533,0.0076741586,-0.0679782,0.0019415392,0.23376457,-0.40236247,-0.008966016,0.2576407,-0.6187605,0.027151277,0.26945183,-0.77691346,0.0140644545,0.26823702,-0.8924872,-0.007611074,0.036550924,-0.49059764,0.010807088,0.01391206,-0.7039453,-0.016131224,-0.01996735,-0.87700605,-0.0058744345,-0.03925463,-0.99922925,0.022255383,-0.15374143,-0.45112464,0.008465543,-0.19914684,-0.64602375,0.0073308055,-0.23529427,-0.7796631,0.017443314,-0.28385577,-0.8939815,0.012135514,-0.32131115,-0.3549352,-0.00025952165,-0.49490654,-0.4193183,0.016728947,-0.5489676,-0.35042182,-0.020362508,-0.5033609,-0.25301185,-0.0059308833
3,sintetico,Right,0.0,0.0,0.0,0.26125908,-0.06145665,-0.008588806,0.15796112,-0.22601193,-0.00063614204,0.01571486,-0.20314829,0.0063032196,-0.019367693,-0.075177535,0.016881898,0.21302114,-0.41229874,0.013251779,0.21700923,-0.6108515,-0.0047103837,0.21807672,-0.7697739,0.022255717,0.22698611,-0.88771695,0.015931586,0.021095283,-0.4763606,-0.0015065412,0.020663543,-0.68954104,0.002880395,0.028980989,-0.88015413,0.0129691865,0.033894446,-0.9994254,0.019530648,-0.16933502,-0.44594425,-0.016366122,-0.1608571,-0.63333714,0.005630031,-0.18473527,-0.79151064,0.004224063,-0.16861676,-0.8971786,-0.0032436848,-0.33099067,-0.36078507,-0.0033152082,-0.476428,-0.40446454,0.019249285,-0.55846614,-0.32792386,0.0120557565,-0.5081696,-0.25119075,0.03381437
3,sintetico,Right,0.0,0.0,0.0,-0.24935113,-0.091290325,0.019738158,-0.17073116,-0.23686521,-0.022575956,-0.024396652,-0.23308839,0.0064204712,0.032057397,-0.09499619,-0.02238158,-0.20597745,-0.39976063,-0.02537713,-0.22448502,-0.6324111,-0.024466477,-0.20593905,-0.76740754,0.0035642283,-0.21840729,-0.89158726,-0.0037670135,-0.009653455,-0.48345464,-0.01062704,0.003237675,-0.6925554,0.0012931713,0.013099844,-0.8539561,-0.0051414142,0.02932409,-0.99956995,-0.0040659625,0.16818829,-0.4340587,-0.01045479,0.20680031,-0.62448287,-0.021626627,0.23319004,-0.75721,0.020326024,0.24857093,-0.8786795,0.015837736,0.3276371,-0.35094333,0.018765276,0.50144184,-0.3518256,-0.014093073,0.49911714,-0.23730794,-0.016293628,0.42650217,-0.23017234,-0.012166296
3,sintetico,Right,0.0,0.0,0.0,-0.29814282,-0.0329632,0.01863777,-0.18192165,-0.21182588,0.020157043,-0.049695335,-0.16287665,0.03446145,-0.024686515,-0.03691882,0.060523316,-0.28652003,-0.36810976,0.012698579,-0.35501242,-0.5568048,-0.023594765,-0.38149455,-0.7146543,0.031519756,-0.40800396,-0.84387857,0.012093329,-0.09613046,-0.4585931,0.05047862,-0.14605367,-0.6853911,0.020450555,-0.18164359,-0.8436146,0.008710096,-0.21047011,-0.9776003,0.004596062,0.080520906,-0.4588449,0.031104729,0.07091637,-0.638816,0.016550843,0.050077718,-0.79777056,0.044794858,0.039510965,-0.9047932,0.017598435,0.25146264,-0.3852499,0.04393459,0.3937751,-0.45559818,-0.0013537736,0.49235895,-0.4014734,-0.00716295,0.45879254,-0.32247546,0.03444779
3,sintetico,Right,0.0,0.0,0.0,-0.26710963,-0.06524811,0.044494074,-0.17532262,-0.23936605,-0.0005156681,-0.013425723,-0.23099343,0.016807469,0.038474545,-0.08812355,0.00011302211,-0.21964969,-0.41696918,-0.007818913,-0.23994662,-0.64063716,0.018942384,-0.24826807,-0.78429264,-0.0024826024,-0.2618145,-0.88912016,0.012914219,-0.024104202,-0.49533406,0.019878553,-0.028890794,-0.7266709,0.041149676,-0.007264401,-0.87840486,-0.011509238,-0.010965424,-0.99993986,0.0069252755,0.16260743,-0.4262704,0.0076123294,0.17142335,-0.65660286,0.009480067,0.18966244,-0.7883054,0.05215107,0.19388667,-0.8933618,0.0065843333,0.33427915,-0.3623177,-0.032420635,0.51345867,-0.37444392,0.0061672684,0.5358974,-0.28163028,0.00749754,0.48731595,-0.24106649,0.0054591945
3,sintetico,Right,0.0,0.0,0.0,-0.22600573,-0.16203247,0.02824907,-0.084551245,-0.2691021,0.029587753,0.05244755,-0.24903356,0.024623808,0.05340547,-0.08614594,0.043347783,-0.07290504,-0.45004603,0.014452937,-0.0208871,-0.6740818,0.007289301,-0.008788021,-0.8325968,0.016191294,0.018679537,-0.93668044,0.01962051,0.115577206,-0.48051712,0.028381469,0.24067347,-0.680415,0.016636824,0.34366563,-0.81325114,-0.0047101635,0.4414473,-0.8972872,-0.01150104,0.27210104,-0.3651378,0.0312611,0.3609677,-0.56768006,0.011373772,0.41917413,-0.69301033,-0.0025442874,0.47774777,-0.79662895,0.039230485,0.42324564,-0.25255254,0.053845875,0.5983374,-0.21099369,0.027804863,0.6111055,-0.12159689,0.033568475,0.5263378,-0.0779684,0.03370309
3,sintetico,Right,0.0,0.0,0.0,-0.27606067,-0.02984018,-0.026220553,-0.23805258,-0.22202624,0.0011991824,-0.0901089,-0.24803087,0.019319376,0.022497727,-0.2064788,0.019809296,-0.2712122,-0.368859,0.017089093,-0.30925855,-0.58946174,-0.0010891231,-0.31065446,-0.7368701,0.018165393,-0.31215814,-0.85712665,0.0071386388,-0.09533008,-0.46012485,-0.0069239167,-0.09665499,-0.6927666,0.0063557606,-0.09219012,-0.85614467,0.014511007,-0.07860223,-0.99690604,-0.021305969,0.09936068,-0.43860072,-0.016980525,0.11213426,-0.65215695,-0.002144843,0.12576519,-0.7844597,-0.019591335,0.183946,-0.8894854,-0.019822272,0.27782363,-0.39026472,-0.006626829,0.41288462,-0.4697431,0.016231399,0.4901495,-0.3750118,0.015926562,0.4237588,-0.28297445,0.0053747892
3,sintetico,Right,0.0,0.0,0.0,-0.2775724,-0.01632821,-0.005190735,-0.20457946,-0.19801956,-0.016846713,-0.036472745,-0.21160439,-0.008279348,-0.014624963,-0.054466117,-0.02784599,-0.26991144,-0.36712202,-0.022254193,-0.3041612,-0.5940988,-0.030378189,-0.27983993,-0.7405887,-0.009312719,-0.2537218,-0.85550296,-0.009368028,-0.094253056,-0.46025407,-0.025778167,-0.13376608,-0.7003884,-0.0052946494,-0.18051408,-0.85921097,0.003972434,-0.18119912,-0.9834464,-0.026450217,0.08754781,-0.46806622,-0.016188428,0.0685017,-0.65798205,-0.0039479253,0.056293607,-0.8130074,-0.011525753,0.041788183,-0.9033271,-0.031427696,0.25611183,-0.4274879,-0.017856574,0.4222448,-0.4786185,-0.018340264,0.500317,-0.3780077,-0.013916447,0.42994907,-0.31807047,-0.013295882
3,sintetico,Right,0.0,0.0,0.0,0.26873454,-0.08262294,-0.021438457,0.14668523,-0.22115079,0.0085875625,0.0020628113,-0.15605576,-0.0032960358,0.045188747,-0.019418873,-0.0024558685,0.22791527,-0.41113648,0.030393792,0.23878048,-0.63107556,-0.019549187,0.25574479,-0.7804761,-0.017593402,0.28025866,-0.89692324,0.010155339,0.014407329,-0.49790314,0.001145259,0.03573163,-0.70960677,-0.0008052453,0.02530816,-0.8584037,0.010759173,0.042236228,-0.99910766,0.0105145415,-0.15505736,-0.44267866,-0.007451159,-0.16736278,-0.6594042,-0.0018704007,-0.17207721,-0.7848496,0.00749941,-0.17180364,-0.8978695,0.00921654,-0.3086014,-0.36934683,0.013836422,-0.50166976,-0.37100637,-0.0017456985,-0.49295205,-0.268897,0.01184625,-0.4163537,-0.22919062,0.020661436
3,sintetico,Right,0.0,0.0,0.0,-0.2667513,-0.048223924,-0.0038624217,-0.1584287,-0.22466168,0.0028450529,-0.00973459,-0.20659168,0.029182486,0.014350807,-0.06703334,0.0036611785,-0.22709377,-0.41362774,0.011874658,-0.25565884,-0.6266883,0.0018041331,-0.27245438,-0.76488584,0.0005414662,-0.28830194,-0.8910051,-0.006365387,-0.028702546,-0.4731227,0.008058411,-0.029341772,-0.6882013,-0.0010319286,-0.049748454,-0.85848814,0.025336036,-0.054119285,-0.9985345,0.004999005,0.14411244,-0.43528983,0.005926231,0.18638612,-0.632837,0.003928836,0.15505177,-0.78116876,0.01204567,0.15912622,-0.8985803,0.02853487,0.32101974,-0.37432522,-0.008728289,0.46522397,-0.40885735,0.010672542,0.5420936,-0.32102755,-0.016517628,0.48590934,-0.23900789,0.02459309
3,sintetico,Right,0.0,0.0,0.0,0.27316597,-0.0913982,-0.017790513,0.14483444,-0.25221735,-0.033990428,-0.0014531136,-0.21411587,-0.015796531,-0.018319326,-0.071163036,-0.0045931726,0.20241071,-0.43680793,-0.023245446,0.19629063,-0.648726,-0.05758919,0.20705578,-0.7927024,-0.02515193,0.22162789,-0.91063726,-0.02162559,-0.017307151,-0.48198935,-0.023992859,-0.013888688,-0.7006629,-0.031452533,-0.002488228,-0.89543587,-0.0013440307,-0.019541949,-0.999809,-0.06253781,-0.19416168,-0.45243084,-0.021693027,-0.2152508,-0.65143734,-0.021461157,-0.25373718,-0.77001524,0.011435131,-0.29892343,-0.8851651,-0.023487998,-0.34522754,-0.35362336,-0.01587079,-0.51959693,-0.36745414,-0.02117918,-0.5689866,-0.2829926,-0.021685561,-0.53712314,-0.2115714,0.0059400145
3,sintetico,Right,0.0,0.0,0.0,-0.25907245,-0.07239704,-0.008107363,-0.16885476,-0.24758786,0.016303582,-0.036396507,-0.23408276,-0.012981291,0.03558775,-0.10442996,-0.012735893,-0.2254732,-0.40825883,0.023282498,-0.2335073,-0.61916035,0.0070722415,-0.2596955,-0.7740911,0.007649671,-0.2526113,-0.88722783,0.010965163,-0.027692068,-0.4624849,-0.00036303434,0.01617416,-0.70015115,-0.022301082,-0.0019137384,-0.85835624,0.0052899458,0.015982682,-0.99987227,0.00088872353,0.1636483,-0.44714448,-0.0128481155,0.17125663,-0.64869314,-0.016605305,0.18811984,-0.76401633,0.00042633695,0.1946378,-0.8861699,-0.020995857,0.31617963,-0.36802846,-0.001156249,0.4778625,-0.37867814,-0.0031270199,0.52012515,-0.28873622,-0.0007599399,0.47141457,-0.21694244,0.007764838
3,sintetico,Right,0.0,0.0,0.0,-0.2572099,-0.05057873,0.023903951,-0.14466192,-0.22151577,0.026315197,-0.011100998,-0.1865424,-0.017219452,-0.010896087,-0.040507596,0.007141532,-0.23576155,-0.38748857,-0.005731729,-0.3065883,-0.6027357,-0.013672934,-0.30655554,-0.7538074,0.021084411,-0.32323572,-0.8600938,0.01625525,-0.05237814,-0.48247713,0.013075334,-0.068883546,-0.6892472,-0.0073644686,-0.049851675,-0.86920637,0.012272335,-0.0059493007,-0.9999823,-0.010773227,0.12661195,-0.4455557,0.010254012,0.110094994,-0.66606486,-0.0009407069,0.11720428,-0.7971474,0.025005221,0.120345905,-0.91461086,0.0035808305,0.3038833,-0.40590793,0.012587168,0.46431896,-0.3915219,0.01261938,0.48591933,-0.28505668,0.007934776,0.3900417,-0.26136497,0.01067934
3,sintetico,Right,0.0,0.0,0.0,0.27876946,-0.048413564,0.0156478,0.14442338,-0.23554315,-0.0050440505,0.0093567055,-0.17925629,0.017459959,0.014587373,-0.08033412,0.01205226,0.21590953,-0.40328902,-0.0026099307,0.2633937,-0.6117761,0.009432724,0.28130785,-0.73206836,-0.0015752427,0.29845068,-0.8777784,0.0015941358,0.025974855,-0.46770674,0.013772653,0.031159276,-0.71064585,0.01233664,0.040146958,-0.89369303,-0.024040261,0.032204192,-0.9994813,0.01403327,-0.151252,-0.4264524,0.002835039,-0.1683825,-0.6362233,0.0009907504,-0.18408361,-0.7752945,-0.010856038,-0.21084566,-0.88651997,0.007121768,-0.3210428,-0.37342668,-0.00081589323,-0.4617401,-0.38914183,0.029040772,-0.521146,-0.28752244,-0.021197634,-0.4455117,-0.2392846,-0.0081433
3,sintetico,Right,0.0,0.0,0.0,-0.2815004,-0.054086935,0.010583738,-0.17500485,-0.23979478,0.032564748,-0.034663253,-0.25381488,-0.0020560166,0.004108536,-0.13462687,0.028162034,-0.23632908,-0.40474862,-0.0014956683,-0.2555352,-0.61368716,0.035705965,-0.26568317,-0.7540426,-0.0056159436,-0.2866029,-0.8920382,0.0015618737,-0.061894786,-0.46809375,0.031137511,-0.043200243,-0.7217434,0.031821303,-0.009223467,-0.8860354,0.020411465,0.02217475,-0.99975413,-0.009135636,0.14820215,-0.4392938,0.008967244,0.15882535,-0.6488458,0.0077052903,0.15310526,-0.8033527,-0.0056210305,0.1710366,-0.8873524,0.01852089,0.30759817,-0.3801763,-0.004390806,0.48381904,-0.424916,-0.0123813,0.5298945,-0.32933027,-0.017516743,0.4833793,-0.25755507,0.03431009
3,sintetico,Right,0.0,0.0,0.0,-0.2729809,-0.014912541,-0.007870979,-0.20443003,-0.217943,0.004946159,-0.061217867,-0.21986254,0.0002726817,-0.0075415615,-0.084447876,0.0102553265,-0.28068557,-0.3662984,-0.005229863,-0.3315946,-0.57614833,0.021366602,-0.34759954,-0.6927998,0.036047317,-0.37500185,-0.83611524,0.015984029,-0.106027044,-0.44381273,-0.008405449,-0.13284065,-0.693415,-4.986023e-05,-0.14735103,-0.8396289,0.017799927,-0.1731538,-0.9848948,-0.01662891,0.0852294,-0.43953657,-0.0050777346,0.084487334,-0.63578075,-0.011602808,0.09632782,-0.78731847,0.016134512,0.15162428,-0.9042184,0.0483373,0.26303145,-0.3974486,-0.0055215126,0.40992686,-0.4701433,0.027162213,0.47958267,-0.38840735,0.0054465747,0.4528578,-0.3222054,-0.0064527066
3,sintetico,Right,0.0,0.0,0.0,0.26753482,-0.068282716,-0.012918249,0.13957895,-0.21027799,-0.0047037904,-0.013621432,-0.14074154,0.021765837,0.03542913,-0.0122376,0.0058343783,0.20731094,-0.3867884,0.025383947,0.21342912,-0.6104062,-0.018079022,0.18004946,-0.75135446,-0.008382562,0.10041274,-0.8707275,0.0026401833,0.047017597,-0.47825286,0.0071651083,0.019587407,-0.7029493,-0.0047198213,0.018178761,-0.87415344,0.007969429,0.0023897472,-0.99999714,0.007865086,-0.16220583,-0.43764687,-0.022304105,-0.1554682,-0.6369067,0.007318435,-0.18775728,-0.76626635,0.0117427,-0.20702238,-0.89830667,0.0009925674,-0.33333543,-0.3771459,-0.028557373,-0.48467153,-0.38200673,-0.006933902,-0.5396358,-0.26903632,0.0029539508,-0.46671635,-0.23149666,-0.015080005
3,sintetico,Right,0.0,0.0,0.0,-0.25371742,-0.06975219,-0.019315396,-0.1322383,-0.24519844,-0.005878509,-0.007789626,-0.15623453,-0.028719498,-0.027657954,-0.04568324,-0.007945035,-0.21581005,-0.40040633,-0.01487754,-0.22296558,-0.62662685,-0.02554277,-0.20627002,-0.8010234,-0.0006487973,-0.19648813,-0.9097147,-0.039585248,-0.00941083,-0.4715314,-0.027735105,-0.016043777,-0.7185868,-0.025935395,0.013499309,-0.88929945,-0.017541341,-0.01669386,-0.99986064,0.009464369,0.16675591,-0.4390382,0.0013052645,0.19975732,-0.6593227,-0.008408642,0.18697971,-0.8021692,-0.0091143865,0.19903965,-0.9099774,-0.010161013,0.3241803,-0.35898232,0.010549412,0.5013207,-0.3945908,-0.03716353,0.52983904,-0.27428272,0.0015641956,0.44994962,-0.22280414,-0.017592035
3,sintetico,Right,0.0,0.0,0.0,-0.2418951,-0.11452174,0.018076906,-0.10528409,-0.25151333,-0.009117293,0.015701504,-0.19080116,0.0084508,0.0022662263,-0.057921145,-0.0028933224,-0.14820121,-0.4278658,-0.019561613,-0.1267229,-0.6256777,-0.009497175,-0.10542757,-0.77938706,-0.0104796365,-0.073356286,-0.89505625,-0.02939593,0.07071626,-0.49224338,4.553121e-06,0.10011968,-0.6962043,0.0031307982,0.14226073,-0.8574105,0.005557511,0.17753282,-0.9841149,0.015259976,0.22434491,-0.3973392,0.007781736,0.28577372,-0.59955496,-0.016685862,0.34899595,-0.73198384,-0.013341292,0.41801462,-0.8109294,0.0059718727,0.38760698,-0.32039157,-0.0010849768,0.53900933,-0.31477588,-0.007489397,0.58027965,-0.21469174,-0.020955553,0.5290812,-0.15169111,-0.015549521
3,sintetico,Right,0.0,0.0,0.0,0.2592298,-0.09834472,0.04478445,0.1322541,-0.23632357,0.025914652,-0.00923003,-0.18318486,0.033656403,-0.0029709165,-0.043132536,0.0015512023,0.1840012,-0.41860947,0.0016089439,0.19996688,-0.6241718,0.028993638,0.18724811,-0.795393,0.038695037,0.1931383,-0.8939426,0.004585945,-0.009099856,-0.47525793,0.020834489,-0.03940707,-0.70306665,-0.0026569222,-0.033633247,-0.86827755,0.011349515,-0.036784988,-0.9993232,0.01837971,-0.18225648,-0.4230226,0.03017474,-0.21807586,-0.6204669,-0.010857655,-0.2755648,-0.74788,0.0433261,-0.28692484,-0.8726114,0.019747281,-0.36033228,-0.33041346,0.04291474,-0.51024085,-0.35878402,0.03349411,-0.56185347,-0.26865798,0.035923287,-0.4985403,-0.18170255,0.054394737
3,sintetico,Right,0.0,0.0,0.0,-0.255802,-0.1207512,-0.011044544,-0.12087403,-0.2644344,-0.0056901462,0.026229486,-0.23478799,0.016282482,0.050334703,-0.09818327,0.01527633,-0.14562668,-0.45126006,0.004684194,-0.14342842,-0.66509664,0.012062256,-0.10706798,-0.8085875,-0.0011134602,-0.11059718,-0.92356783,0.044311274,0.06311482,-0.4735228,0.011768782,0.0956181,-0.7005407,-0.0018732493,0.11685271,-0.8574335,0.020563778,0.1401989,-0.99012333,0.0261485,0.24112718,-0.3972618,-0.0046883747,0.2736453,-0.6056566,-0.014552068,0.3030539,-0.7606337,-0.01151942,0.34050903,-0.85842365,-0.0030923001,0.390939,-0.30402312,0.006332753,0.5604038,-0.28344187,-0.01777551,0.567411,-0.18160574,0.00076090876,0.46109098,-0.14813209,0.003980364
3,sintetico,Right,0.0,0.0,0.0,0.26222274,-0.08097408,-0.026875554,0.13711537,-0.24053584,-0.009769185,-0.009055165,-0.18507701,-0.00593882,0.011197234,-0.06405085,-0.008757424,0.2000344,-0.43182063,-0.027836276,0.20138375,-0.63475484,-0.008338225,0.19137405,-0.7896395,-0.023174496,0.1860327,-0.9055432,-0.040763363,-0.0042035417,-0.49468374,0.0017092807,-0.0020295463,-0.702501,-0.007294741,-0.04927171,-0.8789331,0.00022192778,-0.04576081,-0.99895245,-0.018514872,-0.18563513,-0.43790033,0.00079827505,-0.24088149,-0.6430127,0.0073788404,-0.2811005,-0.7642128,0.019553324,-0.34975573,-0.85814846,0.003914225,-0.35776347,-0.37007508,-0.0032232683,-0.51359016,-0.33497477,-0.03257856,-0.52571297,-0.24848534,-0.011396278,-0.4229102,-0.21085435,-0.033290166
3,sintetico,Right,0.0,0.0,0.0,-0.25837964,-0.061919592,-0.0030853895,-0.19211264,-0.22661142,0.02470908,-0.046652477,-0.22821344,0.008817771,0.016084926,-0.10250848,0.02588893,-0.2319818,-0.3681028,0.013694089,-0.24492444,-0.60339105,0.04104273,-0.22006913,-0.7527316,0.024405973,-0.19822769,-0.86455953,0.019274663,-0.05049107,-0.490647,0.025061268,-0.09004582,-0.70733404,0.009150579,-0.09349183,-0.8456687,-0.011167665,-0.115999855,-0.99324924,0.018550634,0.12379815,-0.4523167,0.041992877,0.11641203,-0.65663785,-0.02077093,0.13638186,-0.7885893,0.020155562,0.104075804,-0.89743173,-0.009570035,0.29775017,-0.3897935,0.012852212,0.45748785,-0.41654995,0.01437627,0.48549235,-0.3227757,0.024274165,0.4216903,-0.26418832,0.01631469
3,sintetico,Right,0.0,0.0,0.0,-0.29209277,-0.0529261,-0.0064615263,-0.15784808,-0.21998806,-0.00895711,-0.016215082,-0.16101038,-0.00043421355,-0.013018485,-0.008368137,0.02235355,-0.23415065,-0.40021124,-0.0046268776,-0.24001738,-0.6126256,-0.0069578337,-0.23431784,-0.7614612,0.0098002115,-0.22139056,-0.87803876,0.0067487657,-0.05180922,-0.48340905,0.005649522,-0.07224387,-0.7190168,0.010471511,-0.09746119,-0.87386566,-0.008436916,-0.07691909,-0.99703735,-0.00678073,0.12700829,-0.44684955,0.021429345,0.15486787,-0.64845103,0.004486997,0.1753194,-0.79998064,0.015596104,0.19856557,-0.91292477,0.024987731,0.3087776,-0.38476375,0.01932674,0.4567574,-0.42700735,-0.013827225,0.5286295,-0.3101687,0.0049274233,0.4558375,-0.25329345,0.022246111
3,sintetico,Right,0.0,0.0,0.0,0.2782928,-0.024152642,0.0033852432,0.19381562,-0.18808578,0.009976007,0.038149964,-0.19366287,0.0046868273,0.03126309,-0.050867587,0.0071101687,0.28772944,-0.35606435,-0.008559766,0.3288463,-0.5530477,0.021947715,0.38424426,-0.70646197,-0.013059744,0.4044002,-0.8411574,0.008971471,0.1263052,-0.46855187,-0.004211857,0.16766007,-0.69867355,0.0181374,0.19352049,-0.85203516,0.015306947,0.20205131,-0.97937495,0.0026829636,-0.0714597,-0.4789203,0.024869516,-0.05176308,-0.6624885,4.1427917e-05,-0.023281723,-0.7945577,0.015277745,-0.0021194515,-0.9223297,-0.0076378146,-0.25138977,-0.42496017,0.008483724,-0.41578665,-0.4676675,-0.010576926,-0.48120478,-0.37226433,0.0029896747,-0.41001895,-0.31290284,0.0019794686
3,sintetico,Right,0.0,0.0,0.0,0.2778699,-0.072804615,0.026021564,0.14715496,-0.24879023,0.010768174,0.0035236708,-0.19002765,0.028736124,0.03152303,-0.036181465,0.01975799,0.20942238,-0.44968548,0.052566152,0.22082977,-0.6603341,0.0502468,0.21808699,-0.82052547,0.043616004,0.2302428,-0.94291013,0.05706318,0.0015330177,-0.5044642,0.02978633,-0.07507239,-0.746027,0.03951389,-0.18949577,-0.8708463,0.071803495,-0.27289936,-0.96204257,0.04730487,-0.21054053,-0.43982017,0.04726703,-0.2162664,-0.66860497,0.026708437,-0.2230316,-0.82774264,0.032051858,-0.236523,-0.9229629,0.023124326,-0.36782387,-0.35878122,0.06398559,-0.53054464,-0.37016246,0.014670717,-0.5781642,-0.28262192,0.052311648,-0.49247232,-0.1941822,0.04724153
3,sintetico,Right,0.0,0.0,0.0,-0.28126222,-0.037438817,-0.02380559,-0.20536594,-0.22797202,-0.024271082,-0.06297743,-0.2546823,-0.008215667,0.01621524,-0.15436213,0.012042895,-0.2415923,-0.37944144,-0.00020289201,-0.28207323,-0.6108751,-0.011681268,-0.2916358,-0.7537625,-0.025865013,-0.2627688,-0.86684984,0.011751248,-0.06887379,-0.47419545,-0.011967433,-0.105466865,-0.68811727,-0.015477494,-0.11687601,-0.8636849,-0.0027763965,-0.13568626,-0.99075186,-0.01784899,0.1332918,-0.46194315,-0.02243068,0.09334924,-0.66390187,-0.020989707,0.09254714,-0.8037194,-0.021029802,0.07996762,-0.91229117,-0.02805521,0.3019075,-0.3985319,-0.029731246,0.44919556,-0.42794567,0.0034866554,0.5035951,-0.31622142,-0.0010685271,0.42882696,-0.27279362,-0.023479285
3,sintetico,Right,0.0,0.0,0.0,0.22639734,-0.1413288,0.012599021,0.10021157,-0.26491958,0.010535957,-0.04138006,-0.1593517,-0.029716019,0.010269179,-0.042676717,-0.002334924,0.10169786,-0.4392199,0.015813805,0.040547013,-0.6638197,-0.013206546,0.031508505,-0.8193628,-0.02280537,-0.017665636,-0.9186319,-0.0006419931,-0.10240367,-0.46525756,0.0087664835,-0.15649578,-0.6781501,-0.005231259,-0.20623721,-0.8536154,0.019782599,-0.23919584,-0.97097135,0.02763837,-0.27452967,-0.36778513,-0.026124736,-0.34470275,-0.56855804,-0.0041401186,-0.37843335,-0.7100146,-0.03121422,-0.4003254,-0.8120668,0.010767578,-0.40421492,-0.2523976,-0.008360787,-0.5724394,-0.22891997,-0.0054498683,-0.57727194,-0.12885134,0.01771615,-0.500521,-0.09440637,-0.01761267
3,sintetico,Right,0.0,0.0,0.0,0.28460205,-0.016728286,-0.014675325,0.23295866,-0.22080885,-0.006391979,0.09854745,-0.2539632,0.000250665,-0.0022798295,-0.1371492,-0.014390751,0.2908035,-0.36532408,-0.022729496,0.33724207,-0.575937,-0.04674878,0.37036994,-0.72385484,-0.018512532,0.41146725,-0.8475628,-0.022808256,0.096242204,-0.49062276,-0.029510934,0.10127687,-0.6994,0.008264434,0.11160125,-0.8645673,0.0014210063,0.09403714,-0.9955687,-0.039504077,-0.076239385,-0.4582254,-0.010642251,-0.07981045,-0.6641248,-0.024770211,-0.10250734,-0.81629056,-0.00754176,-0.10581069,-0.9358707,-0.024514167,-0.2681921,-0.4166581,-0.020721555,-0.42124882,-0.47126573,0.0011339654,-0.4814405,-0.35530427,-0.0009569322,-0.43046156,-0.30329388,0.009085003
3,sintetico,Right,0.0,0.0,0.0,0.27243713,-0.01965892,0.060698666,0.1631254,-0.21543528,0.027072242,0.040082246,-0.21681611,0.020609036,-0.01058538,-0.06553727,0.030905308,0.25711578,-0.39379022,0.005635586,0.2898208,-0.60966706,0.033900123,0.33113143,-0.7554483,0.026619393,0.33486053,-0.85983694,0.045040466,0.05393822,-0.49360695,0.0415804,0.084643066,-0.6980675,0.042910375,0.069053404,-0.8752053,0.030946724,0.03350476,-0.9994386,0.053509515,-0.11512145,-0.4532049,0.037098844,-0.124987334,-0.6470834,0.019390754,-0.13201213,-0.797286,0.01498352,-0.17700209,-0.8855999,0.016782353,-0.27858996,-0.3900135,0.0372996,-0.45271456,-0.42239097,0.006644923,-0.48866254,-0.30943325,0.030376393,-0.42779604,-0.24264526,0.014606023
3,sintetico,Right,0.0,0.0,0.0,-0.26031172,0.004047859,0.002917187,-0.24172854,-0.17781459,0.025325777,-0.08235633,-0.22647998,0.023385393,0.004939896,-0.14297526,0.025412591,-0.3244954,-0.32246286,0.037191752,-0.39116216,-0.5496442,0.023989003,-0.45833108,-0.662766,0.017122695,-0.4928825,-0.78838253,0.019275332,-0.1509902,-0.46068344,0.026338214,-0.2227679,-0.6852941,0.016629558,-0.25603658,-0.8348724,0.03910582,-0.29564705,-0.95529723,0.022367341,0.04725058,-0.46406013,0.026458897,0.008565549,-0.6683976,0.009836163,-0.021845462,-0.81521297,0.03911333,-0.01089481,-0.9202687,0.044934545,0.22885945,-0.44765937,0.0013308187,0.36577398,-0.5202187,0.028781017,0.45966986,-0.43577185,0.02086357,0.40806243,-0.3581354,0.026962662
3,sintetico,Right,0.0,0.0,0.0,0.2743109,-0.04955824,-0.013477171,0.17499508,-0.22608419,-0.00925406,0.040176865,-0.18973361,-0.00027338674,0.006258168,-0.026404656,-0.0033224262,0.25821853,-0.38869983,-0.019181095,0.31112215,-0.5773865,-0.0036650135,0.3485924,-0.71921545,-0.008400575,0.3588131,-0.84711003,0.022361595,0.093032576,-0.46283954,-0.0055825817,0.09923366,-0.6931714,-0.0019418967,0.09357853,-0.87321866,-3.306882e-05,0.08577116,-0.9963149,-0.008935236,-0.09979862,-0.44649056,-0.015016183,-0.117283836,-0.6519661,0.0030253336,-0.120000534,-0.79840887,0.0031504042,-0.14634825,-0.9212884,0.02784365,-0.27894235,-0.41338658,0.007347987,-0.4412862,-0.43564272,0.007605894,-0.46286467,-0.30931115,0.0069705453,-0.3938546,-0.29320064,-0.014563491
3,sintetico,Right,0.0,0.0,0.0,0.2646536,-0.05875591,0.032637153,0.18901932,-0.26148397,0.035609562,0.030207982,-0.24289565,0.045116413,-0.0067865183,-0.11979399,0.025628928,0.23311356,-0.40543714,0.029354144,0.26020256,-0.63472366,0.024441998,0.25397187,-0.76293534,0.026347717,0.271687,-0.8736236,0.019059457,0.034972947,-0.49285778,0.026983626,0.02061851,-0.7141879,0.048140172,-0.00036660762,-0.8833049,0.021418313,-0.022842297,-0.9997391,0.018710783,-0.16979706,-0.44711822,0.021131739,-0.19186084,-0.6398197,0.016303306,-0.2294101,-0.7847437,0.021804161,-0.2574065,-0.8865226,0.015831737,-0.3296393,-0.37167704,0.034287542,-0.48419914,-0.3988477,0.032897804,-0.5258701,-0.27537113,0.048500974,-0.4529699,-0.24598113,0.018049497
3,sintetico,Right,0.0,0.0,0.0,-0.25147837,-0.098060764,-0.022772891,-0.14454924,-0.25385165,0.0121688945,-0.0057487544,-0.18709734,0.008565667,0.015847528,-0.05574863,-0.01650633,-0.17710607,-0.42604223,0.017040003,-0.17802657,-0.66031975,0.029433122,-0.17622164,-0.79576486,-0.0035522955,-0.17358519,-0.9105686,-0.005421907,0.009347004,-0.49410754,0.024090191,0.027593022,-0.7237498,0.013048922,0.040249903,-0.8853271,0.0046660663,0.05259617,-0.99861586,0.019443797,0.18586771,-0.44449386,0.011041093,0.2356651,-0.6366776,0.028989036,0.2984295,-0.7614082,0.006518858,0.3173751,-0.86093944,0.013409948,0.35626435,-0.34315717,0.023851518,0.5332476,-0.38312194,-0.031278405,0.5926346,-0.2844416,0.024414131,0.53433037,-0.21087588,-0.0010738117
3,sintetico,Right,0.0,0.0,0.0,-0.26980883,-0.019903429,-0.007436652,-0.18096232,-0.20438308,-0.011453921,-0.043877263,-0.1703406,-0.012676397,-0.019599102,-0.052407213,0.004599298,-0.2735134,-0.34260732,-0.008541723,-0.29786882,-0.5645245,0.0017405689,-0.31520715,-0.70984316,-0.023647849,-0.28605062,-0.83240056,0.009082064,-0.119049355,-0.46422857,0.0053018797,-0.16173382,-0.6665128,-0.0014983782,-0.17914684,-0.8367938,0.0041610715,-0.21306114,-0.97703886,0.015290963,0.06862047,-0.439628,-0.019035377,0.039882507,-0.6563591,0.0027951912,0.036308467,-0.7948529,-0.016965829,0.022071969,-0.86944807,0.0030964317,0.24491356,-0.4001786,-0.001894291,0.38448057,-0.4781995,0.0014756039,0.45401675,-0.36504647,0.014055676,0.40356955,-0.30669084,0.013624926
3,sintetico,Right,0.0,0.0,0.0,-0.26795498,-0.08415869,-0.04227532,-0.13013628,-0.22038455,-0.028480913,0.001749854,-0.16264336,-0.0019454856,-0.01365668,-0.035810374,-0.005632672,-0.20522778,-0.417036,0.002519688,-0.22351511,-0.6181639,-0.019314686,-0.23324302,-0.785209,-0.038911976,-0.21897031,-0.92456853,-0.0356363,-0.005224392,-0.49293202,-0.023042055,0.010470961,-0.7254202,-0.0065522087,0.030195363,-0.8795732,-0.022356682,0.0616198,-0.9980997,-0.023555245,0.15275253,-0.43934187,-0.0122142155,0.19750059,-0.6425536,-0.017961081,0.22312005,-0.7922039,-0.025250392,0.23202494,-0.89398575,-0.033981275,0.33116478,-0.35565025,-0.0036530986,0.49735215,-0.37607244,-0.0020831951,0.55344015,-0.27888143,-0.03485563,0.48348817,-0.22217435,-0.024659252
3,sintetico,Right,0.0,0.0,0.0,-0.22101992,-0.11939046,-0.022575958,-0.09763288,-0.2604354,-0.041305404,0.050408736,-0.17970479,-0.025419217,0.0024454803,-0.062206987,-0.013020736,-0.10840517,-0.4458179,-0.026540361,-0.07173039,-0.65725213,-0.020978706,-0.054794032,-0.7953594,-0.03951991,-0.033296295,-0.9051955,-0.03842553,0.096758164,-0.45894048,-0.014878196,0.17054017,-0.68922895,-0.03825781,0.20975988,-0.84065664,-0.06533659,0.2540615,-0.96718806,-0.03239557,0.26965785,-0.38459912,-0.02342978,0.32504055,-0.5615945,-0.012675448,0.3739138,-0.7105983,-0.00419027,0.4118701,-0.8059371,-0.026745684,0.39949918,-0.2706021,-0.018453363,0.5781715,-0.25623554,-0.026226597,0.594657,-0.16667269,-0.022853652,0.5463007,-0.10940642,-0.030669348
3,sintetico,Right,0.0,0.0,0.0,-0.26286906,-0.078058735,-0.014759608,-0.14294398,-0.24269488,-0.01455583,-0.0024467288,-0.19482738,-4.428529e-05,0.008586415,-0.060666166,-0.042418282,-0.18791051,-0.45073265,0.0069336947,-0.21121971,-0.6491242,-0.030242175,-0.19479714,-0.80901164,-0.015788633,-0.22472736,-0.9169848,-0.02676541,0.0055559543,-0.49155742,-0.036333803,0.0540103,-0.7236544,-0.0128738815,0.1170334,-0.86329424,-0.016137833,0.20277143,-0.9792261,-0.0210968,0.18395726,-0.45834696,-0.021782389,0.21015573,-0.6291559,0.002562397,0.22530583,-0.78868496,0.012233757,0.23134802,-0.9209331,-0.0013975454,0.35738242,-0.33888432,-0.015545058,0.5384757,-0.37993866,-0.043313444,0.56242806,-0.2588967,-0.010472703,0.46685135,-0.20372748,-0.009831171
3,sintetico,Right,0.0,0.0,0.0,-0.26068178,-0.103988886,0.004690271,-0.12080434,-0.23961988,0.0042967736,0.0222528,-0.1850057,-0.03261655,-0.0090708295,-0.053952992,-0.019630153,-0.17300545,-0.43643785,-0.023705471,-0.17640737,-0.6451022,-0.011135094,-0.16762426,-0.80058926,-0.020497786,-0.15421274,-0.9271293,-0.022481306,0.038403742,-0.4740503,0.0008356796,0.08138668,-0.7125538,-0.017984929,0.10220684,-0.87929267,-0.017626818,0.13754448,-0.99049556,-0.013615479,0.21492666,-0.42222872,-0.009966326,0.25632313,-0.62294936,-0.009886363,0.33927083,-0.7463194,0.0021895366,0.39532718,-0.8202604,-0.037191242,0.37075418,-0.3494859,-0.014847461,0.52513915,-0.3478143,-0.020770937,0.5851604,-0.24956979,-0.023525601,0.52064496,-0.18868402,-0.008834109
3,sintetico,Right,0.0,0.0,0.0,-0.30265856,-0.037586726,0.013965986,-0.16267645,-0.21347782,-0.017477669,-0.025954392,-0.16524994,-0.02523683,-0.052207123,-0.039972376,-0.02609663,-0.25958374,-0.38440457,-0.03483157,-0.3051804,-0.6018126,-0.013918953,-0.334787,-0.7497651,-0.027875718,-0.37371552,-0.8749037,-0.012884474,-0.079111025,-0.4900579,-0.03436034,-0.061074074,-0.70472205,-0.027449517,-0.06333726,-0.8880847,-0.014152811,-0.00435496,-0.9999905,-0.022400202,0.09992184,-0.49115157,-0.04897224,0.1066915,-0.66371894,-0.020776466,0.074130476,-0.8195094,-0.032417808,0.096116155,-0.9433474,-0.0030665353,0.29151005,-0.40464854,-0.006179233,0.4442643,-0.4471139,-0.054338828,0.4875693,-0.33734953,-0.008689483,0.420079,-0.28059697,-0.014790005
3,sintetico,Right,0.0,0.0,0.0,0.2785793,-0.022292651,0.0054338933,0.22080721,-0.20759927,0.0034946254,0.07205701,-0.24073708,0.03065788,0.007206132,-0.137426,0.0056530484,0.29060915,-0.36559528,0.0060061105,0.31876975,-0.5599779,-0.008529427,0.3498434,-0.70552075,0.008037584,0.3696908,-0.8286905,-0.013301184,0.113025196,-0.47223356,0.019724762,0.17448357,-0.68739665,-0.020301607,0.19278768,-0.8491414,-0.010567419,0.2266836,-0.97396845,-0.022501359,-0.06733555,-0.44689304,0.008626305,-0.06185028,-0.66813374,-0.0041894997,-0.049739838,-0.8081553,0.012672029,-0.07757105,-0.9234789,-0.012571902,-0.25603032,-0.42159295,0.010325397,-0.38498896,-0.47971252,0.011060162,-0.4593366,-0.39346936,0.0054684402,-0.42279088,-0.32178554,0.0027196046
3,sintetico,Right,0.0,0.0,0.0,-0.2633226,-0.09217007,0.018294051,-0.1345299,-0.24945521,-0.015171152,0.023497697,-0.19799928,0.022708384,0.014102068,-0.065743275,-0.002423398,-0.17612351,-0.43191344,0.0022118585,-0.19522871,-0.6339078,-0.01683094,-0.1922097,-0.7918751,0.008699844,-0.18443066,-0.9142773,-0.015193099,0.014172909,-0.49070075,0.0057407706,0.039978012,-0.7160797,0.0042075976,0.040061306,-0.8767755,-0.0052296016,0.051366698,-0.9986799,-0.032531936,0.1938025,-0.41573605,0.03378985,0.22692223,-0.62712055,-0.016663874,0.25873998,-0.7516682,0.0041612596,0.2870497,-0.88366574,-0.01157293,0.3573549,-0.3449128,0.016328232,0.52548605,-0.34609368,-0.006074969,0.566719,-0.2504587,-0.011920849,0.49233818,-0.1997238,0.0092212
3,sintetico,Right,0.0,0.0,0.0,0.28075498,-0.057036575,-0.0047342065,0.19565369,-0.23610416,-0.03551296,0.05510849,-0.23285744,-0.011475857,-0.00047171532,-0.14108504,-0.025018662,0.25361383,-0.40720657,-0.002023018,0.2718178,-0.6236735,-0.012627588,0.29377267,-0.7612014,0.006134873,0.3402278,-0.89774287,-0.05057259,0.058615807,-0.4900237,-0.024093661,0.060262453,-0.71583045,-0.053018246,0.047876894,-0.880251,-0.034816038,0.048073,-0.99884385,0.0069881855,-0.13115269,-0.44674686,-0.019912962,-0.16122532,-0.660615,-0.012115864,-0.18516587,-0.7907498,-0.019222284,-0.20376457,-0.9057154,-0.020180827,-0.30023944,-0.38887078,-0.03487092,-0.4552471,-0.43051198,-0.03768409,-0.52375257,-0.35294908,-0.035275765,-0.47385886,-0.26166847,-0.068213925
3,sintetico,Right,0.0,0.0,0.0,-0.24516234,-0.09374034,-0.0018595799,-0.11376394,-0.23305827,0.016137008,0.0122302035,-0.19134106,-0.01826196,0.008645434,-0.048830546,-0.0013666593,-0.15293127,-0.42924216,-0.004600215,-0.13428147,-0.6565243,-0.029010149,-0.14119649,-0.79165095,0.014579492,-0.114902936,-0.8919694,0.008158144,0.03511859,-0.4625882,-0.0044937013,0.06931914,-0.7028268,-0.009191709,0.0905849,-0.8665077,-0.005029243,0.11247606,-0.99365443,0.006222578,0.20347293,-0.4131365,-0.0041911323,0.25817314,-0.6226952,-0.015653715,0.28531754,-0.7378823,-0.013260292,0.31437784,-0.8563332,-0.0052256905,0.3539199,-0.30981395,-0.019871742,0.5448932,-0.31496522,0.00027091114,0.55388814,-0.19301565,-0.017650861,0.48839983,-0.166313,-0.020217735
3,sintetico,Right,0.0,0.0,0.0,-0.25494787,-0.05947777,0.013427606,-0.11611992,-0.18476944,0.019404184,-0.010941786,-0.079708114,-0.0020710381,-0.102689564,-0.0047596795,-0.012918925,-0.1989772,-0.40865466,0.025678834,-0.19526944,-0.6288912,0.05379783,-0.16982043,-0.7791044,0.019231034,-0.11219519,-0.88471437,0.021989472,-0.0369935,-0.4699842,-7.475134e-05,-0.02341454,-0.701152,0.033762194,-0.023449771,-0.8771238,0.0072181695,-0.005480817,-0.999985,0.029363818,0.15969484,-0.43667012,0.021364853,0.19306247,-0.6452939,0.021715611,0.20592529,-0.79051447,0.021163715,0.24280643,-0.89433986,0.020705543,0.34317297,-0.35924822,0.016708432,0.48887986,-0.35858855,0.026568387,0.5196845,-0.2576712,0.0021969588,0.42817903,-0.23285066,0.009201246
3,sintetico,Right,0.0,0.0,0.0,0.27364516,-0.021942714,0.022688814,0.19361944,-0.20554443,-0.012785536,0.023717478,-0.12516251,0.019573666,0.038714617,-0.022762328,-0.002372507,0.28174654,-0.37949765,-0.016867315,0.3221727,-0.57526845,0.03158333,0.35875818,-0.72438335,0.0332971,0.38378763,-0.8571674,0.002156249,0.1019023,-0.4675144,0.0019928166,0.14574437,-0.69227,0.006965628,0.16963972,-0.84887785,-0.0023532303,0.19003485,-0.98177737,0.0005834247,-0.09319347,-0.47457907,0.018646652,-0.07050188,-0.67881167,0.04570767,-0.091984205,-0.80413526,0.005235225,-0.11721651,-0.91683364,0.02819636,-0.25522178,-0.41539547,0.017027339,-0.40459666,-0.45889404,-0.01672121,-0.44607818,-0.34803107,0.0107392045,-0.39236045,-0.30080363,0.008645825
3,sintetico,Right,0.0,0.0,0.0,0.24322991,-0.12315633,-0.014558651,0.104546465,-0.23703155,0.005418888,-0.029398177,-0.15210743,0.011823161,0.037675258,-0.027299369,0.005079738,0.14730205,-0.44710398,-0.0034083195,0.08218419,-0.6565449,0.013443813,0.04564777,-0.79339725,0.026142681,0.0072626574,-0.91490656,-0.0062365024,-0.059714098,-0.49981788,0.0012758685,-0.120685,-0.70779765,0.049649283,-0.13568336,-0.8552093,0.010642688,-0.17104067,-0.98526394,-0.014134135,-0.22750905,-0.40756413,-0.0015805042,-0.3069681,-0.610197,-0.006023739,-0.36250913,-0.75595015,0.012066707,-0.42738602,-0.8359836,0.01091086,-0.38496262,-0.3081799,-0.004108087,-0.54306686,-0.31381336,0.035543084,-0.58586687,-0.18838184,0.0073702177,-0.4939475,-0.14282677,-0.0012329115
3,sintetico,Right,0.0,0.0,0.0,0.24928728,-0.0965524,-0.009050409,0.13020964,-0.2753066,0.019140515,-0.010196724,-0.24601148,0.0018168873,-0.056099433,-0.119720325,-0.013541419,0.15513946,-0.44701308,0.014232798,0.16701052,-0.65250725,-0.03565077,0.15479797,-0.79846036,0.005491923,0.15675053,-0.92795014,-0.019069348,-0.03236134,-0.4966298,-0.0079638455,-0.06018358,-0.7082487,-0.0048886784,-0.084413245,-0.8716344,0.011069409,-0.10970009,-0.99396473,0.029003682,-0.21927845,-0.41448867,-0.026228381,-0.25199917,-0.6204798,0.004637746,-0.27257666,-0.7441844,0.028990436,-0.2902749,-0.8829871,-0.009496047,-0.37594578,-0.3169601,-0.010356767,-0.53700924,-0.35489032,0.0017206962,-0.59363097,-0.23428865,0.0099423295,-0.5151478,-0.16328418,0.007567773
3,sintetico,Right,0.0,0.0,0.0,0.26065424,-0.008380198,0.0027095766,0.20649599,-0.23044515,-0.03255995,0.06838564,-0.21779345,-0.012128507,-0.014472138,-0.09244216,-0.027547855,0.29918665,-0.36372128,-0.03296623,0.36442974,-0.5695168,-0.012782934,0.4009269,-0.689352,-0.021913264,0.43588832,-0.8129815,-0.018000357,0.1234131,-0.4695368,-0.023275431,0.12785728,-0.69716376,-0.035198476,0.1273752,-0.85701096,0.0114427805,0.10599366,-0.9943668,-0.0129103325,-0.068323955,-0.46571934,-0.038165107,-0.043867882,-0.66855896,-0.012497152,-0.02575731,-0.82257265,0.008670744,0.0009104346,-0.91384196,-0.00022145394,-0.23196422,-0.41216877,-0.023570763,-0.39489135,-0.48657662,-0.023191236,-0.50239164,-0.4368111,-0.030498404,-0.4688046,-0.32984465,-0.027103405
3,sintetico,Right,0.0,0.0,0.0,0.25353396,-0.0851064,0.018873515,0.16380112,-0.26149952,0.010973386,0.008825782,-0.21878211,-0.0060337987,-0.0134686995,-0.10058381,0.0008852577,0.20197989,-0.41927722,0.0021587398,0.20672977,-0.6277269,0.033157166,0.19859904,-0.79203963,0.0308245,0.23152275,-0.90206534,0.05244402,-0.013438329,-0.49758184,0.009379917,-0.009607959,-0.71202445,0.008867714,-0.01964236,-0.87019163,0.019671043,-0.015845548,-0.9998745,0.011871903,-0.17309466,-0.42518345,0.008255145,-0.21708909,-0.6343212,0.018390948,-0.22144613,-0.7785499,0.028720813,-0.25320008,-0.8890199,-0.016083624,-0.33172116,-0.34319738,0.00842003,-0.49858484,-0.3695251,-0.00479642,-0.5370083,-0.2693968,0.0150771625,-0.48629516,-0.22915137,0.024408977
3,sintetico,Right,0.0,0.0,0.0,0.26948053,-0.09611011,0.010108753,0.14092912,-0.24019684,0.007664171,0.009843927,-0.17874002,0.052771103,0.028220737,-0.026851766,0.05598301,0.20523088,-0.4164224,0.015249938,0.21256326,-0.6256523,0.03469161,0.22430551,-0.77910626,0.030674491,0.22239015,-0.8899139,0.021959716,-0.0038433545,-0.48022372,0.0020398255,0.0055376654,-0.71305686,0.060264654,-0.0082738185,-0.8812849,-0.0007607934,-0.022783954,-0.9997404,0.02925437,-0.18083315,-0.42087266,0.016531192,-0.20069443,-0.6456289,0.041034132,-0.21090333,-0.77214396,0.038634915,-0.2303423,-0.89128673,0.011629361,-0.34059393,-0.3423775,0.014421829,-0.50688225,-0.39401338,0.0031738393,-0.5439588,-0.26459473,0.028998282,-0.48466292,-0.21493159,0.036635954
3,sintetico,Right,0.0,0.0,0.0,-0.28945497,0.007793865,-0.028986663,-0.24711704,-0.19248435,-0.041073676,-0.08724392,-0.20495057,-0.033554073,-0.017139973,-0.095759526,-0.022650708,-0.32647318,-0.3522851,-0.016192824,-0.4161263,-0.53231066,-0.011175494,-0.47340634,-0.68253225,-0.046180487,-0.5337757,-0.778367,-0.012077843,-0.17406775,-0.47412682,-0.031768937,-0.19999945,-0.6993207,-0.044843893,-0.18744454,-0.8644928,-0.034110405,-0.16202413,-0.9867868,-0.013115593,0.02017845,-0.4672171,-0.024298903,-0.017629422,-0.6848737,-0.0490753,-0.020231066,-0.82573885,-0.048963983,-0.031868543,-0.95695305,-0.049375884,0.20837837,-0.46252045,-0.041943535,0.36973295,-0.5127904,-0.029936362,0.414603,-0.40803862,-0.047800913,0.34440753,-0.34678504,-0.0374432
3,sintetico,Right,0.0,0.0,0.0,0.28352842,-0.085430495,0.02899588,0.13977389,-0.24221638,0.013392691,-0.0077754147,-0.14540131,-0.010095839,0.036798973,-0.022926994,0.0395057,0.20864508,-0.4220357,-0.034695942,0.18246177,-0.65245456,0.0155549105,0.15559024,-0.78547126,0.020371176,0.12390302,-0.9047509,-0.018376593,-0.007752257,-0.5013111,0.02353346,-0.0232632,-0.7009574,0.0065845335,-0.060185574,-0.88143694,0.01301099,-0.12501082,-0.9921554,0.03728975,-0.17302036,-0.44916752,0.018979333,-0.19284174,-0.6476466,0.011454301,-0.20504189,-0.7830608,0.014201781,-0.19402096,-0.89636666,0.043896575,-0.33852828,-0.35486624,0.02297451,-0.51336485,-0.339372,0.0033203503,-0.51801276,-0.24578616,0.009352867,-0.42331532,-0.23379225,-0.0013523854
3,sintetico,Right,0.0,0.0,0.0,-0.2786121,-0.07289093,-0.009549566,-0.1682938,-0.25600758,-0.012770837,-0.02820251,-0.2135258,0.012005636,-0.008924512,-0.09002245,-0.010766538,-0.2501045,-0.42376584,-0.048705272,-0.24460521,-0.6197798,-0.019493535,-0.21891892,-0.75714135,0.015027374,-0.1767388,-0.88962185,-0.022162275,-0.054866746,-0.48215887,0.01400855,-0.033709656,-0.718866,2.2177004e-05,-0.06926625,-0.8892359,-0.023810433,-0.0586677,-0.99827754,-0.034993857,0.13821326,-0.45487183,-0.011356448,0.13429338,-0.6567902,0.0041302275,0.15463881,-0.7977539,-0.043283682,0.1578949,-0.91925424,-0.015009359,0.29053432,-0.3562115,-0.050984528,0.48118502,-0.3977479,-0.022664087,0.5117393,-0.31269652,-0.044550005,0.44534865,-0.26841322,-0.0076563447
3,sintetico,Right,0.0,0.0,0.0,0.25531226,-0.08420075,-0.001152168,0.14664447,-0.24586119,-0.01581257,0.017988583,-0.23357916,0.0129120145,-0.014105299,-0.09510436,0.03952639,0.17326875,-0.4167869,0.01703525,0.17726466,-0.6303828,-0.002302723,0.14225078,-0.78097326,-0.0024802466,0.12395516,-0.8871062,-0.008294691,-0.0007449005,-0.48500657,-0.008601218,-0.032134186,-0.7104941,0.013589823,-0.03331948,-0.87140924,0.014237419,-0.040181827,-0.99919236,-0.018049013,-0.1910427,-0.42612574,0.004789104,-0.20436463,-0.64247864,0.015864478,-0.23759961,-0.7613839,-0.005865261,-0.24460527,-0.8799028,-0.0038035528,-0.34217572,-0.36437145,0.009691278,-0.51007825,-0.39390182,0.010114113,-0.5787754,-0.27293006,0.0057220953,-0.5239514,-0.21285965,0.003122368
3,sintetico,Right,0.0,0.0,0.0,0.26706553,-0.068976216,0.022460723,0.14257331,-0.24959815,0.023575207,-0.00047123234,-0.20246638,0.027788613,0.028191514,-0.041057274,0.05699862,0.21228074,-0.41620448,0.017814353,0.22887112,-0.6481774,0.054760907,0.23774205,-0.7916749,0.028191913,0.23895214,-0.91209847,0.054905765,0.012569802,-0.49166805,0.0256301,0.012322427,-0.70887405,0.023808815,0.014161032,-0.89931226,0.030113457,0.0038782593,-0.9999925,0.05055991,-0.18294911,-0.45111522,0.03292728,-0.19902138,-0.64526206,0.033719335,-0.20485103,-0.7891956,0.040366087,-0.21148092,-0.9090514,0.016785808,-0.32920554,-0.35028726,0.03570095,-0.5083376,-0.38469464,0.020697791,-0.538051,-0.26623693,0.05334358,-0.4532771,-0.21245086,0.036975645
3,sintetico,Right,0.0,0.0,0.0,0.2805112,-0.07918791,0.04627382,0.1455565,-0.25432095,0.021323366,-0.006049267,-0.1749704,0.0066038403,-0.0068469634,-0.04090561,0.006591863,0.2142584,-0.4123954,0.051060867,0.20699015,-0.6326911,0.013697169,0.22127992,-0.80177164,0.0069600497,0.22317214,-0.8910668,0.016210474,0.03373922,-0.4789463,0.024064234,0.011310211,-0.7142979,0.025811592,-0.03753176,-0.8739527,0.030613689,-0.068471715,-0.99765307,0.027173102,-0.1712951,-0.42426035,0.033942398,-0.18322551,-0.63836145,0.01884222,-0.19807692,-0.7816542,0.057334848,-0.21672383,-0.90035343,0.015301548,-0.3283508,-0.36794353,0.045519363,-0.47675875,-0.38147405,0.013486474,-0.5548874,-0.30652484,-0.00011777489,-0.5309272,-0.22898567,-0.004046303
3,sintetico,Right,0.0,0.0,0.0,-0.2568593,-0.07033742,0.017817328,-0.1518301,-0.24614246,-0.0126608405,-0.004611693,-0.19179691,-0.02181931,-0.014840921,-0.061818298,0.003983182,-0.20711987,-0.4141929,-0.019737635,-0.22514565,-0.6300936,-0.011304591,-0.19463706,-0.7677371,0.0021514026,-0.13596678,-0.8891366,-0.008336454,-0.026786655,-0.4827229,-0.014180695,-0.015184825,-0.6994102,-0.028903542,-0.0033404473,-0.8586827,0.008785173,-0.0101990355,-0.99994797,-0.012242672,0.17958777,-0.43948406,0.0036495335,0.17786236,-0.6411146,0.0015214806,0.1652405,-0.7690653,0.0112723885,0.1990845,-0.916841,-0.010102406,0.34036356,-0.36393297,-0.011909078,0.5049805,-0.37502876,-0.024161048,0.5175101,-0.26836622,-0.015049309,0.44482204,-0.23362498,-0.0008116241
3,sintetico,Right,0.0,0.0,0.0,-0.27697852,-0.06549402,0.031059083,-0.19478865,-0.23060265,0.034821074,-0.016595261,-0.2476131,0.006589049,0.028981028,-0.11011861,0.007957536,-0.22644167,-0.4219164,0.0125223445,-0.25877598,-0.621883,0.022928752,-0.26762402,-0.769815,-0.00013639391,-0.2797556,-0.8930255,0.012521659,-0.03001566,-0.48766738,0.009613621,-0.019911198,-0.708923,-0.0023189222,0.01334778,-0.88737875,-0.00080496416,0.053348303,-0.998576,0.015903566,0.13175432,-0.4528803,0.015651189,0.16197604,-0.6602306,0.003197204,0.13955013,-0.79786587,0.015205676,0.13832231,-0.91485983,0.0048637753,0.30990377,-0.38120008,0.032691743,0.47366357,-0.4167373,0.0126105845,0.5457366,-0.34580952,0.029707411,0.50847596,-0.27653214,-0.010028794
3,sintetico,Right,0.0,0.0,0.0,-0.25787005,-0.104548216,0.005738502,-0.12684473,-0.23782805,-0.005961392,0.015644282,-0.20250122,-0.0013004416,-0.00030584505,-0.06829578,0.0051754187,-0.18377146,-0.44585666,-0.011881385,-0.15062998,-0.6364703,0.026879566,-0.12388352,-0.80725557,0.014757416,-0.11745756,-0.9245617,0.010206135,0.013130589,-0.4847942,0.000877305,0.065394424,-0.7113596,-0.007896642,0.065024324,-0.882017,0.017476171,0.0863193,-0.9962675,0.011535675,0.20949377,-0.41400692,-0.0027720132,0.24363934,-0.61901957,-0.012476042,0.25976196,-0.7687479,-0.019436155,0.27557006,-0.86982214,0.0032902753,0.36636022,-0.35746485,-0.0006402949,0.53935003,-0.32401586,0.019679232,0.5627469,-0.22001293,0.016939553,0.49203637,-0.19209692,0.0034364816
3,sintetico,Right,0.0,0.0,0.0,-0.24327694,-0.12032659,-0.009594031,-0.10565393,-0.26630542,0.019601164,0.026569432,-0.21266194,0.015195758,0.020349765,-0.07402101,-0.0055389646,-0.14751054,-0.44252756,-0.016505435,-0.12863867,-0.6504109,-0.0025568258,-0.112891465,-0.82159626,-0.004108245,-0.09439865,-0.9209739,-0.0030492914,0.08439493,-0.47950593,-0.008053901,0.12346235,-0.6946746,-0.017777774,0.18788898,-0.8466104,-0.0015912134,0.2365788,-0.9716123,-0.007349875,0.24328694,-0.40592527,-0.006022309,0.26956913,-0.6176584,-0.00070937333,0.31042138,-0.7431426,-0.0031474594,0.3603995,-0.85582274,-0.0010339328,0.38782856,-0.3071192,-0.008041338,0.55848736,-0.28530857,0.0032643005,0.560185,-0.18425335,-0.012827589,0.47630873,-0.15391466,-0.018353192
3,sintetico,Right,0.0,0.0,0.0,0.24607353,-0.13693137,0.01046386,0.12493138,-0.2828109,0.022639688,-0.0011570841,-0.2233458,0.0011365674,-0.034668963,-0.10633329,0.0024323917,0.13644174,-0.4527159,0.035839025,0.10999877,-0.66667813,0.006925297,0.095926166,-0.8076022,-0.013897671,0.100763865,-0.9291828,0.015886717,-0.060976457,-0.49161312,0.008425365,-0.1140334,-0.7084075,-0.008323756,-0.14435357,-0.8651589,-0.015428788,-0.15006107,-0.9886767,0.0058379094,-0.2448405,-0.40908927,0.0011063631,-0.28909925,-0.5952632,-0.017651176,-0.32131302,-0.7225483,0.0006569232,-0.3653293,-0.8521311,-0.00034047154,-0.39079943,-0.30106768,0.0010697158,-0.5533331,-0.28160182,0.009845433,-0.5790536,-0.18262652,-0.025850926,-0.49270225,-0.13086312,-0.015558307
3,sintetico,Right,0.0,0.0,0.0,-0.29796302,0.037447877,0.029817969,-0.2312257,-0.17974459,0.034215268,-0.08217136,-0.21291988,0.006051125,-0.0052629877,-0.10852901,0.0045892294,-0.37459514,-0.34642848,0.008993138,-0.42635182,-0.5503039,0.0004946143,-0.44365045,-0.7009827,0.020459445,-0.4576153,-0.8355904,0.022797825,-0.19572535,-0.46866065,0.028618148,-0.22020297,-0.7028267,0.00304347,-0.19705759,-0.8593255,0.030460974,-0.1658262,-0.986155,0.0005143436,0.014426824,-0.4809699,0.030451683,-0.038061634,-0.68470025,-0.0076617226,-0.09764706,-0.824721,0.042385988,-0.12604016,-0.9457791,0.008152579,0.20110212,-0.4602764,0.026514202,0.35870555,-0.56194717,0.027814759,0.4529889,-0.45124322,-0.0041040312,0.37409464,-0.3924896,0.030381896
3,sintetico,Right,0.0,0.0,0.0,-0.26596442,-0.09026088,-0.020603243,-0.15406556,-0.24564487,-0.020165438,-0.0040918435,-0.21778439,-0.012990092,0.022164324,-0.071897976,-0.01566993,-0.20694277,-0.42522633,-0.011965896,-0.19102857,-0.641235,0.00078492786,-0.19129333,-0.79176843,0.021748194,-0.1942991,-0.9097476,-0.016365688,0.03011114,-0.5104313,-0.022479571,0.044663172,-0.68823147,-0.007147651,0.021504369,-0.877771,-0.020373002,0.05801956,-0.99831545,-0.032414343,0.20822161,-0.4252143,0.009056606,0.22678894,-0.61426604,-0.0060569216,0.30766463,-0.74527377,-0.0045515425,0.3463414,-0.8673308,-0.036900822,0.35475796,-0.3307167,-0.01627746,0.53389096,-0.37702775,-0.029045897,0.5726075,-0.24572825,-0.0076082223,0.5142111,-0.19518124,-0.005230105
3,sintetico,Right,0.0,0.0,0.0,0.27355674,-0.06350221,-0.0030249637,0.17778948,-0.21465144,-0.004768142,0.027621768,-0.2104247,0.009225808,0.022299571,-0.04952305,-0.032101534,0.23443954,-0.39451975,-0.00449096,0.26807827,-0.6011756,-0.016092692,0.30304468,-0.765707,-0.025497971,0.30508882,-0.8780063,-0.018077435,0.057444252,-0.48029897,-0.014909978,0.07194189,-0.70148176,-0.009325924,0.0818371,-0.8771529,-0.0010073406,0.09599074,-0.99538225,0.001969975,-0.12447234,-0.43748906,-0.011849548,-0.12579408,-0.6400664,0.01711091,-0.11083144,-0.7917782,-0.011301361,-0.11283164,-0.91629165,-0.034181725,-0.30986503,-0.3902252,-0.010912954,-0.48833036,-0.41222984,-0.0052223494,-0.50407016,-0.30799124,-0.05345067,-0.43502405,-0.25159693,0.011630417
3,sintetico,Right,0.0,0.0,0.0,-0.2642907,-0.055755645,0.013992979,-0.17985399,-0.22447194,-0.0009393226,-0.021512993,-0.19542892,-0.015109115,0.015447996,-0.06403267,0.0018407186,-0.2321366,-0.38453686,0.0048037805,-0.28775313,-0.5877748,0.0056242147,-0.31978303,-0.72914094,0.008540772,-0.33686918,-0.85997105,0.012761596,-0.046564244,-0.47422913,-0.003843505,-0.095919445,-0.7106002,0.01753074,-0.090951085,-0.86227626,0.029425716,-0.10695378,-0.994264,0.031045094,0.11316308,-0.43472353,0.009085597,0.12947077,-0.6458332,0.025016144,0.158818,-0.80409145,0.0032765616,0.16720311,-0.9034403,0.007937258,0.29478732,-0.38180193,0.018178206,0.455337,-0.41148672,0.008056685,0.4933682,-0.28561684,-0.004769811,0.41198128,-0.25500348,0.024179175
3,sintetico,Right,0.0,0.0,0.0,-0.27452305,-0.024547378,0.0151193,-0.22263138,-0.20768285,0.025673628,-0.07795315,-0.2271479,-0.0015896372,-0.008390653,-0.11987321,0.001497607,-0.2928407,-0.36182162,0.02681379,-0.35138953,-0.5819845,0.015357216,-0.4141809,-0.71836984,0.019243008,-0.4487341,-0.82686806,0.018348446,-0.12407363,-0.45452887,0.005186912,-0.14874811,-0.6977596,0.021180652,-0.15015095,-0.87114877,0.024238491,-0.13255414,-0.9911758,0.015701847,0.083312206,-0.46058324,0.016920593,0.06326035,-0.67754793,0.021383932,0.05230566,-0.8197476,0.036742732,0.05481622,-0.93000776,0.023026897,0.2594766,-0.4240309,-0.0044560665,0.42035738,-0.48549375,0.006532989,0.46001014,-0.37235484,0.038423825,0.42287314,-0.31632492,0.014158147
3,sintetico,Right,0.0,0.0,0.0,-0.26838624,-0.096452266,0.007489474,-0.1530676,-0.26159403,0.015010674,0.010610931,-0.21625455,0.0058797137,0.009963433,-0.08173189,-0.014353362,-0.20337318,-0.42333955,0.0258088,-0.18947549,-0.63751584,0.016183605,-0.14038618,-0.79068655,0.019006293,-0.095077574,-0.8791974,0.011054989,0.005998704,-0.4858241,0.036928445,0.023004003,-0.720009,0.005382192,0.031299695,-0.9154395,-0.0035688265,0.04737038,-0.9988774,0.039281957,0.18944792,-0.44074416,-0.02110417,0.18053839,-0.6437585,0.0108659,0.20453158,-0.78888243,0.012089944,0.2060273,-0.91506547,0.011479493,0.3545,-0.34409356,-0.010982176,0.50924754,-0.36744493,-0.0052572857,0.5378533,-0.25518626,0.028248325,0.42758542,-0.21828571,0.03492979
3,sintetico,Right,0.0,0.0,0.0,0.2758418,0.030812819,-0.026728895,0.24466851,-0.16159062,-0.01035828,0.10481204,-0.19706464,-0.04168559,0.02403761,-0.09417579,-0.023057291,0.36938477,-0.30264938,-0.014892861,0.44016296,-0.4911776,0.0051883794,0.5191971,-0.6101445,1.1677712e-05,0.56100994,-0.71262634,-0.015231795,0.17658922,-0.43750253,-0.03259131,0.29443863,-0.6509295,0.0025791174,0.3415027,-0.78525275,-0.023741005,0.40537548,-0.91415024,-0.011520219,0.021295825,-0.46670133,-0.020367166,0.06564862,-0.658105,0.012397647,0.069149226,-0.79780895,-0.027920416,0.10173958,-0.91991,-0.0042729867,-0.16555901,-0.46724582,-0.019807504,-0.31885102,-0.5500751,-0.009651486,-0.3793848,-0.43613508,0.006630568,-0.30634835,-0.3753125,-0.049526308
3,sintetico,Right,0.0,0.0,0.0,-0.2787785,-0.05023253,0.0005831812,-0.1881542,-0.2355181,0.0013930511,-0.032353207,-0.21117091,0.0019200785,0.014715483,-0.067019336,0.010191278,-0.24760333,-0.40682414,-0.00063256494,-0.26822525,-0.6237412,0.014854191,-0.29891452,-0.7695963,-0.026258526,-0.31915665,-0.87787217,0.014806931,-0.056552984,-0.47706074,-0.0042648814,-0.039415587,-0.7088578,0.001817398,-0.058423124,-0.8717773,0.002166829,-0.06164651,-0.998098,0.025154922,0.12853684,-0.4343972,0.01880784,0.1385953,-0.6530905,0.009109408,0.14684996,-0.8047017,0.0011541594,0.17014167,-0.9281141,0.022835111,0.31837517,-0.4000617,0.037478533,0.4645741,-0.4361202,0.011100018,0.5396002,-0.3217758,-0.011625998,0.47983223,-0.26917148,0.0013327219
3,sintetico,Right,0.0,0.0,0.0,0.2831912,-0.008377561,0.030336937,0.20719063,-0.19550319,0.03314043,0.038792696,-0.17868663,0.004006766,0.008934116,-0.05711685,0.019889897,0.30144116,-0.36435384,0.016547903,0.32569724,-0.55756044,0.020298824,0.39283603,-0.70050585,0.031864226,0.43334752,-0.81233454,0.027175797,0.13414276,-0.4656039,0.020259744,0.16141844,-0.6798271,0.02250343,0.21097231,-0.860828,-0.0066058524,0.23696482,-0.9715182,0.011898501,-0.07396406,-0.4709479,-0.004078579,-0.055156704,-0.66084194,0.012241374,-0.01697923,-0.80679893,0.029339008,-0.006900414,-0.91310585,0.012408672,-0.26422593,-0.4349302,-0.025230316,-0.39008987,-0.484196,-0.0032544932,-0.4712649,-0.38698286,0.021268688,-0.41715074,-0.31954145,0.0043935017
3,sintetico,Right,0.0,0.0,0.0,0.2669228,-0.068395965,-0.03210485,0.1734678,-0.22345056,-0.049869824,0.021682853,-0.17149527,-0.02216501,0.011254187,-0.03803225,-0.028012903,0.23939662,-0.40104744,-0.037779942,0.2713033,-0.6292466,-0.034592662,0.29215303,-0.7307279,-0.0073308847,0.32022062,-0.8398982,-0.048116446,0.0764297,-0.46746427,-0.052329816,0.070315644,-0.6966856,-0.017214587,0.087235235,-0.8596411,-0.035011016,0.07122942,-0.99745995,0.00065704755,-0.12351006,-0.45987055,-0.027442187,-0.12152146,-0.6392683,-0.026554171,-0.14134267,-0.78309405,-0.011950175,-0.15027446,-0.89285445,-0.052435044,-0.28846908,-0.38409916,-0.019342795,-0.46832693,-0.42489317,-0.030921675,-0.48110783,-0.31969115,-0.007994168,-0.3997837,-0.27040413,-0.035551205
3,sintetico,Right,0.0,0.0,0.0,0.23614183,-0.15918097,0.0039586397,0.09842322,-0.28057945,0.016138671,-0.04828009,-0.1975043,0.021759871,-0.02621355,-0.05667833,0.032633536,0.099836275,-0.46743554,0.014903158,0.06579519,-0.65482324,0.0070019746,0.05773371,-0.81924003,0.02186402,0.022191476,-0.93552977,-0.0049161958,-0.11550634,-0.4690109,0.02955152,-0.16974714,-0.6871843,0.012134728,-0.22491364,-0.85268813,0.005789954,-0.2598609,-0.9656461,-0.0048695826,-0.26246715,-0.38754126,0.018126206,-0.32042047,-0.5762219,0.005041295,-0.3843892,-0.72831374,0.0077278134,-0.4065798,-0.8330598,-0.015007687,-0.42191175,-0.2604662,0.0028200585,-0.573817,-0.27532145,0.0008907062,-0.59861934,-0.13475749,0.01512188,-0.50292414,-0.09703085,0.0052282955
3,sintetico,Right,0.0,0.0,0.0,-0.2824418,-0.008594059,-0.0056397617,-0.24743736,-0.22200285,0.010348187,-0.10663262,-0.28482094,0.013350026,0.0034114078,-0.21739726,-0.025295302,-0.30538398,-0.36465535,-0.0045177946,-0.37133917,-0.55442584,-0.0047091246,-0.42383868,-0.6923784,-0.013489599,-0.44609645,-0.78405553,0.002823156,-0.118171915,-0.45284885,-0.004269562,-0.19629437,-0.70156753,-0.021034557,-0.22101165,-0.82690185,-0.014230565,-0.22468697,-0.974431,-0.017489124,0.053357113,-0.45711935,-0.023441209,0.021536974,-0.6635731,-0.013336953,0.0044153174,-0.77684134,-0.032400224,-0.008981073,-0.8957738,-0.004538467,0.21972477,-0.4176799,0.010097798,0.3874041,-0.45622867,-0.011200394,0.45770133,-0.36465344,0.002896526,0.3644716,-0.32259429,-0.009550559
3,sintetico,Right,0.0,0.0,0.0,0.2479564,-0.14608727,0.014634943,0.10416435,-0.28776044,-0.0020714053,-0.028609063,-0.22984345,0.014879847,-0.06357406,-0.111148864,0.010839303,0.11924806,-0.46673813,0.0005988395,0.066926666,-0.64666903,0.022780586,-0.02904561,-0.7833721,0.012091481,-0.09802536,-0.8873742,0.039885506,-0.10356846,-0.4902976,0.01692416,-0.1369386,-0.6951668,-0.02001884,-0.17730232,-0.85877675,-0.0096980855,-0.2010816,-0.9795745,0.04511677,-0.24803853,-0.3925119,0.010684639,-0.3186265,-0.5901258,0.019087544,-0.35507265,-0.72342247,0.015857382,-0.37192187,-0.8481159,0.035587855,-0.40507853,-0.2862505,-0.011027634,-0.56553745,-0.27117518,0.034366544,-0.5950921,-0.1878928,0.03340035,-0.54389656,-0.104210764,0.015807306
3,sintetico,Right,0.0,0.0,0.0,0.25940746,-0.08006265,-0.0059199245,0.14357777,-0.23070005,0.01519689,-0.0011236399,-0.19066429,0.020455848,-0.007174616,-0.06984496,0.008078727,0.19684157,-0.42526495,0.011534266,0.20012665,-0.6270406,0.039147127,0.20982271,-0.7857574,0.032333575,0.21502578,-0.8966896,0.014659168,-0.0013865555,-0.47060496,0.024549892,-0.016595298,-0.70479476,-0.00513153,0.002742048,-0.8716997,0.022247996,-0.027666051,-0.9996172,0.017478451,-0.18370545,-0.43040764,0.013000216,-0.21293123,-0.6166553,0.018846232,-0.24580991,-0.7795754,0.01652418,-0.25247806,-0.8736034,-0.00049488415,-0.35321784,-0.36169156,0.04250409,-0.5059823,-0.33745205,0.03203298,-0.53916025,-0.22881629,0.012804427,-0.45740053,-0.2095559,-0.0069148005
3,sintetico,Right,0.0,0.0,0.0,-0.2744831,-0.07175645,-0.026048077,-0.20565383,-0.26456589,0.016568512,-0.06549305,-0.28742707,0.028046723,0.042555034,-0.17966631,-0.010513546,-0.2326082,-0.40481904,-8.108223e-05,-0.2331852,-0.61309,0.026478853,-0.19125672,-0.76532304,-0.0050597293,-0.13252155,-0.86942244,0.011035056,-0.04786894,-0.4746207,0.06573226,-0.045782857,-0.69665825,0.014430755,-0.040396284,-0.8595042,0.006607133,-0.06993809,-0.9975513,0.017894324,0.13377194,-0.4330378,0.01643687,0.17593427,-0.63853097,-0.00354428,0.18179458,-0.78374356,-0.018459644,0.20504667,-0.8985782,0.013898164,0.31504908,-0.39233902,0.015980188,0.46980557,-0.3975415,0.001520445,0.5390121,-0.3213682,0.028495586,0.48614115,-0.25320914,0.025712129
3,sintetico,Right,0.0,0.0,0.0,0.2751305,0.013699992,-0.0036258542,0.21473745,-0.18463723,0.001555103,0.049288336,-0.17908908,-0.0026197957,0.047753092,-0.048374847,0.0101045035,0.3274766,-0.32507363,0.023719601,0.42296007,-0.51017207,0.015311916,0.47206214,-0.67493296,0.030275844,0.5180142,-0.75167936,0.0016155131,0.17052606,-0.4516782,0.014739643,0.22395983,-0.6691643,0.015367752,0.29699302,-0.8153675,0.027922645,0.33615723,-0.9418059,-0.0020816876,-0.016405975,-0.45001704,0.02213859,0.03058083,-0.66096437,-0.0041041635,0.08447057,-0.80462277,0.00047739543,0.09703936,-0.92132956,0.003845361,-0.21894054,-0.44768047,0.016787527,-0.31782737,-0.5404451,-0.0077659963,-0.4200456,-0.4886661,-0.0055444227,-0.40295523,-0.39752358,-0.0007205364
3,sintetico,Right,0.0,0.0,0.0,-0.26551002,-0.07768082,0.024544833,-0.1619175,-0.22810122,0.029943202,-0.010343543,-0.20951751,-0.007829186,0.007171688,-0.0764157,0.022208475,-0.19968377,-0.41083932,0.009055439,-0.2217591,-0.6232834,0.007748305,-0.23780899,-0.79167706,0.014159186,-0.24491717,-0.9037741,0.025123743,-0.028067641,-0.4925021,0.013433427,-0.014044765,-0.71896976,-0.00458796,0.016731199,-0.8716746,0.025012678,0.023611667,-0.9997212,0.018445062,0.17918113,-0.43642068,0.010169683,0.19684123,-0.6505274,0.019048817,0.19331582,-0.7919676,0.01848509,0.21216086,-0.89280075,0.024004007,0.3455726,-0.37151134,0.019892957,0.4963745,-0.3841113,0.025713708,0.5337447,-0.2631803,0.022699581,0.45606586,-0.2186247,0.03492841
3,sintetico,Right,0.0,0.0,0.0,-0.28512698,-0.03593574,0.010903186,-0.14378303,-0.21540453,0.007003296,-0.0057027806,-0.16422404,0.011612101,-0.057330593,-0.012106772,-0.018220326,-0.25235042,-0.38476428,0.03459571,-0.30030596,-0.5809843,0.030993843,-0.32444108,-0.7431955,-0.008710364,-0.36698392,-0.8466579,0.01606235,-0.071564876,-0.47092286,-0.013542533,-0.10954035,-0.694505,0.008985057,-0.1340792,-0.8621392,-0.023706743,-0.13978058,-0.9901825,0.0035924045,0.11612949,-0.4626682,0.00078736746,0.10181267,-0.6564856,0.024371285,0.07973351,-0.8107296,0.031710126,0.095340595,-0.91260546,0.03203295,0.28008392,-0.4098722,0.02439304,0.45503762,-0.42297903,0.008964316,0.49643907,-0.3281173,0.0133509645,0.42147568,-0.28345215,0.0132812625
3,sintetico,Right,0.0,0.0,0.0,-0.27082977,-0.10415259,0.014692132,-0.15735276,-0.26308435,0.011642274,-0.009935872,-0.23538364,-0.022581814,0.030403739,-0.123761095,0.027912721,-0.17107858,-0.43129787,0.02656979,-0.16695058,-0.64128405,0.009285753,-0.13404357,-0.8056866,0.017458748,-0.107742846,-0.904403,0.008076766,0.007199945,-0.48138678,-0.009627548,0.049967207,-0.70575285,0.042525463,0.08861213,-0.87676656,0.022955708,0.109035976,-0.9940378,0.025596978,0.19189619,-0.4180482,0.008640449,0.23431048,-0.6381501,0.028162627,0.27395236,-0.77155596,-0.0063858554,0.30030566,-0.8773524,0.009181018,0.36130774,-0.33247095,0.02281796,0.51480436,-0.38579792,0.003903395,0.5739221,-0.30452558,0.02518328,0.5485045,-0.21208227,0.016782714
3,sintetico,Right,0.0,0.0,0.0,0.2604572,-0.1140479,-0.013742896,0.12926614,-0.2583441,0.005426248,-0.012833741,-0.2057618,0.014404535,-0.02247686,-0.06508264,-0.023411278,0.16357309,-0.43433708,0.018481147,0.18051371,-0.6324567,-0.03378964,0.1880565,-0.79698616,0.014643479,0.17616901,-0.9155367,-0.011527452,-0.022906646,-0.48651102,-0.014298646,-0.055278298,-0.7106158,-0.011172851,-0.08094817,-0.8740559,-0.022183545,-0.10186623,-0.9947981,0.0098151695,-0.19813253,-0.4169343,-0.020682467,-0.26121685,-0.6333468,-0.018909909,-0.32574612,-0.7560122,-0.030237451,-0.39996788,-0.8434947,-0.021219965,-0.3624597,-0.32903746,-0.02079705,-0.5407791,-0.3400307,-0.021730209,-0.56851333,-0.23436138,-0.013504232,-0.46746185,-0.19722232,-0.026560025
3,sintetico,Right,0.0,0.0,0.0,0.24397217,-0.1073127,0.010916348,0.10538119,-0.23724188,-0.02511202,-0.00020292321,-0.14818832,-0.01721972,0.03410416,-0.025816452,0.011742994,0.14787857,-0.4295322,0.01386914,0.15148726,-0.64691705,-0.00061271,0.13978487,-0.81856453,-0.0036641932,0.1359982,-0.9310347,-0.0001710339,-0.047417473,-0.47607395,0.0074523343,-0.08053652,-0.713177,-0.02743948,-0.11609518,-0.8484661,0.011264446,-0.124654755,-0.9922002,0.005231748,-0.21595684,-0.41736633,0.008226035,-0.2725217,-0.6137939,0.0030574438,-0.32596454,-0.74845976,-0.014479813,-0.34833705,-0.83961487,-0.010512536,-0.38531166,-0.3228276,0.025995834,-0.53986716,-0.27764153,-0.004168464,-0.5372204,-0.16361356,0.01602972,-0.44101685,-0.16951096,-0.010292086
3,sintetico,Right,0.0,0.0,0.0,-0.24477826,-0.12815401,-0.0404379,-0.10013543,-0.27409467,-0.017611206,0.04603349,-0.22286582,-0.013327663,0.013719214,-0.07837496,-0.048071865,-0.098404825,-0.4489413,-0.048822146,-0.043586593,-0.66263527,-0.029200599,-0.029122887,-0.80427086,-0.0365126,-0.009797067,-0.9166443,-0.032400418,0.11672822,-0.48936385,-0.036510054,0.17801085,-0.67915976,-0.018355632,0.2181895,-0.8278278,-0.030094301,0.23321848,-0.9724244,0.0004955876,0.27275947,-0.3949009,-0.013740807,0.33658895,-0.5566378,-0.0043782764,0.38798127,-0.69786143,-0.042231064,0.41840315,-0.80845064,-0.0260682,0.40741044,-0.2559579,-0.014412516,0.55581427,-0.20048162,-0.009582727,0.54800403,-0.09784937,-0.026365101,0.46592024,-0.11358076,-0.024130356
3,sintetico,Right,0.0,0.0,0.0,0.27856913,-0.029872967,0.024937889,0.21190378,-0.2294929,0.0032083814,0.04846038,-0.21845731,0.035277225,-0.00497385,-0.087966695,0.007476918,0.29289567,-0.37449032,0.027122488,0.3499416,-0.5816382,0.015402865,0.37759462,-0.717699,0.020244682,0.41572127,-0.8617154,0.0070444816,0.104310855,-0.47354692,0.008020961,0.12267393,-0.7004606,0.015942387,0.065752834,-0.8832835,0.021604022,0.01767893,-0.9998437,0.01754198,-0.07706567,-0.4832955,-0.016699374,-0.07633637,-0.6765214,0.013535162,-0.057404462,-0.80890656,-0.00011459756,-0.057530485,-0.94503725,0.0015382301,-0.27301142,-0.4067863,0.01651842,-0.43239412,-0.4767223,0.035037447,-0.47495148,-0.37949806,0.0062235952,-0.42593095,-0.2921055,0.039142538
3,sintetico,Right,0.0,0.0,0.0,-0.2812842,-0.036811262,-0.011634312,-0.18330412,-0.23664795,-0.01464215,-0.038586296,-0.2387185,-0.013543723,0.017496679,-0.11182372,-0.03979998,-0.25235507,-0.41382307,-0.0115912985,-0.2570053,-0.6030579,-0.031218434,-0.25798312,-0.76228,-0.011530185,-0.24853703,-0.87629837,-0.029046997,-0.06586478,-0.46925893,-0.00847915,-0.06448667,-0.7081312,-0.02002011,-0.06669729,-0.87011194,-0.035407525,-0.0710143,-0.9974753,-0.022154003,0.14260332,-0.44330594,0.01656029,0.12116236,-0.6440888,-0.052894674,0.13298577,-0.7929207,-0.015066954,0.12484177,-0.9118156,-0.03331725,0.28764793,-0.38737646,0.0037048038,0.45679852,-0.40813887,-0.00498791,0.4942214,-0.27855623,-0.014763509,0.40783158,-0.26232946,-0.0034197962
3,sintetico,Right,0.0,0.0,0.0,0.2700124,-0.065357186,0.003026109,0.15544602,-0.24507217,-0.0055041914,0.011382388,-0.19757058,-0.015660387,0.0071298517,-0.056050047,-0.018112184,0.21712478,-0.4284889,0.0008232566,0.22898476,-0.63712686,0.018943781,0.24361739,-0.7826946,-0.020687208,0.2624633,-0.8897403,-0.021897381,0.0068621454,-0.4924531,-0.023743538,0.014351093,-0.70860565,0.007077145,0.011967924,-0.86414933,-0.0066098245,0.015986439,-0.9998722,0.0027512617,-0.15532915,-0.45175618,-0.0139074605,-0.19629622,-0.649577,0.0037357006,-0.17834787,-0.79012597,-0.010455718,-0.208196,-0.91066515,-0.030152483,-0.33460984,-0.38183004,0.008508556,-0.49564943,-0.3819591,-0.006517117,-0.54371893,-0.30132088,-0.010810767,-0.47807667,-0.23183393,-0.001542896
3,sintetico,Right,0.0,0.0,0.0,0.26106098,-0.095850065,-0.012021963,0.16063553,-0.27652633,-0.026718939,-0.00029501313,-0.2404998,-0.005536183,-0.04161148,-0.12175466,-0.01675159,0.16381082,-0.43626994,0.008804563,0.16831866,-0.6169956,-0.009775271,0.1595306,-0.7892918,-0.043697126,0.1144131,-0.90714586,-0.031622764,-0.041249957,-0.48613083,-0.0308328,-0.049218215,-0.6877453,-0.015631553,-0.057886258,-0.86068505,-0.025755905,-0.08123084,-0.99669534,-0.03936071,-0.22404307,-0.40521702,-0.011014365,-0.22826898,-0.6166402,-0.004227181,-0.271839,-0.7577351,-0.02244049,-0.264865,-0.85331416,-0.017284706,-0.34446546,-0.3274385,-0.036722805,-0.52264243,-0.32276753,-0.029373426,-0.517001,-0.2039245,-0.0286979,-0.4529397,-0.18850616,-0.011518946
3,sintetico,Right,0.0,0.0,0.0,0.27279088,-0.0028697958,0.0066630184,0.20711212,-0.19469193,-0.010103497,0.06041195,-0.19116764,0.0007401035,0.022187028,-0.06152962,-0.027109895,0.32085955,-0.32968226,-0.0019702353,0.39567453,-0.5210526,-0.01827936,0.43959945,-0.66671884,0.015064587,0.48655212,-0.7619198,-0.004900447,0.16562767,-0.44467694,0.004525186,0.20167565,-0.6661787,-0.0019025195,0.24553953,-0.8111741,0.022874277,0.3036849,-0.9527725,-0.031151818,-0.038248148,-0.46960893,-0.007938246,-0.012876967,-0.65291923,-0.021518977,0.045408383,-0.8126621,-0.03900332,0.06919036,-0.9198972,-0.022561127,-0.2198645,-0.46324235,0.012695981,-0.38457012,-0.4877963,-0.006596341,-0.39824894,-0.3801533,-0.009638854,-0.33654228,-0.33616862,0.0063005514
3,sintetico,Right,0.0,0.0,0.0,0.25288758,-0.117388144,-0.019472538,0.09984758,-0.24792872,-0.017274857,-0.021778466,-0.209908,0.011907461,0.004539205,-0.05925526,0.0027736968,0.13850643,-0.44024193,-0.0125175975,0.1385493,-0.6530912,-0.019983485,0.10191468,-0.8024912,0.00536711,0.053837996,-0.9153632,0.0043349075,-0.06063027,-0.48281604,0.00095481693,-0.0987236,-0.712688,-0.01068468,-0.13348979,-0.871605,-0.023745049,-0.15120247,-0.9885028,-0.008362659,-0.21008414,-0.41554588,0.011901619,-0.2857558,-0.5986561,-0.021101637,-0.32724723,-0.75249827,-0.0074752737,-0.3615981,-0.8512011,0.015152487,-0.39652407,-0.30367982,-0.012485461,-0.55795133,-0.3136167,-0.009967436,-0.5763047,-0.21809018,-0.027389383,-0.50869673,-0.147373,0.00072692544
3,sintetico,Right,0.0,0.0,0.0,0.27219707,-0.008272966,0.012354826,0.19791073,-0.20718566,0.007062413,0.053876836,-0.21914998,-0.0008955744,0.0107146315,-0.11971393,-0.015160807,0.29040226,-0.37429813,0.025481626,0.3366179,-0.56598353,0.02265866,0.37543678,-0.70072997,0.0008900697,0.40529883,-0.82674706,0.021751495,0.10168195,-0.47184697,-0.0021964097,0.14289731,-0.67225325,0.007875,0.17423065,-0.84445345,0.004743367,0.19983645,-0.97982925,0.00828953,-0.06273709,-0.45041227,0.021253465,-0.065461926,-0.66399384,0.0065453756,-0.040879603,-0.7904373,0.0074187587,-0.026781753,-0.90809596,0.0226154,-0.2574112,-0.41194913,0.013051153,-0.40009463,-0.4928342,0.0038801786,-0.4828946,-0.4146733,0.015562259,-0.45243588,-0.3311706,0.026115896
3,sintetico,Right,0.0,0.0,0.0,-0.2658464,-0.0006039873,-0.015899139,-0.19502673,-0.17175512,-0.020496385,-0.066197336,-0.16136834,-0.010975745,-0.029675422,-0.024647042,-0.022913808,-0.32136747,-0.334987,-0.020550072,-0.39900336,-0.5276887,-0.010255149,-0.43741846,-0.6749759,-0.023722675,-0.48131305,-0.7827138,-0.021575209,-0.14779261,-0.44534254,-0.016819395,-0.23572679,-0.6618463,-0.013046889,-0.2818288,-0.82205355,-0.0052799117,-0.31449464,-0.9492593,-0.005560216,0.021790635,-0.46131665,-0.037261292,-0.0147820385,-0.67220753,0.006992314,-0.0081808055,-0.8024774,-0.013537337,-0.027225161,-0.92801607,-0.019485088,0.18614437,-0.4345286,-0.028189264,0.36012685,-0.5252705,0.015838588,0.43576714,-0.4142774,0.021480689,0.36935702,-0.36094397,0.013966698
3,sintetico,Right,0.0,0.0,0.0,0.24903648,-0.084436506,-0.02174061,0.15371667,-0.24785899,-0.039853245,0.0011676344,-0.21027416,-0.01229127,-0.00025379015,-0.07991575,-0.040722873,0.2072132,-0.4223257,-0.072781615,0.19342709,-0.6286675,-0.051124208,0.19740024,-0.80376256,-0.06881358,0.20450321,-0.9126623,-0.037480317,-0.009341303,-0.49190757,-0.03424082,-0.025441855,-0.6979689,-0.05653222,-0.07815217,-0.8824556,-0.044892233,-0.14017983,-0.9901261,-0.053911027,-0.17637056,-0.435275,-0.03343261,-0.19112518,-0.6444567,-0.044882312,-0.2127559,-0.8026659,-0.015513871,-0.23256294,-0.9099194,-0.028756678,-0.3369284,-0.3445546,-0.0061387955,-0.5182317,-0.36049765,-0.03859829,-0.5258153,-0.25683182,0.0023652187,-0.45873123,-0.21092518,-0.03139127
3,sintetico,Right,0.0,0.0,0.0,-0.27783486,0.002150594,-0.02128526,-0.2177696,-0.19161782,-0.02143724,-0.060612842,-0.19883448,-0.011842593,-0.015921395,-0.0904714,-0.0017340536,-0.3132216,-0.35027403,-0.042061444,-0.35119283,-0.5640723,-0.020647852,-0.32860345,-0.6971136,-0.017267715,-0.30015036,-0.847743,-0.030304061,-0.13770606,-0.47624448,-0.024001112,-0.19657837,-0.6784924,-0.0064349216,-0.23849976,-0.84952426,-0.015925461,-0.27168897,-0.9623851,-0.014734458,0.03912904,-0.46038204,-0.029409673,0.0005371925,-0.66200066,-0.011751722,-0.0324794,-0.80361307,-0.031310536,-0.04157285,-0.91904,0.013596453,0.23867016,-0.44352755,0.017905114,0.37387624,-0.51673794,-0.015686816,0.46253976,-0.44524863,-0.025526855,0.4473769,-0.3686222,0.0044360925
3,sintetico,Right,0.0,0.0,0.0,0.2612907,-0.07416594,-0.01775126,0.16833515,-0.22164539,-0.017363783,0.02065355,-0.16915783,-0.00411672,0.020137075,-0.053411197,0.015188171,0.23027606,-0.43163243,-0.0007587748,0.23255982,-0.6218482,0.008196051,0.20138985,-0.75580806,-0.023385698,0.13932396,-0.90595585,0.002449339,0.026411457,-0.51632893,-0.019259175,-0.0017592674,-0.7214171,-0.005584729,-0.04916611,-0.88507324,0.0024307284,-0.14342412,-0.98966134,-0.016898176,-0.15928027,-0.45900878,-0.0250851,-0.14785247,-0.66103137,-0.0018363434,-0.14060096,-0.8157306,-0.010217446,-0.15611392,-0.94055456,-0.005652495,-0.33329004,-0.38076642,0.0031270576,-0.48940396,-0.38156724,0.014082546,-0.50346756,-0.28920275,0.0032302102,-0.4454902,-0.21883598,0.0010172669
3,sintetico,Right,0.0,0.0,0.0,-0.27399993,-0.026537662,0.015541815,-0.20165427,-0.22943668,-0.00077745493,-0.03165603,-0.21629317,0.006290979,0.0029413374,-0.0976104,0.0032629361,-0.2583669,-0.38513172,0.007977194,-0.2812941,-0.5865012,0.011977935,-0.31521457,-0.74361676,-0.0002693592,-0.34314248,-0.8720527,0.0056691654,-0.0677433,-0.47423488,0.010512979,-0.06886911,-0.6850267,0.015595669,-0.09431875,-0.8725333,0.0063580326,-0.098711304,-0.9951161,-0.0064747417,0.1268996,-0.44715285,0.008930063,0.10853436,-0.6456673,0.018169554,0.086489856,-0.80244446,-0.013533508,0.09479913,-0.91548395,-0.013348894,0.27256304,-0.40558657,-0.0029168453,0.45892277,-0.4312123,0.004518571,0.49692348,-0.3346949,-0.027202034,0.4262899,-0.2735201,0.01664643
3,sintetico,Right,0.0,0.0,0.0,-0.24942228,-0.118032135,0.044143584,-0.12841429,-0.2593777,0.003124132,0.016641155,-0.20506345,0.011958532,0.023160608,-0.08102352,0.0033037898,-0.14604221,-0.4327668,-0.002728705,-0.14181574,-0.64262086,0.024046712,-0.1366109,-0.80933934,0.021029271,-0.12741522,-0.93090475,-0.01899447,0.047566123,-0.49175224,-0.0034652888,0.071496956,-0.7095756,0.022743477,0.11625023,-0.8683232,0.0172328,0.12554026,-0.99208856,0.011699973,0.2256588,-0.42461923,0.02864276,0.26182717,-0.6167636,-0.0058401907,0.28825328,-0.7517987,0.008433646,0.32503822,-0.8874065,0.02716763,0.37956893,-0.34595284,0.0075196372,0.545817,-0.341342,0.02370891,0.6251442,-0.22860238,-0.0008445355,0.5653753,-0.17764068,0.004581618
3,sintetico,Right,0.0,0.0,0.0,0.2610496,-0.11668599,0.0004632805,0.16396597,-0.28548792,0.02265029,-0.017315269,-0.2648076,0.0003311103,-0.064182006,-0.14640455,-0.005282151,0.1475719,-0.44992608,0.010541549,0.11891681,-0.6665521,0.022909677,0.11915993,-0.82633066,0.042677045,0.09625503,-0.9350154,0.046059426,-0.05090353,-0.47441584,-0.018186623,-0.09924937,-0.7155948,0.0288014,-0.13556962,-0.8766565,-0.004804404,-0.1319175,-0.9912607,-0.003977524,-0.22726707,-0.37864777,0.002569932,-0.28419572,-0.62703985,0.0015138849,-0.34883603,-0.74550897,-0.0062207663,-0.37192643,-0.8486587,-0.027042719,-0.37487644,-0.32825816,0.035518244,-0.5750234,-0.31735793,0.026431572,-0.599267,-0.18587369,0.011263204,-0.5052933,-0.15089169,-0.004507918
3,sintetico,Right,0.0,0.0,0.0,0.26233602,-0.063475624,-0.0123970285,0.14573589,-0.20852695,0.051734686,-0.0012557063,-0.17190756,0.0195315,0.020864995,-0.043560624,0.019112531,0.22111657,-0.40295774,-0.010815843,0.250425,-0.59036213,0.026913429,0.27579868,-0.7512697,0.03090142,0.29417172,-0.87301385,0.0144729875,0.030229948,-0.47533405,0.030960275,0.07219512,-0.6890539,0.03520774,0.05368367,-0.86002696,0.025447594,0.07519387,-0.99716896,-0.015300437,-0.13300766,-0.4376013,5.777627e-05,-0.12462488,-0.63629514,0.0430243,-0.1428914,-0.769722,0.018736776,-0.14928342,-0.899504,0.018804831,-0.29211688,-0.3814203,0.004900923,-0.48212355,-0.39314124,0.007840257,-0.5135898,-0.29689085,0.035542887,-0.43757623,-0.25664386,0.040172126
3,sintetico,Right,0.0,0.0,0.0,0.27241817,-0.019730045,0.008079563,0.18585075,-0.192934,0.0061759595,0.04653321,-0.16313374,0.0041568563,0.031414885,-0.036092345,-0.03378271,0.29964766,-0.36734003,-0.004950977,0.34333545,-0.5717473,-0.0013662557,0.35853907,-0.71997416,0.0043276404,0.3640039,-0.83357286,-0.0032499786,0.11207702,-0.4720373,0.011764091,0.13924795,-0.68958706,-0.037201606,0.1680181,-0.85580474,-0.002630975,0.17218503,-0.9850646,-0.0037806195,-0.086252965,-0.4599473,0.0023581362,-0.028336564,-0.6801751,0.011621714,-0.03364507,-0.82825035,-0.023589429,-0.018423509,-0.91065377,0.011135161,-0.26447284,-0.42329693,0.0010858057,-0.4098421,-0.4880941,-0.013431823,-0.47398987,-0.40386173,-0.02388662,-0.4626308,-0.32120225,-0.007876065
3,sintetico,Right,0.0,0.0,0.0,0.24168223,-0.11779434,-0.032193825,0.12280328,-0.25459015,-0.03832247,-0.020604918,-0.19403909,-0.02885419,-0.00031890528,-0.05310839,-0.010386598,0.14283296,-0.44127473,-0.00903449,0.11563544,-0.66443795,-0.012305041,0.08772035,-0.8199527,-0.008061186,0.054446965,-0.9293281,-0.0171618,-0.062652044,-0.48617047,-0.027903879,-0.10612694,-0.6996805,-0.03383164,-0.1268489,-0.8761363,-0.03823034,-0.15576597,-0.987794,-0.023867652,-0.24806552,-0.39368832,-0.0097746365,-0.29740205,-0.5923967,-0.01742726,-0.3554126,-0.73509127,-0.020396585,-0.39467853,-0.8515046,-0.035361223,-0.40719163,-0.30561137,0.015079285,-0.5641208,-0.29596362,-0.03217051,-0.5801977,-0.19243675,-0.019041212,-0.5170164,-0.14268573,-0.006795458
3,sintetico,Right,0.0,0.0,0.0,-0.25961494,-0.068767585,0.0037742849,-0.14370191,-0.24065264,-0.0015105384,0.001854338,-0.18227328,-0.0065351455,0.004016169,-0.054634932,0.018108811,-0.19691727,-0.42628002,-0.0031335007,-0.20262448,-0.63058066,-0.003963059,-0.20310327,-0.79982585,-0.0046331743,-0.21155028,-0.90464437,-0.0031250648,-0.0023750137,-0.49115255,-0.021227846,0.025425425,-0.70786387,-0.016020771,0.054495744,-0.8798252,0.03396072,0.090718284,-0.9958766,-0.025401259,0.16766755,-0.4326317,0.002453728,0.19522186,-0.62887025,0.0034789522,0.21119232,-0.7835307,0.013190969,0.21949966,-0.8978081,0.0038304534,0.3535759,-0.33519503,0.02591634,0.5205226,-0.3402851,0.001988113,0.52407724,-0.21929032,0.018047426,0.41673407,-0.21478014,0.013585832
3,sintetico,Right,0.0,0.0,0.0,-0.27256262,-0.09139701,0.019945662,-0.11933297,-0.21650602,0.026924718,-0.003809696,-0.15017363,0.009653578,-0.04120714,-0.012851539,0.00992414,-0.2029038,-0.4238109,0.027885731,-0.19748248,-0.63976604,0.040494166,-0.21951555,-0.7809707,0.029890932,-0.20804574,-0.91240054,0.020119423,-0.0064561805,-0.47771424,0.013615372,0.02020535,-0.70649743,0.016583676,0.029540414,-0.87216914,-0.0012762509,0.03520204,-0.99938023,0.014837784,0.19109681,-0.4428741,0.032371327,0.1906671,-0.63792944,0.017507443,0.20724651,-0.76207596,0.008355405,0.2124649,-0.8992198,0.0070826537,0.34870476,-0.35700232,0.016524987,0.51414305,-0.3663324,-2.6121877e-05,0.5477011,-0.27057025,0.0044606626,0.47174644,-0.2066821,0.03805315
3,sintetico,Right,0.0,0.0,0.0,-0.25643715,-0.08888227,0.00958102,-0.15451826,-0.2627784,-0.00958206,0.01837347,-0.24931766,0.007539794,0.03792878,-0.11515625,0.011699468,-0.16674021,-0.4378747,-0.014868557,-0.14328563,-0.6535432,-0.00450669,-0.13679987,-0.78815526,-0.012002723,-0.13654986,-0.9173064,0.0058177644,0.037594553,-0.5070632,-0.012186534,0.0816592,-0.6995026,-0.021585744,0.10681153,-0.8624257,-0.0017882345,0.12453048,-0.9922158,0.014755912,0.23176478,-0.40932158,0.005375018,0.2671987,-0.60383886,0.013136941,0.2689251,-0.75114703,0.011763466,0.29481667,-0.8799178,-0.0019514932,0.37139335,-0.3040061,-0.011955899,0.53539115,-0.3360506,-0.016213963,0.5548514,-0.20507824,-0.027426485,0.48173776,-0.18501298,0.015994731
3,sintetico,Right,0.0,0.0,0.0,-0.26847968,-0.05448546,0.0020028779,-0.16203181,-0.23141532,0.0014809291,-0.030239416,-0.22655103,0.007621573,0.02194669,-0.102950014,-0.011338468,-0.22657691,-0.40490642,-0.013736842,-0.25443184,-0.6158504,0.011885635,-0.26419693,-0.7701023,0.0002563802,-0.27427208,-0.87984174,-0.028072264,-0.034168683,-0.4880254,-0.0064320364,-0.017342692,-0.68843377,0.02190551,0.006482374,-0.856356,-0.0019830114,0.03421057,-0.9994146,-0.0072206357,0.14499336,-0.43442082,-0.020841364,0.15649441,-0.63455504,-0.0077412645,0.15890571,-0.78906745,-0.016163008,0.16436851,-0.88424027,0.0063491226,0.30838346,-0.37758058,0.0009801019,0.47477642,-0.38078377,-0.0048530772,0.50156754,-0.26082215,-0.010488394,0.42977747,-0.23515451,0.021855569
3,sintetico,Right,0.0,0.0,0.0,0.2507959,-0.11363431,0.003047932,0.11750391,-0.2648112,0.019923793,0.0040288433,-0.22728978,-0.017422285,-0.03874037,-0.09051249,0.022661336,0.16213778,-0.43723595,0.009792526,0.1477641,-0.65708375,0.0019363178,0.13508706,-0.80131966,0.007634857,0.12314151,-0.9232422,-0.0052607856,-0.05274095,-0.49203837,-0.01528542,-0.08871872,-0.713472,-0.0048696785,-0.10618636,-0.8698247,-0.018943898,-0.11646556,-0.99319476,-0.011414513,-0.2040377,-0.41824153,-0.015160978,-0.26659605,-0.59803724,0.02432145,-0.28730458,-0.77545726,-0.010465363,-0.30627838,-0.86709636,0.0067747757,-0.38629085,-0.3165029,0.022836203,-0.53264344,-0.3006898,0.019137751,-0.56724495,-0.20270717,0.0032532811,-0.48455822,-0.16691251,0.0033165258
3,sintetico,Right,0.0,0.0,0.0,0.27320677,-0.097388856,-0.025052244,0.15153477,-0.23833221,-0.021294178,-0.0071707345,-0.18900567,-0.021848071,-0.0037932475,-0.05922903,-0.0014417635,0.19216572,-0.42889336,0.0013719017,0.16985269,-0.6535687,-0.0061613806,0.11911204,-0.7850035,0.0035523782,0.047034398,-0.8787796,0.0055971844,-0.005077527,-0.4692082,-0.04267908,-0.022622857,-0.7074017,-0.0046026767,-0.03844978,-0.8949955,-0.019846268,-0.054358166,-0.9985215,-0.03390487,-0.1824924,-0.44038975,-0.019052725,-0.21720295,-0.6432522,-0.002400259,-0.25959086,-0.7633215,0.009081635,-0.27924335,-0.88636875,-0.035305284,-0.3591194,-0.35211965,-0.004182568,-0.5083983,-0.33796194,0.017171443,-0.51495963,-0.21594775,0.015033601,-0.4023923,-0.22254738,-0.068721406
3,sintetico,Right,0.0,0.0,0.0,-0.26780966,-0.09060727,0.005110229,-0.10860543,-0.23144421,0.012540718,-0.0110710915,-0.13758864,0.014990022,-0.07209316,-0.01719533,0.0389188,-0.20897083,-0.42605078,-0.004119794,-0.17134352,-0.6491771,0.019066324,-0.16565178,-0.7935437,0.010340925,-0.14145802,-0.90046334,0.048023578,0.0003578537,-0.4921096,0.03435436,0.013088544,-0.7045519,0.02355545,0.026845688,-0.8617373,0.03577705,0.039219756,-0.9992306,-0.0025252965,0.18600549,-0.44154924,0.053497426,0.21151622,-0.6429736,0.005468763,0.20767246,-0.7695809,0.040599525,0.24062108,-0.900166,0.028793901,0.35630155,-0.3472514,0.0239845,0.5338604,-0.3371268,0.039901104,0.5311777,-0.22119328,0.036241364,0.4443667,-0.20226036,0.02135752
3,sintetico,Right,0.0,0.0,0.0,-0.27251345,-0.09937723,-0.018238837,-0.1394934,-0.24280076,0.0045850533,0.00032278642,-0.21662419,-0.0050802487,0.026170103,-0.07927302,0.0093863355,-0.18390788,-0.43338624,-0.025010925,-0.17900316,-0.61432946,-0.03729486,-0.19056858,-0.78391683,-0.01563034,-0.18327165,-0.8790122,-0.008940257,0.0070988447,-0.4798819,-0.038249407,0.027503759,-0.7141862,-0.019095195,0.029156921,-0.8607109,0.011296182,0.056906912,-0.99837947,-0.0007554205,0.20601492,-0.44354767,-0.007101195,0.21171106,-0.6291621,-0.026280586,0.25017574,-0.7650994,0.01076171,0.27257654,-0.8655451,-0.016025359,0.3656833,-0.32878298,-0.007795651,0.51654214,-0.33206317,-0.0027774547,0.54236746,-0.20212218,-0.0065707373,0.4525845,-0.19732802,0.014640857
3,sintetico,Right,0.0,0.0,0.0,-0.26702508,-0.08651366,0.011112168,-0.12541322,-0.23014274,0.006017243,-0.0024260073,-0.19129094,0.0062991353,-0.0027287886,-0.030765554,-0.007052131,-0.19399104,-0.44139218,0.043456785,-0.19840778,-0.6267592,0.01660078,-0.18413828,-0.79192215,-0.0010701864,-0.20053186,-0.9066237,-0.002974287,-0.0100046005,-0.49595615,0.011177242,0.007706648,-0.73113567,-0.02610493,-0.005089441,-0.8748653,0.02775674,0.016543534,-0.99986315,0.0015546811,0.18371955,-0.43679196,0.016651092,0.21743785,-0.6450762,0.017433876,0.22444843,-0.7842146,0.026292952,0.25493458,-0.89614785,0.018387647,0.3295552,-0.35905397,0.022578003,0.51049984,-0.374373,0.027192174,0.55021214,-0.26505524,0.0046253963,0.4672411,-0.20889024,0.046129864
3,sintetico,Right,0.0,0.0,0.0,-0.27533117,-0.05897667,0.0327798,-0.16087109,-0.22043256,0.039428122,-0.006022835,-0.21540892,-0.002523901,0.009888041,-0.05697642,-0.0010438127,-0.21132055,-0.41445172,0.019810166,-0.21496245,-0.6287523,0.021272788,-0.22064136,-0.7818224,0.023001583,-0.23327485,-0.91033053,0.04428929,-0.0015348035,-0.49104825,0.00024824165,-0.016247526,-0.71593475,0.016071688,-0.006057197,-0.8723479,0.026731813,-0.015392873,-0.9998815,0.026563236,0.16706996,-0.4613444,0.0053124046,0.17658602,-0.64558727,0.0059302733,0.20264782,-0.7878556,0.008263113,0.19545761,-0.9075213,0.042100232,0.32776862,-0.35761762,0.00013898195,0.5047284,-0.3666923,0.0103739435,0.5227404,-0.2686768,0.02758073,0.47967377,-0.21175009,-0.0015874091
3,sintetico,Right,0.0,0.0,0.0,0.2677086,-0.05609873,-0.006288034,0.18954715,-0.22412139,-0.0036739616,0.030285368,-0.19700484,0.00034781784,0.009767386,-0.035753507,0.016569247,0.266478,-0.37701783,-0.0047635147,0.3057764,-0.6172266,0.016935298,0.3331595,-0.7370179,0.008586825,0.35355002,-0.8638599,0.00493604,0.07377743,-0.48556778,0.026302977,0.0898469,-0.7118834,-0.0009167625,0.118108004,-0.8710284,0.034431204,0.12425132,-0.9922508,0.025503026,-0.11680733,-0.46487796,-0.001375395,-0.090871155,-0.6680227,0.030985048,-0.11416968,-0.80931026,-0.0031191586,-0.09474296,-0.9326878,0.032325964,-0.27831933,-0.4044282,0.018153535,-0.46585205,-0.45228407,-0.010069761,-0.49759814,-0.3315639,-0.005881492,-0.44897577,-0.27518648,0.00726149
3,sintetico,Right,0.0,0.0,0.0,0.26160988,-0.11479842,0.018828467,0.12721941,-0.2267352,0.023902025,-0.014825843,-0.16674094,0.0001727365,0.0070642577,-0.040792096,0.027440792,0.17047825,-0.43237337,-0.007597005,0.1643397,-0.64296883,-0.020822536,0.15861842,-0.8029623,0.005141565,0.14914031,-0.9077302,0.03778764,-0.019288829,-0.4615565,0.039954495,-0.059490375,-0.7079992,-0.0053108553,-0.089191124,-0.8691145,-0.004200693,-0.107682616,-0.9941853,0.028898899,-0.23308915,-0.40966493,0.01145005,-0.25052625,-0.6215202,0.037690505,-0.27247944,-0.7465515,0.028662585,-0.31371137,-0.8604064,0.031156316,-0.34414372,-0.3415192,0.005914769,-0.53505594,-0.35341927,0.024293933,-0.6008958,-0.2487092,0.04712932,-0.56638,-0.17932339,0.019914921
3,sintetico,Right,0.0,0.0,0.0,-0.26682055,-0.016091745,0.00028930907,-0.20961364,-0.19012648,0.0028977324,-0.041903663,-0.17807204,-0.0121328635,-0.0077997204,-0.07429154,0.020413043,-0.30211988,-0.34879696,0.00038962686,-0.3638229,-0.55546343,-0.0042037,-0.4088989,-0.70535964,0.0075526666,-0.46527326,-0.8172943,4.2818563e-05,-0.11102474,-0.45171264,0.020008635,-0.16681723,-0.68769526,0.014890492,-0.21965243,-0.8297285,0.0030970126,-0.2512616,-0.96791923,0.015541134,0.07660875,-0.46021083,0.0051906332,0.02490328,-0.6507338,-0.015246873,0.004059572,-0.79974455,0.0148196565,-0.0022095453,-0.93486255,-0.026225295,0.24266835,-0.43257323,-0.050002355,0.38769856,-0.49363932,0.011997264,0.461889,-0.41180468,0.008254596,0.4311667,-0.33140877,0.007271836
3,sintetico,Right,0.0,0.0,0.0,0.27038053,-0.07660191,-0.023286348,0.1520297,-0.20406474,-0.031993046,0.010946954,-0.15480268,-0.05321269,0.050335303,-0.00084208616,0.002656472,0.23229729,-0.41758278,-0.03590904,0.2488818,-0.62457263,-0.049289327,0.26203853,-0.7798199,-0.026481494,0.26867938,-0.87746674,-0.013005464,0.032146413,-0.496167,-0.00958668,0.04590599,-0.7065084,-0.038240522,0.055001985,-0.8821147,-0.029625546,0.03889702,-0.9992432,-0.028139817,-0.15219301,-0.43734252,-0.013481358,-0.16913834,-0.64504206,-0.019243617,-0.19832903,-0.77835554,-0.024082132,-0.22504002,-0.88234776,-0.01440836,-0.31940928,-0.38446698,-0.048599754,-0.49075603,-0.4104118,-0.021825878,-0.53233385,-0.305023,-0.024818376,-0.48407507,-0.25409317,-0.02889695
3,sintetico,Right,0.0,0.0,0.0,-0.24819817,-0.12657268,0.010292302,-0.117630295,-0.254199,0.023065442,0.0019299857,-0.22068891,0.0033838935,0.035144065,-0.07457276,0.004297616,-0.15269776,-0.4354624,-0.006832668,-0.132639,-0.6537137,-0.0050118337,-0.12269678,-0.8015783,-0.005198781,-0.091790624,-0.92551774,-0.0085901925,0.0637596,-0.479227,-0.0017520137,0.10171589,-0.7060302,0.0051370743,0.13086428,-0.86032164,-0.0026380953,0.13943526,-0.9902312,-0.0074041216,0.22635587,-0.41105515,-0.0017731702,0.32096657,-0.59971935,-0.016814038,0.40473244,-0.7080691,0.0076091173,0.50483197,-0.76326865,-0.009241387,0.39311063,-0.3097883,-0.019516664,0.539767,-0.29469958,0.0028774643,0.5481354,-0.1578832,0.0035650292,0.45572355,-0.15684193,-0.015429922
3,sintetico,Right,0.0,0.0,0.0,0.27524668,-0.048907213,-0.026279647,0.17059866,-0.23846045,0.01680778,0.015686795,-0.19954036,0.031045418,0.0171714,-0.048396453,-0.013914245,0.2473349,-0.39782175,-0.0055975337,0.2701046,-0.6063621,-0.03784506,0.27961674,-0.737626,0.0053145834,0.28156507,-0.8939513,-0.04410051,0.06905577,-0.4771074,-0.030514626,0.05076363,-0.72103083,-0.008481528,0.0056561753,-0.8674024,-0.0019981281,-0.07277858,-0.9973481,-0.032696005,-0.13304603,-0.4769999,-0.01847149,-0.117382914,-0.6526426,-0.035380766,-0.117725454,-0.79336053,-0.015063968,-0.09748528,-0.92293197,-0.022373341,-0.30625096,-0.38756064,-0.019879244,-0.47018424,-0.42485866,-0.00043329585,-0.5076058,-0.33268037,-0.00601886,-0.47199684,-0.27522352,-0.0017936869
3,sintetico,Right,0.0,0.0,0.0,-0.26787874,-0.050474547,0.014858878,-0.18319708,-0.2313062,0.0356147,-0.030507844,-0.2065505,0.03188242,0.01240742,-0.06988228,0.011498341,-0.22857508,-0.3957698,0.012908288,-0.25018117,-0.593557,0.054479618,-0.26582918,-0.76099145,0.031364944,-0.2408399,-0.85867697,0.024474936,-0.046477873,-0.47813055,0.023639059,-0.06894398,-0.7042176,0.016933985,-0.05906749,-0.84722733,0.05435493,-0.076367736,-0.99707973,0.018556597,0.13890752,-0.45729747,0.024092767,0.1504887,-0.65489364,-0.005259664,0.14157471,-0.7816063,0.011267612,0.14473997,-0.8938962,0.012665732,0.3064392,-0.3725327,0.029593928,0.4772284,-0.38073483,0.009000968,0.49598584,-0.31103295,0.022444308,0.41562372,-0.26354367,0.011757511
3,sintetico,Right,0.0,0.0,0.0,0.26984414,-0.027895624,0.04465751,0.20187417,-0.24028595,0.0061403667,0.037101302,-0.22768767,0.025688408,-0.030452443,-0.122040436,0.0063335425,0.26461986,-0.3950696,0.033798862,0.288355,-0.57939166,0.033225846,0.33630863,-0.7643724,0.008820015,0.35165125,-0.8680042,0.017817901,0.0772773,-0.47921968,0.032841682,0.093418695,-0.708562,0.018263394,0.11511592,-0.8672489,-0.00015523376,0.15199739,-0.9883809,0.014741251,-0.10983523,-0.46455798,0.0024383394,-0.09772475,-0.6544729,0.015958011,-0.0992005,-0.79350096,0.0018482162,-0.09940282,-0.92282087,0.019292923,-0.26058662,-0.39647794,-0.013206549,-0.453246,-0.44133934,-0.0031810883,-0.51108,-0.35132757,0.0017617504,-0.43989322,-0.2849228,0.0112790065
3,sintetico,Right,0.0,0.0,0.0,-0.26105824,-0.062094115,-0.02857905,-0.1952421,-0.2298067,-0.050657697,-0.048026305,-0.2553873,-0.0048998217,0.026088608,-0.15143347,-0.045213543,-0.2360032,-0.40556177,-0.024246253,-0.28322062,-0.59169674,-0.035986815,-0.29676163,-0.75005186,-0.044671483,-0.33498555,-0.86373466,-0.042698402,-0.059933774,-0.47020358,-0.01466178,-0.06199557,-0.7152099,-0.023520818,-0.061378226,-0.86658627,-0.039307047,-0.031810913,-0.9994939,-0.069783226,0.12100629,-0.43727642,-0.032559756,0.15006134,-0.6433276,-0.05707613,0.15585789,-0.7923483,-0.02885812,0.18732463,-0.89886194,-0.048659723,0.30665267,-0.37462962,-0.047005817,0.45133016,-0.45637444,-0.047458813,0.5317312,-0.39842477,-0.02123999,0.519252,-0.29551673,-0.06529292
3,sintetico,Right,0.0,0.0,0.0,0.27892974,-0.054225802,-0.009927233,0.16031863,-0.22297765,-0.039939452,0.02928693,-0.19259106,-0.002495251,0.014692891,-0.053785868,-0.0045997356,0.2254214,-0.4064457,-0.033682335,0.2527311,-0.61071014,-0.009630008,0.27509513,-0.7626949,-0.003270357,0.272077,-0.86805356,-0.035411775,0.04704646,-0.47162452,-0.008112665,0.057975892,-0.71222144,-0.021987475,0.06490477,-0.8674593,-0.0044011027,0.098652706,-0.9951219,-0.025722807,-0.12288899,-0.4536624,0.0028232322,-0.13510582,-0.64553577,-0.015752625,-0.1298107,-0.7823884,-0.02111771,-0.13588707,-0.9027992,-0.02267261,-0.3067345,-0.3680065,0.00039286504,-0.45057872,-0.3904187,-0.022681901,-0.50349444,-0.3035014,0.0030862081,-0.43031478,-0.2552319,-0.009150927
3,sintetico,Right,0.0,0.0,0.0,-0.25689265,-0.09034719,-0.011563618,-0.16252346,-0.24779762,-0.026081674,-0.014703032,-0.23869213,-0.020416394,0.06048939,-0.13609062,-0.026147366,-0.17017493,-0.42478234,-0.01481076,-0.18258272,-0.64037174,-0.0047446727,-0.17690095,-0.7867342,-0.023484655,-0.16638505,-0.90537167,-0.006657249,0.0150268,-0.47512957,-0.0008103618,0.024906268,-0.70951,0.002268827,0.050865583,-0.8657884,-0.034607094,0.07920332,-0.9968585,-0.019067887,0.19506198,-0.42842004,-0.008578596,0.2324569,-0.62552726,-0.03341503,0.2406842,-0.7576628,-0.03649636,0.2698204,-0.8853389,-0.018753445,0.34500852,-0.33589384,-0.024098495,0.5133171,-0.3533353,-0.020771334,0.54828805,-0.22648576,-0.02490579,0.48622718,-0.16617644,0.011477557
3,sintetico,Right,0.0,0.0,0.0,-0.242943,-0.11360946,-0.021819726,-0.13110276,-0.25019392,-0.02853689,0.00681214,-0.22519006,-0.03415507,0.023241816,-0.088243455,-0.032364834,-0.18120582,-0.41950652,-0.023899928,-0.14385821,-0.6425611,-0.04153425,-0.13774288,-0.78012383,-0.039596986,-0.12835146,-0.89219975,-0.030877484,0.02737882,-0.470596,-0.036892205,0.045337524,-0.68186957,-0.020643957,0.085368805,-0.84645236,-0.01944383,0.1237027,-0.99231935,-0.025819909,0.20517084,-0.4142082,-0.022295957,0.23806028,-0.6174469,-0.028065907,0.25788632,-0.75865626,-0.08866117,0.26919413,-0.85582143,-0.043462645,0.35333025,-0.33449736,-0.018925881,0.51318496,-0.30128652,-0.042888448,0.5350168,-0.18097188,-0.016631056,0.4387811,-0.18136147,-0.015759867
3,sintetico,Right,0.0,0.0,0.0,0.27318814,-0.00095764815,-0.000563369,0.22874126,-0.17857979,-0.035239335,0.07467835,-0.1975657,-0.029053228,0.029086683,-0.07635844,-0.03705012,0.30370995,-0.3082992,-0.038099125,0.40179718,-0.51013017,0.008087023,0.47117555,-0.6492232,-0.031029118,0.5110925,-0.76314986,-0.03321917,0.1637275,-0.44917628,-0.016542101,0.2527886,-0.6592353,-0.027291507,0.27699396,-0.805598,0.019560523,0.36191067,-0.93221277,-0.01993085,-0.024779852,-0.4607124,-0.008737651,0.031377926,-0.6539955,-0.027828822,0.07157694,-0.7853479,-0.041560438,0.10856091,-0.887213,-0.027022615,-0.20827268,-0.43655294,-0.026855387,-0.3449333,-0.5105426,-0.026964514,-0.4154713,-0.41611287,-0.04059505,-0.35076335,-0.34007567,-0.0135523295
3,sintetico,Right,0.0,0.0,0.0,-0.2647579,0.010257923,0.010638317,-0.23936002,-0.1842375,0.03608876,-0.07108351,-0.22230734,-0.020546295,-0.018698163,-0.092804074,-0.010446059,-0.35487056,-0.3149762,0.005033216,-0.44209063,-0.523326,-0.008683266,-0.48903283,-0.6650494,0.013751321,-0.5527303,-0.77140045,-0.0006589185,-0.18252438,-0.44781557,0.01446014,-0.24526037,-0.65427226,-0.0018174252,-0.30136493,-0.8250144,0.009572764,-0.34491262,-0.9386348,-0.011991094,0.0117123835,-0.4731526,0.029564915,-0.026883023,-0.67886436,-0.02265133,-0.056746945,-0.8118367,-0.00841105,-0.055088952,-0.9252264,-0.018641874,0.19424893,-0.4536385,0.013239655,0.3602436,-0.52380335,0.009497054,0.4080871,-0.4399516,-0.015739016,0.34285855,-0.36481592,0.01606526
3,sintetico,Right,0.0,0.0,0.0,0.2837122,-0.071293235,-0.010891301,0.18045303,-0.22875041,-0.013242166,0.0350221,-0.217268,-0.0012955813,-0.01967523,-0.09658141,0.0013074821,0.23297593,-0.41343507,-0.0040846607,0.23991711,-0.60045505,-0.0055276514,0.24503782,-0.76050663,-0.017416295,0.22665201,-0.88129604,-0.016436726,0.03061322,-0.46450076,-0.010308583,-0.0026759966,-0.70469177,-0.023210937,0.006968642,-0.8819807,-0.02512269,-0.020460729,-0.99979067,-0.008966625,-0.15885423,-0.45383006,0.0086747855,-0.16548778,-0.6328283,-0.04138577,-0.17886187,-0.791269,-0.013898627,-0.17429823,-0.9146299,-0.0030448763,-0.31791615,-0.371891,0.010029299,-0.49621555,-0.38599885,0.021923305,-0.5073679,-0.26192927,-0.011714632,-0.4310664,-0.24001347,0.024745222
3,sintetico,Right,0.0,0.0,0.0,0.25756845,-0.054353338,-0.040506523,0.17813706,-0.22959615,-0.017471856,0.030330379,-0.16396606,0.001170048,0.025671868,-0.064467154,-0.021216724,0.25002632,-0.3743483,-0.012268748,0.2650914,-0.5876555,-0.019048695,0.2801525,-0.7640799,-0.018688092,0.27625453,-0.87324595,0.0041569527,0.0611786,-0.47990456,-0.033968616,0.0777584,-0.7090491,-0.01376004,0.107074924,-0.8782148,-0.009314857,0.10937365,-0.99400073,0.0007862031,-0.13250032,-0.4367645,-0.014814957,-0.11286003,-0.65342975,0.0012392,-0.12782821,-0.8100784,-0.013824132,-0.1342671,-0.8951882,-0.011260767,-0.28932372,-0.39847744,-0.011823027,-0.4584039,-0.40653732,-0.0033761899,-0.49206966,-0.3064229,-0.0050472817,-0.39562118,-0.25865924,-0.029401349
3,sintetico,Right,0.0,0.0,0.0,-0.2649238,-0.071384914,-0.026939632,-0.15227973,-0.24418676,0.0012058724,-0.012985514,-0.2194182,9.06376e-05,-0.004986032,-0.0580108,-0.013585166,-0.22505139,-0.4057475,0.017030181,-0.25083038,-0.61053306,0.002307201,-0.24520966,-0.7542256,-0.013789904,-0.2638566,-0.8893711,-0.01663429,-0.058375124,-0.4946003,-0.020971496,-0.027044,-0.70040727,-0.016439995,0.009060465,-0.87351537,-0.016004534,0.058230907,-0.9983031,-0.019279983,0.12674198,-0.45251337,-0.017692294,0.14597581,-0.64553845,-0.0324154,0.14683239,-0.78923583,-0.023021203,0.15833046,-0.89652556,-0.038505618,0.3160009,-0.38864928,-0.008237194,0.4681468,-0.40938863,-0.013268267,0.507382,-0.2912122,-0.016317317,0.45701498,-0.242504,-0.0011383555
3,sintetico,Right,0.0,0.0,0.0,0.25931457,-0.13154803,0.011092776,0.12268618,-0.29018205,0.00975092,-0.014771488,-0.2333993,-0.00783059,-0.0539557,-0.10636414,-0.021383155,0.12858222,-0.42564756,0.0036327988,0.12387842,-0.64063394,-0.008680115,0.088438645,-0.78757614,-0.006748416,0.07054559,-0.92377824,0.004507527,-0.07357828,-0.48576012,-0.0053596515,-0.11022581,-0.6926187,0.0057552313,-0.14799096,-0.84730273,0.03881185,-0.1829329,-0.9831254,0.011436056,-0.2517828,-0.39308363,0.021311259,-0.29601833,-0.5873297,0.008814604,-0.36722243,-0.72285634,0.002314951,-0.41185868,-0.822597,0.0090419315,-0.38433424,-0.29950824,0.008311369,-0.5635246,-0.29478547,0.014087628,-0.56388813,-0.15643388,0.0020489665,-0.46865073,-0.13659555,-0.018444266
3,sintetico,Right,0.0,0.0,0.0,0.2657168,-0.07470308,-0.012269987,0.19501194,-0.26118466,-0.01580007,0.042303864,-0.23621789,-0.015247096,-0.020197904,-0.14888513,0.002731749,0.23119578,-0.41516834,-0.022656,0.23648466,-0.6246698,0.0075476062,0.24520072,-0.7776704,-0.031539142,0.24644442,-0.8913907,-0.004589744,0.031166812,-0.46470904,0.0024877165,0.037194494,-0.71054083,0.0021233794,0.064299494,-0.87250394,-0.006246729,0.06360358,-0.99797523,-0.012049377,-0.15375169,-0.43556106,-0.017144136,-0.16494921,-0.64540607,-0.027126668,-0.19789664,-0.79574317,-0.019158429,-0.22078153,-0.893192,-0.023251416,-0.31957528,-0.3582827,-0.025685124,-0.4913041,-0.39334658,0.017797267,-0.51597345,-0.27294567,-0.0345049,-0.4284902,-0.2353894,0.007729148
3,sintetico,Right,0.0,0.0,0.0,0.25545773,-0.10333184,0.026143497,0.16148598,-0.26818934,0.004963868,-0.004655562,-0.2428673,0.010430088,-0.05687453,-0.12911288,0.022813676,0.16998528,-0.42629656,0.033377837,0.17104162,-0.64841557,0.0117281815,0.18534529,-0.78480726,0.03154864,0.16604978,-0.91659975,-0.011881684,-0.03055438,-0.46879426,0.0062143947,-0.039402734,-0.71980065,0.024465533,-0.04350353,-0.8770428,0.048976865,-0.06262298,-0.9980373,0.0002553101,-0.20044656,-0.42367774,-0.002663597,-0.23610194,-0.6294614,0.02192189,-0.26215103,-0.75393313,0.017143195,-0.27416027,-0.8814706,0.0043498757,-0.35810235,-0.32528567,-0.0039111706,-0.5225227,-0.33282098,0.007741144,-0.5330355,-0.22109784,0.02490355,-0.44328377,-0.1570792,0.010737004
3,sintetico,Right,0.0,0.0,0.0,0.24537173,-0.098167144,-0.008356492,0.11801008,-0.24616908,-0.0028241945,-0.015772367,-0.17379375,-0.008094502,0.016048785,-0.035481263,0.01923339,0.16850908,-0.43837366,0.012875174,0.14831021,-0.63282734,0.011890008,0.15213133,-0.7841166,-0.019866524,0.15088749,-0.90365255,0.03520263,-0.05284058,-0.45388445,0.0017081805,-0.07575026,-0.68717796,0.0323011,-0.116630435,-0.86433744,0.018156666,-0.13749334,-0.9905027,0.00422114,-0.21531124,-0.3907599,0.036543347,-0.26036605,-0.6027314,0.015574266,-0.28180167,-0.7431551,0.004268313,-0.3190251,-0.8458692,0.001955798,-0.3651039,-0.32436848,0.022175107,-0.5323308,-0.32301193,-0.000110234076,-0.5674591,-0.20853524,0.0021339068,-0.47869232,-0.16685912,-0.00096897734
3,sintetico,Right,0.0,0.0,0.0,0.2687765,-0.048776805,0.02968826,0.18606167,-0.24293575,0.039847977,0.034760837,-0.24148595,0.04511298,-0.027739614,-0.112037614,0.029829271,0.24962059,-0.393733,0.035235953,0.28393146,-0.613577,0.038508967,0.3251722,-0.76487327,0.023662893,0.31487715,-0.8879098,0.048546325,0.047314823,-0.4846464,0.015080457,0.024688145,-0.7187742,0.028649379,-0.0019270129,-0.88833725,0.0422047,-0.052179832,-0.9986377,0.014695519,-0.14192343,-0.45857242,0.04377061,-0.1440621,-0.66399425,0.033499014,-0.17108591,-0.7826611,0.050615724,-0.1671291,-0.91177714,0.039871164,-0.31662133,-0.39447767,0.028173901,-0.47553468,-0.40891406,0.03412208,-0.51480365,-0.3212294,0.034663804,-0.45368278,-0.25476408,0.0611447
4,sintetico,Right,0.0,0.0,0.0,-0.2657104,-0.06814833,0.002394526,-0.15430686,-0.22193229,0.0013635241,-0.01227412,-0.18085204,-0.01464094,-0.038448602,-0.04611174,-0.014667963,-0.2404643,-0.4075752,0.010599149,-0.2696827,-0.60092264,-0.016361605,-0.26125938,-0.74889874,-0.016688079,-0.3009125,-0.8738301,0.007481749,-0.04124957,-0.48422492,-0.008098726,-0.03954458,-0.68297213,-0.016093431,-0.07590986,-0.85322636,-0.015938133,-0.07404917,-0.9972546,0.010676555,0.14422838,-0.4276627,0.0018372064,0.14886147,-0.64117926,-0.0039061708,0.16011882,-0.77757853,-0.02696058,0.16302896,-0.889773,-0.003836289,0.30421376,-0.39398667,-0.0112903295,0.34221068,-0.5514111,-0.02278817,0.3285702,-0.6564675,-0.01767974,0.33656013,-0.749974,0.003647101
4,sintetico,Right,0.0,0.0,0.0,0.25392067,-0.115134574,-0.029016536,0.10217656,-0.22644718,-0.041449055,-0.009714173,-0.12650478,0.02048218,0.080457665,0.0005549869,-0.01183581,0.17659461,-0.42555773,-0.0030639796,0.18742912,-0.64265794,-0.053432003,0.19245817,-0.79522264,0.012202075,0.1894248,-0.8725974,0.00632769,-0.027791603,-0.47322142,-0.034766357,-0.037596364,-0.70859015,-0.015917124,-0.060929056,-0.8883367,-0.0071057854,-0.056577407,-0.99839824,-0.030208869,-0.1983645,-0.43262857,-0.003745605,-0.23485397,-0.6377842,0.004663076,-0.2596339,-0.7814441,-0.0062303618,-0.31347153,-0.86805886,-0.034775715,-0.38372442,-0.3377186,-0.026780298,-0.38512406,-0.5006225,-0.012995142,-0.42751002,-0.6021819,-0.01489432,-0.44913232,-0.6952465,-0.014587589
4,sintetico,Right,0.0,0.0,0.0,0.24622488,-0.09135569,0.0047202865,0.14632563,-0.24122068,0.014864822,0.011890936,-0.17768386,0.005152499,0.0111633465,-0.04964466,0.0008710469,0.19395119,-0.42233753,-0.033793844,0.19095413,-0.65465105,0.014807748,0.18314746,-0.7971705,0.010385506,0.20670794,-0.89862275,0.01881719,-0.022789901,-0.4866275,0.007815264,-0.032808993,-0.71524894,0.023475192,-0.07273788,-0.8601302,-0.0002663986,-0.12161631,-0.9925772,0.0068666553,-0.19746049,-0.4287876,0.010797945,-0.22009441,-0.6403152,0.016663823,-0.26274028,-0.7598178,0.013258322,-0.28748366,-0.86608595,0.014114012,-0.35000202,-0.3410279,0.011193717,-0.39160302,-0.49246082,0.004738585,-0.42999673,-0.61180896,0.020039976,-0.45635593,-0.7068104,-0.015984768
4,sintetico,Right,0.0,0.0,0.0,0.26483282,-0.08859709,-0.05301434,0.15540189,-0.22480536,0.030477172,0.014479343,-0.20239553,-0.019520441,0.009508224,-0.061800286,0.00598788,0.2187659,-0.4120063,-0.004627374,0.19217189,-0.613361,-0.0130453305,0.19716965,-0.7625176,-0.01681937,0.1437617,-0.86552423,-0.030447712,0.024815874,-0.47954735,-0.033180147,0.009900809,-0.71190834,-0.015716828,0.022746516,-0.8656684,-0.03474223,0.037113313,-0.9993111,0.012528828,-0.16940193,-0.43181118,-0.0116190985,-0.17086269,-0.6293885,0.019454224,-0.1744471,-0.78943837,-0.01991093,-0.16131198,-0.8771119,-0.02232274,-0.3243127,-0.36361057,-0.003928959,-0.37871256,-0.533848,-0.017165478,-0.37814808,-0.64556557,0.0020219854,-0.43854555,-0.70687085,0.0092639355
4,sintetico,Right,0.0,0.0,0.0,0.24398084,-0.09909413,0.026673026,0.10634244,-0.22889978,0.024305765,-0.005927225,-0.14205112,0.021652583,0.05173742,-0.024114065,-0.0006556076,0.16822276,-0.4344365,0.0070012305,0.13341533,-0.6418045,0.006981044,0.11125199,-0.77503306,0.039754745,0.065738276,-0.89408225,0.0086217215,-0.043065257,-0.4854912,0.0060545024,-0.06859266,-0.7045513,-0.008241576,-0.10990366,-0.8615311,-0.005632067,-0.15597458,-0.9877611,-0.0013682389,-0.21777187,-0.4024625,0.014125885,-0.24043913,-0.623679,-0.012333744,-0.26011115,-0.75844914,-0.0010974831,-0.29385668,-0.86932373,-0.018809022,-0.37560135,-0.32508448,0.029547108,-0.41809046,-0.48494163,0.010347823,-0.4627971,-0.5758414,0.013371163,-0.5044839,-0.6526168,-0.0073827743
4,sintetico,Right,0.0,0.0,0.0,-0.25768316,-0.092124,0.018142102,-0.107781,-0.2486966,0.02065407,0.004999424,-0.13368526,0.017178502,-0.058231108,-0.0065388344,-0.0050024013,-0.16340794,-0.40939984,0.009525007,-0.13816825,-0.6523005,0.0036734852,-0.088874355,-0.78157043,0.010697714,-0.053462356,-0.888069,0.0015052514,0.026652403,-0.48122582,0.031124752,0.07224765,-0.6954339,0.014741285,0.07426335,-0.84422606,-0.013251011,0.089128666,-0.99602014,-0.0087781865,0.19452988,-0.41294852,0.03052638,0.2240737,-0.62121034,0.009050473,0.25866485,-0.73916984,0.005797852,0.29227805,-0.85361814,0.029344417,0.36192918,-0.32680154,0.00949331,0.4123334,-0.4616563,-0.0066909897,0.44702515,-0.58774644,-0.005644391,0.47785416,-0.6685743,0.021574482
4,sintetico,Right,0.0,0.0,0.0,0.26467952,0.01893992,-0.010050468,0.1548477,-0.15227371,-0.013242325,0.035988163,-0.092848234,0.018020295,0.103543095,0.03078671,-0.024102874,0.3133412,-0.34261298,0.0246235,0.39306724,-0.52793545,0.021219548,0.40725353,-0.6741585,0.0087071825,0.42123765,-0.7970014,0.029268764,0.13818057,-0.46617913,0.009366983,0.21673334,-0.6813846,0.019864518,0.26720348,-0.8205525,-0.016900104,0.29356167,-0.9559401,-0.02128775,-0.025306446,-0.45919624,0.009749741,0.011043415,-0.65391856,0.019930866,0.045203097,-0.79317653,0.028089039,0.05505567,-0.92032015,0.010647939,-0.23135641,-0.42984474,0.017203944,-0.19977656,-0.61422163,0.025551867,-0.18747477,-0.7166066,0.011413659,-0.16874002,-0.8063602,0.022473924
4,sintetico,Right,0.0,0.0,0.0,0.26155332,-0.10319155,0.0030165603,0.15782352,-0.24721268,0.030855464,-0.0070821582,-0.21784273,0.01216579,-0.03182813,-0.081073694,0.020354055,0.17692746,-0.44020212,0.008387427,0.16112433,-0.6314048,0.02159307,0.15754479,-0.7831247,-0.01922882,0.17227982,-0.90087634,0.031246096,-0.027148234,-0.49483117,0.008967486,-0.045756415,-0.7045796,-0.0020371485,-0.058994494,-0.87128526,0.000547835,-0.080456614,-0.9967581,0.011625623,-0.21035592,-0.42201272,0.0137498155,-0.24297088,-0.6315144,0.017238386,-0.28871295,-0.7612096,-0.0012569283,-0.3276316,-0.8800814,0.02736037,-0.35064548,-0.32611912,0.008010905,-0.38748774,-0.49347603,0.007317051,-0.41996616,-0.6094717,0.0121431025,-0.44821477,-0.6899024,0.024471499
4,sintetico,Right,0.0,0.0,0.0,-0.25917783,-0.09118142,0.03919189,-0.12851444,-0.2679645,0.02464048,0.014573605,-0.18483008,0.010573882,-0.027502721,-0.052024137,0.04460275,-0.19779605,-0.43030688,0.044291772,-0.18795829,-0.626378,0.010219686,-0.18200469,-0.7894698,0.033764422,-0.20666271,-0.9039976,0.032291204,0.0012521385,-0.4944764,0.027860874,0.017629646,-0.71232647,0.020546483,0.009480144,-0.86799276,0.026545757,0.038668275,-0.9992521,0.044302195,0.17349811,-0.43684736,0.03565449,0.22599642,-0.63205457,-0.0025239522,0.27848148,-0.758009,-0.006045947,0.32717103,-0.87708634,-0.0013680718,0.37292314,-0.3487596,0.0067821527,0.3890165,-0.52471167,0.016633673,0.44034854,-0.6052328,0.021574918,0.46917552,-0.68707716,0.027899425
4,sintetico,Right,0.0,0.0,0.0,0.26012033,-0.10826804,0.015997484,0.1240291,-0.2339637,0.012435835,-0.007092515,-0.20069173,0.023484353,0.025140394,-0.05038212,-0.0024808084,0.18032825,-0.4328693,0.021342138,0.18585661,-0.6256894,-0.00064262043,0.20186405,-0.77458096,0.0008770951,0.21605247,-0.91144127,0.012752553,-0.015088856,-0.49012682,0.032073654,-0.028394878,-0.7082102,0.0026506062,-0.072502166,-0.8498981,-0.010879322,-0.13019831,-0.991488,0.0011523383,-0.1768154,-0.42562124,0.00924702,-0.21727623,-0.62815416,0.04182457,-0.21384828,-0.7853663,0.02042545,-0.2307499,-0.8824579,0.0039274367,-0.34340283,-0.33701134,0.012771713,-0.3872565,-0.50552356,0.03751679,-0.41429245,-0.62922114,0.011339449,-0.4298832,-0.7131995,0.011512883
4,sintetico,Right,0.0,0.0,0.0,-0.26118764,-0.10454209,-0.0040975665,-0.12928173,-0.23935929,-0.01632249,0.0038772784,-0.19632587,0.009713955,-0.01568371,-0.033004627,0.018683307,-0.16840367,-0.43755257,0.0080728065,-0.14732723,-0.6398734,-0.009197882,-0.11878737,-0.7836106,0.034309942,-0.11287249,-0.8957859,-0.028106103,0.040389363,-0.48305464,0.019735856,0.058779206,-0.70868367,0.009121476,0.055921517,-0.86674905,0.013164429,0.07915498,-0.9968623,-0.006980919,0.21721105,-0.4059105,0.0031986043,0.24616478,-0.62523824,0.010351188,0.29717723,-0.77214205,0.004267185,0.3357121,-0.8644713,-0.023137737,0.37116286,-0.34330964,0.033122268,0.40413022,-0.48227566,0.016077,0.46110097,-0.59553707,0.0061992737,0.49543276,-0.65907687,0.007234176
4,sintetico,Right,0.0,0.0,0.0,-0.2649883,-0.033934493,0.021810628,-0.14963712,-0.18581921,0.021408675,-0.015571119,-0.10156951,0.008957815,-0.07823233,0.008566743,0.024221653,-0.26291648,-0.36631924,0.039059266,-0.30497417,-0.58561945,-0.0028296025,-0.34338567,-0.7120913,0.029439922,-0.36280644,-0.84374756,0.03160236,-0.07093194,-0.47733778,0.010455296,-0.11043714,-0.67585796,0.026934216,-0.1303876,-0.8413335,0.009681942,-0.15549515,-0.98783666,0.034376353,0.11336499,-0.47073162,-0.030926514,0.102360584,-0.644708,0.037460525,0.11566883,-0.81728005,-0.0043377,0.112776555,-0.90889525,0.015313669,0.28013605,-0.39681244,0.00053862314,0.28174892,-0.55918187,0.0383043,0.29493397,-0.67949075,0.010098983,0.3066009,-0.7737296,0.0049820864
4,sintetico,Right,0.0,0.0,0.0,-0.26524714,-0.12406464,-0.027192488,-0.09078601,-0.22676103,-0.004847272,0.005301937,-0.12032926,-0.028183024,-0.041065343,-0.036311787,-0.036533795,-0.13414396,-0.44056043,0.00608306,-0.09175862,-0.67474526,-0.034510687,-0.06318208,-0.8027615,-0.032525733,-0.03474246,-0.8961035,-0.021030959,0.06850303,-0.47310254,-0.033190317,0.10947641,-0.6976947,-0.015887266,0.14538503,-0.85457134,-0.021268575,0.15515725,-0.98788977,-0.020627301,0.24246672,-0.41693938,-0.03847943,0.27934736,-0.59005475,-0.055417795,0.3178895,-0.71251416,-0.041970648,0.35838822,-0.8433905,-0.0405423,0.40518335,-0.28985688,-0.023751669,0.4440093,-0.46867564,-0.041693598,0.4839445,-0.5487898,-0.05222531,0.49992448,-0.6660545,-0.047063176
4,sintetico,Right,0.0,0.0,0.0,0.25007594,-0.08343456,-0.026361095,0.13812526,-0.21855089,-0.0085643,-0.012980341,-0.15388928,-0.017078253,0.043936815,-0.012348934,-0.004906655,0.19626868,-0.4135637,-0.03877309,0.202432,-0.6147004,-0.016077613,0.19916798,-0.78423566,-0.0024095187,0.15814438,-0.8998327,-5.2426836e-05,-0.0045262133,-0.4661151,-0.010783292,-0.0031301507,-0.7099247,-0.041912984,-0.010606081,-0.8542576,-0.0009642037,-0.011020172,-0.99993926,0.012815241,-0.17695585,-0.44140458,-0.022596868,-0.18245824,-0.63248587,-0.016562002,-0.2033053,-0.7821717,0.001450269,-0.21424729,-0.8786981,0.001840603,-0.33492696,-0.36972675,0.0056959726,-0.37290603,-0.49538302,0.0044916444,-0.40581632,-0.6191492,-0.03273162,-0.42697856,-0.6992147,-0.01734406
4,sintetico,Right,0.0,0.0,0.0,0.2667171,-0.061159257,0.0065792482,0.14469068,-0.20247765,-0.0003773921,-0.0031963135,-0.1532086,-0.0063893152,0.042878307,-0.006544616,-0.06302329,0.23093475,-0.4142414,-0.024515131,0.23681867,-0.6105897,0.0010010297,0.25600886,-0.76389664,-0.024823226,0.28204146,-0.89916015,-0.0015527095,0.030088559,-0.47025794,0.0041966788,0.020208903,-0.69793123,-0.011264607,0.019466056,-0.85310984,-0.03687536,0.033278115,-0.99944615,-0.020940235,-0.14228784,-0.4281789,0.0010968375,-0.15118453,-0.6367244,0.0099670775,-0.15589155,-0.7853897,-0.041789114,-0.16201927,-0.9024748,-0.0082660625,-0.3224156,-0.3643184,-0.032268587,-0.33573234,-0.5295213,-0.008116633,-0.3582912,-0.6541518,-0.011953053,-0.37568384,-0.73330873,0.027072856
4,sintetico,Right,0.0,0.0,0.0,-0.2753427,-0.08033695,-0.013538249,-0.15247777,-0.23426469,0.007385454,-0.0024385997,-0.1915452,0.040595468,-0.013978178,-0.04959495,0.024766859,-0.20423211,-0.42043737,0.0036789018,-0.2184374,-0.63175535,0.028284157,-0.195306,-0.767188,0.022110093,-0.16364786,-0.8966838,-0.026025044,0.00280201,-0.48422632,0.020430207,0.018179538,-0.6983501,0.005637783,0.044854164,-0.8705884,-0.009820953,0.06868869,-0.99763817,0.0052062,0.17437181,-0.4459514,0.010273918,0.1761341,-0.62660706,-0.00868407,0.19309095,-0.776716,0.0018935481,0.18252803,-0.9029737,-0.001415126,0.3358464,-0.36329168,0.016251095,0.3459504,-0.5202332,-0.0009538203,0.3856852,-0.64203763,-0.022895016,0.3984084,-0.70967,-0.0032461009
4,sintetico,Right,0.0,0.0,0.0,-0.27401018,-0.024864417,-0.01039587,-0.19353037,-0.21674185,-0.010342266,-0.044756778,-0.18719332,0.029249325,-0.027919894,-0.06547464,0.010359161,-0.2941995,-0.35941693,0.028412728,-0.328591,-0.57090867,0.030782947,-0.38357714,-0.72275406,-0.0065564206,-0.40236095,-0.8660264,-0.007808055,-0.09908669,-0.46915764,0.0035303046,-0.13129935,-0.6962032,0.015684547,-0.11162305,-0.85535437,-0.01733377,-0.09971777,-0.99501574,0.013072136,0.09004874,-0.49007237,0.012242554,0.07355019,-0.66621166,-0.0128107425,0.057182744,-0.80451846,-0.012236358,0.09175738,-0.92364395,0.012901783,0.27142024,-0.42127702,0.039574247,0.25839508,-0.5754954,0.0007922698,0.25417566,-0.7158135,0.011022387,0.2506661,-0.7880246,-0.0042873896
4,sintetico,Right,0.0,0.0,0.0,-0.27515122,-0.02434966,-0.029202944,-0.19307293,-0.19281414,-0.041175183,-0.041760627,-0.16217095,0.0024590485,-0.026088944,-0.013832405,-0.030996002,-0.28461605,-0.3654753,-0.022979802,-0.36550692,-0.5595272,-0.014508596,-0.39819846,-0.70353895,-0.031368345,-0.43419078,-0.8056074,-0.002559578,-0.12101622,-0.46025142,-0.015593248,-0.16359095,-0.68695974,-0.028619196,-0.1973824,-0.8561664,-0.02734813,-0.24009457,-0.9707495,0.0028146508,0.05292362,-0.45785904,-0.01991643,0.06856527,-0.65216035,-0.0070310067,0.11292296,-0.79065436,-0.016039228,0.16695996,-0.90547794,-0.041205823,0.25264704,-0.4221305,-0.005121436,0.232994,-0.59342873,-0.0004041574,0.22331357,-0.68227494,0.010683208,0.20759688,-0.8033356,-0.043312404
4,sintetico,Right,0.0,0.0,0.0,0.2630688,-0.05636193,-0.0048964596,0.19859344,-0.25569344,0.00097206095,0.057318542,-0.2701284,-0.024522603,-0.030938145,-0.18113168,0.009731095,0.2400091,-0.39789504,-0.021116588,0.24377123,-0.5897732,0.01833913,0.24486503,-0.7651021,0.007130072,0.2614018,-0.86501694,0.0040563922,0.033507206,-0.48265573,0.004681141,0.0571229,-0.70685697,-0.003957515,0.0665828,-0.86602384,-0.0152151305,0.07531854,-0.99715954,-0.017445028,-0.12224858,-0.4142943,0.021202404,-0.13634971,-0.6234873,-0.0024479383,-0.14834903,-0.79732174,-0.019929787,-0.13815777,-0.9059938,0.003484528,-0.30180302,-0.39320242,0.0009900676,-0.30481791,-0.54742587,-0.008656444,-0.32427457,-0.6508367,-0.016817149,-0.3293666,-0.73868597,0.0066250334
4,sintetico,Right,0.0,0.0,0.0,0.2850291,-0.04032599,-0.0070036347,0.16397895,-0.20940316,-0.0028236534,0.025062751,-0.14282969,0.013448378,0.03660796,-0.008254922,-0.008104929,0.24313726,-0.38637254,-0.04012425,0.28123447,-0.5923251,-0.0025321601,0.28926358,-0.7444807,-0.0011573804,0.30883083,-0.8669905,0.00074294274,0.05762847,-0.46813607,-0.004688185,0.08075577,-0.68511045,-0.014428318,0.08577033,-0.8685633,-0.0055749537,0.09969212,-0.9950183,0.023253059,-0.120726176,-0.44316262,-0.0026625255,-0.12021035,-0.6350462,0.007303028,-0.112487435,-0.7955672,-0.01688319,-0.10924434,-0.8911535,-0.006238561,-0.28506932,-0.3878562,-0.016408294,-0.31545135,-0.5630321,0.016491523,-0.3505889,-0.6730709,-0.024369331,-0.34393784,-0.7393816,0.0032805887
4,sintetico,Right,0.0,0.0,0.0,0.28391537,-0.041115917,-0.042818397,0.18404578,-0.21205455,-0.045204535,0.029787121,-0.1580224,-0.029390754,0.016857104,-0.030575719,-0.00817721,0.26077786,-0.38463828,-0.027910862,0.29843578,-0.5973149,-0.029883245,0.31494492,-0.7392237,-0.0280587,0.3379748,-0.8779728,-0.04526495,0.07662573,-0.48415136,-0.027909944,0.11431218,-0.71093524,-0.036295854,0.12868324,-0.86696374,-0.011151063,0.13613868,-0.9906898,-0.018839424,-0.11156003,-0.45743448,-0.049942154,-0.09201343,-0.66449636,-0.03468778,-0.078069374,-0.8099206,-0.022797432,-0.08020111,-0.90615666,-0.04492567,-0.2829783,-0.41123268,-0.046358533,-0.2962289,-0.588647,-0.03730953,-0.3003652,-0.6974072,-0.02548805,-0.3006889,-0.77997476,-0.015333466
4,sintetico,Right,0.0,0.0,0.0,0.23495556,-0.13986905,-0.0044755023,0.08185029,-0.26595402,0.00034322546,-0.035147946,-0.16254802,0.0032159842,0.03043333,-0.030454928,-0.013564066,0.11405993,-0.4543515,-0.01254665,0.03260772,-0.63406664,-0.0016931214,-0.045578845,-0.7933511,-0.034012053,-0.115478724,-0.8621505,-0.021464307,-0.10214193,-0.4738727,-0.01719987,-0.1482365,-0.69665986,-0.002925551,-0.18926719,-0.85290325,-0.024171969,-0.2006378,-0.9796655,-0.026696462,-0.24647912,-0.38644743,-0.022606136,-0.3273722,-0.580747,-0.009505221,-0.390462,-0.7111988,-0.017330093,-0.4522422,-0.81401867,-0.0374406,-0.406868,-0.26795325,-0.034572564,-0.48099494,-0.43514365,-0.014349728,-0.50034726,-0.54500026,-0.013865334,-0.54105276,-0.62751806,-0.015935615
4,sintetico,Right,0.0,0.0,0.0,0.2298519,-0.13565652,-0.0016127119,0.10119948,-0.2633103,-0.024783516,-0.036297906,-0.1731156,0.004840937,0.0006859286,-0.058164462,-0.0065416493,0.12274987,-0.45544198,-0.0128222965,0.04656747,-0.65575415,-0.0028177733,0.022595994,-0.8045189,-0.0065158764,-0.014612725,-0.9109946,-0.013575288,-0.09740219,-0.4719978,-0.019555353,-0.14968105,-0.69783354,-0.01753758,-0.20055076,-0.8533511,-0.040332325,-0.25650242,-0.9665436,-0.028071398,-0.2530348,-0.40147126,0.011432502,-0.3182433,-0.5949297,-0.028477399,-0.36578825,-0.72923726,-0.044018324,-0.40805873,-0.8289681,-0.0021794895,-0.40599248,-0.2821861,-0.012133331,-0.4603443,-0.42277014,-0.011278844,-0.519179,-0.5420275,-0.018301995,-0.54763174,-0.6317592,-0.0020762389
4,sintetico,Right,0.0,0.0,0.0,0.25478697,-0.13606498,-0.017877284,0.07114555,-0.22650814,0.008009289,-0.020649828,-0.12339536,-0.016406523,0.07613107,-0.021288281,-0.0031032986,0.11359006,-0.45742303,-0.012753736,0.09858498,-0.67791176,0.00056859956,0.07821392,-0.81716275,0.018983057,0.066917256,-0.95186526,-0.01400873,-0.09544398,-0.4881106,-0.010264811,-0.13580956,-0.68634564,-0.016218971,-0.20721146,-0.8498979,-0.018421948,-0.25182936,-0.96777165,-0.020044256,-0.26368588,-0.39960325,-0.010302472,-0.32094273,-0.5993844,-0.02115607,-0.39385545,-0.72700953,-0.020721775,-0.44919002,-0.8153858,-0.05534174,-0.41591993,-0.3001572,0.009786488,-0.46156776,-0.45523316,0.013491285,-0.49566907,-0.5437524,-0.0007502609,-0.52446896,-0.6397999,-0.022543002
4,sintetico,Right,0.0,0.0,0.0,0.24474931,-0.115862906,0.0142186545,0.1232605,-0.2613954,0.018074553,-0.0110373935,-0.21128868,0.003043287,-0.026215108,-0.07094811,-0.0007525254,0.16832872,-0.43265674,-0.047535293,0.16277482,-0.6510169,0.026996598,0.14697123,-0.7913237,-0.007488759,0.14101169,-0.92361915,0.00431448,-0.056075748,-0.48597503,0.037824657,-0.077986345,-0.72268754,-0.015823234,-0.11847308,-0.8757761,0.003058006,-0.15453616,-0.98798716,0.0104466975,-0.20731509,-0.42296067,0.019699953,-0.2608881,-0.6155483,0.0027464891,-0.32297722,-0.72302383,0.02099131,-0.40123186,-0.8293773,-0.0037298359,-0.36138946,-0.3220509,0.011171591,-0.4071262,-0.463296,0.009158742,-0.45826942,-0.5989737,0.001312073,-0.4809685,-0.6895499,0.007753413
4,sintetico,Right,0.0,0.0,0.0,0.25723222,-0.08524681,0.0036397867,0.12738039,-0.24840507,0.023870317,-0.00013159173,-0.19127889,0.012837118,-0.0014357556,-0.064082354,0.0067969738,0.20215689,-0.42521086,0.014232554,0.17778423,-0.6287674,0.035050668,0.18447873,-0.7727588,0.03448717,0.18308155,-0.903651,0.02207639,-0.02135429,-0.4586577,0.01071664,-0.026058108,-0.7135404,0.023461357,-0.030742966,-0.86204755,0.0033472858,-0.028892066,-0.9995825,0.032873128,-0.18664896,-0.42202562,0.029696941,-0.22906855,-0.6173105,0.043957938,-0.22048959,-0.73054963,0.004223303,-0.24332407,-0.89022493,0.0024192387,-0.3401859,-0.34775275,0.023896111,-0.38561234,-0.49145582,0.01190368,-0.41738883,-0.5907497,0.03040761,-0.49040294,-0.6821649,0.035035342
4,sintetico,Right,0.0,0.0,0.0,-0.26882917,-0.0741375,-0.038208384,-0.119033284,-0.222561,-0.029512104,-0.009804155,-0.119996175,-0.028395025,-0.10333844,0.011496304,-0.01722665,-0.23119673,-0.4345797,-0.010911579,-0.22663943,-0.6367969,-0.019770179,-0.24989067,-0.7891177,-0.030437984,-0.24610293,-0.9138965,0.0032319494,-0.013527669,-0.5007971,-0.028718518,-2.3704677e-05,-0.7113995,-0.01067586,0.034396943,-0.9006846,-0.022584362,0.047602367,-0.9988664,-0.023012467,0.17372952,-0.44754842,-0.0117165465,0.1761599,-0.6496259,0.0015717561,0.18033981,-0.792736,-0.017353823,0.19428833,-0.9227725,-0.029489096,0.3299436,-0.37451404,0.000609738,0.3573851,-0.5345605,-0.014466812,0.38078043,-0.6569405,-0.019411905,0.4086507,-0.74062425,-0.0063061067
4,sintetico,Right,0.0,0.0,0.0,-0.26530448,-0.095941395,-0.011211181,-0.124011785,-0.22331184,-0.011445437,0.006964129,-0.1581636,-0.013054981,-0.040857024,-0.014843659,0.01834505,-0.17568146,-0.41562286,-0.011516776,-0.15591486,-0.62935704,0.010881554,-0.09166738,-0.76380193,-0.010843178,-0.010862478,-0.86349905,-0.012423786,0.008512936,-0.4899281,0.000493485,0.022988312,-0.70394576,-0.022815,0.036470644,-0.8695302,0.0042940727,0.037882283,-0.9992822,-0.006762692,0.2033924,-0.4224755,-0.012487571,0.23971564,-0.61997646,-0.015452322,0.2773983,-0.745345,0.022335539,0.3308161,-0.8602951,-0.0053568487,0.3580577,-0.33224672,-0.0059390725,0.38120058,-0.5003186,0.0071699084,0.4409382,-0.59556085,-0.0165039,0.44958943,-0.689016,0.010778369
4,sintetico,Right,0.0,0.0,0.0,-0.2573589,-0.03476157,-0.0075501096,-0.16593947,-0.2064082,-0.015856259,-0.035876606,-0.16233411,0.002272446,-0.022232438,-0.025418617,-0.009244056,-0.25635538,-0.38830185,-0.0063368273,-0.2958915,-0.57809585,-0.013675628,-0.31899646,-0.751643,0.002247934,-0.3383725,-0.85970587,-0.020537524,-0.057899095,-0.46906477,0.005506784,-0.081284665,-0.68745804,-0.009042416,-0.10223756,-0.8500838,0.010141742,-0.11740882,-0.99308366,0.0066276104,0.10511774,-0.4567949,0.0008370775,0.11193018,-0.67112285,0.012108663,0.09790586,-0.7951737,0.022904418,0.103494674,-0.9058371,0.018523354,0.28394657,-0.38111046,-0.020652026,0.2922849,-0.55981565,-0.0099368915,0.29342455,-0.6669653,-0.008077531,0.29930508,-0.7621766,0.008956648
4,sintetico,Right,0.0,0.0,0.0,-0.26721784,-0.02699412,-0.0040989383,-0.18496795,-0.19148748,0.001713351,-0.052560776,-0.20196411,-0.017498113,-0.025708707,-0.06909215,-0.029218033,-0.28184798,-0.366258,-0.014474771,-0.3256915,-0.5659533,-0.01332616,-0.36201885,-0.7238156,-0.0023978932,-0.3994015,-0.8328151,-0.004780892,-0.10893819,-0.4983738,0.0024589305,-0.13011557,-0.6905133,-0.041425098,-0.14764039,-0.84916925,-0.023774587,-0.18007818,-0.9836523,-0.013524463,0.08236432,-0.4591033,-0.0052463934,0.08091169,-0.6544707,0.018179292,0.07259889,-0.7998743,-0.02637495,0.0531527,-0.90317166,-0.022495296,0.27404425,-0.40889135,-0.018339574,0.27374646,-0.57112724,-0.023013629,0.27390182,-0.6899074,-0.025082983,0.28227353,-0.77912605,-0.011533291
4,sintetico,Right,0.0,0.0,0.0,0.25960094,-0.11115534,0.028725637,0.10044004,-0.24747309,0.03728934,-0.025384227,-0.13815442,0.016043875,0.058585275,-0.018347342,0.021188978,0.16087894,-0.44471875,0.028563658,0.15453039,-0.67518824,0.01456921,0.13540152,-0.8114768,0.019205207,0.13120796,-0.9323071,0.013543498,-0.047035716,-0.48441842,0.0089131035,-0.087822616,-0.6954544,0.023828253,-0.109146625,-0.8836087,0.023702046,-0.12881504,-0.99166864,0.029411677,-0.21657985,-0.42267108,0.016517747,-0.25426725,-0.61971563,-0.00014277655,-0.2975479,-0.7442083,0.03198951,-0.32421333,-0.8651702,0.0063364543,-0.38155055,-0.31234252,0.006096049,-0.4305519,-0.46558088,0.009157444,-0.45771855,-0.58395654,-0.0077148667,-0.47936368,-0.6729354,0.013534614
4,sintetico,Right,0.0,0.0,0.0,0.2845596,-0.0034769617,0.014680765,0.19189568,-0.19004208,0.01604215,0.057616256,-0.16595602,0.003958575,0.02284101,-0.02160432,0.0318175,0.33402508,-0.34450132,0.043166753,0.40571678,-0.5651808,0.0029849573,0.47086212,-0.69295484,0.036516126,0.497402,-0.80527776,0.0037181193,0.14653778,-0.4685194,-0.0023716143,0.18497333,-0.6991694,0.009575456,0.19496116,-0.8724192,0.024073642,0.18623999,-0.9825043,0.010080299,-0.040496346,-0.49357784,0.022186898,-0.025691625,-0.68717396,0.014836543,-0.024897814,-0.8283705,0.031030169,-0.05235997,-0.9435908,0.019208573,-0.23415223,-0.43901134,0.03358525,-0.20629944,-0.61211973,-0.0007517546,-0.21432471,-0.73925096,0.008653496,-0.21982732,-0.81335694,0.011556746
4,sintetico,Right,0.0,0.0,0.0,-0.24715243,-0.108445115,0.023425354,-0.105290055,-0.26722658,0.008161146,0.024026167,-0.18537042,0.01826297,0.0029329178,-0.074437186,-0.0026365856,-0.15987341,-0.4330565,-0.021713978,-0.13897593,-0.64369935,0.008997426,-0.12427647,-0.78151894,0.015094476,-0.10723454,-0.9242094,-0.0075409017,0.05316195,-0.4696135,-0.0023221248,0.08689197,-0.6872606,-0.032000873,0.12924178,-0.8516532,-0.001613628,0.16098072,-0.98695755,-0.017775778,0.22101803,-0.39027888,0.008311341,0.27765232,-0.57357025,0.0056209713,0.326927,-0.7433635,0.00090255204,0.3534448,-0.82922333,0.020197708,0.37741795,-0.299922,0.004234353,0.44791284,-0.45894396,0.0035331973,0.4642662,-0.5611747,0.00542468,0.49638495,-0.6686771,-0.007922813
4,sintetico,Right,0.0,0.0,0.0,-0.2825507,-0.02180883,-0.02023842,-0.19053589,-0.19792621,0.0038088225,-0.017141616,-0.14084767,-0.01543166,-0.05974988,0.0017706393,0.0068994616,-0.28151768,-0.3715468,0.0028791379,-0.33504498,-0.55826825,-0.0039747343,-0.38807267,-0.71931213,-0.012794557,-0.41193503,-0.82556677,0.0036568153,-0.104188286,-0.4711252,-0.0036743933,-0.15111858,-0.7025089,-0.055910964,-0.1554659,-0.8617664,-0.02282795,-0.1696944,-0.98549676,-0.009223427,0.10065101,-0.46348926,-0.0076927575,0.08845572,-0.6515061,-0.0017978976,0.09578862,-0.81175953,0.009810151,0.11174842,-0.91872114,-0.0034598042,0.2745072,-0.412917,-0.040296543,0.2480801,-0.5668006,-0.008824764,0.24147671,-0.68968016,0.0052170306,0.24584556,-0.78150946,-0.010011621
4,sintetico,Right,0.0,0.0,0.0,-0.2480512,-0.085108556,0.028832769,-0.11710913,-0.24343102,0.025689913,-0.0015400886,-0.16329108,-0.010946973,-0.02125058,-0.027087267,0.0043606516,-0.19365601,-0.42098996,-0.002305569,-0.19674547,-0.63388467,-0.0036532527,-0.19126831,-0.79360384,-0.0020431036,-0.20133913,-0.91135865,-0.00080615625,0.014630515,-0.49421623,0.0037880838,0.051745955,-0.6985025,0.003875882,0.091385715,-0.8686414,0.022813369,0.118249916,-0.9929839,-0.0119850375,0.19126138,-0.42712808,0.015508862,0.22561121,-0.6321999,-0.016140904,0.21699855,-0.76654893,0.0041927667,0.2513454,-0.88531893,0.016693525,0.34326568,-0.35050708,0.0093415985,0.38884178,-0.5095184,-0.0043820543,0.42475146,-0.62346953,0.004936001,0.48081946,-0.68370694,0.026132034
4,sintetico,Right,0.0,0.0,0.0,0.24554086,-0.1496008,-0.029204933,0.08415671,-0.26538405,-0.017711636,-0.02193989,-0.18086004,0.014509111,-0.009304375,-0.059953023,0.0050502713,0.067016624,-0.46436283,0.0034305844,0.045077596,-0.6630536,-0.0078375805,-0.019589076,-0.81376386,0.018876478,-0.08042817,-0.92414194,-0.016776968,-0.13370804,-0.46767557,-0.0115051,-0.219337,-0.6860641,-0.0027128062,-0.27168378,-0.8259443,-0.021340398,-0.35097784,-0.9363838,-0.011408459,-0.2804635,-0.3704196,0.018557059,-0.34169114,-0.5721696,-0.010832144,-0.39937302,-0.6988637,0.014228619,-0.44045275,-0.8233031,0.011978385,-0.4195091,-0.24871792,-0.0004102085,-0.5176426,-0.40105298,-0.019693464,-0.6003673,-0.4645445,0.0031650262,-0.671495,-0.55830246,-0.03036252
4,sintetico,Right,0.0,0.0,0.0,-0.2681846,-0.04415281,-0.0043271976,-0.17072687,-0.22907972,-0.00605504,-0.033682242,-0.18100034,-0.022728233,-0.023407208,-0.054983918,-0.008618756,-0.24910012,-0.39833933,-0.006132798,-0.29429954,-0.6066349,0.020814387,-0.3153999,-0.74019384,-0.014447249,-0.31047627,-0.8706171,0.0004820093,-0.07222154,-0.46580404,-0.011371586,-0.06173674,-0.705203,-0.019379752,-0.046363868,-0.86334896,0.0023832864,-0.03688606,-0.9993195,0.016534643,0.10969866,-0.46105888,-0.0060286075,0.13229696,-0.6568951,-0.019113671,0.110394076,-0.788353,-0.0031834338,0.10562235,-0.90567756,-0.005787407,0.2919537,-0.38530594,0.021033503,0.29186717,-0.5575044,0.0006197785,0.2861976,-0.68151623,-0.022582829,0.29841706,-0.74870145,0.007993135
4,sintetico,Right,0.0,0.0,0.0,-0.27070403,-0.06987939,-0.014885137,-0.14463177,-0.22027998,0.00019288088,-0.023649372,-0.13744389,0.013183717,-0.047684148,-0.019631393,-0.007956216,-0.22490698,-0.41883758,-0.012726154,-0.24148072,-0.6262846,0.011514837,-0.21768111,-0.7805234,0.013375546,-0.2205204,-0.90774035,0.0064583747,-0.02560588,-0.4872722,-0.0061131516,-0.02390751,-0.7177798,-0.008434628,-0.0183906,-0.87286687,-0.004219494,-0.025838692,-0.99966615,-0.00037015651,0.1609896,-0.42892957,-0.02392321,0.16796815,-0.65401554,-0.013430932,0.206707,-0.7927762,0.018147517,0.24210493,-0.9076867,0.00339819,0.33124658,-0.38134125,0.017809827,0.34418413,-0.5438624,0.014822987,0.36484763,-0.6621084,-0.003950472,0.37703457,-0.7505362,-0.003736984
4,sintetico,Right,0.0,0.0,0.0,0.269276,-0.07065339,0.02348695,0.13113575,-0.22862807,0.0077162003,0.0052357507,-0.1464655,0.021098375,0.06452865,-0.01725278,0.022268023,0.22239728,-0.4305234,0.030408395,0.23574518,-0.6204012,0.0145728495,0.24407984,-0.7706203,-0.016234178,0.2363419,-0.8936029,0.002751969,0.04441413,-0.46449256,0.007455665,0.012733887,-0.7087835,0.008055437,0.007402767,-0.8789271,0.028878627,-0.027960923,-0.999609,0.025974046,-0.15473153,-0.4430083,0.005546902,-0.15915333,-0.65131557,0.046604104,-0.16264509,-0.79972285,0.0022954915,-0.15195017,-0.8895702,0.0035892893,-0.32419962,-0.3581023,-0.009560246,-0.33686182,-0.51790434,-0.017002614,-0.35479432,-0.6427315,-0.010958195,-0.3671023,-0.7421471,0.024017945
4,sintetico,Right,0.0,0.0,0.0,-0.25371164,-0.13828467,0.010372712,-0.062414333,-0.24473791,0.012729543,0.038820837,-0.12631658,0.030482087,-0.03551053,-0.03002206,0.018613173,-0.096694626,-0.46435583,0.011889127,-0.06263834,-0.6479267,0.051332336,-0.040884554,-0.79121614,0.005299925,-0.019793784,-0.91826427,0.02348656,0.11939048,-0.47535437,0.029324556,0.1720229,-0.67085296,0.021631885,0.20993254,-0.84509933,0.0052103605,0.23955236,-0.9708834,0.004424499,0.25987852,-0.37805146,0.028590405,0.33119154,-0.5686218,0.035126522,0.39058146,-0.6881665,0.018226095,0.47131473,-0.77108556,-0.0012534731,0.39635915,-0.27467558,0.019187711,0.46731034,-0.4111504,0.042352714,0.50910306,-0.5124264,0.00353885,0.54966635,-0.62056524,0.01413832
4,sintetico,Right,0.0,0.0,0.0,-0.26908287,-0.013995569,-0.0060217176,-0.19408038,-0.19263522,0.015614189,-0.05748926,-0.14851607,0.016416477,-0.023404617,-0.02681846,0.008173945,-0.3036369,-0.36686137,0.022280365,-0.3102444,-0.5693947,0.04733583,-0.31350896,-0.72540516,0.040850103,-0.30688205,-0.8599069,0.02004956,-0.11172263,-0.47951266,0.020527897,-0.14229429,-0.7003393,0.02854992,-0.171542,-0.84709954,0.02311538,-0.20270297,-0.9792403,0.028573882,0.071637444,-0.45389152,0.02350654,0.059974305,-0.65498996,0.021003103,0.07257534,-0.80674726,0.010723297,0.07384059,-0.915411,0.024521766,0.2619795,-0.4274827,-0.01163659,0.26438096,-0.5872779,0.023177413,0.30467737,-0.69475985,-0.008950389,0.3289144,-0.7775519,0.023188507
4,sintetico,Right,0.0,0.0,0.0,0.27552375,-0.04733894,0.017221518,0.18050756,-0.22565524,0.018075662,0.035671394,-0.20278475,0.0014144273,0.0048792902,-0.068685256,0.01915612,0.24969478,-0.38276872,-0.010392299,0.2666869,-0.5887856,0.0066155703,0.26597464,-0.7340214,-0.009399573,0.26853606,-0.8602,-0.006395571,0.07364398,-0.4706358,-0.009561966,0.09693192,-0.68929183,5.2598574e-05,0.100641124,-0.86809266,0.017326303,0.11462108,-0.9934093,0.007871831,-0.11746096,-0.45135602,0.001025278,-0.0970117,-0.6621931,0.006583309,-0.09635097,-0.7989869,-0.0189151,-0.08043134,-0.89962596,0.016677111,-0.29260737,-0.3890434,-0.021506416,-0.28367156,-0.55677974,-0.00064499216,-0.31243294,-0.6678271,0.007864851,-0.32233483,-0.75867605,0.014967
4,sintetico,Right,0.0,0.0,0.0,0.25675046,-0.09475048,0.007863004,0.14603741,-0.21448927,0.0071129613,0.0024088703,-0.16025639,0.00903297,0.046182644,-0.02283509,0.009621587,0.21048374,-0.41482937,0.015488151,0.2453294,-0.62535924,-0.011723795,0.26302958,-0.79165864,0.014537632,0.25806656,-0.8930042,-0.015495006,0.028699776,-0.49842966,-0.03453245,0.00404597,-0.7137109,0.036268935,-0.033367738,-0.8670588,-0.006972465,-0.08621254,-0.9962768,0.00031736773,-0.15503144,-0.43962455,-0.020709813,-0.21290338,-0.6607396,0.00022206863,-0.25704548,-0.7808398,0.010043582,-0.32051253,-0.86781627,0.010578033,-0.32523742,-0.364514,-0.0109521635,-0.3559287,-0.5383764,0.00038254127,-0.37277207,-0.6646543,0.012449165,-0.37707552,-0.74866873,0.01051521
4,sintetico,Right,0.0,0.0,0.0,-0.25661677,-0.108202875,-0.01824738,-0.12015769,-0.23482789,-0.03403683,-0.0026721274,-0.16216965,-0.017841619,-0.02585083,-0.024387915,-0.024971552,-0.1727625,-0.41393834,-0.014251856,-0.14589334,-0.6318982,-0.02120754,-0.115463816,-0.75984746,-0.039744586,-0.104011774,-0.9005045,0.0063764933,0.03515327,-0.48614815,-0.015672704,0.040388227,-0.68143547,-0.018636832,0.073750146,-0.8638054,-0.03077128,0.110017024,-0.9939297,-0.020913608,0.20940053,-0.4188777,-0.026989212,0.27521867,-0.60847574,-0.032168552,0.31054112,-0.7499822,-0.010918981,0.38807133,-0.835036,-0.020810561,0.3629489,-0.32193953,-0.0017426022,0.3913274,-0.5011925,-0.019111734,0.42032343,-0.59072477,-0.011669737,0.44623187,-0.6543407,-0.012116159
4,sintetico,Right,0.0,0.0,0.0,0.2666948,-0.033209585,0.0107111335,0.16757461,-0.20778407,0.0029296037,0.03404318,-0.15498228,0.023078298,0.0326146,-0.02402033,-0.013399673,0.2747656,-0.37597126,-0.0014832867,0.33041874,-0.5927721,-0.023442447,0.3743136,-0.73396105,0.011850527,0.3978698,-0.8586773,0.016337318,0.108324654,-0.49793908,0.012760529,0.11072362,-0.69859254,-0.0020278129,0.13713503,-0.87420076,-0.0222618,0.113907345,-0.99349135,-0.0014602582,-0.08953606,-0.45964035,-0.010227151,-0.06534966,-0.67544925,0.013500046,-0.060283132,-0.80389386,-0.006505763,-0.029795758,-0.9171261,-0.006822235,-0.2610372,-0.43811363,0.032052368,-0.26553407,-0.5806963,0.0116715,-0.24946631,-0.71729195,0.015772618,-0.25689682,-0.79680896,-0.007771805
4,sintetico,Right,0.0,0.0,0.0,-0.27787745,-0.059612874,0.03527101,-0.19843839,-0.2070905,-0.039920166,-0.033169363,-0.19962351,0.018975321,-0.003914515,-0.07845918,0.03261414,-0.26504138,-0.38589543,0.014410158,-0.27696395,-0.60719323,0.03636064,-0.29410085,-0.7607983,0.008291081,-0.3021339,-0.8667942,0.0009879712,-0.061240144,-0.4751745,0.01468075,-0.07457231,-0.69399506,0.008991655,-0.05026425,-0.86994416,0.006082734,-0.019475983,-0.99981034,0.012065973,0.108888224,-0.45247346,0.0027167082,0.08616179,-0.661714,0.0020150484,0.0785406,-0.8054583,-0.0023283884,0.10058503,-0.9178539,0.02119312,0.2970081,-0.39754647,-0.00044780984,0.26682502,-0.5748097,-0.0041639474,0.2935766,-0.7071563,-0.0015903314,0.28791142,-0.7802363,0.017968833
4,sintetico,Right,0.0,0.0,0.0,0.24820901,-0.09153416,0.02775064,0.11103152,-0.24183327,0.036116686,-0.0025348621,-0.1605808,0.0007933703,0.038795106,-0.026856752,0.032806084,0.19058949,-0.41266024,0.01833279,0.16913672,-0.6366852,-0.014633893,0.16852902,-0.81010646,-0.0029704073,0.12720197,-0.93305194,0.027640894,-0.0112264175,-0.49318042,-0.0058020344,-0.026146252,-0.71684355,0.009260688,-0.04181632,-0.889988,0.01730901,-0.06901411,-0.9976157,0.025240107,-0.17907646,-0.42708206,0.021294786,-0.23428729,-0.6268515,0.04202796,-0.2584909,-0.7771012,0.006305565,-0.2969877,-0.87866527,0.02000517,-0.3395204,-0.34444043,0.025309041,-0.39067423,-0.51589376,0.02920154,-0.4109145,-0.61319506,0.03427798,-0.4240077,-0.7047604,0.012024703
4,sintetico,Right,0.0,0.0,0.0,-0.23822851,-0.08877074,0.0064046155,-0.11331958,-0.24663061,0.025665423,0.0007267774,-0.1515988,0.022300323,-0.035095885,-0.03112399,0.0070114057,-0.17256129,-0.43168166,0.019821407,-0.17528602,-0.6472157,0.0138278315,-0.18418695,-0.8059971,-0.0005081187,-0.17295165,-0.9190111,0.0123853125,0.013449789,-0.4830864,0.021694303,0.07349634,-0.7139018,0.019739022,0.07028041,-0.90248114,-0.011309655,0.06259959,-0.9980387,0.017563313,0.2015002,-0.43130547,0.015378141,0.23844022,-0.61752343,-0.014504351,0.29110613,-0.757208,0.0024312285,0.29686022,-0.8789521,0.022620091,0.35958222,-0.34450662,0.03649446,0.4101683,-0.4982216,-0.010500316,0.44357488,-0.59314764,0.030195506,0.5002443,-0.68792486,-0.014226201
4,sintetico,Right,0.0,0.0,0.0,0.25089526,-0.082161486,-0.004953527,0.10397219,-0.20777747,0.006111135,0.0044975686,-0.113420054,-0.029457945,0.061744507,-0.024637852,-0.00037766184,0.16667117,-0.41726196,0.02566382,0.1814727,-0.6302036,-0.0062264283,0.18984987,-0.76915747,-0.0055777784,0.17797399,-0.8878792,0.0012789101,-0.020058023,-0.470944,-0.01566594,-0.03243823,-0.6838033,-0.022056729,-0.052759197,-0.8546328,-0.0060624806,-0.054727457,-0.9985013,-0.033312295,-0.17410028,-0.41942272,-0.0006835097,-0.2375378,-0.6195719,0.001999388,-0.24611963,-0.7599394,-0.03251366,-0.26486593,-0.867469,-0.0043914975,-0.35259116,-0.3351724,-0.010431545,-0.3788793,-0.4954637,0.01653692,-0.40950903,-0.5941697,0.013862325,-0.4079855,-0.6918888,0.0064097866
4,sintetico,Right,0.0,0.0,0.0,-0.26206815,-0.069677405,-0.004819855,-0.13030024,-0.22962604,-0.012110988,0.004005626,-0.12049008,-0.016076835,-0.060546953,-0.019131472,-0.01976155,-0.20732637,-0.41377255,-0.026066998,-0.23084922,-0.6343543,-0.041896798,-0.23213598,-0.7656106,-0.006523209,-0.23673157,-0.9029285,-0.0419342,-0.0114632575,-0.48855525,-0.0063481806,-0.0057843057,-0.7007796,-0.02196202,-0.01106777,-0.8603901,-0.032465532,0.039183985,-0.999232,0.0059119533,0.16258356,-0.42345104,-0.04048871,0.18791713,-0.64271367,-0.027762746,0.18594494,-0.7842457,-0.02624329,0.20536678,-0.8842154,-0.014504461,0.33823836,-0.3531601,-0.026893882,0.35707235,-0.5130339,0.0068226447,0.37526125,-0.61511683,-0.039224166,0.38447136,-0.7185252,0.04946744
4,sintetico,Right,0.0,0.0,0.0,-0.26826423,-0.071211375,0.024714937,-0.16761889,-0.23014261,0.007896886,-0.028283471,-0.21244909,0.015339297,0.008898656,-0.063623965,-0.027360769,-0.23622245,-0.3979141,-0.025527723,-0.1973004,-0.6058027,-0.025012052,-0.14745402,-0.7676825,-0.005611692,-0.07017671,-0.85857606,-0.023016008,-0.03617816,-0.49142313,0.02053117,-0.036883447,-0.7201764,-0.0020247123,-0.020687908,-0.88491416,0.010738302,0.011960197,-0.9999285,-0.006617051,0.13382962,-0.4558648,0.014020361,0.14531797,-0.6379775,-0.029694835,0.1397995,-0.812585,0.00033035045,0.13477679,-0.9218179,0.008942278,0.30885863,-0.36076692,0.010262915,0.34183234,-0.5518604,-0.003881349,0.36448002,-0.66789585,-0.025713464,0.35643688,-0.7569132,0.01694255
4,sintetico,Right,0.0,0.0,0.0,0.26565543,-0.0558427,0.019601649,0.16176993,-0.22655626,-0.031082204,0.027093455,-0.20163581,0.014742857,0.012936223,-0.045876026,0.017184626,0.24091116,-0.39760888,-0.004809703,0.2659921,-0.62351567,-0.0011912357,0.30556577,-0.7766873,0.0018279997,0.32030216,-0.9005659,0.010493718,0.047259055,-0.49709186,-0.010743211,0.02249031,-0.7100448,-0.00036294563,-0.008490961,-0.8940276,-0.0016019768,-0.08693949,-0.9962136,0.009700037,-0.13044663,-0.4636487,0.038677152,-0.1229495,-0.66481197,-0.010803346,-0.121407926,-0.81102365,0.0009918547,-0.1253134,-0.93356335,-0.011194195,-0.31890193,-0.38802278,-0.007246977,-0.3095152,-0.57330024,-0.015768131,-0.33170697,-0.69366056,-0.022364814,-0.34298488,-0.7723781,0.01701491
4,sintetico,Right,0.0,0.0,0.0,-0.26965937,-0.06687883,-0.0017101943,-0.13748501,-0.24119034,-0.014797998,0.0028679152,-0.15333816,-0.010393193,-0.033435937,-0.01036167,-0.0034476034,-0.21311238,-0.41105074,-0.014764888,-0.22485834,-0.6179609,-0.020196555,-0.24162582,-0.78333384,-0.021388974,-0.23743826,-0.88924634,0.0193833,-0.0048565688,-0.4800076,-0.017072441,-0.03349425,-0.70927787,-0.0069130324,-0.018144188,-0.86553633,0.002332096,-0.0088984305,-0.9999604,-0.013449804,0.14501657,-0.44710585,-0.00953443,0.1727032,-0.6463861,-0.0021409509,0.18580933,-0.7725473,-0.023526732,0.19799022,-0.9086026,-0.034428347,0.323505,-0.37300673,-0.021669036,0.35270846,-0.5214839,0.01726638,0.37827736,-0.6451155,-0.019207811,0.3810734,-0.7155605,-0.008032489
4,sintetico,Right,0.0,0.0,0.0,0.20929949,-0.16628912,0.005283803,0.07491468,-0.28786078,0.01976317,-0.07415082,-0.20699261,-0.0016542901,-0.0297677,-0.07488391,0.008407965,0.06227173,-0.45616361,0.012008315,-0.020840917,-0.6663855,-0.010882453,-0.09591233,-0.7849668,0.013094121,-0.15608971,-0.8981808,0.017143495,-0.15311961,-0.457842,0.01922983,-0.22625832,-0.66042554,-0.009483475,-0.26861408,-0.8209289,-0.008516372,-0.33399993,-0.9425731,0.0051077968,-0.2924454,-0.35695988,0.0043204385,-0.38125443,-0.55007285,0.0061271777,-0.44494522,-0.6674655,0.00092497,-0.4814118,-0.76235896,0.008431506,-0.4289238,-0.21215034,-0.029484523,-0.508608,-0.37782323,0.01496672,-0.5560635,-0.4683183,0.02622852,-0.59716815,-0.54721713,-0.0017934615
4,sintetico,Right,0.0,0.0,0.0,-0.22734316,-0.13957305,-0.003674033,-0.096075326,-0.27652553,-0.0015431724,0.05957503,-0.15032838,0.022466391,-0.016839053,-0.04939696,-0.020400234,-0.09032342,-0.45176104,0.004487619,-0.027061542,-0.66232616,-0.0162067,0.061957654,-0.78229564,0.030494537,0.1257486,-0.87493783,0.00041606755,0.13008042,-0.4847516,-0.02145795,0.20082437,-0.67306083,-0.004758309,0.23444201,-0.8446146,-0.02453758,0.27711236,-0.96083754,-0.011227544,0.27927014,-0.35768977,0.008906035,0.335332,-0.56939095,0.020923235,0.41548708,-0.6955496,0.016400753,0.4644763,-0.8116086,-0.0027104777,0.41750303,-0.24319413,0.008169406,0.49699825,-0.3950193,0.012013225,0.58297896,-0.4723269,0.035245653,0.6631035,-0.53074807,-0.010755936
4,sintetico,Right,0.0,0.0,0.0,-0.2909348,-0.06741898,0.022388441,-0.14439987,-0.20110247,-0.004599306,0.0039273715,-0.12203724,-0.009895683,-0.08254721,-0.015362654,0.03581354,-0.21124174,-0.39832112,0.051723607,-0.27537057,-0.61719644,0.013446072,-0.28507593,-0.7803214,0.0488704,-0.3009957,-0.91633815,0.008204759,-0.035137914,-0.4692367,0.014984551,-0.029316356,-0.7078078,0.04615725,0.017896317,-0.8752075,0.0038708495,0.061750755,-0.9980916,0.033849284,0.16805583,-0.46064115,0.013119755,0.16180266,-0.64070517,0.0070165778,0.14981227,-0.83494157,0.010489113,0.14725433,-0.92234486,-0.016705927,0.3267796,-0.38528425,0.039493326,0.33796078,-0.55287606,0.02253567,0.34803098,-0.66159815,0.016401822,0.35216883,-0.74408245,0.0074715326
4,sintetico,Right,0.0,0.0,0.0,-0.2634988,-0.07116339,0.0038295544,-0.14255178,-0.21285205,-0.010025964,-0.0012717437,-0.15938772,-0.011106094,-0.033705175,-0.02591816,-0.016727133,-0.21058899,-0.40865391,0.0022758683,-0.2196402,-0.6300104,0.0013303871,-0.21514916,-0.7658984,0.007902419,-0.19103912,-0.8994437,-0.0030326804,-0.025967367,-0.48687434,-0.023304332,-0.012634554,-0.7015417,-0.0097662965,-0.022668732,-0.86895716,0.0071972385,-0.033247814,-0.99944717,-0.02927311,0.16322869,-0.43863803,-0.0060514426,0.18972297,-0.6356927,-0.00084651477,0.21833588,-0.7729774,0.023330178,0.24450444,-0.8858653,-0.013314652,0.33244994,-0.34829602,-0.0065698363,0.35715705,-0.5501482,0.018883428,0.36246452,-0.6362684,-0.013134695,0.37727627,-0.73500687,0.010261093
4,sintetico,Right,0.0,0.0,0.0,0.26162344,-0.0013369351,0.012288677,0.1894529,-0.17289148,-0.001958728,0.03963012,-0.14898941,0.0028599955,0.03847633,-0.0147359725,0.0006407408,0.3258974,-0.3192874,0.007555337,0.3990311,-0.53309506,0.01358758,0.45359308,-0.6642309,-0.012416117,0.4930949,-0.7654076,0.014935228,0.14519866,-0.45592424,0.012060304,0.21351883,-0.6712674,0.01440898,0.23460665,-0.83117586,0.010066918,0.26210853,-0.9650384,0.013540821,-0.054747354,-0.4632435,0.0017158717,0.02388922,-0.66737205,0.014785408,0.046580803,-0.7778376,0.025453603,0.07033551,-0.90798455,0.00050307385,-0.22050954,-0.4281958,0.0010551395,-0.2266429,-0.5986525,0.017632551,-0.23765585,-0.71587855,-0.00038889033,-0.27148175,-0.79197824,-0.0029027408
4,sintetico,Right,0.0,0.0,0.0,0.27108842,-0.065894626,-0.022102341,0.15313953,-0.23375484,0.0060946485,0.0031130326,-0.16322598,-0.010667029,0.040271487,-0.033150584,0.012707974,0.2150501,-0.4140663,-0.02801298,0.23504995,-0.63811135,-0.025232214,0.24662477,-0.7722959,-0.019230274,0.24273178,-0.9074842,-0.033588674,0.011068824,-0.48687425,-0.0022684115,-0.019875396,-0.7119021,-0.016939307,-0.042118393,-0.8630721,-0.03261432,-0.07634062,-0.9970818,-0.027878914,-0.17902061,-0.43535098,-0.028569782,-0.17247412,-0.6533572,-0.0023009852,-0.17535837,-0.77739215,-0.009132937,-0.18453631,-0.8980298,-0.017770093,-0.32184303,-0.34279594,-0.021178618,-0.34557652,-0.5306032,-0.019324945,-0.38385668,-0.6501396,0.010256994,-0.3907526,-0.7368256,-0.01925422
4,sintetico,Right,0.0,0.0,0.0,0.28421387,-0.041416954,0.012095379,0.15082595,-0.20320214,0.00066656695,0.017111642,-0.14532344,0.036366362,0.0438744,-0.016931634,0.03698587,0.25799406,-0.40309608,0.024329381,0.3048706,-0.6128755,0.02005932,0.33358613,-0.75424385,0.03593888,0.36331582,-0.87611663,0.035284285,0.073298246,-0.48677927,0.008623309,0.05947054,-0.7219785,0.010807041,0.014873916,-0.88673365,0.035384875,-0.023143198,-0.99973214,0.028494028,-0.11826752,-0.47268558,0.033831093,-0.10293175,-0.6557414,0.010089324,-0.109244004,-0.81229657,0.012337815,-0.093887486,-0.91225225,0.031549685,-0.28873515,-0.40095288,0.013439446,-0.31917843,-0.58269286,0.00019507857,-0.32715884,-0.68809634,0.013678857,-0.36481744,-0.7773197,0.020975644
4,sintetico,Right,0.0,0.0,0.0,0.24442378,-0.096394874,0.009455989,0.108741686,-0.218423,0.020492848,0.0010058642,-0.12454511,-0.011443555,0.09946248,-0.01489004,0.0062610763,0.16959529,-0.4151231,-0.011233063,0.17358294,-0.63149154,-0.00038118914,0.18068689,-0.7890991,0.019330947,0.18614471,-0.8796352,-0.03346491,-0.030795217,-0.47270444,-0.011437756,-0.054427266,-0.6723971,-0.0007342535,-0.060448404,-0.8675753,0.008737177,-0.09468212,-0.99550754,0.02172478,-0.2142427,-0.41420224,-0.023423547,-0.2712149,-0.6163694,0.024754146,-0.35994312,-0.7297108,0.01090662,-0.3999356,-0.8071254,-0.00087823183,-0.3519183,-0.32065338,-0.01989088,-0.3836238,-0.48214212,-0.0060137883,-0.41525042,-0.59910893,0.01871349,-0.43252435,-0.67028046,0.0032550634
4,sintetico,Right,0.0,0.0,0.0,-0.27236867,-0.089335516,0.032835178,-0.144697,-0.23727131,0.03901319,-0.010924661,-0.17802784,0.037948467,-0.02588228,-0.05266973,0.023344066,-0.21585855,-0.39655504,0.015725465,-0.2291097,-0.6138141,0.048656117,-0.2640851,-0.778789,0.040237296,-0.26497677,-0.88434476,0.023972508,-0.012966349,-0.48684826,0.0110617215,-0.031687573,-0.7235496,0.03820417,0.015050168,-0.88143617,0.02056649,0.030995982,-0.9995195,0.040724844,0.1717322,-0.44956103,0.037184313,0.17617744,-0.6315944,0.06740162,0.19079775,-0.79582214,0.03347242,0.18539746,-0.8973898,0.06620258,0.32912904,-0.37091738,0.035988834,0.3335313,-0.54232216,0.024197765,0.3575887,-0.6589659,0.018079655,0.37661472,-0.72918206,0.020889534
4,sintetico,Right,0.0,0.0,0.0,0.28136215,-0.013453789,-0.014928619,0.18285476,-0.18808728,0.02564077,0.04752319,-0.14705451,-0.0060818903,0.028333254,-0.014507082,-0.004072771,0.31732148,-0.35302463,0.015078506,0.37526804,-0.56459147,-0.019164434,0.4287456,-0.70568,-0.013699318,0.47621137,-0.83121175,-0.0012523108,0.1438595,-0.45716625,-0.02843708,0.21575727,-0.6829321,-0.009324539,0.24614958,-0.85972816,0.025997497,0.2699914,-0.96286273,0.022572456,-0.063084565,-0.46700773,0.008189906,-0.026163587,-0.67031634,0.012597365,-0.04683924,-0.8212571,0.0019564135,-0.042267434,-0.93794614,-0.012320033,-0.22287212,-0.42240423,0.019710526,-0.23223755,-0.6041689,-0.020305078,-0.2530679,-0.7276031,0.009289633,-0.268098,-0.813378,-0.013518987
4,sintetico,Right,0.0,0.0,0.0,0.26754114,-0.08820583,-0.0018283083,0.15067641,-0.24978171,0.027292622,0.020923754,-0.20029311,0.0009892752,0.014096912,-0.04570907,-0.015231698,0.21735437,-0.42940032,0.017666347,0.21150409,-0.6325246,-0.005654312,0.19613338,-0.77920955,-0.0051662982,0.21237709,-0.91557944,0.019412853,0.0041931076,-0.49651995,-0.002184529,-0.028475966,-0.7289585,0.0019418856,-0.079283126,-0.8588692,0.009435717,-0.1595043,-0.9871972,0.0044624982,-0.16731268,-0.42549846,0.0022996021,-0.2053771,-0.63896227,-0.026671,-0.26459643,-0.7678454,0.0061803865,-0.2979852,-0.8971034,0.033222266,-0.32891983,-0.3566628,0.018329008,-0.3866675,-0.5215824,0.0031127764,-0.38610864,-0.62976325,0.015914986,-0.40929762,-0.73712254,0.018294446
4,sintetico,Right,0.0,0.0,0.0,-0.2605677,-0.016185097,-0.005778945,-0.20868315,-0.19476804,-0.017085558,-0.061655555,-0.18962808,0.020872481,-0.0092634,-0.06438417,0.0010166396,-0.31198436,-0.34444773,0.021197826,-0.37527803,-0.53993297,-0.017286187,-0.3828397,-0.6836691,0.010222999,-0.40004689,-0.8058648,-0.017197818,-0.14272945,-0.45518297,0.037563894,-0.22191073,-0.6707968,-0.021239618,-0.25618944,-0.8394044,0.028417343,-0.29381856,-0.9558612,0.0028409394,0.038795684,-0.47459516,0.00054619473,-0.021072628,-0.6488336,0.011421162,-0.036957942,-0.8036317,-0.01009209,-0.06477078,-0.91848433,0.014178584,0.21352221,-0.44129887,0.015210057,0.22131933,-0.6193187,0.0032879512,0.21897419,-0.7299177,0.0066422075,0.25865382,-0.80771446,0.030299634
4,sintetico,Right,0.0,0.0,0.0,0.23722106,-0.087071694,-0.03251193,0.12911059,-0.23950751,-0.006802765,-0.02235092,-0.15106559,0.0066938796,0.056089543,-0.03037375,0.021243887,0.17123443,-0.42125964,-0.008672472,0.17423424,-0.63045263,-0.0013099249,0.1907717,-0.79431236,-0.03012978,0.189405,-0.8964205,-0.032036655,-0.008820938,-0.46650106,-0.0012593172,-0.040867765,-0.71023923,-0.04534193,-0.08249105,-0.8491595,-0.013390764,-0.12898038,-0.9916471,0.0052041234,-0.20620902,-0.4162918,-0.005265479,-0.21461141,-0.610724,-0.005360505,-0.25040358,-0.7712432,-0.016377311,-0.24938157,-0.87174475,-0.021632666,-0.35686985,-0.31938744,0.015763601,-0.3861991,-0.4944741,0.0023322545,-0.41274676,-0.6028943,-0.003316379,-0.40850413,-0.68345964,-0.01524993
4,sintetico,Right,0.0,0.0,0.0,0.24091417,-0.07468432,-0.00300488,0.14411384,-0.23071916,-0.0154514685,0.0016906684,-0.17658621,-0.021275539,-0.0031815774,-0.061918892,-0.015916413,0.1948739,-0.41289565,-0.027225873,0.18382329,-0.62251306,-0.0011928321,0.16249794,-0.7695202,-0.008367061,0.14586638,-0.8931083,-0.027623085,0.003093335,-0.47708455,-0.014737481,-0.0034817068,-0.692405,0.0030735023,-0.0023089475,-0.8804316,0.012071183,-0.030675003,-0.9995294,-0.024107074,-0.18605214,-0.4227635,0.024262533,-0.1895176,-0.629593,-0.019551702,-0.20829967,-0.7665251,-0.030015973,-0.21647555,-0.88229096,0.01859156,-0.33841103,-0.33920518,-0.02069483,-0.37142587,-0.5168676,0.01531162,-0.40078676,-0.61327726,-0.015416851,-0.41943374,-0.691025,-0.010197116
4,sintetico,Right,0.0,0.0,0.0,-0.25979328,-0.113659024,-0.012457555,-0.14955008,-0.25001872,-0.00593053,0.009437936,-0.20807284,-0.0049157124,0.016607175,-0.09609576,0.016142378,-0.17596178,-0.41238794,0.00050158234,-0.15421009,-0.64027596,0.00064639346,-0.13241641,-0.7908966,-0.017398555,-0.07316023,-0.8961795,0.016226282,0.026522962,-0.4943455,-0.013931294,0.06636535,-0.70364547,-0.006550105,0.11083016,-0.86797893,0.017831046,0.17788671,-0.984051,0.011364625,0.20894782,-0.42047185,-0.015192222,0.224429,-0.622506,-0.018695336,0.26006398,-0.7446776,-0.005311366,0.26742125,-0.87284356,-0.011011241,0.37097764,-0.31716743,-0.024638481,0.39462936,-0.49112132,-0.013716574,0.4366691,-0.5947417,-0.04422497,0.4566412,-0.67648005,0.011630233
4,sintetico,Right,0.0,0.0,0.0,0.27332932,-0.058350723,-0.0013637204,0.15426114,-0.19913173,-0.0037167175,0.018263899,-0.11320635,-0.02466626,0.053036068,-0.0021578532,0.0009172827,0.26032022,-0.380178,0.010088831,0.26235223,-0.5932166,0.006126107,0.2318929,-0.74467,0.013397754,0.23766993,-0.8685759,0.014165561,0.05955409,-0.4699129,0.037143625,0.07538591,-0.7052455,-0.015330422,0.06285987,-0.8423116,0.0061754314,0.081492655,-0.99667394,0.007943007,-0.13533953,-0.433391,-0.0025710114,-0.11370547,-0.63295025,-0.0075032082,-0.10269763,-0.79422605,0.010340293,-0.10463618,-0.91102517,0.008826457,-0.2795097,-0.38113514,-0.014137052,-0.3135179,-0.5611706,-0.025880376,-0.33163413,-0.669354,-0.0052808677,-0.3579587,-0.74714863,-0.008148916
4,sintetico,Right,0.0,0.0,0.0,-0.2892725,-0.04914197,-0.003972281,-0.16129489,-0.22310297,0.02303512,-0.017156484,-0.17078099,-0.01949933,-0.05224758,-0.0075317654,-0.020465853,-0.2781884,-0.38616636,-0.018357998,-0.30742326,-0.60759586,-0.00968722,-0.31050554,-0.75728565,-0.00015485573,-0.33111224,-0.8735986,-0.012398091,-0.068095684,-0.47367677,0.011492697,-0.08638123,-0.7070917,-0.0050037163,-0.11418361,-0.8900276,-0.006520918,-0.13821983,-0.99040157,-0.026677465,0.13561632,-0.4548864,0.024802985,0.0918287,-0.6686804,-0.0057216827,0.09430016,-0.81078553,0.021797387,0.08827056,-0.91409886,-0.015111878,0.2957576,-0.38304096,0.008622628,0.2948099,-0.5636708,-0.014137569,0.3094964,-0.66955394,0.02476953,0.29301432,-0.76674795,0.0133625185
4,sintetico,Right,0.0,0.0,0.0,-0.25628355,-0.08747307,-0.0006590272,-0.14819136,-0.2230165,0.013129873,-0.010409267,-0.15734687,0.007859743,-0.04869993,-0.0037986601,0.027219215,-0.20629308,-0.41408956,0.023364982,-0.21056011,-0.65068424,-0.0126604885,-0.23029807,-0.7810487,-0.0107599795,-0.23736468,-0.90539825,0.019828202,-0.007940897,-0.4825156,0.002832752,0.042673327,-0.7163164,0.007956122,0.10351514,-0.8911008,0.01880943,0.15216938,-0.98835444,0.023501895,0.18856777,-0.4521287,-0.007968162,0.23075242,-0.6354752,-0.02283509,0.2948727,-0.77063406,0.008884781,0.35323262,-0.8654745,-0.002273338,0.35304144,-0.36513895,0.011583642,0.35179806,-0.520554,0.009253892,0.40323213,-0.6473206,-0.004087184,0.41676536,-0.72358805,0.041981895
4,sintetico,Right,0.0,0.0,0.0,-0.22544743,-0.15050396,-0.052799854,-0.06513627,-0.25761673,-0.019129334,0.05433771,-0.16520901,-0.024855452,-0.0072581046,-0.043024253,-0.03402939,-0.07181974,-0.46369302,-0.039584935,-0.0148190195,-0.6515642,-0.015347359,0.007807629,-0.8136432,-0.011348505,0.049923774,-0.90901613,-0.025723627,0.14301342,-0.46860775,-0.02868277,0.20376362,-0.6646024,-0.0037177505,0.26499546,-0.8415537,-0.030788135,0.3215372,-0.946897,-0.024755774,0.2841774,-0.37345204,-0.02732153,0.35952845,-0.5510803,0.01518654,0.4486,-0.66290843,-0.037436277,0.50603086,-0.78221864,-0.010870214,0.42570502,-0.2231323,-0.051095527,0.49739972,-0.37739256,-0.03931101,0.5588058,-0.47836158,-0.029000044,0.5970578,-0.5590971,-0.026166834
4,sintetico,Right,0.0,0.0,0.0,0.24946092,-0.086645246,-0.0049760784,0.12218582,-0.21188389,0.015846552,-0.019443486,-0.17303386,0.020611146,0.0026250784,-0.05887999,-0.008242411,0.1539984,-0.43624282,0.00799735,0.15147124,-0.637039,0.026488887,0.1614911,-0.76546323,-0.017616091,0.15294817,-0.9104843,0.011422437,-0.042286158,-0.48159933,-0.025483979,-0.06841697,-0.6921724,-0.0014722152,-0.06383602,-0.8469647,-0.0037739906,-0.091471456,-0.9958077,-0.025026804,-0.20553918,-0.4067667,0.012899551,-0.26239994,-0.6025559,0.00012840646,-0.31967422,-0.72628796,-0.014450632,-0.3670716,-0.8300138,0.0025826306,-0.36120558,-0.3237942,0.010384981,-0.39078212,-0.48573667,-0.025864543,-0.42495048,-0.5911009,-0.044575587,-0.445801,-0.6593199,-0.0024435339
4,sintetico,Right,0.0,0.0,0.0,0.2803201,-0.027982652,0.0252386,0.19986388,-0.19984369,0.0034933563,0.046784565,-0.20292588,-0.015964052,0.015457096,-0.063927665,-0.011767726,0.28897586,-0.3524236,0.009354747,0.32643026,-0.5688375,0.012001456,0.3368848,-0.71274745,-0.0048388285,0.31830543,-0.82566184,-0.028099949,0.11566986,-0.47349077,-0.019098584,0.16970278,-0.67689437,-0.001449407,0.19993731,-0.83989,0.004786849,0.24268503,-0.9701051,0.011409477,-0.0648209,-0.44489196,-0.035982165,-0.023886044,-0.6649485,0.00932932,-0.009449885,-0.792623,0.017998457,-0.029983498,-0.9034788,-0.041621286,-0.24845447,-0.42822495,-0.00435279,-0.23396876,-0.58884245,0.0075551406,-0.22251908,-0.6880747,-0.026295125,-0.21238625,-0.77403486,-0.012063192
4,sintetico,Right,0.0,0.0,0.0,0.26140752,-0.03152978,-0.008040585,0.15354224,-0.19550397,0.008750239,0.008822847,-0.14704542,0.022462716,0.04185801,-0.010726398,-0.0016186369,0.2737359,-0.38261336,-0.013312916,0.3236654,-0.5845583,-0.00015451334,0.33092657,-0.70888495,-0.019059394,0.3795874,-0.84553075,-0.0066154404,0.10508387,-0.47998172,0.03116201,0.1263764,-0.6968549,-0.008700777,0.14864205,-0.85367197,-0.0011368538,0.15544298,-0.9878449,-0.008079055,-0.11121412,-0.4502237,-0.01178897,-0.092215754,-0.6586795,0.0015290616,-0.08197647,-0.7925627,-0.024670923,-0.086739704,-0.90288776,-0.008148765,-0.27976862,-0.40853903,-0.02596519,-0.2812157,-0.57974726,0.01743578,-0.26423466,-0.677933,0.009101332,-0.25814727,-0.77847075,-0.01715201
4,sintetico,Right,0.0,0.0,0.0,0.2527559,-0.10420521,0.035520803,0.1578737,-0.24456014,0.0002802071,-0.0021907082,-0.23187527,0.03987922,-0.028958987,-0.092928246,0.0013020841,0.16456386,-0.4304796,0.024697807,0.16061333,-0.63906103,0.010808067,0.14735328,-0.7866381,0.0037725433,0.12855548,-0.9120525,0.02564332,-0.017912908,-0.4813353,0.030080317,-0.053928524,-0.7004146,0.00901563,-0.073286146,-0.8591145,0.01126041,-0.07951933,-0.9968333,0.0058562844,-0.20645744,-0.42494014,0.014714189,-0.27887577,-0.6003718,-0.0036331348,-0.35444763,-0.7294129,-0.025876153,-0.41953522,-0.8206996,-0.014423582,-0.36051828,-0.33660853,0.008521267,-0.42093778,-0.5093922,-0.0032883694,-0.46551985,-0.58600736,0.009960877,-0.5415051,-0.66134655,0.004466762
4,sintetico,Right,0.0,0.0,0.0,0.2630166,-0.085310966,-0.032688778,0.15784596,-0.2467519,-0.061428122,0.006232619,-0.19739676,-0.032541007,0.011059666,-0.05775848,-0.034042463,0.20485787,-0.42260492,-0.024215298,0.22729951,-0.62806904,-0.06084853,0.21876797,-0.7902223,-0.025400478,0.2446345,-0.90334123,-0.036804724,0.018935017,-0.4989396,-0.018088792,-0.008376441,-0.71158606,-0.03828819,-0.036757663,-0.87922156,-0.017091211,-0.060615063,-0.9981612,-0.053458836,-0.18698715,-0.44728535,-0.030089764,-0.19731352,-0.64540195,-0.04521975,-0.21086438,-0.7893832,-0.03782429,-0.22257704,-0.9078718,0.011225161,-0.3300607,-0.35034472,-0.044879407,-0.37257266,-0.52103317,-0.036058173,-0.43462676,-0.6252139,-0.047848057,-0.49007255,-0.7054025,-0.03505523
4,sintetico,Right,0.0,0.0,0.0,-0.26593786,-0.097170025,0.0040218346,-0.12594615,-0.23604177,-0.010645284,0.016625099,-0.17941388,0.020741254,-0.018362496,-0.027208323,-0.011530043,-0.16328186,-0.44264886,0.0067624263,-0.14859763,-0.64509594,-0.00016633589,-0.15963982,-0.80167264,0.017706938,-0.16272359,-0.92318475,-0.012361221,0.04289454,-0.47959706,0.007851056,0.0879143,-0.71022165,0.0349955,0.16215093,-0.8469399,-0.02172509,0.22554076,-0.97423375,-0.013780522,0.22418295,-0.4165415,0.030045344,0.27272156,-0.6075717,-0.002526248,0.32310972,-0.75676334,0.0011118908,0.37471926,-0.8397497,-0.005435183,0.38931295,-0.33416325,0.023734236,0.4288121,-0.4880536,-0.024250543,0.4430329,-0.57988656,0.017608719,0.46201542,-0.6853148,-0.022252154
4,sintetico,Right,0.0,0.0,0.0,-0.27914044,-0.06661585,-0.025453674,-0.19672135,-0.21537288,0.005703748,-0.047370814,-0.23464663,-0.022616528,0.015388408,-0.109874696,-0.0021557598,-0.26754057,-0.38640848,-0.01667692,-0.29817128,-0.5883424,0.012507637,-0.33779818,-0.733308,0.002981277,-0.37647805,-0.8457416,-0.019895758,-0.1072771,-0.46558407,-0.014969351,-0.11522358,-0.70129627,0.043762717,-0.114698395,-0.86500305,-0.029027438,-0.14172344,-0.9899063,-0.02033427,0.09437133,-0.4705552,-0.01954863,0.097017065,-0.66390985,-0.027388241,0.081366286,-0.79381424,-0.025699882,0.087572984,-0.9281114,-0.010513043,0.28814828,-0.4191593,-0.0011103547,0.2701688,-0.5795251,-0.03436496,0.28606072,-0.69096744,-0.01682396,0.2917932,-0.77582264,-0.021685146
4,sintetico,Right,0.0,0.0,0.0,0.25201842,-0.12006514,0.008206105,0.107425734,-0.2642097,0.005831045,-0.025350548,-0.21407016,-0.020462576,-0.030448657,-0.07042824,-0.0022994748,0.15301733,-0.46034822,0.0072388817,0.10043385,-0.6404128,0.01173888,0.046073604,-0.7871652,0.0025180113,0.017019095,-0.8929568,-0.0053390902,-0.061723225,-0.479005,-0.017968459,-0.09410228,-0.70080924,0.015718156,-0.12822172,-0.84519917,0.013943946,-0.17173223,-0.98514366,0.019502,-0.24282259,-0.40588716,-0.013834831,-0.26085603,-0.6045377,0.0055381707,-0.3258198,-0.7316243,-0.0076034837,-0.3409573,-0.83821625,0.0043186545,-0.38332012,-0.30846593,0.05047969,-0.45791838,-0.45603657,0.018152976,-0.51143104,-0.56997395,-0.008626235,-0.5426122,-0.6219098,-0.00050816085
4,sintetico,Right,0.0,0.0,0.0,-0.27838293,-0.030106734,0.019447394,-0.20479254,-0.16793855,0.005967098,-0.05941857,-0.1597879,0.0010576901,-0.019510444,-0.041896388,-0.0011152582,-0.30476633,-0.3587569,-0.009773093,-0.35583654,-0.5393168,-0.019449253,-0.40192315,-0.6872615,0.007828358,-0.4403523,-0.7897749,0.016458798,-0.1230594,-0.4439722,0.004374901,-0.1851735,-0.6795981,0.00634106,-0.20578466,-0.83777404,-0.014346051,-0.23988591,-0.9708011,-0.010204427,0.05610329,-0.46670792,-0.019965798,0.029637713,-0.6602719,-0.005268727,0.009273808,-0.7941261,0.012281835,-0.0052454574,-0.9294216,-0.011645687,0.23173515,-0.40622905,-0.0027792552,0.22548346,-0.59534484,0.008284716,0.21436805,-0.70073944,0.015484064,0.20542856,-0.78125197,-0.025165457
4,sintetico,Right,0.0,0.0,0.0,0.26961923,-0.061217178,0.0024892625,0.17755389,-0.2221592,-0.022132635,0.009369254,-0.19486412,-0.0054466194,-0.0040179677,-0.04708419,0.007687537,0.23134063,-0.40067458,0.03178486,0.27146256,-0.62129945,-0.0067424127,0.27629843,-0.77618766,0.01293294,0.3010674,-0.8840909,0.0040261247,0.037344087,-0.4852364,0.018942056,0.051308565,-0.71493316,-0.008110583,0.05268418,-0.8614001,0.018077869,0.06442957,-0.99792224,0.022623265,-0.1405134,-0.455431,0.023270173,-0.13907287,-0.6629734,0.02300856,-0.14482962,-0.7910363,0.004203469,-0.15764098,-0.9178732,0.010196543,-0.3125792,-0.38184655,-0.0050800834,-0.3323407,-0.5431846,-0.03250516,-0.33656463,-0.66403294,0.0051920847,-0.36056948,-0.75567895,-0.0011476027
4,sintetico,Right,0.0,0.0,0.0,0.27584332,-0.03511217,-0.068291835,0.1721035,-0.19338009,-0.047038887,0.022069711,-0.14937206,-0.055223644,0.066840366,0.0027031766,-0.033610813,0.2850034,-0.3614017,-0.014860783,0.32232285,-0.5573967,-0.029551351,0.3316223,-0.70938474,-0.041867796,0.3325972,-0.8352278,-0.029418012,0.1073683,-0.45650262,-0.043049168,0.13787204,-0.6978617,-0.035150766,0.189962,-0.84892154,-0.028227966,0.17719917,-0.984175,-0.009721093,-0.07525772,-0.4588952,-0.030988438,-0.11232994,-0.674825,-0.0347697,-0.13563229,-0.80279034,-0.0051102545,-0.2005526,-0.89308506,-0.070237264,-0.25617048,-0.41335163,-0.03982325,-0.2662054,-0.56500804,-0.050417297,-0.27163917,-0.6824061,-0.042211946,-0.28065962,-0.78666574,-0.0284668
4,sintetico,Right,0.0,0.0,0.0,-0.27000585,-0.09633644,0.02420896,-0.14198689,-0.22897814,0.0023291148,-0.00013834533,-0.1397506,-0.044410843,-0.068858095,0.0056243525,0.031564314,-0.20100321,-0.40044075,0.015194387,-0.24041402,-0.6165317,0.010705722,-0.23447989,-0.78404,0.00771169,-0.24120355,-0.9078177,0.012614773,-0.011764344,-0.47467223,0.0076963655,-0.014465096,-0.6955156,0.0027612252,0.030084291,-0.8766162,-0.0032989474,0.059168585,-0.998248,0.008855951,0.16591245,-0.4446786,-0.0070978333,0.19993156,-0.65542316,-0.01144659,0.19300905,-0.7980754,0.012066738,0.20776284,-0.89811665,0.02389099,0.32384327,-0.3683716,-0.0056813303,0.3614656,-0.52137494,-0.0027851965,0.35850903,-0.64345056,-0.020660033,0.39293423,-0.7140628,-0.014338626
4,sintetico,Right,0.0,0.0,0.0,-0.24716182,-0.08713066,-0.0074690725,-0.148023,-0.27646595,-0.008806916,0.004762716,-0.21732275,0.005132194,0.003514892,-0.081192486,0.021886347,-0.20100361,-0.42454398,-0.009060894,-0.15482628,-0.659193,0.002401313,-0.1312745,-0.8007262,0.008826165,-0.09662757,-0.9208534,0.0014094927,0.03448588,-0.5013212,-0.024219057,0.04440724,-0.70346993,0.008755316,0.05667618,-0.8851567,-0.020481726,0.061990652,-0.99807674,-0.020278156,0.20808409,-0.43988353,-0.017511453,0.25316864,-0.6416933,-0.0006813007,0.2820108,-0.7650928,-0.012488653,0.3239517,-0.8831908,-0.019436732,0.36755797,-0.35605648,0.0072968015,0.400487,-0.50889564,0.0013043309,0.42842177,-0.61929613,0.012858365,0.45736286,-0.7093378,-0.00904132
4,sintetico,Right,0.0,0.0,0.0,-0.26031,-0.074713185,0.0053403536,-0.14127767,-0.24078992,0.020142244,0.00026110015,-0.17698435,0.011212086,-0.031301647,-0.0517916,0.027637087,-0.21975645,-0.42824966,0.022928165,-0.21705435,-0.62144923,0.023763955,-0.19063854,-0.7658473,0.0014856135,-0.18155092,-0.8738117,0.0067809788,-0.03696115,-0.47283402,-0.0073318477,-0.010382843,-0.69241863,0.026543004,-0.027252177,-0.8675094,0.045053978,-0.019809486,-0.9998038,0.021222096,0.1837738,-0.43557626,0.022437252,0.18498522,-0.62556684,0.011510841,0.1744162,-0.7766997,0.015817337,0.19370921,-0.8804942,0.036202587,0.33094156,-0.34173116,0.020018399,0.37275508,-0.51009816,0.027517173,0.40780511,-0.6104621,0.03656017,0.4296521,-0.7166588,0.033821136
4,sintetico,Right,0.0,0.0,0.0,0.25904635,-0.082020715,0.016009558,0.12795033,-0.24526182,0.007317339,-0.011929911,-0.15199035,-0.015213467,0.030045671,-0.04228417,0.00151868,0.18947403,-0.42358127,-0.0017932425,0.18388765,-0.63011754,0.010086997,0.19864139,-0.7877132,-0.0006528342,0.20968236,-0.8908926,-0.0011898746,-0.013887015,-0.48119926,-0.021949532,-0.020415548,-0.7062001,0.006394747,-0.012329609,-0.88241285,-0.024956398,-0.032018974,-0.9994873,-0.0036952435,-0.18605545,-0.41201848,-0.012893365,-0.21444099,-0.6334847,-0.013740741,-0.24511702,-0.77879983,0.0033860514,-0.27269477,-0.88235795,-0.0050284946,-0.34932473,-0.34518376,-0.039360773,-0.37701687,-0.5004119,-0.007824026,-0.4056003,-0.5988672,-0.010560012,-0.4220828,-0.70696294,0.0130792735
4,sintetico,Right,0.0,0.0,0.0,0.27644295,-0.045275543,-0.0021388351,0.17828088,-0.22865759,-0.007944195,0.03281822,-0.21592952,0.0034021328,-0.008029494,-0.09093462,0.012404193,0.237718,-0.3896737,-0.01849623,0.24929474,-0.59566176,0.0033949262,0.21767187,-0.7567882,0.015015397,0.17092551,-0.8819558,-0.004072504,0.048447922,-0.47682977,-0.005931083,0.05249223,-0.68786865,-0.010142367,0.05434636,-0.8672607,0.029361807,0.031041862,-0.9995181,0.022334907,-0.12253324,-0.45021322,-0.0024396027,-0.10953537,-0.6525177,0.017999373,-0.12150847,-0.7850122,-0.0056432122,-0.11050038,-0.9023025,-0.0005099146,-0.29332048,-0.40153754,-0.013039949,-0.29561776,-0.54327184,-0.02389097,-0.31962755,-0.67043597,-0.0063924817,-0.3234618,-0.7629272,-0.0042426684
4,sintetico,Right,0.0,0.0,0.0,0.24680166,-0.123900644,-0.010151512,0.092662774,-0.23981811,-0.011459341,-0.038804173,-0.17224999,-0.034570187,0.027300553,-0.039881755,0.01444616,0.117671914,-0.4568978,-0.025105234,0.06414636,-0.66390735,0.01836684,0.04642646,-0.81082934,-0.010700154,-0.0007779724,-0.9140646,0.01214077,-0.10277747,-0.46886447,0.009398086,-0.14683628,-0.68723714,0.008146446,-0.18555224,-0.84615695,-0.006182054,-0.22961873,-0.97328067,-0.025600161,-0.26066694,-0.39411262,-0.009756554,-0.31751546,-0.5743079,-0.011828956,-0.34301892,-0.7108249,-0.008507126,-0.38190976,-0.8333698,-0.02611715,-0.40796223,-0.2846718,-0.0113878315,-0.4659595,-0.445606,-0.05263653,-0.5098222,-0.5386748,-0.011607179,-0.53352183,-0.6225154,-0.0049403724
4,sintetico,Right,0.0,0.0,0.0,-0.2509886,-0.08258249,-0.01578334,-0.13093336,-0.23881425,-0.053354762,-0.0075356504,-0.18995567,-0.041913655,0.0044610803,-0.0629788,-0.030301094,-0.1846722,-0.4318505,-0.034320515,-0.2022376,-0.63036436,-0.025565114,-0.20986933,-0.7716355,-0.042052235,-0.2155,-0.8732722,-0.035865117,0.009508421,-0.48091388,-0.042228676,0.0021758296,-0.7005847,-0.035886347,0.026555879,-0.8634045,-0.019642767,0.06338303,-0.9979893,-0.025815029,0.18136895,-0.4229525,-0.040944688,0.21655063,-0.6355327,-0.013148563,0.25718436,-0.7513702,-0.0141879525,0.30392238,-0.8521711,-0.030330354,0.35144547,-0.35952887,-0.034225542,0.38223222,-0.47483757,-0.0035945852,0.43370688,-0.6144687,-0.005953676,0.46410757,-0.6904114,-0.053279195
4,sintetico,Right,0.0,0.0,0.0,-0.24498977,-0.13474499,-0.019542389,-0.06992305,-0.23900431,-0.011294425,0.00880053,-0.11553866,0.0030167785,-0.06640114,-0.029462572,0.02255025,-0.10900889,-0.44901565,0.0024855514,-0.043310635,-0.63603455,-0.01929025,0.035029523,-0.78102374,-0.026624558,0.086396486,-0.8773149,0.0042348006,0.08966136,-0.46638316,-0.0076688267,0.15429273,-0.65928864,0.0041751587,0.22118443,-0.8382472,-0.0009157847,0.2771938,-0.960814,0.0012095533,0.2543102,-0.37646383,0.02142563,0.32150906,-0.56246424,0.019074326,0.33579436,-0.6997464,0.008191125,0.3894875,-0.8253514,-0.011898047,0.3860804,-0.27480394,-0.0064317905,0.4780664,-0.41237605,0.014459316,0.51966673,-0.5264154,0.023012081,0.5380418,-0.62335974,-0.017913984
4,sintetico,Right,0.0,0.0,0.0,0.28148702,-0.10101341,-0.023163538,0.10524128,-0.20841461,-0.008155021,-0.006855892,-0.105240315,-0.009536372,0.07965619,-0.012816308,-0.012083654,0.17865445,-0.4330946,0.00012146321,0.1734199,-0.6542593,-0.00683219,0.17722462,-0.78128713,-0.02876857,0.18294543,-0.90495455,-0.0023827525,-0.013019209,-0.49132118,-0.018138664,-0.05142113,-0.7152018,-0.03133094,-0.081903875,-0.86913425,0.0010986334,-0.10975246,-0.99395895,-0.02858954,-0.20264935,-0.42653632,-0.01579161,-0.26711622,-0.6079297,-0.0058111246,-0.357419,-0.7283077,-0.011459067,-0.4464841,-0.8047539,-0.019942889,-0.35416305,-0.34418774,-0.025631364,-0.39113313,-0.49669605,-0.022033853,-0.42042798,-0.61072034,-0.026920423,-0.4376767,-0.7109775,-0.012277987
4,sintetico,Right,0.0,0.0,0.0,-0.27489418,-0.100141734,0.024789365,-0.14097917,-0.25319555,0.021798745,-0.0021176948,-0.18736039,0.01970887,-0.008359549,-0.051138774,0.019095112,-0.1929739,-0.42685065,0.0034861716,-0.18021312,-0.6298543,0.03217947,-0.19758908,-0.7719508,0.013712679,-0.19485018,-0.90121067,0.018725196,0.017759167,-0.48159292,0.020285947,0.028835958,-0.71166795,0.0022510632,0.026354989,-0.86382985,0.040842444,0.038209055,-0.9992698,0.0147174,0.17247762,-0.42039284,0.015538619,0.20645528,-0.62766737,0.009482057,0.23726246,-0.7678501,0.030704333,0.23191503,-0.8914316,0.031277485,0.3373476,-0.33414668,0.017235013,0.37498787,-0.49668923,-0.004824329,0.39659867,-0.617761,0.012851228,0.4228579,-0.6933706,0.014202296
4,sintetico,Right,0.0,0.0,0.0,-0.26947916,-0.07374811,-0.0022675635,-0.14446107,-0.23067568,-0.02341002,-0.013418245,-0.1837884,0.0031431895,0.0016539913,-0.048197903,0.018525977,-0.19064027,-0.42093435,-0.008386851,-0.2426493,-0.63940555,0.038604207,-0.24442151,-0.7781476,-0.0218363,-0.23975681,-0.90335995,0.00046928052,-0.010181314,-0.46918306,-0.010310177,-0.019402148,-0.7155758,0.026505811,-0.015120263,-0.89298713,0.022441363,-0.028937917,-0.9995812,0.008383927,0.16240583,-0.44256192,-0.009303696,0.21278371,-0.6526997,-0.005886079,0.24682511,-0.7790582,0.0162813,0.3000673,-0.89329475,0.00210767,0.34193426,-0.36767465,0.0038538403,0.37226513,-0.5265648,0.011326673,0.41070604,-0.6336811,0.0061412905,0.42414722,-0.71234256,-0.014321667
4,sintetico,Right,0.0,0.0,0.0,-0.23211865,-0.12000798,-0.0013772198,-0.12563425,-0.26597857,-0.006665542,0.025026938,-0.22162539,-0.032053847,0.034267496,-0.06734464,-0.025812946,-0.13276267,-0.4495172,-0.01683974,-0.106601745,-0.65610844,-0.035130933,-0.119938634,-0.8117346,-0.03370531,-0.10140486,-0.9385729,-0.017607031,0.068226784,-0.50033844,-0.04421822,0.11772805,-0.7027355,-0.006617153,0.11372344,-0.8680417,-0.029482426,0.15604645,-0.9877497,-0.015065422,0.25385216,-0.3905198,-0.020172773,0.28302792,-0.6029114,-0.0041443477,0.3157389,-0.7393525,-0.055906206,0.32846725,-0.8707182,-0.0040486767,0.38667944,-0.3057372,-0.004390449,0.44310635,-0.4530391,-0.019034004,0.47083345,-0.5852438,-0.015359941,0.50177246,-0.66573423,-0.014211137
4,sintetico,Right,0.0,0.0,0.0,-0.27772185,-0.09260348,-0.020389222,-0.1450902,-0.24734001,-0.0070518884,-0.013094037,-0.19232294,-0.011253735,0.0011445448,-0.057655267,-0.005798657,-0.217195,-0.42254007,-0.027793469,-0.22914536,-0.6255608,0.010985765,-0.23119004,-0.77503276,-0.047821183,-0.23418476,-0.9220061,0.009412795,-0.011814887,-0.49984172,0.0097216,0.014488031,-0.7059222,0.033150997,0.04529879,-0.8768155,-0.008465198,0.054353293,-0.99852175,-0.012829281,0.175929,-0.43907312,-0.0024869763,0.18754263,-0.65959936,0.004611126,0.19772215,-0.7859094,-0.0058880905,0.19351168,-0.8930728,-0.023538679,0.3329151,-0.3573113,0.0045903493,0.3742945,-0.5199263,-0.0044413544,0.38285926,-0.6373806,-0.020714352,0.44113544,-0.70763195,-0.030674206
4,sintetico,Right,0.0,0.0,0.0,0.27690682,-0.040065907,0.010514639,0.14945199,-0.18880877,0.022942053,0.039472315,-0.07775793,-0.0034906813,0.09334078,0.015217881,0.010115043,0.2637479,-0.38504213,-0.0003547288,0.30639035,-0.60766,0.02518608,0.32362068,-0.7441815,0.01200099,0.32835278,-0.87765414,0.010518713,0.09121886,-0.51166165,-0.007170797,0.106404334,-0.7047546,0.021751111,0.11437892,-0.87014294,0.02359431,0.12148878,-0.9925928,-0.00027458946,-0.09414194,-0.46540028,0.013089332,-0.08074509,-0.66753834,0.019395124,-0.06884798,-0.8148236,0.043071404,-0.055054784,-0.9320359,0.016535467,-0.2596744,-0.40542614,0.01084814,-0.27904963,-0.58472353,0.008593119,-0.2916102,-0.68947756,0.009456831,-0.3118917,-0.8061465,0.021999536
4,sintetico,Right,0.0,0.0,0.0,-0.26447922,-0.102533855,-0.0068071117,-0.12695654,-0.24656655,-0.007833495,0.01245701,-0.19991527,0.03014744,0.013130794,-0.06020191,-0.0027044364,-0.15497892,-0.44535375,0.016357506,-0.1331172,-0.64856344,0.007757271,-0.10429157,-0.7818108,-0.005712469,-0.09611042,-0.90049267,-0.0033243895,0.03823382,-0.48997355,0.018319912,0.06081156,-0.71681845,0.00095953967,0.0880281,-0.8820354,-0.006349615,0.10875701,-0.9940684,-0.011669485,0.21646841,-0.4352267,0.0053112446,0.24909693,-0.61616033,-0.0072935764,0.30170915,-0.7445633,0.009437169,0.31414887,-0.8665145,0.038823713,0.3786813,-0.32610953,0.008295102,0.4214026,-0.49468252,0.027672702,0.4810584,-0.588143,-0.010282602,0.5247696,-0.65012515,0.010794651
4,sintetico,Right,0.0,0.0,0.0,0.26284313,-0.027457114,0.018017648,0.13668284,-0.1859102,0.018266845,0.035033833,-0.12036704,-0.03362343,0.08436878,0.0020050702,-0.018517623,0.2726773,-0.37581074,-0.034038264,0.29798147,-0.6002745,1.981787e-06,0.28242776,-0.73270166,-0.0009914524,0.27039528,-0.8415743,0.0067877145,0.086834244,-0.47066912,0.017834654,0.08718206,-0.70733565,0.003693189,0.06438402,-0.87848127,-0.005254743,0.07220113,-0.9973901,0.0043070414,-0.100169376,-0.44777232,-0.0035136344,-0.074184805,-0.65654916,-0.019223614,-0.078641035,-0.8017721,0.01967628,-0.07596727,-0.91823316,0.011158153,-0.27861342,-0.4023179,0.027521575,-0.2895538,-0.58558613,-0.015384799,-0.3038178,-0.6872691,-0.021418829,-0.323059,-0.77621853,-0.010575341
4,sintetico,Right,0.0,0.0,0.0,-0.27190834,-0.07242551,0.013332845,-0.16200496,-0.21306765,-0.038350172,-0.030213846,-0.16447917,0.0069569563,-0.027633937,-0.020425934,0.023180064,-0.23067337,-0.414967,-0.0017568425,-0.25227106,-0.5948493,-0.015095344,-0.25863707,-0.76996124,-0.0045290454,-0.23646213,-0.89484,-0.012952215,-0.039044775,-0.50061977,0.028702382,-0.07923684,-0.706626,0.009960485,-0.067203015,-0.88198847,0.011046918,-0.04732684,-0.99887943,0.03186793,0.12589258,-0.443859,0.018416917,0.13682403,-0.64935565,-0.0059117563,0.14261205,-0.812343,-0.0034762796,0.13950293,-0.9349286,0.035265826,0.31108445,-0.38018465,-0.016166363,0.32704565,-0.5500447,-0.0067454255,0.3496052,-0.6471423,-0.02070737,0.37324065,-0.7496077,-0.034072865
4,sintetico,Right,0.0,0.0,0.0,0.23361297,-0.11585406,-0.04261885,0.11192516,-0.26913667,0.016715111,-0.017291958,-0.18265022,0.0072737504,-0.018517775,-0.07763158,-0.00021754132,0.16033676,-0.42676064,0.010388205,0.13723804,-0.6549245,0.0020445252,0.13581797,-0.8061538,-0.012750627,0.108577155,-0.9302921,0.006932863,-0.04763643,-0.4755174,-0.0014065573,-0.07557366,-0.71383685,0.012636068,-0.1084221,-0.8696903,-0.0027566738,-0.1191215,-0.9928797,-0.0055958517,-0.2282345,-0.42837995,-0.006734271,-0.2846844,-0.61314,-0.011855309,-0.32843432,-0.72600466,-0.006408125,-0.36061525,-0.8566699,0.007976733,-0.39268392,-0.31991768,-0.009831217,-0.4433129,-0.47628075,-0.01624764,-0.45188382,-0.5596215,0.013364608,-0.48591793,-0.65349,-0.0006148137
4,sintetico,Right,0.0,0.0,0.0,0.29699782,-0.0390621,0.0039948407,0.15220195,-0.19643387,0.021387935,0.029229084,-0.13455403,0.0175108,0.04597144,-0.0052530267,-0.00665471,0.26700833,-0.38976175,0.056504723,0.28849515,-0.58238107,0.009986844,0.33515298,-0.74397683,-0.0021216285,0.37803447,-0.8542357,0.02541272,0.06768149,-0.47744265,0.016956773,0.10701161,-0.7059146,0.0053188717,0.109439865,-0.8691411,0.022648377,0.115050994,-0.99335957,0.0073384373,-0.1043234,-0.46090674,0.012764061,-0.09344609,-0.6545297,0.03813086,-0.10062286,-0.7910773,0.018801987,-0.08073641,-0.9155221,0.02586734,-0.29833475,-0.38890934,0.009502893,-0.2795183,-0.56393695,0.019229107,-0.28180686,-0.68835497,0.005921264,-0.28239554,-0.77960813,0.0052836966
4,sintetico,Right,0.0,0.0,0.0,-0.25033924,-0.14699799,0.0061890255,-0.07376453,-0.27561116,0.0007522139,0.025982678,-0.18402506,-0.0024943794,-0.010219434,-0.045556314,0.025372863,-0.10071377,-0.44840223,-0.001161068,-0.077342734,-0.6573125,-0.020726541,-0.03295287,-0.8203584,0.006176097,-0.019317988,-0.920158,0.03996866,0.099257275,-0.46960825,-0.003888985,0.17655894,-0.69262385,-0.0015703371,0.22747934,-0.8276295,0.0054252213,0.2934488,-0.9559748,0.03289973,0.26031289,-0.3817538,0.0060479823,0.330307,-0.5809463,-0.0033148294,0.39846963,-0.7091513,0.016240055,0.43294835,-0.8044562,0.015190307,0.40792048,-0.27143526,0.017983057,0.47252136,-0.4264995,-0.0038647181,0.51774275,-0.54219145,0.0031570774,0.5545592,-0.62164474,0.026996229
4,sintetico,Right,0.0,0.0,0.0,-0.25869837,-0.05876392,-0.0068782615,-0.15524536,-0.21314989,0.00416753,-0.016415313,-0.14255856,-0.036091924,-0.043734085,-0.036628354,-0.012256972,-0.2432589,-0.39060944,-0.032010574,-0.24814913,-0.607166,-0.008094813,-0.26606974,-0.75942814,-0.010591631,-0.25919482,-0.90194434,-0.045267135,-0.05860269,-0.47493717,0.00070656807,-0.06942161,-0.7084426,0.007869338,-0.0680411,-0.8802173,-0.0053756996,-0.096719794,-0.9953117,-0.027164621,0.12646136,-0.45506787,0.018431311,0.16466495,-0.6613921,0.028745204,0.16671504,-0.7876925,0.004312647,0.20284085,-0.91458684,-0.00799917,0.3217632,-0.39277336,-0.0077860965,0.3170506,-0.5458217,0.0048536765,0.35384482,-0.6663817,-0.0007500773,0.3365308,-0.7470111,0.004889431
4,sintetico,Right,0.0,0.0,0.0,-0.2569752,-0.0045828414,-0.013602165,-0.17587759,-0.17043404,0.04960377,-0.027758192,-0.14721264,-0.0122138355,-0.04637554,-0.018435666,-0.020101445,-0.2882594,-0.3582403,-0.0404513,-0.3675584,-0.5575676,-0.012733078,-0.3867988,-0.7209189,0.0057943333,-0.41811317,-0.8045794,0.02120946,-0.119681306,-0.45912284,-0.01327507,-0.1564495,-0.67957556,0.022555761,-0.19194044,-0.8316132,0.002812676,-0.22669107,-0.9739667,-0.0039282152,0.065687545,-0.47644308,0.006593401,0.039318714,-0.65935147,0.026489403,0.0069197817,-0.7886972,0.0046476447,-0.016908275,-0.90416443,-0.013883892,0.23932128,-0.42129606,0.010610265,0.2391122,-0.56570417,0.010354519,0.24053797,-0.681808,0.00078932603,0.25400665,-0.77668184,0.02015924
4,sintetico,Right,0.0,0.0,0.0,-0.24807036,-0.10786374,-0.03822774,-0.15437074,-0.27008,-0.051669497,0.011123399,-0.24323489,-0.05048174,0.046928298,-0.11021442,-0.02712648,-0.15015078,-0.4227367,-0.03944678,-0.12503228,-0.645228,-0.04812346,-0.124343626,-0.8088913,-0.039202653,-0.08067164,-0.90763885,-0.024398772,0.04930283,-0.48192778,-0.032438856,0.10041204,-0.7108686,-0.038575727,0.13920045,-0.85200745,-0.03666985,0.19340962,-0.9811181,-0.033709377,0.2387367,-0.39893857,-0.027869632,0.25730082,-0.6188672,-0.02697891,0.2979757,-0.7512279,-0.056282245,0.30903175,-0.85553133,-0.028718963,0.38391685,-0.30390805,-0.036748383,0.42328623,-0.49090102,-0.046645455,0.46244842,-0.58566993,-0.03691022,0.48133725,-0.66609865,-0.013693752
4,sintetico,Right,0.0,0.0,0.0,0.26345384,-0.101700135,-0.02538185,0.13252932,-0.21657698,0.0063171233,0.0012111014,-0.13885722,0.0007468439,0.053389966,-0.01609975,0.0037732208,0.21345714,-0.41851392,0.01567036,0.2333545,-0.6232199,-0.0077846134,0.22388326,-0.79086715,-0.0040740133,0.25465596,-0.92049235,-0.015680188,0.01063159,-0.48309052,0.0034621956,0.010201663,-0.7129857,0.0030517094,0.019097276,-0.90428126,-0.003630754,0.018208323,-0.99983424,0.012130615,-0.17119347,-0.43850708,-0.015793975,-0.18990028,-0.65611666,0.0024225933,-0.1924354,-0.7881885,0.009845454,-0.18863057,-0.903877,-0.008050551,-0.3486947,-0.36963058,-0.02106712,-0.3439193,-0.5305353,-0.026105229,-0.37000057,-0.6438348,0.0028666202,-0.3811134,-0.73566645,0.026954778
4,sintetico,Right,0.0,0.0,0.0,0.27214867,-0.054782458,-0.012783393,0.14907952,-0.22336301,-0.020987036,0.029084701,-0.18913807,-0.013638525,0.025047896,-0.058494188,0.0031948888,0.21664058,-0.41400325,0.023607964,0.26030883,-0.5923264,-0.006324858,0.26255983,-0.7681915,-0.016116116,0.2592228,-0.88424695,0.031023718,0.06704622,-0.49168447,-0.0088469265,0.034259174,-0.70054346,-0.0155030945,0.048934978,-0.87825865,-0.009405256,0.07030422,-0.9975256,-0.0101904385,-0.135804,-0.44174907,0.017045802,-0.13805114,-0.6348078,-0.029370155,-0.16301225,-0.7901523,0.0063882065,-0.17139909,-0.9033572,-0.0031568885,-0.29367426,-0.38722837,-0.011760301,-0.3221571,-0.54573536,-0.008279817,-0.33945182,-0.64928454,-0.006936062,-0.3356037,-0.7533863,-0.0015955947
4,sintetico,Right,0.0,0.0,0.0,0.2557242,-0.09805739,-0.038715284,0.12934303,-0.22597875,-0.019023651,-0.0073578237,-0.18782033,-0.0049572783,0.0048607006,-0.05027026,-0.021135148,0.1869179,-0.43342838,-0.006160644,0.1760492,-0.62419236,-0.0001644872,0.16317092,-0.7816754,-0.011482703,0.18590398,-0.89732385,-0.026212048,-0.008746463,-0.47376704,0.0037527115,-0.043420512,-0.6945672,-0.022435436,-0.060913593,-0.8753773,-0.02243496,-0.04816581,-0.9988394,-0.0094888285,-0.18328844,-0.41760796,-0.022998344,-0.2645218,-0.60978687,-0.021713123,-0.32877246,-0.72987664,-0.024194138,-0.40545687,-0.83197933,-0.02099906,-0.32465893,-0.3401229,-0.014749933,-0.40239412,-0.49430093,-0.050654303,-0.44233814,-0.6044833,-0.019629827,-0.4766133,-0.68962824,-0.047216617
4,sintetico,Right,0.0,0.0,0.0,0.27911654,-0.012748022,0.016334731,0.20941263,-0.17364126,0.0024673522,0.06662652,-0.18303926,-0.014326057,0.02346583,-0.032728814,0.025242006,0.3151763,-0.32643518,0.02216467,0.37948823,-0.52410835,0.011695461,0.43513882,-0.6750278,0.012952028,0.48366702,-0.78118813,0.00914799,0.1666868,-0.45326486,-0.0033849094,0.23046736,-0.67041326,0.032139402,0.2717511,-0.83069694,0.010772145,0.3124237,-0.9499428,0.017794,-0.035107713,-0.4803469,0.0047230995,0.008080551,-0.67203176,0.019027967,0.022851598,-0.8145014,0.029696073,0.019462515,-0.92443,0.014831583,-0.21885587,-0.45341554,0.017777642,-0.18550114,-0.6150521,0.02563781,-0.18019454,-0.73295295,0.023045441,-0.15460776,-0.8182536,0.028161567
4,sintetico,Right,0.0,0.0,0.0,0.26038823,-0.08880544,-0.015673233,0.1278803,-0.24515158,0.004178158,0.004813315,-0.16107132,0.007098442,0.01636382,-0.034484286,0.050224304,0.17150137,-0.43188888,0.009083009,0.17887424,-0.63537455,-0.007107051,0.18225946,-0.7749944,0.024440872,0.15307073,-0.9011771,-0.0029978142,-0.01821568,-0.47765422,0.0113741355,-0.05103573,-0.70845985,0.02305063,-0.05296869,-0.88138086,-0.0057357647,-0.07474398,-0.99720275,0.03323807,-0.19625379,-0.4285528,0.027021328,-0.24661888,-0.62742907,0.014711837,-0.27471215,-0.75155294,0.036965363,-0.32556278,-0.878062,0.0030069712,-0.3449597,-0.34697896,0.021727918,-0.39247155,-0.48728922,0.013526892,-0.43051362,-0.6019247,-0.0010604709,-0.45410228,-0.6956048,-0.0005820525
4,sintetico,Right,0.0,0.0,0.0,0.2623087,-0.06291867,0.0031582697,0.1247164,-0.1877953,-0.0022430362,0.009424688,-0.1094663,0.010123861,0.0823661,0.0029500371,0.015118837,0.23399557,-0.41012332,-0.0008505174,0.2641926,-0.61701626,0.010972663,0.21534424,-0.76740634,0.017045436,0.19092977,-0.8916124,-0.0075129834,0.038236476,-0.48535553,0.0039767004,0.03363284,-0.7090012,0.04035355,0.0039742286,-0.8854156,0.004697654,-0.0065389164,-0.9999786,0.024801431,-0.15508267,-0.46670282,0.0075510354,-0.13403389,-0.6529668,0.01758991,-0.15669681,-0.8016472,0.0034396236,-0.15383613,-0.894596,-0.012229219,-0.31497812,-0.38303658,0.008494663,-0.34378198,-0.5447238,0.021019228,-0.36581892,-0.6591441,0.02437369,-0.3860253,-0.75388366,0.016780155
4,sintetico,Right,0.0,0.0,0.0,-0.276461,-0.06793815,-0.0030794085,-0.16619606,-0.22896492,0.0029399418,-0.029491216,-0.19544902,-0.004129084,-0.004009029,-0.055775773,-0.0020954066,-0.24495502,-0.40273038,0.02119267,-0.24379696,-0.6216776,-0.00512803,-0.22927257,-0.7710749,0.0022129097,-0.2198271,-0.8746152,-0.011513684,-0.05944648,-0.47824788,0.017332045,-0.053137157,-0.71600145,-0.0155464625,-0.07378073,-0.89461017,-0.0028398163,-0.08503404,-0.99637806,0.013119099,0.14649066,-0.46600652,-0.014859126,0.1326833,-0.6789698,0.011384294,0.15318447,-0.80577475,-0.0327662,0.14709091,-0.92111707,-0.018279029,0.3234999,-0.39071825,-0.0031773783,0.33105373,-0.55268383,0.034719992,0.32702318,-0.67632407,0.00045000782,0.34216136,-0.7585109,0.0007724042
4,sintetico,Right,0.0,0.0,0.0,-0.26711708,-0.03905492,-0.0049704807,-0.15366377,-0.2036557,-0.043975748,-0.024032352,-0.11552406,0.0026426103,-0.059668567,-0.011283081,-0.037432246,-0.2515573,-0.4048923,-0.003966134,-0.2649979,-0.5994923,-0.025390174,-0.29888615,-0.76842237,0.026234968,-0.3101551,-0.8875691,-0.027649721,-0.050142206,-0.49075666,-0.019234588,-0.0551095,-0.7123861,-0.015447939,-0.06940713,-0.8705306,-0.021980606,-0.09097974,-0.99585277,-0.034280196,0.14067316,-0.44548824,0.01789518,0.16760714,-0.6518499,-0.027980829,0.2118964,-0.785358,-0.028564787,0.24927914,-0.8728212,-0.019811042,0.30235687,-0.38183516,-0.01487838,0.34204474,-0.5505983,-0.029190116,0.35352427,-0.6800973,-0.002487731,0.3529502,-0.74705845,-0.015538818
4,sintetico,Right,0.0,0.0,0.0,-0.26107243,-0.12492758,-0.020364566,-0.12549004,-0.24557285,-0.021321174,0.047668826,-0.16904017,-0.0029582097,-0.016490465,-0.045457263,-0.0041426425,-0.16682927,-0.425408,-0.020210132,-0.14361122,-0.674121,0.0050007673,-0.1118358,-0.8110592,-0.0012657678,-0.08492825,-0.9129889,0.010088445,0.051376704,-0.4841072,-0.010497411,0.08359987,-0.68897784,0.0022733281,0.119755104,-0.8823186,-0.013147284,0.124709316,-0.99219334,-0.0017228159,0.22989805,-0.41762346,-0.0044441153,0.25814,-0.61844194,0.0028362041,0.27976298,-0.7536945,-0.00204332,0.3238976,-0.87759054,-0.037805878,0.37625542,-0.3290618,-0.019061198,0.42902628,-0.4815562,-0.00852249,0.44241253,-0.5658116,-0.0028322004,0.46375394,-0.69286907,0.0024911703
4,sintetico,Right,0.0,0.0,0.0,-0.25562185,-0.13132086,-0.0059259394,-0.09372696,-0.2501685,0.024746612,0.0102226455,-0.15395014,0.011419567,-0.036038924,-0.031580634,0.009526074,-0.13917322,-0.46870208,0.0022773247,-0.09835922,-0.65757376,0.026714861,-0.08987618,-0.80569893,0.0066485023,-0.07551376,-0.925255,0.035669006,0.075251386,-0.4706627,0.0317718,0.14270377,-0.68354416,0.034726456,0.18262118,-0.85003936,0.027823528,0.2286496,-0.9735088,0.004059167,0.24225785,-0.39290574,0.014002758,0.29253334,-0.5912108,0.010145639,0.32534894,-0.7416508,0.025863463,0.3487417,-0.8399892,0.013051055,0.3898866,-0.31674695,0.009539158,0.46905804,-0.45378202,0.038239583,0.5237743,-0.5523979,0.008268439,0.57737267,-0.63997525,0.0037848747
4,sintetico,Right,0.0,0.0,0.0,-0.28050974,-0.002002235,0.008998552,-0.21243161,-0.16364518,-0.013215312,-0.08075074,-0.19705932,-0.010086994,-0.008376532,-0.057159826,-0.0027113718,-0.32640988,-0.34214637,-0.016874757,-0.38563138,-0.5291355,-0.04082811,-0.39707845,-0.66720074,-0.014960115,-0.43692067,-0.8105801,0.014810777,-0.1533062,-0.4552856,-0.0021068784,-0.22873478,-0.653523,-0.00983101,-0.28275535,-0.826044,0.0008369403,-0.29246834,-0.9562752,-0.013311047,0.038281206,-0.47120336,-0.010579748,-0.01583463,-0.66520125,-0.01781675,-0.06443393,-0.8023085,-0.0035417345,-0.0452176,-0.9190188,-0.019464798,0.19895971,-0.4448922,-0.01599545,0.18599483,-0.60565156,0.002764809,0.16712035,-0.71284765,-0.01409511,0.15256616,-0.7862192,-0.0021632968
4,sintetico,Right,0.0,0.0,0.0,0.25854817,-0.09108412,0.016144907,0.098334186,-0.23174846,-0.008420805,-0.0036500338,-0.14366835,0.025470765,0.052530307,-0.004096501,0.008962563,0.18813278,-0.43387282,0.011866235,0.17661694,-0.65536296,0.020536631,0.179869,-0.79338664,0.017901728,0.17040013,-0.9286481,0.016670745,-0.041017916,-0.49031448,-0.003942427,-0.052076932,-0.7294116,-0.010336669,-0.049262185,-0.8798092,0.0013549761,-0.07381621,-0.99727184,0.012031307,-0.19948612,-0.42223698,-0.012801045,-0.23322757,-0.62523484,0.013561431,-0.2628224,-0.7765267,0.010621251,-0.2666287,-0.89275324,0.0027725622,-0.3572894,-0.33431625,0.00620579,-0.38035282,-0.5064742,0.006256407,-0.43730038,-0.606024,0.011568596,-0.4364113,-0.6980772,0.015869182
4,sintetico,Right,0.0,0.0,0.0,-0.27771914,-0.043097854,0.009085208,-0.12073434,-0.18636051,-0.010012229,-0.019291652,-0.078354776,-0.010628481,-0.13090341,0.026657403,-0.027086645,-0.2505911,-0.38567382,0.006997326,-0.28163177,-0.60190284,-0.008389769,-0.31541657,-0.75157,0.03474055,-0.32771564,-0.86997604,-0.005710939,-0.06494983,-0.4860224,0.020349652,-0.09937945,-0.7132313,0.01880249,-0.10379336,-0.870719,-0.0022794604,-0.12563679,-0.9920763,-0.009720183,0.13235277,-0.45801625,-0.0005915369,0.09987998,-0.6487904,0.018658943,0.10330382,-0.802524,0.03610506,0.1072292,-0.9165075,-0.017272737,0.29604578,-0.39444366,0.001667244,0.32749522,-0.563325,-0.0077154716,0.31028098,-0.67770284,-0.0040339157,0.3088767,-0.7678608,0.027331527
4,sintetico,Right,0.0,0.0,0.0,-0.27410436,-0.036936607,-0.0075743864,-0.17289382,-0.2239492,0.037424404,-0.029096952,-0.2146904,-0.013819019,-0.0071050967,-0.06363513,-0.007909274,-0.24991912,-0.39592338,0.036423232,-0.27366698,-0.60527855,0.009486292,-0.32167134,-0.7675906,0.00827986,-0.33894864,-0.8809045,0.0011315949,-0.07343374,-0.48355058,0.011034173,-0.06777963,-0.6979529,0.00424912,-0.100815915,-0.87266535,-0.0006048123,-0.08999021,-0.99594265,-0.011200866,0.13929938,-0.4637899,0.01170847,0.11513786,-0.6632288,0.0015812506,0.13153827,-0.8265418,0.0036140385,0.13314198,-0.9308366,0.021551482,0.29686671,-0.37339652,0.0030325928,0.31279418,-0.5711099,0.00932244,0.30519933,-0.681278,0.037665293,0.3255237,-0.78448826,0.017165186
4,sintetico,Right,0.0,0.0,0.0,-0.25954157,-0.072215065,-0.010474621,-0.13621156,-0.23136604,-0.0016732967,-0.015317722,-0.17358214,0.007093763,-0.004011442,-0.051677037,0.011915774,-0.21219304,-0.40828985,0.024365153,-0.23847581,-0.61878556,0.0029397262,-0.24497952,-0.7631654,-0.001614665,-0.242104,-0.8761304,-0.01778073,-0.013490669,-0.4950737,0.008983646,-0.024133239,-0.719889,-0.0041063908,-0.010231273,-0.8673369,-0.00010587052,-0.02306829,-0.99973387,-0.0059477207,0.1732509,-0.43346524,-0.005484525,0.18436025,-0.6331871,0.015062152,0.2144317,-0.7749246,0.0023878245,0.25363052,-0.86946714,0.028881464,0.32636994,-0.36847478,-0.014974294,0.3504353,-0.52938974,0.023785392,0.3760848,-0.6190586,-0.00474579,0.3810277,-0.7346226,0.0024198343
4,sintetico,Right,0.0,0.0,0.0,-0.24278885,-0.14072512,0.015041922,-0.07349262,-0.24987486,0.013412552,0.027687654,-0.13851878,-0.01375144,-0.043080524,-0.045822266,0.0022972086,-0.115845285,-0.45127845,-0.005377063,-0.05014897,-0.6686232,-0.009866066,-0.010018168,-0.80411035,0.013381426,0.03433048,-0.90732807,0.0013669136,0.11665773,-0.47577363,0.022504326,0.1788837,-0.6878021,0.0048622694,0.25614077,-0.82262784,0.011979879,0.3020842,-0.9532812,-0.045454465,0.27527273,-0.38291955,-0.0012169537,0.3360491,-0.592375,0.004200571,0.40473711,-0.7000598,0.0056569614,0.4669669,-0.8093287,0.021782072,0.40497848,-0.2552244,0.007166221,0.46199074,-0.4299804,-0.021702249,0.510196,-0.5137965,0.00592584,0.5350732,-0.62398684,0.0106406985
4,sintetico,Right,0.0,0.0,0.0,-0.2601131,-0.0786693,-0.020679435,-0.15645833,-0.2406488,-0.023878848,0.0013058683,-0.19152203,0.0006845841,0.0057048863,-0.06683614,-0.0013258023,-0.20585322,-0.44329986,-0.0063983374,-0.20676504,-0.6363065,0.009514192,-0.22645892,-0.7904888,0.016789513,-0.22845048,-0.9022717,0.0045307395,-0.0070738005,-0.484744,-0.02373806,0.018890541,-0.73499465,-0.0011795528,0.03509096,-0.87819415,-0.01148188,0.07998353,-0.9967962,-0.02109353,0.16689195,-0.42994133,-0.023649212,0.20307474,-0.6401751,-0.009208941,0.188733,-0.7927223,-0.0013832661,0.21632743,-0.9041411,0.006655499,0.3248537,-0.36084595,-0.0034230952,0.37759563,-0.5159271,-0.0048548747,0.4285574,-0.6240867,-0.015999485,0.46021393,-0.71120703,-0.009962803
4,sintetico,Right,0.0,0.0,0.0,-0.23985614,-0.11870928,-0.025373906,-0.12457692,-0.27400136,-0.045833036,0.0136136385,-0.21989986,-0.018657614,0.031696018,-0.08404368,-0.026818428,-0.13940994,-0.45842174,-0.01175708,-0.10228605,-0.65893203,-0.022776604,-0.07607863,-0.8203408,-0.019519031,-0.06279449,-0.9317389,-0.031722985,0.067938335,-0.48427218,-0.040863663,0.124604456,-0.6975357,-0.013587319,0.14534235,-0.84257686,-0.033105817,0.18702298,-0.98235554,-0.01881663,0.2357916,-0.40219566,-0.00212184,0.32602772,-0.6118477,-0.027479084,0.41032004,-0.7277618,-0.014229559,0.4669188,-0.81147665,-0.0254883,0.38583857,-0.30990955,-0.030635687,0.43043733,-0.45789227,-0.049090642,0.47690052,-0.57518303,-0.025623966,0.5127162,-0.644753,-0.027547475
4,sintetico,Right,0.0,0.0,0.0,-0.27887633,-0.004180482,-0.032900024,-0.1838439,-0.20182148,-0.0058011767,-0.052410573,-0.19401893,-0.011001812,-0.021872496,-0.056985687,-0.0029681285,-0.29144266,-0.37903577,0.00071869756,-0.35705784,-0.5689913,-0.025147045,-0.40858105,-0.72824293,-0.011648854,-0.43203664,-0.8294627,0.009069269,-0.097458936,-0.47218803,-0.005711495,-0.18499885,-0.7093487,-0.011509041,-0.1611531,-0.8628631,-0.02753897,-0.2395007,-0.9708962,-0.0022853238,0.064840786,-0.46212634,-0.030011661,0.06960166,-0.65407586,-0.012629941,0.09193675,-0.8209063,-0.017116753,0.14989099,-0.9290123,-0.004428136,0.26020026,-0.41858226,-0.018658174,0.24778657,-0.6028526,-0.014782197,0.23321697,-0.7108571,-0.023133447,0.24032822,-0.79200137,-0.013634446
4,sintetico,Right,0.0,0.0,0.0,0.24014242,-0.12223607,-0.027512439,0.10958311,-0.2200788,-0.030318394,-0.008622128,-0.12982945,-0.036191605,0.047013145,-0.030446036,-0.030328257,0.15494819,-0.41944984,-0.025780365,0.15543146,-0.6355998,-0.049712606,0.1588492,-0.7663763,-0.024281515,0.17067847,-0.88013476,-0.032030683,-0.03292266,-0.46153575,-0.017973006,-0.064827025,-0.649368,0.011582412,-0.086776026,-0.8562797,-0.040664755,-0.10693861,-0.9942656,0.00072306604,-0.19971064,-0.40331656,0.01110031,-0.23584422,-0.5965144,-5.5777356e-05,-0.2639075,-0.72327316,-0.009936391,-0.2834526,-0.8439122,0.0054857465,-0.37316224,-0.30636114,-0.0053252606,-0.40684593,-0.46319202,0.0022589327,-0.47078496,-0.5810882,-0.013487695,-0.48504063,-0.65013224,-0.032202143
4,sintetico,Right,0.0,0.0,0.0,0.27045992,-0.019607345,0.0140238125,0.16835979,-0.19055398,0.010864068,0.026314909,-0.12267634,-0.014087989,0.0699237,0.008360655,0.012555131,0.29330644,-0.35314608,0.017863723,0.3001554,-0.5637878,0.036391955,0.2729359,-0.71465564,0.0045443927,0.22535989,-0.81671333,0.030446429,0.11070726,-0.46311077,-0.00020642111,0.16041198,-0.69889826,0.039687935,0.19041626,-0.85460967,-0.0029845892,0.22148213,-0.9751644,0.015093254,-0.06620528,-0.46241742,0.009892972,-0.048023954,-0.65295905,0.02746686,-0.024803355,-0.7854928,0.02549544,-0.03511321,-0.90237373,-0.00952043,-0.25618693,-0.41464168,0.0007948781,-0.24468845,-0.59506476,0.036764678,-0.21011277,-0.71104676,0.0071535893,-0.22506014,-0.7699292,0.017595006
4,sintetico,Right,0.0,0.0,0.0,-0.2683304,-0.11432497,0.018840237,-0.10222544,-0.24783914,-0.0011004488,0.024528572,-0.19789244,0.018405741,0.025447683,-0.07747481,0.0045479005,-0.14503647,-0.44272166,0.002752265,-0.11990171,-0.65064853,0.021470113,-0.10792934,-0.7989204,0.004950845,-0.102951914,-0.9064576,0.0039002788,0.050197467,-0.47639522,0.02137142,0.10323952,-0.6986601,-0.006567478,0.12544195,-0.87386876,0.01110431,0.15703905,-0.9875924,-0.0074139843,0.24011739,-0.41578,-0.0046398565,0.31439063,-0.59420866,0.03385489,0.3253808,-0.7234472,0.00966646,0.40016052,-0.83569366,0.005080605,0.39774325,-0.2902089,0.02898138,0.44994318,-0.45161164,0.04064154,0.49922755,-0.5686129,0.019847222,0.539761,-0.62173194,0.031568956
4,sintetico,Right,0.0,0.0,0.0,0.27236003,-0.018068444,0.0032520487,0.19520558,-0.20402348,0.0023281018,0.032669723,-0.18278034,-0.03004211,0.018651666,-0.051002335,0.0021438382,0.28504333,-0.36202484,0.016576076,0.35869685,-0.55096424,0.008736839,0.38740203,-0.7238332,0.024310585,0.441128,-0.82314706,0.012969627,0.10128691,-0.46647775,0.00853764,0.15374215,-0.686857,0.014584094,0.1931307,-0.8715218,0.0063917153,0.22568035,-0.9742014,-0.003696858,-0.07900511,-0.46510974,-0.0013192382,-0.04453526,-0.66441494,-0.036561333,-0.03372614,-0.8098989,0.025623634,-0.031329557,-0.929661,-0.002409577,-0.25928733,-0.4246837,-0.01562124,-0.25936612,-0.5888742,-0.005036379,-0.28083816,-0.6972107,0.02815733,-0.2870169,-0.7879883,0.0018129409
4,sintetico,Right,0.0,0.0,0.0,-0.25561926,-0.091165274,0.037852846,-0.13726449,-0.24037066,0.0589461,0.010825456,-0.16050825,0.05919469,-0.024487512,-0.030346962,0.07067448,-0.18206052,-0.44885844,0.073793516,-0.15056926,-0.6466881,0.10092156,-0.074028015,-0.79354495,0.051345665,-0.006544709,-0.89520824,0.03200932,0.027520122,-0.50269854,0.048741832,0.06101915,-0.705818,0.09139066,0.11825594,-0.8802537,0.064156935,0.1524288,-0.98831445,0.08051647,0.19777356,-0.4234354,0.054733198,0.23951398,-0.6200678,0.055738825,0.25102267,-0.77113116,0.03588823,0.2737237,-0.8834316,0.058532342,0.37964302,-0.32093513,0.06412389,0.4177881,-0.5089526,0.07814574,0.42701137,-0.6010154,0.0731293,0.45835513,-0.7028155,0.09647061
4,sintetico,Right,0.0,0.0,0.0,0.27786216,-0.061825436,0.014986224,0.16602628,-0.22505508,0.007476235,0.022576805,-0.18439186,-0.007906332,0.027275551,-0.032934222,-0.0008640606,0.22733004,-0.40655133,-0.012835515,0.24151401,-0.6213316,-0.022189792,0.27699807,-0.77554524,0.004034342,0.26760992,-0.8857497,-0.026526142,0.028250515,-0.48195595,-0.0057257623,0.0325771,-0.70267373,-0.039200835,0.06202517,-0.89575166,-0.001626911,0.063134365,-0.99800503,-0.014283089,-0.15213291,-0.44341856,0.006259363,-0.15409933,-0.6329384,-0.0062812525,-0.15615194,-0.7850912,-0.004776283,-0.17363006,-0.91848606,-0.0019249442,-0.33316392,-0.3979591,-0.012450824,-0.3315315,-0.542909,-0.011738669,-0.34317565,-0.6503436,-0.011731746,-0.37686208,-0.7300721,-0.004737964
4,sintetico,Right,0.0,0.0,0.0,0.264262,-0.066061795,-0.0067321067,0.16993333,-0.23009393,0.0030036615,0.015660917,-0.18990494,-0.0038204787,0.017355839,-0.05832366,-0.029290617,0.23967318,-0.39111033,-0.034986537,0.26037702,-0.58691084,-0.043559015,0.27054143,-0.7810987,-0.023582242,0.26797003,-0.8791523,-0.027029607,0.040514365,-0.48223656,-0.02798966,0.06161731,-0.7136238,-0.0391929,0.08838845,-0.8705033,-0.022231659,0.07954412,-0.99683136,-0.032819193,-0.13544132,-0.44995698,-0.03425377,-0.15053685,-0.64299315,-0.025040813,-0.14694872,-0.8146189,-0.028486423,-0.12875615,-0.9064655,-0.04770294,-0.30528423,-0.38322812,-0.038603302,-0.3532527,-0.54372084,-0.019785684,-0.3876311,-0.6416586,-0.028056864,-0.44154373,-0.72189367,-0.05506233
4,sintetico,Right,0.0,0.0,0.0,-0.25963625,0.0011630015,0.0018274242,-0.18238977,-0.16572782,0.016189724,-0.054177705,-0.13200535,-0.007337675,-0.045027446,0.011101379,-0.020011552,-0.31110153,-0.3319113,-0.018476622,-0.3973792,-0.5150805,0.026819061,-0.45434418,-0.65808535,-0.036355752,-0.4858626,-0.7707975,-0.026095875,-0.14338455,-0.46063247,-0.008012215,-0.22921307,-0.6531679,-0.017547136,-0.2847446,-0.82206947,0.0037802886,-0.3088567,-0.9511086,0.0024796815,0.034772974,-0.44635305,-0.016350118,-0.0107672755,-0.6508064,0.0139663555,-0.062825404,-0.79357964,-0.024807917,-0.08380959,-0.897058,-0.019363334,0.1995595,-0.42426178,0.014988246,0.17557903,-0.5868369,-0.027813567,0.16308883,-0.70951486,-0.003239446,0.15562928,-0.79366887,0.014925724
4,sintetico,Right,0.0,0.0,0.0,-0.2543207,-0.07982527,0.010697978,-0.18251751,-0.26014543,-0.01839498,-0.034655746,-0.2581312,-0.009118611,0.04717457,-0.14040485,-0.031870004,-0.19471526,-0.41703746,-0.027090413,-0.2042272,-0.62901056,-0.012876078,-0.21275933,-0.788384,-0.051327027,-0.23640104,-0.8970328,-0.008466373,0.0032164867,-0.48279816,-0.026740769,0.027315922,-0.7017938,-0.03375562,0.036730185,-0.84736454,-0.013720335,0.07777065,-0.99697125,0.0006874227,0.1858987,-0.4306261,-0.023302896,0.18761797,-0.6365133,-0.01503275,0.19896778,-0.7812848,-0.012825078,0.22234876,-0.8909596,-0.015745241,0.330788,-0.3576647,-0.032646175,0.3662931,-0.52028364,-0.0159705,0.3847186,-0.62212414,-0.01650835,0.3995018,-0.72061527,-0.056329682
4,sintetico,Right,0.0,0.0,0.0,0.2933279,-0.024648832,-0.002289957,0.15327178,-0.19390908,-0.020657636,0.040994447,-0.13243371,0.008587278,0.0433057,0.014292794,0.014066956,0.2705573,-0.37609172,0.015960304,0.33556637,-0.5730281,0.002983032,0.33943927,-0.72466594,-0.009072721,0.36398518,-0.85302293,-0.004567867,0.08681358,-0.47451967,0.0030495592,0.10442743,-0.68503374,0.00028068508,0.1322897,-0.85702735,-0.0129423095,0.14436592,-0.98952436,-0.026337305,-0.11302309,-0.4588129,-0.008309093,-0.113451146,-0.66252214,-0.003849598,-0.14376038,-0.79801124,0.005527382,-0.18896589,-0.90538645,-0.0059742425,-0.28314337,-0.41033077,-0.00344325,-0.27004477,-0.5697107,0.0023667384,-0.2755835,-0.6889935,0.025648033,-0.2661031,-0.77098566,-0.0020811139
4,sintetico,Right,0.0,0.0,0.0,-0.24890031,-0.09344526,0.025928799,-0.14755665,-0.265502,0.01973154,0.00037089392,-0.21727128,0.00871796,0.032478563,-0.08804566,0.006947244,-0.16559242,-0.45220903,0.0008613296,-0.15864775,-0.6568106,0.0327562,-0.16926925,-0.8121704,0.011748499,-0.16173407,-0.9263613,0.020691164,0.018551547,-0.50488156,0.01529449,0.08832797,-0.699921,0.011926349,0.1649438,-0.85157824,0.020945242,0.22580053,-0.97417355,0.02405389,0.20897202,-0.415424,0.017798616,0.2837576,-0.6257171,0.012315133,0.322359,-0.753685,-0.0027208584,0.38048372,-0.8582708,0.005370887,0.36823276,-0.33921126,0.010352389,0.42937586,-0.47565836,0.015747603,0.4638575,-0.57900304,-0.013648016,0.50810343,-0.6837135,0.025853751
4,sintetico,Right,0.0,0.0,0.0,-0.25335848,-0.061370946,-0.029173097,-0.15743321,-0.2008558,0.012055963,-0.014093509,-0.17346555,0.0037290377,-0.032709062,-0.041042175,-0.01965229,-0.23016259,-0.4068579,-0.054378837,-0.25074807,-0.60094756,-0.025246788,-0.27822986,-0.7631899,0.018344646,-0.28266966,-0.88592136,-0.012491953,-0.037077643,-0.4733971,-0.022376826,-0.056250926,-0.70655036,-0.029749427,-0.05518721,-0.8551309,-0.0048729116,-0.0742771,-0.9972376,-0.013462852,0.15770718,-0.43268847,-0.014887277,0.14402121,-0.6455736,-0.00074113626,0.15312982,-0.7825819,-0.0016327508,0.16369165,-0.8885953,-0.012341823,0.29883814,-0.39114204,-0.04594058,0.32230374,-0.55802613,-0.035905227,0.35109434,-0.66651076,-0.029834572,0.343287,-0.74991786,-0.020218346
4,sintetico,Right,0.0,0.0,0.0,0.2770999,-0.07992682,-0.017235836,0.12992212,-0.19619112,-0.0678718,0.009465104,-0.122663416,-0.020711968,0.08467631,-0.006671427,-0.022720926,0.22845022,-0.4160622,-0.0062923,0.21026827,-0.6134724,-0.037652373,0.19382337,-0.74533576,-0.015796872,0.13671815,-0.89029974,-0.040287726,0.054644346,-0.49345955,-0.029400146,0.051035784,-0.726896,-0.052108057,0.059808902,-0.88558036,-0.05750099,0.033754364,-0.9994302,-0.019624347,-0.14299084,-0.44798106,-0.03424199,-0.13359292,-0.652249,-0.055919774,-0.15622765,-0.8029171,-0.020554367,-0.18262617,-0.9223076,-0.08047566,-0.30017555,-0.39513147,-0.047971882,-0.31903177,-0.56169677,-0.062333044,-0.34987566,-0.6739444,-0.014061788,-0.33844832,-0.75554806,-0.04162006
4,sintetico,Right,0.0,0.0,0.0,0.2780011,-0.04895449,-0.012719296,0.15785915,-0.20744988,-0.03643153,0.004956996,-0.16356444,-0.022350034,0.023359774,-0.042418845,-0.030177563,0.20856029,-0.40535522,-0.00448996,0.23299927,-0.6149235,-0.033520814,0.2656324,-0.73978543,0.014427542,0.26224104,-0.8733578,-0.00078047905,0.06122553,-0.47682306,-0.038367867,0.019373858,-0.6982869,0.006787137,0.00898481,-0.8647251,-0.0075411573,-0.022193532,-0.9997537,-0.02142594,-0.1456048,-0.424516,-0.008394328,-0.15060729,-0.63964474,-0.00446897,-0.17454994,-0.775938,-0.031009262,-0.20804974,-0.89718366,-0.005883387,-0.31470373,-0.36906123,-0.025874613,-0.33676654,-0.5351866,-0.0062098224,-0.3631788,-0.66137284,-0.02120188,-0.40551877,-0.7136208,-0.034936216
4,sintetico,Right,0.0,0.0,0.0,0.2738019,-0.05594246,0.022760913,0.15146314,-0.21718115,0.028397597,-0.0119870175,-0.15783204,-0.019076992,0.05898758,-0.004996694,0.020655105,0.24010779,-0.39907837,0.023073422,0.2601872,-0.62814313,0.0061840042,0.2766459,-0.7666145,0.022426242,0.28645164,-0.88857394,-0.005442142,0.029739495,-0.46546683,-0.0069972943,0.059858408,-0.7102415,-0.006929339,0.06383561,-0.8603099,0.012303233,0.061801147,-0.9980885,-0.00044792934,-0.13797042,-0.4432513,-0.01017101,-0.15148292,-0.6572934,-0.009417777,-0.17324145,-0.7968447,0.0010999045,-0.1782483,-0.9195659,-0.012267603,-0.3163546,-0.372326,0.011586821,-0.34650138,-0.5349811,0.019866211,-0.3745651,-0.64776075,0.016388597,-0.4073968,-0.7319746,0.046839997
4,sintetico,Right,0.0,0.0,0.0,0.24863,-0.07280761,-0.013453992,0.11402922,-0.22953351,0.021018978,0.0042635766,-0.16528952,0.0021869848,0.025954178,-0.033576008,0.006543676,0.19955626,-0.4120476,0.009694109,0.1948873,-0.6156785,-0.0008125843,0.1353848,-0.76530164,0.015779236,0.10061147,-0.8787103,0.028846417,-0.009312756,-0.47709438,0.018238774,-0.004770667,-0.70763546,-0.024030713,0.012232103,-0.8547537,0.0046351682,-0.023044445,-0.99973446,0.005345444,-0.19390403,-0.42457157,0.022344725,-0.18889853,-0.6198384,-0.0056686327,-0.2060557,-0.7673535,-0.013352266,-0.20618567,-0.8755886,0.015985454,-0.3452473,-0.3559731,0.002617416,-0.3468478,-0.5030551,-0.006836417,-0.39089805,-0.6140827,-0.0011495718,-0.40264773,-0.7007885,-0.019148821
4,sintetico,Right,0.0,0.0,0.0,-0.2727794,-0.076336674,-0.022088902,-0.17071865,-0.2130504,0.010182537,-0.014755236,-0.16667433,0.018674675,-0.031307906,-0.025517602,0.022425653,-0.22778946,-0.40303588,0.010147558,-0.26884842,-0.6239619,-0.0034404541,-0.30648246,-0.76669204,0.004100614,-0.3061487,-0.8826748,0.025703117,-0.031866837,-0.4981448,-0.0028036719,-0.055578407,-0.7123572,-0.016551988,-0.045382027,-0.8742092,0.03170109,-0.0371569,-0.9993094,-0.014064899,0.14043084,-0.44024011,-0.02191656,0.11872295,-0.6567692,0.0048975176,0.13886863,-0.824259,0.006168597,0.13812128,-0.93187636,0.0068674753,0.30857918,-0.38575277,0.012825895,0.32519042,-0.5533172,-0.001920477,0.33695233,-0.65083396,-0.0017161703,0.34560782,-0.7614976,-0.007756075
4,sintetico,Right,0.0,0.0,0.0,-0.23761061,-0.104093574,0.012870481,-0.105941996,-0.23821312,-0.0072426125,0.018600244,-0.1641289,0.013121122,-0.024176182,-0.044443436,0.009693115,-0.17453837,-0.4134583,0.009105325,-0.13806178,-0.64840734,0.014015039,-0.12547639,-0.7825906,0.024911992,-0.09421619,-0.91894567,-0.00041100752,0.04133577,-0.47505227,0.031677004,0.0858176,-0.69052535,0.03437094,0.15590754,-0.86090165,0.051642027,0.17769107,-0.98408633,0.021047084,0.21581572,-0.43013725,0.03996119,0.26483774,-0.62314236,0.031979114,0.27245352,-0.7495353,0.019345015,0.31403595,-0.8691626,-0.003279087,0.36995026,-0.31366172,0.03067402,0.40810454,-0.4769506,0.020137371,0.42844504,-0.5894887,0.04501348,0.47901332,-0.66342175,0.028181886
4,sintetico,Right,0.0,0.0,0.0,0.25450242,-0.12079852,0.023670431,0.08766456,-0.256945,-0.0024281093,-0.018298581,-0.14341144,0.020754103,0.04386472,-0.041042928,-0.0045394455,0.1301562,-0.450107,-0.012906296,0.13833028,-0.64593786,0.02835738,0.09422391,-0.8013801,0.002760297,0.094499886,-0.9398661,0.025691383,-0.068012625,-0.4778243,0.021741636,-0.10601298,-0.7145707,0.021406844,-0.15063238,-0.8688341,0.009866638,-0.18451719,-0.9828293,0.017263282,-0.24741338,-0.4170934,0.009430532,-0.28648186,-0.6034319,0.03330511,-0.32680348,-0.74003494,0.012014555,-0.34507024,-0.8632719,0.01551301,-0.4009419,-0.30004805,0.030321332,-0.4530389,-0.46660283,0.009949221,-0.5143903,-0.56297064,-0.007492393,-0.53491104,-0.6450475,0.003396883
4,sintetico,Right,0.0,0.0,0.0,0.26939481,0.010135942,0.013286591,0.18901736,-0.18718606,0.026827622,0.02093687,-0.12837003,0.006436085,0.05891374,0.017795594,0.025834681,0.32613084,-0.32827643,0.005847215,0.40070465,-0.5223744,0.018893704,0.44702947,-0.68582165,0.02249777,0.4738357,-0.78913534,0.000545252,0.15842238,-0.47289282,0.022231497,0.20682552,-0.6690035,0.039422404,0.24892567,-0.8400954,0.013872428,0.26631853,-0.96388507,0.017733488,-0.028668325,-0.4745947,0.020226868,0.0025744268,-0.6657519,0.017933428,0.023626441,-0.8087517,0.016995158,0.04435373,-0.9214118,0.015906224,-0.22401817,-0.43807054,-0.0054318244,-0.21458285,-0.61288214,0.023038995,-0.23780099,-0.72266746,0.0015078632,-0.27459887,-0.808317,0.021961669
4,sintetico,Right,0.0,0.0,0.0,-0.2584898,-0.050621264,0.0104034245,-0.15805398,-0.21673444,0.009980059,-0.027364712,-0.14590383,-0.003740257,-0.047231883,-0.015970463,-0.0061869016,-0.23445974,-0.39971375,0.002543461,-0.28685448,-0.59765935,-0.0031881013,-0.297263,-0.75745255,-0.018407961,-0.28837413,-0.8839818,0.01330057,-0.046850055,-0.48286545,0.011141354,-0.0766987,-0.72879696,-0.007615705,-0.102223426,-0.85409147,-0.009001448,-0.091712,-0.9957856,0.009973841,0.15240796,-0.45611668,0.028021604,0.13072409,-0.6725084,0.017575355,0.13416484,-0.8055113,0.02014453,0.14015558,-0.90767545,-0.0013547895,0.31004712,-0.3830774,0.008928853,0.30294997,-0.5577837,0.0011031236,0.32281643,-0.6559283,-0.0073770527,0.3260473,-0.7644672,0.0057892385
4,sintetico,Right,0.0,0.0,0.0,-0.27111217,0.0065743485,0.038486503,-0.21861745,-0.1935399,0.002012503,-0.070950285,-0.17340353,0.05425327,-0.020930314,-0.048393678,0.039460808,-0.32615474,-0.34250185,0.0018275817,-0.39821425,-0.5394132,0.023837676,-0.4620131,-0.67952573,0.034331426,-0.5105403,-0.7893679,-0.00032058035,-0.15068485,-0.45464456,0.02890498,-0.22196133,-0.6727749,0.03680243,-0.2610865,-0.83831376,-0.0015481395,-0.28383276,-0.9588738,0.040780433,0.030629763,-0.4555231,0.027683938,-0.007001975,-0.65287054,0.043347407,-0.061010275,-0.81204796,0.02603337,-0.07275192,-0.9372283,0.013662602,0.21792822,-0.44749397,0.012194328,0.17354657,-0.6161209,0.024866274,0.18715101,-0.71355283,0.026721293,0.15466577,-0.8184742,0.045561824
4,sintetico,Right,0.0,0.0,0.0,0.2585866,-0.09619082,-0.0059888465,0.1305383,-0.22589967,0.008321279,-0.005853139,-0.1787408,0.009531005,0.017700508,-0.05190078,-0.0015156087,0.18650606,-0.43477094,0.0051028132,0.15731715,-0.628909,0.010604102,0.17750101,-0.7889676,0.0016101546,0.16287506,-0.9098232,-0.0023717675,-0.008033929,-0.47209653,-0.0003554328,-0.033258524,-0.7110662,0.018092588,-0.044989888,-0.85880387,-0.0049056686,-0.064329825,-0.9979287,0.004549929,-0.20264362,-0.42507058,-0.017009163,-0.21151379,-0.6286603,0.016393244,-0.24665134,-0.76398975,0.0002630338,-0.26311147,-0.8571862,-0.011931819,-0.34986907,-0.3053925,-0.007708803,-0.39885804,-0.49034873,-0.009984081,-0.41503587,-0.5993031,-0.0065572504,-0.4524506,-0.67419916,-0.0034153515
4,sintetico,Right,0.0,0.0,0.0,0.27054942,-0.06393781,-0.011398647,0.1475567,-0.23448916,-0.0017278534,0.009932932,-0.1826455,-0.0018340675,0.008352115,-0.050492875,-0.023747757,0.21135992,-0.4134483,-0.019708432,0.23380607,-0.6347174,-0.011075524,0.26170227,-0.7798577,-0.03899157,0.27326366,-0.90616775,-0.016090235,0.018143736,-0.48314157,-0.022564264,-0.007563007,-0.7250613,-0.0086889835,-0.07016438,-0.87910104,-0.027370201,-0.10563894,-0.99440455,-0.0049745194,-0.18103471,-0.44034263,-0.00795287,-0.17096423,-0.64709294,-0.012622899,-0.20417145,-0.8107653,-0.004401581,-0.20727867,-0.89858943,-0.0026284868,-0.3211612,-0.37208572,-0.014581892,-0.35864297,-0.53961015,-0.010646955,-0.39291188,-0.6384305,-0.020927578,-0.39696848,-0.74773604,-0.021095501
4,sintetico,Right,0.0,0.0,0.0,-0.2667428,-0.061885774,0.025685793,-0.15495422,-0.20182917,-0.018097216,-0.023936484,-0.12684855,-0.007319485,-0.055187505,0.008932577,0.016571337,-0.23675182,-0.39710113,-0.011495233,-0.2841157,-0.60616595,-0.007590308,-0.30047148,-0.7694893,0.024800755,-0.3012587,-0.8731265,0.00662742,-0.05848673,-0.47799864,0.013464785,-0.08016443,-0.7119206,0.011583512,-0.06842742,-0.87349284,0.0031726179,-0.091091335,-0.9958425,0.002816613,0.13049197,-0.45220193,0.013863407,0.14760096,-0.6570186,-0.0102200555,0.11894628,-0.789696,0.02563487,0.11387872,-0.8981235,-0.005873063,0.30103377,-0.3841711,0.01575875,0.32096827,-0.5528561,0.008574055,0.34054312,-0.65655154,-0.006057739,0.35163674,-0.76372176,0.0082638515
5,sintetico,Right,0.0,0.0,0.0,-0.27558735,-0.053367317,0.00042839578,-0.36031285,-0.21000423,-0.0009155049,-0.48956516,-0.35999024,-0.01677675,-0.5658323,-0.45192155,0.0074515445,-0.20236555,-0.40454522,-0.017615259,-0.23968509,-0.6310074,0.016441343,-0.25876984,-0.77312523,0.019433148,-0.26092392,-0.8986578,-0.008624737,-0.021320915,-0.48190463,-0.01752331,-0.028356966,-0.7147069,-6.889334e-05,-0.03147414,-0.87872875,-0.006951442,-0.041661732,-0.9991318,-0.0025734387,0.1712125,-0.4409595,0.0016775538,0.16570051,-0.64026284,-0.012741813,0.17343624,-0.7807898,0.02379718,0.17732897,-0.89897496,-0.008662464,0.34061158,-0.3592499,0.013585691,0.3517429,-0.5251928,-0.012171766,0.36747518,-0.647189,0.0012513958,0.40624818,-0.7205283,0.006740017
5,sintetico,Right,0.0,0.0,0.0,0.2504269,-0.09191415,0.007891805,0.3857343,-0.25135684,-0.014277737,0.4429056,-0.35955134,-0.039428882,0.53235763,-0.4830791,-0.0050337715,0.1894729,-0.42831877,0.0053934786,0.20868292,-0.6414529,0.016497811,0.19864543,-0.7755804,0.023099544,0.23336124,-0.9029445,0.009831763,-0.0020402633,-0.4879311,-0.008038178,-0.021784684,-0.6918764,0.0079322355,-0.01894954,-0.8765944,0.010448954,-0.016934833,-0.9998566,0.040786505,-0.17988536,-0.415111,0.022471955,-0.21131864,-0.6351463,-0.01185962,-0.22063474,-0.77177846,0.00894782,-0.24167028,-0.89867955,0.024638085,-0.3473628,-0.34665045,0.014160244,-0.3813721,-0.49774778,-0.011352714,-0.38703644,-0.61232847,0.026529076,-0.42041644,-0.71491736,0.019472286
5,sintetico,Right,0.0,0.0,0.0,0.2731671,-0.04502519,0.0068802196,0.40568018,-0.19428024,0.002885785,0.5117266,-0.2933132,0.012854635,0.5921157,-0.39697537,0.02276294,0.25916874,-0.39529926,-0.012754775,0.28669032,-0.6035586,-0.014666409,0.32610443,-0.74432594,0.0018344922,0.35126823,-0.86724406,0.03312545,0.056757253,-0.4772273,0.017154053,0.07662872,-0.7005905,0.03634051,0.060488515,-0.8628073,0.011520927,0.030187223,-0.99954426,0.0016916736,-0.113772064,-0.4593062,-0.010258872,-0.13378556,-0.6750925,0.0018760484,-0.090293184,-0.78905666,0.0048694317,-0.10821425,-0.90843076,-0.020983,-0.27582827,-0.38936406,0.0017053642,-0.2905794,-0.5606125,0.0015796033,-0.3066211,-0.66843414,0.014063132,-0.3008343,-0.7521649,0.013147993
5,sintetico,Right,0.0,0.0,0.0,0.25936913,-0.11227263,-0.005882633,0.3544945,-0.2806182,-0.025269018,0.41252568,-0.41868496,0.01104694,0.4659553,-0.5239193,-0.0021711423,0.16909505,-0.4292812,-0.010217343,0.15367049,-0.6483225,-0.015396889,0.14882262,-0.79283124,-0.017708,0.14009695,-0.9273297,-0.019842383,-0.038683295,-0.49397907,0.007783138,-0.06422724,-0.6994928,-0.0048742923,-0.09788423,-0.88090396,-0.023497395,-0.09468253,-0.99550754,0.009512664,-0.221229,-0.43385187,-0.0100085335,-0.29436725,-0.6150335,-0.021668637,-0.33245233,-0.74953556,0.01906182,-0.35575223,-0.8532266,-0.024145054,-0.36197007,-0.32322428,-0.020349072,-0.40764582,-0.48526064,-0.0087336125,-0.44788375,-0.59106714,-0.0042022336,-0.4566307,-0.68702835,-0.019330684
5,sintetico,Right,0.0,0.0,0.0,0.2638971,-0.043797713,0.005537739,0.41501072,-0.17264657,-0.011987672,0.53577894,-0.28817317,0.02803408,0.61786205,-0.37396264,0.0016558988,0.2787033,-0.37889123,0.009233687,0.31701028,-0.5792767,0.017681595,0.34716636,-0.7208388,-0.0059113624,0.37888741,-0.86213213,0.009597239,0.09043265,-0.48688513,0.0053052735,0.1142673,-0.686936,0.020106802,0.14699304,-0.8530485,0.0055474797,0.15640076,-0.98769367,-0.03759437,-0.10296124,-0.4493781,-0.008648877,-0.06699057,-0.65871674,-0.01716037,-0.07151792,-0.8167713,0.034437854,-0.07345325,-0.90672386,0.02671955,-0.28373548,-0.4046511,-0.026956754,-0.2631948,-0.58589786,-0.0097945845,-0.2694856,-0.6813889,-0.015431666,-0.27417693,-0.7628303,0.008679643
5,sintetico,Right,0.0,0.0,0.0,-0.2050771,-0.15101705,-0.012945452,-0.28477064,-0.34799454,0.011681409,-0.31478608,-0.47652495,0.005960141,-0.3575989,-0.61033326,-0.010210885,-0.058725838,-0.46006677,0.024236431,-0.013653062,-0.65319586,0.0045913826,0.035045326,-0.81267023,-0.020456221,0.065864384,-0.9130739,0.015888529,0.15537383,-0.45463833,-0.008927802,0.23556551,-0.6491473,-0.0048950035,0.27919963,-0.8078468,-0.0014757139,0.3190508,-0.94773763,0.014635426,0.29316524,-0.35770673,0.00050629076,0.38475165,-0.5128352,0.010878756,0.4498742,-0.65976626,-0.022749834,0.51181936,-0.765292,-0.015535202,0.43164715,-0.21762177,0.0018825271,0.52086025,-0.35625172,-0.009733405,0.562993,-0.4690468,-0.0017431015,0.6000769,-0.5421553,0.012835402
5,sintetico,Right,0.0,0.0,0.0,-0.25592208,-0.0818759,0.025117883,-0.365462,-0.2564034,-0.027769677,-0.46539673,-0.36136535,0.0045551904,-0.5424633,-0.4579861,-0.01042736,-0.21733671,-0.43279606,0.007995208,-0.2203086,-0.6486984,-0.01277178,-0.20316142,-0.77127343,0.013213116,-0.2283979,-0.8933134,0.020481473,0.006323738,-0.4893973,0.0019643328,-0.0036246257,-0.706242,0.0074351477,0.0011472075,-0.8848169,0.016377637,0.0069112517,-0.9999761,0.011959107,0.18305385,-0.44734886,0.035081424,0.18800302,-0.6384305,0.0013795056,0.18724923,-0.77640975,0.02164432,0.20884822,-0.9030863,0.017052988,0.33385596,-0.35090005,-0.013593566,0.38868836,-0.5139414,0.014186244,0.4349433,-0.6132259,0.01129989,0.45849177,-0.71397537,0.004578314
5,sintetico,Right,0.0,0.0,0.0,-0.25729102,-0.083224185,-0.029384075,-0.33828792,-0.24172293,0.008750327,-0.38320643,-0.38501722,0.009178425,-0.41821307,-0.5444468,-0.003699948,-0.20523897,-0.41929567,0.007897165,-0.19693257,-0.63220644,0.010885324,-0.17700596,-0.7707781,-0.0028116484,-0.11878287,-0.8714888,-0.0066643637,-0.0029851627,-0.4835639,-0.02458893,-0.00097620586,-0.69543517,-0.009846628,0.014944915,-0.87557036,-0.019559862,0.016271932,-0.9998676,-0.019712286,0.16779475,-0.43457055,-0.015567708,0.21745366,-0.6279986,-0.03416998,0.22455719,-0.7664675,0.010357565,0.2632139,-0.8873033,-0.0011547556,0.33174455,-0.36462277,0.013106037,0.36044005,-0.52193743,0.0076716584,0.4059772,-0.6127749,0.003082432,0.446413,-0.70716673,0.007554609
5,sintetico,Right,0.0,0.0,0.0,-0.22867666,-0.14534104,-0.0026159736,-0.3039239,-0.33110145,-0.015695373,-0.34050003,-0.46894723,-0.011032565,-0.3949094,-0.58591974,-0.035992276,-0.08657022,-0.4483361,-0.0120130535,-0.012795512,-0.63648283,-0.0117841475,0.021628069,-0.78526384,0.0040949266,0.08816076,-0.86405873,-0.011559435,0.11928858,-0.4536624,0.0073202625,0.17498635,-0.6789329,-0.0068919146,0.2345631,-0.82908636,-0.0013427419,0.27443647,-0.96160525,-0.0037855075,0.27542114,-0.3648938,0.006149874,0.3499239,-0.5549606,0.0130331395,0.38106105,-0.6992794,-0.016777076,0.4320238,-0.8093456,0.020552536,0.40654594,-0.25179863,-0.015006857,0.47430286,-0.3996591,-0.005866147,0.52548784,-0.5098379,-0.010550997,0.5564533,-0.5744939,0.017131751
5,sintetico,Right,0.0,0.0,0.0,-0.27764708,-0.067964755,0.045280527,-0.38020095,-0.21276793,0.010224375,-0.49033108,-0.32270792,0.027418181,-0.56418115,-0.41979438,0.010712727,-0.22610575,-0.38619202,0.02637334,-0.24325481,-0.60733646,0.018073883,-0.23659107,-0.76043177,0.010900244,-0.24188001,-0.887451,0.0012461512,-0.022800919,-0.45494145,0.017766679,-0.053006776,-0.6900046,0.033556033,-0.053398885,-0.8586971,0.03665412,-0.05519299,-0.99847573,0.01500253,0.13907783,-0.45863116,0.015039398,0.14714643,-0.654445,0.023462415,0.1605006,-0.7835827,0.026193492,0.20545675,-0.8939814,0.026121369,0.3029425,-0.3803246,0.019427978,0.3235161,-0.54205674,0.020490348,0.32248807,-0.63882375,0.021707116,0.33147478,-0.7482598,-0.011368241
5,sintetico,Right,0.0,0.0,0.0,-0.27920124,-0.036760736,0.017569648,-0.4241717,-0.15717821,0.021865359,-0.51576537,-0.26895073,0.0069518513,-0.61540097,-0.35905272,-0.0013977567,-0.2814229,-0.35680702,-0.0025904735,-0.31880713,-0.59282196,-0.0011267,-0.32729226,-0.7229848,0.00074747065,-0.33614108,-0.8370927,-0.009439569,-0.09255617,-0.47776532,0.025631692,-0.10910302,-0.6942819,-0.013331469,-0.09067473,-0.84973395,0.016137064,-0.059117287,-0.998251,-0.03317882,0.08940348,-0.4667066,-0.0060390434,0.10249698,-0.66687685,-0.0069350656,0.10597171,-0.806308,0.0010768349,0.11005806,-0.9212189,-0.0072949775,0.26380438,-0.4046694,0.01741385,0.26727334,-0.5856886,-0.0055725095,0.264172,-0.6788395,-0.01668211,0.26556218,-0.77992666,-0.015788155
5,sintetico,Right,0.0,0.0,0.0,0.26300797,-0.028417336,-0.0024447876,0.410158,-0.18139543,0.034082476,0.5157922,-0.26739916,0.046514932,0.6005647,-0.36758512,0.021814799,0.25768775,-0.3714468,0.03648262,0.30296233,-0.59114957,0.0061133076,0.30423242,-0.72600347,0.04061952,0.3237561,-0.8446621,0.012576244,0.07208556,-0.4587378,0.032514397,0.10367241,-0.68526554,0.022499617,0.088435024,-0.84951746,-0.0047533573,0.086884245,-0.99621844,0.010133433,-0.10839481,-0.4585886,0.025358154,-0.063669965,-0.6648016,-0.0037685942,-0.059946634,-0.785385,0.02716651,-0.06750577,-0.8974675,0.0024780373,-0.2850245,-0.4040104,0.030684534,-0.26642805,-0.5798616,0.0032805202,-0.26237798,-0.69264555,0.029279975,-0.25489217,-0.75855047,0.03466248
5,sintetico,Right,0.0,0.0,0.0,0.24953197,-0.11231072,-0.026180504,0.34088036,-0.28066704,-0.014420204,0.45512164,-0.39509177,-0.019551693,0.5108332,-0.52513033,-0.038726997,0.15841763,-0.43396303,-0.012638303,0.17581017,-0.64713216,-0.04180285,0.15972087,-0.7875376,-0.023808148,0.16874783,-0.93857205,-0.0051751514,-0.015823057,-0.5021488,-0.0134987,-0.07177107,-0.7111235,-0.013765228,-0.13774161,-0.8580413,-0.030766437,-0.17455295,-0.9846478,0.00120196,-0.21144097,-0.45412698,-0.03112456,-0.24204248,-0.60242945,-0.0045200703,-0.26683378,-0.7701333,0.0053783185,-0.2733807,-0.8841161,-0.041889846,-0.38267976,-0.33842206,-0.023111135,-0.4172854,-0.49386814,-0.02464698,-0.44756848,-0.5991318,-0.011761523,-0.45391816,-0.6980166,-0.03208149
5,sintetico,Right,0.0,0.0,0.0,0.27840808,-0.024723364,-0.047539506,0.4190927,-0.11611731,-0.026314504,0.538277,-0.24388008,0.0027182435,0.64716285,-0.3166006,-0.014583384,0.30541703,-0.34438777,-0.021436676,0.37543342,-0.5548421,0.013794725,0.40045735,-0.69320357,0.018945124,0.43639612,-0.812265,-0.008506997,0.11223729,-0.47421983,0.01014618,0.17853427,-0.6888379,0.0137103265,0.19686344,-0.8423738,-0.00875212,0.23252332,-0.9725908,-0.016016657,-0.07073026,-0.47559068,-0.007213453,-0.026439233,-0.6640338,-0.029820459,-0.0022778658,-0.80581,-0.00019313423,0.007367291,-0.91209877,-0.0133392485,-0.25205088,-0.44405502,-0.0076856813,-0.2531793,-0.59679717,-0.007897718,-0.25944698,-0.70724344,-0.020928688,-0.26433802,-0.80227035,-0.009037845
5,sintetico,Right,0.0,0.0,0.0,-0.2737509,-0.06306353,-0.0075641875,-0.38318524,-0.20780054,8.592477e-05,-0.48618436,-0.3026704,-0.0053866827,-0.57697845,-0.4277549,-0.00094010704,-0.24203484,-0.40014464,0.0006088491,-0.25370845,-0.59981215,0.0008610164,-0.27096242,-0.74961966,0.002295904,-0.31946477,-0.8656643,-0.006862911,-0.042651784,-0.47637573,0.0070830407,-0.04641849,-0.702497,-0.006484829,-0.06180021,-0.87352085,-0.002105859,-0.087597676,-0.9961559,0.0058226795,0.13539173,-0.43763363,-0.030757431,0.12859473,-0.63103646,0.042552333,0.12973693,-0.78681546,0.014131052,0.13820904,-0.89552176,0.0111697,0.31056193,-0.35804152,-0.0009929552,0.31442583,-0.53879035,0.0079058735,0.32778835,-0.6446938,-0.010935553,0.33949414,-0.7406818,0.013631999
5,sintetico,Right,0.0,0.0,0.0,-0.25929752,-0.10700981,0.042708796,-0.37501696,-0.25726414,0.0313521,-0.45056802,-0.3805136,0.028847285,-0.5513072,-0.49462923,0.012067781,-0.2003273,-0.44888657,0.013336433,-0.20285976,-0.64380205,0.030094825,-0.20306477,-0.78770614,0.03898304,-0.21293953,-0.932046,0.048089437,0.00017063842,-0.48955694,0.0121056,0.028858053,-0.7184284,0.020537533,0.02486554,-0.88852197,-0.0077711158,0.032005973,-0.9994877,-0.013135937,0.18789233,-0.43734863,0.03053119,0.2376829,-0.6415259,0.010380603,0.27617106,-0.7862644,-0.0059997984,0.33864722,-0.86115146,0.0058514215,0.36329916,-0.36064047,0.02787559,0.3827162,-0.51496845,0.028476495,0.39891088,-0.6173261,-0.001085742,0.428895,-0.71579456,0.0409456
5,sintetico,Right,0.0,0.0,0.0,0.2548207,-0.07954289,-0.012142521,0.37803605,-0.2342894,0.029334724,0.4618672,-0.3670226,0.0059303893,0.54530877,-0.46734887,0.006839633,0.19299649,-0.4120229,0.0028470778,0.21794084,-0.6297987,0.008194392,0.22494745,-0.77309406,0.008753092,0.23438796,-0.8935763,-0.009161754,0.04978326,-0.4915204,-0.025555186,0.01662721,-0.70774084,-0.019662503,0.0067722476,-0.88194937,-0.024294376,0.019306451,-0.9998136,0.0052286033,-0.17660956,-0.43306822,-0.011308283,-0.17537813,-0.6197142,0.018066943,-0.1857978,-0.7864234,0.0059766565,-0.20746523,-0.88710594,-0.027968658,-0.33931643,-0.37391794,-0.004669988,-0.35604706,-0.525269,-0.032668266,-0.38947845,-0.6140932,-0.016666811,-0.37676027,-0.7248154,-0.005974546
5,sintetico,Right,0.0,0.0,0.0,-0.2646023,-0.03623735,0.00025514473,-0.40259632,-0.16222559,-0.018952593,-0.5092383,-0.28318897,-0.025027955,-0.62080485,-0.37855127,-0.008441131,-0.26826686,-0.38150173,-0.023131078,-0.27900815,-0.58613795,-0.02220282,-0.2664667,-0.7376545,-0.017493023,-0.23399478,-0.87023276,-0.0014761582,-0.082927816,-0.46989927,-0.031349037,-0.10253679,-0.69726837,-0.021013033,-0.09990388,-0.8723395,0.023666628,-0.08443292,-0.99642915,0.017362133,0.10772505,-0.4660753,0.0068199276,0.090290956,-0.65040463,-0.00970186,0.08127282,-0.7903018,0.00033305495,0.075207576,-0.90759456,-0.01577358,0.285496,-0.4048784,-0.048647452,0.30373847,-0.5652837,-0.018401997,0.34311754,-0.6721607,-0.017038424,0.34957528,-0.75608325,-0.009922369
5,sintetico,Right,0.0,0.0,0.0,0.26380932,-0.10569614,0.017238934,0.34490475,-0.2741751,0.031877417,0.4193135,-0.4002229,-0.00065091514,0.4722205,-0.53134954,0.021693874,0.16841955,-0.43602926,0.015905555,0.12450207,-0.6380279,-0.008040451,0.08993247,-0.7706487,0.0030180386,0.047392353,-0.89382017,0.002681801,-0.03456755,-0.4900396,-0.0120718,-0.037443575,-0.6949704,0.0057321573,-0.06265629,-0.87024534,0.0044788886,-0.07244802,-0.9973722,0.0088672545,-0.2220068,-0.4075116,0.004327392,-0.22525872,-0.61876583,-0.00664808,-0.25913844,-0.76498276,0.03971081,-0.26553854,-0.86968535,0.0065180114,-0.3515606,-0.31768644,0.022643002,-0.3903509,-0.48851705,0.009810351,-0.42320594,-0.58239377,0.025726467,-0.44173697,-0.66474295,-0.008267495
5,sintetico,Right,0.0,0.0,0.0,-0.28449053,-0.026359629,-0.0084238965,-0.4225194,-0.14327084,-0.014666552,-0.5318761,-0.23960966,-0.0023730262,-0.6272792,-0.33426753,-0.0025771544,-0.27521035,-0.37222946,-0.003891187,-0.34573478,-0.557333,-0.011329074,-0.38254103,-0.71721286,0.013499661,-0.41061532,-0.818976,-0.0076579293,-0.10785411,-0.46696094,0.016294412,-0.18395671,-0.6788636,0.019059056,-0.18018961,-0.8489598,0.0487323,-0.22520696,-0.97431093,0.00022314934,0.08475429,-0.46032462,0.0049485117,0.052104425,-0.65958846,-0.004451038,0.041812167,-0.8101107,-0.01126411,0.029090326,-0.89849436,0.0007735524,0.24193472,-0.41842777,-0.0049264748,0.25100788,-0.5723581,-0.011464019,0.23850839,-0.6874463,0.011298906,0.23236439,-0.7827185,-0.009669351
5,sintetico,Right,0.0,0.0,0.0,0.25295392,-0.05932717,0.018598843,0.35956216,-0.2219786,0.017022867,0.452066,-0.35643667,0.0008718478,0.52516454,-0.47743875,0.017528532,0.20850693,-0.40491503,0.010875301,0.21889131,-0.6383018,0.021931676,0.22138125,-0.76775473,0.028750436,0.19702473,-0.88537216,0.015647741,0.029931491,-0.46963614,0.03000069,0.029927503,-0.6941515,0.018805213,0.036656387,-0.8666667,0.019374873,0.032859765,-0.99946,0.018763555,-0.16974926,-0.43015948,0.02034202,-0.18882559,-0.6425452,0.0041402834,-0.22402167,-0.7889187,-0.0020598874,-0.27564067,-0.8843406,0.038315263,-0.31462163,-0.3657891,0.0258974,-0.35372123,-0.52734,0.015564711,-0.3696999,-0.64250326,0.03756603,-0.39457116,-0.71875864,0.06224246
5,sintetico,Right,0.0,0.0,0.0,-0.24614614,-0.12118764,0.002348907,-0.35301286,-0.28654653,-0.00026762258,-0.4198735,-0.41811463,0.034142695,-0.49099228,-0.5170472,0.013677287,-0.15121175,-0.43453658,0.0090789655,-0.13769522,-0.65287524,0.008266141,-0.1304062,-0.78866976,0.011428106,-0.13646631,-0.90642124,0.03288407,0.050682493,-0.47317383,-0.00025491242,0.10605369,-0.6942939,0.007837575,0.1234293,-0.8533695,0.005755978,0.17024516,-0.98540175,0.01879427,0.20210005,-0.4079452,0.03074648,0.26730105,-0.59665424,-0.0034511415,0.28858966,-0.7303321,0.012078961,0.3090965,-0.85604244,0.007949469,0.37491408,-0.3181465,-0.015448319,0.4058913,-0.47853205,0.019789599,0.44303873,-0.5698791,0.028636767,0.45845777,-0.67262924,0.017545905
5,sintetico,Right,0.0,0.0,0.0,0.25951073,-0.08983446,-0.027584853,0.37345684,-0.2540954,-0.00463401,0.44997913,-0.3388171,-0.036484934,0.53298736,-0.4618944,-0.023924287,0.19882053,-0.4271789,0.010116277,0.18822111,-0.6313823,-0.020315776,0.20673963,-0.77131504,0.0037566083,0.21074995,-0.8927955,0.018736264,0.010758014,-0.48282558,-0.02018988,-0.037864137,-0.6973205,-0.023653861,-0.059454933,-0.86544424,-0.044623796,-0.07194096,-0.99740887,-0.010218545,-0.17678161,-0.40858716,-0.008991401,-0.18784973,-0.63354903,-0.0034985957,-0.21402432,-0.76781833,0.005209386,-0.23297416,-0.88216394,-0.02870766,-0.33882993,-0.3453444,0.011940898,-0.3566639,-0.52059513,-0.018266542,-0.37274972,-0.64772666,-0.009210183,-0.3987173,-0.7190021,-0.015258622
5,sintetico,Right,0.0,0.0,0.0,-0.25556925,-0.048298474,-0.0027669633,-0.4129236,-0.20263109,-0.017460892,-0.48184854,-0.3329233,-0.030631766,-0.561467,-0.411252,-0.01925226,-0.22077408,-0.3788249,-0.026786266,-0.24981327,-0.6096227,-0.013599871,-0.27964005,-0.7449453,-0.035396736,-0.2814006,-0.8687572,-0.011708676,-0.048258625,-0.48946437,-0.025506174,-0.042442594,-0.6940106,-0.02003944,-0.06265191,-0.851877,-0.04551593,-0.057881135,-0.9983235,-0.03066053,0.15114568,-0.45919514,-0.01906567,0.14015591,-0.6407789,-0.029190145,0.12327154,-0.77761763,-0.064040236,0.13266866,-0.8758547,-0.046124034,0.3153132,-0.3724062,-0.020751603,0.29484716,-0.5426929,-0.0020350388,0.32187644,-0.63662,-0.029999932,0.3369653,-0.7340415,-0.03412725
5,sintetico,Right,0.0,0.0,0.0,0.27117944,-0.12055467,-0.019504583,0.34472534,-0.2815327,-0.022059679,0.40597203,-0.4427515,-0.029511616,0.4205905,-0.54457885,-0.028915977,0.15283902,-0.45662937,-0.0003317355,0.1519039,-0.642129,-0.022389341,0.15482542,-0.8052419,-0.0057375957,0.14228563,-0.9196184,-0.0044457507,-0.04415789,-0.47726122,-0.029906709,-0.08327926,-0.7142109,-0.027332848,-0.11733467,-0.87766725,-0.0053851395,-0.15646176,-0.987684,-0.012370894,-0.20883732,-0.4078562,-0.017477402,-0.24238065,-0.6179457,-0.007233026,-0.28494468,-0.7575776,0.0015746688,-0.2789808,-0.8727014,-0.015239882,-0.36633295,-0.33630633,-0.02371521,-0.41747957,-0.4972006,-0.012742234,-0.44627747,-0.58142537,-0.027486885,-0.4696985,-0.6857746,-0.012334595
5,sintetico,Right,0.0,0.0,0.0,0.26643133,-0.040495645,0.036028497,0.40359685,-0.17431383,0.009246632,0.5144342,-0.30318543,-0.0019855858,0.61156964,-0.40740588,0.011676925,0.2585478,-0.3940946,-0.0014847195,0.30404198,-0.59878725,-0.003869723,0.33939826,-0.7448032,0.009840204,0.36130017,-0.872388,0.003899666,0.08515077,-0.47788286,0.019252812,0.11402407,-0.69034976,0.024368955,0.110094436,-0.8894746,0.008797221,0.13229199,-0.9912108,0.031864423,-0.106609374,-0.45488134,0.010828111,-0.098326854,-0.6566422,0.019130588,-0.08620037,-0.79765254,-0.013645401,-0.082056515,-0.92452043,0.022962699,-0.2940293,-0.39441547,0.058246892,-0.2784311,-0.5983397,0.034554143,-0.32103056,-0.6893735,0.018821608,-0.32373536,-0.77586216,0.0027967235
5,sintetico,Right,0.0,0.0,0.0,0.26602554,-0.05613432,0.034941223,0.35719943,-0.25230107,0.047325302,0.40831998,-0.37813148,0.047901668,0.43936196,-0.5107009,0.033716917,0.22057834,-0.39726877,0.06013446,0.2169665,-0.6319621,0.02006076,0.24881433,-0.7672071,0.0412729,0.27007475,-0.9017436,0.0048535294,0.019197647,-0.48106018,-0.025148604,0.031795315,-0.6878116,0.0186005,0.03347685,-0.8682319,0.02452858,0.04440604,-0.99901354,0.030365907,-0.17114352,-0.4285359,0.023451822,-0.1781098,-0.6437324,0.032449942,-0.17511767,-0.7664704,0.055111255,-0.18211824,-0.8728184,0.038637377,-0.325687,-0.36282825,0.013928864,-0.34747097,-0.51504517,-0.014780248,-0.42859724,-0.6066926,0.00883964,-0.47003332,-0.68864363,0.048582062
5,sintetico,Right,0.0,0.0,0.0,0.2659304,-0.045903634,-0.0058958563,0.40756094,-0.21132523,-0.013215176,0.51910186,-0.31833094,0.0041408055,0.59814,-0.40562811,0.0010919663,0.24905017,-0.3961108,0.020752843,0.2668712,-0.6290828,0.014336075,0.30352852,-0.7768442,0.0069294614,0.27553535,-0.90305525,0.006988402,0.060558587,-0.49315456,3.5322853e-05,0.06756287,-0.7153667,-0.019770918,0.06354011,-0.8855822,-0.011080277,0.04983552,-0.9987574,0.017596493,-0.13730274,-0.45972082,0.0041230954,-0.11192561,-0.6609104,-0.012965622,-0.13198376,-0.8080934,0.02604894,-0.11829216,-0.9152608,0.030871047,-0.30734396,-0.38495857,0.023681559,-0.29687366,-0.572313,0.012314435,-0.3141017,-0.6675648,0.010307766,-0.32866198,-0.77025354,0.005781599
5,sintetico,Right,0.0,0.0,0.0,0.24133171,-0.13014129,0.008911743,0.3376575,-0.29758596,-0.008188242,0.40597346,-0.41438925,-0.009762154,0.45936996,-0.5398244,0.004772718,0.1324273,-0.4400341,0.006534363,0.103934586,-0.62817484,0.018945085,0.07516122,-0.78119355,-0.022775616,0.046247017,-0.8982822,-0.010723605,-0.06964024,-0.4823136,-0.0064097163,-0.10965691,-0.6839023,0.0067965905,-0.15539119,-0.8197694,-0.013644925,-0.19698888,-0.98040575,0.0032709092,-0.23038754,-0.3902695,-0.005697482,-0.27280283,-0.59221095,0.0026145114,-0.3222732,-0.72702503,-0.007839817,-0.3541635,-0.82054347,-0.0117150815,-0.40027192,-0.3073411,0.009495174,-0.41435194,-0.45924023,0.023037883,-0.4738383,-0.56373626,0.018137842,-0.48990324,-0.65516424,0.02303322
5,sintetico,Right,0.0,0.0,0.0,0.27886793,-0.04378869,-0.0020978511,0.395852,-0.20686504,-0.0028845323,0.46126714,-0.35210752,-0.02595316,0.50116503,-0.46492916,-0.003965023,0.25974688,-0.393838,-0.01892972,0.30091634,-0.5996579,-0.031073637,0.30463555,-0.72841823,-0.01243475,0.33205986,-0.87654036,-0.013242147,0.05837992,-0.4679092,0.036741856,0.040002286,-0.69939464,0.008237462,-0.00066271675,-0.8640277,0.005480429,-0.031653203,-0.9994989,-0.011645691,-0.11110351,-0.46240088,-0.008449495,-0.12203009,-0.6400596,0.0311584,-0.13939758,-0.7981741,-0.0149242915,-0.16196075,-0.90923625,-0.002125235,-0.29796612,-0.40313965,0.02066657,-0.3101185,-0.56431997,-0.016185166,-0.30400056,-0.67438346,-0.0036357138,-0.321271,-0.7677511,-0.006048499
5,sintetico,Right,0.0,0.0,0.0,0.26432273,-0.11860881,-0.0324143,0.34216964,-0.26890564,-0.013671859,0.4206578,-0.39830866,-0.01882872,0.49220118,-0.512326,-0.038691342,0.15745634,-0.44285914,-0.02365709,0.11965063,-0.63641393,-0.0444941,0.11032023,-0.7958004,-0.055477735,0.07092374,-0.91748464,-0.02307595,-0.048157487,-0.4797066,-0.022152593,-0.075298764,-0.7203762,-0.049573034,-0.085377574,-0.86268014,-0.033221662,-0.11975921,-0.992803,-0.049583044,-0.22490402,-0.4249018,-0.03821742,-0.26457602,-0.6043867,-0.0378278,-0.31313378,-0.7350815,-0.01936587,-0.35391194,-0.84870374,-0.038825434,-0.37858534,-0.32097194,-0.05076978,-0.412966,-0.46908057,-0.0040788283,-0.44989774,-0.5661909,-0.023222703,-0.4747599,-0.6660276,-0.0169327
5,sintetico,Right,0.0,0.0,0.0,0.2639922,-0.05473677,-0.01733734,0.39549443,-0.21260086,-0.005038118,0.480347,-0.33710843,-0.005089405,0.5338994,-0.43781307,0.017969439,0.23024406,-0.392072,0.021129992,0.25813335,-0.60538113,-0.008737101,0.25491446,-0.7496379,0.006829448,0.24181472,-0.8895822,-0.0038884026,0.037511967,-0.46406394,0.0055267545,0.039936386,-0.70858455,-0.00044523372,0.056482367,-0.8747635,0.004987736,0.039356183,-0.99922526,0.0068006264,-0.12891111,-0.43372717,0.00016941133,-0.1585712,-0.6311388,-0.00428442,-0.1424029,-0.7986364,0.009737088,-0.17370303,-0.903115,-0.008484886,-0.30410033,-0.3886698,-0.015316568,-0.31370443,-0.5267641,-0.03045325,-0.32098553,-0.6723244,0.0001806228,-0.33321393,-0.7457999,0.004312625
5,sintetico,Right,0.0,0.0,0.0,0.25288576,-0.12133952,-0.005558683,0.36510807,-0.28722772,-0.020271232,0.42487282,-0.4155737,-0.027081022,0.5042454,-0.52831537,0.0049730465,0.1562905,-0.43569294,0.006377025,0.15641525,-0.646353,0.006959037,0.12804128,-0.80365473,-0.033955056,0.13154966,-0.92947114,-0.01833972,-0.049870398,-0.49934107,-0.014549627,-0.08595899,-0.71377933,0.0060022883,-0.12530412,-0.8633771,-0.0038774433,-0.17977473,-0.9837078,-0.018541973,-0.23008716,-0.43067405,-0.01305631,-0.27297282,-0.6255608,-0.005210959,-0.30054006,-0.75167334,-0.0047291364,-0.32180646,-0.8681355,0.008533601,-0.3842742,-0.32156882,0.0053489106,-0.4417723,-0.48131672,0.0023709417,-0.45369694,-0.5902842,-0.026224663,-0.49224326,-0.6727771,-0.025352832
5,sintetico,Right,0.0,0.0,0.0,0.26694393,-0.07567139,-0.02408674,0.35381734,-0.22965822,-0.012891516,0.45977157,-0.35800406,-0.030738655,0.5487798,-0.46319005,-0.032255623,0.19059204,-0.4122614,-0.007858309,0.21621965,-0.6258933,-0.01900278,0.17513654,-0.7777624,-0.00041043927,0.18620399,-0.90314066,0.0078332005,0.0050595636,-0.479917,-0.038542334,0.0021473174,-0.7017332,0.004590318,-0.026324855,-0.8756036,-0.028925778,-0.023612972,-0.99972117,-0.018674627,-0.18461306,-0.42059278,-0.036114477,-0.21439466,-0.6218517,-0.035626955,-0.24357797,-0.7618335,-0.044979893,-0.2694908,-0.8762719,-0.019840028,-0.35019228,-0.34940717,-0.012240955,-0.3868234,-0.518118,-0.01930146,-0.39827785,-0.6161101,-0.042458024,-0.44058204,-0.68230015,-0.045171846
5,sintetico,Right,0.0,0.0,0.0,-0.25204942,-0.07834116,0.015799051,-0.36717975,-0.23336004,0.0052377405,-0.45103824,-0.37025276,0.019239543,-0.5170783,-0.49266157,0.0026826446,-0.17863911,-0.432987,0.0050014243,-0.18822145,-0.6523594,0.003056394,-0.16782595,-0.77142125,0.013091896,-0.15895289,-0.9059939,0.026206627,0.0040123397,-0.48471388,0.027927764,0.010774275,-0.70788944,0.037513442,0.050822318,-0.87835145,-0.0068033836,0.051653847,-0.99866503,-0.00236095,0.18105048,-0.4267435,-0.0003858516,0.23488683,-0.62169003,0.014526598,0.29762116,-0.76969516,-0.0029683344,0.34390956,-0.87061566,0.0033544041,0.3432594,-0.33873776,0.025732655,0.37033254,-0.51232886,0.03201546,0.39166892,-0.62925285,0.025872182,0.4360652,-0.7178323,0.01980317
5,sintetico,Right,0.0,0.0,0.0,0.24923585,-0.09958486,0.0142248,0.33732206,-0.27869344,0.020962305,0.42282787,-0.40450394,-0.017931376,0.5017899,-0.5238661,0.011709838,0.15512154,-0.4432912,0.00024673645,0.1488591,-0.6690433,-0.021888973,0.12223472,-0.8067657,0.0048850016,0.13231254,-0.9292379,0.025996799,-0.046391614,-0.5023721,-0.014326155,-0.10060863,-0.72251385,-0.0063854917,-0.15922584,-0.85334736,-0.027855271,-0.2052788,-0.97870356,-0.004640334,-0.21914338,-0.41694966,-0.00032272394,-0.26800355,-0.61070794,0.027950777,-0.3328105,-0.75295174,-0.017385257,-0.36620212,-0.8567193,0.012207043,-0.37921184,-0.30660838,0.0018673347,-0.4341461,-0.49140748,0.032008152,-0.47772563,-0.5752325,-8.83675e-05,-0.52693117,-0.66038716,-0.0036218269
5,sintetico,Right,0.0,0.0,0.0,0.27593333,-0.093094155,-0.010110888,0.34847435,-0.26096478,0.023570063,0.41079038,-0.4156814,0.0137809,0.47631294,-0.5286378,0.014154996,0.178531,-0.42869633,0.013069178,0.1599067,-0.6597571,0.01369341,0.14693592,-0.802471,0.0070166965,0.1406701,-0.91860133,0.02769877,-0.017313166,-0.49986407,-0.011404254,-0.049638543,-0.70839196,-0.006795524,-0.097681455,-0.86697596,0.033477053,-0.12908408,-0.99163365,0.017787803,-0.19969197,-0.42254615,-0.015164363,-0.24069878,-0.63415307,0.018540328,-0.27152097,-0.766863,-0.008907747,-0.3076502,-0.867564,0.03264551,-0.35507768,-0.34997717,0.027176924,-0.40687788,-0.5146811,0.044103254,-0.42871296,-0.6230197,0.0096487,-0.4335787,-0.7051322,-0.0035510228
5,sintetico,Right,0.0,0.0,0.0,-0.2676234,-0.0319646,-0.0071702152,-0.41635627,-0.17797792,-0.009538685,-0.5356689,-0.29623756,0.019806823,-0.61709386,-0.39201578,0.0132273575,-0.26359496,-0.38442203,-0.025804194,-0.31927323,-0.5971603,-0.0014871818,-0.34592766,-0.7339332,-0.029935947,-0.38466322,-0.86347294,-0.008053799,-0.08545484,-0.4767374,-0.03273035,-0.10556328,-0.7073462,-0.021208867,-0.11438158,-0.87447405,-0.0026982473,-0.1386351,-0.9903435,-0.018915284,0.11219439,-0.4726554,-0.02830591,0.088204786,-0.65311635,-0.022420526,0.07205619,-0.80188245,-0.026273884,0.07551222,-0.92010415,-0.005878407,0.29903582,-0.4027034,0.0060069906,0.28019342,-0.57736146,-0.015043573,0.2785557,-0.69500655,0.0034017786,0.2687023,-0.78927404,-0.020701965
5,sintetico,Right,0.0,0.0,0.0,-0.251881,-0.07855162,-0.009164209,-0.3761779,-0.21557413,-0.020288631,-0.4748596,-0.36754414,0.0013493822,-0.549833,-0.44515112,-0.007153521,-0.20732452,-0.41478962,-0.0100851925,-0.19232999,-0.6157237,-0.006431739,-0.17398973,-0.75945204,0.007409366,-0.10822914,-0.8685011,-0.012407905,-0.030137273,-0.4569884,0.0007977096,-0.025942853,-0.6912615,0.019209834,-0.009452149,-0.85341173,-0.003021949,-0.019700954,-0.9998059,-0.010911632,0.17226504,-0.43995234,0.021830998,0.20032659,-0.616145,0.004166718,0.21390118,-0.7741796,0.0028299098,0.258261,-0.8588155,0.013578296,0.31866845,-0.35481513,0.004192671,0.34164634,-0.5094986,0.0066077015,0.35547757,-0.6333012,-0.018742705,0.36384246,-0.72434694,-0.007441466
5,sintetico,Right,0.0,0.0,0.0,0.2560959,-0.07477596,-0.027714996,0.34097448,-0.26645428,-0.023456218,0.3838754,-0.40134737,-0.023724683,0.39575163,-0.5417573,-0.024123847,0.20229174,-0.41110942,0.011843526,0.20331064,-0.6276867,-0.025374744,0.21268214,-0.78535765,-0.026261933,0.20751728,-0.9098638,-0.021442344,0.0053179716,-0.46694738,-0.033604387,-0.021867128,-0.7006133,-0.017625378,-0.014555975,-0.86683583,-0.03322292,-0.030403111,-0.9995377,-0.01469723,-0.18152411,-0.4394679,-0.036331072,-0.21540454,-0.6207819,-0.029944,-0.29017785,-0.7520026,-0.0357982,-0.35464433,-0.8452275,-0.0291714,-0.35639066,-0.33599088,-0.0467526,-0.3835039,-0.50467116,-0.05598232,-0.4180541,-0.62625986,-0.026228717,-0.45552135,-0.6925878,-0.043240458
5,sintetico,Right,0.0,0.0,0.0,0.2730592,-0.053704973,-0.008845975,0.3746697,-0.21569781,-0.056191538,0.41736674,-0.37754408,-0.013524738,0.45752904,-0.5056997,0.0005828658,0.22575442,-0.41079697,-0.026775606,0.25977334,-0.60039085,0.0069756163,0.28302726,-0.7477988,-0.020719646,0.29737195,-0.85971993,-0.015886279,0.05407249,-0.48229247,-0.007209979,0.06147107,-0.70652074,-0.025810389,0.043507103,-0.8820338,0.004432394,0.031026915,-0.9995186,0.010246823,-0.14175263,-0.43938908,-0.028760245,-0.1548633,-0.637279,-0.013671799,-0.14163077,-0.79631877,0.020623714,-0.16394329,-0.8990719,0.00752637,-0.32208914,-0.38175857,-0.037230186,-0.32927778,-0.5448588,0.00864197,-0.33425546,-0.6517845,-0.06704985,-0.33772138,-0.75503653,-0.00047127248
5,sintetico,Right,0.0,0.0,0.0,0.27268183,-0.058401454,0.0009320382,0.3973122,-0.2076192,-0.00033959077,0.488612,-0.32621843,-0.020021534,0.5665291,-0.41784024,-0.013588213,0.25587434,-0.39450794,0.012238902,0.26997375,-0.60628,0.0032466329,0.2727825,-0.7491857,-0.017104685,0.26831928,-0.8735975,-0.023795258,0.029766554,-0.48502842,-0.0043088854,0.045752496,-0.6894286,-0.0051102554,0.059997883,-0.8634703,-0.023832232,0.05466644,-0.9985047,-0.008098039,-0.12968053,-0.4499629,-0.01093496,-0.13786687,-0.6527009,-0.012587933,-0.13007385,-0.8007233,-0.01002392,-0.13044286,-0.9094142,0.0012749111,-0.2984836,-0.38111222,-0.0016975636,-0.31686378,-0.5412715,0.017056333,-0.36262313,-0.6448456,4.418653e-05,-0.3533142,-0.7476038,0.0098098945
5,sintetico,Right,0.0,0.0,0.0,0.2404555,-0.13873696,0.016098384,0.31585577,-0.31203264,0.010694137,0.37666878,-0.45941088,-0.05169354,0.43878943,-0.5653382,0.0070105023,0.11315608,-0.4410206,-0.021536186,0.08491047,-0.6503735,0.015325642,0.058503393,-0.7953699,-0.027655674,0.050423533,-0.9434852,-0.029014084,-0.10126133,-0.47581527,-0.012691492,-0.12337725,-0.69119865,-0.01801478,-0.17005378,-0.84705,-0.017263088,-0.20698778,-0.97834355,0.002343699,-0.2637869,-0.39865267,0.006786503,-0.30195433,-0.5765871,-0.026222482,-0.3771391,-0.7257468,0.012898305,-0.43578863,-0.82407314,-0.030563539,-0.3986664,-0.27174342,-0.021083532,-0.4632677,-0.42970103,0.026418796,-0.5006873,-0.53323,-0.0063371314,-0.5466839,-0.6224044,-0.021880364
5,sintetico,Right,0.0,0.0,0.0,-0.27503076,-0.047723662,-0.012822163,-0.3862975,-0.20725864,-0.023340574,-0.491808,-0.3157155,0.013987672,-0.57078725,-0.41784668,-0.0062310877,-0.23643906,-0.37931603,-0.0074928515,-0.27422163,-0.588601,-0.035683244,-0.26218352,-0.73245895,-0.012453445,-0.27083704,-0.8624003,-0.03429901,-0.0704578,-0.4757287,0.014259567,-0.08502617,-0.6845311,-0.028493738,-0.07952459,-0.85864216,-0.025067687,-0.083004266,-0.9965492,-0.025689257,0.12972556,-0.4395636,-0.021606382,0.14776988,-0.6592766,-0.0063845515,0.17810033,-0.78354853,-0.016147155,0.20668823,-0.9119044,-0.015572237,0.29659534,-0.38553634,-0.005672113,0.29886806,-0.54899853,-0.038388055,0.30089778,-0.6718348,-0.005247386,0.29929256,-0.74824643,-0.014221742
5,sintetico,Right,0.0,0.0,0.0,-0.24123427,-0.115062945,0.02043208,-0.33256474,-0.28912184,0.028539926,-0.4140701,-0.4308874,0.026073787,-0.45844185,-0.54093415,0.012965569,-0.13571018,-0.44868103,-0.00513911,-0.108603634,-0.6609272,-0.0012739383,-0.08762467,-0.80836624,0.009338215,-0.09278459,-0.9213777,9.7136195e-05,0.06783394,-0.47623733,0.01898811,0.0948941,-0.6955341,0.009263391,0.14545982,-0.8623424,0.001757988,0.14921911,-0.98880416,-8.034409e-05,0.22677767,-0.418657,-0.0024761895,0.27778342,-0.5862515,0.019257504,0.31413704,-0.74155,0.009668664,0.34644586,-0.84392583,0.020420408,0.37443748,-0.28443864,0.018960925,0.4572213,-0.44316888,0.017178463,0.50924903,-0.5637851,0.029217849,0.569202,-0.62741154,-0.00079714577
5,sintetico,Right,0.0,0.0,0.0,-0.25486818,-0.07832405,-0.03439212,-0.34635064,-0.25467682,-0.017202448,-0.42381054,-0.39256474,0.011276129,-0.47954667,-0.5032079,-0.006566278,-0.18840687,-0.40378112,-0.040521525,-0.17407306,-0.62377113,-0.023777874,-0.18254356,-0.7693415,-0.019046258,-0.16234137,-0.8987197,-0.0029815785,0.008914309,-0.48569715,-0.017934239,0.028908143,-0.69782317,-0.021068726,0.027040044,-0.8543497,0.00750175,0.06633266,-0.99779755,0.005378409,0.18862358,-0.4037216,-0.008028691,0.2070313,-0.6134659,-0.028173873,0.2349228,-0.7512452,-0.058969207,0.26165527,-0.88392895,-0.03810293,0.3495052,-0.33923978,-0.042128704,0.38062477,-0.4939038,-0.019583315,0.40133202,-0.61300564,-0.004390497,0.41343933,-0.67064404,0.011392323
5,sintetico,Right,0.0,0.0,0.0,0.28273454,-0.04666173,0.021532087,0.38454992,-0.19991596,0.022256393,0.4699593,-0.31900465,0.00057654746,0.50959176,-0.4370893,0.013360152,0.26188126,-0.38599458,0.009291856,0.30411738,-0.5802189,0.020167239,0.33499518,-0.7561452,0.0363431,0.35066605,-0.85018265,0.028193885,0.07730799,-0.45735332,0.025392728,0.10108271,-0.68574107,-0.0034563045,0.12159498,-0.8614875,0.025466707,0.12355488,-0.99233776,0.008409096,-0.118347004,-0.45795688,-0.0017299243,-0.09879027,-0.6573045,0.040043462,-0.14300083,-0.79588956,0.004497065,-0.11294989,-0.9061898,0.02743338,-0.26755455,-0.38912347,0.01807759,-0.29382324,-0.5804415,0.010571842,-0.3121007,-0.675821,0.045552295,-0.27963933,-0.7629301,0.016254494
5,sintetico,Right,0.0,0.0,0.0,-0.27567282,-0.037384454,0.0191475,-0.4076332,-0.1835306,0.026130436,-0.5025817,-0.28246692,0.018203393,-0.60032827,-0.37963396,0.0004527332,-0.27783763,-0.37835005,0.044038445,-0.30774552,-0.59367913,0.010866377,-0.301802,-0.750281,0.018075515,-0.36220115,-0.8548583,0.041888855,-0.07748881,-0.48504177,0.04971224,-0.09994085,-0.71007323,0.01988816,-0.115548015,-0.8617592,0.012036778,-0.13138337,-0.99133164,0.015760116,0.12377082,-0.4475846,0.047884572,0.09569925,-0.6514843,0.04882788,0.08454531,-0.79261297,0.03491818,0.07032821,-0.8884565,0.03342722,0.28337523,-0.37183625,0.0073384913,0.30535692,-0.5704017,0.037060626,0.28674713,-0.67439616,0.04240317,0.29461384,-0.7668875,0.032067943
5,sintetico,Right,0.0,0.0,0.0,0.260566,-0.07213703,-0.008703153,0.35299054,-0.26043105,-0.020806054,0.4426238,-0.3796915,0.0033968387,0.5122328,-0.51409066,-0.018781262,0.18312019,-0.44574293,0.025507702,0.18413453,-0.6316398,-0.017113106,0.19184294,-0.77774566,-0.0002368753,0.18425575,-0.9165553,0.00036917956,-0.016100036,-0.4859261,0.0075826785,-0.050240494,-0.69438356,-0.0071417866,-0.10210829,-0.8698574,0.02123073,-0.14492379,-0.9894428,0.007460562,-0.18892603,-0.41184285,0.004898714,-0.23979169,-0.6113946,-0.0040662405,-0.23814838,-0.7668176,0.012938915,-0.25839517,-0.8795136,0.024951115,-0.3413093,-0.323811,0.043341406,-0.3767021,-0.49113548,-0.0081879115,-0.4160132,-0.59613377,0.0032149474,-0.43508747,-0.70537966,-0.021877065
5,sintetico,Right,0.0,0.0,0.0,0.2697575,-0.048457447,0.027248373,0.38937005,-0.18720652,0.009180669,0.47672147,-0.31651312,0.037941027,0.56495273,-0.42008078,0.017425539,0.26039362,-0.3885552,-0.006942979,0.3278257,-0.58306956,0.010395655,0.33761021,-0.7445055,0.0297793,0.36792737,-0.8654961,0.0069372565,0.09489065,-0.46610627,0.013579505,0.09603623,-0.71311814,0.025568323,0.09130748,-0.8761,-0.033148076,0.11570068,-0.9932841,0.014452496,-0.09572764,-0.4512241,0.024537735,-0.11346765,-0.66362005,-0.008495859,-0.1482761,-0.79334915,0.019826923,-0.17092933,-0.9105573,0.0034146833,-0.28488252,-0.40159598,-0.022940602,-0.28774273,-0.5760885,0.015848031,-0.26181763,-0.6672033,0.0033466169,-0.28474325,-0.76490396,0.002334131
5,sintetico,Right,0.0,0.0,0.0,-0.2584549,-0.124646895,-0.01289852,-0.33631524,-0.30479473,0.0164217,-0.38761222,-0.44837376,4.247152e-05,-0.43845063,-0.5756425,0.008869316,-0.15153342,-0.45231524,-0.02202909,-0.12290137,-0.6705029,-0.030757777,-0.12614988,-0.8169657,-0.011691207,-0.1159097,-0.92597294,0.0022533908,0.05643185,-0.48544475,-0.005483924,0.11784916,-0.7203494,0.0099706855,0.15542428,-0.87601525,0.0013185324,0.21535024,-0.97653687,-0.021528726,0.25239438,-0.4005204,0.00014770345,0.27066904,-0.6206104,-0.004042823,0.32481322,-0.7418606,0.011689502,0.34465718,-0.86005646,-0.019762093,0.38683125,-0.29452524,-0.01599989,0.45442316,-0.47607327,-0.0008220735,0.5287535,-0.5643367,0.013736244,0.569449,-0.62234443,-0.009358331
5,sintetico,Right,0.0,0.0,0.0,-0.2653575,-0.05730582,-0.0034506586,-0.37729022,-0.22006275,0.013354283,-0.46775347,-0.33626556,-0.011884536,-0.5405493,-0.45187026,0.006515226,-0.2233553,-0.38043252,0.044763274,-0.26355234,-0.60545343,0.012896734,-0.28133124,-0.7445163,0.014846993,-0.28958434,-0.8664714,0.014329043,-0.049191646,-0.44841376,0.017452715,-0.07007193,-0.684793,0.0057114433,-0.053571217,-0.85830873,0.011456533,-0.071355954,-0.9974509,0.0054644146,0.13622822,-0.427392,-0.009656877,0.15682094,-0.6369274,0.032734472,0.20003816,-0.76730406,5.5055756e-05,0.22302166,-0.88890934,0.039534044,0.27973172,-0.37108707,0.0019217595,0.31723905,-0.52956444,-0.007520287,0.3290686,-0.64690506,0.044865683,0.33757302,-0.7462209,-0.009445657
5,sintetico,Right,0.0,0.0,0.0,-0.29565474,-0.0062728683,-0.0063114814,-0.42749485,-0.107231714,-0.0039106635,-0.55632186,-0.21173725,0.0077459035,-0.6683348,-0.28652465,0.00849944,-0.31254962,-0.34162676,0.019817634,-0.39884484,-0.5317689,-0.009209571,-0.4365533,-0.6825346,0.009177274,-0.49185488,-0.7997797,0.008472597,-0.14958817,-0.4689719,0.0006002789,-0.20160769,-0.67134297,0.023646973,-0.24554259,-0.84377015,-0.009873074,-0.27871498,-0.9603739,0.00151146,0.035732962,-0.45735633,0.0037331115,-0.017352654,-0.66728693,-0.01794533,-0.041829288,-0.80423325,0.017581271,-0.06954412,-0.9232557,-0.0022035197,0.21471672,-0.44473544,0.0056418856,0.19465199,-0.59590936,0.022122186,0.15891513,-0.7128119,0.0024357997,0.16037968,-0.81090415,-8.362529e-05
5,sintetico,Right,0.0,0.0,0.0,0.23267561,-0.1392434,-0.012779275,0.33102518,-0.31263396,-0.0070235427,0.37236935,-0.43137437,-0.0018402301,0.45451796,-0.5614583,-0.021992872,0.13492769,-0.43049297,-0.021922974,0.12375941,-0.6545257,0.0046517192,0.08781883,-0.81598186,-0.01734216,0.075792156,-0.94093484,0.010524229,-0.0909409,-0.4763946,-0.032972444,-0.12862824,-0.70281357,0.0056211483,-0.16403748,-0.8612205,-0.0075798086,-0.18624263,-0.9825038,-0.00902952,-0.2462338,-0.38903582,-0.0055987877,-0.33313137,-0.6044028,-0.028285127,-0.3321267,-0.74453485,0.0082799485,-0.36495408,-0.84108824,-0.013824074,-0.41153482,-0.2940093,-0.019576173,-0.45842338,-0.46598625,0.023123678,-0.49024132,-0.5619604,-0.012664839,-0.5256549,-0.6294733,-0.019994482
5,sintetico,Right,0.0,0.0,0.0,-0.2319759,-0.14802167,-0.022753127,-0.2804437,-0.34023064,-0.03317369,-0.32478642,-0.4878025,-0.019544644,-0.34586728,-0.6226189,0.006480428,-0.08459049,-0.45959395,-0.020692144,-0.039739415,-0.66812813,-0.022498252,0.005859281,-0.8239124,-0.019934354,0.033129577,-0.9404172,-0.02976369,0.11311012,-0.4783052,-0.032174323,0.21437396,-0.6803865,-0.016917823,0.28587833,-0.8471517,-0.03340632,0.35953462,-0.93313175,-0.018885395,0.2920855,-0.37816158,-0.009315439,0.35102296,-0.5720711,-0.0076771392,0.4055869,-0.70969343,-0.015158562,0.4623931,-0.80738854,-0.030450463,0.42381427,-0.25638783,-0.019072,0.5087871,-0.40791327,-0.008133258,0.56126136,-0.49219647,-0.004150978,0.6406027,-0.5762962,-0.017071687
5,sintetico,Right,0.0,0.0,0.0,-0.2776736,-0.08266076,-0.016427996,-0.3759348,-0.23794627,-0.023078663,-0.47895607,-0.345047,-0.013429861,-0.5500434,-0.45745075,-0.012490078,-0.21737027,-0.418447,-0.029593732,-0.22528185,-0.62485284,-0.026517488,-0.21435398,-0.77686936,0.021446276,-0.23173411,-0.8779408,-0.029598393,0.0013841302,-0.48198742,-0.011057563,-0.0030824305,-0.7088214,-0.031285785,-0.0131948665,-0.86863387,-0.025511252,-0.004669167,-0.9999891,-0.037318878,0.16579017,-0.44189498,-0.037282735,0.16929536,-0.6396778,-0.014529297,0.19107929,-0.77695686,-0.016293053,0.18309242,-0.896472,0.0035766452,0.33143556,-0.3621652,-0.023284934,0.3721532,-0.5140688,-0.02136785,0.39209202,-0.6357529,-0.024305057,0.40134522,-0.7142937,-0.038071133
5,sintetico,Right,0.0,0.0,0.0,0.24681118,-0.093750186,0.028590951,0.38279107,-0.2466375,-0.020734314,0.42481574,-0.39726406,0.03253954,0.49017584,-0.4991112,-0.00013366283,0.17850514,-0.41717744,0.010055701,0.1908318,-0.6265783,0.0006637007,0.20453021,-0.7929984,-0.0076103588,0.20968997,-0.8933603,0.00091709016,-0.01716871,-0.47939935,-0.00010449028,-0.0145974755,-0.69092715,-0.0061327564,-0.0263262,-0.86594063,0.035283606,-0.020300722,-0.99979395,-0.0022286286,-0.19502969,-0.4401188,-0.015929963,-0.2258093,-0.62296826,-0.018578975,-0.2810694,-0.7543453,0.018755069,-0.3269277,-0.85965675,-0.013645381,-0.35498172,-0.3536957,0.0095886765,-0.36865175,-0.49260643,0.041661147,-0.39417344,-0.6233341,0.014966009,-0.3941747,-0.6976316,0.0170891
5,sintetico,Right,0.0,0.0,0.0,-0.27382353,-0.05760737,0.0006695712,-0.39378998,-0.19074968,0.0061164484,-0.4883736,-0.3356524,0.0051972684,-0.6065654,-0.43051052,0.022295691,-0.24451159,-0.4100191,0.004488004,-0.27691308,-0.6213714,-0.022991968,-0.29361683,-0.76850766,-0.0077766725,-0.31195486,-0.8948832,-0.02717669,-0.03921788,-0.48565057,0.008550224,-0.05782069,-0.71415794,-0.024127161,-0.076342516,-0.8672977,0.02471372,-0.056272212,-0.99841547,-0.015207327,0.12417939,-0.45718533,-0.011276389,0.15324573,-0.6635708,-0.01793243,0.14770807,-0.8139517,-0.021922464,0.16018046,-0.9225922,-0.018971112,0.2900146,-0.3739395,-0.0069165067,0.35389426,-0.56090057,-0.010302266,0.39934725,-0.6535767,-0.017335987,0.44698942,-0.7274216,-0.005732976
5,sintetico,Right,0.0,0.0,0.0,0.28454998,-0.029187003,-0.003966061,0.41312167,-0.16400298,-0.0063692103,0.53739995,-0.2628509,-0.024968365,0.62949854,-0.3782347,-0.018568948,0.26830295,-0.36688572,-0.0040124976,0.3306808,-0.59225863,-0.011102537,0.36042723,-0.7441809,-0.021529453,0.37124214,-0.85967207,0.007224492,0.090017915,-0.47904423,-0.023676677,0.10266735,-0.71373504,-0.054451,0.06050238,-0.86788106,-0.0102261845,0.037943725,-0.99927986,-0.009613157,-0.08723601,-0.45432183,-0.010648514,-0.08147408,-0.6615268,-0.005699273,-0.061094657,-0.8043304,-0.019500421,-0.03313113,-0.92078286,0.0032872206,-0.2807258,-0.41176474,-0.031148346,-0.26825246,-0.5864136,-0.011791293,-0.2603525,-0.69941366,-0.020491103,-0.2651765,-0.7902624,0.0030085226
5,sintetico,Right,0.0,0.0,0.0,-0.25560653,-0.09710458,-0.03777708,-0.34644455,-0.23927519,-0.025872448,-0.44197163,-0.37385726,-0.014430916,-0.51607186,-0.50278294,-0.040290225,-0.17293285,-0.41157642,-0.03547195,-0.1938594,-0.6204356,-0.02301842,-0.18881336,-0.7871604,0.009561148,-0.19416867,-0.89337003,-0.034561053,0.008197663,-0.47916996,-0.025622321,0.031006493,-0.6986475,0.017697465,0.050995264,-0.8700513,-0.0087178415,0.046463422,-0.99891996,-0.047756962,0.19217947,-0.4338063,-0.024849797,0.21421768,-0.611785,-0.01201398,0.23247804,-0.77232575,0.0014994781,0.25894007,-0.8699363,0.00065557426,0.34494343,-0.34963,-0.0124043245,0.3615828,-0.4803406,-0.009944618,0.39247128,-0.6206436,-0.041559014,0.4177288,-0.7086998,-0.03204823
5,sintetico,Right,0.0,0.0,0.0,0.26770023,-0.086886995,-0.026005624,0.36041817,-0.2648964,0.027375462,0.44008344,-0.3777156,-0.030355357,0.520285,-0.51037335,-0.0030410306,0.1863009,-0.4433953,0.020676931,0.16357604,-0.6372883,-0.008353838,0.12055747,-0.7986117,-0.007492287,0.10082819,-0.90829086,-0.0013537419,-0.021204105,-0.49774736,-0.000828336,-0.036932137,-0.6943528,-0.010728133,-0.07797809,-0.87267417,-0.007459248,-0.09544614,-0.9954346,0.017458519,-0.195166,-0.42898855,-0.005934593,-0.22310977,-0.62627184,0.009122687,-0.24045098,-0.7757249,-0.011493748,-0.27335104,-0.88508224,0.021970062,-0.34421274,-0.34073272,0.0154615,-0.42123547,-0.4929493,0.00049784075,-0.45451412,-0.5854942,0.011145428,-0.5198005,-0.66559315,0.02397201
5,sintetico,Right,0.0,0.0,0.0,-0.30351514,-0.01127937,-0.033124104,-0.42018434,-0.14382802,-0.0034446358,-0.529726,-0.2330856,-0.008956026,-0.65006196,-0.33514875,-0.012958603,-0.29108647,-0.35246193,-0.042845067,-0.36405876,-0.5749275,-0.03270305,-0.39915383,-0.7037437,-0.0060875304,-0.44361943,-0.8435782,-0.0043165535,-0.117591046,-0.46865657,-0.0035326455,-0.16970836,-0.6977266,-0.009380592,-0.19047573,-0.85087776,-0.026104456,-0.2107636,-0.97753704,-0.023710629,0.055090673,-0.4696883,-0.03888694,0.037285157,-0.6688685,-0.007529715,0.022537807,-0.80476224,0.017472621,-0.020255437,-0.93212587,-0.010569121,0.2502526,-0.43253595,-0.019951124,0.23729584,-0.59760046,-0.008919469,0.22201802,-0.7088031,-0.01118367,0.21445628,-0.79017717,-0.033653047
5,sintetico,Right,0.0,0.0,0.0,0.22374289,-0.14548047,0.020864204,0.31782624,-0.3168838,-0.013503916,0.358669,-0.4555972,-0.008474042,0.40406033,-0.5973773,-0.018715367,0.08369644,-0.45896995,-0.0062677157,0.07058219,-0.65327805,-0.00045913112,0.062794425,-0.79817307,0.003980878,-0.0007526147,-0.9148778,-0.006597385,-0.09638612,-0.47415245,0.0017243274,-0.16324304,-0.6813105,0.022926705,-0.21917425,-0.82943815,0.012873359,-0.23412167,-0.9722073,0.040904216,-0.26136395,-0.3726862,-0.0028030614,-0.373496,-0.55658686,0.00068141375,-0.45075533,-0.64971375,0.0100749135,-0.5403462,-0.763992,-0.00033487173,-0.40887323,-0.26292652,0.00726073,-0.46982875,-0.40510717,-0.0221807,-0.51232344,-0.52978545,0.0019035115,-0.54321676,-0.5972424,0.02133951
5,sintetico,Right,0.0,0.0,0.0,-0.26069614,-0.07478464,0.0070418757,-0.3721454,-0.2102156,-0.029460514,-0.42267695,-0.36783352,-0.025007684,-0.46853498,-0.4916967,-0.054509383,-0.2348766,-0.3911099,-0.043171175,-0.24704404,-0.60019135,-0.009518088,-0.23149602,-0.75004697,-0.00069530925,-0.19925381,-0.87611794,-0.029550102,-0.059660785,-0.47177523,-0.027406298,-0.07142093,-0.71929306,-0.040877923,-0.06409375,-0.8655273,-0.03448723,-0.08011999,-0.9967852,0.0003550887,0.13814715,-0.45789757,-0.014078836,0.13603103,-0.6472679,-0.043909647,0.15016854,-0.80654824,-0.010444794,0.16273057,-0.9075535,0.015128189,0.2959974,-0.39817178,-0.024055492,0.33545575,-0.5505049,-0.027914336,0.33197752,-0.6701906,-0.010230566,0.33019316,-0.74344087,-0.004210774
5,sintetico,Right,0.0,0.0,0.0,-0.25467908,-0.08686879,0.0122403335,-0.344582,-0.24656028,-0.02552084,-0.41573098,-0.38928443,-0.03009168,-0.46511424,-0.5183323,-0.018152414,-0.17706126,-0.42233214,0.03135962,-0.19417329,-0.6231505,0.0064484794,-0.19439006,-0.7704294,-0.021517606,-0.20182554,-0.8767603,-0.018539531,0.009735814,-0.47647992,-0.013645932,0.036128875,-0.703088,-0.009406723,0.04430985,-0.8766089,-0.0039894697,0.03125813,-0.99951136,-0.0033756455,0.1723768,-0.41692087,0.004184264,0.20893843,-0.6250919,0.016046083,0.23633312,-0.7496053,-0.015388389,0.23368603,-0.8860323,-0.01656808,0.35190853,-0.34298837,-0.018783215,0.3767167,-0.49174613,-0.017496793,0.39152196,-0.5966318,-0.007995152,0.4084558,-0.69047064,-0.0040716077
5,sintetico,Right,0.0,0.0,0.0,0.22251588,-0.1695933,-0.0044393796,0.23991936,-0.3623788,0.00095648674,0.2296933,-0.5375422,-0.009818936,0.22166084,-0.62714577,0.018319996,0.058681063,-0.4663233,0.0180922,-0.021416813,-0.66541266,0.01376625,-0.051194817,-0.80508536,0.012211523,-0.10198264,-0.93037,-0.028391842,-0.16566917,-0.44655097,0.0025236965,-0.26100686,-0.6590572,0.014193778,-0.3369379,-0.81242824,0.02179359,-0.36920506,-0.92934793,-0.002515567,-0.32522476,-0.35505795,0.02120841,-0.37801573,-0.52699566,0.005530658,-0.4550957,-0.6400932,-0.039958525,-0.509252,-0.75225943,-0.0008681594,-0.43607628,-0.21037638,-0.012529186,-0.5305472,-0.3445315,-0.008940532,-0.5910808,-0.45688984,0.01725061,-0.65150577,-0.53239346,0.0053749545
5,sintetico,Right,0.0,0.0,0.0,0.24961945,-0.050060365,-0.042586878,0.40477103,-0.19132875,-0.042922966,0.5049019,-0.29324013,-0.038242072,0.58561254,-0.3932903,-0.017245956,0.2534332,-0.39845774,-0.0012974496,0.3019693,-0.5786736,-0.008237711,0.33079582,-0.72746295,-0.037404172,0.3544922,-0.85215354,-0.05550156,0.055542182,-0.46575266,-0.03647519,0.103016764,-0.6681534,-0.039571013,0.10185856,-0.8431017,-0.053392097,0.097060226,-0.99527854,-0.022765363,-0.10934143,-0.4534694,-0.030717772,-0.09739356,-0.6484214,-0.023896774,-0.09801421,-0.778525,-0.020719202,-0.08964651,-0.9011771,-0.021364834,-0.27848297,-0.39525768,-0.03166379,-0.29411915,-0.5675827,-0.008232103,-0.33549908,-0.6648245,-0.037515197,-0.33485386,-0.7442847,-0.03955711
5,sintetico,Right,0.0,0.0,0.0,-0.24514551,-0.11714999,0.02267979,-0.3245062,-0.3004821,0.03816831,-0.3927361,-0.4366921,0.043907322,-0.46135366,-0.56325257,0.019875873,-0.12973133,-0.44292834,0.018022524,-0.11902903,-0.65421146,-0.0070751333,-0.07118397,-0.7859609,0.034334827,-0.05429005,-0.91275007,-0.022945646,0.061413746,-0.46529153,0.032409336,0.119055346,-0.6844906,0.014059874,0.17067215,-0.8621923,-0.02466431,0.21815832,-0.9759134,0.018942337,0.25032276,-0.37852132,0.011176097,0.29405057,-0.5972634,0.0065726326,0.32220948,-0.7260454,0.009389841,0.3590712,-0.83918107,0.013341463,0.3914594,-0.30849472,0.013294892,0.44170126,-0.45644715,-0.009602217,0.47514915,-0.5642799,0.019986324,0.5068953,-0.6333616,0.0076609543
5,sintetico,Right,0.0,0.0,0.0,0.25878325,-0.075207084,0.0021742394,0.36557811,-0.24638154,-0.008442598,0.420566,-0.38653535,-0.02473552,0.44356388,-0.51306313,-0.011294507,0.2185968,-0.42077786,-0.007974555,0.2302679,-0.6362962,-0.034340918,0.20554209,-0.781904,-0.041707817,0.20217252,-0.9120868,-0.027802626,0.036619782,-0.48770058,-0.03931031,0.013344648,-0.7103024,-0.016482295,-0.03321829,-0.8965836,-0.020946933,-0.053503733,-0.99856764,-0.0075174286,-0.15217692,-0.44760373,0.0021559366,-0.20954128,-0.64489985,-0.004389086,-0.24745253,-0.7888679,-0.0021273352,-0.29989272,-0.8888483,0.005845766,-0.3347293,-0.3784068,-0.013982829,-0.34566066,-0.53363717,-0.049533725,-0.37704495,-0.63119835,-0.036090955,-0.41296625,-0.7304492,-0.0011305667
5,sintetico,Right,0.0,0.0,0.0,-0.25358358,-0.10532405,0.017931689,-0.37929502,-0.26629645,0.0008488074,-0.47178155,-0.38707012,0.011243811,-0.53765047,-0.5007603,-0.0077706967,-0.20196994,-0.44211474,0.018694103,-0.17283417,-0.6687734,-0.012220901,-0.18389161,-0.8395449,0.017489608,-0.16218807,-0.9289834,0.0056403503,0.012190898,-0.49757177,-0.03060473,0.06895674,-0.7241352,0.0054441877,0.1620269,-0.8691214,0.013555007,0.2614711,-0.96521133,-0.01382777,0.19327012,-0.44400552,-0.008126127,0.21374866,-0.65109944,0.0058287424,0.22997981,-0.7966503,-0.003123987,0.25074583,-0.91378146,0.009418812,0.3646821,-0.36530393,0.0013838736,0.40169993,-0.5094433,-0.015174916,0.408421,-0.64157206,0.03922447,0.44250262,-0.748232,-0.0005635068
5,sintetico,Right,0.0,0.0,0.0,0.25136498,-0.090822965,0.020413468,0.38613504,-0.2581203,-0.010214421,0.45201978,-0.39427078,0.004566102,0.52984786,-0.5200475,0.025199339,0.18430857,-0.4309254,-0.00057386473,0.15391207,-0.6664803,-0.01170094,0.10691475,-0.7964202,-0.011861805,0.042521965,-0.90127105,-0.035243772,-0.015592677,-0.48653767,-0.022353085,-0.07344341,-0.7053064,0.0005487225,-0.07820279,-0.85758555,0.00988204,-0.14439712,-0.98951983,-0.0107472595,-0.18831754,-0.4328214,0.0096919425,-0.24492063,-0.6419919,0.008762718,-0.2778478,-0.7589088,-0.015841074,-0.3019324,-0.86848515,-0.013254783,-0.36983004,-0.3564703,-0.02434369,-0.40694728,-0.49041346,0.006543868,-0.45023006,-0.5962591,-0.004394936,-0.50822407,-0.68386996,0.008668096
5,sintetico,Right,0.0,0.0,0.0,0.2785063,-0.029870085,-0.0035329186,0.41468236,-0.20498934,-0.011235474,0.5312582,-0.3014079,0.015830709,0.6220272,-0.3883945,-0.01781095,0.2625294,-0.40550745,-0.009443519,0.28555134,-0.5933019,0.00932139,0.30855384,-0.76814824,0.00011114498,0.36659503,-0.8554543,0.0069238204,0.09536004,-0.4941758,0.0037272852,0.07622444,-0.7232351,-0.015065931,0.07000443,-0.8886688,0.028356753,0.046952207,-0.99889714,0.023061195,-0.121436484,-0.46000898,-0.011498754,-0.09861688,-0.6628989,0.012089406,-0.08969721,-0.7869328,-0.0038409957,-0.099529155,-0.92839706,0.022078853,-0.3087041,-0.39941418,0.018383112,-0.31223428,-0.5526415,0.024922878,-0.3062588,-0.6927094,-0.0113617135,-0.29903638,-0.73590636,-0.018072642
5,sintetico,Right,0.0,0.0,0.0,0.26010725,-0.10354522,-0.01340277,0.351724,-0.27096897,-0.0034329703,0.43013412,-0.39593223,-0.042453,0.5101592,-0.5069917,-0.006081582,0.17070994,-0.43232802,-0.009099524,0.10570793,-0.63096845,-0.035852604,0.07531971,-0.77687234,-0.022525666,-0.037242718,-0.8739573,-0.010649499,-0.02793705,-0.48407105,-0.009210123,-0.07910378,-0.71770173,-0.0012505804,-0.09916463,-0.86658305,0.008603595,-0.15079825,-0.98856455,-0.016552186,-0.2078106,-0.42426872,-0.030227328,-0.26188505,-0.61957514,-0.0031212834,-0.3067221,-0.75633764,0.0033225468,-0.3562877,-0.8628564,0.003041461,-0.36920762,-0.34381807,-0.0079781925,-0.40797544,-0.4976723,0.013169503,-0.42709255,-0.6077557,-0.01827714,-0.4526763,-0.6826436,0.0076303734
5,sintetico,Right,0.0,0.0,0.0,-0.27145606,-0.030256482,-0.032808434,-0.4134132,-0.181974,-0.03056385,-0.5162489,-0.28190348,-0.03733747,-0.60964555,-0.3806875,-0.022931708,-0.25523284,-0.3863853,-0.03136854,-0.3192746,-0.58963054,-0.024323858,-0.34386653,-0.7399805,-0.019856662,-0.38293678,-0.86565244,-0.038599744,-0.07058992,-0.48233646,-0.00031656885,-0.09685913,-0.70381206,-0.0027482829,-0.12391182,-0.8637188,-0.02578801,-0.13911887,-0.9902757,0.0012961888,0.109014966,-0.4429228,-0.013954476,0.09693465,-0.66119736,-0.004041901,0.06729687,-0.7986486,-0.038293984,0.07866445,-0.9087895,-0.024064409,0.27340975,-0.3989589,-0.010610445,0.28775418,-0.55373436,-0.021659391,0.28135413,-0.6574497,-0.021826008,0.29622322,-0.7666952,-0.020916564
5,sintetico,Right,0.0,0.0,0.0,0.23959064,-0.09901243,-0.028870583,0.34205934,-0.26235628,-0.036373787,0.44397184,-0.4021714,0.005215611,0.4807107,-0.5104946,-0.018374672,0.16181177,-0.42248094,-0.023145046,0.15756802,-0.63932884,-0.041149653,0.14894745,-0.79022515,-0.03658709,0.13906135,-0.9197087,-0.04547958,-0.041801374,-0.48198906,-0.0068591773,-0.09063111,-0.711853,-0.02216857,-0.14644854,-0.85227054,-0.034768,-0.20526311,-0.97870684,-0.03728192,-0.20696035,-0.4150287,-0.045336686,-0.22193275,-0.6266951,-0.031036163,-0.2624171,-0.7527514,-0.027303042,-0.27818215,-0.8670908,-0.06526733,-0.36357063,-0.33058396,-0.044916254,-0.4017375,-0.49842727,-0.040452324,-0.4261764,-0.5945413,-0.013106006,-0.4664251,-0.682106,-0.038546734
5,sintetico,Right,0.0,0.0,0.0,0.2528929,-0.024089817,-0.020118356,0.43523005,-0.13702942,0.023493044,0.55369127,-0.25720856,0.009336708,0.6507848,-0.33185458,0.0073977686,0.31627268,-0.3686543,-9.748535e-05,0.35778263,-0.552047,-0.0109925065,0.429935,-0.72636044,0.02438429,0.44898888,-0.8072475,0.035736006,0.10645641,-0.4867762,0.02499433,0.13474023,-0.7025199,0.0016095145,0.15438741,-0.87873113,0.010366203,0.11546683,-0.99331135,0.021042453,-0.048192017,-0.46239495,0.005716165,-0.029794842,-0.6654119,0.03477991,0.0060706413,-0.8146562,0.023845127,0.029476836,-0.92520124,0.047986638,-0.24053848,-0.43710104,0.0072889104,-0.22654942,-0.6199889,-0.03368841,-0.22721769,-0.7172002,0.005366829,-0.21857367,-0.79894704,-0.0017242713
5,sintetico,Right,0.0,0.0,0.0,0.22281335,-0.17092215,-0.019059999,0.2964837,-0.34095448,-0.008103745,0.35454467,-0.48237044,0.00940914,0.40340644,-0.60422665,-0.015114296,0.07848298,-0.46393514,0.00042287895,0.01813476,-0.63995194,0.0021907357,-0.06980504,-0.77230644,-0.008118332,-0.15031728,-0.86185396,-0.01921424,-0.13367027,-0.46295607,0.018635966,-0.1871195,-0.6672216,0.0010737516,-0.24207328,-0.8450354,-0.011081292,-0.28038892,-0.9598865,-0.018721428,-0.29535666,-0.38513342,0.007698814,-0.3811613,-0.55303836,-0.007444691,-0.40905443,-0.68686897,0.008933804,-0.4346272,-0.7953849,-0.020786248,-0.42895296,-0.24942681,-0.0016244152,-0.49819174,-0.38886684,-0.013865402,-0.53445816,-0.48662362,0.020887362,-0.5791463,-0.56207657,-0.0005978113
5,sintetico,Right,0.0,0.0,0.0,0.28963643,0.023628747,0.0019748756,0.42296425,-0.103369094,-0.02512472,0.54836893,-0.19481173,-0.002338032,0.6751993,-0.28710398,-0.019320698,0.32035136,-0.3404966,-0.003917379,0.36899358,-0.54298156,-0.026619667,0.41567284,-0.6695403,-0.014784202,0.45319325,-0.80404514,-0.012013433,0.1626752,-0.4258275,-0.013548445,0.20777145,-0.687801,-0.007627807,0.21666849,-0.8524154,-0.024786841,0.21944512,-0.97562486,-0.021089276,-0.030209344,-0.472499,-0.0028313647,0.030265965,-0.65594167,-0.019070344,0.056907155,-0.8041083,-0.020294966,0.10382376,-0.90876913,-0.025263168,-0.20282117,-0.44356585,-0.019758107,-0.1630829,-0.6073267,-0.027934149,-0.16171843,-0.72335905,-0.0026084585,-0.13718893,-0.80060333,-0.019599814
5,sintetico,Right,0.0,0.0,0.0,-0.27599835,-0.051934637,-0.005584402,-0.4096691,-0.1780733,0.010840744,-0.51363724,-0.2825345,0.018801711,-0.6127575,-0.35864773,0.024502823,-0.2648096,-0.38848928,0.03401718,-0.31827697,-0.5733741,-0.01429616,-0.3669324,-0.71338505,0.041838046,-0.37999603,-0.8402199,0.0051761633,-0.09071373,-0.47299603,0.013072194,-0.1296849,-0.6828026,0.01748321,-0.13114063,-0.8410563,-0.014593941,-0.18171161,-0.9833519,0.010820746,0.10130188,-0.46231017,0.031651516,0.08212971,-0.67088133,0.026377982,0.07864506,-0.8139871,0.009826082,0.05756839,-0.90591997,0.020259734,0.2671449,-0.39478755,0.023893576,0.27378967,-0.5716023,0.013360127,0.3000095,-0.6880978,0.024346264,0.34071594,-0.7711917,0.0054391613
5,sintetico,Right,0.0,0.0,0.0,0.25227505,-0.064316064,0.010394361,0.39630175,-0.21421798,-0.011362569,0.49071825,-0.34606913,0.03501835,0.5718054,-0.43462738,0.04314629,0.21758899,-0.400932,0.031404972,0.24680628,-0.61427844,0.005488748,0.25912002,-0.7762003,0.004991128,0.27262026,-0.89011914,0.029767977,0.033867415,-0.48653314,0.010403621,0.042265724,-0.7125667,0.0051727234,0.042396635,-0.87010056,0.003451069,0.03236465,-0.99947613,0.04720507,-0.1537527,-0.46199545,0.011278435,-0.19324736,-0.6534027,0.031231571,-0.18611339,-0.77724,0.026887579,-0.2058705,-0.896406,0.0053573637,-0.31701222,-0.37543207,0.019049477,-0.34089115,-0.5493737,0.0030093943,-0.35316026,-0.6414386,0.040720787,-0.3653603,-0.7085688,0.0044006435
5,sintetico,Right,0.0,0.0,0.0,-0.2649383,-0.0031923633,0.012572528,-0.41293925,-0.14306526,-0.024602301,-0.5212298,-0.23495977,-0.0151974,-0.6403928,-0.346738,-0.017603422,-0.30921122,-0.35178775,-0.0136081865,-0.38204682,-0.5400563,-0.024400176,-0.41014135,-0.69180775,0.025189385,-0.46333236,-0.8019892,0.00728131,-0.14381297,-0.46801335,-0.01599082,-0.1782136,-0.6763967,-0.00480964,-0.23533909,-0.841539,-0.011175012,-0.26528814,-0.9641692,-0.0028215337,0.065962076,-0.45919946,-0.015882617,0.030305909,-0.6612613,-0.026560681,0.03914954,-0.80455285,-0.013118875,0.0337081,-0.91477793,0.0144997155,0.23442082,-0.4205121,-0.026022738,0.2104264,-0.5920452,0.010481894,0.2039969,-0.7286227,0.0028875435,0.18590291,-0.79953897,-0.010678615
5,sintetico,Right,0.0,0.0,0.0,0.24563476,-0.1382979,-0.018503636,0.30781534,-0.31492913,-0.007070989,0.37473372,-0.44465452,0.0026859809,0.4089558,-0.5859176,0.005716749,0.13794194,-0.44895926,0.021718768,0.085271865,-0.66787547,0.0016662254,0.08155278,-0.8222873,0.003252247,0.050107345,-0.9141675,-0.0019505068,-0.09208362,-0.4684455,0.01549896,-0.11848274,-0.6922011,-0.015313323,-0.17045178,-0.86292756,-0.004915572,-0.1817483,-0.9833451,0.0016260883,-0.24572615,-0.39193842,-0.01194175,-0.30142018,-0.6046814,0.022573482,-0.33851022,-0.71741945,0.0064209895,-0.3611232,-0.8361835,-0.016732257,-0.40777513,-0.29168156,0.0077679153,-0.45107242,-0.45863566,0.021288795,-0.5056937,-0.5654139,-0.009145528,-0.4994649,-0.6377858,0.022061434
5,sintetico,Right,0.0,0.0,0.0,0.26402077,-0.09997484,-0.016312601,0.36654758,-0.24509482,0.018326236,0.46420687,-0.37282598,0.013725499,0.54321903,-0.4722298,0.0020706912,0.18392001,-0.41895458,-0.001899809,0.20738643,-0.62394047,0.006658575,0.21680042,-0.7732075,0.013931113,0.21415699,-0.90262467,0.023116274,0.007936154,-0.4690753,-0.01176929,-0.023507074,-0.698809,0.010873646,-0.054574363,-0.8651822,-0.0052886903,-0.09151254,-0.99580395,-0.026999181,-0.17441341,-0.4199254,0.007910094,-0.19089113,-0.6325607,0.016886638,-0.20887052,-0.7920959,0.009835301,-0.2135158,-0.885885,-0.006456828,-0.3190521,-0.3533325,0.0014832607,-0.3482531,-0.51048255,0.005924266,-0.3905186,-0.6275051,0.004128397,-0.41766715,-0.7114742,0.0135021
5,sintetico,Right,0.0,0.0,0.0,0.27101868,-0.017484238,-0.011421444,0.41713625,-0.13530934,0.01566931,0.49944317,-0.24586149,-0.006031961,0.6006342,-0.36399734,-0.010303478,0.2881635,-0.34216172,-0.00026689353,0.3770961,-0.55265135,-0.027061604,0.42291334,-0.6861568,0.0071320245,0.4540715,-0.78901625,-0.006008316,0.13657245,-0.47015446,0.041517895,0.19593774,-0.6764567,-0.01077105,0.2355392,-0.85165113,-0.0053523965,0.27700776,-0.9608677,0.014486238,-0.051620055,-0.47873345,0.010853288,-0.019531181,-0.6469041,0.014774668,0.030815698,-0.77456224,-0.0055439407,0.041757844,-0.90820974,-0.018937342,-0.23048244,-0.42720798,0.039982826,-0.2083915,-0.6044666,0.0067502735,-0.19277336,-0.70262957,0.0022619702,-0.19742471,-0.7819288,0.011221219
5,sintetico,Right,0.0,0.0,0.0,0.25532323,-0.10460714,0.022358729,0.35578945,-0.2697758,0.01627792,0.4579573,-0.40418947,0.016246997,0.50293005,-0.52568364,0.0329652,0.18361767,-0.43733945,-8.855728e-05,0.19071804,-0.6405443,-0.009430517,0.16075447,-0.7901052,0.01760155,0.16318013,-0.9292853,0.015344347,-0.018333899,-0.47935998,-0.011423095,-0.058961496,-0.7224469,0.0065524657,-0.05518766,-0.87775016,0.018335972,-0.08102796,-0.99671185,0.013987682,-0.21405086,-0.4231818,0.02152469,-0.25210798,-0.62777895,-0.0016274776,-0.26506057,-0.7576603,-0.013932642,-0.29993862,-0.86790013,-0.0056037107,-0.36475894,-0.33047417,0.023709184,-0.39652845,-0.4846641,0.026533933,-0.42554408,-0.6240385,0.0066938936,-0.44806606,-0.7013257,0.03439846
5,sintetico,Right,0.0,0.0,0.0,-0.25564,-0.10891032,0.0412389,-0.33139336,-0.2933265,0.026632344,-0.4158348,-0.42654282,0.025954068,-0.45147553,-0.57184124,0.023090944,-0.12674536,-0.4671993,0.029709147,-0.12799206,-0.6555109,0.036937002,-0.08391371,-0.80571276,0.042024087,-0.08313601,-0.9332834,0.024392989,0.06817129,-0.47751653,0.006729299,0.12586965,-0.70665354,0.006167787,0.13258949,-0.8517955,0.043451376,0.1591894,-0.98724806,0.022013798,0.24426287,-0.4069205,0.009685955,0.2675813,-0.58771855,0.014316761,0.3224625,-0.74986196,0.02491657,0.35548198,-0.82738006,0.0054550674,0.40148166,-0.27694562,0.025943419,0.44355848,-0.44691834,0.04695485,0.513369,-0.5495547,0.024510955,0.55722386,-0.6523426,-0.002467208
5,sintetico,Right,0.0,0.0,0.0,0.26130596,-0.11074398,0.030585792,0.3432122,-0.28020263,0.014829363,0.40635973,-0.41980186,0.030090664,0.44546598,-0.55390006,0.025155371,0.16251823,-0.4426203,0.014074983,0.14324018,-0.65717196,0.0059995027,0.10943168,-0.79283375,0.043679506,0.08125066,-0.9092368,-0.016173096,-0.033806965,-0.48770288,0.0070287324,-0.07682792,-0.702316,-0.010764576,-0.13113526,-0.85679126,0.011223845,-0.17290096,-0.9849392,0.014686208,-0.20547733,-0.41933805,0.0002481098,-0.24729429,-0.63171935,0.0013344001,-0.27486917,-0.7444859,-0.009539814,-0.29133862,-0.88255596,0.016061181,-0.36624348,-0.33024246,0.0027987643,-0.43476182,-0.47154048,0.015635116,-0.49338642,-0.5659652,0.0019691584,-0.58878213,-0.61753076,0.013104016
5,sintetico,Right,0.0,0.0,0.0,0.27427813,-0.060472064,0.00074321305,0.38716406,-0.19692001,0.012234749,0.46754828,-0.33152008,-0.021668397,0.53302413,-0.46390036,-0.0019250532,0.23634115,-0.39779192,0.0035524778,0.26531938,-0.59582454,-0.029150067,0.28116116,-0.75401336,0.010916514,0.2908315,-0.8605774,0.013183919,0.052587423,-0.477219,-0.029903384,0.057474643,-0.7089119,-0.008051728,0.08037303,-0.8621283,-0.007577285,0.06677264,-0.9977682,-0.0148306,-0.13171692,-0.46286756,-0.012864632,-0.13445151,-0.66186893,-0.009606445,-0.11540251,-0.79407156,0.0065369783,-0.11172804,-0.92523104,0.015625345,-0.28930464,-0.38730714,0.005708355,-0.32865492,-0.54098576,-0.015187117,-0.33469227,-0.6636687,0.009118664,-0.35441878,-0.7426039,0.0064522084
5,sintetico,Right,0.0,0.0,0.0,-0.23503457,-0.12708303,-0.008226973,-0.32102045,-0.32373336,-0.00013490357,-0.38124803,-0.45804027,0.016420528,-0.4424786,-0.56128275,-0.012512934,-0.11210538,-0.45149645,-0.013942933,-0.07148458,-0.65520847,-0.014366708,-0.008186975,-0.80514044,0.0065590576,0.058408488,-0.8928717,-0.019320423,0.085443616,-0.46916112,0.0037251303,0.12797225,-0.6894628,-0.030549312,0.19438411,-0.864032,-0.010887931,0.21986201,-0.975531,-0.00761849,0.28714636,-0.3634803,0.02234465,0.32225025,-0.58926034,0.009075184,0.36582145,-0.7078329,-0.012450078,0.38372853,-0.84600544,-0.015089802,0.3924725,-0.2707968,-0.017615506,0.4706587,-0.4286657,-0.024886962,0.5137352,-0.540254,0.019550664,0.5324809,-0.6191458,-0.01894401
5,sintetico,Right,0.0,0.0,0.0,-0.2676919,-0.045736138,0.029111428,-0.37206697,-0.21186188,0.00081599824,-0.43065217,-0.33155844,-0.00048513478,-0.48821133,-0.45607275,-0.0032781868,-0.26008898,-0.37873685,-0.021401232,-0.29263654,-0.5720733,0.020656945,-0.31773278,-0.73797965,0.0055612847,-0.33553892,-0.8388387,0.02143932,-0.084858015,-0.47860226,0.0037645728,-0.08026332,-0.6916702,0.00015139753,-0.11948482,-0.8507571,-0.0032926693,-0.13730341,-0.99052906,0.015935417,0.10094254,-0.45095423,-0.0053016776,0.09608996,-0.6515942,0.011661813,0.081672356,-0.79020673,0.006718757,0.10024285,-0.9021466,-0.008703998,0.27942458,-0.37902716,-0.00022224808,0.295458,-0.52672064,0.0063183806,0.33439004,-0.660277,0.0017438765,0.35395262,-0.73325694,0.033221267
5,sintetico,Right,0.0,0.0,0.0,-0.2662542,-0.051146958,0.008887259,-0.4012026,-0.20238404,0.046785284,-0.5096802,-0.3117428,0.050174158,-0.5896985,-0.41846868,-0.0012543801,-0.27910537,-0.4008336,0.01790585,-0.29951936,-0.6020218,0.014930353,-0.33266374,-0.739365,0.031404257,-0.35837266,-0.8609895,0.02585731,-0.049141828,-0.48085827,0.03842852,-0.09817444,-0.69778943,0.0050016404,-0.12321853,-0.87198335,0.032993816,-0.13076933,-0.9914128,0.02174222,0.10531859,-0.44742405,0.01510476,0.11859615,-0.6748588,0.03450379,0.09932619,-0.79975253,0.023168987,0.08631784,-0.9084284,0.025578415,0.30135378,-0.39457983,0.049224246,0.30121067,-0.5631435,0.028402224,0.29807556,-0.68106484,0.05923883,0.29702955,-0.76872945,-0.011098943
5,sintetico,Right,0.0,0.0,0.0,-0.24917647,-0.071610786,0.0007827606,-0.39227825,-0.189938,0.02209447,-0.48870078,-0.31788084,0.036368,-0.5731709,-0.42442894,0.01945187,-0.23925506,-0.39327008,0.03147508,-0.24774438,-0.6222989,0.020656127,-0.28896695,-0.75708705,0.026758134,-0.3048657,-0.86413974,0.033980977,-0.047588833,-0.47470778,0.042652123,-0.04079711,-0.715403,0.026463453,-0.06101186,-0.86359876,0.052074563,-0.072261356,-0.99738574,0.018435871,0.13565813,-0.4410328,0.04254142,0.13811712,-0.6357476,0.031064687,0.13010944,-0.79683226,-0.006299876,0.121986456,-0.89435583,0.043933928,0.3141823,-0.38674408,0.007827948,0.32200947,-0.520123,0.01819192,0.3725472,-0.6337977,0.035565,0.39238885,-0.7244372,0.010516757
5,sintetico,Right,0.0,0.0,0.0,0.2557828,-0.10957368,0.014770597,0.32928452,-0.27704716,-0.016972695,0.4247399,-0.42504925,-0.023237066,0.4758524,-0.5346435,0.0022031944,0.16057782,-0.43534464,-0.027830955,0.12412708,-0.65103656,-0.021248566,0.11325623,-0.78280306,0.015407124,0.07069426,-0.90370005,-0.035676733,-0.046297126,-0.48696876,-0.0036471912,-0.07490662,-0.71719044,-0.03130712,-0.09899809,-0.8731122,-0.0019405545,-0.11859993,-0.9929421,0.020596923,-0.2233957,-0.41569597,-0.024499763,-0.25049067,-0.6231107,-0.04178609,-0.29127526,-0.748332,-0.002795222,-0.29798836,-0.84675664,-0.018394912,-0.3843673,-0.3230968,-0.011365382,-0.42368194,-0.47401038,-0.0026666797,-0.45416063,-0.5797048,0.00047527917,-0.482439,-0.6541785,0.00063107815
5,sintetico,Right,0.0,0.0,0.0,0.26101694,-0.08671474,0.0053602513,0.35540518,-0.25677356,0.009254998,0.44631153,-0.3885228,-0.019843064,0.50507635,-0.49711126,0.0026090972,0.15390562,-0.4248654,0.021672953,0.1730462,-0.6395761,0.005972062,0.16318768,-0.7904458,-0.018076701,0.14140877,-0.907739,0.0075279484,-0.03489765,-0.47070372,0.0154711995,-0.04897192,-0.7038299,0.00448724,-0.06263466,-0.8570147,0.00494231,-0.07862453,-0.9969043,0.0023985105,-0.19895764,-0.42531806,0.017407656,-0.24941103,-0.62055725,-0.0028876788,-0.257799,-0.7581828,0.016361738,-0.27016115,-0.87066734,0.00490794,-0.36457908,-0.32888418,0.026305845,-0.40702546,-0.48915926,0.0018497371,-0.41097495,-0.596821,-0.006948776,-0.43670338,-0.697082,0.017382633
5,sintetico,Right,0.0,0.0,0.0,-0.25564748,-0.13036041,0.018598456,-0.32886878,-0.29840818,0.006360108,-0.39060086,-0.4456036,0.015457778,-0.43362415,-0.572758,-0.00625076,-0.11083317,-0.4350696,-0.012854229,-0.096862584,-0.65823185,0.028823782,-0.084597535,-0.8025957,-0.009780686,-0.06332242,-0.9139464,0.030339133,0.0717108,-0.47619486,0.0038944366,0.11676762,-0.69369113,-0.0026083996,0.18289109,-0.8587307,0.0018212396,0.23733774,-0.9714272,0.032029495,0.24511075,-0.3932338,-0.0007752973,0.2824052,-0.59465396,0.0037362883,0.32698983,-0.72359145,0.023090258,0.36070645,-0.8466813,0.015939573,0.38783067,-0.29298866,0.038806725,0.43443683,-0.4594877,0.02580029,0.47589475,-0.57850355,-0.0007434625,0.5001092,-0.6465465,0.027757475
5,sintetico,Right,0.0,0.0,0.0,0.28253412,-0.0131261125,-0.021423135,0.4330951,-0.13413435,0.018320238,0.55191875,-0.23796742,-0.0087643005,0.63984007,-0.32730123,-0.005539208,0.30465215,-0.36241502,-0.014729807,0.35050017,-0.56068957,-0.020426473,0.38569292,-0.7132928,-0.0013913143,0.39155,-0.83682805,-0.025033148,0.12659477,-0.46578798,-0.005823989,0.17718108,-0.6906732,0.017771607,0.2117153,-0.8394239,0.0059752422,0.24098614,-0.97052854,-0.0017784984,-0.04821823,-0.44966066,-0.020181252,-0.036176674,-0.66334206,-0.005507543,-0.019768842,-0.81074464,-0.015906917,-0.03379344,-0.91537863,0.015746785,-0.23651902,-0.41589138,-0.011351499,-0.24339366,-0.6085235,-0.01576428,-0.2634158,-0.69715416,-0.007727862,-0.3107707,-0.7877207,-0.015704133
5,sintetico,Right,0.0,0.0,0.0,-0.2686248,-0.029513622,-0.0319096,-0.4193909,-0.16797647,-0.007727945,-0.50219727,-0.27603218,-0.0090836715,-0.62496585,-0.3746441,-0.00618273,-0.27891096,-0.4083428,0.010694876,-0.30104643,-0.61153543,0.025605472,-0.28141096,-0.75571054,0.014672152,-0.27682486,-0.8765286,-0.0027340811,-0.08367652,-0.47729984,-0.00094726414,-0.11976701,-0.68296283,0.027279397,-0.158574,-0.88066465,-0.023184087,-0.19165248,-0.98146284,0.013819839,0.09071741,-0.46803424,-0.024608519,0.06624182,-0.6644015,-0.030691108,0.03162412,-0.81792784,0.0039944705,0.03878431,-0.9174958,-0.03281662,0.26771602,-0.42300403,-0.012474443,0.25708887,-0.59381104,0.015945762,0.25355572,-0.69250876,-0.02085487,0.2744865,-0.8036766,0.022741148
5,sintetico,Right,0.0,0.0,0.0,0.27500477,-0.075669706,0.018486137,0.38668,-0.2209639,0.023766445,0.47198063,-0.33503935,0.013315369,0.56446,-0.43302703,0.011499647,0.21552059,-0.40619448,-0.002468423,0.24609405,-0.6173735,0.014402359,0.21047483,-0.7552859,-0.010080988,0.20625247,-0.87576854,0.012882967,0.036162816,-0.46855068,0.015894726,0.039338663,-0.70186865,0.026556024,0.040379692,-0.85206836,-0.0033538311,0.062527716,-0.99804324,0.020246435,-0.16918902,-0.4324355,0.02382378,-0.16648193,-0.6310836,0.014612655,-0.15808572,-0.8009127,0.021920467,-0.14468232,-0.88662535,0.019156871,-0.3050448,-0.3716747,-0.025525408,-0.34137884,-0.53179586,0.0006024905,-0.35190204,-0.6308129,0.048309434,-0.3759712,-0.73262566,0.025167549
5,sintetico,Right,0.0,0.0,0.0,0.2664324,-0.057179026,0.02678178,0.39868727,-0.1804646,-0.017141007,0.50738907,-0.3079598,0.0065251184,0.5989996,-0.40318516,0.016808221,0.23290582,-0.40288252,0.03153134,0.27835944,-0.596253,0.0040916894,0.28904912,-0.7383469,0.031798407,0.30628383,-0.8616497,0.0025043455,0.03279524,-0.47403288,0.026806934,0.066018425,-0.71094245,0.04100558,0.054565065,-0.8617053,-0.003239985,0.054623887,-0.998507,0.015753763,-0.12979361,-0.43259734,0.022174016,-0.16942751,-0.65087897,-0.007270338,-0.17474855,-0.78664815,0.02039023,-0.22927925,-0.8809426,0.0039117048,-0.29505652,-0.39663938,-0.00064960134,-0.30856344,-0.5552429,0.006272381,-0.31134334,-0.6729888,0.005071868,-0.30758065,-0.7483674,0.026464261
5,sintetico,Right,0.0,0.0,0.0,-0.26869556,-0.018183906,-0.02798163,-0.42288145,-0.1599865,-0.011668438,-0.5162209,-0.26134402,0.0245752,-0.61961085,-0.3572858,-0.0043216795,-0.2943554,-0.3717982,0.016157653,-0.29723862,-0.5806645,-0.002449483,-0.27537787,-0.7269378,0.020103117,-0.23268652,-0.83437777,0.0095566595,-0.09460436,-0.47898036,-0.013352578,-0.12889147,-0.6991261,-0.009209478,-0.17931032,-0.8461056,-0.013920655,-0.1972428,-0.98035467,0.021575358,0.07405714,-0.4616191,-0.010507232,0.06885909,-0.66420406,0.0026363179,0.06025035,-0.80308694,0.0069066137,0.07423716,-0.9245463,0.011372893,0.23913795,-0.402719,0.0012802673,0.24924643,-0.58402956,-0.015187635,0.24584123,-0.7033889,-0.009739297,0.24365,-0.7842238,-0.007451455
5,sintetico,Right,0.0,0.0,0.0,-0.2779061,-0.06882579,-0.028838474,-0.37516388,-0.22869241,0.03837914,-0.46912295,-0.3411645,0.029099427,-0.56013274,-0.44758487,0.032652415,-0.21836534,-0.40261656,0.023809124,-0.23089081,-0.6193355,-0.0052597215,-0.24237232,-0.74401224,0.0022231382,-0.23046361,-0.89032716,0.006815911,-0.01697662,-0.47392526,0.007952018,-0.010908787,-0.6929938,-0.012165657,0.005583991,-0.8702018,-0.01285408,0.012588646,-0.9999208,-0.015471775,0.15459196,-0.4280083,-0.00301013,0.15880245,-0.61569285,-0.0015514813,0.17266503,-0.7899671,-0.0033679272,0.18333186,-0.8682573,0.006265477,0.30336583,-0.35575297,-0.016098633,0.35217378,-0.5209838,-0.008865571,0.38798198,-0.6181979,-0.0075783045,0.4361779,-0.6953762,0.0140353395
5,sintetico,Right,0.0,0.0,0.0,0.27132523,-0.058299117,-0.0052174213,0.40413797,-0.19803987,-0.012099804,0.50039035,-0.32296056,-0.005507508,0.5900519,-0.40172058,0.022259768,0.24743082,-0.39231703,-0.013895727,0.29441872,-0.595263,0.010045994,0.29328343,-0.7311113,-0.0049081487,0.31831568,-0.8742346,0.0088706575,0.06001989,-0.47261488,0.0030172009,0.08755931,-0.70555043,-0.020544644,0.116691865,-0.85765415,0.002387175,0.1096029,-0.99397546,0.032984436,-0.13494867,-0.4475516,0.004556298,-0.109566405,-0.6629247,0.014034875,-0.09038432,-0.79917824,0.0043994845,-0.10568594,-0.8855032,0.011910927,-0.29173195,-0.38670364,-0.011132195,-0.28941572,-0.5551262,-0.002005281,-0.30174562,-0.6781527,0.013316055,-0.31652963,-0.7606509,-0.0055045094
5,sintetico,Right,0.0,0.0,0.0,0.26472118,-0.06305664,0.011589865,0.3805678,-0.22467603,0.014560651,0.45369905,-0.36762476,0.017376116,0.507808,-0.47909862,0.019907067,0.22417489,-0.39512533,0.014187045,0.2848863,-0.61717325,0.011904167,0.26642135,-0.7527434,0.025765808,0.29348528,-0.8838952,0.011259678,0.035082363,-0.4930537,0.026408102,0.05710673,-0.70317763,0.024413405,0.05463221,-0.86975706,0.03330024,0.061412398,-0.9981125,0.01613258,-0.13903601,-0.43394837,0.03317445,-0.15822597,-0.64887303,0.00888669,-0.13376956,-0.7934849,0.01791008,-0.14491805,-0.922913,0.023740105,-0.32234985,-0.3842735,-0.00094377546,-0.3556024,-0.53930485,0.0076456596,-0.41712728,-0.63258415,0.0038215024,-0.4909105,-0.68695337,0.012304981
5,sintetico,Right,0.0,0.0,0.0,0.2781702,-0.045354147,0.010790918,0.40672225,-0.1962301,0.002705827,0.5109398,-0.29083297,0.030902348,0.5977545,-0.4149987,0.013117379,0.26123717,-0.37986785,-0.00929412,0.29952818,-0.6127948,0.020004505,0.31760228,-0.75585407,0.020819437,0.32482624,-0.8751314,-0.0047554,0.06474112,-0.4954176,-0.00078365084,0.06592473,-0.7069414,0.0019741156,0.09371846,-0.88198876,0.03393667,0.11398352,-0.99348265,0.011561664,-0.104099855,-0.44745195,-0.021059154,-0.114920184,-0.6556358,-0.005588463,-0.12746152,-0.80812657,0.023929017,-0.08313785,-0.9276644,0.0066412915,-0.29815963,-0.37955877,-0.005957281,-0.30397552,-0.5473429,0.0070991013,-0.29409212,-0.6799417,0.028011356,-0.33270454,-0.75742704,0.04638683
5,sintetico,Right,0.0,0.0,0.0,0.23844951,-0.13455608,0.0046567265,0.314346,-0.2996476,-0.02062567,0.38576412,-0.4474126,0.010082156,0.45892778,-0.5664322,0.0046611885,0.13637136,-0.44689608,0.031960662,0.08059792,-0.6681383,0.020745458,0.051603954,-0.80727595,-0.005515017,0.017301884,-0.9111257,0.0046732137,-0.09025461,-0.47953558,0.051251497,-0.14010598,-0.70159876,0.00038668717,-0.15893227,-0.8717381,0.029162152,-0.18840536,-0.98209137,0.00422982,-0.24156366,-0.41018862,-0.0011249654,-0.29647908,-0.5845992,0.0065219207,-0.35518762,-0.7178775,0.03988791,-0.38177082,-0.85282314,-0.008823793,-0.41570693,-0.29733872,0.026393725,-0.46276483,-0.46067804,0.035726685,-0.49590114,-0.5563333,0.006354213,-0.5103855,-0.62173265,0.03203874
5,sintetico,Right,0.0,0.0,0.0,-0.26948643,-0.06024772,-0.0135929035,-0.3735976,-0.2189545,-0.0048211804,-0.45785454,-0.3553465,0.0006628861,-0.5291634,-0.4794227,0.008112668,-0.2325139,-0.4051704,-0.019532025,-0.26112223,-0.619013,-0.0012741297,-0.28221062,-0.7541017,0.013090982,-0.2954922,-0.8836213,0.023053499,-0.036345445,-0.48634052,0.0024775784,-0.047539283,-0.7123628,0.034184612,-0.07113341,-0.88434756,0.013290156,-0.050632395,-0.99871737,0.004376015,0.14170198,-0.44310838,0.02087146,0.14773986,-0.6393215,-0.0035630492,0.1460216,-0.79640675,-0.011111444,0.1413777,-0.91338813,0.016480794,0.29211625,-0.3793271,0.010922497,0.33965337,-0.5337155,0.018091084,0.34737578,-0.66428405,0.01776872,0.34700248,-0.7557778,0.03157599
5,sintetico,Right,0.0,0.0,0.0,-0.24592885,-0.11406977,-0.00873889,-0.3331911,-0.28758714,-0.02362017,-0.40006098,-0.42455053,-0.012417805,-0.4695646,-0.55376595,0.0062179565,-0.13258281,-0.42918083,0.007666868,-0.13831836,-0.64854974,0.01069809,-0.111828096,-0.8057518,0.0070675435,-0.09526127,-0.92467636,-0.003154077,0.066937745,-0.48161414,-0.025683224,0.11307766,-0.703743,-0.016048554,0.12105789,-0.862551,0.015398756,0.14129733,-0.9899672,-0.011825917,0.24865553,-0.40488762,-0.0010914326,0.28851593,-0.6009106,0.00082780985,0.3660278,-0.7269315,-0.019419897,0.42215714,-0.83079046,0.0045958534,0.3827843,-0.2978054,0.021314355,0.4543052,-0.46303067,-0.0003119136,0.48174962,-0.55610013,-0.0038153324,0.5177815,-0.6433131,-0.01624826
5,sintetico,Right,0.0,0.0,0.0,-0.2685468,-0.07403709,0.024188591,-0.38566002,-0.22173251,-0.029520098,-0.48063105,-0.35510203,0.013922947,-0.57095593,-0.44429088,0.007879891,-0.23551619,-0.4188818,0.00025842295,-0.2438669,-0.62868404,-0.0027216342,-0.27193734,-0.7807887,0.024134455,-0.2527627,-0.89057595,0.013090346,-0.04373026,-0.48285913,-0.013893735,-0.049836967,-0.7022345,0.0023944236,-0.043666527,-0.87838656,0.021185907,-0.050485488,-0.9987248,0.010316519,0.15072705,-0.4428558,0.0060826503,0.13550997,-0.65295327,-0.017972942,0.15112175,-0.78205276,0.037599254,0.15735386,-0.91130495,0.013137044,0.32444954,-0.38870203,0.029456697,0.34976062,-0.556197,0.0066807643,0.37504262,-0.65125966,0.0017709108,0.42757002,-0.73305875,-0.007850662
5,sintetico,Right,0.0,0.0,0.0,0.27068192,-0.050635286,-0.004534517,0.38441184,-0.20845738,-0.012060658,0.46715674,-0.33241677,0.019048482,0.52471256,-0.4630466,0.0010108482,0.26251665,-0.40490323,-0.014737498,0.2507372,-0.61398405,0.004595373,0.2380557,-0.7589171,0.0035271307,0.21266226,-0.87226,0.007052574,0.046958018,-0.48114562,-0.0020459618,0.06482668,-0.7053191,-0.010341594,0.03423565,-0.89260954,-0.020834755,0.022563335,-0.9997454,-0.009044293,-0.12375875,-0.45037383,-0.024865815,-0.1571173,-0.6449042,0.0026331542,-0.21437337,-0.8021368,-0.024160814,-0.28074095,-0.87617177,-0.0065876604,-0.2998386,-0.4060615,0.008649116,-0.31837448,-0.56525266,-0.004994703,-0.3162584,-0.67462444,-0.0024235959,-0.31503022,-0.7601663,0.0046378495
5,sintetico,Right,0.0,0.0,0.0,-0.26574656,-0.08434115,0.040788494,-0.35847694,-0.24405435,-0.017092897,-0.43083197,-0.38871953,-0.0026923765,-0.50726914,-0.51007366,-0.002345684,-0.19329399,-0.42052922,0.008284019,-0.18818547,-0.63463116,0.02420333,-0.1740539,-0.77671355,0.019492507,-0.12908728,-0.8789445,0.008604107,0.015820099,-0.48394695,-0.013946205,0.008796677,-0.6952891,0.021454472,0.05336703,-0.86297035,-0.0109698335,0.06423969,-0.9979345,0.00040623706,0.18497545,-0.4232513,0.0054670935,0.20716521,-0.6395594,-0.00588589,0.21741186,-0.7707137,-0.006188123,0.2572805,-0.8717565,0.02039413,0.33778322,-0.36519596,0.029195296,0.38226265,-0.49896827,0.005491444,0.3903108,-0.6251936,-0.02095579,0.40175578,-0.701066,0.010990363
5,sintetico,Right,0.0,0.0,0.0,-0.2707246,-0.09563881,0.025635805,-0.3644456,-0.2600521,0.026330596,-0.441404,-0.3874149,0.024692278,-0.49919924,-0.50063026,-0.012332015,-0.1685662,-0.42569658,-0.012441371,-0.18157455,-0.64081675,-0.0015667407,-0.15376857,-0.78694165,0.0058225286,-0.14476563,-0.90540457,-0.005060003,0.018025583,-0.46404785,-0.018890591,0.056528043,-0.71408063,0.019182209,0.08624139,-0.87991107,0.016749587,0.09528268,-0.99545026,-0.0029828297,0.19902551,-0.4220142,0.016031567,0.23274902,-0.63152087,0.019410433,0.25540447,-0.7636634,-0.02909728,0.28646776,-0.86245877,0.015031429,0.35479185,-0.33290687,0.0047510257,0.39212832,-0.49540693,-0.031043272,0.43095067,-0.604187,0.020500798,0.4392301,-0.6860784,0.006798948
5,sintetico,Right,0.0,0.0,0.0,-0.27422157,-0.049227607,-0.0053320685,-0.37573755,-0.20456423,-0.009092483,-0.46725062,-0.3464115,0.03019447,-0.5664025,-0.4306435,0.03324655,-0.22936611,-0.41822958,0.028773833,-0.23570538,-0.6031386,0.03617578,-0.25750437,-0.74992234,0.036921516,-0.25269046,-0.8711579,-0.0064178077,-0.043413088,-0.47387576,0.032595616,-0.038442854,-0.70183086,0.018816583,-0.067324474,-0.86208904,0.046516754,-0.039541844,-0.9992179,0.06955239,0.15105744,-0.43663222,0.014045807,0.16265301,-0.6432835,0.012350946,0.15883933,-0.7962145,0.011130942,0.19888993,-0.90111214,0.018192194,0.3053152,-0.36349162,0.020672603,0.30877727,-0.54948163,0.057962403,0.3468274,-0.64506155,0.019296408,0.32962933,-0.73897517,0.010419208
5,sintetico,Right,0.0,0.0,0.0,-0.25211838,-0.116578825,-0.015466052,-0.35104853,-0.27326193,0.00432161,-0.42272478,-0.39737642,-0.0019690387,-0.4931026,-0.5522809,0.007907469,-0.15461563,-0.43633357,0.00042085495,-0.14649877,-0.660409,0.017079094,-0.12402845,-0.8142153,0.004331534,-0.14701039,-0.92725694,-0.015743745,0.05763891,-0.47046408,3.241319e-05,0.079248965,-0.7007723,-0.009173214,0.08137922,-0.8910464,0.040439997,0.10619717,-0.99434507,0.0106523,0.2286721,-0.42412546,0.020516774,0.24813114,-0.60601735,0.008398257,0.28561488,-0.77855724,0.039046362,0.2939001,-0.86603165,-0.010105048,0.36486095,-0.32932478,-0.0026510758,0.44221273,-0.46060562,0.027595468,0.5218326,-0.5421071,0.0016993915,0.5876303,-0.6184945,-0.0019625153
5,sintetico,Right,0.0,0.0,0.0,0.2599746,-0.09960459,-0.022463378,0.35334224,-0.26013127,-0.032771874,0.43374923,-0.4111726,-0.01154182,0.51351744,-0.52683425,-0.037694234,0.17751187,-0.42602965,-0.02665055,0.12698863,-0.6502145,-0.0140958205,0.06487686,-0.7674214,-0.049941003,0.01117316,-0.8984281,-0.018638412,-0.034293365,-0.49854186,0.0082074655,-0.106608465,-0.69448334,-0.03845287,-0.17294772,-0.8578297,-0.024891645,-0.275031,-0.9614354,-0.0062964046,-0.2064547,-0.41708878,-0.002978018,-0.26212245,-0.6184027,-0.014052749,-0.28911504,-0.75110227,-0.017623624,-0.347869,-0.8705597,0.009274183,-0.36551702,-0.32509667,-0.011789626,-0.41957897,-0.46236625,-0.030363701,-0.44427323,-0.5884653,-0.013143284,-0.45309204,-0.6793678,-0.016872281
5,sintetico,Right,0.0,0.0,0.0,-0.2722956,-0.07998758,0.012672579,-0.38465464,-0.23128285,-0.013323885,-0.4534741,-0.36109364,-0.009811586,-0.5438022,-0.45419297,0.0066887406,-0.21741575,-0.41221648,-0.011298481,-0.23308897,-0.6174896,-0.01770323,-0.23723127,-0.7525784,-0.020401675,-0.25280663,-0.88768595,0.0034369642,-0.017776731,-0.4640521,0.0031102106,-0.018575627,-0.7094112,0.0023517215,-0.02105945,-0.87247145,0.02380201,-0.018982412,-0.9998198,0.009081148,0.16483416,-0.4446824,0.004223335,0.19281247,-0.6317665,0.02591116,0.2259117,-0.76742303,0.01990848,0.23753232,-0.8618041,-0.0075286212,0.33277678,-0.35941094,0.017648038,0.3537599,-0.50384945,0.03274957,0.38241982,-0.6366082,0.032809164,0.4107879,-0.71729666,0.019936183
5,sintetico,Right,0.0,0.0,0.0,-0.26469615,-0.06519159,0.010797442,-0.3865547,-0.25731194,0.019700922,-0.45325992,-0.38014877,0.00917522,-0.5226026,-0.51069134,0.01192014,-0.2033252,-0.41380432,0.034036905,-0.22644956,-0.649763,0.0075493813,-0.22198273,-0.7951422,-0.00022604212,-0.20566973,-0.93193257,0.031771213,0.015912972,-0.49561885,0.029314041,0.022124717,-0.71334803,0.0041923127,0.07435223,-0.89368993,0.03024035,0.119500816,-0.9928341,0.0027975403,0.16972552,-0.4361679,0.008875335,0.18768929,-0.660412,0.0031884983,0.20571831,-0.79744244,0.012833852,0.20079115,-0.9223668,0.028099686,0.35688302,-0.35649574,0.023707163,0.39019316,-0.54059476,0.0075286585,0.43768087,-0.6306024,0.0225066,0.48106977,-0.70756054,0.02538292
5,sintetico,Right,0.0,0.0,0.0,0.25552604,-0.084961876,-0.023754247,0.3572302,-0.25960267,-0.016238283,0.42985502,-0.39633524,-0.01711849,0.47878277,-0.5039569,-0.032755144,0.19693609,-0.39942893,0.0014454635,0.21026398,-0.6341904,0.0042628264,0.1938141,-0.79105437,-0.015313161,0.19920388,-0.8927077,-0.023755888,0.023145832,-0.48910433,-0.016554166,-0.004164054,-0.69740355,-0.020281704,-0.0349798,-0.8694825,-0.013659084,-0.054283064,-0.99852556,-0.017619051,-0.1682613,-0.4328862,-0.025779214,-0.19007227,-0.6206859,0.002156487,-0.21162398,-0.78923005,-0.01628134,-0.22547527,-0.8793143,0.013122527,-0.33855525,-0.3442919,-0.011918985,-0.37444106,-0.51921284,-0.018894697,-0.3726328,-0.62158936,-0.01721371,-0.3904431,-0.7128723,-0.018380146
5,sintetico,Right,0.0,0.0,0.0,-0.25541133,-0.10872392,-0.019709934,-0.37557796,-0.2591657,-0.034854464,-0.42851755,-0.39025053,-0.06800053,-0.5132785,-0.50523365,-0.051059112,-0.16568181,-0.42807654,-0.032009948,-0.1891945,-0.6466592,-0.051267814,-0.18173406,-0.78899914,-0.030931942,-0.1738835,-0.91484123,-0.024768375,0.03676343,-0.4872877,-0.03241414,0.037194367,-0.70996803,-0.032098025,0.04704389,-0.8669544,0.000931945,0.037097864,-0.9993116,-0.027103303,0.1932541,-0.42248642,-0.030119073,0.22146784,-0.62746006,-0.042811822,0.24467711,-0.7725496,-0.028125785,0.27435997,-0.88825876,-0.03516865,0.36934787,-0.34807175,-0.0013785765,0.3998218,-0.49364036,-0.019640377,0.43229175,-0.6116029,-0.0070292545,0.47453782,-0.6774773,-0.02498833
5,sintetico,Right,0.0,0.0,0.0,0.27692044,-0.06250467,-0.0056687417,0.36831152,-0.2407705,0.002334608,0.4175466,-0.39216825,-0.0058176103,0.4604264,-0.51026714,-0.00830378,0.20284899,-0.40465593,0.028656343,0.21688497,-0.6321437,-0.008713975,0.2360027,-0.7817664,0.009184325,0.24860331,-0.8907184,-0.023341449,0.007148956,-0.47648478,-0.0032914707,0.0035950379,-0.7032012,-0.014485293,0.0016799006,-0.8607831,0.022760117,-0.016861992,-0.99985784,-0.012844667,-0.17746273,-0.43955088,-0.0054546655,-0.18232702,-0.6302923,-0.016575346,-0.18045278,-0.7616932,-0.017419431,-0.19316044,-0.8967766,-0.006089964,-0.33315933,-0.35281956,6.590538e-05,-0.3639157,-0.5101435,0.009818205,-0.372633,-0.6316091,-0.013145869,-0.3732529,-0.73270094,-0.013380553
5,sintetico,Right,0.0,0.0,0.0,0.23101692,-0.16246162,0.0046980404,0.23823039,-0.36497313,0.011215381,0.27309945,-0.50389713,0.01933084,0.26376283,-0.6575175,0.038709726,0.06076718,-0.47921696,0.010161811,-0.049821705,-0.6526507,0.018388055,-0.13933207,-0.7744635,0.015652448,-0.21762758,-0.8777355,0.009013014,-0.1631793,-0.465439,0.027791552,-0.23936139,-0.65293795,0.016259575,-0.30123383,-0.8215381,0.024202805,-0.34764394,-0.93762666,0.006029265,-0.3134375,-0.33585075,0.0025190273,-0.3981866,-0.5301055,0.0053193714,-0.4751015,-0.6607741,0.0144240325,-0.5296454,-0.7427226,0.026032576,-0.43238446,-0.19355543,0.03991365,-0.5541448,-0.34700853,0.012666277,-0.6261389,-0.4205933,0.036604133,-0.6992688,-0.47916767,0.019064061
5,sintetico,Right,0.0,0.0,0.0,0.25285047,-0.066798724,-0.015913278,0.41223195,-0.23118588,0.012613234,0.48692307,-0.3377547,0.007507985,0.579703,-0.4448366,0.007004425,0.23546234,-0.4112777,-0.018841786,0.26583746,-0.60880375,0.02079434,0.2638933,-0.7659375,-0.031675123,0.2690799,-0.9054731,0.008361234,0.04144007,-0.4898974,-0.00090725534,0.028927745,-0.7270697,0.007245808,0.015150232,-0.8959181,-0.0063832467,-0.0051818583,-0.9999866,-0.0017481453,-0.13508153,-0.45346355,0.007757161,-0.1738939,-0.6423196,-0.0030629847,-0.17242646,-0.7948057,0.00028295614,-0.21799654,-0.90970117,0.000785241,-0.3302192,-0.38730726,0.030847782,-0.32804027,-0.5554355,-0.02771326,-0.34437022,-0.66573995,0.016984358,-0.3583458,-0.7576102,0.0039547295
5,sintetico,Right,0.0,0.0,0.0,-0.26830903,-0.06391226,0.004056621,-0.39240837,-0.19246736,-0.003384411,-0.4859382,-0.32762703,0.03402279,-0.5425838,-0.4379552,0.0024222285,-0.22680831,-0.39261177,0.009647447,-0.25910693,-0.6071373,0.005134788,-0.28538376,-0.73759985,0.018878834,-0.31208462,-0.8703263,0.054451115,-0.053924423,-0.46878618,0.059287455,-0.055215307,-0.70746875,0.010147842,-0.00537877,-0.8699288,0.020562427,-0.0013768115,-0.99999905,0.029472705,0.12926604,-0.43077463,0.034284748,0.14207292,-0.6406339,0.024155099,0.12106282,-0.7923368,0.031848665,0.1474858,-0.8964627,0.020509569,0.30126825,-0.37470797,0.0034720283,0.32725662,-0.55293816,0.031747073,0.35879222,-0.65212744,0.016037673,0.42448112,-0.74094266,0.019246671
5,sintetico,Right,0.0,0.0,0.0,-0.24764338,-0.13257882,-0.011789377,-0.33889642,-0.26844016,-0.008957397,-0.44256938,-0.39528686,0.0034787687,-0.49026564,-0.5287557,-0.019593136,-0.14142537,-0.42781246,-0.014116865,-0.15637605,-0.6476928,-0.010929158,-0.148345,-0.7913762,-0.0006698695,-0.13715397,-0.9115059,-0.0110310055,0.037296757,-0.47459283,-0.0151005685,0.0630484,-0.6995685,0.019529656,0.09832256,-0.86604035,-0.005085702,0.099125534,-0.9950749,0.0040661553,0.22324441,-0.42626646,-0.032613333,0.25126982,-0.6012734,-0.024855014,0.29618555,-0.73623186,0.0030383626,0.3318789,-0.8561684,-0.009266638,0.36681226,-0.32950088,-0.011430917,0.42700115,-0.4600575,-0.019828135,0.49325073,-0.5623079,0.008822525,0.5570437,-0.6422743,0.0040610493
5,sintetico,Right,0.0,0.0,0.0,0.24398734,-0.10827068,0.012028747,0.3381667,-0.27483794,0.012713161,0.43385497,-0.3800282,0.015495052,0.5072638,-0.5144199,0.0155008435,0.15533945,-0.44578475,0.009920741,0.15207203,-0.65511054,0.026181398,0.14364725,-0.7718994,-0.0043922896,0.15448484,-0.9104148,0.0053660185,-0.03200933,-0.48715684,-0.0037548908,-0.046139095,-0.6912732,0.041824766,-0.07942422,-0.8819778,0.016326394,-0.082602724,-0.99658257,0.020108106,-0.1956972,-0.41338027,0.011498719,-0.24586666,-0.61130923,0.0038641484,-0.28554806,-0.76234,0.04527365,-0.28145754,-0.8693065,0.023177287,-0.37358052,-0.31541023,-0.00014889233,-0.39557356,-0.46877614,0.0005909101,-0.4249298,-0.5830786,0.008091978,-0.4622936,-0.6743647,-0.0034905528
5,sintetico,Right,0.0,0.0,0.0,-0.25439134,-0.058285743,0.023604782,-0.38821974,-0.20198488,-0.0037339656,-0.48170182,-0.3191685,0.004823144,-0.5783847,-0.42046082,-0.0020753474,-0.23327886,-0.41265276,0.009893931,-0.26223776,-0.6050512,-0.0051919385,-0.24918486,-0.7562273,-0.0019903379,-0.28458035,-0.8659953,0.022843057,-0.04008716,-0.47644955,0.015675403,-0.047581203,-0.6810452,-0.010956477,-0.050835516,-0.8552011,-0.010577714,-0.06306044,-0.9980097,-0.009568096,0.15101466,-0.43592,-0.017224886,0.1921439,-0.6431239,-0.008933824,0.23250914,-0.77880466,-0.002683907,0.2859178,-0.87618506,-0.012141272,0.3094673,-0.35934296,0.006498046,0.32026947,-0.5412379,-0.025199486,0.33705598,-0.64635164,-0.018038156,0.35382837,-0.7449282,0.00864036
5,sintetico,Right,0.0,0.0,0.0,-0.23276377,-0.10986931,0.022238031,-0.29134157,-0.2991006,0.008015196,-0.33359236,-0.4611524,0.0006140303,-0.30384666,-0.591964,-0.012589239,-0.15003143,-0.4373223,-0.0021958505,-0.10008287,-0.6513827,0.010430892,-0.08334133,-0.80603033,0.012041712,-0.072446056,-0.9325835,0.009337091,0.060508195,-0.46239817,-0.007522961,0.081079714,-0.69904226,0.010357612,0.1336001,-0.8529572,-0.0085548265,0.14246908,-0.98979926,-0.0045623607,0.233675,-0.39525566,0.028645476,0.28601217,-0.60929716,0.011438694,0.31661165,-0.74021333,0.01929474,0.3497551,-0.84494174,0.033089094,0.4024913,-0.30157304,0.012083599,0.43409592,-0.45709285,0.026439222,0.4721786,-0.5522661,0.018352186,0.49799922,-0.6481714,0.0027459383
5,sintetico,Right,0.0,0.0,0.0,-0.26740423,-0.028666504,-0.031123057,-0.4123396,-0.1872945,-0.030515635,-0.50840545,-0.29021394,-0.027989615,-0.6220172,-0.39543056,-0.06340562,-0.2653076,-0.3762053,-0.04974297,-0.29408354,-0.6006745,-0.056932695,-0.34380478,-0.728709,-0.029229475,-0.3654964,-0.8515392,-0.055062436,-0.07837184,-0.4756759,-0.043590236,-0.09793955,-0.6898514,-0.0511243,-0.11365499,-0.8703807,-0.01629552,-0.08487505,-0.9963916,-0.050189476,0.107156284,-0.44466898,-0.058372926,0.116252795,-0.64889044,-0.032070953,0.13794678,-0.813934,-0.041117,0.1421814,-0.91867304,-0.016730119,0.28511465,-0.3903548,-0.034964632,0.2588481,-0.5820158,-0.035519965,0.2644197,-0.6876914,-0.025457231,0.28641155,-0.75336945,-0.032412384
5,sintetico,Right,0.0,0.0,0.0,0.27367947,0.01919674,-8.831909e-05,0.41715837,-0.13524614,-0.0076030237,0.5197903,-0.21325459,0.0099581005,0.6373661,-0.31373426,-0.018706644,0.30660152,-0.3522097,-0.026631285,0.39517298,-0.52248096,-0.004174934,0.42651156,-0.6614983,-0.014163105,0.44174695,-0.78386325,0.019306503,0.14285354,-0.4605869,-0.01646925,0.22101419,-0.64978456,0.0060499897,0.2689348,-0.8144775,-0.0023642166,0.30430874,-0.9525735,-0.030485407,-0.021999376,-0.45727634,-0.00055568205,0.0040727216,-0.6537025,-0.019254295,0.046405967,-0.8062796,0.026618565,0.07464151,-0.9031111,-0.021316284,-0.2016083,-0.43452466,-0.023316441,-0.17800298,-0.60406655,-0.042232193,-0.17391562,-0.696637,-0.020958753,-0.16675566,-0.80072975,0.0014519125
5,sintetico,Right,0.0,0.0,0.0,0.2785405,-0.036761966,-0.023491332,0.4048176,-0.17453596,-0.00032867445,0.495227,-0.28621262,0.009984341,0.62458044,-0.3562191,0.008182947,0.26347983,-0.3782111,0.0023108174,0.28330302,-0.5992556,0.044875152,0.3278437,-0.7455936,0.03252738,0.34081525,-0.86841136,-0.014479265,0.082504295,-0.473923,-0.017249936,0.111955956,-0.7198598,0.027044762,0.12210616,-0.8638933,0.022761416,0.11567703,-0.9932869,0.029567331,-0.09511385,-0.45330757,-0.0020452405,-0.0726583,-0.64479417,0.0026185845,-0.06396631,-0.8071569,-0.023969118,-0.0722944,-0.9085994,0.007619024,-0.27794528,-0.4167705,-0.0052426183,-0.28517613,-0.57867044,-0.007574721,-0.25828606,-0.67745167,0.020433918,-0.27293298,-0.77353066,0.0026915078
5,sintetico,Right,0.0,0.0,0.0,0.23800802,-0.09181813,-0.049109474,0.3531067,-0.25680918,-0.032516826,0.40410504,-0.40237975,-0.03812209,0.45362562,-0.5305269,-0.053716272,0.18290228,-0.41844755,-0.01827735,0.18374102,-0.641697,-0.024483984,0.18490349,-0.76175433,-0.02854994,0.17433892,-0.87393665,-0.04244496,-0.015346943,-0.44722682,-0.023456581,-0.032315917,-0.6973077,-0.03660435,-0.06538942,-0.8422732,-0.024769826,-0.09705848,-0.99527866,-0.009539221,-0.1793389,-0.40836546,-0.07140701,-0.20448424,-0.6141144,-0.016460145,-0.23360808,-0.7470093,0.0054078675,-0.2519747,-0.84901756,-0.0049991743,-0.35152835,-0.3437699,-0.020114118,-0.38362977,-0.4802614,-0.012931077,-0.40454608,-0.5863981,-0.045988683,-0.42023063,-0.68645436,-0.028608086
5,sintetico,Right,0.0,0.0,0.0,-0.27300546,-0.09950018,-0.0044242144,-0.3739148,-0.26351324,-0.00083903247,-0.4537941,-0.3745822,0.008266154,-0.5352337,-0.4865102,0.0098704705,-0.1958327,-0.42960164,-0.02986425,-0.18938403,-0.639782,0.014890465,-0.18666057,-0.7887921,0.0020538513,-0.19544895,-0.9283496,-0.009814527,0.01782615,-0.46628818,0.008505149,0.04352452,-0.7000407,-0.016495505,0.079111256,-0.85851294,-0.01584273,0.13067192,-0.9914257,0.013055641,0.18849161,-0.42048597,-0.0008406013,0.21704836,-0.6381391,0.020182187,0.22115602,-0.7649073,-0.011391693,0.24124019,-0.88171,0.0023017998,0.3578592,-0.3506982,0.003647654,0.3773638,-0.48934683,0.003906523,0.40490457,-0.60514426,0.006916573,0.4474297,-0.7002778,0.004659162
5,sintetico,Right,0.0,0.0,0.0,-0.28231683,-0.05927214,-0.0037559527,-0.42227882,-0.20408608,-0.019222165,-0.5084101,-0.2908838,-0.0049570496,-0.5836806,-0.40261126,0.008499391,-0.25311166,-0.3838083,-0.0061507486,-0.27562863,-0.60425925,0.022769274,-0.3193177,-0.7502807,0.008476092,-0.35175553,-0.85334677,-0.0260961,-0.06770954,-0.4802369,-0.014975954,-0.053818814,-0.7081444,0.0030796744,-0.046923477,-0.88468057,-0.031220224,-0.037212733,-0.9993074,-0.009232263,0.107035585,-0.4609757,-0.021955796,0.11531255,-0.6622473,-0.0067823464,0.112086564,-0.8030308,-0.0218309,0.08901882,-0.8997183,0.009004721,0.29660892,-0.4086278,-0.015354561,0.30669633,-0.5559431,0.002944165,0.301142,-0.67347157,-0.03069951,0.3213886,-0.7569967,-0.012166496
5,sintetico,Right,0.0,0.0,0.0,-0.25734547,-0.048847303,0.021779401,-0.41777405,-0.19380686,0.015041923,-0.50052255,-0.3096902,0.038568154,-0.6170856,-0.40250632,-0.0016258596,-0.24575004,-0.3881912,-0.0070725805,-0.26605588,-0.591636,0.016280547,-0.25102732,-0.7775571,0.0100923,-0.26361236,-0.86960953,-0.007789801,-0.062523335,-0.49324313,0.0031264657,-0.096263476,-0.6866596,0.022786664,-0.10939226,-0.86619085,-0.0097451955,-0.102051236,-0.99477917,-0.006810432,0.1270576,-0.44664454,-0.00023495966,0.10721605,-0.6592931,9.513336e-05,0.11550066,-0.7986837,0.024204863,0.08937907,-0.9011487,0.002545018,0.26475322,-0.3792094,0.037673045,0.30134225,-0.5598488,-0.0052917167,0.3148131,-0.65966135,0.017325798,0.32715043,-0.7624469,0.010819921
5,sintetico,Right,0.0,0.0,0.0,-0.2830132,0.033558756,-0.033598028,-0.43729612,-0.049162675,-0.00023547579,-0.55976087,-0.12776887,-0.01797798,-0.69443387,-0.20407996,-0.009125148,-0.35685402,-0.29817322,-0.04978135,-0.4692194,-0.46861577,0.0056462525,-0.5227321,-0.6068706,-0.012945943,-0.5770164,-0.7254381,0.009368055,-0.21898636,-0.42883632,-0.002420723,-0.2879952,-0.6403002,-0.051949088,-0.33988717,-0.80024457,0.004003557,-0.41384938,-0.9103454,-0.016921794,-0.025947703,-0.46833542,-0.009787872,-0.080858454,-0.663125,-0.011355668,-0.14478858,-0.78594315,-0.021399515,-0.19025405,-0.89820635,-0.026192984,0.15921421,-0.45687267,-0.008788839,0.124045886,-0.6238037,-0.032899205,0.08568901,-0.73140305,-0.019408904,0.059606552,-0.8059364,0.0021263373
5,sintetico,Right,0.0,0.0,0.0,0.27849853,5.5575376e-05,0.012264974,0.4223697,-0.11182683,-0.008078577,0.5546264,-0.2059991,0.012888294,0.6519223,-0.30939007,0.023022635,0.3214558,-0.35406712,0.015130792,0.39875254,-0.53576607,-0.034960423,0.45603642,-0.6624279,0.00059288373,0.48114377,-0.80283654,-0.013372141,0.14829186,-0.474309,0.013303265,0.20025633,-0.6898195,0.0040306486,0.18662663,-0.8655429,0.029355414,0.18357883,-0.983005,-0.0021809647,-0.042502746,-0.4676567,0.0040705036,-0.003454171,-0.65798086,0.0010462411,0.036670256,-0.804029,0.01403559,0.047091976,-0.9122178,-0.012043499,-0.21753883,-0.44278973,-0.012483453,-0.18936041,-0.58929026,-0.005743978,-0.18573605,-0.73170006,0.011968913,-0.16264966,-0.8102029,0.018978842
5,sintetico,Right,0.0,0.0,0.0,0.2413928,-0.11053761,0.0024994516,0.35452688,-0.26362625,-0.003302343,0.43092537,-0.4125349,-0.004777305,0.5160443,-0.5123053,-0.01487021,0.16504556,-0.43924418,0.001214741,0.15159738,-0.64301085,0.0009371386,0.12374123,-0.8091857,-0.0115170665,0.10213877,-0.926704,0.0055284705,-0.044186942,-0.47782546,0.01804628,-0.08177527,-0.73092717,0.0024686817,-0.10839345,-0.8694069,0.007584798,-0.12894449,-0.99165183,0.015383882,-0.22003546,-0.41591135,0.0010907325,-0.25712547,-0.63924295,0.014052811,-0.2815544,-0.7673879,-0.03063567,-0.28847975,-0.87124336,-0.0083309,-0.35839245,-0.33499599,-0.013839266,-0.42746153,-0.4848929,0.021285195,-0.43869576,-0.61081177,0.010399009,-0.4641996,-0.69073343,-0.015343753
5,sintetico,Right,0.0,0.0,0.0,-0.2602005,-0.048981924,0.028549202,-0.3955097,-0.18527326,-0.0026425146,-0.5070762,-0.29578596,0.03503832,-0.5890923,-0.40045214,0.0031967598,-0.25465173,-0.384645,0.019182462,-0.27793682,-0.61049914,0.016981032,-0.33071363,-0.7349796,0.00915239,-0.34668756,-0.85537773,0.0092392685,-0.07050268,-0.48270458,-0.0005527827,-0.0705727,-0.6987115,0.04175624,-0.093641914,-0.8662008,0.02103535,-0.087889664,-0.9961302,-0.009749177,0.121075034,-0.45403114,-0.0059057297,0.11171858,-0.6711012,0.021216433,0.11312674,-0.7943754,0.0134264855,0.1268618,-0.9208875,-0.01251122,0.3034703,-0.39159572,0.0500597,0.30499554,-0.5699017,-0.026495898,0.31914285,-0.67013454,0.0069184033,0.31997287,-0.7703643,0.013832841
5,sintetico,Right,0.0,0.0,0.0,-0.23734243,-0.0981325,0.013410773,-0.3564394,-0.26717046,0.008716686,-0.44963625,-0.4013774,0.024113614,-0.49935555,-0.50953555,-0.0017678029,-0.1526497,-0.42529166,0.0052563176,-0.15240234,-0.6367183,0.013786102,-0.12182782,-0.8086423,-0.0004096534,-0.076314114,-0.90341187,-0.01105974,0.06197814,-0.4872699,0.023039127,0.074201554,-0.7136316,-0.009680019,0.092713535,-0.84550613,0.015340028,0.11459171,-0.9934127,0.021131542,0.22629493,-0.435054,0.036021154,0.2401603,-0.61135685,0.050850254,0.2623904,-0.75791144,0.034271207,0.29235595,-0.85825384,0.0003162341,0.38033646,-0.33327982,0.007170674,0.37795302,-0.48490298,0.017218878,0.44483352,-0.59485483,0.011113239,0.4612472,-0.68536127,0.014722149
5,sintetico,Right,0.0,0.0,0.0,-0.27503487,-0.011205231,-0.002801233,-0.4158075,-0.16599578,-0.01653923,-0.4974267,-0.27363265,0.004363633,-0.5770295,-0.3948484,0.0071946494,-0.29747432,-0.34830174,0.0005471999,-0.35038114,-0.54844266,-0.004220694,-0.38905576,-0.71503043,-0.0056116497,-0.41758615,-0.8179733,-0.009107175,-0.12499433,-0.4705003,-0.018124994,-0.16882499,-0.68384916,0.019786887,-0.15747157,-0.8600577,0.032842062,-0.15891305,-0.9872926,-0.014638253,0.07029649,-0.46012068,-0.008822992,0.0314649,-0.67228836,-0.015387919,0.008521252,-0.8102744,0.011641906,-0.008547949,-0.9097911,-0.0144760385,0.24015439,-0.41074228,0.009007465,0.23475736,-0.6041141,0.005300134,0.23979968,-0.7078689,-0.0026641176,0.2759954,-0.7968097,0.018072426
5,sintetico,Right,0.0,0.0,0.0,-0.26746207,-0.05768918,-0.0051785833,-0.4161377,-0.20710213,0.033199552,-0.51016,-0.31127277,0.035213064,-0.58032423,-0.41926396,0.0047265003,-0.24713753,-0.39270645,0.037001457,-0.28886256,-0.5995387,0.01859214,-0.295098,-0.7482308,0.04099903,-0.3263146,-0.8794072,0.026694294,-0.057816006,-0.48700315,0.027279697,-0.08193281,-0.7062111,0.020926852,-0.09251317,-0.86014414,0.005063694,-0.10730751,-0.99422586,-0.004758523,0.123014584,-0.45908386,0.020268088,0.128185,-0.6495542,0.0153419245,0.11252078,-0.8276953,0.059561,0.12647533,-0.902366,0.02917526,0.310762,-0.3773909,0.0030490474,0.3235627,-0.5575588,0.0155218,0.3324266,-0.6620713,0.010862154,0.3749933,-0.7567259,0.016261226
5,sintetico,Right,0.0,0.0,0.0,0.250454,-0.045835543,0.008765565,0.39643145,-0.20550099,0.016110886,0.4899362,-0.33714804,-0.0091002295,0.57110614,-0.4396351,-0.00015247255,0.22543757,-0.39003572,0.002329087,0.23040341,-0.6015494,0.008076953,0.24360576,-0.7575361,-0.0038786721,0.22618727,-0.8601336,0.01519708,0.02699528,-0.47663513,0.016165491,0.04419683,-0.704277,-0.006397833,0.058635782,-0.8664965,0.010562348,0.06754747,-0.99771607,0.0045451075,-0.12598132,-0.45322478,0.04151684,-0.15792042,-0.65294856,0.012792976,-0.1656709,-0.7741061,0.0044968594,-0.19949706,-0.9025197,-0.011048289,-0.2843994,-0.38353163,-0.018616242,-0.32348835,-0.5326618,0.006798883,-0.31935704,-0.6679525,-0.029578093,-0.3294853,-0.744971,0.024632195
5,sintetico,Right,0.0,0.0,0.0,0.26956475,-0.049232244,0.017542284,0.40047503,-0.1862191,0.013646156,0.4948022,-0.30395108,0.010771163,0.6041064,-0.3921267,0.008735806,0.25546336,-0.3733968,0.019239297,0.29135182,-0.59241074,0.0273142,0.30466843,-0.74334645,0.038397826,0.3283677,-0.86171955,0.012856525,0.044330392,-0.47250804,0.011664124,0.063628316,-0.69614613,-0.023697663,0.039940756,-0.8586494,0.038069297,0.027194075,-0.99963015,-0.002611955,-0.13200048,-0.4438077,0.023885654,-0.110888734,-0.6454894,0.021178113,-0.121653214,-0.7839118,0.03123527,-0.1226104,-0.89446646,0.0042838687,-0.27599868,-0.37735084,0.025236413,-0.28730795,-0.54055995,0.04043271,-0.3184352,-0.6494043,0.020312482,-0.32275566,-0.7506902,0.004333012
5,sintetico,Right,0.0,0.0,0.0,-0.23752458,-0.0932249,-0.011841397,-0.3519159,-0.27193117,-0.025887847,-0.41309315,-0.41627175,-0.002872651,-0.48025173,-0.5335213,-0.0006784942,-0.13211176,-0.43606952,-0.003608034,-0.11308745,-0.6597501,0.0013191205,-0.068892255,-0.777139,0.022324612,-0.029514534,-0.90204173,0.010657931,0.04047828,-0.49010515,0.004206164,0.06415531,-0.69406307,0.018613255,0.08570218,-0.88392895,-0.012698936,0.10883928,-0.9940594,0.012096283,0.22557601,-0.41968086,0.011807025,0.25304103,-0.6062179,0.02406047,0.29350284,-0.7402467,-0.01961181,0.3108082,-0.87760794,-0.011936609,0.36680427,-0.30422592,-0.011084244,0.46867386,-0.46266022,0.008518083,0.5244219,-0.55665624,0.0046503916,0.61137813,-0.6111731,0.009880879
5,sintetico,Right,0.0,0.0,0.0,0.26308677,-0.05268217,0.017041815,0.41111505,-0.19849284,-0.008772311,0.48233953,-0.31366256,-0.02189772,0.5872128,-0.4006659,-0.004486448,0.22463533,-0.3947038,0.010690139,0.2651673,-0.5954116,0.008948976,0.24776642,-0.74834394,0.003051852,0.20813218,-0.8729043,-0.007072402,0.059551787,-0.46856183,0.00065381144,0.061447326,-0.70037466,0.026650371,0.0780662,-0.8763607,0.043894008,0.0818839,-0.9966419,0.009635668,-0.12694705,-0.43372563,0.019294882,-0.11944692,-0.6383763,-0.008938099,-0.14199041,-0.79205287,0.024580548,-0.14482549,-0.9007372,-0.002845831,-0.3179781,-0.41183755,-0.017627746,-0.29187974,-0.5532183,0.021342622,-0.3269608,-0.6540861,0.0042238175,-0.34146556,-0.7679237,0.025233038
5,sintetico,Right,0.0,0.0,0.0,0.2618489,-0.07967743,0.044643212,0.35672557,-0.2488051,0.030465266,0.4443079,-0.37016672,0.01940908,0.49285236,-0.49480584,0.03684303,0.21063218,-0.42280686,0.030840602,0.23172545,-0.6168454,0.021763584,0.21700388,-0.7569469,0.026813446,0.23474142,-0.8713335,0.020231575,0.013968502,-0.4675427,0.03428965,0.0073109544,-0.7039975,0.011447035,-0.01168822,-0.85657007,0.02999353,-0.017667752,-0.9998439,0.038126547,-0.17769285,-0.42217147,0.028605672,-0.17914015,-0.62281466,0.028776798,-0.20283872,-0.77534187,0.026073597,-0.19432218,-0.8822884,0.03307966,-0.31059274,-0.349164,0.01959979,-0.38111705,-0.50466245,0.023049241,-0.4176305,-0.6042432,0.011430412,-0.45365492,-0.7066085,0.020947414
5,sintetico,Right,0.0,0.0,0.0,-0.23737572,-0.11898468,-0.03269253,-0.33850035,-0.29633412,0.0050382647,-0.40317002,-0.44341934,-0.01034114,-0.4565421,-0.5681195,-0.007384762,-0.12349158,-0.44562334,-0.018336121,-0.109157264,-0.6596004,-0.019288478,-0.10199521,-0.8198719,-0.00395822,-0.05989942,-0.9315165,0.01809533,0.06057481,-0.46966422,-0.029957673,0.11863936,-0.69371134,-0.01803717,0.19210245,-0.8611271,-0.02260957,0.23276635,-0.9725327,-0.03772664,0.26093537,-0.39474216,-0.037938286,0.28958622,-0.619858,-0.02462569,0.3220117,-0.7434104,-0.018966833,0.3677119,-0.8362265,0.01149782,0.3836419,-0.28300616,0.0043225875,0.45266566,-0.45676738,-0.026103456,0.4995863,-0.5453465,0.00068314676,0.55640846,-0.6121536,-0.025749236
5,sintetico,Right,0.0,0.0,0.0,-0.25866202,-0.10456303,0.046616975,-0.34717157,-0.2706184,0.05948074,-0.42665282,-0.41403788,0.046678353,-0.51448965,-0.53131264,0.031920426,-0.16183801,-0.43317583,0.046005826,-0.15565619,-0.6572457,0.031835347,-0.14304055,-0.8233267,0.040893074,-0.13684087,-0.9365536,0.034283902,0.035635535,-0.49676532,0.034686938,0.09395073,-0.72615165,0.022106014,0.18197984,-0.8748727,0.026407648,0.26666024,-0.9637906,0.05649267,0.22220525,-0.43380016,0.024152838,0.26931792,-0.610912,0.004903875,0.28403276,-0.7695855,0.08373426,0.31043392,-0.87648535,0.026793279,0.38169503,-0.34740055,0.029214367,0.40840673,-0.49287587,0.027290167,0.44999897,-0.6069473,0.033312865,0.45084786,-0.69300073,0.022145497
5,sintetico,Right,0.0,0.0,0.0,0.26110822,-0.04848597,0.027768444,0.36299297,-0.22846279,-0.004601025,0.40441245,-0.34576625,-0.009065905,0.4779088,-0.47372857,0.00957381,0.22607683,-0.38546172,-0.015181825,0.255294,-0.5911883,-0.0020242864,0.27057675,-0.7317827,0.011385935,0.28878358,-0.87237775,0.019075956,0.06039753,-0.47553307,0.0065510264,0.05947883,-0.6949216,-0.007504229,0.07687093,-0.8463267,0.0016902704,0.0831504,-0.996537,-0.0036743209,-0.121738,-0.44063526,0.0055744112,-0.13212115,-0.6240759,-0.002899187,-0.13863745,-0.7917409,-0.008688521,-0.14836481,-0.88423663,-0.010707238,-0.30125868,-0.3702134,-0.022649335,-0.32009578,-0.5249265,0.024689663,-0.33865198,-0.62348664,0.01876367,-0.39079458,-0.7152661,-0.0127615975
5,sintetico,Right,0.0,0.0,0.0,-0.2564924,-0.097351536,-0.0015571407,-0.34348434,-0.27905664,-0.024831207,-0.39584368,-0.40748128,-0.026250444,-0.4481042,-0.5431368,-0.029858615,-0.1697112,-0.42286667,-0.016224463,-0.16200693,-0.6403639,-0.0054116715,-0.16387455,-0.7860008,-0.026206745,-0.15987732,-0.903886,-0.020903034,0.026212431,-0.47818792,-0.009385436,0.070721805,-0.69600743,-0.022821227,0.07167172,-0.85516495,-0.021005392,0.08163259,-0.9966625,-0.002892917,0.20490904,-0.40427402,-0.018033782,0.24940044,-0.6163059,-0.028361756,0.26141247,-0.7485245,-0.017025186,0.3022087,-0.86441755,-0.012346929,0.37500352,-0.32018912,0.01640637,0.41002002,-0.47314483,0.0027258643,0.4312592,-0.5904508,0.025955124,0.4495722,-0.6741962,-0.03315234
5,sintetico,Right,0.0,0.0,0.0,-0.26182467,-0.056102023,0.008991041,-0.37776178,-0.22138415,0.031199435,-0.4280327,-0.35723606,0.03281421,-0.46888667,-0.4857031,0.023760501,-0.2142768,-0.39411587,0.008530308,-0.23725314,-0.5910768,-0.0020081794,-0.21275172,-0.7566286,0.003361677,-0.14556085,-0.8663321,0.036753304,-0.044581693,-0.4727536,0.019110844,-0.04111314,-0.6975483,0.014317042,-0.057686586,-0.8758195,0.01860835,-0.068823814,-0.9976288,0.027034432,0.15675882,-0.45129564,-0.000634747,0.1486112,-0.62719786,0.008100726,0.1554578,-0.76862615,0.026411952,0.1450691,-0.88815266,0.019842286,0.32261828,-0.3633151,0.033850852,0.3458855,-0.5460301,0.028147543,0.36837897,-0.6387983,0.0034808123,0.38574344,-0.7352231,-0.03800257
