feature_version,label,persona,m0,m1,m2,m3,m4,m5,m6,m7,m8,m9,m10,m11,m12,m13,m14,m15,m16,m17,m18,m19,m20,m21,m22,m23,m24,m25,m26,m27,m28
2,J,sintetico,-0.18270541727542877,-0.49252620339393616,0.1602703332901001,0.256291002035141,0.4675734043121338,0.6919845342636108,1.503405213356018,2.925532341003418,0.8518746495246887,4.0,0.5466696619987488,0.53131502866745,1.1487646102905273,0.7836580276489258,1.4659003019332886,0.4893971383571625,0.025686578825116158,0.06568507105112076,0.020102400332689285,0.7659494876861572,1.1768110990524292,0.764108419418335,14.0,0.07953444123268127,0.02510766126215458,0.008023682981729507,0.4638175368309021,0.05398205295205116,0.035026468336582184
2,J,sintetico,-0.1759544461965561,-0.4855642020702362,0.1614709049463272,0.2513269782066345,0.4802052080631256,0.6944746971130371,1.303125023841858,2.2537899017333984,0.5960221290588379,9.0,1.070349097251892,0.650372326374054,1.304816722869873,0.8153359293937683,1.6003425121307373,0.5330694913864136,0.026072854176163673,0.06316524744033813,0.021633025258779526,0.779462456703186,1.1397593021392822,1.001298189163208,19.0,0.114094577729702,0.030004985630512238,-5.990818317513913e-05,0.6652485132217407,0.061931658536195755,0.06539880484342575
2,J,sintetico,-0.18195320665836334,-0.4817902445793152,0.17392626404762268,0.2590726613998413,0.5536552667617798,0.7521340250968933,1.5992281436920166,3.148818016052246,0.8054254055023193,12.0,1.3736745119094849,0.9689704179763794,1.6193000078201294,0.8022468090057373,2.018456220626831,0.46756136417388916,0.030250344425439835,0.06711865216493607,0.02106809988617897,0.7301711440086365,1.1448073387145996,1.012550950050354,20.0,0.09310780465602875,0.02051735483109951,0.04236610233783722,0.4237020015716553,0.07578534632921219,0.05015834793448448
2,J,sintetico,0.18006376922130585,-0.4772087335586548,0.16293853521347046,0.2616453766822815,0.48919549584388733,0.7635398507118225,1.4350597858428955,3.4096550941467285,0.73138028383255,11.0,1.174020767211914,0.8897792100906372,1.492409110069275,0.8741059303283691,1.70735502243042,-0.5725218653678894,0.0265489649027586,0.06845830380916595,-0.02440781705081463,0.8075283765792847,2.001483917236328,1.0399630069732666,20.0,0.07619974762201309,0.02181740291416645,0.001290908781811595,0.4421108663082123,0.053087808191776276,0.06167903542518616
2,J,sintetico,-0.18595202267169952,-0.4874001741409302,0.16306009888648987,0.2604540288448334,0.4968544542789459,0.7520224452018738,1.2899377346038818,2.534369945526123,0.5730219483375549,5.0,0.79192054271698,0.6469287276268005,1.2965939044952393,0.867982804775238,1.4938013553619385,0.5715659856796265,0.026588596403598785,0.06783630698919296,0.02427421323955059,0.8057297468185425,1.1375348567962646,1.0051600933074951,16.0,0.10661514848470688,0.02644244022667408,-0.010483047924935818,0.4551081955432892,0.046234168112277985,0.06081578880548477
2,J,sintetico,-0.18792647123336792,-0.4874595105648041,0.1684967577457428,0.2729052007198334,0.5022187829017639,0.7524020075798035,1.6898620128631592,3.6373560428619385,1.0583637952804565,5.0,0.828554093837738,0.580992579460144,1.286415696144104,0.8477289080619812,1.5174847841262817,0.4881919324398041,0.02839115634560585,0.07447724789381027,0.022448841482400894,0.7695839405059814,1.1846277713775635,0.7612548470497131,14.0,0.07797259092330933,0.026389477774500847,0.019779609516263008,0.6911743879318237,0.08077415823936462,0.03657075762748718
2,J,sintetico,0.18051476776599884,-0.48963621258735657,0.17021387815475464,0.26904475688934326,0.5014756917953491,0.7330410480499268,1.6408766508102417,3.1389806270599365,0.909545361995697,7.0,1.0349452495574951,0.735158383846283,1.3918167352676392,0.8485929369926453,1.6401464939117432,-0.5090598464012146,0.028972765430808067,0.07238507270812988,-0.02331247180700302,0.7718987464904785,1.9813284873962402,0.8482153415679932,17.0,0.09148228168487549,0.027710076421499252,0.014769822359085083,0.7539836764335632,0.05473583564162254,0.0634683147072792
2,J,sintetico,-0.18093600869178772,-0.4830901324748993,0.1644473671913147,0.2543468773365021,0.4795946776866913,0.7068174481391907,1.7709879875183105,4.616587162017822,1.0337116718292236,8.0,1.3877493143081665,0.9450377225875854,1.444538950920105,0.7546163201332092,1.9142693281173706,0.46875154972076416,0.027042938396334648,0.06469233334064484,0.019606318324804306,0.7441797256469727,1.1679295301437378,0.8156684041023254,17.0,0.11456191539764404,0.03097984753549099,0.05464846268296242,0.6246506571769714,0.0611184723675251,0.0478474423289299
2,J,sintetico,0.1698913425207138,-0.49100959300994873,0.1579725593328476,0.25373658537864685,0.4806567132472992,0.7460858821868896,1.3032116889953613,2.8384337425231934,0.6268908381462097,11.0,1.0978608131408691,0.7696905136108398,1.5004504919052124,0.8044021129608154,1.865299105644226,-0.5083643794059753,0.024955328553915024,0.06438225507736206,-0.020376980304718018,0.7765477299690247,1.97176992893219,1.151348352432251,19.0,0.10752806067466736,0.026582030579447746,-0.07927819341421127,0.369870126247406,0.046161532402038574,0.05748550221323967
2,J,sintetico,0.1690763235092163,-0.49546539783477783,0.17560504376888275,0.25047624111175537,0.537527859210968,0.6943098306655884,1.6540123224258423,2.8956289291381836,0.7028407454490662,5.0,0.741270124912262,0.7682366371154785,1.2454767227172852,0.8521134853363037,1.461632490158081,-0.5813896059989929,0.030837129801511765,0.0627383440732956,-0.025572359561920166,0.7835788130760193,2.0773465633392334,0.7530032992362976,14.0,0.06819993257522583,0.021912293508648872,0.0017313002608716488,0.5221577882766724,0.036836761981248856,0.07673730701208115
2,J,sintetico,-0.16900508105754852,-0.48936671018600464,0.16355828940868378,0.2545424997806549,0.49318328499794006,0.7469863891601562,1.524318814277649,2.6317856311798096,0.7109700441360474,7.0,0.7567468881607056,0.5547959208488464,1.353039264678955,0.8780456185340881,1.5409668684005737,0.527117908000946,0.026751317083835602,0.06479188799858093,0.021945256739854813,0.7763625383377075,1.142457365989685,0.8876352906227112,18.0,0.17673999071121216,0.03936003893613815,0.052428822964429855,0.8682757616043091,0.03880749270319939,0.07219153642654419
2,J,sintetico,-0.18839089572429657,-0.4843962788581848,0.16285134851932526,0.26164597272872925,0.4838826656341553,0.7438684701919556,1.5855978727340698,3.9360110759735107,0.9630669355392456,8.0,0.8757378458976746,0.583877682685852,1.2999686002731323,0.837246835231781,1.5526705980300903,0.4962460994720459,0.026520563289523125,0.06845861673355103,0.021144749596714973,0.7707949876785278,1.1760109663009644,0.8198602199554443,17.0,0.06683675199747086,0.022214028984308243,0.026294656097888947,0.5764437317848206,0.05051766708493233,0.04646100103855133
2,J,sintetico,-0.17387664318084717,-0.4833522140979767,0.16753140091896057,0.2563534379005432,0.5338544845581055,0.7542728185653687,1.4849482774734497,2.4497134685516357,0.5565109848976135,8.0,0.7883987426757812,0.6505602598190308,1.383492112159729,0.8453269600868225,1.636635422706604,0.48168033361434937,0.02806677296757698,0.06571708619594574,0.02068684622645378,0.7472456693649292,1.154556155204773,0.9316769242286682,18.0,0.12115217000246048,0.032850638031959534,-0.028020016849040985,0.6250423789024353,0.04690732806921005,0.033458806574344635
2,J,sintetico,-0.1756032109260559,-0.48573288321495056,0.16775508224964142,0.2531031668186188,0.4862848222255707,0.7322167158126831,1.6130139827728271,2.6747992038726807,0.764443576335907,4.0,0.7358225584030151,0.8145473599433899,1.3814064264297485,0.8648713231086731,1.597239375114441,0.5639057755470276,0.028141764923930168,0.06406121701002121,0.023943066596984863,0.7873099446296692,1.1071810722351074,0.8564132452011108,17.0,0.10724218189716339,0.031567059457302094,-0.01879470981657505,0.5422977805137634,0.07400012016296387,0.0500774085521698
2,J,sintetico,-0.19200429320335388,-0.49174588918685913,0.16316337883472443,0.26131102442741394,0.47118106484413147,0.7596679925918579,1.547168254852295,2.6670029163360596,0.5353515148162842,4.0,0.7163917422294617,0.7782926559448242,1.3370933532714844,0.8585873246192932,1.557317852973938,0.5375861525535583,0.026622289791703224,0.06828345358371735,0.02292073331773281,0.789853572845459,1.154228687286377,0.8642197251319885,16.0,0.12032688409090042,0.03491254150867462,-0.046842560172080994,0.8661835193634033,0.06026418134570122,0.05686028674244881
2,J,sintetico,-0.18695296347141266,-0.48277613520622253,0.16086356341838837,0.2614719867706299,0.4793437123298645,0.736434280872345,1.137640357017517,2.4516494274139404,0.6703640818595886,8.0,1.1524399518966675,0.8887409567832947,1.4587360620498657,0.7696278691291809,1.8953783512115479,0.5002731680870056,0.0258770864456892,0.068367600440979,0.021042149513959885,0.7764307856559753,1.180498719215393,1.2822470664978027,20.0,0.1139298677444458,0.027922319248318672,0.043644338846206665,0.5603581666946411,0.046799637377262115,0.07094059139490128
2,J,sintetico,-0.1842760443687439,-0.49314844608306885,0.16215452551841736,0.26125568151474,0.500050961971283,0.7551419138908386,1.3128002882003784,2.2113828659057617,0.5971097350120544,5.0,0.8432605862617493,0.6812281608581543,1.3570523262023926,0.8348408937454224,1.6255221366882324,0.5329522490501404,0.02629408799111843,0.06825452297925949,0.02257787622511387,0.7893165946006775,1.1597660779953003,1.033708095550537,16.0,0.06753184646368027,0.021931082010269165,-0.011461004614830017,0.47863268852233887,0.0594940111041069,0.05590088292956352
2,J,sintetico,-0.17955683171749115,-0.4799872934818268,0.1641109585762024,0.2590651214122772,0.5128331184387207,0.721817135810852,1.2867377996444702,2.8988142013549805,0.7070002555847168,10.0,1.0276373624801636,0.6602121591567993,1.3672596216201782,0.8589953780174255,1.5916961431503296,0.5652104616165161,0.026932405307888985,0.06711473315954208,0.024030162021517754,0.799594521522522,1.1335769891738892,1.0625783205032349,17.0,0.10211428254842758,0.02850359119474888,0.00101445650216192,0.5287346839904785,0.0480557456612587,0.04716882482171059
2,J,sintetico,0.16767705976963043,-0.4717264473438263,0.16920071840286255,0.2705579698085785,0.5381981730461121,0.7964622974395752,1.871441125869751,3.252357006072998,0.6092162132263184,6.0,0.9103806018829346,0.7343359589576721,1.4124493598937988,0.9006934762001038,1.5681798458099365,-0.4965701997280121,0.028628883883357048,0.07320161163806915,-0.022732289507985115,0.7694171071052551,1.9684479236602783,0.7547388076782227,15.0,0.12440302222967148,0.03397073224186897,0.07477279007434845,0.8342495560646057,0.0363183319568634,0.04763944074511528
2,J,sintetico,-0.17388419806957245,-0.489059716463089,0.17806726694107056,0.2696245312690735,0.5235963463783264,0.7731159925460815,1.77667236328125,3.965040922164917,1.0158122777938843,3.0,0.5484806299209595,0.3834860324859619,1.290337085723877,0.8968871831893921,1.4386838674545288,0.5463910698890686,0.03170795366168022,0.07269738614559174,0.026232946664094925,0.7787752747535706,1.1170023679733276,0.7262662053108215,15.0,0.070698082447052,0.01768626645207405,-0.016556911170482635,0.43491336703300476,0.04297604039311409,0.07049966603517532
2,J,sintetico,-0.17746502161026,-0.472700834274292,0.1698703169822693,0.26239171624183655,0.5289431214332581,0.7644711136817932,1.3742259740829468,2.6534831523895264,0.7232294678688049,9.0,0.9002861976623535,0.7376508116722107,1.4001610279083252,0.8604403138160706,1.6272610425949097,0.5360466837882996,0.028855925425887108,0.06884941458702087,0.023892976343631744,0.7788273096084595,1.1338266134262085,1.0188724994659424,19.0,0.10999517142772675,0.027534665539860725,-0.1075790524482727,0.5395888686180115,0.0531831830739975,0.04780076444149017
2,J,sintetico,-0.1830093115568161,-0.4771295189857483,0.15867486596107483,0.257377564907074,0.4569771885871887,0.7330955862998962,1.3883987665176392,2.8423843383789062,0.5845199823379517,6.0,0.8644830584526062,0.8527086973190308,1.4148390293121338,0.8298485279083252,1.7049365043640137,0.4511115252971649,0.025177713483572006,0.06624320894479752,0.01842310093343258,0.7527291774749756,1.2051482200622559,1.0190436840057373,19.0,0.10577201098203659,0.03340892121195793,-0.017366431653499603,0.8345158696174622,0.06704608350992203,0.04797298088669777
2,J,sintetico,0.16802309453487396,-0.4927302896976471,0.16327065229415894,0.2624180316925049,0.4830884039402008,0.7380505800247192,1.6105040311813354,3.3642377853393555,0.8436458110809326,2.0,0.3974555730819702,0.44792500138282776,1.2363450527191162,0.835896372795105,1.47906494140625,-0.465584933757782,0.026657303795218468,0.06886322051286697,-0.019948061555624008,0.7562302350997925,1.9494324922561646,0.7676758766174316,15.0,0.10856832563877106,0.03152323141694069,-0.06673046201467514,0.7879084348678589,0.045852452516555786,0.052023809403181076
2,J,sintetico,-0.19102893769741058,-0.4870370626449585,0.1629924327135086,0.26178187131881714,0.461688756942749,0.7696603536605835,1.38164222240448,2.767171621322632,0.6355985403060913,6.0,0.9477870464324951,0.733941376209259,1.3756892681121826,0.878572404384613,1.5658233165740967,0.4933989346027374,0.026566535234451294,0.06852973997592926,0.02105257473886013,0.7693121433258057,1.177253007888794,0.9956913590431213,19.0,0.1005491092801094,0.028130562976002693,-0.007757433690130711,0.6340827345848083,0.04767622798681259,0.052988599985837936
2,J,sintetico,0.18264693021774292,-0.473084032535553,0.16419203579425812,0.2610465884208679,0.4578034281730652,0.7815703749656677,1.5057520866394043,2.890108823776245,0.6751642227172852,6.0,0.9922581315040588,0.9452733993530273,1.4156668186187744,0.8434779644012451,1.6783685684204102,-0.518385112285614,0.026959024369716644,0.06814531981945038,-0.02221890352666378,0.7783121466636658,1.982473373413086,0.940172553062439,18.0,0.11601713299751282,0.024126602336764336,0.0217979047447443,0.43102002143859863,0.07012701034545898,0.04434656351804733
2,J,sintetico,-0.1813058853149414,-0.4820552468299866,0.17222197353839874,0.25198838114738464,0.5270854830741882,0.727615475654602,1.4484926462173462,2.458296537399292,0.6712248921394348,10.0,1.2162377834320068,0.7007630467414856,1.4007411003112793,0.7983169555664062,1.754617691040039,0.5285804867744446,0.029660407453775406,0.06349813938140869,0.022939302027225494,0.7592582702636719,1.1031405925750732,0.9670336246490479,17.0,0.16023631393909454,0.0406368114054203,-0.009593836031854153,0.8204928636550903,0.05409999191761017,0.053204093128442764
2,J,sintetico,0.18098430335521698,-0.4819308817386627,0.18217091262340546,0.26329004764556885,0.5829215049743652,0.7543924450874329,1.6757915019989014,2.828129768371582,0.7530062198638916,9.0,1.089025855064392,0.7108922004699707,1.4951062202453613,0.9159651398658752,1.6322741508483887,-0.5026106834411621,0.03318624198436737,0.0693216472864151,-0.024107113480567932,0.7403838038444519,2.034611701965332,0.8921791911125183,17.0,0.14913463592529297,0.03426170349121094,0.011846881359815598,0.7221251130104065,0.0723329558968544,0.05636666715145111
2,J,sintetico,0.17847956717014313,-0.49649694561958313,0.1660517454147339,0.25789201259613037,0.5146989226341248,0.7168218493461609,1.0913670063018799,2.197826623916626,0.5425112247467041,7.0,0.9304530620574951,0.927515983581543,1.3076226711273193,0.8689591288566589,1.5048149824142456,-0.5524116158485413,0.027573179453611374,0.06650828570127487,-0.023656152188777924,0.7888164520263672,2.011908531188965,1.1981512308120728,19.0,0.0971730574965477,0.024833381175994873,0.019232381135225296,0.303828626871109,0.07396089285612106,0.05952117592096329
2,J,sintetico,-0.18279492855072021,-0.4735388159751892,0.16368982195854187,0.2577098309993744,0.4853655695915222,0.7124358415603638,1.2545243501663208,2.3636298179626465,0.5568176507949829,10.0,1.0786405801773071,0.8321998119354248,1.3608685731887817,0.822089672088623,1.6553771495819092,0.5215544104576111,0.02679436095058918,0.06641435623168945,0.02200150117278099,0.7769511938095093,1.1519142389297485,1.084768533706665,18.0,0.11344769597053528,0.0350118987262249,0.051041509956121445,0.549322783946991,0.05731677636504173,0.05442037433385849
2,J,sintetico,-0.19161522388458252,-0.4845942258834839,0.16780902445316315,0.24692857265472412,0.5042628049850464,0.7085322737693787,1.51270592212677,2.967479944229126,0.6784594655036926,12.0,1.1512497663497925,0.682647168636322,1.4099128246307373,0.8317821025848389,1.6950507164001465,0.5101062059402466,0.028159867972135544,0.060973722487688065,0.021137189120054245,0.7503067255020142,1.115431308746338,0.9320468902587891,18.0,0.12871474027633667,0.032725803554058075,0.0015441651921719313,0.8611794114112854,0.04482379928231239,0.0509125180542469
2,J,sintetico,-0.1783008724451065,-0.48319923877716064,0.15932340919971466,0.25358545780181885,0.4474007785320282,0.7214387655258179,1.3686084747314453,2.6453793048858643,0.6078639626502991,6.0,0.9224182963371277,0.9079259037971497,1.3306221961975098,0.8213288187980652,1.620084524154663,0.4824325442314148,0.025383951142430305,0.06430558115243912,0.01949128694832325,0.7609901428222656,1.1777061223983765,0.9722445607185364,16.0,0.12703834474086761,0.03768284246325493,0.10852869600057602,0.6339678764343262,0.04160970821976662,0.06227172166109085
2,J,sintetico,-0.17400023341178894,-0.4788925051689148,0.16507363319396973,0.2622181177139282,0.46937182545661926,0.7535045742988586,1.4614272117614746,2.6247212886810303,0.5844542980194092,6.0,0.8895381093025208,0.7509969472885132,1.3221362829208374,0.881934642791748,1.499131679534912,0.5548617243766785,0.027249306440353394,0.06875834614038467,0.02401735633611679,0.7960861921310425,1.1417230367660522,0.9046883583068848,15.0,0.10925092548131943,0.03001393750309944,0.0980060026049614,0.5115073323249817,0.035400498658418655,0.031152699142694473
2,J,sintetico,0.19095399975776672,-0.47581803798675537,0.17106831073760986,0.25689229369163513,0.5000165700912476,0.7445421814918518,1.6747691631317139,3.079780101776123,0.6832734942436218,6.0,0.9055461287498474,0.7969426512718201,1.3978605270385742,0.816585898399353,1.711835265159607,-0.5107460021972656,0.02926436811685562,0.06599365174770355,-0.0224453117698431,0.7569080591201782,2.0133256912231445,0.8346586227416992,17.0,0.0764726921916008,0.023605136200785637,-0.03315305709838867,0.6125721335411072,0.038938965648412704,0.07953538000583649
2,J,sintetico,0.18751385807991028,-0.4858495593070984,0.17398272454738617,0.25108882784843445,0.5055956840515137,0.7298030257225037,1.1766407489776611,2.374870538711548,0.5870403051376343,10.0,1.1335780620574951,0.8032945990562439,1.4352668523788452,0.8145735263824463,1.7619855403900146,-0.5733159780502319,0.030269986018538475,0.06304559856653214,-0.025045376271009445,0.7815936803817749,2.0664896965026855,1.219800353050232,20.0,0.13091716170310974,0.03886747732758522,0.021971117705106735,0.7590940594673157,0.07223638892173767,0.06239354610443115
2,J,sintetico,-0.17379996180534363,-0.4855029582977295,0.16578668355941772,0.2612687349319458,0.4897361397743225,0.7375869750976562,1.2538156509399414,2.7858810424804688,0.7963632345199585,6.0,0.6933560967445374,0.6569977402687073,1.2265901565551758,0.8683815598487854,1.412501335144043,0.5365182757377625,0.027485225349664688,0.06826135516166687,0.023239223286509514,0.7847606539726257,1.1454672813415527,0.9782859086990356,16.0,0.07490900158882141,0.02550939843058586,-0.01423992495983839,0.5318591594696045,0.060643602162599564,0.0472337044775486
2,J,sintetico,-0.18341019749641418,-0.4848129451274872,0.16424109041690826,0.2634444236755371,0.49939367175102234,0.7132424712181091,1.2205373048782349,2.1412971019744873,0.6074730753898621,6.0,0.8005592823028564,0.7454524636268616,1.363936185836792,0.8384122252464294,1.6268086433410645,0.530203640460968,0.026975136250257492,0.06940297037363052,0.022941064089536667,0.7867080569267273,1.158549427986145,1.1174882650375366,19.0,0.08213864266872406,0.02745584212243557,0.07196151465177536,0.44080933928489685,0.06193123385310173,0.06330227106809616
2,J,sintetico,-0.18412233889102936,-0.48199573159217834,0.16784945130348206,0.251010924577713,0.5040040612220764,0.7287033796310425,1.1084270477294922,2.2561895847320557,0.5126742124557495,11.0,1.097206950187683,0.8037204146385193,1.453797459602356,0.8536292910575867,1.7030781507492065,0.4640416204929352,0.02817344106733799,0.06300648301839828,0.019551023840904236,0.7296158075332642,1.149259328842163,1.3115860223770142,20.0,0.11560717225074768,0.03188652917742729,-0.0741230845451355,0.6356006860733032,0.05848218500614166,0.044912535697221756
2,J,sintetico,0.185453400015831,-0.46987155079841614,0.17313255369663239,0.2564423978328705,0.5203409194946289,0.7464627027511597,1.0727216005325317,2.058229446411133,0.5974532961845398,4.0,0.5460007786750793,0.4842109680175781,1.2956963777542114,0.8654632568359375,1.4971131086349487,-0.524674654006958,0.029974879696965218,0.0657627061009407,-0.023294780403375626,0.7605648040771484,2.028686046600342,1.2078590393066406,19.0,0.10282909125089645,0.023212850093841553,0.012105166912078857,0.371441513299942,0.04733725264668465,0.05228918790817261
2,J,sintetico,-0.17754556238651276,-0.48134732246398926,0.16003115475177765,0.2600218653678894,0.5297251343727112,0.7338753938674927,1.3514564037322998,2.8942461013793945,0.6938337683677673,13.0,1.09779953956604,0.5661982297897339,1.4338481426239014,0.8750315308570862,1.6386245489120483,0.5380093455314636,0.025609970092773438,0.06761136651039124,0.02238743007183075,0.7941312789916992,1.162122130393982,1.0609651803970337,19.0,0.10342621058225632,0.028834130614995956,-0.04904427006840706,0.5109341144561768,0.05345356464385986,0.05939819663763046
2,J,sintetico,0.1843336820602417,-0.48887044191360474,0.16921024024486542,0.2529328167438507,0.5343368649482727,0.7314805388450623,1.5395786762237549,2.577580451965332,0.5743440985679626,9.0,0.875003457069397,0.39660191535949707,1.3829368352890015,0.8163782954216003,1.6939901113510132,-0.491020143032074,0.028632106259465218,0.0639750137925148,-0.02101508527994156,0.7444984316825867,2.0066027641296387,0.8982565999031067,17.0,0.10723590850830078,0.028640398755669594,-0.03214776888489723,0.4751180410385132,0.04908459261059761,0.04718756675720215
2,J,sintetico,0.19516292214393616,-0.4883008599281311,0.1652727872133255,0.2532644271850586,0.4877801239490509,0.7081634402275085,1.3377457857131958,2.4272639751434326,0.6445181369781494,7.0,1.0048129558563232,0.793864369392395,1.3610550165176392,0.7560224533081055,1.8002839088439941,-0.5119014978408813,0.02731509506702423,0.0641428753733635,-0.021427029743790627,0.7637677788734436,2.0012381076812744,1.01742422580719,17.0,0.08467114716768265,0.021237149834632874,0.021233977749943733,0.44717955589294434,0.05249125137925148,0.04913734644651413
2,J,sintetico,-0.1742384135723114,-0.49074169993400574,0.16336776316165924,0.25354814529418945,0.4997329115867615,0.7542638182640076,1.2614842653274536,3.3357701301574707,0.7338930368423462,7.0,0.9107632040977478,1.0147063732147217,1.4144773483276367,0.8776251077651978,1.6117103099822998,0.497667133808136,0.02668902836740017,0.06428665667772293,0.02061416581273079,0.7603225111961365,1.1550836563110352,1.121280312538147,20.0,0.09258220344781876,0.025649476796388626,-0.0850951224565506,0.5671727061271667,0.06830541789531708,0.03607698902487755
2,J,sintetico,-0.177765890955925,-0.48933398723602295,0.16944044828414917,0.2550250291824341,0.5334488153457642,0.736775815486908,1.685425877571106,2.6998612880706787,0.6931596398353577,8.0,1.1009794473648071,0.7202712893486023,1.4852999448776245,0.8671513199806213,1.7128498554229736,0.5212169885635376,0.02871006540954113,0.06503777205944061,0.02252259850502014,0.763355016708374,1.124735713005066,0.8812609314918518,16.0,0.15221042931079865,0.035068102180957794,-0.04923414811491966,0.6902122497558594,0.07152890413999557,0.0379176139831543
2,J,sintetico,0.18408437073230743,-0.4883354604244232,0.16390104591846466,0.2550347149372101,0.4985722303390503,0.7248033881187439,1.4701755046844482,2.705047130584717,0.6609166264533997,8.0,1.0339651107788086,0.8710401058197021,1.4214197397232056,0.8349913358688354,1.7023167610168457,-0.49488401412963867,0.026863550767302513,0.06504270434379578,-0.020686376839876175,0.7597269415855408,1.983557105064392,0.9668367505073547,19.0,0.08744025975465775,0.02602519281208515,0.041135240346193314,0.43631720542907715,0.06067224591970444,0.055385131388902664
2,J,sintetico,-0.18016046285629272,-0.4886033535003662,0.1651257574558258,0.25755882263183594,0.5139110684394836,0.7452580332756042,1.0896029472351074,2.158830165863037,0.4886661469936371,8.0,1.0032072067260742,0.8341225385665894,1.347109079360962,0.8776559233665466,1.5348942279815674,0.5940886735916138,0.02726651541888714,0.06633654236793518,0.02526635117828846,0.8112244606018066,1.1144789457321167,1.236330270767212,20.0,0.10926883667707443,0.022556841373443604,0.011202245950698853,0.36484652757644653,0.056719742715358734,0.04297979176044464
2,J,sintetico,0.17748898267745972,-0.48642635345458984,0.1699877679347992,0.2521977126598358,0.5197715163230896,0.7140268683433533,1.443305253982544,2.574612617492676,0.5905715227127075,10.0,1.0900309085845947,0.7422181367874146,1.3737568855285645,0.8523792624473572,1.6116732358932495,-0.5768651366233826,0.028895841911435127,0.06360369175672531,-0.024730512872338295,0.7902490496635437,2.0502543449401855,0.9518131613731384,17.0,0.06209881231188774,0.02087283506989479,0.0037341960705816746,0.49761682748794556,0.05422542616724968,0.0704272910952568
2,J,sintetico,-0.18222223222255707,-0.48235219717025757,0.1652507334947586,0.25138571858406067,0.5336667895317078,0.7221646904945374,1.7921299934387207,3.6774473190307617,0.8279732465744019,6.0,1.0048840045928955,0.7711740732192993,1.380206823348999,0.8246358036994934,1.6737167835235596,0.5873922109603882,0.02730780653655529,0.06319478154182434,0.024401254951953888,0.8019208908081055,1.1024279594421387,0.7701488137245178,16.0,0.0739084929227829,0.02242993749678135,0.012029151432216167,0.40760570764541626,0.06517483294010162,0.05066148191690445
2,J,sintetico,-0.18902947008609772,-0.481366902589798,0.16877353191375732,0.2470863312482834,0.4805816411972046,0.7169236540794373,1.1783488988876343,1.987609624862671,0.4721807539463043,8.0,0.9613116383552551,0.8829784989356995,1.410160779953003,0.8101181983947754,1.740685224533081,0.5116494297981262,0.028484506532549858,0.061051659286022186,0.021336616948246956,0.7496427297592163,1.1113381385803223,1.1967259645462036,19.0,0.13409169018268585,0.027429882436990738,-0.01820656843483448,0.4667515754699707,0.06574986129999161,0.04019546881318092
2,J,sintetico,-0.17634817957878113,-0.4833884537220001,0.1760217696428299,0.2589670419692993,0.5749821662902832,0.7531899213790894,1.360355019569397,2.4565107822418213,0.6143576502799988,7.0,0.8528937101364136,0.8191357851028442,1.4401017427444458,0.9087311029434204,1.584739089012146,0.5139331221580505,0.030983662232756615,0.06706392765045166,0.023427043110132217,0.7524465918540955,1.1135050058364868,1.058621883392334,18.0,0.08441057056188583,0.02492474764585495,0.04009260609745979,0.44287019968032837,0.06236077845096588,0.061967529356479645
2,J,sintetico,-0.17926014959812164,-0.48861029744148254,0.16469945013523102,0.2522551119327545,0.4866649806499481,0.7078805565834045,1.6815247535705566,3.7951061725616455,0.7565654516220093,4.0,0.6067441701889038,0.5721725821495056,1.230865478515625,0.8416714072227478,1.4624061584472656,0.559333324432373,0.02712590992450714,0.06363264471292496,0.02323821932077408,0.7887431383132935,1.118313193321228,0.7319936156272888,15.0,0.07607519626617432,0.019690299406647682,-0.003276094561442733,0.444261759519577,0.06941168755292892,0.05656356364488602
2,K,sintetico,-0.9305101633071899,0.4352535307407379,0.14690335094928741,0.3741356432437897,0.43838798999786377,1.0636786222457886,3.1885879039764404,6.4853668212890625,1.8316634893417358,7.0,0.852496325969696,0.8212808966636658,3.2747890949249268,0.39936816692352295,8.199925422668457,0.9079493880271912,0.021580591797828674,0.13997748494148254,0.04990251362323761,0.9788028597831726,1.2205970287322998,1.0270342826843262,20.0,1.153873324394226,0.3784541189670563,-0.29655376076698303,3.0520191192626953,0.0730089321732521,0.8106490969657898
2,K,sintetico,-0.9556912779808044,0.42837604880332947,0.13777267932891846,0.3732099235057831,0.4089951515197754,1.1185988187789917,4.059675693511963,8.639708518981934,2.062757730484009,5.0,0.7968072891235352,0.886218249797821,3.7800493240356445,0.146647647023201,25.77640724182129,0.9124448895454407,0.018981311470270157,0.1392856389284134,0.046916209161281586,0.9816727638244629,1.2395960092544556,0.9311210513114929,19.0,1.1443469524383545,0.3582133650779724,0.06953871250152588,3.7197885513305664,0.03835533931851387,0.8212239742279053
2,K,sintetico,0.9467586278915405,0.4116270840167999,0.14642095565795898,0.3598000407218933,0.4538528025150299,1.0478978157043457,3.733877420425415,6.562565803527832,1.847304344177246,4.0,0.7364546060562134,0.9478965401649475,3.9468905925750732,0.33776357769966125,11.685364723205566,-0.9108740091323853,0.021439095959067345,0.1294560730457306,-0.04798690602183342,0.9783312082290649,1.9340107440948486,1.0570487976074219,19.0,1.0900301933288574,0.3699024021625519,-0.287895530462265,3.3630971908569336,0.049387525767087936,0.8222587704658508
2,K,sintetico,0.9661867022514343,0.3891124129295349,0.14189840853214264,0.3773891031742096,0.42250508069992065,1.110093116760254,4.749600887298584,7.908648490905762,2.003751516342163,4.0,0.8022283911705017,1.0100497007369995,4.233674049377441,0.4449569284915924,9.514795303344727,-0.9182841777801514,0.02013515681028366,0.14242254197597504,-0.0491749532520771,0.9823840856552124,1.9094605445861816,0.8913747072219849,18.0,1.116603136062622,0.370083749294281,-0.47946733236312866,4.2002081871032715,0.060777634382247925,0.788638174533844
2,K,sintetico,-0.9314346313476562,0.42991653084754944,0.1491355299949646,0.38053685426712036,0.4491623044013977,1.0961369276046753,4.210018157958984,6.7783379554748535,2.2069480419158936,3.0,0.9484079480171204,0.9969233870506287,3.143444061279297,0.5297898650169373,5.93337869644165,0.8524092435836792,0.02224140428006649,0.14480829238891602,0.048375558108091354,0.9662817716598511,1.2366822957992554,0.7466581463813782,15.0,1.103456735610962,0.3888258934020996,-0.5178834795951843,3.6493232250213623,0.0519074983894825,0.8171513676643372
2,K,sintetico,0.9379999041557312,0.43636587262153625,0.15050934255123138,0.36161720752716064,0.44510525465011597,1.1071805953979492,3.3621206283569336,5.743819713592529,1.5652108192443848,4.0,0.7705718278884888,0.9789935946464539,3.7295548915863037,0.032708682119846344,114.02339935302734,-0.903701663017273,0.022653060033917427,0.13076700270175934,-0.049185559153556824,0.9757980704307556,1.9399207830429077,1.1092864274978638,19.0,1.1088426113128662,0.3595074713230133,0.012515135109424591,3.024245262145996,0.04355354234576225,0.7985379099845886
2,K,sintetico,-0.9549875259399414,0.38821253180503845,0.1392553746700287,0.3652368187904358,0.3730602264404297,1.047212839126587,4.922131061553955,8.605061531066895,2.5986976623535156,4.0,0.8410465121269226,0.9447739720344543,3.9427571296691895,0.4134950339794159,9.535198211669922,0.890389084815979,0.01939205639064312,0.1333979219198227,0.04528624191880226,0.9759200215339661,1.2351211309432983,0.801026463508606,17.0,1.053362488746643,0.36212781071662903,0.41603735089302063,4.310311317443848,0.05601689592003822,0.7924659848213196
2,K,sintetico,0.957683801651001,0.36320772767066956,0.13742902874946594,0.40347057580947876,0.4191882014274597,1.112560749053955,4.046377658843994,7.087970733642578,2.0903513431549072,4.0,0.9085658192634583,0.967348575592041,4.195696830749512,0.6378918290138245,6.577442646026611,-0.8725025653839111,0.018886739388108253,0.1627885103225708,-0.048379022628068924,0.9767132997512817,1.8667733669281006,1.0369019508361816,16.0,1.1112715005874634,0.38697871565818787,-0.5242120027542114,3.613845109939575,0.0649823471903801,0.8136334419250488
2,K,sintetico,-0.943780779838562,0.44150498509407043,0.15337161719799042,0.347228467464447,0.4437749683856964,1.055643081665039,3.9608829021453857,6.4657769203186035,1.8229947090148926,5.0,0.8835095167160034,0.9184116125106812,3.6784372329711914,0.06597297638654709,55.7567253112793,0.8535403609275818,0.02352285385131836,0.12056760489940643,0.04545528441667557,0.959882378578186,1.1944096088409424,0.9286912083625793,16.0,1.032846212387085,0.3462011516094208,0.012769023887813091,3.39546275138855,0.06646262109279633,0.8005812168121338
2,K,sintetico,0.9627446532249451,0.37154391407966614,0.15463411808013916,0.3772813081741333,0.47609639167785645,1.0782585144042969,4.314150333404541,6.6845011711120605,1.8510910272598267,4.0,0.7579014301300049,0.9446777701377869,4.310191631317139,0.5974188446998596,7.214690208435059,-0.8793211579322815,0.02391170896589756,0.14234118163585663,-0.05130008980631828,0.9703941941261292,1.9277483224868774,0.9990823864936829,20.0,1.1599407196044922,0.38697507977485657,-0.591477632522583,3.941650152206421,0.057894423604011536,0.8182496428489685
2,K,sintetico,0.9313232898712158,0.42705121636390686,0.14515680074691772,0.38430050015449524,0.38038957118988037,1.0850176811218262,4.206849575042725,7.144148349761963,2.3038065433502197,3.0,0.9160339832305908,1.1021559238433838,3.049309730529785,0.5785544514656067,5.270566463470459,-0.9018463492393494,0.02107049711048603,0.14768686890602112,-0.05030844360589981,0.9787255525588989,1.9065343141555786,0.7248439788818359,14.0,1.0506550073623657,0.3674232065677643,0.48308882117271423,3.7291202545166016,0.05420680716633797,0.7846541404724121
2,K,sintetico,0.9342893958091736,0.4169020354747772,0.15045234560966492,0.387665331363678,0.4296579658985138,1.151339054107666,3.2073097229003906,5.303737640380859,1.4184739589691162,3.0,0.7702394127845764,0.9803774952888489,3.196598768234253,0.5342330932617188,5.983527660369873,-0.8752391338348389,0.022635910660028458,0.15028440952301025,-0.051048461347818375,0.9718644022941589,1.9081145524978638,0.9966604709625244,17.0,1.07596755027771,0.38177385926246643,0.4283386468887329,2.6360485553741455,0.05820337310433388,0.7774468660354614
2,K,sintetico,0.9652762413024902,0.37116989493370056,0.15650072693824768,0.3918466567993164,0.433660089969635,1.1255309581756592,4.819883346557617,8.312759399414062,2.174215078353882,5.0,0.8595125079154968,0.8641898036003113,4.421863555908203,0.567570149898529,7.790866851806641,-0.8895434141159058,0.024492479860782623,0.15354381501674652,-0.054550617933273315,0.9739294052124023,1.9217078685760498,0.9174213409423828,18.0,1.0656342506408691,0.3763253688812256,-0.5072726011276245,4.024978160858154,0.07960422337055206,0.8238058090209961
2,K,sintetico,0.9369537234306335,0.43354836106300354,0.14202554523944855,0.3736565113067627,0.45094332098960876,1.0506401062011719,3.9253532886505127,6.91921329498291,1.9743880033493042,3.0,0.9830847978591919,1.0478224754333496,3.075819253921509,0.5449731349945068,5.643982887268066,-0.8983942866325378,0.020171256735920906,0.13961918652057648,-0.047676682472229004,0.9777679443359375,1.90764319896698,0.7835777401924133,14.0,1.1607762575149536,0.3815276622772217,0.4838810861110687,3.695899724960327,0.09467653930187225,0.7927296757698059
2,K,sintetico,-0.9347050786018372,0.42851680517196655,0.16372977197170258,0.37733885645866394,0.453233540058136,1.0576406717300415,3.001858711242676,5.435150146484375,1.7273346185684204,5.0,0.8217681646347046,0.80465167760849,3.0542409420013428,0.5404677987098694,5.651106357574463,0.9099564552307129,0.02680743671953678,0.1423846185207367,0.05621856823563576,0.9759522080421448,1.184982419013977,1.017449975013733,18.0,1.0820707082748413,0.3846680223941803,-0.534990131855011,2.7126688957214355,0.04744798690080643,0.8148759603500366
2,K,sintetico,0.9505107402801514,0.4020622670650482,0.14773795008659363,0.3738207519054413,0.4182640612125397,1.0910348892211914,4.050691604614258,7.203627586364746,1.9433777332305908,3.0,0.6593945026397705,1.0003917217254639,4.094858646392822,0.494790256023407,8.275948524475098,-0.9259859919548035,0.021826501935720444,0.1397419422864914,-0.05113989859819412,0.9827651381492615,1.9280508756637573,1.0109035968780518,20.0,1.1211191415786743,0.36848288774490356,-0.5336825251579285,3.6151084899902344,0.033611785620450974,0.7965570092201233
2,K,sintetico,-0.9446500539779663,0.4413439929485321,0.14440889656543732,0.3675556480884552,0.44266289472579956,1.1316040754318237,4.213669300079346,7.642878532409668,1.8917431831359863,3.0,0.7847453951835632,1.0860893726348877,3.6965794563293457,0.13381066918373108,27.625444412231445,0.905568540096283,0.020853931084275246,0.13509716093540192,0.048066046088933945,0.978238046169281,1.2210361957550049,0.8772826790809631,17.0,1.1109519004821777,0.36838990449905396,-0.12481142580509186,3.6684577465057373,0.05774799361824989,0.7680794596672058
2,K,sintetico,-0.9382634162902832,0.44493037462234497,0.1473560780286789,0.35893478989601135,0.4336892068386078,1.1129915714263916,4.087543964385986,6.381424903869629,1.8382917642593384,5.0,0.9402187466621399,0.8830516338348389,3.7559657096862793,0.040545836091041565,92.63505554199219,0.8805172443389893,0.02171381562948227,0.12883418798446655,0.04657163843512535,0.9706128835678101,1.2129374742507935,0.9188807606697083,17.0,1.1473199129104614,0.36672335863113403,0.050826966762542725,3.7701661586761475,0.04812738299369812,0.83260577917099
2,K,sintetico,-0.952449381351471,0.4116690158843994,0.14513728022575378,0.35310956835746765,0.41800034046173096,1.0355019569396973,3.924150228500366,7.378032684326172,2.0245091915130615,4.0,0.7854503989219666,0.936570942401886,3.8443520069122314,0.32449671626091003,11.847121238708496,0.925024151802063,0.02106483094394207,0.12468636780977249,0.04740690067410469,0.9814884662628174,1.2002756595611572,0.9796648621559143,19.0,1.1112713813781738,0.3696272671222687,0.33838871121406555,3.7316699028015137,0.07125192880630493,0.823307454586029
2,K,sintetico,0.9664843678474426,0.3585202395915985,0.14147451519966125,0.39341801404953003,0.40647292137145996,1.1050066947937012,4.082777976989746,7.181131362915039,1.9599930047988892,3.0,0.8433455228805542,1.0644221305847168,4.188261032104492,0.6148638725280762,6.8116888999938965,-0.907014787197113,0.020015036687254906,0.15477773547172546,-0.05048319324851036,0.9813429713249207,1.8922959566116333,1.0258362293243408,17.0,1.1693629026412964,0.39158907532691956,-0.4592132270336151,3.8749279975891113,0.07886239141225815,0.7870187163352966
2,K,sintetico,0.9618945121765137,0.33983466029167175,0.14538392424583435,0.3907085955142975,0.4154818654060364,1.1367493867874146,3.7504780292510986,6.544406890869141,1.828270673751831,5.0,0.7663970589637756,0.8359171748161316,4.195265293121338,0.6367785930633545,6.588263511657715,-0.8847454190254211,0.021136485040187836,0.15265320241451263,-0.050255972892045975,0.9756500124931335,1.8970764875411987,1.118594765663147,19.0,1.1080360412597656,0.388626366853714,-0.5773022770881653,3.356860399246216,0.057667430490255356,0.779671311378479
2,K,sintetico,0.9477556347846985,0.3957781195640564,0.1518065631389618,0.3632173538208008,0.4123188853263855,1.1142809391021729,4.476620197296143,6.933718681335449,1.9460021257400513,3.0,0.9247341752052307,0.8935307860374451,4.072578430175781,0.38851287961006165,10.4824800491333,-0.8737540245056152,0.02304523065686226,0.13192683458328247,-0.048177726566791534,0.9681139588356018,1.9330168962478638,0.9097440242767334,16.0,1.1198326349258423,0.3714214265346527,-0.3887437880039215,3.945885181427002,0.04570649191737175,0.8264688849449158
2,K,sintetico,-0.9483806490898132,0.43577080965042114,0.13334301114082336,0.37467923760414124,0.3729701042175293,1.158280849456787,3.2322423458099365,5.203634738922119,1.3756530284881592,3.0,0.6653344631195068,1.0331345796585083,3.8259918689727783,0.08876550197601318,43.102237701416016,0.9161521196365356,0.017780359834432602,0.1403845250606537,0.04577174782752991,0.9834334254264832,1.2501165866851807,1.1836957931518555,19.0,1.1899150609970093,0.3726487457752228,0.005341460928320885,2.982339382171631,0.06143669784069061,0.7969141602516174
2,K,sintetico,-0.9656144976615906,0.36130738258361816,0.14901138842105865,0.3929896652698517,0.40571627020835876,1.1035231351852417,3.4245831966400146,5.470674991607666,1.6507668495178223,4.0,0.8385165929794312,0.9883416891098022,4.292773246765137,0.6391692161560059,6.716176509857178,0.8663589954376221,0.02220439538359642,0.15444089472293854,0.05073393136262894,0.9709741473197937,1.24354887008667,1.2535169124603271,20.0,1.0601255893707275,0.370105117559433,0.4896186888217926,2.8780837059020996,0.07009809464216232,0.8112292885780334
2,K,sintetico,-0.9319047927856445,0.43379122018814087,0.14356625080108643,0.3686692416667938,0.4170095920562744,1.1564409732818604,3.8042259216308594,5.870707035064697,1.6693848371505737,4.0,0.7273909449577332,0.9830051064491272,3.5405161380767822,0.1623982936143875,21.801437377929688,0.9043267369270325,0.020611269399523735,0.13591702282428741,0.04786462336778641,0.9782523512840271,1.2243469953536987,0.9306797981262207,19.0,1.0411090850830078,0.35844510793685913,-0.06961909681558609,3.2169201374053955,0.04861089214682579,0.8123682141304016
2,K,sintetico,-0.9373583793640137,0.43350082635879517,0.15580135583877563,0.3748355507850647,0.5028572678565979,1.146682858467102,3.3087778091430664,5.203474521636963,1.4109933376312256,3.0,0.7141894102096558,0.9409363865852356,3.868053436279297,0.008681432344019413,445.55474853515625,0.8980211615562439,0.024274064227938652,0.1405016928911209,0.05244433507323265,0.9744269847869873,1.2037150859832764,1.1690279245376587,20.0,1.1101025342941284,0.3636988401412964,-0.001723750727251172,2.844682455062866,0.07953556627035141,0.8139709830284119
2,K,sintetico,-0.9277675151824951,0.43788644671440125,0.14852377772331238,0.3548232614994049,0.42227378487586975,1.1227666139602661,3.954003095626831,6.317617893218994,1.637191891670227,4.0,0.9449465274810791,1.1186662912368774,3.2541003227233887,0.34754180908203125,9.363191604614258,0.9303008913993835,0.02205931395292282,0.1258995532989502,0.049026571214199066,0.9823231101036072,1.1924253702163696,0.8229888677597046,14.0,1.121588110923767,0.38253238797187805,-0.27947497367858887,3.6091883182525635,0.050354067236185074,0.7951555252075195
2,K,sintetico,0.9525585174560547,0.3852136731147766,0.14368145167827606,0.3898463845252991,0.40926018357276917,1.1263985633850098,3.6984140872955322,5.676473140716553,1.726147174835205,4.0,0.7941581010818481,0.8715319633483887,4.21500301361084,0.5588655471801758,7.542070388793945,-0.8871960043907166,0.020644357427954674,0.1519802063703537,-0.04969512298703194,0.976520836353302,1.8947043418884277,1.1396784782409668,18.0,1.087569236755371,0.3710794448852539,-0.4576622247695923,3.253859281539917,0.048900388181209564,0.7986149191856384
2,K,sintetico,0.9457468390464783,0.420235812664032,0.15091682970523834,0.3636428713798523,0.43521544337272644,1.1025869846343994,3.3129115104675293,5.502404689788818,1.5359077453613281,4.0,0.7088901996612549,0.9593045711517334,3.9911913871765137,0.3544433116912842,11.26045036315918,-0.9258460402488708,0.022775888442993164,0.13223613798618317,-0.05081027373671532,0.9814291000366211,1.944933533668518,1.2047383785247803,19.0,1.061486005783081,0.36212989687919617,-0.28363218903541565,2.8408122062683105,0.05875641107559204,0.7961457371711731
2,K,sintetico,0.938122570514679,0.43764156103134155,0.15460218489170074,0.37337350845336914,0.4362487494945526,1.11514151096344,3.373556137084961,5.688429355621338,1.5011236667633057,4.0,0.8859065771102905,1.125053882598877,3.225931406021118,0.4573003947734833,7.054294109344482,-0.9143503904342651,0.023901835083961487,0.13940776884555817,-0.05278028920292854,0.9786298274993896,1.9410165548324585,0.9562405943870544,17.0,1.0167021751403809,0.36033201217651367,0.39655637741088867,2.712777614593506,0.04101810231804848,0.8193789124488831
2,K,sintetico,-0.9728485941886902,0.3489186763763428,0.15078893303871155,0.39017438888549805,0.4313277304172516,1.1176289319992065,4.320404529571533,6.7255964279174805,1.9805063009262085,3.0,0.8112489581108093,1.0152431726455688,4.2849812507629395,0.5809148550033569,7.376263618469238,0.88169264793396,0.022737300023436546,0.15223605930805206,0.05187348276376724,0.9734777808189392,1.2330776453018188,0.9918009638786316,17.0,1.1220968961715698,0.3750515580177307,0.5243218541145325,3.6840016841888428,0.050059426575899124,0.809839129447937
2,K,sintetico,0.945821225643158,0.42606645822525024,0.1404704600572586,0.3624613881111145,0.3872144818305969,1.093774437904358,4.687058925628662,7.325432300567627,2.2577574253082275,4.0,0.9692978858947754,0.9560591578483582,3.7426328659057617,0.09805679321289062,38.16801452636719,-0.8773844242095947,0.019731950014829636,0.13137826323509216,-0.04467213526368141,0.9724037647247314,1.9082411527633667,0.7985035181045532,15.0,1.1005151271820068,0.3636482059955597,-0.09782743453979492,4.2723493576049805,0.04127083718776703,0.7856466174125671
2,K,sintetico,-0.9434306621551514,0.41654297709465027,0.14689724147319794,0.3645552098751068,0.41265246272087097,1.1358108520507812,4.189046859741211,7.338927745819092,1.9636340141296387,3.0,0.9096131324768066,1.1724447011947632,3.795177698135376,0.19557146728038788,19.40557861328125,0.9419398307800293,0.021578801795840263,0.13290050625801086,0.05044291168451309,0.9860702753067017,1.2026662826538086,0.905976414680481,14.0,1.1241955757141113,0.36007168889045715,0.15767545998096466,3.7801036834716797,0.041965167969465256,0.7738965153694153
2,K,sintetico,-0.9289884567260742,0.4322142004966736,0.14935071766376495,0.38234785199165344,0.4493979215621948,1.175784707069397,3.103902816772461,5.588271617889404,1.3615111112594604,3.0,0.7300736904144287,1.0120835304260254,3.5721845626831055,0.2624890208244324,13.608890533447266,0.8952682018280029,0.02230563387274742,0.1461898684501648,0.051123324781656265,0.9760987758636475,1.225795030593872,1.1508687734603882,20.0,1.074717402458191,0.3646724820137024,-0.3630332052707672,2.645332098007202,0.06922274082899094,0.7900124192237854
2,K,sintetico,0.9430853128433228,0.4363269805908203,0.15517614781856537,0.37492409348487854,0.45250070095062256,1.1267234086990356,3.508258104324341,5.932553768157959,1.6812242269515991,6.0,0.8862327933311462,0.9336445927619934,3.6635468006134033,0.1675420105457306,21.866437911987305,-0.8943958878517151,0.024079637601971626,0.1405680775642395,-0.05203530937433243,0.9736891984939575,1.9353742599487305,1.0442638397216797,17.0,1.1134896278381348,0.3518570363521576,0.1852719932794571,3.0268702507019043,0.07196734100580215,0.7718949317932129
2,K,sintetico,-0.940031111240387,0.42469796538352966,0.1455984264612198,0.38267767429351807,0.4590153098106384,1.0856224298477173,3.719921827316284,6.459816932678223,1.9223525524139404,5.0,0.8505368232727051,0.9858815670013428,3.2042129039764404,0.5487506985664368,5.839105129241943,0.8572860360145569,0.021198902279138565,0.1464422047138214,0.04776563495397568,0.968869149684906,1.244985818862915,0.8613656163215637,18.0,1.0948675870895386,0.3783283233642578,-0.46961987018585205,3.260817289352417,0.05962948128581047,0.8087977766990662
2,K,sintetico,-0.9600063562393188,0.3532438278198242,0.14102227985858917,0.39057886600494385,0.4262632131576538,1.1343086957931519,5.153817176818848,8.076878547668457,2.120384931564331,3.0,0.9769431948661804,1.1579707860946655,4.344051837921143,0.5370264649391174,8.089083671569824,0.843140721321106,0.019887281581759453,0.15255185961723328,0.04644046351313591,0.9686219692230225,1.265393614768982,0.8428804278373718,15.0,1.1180185079574585,0.39631766080856323,0.48456311225891113,4.645339012145996,0.04994947835803032,0.8070464730262756
2,K,sintetico,-0.9607259631156921,0.3450779318809509,0.14691846072673798,0.3928689658641815,0.4136044383049011,1.103695034980774,3.6003212928771973,6.223392486572266,1.8791168928146362,6.0,0.8134353756904602,0.6739287972450256,4.167313575744629,0.6156975030899048,6.768443584442139,0.9098827242851257,0.02158503420650959,0.1543460190296173,0.05251816287636757,0.9807541966438293,1.2361299991607666,1.1574838161468506,19.0,1.0946842432022095,0.3914603590965271,0.5298518538475037,3.2433838844299316,0.05406960844993591,0.8422468900680542
2,K,sintetico,0.9381101727485657,0.4356079399585724,0.15424692630767822,0.36630189418792725,0.42823851108551025,1.1035270690917969,3.0723001956939697,5.688625335693359,1.4828872680664062,4.0,0.7398868799209595,1.0561341047286987,3.4105098247528076,0.32485926151275635,10.498422622680664,-0.9440088868141174,0.023792114108800888,0.1341770887374878,-0.05333739519119263,0.9856735467910767,1.9549497365951538,1.1100834608078003,19.0,1.0923045873641968,0.3672029376029968,0.20759855210781097,2.7772371768951416,0.04650667682290077,0.7889448404312134
2,K,sintetico,0.9346734881401062,0.44609177112579346,0.14940445125102997,0.3744061589241028,0.4363630414009094,1.1201670169830322,3.73659610748291,5.993660926818848,1.4743635654449463,6.0,0.8796565532684326,0.8268230557441711,3.389193296432495,0.46031495928764343,7.362770080566406,-0.9029004573822021,0.02232169173657894,0.14017997682094574,-0.05050639808177948,0.9770910739898682,1.9250884056091309,0.9070269465446472,18.0,1.1711734533309937,0.3933071196079254,0.42407065629959106,3.4291298389434814,0.08628486841917038,0.7950776815414429
2,K,sintetico,0.962546706199646,0.3574286699295044,0.14101137220859528,0.38820862770080566,0.45647066831588745,1.0856119394302368,4.9392409324646,8.789474487304688,2.2727065086364746,3.0,0.9286008477210999,0.9825594425201416,4.230154037475586,0.5890105962753296,7.181796550750732,-0.8350644111633301,0.019884208217263222,0.15070593357086182,-0.04571295529603958,0.966724157333374,1.8757761716842651,0.8564381003379822,16.0,1.0957918167114258,0.3813900649547577,-0.5483790040016174,4.305117607116699,0.053082216531038284,0.8096112012863159
2,K,sintetico,-0.9594035744667053,0.34368497133255005,0.14218619465827942,0.39114272594451904,0.39549288153648376,1.0951695442199707,4.451068878173828,7.3274993896484375,2.284259557723999,3.0,0.7850342988967896,1.0224841833114624,4.137523651123047,0.5797585248947144,7.136632442474365,0.897471010684967,0.020216913893818855,0.1529926359653473,0.049912936985492706,0.9790958166122437,1.2484580278396606,0.9295572638511658,18.0,1.1890432834625244,0.39713072776794434,0.6452749967575073,4.182901859283447,0.05639728158712387,0.8050546646118164
2,K,sintetico,0.9286210536956787,0.43865838646888733,0.14916235208511353,0.3862575888633728,0.43340063095092773,1.143544316291809,3.2603607177734375,5.158355236053467,1.4348646402359009,3.0,0.712242066860199,0.7720233201980591,3.421902656555176,0.3907181918621063,8.75798225402832,-0.8927541375160217,0.022249406203627586,0.14919492602348328,-0.05143611133098602,0.9759599566459656,1.9113109111785889,1.0495473146438599,19.0,1.1328840255737305,0.380829781293869,0.4678175449371338,2.840283155441284,0.05124961584806442,0.7889426946640015
2,K,sintetico,0.9395415186882019,0.4286033511161804,0.15671774744987488,0.3826550841331482,0.4301576018333435,1.1152839660644531,2.8891775608062744,6.246037006378174,1.718688726425171,6.0,0.7464740872383118,0.7429603338241577,3.1213839054107666,0.5753012895584106,5.425650596618652,-0.9084551334381104,0.024560455232858658,0.14642490446567535,-0.05447900667786598,0.9775328636169434,1.935567021369934,1.0803710222244263,20.0,1.1106282472610474,0.3813871145248413,0.5016829967498779,2.528581142425537,0.04246911406517029,0.8105865120887756
2,K,sintetico,-0.9528006911277771,0.44939953088760376,0.15111404657363892,0.3750232458114624,0.456815242767334,1.1355829238891602,4.2977142333984375,7.293878555297852,1.9134879112243652,5.0,0.8118777871131897,1.0179049968719482,3.836972713470459,0.09114351123571396,42.09814453125,0.8951918482780457,0.02283545583486557,0.140642449259758,0.05073167011141777,0.9749172925949097,1.215296745300293,0.8927938342094421,18.0,1.1762926578521729,0.3654935956001282,-0.05158407613635063,3.7855820655822754,0.05410744994878769,0.7771741151809692
2,K,sintetico,-0.9572607278823853,0.400749146938324,0.1448354572057724,0.3753061592578888,0.43156352639198303,1.126481533050537,4.593514919281006,7.499039173126221,2.2335925102233887,4.0,0.8741710186004639,0.9375437498092651,3.996433734893799,0.4440080523490906,9.000813484191895,0.93247389793396,0.020977308973670006,0.14085470139980316,0.05068707838654518,0.9848275184631348,1.2198151350021362,0.8700165152549744,16.0,1.12080717086792,0.37486371397972107,0.3624454438686371,4.126075744628906,0.061133138835430145,0.7833113670349121
2,K,sintetico,0.9477419853210449,0.43727073073387146,0.14775030314922333,0.3683609962463379,0.4500691294670105,1.0871293544769287,4.360809326171875,7.343672275543213,1.9480801820755005,5.0,1.0141669511795044,1.0233057737350464,3.3366751670837402,0.31494393944740295,10.594505310058594,-0.9135376214981079,0.021830152720212936,0.13568980991840363,-0.04971969500184059,0.9794276356697083,1.929743766784668,0.7651504278182983,14.0,1.0352215766906738,0.36210349202156067,0.22334620356559753,3.6609325408935547,0.05519909784197807,0.8197510838508606
2,K,sintetico,-0.9641247987747192,0.3760201632976532,0.13936789333820343,0.38301947712898254,0.42054808139801025,1.0972750186920166,3.764115571975708,6.237920761108398,1.7224280834197998,3.0,0.7581644058227539,0.9404464960098267,4.253181457519531,0.5294805765151978,8.032743453979492,0.8818449974060059,0.019423408433794975,0.14670391380786896,0.04707343131303787,0.9759239554405212,1.2523645162582397,1.1299285888671875,19.0,1.1005778312683105,0.38458535075187683,0.5880748629570007,3.324422597885132,0.05625574663281441,0.795318603515625
2,K,sintetico,-0.9301695823669434,0.4402698278427124,0.1623837947845459,0.38123390078544617,0.4669547975063324,1.097104787826538,3.1476798057556152,5.196566104888916,1.542178750038147,4.0,0.684964656829834,1.0045077800750732,3.2415506839752197,0.5096459984779358,6.360396385192871,0.9123633503913879,0.02636849507689476,0.14533928036689758,0.056480951607227325,0.9772114753723145,1.191048264503479,1.0298223495483398,19.0,1.149153470993042,0.38781821727752686,-0.3831903636455536,2.85455584526062,0.04948815703392029,0.8071156144142151
2,K,sintetico,0.927448034286499,0.4246295988559723,0.1418333202600479,0.3662959933280945,0.47810569405555725,1.1494852304458618,4.4610700607299805,6.712648391723633,1.825805902481079,4.0,0.8147246241569519,0.9704491496086121,3.711364507675171,0.05181625857949257,71.62548828125,-0.8651432394981384,0.020116688683629036,0.13417275249958038,-0.044946763664484024,0.9697282910346985,1.9045337438583374,0.8319449424743652,17.0,0.9921284914016724,0.3493238687515259,0.001434455392882228,3.678041696548462,0.06618442386388779,0.7819427251815796
2,Ñ,sintetico,-1.0316612720489502,0.34034791588783264,0.06267190724611282,0.18807394802570343,0.21598279476165771,0.5597237944602966,2.2199642658233643,4.182689666748047,0.9881742596626282,3.0,0.9722603559494019,1.1462652683258057,2.024428606033325,0.2766568064689636,7.3174729347229,0.9022789597511292,0.003927767742425203,0.0353718139231205,0.01063511986285448,0.982694149017334,1.2734246253967285,0.9119194746017456,15.0,0.5485165119171143,0.18059276044368744,0.2756754159927368,2.0526649951934814,0.9188575744628906,0.0640658438205719
2,Ñ,sintetico,1.0357993841171265,0.3417055308818817,0.07320797443389893,0.1941950023174286,0.23172666132450104,0.5603037476539612,2.053115129470825,3.5574593544006348,0.9958497881889343,5.0,0.8269607424736023,0.8746410608291626,1.7491317987442017,0.5181557536125183,3.375687599182129,-0.9229678511619568,0.005359407979995012,0.037711698561906815,-0.013121486641466618,0.9833185076713562,1.911551594734192,0.8519404530525208,14.0,0.5335841774940491,0.17599613964557648,-0.3957197964191437,1.798494577407837,0.8788944482803345,0.05303435027599335
2,Ñ,sintetico,1.0346603393554688,0.34972330927848816,0.06452770531177521,0.19657504558563232,0.2039927989244461,0.5633156299591064,1.8101061582565308,3.7246742248535156,0.9571573734283447,4.0,0.8348157405853271,0.9349021315574646,1.8145982027053833,0.5810151100158691,3.1231515407562256,-0.9367687702178955,0.004163824487477541,0.03864175081253052,-0.011882477439939976,0.9890086054801941,1.8725439310073853,1.0024816989898682,20.0,0.5189715027809143,0.1770598143339157,-0.47156623005867004,1.505772352218628,0.9062871932983398,0.043220024555921555
2,Ñ,sintetico,1.028600811958313,0.3295673429965973,0.07274159044027328,0.18965387344360352,0.23373106122016907,0.5699394345283508,1.8010215759277344,3.2184250354766846,0.8910431265830994,3.0,0.6467545032501221,0.7935048341751099,1.7909973859786987,0.5315133929252625,3.3696186542510986,-0.9697431921958923,0.005291339475661516,0.0359685942530632,-0.013378310948610306,0.9932467937469482,1.929416537284851,0.9944341778755188,19.0,0.6064953804016113,0.1902962625026703,-0.6019653081893921,1.7668161392211914,0.89277184009552,0.07541651278734207
2,Ñ,sintetico,-1.0328123569488525,0.32425498962402344,0.056435663253068924,0.1824951469898224,0.18565839529037476,0.5320194959640503,1.9053871631622314,3.357966899871826,0.859521746635437,6.0,0.8449702858924866,0.8893459439277649,2.005396842956543,0.1913679987192154,10.479269981384277,0.953805685043335,0.0031849839724600315,0.03330448269844055,0.009823468513786793,0.992704451084137,1.2818012237548828,1.0524879693984985,17.0,0.513900637626648,0.17785049974918365,0.16304680705070496,1.7486984729766846,0.9183106422424316,0.052336424589157104
2,Ñ,sintetico,-1.0339998006820679,0.33476901054382324,0.07247725874185562,0.2025154083967209,0.27728819847106934,0.6073082685470581,2.116466522216797,3.281964063644409,0.8331719636917114,6.0,0.9004571437835693,0.8446115851402283,2.066140651702881,0.5266865491867065,3.922903537750244,0.9065943956375122,0.005252952687442303,0.041012492030858994,0.013306776992976665,0.9814030528068542,1.2508952617645264,0.9762217998504639,18.0,0.5481877326965332,0.1920599639415741,0.49938932061195374,1.6595772504806519,0.8881376385688782,0.05647094175219536
2,Ñ,sintetico,1.044909119606018,0.3377348482608795,0.07075116038322449,0.18074765801429749,0.23920413851737976,0.5420993566513062,2.0033788681030273,2.8691487312316895,0.726293683052063,5.0,0.8441601991653442,0.8479449152946472,2.0912060737609863,0.2571691870689392,8.131635665893555,-0.9311918020248413,0.005005727056413889,0.03266971558332443,-0.011908181011676788,0.9842029809951782,1.9261949062347412,1.0438395738601685,19.0,0.5920646786689758,0.18976719677448273,-0.24486394226551056,1.903023600578308,0.9151955246925354,0.059304457157850266
2,Ñ,sintetico,-1.0280691385269165,0.373985230922699,0.07550688832998276,0.1823379397392273,0.24130097031593323,0.520473062992096,2.513286828994751,4.004739761352539,1.1455261707305908,4.0,0.9096784591674805,0.9215143322944641,1.6602659225463867,0.4540088176727295,3.656902313232422,0.9274315237998962,0.005701289512217045,0.03324712812900543,0.01276866439729929,0.981883704662323,1.1970067024230957,0.6605954766273499,14.0,0.5261500477790833,0.17739032208919525,0.35331568121910095,2.1548283100128174,0.8340722322463989,0.06141804903745651
2,Ñ,sintetico,1.0328446626663208,0.35361841320991516,0.05476567521691322,0.19271086156368256,0.18550187349319458,0.5353893637657166,2.557631492614746,4.1346821784973145,1.0091469287872314,4.0,0.8739750385284424,1.0106816291809082,1.7724136114120483,0.5198286175727844,3.409611463546753,-0.869270920753479,0.0029992794152349234,0.0371374785900116,-0.009174234233796597,0.9825075268745422,1.817384958267212,0.6929901838302612,14.0,0.5639605522155762,0.1972334086894989,-0.5070521831512451,2.34078049659729,0.8834165930747986,0.04159818962216377
2,Ñ,sintetico,-1.040129542350769,0.3226372301578522,0.06651917845010757,0.1883517950773239,0.20545469224452972,0.5246237516403198,2.3551902770996094,4.863409996032715,1.3324530124664307,6.0,1.2147403955459595,0.9038042426109314,1.986329197883606,0.3032529950141907,6.55007266998291,0.8641159534454346,0.00442480156198144,0.03547639772295952,0.010826515033841133,0.9736939072608948,1.2663323879241943,0.8433837890625,16.0,0.5226987600326538,0.17743812501430511,0.2271474003791809,2.0449888706207275,0.9099820256233215,0.0507323294878006
2,Ñ,sintetico,-1.0346704721450806,0.3438825309276581,0.0681857019662857,0.19330042600631714,0.22437109053134918,0.5346943736076355,1.7905365228652954,3.333530902862549,0.9454108476638794,5.0,0.8436508774757385,0.7656920552253723,1.7675695419311523,0.560101330280304,3.1558029651641846,0.941569983959198,0.004649290349334478,0.037365056574344635,0.012410199269652367,0.9885788559913635,1.2462836503982544,0.9871731400489807,16.0,0.5590817332267761,0.18366919457912445,0.5080448985099792,1.5452969074249268,0.9258016347885132,0.03810742869973183
2,Ñ,sintetico,1.0322017669677734,0.3551405966281891,0.06679421663284302,0.18442748486995697,0.2560437321662903,0.5242674946784973,1.9642677307128906,4.3382568359375,1.067323088645935,6.0,0.7762520909309387,0.7105947732925415,1.719447135925293,0.49967625737190247,3.44112229347229,-0.8982372283935547,0.004461467266082764,0.034013498574495316,-0.011065105907619,0.979372501373291,1.8921805620193481,0.8753629922866821,17.0,0.5502289533615112,0.18682964146137238,-0.5408958792686462,1.7769742012023926,0.9102474451065063,0.07302942126989365
2,Ñ,sintetico,1.0167806148529053,0.36898112297058105,0.06550250947475433,0.1814824938774109,0.20504212379455566,0.584479033946991,2.0707380771636963,3.412144422531128,0.7706848382949829,5.0,0.9259154796600342,0.9162037968635559,1.7654883861541748,0.5575084090232849,3.1667473316192627,-0.8688649535179138,0.0042905788868665695,0.03293589502573013,-0.010328683070838451,0.973676323890686,1.8831839561462402,0.8525890111923218,18.0,0.5735604763031006,0.1792801320552826,-0.41003793478012085,1.8263885974884033,0.8870458602905273,0.04674513638019562
2,Ñ,sintetico,1.0343784093856812,0.32602477073669434,0.06962078809738159,0.20711183547973633,0.24586021900177002,0.5755950808525085,2.4125893115997314,4.792933940887451,1.2422442436218262,6.0,1.2284647226333618,1.2262358665466309,1.933115005493164,0.552748441696167,3.4972782135009766,-0.9207242727279663,0.004847054369747639,0.04289531335234642,-0.013276190496981144,0.9857107996940613,1.8754407167434692,0.8012615442276001,17.0,0.5668492317199707,0.18571987748146057,-0.47186774015426636,1.9735785722732544,0.8752887845039368,0.06519826501607895
2,Ñ,sintetico,1.0318154096603394,0.331767201423645,0.06385243684053421,0.18232393264770508,0.2067374438047409,0.5458115339279175,1.726387858390808,3.1319544315338135,0.7185497283935547,7.0,0.9145312905311584,0.7954369783401489,1.8818833827972412,0.4067564606666565,4.626560688018799,-0.9038003087043762,0.004077133722603321,0.03324201703071594,-0.010521887801587582,0.981512188911438,1.8833162784576416,1.0900698900222778,17.0,0.5290494561195374,0.18634511530399323,-0.36026039719581604,1.5973236560821533,0.8819447159767151,0.03847989812493324
2,Ñ,sintetico,1.0358635187149048,0.35701072216033936,0.07210766524076462,0.1861145943403244,0.2439408153295517,0.5509587526321411,1.9106085300445557,3.416731595993042,0.6886758208274841,9.0,0.9158440828323364,0.7018380761146545,1.9635010957717896,0.5149335265159607,3.8131155967712402,-0.8981398344039917,0.005199515726417303,0.03463864326477051,-0.012053295969963074,0.9770398139953613,1.9138648509979248,1.0276836156845093,20.0,0.5365176796913147,0.1791599541902542,-0.4342099130153656,1.4666433334350586,0.9188923835754395,0.05163922533392906
2,Ñ,sintetico,-1.039679765701294,0.334154337644577,0.06728177517652512,0.18956339359283447,0.20890986919403076,0.5431293845176697,1.8864175081253052,4.152817249298096,1.043826699256897,5.0,0.7884070873260498,0.7936404943466187,1.929036259651184,0.35371142625808716,5.453700542449951,0.9730572700500488,0.004526837728917599,0.03593427687883377,0.012410529889166355,0.9946613311767578,1.236399531364441,1.0225924253463745,18.0,0.5233199000358582,0.18479934334754944,0.3949313759803772,1.5867977142333984,0.89239102602005,0.05330326780676842
2,Ñ,sintetico,1.0314592123031616,0.3601962625980377,0.05960334837436676,0.17725367844104767,0.18197976052761078,0.5507267713546753,1.7502771615982056,3.4053258895874023,0.9200014472007751,6.0,1.0993531942367554,0.9813411831855774,1.6816648244857788,0.40204793214797974,4.1827473640441895,-0.8853647112846375,0.003552559297531843,0.03141886740922928,-0.009353800676763058,0.9794561266899109,1.8664097785949707,0.9607992172241211,16.0,0.5198330283164978,0.1783572882413864,-0.41873595118522644,1.563718318939209,0.9312562346458435,0.0451965257525444
2,Ñ,sintetico,1.0198497772216797,0.3649251461029053,0.07324568927288055,0.1809450089931488,0.2611403167247772,0.5137757658958435,2.107712984085083,3.6833527088165283,0.8875685930252075,6.0,0.8838736414909363,0.7640652656555176,1.756393551826477,0.5052677392959595,3.476163864135742,-0.887151837348938,0.005364930722862482,0.03274109214544296,-0.011757814325392246,0.9728190302848816,1.925639033317566,0.8333171606063843,17.0,0.5315979719161987,0.17894510924816132,-0.5315979719161987,1.7345733642578125,0.8594980239868164,0.05079725384712219
2,Ñ,sintetico,-1.0310139656066895,0.32143330574035645,0.07530900090932846,0.19120629131793976,0.26142558455467224,0.5631838440895081,2.4102327823638916,3.8790643215179443,0.8582565188407898,5.0,0.964878261089325,1.0704292058944702,1.9484041929244995,0.42509180307388306,4.583490371704102,0.9376110434532166,0.005671445745974779,0.03655984252691269,0.0135011812672019,0.9855363965034485,1.2116104364395142,0.808388352394104,14.0,0.5684243440628052,0.18219774961471558,0.349929541349411,2.113896131515503,0.8975948691368103,0.04054543003439903
2,Ñ,sintetico,1.0308096408843994,0.3550080358982086,0.06477051973342896,0.17744989693164825,0.21319350600242615,0.5224131345748901,1.9221450090408325,4.069793701171875,0.9315485954284668,6.0,0.7631071209907532,0.7172678709030151,1.6741700172424316,0.518355131149292,3.229774236679077,-0.8717539310455322,0.004195220302790403,0.03148846700787544,-0.010019523091614246,0.9737731218338013,1.8874565362930298,0.870990514755249,17.0,0.561640739440918,0.17601919174194336,-0.4771895706653595,1.7050755023956299,0.9062578082084656,0.05861431360244751
2,Ñ,sintetico,-1.0174481868743896,0.38607513904571533,0.06032555177807808,0.17173345386981964,0.1809261292219162,0.5252161026000977,2.0768685340881348,3.792806625366211,0.857361912727356,6.0,0.8061374425888062,0.7161162495613098,1.5703178644180298,0.3782525956630707,4.151505947113037,0.8827874064445496,0.003639172064140439,0.02949237823486328,0.009145602583885193,0.9774376749992371,1.2629246711730957,0.7560988068580627,15.0,0.5381582379341125,0.17810986936092377,0.4253074526786804,1.9292935132980347,0.9055062532424927,0.04678184911608696
2,Ñ,sintetico,-1.0353093147277832,0.3286455273628235,0.06739527732133865,0.1954517513513565,0.23892612755298615,0.5649394392967224,1.6241388320922852,3.1162269115448,0.7889686226844788,10.0,1.2021445035934448,0.9022678136825562,1.9998056888580322,0.528410017490387,3.784571886062622,0.8896392583847046,0.004542123060673475,0.03820138797163963,0.011718795634806156,0.9793685674667358,1.2666707038879395,1.2313021421432495,20.0,0.6112577319145203,0.18875834345817566,0.5523918271064758,1.3880592584609985,0.9098812341690063,0.05784410238265991
2,Ñ,sintetico,-1.0326378345489502,0.3726716935634613,0.06227647513151169,0.18399262428283691,0.19670066237449646,0.5307092070579529,1.572414755821228,3.077378034591675,0.8628096580505371,4.0,0.8080242872238159,0.7678925395011902,1.7025567293167114,0.47478824853897095,3.585928440093994,0.9183030128479004,0.0038783594500273466,0.033853285014629364,0.010522294789552689,0.9851133823394775,1.2647383213043213,1.0827656984329224,19.0,0.5201809406280518,0.16681310534477234,0.4393840432167053,1.4489305019378662,0.8877955675125122,0.056850921362638474
2,Ñ,sintetico,1.0343072414398193,0.3354310691356659,0.06394164264202118,0.18077050149440765,0.20118491351604462,0.5239989757537842,1.8870376348495483,3.2914419174194336,0.8913032412528992,7.0,1.0208879709243774,0.895034909248352,1.9656785726547241,0.28781813383102417,6.829585552215576,-0.8911149501800537,0.004088534042239189,0.03267797827720642,-0.010300187394022942,0.9787750244140625,1.8829917907714844,1.041674256324768,17.0,0.535264790058136,0.17227086424827576,-0.30337393283843994,1.6890219449996948,0.917068362236023,0.058885231614112854
2,Ñ,sintetico,-1.0196058750152588,0.38597482442855835,0.0744803324341774,0.18029582500457764,0.2159375101327896,0.5214590430259705,1.797909140586853,4.14226770401001,1.0715059041976929,5.0,0.9151377081871033,0.9480707049369812,1.5493443012237549,0.33167722821235657,4.67124080657959,0.9676392078399658,0.005547320004552603,0.032506585121154785,0.012993937358260155,0.9919426441192627,1.1872694492340088,0.8617478013038635,15.0,0.5469153523445129,0.17163121700286865,0.3759908676147461,1.5694239139556885,0.9021605253219604,0.049898531287908554
2,Ñ,sintetico,-1.0258322954177856,0.33473798632621765,0.06647812575101852,0.1864403933286667,0.22078801691532135,0.5224367380142212,2.1813182830810547,4.045322895050049,1.0363057851791382,5.0,0.8759439587593079,0.8931829929351807,1.6877917051315308,0.5479564070701599,3.0801570415496826,0.9365054368972778,0.004419341217726469,0.034760020673274994,0.011607243679463863,0.9873826503753662,1.2442400455474854,0.7737484574317932,16.0,0.5559041500091553,0.19186267256736755,0.5540295839309692,2.0590078830718994,0.8783800601959229,0.04325776547193527
2,Ñ,sintetico,-1.041136622428894,0.33254295587539673,0.06817236542701721,0.17652153968811035,0.23823949694633484,0.504893958568573,2.572937488555908,4.7644219398498535,1.3208293914794922,7.0,1.0879216194152832,0.7973889112472534,1.877644419670105,0.29580602049827576,6.347553253173828,0.8268263936042786,0.004647471010684967,0.03115985170006752,0.009949938394129276,0.9614617228507996,1.2488576173782349,0.729766845703125,14.0,0.48552414774894714,0.17788688838481903,0.2703563868999481,2.1747114658355713,0.8968355655670166,0.04041362181305885
2,Ñ,sintetico,1.0393272638320923,0.3375914692878723,0.0683835819363594,0.19529525935649872,0.21834737062454224,0.5413205027580261,1.8763654232025146,3.385235071182251,0.845301628112793,5.0,0.7932909727096558,0.9064786434173584,1.835469126701355,0.5283595323562622,3.4739015102386475,-0.9363254308700562,0.004676314070820808,0.03814023733139038,-0.01250461582094431,0.9877080917358398,1.8916975259780884,0.9782044887542725,18.0,0.5672633647918701,0.18540266156196594,-0.5268298983573914,1.614270806312561,0.9027410745620728,0.04217856004834175
2,Ñ,sintetico,1.0427922010421753,0.3297557234764099,0.0684066042304039,0.1872340440750122,0.220244362950325,0.5277708172798157,2.477782726287842,3.8534538745880127,1.1171488761901855,5.0,1.0119435787200928,0.804955005645752,1.9782921075820923,0.326468825340271,6.059666156768799,-0.8682286143302917,0.004679463803768158,0.03505658730864525,-0.011120311915874481,0.9730246067047119,1.886785864830017,0.7984122633934021,15.0,0.5180961489677429,0.1803463101387024,-0.28387442231178284,2.10026478767395,0.8785027861595154,0.07216378301382065
2,Ñ,sintetico,1.0392415523529053,0.3374764621257782,0.05848463997244835,0.19872069358825684,0.20501168072223663,0.5697555541992188,1.6873915195465088,2.8411972522735596,0.7181379795074463,2.0,0.6691911816596985,0.8655784726142883,1.811545491218567,0.5549911260604858,3.2640981674194336,-0.851118803024292,0.0034204532857984304,0.03948991373181343,-0.009891794994473457,0.9789215922355652,1.8216363191604614,1.0735774040222168,17.0,0.5671270489692688,0.19531439244747162,-0.5573696494102478,1.5222407579421997,0.9108628034591675,0.06363949924707413
2,Ñ,sintetico,-1.030958890914917,0.32108813524246216,0.07615228742361069,0.1922486573457718,0.22543027997016907,0.5448291301727295,2.36716628074646,4.254858016967773,1.1969778537750244,5.0,0.9234387278556824,0.9242814779281616,1.9464391469955444,0.3695508539676666,5.267040252685547,0.941997766494751,0.005799171049147844,0.03695954754948616,0.013791012577712536,0.9864343404769897,1.2085176706314087,0.8222655057907104,17.0,0.5301181077957153,0.1753460317850113,0.3624138832092285,1.8982441425323486,0.8998814821243286,0.059649620205163956
2,Ñ,sintetico,1.0331854820251465,0.3694477677345276,0.06086662411689758,0.17860132455825806,0.19161537289619446,0.5277347564697266,1.5802738666534424,2.7995717525482178,0.7542077898979187,6.0,0.7002330422401428,0.7500021457672119,1.6204723119735718,0.45174640417099,3.5871284008026123,-0.8958807587623596,0.003704745788127184,0.031898435205221176,-0.00973899383097887,0.9808866381645203,1.8730801343917847,1.025437593460083,18.0,0.5202054977416992,0.16975362598896027,-0.402047336101532,1.3295060396194458,0.9158263206481934,0.05851291865110397
2,Ñ,sintetico,-1.0349130630493164,0.3673475384712219,0.06505637615919113,0.18341155350208282,0.2106868177652359,0.521565854549408,1.908237099647522,3.438868522644043,0.911486804485321,8.0,1.0042568445205688,0.8607028126716614,1.8609440326690674,0.5598728656768799,3.323868989944458,0.9087844491004944,0.004232332110404968,0.03363979607820511,0.010843698866665363,0.9820924401283264,1.2530765533447266,0.9752163887023926,20.0,0.5334144234657288,0.1782764494419098,0.4846643805503845,1.5932384729385376,0.9092981815338135,0.033632390201091766
2,Ñ,sintetico,1.042620062828064,0.32669904828071594,0.0698389858007431,0.18981032073497772,0.26549723744392395,0.5379231572151184,1.9577351808547974,4.514003753662109,0.985632598400116,7.0,1.0635005235671997,0.9094572067260742,1.9515371322631836,0.4853798747062683,4.020638465881348,-0.8389478325843811,0.0048774839378893375,0.03602795675396919,-0.011121227405965328,0.9667967557907104,1.880837321281433,0.9968340992927551,19.0,0.5584954619407654,0.18408198654651642,-0.4447002112865448,1.6459256410598755,0.8901109099388123,0.04642811417579651
2,Ñ,sintetico,-1.0354607105255127,0.3237932622432709,0.06466048955917358,0.18651629984378815,0.2202325165271759,0.5766121745109558,2.5971200466156006,4.282144546508789,1.1102365255355835,6.0,0.9168155789375305,0.8174560070037842,2.1717395782470703,0.19082365930080414,11.380871772766113,0.9166136384010315,0.004180979449301958,0.034788329154253006,0.011054577305912971,0.984205424785614,1.2580125331878662,0.8362107276916504,17.0,0.5028887391090393,0.1832520216703415,0.21832412481307983,2.1290857791900635,0.8938633799552917,0.06260745972394943
2,Ñ,sintetico,1.0300291776657104,0.3552723824977875,0.06163424625992775,0.1759285181760788,0.18858817219734192,0.5510355234146118,1.2920912504196167,2.811298370361328,0.6336162090301514,6.0,0.8643615245819092,0.8623548746109009,1.6883525848388672,0.45101290941238403,3.7434685230255127,-0.9206875562667847,0.0037987802643328905,0.030950842425227165,-0.00998321920633316,0.9847104549407959,1.8878278732299805,1.3066822290420532,20.0,0.5516967177391052,0.17566165328025818,-0.42786622047424316,1.1718684434890747,0.8889048099517822,0.06821952015161514
2,Ñ,sintetico,1.036157488822937,0.32549625635147095,0.06374996155500412,0.20323674380779266,0.19344355165958405,0.5487657785415649,1.8191953897476196,3.5338268280029297,1.0352972745895386,4.0,0.8159934282302856,0.8276990652084351,1.795223593711853,0.5405874848365784,3.3208751678466797,-0.9398811459541321,0.004064057022333145,0.04130517318844795,-0.012177414260804653,0.990303635597229,1.8603792190551758,0.9868229031562805,17.0,0.554069995880127,0.18396002054214478,-0.4663523733615875,1.5633032321929932,0.8809280395507812,0.05448435619473457
2,Ñ,sintetico,1.0282835960388184,0.3319877088069916,0.06952572613954544,0.19175194203853607,0.20716115832328796,0.5121577978134155,1.913464069366455,3.7859737873077393,0.9762693643569946,8.0,1.0352740287780762,1.0301096439361572,1.7945512533187866,0.5154515504837036,3.481513023376465,-0.926543116569519,0.004833826329559088,0.03676880896091461,-0.012352388352155685,0.9850291013717651,1.900012493133545,0.9378547072410583,18.0,0.5053732991218567,0.18370769917964935,-0.40775036811828613,1.5981546640396118,0.906147301197052,0.06041665002703667
2,Ñ,sintetico,-1.0307735204696655,0.3575882017612457,0.05919640511274338,0.18139424920082092,0.19915859401226044,0.5124258995056152,2.248076915740967,5.0138468742370605,1.1188650131225586,3.0,0.7246937155723572,0.9574766755104065,1.5960649251937866,0.5063888430595398,3.1518566608428955,0.9533778429031372,0.00350421410985291,0.032903872430324554,0.010237263515591621,0.9919502139091492,1.2666364908218384,0.7099690437316895,15.0,0.5481645464897156,0.18040890991687775,0.5369983911514282,2.2299022674560547,0.9013295769691467,0.045300643891096115
2,Ñ,sintetico,-1.0438361167907715,0.3260636627674103,0.07532402127981186,0.20172663033008575,0.23731854557991028,0.5600635409355164,2.2853024005889893,4.090641498565674,1.03342866897583,4.0,0.9500749707221985,1.1700743436813354,1.856705665588379,0.5272942781448364,3.5211942195892334,0.9357782602310181,0.0056737083941698074,0.04069363325834274,0.014219020493328571,0.9862803816795349,1.229772686958313,0.8124551773071289,14.0,0.5481151342391968,0.18446137011051178,0.38098809123039246,2.038869619369507,0.9243853092193604,0.048868391662836075
2,Ñ,sintetico,1.0163099765777588,0.37447959184646606,0.06294478476047516,0.18602696061134338,0.20071157813072205,0.5427476763725281,2.325594663619995,3.85970139503479,0.8628743290901184,6.0,0.9585951566696167,0.714591383934021,1.7350562810897827,0.43275052309036255,4.009368419647217,-0.8441817760467529,0.003962046001106501,0.03460603207349777,-0.00988488458096981,0.9720091819763184,1.8572731018066406,0.7460699081420898,14.0,0.563903272151947,0.1908121407032013,-0.3757151961326599,1.9621572494506836,0.8933398723602295,0.06714724749326706
2,Ñ,sintetico,-1.0337406396865845,0.3337543308734894,0.0703205019235611,0.17690390348434448,0.2269132286310196,0.5299888849258423,2.0708417892456055,3.33243465423584,0.9052881598472595,7.0,1.0011173486709595,0.8900982737541199,2.061453104019165,0.22720280289649963,9.073184967041016,0.9231790900230408,0.0049449726939201355,0.031294990330934525,0.01148432120680809,0.9819576144218445,1.212324619293213,0.9954662322998047,17.0,0.5037031173706055,0.17099449038505554,0.22000370919704437,1.651550054550171,0.9441784024238586,0.06135936826467514
2,Ñ,sintetico,1.0247830152511597,0.3684072494506836,0.060492370277643204,0.17247435450553894,0.18159730732440948,0.5072342753410339,1.3576066493988037,2.4052045345306396,0.6461269855499268,7.0,0.8543141484260559,0.71805340051651,1.5835587978363037,0.39995914697647095,3.959301471710205,-0.900193989276886,0.0036593268159776926,0.029747406020760536,-0.009392067790031433,0.9807837009429932,1.8828169107437134,1.1664341688156128,18.0,0.5416167974472046,0.17800219357013702,-0.3695230185985565,1.3524364233016968,0.9064913392066956,0.04170583188533783
2,Ñ,sintetico,-1.0333871841430664,0.32207751274108887,0.06627784669399261,0.18173429369926453,0.23841144144535065,0.5036386251449585,1.6667566299438477,3.2518508434295654,0.8547430634498596,8.0,1.0460257530212402,0.9820150136947632,1.8309637308120728,0.40245068073272705,4.549535751342773,0.9452269673347473,0.004392752889543772,0.03302735090255737,0.011385218240320683,0.9887101054191589,1.2348904609680176,1.098518967628479,19.0,0.5155304074287415,0.17902584373950958,0.41552025079727173,1.415348768234253,0.9298310875892639,0.04631219059228897
2,Ñ,sintetico,-1.0314488410949707,0.3504464626312256,0.06843751668930054,0.1835757941007614,0.2245415896177292,0.5359878540039062,1.889616847038269,3.1813230514526367,0.724134087562561,3.0,0.798557460308075,0.8757672905921936,1.7876076698303223,0.5263948440551758,3.395944833755493,0.9181219935417175,0.004683693405240774,0.03370007127523422,0.01153479889035225,0.9825833439826965,1.234937310218811,0.9460159540176392,17.0,0.5838190913200378,0.18941621482372284,0.5796346068382263,1.7051774263381958,0.869568407535553,0.05821975693106651
2,Ñ,sintetico,1.0312533378601074,0.3498992919921875,0.061591438949108124,0.18581299483776093,0.1863814741373062,0.5297474265098572,2.2040185928344727,4.162200927734375,1.0387626886367798,5.0,1.0595576763153076,0.9841107130050659,1.7095550298690796,0.40968558192253113,4.17284631729126,-0.899491012096405,0.003793505486100912,0.03452646732330322,-0.010294215753674507,0.9823653101921082,1.8659199476242065,0.7756536602973938,14.0,0.5225532054901123,0.1829671710729599,-0.45493510365486145,1.9339063167572021,0.8800072073936462,0.045744720846414566
2,Ñ,sintetico,1.0309116840362549,0.36758723855018616,0.06399349868297577,0.18677261471748352,0.18126599490642548,0.5749997496604919,1.684528112411499,3.3564436435699463,0.6840996146202087,7.0,0.7562437653541565,0.876354992389679,1.748904824256897,0.4523996114730835,3.8658406734466553,-0.9289916157722473,0.0040951683185994625,0.034884013235569,-0.011103524826467037,0.9867784976959229,1.8832255601882935,1.038216471672058,20.0,0.5186901688575745,0.1619611382484436,-0.3821421265602112,1.3672702312469482,0.8932019472122192,0.0510040819644928
2,Ñ,sintetico,1.045311689376831,0.33141788840293884,0.06613478064537048,0.17715446650981903,0.25403329730033875,0.5078895688056946,1.868927001953125,3.689997673034668,0.9634698629379272,10.0,1.1468026638031006,0.9409578442573547,1.9876885414123535,0.22706717252731323,8.75374698638916,-0.920280396938324,0.004373808857053518,0.031383708119392395,-0.010782071389257908,0.9830019474029541,1.9076722860336304,1.0635453462600708,20.0,0.5948508381843567,0.17303724586963654,-0.14080826938152313,1.7864793539047241,0.8863446116447449,0.054916396737098694
2,Ñ,sintetico,-1.0246038436889648,0.3181286156177521,0.07633879035711288,0.18759824335575104,0.2629674971103668,0.5172763466835022,2.207224130630493,3.9661343097686768,0.9830804467201233,7.0,1.0775405168533325,0.9243834614753723,1.9109058380126953,0.4553510546684265,4.196555137634277,0.911215603351593,0.00582761038094759,0.035193100571632385,0.013049538247287273,0.9784157872200012,1.207509160041809,0.8657507300376892,16.0,0.5209231376647949,0.18103639781475067,0.4243532717227936,1.7354007959365845,0.9097386598587036,0.04650507867336273
2,Q,sintetico,-0.35533687472343445,0.5476741790771484,0.06904450803995132,0.04506195709109306,0.21100223064422607,0.150296151638031,0.8540825247764587,1.3872367143630981,0.340871125459671,15.0,1.8623243570327759,0.6136016249656677,0.9019261598587036,0.022256243973970413,40.524635314941406,-0.17727048695087433,0.004767144098877907,0.002030580071732402,-0.000551538250874728,0.6053436994552612,2.950009822845459,1.056017518043518,18.0,1.490088701248169,0.4930485188961029,-0.5936282277107239,3.5911526679992676,0.3067191243171692,0.0748690813779831
2,Q,sintetico,-0.35520753264427185,0.5439719557762146,0.0750153511762619,0.03490206599235535,0.24407514929771423,0.12033278495073318,0.8988950848579407,1.6175165176391602,0.363655686378479,11.0,1.8947689533233643,1.0051491260528564,0.8191027641296387,0.01012401282787323,80.90692901611328,0.00015030038775876164,0.005627303384244442,0.001218154327943921,3.93515108498832e-07,0.7835278511047363,-3.14150333404541,0.9112328886985779,15.0,1.3406405448913574,0.46738681197166443,-0.408345490694046,3.9403302669525146,0.3047485649585724,0.048930227756500244
2,Q,sintetico,-0.35575032234191895,0.5530083179473877,0.06423631310462952,0.04210202768445015,0.21834732592105865,0.16213193535804749,1.0628093481063843,2.13158917427063,0.4025890529155731,13.0,1.85823392868042,0.8965035080909729,1.1151176691055298,0.022234933450818062,50.15160369873047,-0.28708407282829285,0.004126304294914007,0.0017725807847455144,-0.0007764128968119621,0.6468409299850464,2.8499996662139893,1.0492169857025146,20.0,1.4095280170440674,0.4751511812210083,0.6381754875183105,4.476818084716797,0.33293232321739197,0.057250138372182846
2,Q,sintetico,0.35805293917655945,0.5546213984489441,0.06305281072854996,0.04724610969424248,0.21743106842041016,0.17893095314502716,0.7582182288169861,1.9706721305847168,0.4434131383895874,14.0,1.7594832181930542,0.8975121378898621,0.8753579258918762,0.03967147320508957,22.06517219543457,-0.045854512602090836,0.003975657280534506,0.0022321948781609535,-0.0001366006035823375,0.4427012801170349,3.0638744831085205,1.1544933319091797,19.0,1.416479229927063,0.47650986909866333,0.5195894837379456,3.0739798545837402,0.3268868625164032,0.08224169164896011
2,Q,sintetico,-0.35767698287963867,0.5475571155548096,0.07728278636932373,0.04679068922996521,0.23774832487106323,0.14474840462207794,0.9220190644264221,1.6096429824829102,0.3822455406188965,9.0,1.3348844051361084,0.9304071068763733,0.8340592384338379,0.05608311668038368,14.871842384338379,0.01656441204249859,0.005972628947347403,0.0021893687080591917,5.989881537971087e-05,0.6336498856544495,-3.125765323638916,0.9046008586883545,17.0,1.4252221584320068,0.4799584746360779,-0.31482669711112976,4.360801696777344,0.28298789262771606,0.09053469449281693
2,Q,sintetico,-0.35928377509117126,0.5535722374916077,0.07833215594291687,0.03844354301691055,0.2522001564502716,0.13376931846141815,0.8720719814300537,1.51609206199646,0.38065364956855774,8.0,1.3792484998703003,0.8981560468673706,0.7204866409301758,0.08201246708631516,8.785086631774902,0.09987497329711914,0.006135926116257906,0.0014779058983549476,0.000300760060781613,0.7630375623703003,-3.0773797035217285,0.8261779546737671,15.0,1.4399363994598389,0.48919805884361267,-0.6522079706192017,4.310540199279785,0.2893044352531433,0.06244674697518349
2,Q,sintetico,-0.35429829359054565,0.5490537881851196,0.07799095660448074,0.050507802516222,0.25662532448768616,0.19974064826965332,0.7216314077377319,1.1508623361587524,0.31732475757598877,16.0,1.745890736579895,0.8048237562179565,0.9509414434432983,0.07813465595245361,12.17054557800293,-0.10179849714040756,0.006082589738070965,0.0025510380510240793,-0.0004009997355751693,0.5910146832466125,3.0299386978149414,1.3177661895751953,20.0,1.3562930822372437,0.4620429575443268,-0.0055211009457707405,3.001993417739868,0.34629344940185547,0.0627174898982048
2,Q,sintetico,0.344588041305542,0.550507664680481,0.0769721120595932,0.04238477349281311,0.23147329688072205,0.12076995521783829,0.9559162855148315,1.6458417177200317,0.37591299414634705,9.0,1.3829165697097778,0.8407694101333618,0.7227190136909485,0.09588000923395157,7.537744522094727,-0.041493650525808334,0.005924705881625414,0.0017964690923690796,-0.00013537077757064253,0.6977580785751343,3.1088480949401855,0.7560483813285828,15.0,1.4159975051879883,0.4890671670436859,0.6191598773002625,4.838699817657471,0.27848851680755615,0.07774282991886139
2,Q,sintetico,-0.3638114035129547,0.53334641456604,0.07054448872804642,0.044043995440006256,0.2341589629650116,0.14062951505184174,0.8866031765937805,1.6835181713104248,0.4688427150249481,12.0,1.3951970338821411,0.8759896755218506,0.8099834322929382,0.05384732782840729,15.042222023010254,0.021325644105672836,0.004976524505764246,0.0019398733275011182,6.626007234444842e-05,0.610598623752594,-3.119786262512207,0.913580596446991,19.0,1.397304892539978,0.4861268997192383,-0.7198717594146729,3.6956984996795654,0.31684496998786926,0.0644804984331131
2,Q,sintetico,0.35326123237609863,0.5518670082092285,0.07375118136405945,0.04554419592022896,0.25904184579849243,0.16006548702716827,0.8479631543159485,2.026052236557007,0.3979554772377014,11.0,1.6218963861465454,0.9187053442001343,0.9287148714065552,0.0615977980196476,15.077079772949219,-0.04150227829813957,0.005439236760139465,0.002074273768812418,-0.00013940359349362552,0.6201087832450867,3.1002590656280518,1.095230221748352,17.0,1.3837207555770874,0.4735866189002991,0.5924572348594666,3.3282034397125244,0.3213368058204651,0.047424376010894775
2,Q,sintetico,0.3568945527076721,0.5562563538551331,0.08212113380432129,0.035189252346754074,0.2734009027481079,0.10110177844762802,0.8088434934616089,1.5104155540466309,0.4137920141220093,8.0,1.4330456256866455,0.9763793349266052,0.735205888748169,0.06405551731586456,11.477635383605957,-0.1718437671661377,0.006743880920112133,0.0012382835848256946,-0.0004965909174643457,0.824131429195404,3.0523550510406494,0.9089593887329102,15.0,1.4299681186676025,0.46609339118003845,0.20797911286354065,4.42176628112793,0.2967036962509155,0.05209597945213318
2,Q,sintetico,-0.35972729325294495,0.5612894892692566,0.06648340821266174,0.0494045726954937,0.21224620938301086,0.17920289933681488,1.043348789215088,1.8616721630096436,0.4340295195579529,13.0,1.7488856315612793,0.7639092803001404,0.8341875672340393,0.06125439703464508,13.61841106414795,-0.06620585918426514,0.004420043434947729,0.002440811600536108,-0.00021745871345046908,0.45603299140930176,3.0334413051605225,0.7995290160179138,15.0,1.370678186416626,0.47535085678100586,-0.7502755522727966,4.2786993980407715,0.3002471625804901,0.06080009415745735
2,Q,sintetico,-0.35912615060806274,0.5514246225357056,0.0733494982123375,0.03436264023184776,0.2509838044643402,0.15059706568717957,0.8028484582901001,1.6431535482406616,0.38975316286087036,14.0,1.8997327089309692,0.8506428599357605,0.9463689923286438,0.03965724632143974,23.86370849609375,-0.3927197754383087,0.005380148999392986,0.00118079106323421,-0.0009898432763293386,0.828774094581604,2.921328544616699,1.1787642240524292,20.0,1.3971548080444336,0.47100967168807983,0.5242403149604797,3.9349780082702637,0.32583698630332947,0.0511193685233593
2,Q,sintetico,-0.35447660088539124,0.5458860993385315,0.07590017467737198,0.03922725096344948,0.2331933081150055,0.11690016090869904,1.056281328201294,2.0868797302246094,0.5899364352226257,10.0,1.664601445198059,0.8419539928436279,0.7337024211883545,0.007305164821445942,100.43611907958984,-0.1334211379289627,0.005760836414992809,0.001538777258247137,-0.00039724214002490044,0.7409871816635132,3.0485928058624268,0.6946089267730713,14.0,1.4448609352111816,0.48043128848075867,-0.5198479890823364,5.251587390899658,0.3132619559764862,0.0534120611846447
2,Q,sintetico,0.36384862661361694,0.5467454195022583,0.05883614718914032,0.054662466049194336,0.2019072026014328,0.1709987223148346,0.7273831963539124,1.4016681909561157,0.3322952389717102,14.0,1.771226406097412,0.8203322291374207,0.7977746725082397,0.0065343682654201984,122.08903503417969,0.19570238888263702,0.003461692249402404,0.0029879852663725615,0.0006294041522778571,0.34510505199432373,-2.5361554622650146,1.096773624420166,19.0,1.4450207948684692,0.4810640215873718,0.623464822769165,3.4256601333618164,0.3195364475250244,0.04604166001081467
2,Q,sintetico,-0.3580606281757355,0.5446924567222595,0.06263367086648941,0.03374801576137543,0.20307379961013794,0.13686813414096832,0.7840720415115356,1.4048328399658203,0.3247763514518738,14.0,1.719678282737732,0.5313684940338135,0.7292776703834534,0.04124170541763306,17.683015823364258,-0.08973327279090881,0.003922976553440094,0.0011389285791665316,-0.00018967478536069393,0.7138944268226624,3.073880434036255,0.9301156997680664,16.0,1.3717985153198242,0.47734335064888,0.7051698565483093,4.998301029205322,0.3021236062049866,0.04152281954884529
2,Q,sintetico,-0.36521297693252563,0.5645855665206909,0.08038768917322159,0.036632977426052094,0.25062453746795654,0.13847310841083527,1.0372130870819092,2.0445783138275146,0.56990647315979,13.0,1.8126909732818604,0.7759272456169128,0.8520037531852722,0.03852928429841995,22.113147735595703,0.08446865528821945,0.006462180055677891,0.0013419750612229109,0.0002487467136234045,0.7945829033851624,-3.093163251876831,0.8214355707168579,17.0,1.4181534051895142,0.4602007269859314,0.12329976260662079,5.310514450073242,0.33021241426467896,0.05356511101126671
2,Q,sintetico,0.3629322648048401,0.5458815097808838,0.07878296822309494,0.04296291992068291,0.2548089325428009,0.13534849882125854,0.6981650590896606,1.6097153425216675,0.34735873341560364,11.0,1.268633246421814,0.8656821250915527,0.796536922454834,0.061042625457048416,13.048863410949707,-0.08104030042886734,0.006206756457686424,0.0018458124250173569,-0.0002743008662946522,0.7061947584152222,3.07902193069458,1.1409004926681519,19.0,1.3936960697174072,0.45928141474723816,-0.5491281151771545,4.031894207000732,0.3101711571216583,0.06327761709690094
2,Q,sintetico,-0.36334049701690674,0.5479319095611572,0.07621638476848602,0.04081468656659126,0.27361825108528137,0.14474721252918243,0.8740925192832947,1.7365247011184692,0.49536699056625366,12.0,1.6310923099517822,0.7683103084564209,0.8123216032981873,0.023638218641281128,34.36475372314453,-0.09404708445072174,0.005808937828987837,0.0016658385284245014,-0.00029255676781758666,0.7177658677101135,3.071443557739258,0.9293314218521118,15.0,1.3978326320648193,0.4845140874385834,-0.6837397217750549,3.7439873218536377,0.30249980092048645,0.041911978274583817
2,Q,sintetico,0.35259369015693665,0.5577777624130249,0.07571907341480255,0.04600311070680618,0.245888814330101,0.1598581224679947,1.1814192533493042,1.9176844358444214,0.30307677388191223,9.0,1.616937279701233,0.8817353248596191,0.934084415435791,0.061139751225709915,15.277857780456543,-0.11976003646850586,0.005733378231525421,0.0021162861958146095,-0.00041716170380823314,0.6421300768852234,3.0282444953918457,0.7906460165977478,14.0,1.4025523662567139,0.45836082100868225,-0.3213989734649658,5.794741153717041,0.3351742923259735,0.043237991631031036
2,Q,sintetico,-0.3558880090713501,0.5558801293373108,0.07795149087905884,0.0434139259159565,0.24406689405441284,0.15115560591220856,0.9057298302650452,1.731198787689209,0.44530895352363586,16.0,1.6735568046569824,0.7098082900047302,0.881388783454895,0.0032725795172154903,269.3254089355469,0.028055263683199883,0.006076435092836618,0.0018847690662369132,9.494407277088612e-05,0.6902865171432495,-3.11895751953125,0.9731254577636719,19.0,1.4587076902389526,0.47873446345329285,-0.6337819695472717,3.77081561088562,0.27838361263275146,0.05460240691900253
2,Q,sintetico,0.357633501291275,0.5444478392601013,0.07102920114994049,0.03494678810238838,0.20947900414466858,0.12133251875638962,0.6822870373725891,1.406648874282837,0.3561858534812927,12.0,1.6442831754684448,0.9422025680541992,0.8626822233200073,0.03877155855298042,22.25038719177246,0.05443063750863075,0.005045147612690926,0.0012212781002745032,0.00013511005090549588,0.7591028809547424,-3.1063179969787598,1.2643977403640747,20.0,1.3817647695541382,0.4659624397754669,0.20935353636741638,3.0276074409484863,0.34701472520828247,0.04639635235071182
2,Q,sintetico,-0.3492569029331207,0.5402753353118896,0.07426176965236664,0.046296246349811554,0.24674290418624878,0.16809628903865814,0.9981867074966431,1.748579978942871,0.39214426279067993,14.0,1.9432363510131836,0.8158625364303589,1.0573770999908447,0.06815783679485321,15.513652801513672,-0.05672016367316246,0.005514810793101788,0.0021433422807604074,-0.00019500625785440207,0.6141729354858398,3.0840084552764893,1.0592979192733765,18.0,1.4145811796188354,0.46867823600769043,-0.4372384548187256,3.600857973098755,0.30535921454429626,0.05020890384912491
2,Q,sintetico,0.3531453609466553,0.5405483841896057,0.06931053847074509,0.035999927669763565,0.21709318459033966,0.1321851909160614,0.851260781288147,1.865002989768982,0.4783723056316376,12.0,1.6713578701019287,0.8175687193870544,0.6775460243225098,0.02832736447453499,23.918426513671875,-0.15615549683570862,0.004803950898349285,0.00129599473439157,-0.0003896351845469326,0.7414247989654541,3.0322957038879395,0.795932412147522,16.0,1.4559413194656372,0.4884820878505707,-0.592897355556488,6.13425874710083,0.3132326006889343,0.04580802842974663
2,Q,sintetico,-0.36284497380256653,0.5385662913322449,0.07501187920570374,0.040902215987443924,0.231893852353096,0.18241719901561737,0.8802916407585144,2.2216145992279053,0.4798901677131653,15.0,1.708983063697815,0.7549059391021729,0.8698912858963013,0.025897329673171043,33.59000015258789,0.16974222660064697,0.00562678137794137,0.0016729914350435138,0.0005207949434407055,0.718040406703949,-3.012798547744751,0.9881853461265564,19.0,1.4004504680633545,0.4717872142791748,-0.16507329046726227,4.128026962280273,0.2998686134815216,0.04478324204683304
2,Q,sintetico,0.35765451192855835,0.5524245500564575,0.06963904201984406,0.03735018149018288,0.21532832086086273,0.10831530392169952,0.6434323787689209,1.3286924362182617,0.30352991819381714,11.0,1.53179931640625,1.005476713180542,0.7403605580329895,0.034451376646757126,21.490013122558594,-0.16513089835643768,0.004849596414715052,0.0013950360007584095,-0.0004295105754863471,0.7261564135551453,3.019732713699341,1.1506422758102417,19.0,1.3504935503005981,0.45926564931869507,-0.47540560364723206,3.902878761291504,0.33555683493614197,0.06344645470380783
2,Q,sintetico,-0.35223010182380676,0.5482953786849976,0.07522338628768921,0.03810073062777519,0.24958224594593048,0.14465337991714478,0.8241244554519653,1.5114425420761108,0.3090527057647705,10.0,1.5517994165420532,1.0002447366714478,0.8532887101173401,0.028095774352550507,30.370712280273438,0.10035229474306107,0.005658557638525963,0.0014516656519845128,0.00028761630528606474,0.7477879524230957,-3.073646068572998,1.0353881120681763,16.0,1.4316813945770264,0.48118436336517334,-0.5242446660995483,3.52286958694458,0.281811386346817,0.06650996208190918
2,Q,sintetico,-0.3501102030277252,0.5528524518013,0.0833360105752945,0.047631457448005676,0.27794310450553894,0.1549428254365921,0.9657192230224609,1.8138246536254883,0.4406649172306061,12.0,1.489104986190796,0.9662386178970337,0.9272861480712891,0.03228502348065376,28.721866607666016,0.08561296761035919,0.006944890134036541,0.0022687555756419897,0.0003398334083613008,0.677996814250946,-3.0694239139556885,0.9602026343345642,17.0,1.4118552207946777,0.47781381011009216,-0.46648579835891724,3.733175754547119,0.2764686942100525,0.06501945853233337
2,Q,sintetico,-0.34655454754829407,0.5506674647331238,0.06908832490444183,0.04221546649932861,0.20725256204605103,0.141293466091156,0.7934490442276001,1.9975210428237915,0.551978588104248,9.0,1.5856167078018188,1.163732886314392,0.6783127188682556,0.043773699551820755,15.495896339416504,-0.2624700963497162,0.00477319722995162,0.001782145700417459,-0.0007655192748643458,0.6777547597885132,2.9050421714782715,0.8548913598060608,16.0,1.3999385833740234,0.4908294677734375,0.7212874293327332,5.6085309982299805,0.3107209801673889,0.04604218527674675
2,Q,sintetico,-0.35220301151275635,0.557544469833374,0.07999350130558014,0.025281570851802826,0.23197785019874573,0.09535722434520721,0.8102201223373413,2.1427338123321533,0.5000996589660645,8.0,1.3043900728225708,0.9469217658042908,0.5928406715393066,0.028509851545095444,20.79423713684082,0.20665429532527924,0.00639896048232913,0.0006391578353941441,0.000417929666582495,0.9052762389183044,-3.069535970687866,0.7317031621932983,14.0,1.4526604413986206,0.47651535272598267,0.38315433263778687,6.192479133605957,0.29078757762908936,0.06657838821411133
2,Q,sintetico,-0.3504873514175415,0.5483010411262512,0.07846098393201828,0.04716487228870392,0.2578136920928955,0.15070217847824097,0.8621116876602173,1.8058727979660034,0.4083358347415924,12.0,1.4766736030578613,0.9012816548347473,0.849989116191864,0.06588571518659592,12.900962829589844,0.21396394073963165,0.006156125571578741,0.0022245252039283514,0.0007917954353615642,0.6717612743377686,-2.9501399993896484,0.985938549041748,18.0,1.348807454109192,0.47604987025260925,-0.6518710255622864,3.3301103115081787,0.31243592500686646,0.05075967311859131
2,Q,sintetico,0.3728531002998352,0.5506200790405273,0.07502078264951706,0.04479064419865608,0.23396162688732147,0.15825779736042023,0.9416025876998901,2.0955421924591064,0.5336913466453552,15.0,1.9489195346832275,0.9804757237434387,1.0945998430252075,0.04426939785480499,24.72587776184082,-0.013198609463870525,0.0056281182914972305,0.002006201772019267,-4.435035225469619e-05,0.643670380115509,3.129350185394287,1.162485957145691,20.0,1.3932451009750366,0.4772419035434723,0.4584536850452423,3.152100086212158,0.3158704936504364,0.034815315157175064
2,Q,sintetico,-0.355686217546463,0.5557939410209656,0.07107389718294144,0.032753873616456985,0.22568275034427643,0.10832999646663666,0.7384666800498962,1.6217454671859741,0.31925731897354126,16.0,1.9826933145523071,0.889906644821167,0.905168354511261,0.010460437275469303,86.53255462646484,0.0501503050327301,0.005051498766988516,0.0010728162014856935,0.0001167471709777601,0.7884451150894165,-3.1122829914093018,1.2257403135299683,20.0,1.3396316766738892,0.4527495801448822,0.10437504202127457,3.3471641540527344,0.31525686383247375,0.05218135192990303
2,Q,sintetico,0.355167031288147,0.5489914417266846,0.08223012834787369,0.035920318216085434,0.2596083879470825,0.11999739706516266,0.97096848487854,1.6458804607391357,0.337817519903183,12.0,1.4198787212371826,0.9235497117042542,0.9102623462677002,0.08611365407705307,10.570476531982422,0.11263234913349152,0.006761793512851,0.0012902694288641214,0.00033268582774326205,0.8127211332321167,-3.0810866355895996,0.93747878074646,19.0,1.400435447692871,0.4792003631591797,0.5852552056312561,3.6119496822357178,0.3321400582790375,0.05844860151410103
2,Q,sintetico,-0.3699744641780853,0.5490267872810364,0.07904358953237534,0.04609077051281929,0.2357277125120163,0.1607702225446701,0.7143692374229431,1.1975538730621338,0.2781844139099121,9.0,1.193156361579895,0.9248439073562622,0.7798845767974854,0.03400095924735069,22.9371337890625,-0.02471482940018177,0.0062478892505168915,0.00212435913272202,-9.004057210404426e-05,0.6604090332984924,3.1197707653045654,1.0917108058929443,17.0,1.3604239225387573,0.4566303491592407,-0.4000266194343567,3.312256097793579,0.30313462018966675,0.06164923682808876
2,Q,sintetico,0.3601915240287781,0.5458548665046692,0.06898166239261627,0.04129704460501671,0.22085395455360413,0.1394813358783722,1.0015515089035034,1.9221900701522827,0.47185271978378296,15.0,1.7460541725158691,0.8404636383056641,0.9537580609321594,0.00959928147494793,99.35723114013672,-0.03089187853038311,0.004758469294756651,0.0017054458148777485,-8.800288924248889e-05,0.642320990562439,3.112799644470215,0.9522806406021118,19.0,1.3821758031845093,0.45390039682388306,-0.28507736325263977,4.5751848220825195,0.32684195041656494,0.08225661516189575
2,Q,sintetico,-0.3725240230560303,0.5495291948318481,0.07122287899255753,0.05368887260556221,0.20982591807842255,0.1684485226869583,0.9514995813369751,1.7730709314346313,0.5385244488716125,8.0,1.0406392812728882,0.6950361132621765,0.7165318727493286,0.10448478162288666,6.857763290405273,-0.26183000206947327,0.005072697997093201,0.002882495056837797,-0.0010012054117396474,0.5433772206306458,2.7712740898132324,0.7530553340911865,15.0,1.4521713256835938,0.45494258403778076,-0.04292268306016922,5.515690326690674,0.28009575605392456,0.058439016342163086
2,Q,sintetico,0.34924861788749695,0.5554194450378418,0.07806607335805893,0.043955247849226,0.2610802948474884,0.14754752814769745,0.837083101272583,1.6473207473754883,0.43092218041419983,14.0,1.7799056768417358,0.753702700138092,0.9316587448120117,0.051317498087882996,18.154796600341797,-0.07993784546852112,0.006094311363995075,0.0019320639548823237,-0.0002742998185567558,0.6868508458137512,3.07606840133667,1.1129823923110962,18.0,1.3920419216156006,0.486779123544693,0.5327944159507751,3.242619752883911,0.32916146516799927,0.05120941996574402
2,Q,sintetico,0.35727083683013916,0.5391861200332642,0.07596495747566223,0.03471329063177109,0.21343839168548584,0.10349737107753754,0.7223564386367798,1.713104486465454,0.3725130259990692,6.0,0.9260695576667786,0.7168294191360474,0.54179447889328,0.011490418575704098,47.15184783935547,-0.3872796595096588,0.005770674906671047,0.001205012435093522,-0.0010212539928033948,0.835191547870636,2.9312632083892822,0.7500375509262085,14.0,1.4156140089035034,0.47971051931381226,-0.6387153267860413,6.156862735748291,0.29603949189186096,0.027321478351950645
2,Q,sintetico,-0.35732412338256836,0.5553673505783081,0.08120551705360413,0.04273570701479912,0.2369530349969864,0.15725545585155487,1.0159564018249512,2.0875134468078613,0.6185446381568909,10.0,1.3143166303634644,0.9127601385116577,0.7192516922950745,0.022145874798297882,32.477909088134766,-0.08517438918352127,0.006594335660338402,0.00182634056545794,-0.00029558708774857223,0.7265692353248596,3.079913377761841,0.7079553008079529,15.0,1.4228564500808716,0.46434375643730164,0.021044479683041573,5.807595252990723,0.2975112497806549,0.051380399614572525
2,Q,sintetico,0.3578627407550812,0.5418335795402527,0.08185648173093796,0.03532513231039047,0.2363864779472351,0.12835976481437683,1.0517406463623047,2.1413533687591553,0.6437094807624817,11.0,1.9235650300979614,0.8544038534164429,0.9184669852256775,0.03355575352907181,27.371370315551758,-0.007459472399204969,0.006700484082102776,0.0012478649150580168,-2.1569745513261296e-05,0.8137800693511963,3.13763689994812,0.873282790184021,15.0,1.3910236358642578,0.4701569080352783,0.3140433728694916,4.403848171234131,0.2958504855632782,0.03687229007482529
2,Q,sintetico,0.36967891454696655,0.5534935593605042,0.06822402775287628,0.04658464714884758,0.20745278894901276,0.18309347331523895,0.8508442044258118,1.8798452615737915,0.456734836101532,9.0,1.210389494895935,0.654284656047821,0.7239635586738586,0.03332067281007767,21.72715950012207,0.3399459719657898,0.004654517862945795,0.002170129446312785,0.0010804136982187629,0.6508914828300476,-2.7836647033691406,0.8508768081665039,18.0,1.389936923980713,0.461052805185318,-0.11010074615478516,4.899941921234131,0.2917625308036804,0.052564091980457306
2,Q,sintetico,-0.35653382539749146,0.553382396697998,0.07984334230422974,0.03912868723273277,0.2856307029724121,0.1303756684064865,0.834854006767273,1.4115053415298462,0.33035996556282043,13.0,1.4910624027252197,0.8645142912864685,0.8672663569450378,0.036998167634010315,23.440792083740234,0.011738893575966358,0.006374959368258715,0.0015310541493818164,3.6674242437584326e-05,0.7598870992660522,-3.1340219974517822,1.0388239622116089,19.0,1.3844399452209473,0.4868221580982208,-0.5719373822212219,3.4889659881591797,0.3260950744152069,0.08459585160017014
2,Q,sintetico,0.3555049002170563,0.5459535121917725,0.0805325135588646,0.04313136637210846,0.28450697660446167,0.1452307552099228,0.9114195108413696,2.087146282196045,0.49601536989212036,15.0,1.8021209239959717,0.6981947422027588,0.9695456624031067,0.05270165950059891,18.39687156677246,0.1534653604030609,0.006485485937446356,0.0018603147473186255,0.0005330584244802594,0.7250780463218689,-3.0283195972442627,1.0637754201889038,18.0,1.4189724922180176,0.46853435039520264,0.21589788794517517,3.811365842819214,0.28353676199913025,0.07264504581689835
2,Q,sintetico,-0.359748512506485,0.5569489002227783,0.07408782839775085,0.044415999203920364,0.19999364018440247,0.14350642263889313,0.9135320782661438,1.8192182779312134,0.41432008147239685,9.0,1.202394723892212,0.8097265362739563,0.6607866287231445,0.027929021045565605,23.659496307373047,-0.22828033566474915,0.005489006172865629,0.001972781028598547,-0.0007511986768804491,0.6776368021965027,2.939694404602051,0.72333163022995,15.0,1.4319822788238525,0.4618664085865021,0.2788541913032532,6.084074020385742,0.30399850010871887,0.05536830797791481
2,Q,sintetico,-0.36462515592575073,0.5386558175086975,0.07497507333755493,0.03935881704092026,0.28221800923347473,0.12986159324645996,0.8692077994346619,1.7060964107513428,0.3904377520084381,15.0,1.9023590087890625,0.6428163647651672,0.9656942486763,0.047877293080091476,20.17019271850586,-0.1668216437101364,0.005621261894702911,0.0015491165686398745,-0.0004922790685668588,0.737593412399292,3.022979497909546,1.1110050678253174,18.0,1.4160380363464355,0.46515294909477234,-0.20554538071155548,3.630176305770874,0.31866636872291565,0.052595335990190506
2,Q,sintetico,-0.34300127625465393,0.5521300435066223,0.0682297796010971,0.042124275118112564,0.22842392325401306,0.1503351926803589,0.8290953636169434,1.4768891334533691,0.32960569858551025,14.0,1.7378259897232056,0.9088800549507141,0.9215964078903198,0.028123779222369194,32.76929473876953,0.03276443108916283,0.004655302502214909,0.001774454489350319,9.416922694072127e-05,0.6197432279586792,-3.1089510917663574,1.1115686893463135,20.0,1.4332947731018066,0.47904056310653687,-0.6332088708877563,3.148521900177002,0.32554712891578674,0.05451114475727081
2,Q,sintetico,-0.35167166590690613,0.5555245280265808,0.06656614691019058,0.04146089404821396,0.20040515065193176,0.16094782948493958,0.9400833249092102,1.909256100654602,0.3868478834629059,15.0,1.8704434633255005,0.8263372778892517,1.0068244934082031,0.031323641538619995,32.14263916015625,0.08142814040184021,0.004431051667779684,0.0017190058715641499,0.00022473286662716419,0.6178241968154907,-3.059474229812622,1.0709949731826782,20.0,1.3799326419830322,0.45858633518218994,0.13203756511211395,3.993910551071167,0.32547053694725037,0.03928787633776665
2,Q,sintetico,0.3555593192577362,0.5495125651359558,0.07831230759620667,0.04078873619437218,0.2651078402996063,0.15191808342933655,0.912040650844574,1.6517753601074219,0.4277467131614685,13.0,2.1243977546691895,0.8205745816230774,1.0184292793273926,0.027411645278334618,37.153160095214844,-0.002093689516186714,0.0061328173615038395,0.0016637209337204695,-6.687788300041575e-06,0.7287204265594482,3.1400961875915527,1.1166489124298096,18.0,1.4153116941452026,0.45354169607162476,-0.19159190356731415,3.940809965133667,0.2916014492511749,0.06712345778942108
2,Q,sintetico,-0.3618902564048767,0.5472456216812134,0.08106836676597595,0.0471370704472065,0.2744911015033722,0.15341541171073914,0.851378858089447,1.7307668924331665,0.4665111005306244,7.0,1.0858001708984375,0.8573653101921082,0.7886683940887451,0.03488022834062576,22.61075782775879,-0.22865693271160126,0.006572079844772816,0.002221903530880809,-0.0008737724856473505,0.695452868938446,2.950599193572998,0.9263424277305603,15.0,1.4239423274993896,0.4758344292640686,-0.25940367579460144,4.281870365142822,0.29255619645118713,0.05352940782904625
2,X,sintetico,0.20087942481040955,-0.8929641246795654,0.19982664287090302,0.12255032360553741,0.5982049703598022,0.39642104506492615,1.7385295629501343,3.611370325088501,0.8003798127174377,7.0,0.9702728986740112,0.8390600085258484,1.50443696975708,0.054972048848867416,27.367307662963867,-0.9684106707572937,0.039930686354637146,0.015018581412732601,-0.02371523343026638,0.987335205078125,2.5980098247528076,0.8653502464294434,16.0,0.1600894331932068,0.04276972636580467,-0.12174621224403381,0.6149076223373413,0.044809237122535706,0.07153213024139404
2,X,sintetico,-0.19819019734859467,-0.8910049796104431,0.19443272054195404,0.12433268129825592,0.5129454135894775,0.34410637617111206,1.2768042087554932,2.9170689582824707,0.7712404727935791,7.0,1.0160185098648071,0.9356131553649902,1.3738197088241577,0.008862143382430077,155.02114868164062,0.9764466285705566,0.03780408203601837,0.015458616428077221,0.02360495552420616,0.9902219176292419,-2.5772335529327393,1.075982928276062,18.0,0.18277820944786072,0.045985378324985504,-0.010296765714883804,0.875511646270752,0.04151568189263344,0.04750703647732735
2,X,sintetico,0.19526061415672302,-0.8807352781295776,0.20142318308353424,0.127351313829422,0.5904016494750977,0.39854398369789124,2.0480971336364746,3.658043146133423,0.7819077968597412,3.0,0.7492082118988037,0.9263672828674316,1.5185365676879883,0.05958234891295433,25.486351013183594,-0.9829999804496765,0.04057130217552185,0.016218358650803566,-0.025215432047843933,0.9930257797241211,2.5811307430267334,0.7414377927780151,15.0,0.13662147521972656,0.03468751162290573,0.005715938750654459,0.8399578332901001,0.04438544437289238,0.05193818360567093
2,X,sintetico,-0.19049961864948273,-0.896136999130249,0.20543304085731506,0.12422773987054825,0.5945316553115845,0.3527527451515198,1.9309101104736328,3.3788464069366455,0.8694453239440918,5.0,0.7681758403778076,0.9205144643783569,1.4618293046951294,0.026372404769062996,55.430259704589844,0.9826421141624451,0.04220273345708847,0.01543253194540739,0.02507750131189823,0.9931598901748657,-2.601335048675537,0.7570675015449524,16.0,0.13962483406066895,0.043763380497694016,0.03462053835391998,1.0324339866638184,0.042042821645736694,0.032962825149297714
2,X,sintetico,-0.21054553985595703,-0.8881295919418335,0.20684124529361725,0.12044921517372131,0.594630777835846,0.36205393075942993,1.72579026222229,3.3773550987243652,0.8849950432777405,6.0,0.786720871925354,0.5690199732780457,1.4619622230529785,0.05268969014286995,27.746646881103516,0.9749570488929749,0.042783305048942566,0.014508012682199478,0.024289948865771294,0.99046790599823,-2.6197478771209717,0.8471262454986572,15.0,0.15491966903209686,0.04564123600721359,0.07280471175909042,0.7288171052932739,0.04273419454693794,0.0505734458565712
2,X,sintetico,-0.20285433530807495,-0.8855435252189636,0.19437618553638458,0.13027966022491455,0.5509680509567261,0.3934759795665741,1.681984305381775,3.154442548751831,0.8263232707977295,4.0,0.7111391425132751,0.7516862750053406,1.4211437702178955,0.036886315792798996,38.52766799926758,0.9757700562477112,0.03778209909796715,0.01697278767824173,0.024709679186344147,0.9895451664924622,-2.5554656982421875,0.8449209928512573,15.0,0.16079333424568176,0.04082651436328888,-0.04644705727696419,0.840966522693634,0.050058625638484955,0.07066024839878082
2,X,sintetico,-0.20404045283794403,-0.8902041912078857,0.1982734501361847,0.1228853240609169,0.5713720917701721,0.37256482243537903,1.661126971244812,2.670016288757324,0.6638545393943787,6.0,0.9728620052337646,0.7620123028755188,1.47934091091156,0.0212834682315588,69.50657653808594,0.9587733745574951,0.03931236267089844,0.015100803226232529,0.023360414430499077,0.9832620620727539,-2.59525203704834,0.8905646204948425,15.0,0.21169500052928925,0.047138676047325134,0.002205261727795005,0.8863652348518372,0.048730190843343735,0.04258131980895996
2,X,sintetico,-0.20828479528427124,-0.9009743928909302,0.1936367005109787,0.13610590994358063,0.5525152683258057,0.41174447536468506,1.436371088027954,3.208712339401245,0.7132399082183838,5.0,0.7849591970443726,0.7843804359436035,1.4601688385009766,0.005661520641297102,257.91107177734375,0.9866242408752441,0.03749517351388931,0.01852481998503208,0.026002580299973488,0.9940484166145325,-2.5310840606689453,1.0165680646896362,16.0,0.1339198350906372,0.03599995747208595,0.005221908912062645,0.3522931635379791,0.03943726792931557,0.03480058163404465
2,X,sintetico,-0.19503985345363617,-0.902381181716919,0.20237384736537933,0.12401551008224487,0.589889407157898,0.3829677999019623,1.4306915998458862,2.5744237899780273,0.46346303820610046,9.0,1.1219335794448853,0.922478199005127,1.6752748489379883,0.05239043012261391,31.976734161376953,0.9697316884994507,0.04095517098903656,0.015379847027361393,0.02433783747255802,0.9878782629966736,-2.598083734512329,1.1709545850753784,20.0,0.14185850322246552,0.03521616756916046,-0.0022868942469358444,0.6379348039627075,0.03603912517428398,0.057492244988679886
2,X,sintetico,0.20873169600963593,-0.8801535964012146,0.19143156707286835,0.1257043331861496,0.548981249332428,0.3864755630493164,1.474319338798523,3.0770606994628906,0.7009595036506653,10.0,1.1752116680145264,0.8148530721664429,1.4946272373199463,0.015565842390060425,96.01968383789062,-0.9639936685562134,0.0366460457444191,0.015801578760147095,-0.02319733053445816,0.9846529960632324,2.56732439994812,1.0137743949890137,16.0,0.0972825437784195,0.02999059297144413,-0.004994478542357683,0.5436628460884094,0.06182713061571121,0.05871476233005524
2,X,sintetico,0.19852234423160553,-0.8863196969032288,0.19055163860321045,0.11808637529611588,0.5939039587974548,0.38404738903045654,1.3332171440124512,2.748488664627075,0.5543318390846252,9.0,0.9273514151573181,0.6778803467750549,1.5606887340545654,0.03168458491563797,49.25703430175781,-0.9673522710800171,0.03630992770195007,0.013944393023848534,-0.02176692895591259,0.9867803454399109,2.5934882164001465,1.1706185340881348,20.0,0.21725328266620636,0.05298205092549324,-0.04303056746721268,0.9119521975517273,0.056701771914958954,0.045579295605421066
2,X,sintetico,0.20304617285728455,-0.8908055424690247,0.20492979884147644,0.1254245638847351,0.5999639630317688,0.35740360617637634,1.4422144889831543,2.2937095165252686,0.6833232045173645,6.0,0.876543402671814,0.9151246547698975,1.432520866394043,0.05932745710015297,24.145999908447266,-0.9859769344329834,0.041996221989393234,0.015731321647763252,-0.02534279227256775,0.9944170713424683,2.5952422618865967,0.9932786822319031,17.0,0.10206995904445648,0.025753937661647797,0.0004650508635677397,0.5180573463439941,0.07337409257888794,0.0589166022837162
2,X,sintetico,0.2039618194103241,-0.8874691724777222,0.1948675513267517,0.1390191912651062,0.5580161809921265,0.4351157248020172,2.258763551712036,3.6339423656463623,0.8979307413101196,3.0,0.8031653165817261,0.8089671730995178,1.5239391326904297,0.04418618604540825,34.48904037475586,-0.9630935192108154,0.03797336295247078,0.019326336681842804,-0.026090523228049278,0.9832587242126465,2.527799367904663,0.6746784448623657,14.0,0.14404501020908356,0.04042179137468338,-0.021939942613244057,0.796548068523407,0.06078147515654564,0.03856119513511658
2,X,sintetico,-0.20034775137901306,-0.8996699452400208,0.19009223580360413,0.13766376674175262,0.5594796538352966,0.4311552047729492,1.6842339038848877,3.2260444164276123,0.7272771000862122,7.0,1.0255658626556396,0.7764337658882141,1.5457415580749512,0.09895773231983185,15.620219230651855,0.9647691249847412,0.03613505885004997,0.018951313570141792,0.025246862322092056,0.983870804309845,-2.520204544067383,0.9177712798118591,16.0,0.23321108520030975,0.05838039889931679,-0.21689951419830322,1.0603466033935547,0.0711873471736908,0.05224364995956421
2,X,sintetico,-0.19902388751506805,-0.8973538875579834,0.20551961660385132,0.13855598866939545,0.6096547842025757,0.4225771427154541,1.6653417348861694,3.465892791748047,0.856402575969696,10.0,1.0745056867599487,0.7090549468994141,1.647507905960083,0.06281396746635437,26.22836685180664,0.9628361463546753,0.04223831370472908,0.01919776014983654,0.02741769514977932,0.9838170409202576,-2.5550835132598877,0.9892911911010742,18.0,0.16509614884853363,0.047798965126276016,0.09653908014297485,0.873958170413971,0.043768636882305145,0.05263252556324005
2,X,sintetico,-0.19045081734657288,-0.881668746471405,0.20364482700824738,0.12949834764003754,0.5784338712692261,0.3525252640247345,1.5191295146942139,3.01081919670105,0.8372752070426941,9.0,1.007075309753418,0.7259912490844727,1.5149744749069214,0.010433214716613293,145.2068634033203,0.975917398929596,0.0414712131023407,0.01676982082426548,0.025736568495631218,0.9900484681129456,-2.579909324645996,0.9972649216651917,20.0,0.22415310144424438,0.05316838249564171,0.051801085472106934,1.3995002508163452,0.037413738667964935,0.055829040706157684
2,X,sintetico,-0.2028571367263794,-0.8848630785942078,0.1996343582868576,0.13040724396705627,0.5327543616294861,0.42082998156547546,1.540818452835083,3.0734965801239014,0.769914448261261,7.0,0.8215376734733582,0.6996747851371765,1.5079537630081177,0.05762691795825958,26.167524337768555,0.9669297933578491,0.03985387831926346,0.017006048932671547,0.025172825902700424,0.9859789609909058,-2.569207191467285,0.9786706566810608,18.0,0.1764952540397644,0.05432494729757309,-0.05585310608148575,1.1386620998382568,0.05241658538579941,0.057456664741039276
2,X,sintetico,0.19858790934085846,-0.8878494501113892,0.20770730078220367,0.13372047245502472,0.6059843301773071,0.3880584239959717,1.8769432306289673,3.188664674758911,0.7613725066184998,7.0,1.058609962463379,0.8607110381126404,1.6505998373031616,0.07047082483768463,23.422456741333008,-0.9660668969154358,0.043142326176166534,0.017881164327263832,-0.02683223783969879,0.9857836365699768,2.576171398162842,0.8794085383415222,16.0,0.0903291329741478,0.029698677361011505,0.07800906896591187,0.5363743305206299,0.06843312084674835,0.041616201400756836
2,X,sintetico,0.20719732344150543,-0.8926033973693848,0.1960536241531372,0.132344052195549,0.5974742770195007,0.3789335787296295,1.6493642330169678,3.312380313873291,0.929124116897583,5.0,0.7972858548164368,0.727455735206604,1.440948486328125,0.07126691192388535,20.219038009643555,-0.9584059119224548,0.038437023758888245,0.017514947801828384,-0.024867309257388115,0.9818409085273743,2.555294990539551,0.8736387491226196,14.0,0.15695808827877045,0.04002690315246582,0.05813941732048988,0.6500414609909058,0.06741654127836227,0.048387546092271805
2,X,sintetico,-0.1980094313621521,-0.9022318124771118,0.1902635395526886,0.13174736499786377,0.5522343516349792,0.3889971971511841,1.6721206903457642,2.6305172443389893,0.7245150804519653,5.0,0.6921057105064392,0.5788445472717285,1.3809856176376343,0.07696723937988281,17.94251251220703,0.9739673137664795,0.03620021417737007,0.017357366159558296,0.024414164945483208,0.9884824752807617,-2.5403406620025635,0.8258887529373169,15.0,0.2022135704755783,0.05522235482931137,0.06664406508207321,1.264482021331787,0.046321477741003036,0.064681775867939
2,X,sintetico,-0.2003839761018753,-0.8778414726257324,0.20289821922779083,0.12234964221715927,0.6002216935157776,0.3963250517845154,1.3258720636367798,2.302440643310547,0.5347113013267517,8.0,0.8051307797431946,0.6227878332138062,1.5433340072631836,0.02868080884218216,53.81068801879883,0.9674235582351685,0.041167691349983215,0.014969435520470142,0.02401583082973957,0.9871423840522766,-2.605861186981201,1.1640143394470215,18.0,0.17205874621868134,0.044796258211135864,0.02432881109416485,0.6785128116607666,0.046633437275886536,0.0551287904381752
2,X,sintetico,0.2057744264602661,-0.8867774605751038,0.20000804960727692,0.1336607187986374,0.5707740187644958,0.3996581435203552,1.7400734424591064,2.7877650260925293,0.7894541621208191,3.0,0.6104246377944946,0.7414218187332153,1.4163662195205688,0.04991412162780762,28.376062393188477,-0.970591127872467,0.0400032177567482,0.017865188419818878,-0.025947025045752525,0.9873164296150208,2.557807207107544,0.8139691948890686,14.0,0.20209354162216187,0.056855905801057816,0.14444221556186676,1.2341488599777222,0.043420858681201935,0.034025415778160095
2,X,sintetico,-0.1996404528617859,-0.888134241104126,0.20834507048130035,0.1321474015712738,0.5852789282798767,0.3807253837585449,1.4433659315109253,2.782928943634033,0.7169352769851685,6.0,0.7661647200584412,0.6274519562721252,1.4840723276138306,0.01697169616818428,87.44396209716797,0.9868963956832886,0.04340766742825508,0.01746293529868126,0.027171486988663673,0.9946160912513733,-2.5789072513580322,1.0282024145126343,18.0,0.20631563663482666,0.049578480422496796,-0.05252133682370186,0.9967792630195618,0.04341895878314972,0.05491458997130394
2,X,sintetico,0.19736634194850922,-0.8785629272460938,0.20514798164367676,0.11876536905765533,0.6084690093994141,0.34492552280426025,1.2214003801345825,1.9857051372528076,0.47434869408607483,3.0,0.4977506995201111,0.663142204284668,1.429087519645691,0.012382728978991508,115.40974426269531,-0.9905678629875183,0.042085692286491394,0.01410521287471056,-0.024134667590260506,0.9964448809623718,2.6188645362854004,1.170040249824524,18.0,0.19526727497577667,0.04678468406200409,0.0095042884349823,0.835206925868988,0.05824194848537445,0.05209672451019287
2,X,sintetico,-0.20743311941623688,-0.8756346702575684,0.2072395235300064,0.12340700626373291,0.6098576188087463,0.3857753872871399,1.9443737268447876,3.4398033618927,0.9381635785102844,6.0,1.0124388933181763,0.7053333520889282,1.5707225799560547,0.03229725360870361,48.63331604003906,0.9785900712013245,0.042948219925165176,0.015229289419949055,0.025027254596352577,0.991676926612854,-2.609062910079956,0.8078295588493347,16.0,0.12234050035476685,0.03497304767370224,-0.004396595526486635,0.9224808812141418,0.053627874702215195,0.04921625182032585
2,X,sintetico,0.20451514422893524,-0.886921226978302,0.21589645743370056,0.13893601298332214,0.6034601330757141,0.4023900330066681,1.7227567434310913,2.8464131355285645,0.8405769467353821,6.0,1.065604329109192,0.9253327250480652,1.5735416412353516,0.07181011140346527,21.912534713745117,-0.974957287311554,0.04661128297448158,0.0193032156676054,-0.029244618490338326,0.9895423650741577,2.5745999813079834,0.913385808467865,16.0,0.17443956434726715,0.04767768457531929,-0.08453673124313354,0.9991521835327148,0.05387827008962631,0.08187611401081085
2,X,sintetico,-0.19701284170150757,-0.8971027731895447,0.18217046558856964,0.13165804743766785,0.5448746681213379,0.3691292107105255,1.3048853874206543,2.2507166862487793,0.6267526745796204,3.0,0.7112092971801758,0.7807115912437439,1.3365209102630615,0.05773473531007767,23.149337768554688,0.9911840558052063,0.03318608179688454,0.01733384095132351,0.023772764950990677,0.9960119128227234,-2.5171051025390625,1.024243950843811,16.0,0.168697789311409,0.041900523006916046,-0.013486125506460667,0.6844021677970886,0.051674991846084595,0.05316806584596634
2,X,sintetico,0.18858197331428528,-0.8829843997955322,0.20732811093330383,0.13125081360340118,0.6158546209335327,0.3936133086681366,1.3344228267669678,2.3780179023742676,0.48748135566711426,6.0,0.7671718001365662,0.7426295876502991,1.5413810014724731,0.02179969847202301,70.70652770996094,-0.9743441343307495,0.04298494756221771,0.017226774245500565,-0.02651383727788925,0.9894343614578247,2.5822856426239014,1.1550920009613037,18.0,0.15457648038864136,0.03401239216327667,0.031046347692608833,0.5698186755180359,0.05232521891593933,0.06745415925979614
2,X,sintetico,0.19546154141426086,-0.8866833448410034,0.21411946415901184,0.12928862869739532,0.6342535018920898,0.4007296860218048,2.3217639923095703,3.6463022232055664,0.7596009373664856,2.0,0.7134478092193604,0.6698331236839294,1.533070683479309,0.03598031774163246,42.60859298706055,-0.9819854497909546,0.04584714397788048,0.01671554706990719,-0.027184510603547096,0.9929097294807434,2.602137327194214,0.6603042483329773,14.0,0.12793859839439392,0.03551577404141426,0.09653695672750473,0.7451174259185791,0.055367425084114075,0.04858780279755592
2,X,sintetico,0.19380173087120056,-0.8876193761825562,0.21324624121189117,0.12345703691244125,0.6068564057350159,0.38530784845352173,1.4178386926651,2.7450969219207764,0.6329737901687622,6.0,0.8813371062278748,0.7332119345664978,1.5358916521072388,0.008380139246582985,183.27757263183594,-0.9733452796936035,0.04547395929694176,0.01524163968861103,-0.025625016540288925,0.9899100065231323,2.622673988342285,1.0832626819610596,17.0,0.16468274593353271,0.04571497067809105,0.027849124744534492,0.8240037560462952,0.07248694449663162,0.04913315176963806
2,X,sintetico,0.19045744836330414,-0.8880985379219055,0.19613708555698395,0.1285446584224701,0.5574986338615417,0.3781404197216034,1.3961660861968994,3.161468267440796,0.7595778107643127,10.0,0.9418255090713501,0.6113311052322388,1.480624794960022,0.056876495480537415,26.03227996826172,-0.9803215861320496,0.03846975788474083,0.016523730009794235,-0.02471623569726944,0.9916720986366272,2.5651042461395264,1.0604933500289917,20.0,0.12732473015785217,0.03200214356184006,-0.046482183039188385,0.7099520564079285,0.04237164556980133,0.04994293302297592
2,X,sintetico,-0.19879372417926788,-0.8962898850440979,0.18892157077789307,0.1359025239944458,0.5379198789596558,0.3846406042575836,1.6564176082611084,2.6781201362609863,0.6864198446273804,4.0,0.9616867899894714,0.8288809657096863,1.455447793006897,0.043444182723760605,33.50156021118164,0.9834374785423279,0.035691358149051666,0.018469495698809624,0.025249676778912544,0.9925066232681274,-2.5205259323120117,0.8786720037460327,16.0,0.16659505665302277,0.04515321925282478,0.04450807720422745,0.902126133441925,0.048045095056295395,0.03206754848361015
2,X,sintetico,0.19422072172164917,-0.8931192755699158,0.1988516002893448,0.13217927515506744,0.5631719827651978,0.4278368353843689,1.591016173362732,3.34108567237854,0.801971435546875,8.0,0.8427007794380188,0.717829167842865,1.5536434650421143,0.008717061951756477,178.23016357421875,-0.979199230670929,0.039541956037282944,0.01747135818004608,-0.025737330317497253,0.9910935759544373,2.558722734451294,0.9765101671218872,19.0,0.16039904952049255,0.03892287611961365,-0.0004297999257687479,0.8253186941146851,0.038404107093811035,0.06879539787769318
2,X,sintetico,0.204481303691864,-0.8931989669799805,0.1986912488937378,0.14019453525543213,0.5340110063552856,0.40497884154319763,1.4709607362747192,2.725090742111206,0.8101055026054382,6.0,0.7028610110282898,0.7404425740242004,1.4130139350891113,0.020652959123253822,68.4170150756836,-0.9925105571746826,0.03947821259498596,0.01965450681746006,-0.027646804228425026,0.9966664910316467,2.528315544128418,0.9606061577796936,18.0,0.1346314698457718,0.034832391887903214,0.03257149085402489,0.7593539953231812,0.05725919455289841,0.0621219202876091
2,X,sintetico,-0.20174959301948547,-0.8964410424232483,0.18728385865688324,0.13305728137493134,0.5452198386192322,0.39889290928840637,1.9544169902801514,3.162968635559082,0.8369194269180298,5.0,0.7742897272109985,0.7964354753494263,1.3775243759155273,0.06608804315328598,20.84377670288086,0.9748695492744446,0.035075243562459946,0.01770423911511898,0.024293242022395134,0.988684892654419,-2.52787709236145,0.7048262357711792,15.0,0.15306508541107178,0.04534059390425682,-0.05460858717560768,1.2129054069519043,0.06024491786956787,0.05936608463525772
2,X,sintetico,0.19844919443130493,-0.8799983859062195,0.2075602263212204,0.133008673787117,0.5932334065437317,0.36378225684165955,1.7110053300857544,3.956387996673584,1.0084360837936401,5.0,0.879889726638794,0.7797569632530212,1.5083284378051758,0.06041819229722023,24.964807510375977,-0.9739423990249634,0.04308125004172325,0.01769130676984787,-0.026887930929660797,0.9891539216041565,2.576752185821533,0.8815451860427856,17.0,0.15000174939632416,0.03780294954776764,0.047628846019506454,0.6803573966026306,0.0596160888671875,0.05057594180107117
2,X,sintetico,-0.2041049301624298,-0.8778217434883118,0.2009444385766983,0.12321949005126953,0.5832074880599976,0.31992006301879883,1.607588291168213,3.732146978378296,0.9333641529083252,4.0,0.7862200140953064,0.7866389751434326,1.365136981010437,0.04193028807640076,32.55730056762695,0.9837629199028015,0.040378671139478683,0.015183043666183949,0.0243582371622324,0.9935201406478882,-2.594846487045288,0.849183201789856,14.0,0.11643014848232269,0.031944047659635544,-0.014885802753269672,0.6291446089744568,0.04371754452586174,0.047474659979343414
2,X,sintetico,0.192474365234375,-0.8821980357170105,0.1964130997657776,0.11179666221141815,0.5681378841400146,0.33657512068748474,1.676459789276123,3.147111415863037,0.779688835144043,8.0,1.0722063779830933,0.7444396615028381,1.5024601221084595,0.07546509057283401,19.909337997436523,-0.9579581618309021,0.038578107953071594,0.012498494237661362,-0.02103516086935997,0.9843048453330994,2.6336581707000732,0.8962100148200989,16.0,0.1197746992111206,0.03607453405857086,-0.014016120694577694,0.7230149507522583,0.06410180032253265,0.0806012749671936
2,X,sintetico,0.2012765258550644,-0.8866690397262573,0.19646087288856506,0.12499285489320755,0.5835171341896057,0.38804614543914795,1.3467435836791992,2.764586925506592,0.6729192137718201,7.0,0.9938817620277405,0.7397828698158264,1.5576797723770142,0.05158214643597603,30.198040008544922,-0.9761046767234802,0.03859687224030495,0.015623214654624462,-0.02396942675113678,0.9901221394538879,2.5796408653259277,1.15662682056427,20.0,0.18834936618804932,0.04018483683466911,-0.013004643842577934,0.6488460898399353,0.05701093375682831,0.06469657272100449
2,X,sintetico,-0.2027605175971985,-0.8816455602645874,0.20702268183231354,0.12759815156459808,0.5988282561302185,0.38240736722946167,1.5437077283859253,3.0391621589660645,0.7201105952262878,2.0,0.623152494430542,0.6678192615509033,1.4660329818725586,0.057478923350572586,25.50557518005371,0.9695705771446228,0.042858392000198364,0.016281288117170334,0.02561189793050289,0.9877479672431946,-2.595498561859131,0.9496830701828003,16.0,0.1700005829334259,0.04037463292479515,0.032136496156454086,0.7796558141708374,0.064429372549057,0.048725031316280365
2,X,sintetico,0.20262973010540009,-0.8894643187522888,0.1952630579471588,0.13290682435035706,0.5577781200408936,0.37726637721061707,1.4256958961486816,2.7750141620635986,0.6839451193809509,6.0,0.705324649810791,0.8065223097801208,1.4521890878677368,0.0050943815149366856,285.0569763183594,-0.9790049195289612,0.03812766447663307,0.0176642257720232,-0.025406934320926666,0.9908446669578552,2.5476162433624268,1.0185825824737549,18.0,0.2309141457080841,0.055582210421562195,0.017962394282221794,1.07454252243042,0.049368709325790405,0.06589354574680328
2,X,sintetico,0.21679021418094635,-0.8832224607467651,0.18721549212932587,0.13664615154266357,0.5295811891555786,0.3829937279224396,1.8178346157073975,3.2468435764312744,0.7908197045326233,4.0,0.7656304836273193,0.6256220936775208,1.405189871788025,0.02962752990424633,47.42851638793945,-0.97059565782547,0.035049643367528915,0.018672171980142593,-0.0248300489038229,0.9865031838417053,2.5154740810394287,0.773002028465271,14.0,0.16240453720092773,0.04817797988653183,0.03223532810807228,0.8331289887428284,0.05547747015953064,0.07094472646713257
2,X,sintetico,0.1947329044342041,-0.8924720883369446,0.1983613818883896,0.11699454486370087,0.5309020280838013,0.3282347023487091,1.944879174232483,4.120152950286865,1.1069562435150146,5.0,0.7088855504989624,0.5700517892837524,1.326521873474121,0.01537509635090828,86.27729797363281,-0.9761421084403992,0.03934723883867264,0.013687724247574806,-0.022653525695204735,0.9908056259155273,2.6138479709625244,0.6820587515830994,14.0,0.1044459342956543,0.036437008529901505,-0.003549356246367097,0.7351071238517761,0.038949135690927505,0.05394861102104187
2,X,sintetico,0.19215388596057892,-0.8874309062957764,0.19592876732349396,0.125229150056839,0.6101865768432617,0.3566915988922119,1.5068069696426392,2.4021053314208984,0.7296513915061951,11.0,1.0986387729644775,0.7533618807792664,1.5316888093948364,0.08536684513092041,17.94243049621582,-0.9761127829551697,0.03838808089494705,0.015682339668273926,-0.023949896916747093,0.9900863766670227,2.5775210857391357,1.0165128707885742,19.0,0.17991168797016144,0.042094338685274124,0.033859435468912125,0.7183822393417358,0.04516423121094704,0.03876269608736038
2,X,sintetico,-0.19976675510406494,-0.8973955512046814,0.1844901144504547,0.1308128833770752,0.5208846926689148,0.39138665795326233,1.5591331720352173,3.170863389968872,0.734275221824646,5.0,0.8300676345825195,0.7565537691116333,1.3796027898788452,0.04279286041855812,32.23908615112305,0.9813219308853149,0.034036602824926376,0.01711200922727585,0.023682912811636925,0.9916225075721741,-2.5277833938598633,0.884852409362793,15.0,0.15155620872974396,0.044440269470214844,-0.0875372439622879,0.847023606300354,0.06730293482542038,0.042503129690885544
2,X,sintetico,-0.20392906665802002,-0.890829861164093,0.2024529129266739,0.13579346239566803,0.5859183073043823,0.4387543797492981,1.5741870403289795,2.361454725265503,0.5148780345916748,6.0,0.8119649887084961,0.765311062335968,1.6039825677871704,0.0871431902050972,18.406288146972656,0.9687069058418274,0.04098718240857124,0.018439864739775658,0.02663148008286953,0.9864558577537537,-2.5564181804656982,1.0189275741577148,19.0,0.141195148229599,0.03537917137145996,-0.007146657444536686,0.6857254505157471,0.050370700657367706,0.04807824268937111
2,X,sintetico,-0.19925178587436676,-0.8830288052558899,0.19844703376293182,0.133123517036438,0.60725337266922,0.37735435366630554,1.6148713827133179,3.476860761642456,0.835877537727356,8.0,0.9324126243591309,0.7940074801445007,1.5630687475204468,0.04804094508290291,32.53617858886719,0.9801884293556213,0.039381224662065506,0.01772186905145645,0.025894584134221077,0.991459310054779,-2.5542521476745605,0.9679214954376221,20.0,0.1866218000650406,0.04106790944933891,0.12415585666894913,0.8359133005142212,0.06259904056787491,0.045784566551446915
2,X,sintetico,0.19667011499404907,-0.8918153643608093,0.1906830370426178,0.12501075863838196,0.5455360412597656,0.3510146141052246,1.5925929546356201,3.4348933696746826,0.7052174210548401,4.0,0.6823425889015198,0.6379246711730957,1.3599014282226562,0.0598672479391098,22.715282440185547,-0.9753186106681824,0.03636002168059349,0.01562768779695034,-0.02324908971786499,0.989534318447113,2.5659031867980957,0.8538913726806641,14.0,0.1425323784351349,0.03248286619782448,-0.03527599200606346,0.5823080539703369,0.047836754471063614,0.04273794963955879
2,X,sintetico,-0.2068423330783844,-0.8849260807037354,0.204630509018898,0.1319560706615448,0.5951430797576904,0.4130862057209015,1.7264012098312378,2.9716217517852783,0.8109124302864075,1.0,0.5963654518127441,0.6855227947235107,1.4379096031188965,0.07580910623073578,18.967504501342773,0.978378176689148,0.041873641312122345,0.017412405461072922,0.026418399065732956,0.9909654259681702,-2.5729832649230957,0.8328942656517029,14.0,0.1413610577583313,0.03742561861872673,-0.013515542261302471,0.7531550526618958,0.04958095774054527,0.053321488201618195
2,X,sintetico,0.2047070562839508,-0.8890630602836609,0.18188558518886566,0.12206441164016724,0.5823246240615845,0.35404112935066223,1.2769790887832642,2.354689359664917,0.5629757046699524,6.0,1.0406676530838013,1.0908268690109253,1.5804977416992188,0.061828359961509705,25.562665939331055,-0.979641854763031,0.03308236598968506,0.014899719506502151,-0.021749768406152725,0.991219162940979,2.5541563034057617,1.2376848459243774,19.0,0.18834863603115082,0.05009719356894493,-0.1167023628950119,0.7755557894706726,0.06308942288160324,0.03866768255829811
2,Z,sintetico,0.5473931431770325,-0.7761877775192261,0.2319563627243042,0.20842722058296204,0.7771671414375305,0.5266163349151611,1.813326358795166,3.1336724758148193,0.7887118458747864,4.0,0.7119110822677612,0.6857675313949585,2.2105791568756104,0.5795097351074219,3.814567804336548,-0.48390331864356995,0.05380375683307648,0.04344191029667854,-0.02339480072259903,0.660240888595581,2.4651639461517334,1.219074010848999,19.0,0.10450247675180435,0.036498405039310455,-0.0318407379090786,0.6865300536155701,0.03832682967185974,0.05207626521587372
2,Z,sintetico,0.5516040325164795,-0.7756842970848083,0.24000652134418488,0.21862931549549103,0.7361369729042053,0.5294674634933472,2.360995054244995,4.404085636138916,1.1501526832580566,5.0,0.7448782324790955,0.745403528213501,2.137057065963745,0.6661105155944824,3.2082619667053223,-0.3956163823604584,0.057603128254413605,0.04779877886176109,-0.020758965983986855,0.5762441158294678,2.4721438884735107,0.9051510095596313,17.0,0.08901781588792801,0.02197188138961792,0.06599576771259308,0.4383585751056671,0.04688858240842819,0.06199607998132706
2,Z,sintetico,0.5444801449775696,-0.7811463475227356,0.23247621953487396,0.19098572432994843,0.7052454948425293,0.44949546456336975,2.2129173278808594,4.324225902557373,1.1851050853729248,4.0,0.6813202500343323,0.7413237690925598,2.049400568008423,0.6194160580635071,3.308600902557373,-0.4081031382083893,0.05404519662261009,0.03647555038332939,-0.018119633197784424,0.6158327460289001,2.5819108486175537,0.9261080622673035,17.0,0.19624008238315582,0.04980449378490448,-0.055079951882362366,1.0093960762023926,0.04546672850847244,0.06754656136035919
2,Z,sintetico,-0.5554227232933044,-0.7763710021972656,0.2350359410047531,0.19838683307170868,0.758476972579956,0.4957695007324219,2.5884578227996826,4.98583984375,1.1611815690994263,3.0,0.5985205769538879,0.7666063904762268,2.171210527420044,0.6393391489982605,3.3960230350494385,0.3864896893501282,0.055241890251636505,0.03935733437538147,0.01802125573158264,0.5879322290420532,-2.563748359680176,0.8388047218322754,15.0,0.14246782660484314,0.03299936279654503,-0.02600289322435856,0.7886870503425598,0.057069018483161926,0.04808495566248894
2,Z,sintetico,-0.5406630635261536,-0.7696028351783752,0.2334454208612442,0.2209479659795761,0.714480996131897,0.5037237405776978,1.9746661186218262,4.149287700653076,1.0965131521224976,4.0,0.627055823802948,0.7794701457023621,2.0600767135620117,0.6257514357566833,3.2921645641326904,0.4599708616733551,0.05449676513671875,0.04881800711154938,0.02372497133910656,0.6325281262397766,-2.415750741958618,1.0432531833648682,17.0,0.15602876245975494,0.035729795694351196,0.03836219757795334,0.6928122639656067,0.03969786316156387,0.0721677765250206
2,Z,sintetico,0.5509551763534546,-0.7794914245605469,0.21707740426063538,0.21184146404266357,0.62998366355896,0.5488622188568115,2.0361275672912598,4.123212814331055,0.9398977756500244,3.0,0.7775025963783264,0.9078226685523987,2.0304653644561768,0.629269003868103,3.2267048358917236,-0.41301000118255615,0.04712260141968727,0.044876810163259506,-0.018992675468325615,0.5851805210113525,2.385721445083618,0.9972191452980042,16.0,0.12000083178281784,0.03266521543264389,-0.061496056616306305,0.6430808901786804,0.0470142662525177,0.052900802344083786
2,Z,sintetico,0.5390210747718811,-0.7780666351318359,0.23947612941265106,0.2096768617630005,0.728848934173584,0.531477689743042,2.6453208923339844,5.513058662414551,1.4641646146774292,2.0,0.71505206823349,0.874008059501648,2.0795340538024902,0.6762367486953735,3.0751569271087646,-0.334735631942749,0.057348813861608505,0.043964385986328125,-0.01680794730782509,0.5263070464134216,2.5456531047821045,0.7861179113388062,15.0,0.07694191485643387,0.02363378368318081,0.023997321724891663,0.5372499227523804,0.054305121302604675,0.04166596382856369
2,Z,sintetico,0.5476734638214111,-0.7646715044975281,0.235202357172966,0.18739642202854156,0.7044522166252136,0.4740188419818878,2.725388288497925,5.7872819900512695,1.3440278768539429,5.0,0.78973388671875,0.8352720737457275,2.08170223236084,0.6202465295791626,3.3562495708465576,-0.3842466175556183,0.05532015115022659,0.03511741757392883,-0.016936084255576134,0.6073358654975891,2.625093460083008,0.7638185620307922,14.0,0.11445707827806473,0.03589414060115814,0.09171699732542038,0.6487758159637451,0.060571059584617615,0.04833992198109627
2,Z,sintetico,-0.5303924679756165,-0.771894633769989,0.2417038232088089,0.21464203298091888,0.8021330833435059,0.5386160612106323,2.6257336139678955,4.84859037399292,0.9348809719085693,5.0,0.7013887763023376,0.8518508076667786,2.3106372356414795,0.6751901507377625,3.4222021102905273,0.4242892563343048,0.05842074006795883,0.04607120156288147,0.02201204188168049,0.608771562576294,-2.492938995361328,0.8799967765808105,17.0,0.12116997689008713,0.03470480814576149,0.05509517341852188,0.8300990462303162,0.05138303339481354,0.053234267979860306
2,Z,sintetico,0.5375710725784302,-0.7626156806945801,0.23842459917068481,0.20355001091957092,0.7766315937042236,0.493144154548645,2.5380754470825195,4.715846061706543,1.232654094696045,3.0,0.7285183072090149,0.7791250944137573,2.209712028503418,0.6436156034469604,3.433279275894165,-0.4352697432041168,0.056846290826797485,0.04143260419368744,-0.02112421952188015,0.6278807520866394,2.531108856201172,0.8706250786781311,18.0,0.1231767013669014,0.030726216733455658,-0.051140863448381424,0.654472291469574,0.03814147412776947,0.049200400710105896
2,Z,sintetico,0.5399670600891113,-0.7742851376533508,0.23866574466228485,0.2066943496465683,0.7602211236953735,0.5167650580406189,2.073286533355713,4.650081157684326,1.1642603874206543,4.0,0.7468001842498779,0.9745006561279297,2.200690984725952,0.5958612561225891,3.6932942867279053,-0.4689863324165344,0.056961338967084885,0.04272255301475525,-0.02313549816608429,0.6537951231002808,2.5054593086242676,1.0614503622055054,18.0,0.13582850992679596,0.03263600915670395,0.02192235179245472,0.5004726052284241,0.04771632328629494,0.05640122666954994
2,Z,sintetico,-0.5385449528694153,-0.7731261849403381,0.23642314970493317,0.20816180109977722,0.7633939385414124,0.5160425305366516,2.07464861869812,3.970582962036133,0.8898370265960693,6.0,0.7591150403022766,0.7042553424835205,2.2328402996063232,0.6195706129074097,3.603851318359375,0.39162808656692505,0.055895909667015076,0.043331339955329895,0.01927369087934494,0.580142080783844,-2.5137405395507812,1.0762498378753662,20.0,0.12739376723766327,0.028810834512114525,0.010873626917600632,0.584320604801178,0.0509425587952137,0.042463503777980804
2,Z,sintetico,-0.5388650298118591,-0.7733665108680725,0.2394503355026245,0.20922714471817017,0.7644360661506653,0.5071016550064087,2.6461832523345947,5.1692633628845215,1.271959900856018,5.0,0.8237324357032776,0.6243488192558289,2.250598907470703,0.6565632224082947,3.4278481006622314,0.4117676317691803,0.057336464524269104,0.043776001781225204,0.020629357546567917,0.6009309887886047,-2.514967918395996,0.8505076169967651,18.0,0.11900834739208221,0.03583744168281555,-0.02232641540467739,0.7537328600883484,0.06276819109916687,0.046766772866249084
2,Z,sintetico,-0.5351371169090271,-0.7620692253112793,0.23486021161079407,0.19670985639095306,0.7416467070579529,0.485198438167572,2.7118453979492188,6.228095531463623,1.4880621433258057,3.0,0.7706150412559509,1.0059967041015625,2.0807859897613525,0.6140669584274292,3.3885326385498047,0.44174960255622864,0.0551593191921711,0.03869476541876793,0.02040852978825569,0.6384811401367188,-2.547900438308716,0.767295241355896,15.0,0.12664103507995605,0.03554292395710945,0.025158775970339775,0.8298582434654236,0.0672903060913086,0.03571556508541107
2,Z,sintetico,-0.564395546913147,-0.7725269794464111,0.22561897337436676,0.20245200395584106,0.7370932102203369,0.5043243169784546,2.1539719104766846,4.152418613433838,0.9861572980880737,4.0,0.6574814915657043,0.6549713015556335,2.0871176719665527,0.6382336020469666,3.2701468467712402,0.4244162142276764,0.05090392008423805,0.040986813604831696,0.019386064261198044,0.6067774891853333,-2.4813997745513916,0.9689623713493347,18.0,0.1322479397058487,0.033649638295173645,-0.054537009447813034,0.6189039945602417,0.06294117867946625,0.046783123165369034
2,Z,sintetico,0.5591793060302734,-0.7756022810935974,0.24931463599205017,0.20683060586452484,0.7690618634223938,0.51190584897995,2.04073166847229,4.247725486755371,1.1252632141113281,3.0,0.6457656621932983,0.778191328048706,2.1462574005126953,0.5700621604919434,3.764953374862671,-0.4839657247066498,0.06215779110789299,0.042778901755809784,-0.024956129491329193,0.675701916217804,2.5413665771484375,1.051709771156311,17.0,0.1287844181060791,0.03430793434381485,0.019170355051755905,0.6183111667633057,0.04668571427464485,0.04590990021824837
2,Z,sintetico,0.5421045422554016,-0.7807322144508362,0.2451765388250351,0.21262392401695251,0.7704118490219116,0.5588968992233276,2.5167150497436523,5.045315265655518,1.0267434120178223,7.0,0.7570421099662781,0.6681970357894897,2.3241684436798096,0.6587991118431091,3.527886152267456,-0.4475070834159851,0.06011153757572174,0.04520893469452858,-0.02332872338593006,0.6348620057106018,2.5107758045196533,0.9234928488731384,19.0,0.11253580451011658,0.026976382359862328,-0.031443268060684204,0.640416145324707,0.06147344410419464,0.06384438276290894
2,Z,sintetico,-0.5458612442016602,-0.7726483345031738,0.23627260327339172,0.21814794838428497,0.7652859687805176,0.5302643179893494,2.1584393978118896,4.374522686004639,1.003029465675354,2.0,0.5454923510551453,0.7652720808982849,2.1874632835388184,0.6378313302993774,3.429532766342163,0.41268202662467957,0.05582474544644356,0.0475885309278965,0.021270615980029106,0.5905665755271912,-2.4518141746520996,1.0134466886520386,17.0,0.0951937660574913,0.026273172348737717,-0.000545874354429543,0.5269545316696167,0.06073639914393425,0.049529314041137695
2,Z,sintetico,0.5437498688697815,-0.7708930969238281,0.24016310274600983,0.20443396270275116,0.7310144305229187,0.5076331496238708,2.8732807636260986,5.808150291442871,1.5675541162490845,4.0,0.6091417074203491,0.7783247828483582,2.096862316131592,0.6516921520233154,3.2175655364990234,-0.38389384746551514,0.05767831578850746,0.04179324209690094,-0.018848225474357605,0.5828067660331726,2.555600881576538,0.7297797799110413,15.0,0.1024632602930069,0.029162103310227394,-0.021328099071979523,0.7397526502609253,0.03831939026713371,0.05006491020321846
2,Z,sintetico,0.5490764379501343,-0.7781832218170166,0.2439558357000351,0.2048460692167282,0.7628628015518188,0.529935896396637,2.7623941898345947,5.24292516708374,1.2574495077133179,4.0,0.9062854647636414,0.8508450388908386,2.282001256942749,0.639234185218811,3.569898843765259,-0.4726840853691101,0.059514451771974564,0.0419619083404541,-0.023621628060936928,0.6636852622032166,2.5340592861175537,0.826095461845398,15.0,0.11591822654008865,0.035596661269664764,-0.0639541745185852,0.8968493342399597,0.07361482828855515,0.03921646997332573
2,Z,sintetico,-0.5504122376441956,-0.7786637544631958,0.2388877421617508,0.21369579434394836,0.7177107930183411,0.5294328331947327,2.842343807220459,5.460325717926025,1.4805227518081665,4.0,0.6586756706237793,0.7452030181884766,2.103447914123535,0.6537550091743469,3.21748685836792,0.42303770780563354,0.057067353278398514,0.045665889978408813,0.021595781669020653,0.6061026453971863,-2.4852380752563477,0.7400399446487427,15.0,0.18534594774246216,0.045823171734809875,0.042341724038124084,0.8427568674087524,0.06867066025733948,0.03793040290474892
2,Z,sintetico,0.536922037601471,-0.7739510536193848,0.23980386555194855,0.20249606668949127,0.7348076701164246,0.4945611357688904,2.41988468170166,4.730527877807617,1.1939990520477295,3.0,0.6579208374023438,0.7124727964401245,2.1631579399108887,0.6301809549331665,3.432598114013672,-0.37002965807914734,0.05750589445233345,0.04100465402007103,-0.017968395724892616,0.572877049446106,2.571422815322876,0.8939094543457031,18.0,0.15449348092079163,0.03841566666960716,-0.046380914747714996,0.9715862274169922,0.0689501166343689,0.04613605886697769
2,Z,sintetico,0.5460763573646545,-0.7733299136161804,0.2385246753692627,0.19803613424301147,0.70810866355896,0.501811146736145,2.1268088817596436,4.183244228363037,1.251859188079834,5.0,0.7512287497520447,0.7752959132194519,2.0742111206054688,0.5630751252174377,3.6837196350097656,-0.5099992156028748,0.05689401924610138,0.03921831026673317,-0.024090580642223358,0.696193516254425,2.5320017337799072,0.9752691388130188,17.0,0.1584247648715973,0.04246511310338974,0.013519275933504105,0.7729365825653076,0.06294550746679306,0.04913865774869919
2,Z,sintetico,0.5346546769142151,-0.7762347459793091,0.25422415137290955,0.20180454850196838,0.8457433581352234,0.48576489090919495,2.3713538646698,4.853018283843994,1.0862118005752563,3.0,0.700334906578064,0.9404819011688232,2.3443424701690674,0.641492486000061,3.654513120651245,-0.3693026006221771,0.06462991237640381,0.04072507470846176,-0.01894654892385006,0.5967468023300171,2.63759183883667,0.9886093139648438,17.0,0.12110211700201035,0.03423314169049263,0.05263907089829445,0.6272668242454529,0.07783452421426773,0.049920350313186646
2,Z,sintetico,0.5382965803146362,-0.7716167569160461,0.23431174457073212,0.2117832750082016,0.7090854048728943,0.49777430295944214,2.8174543380737305,5.902828693389893,1.612744927406311,2.0,0.697776734828949,0.87466961145401,2.063525438308716,0.6825069785118103,3.023449659347534,-0.32398054003715515,0.05490199103951454,0.04485215246677399,-0.016076985746622086,0.5049072504043579,2.5076613426208496,0.732407808303833,14.0,0.0787181705236435,0.023642031475901604,0.0698702409863472,0.5704797506332397,0.05222397297620773,0.0664329007267952
2,Z,sintetico,-0.5334106087684631,-0.7813856601715088,0.23383095860481262,0.19771906733512878,0.7378312349319458,0.49007558822631836,2.1831936836242676,4.156473636627197,1.1649465560913086,5.0,0.7177838683128357,0.872081458568573,2.099797487258911,0.5991268754005432,3.5047624111175537,0.41190871596336365,0.05467691645026207,0.03909283131361008,0.019043708220124245,0.6100163459777832,-2.5503861904144287,0.9618008136749268,20.0,0.15954579412937164,0.03646688535809517,0.03093395009636879,0.8962013125419617,0.06314308941364288,0.06889334321022034
2,Z,sintetico,-0.5446248054504395,-0.7793543338775635,0.23435020446777344,0.2098715901374817,0.8005276918411255,0.5283953547477722,2.6003501415252686,4.850773334503174,0.9582251906394958,3.0,0.7324090600013733,0.8984054923057556,2.203249216079712,0.6171976923942566,3.569762706756592,0.37525060772895813,0.0549200177192688,0.04404608532786369,0.018456120043992996,0.5599347352981567,-2.499437093734741,0.8472894430160522,16.0,0.08305136114358902,0.024238144978880882,-0.015148768201470375,0.6904032826423645,0.05069378763437271,0.05072878301143646
2,Z,sintetico,0.5415173768997192,-0.7734639644622803,0.23903410136699677,0.22217170894145966,0.7254390716552734,0.5179210901260376,2.7865726947784424,5.962809085845947,1.4470313787460327,3.0,0.6727668642997742,0.7135895490646362,2.143563985824585,0.6922077536582947,3.0967063903808594,-0.44028523564338684,0.057137299329042435,0.04936026409268379,-0.02338205650448799,0.6160514950752258,2.4385921955108643,0.7692474722862244,15.0,0.13178426027297974,0.04495907202363014,-0.0019051932031288743,0.8039931654930115,0.054993871599435806,0.04995047301054001
2,Z,sintetico,0.5357890725135803,-0.7839438915252686,0.23698730766773224,0.21161991357803345,0.7321838736534119,0.5228623151779175,2.4790141582489014,4.472095012664795,1.123692512512207,3.0,0.72529137134552,0.8431451916694641,2.1155478954315186,0.6909273266792297,3.061896562576294,-0.36695152521133423,0.056162986904382706,0.04478298872709274,-0.0184030719101429,0.5524475574493408,2.506126642227173,0.8533827662467957,14.0,0.10504310578107834,0.028628354892134666,-0.008107719011604786,0.40477895736694336,0.06714974343776703,0.04979010298848152
2,Z,sintetico,-0.548455536365509,-0.7769051194190979,0.2393983155488968,0.21103493869304657,0.7444220781326294,0.5254091024398804,2.4853358268737793,4.03488826751709,0.9434686899185181,3.0,0.7344334125518799,0.9596143960952759,2.228456974029541,0.7131556272506714,3.124783754348755,0.4109697639942169,0.05731154978275299,0.044535744935274124,0.020762769505381584,0.5980495810508728,-2.505429744720459,0.89664226770401,15.0,0.10541649162769318,0.032503195106983185,0.01730700396001339,0.7031493782997131,0.03752199932932854,0.05956161767244339
2,Z,sintetico,0.5321417450904846,-0.772588312625885,0.2437327653169632,0.2067771703004837,0.7864791750907898,0.5367065072059631,2.7478129863739014,4.481564044952393,1.1952193975448608,5.0,0.9335309863090515,0.8550684452056885,2.304158926010132,0.6479103565216064,3.556292772293091,-0.3513682186603546,0.05940565839409828,0.04275679588317871,-0.01770838536322117,0.553935706615448,2.575909376144409,0.8385428786277771,15.0,0.11921730637550354,0.031075317412614822,-0.0586545504629612,0.5761853456497192,0.05431704223155975,0.06887363642454147
2,Z,sintetico,-0.5417541265487671,-0.780239462852478,0.23685960471630096,0.20411938428878784,0.7747378349304199,0.4988095164299011,2.4451518058776855,4.583881378173828,1.0829973220825195,5.0,0.734001636505127,0.7442967891693115,2.2131433486938477,0.6034677624702454,3.6673765182495117,0.38442468643188477,0.05610247328877449,0.041664719581604004,0.01858602464199066,0.5794259309768677,-2.541429281234741,0.9051148891448975,18.0,0.12956522405147552,0.03256013244390488,-0.0667019709944725,0.5690526366233826,0.0412195660173893,0.06457502394914627
2,Z,sintetico,-0.5469669699668884,-0.7751482129096985,0.2369920164346695,0.21330426633358002,0.7594575881958008,0.5466815829277039,1.9543936252593994,4.074571132659912,0.9548177123069763,5.0,0.7026308178901672,0.6785834431648254,2.154129981994629,0.6166887879371643,3.493058204650879,0.42901477217674255,0.056165214627981186,0.04549871012568474,0.021687300875782967,0.6104918718338013,-2.476760149002075,1.102198600769043,19.0,0.13257001340389252,0.029514720663428307,-0.048623889684677124,0.49974629282951355,0.062191806733608246,0.04613695293664932
2,Z,sintetico,0.5407653450965881,-0.7763677835464478,0.23616847395896912,0.2048889398574829,0.7587122321128845,0.4927380681037903,2.7426416873931885,4.4761061668396,0.9861034750938416,4.0,0.7947254776954651,0.8506091237068176,2.270533800125122,0.6882053017616272,3.2992100715637207,-0.3724031150341034,0.05577554926276207,0.04197947680950165,-0.018019957467913628,0.5660665035247803,2.5389902591705322,0.8278637528419495,16.0,0.08797267079353333,0.02941126748919487,-0.03356538712978363,0.594899594783783,0.05760840326547623,0.050855278968811035
2,Z,sintetico,-0.5450766086578369,-0.7821629047393799,0.2428491711616516,0.21241074800491333,0.7528473138809204,0.5199115872383118,1.9028857946395874,4.0787177085876465,0.9033589959144592,3.0,0.7114965319633484,0.6736384630203247,2.2218103408813477,0.7133252024650574,3.114722967147827,0.411104679107666,0.058975718915462494,0.04511832818388939,0.021206332370638847,0.6000690460205078,-2.5140912532806396,1.1676005125045776,19.0,0.10126674175262451,0.02699548937380314,0.002637255471199751,0.47375187277793884,0.07916945964097977,0.060422420501708984
2,Z,sintetico,-0.544033408164978,-0.7711227536201477,0.23879344761371613,0.19465866684913635,0.7738466262817383,0.4923630654811859,2.135836124420166,4.125743389129639,1.0990420579910278,4.0,0.7047187685966492,0.7809540629386902,2.1420230865478516,0.5865049362182617,3.6521825790405273,0.3926226794719696,0.05702231079339981,0.03789199888706207,0.018250364810228348,0.605476975440979,-2.5975680351257324,1.002896785736084,17.0,0.11221546679735184,0.028455521911382675,-0.02921467460691929,0.5530360341072083,0.07542461901903152,0.06155400350689888
2,Z,sintetico,-0.5596749782562256,-0.7659088969230652,0.2296285629272461,0.20991751551628113,0.7250050902366638,0.50994873046875,2.45587420463562,4.372384548187256,1.262434720993042,3.0,0.8045727610588074,0.9816406965255737,2.0187411308288574,0.5842840671539307,3.4550681114196777,0.40746739506721497,0.052729278802871704,0.044065359979867935,0.019641174003481865,0.5871569514274597,-2.4647343158721924,0.8220050930976868,14.0,0.1297372579574585,0.02855154126882553,-0.019108224660158157,0.5867125391960144,0.03186746686697006,0.051854006946086884
2,Z,sintetico,-0.5483205318450928,-0.7819916009902954,0.21917259693145752,0.20955510437488556,0.6714121103286743,0.5092309713363647,2.1602210998535156,3.769773244857788,1.0872790813446045,2.0,0.8155600428581238,0.9745238423347473,1.954464316368103,0.6262184977531433,3.1210579872131348,0.36891505122184753,0.04803662747144699,0.0439133420586586,0.016943801194429398,0.5414895415306091,-2.416734457015991,0.9047519564628601,14.0,0.17684492468833923,0.05058867484331131,-0.04616860672831535,0.7144235968589783,0.05681338161230087,0.04041788727045059
2,Z,sintetico,0.5511919856071472,-0.7693140506744385,0.23732571303844452,0.21263495087623596,0.7960448861122131,0.5481687188148499,1.9463120698928833,2.964150905609131,0.776873767375946,5.0,0.755547046661377,0.8153682947158813,2.3354454040527344,0.6571882367134094,3.5536930561065674,-0.415104478597641,0.05632349103689194,0.045213621109724045,-0.02094772458076477,0.5983338952064514,2.485801935195923,1.199933648109436,19.0,0.1733865588903427,0.036379534751176834,0.029103044420480728,0.5826218128204346,0.056297238916158676,0.04650769382715225
2,Z,sintetico,0.5455270409584045,-0.7715259194374084,0.2385142296552658,0.20095087587833405,0.762676477432251,0.5134980082511902,2.0866177082061768,3.6664516925811768,0.9117076992988586,3.0,0.6630743741989136,0.7611693739891052,2.179436683654785,0.6240088939666748,3.4926371574401855,-0.4150319993495941,0.056889042258262634,0.04038125276565552,-0.019892336800694466,0.6138284206390381,2.552849054336548,1.044482946395874,17.0,0.12122856080532074,0.03219651058316231,-0.07018493860960007,0.6154963970184326,0.031855981796979904,0.04246358200907707
2,Z,sintetico,-0.537132978439331,-0.774717390537262,0.25088030099868774,0.21260736882686615,0.8326747417449951,0.5403797626495361,2.4797964096069336,4.52363395690918,0.8788491487503052,3.0,0.6767529845237732,0.77300626039505,2.3438210487365723,0.6683600544929504,3.506824254989624,0.4495791792869568,0.06294091790914536,0.04520189389586449,0.023980101570487022,0.6420911550521851,-2.533327102661133,0.9451667666435242,16.0,0.13288739323616028,0.03601627051830292,-0.032722357660532,0.613566517829895,0.06528421491384506,0.05738797411322594
2,Z,sintetico,0.5445607304573059,-0.7766005992889404,0.23365521430969238,0.21311251819133759,0.6954194903373718,0.5266318321228027,2.0658671855926514,4.561499118804932,1.1226558685302734,4.0,0.7011744379997253,0.8514161109924316,2.0770533084869385,0.6319815516471863,3.2865726947784424,-0.37694767117500305,0.05459475889801979,0.045416947454214096,-0.01877005398273468,0.5574274063110352,2.4760830402374268,1.0054147243499756,17.0,0.17272590100765228,0.041961222887039185,-0.06364382058382034,0.8975303769111633,0.04334251955151558,0.06809356063604355
2,Z,sintetico,0.5487306118011475,-0.7732971906661987,0.24485686421394348,0.21154099702835083,0.7535299062728882,0.5395757555961609,2.64015793800354,5.118302822113037,1.2494831085205078,4.0,0.670524001121521,0.5944831371307373,2.2908196449279785,0.6865679025650024,3.336625099182129,-0.43230560421943665,0.05995488539338112,0.04474959522485733,-0.02239224873483181,0.6223081350326538,2.5198490619659424,0.8676828145980835,16.0,0.1071738451719284,0.03181142359972,-0.030735153704881668,0.37182751297950745,0.08695505559444427,0.041061580181121826
2,Z,sintetico,-0.5336645245552063,-0.7694803476333618,0.24120870232582092,0.21167725324630737,0.7820042967796326,0.5092548727989197,2.2167930603027344,3.940159320831299,1.054336667060852,4.0,0.819873571395874,1.0076192617416382,2.2704567909240723,0.6303966045379639,3.6016323566436768,0.43412092328071594,0.05818163603544235,0.04480725899338722,0.022165518254041672,0.6203162670135498,-2.502699375152588,1.0242078304290771,20.0,0.09660989791154861,0.026962758973240852,0.05376594141125679,0.549845814704895,0.05501922592520714,0.05857877433300018
2,Z,sintetico,-0.5463969111442566,-0.7788676619529724,0.23344513773918152,0.20541895925998688,0.7696335315704346,0.5320256948471069,1.7609326839447021,3.520634651184082,0.828811526298523,8.0,0.8079288601875305,0.7962732911109924,2.2617039680480957,0.6031445860862732,3.7498536109924316,0.38742753863334656,0.054496634751558304,0.04219694808125496,0.018578723073005676,0.5762959122657776,-2.516026020050049,1.2843784093856812,20.0,0.11984048783779144,0.031560417264699936,0.033738140016794205,0.5368300676345825,0.037459179759025574,0.05567380413413048
2,Z,sintetico,0.5509793162345886,-0.7833312749862671,0.232285276055336,0.21329963207244873,0.7871694564819336,0.5286349654197693,2.0646579265594482,3.5048410892486572,0.7887197732925415,4.0,0.6870909929275513,0.8686061501502991,2.2548458576202393,0.6336537003517151,3.5584828853607178,-0.4892217814922333,0.05395645275712013,0.045496731996536255,-0.024239160120487213,0.6620417237281799,2.442577362060547,1.0921159982681274,20.0,0.1613813191652298,0.04022996127605438,-0.022215325385332108,0.8643801808357239,0.08361237496137619,0.058548059314489365
2,Z,sintetico,-0.5484743714332581,-0.7754113078117371,0.2393614649772644,0.20072120428085327,0.7471413016319275,0.48239439725875854,2.194437265396118,4.713811874389648,1.1608332395553589,5.0,0.6572515964508057,0.6127265095710754,2.184818744659424,0.6291371583938599,3.4727225303649902,0.4311729669570923,0.05729391425848007,0.04028899967670441,0.02071567066013813,0.629147469997406,-2.5509297847747803,0.9956168532371521,20.0,0.15172924101352692,0.035077475011348724,-0.018204012885689735,0.7462807297706604,0.06169237568974495,0.04654238000512123
2,Z,sintetico,-0.5456894636154175,-0.7850591540336609,0.23403984308242798,0.206790953874588,0.7626607418060303,0.5162302255630493,2.173300266265869,4.377586364746094,1.212171196937561,3.0,0.582876980304718,0.8473840355873108,2.1345181465148926,0.5942217111587524,3.5921242237091064,0.49066340923309326,0.05477464944124222,0.042762499302625656,0.0237467959523201,0.6686734557151794,-2.480057716369629,0.9821552038192749,20.0,0.12375741451978683,0.037817616015672684,-0.0024176391307264566,0.9789373874664307,0.06577086448669434,0.040977682918310165
2,Z,sintetico,0.5430139899253845,-0.7757472991943359,0.23511448502540588,0.21212603151798248,0.6857608556747437,0.5492920279502869,2.8434038162231445,6.188627243041992,1.428573489189148,4.0,0.6726628541946411,0.5028820037841797,2.116234064102173,0.7149673104286194,2.9599032402038574,-0.3472065031528473,0.05527882277965546,0.044997453689575195,-0.0173165425658226,0.5297082662582397,2.500483751296997,0.744260847568512,14.0,0.10388302057981491,0.030827222391963005,0.036859165877103806,0.7264024019241333,0.04696463793516159,0.06159885600209236
2,Z,sintetico,0.5465450286865234,-0.7631304860115051,0.23653535544872284,0.20448455214500427,0.7937906980514526,0.5367828607559204,2.0445199012756348,3.3726556301116943,0.9523852467536926,6.0,0.9354515075683594,0.8484534025192261,2.2527332305908203,0.5799330472946167,3.8844711780548096,-0.3792465627193451,0.055948976427316666,0.0418139323592186,-0.018343333154916763,0.5736209154129028,2.5400755405426025,1.1018396615982056,18.0,0.10378050059080124,0.030316466465592384,0.03156362846493721,0.5518994927406311,0.06572181731462479,0.06650450080633163
