label,persona,mano,x0,y0,z0,x1,y1,z1,x2,y2,z2,x3,y3,z3,x4,y4,z4,x5,y5,z5,x6,y6,z6,x7,y7,z7,x8,y8,z8,x9,y9,z9,x10,y10,z10,x11,y11,z11,x12,y12,z12,x13,y13,z13,x14,y14,z14,x15,y15,z15,x16,y16,z16,x17,y17,z17,x18,y18,z18,x19,y19,z19,x20,y20,z20
C,Alejandro,Right,0.0,0.0,0.0,0.17125213,-0.042345833,-0.030486366,0.33523014,-0.15684408,-0.06128632,0.47731057,-0.19538008,-0.10037386,0.6007326,-0.23277788,-0.1411287,0.25358233,-0.5217418,-0.008823331,0.34180182,-0.71172714,-0.06834701,0.43297943,-0.78288174,-0.120402366,0.525116,-0.82430893,-0.15541469,0.19533992,-0.54861414,-0.038552146,0.29071996,-0.7666963,-0.09099484,0.39962912,-0.83845234,-0.13456875,0.50672245,-0.86210924,-0.16450612,0.13056822,-0.53933597,-0.07897519,0.2261038,-0.7682992,-0.13499525,0.34168145,-0.8444943,-0.16727751,0.45196754,-0.8704666,-0.18481106,0.06550995,-0.49934962,-0.1243521,0.14520007,-0.68422514,-0.1768194,0.23953024,-0.76331675,-0.1997641,0.33467737,-0.79771304,-0.21147367
C,Alejandro,Right,0.0,0.0,0.0,0.17256096,-0.04342252,-0.04072657,0.34303668,-0.1446197,-0.08139308,0.48727217,-0.17401205,-0.12796728,0.6123266,-0.2093967,-0.178135,0.26295367,-0.5188001,-0.031907298,0.36305287,-0.70439696,-0.09770213,0.4542493,-0.76814747,-0.15416637,0.54504645,-0.8070989,-0.1925411,0.1975429,-0.549283,-0.05870405,0.30954784,-0.7571563,-0.117074095,0.41615313,-0.82845086,-0.1659864,0.5196816,-0.85436004,-0.20079437,0.12192467,-0.542761,-0.09584586,0.23483461,-0.76095426,-0.1533726,0.34435508,-0.8381224,-0.18980472,0.44905153,-0.87365866,-0.21262781,0.042863637,-0.5032175,-0.13843767,0.13344517,-0.68073934,-0.19281864,0.22883134,-0.76092666,-0.21956877,0.32609403,-0.80455214,-0.23535405
C,Alejandro,Right,0.0,0.0,0.0,0.16969997,-0.038481597,-0.03746086,0.34103057,-0.14532897,-0.072081834,0.48512638,-0.17473169,-0.112860456,0.6096787,-0.20398024,-0.15604919,0.2729972,-0.52114755,-0.02333149,0.3684111,-0.70500964,-0.08663024,0.45713443,-0.7711288,-0.14115104,0.54895926,-0.81202257,-0.17852077,0.20974524,-0.54947233,-0.050548874,0.3123211,-0.7596518,-0.104249924,0.41460052,-0.8282812,-0.14862177,0.5206861,-0.8537482,-0.18110485,0.13792814,-0.53988814,-0.088535674,0.23677622,-0.76251966,-0.14460601,0.34219685,-0.8395903,-0.17713127,0.4485095,-0.8688191,-0.19705902,0.062555924,-0.49921277,-0.13217191,0.14197792,-0.6813019,-0.18560483,0.233358,-0.76322705,-0.21034673,0.32940942,-0.8021205,-0.22489919
C,Alejandro,Right,0.0,0.0,0.0,0.172885,-0.039446995,-0.036384642,0.3439593,-0.13939625,-0.07100102,0.48949915,-0.16580716,-0.11214908,0.6144885,-0.19757736,-0.1555848,0.27639872,-0.5151459,-0.020197947,0.37203068,-0.6986271,-0.08392175,0.4613579,-0.76460737,-0.13834594,0.55359054,-0.8052692,-0.17477478,0.21444136,-0.54597783,-0.04722648,0.3146924,-0.75790113,-0.100472234,0.41579935,-0.8282981,-0.14391816,0.5189143,-0.8548263,-0.17484358,0.14288609,-0.53813905,-0.08514667,0.23768167,-0.76061887,-0.14081934,0.34182584,-0.8395195,-0.17182624,0.44568852,-0.8697056,-0.18967383,0.06762608,-0.49868566,-0.12859853,0.14386065,-0.68022245,-0.18033448,0.2331561,-0.76267815,-0.20285603,0.32636374,-0.8016359,-0.21508168
C,Alejandro,Right,0.0,0.0,0.0,0.17264162,-0.038645748,-0.034703452,0.34612727,-0.14369565,-0.068755455,0.49299264,-0.17176527,-0.10971426,0.61755496,-0.19833311,-0.15355454,0.27761436,-0.51433945,-0.020618567,0.37226734,-0.6978585,-0.083323605,0.46134087,-0.7642365,-0.13708963,0.5528111,-0.8050265,-0.17367233,0.21631087,-0.54493946,-0.04894257,0.31972742,-0.7534003,-0.10211885,0.42205566,-0.8239433,-0.14574233,0.52543485,-0.85083383,-0.17714435,0.14505313,-0.5379171,-0.087861866,0.24469411,-0.75871116,-0.14283293,0.34935176,-0.83648956,-0.17462425,0.45254925,-0.86665577,-0.19362044,0.06952988,-0.49928176,-0.1322593,0.14861053,-0.68132657,-0.18460098,0.23958439,-0.7624343,-0.20869212,0.33423233,-0.80094457,-0.22233199
C,Alejandro,Right,0.0,0.0,0.0,0.17108183,-0.037479006,-0.033924747,0.34207898,-0.14078939,-0.067561455,0.48750338,-0.16830137,-0.10827856,0.6120359,-0.19526495,-0.15141003,0.27582636,-0.51974833,-0.016981918,0.36800054,-0.70438695,-0.07901862,0.45759815,-0.7691066,-0.13308302,0.54998475,-0.8069823,-0.16970158,0.21528228,-0.54792124,-0.04554002,0.31424442,-0.75875336,-0.097787715,0.41813046,-0.8285303,-0.1413444,0.5232207,-0.85219723,-0.17259644,0.14597,-0.53908294,-0.084805146,0.24097104,-0.76150775,-0.13834119,0.34851882,-0.83810884,-0.16949084,0.45490867,-0.86501825,-0.18799973,0.07253349,-0.49904025,-0.12965725,0.1462316,-0.6833447,-0.18021697,0.23644336,-0.76548135,-0.20307356,0.33097237,-0.8034795,-0.2158297
C,Alejandro,Right,0.0,0.0,0.0,0.17433658,-0.03427384,-0.036343347,0.3487618,-0.14129911,-0.07007487,0.49729484,-0.16839148,-0.11041532,0.6231503,-0.20128313,-0.1530585,0.28135887,-0.51394844,-0.021266423,0.37413833,-0.69845426,-0.084521286,0.4632273,-0.76478815,-0.13882117,0.55635434,-0.8047659,-0.1758387,0.21980171,-0.5450295,-0.048798997,0.31682596,-0.7574261,-0.1019996,0.41853195,-0.82707304,-0.14570732,0.5232893,-0.8521551,-0.17735146,0.1491682,-0.5371492,-0.08717487,0.24150576,-0.7595209,-0.14198929,0.34472305,-0.8356148,-0.1726926,0.44856724,-0.86354584,-0.19112025,0.0752603,-0.49788123,-0.13143261,0.14834087,-0.68041867,-0.18339843,0.23767959,-0.7631401,-0.20716059,0.3324235,-0.803247,-0.22087473
C,Alejandro,Right,0.0,0.0,0.0,0.1766763,-0.032038037,-0.035883337,0.35119784,-0.13397591,-0.0691986,0.49872118,-0.16166691,-0.10915679,0.62428725,-0.19180161,-0.1512877,0.28729892,-0.5109319,-0.018825088,0.38065544,-0.6978685,-0.081737496,0.46927816,-0.76372236,-0.13572545,0.56173027,-0.800872,-0.17214315,0.22317564,-0.542031,-0.045934606,0.3209049,-0.7606372,-0.10023427,0.42119208,-0.8301912,-0.14493844,0.5252711,-0.8509349,-0.17645532,0.15011078,-0.5344061,-0.08381346,0.24345066,-0.7643632,-0.14116476,0.34845886,-0.8407966,-0.17418015,0.4547356,-0.86362344,-0.1931244,0.07293837,-0.495707,-0.12697315,0.15144518,-0.67637676,-0.18162407,0.24306592,-0.7589134,-0.20728545,0.33909354,-0.7968032,-0.2216095
C,Alejandro,Right,0.0,0.0,0.0,0.17496778,-0.035818525,-0.04210741,0.3515421,-0.13439164,-0.07786835,0.49908957,-0.15481578,-0.11851664,0.6256944,-0.17629749,-0.16232745,0.3025921,-0.5026024,-0.029193219,0.40103242,-0.68717784,-0.0937305,0.48620072,-0.7519566,-0.14878333,0.5760469,-0.7927073,-0.18645708,0.23637737,-0.5364476,-0.05340357,0.34426877,-0.7438971,-0.10533835,0.4386515,-0.81249875,-0.14850308,0.53959525,-0.84192455,-0.18104562,0.15556717,-0.5327383,-0.088773005,0.26259348,-0.7506026,-0.14380623,0.35949585,-0.8299079,-0.17552815,0.4595759,-0.86428505,-0.19574971,0.06511149,-0.49905565,-0.12995115,0.14923146,-0.6758843,-0.18237026,0.23745666,-0.7557101,-0.20592405,0.33091083,-0.7947442,-0.22000498
C,Alejandro,Right,0.0,0.0,0.0,0.16931513,-0.034922548,-0.07915909,0.343484,-0.12497983,-0.13779926,0.49888638,-0.13980313,-0.19466928,0.63134414,-0.16525127,-0.2567516,0.2576861,-0.54792804,-0.089253075,0.3412994,-0.7522779,-0.17521366,0.42179155,-0.827036,-0.24557495,0.5144433,-0.8575244,-0.29161823,0.16679469,-0.5648877,-0.1032567,0.2400302,-0.78791326,-0.17013206,0.32752395,-0.8687152,-0.2280478,0.42892864,-0.88757896,-0.2709013,0.06466396,-0.5223047,-0.12909351,0.106633686,-0.746163,-0.19494756,0.1803503,-0.83251053,-0.24200979,0.2755028,-0.8666565,-0.27426058,-0.04161806,-0.43335894,-0.16269235,-0.04470837,-0.5939522,-0.2276989,-0.0088247,-0.6879443,-0.2620652,0.04488451,-0.7462291,-0.2833171
C,Alejandro,Right,0.0,0.0,0.0,0.18711077,0.013589647,-0.05123755,0.38111904,-0.042785414,-0.087878846,0.5426881,-0.010316786,-0.12883233,0.6832076,0.008517384,-0.17253283,0.37974405,-0.44571272,-0.009041477,0.517066,-0.5833478,-0.06784177,0.61888885,-0.6340417,-0.12519743,0.7152811,-0.66334426,-0.16529708,0.32295188,-0.50177276,-0.028630845,0.46692085,-0.660294,-0.08003838,0.578231,-0.70779616,-0.12986758,0.684635,-0.71897346,-0.16471595,0.24565063,-0.5255282,-0.061480567,0.38608795,-0.7034071,-0.116987236,0.5035614,-0.76477134,-0.1536347,0.61573595,-0.7879526,-0.17527997,0.15499747,-0.51748836,-0.10108496,0.26896632,-0.668845,-0.1523877,0.37010723,-0.7236554,-0.17291398,0.46973726,-0.74153584,-0.18342707
C,Alejandro,Right,0.0,0.0,0.0,0.18018031,-0.016113725,-0.029301526,0.36029816,-0.09272358,-0.054166943,0.51582754,-0.09567683,-0.089850105,0.6500214,-0.09326818,-0.12667795,0.32917297,-0.47996444,0.043433554,0.4425578,-0.62592715,-0.0035113925,0.54717594,-0.68488044,-0.058273144,0.646063,-0.721189,-0.09818966,0.28138116,-0.52133006,0.013286725,0.40929392,-0.68601185,-0.024701046,0.52694696,-0.7492442,-0.07430413,0.63983446,-0.7685128,-0.1118727,0.22619647,-0.53281343,-0.030652208,0.3555353,-0.70427746,-0.069234625,0.48034018,-0.76875585,-0.1019784,0.5974948,-0.78534496,-0.12396877,0.16716212,-0.5154512,-0.08190111,0.2724069,-0.66275656,-0.11403341,0.37115467,-0.73002696,-0.12917593,0.46918124,-0.7573791,-0.1394444
C,Alejandro,Right,0.0,0.0,0.0,0.17374152,-0.13436821,-0.000114398405,0.31724137,-0.28134102,-0.049380846,0.44364145,-0.34061775,-0.11587184,0.56968266,-0.37408394,-0.18789263,0.17237197,-0.62147266,-0.049385622,0.23492695,-0.8634176,-0.13743217,0.34958425,-0.89598584,-0.20566574,0.4565869,-0.88967884,-0.2514365,0.112816475,-0.6007019,-0.11047316,0.19447125,-0.88987845,-0.19622569,0.33843684,-0.9202666,-0.26023623,0.4536716,-0.89047116,-0.30361873,0.054198366,-0.54104245,-0.17520091,0.1376505,-0.82073385,-0.24824858,0.2893147,-0.8662377,-0.29014656,0.41399032,-0.8573845,-0.31701797,0.0092038,-0.44185066,-0.24114099,0.07657303,-0.635121,-0.29994786,0.18694437,-0.72514105,-0.32963836,0.29163986,-0.7732779,-0.35044828
C,Alejandro,Right,0.0,0.0,0.0,0.17069727,-0.06626357,-0.07214154,0.33109438,-0.17282245,-0.13345926,0.47956216,-0.2004401,-0.19498707,0.6111999,-0.23341085,-0.2625539,0.25527534,-0.5504035,-0.10143232,0.32311836,-0.77188754,-0.1925687,0.40098098,-0.84994215,-0.26626554,0.48941076,-0.8720534,-0.31364742,0.17032468,-0.5578734,-0.12278759,0.22136289,-0.80052555,-0.19389637,0.30772686,-0.8789104,-0.2553649,0.4057894,-0.8774091,-0.300669,0.07086445,-0.5001191,-0.15391387,0.097162254,-0.72413296,-0.22319135,0.17082158,-0.79737717,-0.2750252,0.26106837,-0.80800444,-0.31094503,-0.032279495,-0.39631408,-0.19128571,-0.048548657,-0.5380568,-0.2595962,-0.020721028,-0.61653966,-0.2954152,0.02304238,-0.6515646,-0.31750852
C,Alejandro,Right,0.0,0.0,0.0,0.18676819,0.015984885,-0.038535237,0.38393688,-0.06172316,-0.060679875,0.54139537,-0.06426018,-0.08861169,0.67157227,-0.07232789,-0.11794541,0.34759548,-0.45751458,0.015291545,0.45280698,-0.6140161,-0.03482966,0.5448992,-0.6929112,-0.08731113,0.63443774,-0.745589,-0.124564506,0.28653473,-0.50981593,-0.0063957344,0.40894756,-0.6779557,-0.048928935,0.51600045,-0.7444851,-0.09404534,0.63016874,-0.7764582,-0.12685509,0.21290153,-0.532372,-0.04087954,0.34539974,-0.69693244,-0.09029716,0.4580217,-0.7655874,-0.121367574,0.573005,-0.7997759,-0.13956577,0.13227807,-0.52892697,-0.08176212,0.2531709,-0.66508466,-0.12915608,0.35297146,-0.72814804,-0.14699711,0.45569125,-0.76167727,-0.15539922
C,Alejandro,Right,0.0,0.0,0.0,0.19922152,0.009156099,-0.011267202,0.37272653,-0.038586605,-0.018710865,0.52528304,-0.01463806,-0.04192593,0.6544034,-0.022224985,-0.06531525,0.3657502,-0.40113702,0.09668834,0.4752439,-0.522688,0.060134828,0.5671433,-0.5817582,0.008420094,0.65767056,-0.61961013,-0.030066233,0.32952452,-0.47252303,0.060174137,0.46296757,-0.6237836,0.0263389,0.5736916,-0.6946573,-0.026622208,0.6841357,-0.72935474,-0.06650183,0.27450743,-0.5203875,0.0073808734,0.4140232,-0.67538047,-0.03888362,0.5316782,-0.7304817,-0.083974436,0.63743824,-0.7408952,-0.11162787,0.20954372,-0.550979,-0.050447747,0.3356042,-0.67787683,-0.0944104,0.4362443,-0.7139303,-0.1184894,0.53554934,-0.7132876,-0.13275166
C,Alejandro,Left,0.0,0.0,0.0,-0.21706563,-0.052921724,0.022772217,-0.39793938,-0.15244226,0.005460721,-0.54215586,-0.15029515,-0.036075044,-0.65630305,-0.15354635,-0.07615362,-0.27773377,-0.5879317,0.09456626,-0.39026672,-0.7628218,0.049551185,-0.5100346,-0.79681253,-0.010250614,-0.62167597,-0.77527505,-0.053910863,-0.24054071,-0.60006225,0.033814676,-0.3889578,-0.81609374,-0.017589118,-0.52434343,-0.83517635,-0.07854214,-0.632625,-0.7744583,-0.11999095,-0.20938015,-0.57981884,-0.037938777,-0.34303525,-0.800586,-0.07310861,-0.4895616,-0.83113426,-0.11010875,-0.6071766,-0.7867818,-0.13459827,-0.19720832,-0.5290867,-0.1127937,-0.320133,-0.6956298,-0.13191769,-0.43750423,-0.7628018,-0.14932899,-0.54561657,-0.7822182,-0.16390353
C,Alejandro,Left,0.0,0.0,0.0,-0.21899192,-0.013779306,0.029268453,-0.38000804,-0.10311445,0.0124250725,-0.5215007,-0.114098385,-0.025720105,-0.6457043,-0.09445875,-0.06459597,-0.23112127,-0.5529889,0.066364504,-0.37726256,-0.7203654,0.03380434,-0.5069841,-0.75748044,-0.004164663,-0.6187613,-0.7547928,-0.03241037,-0.20012645,-0.58051246,0.010929587,-0.39132234,-0.80902535,-0.029203726,-0.54203004,-0.81854,-0.065279305,-0.64681554,-0.76264644,-0.08943473,-0.19813734,-0.54893076,-0.05082738,-0.37397078,-0.787555,-0.08321991,-0.53095716,-0.81039494,-0.105660416,-0.64100295,-0.7669084,-0.11929969,-0.24022993,-0.47610414,-0.11293012,-0.38444775,-0.6582617,-0.13405429,-0.5051014,-0.7194264,-0.14530607,-0.60510856,-0.73204374,-0.1544551
C,Alejandro,Left,0.0,0.0,0.0,-0.21355711,-0.0052903323,0.08180897,-0.34777087,-0.0901629,0.08849187,-0.46340415,-0.086041346,0.06650314,-0.5616973,-0.08880127,0.040206894,-0.25446835,-0.5278441,0.08525306,-0.41061828,-0.72273296,0.052527267,-0.54552853,-0.7376693,0.02116701,-0.6570942,-0.70516324,0.0021639997,-0.22824186,-0.5522177,0.006352376,-0.43154332,-0.78869545,-0.026630867,-0.58757067,-0.78546727,-0.052948937,-0.692021,-0.7218774,-0.07018898,-0.22968407,-0.5171998,-0.07462852,-0.42730427,-0.7628352,-0.10044665,-0.58148736,-0.7683037,-0.11668945,-0.6899875,-0.7163482,-0.12885916,-0.27359602,-0.4406555,-0.15075141,-0.4308082,-0.61951077,-0.17421697,-0.5486015,-0.66368735,-0.18631878,-0.6464269,-0.66434324,-0.19598284
C,Alejandro,Left,0.0,0.0,0.0,-0.18139485,0.0007624996,0.071891285,-0.3292401,-0.073878884,0.06353746,-0.44538876,-0.064937115,0.032157145,-0.53638285,-0.059346408,-0.0010167225,-0.2229229,-0.5077522,0.020575771,-0.4309763,-0.7262143,-0.03224136,-0.5798475,-0.7246912,-0.07188295,-0.696319,-0.6556637,-0.08692218,-0.21431096,-0.4927685,-0.045075677,-0.45689952,-0.7258856,-0.086504154,-0.6197892,-0.7058665,-0.117725104,-0.7257227,-0.6123738,-0.1344275,-0.23174916,-0.44526625,-0.10731461,-0.44796526,-0.729245,-0.1144535,-0.6130424,-0.74241996,-0.12263161,-0.72647345,-0.6871945,-0.1296878,-0.29313657,-0.3704568,-0.16403928,-0.46511894,-0.5699032,-0.15768659,-0.5855086,-0.624335,-0.15052901,-0.6817868,-0.63631684,-0.14467295
C,Alejandro,Left,0.0,0.0,0.0,-0.18578763,0.06426874,0.01987707,-0.3309793,0.021448547,-0.000326701,-0.46387053,0.03885541,-0.042600106,-0.5853838,0.065039076,-0.085111246,-0.26962855,-0.49767616,0.07298997,-0.42890307,-0.6647604,0.040954657,-0.56083333,-0.689892,0.00010214176,-0.6697053,-0.6704582,-0.028950078,-0.24553248,-0.54501843,0.018052047,-0.4365637,-0.7347806,-0.0069839125,-0.59592956,-0.74579954,-0.04308665,-0.71068513,-0.7035102,-0.072693,-0.23890348,-0.54309666,-0.046733905,-0.4213628,-0.75412977,-0.07176449,-0.57799816,-0.766022,-0.098428056,-0.69245297,-0.72105783,-0.119371794,-0.262712,-0.5020851,-0.11394866,-0.40946668,-0.68296564,-0.13307257,-0.5291981,-0.7251764,-0.14486939,-0.6318673,-0.71671206,-0.15571077
C,Alejandro,Left,0.0,0.0,0.0,-0.1849391,0.081357345,0.050817017,-0.3085577,0.02324746,0.05029278,-0.43180487,0.040981434,0.023919234,-0.54897404,0.061379075,-0.004019482,-0.22214164,-0.5354551,0.10882653,-0.38764614,-0.7075682,0.09930756,-0.5220538,-0.7329801,0.076571435,-0.62380385,-0.71765333,0.05924504,-0.20634525,-0.59005344,0.046152312,-0.41900316,-0.78716624,0.05016198,-0.57312506,-0.76499736,0.035892706,-0.6674487,-0.70432436,0.01997086,-0.22773285,-0.580666,-0.023981668,-0.4346194,-0.79740494,-0.02577246,-0.59078395,-0.7804421,-0.037919164,-0.69338095,-0.72057116,-0.05234999,-0.29949796,-0.5285337,-0.093979485,-0.45570537,-0.7142362,-0.09898924,-0.57319885,-0.744818,-0.10145687,-0.6671524,-0.72450185,-0.107044764
C,Alejandro,Right,0.0,0.0,0.0,0.17563418,-0.061668944,-0.035493087,0.34363285,-0.1931704,-0.07217199,0.4881468,-0.23503062,-0.11528699,0.6115777,-0.2775477,-0.16210698,0.2526088,-0.5539862,-0.03610537,0.32044134,-0.7622153,-0.10051518,0.3945177,-0.83743244,-0.15361913,0.4763564,-0.8792523,-0.19070756,0.1782233,-0.5665681,-0.06646284,0.24571623,-0.8124205,-0.12690024,0.3417456,-0.87682664,-0.17588982,0.44364867,-0.8827378,-0.21048923,0.097671,-0.5340733,-0.10540734,0.16730282,-0.77571934,-0.16910015,0.26682305,-0.83824337,-0.20560473,0.36872867,-0.8503187,-0.22745027,0.017886518,-0.4653901,-0.1487426,0.0820121,-0.65559596,-0.21189801,0.17119874,-0.7370597,-0.24232215,0.26572534,-0.777218,-0.2602334
C,Alejandro,Right,0.0,0.0,0.0,0.16924089,-0.069831714,-0.017957048,0.3375076,-0.18539104,-0.058281105,0.47435483,-0.2259294,-0.10885647,0.5960502,-0.2546911,-0.1635141,0.22647712,-0.5428724,-0.041619297,0.29578772,-0.7644714,-0.11540065,0.39082178,-0.8327864,-0.17045504,0.48628408,-0.8657787,-0.20637941,0.16825534,-0.54661113,-0.0845385,0.26262742,-0.8066442,-0.15210935,0.38598853,-0.8636674,-0.20007312,0.49441227,-0.8692275,-0.2325514,0.10659879,-0.5115034,-0.13420291,0.20778723,-0.75756454,-0.200182,0.33965173,-0.8183851,-0.23523203,0.4560956,-0.83648074,-0.25642607,0.048823927,-0.43977982,-0.18616448,0.12808354,-0.6188266,-0.24528186,0.23023675,-0.6971642,-0.2712624,0.32786083,-0.7389202,-0.28693894
C,Alejandro,Right,0.0,0.0,0.0,0.19072054,-0.116429076,0.03787703,0.34117725,-0.23233964,0.01627969,0.46732163,-0.27378902,-0.029053183,0.5872199,-0.30605254,-0.07919325,0.18622285,-0.6015843,0.030717483,0.27278373,-0.78851384,-0.023678595,0.37976882,-0.8473231,-0.07041038,0.47749156,-0.8688645,-0.10370823,0.13470487,-0.6052515,-0.041086894,0.2724934,-0.82573783,-0.09238341,0.411303,-0.8686049,-0.13262893,0.5215194,-0.8532394,-0.16064157,0.09264257,-0.56410444,-0.11707605,0.23858792,-0.77111435,-0.16593641,0.37995282,-0.82092595,-0.18936478,0.4958666,-0.82712984,-0.20561273,0.06944685,-0.47964203,-0.19250686,0.18097173,-0.63496727,-0.23795314,0.288599,-0.69992405,-0.25241673,0.38470393,-0.73100686,-0.26075593
C,Alejandro,Right,0.0,0.0,0.0,0.1922864,-0.09478139,0.017286502,0.3317205,-0.21486543,-0.013840163,0.46061942,-0.25964957,-0.06186163,0.58164734,-0.27657518,-0.10970644,0.13563362,-0.643234,0.007564343,0.270607,-0.81308264,-0.050558742,0.40069667,-0.8408703,-0.10357123,0.50688636,-0.83221495,-0.13987195,0.09552027,-0.6401798,-0.046417724,0.27659395,-0.842732,-0.098276354,0.4274237,-0.8660876,-0.13934037,0.54075015,-0.8411833,-0.16621146,0.08178949,-0.5918583,-0.10308939,0.25443873,-0.78339547,-0.1422153,0.4016528,-0.8239547,-0.15929972,0.5154789,-0.82493603,-0.17050356,0.09610022,-0.49964282,-0.1616203,0.22546984,-0.6400035,-0.18666016,0.32363275,-0.70641154,-0.18813676,0.40744227,-0.7429996,-0.18793593
C,Alejandro,Right,0.0,0.0,0.0,0.18865778,-0.070357434,0.025528092,0.32672524,-0.17654903,0.0005555034,0.45103252,-0.2037285,-0.04436746,0.5705342,-0.2165177,-0.08754078,0.1670234,-0.6004329,0.035840493,0.3144306,-0.77513355,-0.010049415,0.43956557,-0.810766,-0.053727016,0.5401005,-0.811411,-0.08268993,0.13637581,-0.6059983,-0.01918602,0.32576033,-0.79857516,-0.058826372,0.47484392,-0.82862747,-0.09151629,0.58939195,-0.8078472,-0.11196703,0.13547903,-0.5681972,-0.07815422,0.31601313,-0.7658224,-0.10428023,0.46179587,-0.8125783,-0.11121852,0.5767991,-0.81636834,-0.11569195,0.167768,-0.49153286,-0.13949588,0.30542096,-0.6419986,-0.14987658,0.40403566,-0.7098383,-0.14083296,0.4880537,-0.74714357,-0.13335423
C,Alejandro,Right,0.0,0.0,0.0,0.20421037,-0.056775585,0.06160634,0.3433421,-0.18260531,0.07180185,0.4471236,-0.21514226,0.05765307,0.5466458,-0.22446094,0.045683395,0.18119608,-0.58311814,0.0981203,0.34442303,-0.73744327,0.0790728,0.4692661,-0.7724295,0.052701984,0.5700508,-0.76982164,0.035755105,0.16641173,-0.5869157,0.03704172,0.36072266,-0.751372,0.019882707,0.50380117,-0.7818527,-0.00061061693,0.61420506,-0.7543209,-0.008576708,0.18409179,-0.547666,-0.025936699,0.35811952,-0.7347666,-0.031768825,0.4996783,-0.7883211,-0.024711378,0.609314,-0.792929,-0.016703298,0.23697636,-0.4727595,-0.089283034,0.36756974,-0.6295519,-0.08885521,0.4626399,-0.69969064,-0.07185674,0.5436366,-0.731803,-0.054696284
C,Alejandro,Right,0.0,0.0,0.0,0.20217112,-0.038280778,0.04910292,0.34194508,-0.16740836,0.04998368,0.45015225,-0.20396097,0.025829606,0.5519227,-0.20543577,0.004866285,0.18886071,-0.5846669,0.079989895,0.3643443,-0.764191,0.045117225,0.5040412,-0.772219,0.01035103,0.6077832,-0.7425337,-0.008690085,0.18036604,-0.58373356,0.021470947,0.3869783,-0.7976652,-0.008438655,0.5452851,-0.7966565,-0.0342774,0.6536237,-0.73746634,-0.04375372,0.20696376,-0.5431244,-0.04004205,0.3876154,-0.7679425,-0.054678038,0.54442036,-0.792211,-0.052058708,0.65473187,-0.7558612,-0.044947073,0.27150163,-0.4625374,-0.10301075,0.41195053,-0.6392354,-0.102233246,0.5203366,-0.6924383,-0.0841874,0.60559714,-0.69693434,-0.06646355
C,Alejandro,Right,0.0,0.0,0.0,0.18294321,-0.039697,0.058899112,0.3096363,-0.15886675,0.06893399,0.41771215,-0.2091277,0.05509056,0.52209425,-0.21729638,0.042859692,0.16836756,-0.58481723,0.094036534,0.34306777,-0.74702644,0.081598386,0.47712106,-0.7707019,0.05954799,0.5773109,-0.7597386,0.04331185,0.16920556,-0.5934077,0.038141154,0.3731444,-0.79115576,0.030598048,0.5181534,-0.7974452,0.013339773,0.6236562,-0.75748277,0.0008574247,0.20524707,-0.5558877,-0.019164646,0.3929521,-0.7599186,-0.018176086,0.5363906,-0.78787,-0.0191304,0.63984936,-0.7685003,-0.023512695,0.276,-0.47802025,-0.076210156,0.4202009,-0.6437461,-0.06796192,0.5186855,-0.69860715,-0.05494788,0.59795046,-0.71551543,-0.04752973
C,Alejandro,Right,0.0,0.0,0.0,0.16670603,-0.02718259,0.055543642,0.30506334,-0.10458291,0.063858256,0.43326986,-0.12290827,0.045876715,0.53803325,-0.11112848,0.02980851,0.15910925,-0.5950876,0.119049795,0.32509053,-0.749428,0.1148125,0.46579787,-0.77725595,0.092976645,0.5693727,-0.7685367,0.075173214,0.17783764,-0.6164894,0.063830145,0.36552155,-0.79666656,0.070133224,0.508052,-0.80113196,0.0516013,0.612874,-0.76986456,0.033328574,0.22931042,-0.5920729,0.0052886303,0.40528646,-0.7778358,0.013304547,0.54559445,-0.7932191,0.007858388,0.6459563,-0.7633744,-0.0014951241,0.3100529,-0.5272321,-0.054237064,0.44186386,-0.6855732,-0.039927226,0.53957516,-0.7294976,-0.025778698,0.619878,-0.7352971,-0.019129507
C,Alejandro,Right,0.0,0.0,0.0,0.21449935,-0.02863788,0.09975083,0.34261417,-0.12072939,0.13661252,0.4626494,-0.1381705,0.13781673,0.5751531,-0.13326031,0.13775556,0.1739671,-0.5616827,0.19665049,0.3252297,-0.7090052,0.21480957,0.46166217,-0.7539914,0.20103909,0.56746584,-0.76390016,0.18716764,0.15726002,-0.59193397,0.12142228,0.34309033,-0.7678936,0.14206113,0.49847063,-0.8000297,0.12548333,0.6138764,-0.7780841,0.11026892,0.17665507,-0.5741394,0.043013964,0.35605407,-0.7647493,0.059529863,0.5110902,-0.7987165,0.053512618,0.6224804,-0.7826354,0.0456399,0.23584294,-0.5191148,-0.033278506,0.38220507,-0.6886393,-0.017821552,0.4933167,-0.7348087,-0.0042496803,0.5832278,-0.7379871,0.0036663893
C,Alejandro,Right,0.0,0.0,0.0,0.222869,-0.01318169,0.08970047,0.34877405,-0.095498264,0.11659814,0.46156114,-0.11266365,0.11047952,0.57295555,-0.11756001,0.10318323,0.19451608,-0.5471844,0.16343749,0.35582778,-0.68859565,0.16778564,0.4893633,-0.7285246,0.14669831,0.5943232,-0.7404708,0.12709375,0.17703387,-0.579265,0.0881264,0.38343725,-0.74326575,0.09183476,0.5445098,-0.7696135,0.06777287,0.66312164,-0.7440294,0.047360152,0.19560272,-0.55990136,0.010111913,0.3929419,-0.7358641,0.013058629,0.5504365,-0.7637425,0.0018340854,0.6631222,-0.7485112,-0.009636401,0.25096968,-0.5017544,-0.06576762,0.40262568,-0.6581634,-0.059810527,0.51251197,-0.70206845,-0.050563388,0.6019573,-0.7083411,-0.04618705
C,Alejandro,Right,0.0,0.0,0.0,0.24151818,0.0013912732,0.074291036,0.38035047,-0.08907138,0.09372201,0.48439124,-0.12787366,0.083153665,0.5710706,-0.18731557,0.073988795,0.2168903,-0.5669558,0.13957722,0.4107706,-0.6816742,0.12970863,0.5588896,-0.68528175,0.09772553,0.66638505,-0.6630249,0.0728159,0.20745178,-0.587277,0.07118428,0.4423976,-0.72176117,0.0622392,0.6100901,-0.7118517,0.029084254,0.730273,-0.66483724,0.0025909084,0.23537964,-0.55756134,-0.00016867806,0.4630622,-0.70525074,-0.0054372814,0.6289274,-0.70704466,-0.020390088,0.7421072,-0.6702812,-0.0344556,0.30126482,-0.48565587,-0.07059221,0.47578526,-0.6194745,-0.06885,0.59422326,-0.655323,-0.061456077,0.6862574,-0.65332365,-0.058552153
C,Alejandro,Right,0.0,0.0,0.0,0.25933406,-0.013084503,0.086058766,0.4029205,-0.120572925,0.12209727,0.5024501,-0.17698401,0.12344739,0.5680256,-0.26585415,0.12621416,0.23938233,-0.57679844,0.18865094,0.43229267,-0.67958397,0.18549995,0.59055,-0.67628187,0.15010484,0.7052292,-0.6430458,0.12201073,0.22219084,-0.62010473,0.116604544,0.45850194,-0.76084703,0.11234568,0.6301672,-0.7286993,0.07319429,0.74602425,-0.65119815,0.042478178,0.24208033,-0.6108193,0.03940511,0.4749399,-0.77738225,0.037221275,0.6441715,-0.7433931,0.014509961,0.75089943,-0.66041654,-0.0046327906,0.3012419,-0.55691034,-0.036794104,0.4820742,-0.7051924,-0.033890694,0.60704714,-0.703135,-0.031136854,0.696084,-0.6488603,-0.03189726
C,Alejandro,Right,0.0,0.0,0.0,0.25280505,-0.0013511615,0.060808834,0.38325378,-0.12200053,0.07886206,0.46491382,-0.1827588,0.07089066,0.50820875,-0.24436334,0.06358496,0.21309401,-0.60830754,0.10073497,0.42286193,-0.72098196,0.077339165,0.5846088,-0.7165421,0.037498284,0.7034825,-0.6767793,0.008255536,0.19451913,-0.628167,0.039304007,0.44103086,-0.76632905,0.018424215,0.62019736,-0.73651546,-0.016749138,0.7443607,-0.6667152,-0.043385852,0.21736495,-0.5966427,-0.024147036,0.4562312,-0.76396215,-0.040533353,0.62904155,-0.7396193,-0.0588228,0.73982793,-0.67279613,-0.072498016,0.2797254,-0.52566767,-0.08713814,0.45546836,-0.6905116,-0.095488094,0.57621694,-0.7033529,-0.09299382,0.6642463,-0.6696923,-0.09174427
C,Alejandro,Right,0.0,0.0,0.0,0.23961763,-0.051382683,0.08988674,0.38652316,-0.20768909,0.11769635,0.5258364,-0.2783426,0.10887974,0.6543003,-0.31190535,0.10049835,0.15670374,-0.6839094,0.16300002,0.3613958,-0.8502889,0.15784504,0.5283893,-0.80756056,0.12969887,0.63360614,-0.7155466,0.110341765,0.15721105,-0.7106547,0.08940073,0.39321786,-0.89291525,0.09258592,0.56983113,-0.82556224,0.067374855,0.6693447,-0.7026168,0.04927349,0.2024774,-0.6824912,0.01459919,0.41647562,-0.89474136,0.019851271,0.590406,-0.8421895,0.020057656,0.68444043,-0.72906876,0.019903367,0.29018742,-0.61378694,-0.058756005,0.45903787,-0.80745125,-0.04963314,0.5827457,-0.7959939,-0.02741401,0.6605812,-0.720165,-0.00958134
C,Alejandro,Right,0.0,0.0,0.0,0.24595515,-0.059794813,0.10707085,0.38257176,-0.19290249,0.14667101,0.51018274,-0.2598981,0.14804137,0.63582814,-0.29814973,0.1472914,0.16280936,-0.61075526,0.19658044,0.350688,-0.7531937,0.20814334,0.5085483,-0.76303285,0.18672647,0.6259607,-0.73509234,0.16629884,0.15156586,-0.6419717,0.11628194,0.3751229,-0.8153838,0.12527695,0.5483425,-0.7990074,0.09559911,0.6684872,-0.7236007,0.07113187,0.17886083,-0.6214589,0.034964528,0.38808393,-0.8242446,0.04328264,0.5601951,-0.80936253,0.030824782,0.67355824,-0.7391342,0.0178639,0.2478392,-0.5680446,-0.0428509,0.41142115,-0.7566651,-0.034814093,0.53448284,-0.76716816,-0.024714295,0.62815964,-0.72634155,-0.019129429
C,Alejandro,Right,0.0,0.0,0.0,0.23447895,-0.08215821,0.049481645,0.38802359,-0.2182518,0.05032439,0.5312643,-0.26302677,0.021928994,0.66354215,-0.30203068,-0.0048473324,0.19175197,-0.60149926,0.11967991,0.3788946,-0.71400344,0.089998126,0.52724767,-0.72256166,0.046705686,0.6332997,-0.7069342,0.016184581,0.16538623,-0.63222426,0.05310905,0.38304383,-0.7765642,0.022160148,0.5439736,-0.76897126,-0.015891507,0.657008,-0.7234438,-0.040266402,0.17490055,-0.62075806,-0.021005528,0.38039508,-0.79808325,-0.046486173,0.5430198,-0.7984283,-0.063139975,0.6571249,-0.75378174,-0.072261095,0.22220999,-0.5777031,-0.09699737,0.38161048,-0.74368256,-0.10984869,0.5016681,-0.77493536,-0.10613795,0.5955075,-0.76030546,-0.10191367
C,Alejandro,Right,0.0,0.0,0.0,0.2248314,-0.069782056,0.040570065,0.39269653,-0.21457812,0.049597472,0.54587287,-0.2779678,0.032324675,0.6752941,-0.31776324,0.014657099,0.26530913,-0.5738012,0.12565793,0.40743023,-0.695981,0.10038587,0.53529847,-0.7158238,0.06010712,0.6330832,-0.7089805,0.030753536,0.22264771,-0.6134522,0.066562556,0.4008121,-0.77385134,0.03414432,0.5440007,-0.7741268,-0.006490718,0.6518269,-0.73599964,-0.030503176,0.19728312,-0.61327064,-0.001992129,0.37308228,-0.805346,-0.040075477,0.5246152,-0.8100929,-0.06528401,0.6387753,-0.7693933,-0.07597912,0.19446357,-0.5806669,-0.0718388,0.34808764,-0.7542798,-0.10262113,0.47115037,-0.7805597,-0.11081489,0.57410526,-0.7616371,-0.11189507
C,Alejandro,Right,0.0,0.0,0.0,0.25777197,-0.08664737,0.08163129,0.4200808,-0.20687592,0.09857296,0.548709,-0.26526684,0.08130619,0.64887965,-0.34858537,0.063154735,0.25907233,-0.60769534,0.1474826,0.41440836,-0.7644438,0.13233244,0.5464307,-0.7778184,0.0981488,0.65009975,-0.7598489,0.071594924,0.21283717,-0.63853216,0.067286596,0.40733683,-0.83276856,0.044474367,0.5629874,-0.80856174,0.004410297,0.6681604,-0.72654927,-0.022127923,0.19137941,-0.62345123,-0.016624482,0.38464618,-0.8265653,-0.034855064,0.5446841,-0.801172,-0.052315056,0.65085477,-0.7254383,-0.06463068,0.20379835,-0.5675023,-0.098703764,0.3569652,-0.7415298,-0.110051,0.47697288,-0.75725025,-0.108478166,0.5696064,-0.7259718,-0.10705712
C,Alejandro,Right,0.0,0.0,0.0,0.22232912,-0.08274867,0.039005082,0.39034286,-0.20550363,0.04251439,0.52778167,-0.27453837,0.017714642,0.62618625,-0.3830001,-0.008156104,0.2845601,-0.58197933,0.12489405,0.41196993,-0.7644592,0.09419713,0.5328843,-0.7956009,0.047677018,0.62800354,-0.77821046,0.015945692,0.23346554,-0.6168346,0.061858136,0.38038197,-0.84459084,0.02388437,0.52378803,-0.8422433,-0.029981771,0.6255296,-0.7611811,-0.063014455,0.18301883,-0.6260979,-0.010478046,0.3310957,-0.8646013,-0.045347355,0.48022217,-0.85064137,-0.07625965,0.58678824,-0.77045524,-0.09307403,0.14784183,-0.60284954,-0.084390216,0.2829602,-0.7905345,-0.1130893,0.40191916,-0.8031413,-0.12248711,0.49470145,-0.75551695,-0.1250289
C,Alejandro,Right,0.0,0.0,0.0,0.21164262,-0.07034357,0.008849288,0.38307327,-0.19145976,0.0010550456,0.5192184,-0.2638108,-0.027923267,0.6117284,-0.38251317,-0.055469178,0.2717495,-0.5810594,0.09737281,0.3867188,-0.7630871,0.059067596,0.50679564,-0.80355525,0.008422318,0.6060237,-0.7954466,-0.025032265,0.21737419,-0.6165475,0.050433397,0.34878308,-0.8421344,0.006665679,0.49086434,-0.85054654,-0.04827065,0.602545,-0.7836539,-0.08153269,0.16184087,-0.6282795,-0.008193495,0.2985491,-0.85720813,-0.04922897,0.44724214,-0.86485153,-0.082044214,0.56311727,-0.8079475,-0.098781094,0.117876165,-0.60691017,-0.070733316,0.25064453,-0.78387856,-0.10388117,0.36903378,-0.8136389,-0.11653774,0.4679303,-0.78826314,-0.1205174
C,Alejandro,Right,0.0,0.0,0.0,0.20867148,-0.08534623,0.023139635,0.37496135,-0.21079847,0.010328111,0.50757635,-0.28665537,-0.025858324,0.60977757,-0.39957693,-0.06260677,0.23785351,-0.61087096,0.081886925,0.37077704,-0.799021,0.04340389,0.49907336,-0.8166399,-0.006865087,0.60513604,-0.7926809,-0.042411715,0.18226261,-0.6416985,0.025127973,0.3422942,-0.87054527,-0.019609109,0.49767375,-0.86320084,-0.07545587,0.61385816,-0.7894163,-0.11215023,0.13225159,-0.6422981,-0.039060395,0.2920043,-0.8755896,-0.07994519,0.4501661,-0.8554233,-0.110419035,0.56429493,-0.7802411,-0.12860134,0.10364928,-0.6082112,-0.10528096,0.24397512,-0.79199773,-0.13900182,0.369629,-0.8027081,-0.14879887,0.4698704,-0.7615341,-0.15235594
C,Alejandro,Right,0.0,0.0,0.0,0.20733657,-0.041163336,-0.02259649,0.3836848,-0.13660263,-0.041211665,0.52353126,-0.19702014,-0.07375501,0.6135358,-0.32734543,-0.105418086,0.2830441,-0.5497202,0.06276192,0.4005916,-0.7136828,0.008812507,0.5202334,-0.7492962,-0.051580843,0.62844783,-0.74279577,-0.08930247,0.23228447,-0.5928961,0.030614655,0.36529502,-0.796208,-0.018818075,0.49869752,-0.8223049,-0.07790913,0.6181013,-0.7860985,-0.11606924,0.173529,-0.61015576,-0.01593687,0.30780473,-0.8218349,-0.06773515,0.44734022,-0.8444674,-0.1087167,0.5653234,-0.8058323,-0.12969503,0.1176353,-0.5981238,-0.06838346,0.23534952,-0.7834104,-0.11485986,0.35215443,-0.8129989,-0.13456479,0.45691586,-0.78285754,-0.1410863
C,Alejandro,Right,0.0,0.0,0.0,0.2360477,-0.011232444,0.01969636,0.42130205,-0.09131625,0.028420286,0.57397723,-0.14623182,0.014166733,0.6688318,-0.2652942,1.3404768e-06,0.33505625,-0.51046133,0.14726435,0.47467113,-0.63927954,0.121402085,0.6044445,-0.66519797,0.07134857,0.71094006,-0.6605185,0.03681334,0.2922547,-0.5670624,0.09816916,0.4427825,-0.73333424,0.07444834,0.58831406,-0.74113965,0.022296274,0.70943946,-0.69348955,-0.014484077,0.241048,-0.5985748,0.034609716,0.390581,-0.7864223,0.004211451,0.5463185,-0.78994036,-0.030976968,0.67343855,-0.7392432,-0.052743513,0.19297473,-0.6008249,-0.033052113,0.32252714,-0.7694149,-0.06313006,0.44903132,-0.78879446,-0.07631908,0.5608026,-0.757186,-0.08193528
C,Alejandro,Right,0.0,0.0,0.0,0.24363233,-0.016303206,0.039924733,0.42152402,-0.09766071,0.057601266,0.57331437,-0.15245134,0.044518933,0.6854248,-0.27720267,0.030653818,0.34863845,-0.49895176,0.2047619,0.48749292,-0.62050086,0.20001833,0.611028,-0.6445103,0.1575321,0.7113671,-0.6488055,0.124364406,0.30951765,-0.56252176,0.14437468,0.47253683,-0.7225292,0.13612223,0.61371857,-0.7340769,0.0826856,0.7233793,-0.687341,0.0433972,0.26028883,-0.6022368,0.068589926,0.42529282,-0.77263576,0.05353624,0.5750308,-0.7747836,0.01838701,0.68738174,-0.7262963,-0.0057609514,0.21591474,-0.60718167,-0.0109793255,0.36307782,-0.7672753,-0.02839457,0.4836718,-0.7811342,-0.038253967,0.5832444,-0.74285316,-0.043991044
C,Alejandro,Right,0.0,0.0,0.0,0.23797992,-0.0069227144,0.06672701,0.4152543,-0.100120395,0.095715694,0.5594457,-0.16450359,0.089895114,0.6745596,-0.26140264,0.08364863,0.3226276,-0.52234715,0.22602312,0.4608937,-0.6367596,0.23425263,0.59293497,-0.6558321,0.20220621,0.6956148,-0.6518758,0.17566846,0.2880375,-0.58951235,0.15843603,0.4565328,-0.7318949,0.16298851,0.6057719,-0.72642756,0.120830305,0.720157,-0.6705617,0.08904797,0.26026765,-0.6247886,0.07885061,0.43698993,-0.77885276,0.07534572,0.60129607,-0.7608313,0.046972457,0.72098416,-0.69295156,0.026125044,0.24714842,-0.62465894,-0.0021845114,0.4120491,-0.77186406,-0.0088951895,0.54841876,-0.7698826,-0.013371939,0.65955466,-0.71856743,-0.016437933
C,Alejandro,Right,0.0,0.0,0.0,0.23798351,-0.03658886,0.054379392,0.39164105,-0.13800079,0.059079412,0.5407323,-0.1930678,0.033554833,0.68568474,-0.25141737,0.008253877,0.2410305,-0.5714036,0.13873892,0.44330785,-0.67875105,0.125592,0.5937591,-0.6683344,0.08987867,0.7006733,-0.6409926,0.061769545,0.21293816,-0.62054193,0.07463056,0.4544808,-0.7609138,0.05924447,0.62047076,-0.7282149,0.022670921,0.7329259,-0.66141677,-0.0046452563,0.21726476,-0.6161975,0.0040768,0.44902107,-0.7919848,-0.0130969845,0.62338626,-0.7549114,-0.033402152,0.737893,-0.6749177,-0.047662504,0.25573367,-0.573886,-0.06704859,0.4370273,-0.7515768,-0.078454696,0.5695284,-0.7471522,-0.07547097,0.6689386,-0.6926258,-0.07271767
C,Alejandro,Right,0.0,0.0,0.0,0.23581481,-0.006994243,0.030101195,0.3897644,-0.09916259,0.024379155,0.5460723,-0.15091933,-0.004382562,0.68332666,-0.20847788,-0.029680941,0.24254295,-0.5521749,0.09441599,0.45984218,-0.6249057,0.06926738,0.60177344,-0.5860728,0.029257523,0.68492347,-0.5348694,0.0017898899,0.21652366,-0.61258996,0.047392145,0.4635382,-0.74928397,0.02925482,0.6294397,-0.7175659,-0.00126057,0.73329663,-0.6494559,-0.02372771,0.22463213,-0.6089354,-0.00648383,0.44997942,-0.80149496,-0.02753269,0.621817,-0.7667823,-0.045396302,0.7307223,-0.6826748,-0.05535639,0.27186662,-0.5607829,-0.06183514,0.4534286,-0.7470664,-0.077809185,0.58892006,-0.7453133,-0.07712841,0.69040084,-0.68814147,-0.07376784
C,Alejandro,Right,0.0,0.0,0.0,0.22669123,-0.11577096,0.056790065,0.37550622,-0.26876676,0.05476681,0.4972644,-0.3469862,0.027601296,0.60670674,-0.4139394,0.002443488,0.17819442,-0.6366415,0.07350429,0.35389706,-0.8103634,0.040669687,0.50304085,-0.81664336,0.0012813052,0.6180215,-0.7861612,-0.026125759,0.13703455,-0.64660484,0.008843214,0.36535817,-0.8566207,-0.026511375,0.5240021,-0.83427364,-0.06025864,0.6263866,-0.7673486,-0.08082549,0.12965882,-0.6178705,-0.0565312,0.336294,-0.83109725,-0.08008247,0.4951889,-0.817763,-0.089618824,0.59943616,-0.75121826,-0.095513046,0.16170691,-0.5562811,-0.12138959,0.31575006,-0.7243033,-0.1310681,0.43299735,-0.73818624,-0.12320969,0.51948243,-0.7067753,-0.11666429
C,Alejandro,Right,0.0,0.0,0.0,0.25210768,-0.11721664,0.07010114,0.39265743,-0.26301673,0.075743735,0.50240487,-0.3283878,0.05161342,0.6117763,-0.38699323,0.028441288,0.19377418,-0.66859925,0.09275415,0.38113087,-0.81068915,0.059931185,0.52492154,-0.8032189,0.021998916,0.6322289,-0.7636785,-0.0061793067,0.16055377,-0.67137057,0.01796017,0.391839,-0.84129506,-0.022062412,0.5503216,-0.8135876,-0.05857632,0.65980947,-0.7423658,-0.08119626,0.16461278,-0.6296244,-0.058538586,0.38654995,-0.8158643,-0.089194044,0.55130506,-0.8043003,-0.10413792,0.66557163,-0.746334,-0.112711474,0.20899883,-0.5522973,-0.13347931,0.37166363,-0.71304065,-0.15149622,0.49199596,-0.7495403,-0.15183873,0.58767366,-0.74208176,-0.15154646
C,Alejandro,Right,0.0,0.0,0.0,0.26664892,-0.08996416,0.0421845,0.41638893,-0.224891,0.02441848,0.52014065,-0.28150842,-0.020244364,0.6293703,-0.33167532,-0.06393299,0.20084733,-0.6559455,0.041927654,0.42644772,-0.8058698,-0.012677811,0.5840729,-0.77614725,-0.06643855,0.69542265,-0.7126301,-0.10178801,0.17830245,-0.64802605,-0.028188342,0.441267,-0.82044107,-0.08087065,0.610522,-0.7830256,-0.12752421,0.71816915,-0.69586855,-0.15523838,0.20162645,-0.5835295,-0.099887796,0.43614087,-0.78471017,-0.13425429,0.6074614,-0.7632068,-0.14427403,0.7186234,-0.69121027,-0.14772122,0.26699966,-0.47630346,-0.17290792,0.43728966,-0.6586319,-0.18811622,0.55696404,-0.6887503,-0.17570844,0.6435078,-0.6701205,-0.16385669
C,Alejandro,Right,0.0,0.0,0.0,0.24746594,-0.078522794,0.05062693,0.39080644,-0.22382739,0.050249934,0.49490282,-0.29018092,0.022438196,0.60817504,-0.35320604,-0.003644082,0.17221437,-0.66291136,0.08734337,0.37091845,-0.8116412,0.04921294,0.5245507,-0.8028997,0.0022831329,0.6355104,-0.7543558,-0.030392753,0.15526529,-0.66592985,0.020785673,0.3938858,-0.8416387,-0.022109909,0.5604228,-0.8073903,-0.06925681,0.67109597,-0.7192035,-0.0974575,0.1855103,-0.621483,-0.04841408,0.39642346,-0.8336831,-0.080382116,0.5628774,-0.81428695,-0.097623914,0.6730488,-0.7395981,-0.10534533,0.25605598,-0.54084134,-0.117913194,0.40819192,-0.7311362,-0.13713531,0.5236585,-0.75764805,-0.13198133,0.61293054,-0.73039234,-0.124342084
C,Alejandro,Right,0.0,0.0,0.0,0.22701488,-0.06606572,0.067960605,0.36413845,-0.2000273,0.07459512,0.4753598,-0.26812014,0.05243593,0.58260095,-0.3086318,0.030732222,0.16148762,-0.65753514,0.09125758,0.37315765,-0.8132948,0.06952914,0.53353083,-0.7927252,0.03423686,0.6451293,-0.74116004,0.006916545,0.16578552,-0.6650002,0.022259727,0.40329885,-0.84347975,0.0049609845,0.5773522,-0.8019948,-0.028754348,0.6896064,-0.7158075,-0.055564318,0.20922588,-0.62029713,-0.045698494,0.4219154,-0.8265865,-0.05378835,0.59218776,-0.7952169,-0.062281497,0.7002243,-0.7139229,-0.0728276,0.2900243,-0.54054284,-0.11263737,0.4431759,-0.71764463,-0.11244494,0.55869126,-0.72873366,-0.09856667,0.6427356,-0.6899935,-0.090363175
C,Alejandro,Right,0.0,0.0,0.0,0.2212473,-0.04882461,0.08319382,0.35755852,-0.17310663,0.09845565,0.47963825,-0.23677142,0.08109348,0.5945507,-0.26900986,0.06376874,0.17195867,-0.65949863,0.12207555,0.3872236,-0.81012416,0.111982726,0.54706097,-0.7746906,0.0829792,0.6583412,-0.71058035,0.059306294,0.17703962,-0.6721652,0.049038637,0.41675946,-0.84702027,0.04415388,0.5877655,-0.79242253,0.015476142,0.69944763,-0.6952452,-0.009226256,0.21988271,-0.62907475,-0.022831634,0.44105974,-0.8272452,-0.018915951,0.60947627,-0.78677064,-0.023397304,0.715432,-0.6986824,-0.032983456,0.3001809,-0.54667497,-0.09297958,0.4663496,-0.7223933,-0.08067141,0.583944,-0.7272244,-0.06178051,0.66848564,-0.68358004,-0.051728077
C,Alejandro,Right,0.0,0.0,0.0,0.21330759,-0.043118134,0.09765751,0.34830838,-0.15374282,0.12338695,0.47471318,-0.21611542,0.11432509,0.5850986,-0.24616198,0.10357441,0.16496165,-0.66544366,0.1458096,0.38691226,-0.80208004,0.1509654,0.5480106,-0.76559794,0.12934975,0.6609307,-0.7009247,0.10895724,0.17791243,-0.69202745,0.07086717,0.4233363,-0.8439859,0.08474326,0.5889618,-0.77844906,0.061614554,0.69652474,-0.6778552,0.037571862,0.22926456,-0.6538361,-0.0016169164,0.45476437,-0.83537036,0.014291779,0.62102216,-0.78364414,0.0102742305,0.72452945,-0.68924385,-0.0017455249,0.3174461,-0.57254857,-0.07080558,0.48958918,-0.74123174,-0.05295948,0.6097026,-0.7282656,-0.031903006,0.6944194,-0.66904855,-0.0209758
C,Alejandro,Right,0.0,0.0,0.0,0.25954035,0.045560703,0.060733177,0.44593793,-0.0026517748,0.09068622,0.6083345,-0.0106628435,0.082052894,0.7461167,-0.08797069,0.06982181,0.4266493,-0.4098409,0.2467394,0.5765051,-0.50101274,0.24958234,0.7054788,-0.51059234,0.20581192,0.81776637,-0.5056967,0.16721173,0.39677972,-0.49003968,0.16944821,0.56632197,-0.6183499,0.16748282,0.71526456,-0.61049265,0.10971323,0.8377339,-0.5460786,0.06286156,0.34694776,-0.54973894,0.07513608,0.5273099,-0.6970815,0.05569038,0.6778689,-0.66817915,0.013119274,0.7947829,-0.59816957,-0.018085215,0.2937311,-0.5715615,-0.021702852,0.4681476,-0.715685,-0.048532795,0.5967018,-0.69691014,-0.06548859,0.702592,-0.6272952,-0.07815306
C,Alejandro,Right,0.0,0.0,0.0,0.2387734,0.07314188,0.049052257,0.43074223,0.053658612,0.07597356,0.5990182,0.054348998,0.07036445,0.74770945,-0.017549433,0.064096235,0.39789444,-0.41406474,0.25859904,0.55725837,-0.4804823,0.27887106,0.6964439,-0.4704782,0.24243897,0.80851245,-0.44921303,0.21055076,0.37836605,-0.500015,0.20045,0.5673893,-0.5994056,0.23104298,0.72438145,-0.5863172,0.18530908,0.8486844,-0.5136881,0.14290833,0.34918725,-0.557258,0.12598765,0.5413851,-0.67376786,0.14778516,0.69609946,-0.6500452,0.122824535,0.8140114,-0.58084893,0.09665331,0.32240567,-0.57726043,0.046393592,0.49849656,-0.6950256,0.05826832,0.63070375,-0.6790504,0.06249533,0.7350954,-0.614582,0.062098484
C,Alejandro,Right,0.0,0.0,0.0,0.2783023,0.09495347,0.25688845,0.44825423,0.08483925,0.3914997,0.59817415,0.07205662,0.45295656,0.7447292,0.015403796,0.5088785,0.3252121,-0.4094109,0.5879841,0.50927675,-0.454149,0.72208434,0.67584646,-0.4365837,0.7277969,0.79727304,-0.41843683,0.7098523,0.3232119,-0.50044376,0.44855174,0.54833066,-0.57242393,0.5893221,0.73092514,-0.5365104,0.54933727,0.85624075,-0.46114734,0.49207255,0.34149653,-0.5525374,0.30299953,0.5623455,-0.63535815,0.42889497,0.7354195,-0.59496576,0.40854454,0.8542104,-0.5199275,0.36048955,0.39814824,-0.5578528,0.16554667,0.5869769,-0.63992435,0.26903015,0.7187937,-0.61579555,0.2954136,0.81797314,-0.5681474,0.28989574
C,Alejandro,Right,0.0,0.0,0.0,0.26074234,0.16091754,0.25507337,0.4296136,0.1664812,0.4106412,0.5917465,0.14988169,0.49116966,0.7386626,0.079659514,0.5705273,0.31722865,-0.34743544,0.6692778,0.50243753,-0.37716314,0.8343422,0.66521853,-0.33988747,0.86579925,0.7743187,-0.31627008,0.87327754,0.33568296,-0.46991733,0.5490573,0.5629087,-0.5206616,0.7399382,0.74235004,-0.471492,0.73750037,0.86634743,-0.39528304,0.7117528,0.36878437,-0.5495907,0.41605297,0.59477806,-0.60449153,0.5836186,0.7629112,-0.55254006,0.59870577,0.8748621,-0.46530986,0.5796961,0.43198043,-0.58746,0.2876461,0.6313696,-0.63978785,0.43084475,0.76764715,-0.5840633,0.4910973,0.86348647,-0.504372,0.51561046
C,Alejandro,Right,0.0,0.0,0.0,0.24914631,0.17021541,0.23826294,0.42804256,0.19195691,0.38274845,0.5893892,0.17718157,0.45509917,0.74171776,0.10657888,0.5249978,0.2975461,-0.34900087,0.65005076,0.49210122,-0.38903934,0.8114249,0.66104865,-0.35464036,0.84277284,0.77448404,-0.3398276,0.8495111,0.33166853,-0.47757447,0.5381994,0.55703896,-0.50582373,0.7247199,0.7421266,-0.4564515,0.716131,0.8685775,-0.3848896,0.68401146,0.3761308,-0.57029927,0.4134115,0.59776396,-0.5948153,0.58364254,0.76295793,-0.54220533,0.59436053,0.8702461,-0.4648125,0.5695884,0.4470683,-0.62411153,0.29169744,0.6399984,-0.6532292,0.44218037,0.77007717,-0.5937872,0.50137496,0.85248303,-0.52275485,0.52234244
C,Alejandro,Right,0.0,0.0,0.0,0.25155765,0.19550464,0.2169054,0.42593634,0.23997617,0.35126215,0.59926146,0.22793555,0.41350293,0.7472498,0.13610719,0.47408298,0.31697798,-0.28314686,0.65635896,0.49258038,-0.33587742,0.8032787,0.6534021,-0.2910604,0.82401556,0.75738204,-0.2605196,0.8278847,0.35488302,-0.42160207,0.5478969,0.573202,-0.46864918,0.72187173,0.75748855,-0.42876422,0.70553505,0.8886376,-0.35910302,0.67124593,0.38815802,-0.5488836,0.42023,0.59883994,-0.5748538,0.57889867,0.77004623,-0.52852744,0.58073443,0.8862883,-0.45797548,0.5516925,0.42460567,-0.6462814,0.2931702,0.6128302,-0.667401,0.43506938,0.75054646,-0.6077781,0.48750117,0.8453989,-0.53413546,0.5040615
C,Alejandro,Right,0.0,0.0,0.0,0.18877575,0.18135978,0.08719834,0.38339207,0.24386774,0.15217243,0.5480659,0.23779602,0.179155,0.7009,0.1532358,0.20747215,0.31851298,-0.31316003,0.37765265,0.5057013,-0.34406164,0.45057166,0.6624789,-0.29531974,0.44544843,0.76653796,-0.25474307,0.4389509,0.34023625,-0.4518278,0.32817414,0.56170577,-0.47087812,0.42963707,0.7347956,-0.42807245,0.40291864,0.86461407,-0.35150176,0.36883056,0.3618467,-0.5658068,0.26317585,0.578591,-0.60099655,0.36059207,0.7376258,-0.55083364,0.35696313,0.84343493,-0.48022333,0.33628058,0.38541287,-0.66215,0.19348347,0.5724888,-0.72006494,0.2788486,0.7081776,-0.6775876,0.31641197,0.8001647,-0.5997803,0.3350486
C,Alejandro,Left,0.0,0.0,0.0,-0.20061332,0.044918194,0.036150437,-0.37612855,0.014426822,0.037795983,-0.525458,0.0662832,0.0081886295,-0.6621274,0.115954325,-0.0212204,-0.33498508,-0.48389605,0.16893834,-0.47302023,-0.627323,0.16751747,-0.5957985,-0.65401644,0.13857155,-0.6980094,-0.6388665,0.11478285,-0.30494604,-0.5426373,0.106361225,-0.4662542,-0.7178362,0.1158665,-0.60764915,-0.7189209,0.09426367,-0.70887727,-0.66409886,0.075583726,-0.2791163,-0.5753099,0.028399333,-0.44121456,-0.7650513,0.032308225,-0.5934404,-0.7634312,0.024533654,-0.705182,-0.7087866,0.017150287,-0.26985818,-0.58290577,-0.055350985,-0.41556203,-0.7483943,-0.05653561,-0.5446902,-0.7781907,-0.054149974,-0.6525446,-0.7577503,-0.052875564
C,Alejandro,Left,0.0,0.0,0.0,-0.18781987,0.08870175,0.038537614,-0.3596208,0.08604442,0.049614314,-0.5112262,0.14804825,0.030760944,-0.6547247,0.19463526,0.013125329,-0.31992793,-0.4599662,0.20584391,-0.4669261,-0.572657,0.23449661,-0.5957208,-0.5962205,0.21886072,-0.70129925,-0.5876418,0.19939071,-0.302145,-0.52945614,0.15231475,-0.47133845,-0.6729905,0.1998358,-0.61949146,-0.67873263,0.18659313,-0.728749,-0.6431716,0.16449772,-0.28832316,-0.57375646,0.0829868,-0.45751056,-0.7394202,0.11536071,-0.60843974,-0.7397583,0.10826519,-0.721403,-0.6925155,0.09320806,-0.2923126,-0.5970978,0.007643306,-0.43807852,-0.74756914,0.02412395,-0.56537986,-0.7626573,0.03064324,-0.6737799,-0.7312929,0.030379351
C,Alejandro,Left,0.0,0.0,0.0,-0.19036494,0.12595662,0.07277769,-0.35734493,0.13719958,0.1064865,-0.51624244,0.19230199,0.10033874,-0.6711654,0.22827083,0.09127522,-0.31022164,-0.4109528,0.2879083,-0.47093517,-0.52324086,0.34919268,-0.6032347,-0.5557668,0.3455831,-0.7134116,-0.5640259,0.3290804,-0.2915183,-0.4976357,0.21991478,-0.46242246,-0.6397886,0.29825532,-0.6206661,-0.660378,0.28288576,-0.7353396,-0.6427665,0.25345066,-0.27754265,-0.5633079,0.13640234,-0.43879783,-0.7237734,0.19753714,-0.59566593,-0.736946,0.18871443,-0.7141354,-0.7000076,0.16594641,-0.27752817,-0.6062969,0.04787328,-0.41618672,-0.7662829,0.08511945,-0.541642,-0.79090047,0.09621232,-0.64821273,-0.7610658,0.094784826
C,Alejandro,Left,0.0,0.0,0.0,-0.19196033,0.11920622,0.06391091,-0.3714738,0.13908185,0.09282713,-0.53565204,0.1923101,0.08414972,-0.69085723,0.22214589,0.07230685,-0.33711413,-0.38182327,0.26706144,-0.49849182,-0.47496942,0.32264212,-0.6264667,-0.50265896,0.31736514,-0.7363235,-0.50992745,0.2988041,-0.31979403,-0.4755795,0.20192914,-0.49776697,-0.5902946,0.27135256,-0.6457867,-0.6075676,0.25432634,-0.76100945,-0.5911077,0.22487144,-0.3021747,-0.54991776,0.12169948,-0.47381884,-0.68145686,0.1764353,-0.61907613,-0.6907416,0.16648911,-0.73929995,-0.6583186,0.1429093,-0.29201552,-0.6014386,0.036102112,-0.44423443,-0.7298666,0.06755973,-0.56397986,-0.7563097,0.07441413,-0.6741639,-0.7385818,0.07006353
C,Alejandro,Left,0.0,0.0,0.0,-0.18446937,0.1528766,0.07291529,-0.3582184,0.18658906,0.115473665,-0.52389747,0.24705651,0.11992946,-0.6784788,0.26655245,0.121995024,-0.29460284,-0.33983278,0.31495732,-0.43685758,-0.44094896,0.4023617,-0.5686087,-0.4716678,0.4163497,-0.6772968,-0.4729843,0.40904427,-0.29352716,-0.44620347,0.2577974,-0.46468046,-0.5537126,0.35569462,-0.6266824,-0.5674925,0.3495256,-0.7467676,-0.55761755,0.32491577,-0.2935823,-0.53563744,0.18542723,-0.46625105,-0.65413326,0.2690887,-0.6142958,-0.6631891,0.26795924,-0.73756295,-0.6394617,0.2466484,-0.29829174,-0.6101133,0.10784144,-0.4443981,-0.74043345,0.1665113,-0.56326556,-0.7643095,0.18654317,-0.67148817,-0.74101526,0.18887296
C,Alejandro,Left,0.0,0.0,0.0,-0.19441204,0.14749359,-0.005292753,-0.37498662,0.19748354,-0.016433232,-0.5537149,0.25217488,-0.05143067,-0.7165325,0.2726254,-0.08550361,-0.3672157,-0.3297902,0.17332266,-0.5260573,-0.4193362,0.1913477,-0.6552664,-0.4512942,0.16528577,-0.76479346,-0.460402,0.13565543,-0.34967265,-0.43306774,0.13879861,-0.52906156,-0.5324727,0.16791375,-0.6774045,-0.5567586,0.14201017,-0.8000751,-0.55871433,0.11151095,-0.32763866,-0.5275799,0.08515946,-0.5042486,-0.6381483,0.106103525,-0.6512907,-0.65280163,0.09286557,-0.7763995,-0.6302411,0.07416414,-0.30032244,-0.6117684,0.021444827,-0.46198663,-0.7212361,0.027920306,-0.58653057,-0.7364273,0.028723042,-0.69879055,-0.70893955,0.025235502
C,Alejandro,Left,0.0,0.0,0.0,-0.23396431,0.0639799,0.04056257,-0.4210574,0.03009747,0.018910244,-0.571198,0.06924542,-0.025611427,-0.6857752,0.124883026,-0.06985462,-0.333959,-0.4973067,0.06829642,-0.537523,-0.65453523,0.02466391,-0.6968686,-0.623883,-0.023843527,-0.8247803,-0.5406834,-0.05483717,-0.31086692,-0.5185067,0.0043354495,-0.5837502,-0.7063668,-0.036152285,-0.75341547,-0.6449272,-0.07841232,-0.84760433,-0.5275405,-0.10709983,-0.3073146,-0.4749165,-0.064548545,-0.55636597,-0.679113,-0.08605006,-0.733509,-0.63534695,-0.10537339,-0.8427572,-0.5382938,-0.11952275,-0.3382294,-0.38312128,-0.1328242,-0.5408418,-0.54165417,-0.13929541,-0.67936814,-0.55592626,-0.13848518,-0.782705,-0.5276179,-0.13967459
C,Alejandro,Left,0.0,0.0,0.0,-0.23374887,0.028392097,0.029308692,-0.42946383,-0.018017557,-0.0028815155,-0.584602,0.018139116,-0.056162626,-0.69916886,0.068612225,-0.108553104,-0.32062665,-0.522722,0.048374265,-0.5195337,-0.6797334,-0.008339755,-0.6762631,-0.66405684,-0.06773539,-0.81139934,-0.5844922,-0.10589619,-0.30226195,-0.52322364,-0.012093582,-0.5732508,-0.7208777,-0.07661218,-0.7350637,-0.66519266,-0.1352715,-0.8287143,-0.54367733,-0.17073908,-0.29609498,-0.47191858,-0.07676769,-0.5286087,-0.6837886,-0.11310842,-0.6997037,-0.65398026,-0.14249012,-0.80782104,-0.5578952,-0.16013253,-0.31767753,-0.38364196,-0.14114611,-0.49617097,-0.54178095,-0.15427084,-0.6329015,-0.5664447,-0.16025764,-0.7390001,-0.5473904,-0.16517545
C,Alejandro,Left,0.0,0.0,0.0,-0.23701815,0.042703643,-0.012134974,-0.44208226,0.009931443,-0.058901455,-0.60038877,0.039248925,-0.114475384,-0.7113613,0.0911672,-0.16523136,-0.33394372,-0.5205448,-0.0036013382,-0.53070855,-0.6755641,-0.07685013,-0.69436634,-0.6549143,-0.14578821,-0.82531136,-0.5646779,-0.18829867,-0.31484243,-0.51605093,-0.03875286,-0.58350897,-0.7084098,-0.115821965,-0.74705666,-0.64978576,-0.17678666,-0.8370396,-0.52760416,-0.21271808,-0.30489576,-0.46100953,-0.08034355,-0.52764523,-0.65451527,-0.12722263,-0.70525944,-0.6251091,-0.16294448,-0.8159719,-0.5298381,-0.1827088,-0.31705695,-0.366872,-0.12430985,-0.48615116,-0.51096773,-0.14677292,-0.6249114,-0.5349811,-0.16161792,-0.73332727,-0.51760316,-0.17119619
C,Alejandro,Left,0.0,0.0,0.0,-0.23130344,0.023485782,-0.014989052,-0.44963884,-0.019997332,-0.058855418,-0.6086487,0.0065520806,-0.109899886,-0.71290565,0.047517136,-0.15415585,-0.33367562,-0.5118867,-0.0015373015,-0.5148872,-0.67605966,-0.071969725,-0.67631185,-0.67056775,-0.13838851,-0.8087195,-0.58819443,-0.17999981,-0.31497714,-0.5081283,-0.03440585,-0.57046247,-0.726497,-0.11377269,-0.7214895,-0.68103844,-0.17352633,-0.8044869,-0.5587392,-0.20578606,-0.29906994,-0.4640373,-0.07341064,-0.50168896,-0.6788714,-0.11936322,-0.6705745,-0.66361064,-0.15109509,-0.779242,-0.5713103,-0.1666577,-0.30180764,-0.3819912,-0.11522737,-0.46204147,-0.5281113,-0.13382679,-0.59697425,-0.5570086,-0.14441708,-0.7053584,-0.5419581,-0.15082683
C,Alejandro,Left,0.0,0.0,0.0,-0.23572141,-0.0020748335,-0.00248464,-0.43892977,-0.051740438,-0.042597838,-0.5981764,-0.02546316,-0.09820894,-0.718335,0.014236532,-0.149021,-0.35677993,-0.5154678,0.02754376,-0.5312792,-0.677103,-0.041581523,-0.6697298,-0.6795057,-0.1088315,-0.7823864,-0.6227933,-0.1525593,-0.3239669,-0.53251123,-0.0189763,-0.5495824,-0.746944,-0.0976879,-0.69236684,-0.7122745,-0.15789151,-0.77825546,-0.6033153,-0.19129236,-0.29259267,-0.51121145,-0.074299045,-0.48332933,-0.73111516,-0.12476229,-0.641496,-0.7097016,-0.15683289,-0.745509,-0.6181401,-0.17273447,-0.27386835,-0.44887382,-0.13293613,-0.419886,-0.5974741,-0.1586148,-0.54736716,-0.6227837,-0.17289603,-0.65169054,-0.60035896,-0.18167138
C,Alejandro,Left,0.0,0.0,0.0,-0.21982536,-0.03430791,0.0048296363,-0.41873884,-0.118056275,-0.026836503,-0.5710408,-0.09222694,-0.07745382,-0.6960485,-0.056282412,-0.12596335,-0.3484357,-0.50886405,0.035586685,-0.48709285,-0.6950813,-0.03310585,-0.615309,-0.7208224,-0.09814235,-0.7194101,-0.69458556,-0.14199923,-0.30578065,-0.5284521,-0.01973255,-0.47181404,-0.77699894,-0.103931315,-0.61804706,-0.75093615,-0.16220635,-0.71457934,-0.65692645,-0.19182147,-0.26061118,-0.516361,-0.084619835,-0.4085365,-0.76701266,-0.14248863,-0.5607504,-0.75226355,-0.1726494,-0.6687375,-0.676856,-0.1849998,-0.22066803,-0.46319732,-0.15281115,-0.33996013,-0.6407873,-0.18450919,-0.46069402,-0.6890688,-0.19994786,-0.5637989,-0.691463,-0.2090916
C,Alejandro,Left,0.0,0.0,0.0,-0.21957947,-0.03563035,-0.01749802,-0.41382024,-0.108414136,-0.07029756,-0.5659343,-0.08447961,-0.13724136,-0.6889607,-0.05574846,-0.20052676,-0.341023,-0.5173686,-0.007132518,-0.47426733,-0.7276614,-0.10502329,-0.6102413,-0.7456023,-0.1910539,-0.711238,-0.70295125,-0.2451072,-0.2960686,-0.5281986,-0.05707589,-0.46130067,-0.80278033,-0.17116122,-0.60665226,-0.76807684,-0.24774022,-0.69396466,-0.6610356,-0.2847887,-0.24223652,-0.5079478,-0.11706858,-0.37903082,-0.7782649,-0.1945513,-0.5375075,-0.7648163,-0.23498261,-0.6427229,-0.6789601,-0.24965811,-0.19097394,-0.44334865,-0.18154421,-0.30670702,-0.6210882,-0.22708233,-0.43405324,-0.6693641,-0.25067082,-0.5378096,-0.66751385,-0.26237738
C,Alejandro,Left,0.0,0.0,0.0,-0.20955089,-0.05342196,-0.03677013,-0.39806518,-0.13728774,-0.10493596,-0.5585253,-0.107347034,-0.18293397,-0.6792197,-0.07667458,-0.2578896,-0.31147632,-0.5450576,-0.039969966,-0.4184885,-0.79138803,-0.1542298,-0.5511615,-0.80573386,-0.25363445,-0.6686107,-0.74361265,-0.31420088,-0.264332,-0.53504074,-0.08181068,-0.4220906,-0.8457234,-0.2170236,-0.5614662,-0.80931145,-0.31305757,-0.65386426,-0.6889375,-0.3599043,-0.20188366,-0.5031487,-0.13280669,-0.32077888,-0.7859681,-0.22592635,-0.48005795,-0.79357034,-0.28673756,-0.59457034,-0.7082266,-0.31170407,-0.1400812,-0.43718627,-0.18790686,-0.24719408,-0.6340782,-0.23994154,-0.36897162,-0.6932028,-0.271976,-0.47237918,-0.68911576,-0.2889216
C,Alejandro,Left,0.0,0.0,0.0,-0.20514278,-0.050774787,-0.03593451,-0.39145097,-0.13782983,-0.103659056,-0.54977155,-0.117340185,-0.18313232,-0.6768002,-0.08724544,-0.2592094,-0.31993234,-0.548925,-0.03452159,-0.41844785,-0.81287456,-0.15025288,-0.5398789,-0.8242285,-0.24831551,-0.6451094,-0.7640902,-0.30503577,-0.2587359,-0.5477712,-0.07694585,-0.37760496,-0.8757158,-0.21367823,-0.5099174,-0.8312921,-0.3026256,-0.5922438,-0.6996255,-0.33960998,-0.18740366,-0.520294,-0.12995924,-0.2801043,-0.8168014,-0.22110036,-0.42522514,-0.8098951,-0.2720428,-0.52425855,-0.71919715,-0.28666863,-0.112780996,-0.4600409,-0.18819511,-0.20455976,-0.65995693,-0.23836717,-0.32272798,-0.7176671,-0.26602235,-0.42008063,-0.7154852,-0.2766785
C,Alejandro,Left,0.0,0.0,0.0,-0.19713697,-0.04382846,-0.05102245,-0.3704689,-0.12310408,-0.1347085,-0.52016383,-0.10607589,-0.22785433,-0.6578155,-0.08831266,-0.3212021,-0.29874495,-0.5515579,-0.08421463,-0.39228356,-0.8181388,-0.21498963,-0.5054196,-0.84113806,-0.32350206,-0.60708207,-0.79463917,-0.3862542,-0.21986902,-0.5483589,-0.12613904,-0.29947683,-0.8815462,-0.28565514,-0.43371335,-0.83430785,-0.3858598,-0.5230071,-0.68844473,-0.42623788,-0.13280956,-0.507612,-0.17744689,-0.19598499,-0.8050447,-0.2852133,-0.3393701,-0.7963344,-0.34648675,-0.43970415,-0.6978146,-0.36514536,-0.04333465,-0.4298794,-0.23376374,-0.11318021,-0.6319425,-0.2973604,-0.22395964,-0.6961914,-0.33187956,-0.3172081,-0.69969857,-0.34510723
C,Alejandro,Left,0.0,0.0,0.0,-0.18776365,-0.055114336,-0.062327154,-0.3524851,-0.1497676,-0.14938988,-0.5022315,-0.13747253,-0.24488853,-0.6381592,-0.11890926,-0.33962908,-0.26887143,-0.57902986,-0.084505215,-0.33540547,-0.86756223,-0.21875912,-0.447248,-0.88750327,-0.330986,-0.55014914,-0.8350664,-0.39573893,-0.1873487,-0.57273203,-0.121066086,-0.25019315,-0.9260622,-0.28006363,-0.38132524,-0.89138776,-0.38537976,-0.46937585,-0.75853926,-0.43064013,-0.09790682,-0.53336805,-0.16879566,-0.1478142,-0.84202415,-0.27626666,-0.28520086,-0.8426314,-0.34415093,-0.37979057,-0.7473244,-0.36805984,0.00205924,-0.4625501,-0.22299293,-0.05436967,-0.67836344,-0.2860088,-0.16599926,-0.745424,-0.3258571,-0.26032758,-0.7449513,-0.34437793
C,Alejandro,Left,0.0,0.0,0.0,-0.1835071,-0.039811306,-0.074780054,-0.34547123,-0.13434829,-0.17053159,-0.4925766,-0.11566737,-0.27316102,-0.6391685,-0.10073926,-0.37699252,-0.26691726,-0.5835517,-0.11673567,-0.30931896,-0.8916352,-0.25973594,-0.41503483,-0.9126447,-0.37702563,-0.511159,-0.85948616,-0.44515514,-0.16723733,-0.5760763,-0.15555032,-0.19648072,-0.9511699,-0.3193416,-0.3263518,-0.9061891,-0.42903024,-0.40823278,-0.771913,-0.47954276,-0.06394922,-0.5300017,-0.2058618,-0.088814944,-0.855711,-0.32202092,-0.2255632,-0.84177196,-0.3979388,-0.3107181,-0.73547465,-0.42830536,0.051459048,-0.44799373,-0.26291847,0.013905596,-0.69299936,-0.33439007,-0.09637227,-0.7534134,-0.37907076,-0.18428543,-0.7386989,-0.4019047
C,Alejandro,Left,0.0,0.0,0.0,-0.16497585,-0.054723963,-0.07942562,-0.30905232,-0.16380091,-0.16912693,-0.44912928,-0.16453339,-0.26310438,-0.5953539,-0.15750812,-0.35657176,-0.24018413,-0.613529,-0.10064998,-0.25111362,-0.90652436,-0.22796312,-0.33334002,-0.9466097,-0.33479849,-0.41824374,-0.90833485,-0.3969017,-0.13275056,-0.5996766,-0.13239685,-0.12505336,-0.9621841,-0.2750491,-0.22312485,-0.9401264,-0.36973605,-0.29587668,-0.81552094,-0.4108592,-0.025187118,-0.5436724,-0.17656279,-0.0100847,-0.86640406,-0.27768528,-0.10790057,-0.8694379,-0.33846217,-0.18396404,-0.7803559,-0.35992154,0.09123001,-0.44901732,-0.22875394,0.093614645,-0.6897421,-0.2919194,0.011926375,-0.7685388,-0.3279267,-0.06835122,-0.77458113,-0.3439845
C,Alejandro,Left,0.0,0.0,0.0,0.15573217,0.022336857,-0.18807481,0.33278927,-0.048027363,-0.26444378,0.49843758,-0.11886496,-0.30428708,0.64503145,-0.15369363,-0.33064812,0.22269115,-0.5000763,-0.1475649,0.34653968,-0.7590617,-0.19485387,0.48973194,-0.811405,-0.2312215,0.60322815,-0.7975687,-0.24625164,0.21353564,-0.5208839,-0.055474244,0.35321757,-0.7836535,-0.080241285,0.48164287,-0.81061137,-0.10435409,0.5757168,-0.7685402,-0.115937896,0.22246493,-0.5024567,0.022450645,0.35160974,-0.68499655,0.0074369684,0.46114606,-0.6928063,-0.014544596,0.5396835,-0.6529345,-0.025322698,0.23616494,-0.45100212,0.083168305,0.3438522,-0.5558258,0.0701017,0.43228558,-0.5575277,0.05384575,0.4966786,-0.5320884,0.049690094
C,Alejandro,Right,0.0,0.0,0.0,0.2024398,-0.029766936,-0.001672759,0.38128164,-0.12308497,-0.014929377,0.5229459,-0.15435551,-0.044331536,0.6489326,-0.17619102,-0.07317271,0.3225117,-0.50863165,0.06256316,0.4317587,-0.673241,0.020467794,0.53311825,-0.7258374,-0.026054947,0.62683487,-0.7466306,-0.059823193,0.27183318,-0.5468356,0.019678447,0.40715137,-0.7366268,-0.02232716,0.5318655,-0.77511925,-0.06791316,0.64268273,-0.7661324,-0.09972441,0.2150616,-0.55100507,-0.035020404,0.36032408,-0.73125666,-0.08386878,0.49798092,-0.7647648,-0.11718933,0.6182045,-0.7578118,-0.13689552,0.16187356,-0.5221755,-0.09327326,0.29194105,-0.6494043,-0.13625094,0.40130365,-0.6949068,-0.15533273,0.5035631,-0.71325135,-0.16654953
C,Alejandro,Right,0.0,0.0,0.0,0.23378062,-0.068657234,0.047107764,0.38795003,-0.1591331,0.052122682,0.5157189,-0.18643063,0.027899493,0.63653564,-0.20207706,0.0014680858,0.30680522,-0.5285153,0.11613794,0.41273293,-0.6946636,0.07760546,0.52552384,-0.7334227,0.029120438,0.6221833,-0.7385828,-0.0063073453,0.2645286,-0.5692241,0.047356848,0.40553308,-0.77846366,0.0047311047,0.5367851,-0.80565774,-0.045827337,0.6374388,-0.770501,-0.07908196,0.22542253,-0.5669622,-0.030917797,0.37063482,-0.77272314,-0.07593408,0.5119267,-0.79775155,-0.11209782,0.62486315,-0.7673153,-0.13324456,0.19986646,-0.5251985,-0.109377176,0.334474,-0.66755253,-0.14911,0.45010802,-0.7115167,-0.17002885,0.5527867,-0.7191755,-0.18271631
C,Alejandro,Right,0.0,0.0,0.0,0.18899304,-0.0057656495,-0.0019442269,0.34518412,-0.06814,-0.016541403,0.4950082,-0.080154896,-0.048887145,0.62772334,-0.10798955,-0.078490205,0.2744473,-0.4740386,0.09150327,0.39088938,-0.55518514,0.041177265,0.47628337,-0.5429803,-0.023127876,0.529268,-0.5265712,-0.064496264,0.24806286,-0.54023224,0.052330643,0.40325585,-0.6973396,0.016212061,0.5457766,-0.7425818,-0.032390047,0.6583803,-0.749446,-0.06592531,0.21656233,-0.5573826,-0.0020436458,0.3669099,-0.7408486,-0.045205746,0.5143054,-0.7800207,-0.080594346,0.6325372,-0.77453,-0.09924262,0.1929447,-0.5329484,-0.060765922,0.3267774,-0.6751225,-0.095949195,0.44778976,-0.72223926,-0.10841394,0.55604416,-0.7328283,-0.112997204
C,Alejandro,Right,0.0,0.0,0.0,0.20281714,0.015995052,0.061492365,0.35446993,-0.034480795,0.09109751,0.48939106,-0.039247386,0.09145008,0.6112031,-0.06167148,0.0898295,0.29470986,-0.44421875,0.20867445,0.43377113,-0.5569794,0.22597227,0.5457419,-0.6121114,0.20212562,0.63922197,-0.6561127,0.17805536,0.2690609,-0.5082204,0.1477209,0.43531215,-0.64557016,0.16948326,0.5694688,-0.7027968,0.13738033,0.6786238,-0.72081864,0.1066385,0.24211237,-0.536197,0.07535923,0.4044335,-0.6841483,0.08319392,0.5421559,-0.73725307,0.059030205,0.65224993,-0.758004,0.0367501,0.22202843,-0.53273785,0.0018519207,0.36233988,-0.6678953,0.0028499074,0.47212118,-0.7121196,0.0012945017,0.5694023,-0.7284291,-0.0026907548
C,Alejandro,Right,0.0,0.0,0.0,0.21336696,0.026627362,0.22981012,0.34363034,-0.030161083,0.35444263,0.46005863,-0.052003928,0.4149426,0.58170295,-0.0952288,0.46743262,0.22505972,-0.46000755,0.50209576,0.374682,-0.56861687,0.64242744,0.50193435,-0.61201894,0.6811025,0.59896505,-0.6495778,0.68686044,0.2216032,-0.53224784,0.37714309,0.40208423,-0.65765905,0.5165608,0.5470074,-0.696046,0.51177174,0.662938,-0.69711524,0.4817566,0.23361102,-0.57260346,0.24725662,0.41475895,-0.69650143,0.35495764,0.56921464,-0.72777975,0.34429064,0.6866294,-0.7270076,0.30841452,0.27459782,-0.57407975,0.12619208,0.4361737,-0.7033819,0.20317623,0.5627013,-0.7242898,0.22232604,0.66086066,-0.72196156,0.21531431
C,Alejandro,Right,0.0,0.0,0.0,0.1966144,0.036159065,0.16962294,0.32148698,-0.031057758,0.25822437,0.43828204,-0.048459966,0.29947817,0.5501368,-0.06706015,0.334888,0.17426293,-0.50229305,0.35342008,0.3506188,-0.5995849,0.43678558,0.49738434,-0.6399296,0.44358572,0.6105369,-0.66942924,0.43450612,0.16758753,-0.56724584,0.25991276,0.38638723,-0.68415457,0.34625855,0.5478893,-0.72351885,0.33027506,0.67497677,-0.7168738,0.3005632,0.18546493,-0.5873739,0.16422988,0.40286285,-0.7155832,0.23471627,0.56108564,-0.74532247,0.22314514,0.674878,-0.73792934,0.19637184,0.22996105,-0.5678372,0.07506075,0.40084547,-0.7043349,0.12891911,0.5258802,-0.74326026,0.14392804,0.6258132,-0.7466191,0.14164756
C,Alejandro,Right,0.0,0.0,0.0,0.20936647,0.023346633,0.013446573,0.37768802,-0.033548255,0.029108811,0.53201604,-0.051750094,0.023940954,0.6615305,-0.09561636,0.018783718,0.34107715,-0.41024747,0.18052308,0.46812505,-0.54179853,0.18658319,0.56949383,-0.60235405,0.15469928,0.66116625,-0.65308994,0.12649441,0.30532557,-0.4759574,0.13871847,0.45151824,-0.6165632,0.14990689,0.57003903,-0.6888711,0.10794436,0.68141496,-0.7318973,0.071175285,0.25631016,-0.53027916,0.08016105,0.40512607,-0.6659518,0.07876987,0.5306641,-0.728747,0.051444743,0.64219505,-0.76576316,0.028613025,0.2004362,-0.5640183,0.015645286,0.3348665,-0.6966619,0.007899881,0.4411057,-0.7515847,0.0030479305,0.54553723,-0.78215975,-0.0020283626
C,Alejandro,Right,0.0,0.0,0.0,0.19540411,0.0024285014,-0.03973565,0.38081187,-0.054279614,-0.056702886,0.54028887,-0.07991959,-0.0804202,0.6729538,-0.11553701,-0.10294368,0.34546897,-0.42485604,0.05945884,0.46820074,-0.5634427,0.023430053,0.5646198,-0.6331344,-0.025512813,0.6540702,-0.68818283,-0.06103616,0.29266796,-0.48849213,0.04177413,0.42998123,-0.64015055,0.014986031,0.5371053,-0.71626914,-0.028858254,0.6402168,-0.76819426,-0.06274129,0.22504844,-0.5270737,0.0079195155,0.36112687,-0.6789935,-0.027057773,0.47095287,-0.74899304,-0.055096038,0.5728903,-0.7896935,-0.07298422,0.14603171,-0.5464117,-0.033797674,0.25799826,-0.6779257,-0.06718738,0.35094914,-0.73540395,-0.078664795,0.44207683,-0.76720667,-0.084444724
C,Alejandro,Right,0.0,0.0,0.0,0.1847228,-0.010674891,-0.07063382,0.36293432,-0.07049689,-0.10741121,0.5146704,-0.106106244,-0.14267682,0.6429725,-0.16205275,-0.17764935,0.31593433,-0.45648214,-0.014430519,0.42905673,-0.6133827,-0.07045882,0.51300675,-0.69534254,-0.12539169,0.5971479,-0.76017815,-0.16365522,0.24598338,-0.51578915,-0.018336128,0.36792696,-0.6835635,-0.06566931,0.46152097,-0.76743484,-0.11339154,0.5638381,-0.82588536,-0.14939001,0.16112062,-0.54092175,-0.03755895,0.28618622,-0.70640546,-0.09312783,0.3847145,-0.78647876,-0.13002253,0.4851915,-0.8360205,-0.15247166,0.06443494,-0.53891665,-0.064812236,0.17070921,-0.66969174,-0.11764994,0.25911406,-0.7335973,-0.14183688,0.35123137,-0.7739166,-0.15530741
C,Alejandro,Right,0.0,0.0,0.0,0.1862001,-0.010679291,-0.052634366,0.37385732,-0.09717328,-0.08383495,0.5315765,-0.12448176,-0.11962153,0.66437167,-0.16859281,-0.15616858,0.330361,-0.48606786,0.004958464,0.444893,-0.6391294,-0.053571407,0.54003173,-0.7056147,-0.11160798,0.63419515,-0.74632263,-0.15211107,0.27155194,-0.53449446,-0.011950096,0.39644265,-0.70286214,-0.06497383,0.5055227,-0.7641612,-0.118166134,0.61913115,-0.7852876,-0.15566328,0.19790381,-0.55029523,-0.043319043,0.3268165,-0.71602136,-0.10308389,0.4422709,-0.77796304,-0.14265077,0.55808157,-0.8041675,-0.16524151,0.11489008,-0.53832465,-0.08173774,0.22494538,-0.67684263,-0.13831171,0.32156202,-0.7374856,-0.16467403,0.42188653,-0.7689322,-0.17839557
C,Alejandro,Right,0.0,0.0,0.0,0.18363598,-0.0046516964,-0.03697198,0.37110156,-0.10306386,-0.054805286,0.5270474,-0.12473423,-0.079833575,0.6567285,-0.14517501,-0.104266934,0.32228613,-0.4824492,0.03682707,0.43451878,-0.61964256,-0.008565646,0.53103006,-0.689188,-0.060465846,0.6250478,-0.73680913,-0.09733954,0.26864368,-0.5316253,0.015747616,0.3978872,-0.68659437,-0.025787791,0.5077745,-0.7479479,-0.07401742,0.62608105,-0.779758,-0.107367486,0.20508933,-0.5525458,-0.019082349,0.3403411,-0.7106765,-0.07048877,0.45856997,-0.7688932,-0.106449604,0.57832885,-0.791412,-0.12520696,0.13847622,-0.54935145,-0.06033687,0.26864114,-0.68282306,-0.107481666,0.37099048,-0.73968285,-0.12661006,0.47421527,-0.76437104,-0.1344858
C,Alejandro,Right,0.0,0.0,0.0,0.21965115,-0.032169726,0.026325634,0.3775929,-0.10544617,0.029787889,0.51346046,-0.12287628,0.008521936,0.6377191,-0.1629013,-0.01500706,0.33072627,-0.47806403,0.13275982,0.4351188,-0.62494606,0.10908849,0.5301452,-0.696895,0.06521497,0.61834425,-0.7481331,0.030104524,0.28956953,-0.5276631,0.074867256,0.41276678,-0.6973723,0.050587233,0.5315247,-0.7539537,0.001957688,0.64042914,-0.7680173,-0.03551551,0.23612536,-0.552628,0.003750783,0.3672459,-0.72855735,-0.032012384,0.49854672,-0.77117467,-0.068296924,0.6141645,-0.77272004,-0.09217432,0.18219282,-0.5469193,-0.06986783,0.3115263,-0.69355285,-0.105251275,0.42506,-0.73199713,-0.12235023,0.53035873,-0.7378856,-0.13315786
C,Alejandro,Right,0.0,0.0,0.0,0.16425538,-0.0063682823,-0.055338,0.3439623,-0.096911244,-0.078650385,0.5045547,-0.13879953,-0.10504839,0.63553506,-0.18138768,-0.12907533,0.31797826,-0.45278707,0.033042636,0.42344573,-0.59509015,-0.014014231,0.51592183,-0.67004186,-0.067922115,0.60321325,-0.73031706,-0.10539218,0.2716404,-0.51431125,0.02322296,0.39356005,-0.6693616,-0.015927143,0.49320903,-0.7454085,-0.061984714,0.59860355,-0.7986524,-0.09512708,0.21019945,-0.55534583,-0.0032412747,0.3388961,-0.7137946,-0.050686855,0.44734383,-0.791853,-0.08530523,0.5523986,-0.8335801,-0.104666196,0.13271104,-0.5780958,-0.038096216,0.2444535,-0.71557975,-0.08029263,0.3405538,-0.7730437,-0.09842102,0.43584895,-0.79730886,-0.107075095
C,Alejandro,Right,0.0,0.0,0.0,0.18920378,-0.10380023,0.008476997,0.34197325,-0.24462038,-0.0075579733,0.46911743,-0.3069453,-0.0413619,0.58684146,-0.3624171,-0.075241715,0.2067029,-0.60174495,0.056270607,0.30317557,-0.76817954,0.015910422,0.4036457,-0.82647353,-0.029843183,0.49261236,-0.8551941,-0.06397305,0.15403448,-0.6201601,0.008782384,0.27814457,-0.8217268,-0.032497823,0.40281045,-0.86751586,-0.07773249,0.5084533,-0.8610895,-0.108678415,0.10999496,-0.60005337,-0.047164194,0.24303846,-0.8024677,-0.08854708,0.36985376,-0.8493042,-0.115454406,0.47739923,-0.8503743,-0.13166316,0.08377906,-0.5430143,-0.1059894,0.20161933,-0.69513685,-0.14049701,0.2990578,-0.7600221,-0.15310547,0.38706836,-0.7906827,-0.15957637
C,Alejandro,Right,0.0,0.0,0.0,0.22904553,-0.07398997,0.057235513,0.38493484,-0.17155229,0.05531534,0.5140126,-0.21055035,0.025342269,0.6331378,-0.25453892,-0.006511406,0.25652146,-0.6016394,0.089977555,0.38844088,-0.7486777,0.056080423,0.5098876,-0.7746529,0.014537832,0.60960406,-0.77146125,-0.0174054,0.2077952,-0.63192064,0.017518204,0.38775212,-0.80268323,-0.016584015,0.53711236,-0.80653536,-0.055040706,0.64824235,-0.7614341,-0.08310141,0.17957512,-0.61011744,-0.059034795,0.36193633,-0.78094137,-0.09128966,0.51127815,-0.7815344,-0.10847924,0.6238887,-0.73851585,-0.121099435,0.17950544,-0.5406264,-0.13498753,0.32645375,-0.68193936,-0.16232178,0.43929273,-0.7137849,-0.16562536,0.5320683,-0.7044484,-0.16676392
C,Alejandro,Right,0.0,0.0,0.0,0.22690849,-0.032694828,0.041159082,0.3862219,-0.13144758,0.03465931,0.51544946,-0.1579861,0.0051797326,0.6244725,-0.16893806,-0.022014743,0.2211818,-0.5874562,0.07070015,0.40912223,-0.7391276,0.034622855,0.56229156,-0.7325986,-0.009498167,0.67657095,-0.6942438,-0.03934851,0.20507696,-0.59859747,0.014861922,0.4374604,-0.7745185,-0.017253181,0.6070061,-0.75775933,-0.056651622,0.72473913,-0.6890234,-0.08380685,0.21720786,-0.5617129,-0.04360927,0.4346173,-0.7383336,-0.063684,0.599689,-0.7320631,-0.08115588,0.71329415,-0.67286366,-0.094110645,0.26342696,-0.48311323,-0.10327349,0.43271852,-0.6182962,-0.10932536,0.551776,-0.64506775,-0.105489194,0.6459686,-0.6291988,-0.10326024
<<<<<<< HEAD
O,Zaith,Right,0.0,0.0,0.0,0.2222419,-0.16502325,0.07591778,0.3300905,-0.36929294,0.098954834,0.40557867,-0.5191189,0.080622464,0.45240012,-0.70961523,0.062280178,0.19961858,-0.73596126,0.20221736,0.29730898,-0.95977944,0.17004903,0.4129553,-0.9164463,0.113543704,0.4754333,-0.80049425,0.0802305,0.1548555,-0.79859054,0.12729046,0.27453944,-1.0946425,0.0854579,0.41030064,-1.0182682,0.019555178,0.47363636,-0.83264256,-0.016246779,0.11569557,-0.83134335,0.042164344,0.24605912,-1.1505696,0.009642163,0.39502,-1.0657954,-0.026119351,0.46904328,-0.8831752,-0.041650105,0.09466336,-0.8111774,-0.04200025,0.23844366,-1.0259535,-0.063013226,0.36814654,-0.9974728,-0.0724551,0.44836462,-0.8825519,-0.074329406
O,Zaith,Right,0.0,0.0,0.0,0.2140976,-0.08613847,0.057715032,0.34035048,-0.26921,0.08920266,0.4349349,-0.4129015,0.08572065,0.49692616,-0.60791063,0.08326327,0.25434336,-0.6718335,0.21897486,0.3540814,-0.87391555,0.21182065,0.45113748,-0.85279053,0.16889855,0.5050881,-0.77308327,0.14189985,0.2159369,-0.75706285,0.16081047,0.32114083,-1.0209398,0.1441334,0.4400491,-0.9769743,0.08465961,0.5014503,-0.82369375,0.05012592,0.16889004,-0.8163848,0.09050315,0.28738,-1.0867397,0.07707692,0.41882077,-1.0178275,0.0405864,0.48940757,-0.8575118,0.021529669,0.12898429,-0.8351322,0.019280747,0.25778446,-1.0348696,0.010513498,0.3713729,-1.0079572,0.0034487674,0.44624528,-0.8949107,0.0025890295
O,Zaith,Right,0.0,0.0,0.0,0.21724178,-0.08109185,0.012063485,0.36313584,-0.27474794,0.023622304,0.46988577,-0.4441252,0.009536673,0.5376659,-0.6486344,-0.004718971,0.25797766,-0.6575151,0.15519182,0.3548993,-0.8348101,0.13083105,0.4570195,-0.8362622,0.081059515,0.51512784,-0.78489196,0.049283095,0.20781662,-0.7428559,0.11442271,0.31403106,-1.0036657,0.07443816,0.43384457,-0.9730696,0.008041419,0.4999669,-0.8341249,-0.029561557,0.14173213,-0.8109921,0.059267424,0.2635896,-1.1063544,0.014561014,0.39067808,-1.0470935,-0.030951696,0.45836008,-0.8887666,-0.05076967,0.07188551,-0.8420659,0.0015062137,0.20908447,-1.0669076,-0.035772886,0.3198595,-1.0376023,-0.05256472,0.38412204,-0.9131737,-0.056915514
O,Zaith,Right,0.0,0.0,0.0,0.24061914,-0.088860236,0.05955584,0.38165626,-0.249249,0.08647391,0.51203924,-0.3941494,0.074823156,0.5620442,-0.6125456,0.0612186,0.27147108,-0.6866423,0.23534364,0.38067472,-0.91990185,0.22587816,0.48999014,-0.8995669,0.17452155,0.54969,-0.8079171,0.1404833,0.21827306,-0.7572348,0.16892686,0.34347236,-1.0691301,0.13910827,0.47260728,-1.0187378,0.06095231,0.533782,-0.8456221,0.0145285055,0.15155356,-0.8179308,0.089227185,0.3009189,-1.1074548,0.05753086,0.44552386,-1.0131022,0.002335447,0.5107963,-0.82721317,-0.026482971,0.08755505,-0.83559805,0.009668126,0.250936,-1.0379051,-0.017350614,0.37490183,-0.9994719,-0.039414003,0.44787464,-0.8756049,-0.050527036
O,Zaith,Right,0.0,0.0,0.0,0.25037593,-0.008043457,0.039390538,0.40904206,-0.1367994,0.069072664,0.53829134,-0.27692035,0.06429872,0.5849954,-0.4954295,0.057729755,0.29562056,-0.5956333,0.23221786,0.41425866,-0.7798143,0.22515339,0.5169797,-0.75651634,0.17592674,0.5689348,-0.6665752,0.14556575,0.24814256,-0.6941815,0.17960036,0.3811998,-0.9677255,0.1542052,0.5014664,-0.9120225,0.07786331,0.5593724,-0.7357595,0.034374263,0.18566269,-0.7850841,0.111402676,0.338375,-1.052024,0.08214133,0.477279,-0.9671064,0.023973752,0.5437012,-0.7819147,-0.004935142,0.11960171,-0.8424397,0.041582827,0.27377903,-1.0576515,0.016094794,0.40448782,-1.0165514,-0.0068839993,0.4888713,-0.87235594,-0.016521038
O,Zaith,Right,0.0,0.0,0.0,0.21213555,-0.1006245,0.015629398,0.36097196,-0.2751194,0.014296237,0.48422426,-0.42343298,-0.012532347,0.5448048,-0.63473815,-0.03789128,0.25161293,-0.6791099,0.11380938,0.36167544,-0.93429685,0.06481788,0.4741907,-0.899647,0.0057609584,0.5290518,-0.79052335,-0.025738215,0.19915088,-0.743474,0.06500069,0.31673357,-1.0934355,0.004313058,0.45124784,-1.0376204,-0.06445179,0.50921875,-0.85797036,-0.09924514,0.13123377,-0.78733355,0.0038083594,0.2653295,-1.1269114,-0.053577334,0.40835622,-1.0542357,-0.09928442,0.4726813,-0.88123345,-0.11653985,0.06368247,-0.79047275,-0.058769986,0.21580346,-1.0170164,-0.107511416,0.34627482,-0.9957033,-0.1305395,0.42088723,-0.88361126,-0.13709576
O,Zaith,Right,0.0,0.0,0.0,0.21001337,-0.10477275,0.017284723,0.35470447,-0.27478898,0.018678907,0.47697207,-0.4196302,-0.006470765,0.5361727,-0.6292432,-0.031687923,0.24750309,-0.66444564,0.12790284,0.358489,-0.8986285,0.08219832,0.46594495,-0.8713895,0.021018445,0.52090645,-0.7766162,-0.013030651,0.19869286,-0.7286192,0.07869325,0.31922755,-1.0505832,0.020789031,0.44591305,-1.0034359,-0.051756687,0.50418276,-0.8336378,-0.09001539,0.13364264,-0.7749264,0.01635328,0.2660388,-1.0909024,-0.036629625,0.40259013,-1.0344665,-0.08554431,0.4695238,-0.8721255,-0.10603023,0.06655416,-0.7848794,-0.04789404,0.20525281,-1.0159676,-0.09187424,0.32933393,-1.0137979,-0.11584678,0.40762067,-0.9131513,-0.124299526
O,Zaith,Right,0.0,0.0,0.0,0.23688823,-0.14656809,0.096999384,0.35517466,-0.3508856,0.13152169,0.45597786,-0.4871229,0.12335491,0.5324516,-0.66732925,0.116677076,0.13217053,-0.83596855,0.22857074,0.2877268,-1.0690969,0.21806335,0.43429002,-0.98402566,0.17144762,0.5097808,-0.83594984,0.14258464,0.09786917,-0.8821888,0.15126339,0.286267,-1.1539575,0.14302674,0.4432286,-1.045382,0.09029223,0.5126637,-0.8585895,0.057111945,0.09489046,-0.86931914,0.06749446,0.2960609,-1.1557194,0.059804972,0.45782033,-1.0430831,0.036973737,0.5248917,-0.85090595,0.025830664,0.13018948,-0.79781497,-0.01348597,0.32503948,-1.0018157,-0.01715755,0.46075267,-0.9474293,-0.012517201,0.53078634,-0.8115033,-0.004902854
O,Zaith,Right,0.0,0.0,0.0,0.23524012,-0.061781548,0.03873779,0.39006665,-0.20581199,0.050578408,0.5244474,-0.3474234,0.027561914,0.5831846,-0.57183677,0.004320258,0.27633533,-0.6727888,0.18306495,0.3962035,-0.9074018,0.14875728,0.5153992,-0.85685825,0.08976207,0.57629526,-0.7419499,0.056061707,0.22797878,-0.7587145,0.12239226,0.36445525,-1.099864,0.07299106,0.5015819,-1.0100524,0.001211635,0.55945444,-0.8090373,-0.03576589,0.16544203,-0.8327168,0.047384616,0.32550293,-1.1514221,-0.0025694089,0.47617775,-1.0338904,-0.049391072,0.5388217,-0.8268657,-0.0667919,0.10426799,-0.8675527,-0.028781364,0.27074012,-1.0949302,-0.07075244,0.4086286,-1.0301946,-0.090032145,0.48596635,-0.87397754,-0.09386153
O,Zaith,Right,0.0,0.0,0.0,0.26605326,0.005664328,0.055683583,0.4306571,-0.101147465,0.08898204,0.5697524,-0.23371918,0.080976225,0.62917197,-0.46851474,0.07137344,0.30895576,-0.6025492,0.27422726,0.44397354,-0.7725449,0.27480116,0.55717194,-0.7332433,0.2265144,0.61460245,-0.6332571,0.19593054,0.26268685,-0.7186124,0.21215527,0.41997838,-0.98687696,0.1935371,0.5517667,-0.89300734,0.116845354,0.61530477,-0.68685436,0.07319632,0.20533097,-0.8281661,0.13354291,0.38964546,-1.0920925,0.10899965,0.54377747,-0.9662237,0.0518562,0.61278886,-0.7474488,0.023072066,0.14857304,-0.9011001,0.054000936,0.33675215,-1.098635,0.03225195,0.47727177,-1.0115227,0.0128976805,0.55945444,-0.8288611,0.00555889
O,Zaith,Right,0.0,0.0,0.0,0.18872148,-0.072962835,-0.030268898,0.34442142,-0.22598134,-0.04639994,0.47281384,-0.37097064,-0.07648168,0.51717985,-0.57657003,-0.10472844,0.23867165,-0.630028,0.06263032,0.3483499,-0.86368656,-0.0006838749,0.44599712,-0.8296465,-0.0689225,0.49909505,-0.72886926,-0.10555131,0.18399012,-0.69789463,0.04030148,0.3047897,-1.0003737,-0.032575577,0.41776362,-0.9474616,-0.11197598,0.4772385,-0.78926325,-0.15348214,0.113181576,-0.7446177,0.0037958657,0.24167646,-1.0157489,-0.061181396,0.36193487,-0.9689284,-0.11771029,0.4279829,-0.82564104,-0.1409899,0.03234527,-0.755613,-0.037624303,0.1504357,-0.97210175,-0.088895515,0.26160917,-1.0034398,-0.12174141,0.3435705,-0.9391269,-0.13575727
O,Zaith,Right,0.0,0.0,0.0,0.21349612,-0.11234462,-0.009214121,0.37094894,-0.29878032,-0.026033591,0.4997211,-0.45980304,-0.0630472,0.5423052,-0.6780037,-0.09980028,0.26728308,-0.7037685,0.045790415,0.38426903,-1.0359929,-0.034511223,0.4859035,-0.9495161,-0.109359145,0.5245551,-0.7996164,-0.1483244,0.20165412,-0.755478,0.00611695,0.31599075,-1.1550891,-0.07690752,0.43622744,-1.0573286,-0.15812781,0.48401928,-0.87505734,-0.20318255,0.119282536,-0.78070307,-0.045555495,0.22616822,-1.1509631,-0.120299146,0.3537097,-1.0630268,-0.17648086,0.41261303,-0.8846195,-0.20144902,0.028665124,-0.7708507,-0.09991807,0.1464307,-1.0252625,-0.16391695,0.27010432,-1.0199069,-0.20263435,0.34866396,-0.92253107,-0.22227971
O,Zaith,Right,0.0,0.0,0.0,0.21137616,-0.10898642,0.12700424,0.31890008,-0.2824536,0.19123238,0.41619715,-0.42002016,0.20506349,0.46939775,-0.61480725,0.21649829,0.1486843,-0.6695187,0.33282432,0.26170987,-0.8842344,0.36670256,0.37922603,-0.8698987,0.33860928,0.44462746,-0.7777406,0.31784624,0.11660724,-0.7489929,0.24928392,0.2402288,-1.0148115,0.27620956,0.3760224,-0.98002183,0.21851562,0.4528487,-0.831542,0.17779264,0.10216763,-0.8004343,0.15735525,0.23614173,-1.0712876,0.18593073,0.38663858,-1.0171376,0.1498274,0.46704572,-0.8666214,0.12218242,0.11660974,-0.8108278,0.06901449,0.25732785,-1.0379442,0.09875154,0.3815421,-1.0066385,0.10338837,0.4586143,-0.88863546,0.10363652
O,Zaith,Right,0.0,0.0,0.0,0.24572834,0.021759499,0.11593361,0.3713646,-0.09664041,0.2086506,0.47776577,-0.23602152,0.25148162,0.51777786,-0.44532537,0.29073116,0.22204289,-0.48659566,0.44267377,0.3409655,-0.63743895,0.51099515,0.4439343,-0.63651645,0.4866983,0.49231136,-0.5915521,0.4672749,0.19350399,-0.6218795,0.37775478,0.32634383,-0.79116267,0.44284478,0.44659117,-0.7833716,0.3689846,0.52079976,-0.6897795,0.3123585,0.16091461,-0.753726,0.29610354,0.30705142,-0.94084793,0.35773665,0.43109304,-0.88681245,0.29995546,0.496456,-0.7634205,0.25252667,0.12558918,-0.86563236,0.2153063,0.2689949,-1.0444521,0.27233693,0.37689376,-1.0069017,0.27130345,0.44963613,-0.89321184,0.26361614
O,Zaith,Right,0.0,0.0,0.0,0.2267888,-0.14950803,0.15865602,0.33023676,-0.35636774,0.23790638,0.43081677,-0.50859725,0.26018673,0.4853438,-0.7011798,0.28175578,0.11731302,-0.75968486,0.3678092,0.24068224,-1.0442569,0.39997125,0.37544015,-1.0003598,0.37060204,0.444204,-0.8625087,0.35291243,0.09408263,-0.82777303,0.27366212,0.24072361,-1.1424371,0.3087045,0.38699254,-1.0724559,0.25737008,0.4510513,-0.892498,0.22274178,0.09497773,-0.85482955,0.17245108,0.25647405,-1.1562375,0.2079845,0.40493655,-1.0705444,0.18586522,0.46271658,-0.8851902,0.17012826,0.13604279,-0.8322082,0.0770398,0.29624858,-1.073536,0.116722256,0.4143787,-1.0186446,0.13411984,0.46803132,-0.8700745,0.14536579
O,Zaith,Right,0.0,0.0,0.0,0.22337201,-0.08528077,0.09639193,0.34270334,-0.23999503,0.1444529,0.45102632,-0.36919868,0.14829761,0.4975511,-0.5699955,0.14997578,0.20229615,-0.68317276,0.28886637,0.32790297,-0.8679159,0.29931,0.43180162,-0.8342126,0.25854698,0.47338048,-0.72930956,0.23520982,0.16007297,-0.7638385,0.21715057,0.30010548,-1.0200001,0.22213468,0.4200886,-0.9534337,0.16028932,0.47261113,-0.77507025,0.12327486,0.119752266,-0.8197604,0.13460435,0.27297512,-1.076875,0.1391606,0.41188672,-0.9987737,0.09892802,0.4732226,-0.82500553,0.07674104,0.093285665,-0.83242583,0.0544629,0.24887276,-1.0549775,0.06099546,0.37522244,-1.0206083,0.05758286,0.45216027,-0.8919367,0.058585983
O,Zaith,Right,0.0,0.0,0.0,0.23491377,0.007351813,0.027709074,0.3945099,-0.08142794,0.054253742,0.5247641,-0.21751979,0.047951467,0.5605637,-0.45166057,0.040582202,0.26523915,-0.5468288,0.24986805,0.3963592,-0.731312,0.24464111,0.50055546,-0.69973123,0.19075054,0.54706246,-0.6017624,0.1583267,0.22334437,-0.6640705,0.2070882,0.38403982,-0.87846017,0.18993999,0.4986122,-0.8203167,0.107114114,0.55094767,-0.65764886,0.055980157,0.16343367,-0.78670657,0.14636166,0.34625655,-1.0172659,0.12728326,0.47383913,-0.93927443,0.066188596,0.52609867,-0.76555794,0.032305256,0.09037666,-0.8868896,0.082652256,0.261071,-1.0889179,0.06819562,0.38079554,-1.0396624,0.049806062,0.4511635,-0.89244133,0.04143413
O,Zaith,Right,0.0,0.0,0.0,0.18970454,-0.17304039,-0.0043725646,0.327649,-0.36574516,-0.029654384,0.4361566,-0.5132957,-0.075851165,0.46883598,-0.72149295,-0.120518215,0.21420807,-0.74557734,0.02491909,0.3148666,-1.1056099,-0.067725845,0.42206475,-0.9916696,-0.14800075,0.4610921,-0.82714874,-0.1879704,0.15461278,-0.77250594,-0.020774314,0.26086134,-1.1737872,-0.11152052,0.38367686,-1.0479037,-0.19147553,0.42772216,-0.8669843,-0.23424055,0.08174334,-0.7757122,-0.07729203,0.17609216,-1.1502761,-0.14980654,0.30798265,-1.0594753,-0.19946508,0.3713076,-0.8898087,-0.2203498,0.004646722,-0.74481314,-0.13666326,0.10519904,-1.0165908,-0.19359599,0.22887467,-1.0280223,-0.22635299,0.31031373,-0.9506342,-0.24239635
O,Zaith,Left,0.0,0.0,0.0,-0.20671913,-0.094541214,0.0065752193,-0.3669387,-0.27527666,0.003920906,-0.47273025,-0.44746774,-0.020081151,-0.51800174,-0.636584,-0.038177975,-0.28146613,-0.6637497,0.11521914,-0.39712152,-0.848967,0.056931067,-0.48553446,-0.8036712,-0.007919262,-0.5380947,-0.70089847,-0.044538397,-0.2346066,-0.7282657,0.07773362,-0.37344632,-0.954186,0.014681561,-0.47680375,-0.8844689,-0.047385693,-0.53028154,-0.71842813,-0.076057464,-0.1769338,-0.75737506,0.025505545,-0.30729824,-1.0024409,-0.025471896,-0.4195629,-0.94378716,-0.059285033,-0.48442578,-0.7967613,-0.06781326,-0.10956823,-0.7478307,-0.030478034,-0.21863835,-0.9360499,-0.06405653,-0.32804757,-0.96017313,-0.08241953,-0.4153065,-0.90968156,-0.08677516
O,Zaith,Left,0.0,0.0,0.0,-0.20877635,-0.04943825,0.019027866,-0.3699672,-0.19434606,0.02659325,-0.48089355,-0.3173301,0.0102519905,-0.53972375,-0.47472763,-0.0012045646,-0.30361006,-0.6442975,0.14125545,-0.42387983,-0.8036515,0.09804406,-0.52350056,-0.76155764,0.0395681,-0.5875319,-0.6750821,0.0045866254,-0.2644955,-0.7169316,0.09841709,-0.40971494,-0.92620826,0.054353006,-0.5181744,-0.8741593,0.00044131544,-0.5767445,-0.7358106,-0.02702426,-0.22132954,-0.7494618,0.040851735,-0.36861563,-0.9631944,0.004344302,-0.4829337,-0.9110841,-0.022709435,-0.5473501,-0.78184384,-0.030468993,-0.17661817,-0.73798966,-0.02072939,-0.3067953,-0.8963629,-0.044509243,-0.42257333,-0.9074323,-0.05661938,-0.51345867,-0.85811436,-0.058996215
O,Zaith,Left,0.0,0.0,0.0,-0.21522571,0.05042351,0.010252653,-0.39916438,-0.049237356,0.01567695,-0.5149445,-0.16541255,-0.0032866828,-0.5831288,-0.31276122,-0.013438609,-0.3991072,-0.55988353,0.12743981,-0.55376935,-0.6825503,0.072690256,-0.60362434,-0.53128344,0.011759142,-0.5849811,-0.36023337,-0.016967706,-0.37135175,-0.65597886,0.0926095,-0.5515853,-0.8042767,0.04223341,-0.6081997,-0.6224607,-0.004682718,-0.5911661,-0.4302111,-0.01784824,-0.3238476,-0.7346387,0.04291579,-0.50809795,-0.91413605,0.0062170825,-0.5804633,-0.74392575,-0.002233374,-0.5764085,-0.5616919,0.01108786,-0.2536977,-0.7845176,-0.011996288,-0.38852417,-0.9687466,-0.024586404,-0.5008189,-0.9287671,-0.017932752,-0.56380045,-0.82591105,-0.00097287237
O,Zaith,Left,0.0,0.0,0.0,-0.24839504,0.10962358,0.014209852,-0.45036465,0.047437284,0.018501159,-0.58131224,-0.08080117,-0.0054271338,-0.642866,-0.27066305,-0.01997284,-0.44478697,-0.5975043,0.151867,-0.6314588,-0.6778947,0.10813513,-0.68146104,-0.4718422,0.050927587,-0.65354496,-0.278553,0.022375267,-0.41705537,-0.7153191,0.112438485,-0.6391709,-0.7850368,0.06551026,-0.68908066,-0.53934336,0.013444056,-0.653158,-0.31899998,-0.0044080215,-0.38202086,-0.79936904,0.057283774,-0.6156833,-0.88033575,0.019068396,-0.68540597,-0.6310187,0.0005793862,-0.66092485,-0.4041938,0.006400681,-0.3343015,-0.84549326,-0.0025504667,-0.52432215,-0.9585221,-0.016479645,-0.6533278,-0.854524,-0.013497858,-0.71420765,-0.6999339,-0.0004115599
O,Zaith,Left,0.0,0.0,0.0,-0.2566875,0.014451033,0.008862251,-0.4539757,-0.10153928,-0.00076561526,-0.6038819,-0.20250756,-0.036094274,-0.6916722,-0.3749618,-0.06144913,-0.38067234,-0.7923533,0.13503507,-0.5601919,-0.93916917,0.07970484,-0.67517793,-0.8031832,0.013045226,-0.7291116,-0.6308758,-0.026039913,-0.34582192,-0.86939305,0.08853368,-0.58157486,-1.0165374,0.036065485,-0.70059574,-0.83398205,-0.022175722,-0.73452324,-0.61867785,-0.052404556,-0.31965226,-0.8749852,0.024983728,-0.5681689,-1.0026414,-0.025418527,-0.69779825,-0.8132225,-0.054263618,-0.7414993,-0.59278995,-0.06110697,-0.30868,-0.7977721,-0.04292948,-0.5110481,-0.9031035,-0.07394686,-0.64019394,-0.8299141,-0.08242538,-0.71327305,-0.70088625,-0.08055469
O,Zaith,Left,0.0,0.0,0.0,-0.23857969,-0.0021401367,0.038392518,-0.4423758,-0.11663561,0.05806193,-0.5872275,-0.23024435,0.04629383,-0.6566023,-0.41540053,0.040514085,-0.3661915,-0.6574024,0.21160255,-0.51733494,-0.80338484,0.20306252,-0.62982553,-0.75547564,0.1579478,-0.71287936,-0.6620963,0.12401772,-0.3282584,-0.7395253,0.15606368,-0.5134045,-0.8983716,0.14483102,-0.63992393,-0.8367099,0.09110079,-0.7112668,-0.69404763,0.055557262,-0.296725,-0.76983434,0.0842653,-0.49559075,-0.92818,0.06538122,-0.63242596,-0.8531741,0.03451211,-0.71127224,-0.7029166,0.018164543,-0.27717063,-0.73640925,0.009286301,-0.458093,-0.8566524,-0.007327595,-0.58577216,-0.81361634,-0.01753209,-0.67367464,-0.70306075,-0.021843085
O,Zaith,Left,0.0,0.0,0.0,-0.19752993,-0.14339131,0.009490742,-0.34213942,-0.31451222,-0.006288646,-0.4565863,-0.44481382,-0.04353848,-0.5117202,-0.60647523,-0.07423644,-0.18786852,-0.8083313,0.09365479,-0.32856748,-0.9825747,0.039776944,-0.44977844,-0.94390714,-0.020574126,-0.5306604,-0.84758455,-0.056376837,-0.15021771,-0.83127475,0.051033482,-0.3417444,-1.0183754,0.0113581605,-0.46577534,-0.9507129,-0.033289786,-0.5374035,-0.83368415,-0.059539333,-0.13277613,-0.8031411,-0.0046556094,-0.3311278,-0.99242926,-0.043067984,-0.4566199,-0.9293069,-0.057838283,-0.53221446,-0.805717,-0.060103424,-0.14470017,-0.70740867,-0.06388357,-0.3073761,-0.8587713,-0.09151199,-0.4077495,-0.839672,-0.09161131,-0.48082748,-0.7539326,-0.08381724
O,Zaith,Left,0.0,0.0,0.0,-0.22217895,-0.012415777,-0.016233364,-0.41040775,-0.1156845,-0.037745032,-0.55150676,-0.2239193,-0.076988295,-0.62469673,-0.39690062,-0.1081793,-0.34147158,-0.6543768,0.0772975,-0.50328404,-0.829445,0.0065792752,-0.6136815,-0.7531838,-0.06436365,-0.66911554,-0.6261069,-0.10474267,-0.30024505,-0.74351096,0.045292243,-0.50422615,-0.95229006,-0.02619241,-0.62244433,-0.8358274,-0.08586555,-0.6700028,-0.6514965,-0.113619976,-0.25846094,-0.7793344,-0.0030505378,-0.46584293,-1.0049763,-0.06672073,-0.59861726,-0.89092344,-0.097051,-0.66030544,-0.71074617,-0.101831645,-0.21903658,-0.75032043,-0.056583308,-0.38790536,-0.9118093,-0.102994464,-0.522931,-0.8831197,-0.12125338,-0.6166091,-0.7872695,-0.12402945
O,Zaith,Left,0.0,0.0,0.0,-0.22954783,-0.049992934,-0.008437225,-0.42382917,-0.16554444,-0.031084836,-0.5662959,-0.26232046,-0.07445364,-0.61957717,-0.44574195,-0.110727556,-0.34479222,-0.68597513,0.094005935,-0.48287126,-0.86231554,0.02507314,-0.60299593,-0.8157376,-0.047547907,-0.6826283,-0.7180073,-0.092721544,-0.29894277,-0.74958444,0.052336026,-0.4745258,-0.97635573,-0.02428014,-0.6019565,-0.8949472,-0.0892572,-0.66960263,-0.7376248,-0.120456286,-0.24717163,-0.76481366,-0.0062355674,-0.4328077,-0.97371125,-0.072279245,-0.5737277,-0.8957834,-0.10654801,-0.654714,-0.7462399,-0.114819214,-0.19857705,-0.71904564,-0.06997445,-0.36195844,-0.854786,-0.11642053,-0.49791428,-0.85372823,-0.13723277,-0.60026044,-0.7998046,-0.14332256
O,Zaith,Right,0.0,0.0,0.0,-0.21948865,-0.03140163,-0.041403327,-0.40835175,-0.14169088,-0.06663533,-0.56234914,-0.23103507,-0.095610306,-0.6426447,-0.38570017,-0.11526247,-0.2720899,-0.67339694,0.03431103,-0.45255104,-0.82371,-0.0027108889,-0.57501894,-0.791185,-0.04797344,-0.66177064,-0.7099364,-0.07537149,-0.23230228,-0.7456382,0.033669785,-0.44918597,-0.9245351,-0.0030357533,-0.5831687,-0.8776868,-0.046647944,-0.6644146,-0.7473642,-0.07119412,-0.2146642,-0.74688363,0.021977114,-0.43657735,-0.90449595,-0.015272442,-0.57303375,-0.85461915,-0.043906312,-0.6575043,-0.73182714,-0.053932842,-0.22407845,-0.68170166,0.006276011,-0.40929818,-0.8047593,-0.019896124,-0.52615345,-0.7942942,-0.03097838,-0.60623425,-0.7182871,-0.031935245
O,Zaith,Left,0.0,0.0,0.0,-0.2608752,0.3132275,0.07773082,-0.51448566,0.3706821,0.14122179,-0.7009315,0.30571866,0.15366037,-0.81371,0.10862353,0.17404498,-0.5833885,-0.41127878,0.37635103,-0.79790366,-0.45114174,0.3878813,-0.85619926,-0.20466416,0.34053594,-0.8166577,-0.00060207874,0.31601098,-0.5956251,-0.5652212,0.31196165,-0.869103,-0.6126519,0.3086826,-0.91117,-0.28440723,0.23119377,-0.8363448,-0.02563769,0.19806148,-0.58891207,-0.7216787,0.22686933,-0.8915105,-0.75053614,0.20992185,-0.9223987,-0.3779763,0.15708889,-0.82729775,-0.109072596,0.14620203,-0.56518734,-0.86980104,0.142347,-0.84160006,-0.91748226,0.14973512,-0.94755715,-0.64398396,0.15346187,-0.9294731,-0.36888993,0.16925244
O,Zaith,Left,0.0,0.0,0.0,-0.30124578,0.051111333,0.053280544,-0.5383191,-0.031893823,0.06778153,-0.707196,-0.08484202,0.04096043,-0.81100625,-0.25567585,0.023842141,-0.52857417,-0.73210245,0.21958931,-0.74409556,-0.8685681,0.1609919,-0.8412803,-0.6725584,0.08877244,-0.84936154,-0.46364036,0.050772674,-0.4950071,-0.82975155,0.14615437,-0.7610914,-0.98396677,0.09078764,-0.86252004,-0.73609024,0.02652065,-0.8509944,-0.48056895,-0.0021856774,-0.4608046,-0.87063867,0.053138874,-0.7386271,-1.0133845,0.003243159,-0.8444156,-0.7439131,-0.02664361,-0.83337086,-0.4792571,-0.029759323,-0.43797955,-0.8370013,-0.042188715,-0.67861694,-0.9051149,-0.06710681,-0.8047216,-0.73750174,-0.07060069,-0.8430895,-0.53777325,-0.06252645
O,Zaith,Left,0.0,0.0,0.0,-0.24475123,-0.054354336,-0.0057959836,-0.44174993,-0.17342265,-0.03175072,-0.59231347,-0.2591013,-0.077997155,-0.65450615,-0.42976266,-0.11436137,-0.3296835,-0.78362507,0.0789225,-0.5118694,-0.9389354,0.008772725,-0.64082617,-0.83884424,-0.059127565,-0.70913666,-0.692406,-0.09804374,-0.28574786,-0.8323413,0.038565546,-0.52210593,-1.0047168,-0.026383437,-0.6567046,-0.8794336,-0.08055684,-0.70992607,-0.7042762,-0.10826538,-0.2521448,-0.8132989,-0.0174955,-0.49608225,-0.9723403,-0.0795626,-0.63934225,-0.8437203,-0.10587344,-0.7003172,-0.6632031,-0.109916106,-0.2424615,-0.71270436,-0.07768883,-0.4361901,-0.8370563,-0.120626524,-0.5682913,-0.80452746,-0.13433658,-0.6499871,-0.7110639,-0.13496478
O,Zaith,Left,0.0,0.0,0.0,-0.26411262,0.11695236,0.025085403,-0.5110815,0.11033586,0.032874737,-0.68900084,0.07819365,0.008987427,-0.75858057,-0.11692919,-0.0046617114,-0.5336619,-0.5121323,0.18544416,-0.7300244,-0.6244852,0.12540188,-0.81497455,-0.45980728,0.05117634,-0.8248719,-0.26864657,0.01268749,-0.5066502,-0.6245813,0.13749243,-0.72792155,-0.75497204,0.07893628,-0.8152143,-0.55081934,0.01241517,-0.80921775,-0.3155766,-0.013899746,-0.45758015,-0.71828437,0.0711363,-0.6804867,-0.8567759,0.028258445,-0.7709662,-0.6445385,0.00070552964,-0.7687905,-0.41332635,0.0021444785,-0.38654873,-0.77622384,0.00019008484,-0.5721561,-0.89836156,-0.018684959,-0.7015212,-0.7939232,-0.024722883,-0.7682736,-0.6401216,-0.016083065
O,Zaith,Left,0.0,0.0,0.0,-0.23881467,0.03956296,0.009035645,-0.46650705,-0.037333705,0.007897328,-0.6322609,-0.08616639,-0.019185547,-0.7165526,-0.26613453,-0.037761692,-0.4400082,-0.5884569,0.13953392,-0.6329976,-0.72710496,0.074659385,-0.73451674,-0.6115815,0.0026629842,-0.76789665,-0.4526786,-0.0350845,-0.40149984,-0.69021064,0.09616219,-0.6126878,-0.86095756,0.03496361,-0.725472,-0.722521,-0.02974068,-0.75963044,-0.51308393,-0.05863171,-0.3472517,-0.76165175,0.035076838,-0.55732965,-0.9427629,-0.016194943,-0.68105936,-0.7988365,-0.047834285,-0.7285155,-0.5974432,-0.051833693,-0.28404552,-0.7830823,-0.030486515,-0.46553078,-0.91074604,-0.06477082,-0.60042846,-0.8476648,-0.07934745,-0.68709743,-0.7265653,-0.07767171
O,Zaith,Left,0.0,0.0,0.0,-0.24388877,-0.03523066,0.019461919,-0.44781938,-0.12913042,0.015188341,-0.6018473,-0.1928118,-0.0190942,-0.6787104,-0.3617423,-0.04500818,-0.38444442,-0.73958796,0.1410617,-0.5791398,-0.8931588,0.07397792,-0.6822382,-0.7506939,0.0021684435,-0.7134134,-0.5780617,-0.037166405,-0.35261258,-0.82114595,0.08648597,-0.5848803,-1.0203918,0.020947142,-0.6996701,-0.85591716,-0.04418798,-0.72535443,-0.6494207,-0.07550233,-0.31646305,-0.8455596,0.014408618,-0.55482376,-1.0290821,-0.047884513,-0.6809822,-0.84678817,-0.084412314,-0.71493584,-0.63553107,-0.09260554,-0.28830713,-0.7978458,-0.060463417,-0.4926862,-0.92392296,-0.10094761,-0.627493,-0.84224343,-0.116720475,-0.6994074,-0.7147232,-0.118094005
O,Zaith,Left,0.0,0.0,0.0,-0.24660811,0.16213684,-0.0048113945,-0.48597097,0.17021611,-0.011106915,-0.6633681,0.14789797,-0.044116084,-0.7467564,-0.035435982,-0.06472327,-0.53013927,-0.47790867,0.14299572,-0.7494123,-0.55486083,0.07062266,-0.8140148,-0.35171634,-0.0051945774,-0.7848621,-0.15991102,-0.041036915,-0.5081588,-0.6118085,0.10700618,-0.75113523,-0.7223908,0.04168311,-0.83176637,-0.49374914,-0.016516015,-0.8085826,-0.26519158,-0.032890975,-0.46533737,-0.71944785,0.05024364,-0.7139554,-0.8552935,-0.0031553472,-0.81526446,-0.6290339,-0.021290256,-0.8117335,-0.40419185,-0.008234233,-0.40401363,-0.7774753,-0.013429878,-0.6153426,-0.8816969,-0.043962847,-0.75445074,-0.75118095,-0.045342073,-0.8165051,-0.5773383,-0.02795368
O,Zaith,Left,0.0,0.0,0.0,-0.262523,-0.025407217,-0.007862826,-0.48026213,-0.13374846,-0.041105676,-0.6465466,-0.20788488,-0.090649635,-0.7304214,-0.36345077,-0.1313884,-0.37783578,-0.8236968,0.044237606,-0.5972176,-0.90040517,-0.028636938,-0.73247105,-0.7633301,-0.097812444,-0.80226296,-0.5969708,-0.13807172,-0.33861545,-0.8446638,0.0060380553,-0.6173804,-0.9357487,-0.053074554,-0.74743015,-0.7685803,-0.102522135,-0.79499024,-0.58894753,-0.1317499,-0.31709185,-0.7849646,-0.044492677,-0.59467036,-0.8846603,-0.10225364,-0.7305118,-0.7277832,-0.12485901,-0.78525823,-0.54154056,-0.1301988,-0.3175246,-0.6337961,-0.097729154,-0.5490476,-0.72296154,-0.1409307,-0.6765553,-0.6555037,-0.1507257,-0.7497879,-0.53282136,-0.14855655
O,Zaith,Left,0.0,0.0,0.0,-0.2545822,-0.044844832,-0.0019224092,-0.45921934,-0.14880036,-0.02949141,-0.61686397,-0.20986444,-0.07773314,-0.7021316,-0.35461593,-0.116792135,-0.35501814,-0.81713974,0.0721504,-0.5554795,-0.92306864,0.0023975703,-0.69099796,-0.80301803,-0.06625559,-0.7633576,-0.6459761,-0.106385484,-0.31638825,-0.8517059,0.029369898,-0.5741252,-0.96357006,-0.03106984,-0.7121159,-0.8090166,-0.08251184,-0.7652924,-0.63172597,-0.111045785,-0.29139653,-0.8080995,-0.027904745,-0.5550076,-0.9104548,-0.08727943,-0.70268565,-0.7596895,-0.111832954,-0.76244754,-0.57694113,-0.1164189,-0.2917154,-0.6721632,-0.08867559,-0.50516605,-0.7711804,-0.13109401,-0.6401729,-0.7132479,-0.14219254,-0.7170157,-0.59836316,-0.14074239
O,Zaith,Left,0.0,0.0,0.0,-0.22290437,-0.06724664,-0.053437237,-0.41995165,-0.20883158,-0.08930383,-0.5854746,-0.32046753,-0.12417158,-0.6763329,-0.4774775,-0.14935589,-0.2856327,-0.7798478,-0.016461276,-0.5072105,-0.8929139,-0.06053159,-0.6313201,-0.8165369,-0.10289819,-0.7016625,-0.7125095,-0.12656824,-0.24428459,-0.83380514,-0.009684676,-0.50509596,-0.9648581,-0.048698474,-0.6294012,-0.8615657,-0.082413316,-0.69019014,-0.7192016,-0.101352684,-0.22938423,-0.8069459,-0.010993506,-0.4877131,-0.9198067,-0.049245182,-0.6113181,-0.82102835,-0.064972006,-0.6746482,-0.67669225,-0.0676356,-0.24170856,-0.7024923,-0.01626351,-0.4556485,-0.7938033,-0.04322528,-0.5643089,-0.73841274,-0.045519885,-0.6291674,-0.6225737,-0.03921353
O,Zaith,Left,0.0,0.0,0.0,-0.30528635,0.01686963,0.024998298,-0.5547009,-0.0496941,0.015198685,-0.7362005,-0.09732206,-0.027158983,-0.84237826,-0.2558286,-0.06135059,-0.51189846,-0.78315145,0.14619237,-0.7381748,-0.81734306,0.06976168,-0.8442569,-0.61474496,-0.012405443,-0.8824287,-0.40273502,-0.06030513,-0.46848583,-0.8739407,0.08323411,-0.7520847,-0.90914357,0.009050413,-0.8584471,-0.6444003,-0.060523897,-0.87103903,-0.3833133,-0.09583523,-0.4210461,-0.88612384,0.0021665962,-0.7100766,-0.92249036,-0.0671572,-0.8393088,-0.6602625,-0.101973884,-0.871455,-0.39503926,-0.109436706,-0.38302225,-0.7957179,-0.082110964,-0.60392356,-0.81776905,-0.12777142,-0.74663305,-0.7014334,-0.14533292,-0.8310176,-0.5562461,-0.14786099
O,Zaith,Right,0.0,0.0,0.0,0.25107336,0.030714676,-0.024334861,0.4518711,-0.08086115,-0.008706854,0.6092003,-0.22666608,-0.0095563745,0.662096,-0.4602372,-0.010497445,0.36776692,-0.513936,0.16457753,0.49302444,-0.6781043,0.14707191,0.59036374,-0.6873563,0.09591401,0.6619871,-0.65533847,0.060955655,0.31473547,-0.6225081,0.14773297,0.46663773,-0.8202734,0.11260352,0.572136,-0.8161961,0.034416016,0.64209116,-0.7085951,-0.014062142,0.24067993,-0.7302174,0.111669704,0.4096249,-0.9260014,0.06678609,0.5268522,-0.9063816,0.00092659896,0.599522,-0.78746796,-0.03421382,0.14814661,-0.8275248,0.069707364,0.30872595,-0.97632825,0.02238039,0.42227244,-0.96361995,-0.015216187,0.50675946,-0.8620875,-0.034124788
O,Zaith,Right,0.0,0.0,0.0,0.21652135,-0.07938643,-0.0052430164,0.39058945,-0.22350346,-0.014324161,0.53797406,-0.36415067,-0.046311233,0.588263,-0.59575313,-0.0780536,0.26146305,-0.6659191,0.13283233,0.3839684,-0.8579216,0.08952031,0.50124407,-0.8393685,0.022149237,0.5776636,-0.7531187,-0.019502228,0.20591815,-0.73934644,0.09432326,0.3418018,-1.0209819,0.040082525,0.47154582,-0.98729044,-0.03977599,0.54759896,-0.82414865,-0.08642058,0.13332573,-0.8028903,0.04045482,0.2948057,-1.0758098,-0.011568264,0.43619427,-1.0175391,-0.064268604,0.51568407,-0.8567788,-0.08976598,0.055092435,-0.8235881,-0.017593224,0.22612536,-1.0011339,-0.06317087,0.35546684,-0.9626083,-0.08729385,0.4364313,-0.83966804,-0.095989704
O,Zaith,Right,0.0,0.0,0.0,0.18923664,-0.12804252,0.043206897,0.3046736,-0.3054063,0.05272543,0.40539867,-0.454384,0.030238489,0.4543339,-0.6531242,0.007270691,0.15981515,-0.6935871,0.15317589,0.258041,-0.92897075,0.11687465,0.36782458,-0.8931303,0.06294826,0.42650986,-0.7907414,0.034002487,0.116122976,-0.74644804,0.09652869,0.22542125,-1.0606388,0.05163106,0.35526785,-0.99795526,-0.011452071,0.4187399,-0.83494,-0.043565728,0.067888744,-0.7778713,0.029431615,0.18438198,-1.089505,-0.007664411,0.327055,-1.0191296,-0.04432632,0.3978435,-0.85677916,-0.057482824,0.028192105,-0.7753523,-0.03821858,0.1392933,-1.0302126,-0.06635238,0.26233438,-1.0316905,-0.08028278,0.34569383,-0.93834734,-0.08208302
O,Zaith,Right,0.0,0.0,0.0,0.18539296,-0.1010218,-0.013102539,0.32905492,-0.24959558,-0.022244088,0.44925052,-0.40366873,-0.050682843,0.48961577,-0.61653376,-0.07746411,0.1991179,-0.6307902,0.10894555,0.29302803,-0.85339147,0.058839932,0.3953446,-0.8347262,-0.005369334,0.45956743,-0.7536318,-0.040951405,0.15214886,-0.69511443,0.079715624,0.2664672,-0.98111117,0.014633108,0.38374522,-0.92639565,-0.063221954,0.448569,-0.77006364,-0.102326415,0.0898084,-0.7484316,0.0359406,0.21183822,-1.0079839,-0.020537289,0.33165303,-0.9486327,-0.06950712,0.39755666,-0.8009362,-0.086212054,0.018433841,-0.7702013,-0.012449137,0.13000318,-0.9822292,-0.05223046,0.23835167,-1.0078664,-0.075271614,0.32032314,-0.94730836,-0.08176945
O,Zaith,Right,0.0,0.0,0.0,0.174007,-0.15288799,-0.026189374,0.3113547,-0.30727404,-0.05189541,0.42503938,-0.45472118,-0.09493789,0.47287598,-0.66389173,-0.13653827,0.17818452,-0.6873098,0.06534432,0.27606213,-0.941287,-0.0052750576,0.3788786,-0.8913183,-0.07762671,0.43716365,-0.78654796,-0.116741054,0.12405856,-0.7386524,0.03637068,0.24493459,-1.0402387,-0.04699308,0.35922164,-0.9498515,-0.1309036,0.41904682,-0.7822954,-0.17305666,0.054331724,-0.77097803,-0.006791452,0.16960406,-1.0419924,-0.07754868,0.2873081,-0.9557273,-0.12697956,0.35757586,-0.794751,-0.14256786,-0.023269694,-0.76357776,-0.055034705,0.06596614,-0.99325836,-0.10281513,0.16878185,-1.023467,-0.12690526,0.2530863,-0.9674437,-0.13396959
O,Zaith,Right,0.0,0.0,0.0,0.17465171,-0.14285527,0.013626627,0.2746351,-0.32740796,0.02017661,0.35483816,-0.49040902,0.0026538998,0.364009,-0.6909463,-0.014628193,0.12965287,-0.65163285,0.13304889,0.19536816,-0.89334744,0.09227371,0.28068256,-0.8935027,0.03531492,0.32621166,-0.80778545,0.0063781813,0.08519976,-0.70010144,0.0938995,0.16622259,-0.99775857,0.046549436,0.26428235,-0.97317207,-0.020456687,0.3151065,-0.8345892,-0.05468341,0.028455608,-0.73052305,0.04151383,0.118164614,-1.0193877,0.00087509607,0.2308359,-0.9888452,-0.041917067,0.29150346,-0.85570526,-0.05775901,-0.030093195,-0.73148847,-0.013527395,0.03817871,-0.9965822,-0.040087894,0.14013109,-1.0391899,-0.055236742,0.22225031,-0.97498965,-0.058598503
O,Zaith,Right,0.0,0.0,0.0,0.17958152,-0.091784924,0.0026337414,0.29512465,-0.24218135,0.013703802,0.3759125,-0.4065056,0.004175511,0.3818948,-0.6166896,-0.003665643,0.14347039,-0.5642577,0.16519476,0.21812409,-0.75298816,0.14757447,0.2951911,-0.78485674,0.09939416,0.3365342,-0.7475157,0.07269724,0.09626185,-0.63996196,0.1403272,0.1883466,-0.86950606,0.12032718,0.27542862,-0.88772476,0.057565082,0.3295518,-0.79983103,0.020722268,0.0369283,-0.7093583,0.10036968,0.14127068,-0.9530604,0.08710602,0.23736729,-0.9730038,0.046498697,0.29513255,-0.8910762,0.025302965,-0.027035074,-0.75310344,0.055663247,0.06514097,-0.9757773,0.049905203,0.15650073,-1.0218344,0.039990116,0.23001651,-0.97318673,0.037185784
O,Zaith,Right,0.0,0.0,0.0,0.16407712,-0.15241136,0.011449644,0.2659409,-0.35817668,0.0128515875,0.34849906,-0.52697843,-0.007693886,0.37068018,-0.7224745,-0.026508616,0.13921124,-0.6884931,0.09650902,0.19848058,-0.9574996,0.047231194,0.2903083,-0.9443278,-0.0060273646,0.33696142,-0.84818316,-0.031548653,0.09010964,-0.72792095,0.055745084,0.15287341,-1.0651093,-0.003075731,0.26587898,-1.0329266,-0.063306525,0.32195932,-0.8857465,-0.09090523,0.029462744,-0.7431609,0.0031957768,0.10630257,-1.0608845,-0.05090625,0.23137258,-1.0194677,-0.09042799,0.29857898,-0.87963825,-0.10177439,-0.03165685,-0.7277137,-0.05109546,0.04469392,-0.9901805,-0.092035204,0.15353745,-1.0304824,-0.11203078,0.23491961,-0.9720148,-0.117060564
O,Zaith,Right,0.0,0.0,0.0,0.21120653,-0.16962588,0.04917223,0.32762808,-0.38162565,0.05296799,0.42198983,-0.52280104,0.03020178,0.4517355,-0.6771503,0.010478281,0.16051352,-0.7784722,0.07965011,0.2554074,-1.0645579,0.02564039,0.37914082,-1.0085369,-0.029361019,0.4414871,-0.8972676,-0.059523094,0.12282382,-0.76933545,0.019099893,0.256488,-1.098321,-0.033891376,0.39279127,-1.0308015,-0.08234029,0.4475749,-0.8934712,-0.10703517,0.105172746,-0.7224723,-0.046600144,0.23985589,-1.0105994,-0.085960984,0.37653804,-0.9750424,-0.10921099,0.44102827,-0.86395055,-0.11754727,0.112555064,-0.6302758,-0.11188647,0.23355623,-0.8312363,-0.13933995,0.34306705,-0.8655634,-0.1502227,0.41295892,-0.83381236,-0.15312198
O,Zaith,Right,0.0,0.0,0.0,0.16207233,-0.13102186,-0.008273946,0.28871498,-0.319838,-0.02083708,0.3841303,-0.477621,-0.044979513,0.39839414,-0.64604056,-0.06753657,0.21019211,-0.6747179,0.0140601015,0.2781978,-0.9194717,-0.052610647,0.3534657,-0.8818225,-0.10627958,0.38498378,-0.7808866,-0.13006674,0.14732341,-0.71129423,-0.0148268435,0.20548734,-1.0656221,-0.075513266,0.30122098,-1.051466,-0.11942815,0.34646305,-0.9380636,-0.13831823,0.07580414,-0.7008138,-0.052218284,0.12871818,-1.0252209,-0.110128894,0.23235048,-1.021628,-0.1384911,0.29412276,-0.9319761,-0.14476605,0.00016587062,-0.6509783,-0.09137432,0.060949344,-0.8847946,-0.14119342,0.15373743,-0.93580365,-0.16133341,0.22754602,-0.9138544,-0.16588816
O,Zaith,Right,0.0,0.0,0.0,0.21224046,-0.18854982,0.06625122,0.31036127,-0.4158586,0.077591114,0.3931169,-0.5507669,0.059177052,0.43505493,-0.6775361,0.04402382,0.12566383,-0.81419265,0.09745423,0.24807423,-1.0715185,0.054324906,0.36772355,-1.0230647,0.01010694,0.42342472,-0.9059313,-0.011917567,0.09566184,-0.8047428,0.032645226,0.26104614,-1.1113198,-0.007720623,0.38806757,-1.0221779,-0.040018253,0.42818782,-0.87432826,-0.051922403,0.095550776,-0.7520275,-0.035350565,0.25227433,-1.0382816,-0.06464654,0.37818,-0.96787256,-0.068899,0.42324826,-0.8333036,-0.06260784,0.12416096,-0.656909,-0.10176743,0.25553143,-0.86452967,-0.11918784,0.35783154,-0.86364436,-0.1139159,0.4136954,-0.79912907,-0.10307739
O,Zaith,Right,0.0,0.0,0.0,0.22984342,-0.20694904,0.07078492,0.32782114,-0.4152019,0.07487244,0.40958557,-0.5357226,0.04789073,0.45242956,-0.64144635,0.024091568,0.11860002,-0.79494745,0.07487902,0.22744103,-1.0644053,0.02232665,0.3528076,-1.027073,-0.021629672,0.41521662,-0.90972257,-0.04356832,0.08775162,-0.7729182,0.000403584,0.2501695,-1.1088206,-0.054333895,0.38272345,-1.0267994,-0.0861654,0.4257626,-0.8781139,-0.09563814,0.09206272,-0.7115955,-0.07580932,0.24778709,-1.0017444,-0.113232225,0.37616348,-0.93740547,-0.1112494,0.42203045,-0.8119791,-0.09986797,0.12643944,-0.60518277,-0.15047257,0.2518124,-0.8118844,-0.17268136,0.35004172,-0.83734775,-0.16717727,0.40387338,-0.80081475,-0.15668364
O,Zaith,Right,0.0,0.0,0.0,0.24093466,-0.20852566,0.07009949,0.33889413,-0.4184707,0.07319398,0.42385346,-0.5448989,0.0438408,0.46490782,-0.66647875,0.018633714,0.12589894,-0.8074408,0.087187484,0.23936741,-1.0720198,0.035111357,0.3662889,-1.0277151,-0.011197799,0.42659292,-0.90444374,-0.034432925,0.09523091,-0.79182863,0.013443333,0.25828573,-1.1290736,-0.034760576,0.39147303,-1.0427763,-0.06483211,0.43428695,-0.8959859,-0.07507143,0.10036273,-0.7363733,-0.0633037,0.25827077,-1.0355837,-0.09527989,0.38613677,-0.967279,-0.08965675,0.42843002,-0.8342695,-0.077646166,0.13748652,-0.6327601,-0.13940558,0.27146414,-0.834499,-0.15626617,0.37170815,-0.8463088,-0.14640585,0.42341372,-0.794962,-0.13379884
O,Zaith,Right,0.0,0.0,0.0,0.20239589,-0.110417455,0.15710558,0.28551322,-0.26887417,0.25165895,0.36727256,-0.40180355,0.29255748,0.4135066,-0.57900983,0.32898137,0.1292007,-0.59288263,0.4142519,0.22406094,-0.77254486,0.47704494,0.31603065,-0.77969337,0.45941505,0.35693395,-0.7323973,0.4452618,0.10190452,-0.68044347,0.3300976,0.21176165,-0.8924091,0.39412284,0.318739,-0.87778205,0.34204364,0.3769896,-0.7728224,0.30032706,0.08513415,-0.75177383,0.23699497,0.19608183,-0.9810681,0.3008304,0.30774707,-0.94446737,0.26947522,0.36616722,-0.8284987,0.23943882,0.08190572,-0.7964498,0.1487823,0.1832073,-1.0289092,0.21034774,0.2805846,-1.0235485,0.22492269,0.34825853,-0.93739855,0.22763573
O,Zaith,Right,0.0,0.0,0.0,0.21779816,0.0135605475,0.10390946,0.34463242,-0.09818489,0.207109,0.4174116,-0.26706707,0.27439213,0.43475312,-0.45584625,0.33935943,0.17297482,-0.42320576,0.39070785,0.27160636,-0.57223517,0.48321137,0.3504972,-0.579787,0.49121958,0.39186874,-0.55726135,0.49276483,0.14052048,-0.5752958,0.35006028,0.2617078,-0.71790934,0.44430768,0.3478252,-0.71909183,0.40559417,0.4066307,-0.6581684,0.37026146,0.10988082,-0.7193817,0.29759762,0.23708905,-0.8752308,0.3722754,0.3309394,-0.8564402,0.33522233,0.37862128,-0.78410304,0.3007714,0.07258586,-0.86368304,0.24751332,0.17870319,-1.0373131,0.3069785,0.26650307,-1.0227313,0.31549132,0.32557657,-0.9455157,0.31691322
O,Zaith,Right,0.0,0.0,0.0,0.19005993,-0.19272564,0.09712554,0.27356073,-0.40663162,0.13422593,0.3508621,-0.5494804,0.13098955,0.39823422,-0.71487087,0.1278184,0.08546805,-0.76245326,0.21686707,0.17125718,-0.99979645,0.2024425,0.28468347,-0.9936287,0.15674925,0.35179588,-0.88023084,0.13102908,0.051660243,-0.79199404,0.1422116,0.15650702,-1.0847247,0.124322295,0.28375363,-1.0559027,0.069694705,0.3492841,-0.8981683,0.039272975,0.042225447,-0.7869624,0.061370306,0.15330139,-1.083423,0.05394818,0.28358537,-1.0591856,0.028193993,0.3487499,-0.92471075,0.016037665,0.06494615,-0.74630415,-0.016325982,0.17301571,-0.98987144,-0.014154276,0.27740592,-1.0120888,-0.0117746955,0.3437121,-0.93907505,-0.0065612732
O,Zaith,Right,0.0,0.0,0.0,0.20648238,-0.17978576,0.1324975,0.2758967,-0.37371057,0.19303535,0.35756955,-0.52638525,0.20853654,0.40954682,-0.6726174,0.22580989,0.04739006,-0.7556674,0.26676375,0.17063487,-1.0551348,0.28231442,0.30278262,-1.0227437,0.25772512,0.36938283,-0.9002091,0.24443209,0.028566115,-0.7932639,0.19221002,0.18054883,-1.127583,0.21230932,0.3177351,-1.0604436,0.17992333,0.37672907,-0.9108654,0.16009423,0.051706806,-0.78764904,0.11540516,0.19599417,-1.1125818,0.14402907,0.33001342,-1.0528314,0.1441421,0.388211,-0.9020894,0.14477803,0.121229805,-0.73395413,0.043592956,0.24963383,-0.9904941,0.08302744,0.3490738,-0.99728626,0.10903858,0.40254793,-0.9153989,0.1263253
O,Zaith,Right,0.0,0.0,0.0,0.23546359,-0.08463271,0.13888212,0.33090767,-0.22124805,0.22961286,0.42071307,-0.35181102,0.2695878,0.4514117,-0.54637825,0.3062808,0.17356095,-0.56191486,0.4281667,0.2711592,-0.73244256,0.47997224,0.3681429,-0.75229377,0.43800166,0.41127804,-0.7090316,0.40556765,0.13161495,-0.63918656,0.34951383,0.24153522,-0.88178205,0.39290655,0.35609123,-0.8889702,0.2983358,0.4190657,-0.7826717,0.22748204,0.0941638,-0.72119004,0.25942853,0.21354015,-0.9609399,0.30645308,0.33314598,-0.9423046,0.23261873,0.3980835,-0.82783675,0.17401314,0.0654072,-0.78617525,0.17397273,0.18000458,-0.98730874,0.21924242,0.27631438,-1.000137,0.20323056,0.34866294,-0.9372482,0.18286586
O,Zaith,Right,0.0,0.0,0.0,0.18918204,-0.13221961,0.08251812,0.28927976,-0.30276835,0.120193265,0.37546888,-0.43342385,0.11972875,0.41067556,-0.6077634,0.11773854,0.14588967,-0.69706345,0.2311038,0.24501134,-0.89546597,0.22582835,0.3386855,-0.8632536,0.18390086,0.37645036,-0.76442814,0.16159181,0.11123162,-0.7548196,0.16556863,0.21417351,-1.0160834,0.15747021,0.3267635,-0.9599382,0.10397702,0.3730967,-0.80411047,0.073566034,0.073881835,-0.79123515,0.090699695,0.1787595,-1.0714549,0.08603,0.30372125,-1.0161769,0.055898096,0.35860556,-0.8683078,0.041731726,0.04640539,-0.7968743,0.01779598,0.14388856,-1.0562863,0.019010179,0.25000727,-1.0489553,0.020250252,0.3154133,-0.9489544,0.025293328
O,Zaith,Right,0.0,0.0,0.0,0.20590232,-0.22646587,0.08363073,0.2816557,-0.45721903,0.10643685,0.36680087,-0.6160465,0.08736996,0.4278143,-0.80012125,0.0707394,-0.00035522648,-0.8346882,0.2020328,0.12933959,-1.1131849,0.17986067,0.27157423,-1.0681256,0.13021703,0.35094932,-0.9233763,0.102934495,-0.027090445,-0.8704462,0.1293663,0.15726332,-1.1712816,0.115776315,0.3041232,-1.082536,0.0685575,0.3739358,-0.9050672,0.041221444,-0.0076587857,-0.86244476,0.04968404,0.1884111,-1.1797922,0.039515622,0.3333485,-1.076458,0.028238982,0.3959939,-0.8914566,0.027832467,0.05753291,-0.81401277,-0.02894442,0.22903271,-1.0785903,-0.02089484,0.34464023,-1.0440818,0.0005164265,0.40481645,-0.91439795,0.019844651
O,Zaith,Right,0.0,0.0,0.0,0.19031857,-0.13890328,-0.0090524545,0.313758,-0.32650343,-0.01127335,0.42339408,-0.49699944,-0.033880595,0.4576,-0.70890945,-0.056927495,0.16921341,-0.65955555,0.12608485,0.2506077,-0.88104564,0.08656285,0.34149632,-0.90118563,0.02512206,0.39973405,-0.8469601,-0.011972169,0.11861589,-0.71431476,0.09526182,0.21820797,-0.99567825,0.037771907,0.32427427,-0.9833713,-0.04426656,0.38744515,-0.8446856,-0.08981628,0.04992342,-0.75765926,0.049502693,0.15696192,-1.0399668,-0.00400141,0.27122283,-1.0208268,-0.06300048,0.3361861,-0.88734305,-0.08991341,-0.028941585,-0.77315724,-0.00012366343,0.07200328,-1.0100625,-0.044149015,0.17659788,-1.0388923,-0.074891776,0.2547559,-0.9670054,-0.08881536
O,Zaith,Right,0.0,0.0,0.0,0.20663129,-0.0848775,-0.025533883,0.36426312,-0.19826218,-0.032532528,0.50342256,-0.34850067,-0.05784507,0.5268303,-0.57531387,-0.08249261,0.21832727,-0.59890974,0.14377812,0.3283194,-0.77144665,0.10764571,0.42214096,-0.7596835,0.042778816,0.480934,-0.69689953,0.0033769708,0.1699747,-0.6817126,0.125126,0.30382895,-0.9045838,0.0724735,0.40552747,-0.8663705,-0.013478892,0.46425024,-0.7210674,-0.061588425,0.1028358,-0.766116,0.08891076,0.23962565,-1.0114056,0.042726524,0.34672737,-0.97697145,-0.016150963,0.40608746,-0.8351409,-0.0426057,0.020246375,-0.82972795,0.046196695,0.14211142,-1.0458174,0.0111797415,0.24739853,-1.0459799,-0.015081196,0.32629296,-0.9452687,-0.025174128
O,Zaith,Right,0.0,0.0,0.0,0.21339616,0.040570516,-0.0042307503,0.37019572,0.010102606,0.008277809,0.5121708,-0.085492015,-0.0012846133,0.5683634,-0.30754265,-0.010756992,0.28263712,-0.4055602,0.20683606,0.39959356,-0.5472161,0.19301552,0.48541737,-0.5237829,0.13678169,0.5231379,-0.45833504,0.10336926,0.24994864,-0.51984274,0.18208478,0.39205286,-0.68060505,0.15514787,0.4874435,-0.6525443,0.07005876,0.5255513,-0.52259845,0.019721385,0.19744378,-0.6523433,0.13912538,0.3528113,-0.81311816,0.11825946,0.45487404,-0.79172766,0.060734283,0.4999992,-0.68954206,0.030386608,0.12735656,-0.77125734,0.09072117,0.2615091,-0.9371222,0.07746252,0.3592273,-0.9588119,0.05951759,0.42794585,-0.90380436,0.05198339
O,Zaith,Right,0.0,0.0,0.0,0.1816605,-0.20093407,0.031834126,0.29813066,-0.41411725,0.02710152,0.396394,-0.5732092,-0.008074614,0.44485322,-0.77318376,-0.042577576,0.1351754,-0.77052474,0.11438926,0.22800648,-1.073559,0.0525682,0.3488555,-1.0297624,-0.017766766,0.41414648,-0.9045625,-0.054815385,0.08587654,-0.798012,0.056939073,0.20141855,-1.1648026,-0.008984617,0.34014854,-1.0897161,-0.08464648,0.40352777,-0.9149674,-0.12441393,0.031772308,-0.80344635,-0.010746874,0.15884216,-1.1488253,-0.06473953,0.30274314,-1.0771077,-0.10856604,0.36837247,-0.90806544,-0.12446718,-0.01675388,-0.77296793,-0.07903599,0.106987305,-1.0358998,-0.11844589,0.23751453,-1.0389094,-0.13771601,0.3199303,-0.9434891,-0.14227729
O,Zaith,Right,0.0,0.0,0.0,0.28589845,-0.062497254,0.25165096,0.42370987,-0.1985202,0.36943537,0.5599019,-0.28599977,0.40893754,0.6656168,-0.44809365,0.44320294,0.26018298,-0.75744176,0.5041219,0.46087208,-0.9457654,0.56639385,0.5972973,-0.8252048,0.5404877,0.64541066,-0.6470504,0.5210835,0.24632642,-0.8331713,0.3634392,0.48025763,-1.0519073,0.42539936,0.62766606,-0.88325703,0.36465874,0.6648477,-0.6460378,0.3173948,0.25633308,-0.8594862,0.21978144,0.49204785,-1.0901847,0.28327975,0.63985485,-0.90643615,0.26197267,0.6754461,-0.66756594,0.23952271,0.3024796,-0.81875044,0.08801464,0.5168993,-1.0342027,0.15439253,0.63834053,-0.91779506,0.18340783,0.6807419,-0.7325234,0.19639209
O,Zaith,Right,0.0,0.0,0.0,0.24474883,0.12659758,0.10741994,0.3920277,0.07309927,0.20349014,0.52737886,-0.036992364,0.25100884,0.6156719,-0.24200684,0.29536778,0.27347326,-0.40179595,0.4663965,0.41892585,-0.5134476,0.546917,0.5322061,-0.4821506,0.52782446,0.58299136,-0.43734297,0.5095328,0.2712602,-0.5598646,0.40882418,0.44919494,-0.6580912,0.4763621,0.5668235,-0.5955709,0.39082703,0.61717594,-0.46051395,0.3265262,0.2646224,-0.71728325,0.33428454,0.4479202,-0.80624604,0.4020428,0.55443674,-0.709459,0.33657387,0.59399754,-0.57270306,0.28343603,0.24480422,-0.8602466,0.26001775,0.40086317,-0.9953318,0.327829,0.5052419,-0.94620883,0.3268732,0.56963843,-0.82189536,0.3175483
O,Zaith,Right,0.0,0.0,0.0,0.2474955,0.12448402,0.0807887,0.4002716,0.06658618,0.16436765,0.5337509,-0.05299471,0.20561019,0.6204202,-0.25560796,0.24547897,0.28051397,-0.4059931,0.41370976,0.423585,-0.5180958,0.4787079,0.53655833,-0.49144474,0.4549824,0.5868149,-0.44115943,0.43548986,0.2735705,-0.5650634,0.36731315,0.45171162,-0.6706711,0.42232525,0.56868607,-0.61027706,0.33942047,0.62180674,-0.47727138,0.27787682,0.2626445,-0.72176015,0.30343232,0.44689435,-0.82316273,0.35695368,0.557041,-0.7248203,0.2923283,0.5957348,-0.5826625,0.24235784,0.2387719,-0.8658747,0.23839454,0.39709684,-1.0093929,0.29271054,0.50206196,-0.9575433,0.28946713,0.56358886,-0.82605547,0.28121832
O,Zaith,Right,0.0,0.0,0.0,0.22714767,0.049170468,0.11083241,0.36536214,-0.040454663,0.20054361,0.4797894,-0.1612394,0.24675426,0.5503319,-0.3418417,0.29312536,0.22123219,-0.47594282,0.40136364,0.37101093,-0.5770104,0.46786228,0.46766344,-0.52463245,0.45109123,0.5039566,-0.45801193,0.4399107,0.21406329,-0.6341891,0.34865174,0.3806389,-0.72380656,0.42310575,0.49401897,-0.6570801,0.3663303,0.5547013,-0.5330215,0.32014793,0.21391408,-0.7747617,0.28331563,0.38470888,-0.8864046,0.35404813,0.5030771,-0.79229367,0.311814,0.5526772,-0.6492157,0.27436876,0.2150347,-0.90552896,0.21943372,0.37279806,-1.0391346,0.28550765,0.47915226,-0.971274,0.29786107,0.54296356,-0.83975625,0.30187145
O,Zaith,Right,0.0,0.0,0.0,0.21553823,-0.16879572,0.06823413,0.34224126,-0.38073698,0.073101126,0.44366613,-0.50544757,0.04323705,0.5215012,-0.644423,0.01436575,0.18779363,-0.8365151,0.10435963,0.32570192,-1.1017749,0.04740744,0.45496798,-1.0009507,-0.00949023,0.51617485,-0.8564832,-0.04029289,0.13775021,-0.84739864,0.026746796,0.3209856,-1.1466964,-0.03564489,0.46460852,-1.0112047,-0.088657044,0.51448864,-0.81891817,-0.11374359,0.10383797,-0.81772536,-0.055888906,0.29679576,-1.089609,-0.107896924,0.44580996,-0.96687645,-0.12968457,0.5060594,-0.7887469,-0.13231358,0.091857255,-0.7420872,-0.1363463,0.25257766,-0.9554494,-0.17455338,0.38111728,-0.91736436,-0.1805705,0.4536302,-0.81188464,-0.17632364
O,Zaith,Right,0.0,0.0,0.0,0.29784372,-0.076000355,0.2210049,0.44902673,-0.21828204,0.30425155,0.586487,-0.29621002,0.3099193,0.6855111,-0.4597675,0.3094987,0.31793207,-0.7945084,0.42867762,0.5194263,-1.031171,0.42949632,0.66128165,-0.8592871,0.36466715,0.69704,-0.61839473,0.3253616,0.28421965,-0.8524023,0.27614293,0.52856797,-1.1143053,0.27031624,0.675962,-0.8842062,0.1816856,0.69598377,-0.6266152,0.1259947,0.26570207,-0.8882294,0.11738186,0.49862665,-1.1314514,0.12641382,0.6508863,-0.9202566,0.09050708,0.6727635,-0.6695421,0.06686577,0.27452818,-0.85594124,-0.03228275,0.48043144,-1.0566711,-0.018272378,0.6171745,-0.9389939,-0.013224246,0.663659,-0.7480353,-0.010189173
O,Zaith,Right,0.0,0.0,0.0,0.2405849,-0.01579772,0.12031562,0.36147153,-0.14197376,0.19671713,0.4749937,-0.26242396,0.22178063,0.5398667,-0.4613236,0.2424713,0.24031022,-0.5665852,0.39426175,0.3653683,-0.7287839,0.43225223,0.46365795,-0.68842846,0.3903602,0.4977472,-0.59674984,0.36335015,0.21314144,-0.6791716,0.31733114,0.35903308,-0.88452464,0.35124996,0.47242358,-0.8130516,0.26998073,0.51315325,-0.6410874,0.21405022,0.18181139,-0.7853787,0.22703607,0.33568507,-0.9903695,0.2685228,0.45404917,-0.90262645,0.21790493,0.49447548,-0.7389999,0.180255,0.14752316,-0.8605055,0.13841136,0.2794356,-1.0731207,0.18279839,0.3825953,-1.0303814,0.18731241,0.4402812,-0.89785993,0.18674062
O,Zaith,Right,0.0,0.0,0.0,0.20125833,-0.16885082,0.052808683,0.31820846,-0.36135995,0.06716508,0.41349456,-0.50093967,0.046786778,0.44327405,-0.67947364,0.028534498,0.1509399,-0.7391176,0.1759891,0.25114602,-0.9459516,0.14230092,0.3660375,-0.88304377,0.08528194,0.42726585,-0.7618799,0.05275134,0.11572068,-0.7877553,0.1160017,0.23274235,-1.0591773,0.074279346,0.35852438,-0.9783364,0.012993828,0.41898125,-0.8111179,-0.017496943,0.09360906,-0.8077659,0.04516304,0.2216722,-1.0906497,0.009831271,0.3514683,-1.0185062,-0.022787148,0.4146178,-0.85716766,-0.032525342,0.09454899,-0.78151727,-0.026729504,0.22409937,-1.0004375,-0.049847342,0.33754927,-0.9973479,-0.059620067,0.41229644,-0.9110497,-0.05847507
O,Zaith,Right,0.0,0.0,0.0,0.1973193,-0.1686585,0.04846386,0.3143405,-0.36398494,0.06455096,0.40679696,-0.5100754,0.04618622,0.42996603,-0.6831592,0.029861784,0.15291135,-0.709189,0.18109486,0.2532168,-0.8994432,0.1485957,0.36164144,-0.84159714,0.09196625,0.41863614,-0.7322511,0.059896294,0.11760517,-0.76789975,0.12491161,0.22823519,-1.0301392,0.08280082,0.35230783,-0.9507711,0.021066658,0.41514003,-0.7856431,-0.008813655,0.09284745,-0.80032754,0.0568403,0.20979187,-1.0901328,0.022145372,0.33820337,-1.0229808,-0.011908778,0.40567994,-0.86285377,-0.022266366,0.08893472,-0.79071,-0.012930387,0.21006297,-1.0129217,-0.034308992,0.3222877,-1.0071478,-0.04467956,0.40012795,-0.9164593,-0.044186555
O,Zaith,Right,0.0,0.0,0.0,0.2560045,-0.17654921,0.07530129,0.38139185,-0.42397475,0.092536524,0.4901794,-0.57158726,0.07288994,0.5560755,-0.7038927,0.05805692,0.19541168,-0.90343004,0.13818221,0.37799564,-1.1382906,0.08927077,0.5018519,-1.0097097,0.03441884,0.5419198,-0.8404302,0.007264197,0.16052596,-0.9174902,0.06633701,0.3891428,-1.1799324,0.029552191,0.51666814,-1.0164409,-0.005588082,0.5443545,-0.8296142,-0.021145793,0.15871689,-0.87812406,-0.012598732,0.3857935,-1.1428288,-0.035988465,0.5105953,-0.99870265,-0.03806221,0.5395119,-0.8139306,-0.0316285,0.1889536,-0.786034,-0.09130522,0.37050542,-0.9979318,-0.09513834,0.47561476,-0.9258191,-0.07888473,0.5166025,-0.7942625,-0.06256312
O,Zaith,Right,0.0,0.0,0.0,0.29667917,-0.098818764,0.18473226,0.45523748,-0.26005226,0.24700427,0.6046444,-0.34705168,0.24283321,0.7138571,-0.49854845,0.23534945,0.2948047,-0.8913885,0.33646855,0.52328354,-1.0898085,0.33284375,0.6714768,-0.90773875,0.2794413,0.7227297,-0.6911308,0.24565521,0.2661528,-0.9461084,0.20438379,0.54534733,-1.1566614,0.19969228,0.700039,-0.9318984,0.13447773,0.7293713,-0.6686533,0.09300502,0.25626898,-0.92873204,0.068902455,0.53650665,-1.1229292,0.07584857,0.68929225,-0.90778446,0.062130157,0.7185298,-0.6587355,0.054137204,0.28108376,-0.81975067,-0.059180878,0.5169923,-0.97588974,-0.04360181,0.6506236,-0.8533139,-0.022645006,0.6968203,-0.67036027,-0.0063424194
O,Zaith,Right,0.0,0.0,0.0,0.2839021,0.03136971,0.20773871,0.42475402,-0.08571685,0.32102087,0.5622133,-0.18824925,0.35880166,0.65843344,-0.39431402,0.3886278,0.32081267,-0.60286015,0.55919296,0.47489277,-0.7534546,0.6385386,0.58508915,-0.68870604,0.6078544,0.61216354,-0.5817585,0.5847436,0.30490583,-0.7190431,0.43808845,0.4977356,-0.9296465,0.50956273,0.62147266,-0.80784214,0.42403772,0.64338523,-0.60302085,0.36153445,0.29224893,-0.83241826,0.30370247,0.49225083,-1.0256199,0.37477332,0.6173612,-0.8563455,0.31324622,0.63803846,-0.6454452,0.26303792,0.285024,-0.9109355,0.1767458,0.46977267,-1.0818216,0.24437398,0.58591026,-0.95946866,0.24652642,0.6311451,-0.7756648,0.23864447
O,Zaith,Right,0.0,0.0,0.0,0.2951734,0.0821447,0.25121826,0.44942462,0.012153576,0.4005769,0.60534686,-0.066664495,0.46729913,0.72775996,-0.24244365,0.52881527,0.34076688,-0.5825825,0.65245634,0.52428603,-0.6947312,0.7476512,0.6530745,-0.60501975,0.71053916,0.68985337,-0.5012518,0.6811349,0.3425924,-0.71220446,0.5223042,0.5737469,-0.8457742,0.60788226,0.710041,-0.6570691,0.5044745,0.7326578,-0.4302941,0.42671442,0.369905,-0.8225763,0.38105494,0.60422415,-0.954663,0.4614504,0.72884977,-0.73359346,0.38810256,0.74136543,-0.4909554,0.32988194,0.4147463,-0.9024813,0.25083104,0.6369353,-1.0032549,0.3323734,0.7415654,-0.8380095,0.33905604,0.76936513,-0.63880926,0.33419764
O,Zaith,Right,0.0,0.0,0.0,0.30515608,-0.11862461,0.24223775,0.45401266,-0.29508093,0.34077543,0.59746325,-0.39307207,0.36434758,0.6844122,-0.5313902,0.38830882,0.25294146,-0.96020055,0.41467607,0.49816033,-1.1791872,0.43252325,0.6428621,-0.9857258,0.39093152,0.6736468,-0.7390534,0.3694856,0.24054319,-0.9951461,0.27238747,0.54316235,-1.2123079,0.29796436,0.68468463,-0.97016776,0.25402915,0.68842953,-0.69997483,0.22742982,0.25870177,-0.9630168,0.12957568,0.56687146,-1.1897854,0.16494277,0.7008669,-0.94657993,0.17665353,0.70624304,-0.6816504,0.18647893,0.32191855,-0.8513545,-0.0017431208,0.58060074,-1.038996,0.0485141,0.69191676,-0.8874767,0.09678236,0.7086494,-0.68081903,0.13202548
O,Zaith,Right,0.0,0.0,0.0,0.2918572,-0.11202036,0.20205474,0.43725544,-0.29233038,0.28241736,0.57715166,-0.3878238,0.29774007,0.6634638,-0.5306287,0.3140101,0.24252072,-0.9242387,0.35199136,0.4805816,-1.1463373,0.35476458,0.6292891,-0.9758943,0.30710402,0.6680098,-0.7441525,0.28228426,0.22784834,-0.953924,0.22796698,0.5169106,-1.1903561,0.23919459,0.6638524,-0.9759571,0.18989031,0.6777084,-0.72676635,0.16026832,0.24335699,-0.9186901,0.10278168,0.5293289,-1.1625565,0.1271197,0.66965413,-0.96059966,0.13274476,0.6837393,-0.71761256,0.13899931,0.30197194,-0.80429536,-0.013456849,0.5409248,-1.0065233,0.027319815,0.6592788,-0.8915193,0.06891189,0.6879153,-0.7101539,0.100016795
O,Zaith,Right,0.0,0.0,0.0,0.30406922,0.04221966,0.27244937,0.4605626,-0.03448016,0.4153195,0.61567944,-0.10815189,0.47031853,0.7416115,-0.27263921,0.517725,0.3441567,-0.63759214,0.6446225,0.54570526,-0.76074815,0.73316544,0.6753629,-0.63948774,0.69430393,0.7066706,-0.48539037,0.6631528,0.3410863,-0.74327505,0.4957587,0.58353716,-0.91799414,0.57506406,0.71815926,-0.72074014,0.47409597,0.73610294,-0.47337323,0.39638218,0.35842168,-0.8258765,0.33760905,0.6005921,-0.9895658,0.4155649,0.72769797,-0.762573,0.34741643,0.74192566,-0.5074512,0.28943118,0.40073317,-0.8620898,0.19204216,0.6186168,-1.0090115,0.27217233,0.72641754,-0.8558131,0.27928334,0.75684404,-0.6535955,0.27085277
O,Zaith,Right,0.0,0.0,0.0,0.30219248,0.030458145,0.25551018,0.45854485,-0.05975593,0.38738507,0.6110998,-0.13112651,0.4349501,0.7336606,-0.28599745,0.4753656,0.34532577,-0.6454951,0.60625494,0.54794955,-0.7702136,0.68588537,0.67409426,-0.6450621,0.6455768,0.70336235,-0.48559433,0.61413723,0.34087327,-0.74541533,0.46331692,0.57930386,-0.9167931,0.53556424,0.71294546,-0.72040856,0.43793148,0.7311355,-0.47154924,0.36298922,0.35570535,-0.81809956,0.31139502,0.592267,-0.994285,0.38620514,0.7199465,-0.7728414,0.32407042,0.7341533,-0.5194431,0.2703039,0.39455828,-0.83926886,0.17036839,0.6091433,-1.0079638,0.24810022,0.71759254,-0.86493003,0.2585144,0.7461047,-0.66582865,0.25316915
O,Zaith,Right,0.0,0.0,0.0,0.20818537,-0.11207738,-0.012212634,0.3602565,-0.2668998,-0.03031027,0.49112317,-0.41073456,-0.069876224,0.5374244,-0.62954694,-0.10937834,0.23175961,-0.681587,0.08703797,0.34799385,-0.9329669,0.017609797,0.4486274,-0.8748793,-0.059830055,0.49100235,-0.7473482,-0.10248797,0.1752572,-0.74785733,0.048760135,0.3138135,-1.0554963,-0.030850211,0.42841995,-0.96606106,-0.11903236,0.47229046,-0.7741763,-0.1659666,0.101204194,-0.7934475,-0.0040082526,0.2320653,-1.097467,-0.06827261,0.3536493,-1.0266423,-0.123207524,0.40942946,-0.85626566,-0.14672172,0.016544001,-0.8002736,-0.06117789,0.13427255,-1.0438743,-0.10910373,0.24683976,-1.0485088,-0.13633053,0.32124746,-0.9469953,-0.14754912
O,Zaith,Right,0.0,0.0,0.0,0.21637793,-0.16258807,0.043247115,0.35369852,-0.35469523,0.04486071,0.4748589,-0.4920753,0.012362653,0.5532861,-0.6625681,-0.019135632,0.20617771,-0.7976066,0.13952537,0.34423152,-1.0493132,0.07926654,0.47569466,-0.95726806,0.0075100325,0.54471266,-0.8106998,-0.03214303,0.15908341,-0.8432741,0.07490329,0.32934222,-1.1554207,0.0041358327,0.47904253,-1.0230142,-0.07288588,0.5416915,-0.8213788,-0.11188361,0.1065667,-0.8682325,-0.00077788916,0.28662753,-1.1668675,-0.06331127,0.44037515,-1.0335113,-0.1080571,0.5030223,-0.83308804,-0.121821456,0.055923536,-0.8569855,-0.07624722,0.22333631,-1.0759857,-0.12201312,0.3634841,-1.0247172,-0.14039007,0.44412056,-0.89596707,-0.14218955
O,Zaith,Right,0.0,0.0,0.0,0.1842888,-0.23935345,0.057733964,0.29869083,-0.44886905,0.05964143,0.396756,-0.5892258,0.027492365,0.46563897,-0.74706584,-0.0036981206,0.14101848,-0.8305135,0.12449954,0.25772104,-1.0992116,0.06620982,0.37982064,-1.0228281,0.0022727328,0.44164714,-0.89718884,-0.03299952,0.08849759,-0.8421319,0.05424363,0.24941015,-1.140392,-0.01069906,0.3829505,-1.0247768,-0.07660568,0.43824187,-0.85493875,-0.10942011,0.043555517,-0.81923187,-0.023600304,0.21067832,-1.0777928,-0.08017959,0.34760353,-0.97276753,-0.1141738,0.41261014,-0.81311125,-0.12278384,0.012383881,-0.7509113,-0.09986093,0.16402382,-0.937839,-0.14058596,0.28574216,-0.91346115,-0.15442894,0.3646202,-0.83157635,-0.15473926
O,Zaith,Right,0.0,0.0,0.0,0.14919926,-0.27164373,0.0028396936,0.2362735,-0.52175283,-0.030132432,0.3231534,-0.6732867,-0.08359792,0.37366518,-0.84348977,-0.1365383,0.017454756,-0.863258,0.0070365677,0.124564335,-1.1123503,-0.08828388,0.25281075,-1.0565517,-0.16829054,0.33348295,-0.9427561,-0.21104294,-0.049466126,-0.823028,-0.042243384,0.09005357,-1.1096951,-0.13766977,0.23919936,-1.0256205,-0.21019424,0.3258485,-0.89369214,-0.2468267,-0.09390714,-0.73560065,-0.098554716,0.038353212,-0.99890935,-0.1875313,0.19107996,-0.93237853,-0.22984238,0.285322,-0.8087642,-0.24139524,-0.11032473,-0.59599227,-0.1547013,0.025167415,-0.804531,-0.21934146,0.1503048,-0.8230609,-0.24028839,0.24146645,-0.7874433,-0.24402726
O,Zaith,Right,0.0,0.0,0.0,0.15288924,-0.2530341,0.033907626,0.2506132,-0.47717223,0.022182595,0.33112344,-0.6283244,-0.016748097,0.3733714,-0.80552685,-0.055391043,0.08451055,-0.7960378,0.060435787,0.15617013,-1.0911816,-0.00869839,0.26937523,-1.0406579,-0.06954692,0.3322285,-0.9431989,-0.10156171,0.028869579,-0.7816082,0.0013011417,0.13723189,-1.1051581,-0.07005897,0.26856697,-1.0149039,-0.1279266,0.33042917,-0.87917787,-0.15619895,-0.018004918,-0.7363262,-0.064537436,0.091366515,-1.0283309,-0.1273881,0.22915994,-0.95745736,-0.15564394,0.30555266,-0.831816,-0.16112465,-0.04972957,-0.6473347,-0.1296868,0.055816643,-0.87876344,-0.17656131,0.17178336,-0.88083184,-0.18898076,0.25178924,-0.8186625,-0.18849383
O,Zaith,Left,0.0,0.0,0.0,-0.23145725,-0.050904628,0.010891041,-0.4202051,-0.2086058,0.010169909,-0.5660881,-0.3185086,-0.016110701,-0.67672384,-0.4570266,-0.03649589,-0.32697442,-0.7148157,0.13051255,-0.49051818,-0.8579758,0.06789976,-0.6088778,-0.7768531,-0.0015463086,-0.6754607,-0.6351332,-0.039465725,-0.28964671,-0.78947115,0.08583822,-0.49618208,-0.9618289,0.018145252,-0.6182212,-0.8271805,-0.047703266,-0.66845477,-0.60571903,-0.077028446,-0.24836792,-0.8249703,0.024911694,-0.46016085,-1.0019504,-0.035203416,-0.5949973,-0.8588331,-0.07232862,-0.6566194,-0.6519495,-0.0790107,-0.20651218,-0.81083685,-0.039535858,-0.37570292,-0.9549897,-0.078426234,-0.5064577,-0.91557884,-0.09682233,-0.59514594,-0.80361766,-0.099063516
O,Zaith,Left,0.0,0.0,0.0,-0.21743484,-0.0684847,-0.0145792,-0.4016445,-0.22175042,-0.03396928,-0.5511903,-0.3458524,-0.07304864,-0.62129784,-0.5257751,-0.10382186,-0.3325261,-0.7050972,0.08847168,-0.4994632,-0.90508544,0.0059442366,-0.5965706,-0.8143854,-0.07343088,-0.6322569,-0.6590438,-0.11382087,-0.2833295,-0.77527624,0.0598002,-0.4617308,-1.0053989,-0.017844765,-0.56392974,-0.90662956,-0.08066958,-0.60859174,-0.71654063,-0.10452854,-0.21499722,-0.8210828,0.013812093,-0.38551003,-1.0469136,-0.04617444,-0.5049506,-0.9503623,-0.07249989,-0.5707135,-0.7838849,-0.07089622,-0.13517411,-0.82312316,-0.038152806,-0.26685798,-0.99234426,-0.07839048,-0.38486144,-0.97042143,-0.092503145,-0.47248527,-0.88133854,-0.08844257
O,Zaith,Left,0.0,0.0,0.0,-0.21495551,-0.07587222,-0.007733343,-0.4083553,-0.23078036,-0.0252088,-0.5545314,-0.35178545,-0.06298803,-0.612791,-0.5380982,-0.092664324,-0.31979713,-0.71064,0.086879246,-0.4728548,-0.93071043,0.0078082113,-0.57929045,-0.8595536,-0.06619632,-0.6301077,-0.72267157,-0.105475955,-0.26795033,-0.7864286,0.05239242,-0.43824372,-1.0415536,-0.027336622,-0.55336726,-0.94770026,-0.09011528,-0.6069786,-0.76156384,-0.11504901,-0.1975393,-0.83178717,0.0017684672,-0.36660495,-1.0715066,-0.060634553,-0.49457446,-0.9815037,-0.09172014,-0.5683738,-0.8112498,-0.09539058,-0.1133197,-0.8279999,-0.053552225,-0.24681583,-0.9806609,-0.0942342,-0.36352965,-0.96739143,-0.11182974,-0.45326683,-0.8913749,-0.11283401
O,Zaith,Left,0.0,0.0,0.0,-0.23039056,-0.16211767,0.022212232,-0.3990981,-0.35574526,0.0045110746,-0.5336472,-0.4643163,-0.038642216,-0.61284393,-0.60236037,-0.07699658,-0.24334396,-0.8916472,0.073644005,-0.43225503,-1.0393349,-0.002036942,-0.56528115,-0.9238343,-0.07025239,-0.6352173,-0.77233344,-0.107523575,-0.19224778,-0.9048911,0.019260127,-0.44746533,-1.0590246,-0.04595899,-0.5818251,-0.89480925,-0.09659698,-0.6285615,-0.72354776,-0.123421885,-0.1576786,-0.85070425,-0.046392556,-0.41415963,-0.9843408,-0.107294,-0.55070823,-0.8230724,-0.12631287,-0.60455275,-0.647316,-0.12702617,-0.14999202,-0.72420716,-0.11304043,-0.3482871,-0.8364227,-0.1532411,-0.4599065,-0.77151877,-0.15787125,-0.5203987,-0.65926605,-0.15188791
O,Zaith,Left,0.0,0.0,0.0,-0.23041594,0.01929738,-0.009695151,-0.43056917,-0.07244465,-0.024661612,-0.5811533,-0.19142364,-0.059107583,-0.6410908,-0.3922343,-0.084779985,-0.3725954,-0.5503668,0.10169637,-0.523362,-0.7447662,0.028450549,-0.6189482,-0.6643485,-0.043451186,-0.65482295,-0.53087556,-0.08280761,-0.3274664,-0.64796364,0.07260464,-0.49968606,-0.8686234,-0.0046942183,-0.5984146,-0.7576627,-0.07134491,-0.6300093,-0.5866059,-0.10014437,-0.25703284,-0.73613185,0.02696706,-0.426536,-0.9711021,-0.033948068,-0.5359874,-0.8637738,-0.06851829,-0.58299774,-0.6906109,-0.07430345,-0.15546925,-0.80008894,-0.023273518,-0.27631178,-0.98233277,-0.061061617,-0.3866693,-0.9698982,-0.08094949,-0.46519196,-0.8852098,-0.084205575
O,Zaith,Left,0.0,0.0,0.0,-0.24145429,0.060636222,0.024039736,-0.4521844,-0.022862531,0.04042134,-0.6051311,-0.107183196,0.027292168,-0.7101325,-0.24339865,0.020980114,-0.40941924,-0.5623476,0.17973977,-0.5971973,-0.65987486,0.14086536,-0.69628936,-0.54516447,0.083190955,-0.7276327,-0.40846375,0.053413536,-0.38726938,-0.6760817,0.13825923,-0.6086172,-0.7970932,0.09725955,-0.7122369,-0.6279469,0.040692616,-0.7230877,-0.41369092,0.018609896,-0.34516126,-0.77014256,0.080344774,-0.56529415,-0.92880774,0.04650635,-0.6752455,-0.7528,0.022474408,-0.68888867,-0.5409585,0.025364436,-0.28330606,-0.83685386,0.01844935,-0.44781855,-0.9990407,0.0045962078,-0.57293147,-0.92569643,0.0022441715,-0.633515,-0.77373046,0.01296591
O,Zaith,Left,0.0,0.0,0.0,-0.25138918,0.02748351,0.0035901256,-0.45527893,-0.0993025,-0.002157121,-0.6183705,-0.19043545,-0.031324822,-0.74076474,-0.32326534,-0.05409755,-0.36347616,-0.7056189,0.10314177,-0.5879842,-0.8114507,0.03461525,-0.7254498,-0.66093,-0.036263,-0.7847077,-0.4622092,-0.0726167,-0.3332418,-0.79992753,0.063630305,-0.6213193,-0.90000594,-0.003785263,-0.75290465,-0.67267954,-0.07116495,-0.7807857,-0.4118032,-0.104249954,-0.30364373,-0.8482047,0.009605125,-0.597917,-0.9645814,-0.058967322,-0.73540527,-0.72477454,-0.10304459,-0.76329964,-0.46759942,-0.113809966,-0.27961767,-0.84518355,-0.046447273,-0.5017615,-0.9884115,-0.090211675,-0.6445523,-0.88309115,-0.10761659,-0.7132445,-0.70091534,-0.109014675
O,Zaith,Left,0.0,0.0,0.0,-0.24781008,-0.059008077,0.03611713,-0.42567128,-0.22593223,0.02986728,-0.5806713,-0.32136387,-0.0035998742,-0.7027304,-0.4380463,-0.031966213,-0.27654356,-0.9416531,0.10872266,-0.51851946,-1.0308652,0.047513608,-0.66248435,-0.87848246,-0.014199383,-0.7217372,-0.69216716,-0.046368394,-0.25489578,-0.9753374,0.05366061,-0.5495477,-1.0658761,0.01211203,-0.6903752,-0.86178076,-0.030306954,-0.73218846,-0.6481636,-0.05575258,-0.25992092,-0.92649555,-0.012878682,-0.5540165,-1.0034767,-0.063588545,-0.6963806,-0.79095364,-0.08452835,-0.7409707,-0.5740829,-0.08834622,-0.29964575,-0.80341655,-0.07879719,-0.5349648,-0.876549,-0.11365697,-0.6450478,-0.76224506,-0.11698204,-0.6906049,-0.611132,-0.109995686
O,Zaith,Left,0.0,0.0,0.0,-0.2458149,-0.03020922,-0.004532284,-0.44816196,-0.1784361,-0.024335194,-0.6087644,-0.2646034,-0.05876043,-0.731523,-0.37969196,-0.08431166,-0.32911047,-0.85731834,0.04584369,-0.5504466,-0.95651585,-0.021548575,-0.68231106,-0.8245197,-0.085047916,-0.7535199,-0.6574251,-0.11907011,-0.29027864,-0.89844036,0.012973639,-0.57665855,-0.9917681,-0.041250423,-0.71071553,-0.82701015,-0.08710746,-0.7601318,-0.63448393,-0.11313464,-0.2715285,-0.85552955,-0.03106546,-0.55260414,-0.9779396,-0.09011796,-0.6949482,-0.8156493,-0.11358634,-0.75219566,-0.61966777,-0.116349496,-0.28158623,-0.73524565,-0.07692364,-0.49700662,-0.8696768,-0.12089559,-0.62710714,-0.8132446,-0.1319598,-0.70203996,-0.689926,-0.12853567
O,Zaith,Left,0.0,0.0,0.0,-0.228846,-0.072758034,-0.0066485377,-0.42470664,-0.21737647,-0.031272475,-0.57368886,-0.32401302,-0.07637161,-0.6380645,-0.499224,-0.113561586,-0.35458207,-0.7014531,0.06894158,-0.513686,-0.9312834,-0.0212068,-0.6182017,-0.83541316,-0.10009821,-0.66318727,-0.6859242,-0.14151214,-0.30082145,-0.76907194,0.03024015,-0.48616466,-1.0452677,-0.061147265,-0.5975524,-0.9235063,-0.123594716,-0.63937193,-0.73283714,-0.14627537,-0.22692904,-0.8043442,-0.023989078,-0.40263686,-1.0646024,-0.095102265,-0.53214115,-0.9616836,-0.12506518,-0.60011786,-0.79142416,-0.12644537,-0.14025462,-0.7919885,-0.08238038,-0.27642223,-0.97285646,-0.127151,-0.4001519,-0.954607,-0.1440191,-0.4914393,-0.87091184,-0.14420338
O,Zaith,Left,0.0,0.0,0.0,-0.2220192,-0.08137337,-0.021182438,-0.42212763,-0.24741052,-0.04553455,-0.5768661,-0.38195723,-0.087424465,-0.6311778,-0.58089834,-0.11999693,-0.35061848,-0.713161,0.07323448,-0.49371168,-0.96173376,-0.0121666035,-0.59422857,-0.88394314,-0.08986478,-0.63923347,-0.7390969,-0.13266993,-0.29299864,-0.79098296,0.045420527,-0.46321765,-1.0722039,-0.045317072,-0.5690896,-0.96231043,-0.11422779,-0.61207044,-0.7751971,-0.14236589,-0.20980321,-0.837449,0.00090745575,-0.36526853,-1.1274701,-0.07322713,-0.47905192,-1.0247781,-0.11062455,-0.539985,-0.8416746,-0.116996296,-0.10654977,-0.8378934,-0.048272304,-0.21320362,-1.0237108,-0.098953776,-0.32516265,-0.9982453,-0.12301146,-0.4116933,-0.8998487,-0.12796798
O,Zaith,Left,0.0,0.0,0.0,-0.23231643,0.024326548,-0.012027461,-0.45340696,-0.049478687,-0.02922109,-0.6226861,-0.13175683,-0.066536866,-0.69979036,-0.31890646,-0.09447887,-0.42155218,-0.561085,0.08548162,-0.61339116,-0.7347316,0.0045984895,-0.7135712,-0.6131225,-0.069248065,-0.73642975,-0.46344206,-0.107306615,-0.38208395,-0.672369,0.0550766,-0.58917975,-0.89538884,-0.02021832,-0.69358265,-0.75674134,-0.075313024,-0.7132649,-0.56622154,-0.09500993,-0.31451118,-0.7707056,0.007344924,-0.51757485,-1.0055503,-0.04904283,-0.63714594,-0.8695852,-0.070428826,-0.67831326,-0.68197,-0.06765265,-0.21971872,-0.83404624,-0.04654823,-0.36526838,-1.0126764,-0.081180066,-0.4852243,-0.9558291,-0.09326788,-0.55960554,-0.8287591,-0.09040815
O,Zaith,Left,0.0,0.0,0.0,-0.246026,-0.03456402,0.016736377,-0.4263161,-0.23632082,0.020654794,-0.5699932,-0.37707722,0.0021487905,-0.68491757,-0.50992626,-0.010390114,-0.2697901,-0.83264077,0.101914495,-0.4793131,-0.9928053,0.048716307,-0.61164737,-0.8624236,-0.0073155477,-0.67537546,-0.68806946,-0.035700746,-0.22182779,-0.91066283,0.06120012,-0.49788684,-1.0805857,0.018206388,-0.64105296,-0.8872891,-0.024862386,-0.6849807,-0.665541,-0.046315674,-0.19432724,-0.9213608,0.008072178,-0.4735628,-1.1005337,-0.040196136,-0.6235974,-0.902749,-0.06549868,-0.66981006,-0.68092346,-0.069808796,-0.19965881,-0.8688616,-0.046398554,-0.41349226,-1.0317128,-0.0795029,-0.5458362,-0.94710237,-0.08604052,-0.6100611,-0.79235435,-0.081127346
O,Zaith,Left,0.0,0.0,0.0,-0.2685728,-0.056182012,0.013589956,-0.4656619,-0.22228287,0.0072587742,-0.6169462,-0.3485715,-0.021564258,-0.714975,-0.50100565,-0.041585416,-0.3126235,-0.86263627,0.11155598,-0.524488,-0.98994845,0.05948619,-0.6527789,-0.8599601,0.00025982675,-0.7214868,-0.6924282,-0.032157008,-0.26814803,-0.9082304,0.07034652,-0.5438367,-1.0277803,0.028047444,-0.6800091,-0.8618991,-0.021741882,-0.72998804,-0.6669265,-0.049926158,-0.24775633,-0.88234353,0.01562552,-0.5233266,-1.0056449,-0.03145418,-0.6669141,-0.8474875,-0.058339797,-0.7235978,-0.647907,-0.06479453,-0.26043716,-0.7826592,-0.04123227,-0.4670504,-0.8990736,-0.070370324,-0.5937838,-0.8433456,-0.07863933,-0.66758525,-0.721687,-0.07623082
O,Zaith,Left,0.0,0.0,0.0,-0.20150234,0.07070953,0.035345905,-0.38462487,-0.02722555,0.06324397,-0.5360682,-0.124711625,0.06494749,-0.6353401,-0.28532138,0.06956922,-0.28171128,-0.5726719,0.20056416,-0.46847028,-0.6582634,0.2069924,-0.60278827,-0.57586074,0.17141624,-0.6723491,-0.47364107,0.14604308,-0.2605156,-0.70936227,0.15961473,-0.4915624,-0.78151673,0.17541437,-0.63698256,-0.6438625,0.12877515,-0.692852,-0.48167336,0.09210562,-0.24975705,-0.7923435,0.10623926,-0.4856257,-0.8941535,0.115986325,-0.6266416,-0.74718225,0.0920722,-0.6795829,-0.5892848,0.07388197,-0.25096112,-0.81821924,0.050335303,-0.44418287,-0.9749242,0.060207084,-0.57327896,-0.9071818,0.06784991,-0.6364606,-0.7713092,0.07359584
O,Zaith,Left,0.0,0.0,0.0,-0.20472772,0.1892089,0.095855586,-0.38773033,0.12209067,0.1797288,-0.5215155,-0.001453124,0.22282335,-0.58064204,-0.18291636,0.26534256,-0.2309102,-0.48401055,0.35778907,-0.39819697,-0.5906039,0.4179689,-0.5192308,-0.51486796,0.39932624,-0.5754636,-0.383631,0.38352776,-0.23611715,-0.67125654,0.30474228,-0.44330457,-0.7804261,0.36988258,-0.58819693,-0.64993894,0.30495554,-0.6464589,-0.45583716,0.2523026,-0.24413884,-0.83959514,0.23971498,-0.47397396,-0.96111524,0.28414685,-0.621284,-0.78196174,0.22067559,-0.6753639,-0.571276,0.17234568,-0.26876444,-0.98163676,0.17814954,-0.47830108,-1.0928018,0.21351199,-0.6140391,-0.9543082,0.20829517,-0.6729369,-0.73969984,0.20147485
O,Zaith,Left,0.0,0.0,0.0,-0.22404286,0.07033256,-0.013877272,-0.43248504,-0.021412732,-0.02599564,-0.5944609,-0.11349641,-0.057059634,-0.69531596,-0.27804914,-0.07925311,-0.35189503,-0.64758056,0.0908897,-0.566212,-0.73805916,0.038240418,-0.67947245,-0.57560885,-0.022107314,-0.69899064,-0.39036086,-0.053638488,-0.31742215,-0.7618446,0.06288577,-0.57636267,-0.8553757,0.01522296,-0.6932738,-0.63761085,-0.034838233,-0.6977852,-0.41299734,-0.058493245,-0.29184672,-0.8157198,0.01975612,-0.548759,-0.9601992,-0.02341756,-0.67757064,-0.75051415,-0.043468826,-0.6899511,-0.5317927,-0.043182086,-0.28109902,-0.80494046,-0.028948445,-0.48260906,-0.99512076,-0.056722697,-0.6193656,-0.90494215,-0.057455074,-0.6714156,-0.741081,-0.047307733
O,Zaith,Left,0.0,0.0,0.0,-0.21949755,0.17163424,0.023420407,-0.416489,0.16343868,0.053593766,-0.5840582,0.0604871,0.053372905,-0.6695262,-0.14999291,0.058306783,-0.34960645,-0.3828134,0.27227268,-0.5032753,-0.47376287,0.28067857,-0.6008505,-0.40685248,0.23375495,-0.6385304,-0.30381638,0.20062129,-0.34498057,-0.5372582,0.24250332,-0.5241761,-0.6610109,0.24304277,-0.62885314,-0.56423,0.16529794,-0.65896356,-0.3992141,0.11584227,-0.32030043,-0.6987057,0.19388051,-0.5088757,-0.84179777,0.1970818,-0.6157294,-0.7442086,0.14666222,-0.6451042,-0.5753116,0.118240476,-0.26626316,-0.8638421,0.14122637,-0.42368054,-0.9904622,0.15594773,-0.53620976,-0.9442138,0.1466841,-0.5900638,-0.8073566,0.1422284
O,Zaith,Left,0.0,0.0,0.0,-0.2488326,0.08481242,-0.023068821,-0.47137868,-0.031941164,-0.052863028,-0.64261454,-0.1452226,-0.09507755,-0.76503265,-0.29327726,-0.13108793,-0.3190785,-0.80229306,-0.010744533,-0.6129635,-0.93229276,-0.09036085,-0.7580269,-0.73772544,-0.15559888,-0.79970354,-0.50678784,-0.18728645,-0.26666197,-0.8969669,-0.04121086,-0.6214745,-0.99660665,-0.10394882,-0.77193564,-0.7619971,-0.14695503,-0.80084306,-0.50808114,-0.17081955,-0.24526317,-0.894758,-0.08272578,-0.59314066,-1.0278432,-0.14980221,-0.75396353,-0.7843329,-0.1716797,-0.79236144,-0.5306489,-0.17483728,-0.26587665,-0.8070984,-0.12620002,-0.551871,-0.9762928,-0.18943392,-0.6986594,-0.84415346,-0.2008765,-0.75949043,-0.6505185,-0.1946125
O,Zaith,Left,0.0,0.0,0.0,-0.22921944,-0.061378315,0.023600956,-0.4081763,-0.21688536,0.026651911,-0.532884,-0.3288111,0.004536819,-0.6021259,-0.45841318,-0.011326203,-0.3243422,-0.71313393,0.11911616,-0.46415204,-0.90679204,0.06527064,-0.57889706,-0.8620216,0.0040431414,-0.6367849,-0.75206834,-0.031123988,-0.28025854,-0.77241826,0.07080057,-0.4455526,-0.97323763,0.02426359,-0.5655195,-0.9128532,-0.026174804,-0.61893237,-0.7661268,-0.052685756,-0.23849316,-0.7982127,0.00900695,-0.4099003,-0.9808892,-0.026766319,-0.5396597,-0.93039453,-0.050148662,-0.60351574,-0.79735106,-0.05686865,-0.20208287,-0.7738997,-0.056529116,-0.3512562,-0.91736436,-0.07681693,-0.46997267,-0.9070243,-0.08217718,-0.5495063,-0.8245509,-0.079768844
O,Zaith,Left,0.0,0.0,0.0,-0.2210254,-0.041021876,-0.012894843,-0.4175172,-0.14307052,-0.036136113,-0.5648287,-0.22520293,-0.07883657,-0.6208765,-0.40930998,-0.11063274,-0.34880298,-0.66567874,0.078398004,-0.5182129,-0.84274626,-0.00794102,-0.5966166,-0.7034988,-0.08549644,-0.60678196,-0.525018,-0.12348891,-0.30483794,-0.7477866,0.049290054,-0.49359673,-0.97017956,-0.03444831,-0.58639395,-0.79783297,-0.092173465,-0.6016133,-0.57433355,-0.109768316,-0.24776135,-0.7986952,0.003465163,-0.4250198,-1.0402414,-0.05612406,-0.5355624,-0.8843272,-0.07592881,-0.57134336,-0.6770156,-0.06810388,-0.18212391,-0.7943631,-0.04847128,-0.3104705,-0.9777204,-0.0819817,-0.43273714,-0.9511904,-0.09317831,-0.51372993,-0.85795194,-0.08713953
O,Zaith,Left,0.0,0.0,0.0,-0.22282507,0.05072687,-0.011186334,-0.4211858,0.018003667,-0.029550973,-0.5728844,-0.042414993,-0.06989066,-0.6332652,-0.24155793,-0.09660436,-0.41362983,-0.55362356,0.11054268,-0.57892895,-0.7102608,0.033556756,-0.63818735,-0.54404426,-0.040333357,-0.62501967,-0.3638865,-0.07680821,-0.38420653,-0.6501504,0.08167846,-0.5831692,-0.8320281,0.0067636836,-0.65250194,-0.6376172,-0.052725147,-0.6343876,-0.43126374,-0.07223545,-0.33257186,-0.73456764,0.034306083,-0.51827365,-0.941698,-0.020732978,-0.60079646,-0.75821924,-0.0425852,-0.59873307,-0.555548,-0.035503462,-0.2539693,-0.79298604,-0.019662628,-0.38833112,-0.98554045,-0.046900544,-0.5096126,-0.9341916,-0.056273174,-0.5783092,-0.81581765,-0.049353145
O,Zaith,Left,0.0,0.0,0.0,-0.26063108,-0.02817147,0.021971786,-0.47722897,-0.16474997,0.019675957,-0.64579004,-0.2529542,-0.01593276,-0.72803974,-0.4486247,-0.04095349,-0.38913378,-0.8112005,0.15767224,-0.5998154,-0.9707894,0.08777294,-0.7097676,-0.80236816,0.013729545,-0.7298265,-0.5929369,-0.023629662,-0.36044765,-0.8906643,0.10299767,-0.61566144,-1.0646105,0.03873358,-0.7306547,-0.83334196,-0.027771346,-0.7337409,-0.57955825,-0.058032278,-0.33135414,-0.9359321,0.0303175,-0.5936403,-1.1167332,-0.028676067,-0.7163478,-0.8606795,-0.065157175,-0.7165728,-0.59005094,-0.071146935,-0.3135736,-0.92082936,-0.04547573,-0.538929,-1.0548781,-0.07872553,-0.67589736,-0.9074283,-0.08851041,-0.71933466,-0.69466364,-0.08334876
O,Zaith,Left,0.0,0.0,0.0,-0.26428056,-0.053871136,0.02357127,-0.47358513,-0.16507766,0.014385047,-0.63037,-0.2357666,-0.0278676,-0.7125683,-0.4105487,-0.061573528,-0.40626514,-0.77104944,0.14742513,-0.5955778,-0.92766654,0.06857739,-0.6970805,-0.75475365,-0.011090924,-0.72224563,-0.56036484,-0.05465799,-0.3651134,-0.84330314,0.0894537,-0.59592247,-1.0165523,0.009157298,-0.70213073,-0.7931927,-0.05993978,-0.71407783,-0.558529,-0.09040734,-0.31946683,-0.8688292,0.013202465,-0.5529399,-1.049155,-0.053587973,-0.6747595,-0.8264416,-0.08594854,-0.69861734,-0.5847905,-0.088902764,-0.27529427,-0.8315185,-0.066606216,-0.46034977,-0.9567571,-0.10696139,-0.5970607,-0.87351763,-0.12322388,-0.67118573,-0.7412892,-0.1231134
O,Zaith,Left,0.0,0.0,0.0,-0.22407551,-0.050609097,-0.020429159,-0.43984243,-0.17824174,-0.047400754,-0.59702694,-0.28343534,-0.091857225,-0.6499108,-0.47987705,-0.1261025,-0.37065765,-0.66633373,0.06439281,-0.52915215,-0.88033944,-0.02738503,-0.61440164,-0.77607036,-0.10645327,-0.63239074,-0.6238109,-0.14786133,-0.3149202,-0.7581533,0.036459044,-0.4947951,-1.0176729,-0.059229307,-0.58528674,-0.8700436,-0.123965465,-0.60109276,-0.67267865,-0.14639066,-0.23518278,-0.8167087,-0.008048027,-0.4029186,-1.0860969,-0.080339305,-0.51566285,-0.95854235,-0.11100195,-0.5641962,-0.76711154,-0.11148893,-0.13720451,-0.81917816,-0.05771715,-0.2600532,-0.99473935,-0.10273993,-0.3768576,-0.9713762,-0.123180635,-0.46206775,-0.88684464,-0.12504746
O,Zaith,Left,0.0,0.0,0.0,-0.26127905,-0.11289716,0.02910196,-0.4565028,-0.29080835,0.0014908693,-0.6182483,-0.40031368,-0.055146564,-0.7065255,-0.560288,-0.10734408,-0.29884276,-1.0336434,0.07159063,-0.57487214,-1.1264163,-0.002870966,-0.7048626,-0.90558136,-0.07169194,-0.73034865,-0.6830746,-0.110766254,-0.27025083,-1.0445967,0.011480054,-0.6066812,-1.1464417,-0.049895037,-0.72352064,-0.86857015,-0.09470405,-0.72058135,-0.65491307,-0.12079179,-0.26857033,-0.9721331,-0.05772072,-0.5953827,-1.1029695,-0.12259903,-0.7095258,-0.83478874,-0.13229117,-0.70185775,-0.60196674,-0.12796168,-0.30265397,-0.81846744,-0.12628147,-0.5583405,-0.9391763,-0.17517214,-0.65189713,-0.7906456,-0.17188151,-0.6518578,-0.61420345,-0.15811841
O,Zaith,Left,0.0,0.0,0.0,-0.24524435,0.084111065,0.0046370607,-0.4726271,0.049157955,0.004460959,-0.642624,0.006517347,-0.021878336,-0.73126274,-0.1719934,-0.0350264,-0.47762272,-0.58353263,0.15494771,-0.67004573,-0.7030396,0.09518391,-0.74755627,-0.5243626,0.026240181,-0.74386495,-0.3387912,-0.007872691,-0.4547175,-0.68805695,0.12049287,-0.6729708,-0.83224577,0.06492617,-0.751891,-0.61729974,0.0069892327,-0.7364337,-0.3988904,-0.013767423,-0.4106187,-0.7730683,0.06742051,-0.62867886,-0.9267739,0.025717758,-0.7101095,-0.7020504,0.006250182,-0.6954943,-0.48175952,0.013499118,-0.34328824,-0.826069,0.008434091,-0.51677895,-0.99026597,-0.005122049,-0.6346992,-0.887667,-0.0026595492,-0.68171483,-0.731618,0.01188206
O,Zaith,Right,0.0,0.0,0.0,-0.2484759,0.18672772,0.056603905,-0.5105229,0.15711209,0.10854483,-0.70759535,0.061483912,0.12552594,-0.8104045,-0.113110356,0.15019341,-0.49716341,-0.63579386,0.25732306,-0.7754128,-0.71136135,0.2682459,-0.8523996,-0.4921664,0.23407765,-0.8274193,-0.28262812,0.21543048,-0.506347,-0.7758775,0.21086575,-0.81617624,-0.8075313,0.2263505,-0.8949341,-0.526472,0.1715175,-0.85447335,-0.29581976,0.13763052,-0.50995,-0.8618103,0.15049885,-0.83087724,-0.9092035,0.15018871,-0.8987612,-0.6016307,0.109475285,-0.8385162,-0.35332376,0.08860023,-0.5122541,-0.8866174,0.09091911,-0.7890602,-0.9554565,0.09782891,-0.8837661,-0.7355082,0.10083242,-0.86398745,-0.50351334,0.108049154
O,Zaith,Left,0.0,0.0,0.0,-0.23612309,0.13584551,0.030385949,-0.44346204,0.12659934,0.049713746,-0.6022341,0.05067956,0.037344992,-0.6992115,-0.10855725,0.033938307,-0.4418509,-0.46551558,0.20938727,-0.6201232,-0.5762892,0.173297,-0.6862634,-0.40972912,0.11677363,-0.68177015,-0.23725753,0.0892578,-0.43123704,-0.5887675,0.17004167,-0.65798783,-0.7238556,0.12569769,-0.71707976,-0.48999318,0.06172714,-0.68704903,-0.26623297,0.03846981,-0.3990541,-0.7161146,0.11425182,-0.62395054,-0.8346763,0.07782433,-0.6892535,-0.58817726,0.04420363,-0.66545105,-0.3616618,0.044122346,-0.33331355,-0.8459035,0.056376956,-0.50504345,-0.996921,0.050592806,-0.62500703,-0.8951886,0.047988128,-0.6773874,-0.73562646,0.057843864
O,Zaith,Left,0.0,0.0,0.0,-0.29783365,-0.025540877,0.06465039,-0.51847357,-0.11183644,0.06983733,-0.6855064,-0.14914219,0.031725764,-0.7897527,-0.3035215,0.00021645142,-0.4676225,-0.8356818,0.20072691,-0.6869015,-0.92528826,0.14182122,-0.79137945,-0.7186437,0.06768569,-0.816619,-0.4987952,0.023964183,-0.43232664,-0.90349287,0.118623555,-0.70624304,-0.9834383,0.06388745,-0.8122956,-0.72735006,-0.0021453574,-0.8131416,-0.48339996,-0.039258245,-0.40119204,-0.8982488,0.019842586,-0.6778818,-0.9798634,-0.03140694,-0.8015593,-0.7251092,-0.062462877,-0.8126918,-0.46966305,-0.072295815,-0.38254157,-0.8130091,-0.080171816,-0.5920022,-0.89738375,-0.10957716,-0.7281996,-0.7749416,-0.11888604,-0.7908766,-0.6119756,-0.11867012
O,Zaith,Left,0.0,0.0,0.0,-0.24175434,-0.05459826,0.009635571,-0.44382218,-0.15973853,0.00026408053,-0.5962097,-0.230207,-0.035708982,-0.6622116,-0.40597612,-0.06443299,-0.38871005,-0.68029356,0.121742204,-0.5700224,-0.8278701,0.04501391,-0.6467977,-0.6799489,-0.03450893,-0.6545236,-0.5034318,-0.07672753,-0.34737957,-0.7749693,0.07906738,-0.5510783,-1.003196,0.006093237,-0.65589285,-0.85240865,-0.05799203,-0.68551874,-0.644452,-0.08334834,-0.28757283,-0.8258293,0.019657765,-0.4803818,-1.073021,-0.03311564,-0.60522455,-0.9401369,-0.061108295,-0.6584436,-0.7518437,-0.06281103,-0.22073449,-0.80896586,-0.044369966,-0.36766496,-0.9666835,-0.07434118,-0.49452975,-0.919341,-0.08574358,-0.58042043,-0.8143169,-0.08267897
O,Zaith,Left,0.0,0.0,0.0,-0.21164939,-0.12032693,-0.015817016,-0.39216387,-0.27467513,-0.043611553,-0.53703946,-0.39559934,-0.09089741,-0.58369917,-0.5883972,-0.12995534,-0.29716104,-0.7344452,0.07461018,-0.43548357,-0.9607359,-0.0125302095,-0.53313494,-0.8605821,-0.0936441,-0.57115537,-0.7150973,-0.138852,-0.24201283,-0.8011065,0.042628553,-0.39742693,-1.0987682,-0.045519557,-0.5096831,-0.9951973,-0.11395336,-0.55754393,-0.8228079,-0.14392847,-0.16731022,-0.829483,-0.0058660423,-0.30576274,-1.1144674,-0.0755113,-0.43282,-1.0277878,-0.11244117,-0.50218266,-0.8647616,-0.12041269,-0.0806761,-0.80591595,-0.059277937,-0.18741503,-1.0076557,-0.10250881,-0.3067645,-0.99791235,-0.12320569,-0.39658034,-0.9156969,-0.12815692
O,Zaith,Left,0.0,0.0,0.0,-0.22744352,0.02242842,-0.009910012,-0.43008292,-0.033795465,-0.02951733,-0.58495736,-0.08890788,-0.071347974,-0.65614164,-0.27038467,-0.10140156,-0.42602956,-0.57444006,0.09255026,-0.6004289,-0.73640466,0.0055798697,-0.6649044,-0.57563776,-0.07205882,-0.65803,-0.40025267,-0.110168494,-0.3918921,-0.6713034,0.06122149,-0.5912448,-0.86337286,-0.019329498,-0.65782154,-0.6715059,-0.073541,-0.6432724,-0.47011384,-0.08894563,-0.33190516,-0.754381,0.01189077,-0.51496303,-0.9898285,-0.046356853,-0.60137606,-0.81573796,-0.059400734,-0.6089748,-0.6178021,-0.046456903,-0.24472108,-0.7990929,-0.044437986,-0.36896753,-0.99975806,-0.07727135,-0.4856759,-0.94837,-0.084742546,-0.5557006,-0.83138245,-0.07515757
O,Zaith,Left,0.0,0.0,0.0,-0.22668046,0.11066139,-0.001213992,-0.43825197,0.11255576,-0.004548273,-0.5970806,0.060666725,-0.033427414,-0.6793504,-0.1237522,-0.051296383,-0.44213676,-0.4868805,0.15239258,-0.62277126,-0.5758347,0.094493724,-0.69401026,-0.4208576,0.027225593,-0.6882978,-0.25142625,-0.0051029245,-0.42898697,-0.6098669,0.121385165,-0.6422383,-0.7238893,0.064736575,-0.71360946,-0.52347636,0.0045256615,-0.69059795,-0.30936846,-0.01566892,-0.39360458,-0.72473764,0.07148791,-0.60351646,-0.8666987,0.028132586,-0.68618286,-0.6639044,0.004491762,-0.6730247,-0.45602247,0.011378807,-0.33013707,-0.81900877,0.015692618,-0.49640328,-0.97919136,-0.00031020536,-0.6197373,-0.89101493,-0.002095958,-0.67350066,-0.73918664,0.011290101
O,Zaith,Right,0.0,0.0,0.0,-0.26012686,0.11936756,-0.09726432,-0.5233205,0.03842447,-0.11083943,-0.728154,-0.038628608,-0.11007613,-0.8370993,-0.1896432,-0.09109786,-0.4631097,-0.75694823,0.0023736798,-0.76236206,-0.81077605,-0.0106221875,-0.86173975,-0.5498974,-0.03741384,-0.86230516,-0.30361763,-0.045112964,-0.42307925,-0.8683452,0.059050683,-0.74042565,-0.9021383,0.05512814,-0.8440375,-0.6128641,0.02350564,-0.83976245,-0.36296895,0.0084705,-0.39370072,-0.87964267,0.104549654,-0.6993321,-0.94526404,0.09547344,-0.8110749,-0.6741997,0.06837194,-0.8118615,-0.4327185,0.060109492,-0.37992364,-0.8212695,0.14313184,-0.6240336,-0.93442297,0.13242717,-0.7604561,-0.78065234,0.12431417,-0.808587,-0.58837664,0.13052428
O,Zaith,Right,0.0,0.0,0.0,-0.24268211,0.028855179,-0.050877143,-0.4785984,-0.10521363,-0.078191325,-0.67178476,-0.21309856,-0.10635662,-0.7787151,-0.37936485,-0.12228231,-0.35378635,-0.87102294,-0.012439917,-0.64070946,-0.93094563,-0.06563044,-0.7683666,-0.7501716,-0.11189146,-0.8012835,-0.57424265,-0.13496353,-0.32139266,-0.972117,-0.008520352,-0.65226257,-1.0441198,-0.053931296,-0.7759484,-0.81612676,-0.084613614,-0.7968003,-0.60424274,-0.09871479,-0.31246173,-0.9668087,-0.014332955,-0.64626217,-1.0348238,-0.0704615,-0.77379227,-0.8023552,-0.087980956,-0.79746234,-0.5876591,-0.086340204,-0.33809146,-0.86030823,-0.023032121,-0.6126039,-0.9301778,-0.07185826,-0.7421329,-0.7841748,-0.080358714,-0.7894041,-0.6056839,-0.07248394
O,Zaith,Left,0.0,0.0,0.0,-0.2801256,-0.010912747,0.010770421,-0.5181804,-0.092179224,-0.006495998,-0.6965712,-0.12145917,-0.04770581,-0.8137742,-0.25117987,-0.079347804,-0.45592928,-0.8480344,0.08934151,-0.70619553,-0.8890926,0.016660023,-0.8146381,-0.69141984,-0.05592536,-0.83778703,-0.48928556,-0.09567068,-0.41785607,-0.91691333,0.04141786,-0.72601,-0.9761019,-0.016605103,-0.84057194,-0.74816644,-0.068597466,-0.85043013,-0.51320225,-0.09716959,-0.38915125,-0.90155846,-0.020700535,-0.6979991,-0.9798015,-0.07694618,-0.82614267,-0.7465629,-0.09867163,-0.8451755,-0.503658,-0.10130218,-0.3817703,-0.78943133,-0.085965775,-0.6244824,-0.8553095,-0.12655188,-0.75860167,-0.73470426,-0.13551103,-0.8212218,-0.5706091,-0.13106391
O,Zaith,Left,0.0,0.0,0.0,-0.20429268,-0.19621255,0.0012328988,-0.3718007,-0.37060463,-0.024012277,-0.5089686,-0.4882739,-0.07305059,-0.5676265,-0.6610434,-0.114913836,-0.2324202,-0.90007347,0.08968116,-0.39441997,-1.0552769,0.011450017,-0.5082676,-0.9605356,-0.06547329,-0.5749505,-0.8181882,-0.10885507,-0.18110286,-0.9352921,0.046574306,-0.3903246,-1.1184821,-0.024044547,-0.5085508,-0.99800724,-0.08512096,-0.564936,-0.8221373,-0.11683782,-0.13651337,-0.91130036,-0.012017331,-0.3472081,-1.0636673,-0.075396135,-0.47127345,-0.93707657,-0.102662064,-0.5345119,-0.75911564,-0.10662888,-0.10950782,-0.8206394,-0.07469261,-0.26711592,-0.9390882,-0.115190215,-0.37860927,-0.9182216,-0.12857138,-0.46093893,-0.8433868,-0.12844957
O,Zaith,Left,0.0,0.0,0.0,-0.2208218,-0.047129467,-0.022138601,-0.4126498,-0.15891416,-0.041268338,-0.5701593,-0.25765246,-0.07941806,-0.6549157,-0.4323542,-0.108284995,-0.34050146,-0.68961424,0.091898315,-0.5178107,-0.8460955,0.017242966,-0.61739045,-0.73200256,-0.056804914,-0.64930713,-0.5751271,-0.09606694,-0.3060692,-0.7857355,0.06762748,-0.51426005,-0.9720273,-0.0050945533,-0.6138598,-0.8085776,-0.06609432,-0.6347913,-0.5953292,-0.091863014,-0.2609423,-0.8381871,0.025141874,-0.4605591,-1.0548626,-0.037214536,-0.5703157,-0.8881102,-0.064980395,-0.60048985,-0.6733123,-0.06451722,-0.208156,-0.83493555,-0.02370892,-0.35378835,-1.0154905,-0.061806448,-0.4750071,-0.9632983,-0.07571348,-0.5473274,-0.8369186,-0.0736464
O,Zaith,Left,0.0,0.0,0.0,-0.18782647,-0.17808178,-0.0028164648,-0.33828354,-0.36215007,-0.022494638,-0.45880905,-0.4854258,-0.06292883,-0.51576877,-0.6519889,-0.096749865,-0.22337838,-0.80619043,0.085013375,-0.3447805,-1.0162381,0.008795318,-0.44740862,-0.952274,-0.06307462,-0.5079193,-0.83006257,-0.1031149,-0.16897039,-0.84694564,0.047378156,-0.32253978,-1.0973269,-0.035546202,-0.43025976,-0.998902,-0.10018936,-0.4842128,-0.8307406,-0.12738566,-0.1098276,-0.8451067,-0.0051984205,-0.26140773,-1.0701991,-0.07274878,-0.38269654,-0.9927201,-0.10714612,-0.45591494,-0.845192,-0.11339,-0.05184385,-0.7921408,-0.061368987,-0.17411992,-0.9343753,-0.10416436,-0.28580523,-0.9551467,-0.12511629,-0.37629977,-0.926498,-0.1299342
O,Zaith,Left,0.0,0.0,0.0,-0.16517721,-0.22787793,-0.01262576,-0.29638535,-0.43163577,-0.043365,-0.40667918,-0.5711161,-0.093557894,-0.45305339,-0.7369912,-0.13733952,-0.15507323,-0.84845567,0.06337644,-0.26686338,-1.0930369,-0.026329774,-0.37400794,-1.0289868,-0.105473235,-0.4342076,-0.90081286,-0.14955875,-0.0941378,-0.8670205,0.028536623,-0.24247625,-1.159774,-0.07186801,-0.36210558,-1.0432926,-0.14353861,-0.41802755,-0.8628706,-0.17364043,-0.03409048,-0.8397829,-0.021774398,-0.17020665,-1.1202863,-0.10447919,-0.30282313,-1.0327481,-0.14428447,-0.3800411,-0.8690133,-0.15044644,0.01880255,-0.7593255,-0.07572622,-0.070036426,-0.9484788,-0.12932464,-0.17414843,-0.98522747,-0.15575615,-0.25861594,-0.9574877,-0.16272363
O,Zaith,Left,0.0,0.0,0.0,-0.22537555,-0.0930202,-0.0032892986,-0.4158958,-0.24622272,-0.023913197,-0.5617676,-0.34848118,-0.068049654,-0.629385,-0.51989216,-0.104831524,-0.3365565,-0.7242662,0.09461543,-0.49196076,-0.92749816,0.005878414,-0.59844095,-0.8338237,-0.078489475,-0.6486309,-0.6860946,-0.12519072,-0.2879949,-0.7855594,0.050684687,-0.46248898,-1.0486118,-0.042385463,-0.5814737,-0.92343163,-0.11445449,-0.6310908,-0.72850674,-0.1444954,-0.22590142,-0.8046284,-0.010509983,-0.3975845,-1.0611695,-0.0829892,-0.5295191,-0.9478735,-0.118481554,-0.59533376,-0.7727608,-0.1234834,-0.16107973,-0.76593894,-0.07667772,-0.30627605,-0.9270788,-0.12349906,-0.43628234,-0.91421586,-0.14497787,-0.5291203,-0.8485468,-0.14861684
O,Zaith,Left,0.0,0.0,0.0,-0.25334644,-0.03662963,0.024054525,-0.4165664,-0.20554675,0.025194108,-0.5465606,-0.36415684,0.0025199626,-0.6117186,-0.5442763,-0.01614297,-0.22431889,-0.8391651,0.11993401,-0.46350148,-0.9828326,0.0964982,-0.59756804,-0.8479199,0.056992695,-0.6564799,-0.6763363,0.036824316,-0.17297904,-0.9238469,0.08368864,-0.47530362,-1.0603044,0.06870618,-0.6136874,-0.87017167,0.03410222,-0.6544699,-0.65885854,0.014754505,-0.15847959,-0.93248504,0.038397513,-0.46443892,-1.0863962,0.009359104,-0.6006651,-0.88536453,-0.0056430204,-0.6327417,-0.65703475,-0.0047969446,-0.19124475,-0.8841052,-0.0066784387,-0.43098158,-1.0463864,-0.03290286,-0.55658144,-0.9574829,-0.030115163,-0.6087849,-0.7933353,-0.016212998
O,Zaith,Left,0.0,0.0,0.0,-0.17518328,-0.082873024,-0.03088719,-0.33700868,-0.24649972,-0.05100034,-0.45545405,-0.38567004,-0.08079781,-0.4989699,-0.55715525,-0.101730295,-0.22759138,-0.6924198,0.045100186,-0.36636156,-0.89600676,-0.013314531,-0.45763275,-0.8318028,-0.07201528,-0.50387937,-0.7141718,-0.10345424,-0.17813711,-0.7684411,0.032692064,-0.32523492,-1.0086372,-0.022073446,-0.42768002,-0.95727897,-0.07147175,-0.48523498,-0.81985337,-0.09416756,-0.12622586,-0.7977756,0.0067338576,-0.26820198,-1.047339,-0.038689237,-0.38267815,-1.006202,-0.06358992,-0.4525058,-0.8868494,-0.06815835,-0.076829195,-0.7790583,-0.02438027,-0.19982539,-0.9700546,-0.055672407,-0.30839288,-0.98166937,-0.06692606,-0.39107597,-0.9203584,-0.06576149
O,Zaith,Left,0.0,0.0,0.0,-0.17341,-0.13077241,-0.025952311,-0.3182976,-0.3138063,-0.046508096,-0.4291613,-0.473236,-0.080604695,-0.4460313,-0.66502064,-0.10588586,-0.20098075,-0.7142097,0.06570509,-0.31207246,-0.9510105,0.0066288994,-0.39783084,-0.8861441,-0.04995218,-0.43400893,-0.7581845,-0.07888071,-0.14201647,-0.76932114,0.04961016,-0.26472956,-1.0364909,-0.007801639,-0.36614057,-0.97237515,-0.05677764,-0.42190427,-0.8176568,-0.07486114,-0.07659435,-0.786399,0.018576479,-0.19517949,-1.0500675,-0.027615357,-0.30859432,-1.0062692,-0.048325516,-0.38206935,-0.8769514,-0.046168625,-0.01003039,-0.7536547,-0.018145563,-0.10606469,-0.9595339,-0.050512515,-0.20914967,-0.9973813,-0.061967865,-0.2958658,-0.9552295,-0.057975173
O,Zaith,Left,0.0,0.0,0.0,-0.16622894,-0.28481176,0.13690376,-0.25761977,-0.4902102,0.1658835,-0.3459157,-0.63839954,0.13926803,-0.3910108,-0.8025644,0.10617055,-0.050255492,-0.818138,0.26501203,-0.17541459,-1.0246154,0.25677183,-0.2929454,-1.0026356,0.20971546,-0.3763226,-0.9264887,0.17453407,-0.0178899,-0.8295088,0.15354975,-0.1853927,-1.0703758,0.15211253,-0.31527042,-1.0198053,0.095778316,-0.3866214,-0.9149462,0.050729714,-0.013764447,-0.81001127,0.035510696,-0.1803658,-1.0430908,0.036551554,-0.30838037,-0.99528575,0.015173231,-0.38484657,-0.88415396,-0.0056301663,-0.035374355,-0.75132936,-0.07797229,-0.16549926,-0.9298451,-0.0685875,-0.26305708,-0.9436068,-0.063159764,-0.33514792,-0.8988732,-0.06455509
O,Zaith,Left,0.0,0.0,0.0,-0.19486615,-0.08327782,-0.013685431,-0.3574072,-0.21070932,-0.034908026,-0.4869233,-0.31871104,-0.075086266,-0.55122197,-0.490364,-0.108354926,-0.27379888,-0.6624178,0.078359075,-0.43316308,-0.85243356,0.004576959,-0.53215384,-0.7643794,-0.067061305,-0.5713226,-0.62556803,-0.10545157,-0.23045607,-0.7326243,0.049573407,-0.41217628,-0.95421344,-0.028423464,-0.51744246,-0.8294972,-0.093066975,-0.5580719,-0.63909864,-0.12064128,-0.1784801,-0.7697278,0.0054747723,-0.35215262,-1.0167377,-0.05680901,-0.47004765,-0.9054291,-0.08667173,-0.5248827,-0.7310673,-0.088559955,-0.119888216,-0.76130164,-0.043597523,-0.248289,-0.966789,-0.08402984,-0.3683143,-0.9659596,-0.100761324,-0.45571047,-0.8901281,-0.101286046
O,Zaith,Left,0.0,0.0,0.0,-0.17895249,-0.12013878,-0.023103865,-0.34071267,-0.29171145,-0.05075789,-0.45918673,-0.44394475,-0.09370989,-0.47416744,-0.6405557,-0.1280533,-0.23580942,-0.7125498,0.063911915,-0.35228804,-0.9428074,-0.011748663,-0.43922403,-0.87986565,-0.083433956,-0.4805506,-0.7533705,-0.12162271,-0.18034707,-0.76734865,0.04215137,-0.30361858,-1.0339992,-0.027446533,-0.3991466,-0.98423904,-0.08354054,-0.4535879,-0.84918815,-0.1065713,-0.10972577,-0.79154116,0.004674843,-0.22656958,-1.0528594,-0.04702519,-0.33111078,-1.0231771,-0.0692715,-0.40182397,-0.91571695,-0.069464214,-0.029797798,-0.769323,-0.038772047,-0.12591933,-0.9588076,-0.07166073,-0.22436213,-0.98059005,-0.08197173,-0.30678198,-0.9405535,-0.07867442
O,Zaith,Left,0.0,0.0,0.0,-0.16273417,-0.2034335,-0.038633846,-0.299023,-0.4050308,-0.0771619,-0.41035867,-0.5840168,-0.12876058,-0.41607162,-0.78322214,-0.17263453,-0.16994438,-0.7943462,0.045735944,-0.259715,-1.0472189,-0.04012802,-0.35590997,-0.996986,-0.11947966,-0.4182912,-0.88253874,-0.16522695,-0.10505927,-0.8282368,0.028099338,-0.21995221,-1.1196789,-0.061071616,-0.32462028,-1.0547184,-0.13102454,-0.39537072,-0.9073527,-0.16336837,-0.029984476,-0.8198828,-0.0060565313,-0.13479467,-1.106141,-0.079736546,-0.24761973,-1.0663953,-0.11737343,-0.33541167,-0.9381118,-0.12561113,0.05035875,-0.7606218,-0.04608399,-0.032108385,-0.9649398,-0.096433125,-0.13286415,-1.0040805,-0.121583454,-0.22942404,-0.97332656,-0.12895223
O,Zaith,Left,0.0,0.0,0.0,-0.19106245,-0.23490278,0.018676015,-0.325093,-0.43917152,-0.0048087467,-0.43776342,-0.57263327,-0.05563301,-0.48398766,-0.73262936,-0.10358365,-0.15248348,-0.9115732,0.08697377,-0.29399973,-1.0713339,0.0060299356,-0.41198054,-0.9939691,-0.07403203,-0.48781434,-0.8729474,-0.12282073,-0.09183933,-0.9165506,0.029570725,-0.28707966,-1.0968148,-0.049745373,-0.41501758,-0.98355836,-0.122741014,-0.48298365,-0.8411558,-0.16543172,-0.04390251,-0.8628038,-0.040693145,-0.2359552,-1.0297861,-0.11328321,-0.37630048,-0.93462396,-0.15349762,-0.46030062,-0.7952748,-0.1682345,-0.019516533,-0.74290323,-0.11240989,-0.16440247,-0.87882906,-0.16328335,-0.27794743,-0.8937303,-0.18738922,-0.3675685,-0.8665731,-0.19660944
O,Zaith,Left,0.0,0.0,0.0,-0.23198181,-0.09658626,-4.1867803e-05,-0.43215612,-0.24177192,-0.022854028,-0.58245677,-0.36203727,-0.06868575,-0.6280301,-0.54543346,-0.108157694,-0.3460259,-0.7464897,0.08682967,-0.522794,-0.92738926,0.00511114,-0.62385184,-0.81382257,-0.07093454,-0.6616112,-0.66025674,-0.11275774,-0.29480484,-0.8208814,0.04360004,-0.4959102,-1.0443139,-0.03961483,-0.6077189,-0.9094814,-0.103937194,-0.65029514,-0.7176175,-0.13129412,-0.23228595,-0.8452754,-0.014981282,-0.43754902,-1.0405887,-0.08397629,-0.5645192,-0.903809,-0.11476364,-0.6265724,-0.7186849,-0.11818407,-0.16949168,-0.8090503,-0.07708814,-0.33825737,-0.9240082,-0.1209561,-0.4631518,-0.9004235,-0.13769932,-0.55313325,-0.8330928,-0.13914426
O,Zaith,Left,0.0,0.0,0.0,-0.17740977,-0.15610337,-0.029241642,-0.33533165,-0.3434973,-0.06503385,-0.45543677,-0.49821565,-0.11437717,-0.46694937,-0.6847322,-0.15557134,-0.20756744,-0.7567729,0.03633744,-0.32377043,-1.0162898,-0.04736681,-0.42407113,-0.94619435,-0.121066034,-0.4766273,-0.8103349,-0.16094252,-0.14746076,-0.7998546,0.013760856,-0.28905448,-1.1020702,-0.071961075,-0.39842984,-1.0211731,-0.13467245,-0.45810217,-0.85540605,-0.1607574,-0.0761417,-0.80704796,-0.022938548,-0.20846738,-1.1055348,-0.09119848,-0.32754835,-1.0487925,-0.12098301,-0.40663898,-0.90522015,-0.12370168,-0.0010582136,-0.7673729,-0.06436447,-0.109933205,-0.9808212,-0.10886635,-0.2175612,-1.0029024,-0.12480272,-0.3083039,-0.9512879,-0.12474671
O,Zaith,Left,0.0,0.0,0.0,-0.25568545,0.042430267,-0.016346496,-0.4666011,-0.09544782,-0.028672382,-0.63581574,-0.21454586,-0.05082438,-0.752424,-0.35324496,-0.06430782,-0.3543161,-0.85626686,0.04824438,-0.6338318,-0.8874137,0.007261701,-0.7622615,-0.694009,-0.043069948,-0.80960333,-0.4877143,-0.06924718,-0.31864622,-0.9420989,0.035464495,-0.6587636,-0.93338716,0.007758116,-0.7844412,-0.70508844,-0.03317384,-0.81349415,-0.4602916,-0.05854695,-0.31003723,-0.92854273,0.014030013,-0.64714193,-0.92527425,-0.022315547,-0.7701484,-0.6972236,-0.04608227,-0.796601,-0.46662316,-0.052507434,-0.3384343,-0.8325922,-0.009355311,-0.59575135,-0.89701796,-0.038116425,-0.7206209,-0.79022723,-0.042756684,-0.7747086,-0.6323184,-0.035800733
O,Zaith,Left,0.0,0.0,0.0,-0.24798638,0.043451354,0.0054411837,-0.44378588,-0.06533525,0.0037446583,-0.5937315,-0.18529657,-0.016827052,-0.68867373,-0.3467339,-0.029924972,-0.352007,-0.7011902,0.10234506,-0.57681894,-0.801114,0.06167258,-0.69456124,-0.6415269,0.007244231,-0.7365418,-0.45703748,-0.023065105,-0.32191688,-0.8147528,0.07354491,-0.6009119,-0.8840621,0.040658314,-0.718454,-0.67539555,-0.008206203,-0.74164754,-0.46451947,-0.037525695,-0.3010797,-0.85771483,0.03324479,-0.5841409,-0.95598876,-0.0027215146,-0.70173836,-0.73511964,-0.0293497,-0.7205955,-0.5091911,-0.037713934,-0.2963854,-0.83509934,-0.009422316,-0.5145145,-0.96871483,-0.03320994,-0.6441953,-0.8717509,-0.03782158,-0.7018161,-0.7123582,-0.033377565
O,Zaith,Left,0.0,0.0,0.0,-0.22847635,-0.018165128,0.023590049,-0.4216745,-0.1309335,0.025982918,-0.5633874,-0.22999023,-8.861635e-05,-0.625325,-0.40739366,-0.019467287,-0.35721108,-0.65798795,0.14320645,-0.5265934,-0.76795214,0.08681273,-0.62335056,-0.646076,0.022763113,-0.66592366,-0.49377373,-0.012848907,-0.3219804,-0.74894977,0.09362618,-0.5323787,-0.8787206,0.030037196,-0.63191915,-0.7101968,-0.0327255,-0.65931326,-0.49790034,-0.061151363,-0.28664103,-0.79703736,0.02913337,-0.50024986,-0.9300234,-0.027919797,-0.6134534,-0.7472535,-0.061650205,-0.6532596,-0.5306667,-0.06703502,-0.25585896,-0.78785896,-0.03807897,-0.42619798,-0.9092261,-0.07114674,-0.55941445,-0.8611529,-0.086846314,-0.65011305,-0.7598375,-0.08892481
O,Zaith,Left,0.0,0.0,0.0,-0.23723081,-0.11336656,0.016055979,-0.4097507,-0.27372333,0.001839633,-0.5398518,-0.3965731,-0.03636184,-0.6137626,-0.56232685,-0.06830098,-0.2751841,-0.8614523,0.096240476,-0.45957157,-0.955351,0.028674837,-0.57261723,-0.8273482,-0.04194383,-0.6343775,-0.6718881,-0.082689926,-0.22922416,-0.9054337,0.046727054,-0.47663215,-1.0186553,-0.017173987,-0.59497803,-0.85930985,-0.07596745,-0.6418135,-0.66990787,-0.10731361,-0.197712,-0.88502926,-0.015779065,-0.4449729,-1.0028579,-0.07515059,-0.5762485,-0.8550998,-0.102193825,-0.63662153,-0.67303115,-0.10762075,-0.18879372,-0.7925717,-0.08080038,-0.3703422,-0.8963975,-0.12091995,-0.496122,-0.87917024,-0.13499984,-0.58550954,-0.8106655,-0.13624135
O,Zaith,Right,0.0,0.0,0.0,0.26331162,0.0500026,0.006313099,0.4580327,-0.047855962,0.022955017,0.6273955,-0.14126824,0.011661351,0.712176,-0.35775954,-0.0017559998,0.38837817,-0.5562145,0.19246392,0.5469265,-0.7162348,0.15666626,0.66035944,-0.6526277,0.087154865,0.7122257,-0.5333657,0.04500876,0.34594294,-0.65998024,0.15190698,0.5370539,-0.8666159,0.096306905,0.658134,-0.7681663,-0.0025471016,0.6985669,-0.57254934,-0.059731066,0.28086767,-0.7695871,0.09304667,0.4865661,-0.96766716,0.038304843,0.61797184,-0.8519395,-0.037873976,0.6658578,-0.66051924,-0.076062284,0.19794184,-0.86091095,0.030866498,0.38681534,-1.0264865,-0.017051473,0.52077204,-0.95742464,-0.05646875,0.60088056,-0.7993388,-0.0758123
O,Zaith,Right,0.0,0.0,0.0,0.23998113,-0.07311288,-0.0007772808,0.4139974,-0.23010781,-0.0069748163,0.5618946,-0.35694402,-0.036750093,0.6321657,-0.56717855,-0.067509376,0.32948238,-0.6531342,0.10236932,0.46727332,-0.8881497,0.035812553,0.571747,-0.83216107,-0.042180225,0.6187304,-0.6962693,-0.08627136,0.27143317,-0.7318762,0.05864696,0.42350742,-1.0610074,-0.019768044,0.5467711,-0.9801493,-0.11379674,0.5966081,-0.78148293,-0.16663966,0.19208124,-0.7891691,0.0010064252,0.34578228,-1.0951276,-0.0707754,0.47546446,-1.0102417,-0.14103052,0.53014576,-0.8234522,-0.17477462,0.09935133,-0.811068,-0.058731087,0.25322863,-1.0244857,-0.11619536,0.37549278,-1.0086472,-0.15482007,0.445985,-0.89504045,-0.17477246
O,Zaith,Right,0.0,0.0,0.0,0.2661424,0.041078664,0.016404467,0.46150318,-0.052997414,0.03626811,0.625794,-0.13241151,0.027819688,0.72152156,-0.33493742,0.018936785,0.42305073,-0.56609,0.19554976,0.5780842,-0.7310795,0.16385049,0.6924447,-0.66403955,0.09796707,0.74655354,-0.5501231,0.057670206,0.38581175,-0.6657929,0.14944331,0.57129574,-0.88641334,0.10076181,0.6939532,-0.7835442,0.011962245,0.73165333,-0.59642124,-0.039486356,0.32514244,-0.7689992,0.08574445,0.52738744,-0.97610587,0.0357225,0.6588143,-0.847836,-0.031293027,0.69978255,-0.6550486,-0.06388997,0.25204882,-0.84891087,0.019349188,0.44383344,-1.0155675,-0.021672875,0.563981,-0.9370576,-0.049687218,0.6213831,-0.78350693,-0.061644774
O,Zaith,Right,0.0,0.0,0.0,0.2606449,0.000647057,0.0048782085,0.4583386,-0.11477823,0.0062022954,0.62479895,-0.21012053,-0.019363953,0.7074072,-0.4198716,-0.046404805,0.40184444,-0.6192005,0.13259225,0.55978894,-0.822464,0.07614224,0.67332727,-0.7498211,0.0011386957,0.7217413,-0.606034,-0.042312074,0.34875876,-0.715008,0.084031925,0.53396225,-0.9951674,0.0089541655,0.66322315,-0.8803061,-0.08498535,0.7038211,-0.6569605,-0.13565826,0.27194238,-0.7937684,0.019973613,0.46992645,-1.049959,-0.05135587,0.6089198,-0.9159535,-0.1203217,0.6582163,-0.69982797,-0.15080132,0.18063441,-0.83630264,-0.046664122,0.3649635,-1.0325127,-0.1058343,0.49453467,-0.97830826,-0.14221425,0.5615602,-0.82743585,-0.15806098
O,Zaith,Right,0.0,0.0,0.0,0.25296697,-0.042457614,0.019027146,0.45000598,-0.17107293,0.015013227,0.6093159,-0.28209776,-0.017704284,0.68400115,-0.50351727,-0.049439486,0.38878697,-0.6622857,0.120829575,0.5503777,-0.90896684,0.058446765,0.6647854,-0.8127203,-0.014171104,0.7092974,-0.65693456,-0.05349953,0.3347002,-0.7415989,0.06431067,0.522747,-1.0633811,-0.0072208927,0.65933627,-0.9371797,-0.087288566,0.69992876,-0.71421266,-0.128582,0.26295686,-0.8002823,-0.005526473,0.46221408,-1.0870833,-0.06580839,0.6092362,-0.94944394,-0.1150346,0.66325074,-0.7394207,-0.13482587,0.18716353,-0.8141607,-0.07781603,0.37925854,-0.9974775,-0.12409654,0.5172297,-0.933996,-0.14715381,0.5888271,-0.7949321,-0.15476988
O,Zaith,Right,0.0,0.0,0.0,0.24014366,-0.064677484,0.019781576,0.43208054,-0.19954754,0.014748657,0.588423,-0.30873314,-0.019001115,0.6637511,-0.51063395,-0.051696215,0.35083297,-0.6923547,0.1199602,0.5107041,-0.9033208,0.05076021,0.6271417,-0.80203813,-0.028054936,0.67710155,-0.63435715,-0.069846794,0.29394397,-0.7690948,0.06470423,0.48598507,-1.049716,-0.013253775,0.62220526,-0.92442733,-0.09940297,0.673422,-0.70043826,-0.14319599,0.22518311,-0.8170251,-0.0036320447,0.4241271,-1.062572,-0.06767222,0.57021904,-0.9413066,-0.12392319,0.63482016,-0.7414102,-0.14700297,0.1535375,-0.81507623,-0.07401989,0.340912,-0.98108786,-0.12156197,0.4829229,-0.9398215,-0.15007219,0.57312226,-0.81946987,-0.16057383
O,Zaith,Right,0.0,0.0,0.0,0.24668291,0.01630584,0.0022773624,0.44912824,-0.09061061,0.0032626155,0.6193577,-0.18050823,-0.021053288,0.69578004,-0.38019645,-0.045323413,0.40838933,-0.6102092,0.13092896,0.5692684,-0.8085589,0.07582215,0.67930466,-0.72885364,0.0033153263,0.7215888,-0.58558464,-0.03744163,0.35532147,-0.7095761,0.08687552,0.53765327,-0.9935808,0.01730497,0.66520536,-0.8768543,-0.06901474,0.7051125,-0.657119,-0.114820585,0.28202993,-0.7928105,0.027095564,0.47226295,-1.0658242,-0.03974671,0.6098475,-0.93714345,-0.10292286,0.66116,-0.72377914,-0.12989973,0.19445565,-0.84157485,-0.03579476,0.37726736,-1.0340157,-0.092008375,0.50562185,-0.9731393,-0.12534495,0.5727979,-0.81969666,-0.13859475
O,Zaith,Right,0.0,0.0,0.0,0.19171996,-0.1261658,-0.035854477,0.35873452,-0.30405304,-0.076597646,0.49143183,-0.44641998,-0.1336427,0.55456203,-0.6315082,-0.18746361,0.24368246,-0.7742395,0.0015924798,0.3769466,-1.1002681,-0.104496054,0.5060949,-0.98658544,-0.18985474,0.571488,-0.8206104,-0.23284021,0.17915112,-0.81839263,-0.033715446,0.34360963,-1.1765597,-0.14915873,0.48870292,-1.0193001,-0.23455198,0.55398726,-0.8092895,-0.2739334,0.102289,-0.8323162,-0.08310854,0.26486617,-1.1378206,-0.18519166,0.42002097,-0.99065924,-0.23668751,0.50304705,-0.7885171,-0.24874882,0.017506018,-0.8046117,-0.13725288,0.15526398,-1.0322362,-0.21405499,0.2991288,-1.0029131,-0.24764366,0.40040606,-0.89936507,-0.25745967
O,Zaith,Right,0.0,0.0,0.0,0.23427011,-0.0013435547,-0.03243879,0.45291302,-0.099811085,-0.057660647,0.62394905,-0.19665165,-0.1001066,0.6964364,-0.40749395,-0.13978045,0.3974427,-0.6308615,0.051913142,0.5754022,-0.8504869,-0.037250128,0.6828144,-0.7387292,-0.12218799,0.7136264,-0.5658481,-0.16452298,0.33870515,-0.7332346,0.019797323,0.5348538,-1.0434291,-0.07397837,0.6613082,-0.9043531,-0.16317359,0.694481,-0.6726008,-0.2073853,0.255821,-0.8140677,-0.028266937,0.4546809,-1.086578,-0.11221473,0.58660907,-0.9394078,-0.17205678,0.6299477,-0.7215576,-0.19322257,0.15795848,-0.8572783,-0.0814784,0.33983046,-1.0443864,-0.14844689,0.47196394,-0.9837231,-0.18374373,0.5426778,-0.83994097,-0.19585623
O,Zaith,Right,0.0,0.0,0.0,0.23270212,-0.0063376143,-0.029418984,0.44874892,-0.103012145,-0.054526255,0.61725956,-0.19810782,-0.097691156,0.6865283,-0.41128063,-0.13867614,0.39239177,-0.626391,0.052014764,0.57009214,-0.8528498,-0.03991229,0.6787417,-0.7418755,-0.12686266,0.7098631,-0.5660559,-0.16988285,0.3341052,-0.7251136,0.017822843,0.53317475,-1.0322475,-0.07716264,0.65674275,-0.8950561,-0.16816677,0.6874317,-0.66741496,-0.21402492,0.25094506,-0.8042074,-0.03213075,0.4502695,-1.0728872,-0.11633295,0.57714117,-0.92855334,-0.17746152,0.6165525,-0.71442133,-0.19980235,0.15175968,-0.8465684,-0.08697368,0.33093503,-1.0396653,-0.1529005,0.46321478,-0.9848164,-0.1887549,0.53510505,-0.8447855,-0.20192857
P,Zaith,Right,0.0,0.0,0.0,0.08024775,-0.24930169,-0.011658767,0.2372459,-0.41277546,-0.049418755,0.38937473,-0.47180486,-0.08679226,0.4933345,-0.55957484,-0.11970358,0.18131076,-0.53525066,-0.13113777,0.35860926,-0.64515126,-0.19107799,0.4571999,-0.7536825,-0.216702,0.53735256,-0.8433577,-0.23427697,0.17559816,-0.37543008,-0.16395222,0.41331634,-0.41873693,-0.23235594,0.5535595,-0.42858103,-0.24214774,0.67003965,-0.42831013,-0.25005004,0.1733211,-0.17811511,-0.19001174,0.40852356,-0.14920421,-0.24186075,0.3535869,-0.11680752,-0.1942918,0.28394467,-0.1056852,-0.15635696,0.17381012,0.031304285,-0.21851997,0.36490047,0.02273547,-0.24182296,0.32322767,0.01964316,-0.19725755,0.25481912,0.0176216,-0.16166848
P,Zaith,Right,0.0,0.0,0.0,0.08943967,-0.24767108,-0.012776701,0.24608712,-0.41603664,-0.0557619,0.3941241,-0.47760737,-0.09965352,0.5026059,-0.55547655,-0.1406495,0.18078165,-0.54514164,-0.14113322,0.36012965,-0.6507852,-0.2093053,0.46193713,-0.7528498,-0.24310344,0.544311,-0.8388835,-0.2670729,0.16358541,-0.38497087,-0.17725056,0.4104127,-0.4147118,-0.2519567,0.5538433,-0.4174385,-0.2662881,0.6689593,-0.41627598,-0.27916119,0.15463635,-0.18887787,-0.20694578,0.40314916,-0.14807183,-0.2648036,0.34944344,-0.113082625,-0.21986301,0.27526382,-0.1037609,-0.18505251,0.15106955,0.012749349,-0.23931758,0.35348952,0.017530855,-0.27094376,0.31528112,0.018916527,-0.2309229,0.24479362,0.016187146,-0.1987071
P,Zaith,Right,0.0,0.0,0.0,0.093109444,-0.2405403,-0.009362326,0.2608502,-0.40520567,-0.04035155,0.4185316,-0.45931652,-0.072642334,0.53410816,-0.527309,-0.10021664,0.23628962,-0.532984,-0.102325484,0.43118364,-0.61859936,-0.15235427,0.5425334,-0.7022351,-0.17100762,0.62853754,-0.7777792,-0.1825196,0.2283905,-0.3776094,-0.13422394,0.47036052,-0.39154354,-0.18871516,0.60895973,-0.37775218,-0.19559504,0.72186893,-0.3627654,-0.2011823,0.21725012,-0.1854074,-0.16111298,0.43137822,-0.12745576,-0.20897818,0.3638082,-0.09505068,-0.16767463,0.29093692,-0.089154,-0.13258764,0.20757495,0.017145326,-0.18988732,0.37805167,0.025303591,-0.21381705,0.3266476,0.033069037,-0.1725464,0.25927556,0.029331274,-0.13828915
P,Zaith,Right,0.0,0.0,0.0,0.10915456,-0.22932358,-0.0063350624,0.2799557,-0.3832974,-0.035737704,0.43656966,-0.42677668,-0.06961527,0.5545477,-0.4816445,-0.09892142,0.26280448,-0.5472855,-0.08291366,0.45960933,-0.6176076,-0.13090101,0.5695032,-0.68846816,-0.15149231,0.6560812,-0.75469035,-0.16546409,0.24486715,-0.40068915,-0.116400085,0.488736,-0.3829588,-0.16947986,0.6231941,-0.3519012,-0.17906454,0.73177683,-0.32401654,-0.18746248,0.22447109,-0.21488342,-0.14672993,0.43421134,-0.114310585,-0.1965811,0.36436754,-0.08625598,-0.16364822,0.2938773,-0.09531846,-0.1350038,0.20776482,-0.014769545,-0.17875254,0.3813137,0.037136562,-0.20709085,0.3278896,0.045490507,-0.1740003,0.26055923,0.024877593,-0.14601138
P,Zaith,Right,0.0,0.0,0.0,0.11047707,-0.19345786,0.0010139985,0.24912122,-0.3528345,-0.025038715,0.36458024,-0.40698174,-0.06216717,0.45400923,-0.42287952,-0.09902695,0.2628467,-0.5783972,-0.0562631,0.44228947,-0.6416111,-0.11400773,0.5494987,-0.7088497,-0.14883994,0.63786554,-0.77014774,-0.1742161,0.23145336,-0.47427797,-0.09932054,0.4645711,-0.4064482,-0.16897494,0.59178704,-0.32162184,-0.19536424,0.69043046,-0.26165423,-0.21198878,0.20142557,-0.31812626,-0.14086701,0.40399855,-0.11769681,-0.20362598,0.34210294,-0.050536327,-0.1865269,0.27875897,-0.06798784,-0.16762973,0.17411289,-0.13883549,-0.18435913,0.34048167,0.009867784,-0.22380786,0.2954273,0.05140069,-0.20289814,0.23778869,0.026362604,-0.18277837
P,Zaith,Right,0.0,0.0,0.0,0.13154738,-0.20289986,-0.0072537726,0.30770096,-0.34889254,-0.040669132,0.4604742,-0.41413552,-0.08036339,0.5725086,-0.504526,-0.116719075,0.27274844,-0.55897504,-0.0933876,0.47420177,-0.6023379,-0.15422378,0.5902492,-0.6684787,-0.18698819,0.6838018,-0.72966784,-0.21122392,0.23399267,-0.41835982,-0.13360144,0.479564,-0.3464942,-0.2049713,0.6193787,-0.27959213,-0.22449,0.7320271,-0.22995704,-0.2409196,0.19953845,-0.22958088,-0.17098291,0.4307587,-0.06961715,-0.23331566,0.36762404,-0.028054057,-0.2017072,0.29707432,-0.04256348,-0.17566942,0.17403701,-0.025911149,-0.2107939,0.36521187,0.0742106,-0.24996547,0.3193982,0.08538811,-0.2210757,0.2522637,0.05516693,-0.19679137
P,Zaith,Right,0.0,0.0,0.0,0.120037705,-0.24512367,0.0002940431,0.3023284,-0.38472193,-0.022255078,0.45793483,-0.40934557,-0.050326496,0.57319295,-0.43026143,-0.07345266,0.32712194,-0.5233821,-0.0729405,0.53912216,-0.56481457,-0.11984795,0.66021836,-0.61485285,-0.13927074,0.7550948,-0.6556156,-0.15128317,0.3119098,-0.36447358,-0.10813911,0.5453899,-0.29310268,-0.16142051,0.67163014,-0.2233546,-0.17162053,0.7737109,-0.17133266,-0.1785011,0.2878083,-0.16740867,-0.13942443,0.4789286,-0.03513962,-0.18675718,0.41148248,-0.014503712,-0.15380988,0.3450145,-0.034524973,-0.1245015,0.26053128,0.037387595,-0.1721238,0.41840428,0.12125512,-0.1949553,0.36410677,0.1206275,-0.15868273,0.30165714,0.090428084,-0.12765405
P,Zaith,Right,0.0,0.0,0.0,0.11708376,-0.22423416,-0.00060670264,0.28570306,-0.36720073,-0.037547633,0.4405871,-0.41200867,-0.0792155,0.55590755,-0.4630629,-0.11674146,0.2733081,-0.5596619,-0.108711705,0.48073444,-0.6089507,-0.1671419,0.59382457,-0.67062867,-0.1959575,0.68383884,-0.7296331,-0.21787332,0.24341646,-0.41825816,-0.15006685,0.49178565,-0.36042696,-0.22049879,0.6277281,-0.28539738,-0.23756635,0.7311794,-0.22718383,-0.2526691,0.21855746,-0.23217487,-0.18527941,0.44287512,-0.06841021,-0.23953764,0.3824895,-0.023366323,-0.20265551,0.31246167,-0.04183238,-0.17572838,0.20024237,-0.03177483,-0.22244906,0.38349587,0.08039985,-0.25330108,0.3353707,0.09662451,-0.22039162,0.2676044,0.060438786,-0.19502264
P,Zaith,Right,0.0,0.0,0.0,0.12538004,-0.2534636,-0.053226028,0.32401013,-0.36097023,-0.13994068,0.49982643,-0.37092382,-0.20894265,0.63373995,-0.4180511,-0.27243143,0.25385776,-0.43855068,-0.32854298,0.4538508,-0.52600855,-0.4617096,0.58046603,-0.6389255,-0.5381023,0.69365424,-0.7203081,-0.59495234,0.21982794,-0.23851132,-0.354391,0.49089247,-0.19524702,-0.511763,0.6692983,-0.16008851,-0.5710545,0.80991143,-0.10755736,-0.6194506,0.19484839,0.016679047,-0.36148095,0.46518773,0.12511083,-0.45803314,0.40855324,0.09784552,-0.39741328,0.31524518,0.07930402,-0.35524407,0.17749205,0.26518852,-0.37353086,0.3889406,0.3123939,-0.4376726,0.34577766,0.26150054,-0.39539534,0.26403633,0.21826062,-0.3611422
P,Zaith,Right,0.0,0.0,0.0,0.10205931,-0.25692552,-0.014941382,0.28926724,-0.40207204,-0.06606715,0.45695296,-0.43042222,-0.11219207,0.5758642,-0.44969144,-0.15730773,0.22646144,-0.5262313,-0.18885353,0.41289496,-0.6225145,-0.2678204,0.5346508,-0.7096267,-0.31001553,0.635175,-0.77236825,-0.34150225,0.20869143,-0.34400347,-0.22681071,0.45904294,-0.31505632,-0.30563825,0.6185998,-0.2658132,-0.32386303,0.74003416,-0.2124167,-0.34168053,0.19314376,-0.11075148,-0.25307888,0.4108428,0.0018662568,-0.30174485,0.35186088,0.008975895,-0.24730152,0.27200007,-0.011930135,-0.21247987,0.17789818,0.1337856,-0.28226432,0.35185724,0.18803938,-0.31097633,0.3034217,0.17700356,-0.26243648,0.23674768,0.1521159,-0.22615956
P,Zaith,Right,0.0,0.0,0.0,0.086568266,-0.24099253,-0.0034591518,0.24302658,-0.41829467,-0.029898316,0.3891501,-0.4836453,-0.062240127,0.49509165,-0.558026,-0.090828136,0.22109592,-0.58547217,-0.06951812,0.40662277,-0.658493,-0.11872123,0.5128231,-0.733776,-0.14799981,0.5981539,-0.80138123,-0.1710506,0.20230703,-0.4448884,-0.10455475,0.42663202,-0.43399855,-0.16410057,0.5638723,-0.41337028,-0.18272907,0.67648876,-0.397738,-0.19979258,0.18737921,-0.26908177,-0.13716261,0.41850773,-0.20412086,-0.18449967,0.3621546,-0.17935301,-0.15406215,0.28918374,-0.18365297,-0.1314028,0.17699893,-0.089232475,-0.1728172,0.36472908,-0.063840665,-0.20266919,0.3254722,-0.0629517,-0.17654099,0.25744405,-0.08121282,-0.15508875
P,Zaith,Right,0.0,0.0,0.0,0.085512616,-0.2390568,-0.0002868831,0.23989321,-0.41779453,-0.024459463,0.3847226,-0.48830974,-0.05538579,0.4913805,-0.5635254,-0.082765095,0.21857782,-0.5916932,-0.061411858,0.3999429,-0.66603017,-0.10785737,0.50408083,-0.7411149,-0.13497941,0.5874803,-0.80923843,-0.15629026,0.19963698,-0.45699668,-0.096936725,0.42007515,-0.45117578,-0.15430155,0.5548161,-0.42792037,-0.17200439,0.66506946,-0.41108695,-0.18761791,0.18488723,-0.28478876,-0.13006781,0.41014615,-0.22428371,-0.17662244,0.35447204,-0.1899185,-0.14596224,0.28266385,-0.1878731,-0.12210055,0.1740234,-0.107034296,-0.16590296,0.35868162,-0.084129855,-0.1945874,0.31990677,-0.074913315,-0.16756123,0.25278586,-0.08738593,-0.14485371
P,Zaith,Right,0.0,0.0,0.0,0.09655099,-0.2609924,-0.017582811,0.27568412,-0.40196344,-0.0639019,0.44016993,-0.4283886,-0.10756316,0.5561538,-0.5109781,-0.14606042,0.23303103,-0.5231773,-0.16446066,0.43592831,-0.59877264,-0.23090117,0.555335,-0.6877362,-0.26001567,0.6532968,-0.7571019,-0.2814442,0.20727748,-0.33585912,-0.19755423,0.46366596,-0.32530937,-0.275784,0.61745065,-0.30487737,-0.28617588,0.74405825,-0.2743516,-0.29710948,0.18754368,-0.11494406,-0.22222854,0.45171687,-0.05876191,-0.27655298,0.3921994,-0.06201302,-0.22022632,0.31013513,-0.07469013,-0.17928444,0.17438915,0.104972124,-0.2504155,0.38673246,0.12003333,-0.27732432,0.34694353,0.08548595,-0.23074517,0.2718942,0.0564247,-0.19484103
P,Zaith,Right,0.0,0.0,0.0,0.0842091,-0.26131007,-0.009741307,0.2411629,-0.4410213,-0.03946927,0.39322463,-0.50623477,-0.0725865,0.5035779,-0.5828659,-0.10102533,0.20042871,-0.58143425,-0.07748942,0.38254738,-0.6726323,-0.1269637,0.489043,-0.75070316,-0.15628749,0.5757362,-0.8176355,-0.17881809,0.19595465,-0.4262158,-0.108150534,0.41905785,-0.44252035,-0.16644937,0.56221676,-0.44139576,-0.18508388,0.6797539,-0.43318814,-0.20265995,0.19162999,-0.24685231,-0.13640463,0.42063358,-0.21887204,-0.1817158,0.3640361,-0.20474434,-0.15060787,0.28956145,-0.2038362,-0.12764299,0.1903167,-0.070580736,-0.16815265,0.3735991,-0.07391023,-0.19515538,0.33102635,-0.08028445,-0.1678231,0.25992203,-0.0950366,-0.14596367
P,Zaith,Right,0.0,0.0,0.0,0.100349806,-0.24987604,-0.005716101,0.25605828,-0.4265506,-0.051179666,0.39721152,-0.47272632,-0.101671785,0.4906075,-0.5577823,-0.15072513,0.18985069,-0.59482825,-0.13402826,0.36924854,-0.6719783,-0.21050636,0.4688873,-0.7577527,-0.2595654,0.5553901,-0.83158994,-0.2981073,0.1462587,-0.43838394,-0.18166275,0.3830746,-0.42503422,-0.27703393,0.5273451,-0.40666583,-0.30744386,0.6512884,-0.39191765,-0.33260435,0.12075779,-0.24419862,-0.22256576,0.37174544,-0.18067919,-0.2857193,0.31681755,-0.16377386,-0.24282648,0.24592294,-0.17744707,-0.21533498,0.10620169,-0.048416503,-0.267716,0.31323346,-0.021264846,-0.30569807,0.2736098,-0.029991586,-0.26941493,0.20301902,-0.048836835,-0.24258818
P,Zaith,Right,0.0,0.0,0.0,0.09377908,-0.23135757,-0.0060453652,0.23762797,-0.4199101,-0.04079788,0.371405,-0.4981226,-0.0826596,0.4678233,-0.588731,-0.1230844,0.1996613,-0.60965806,-0.08756267,0.37548912,-0.68118334,-0.15161161,0.47334933,-0.76023936,-0.19284026,0.5555585,-0.83147746,-0.22437191,0.16597791,-0.47497195,-0.12975946,0.39313173,-0.4666619,-0.20768091,0.5311716,-0.45411938,-0.2360103,0.6500994,-0.45249626,-0.25831082,0.14167036,-0.2992038,-0.1688437,0.37620613,-0.21394478,-0.23209195,0.3168261,-0.16404499,-0.20081897,0.2473648,-0.16618045,-0.1763393,0.12389453,-0.11631931,-0.2111125,0.32034782,-0.062255505,-0.25060827,0.27787206,-0.0380152,-0.22064047,0.21079318,-0.047181062,-0.19573483
P,Zaith,Right,0.0,0.0,0.0,0.09993366,-0.25413057,-0.011097068,0.25165436,-0.4272985,-0.058676064,0.39509544,-0.48594388,-0.10901121,0.498909,-0.56419224,-0.15734045,0.17407866,-0.5728521,-0.14612412,0.35540062,-0.6694251,-0.2229112,0.45991364,-0.75952643,-0.26863548,0.54902095,-0.8358086,-0.303829,0.14147584,-0.41517144,-0.1900966,0.38915825,-0.41042125,-0.283467,0.5367051,-0.4017368,-0.31235558,0.6550049,-0.39541435,-0.33638322,0.12352847,-0.21768466,-0.22682738,0.37482074,-0.12982602,-0.29298168,0.32228217,-0.11547059,-0.25187698,0.24686019,-0.13169111,-0.223635,0.10970374,-0.018893383,-0.2672883,0.31592956,0.0321548,-0.3076303,0.27888444,0.020352075,-0.27210727,0.20702972,-0.0018698475,-0.24460441
P,Zaith,Right,0.0,0.0,0.0,0.093189165,-0.2365938,-0.0105588315,0.2301489,-0.4258477,-0.041697286,0.3622331,-0.5167015,-0.07855677,0.45510814,-0.61976403,-0.11245511,0.17144445,-0.58746946,-0.07664775,0.34248754,-0.6857155,-0.13345712,0.43944883,-0.77526194,-0.16849992,0.5181261,-0.85530424,-0.19443536,0.15644167,-0.4485963,-0.110947385,0.3655244,-0.49875054,-0.17617993,0.49952313,-0.52359164,-0.20075059,0.6150232,-0.54498464,-0.22113928,0.1480625,-0.2762114,-0.14385618,0.36374176,-0.24607615,-0.20144343,0.30811375,-0.19920103,-0.1766787,0.24264993,-0.18571153,-0.1551824,0.14525305,-0.09696859,-0.17974588,0.32273182,-0.08760762,-0.21750212,0.28147116,-0.069473214,-0.19454463,0.21794593,-0.07444724,-0.17427614
P,Zaith,Right,0.0,0.0,0.0,0.069177724,-0.27786806,-0.032015163,0.20314662,-0.5034473,-0.099232346,0.35978594,-0.57014793,-0.16389926,0.45325166,-0.6571607,-0.22801313,0.053569987,-0.55910796,-0.19743764,0.21387053,-0.7008923,-0.2933226,0.3010981,-0.8156194,-0.35847387,0.38298622,-0.92375404,-0.40889996,0.032909725,-0.3718853,-0.23682967,0.268407,-0.46548218,-0.3627308,0.4053418,-0.527156,-0.41624406,0.5251647,-0.591156,-0.45814502,0.042614873,-0.17020752,-0.26642337,0.28998932,-0.23862316,-0.3458282,0.24974896,-0.23683752,-0.31349063,0.18605141,-0.23585312,-0.29436472,0.06546216,0.01841578,-0.30128637,0.2663347,-0.061710842,-0.35006446,0.23894186,-0.078124344,-0.32096577,0.1741363,-0.08076945,-0.30090275
P,Zaith,Right,0.0,0.0,0.0,0.12272601,-0.2304602,-0.010096543,0.29409173,-0.3144126,-0.09288793,0.44558075,-0.30820307,-0.1681322,0.55943495,-0.31332752,-0.23304626,0.2263211,-0.42090297,-0.28460833,0.39147925,-0.56243247,-0.3955895,0.48236072,-0.70452243,-0.4531849,0.564411,-0.82549393,-0.4981219,0.20375088,-0.25651625,-0.32772118,0.45335105,-0.33040348,-0.49271938,0.6306295,-0.39323324,-0.55390096,0.75660765,-0.40705535,-0.59829086,0.19132064,-0.03261043,-0.34589577,0.47292978,-0.0046137203,-0.41697904,0.4346683,-0.0008895335,-0.32144177,0.34213513,0.015649531,-0.25488123,0.19951707,0.19932933,-0.36862347,0.42214486,0.1970142,-0.3905613,0.3923515,0.17939687,-0.3166092,0.31147778,0.17451693,-0.2616685
P,Zaith,Right,0.0,0.0,0.0,0.06066287,-0.2576648,-0.008556207,0.18807687,-0.46856,-0.039984282,0.31688705,-0.57135844,-0.07472938,0.41104752,-0.65796846,-0.10708947,0.13057642,-0.61616534,-0.094275676,0.30261663,-0.72217345,-0.14597388,0.4010399,-0.80749303,-0.17828083,0.4787529,-0.87794966,-0.20302312,0.120369166,-0.46512502,-0.12714826,0.32812527,-0.514003,-0.18701553,0.45579505,-0.51803184,-0.20559226,0.5522628,-0.51480114,-0.22247037,0.12082934,-0.27991155,-0.15603606,0.3337186,-0.29323652,-0.20165455,0.29509214,-0.26507515,-0.17804317,0.23231943,-0.25148758,-0.16180211,0.12564175,-0.0916666,-0.18744284,0.29822466,-0.12042278,-0.21656983,0.26276606,-0.1180535,-0.19500446,0.19762948,-0.11064173,-0.17791401
P,Zaith,Right,0.0,0.0,0.0,0.09276536,-0.24054606,-0.0088781705,0.23359208,-0.42916715,-0.043796528,0.3672968,-0.518017,-0.08367629,0.46178627,-0.6138165,-0.1207085,0.1606481,-0.5900461,-0.09640994,0.32854488,-0.6956023,-0.15899116,0.4286207,-0.7869225,-0.19848342,0.51081616,-0.85968995,-0.22855392,0.1400847,-0.4499944,-0.13564321,0.35703644,-0.4600431,-0.2102472,0.48933083,-0.44460216,-0.23541747,0.5945608,-0.43286455,-0.2559501,0.1281185,-0.26779756,-0.1712757,0.35282853,-0.21828307,-0.22904038,0.30119586,-0.17689082,-0.1984301,0.23390494,-0.17020595,-0.17613904,0.12085007,-0.07449381,-0.2102293,0.30709282,-0.05033602,-0.24587263,0.26583874,-0.039003797,-0.21756744,0.19831191,-0.040262356,-0.19502738
P,Zaith,Right,0.0,0.0,0.0,0.09440032,-0.24385297,-0.014337503,0.24277651,-0.41718054,-0.054260377,0.3824992,-0.49543586,-0.09589122,0.47741807,-0.59561276,-0.13478257,0.1786846,-0.54789037,-0.12982479,0.35468435,-0.6592986,-0.19743906,0.4614541,-0.7559984,-0.23496002,0.54939437,-0.8355632,-0.26230362,0.15638845,-0.39150414,-0.16571254,0.3804523,-0.43026125,-0.24390249,0.5155896,-0.43806356,-0.26342693,0.6268979,-0.44105056,-0.28035426,0.1469608,-0.19716625,-0.19639656,0.38547894,-0.18193427,-0.25758594,0.33296567,-0.15491457,-0.21841238,0.25923634,-0.14560631,-0.18811809,0.14565249,0.0010561574,-0.23026568,0.33928388,-0.008199435,-0.2665628,0.29966253,-0.01259136,-0.23260431,0.22784951,-0.014650397,-0.20493855
P,Zaith,Right,0.0,0.0,0.0,0.094926596,-0.2477271,-0.008742367,0.24285693,-0.42798334,-0.043150984,0.3800654,-0.51472324,-0.080991134,0.47354558,-0.613137,-0.115943715,0.17360845,-0.5711182,-0.10642466,0.34043294,-0.6781958,-0.16851993,0.44336545,-0.7737396,-0.20468147,0.52927005,-0.8484534,-0.23218481,0.15586348,-0.42274576,-0.14360642,0.3680599,-0.45352665,-0.21409044,0.49768546,-0.44588315,-0.23440029,0.60356945,-0.43383563,-0.25313672,0.14812484,-0.23242538,-0.1765252,0.37724793,-0.19645287,-0.23169376,0.32333627,-0.16660589,-0.1981126,0.25242817,-0.15942007,-0.17405878,0.14582485,-0.03205592,-0.2125505,0.33172566,-0.025455132,-0.24701841,0.288872,-0.025401847,-0.21909726,0.21834207,-0.030032692,-0.19710606
P,Zaith,Right,0.0,0.0,0.0,0.12240568,-0.19931695,-0.013010369,0.23803207,-0.39137617,-0.05284805,0.33918694,-0.5065883,-0.09888115,0.41858527,-0.6291701,-0.1429499,0.14990307,-0.59774333,-0.0966308,0.31546843,-0.6989836,-0.17213352,0.4090718,-0.7908886,-0.22112189,0.4857279,-0.87411004,-0.25700778,0.11195227,-0.48389474,-0.13642514,0.32906702,-0.48358312,-0.22689508,0.45372424,-0.47235414,-0.25924897,0.5546275,-0.47919008,-0.28251937,0.08983667,-0.3253219,-0.17449394,0.3101743,-0.23569682,-0.24836364,0.26366338,-0.16516931,-0.2215957,0.2044224,-0.16044557,-0.19901629,0.07908551,-0.15248331,-0.2160316,0.25937912,-0.09372916,-0.26434895,0.22916989,-0.062040538,-0.24034835,0.17576542,-0.07490577,-0.21933402
P,Zaith,Right,0.0,0.0,0.0,0.12354235,-0.20359354,-0.01812532,0.27203515,-0.38656074,-0.059964072,0.40236217,-0.47238225,-0.10732819,0.4883644,-0.5728328,-0.15329085,0.17493278,-0.5910901,-0.1089617,0.3371864,-0.6858975,-0.1901349,0.4423135,-0.7717247,-0.24440117,0.53023684,-0.84784955,-0.28303057,0.13530432,-0.47234887,-0.1492818,0.35757732,-0.48592114,-0.23796779,0.49620947,-0.4903233,-0.2750652,0.6141481,-0.50123966,-0.30313355,0.110751085,-0.30462956,-0.18770146,0.34209892,-0.20797102,-0.2622824,0.2875928,-0.15675333,-0.24067435,0.22187586,-0.15506469,-0.22153215,0.09669539,-0.11631167,-0.2301146,0.2883568,-0.05248964,-0.27926666,0.24841043,-0.03470392,-0.25781754,0.18552443,-0.046838343,-0.23887226
P,Zaith,Right,0.0,0.0,0.0,0.123539224,-0.2131654,-0.03185491,0.27007562,-0.40217784,-0.08573592,0.39520988,-0.4880675,-0.14245689,0.4720995,-0.58888406,-0.1980397,0.16322324,-0.5980823,-0.14536697,0.34421495,-0.6769518,-0.24005863,0.45711645,-0.7561774,-0.30361357,0.55549914,-0.8315171,-0.34935609,0.11921662,-0.45269153,-0.18506935,0.36115065,-0.45188272,-0.28921723,0.5017108,-0.45320973,-0.33074987,0.6263848,-0.4669576,-0.3625719,0.094693765,-0.26215446,-0.22190711,0.34444728,-0.17393708,-0.3050451,0.2834436,-0.13394554,-0.2749868,0.2121584,-0.13894223,-0.25109452,0.081267335,-0.060607824,-0.26431566,0.29110396,-0.014712963,-0.31902552,0.24901594,-0.0027405894,-0.2905594,0.18132147,-0.015734376,-0.26675954
P,Zaith,Right,0.0,0.0,0.0,0.10161182,-0.2002702,0.0013301157,0.24410923,-0.3763354,-0.032877043,0.37072408,-0.47987324,-0.0731873,0.46085295,-0.59067047,-0.11258543,0.19770211,-0.5811072,-0.10353651,0.37322915,-0.6788143,-0.16865413,0.47744277,-0.75718427,-0.20584421,0.5647733,-0.82524604,-0.23289368,0.16685772,-0.4686501,-0.14618301,0.40119046,-0.43938652,-0.21870352,0.5265723,-0.39989024,-0.2383495,0.6252077,-0.37535703,-0.2547691,0.14581767,-0.29899642,-0.18333255,0.36553758,-0.17880602,-0.23688528,0.31331068,-0.12712331,-0.20136921,0.24976546,-0.13187331,-0.17693219,0.13220619,-0.10767014,-0.22259834,0.3130075,-0.027609916,-0.25419605,0.27241346,-0.0028324747,-0.22208005,0.20961955,-0.018874884,-0.19734539
P,Zaith,Right,0.0,0.0,0.0,0.11797729,-0.21739542,-0.0054607545,0.21827428,-0.41428065,-0.040828384,0.30599913,-0.53057593,-0.08479014,0.3733876,-0.6605496,-0.12936121,0.124218054,-0.6305858,-0.07949065,0.2798632,-0.72629625,-0.14843228,0.36989826,-0.81350815,-0.19646111,0.4445333,-0.8957623,-0.2330083,0.08319,-0.52161187,-0.1226449,0.3018698,-0.5282596,-0.20238654,0.43108442,-0.50497085,-0.23409794,0.5308964,-0.49481398,-0.2576079,0.059698902,-0.35412616,-0.1637747,0.2838252,-0.2752337,-0.22737063,0.24321498,-0.19966498,-0.20326754,0.18300341,-0.18865491,-0.18529966,0.046218723,-0.16769516,-0.20828028,0.21976034,-0.10549284,-0.25343096,0.19113846,-0.07233638,-0.23299468,0.1364741,-0.08181928,-0.21530612
P,Zaith,Right,0.0,0.0,0.0,0.11450964,-0.2193576,-0.008751392,0.2100442,-0.4188452,-0.044200346,0.29530674,-0.5299958,-0.08774378,0.36444154,-0.6460065,-0.13137501,0.11153035,-0.621031,-0.07592754,0.26233044,-0.731241,-0.1427225,0.3495341,-0.8239773,-0.18898274,0.42025888,-0.90740424,-0.22404955,0.06987945,-0.5178097,-0.11545564,0.28781867,-0.5305054,-0.19327082,0.41301382,-0.5056097,-0.22154383,0.50784755,-0.495636,-0.24155186,0.04646739,-0.3592494,-0.1538042,0.26710436,-0.27548096,-0.21363553,0.22229975,-0.19746126,-0.18663304,0.1597043,-0.18559502,-0.16689178,0.03132275,-0.17992698,-0.19641301,0.20679763,-0.118547454,-0.2382775,0.17928281,-0.08049421,-0.21616887,0.12479666,-0.08525086,-0.19736369
P,Zaith,Right,0.0,0.0,0.0,0.10766657,-0.23925829,0.0031020858,0.20609313,-0.43833706,-0.027844533,0.29780635,-0.54079527,-0.068655804,0.3594045,-0.65819615,-0.10906284,0.1027168,-0.6309816,-0.066605054,0.2558504,-0.74066013,-0.12807687,0.34127596,-0.83103675,-0.17262742,0.41304597,-0.91071016,-0.20816603,0.06465391,-0.5129394,-0.11313658,0.28497103,-0.5271371,-0.1956932,0.4258196,-0.5007351,-0.23096567,0.53518623,-0.47868168,-0.25459677,0.0466328,-0.3441064,-0.15599386,0.26678625,-0.2826372,-0.21238008,0.22814086,-0.21280997,-0.18616718,0.16570517,-0.19665156,-0.16842379,0.037535276,-0.16380085,-0.20255479,0.21459034,-0.119349346,-0.2382794,0.18984379,-0.083138846,-0.21281627,0.13719459,-0.07846332,-0.19280122
P,Zaith,Right,0.0,0.0,0.0,0.110329375,-0.23814462,-0.0056291297,0.21622106,-0.4357532,-0.044699218,0.31252724,-0.54038966,-0.090997964,0.38046098,-0.66612524,-0.13692422,0.09745158,-0.6203684,-0.09464434,0.2500519,-0.7274007,-0.16627322,0.33986685,-0.8229715,-0.21605697,0.41674218,-0.9090247,-0.25448912,0.060089115,-0.49029234,-0.14016744,0.28334242,-0.5210673,-0.2308756,0.42730358,-0.5009415,-0.2669364,0.5426733,-0.48835963,-0.29147965,0.04433674,-0.30986702,-0.1814942,0.27232826,-0.2551432,-0.24703287,0.23724513,-0.20086068,-0.21917757,0.17985944,-0.19402383,-0.19885528,0.038605183,-0.11361919,-0.22654402,0.22498734,-0.08825179,-0.26804212,0.19998498,-0.07488778,-0.24129485,0.14512217,-0.07869876,-0.21977052
P,Zaith,Right,0.0,0.0,0.0,0.09336923,-0.23765634,-0.0051792613,0.1995257,-0.42558667,-0.055947665,0.30416298,-0.51056683,-0.112532325,0.3698439,-0.64796,-0.16789593,0.06925016,-0.5809414,-0.13052426,0.2289007,-0.69825375,-0.21602076,0.31874228,-0.8116971,-0.27380046,0.40283445,-0.9152729,-0.31803316,0.012797436,-0.43554804,-0.18129861,0.26523197,-0.47068724,-0.30279252,0.4162516,-0.4544015,-0.35035452,0.5395972,-0.4486628,-0.38004577,-0.005075689,-0.23899893,-0.223075,0.2544539,-0.21732193,-0.29970458,0.22243907,-0.16857019,-0.25825426,0.15587753,-0.16162504,-0.2288683,-0.0060019046,-0.039175794,-0.26899323,0.20187292,-0.038016587,-0.31636125,0.18167004,-0.01852185,-0.2780309,0.11531036,-0.017936269,-0.24706918
P,Zaith,Right,0.0,0.0,0.0,0.089380264,-0.23355427,-0.0038790116,0.19772735,-0.42520365,-0.051268034,0.3068162,-0.5149094,-0.10512953,0.37597784,-0.64873475,-0.15831026,0.075704716,-0.5748043,-0.11986154,0.23478815,-0.6965216,-0.1987892,0.3212165,-0.8108533,-0.25197473,0.40233162,-0.915494,-0.29325312,0.027935501,-0.43206567,-0.17075638,0.2732133,-0.46940455,-0.28447628,0.41886172,-0.458454,-0.32952052,0.5391121,-0.45670927,-0.35742047,0.013635626,-0.23930568,-0.21322726,0.26437923,-0.21845731,-0.2852228,0.22213726,-0.17172065,-0.24741158,0.15291433,-0.16635844,-0.22088331,0.012656397,-0.04234854,-0.25964203,0.21458589,-0.04512234,-0.30370528,0.18792762,-0.024141472,-0.26699775,0.120728284,-0.019965587,-0.23765953
P,Zaith,Right,0.0,0.0,0.0,0.08714016,-0.23682016,0.0003533098,0.1752368,-0.43210086,-0.041726276,0.2706767,-0.52365,-0.0921839,0.33882904,-0.6342011,-0.1442954,0.058418937,-0.6151992,-0.09840943,0.20520797,-0.72699976,-0.17145891,0.28762957,-0.83343154,-0.22447896,0.36215848,-0.93211657,-0.2661399,0.0068348227,-0.4901442,-0.14848137,0.24516481,-0.50135016,-0.2490627,0.38186747,-0.46905664,-0.2910744,0.4826801,-0.45233175,-0.31679568,-0.011768608,-0.30571327,-0.19246644,0.22467674,-0.26420623,-0.25717118,0.19578299,-0.19191082,-0.23136424,0.12824392,-0.16908982,-0.213812,-0.017541617,-0.113371,-0.24004573,0.16509874,-0.08495669,-0.2814684,0.1470975,-0.049380053,-0.25584316,0.08663122,-0.04351432,-0.23530547
P,Zaith,Right,0.0,0.0,0.0,0.103067316,-0.24869446,0.0022256968,0.20163904,-0.43918377,-0.031597346,0.29832017,-0.5337404,-0.07493971,0.36216393,-0.64644855,-0.119009644,0.08094043,-0.6193467,-0.07483341,0.22241211,-0.73768425,-0.13953415,0.30247295,-0.8404865,-0.18696351,0.37261778,-0.9279849,-0.22491953,0.03759438,-0.5091344,-0.122404456,0.25436857,-0.51843256,-0.20805599,0.3975469,-0.50316846,-0.24841388,0.50714624,-0.4822218,-0.27542207,0.017226612,-0.33817592,-0.16556384,0.23508556,-0.2774351,-0.221304,0.19895692,-0.22895195,-0.2015008,0.13456134,-0.21707334,-0.18980817,0.00662502,-0.15022232,-0.21241508,0.17217381,-0.09080864,-0.24957241,0.14527789,-0.06715228,-0.22982728,0.087008186,-0.0673302,-0.21438362
P,Zaith,Right,0.0,0.0,0.0,0.109432295,-0.25122085,0.0010532166,0.20074679,-0.44995642,-0.030668495,0.28468356,-0.55633855,-0.072315976,0.33467457,-0.6827084,-0.11377,0.064458385,-0.6345723,-0.066341385,0.20502575,-0.7506766,-0.13135877,0.2862723,-0.84911233,-0.18064268,0.35879707,-0.9334156,-0.21912505,0.014121488,-0.5224087,-0.11217942,0.22502927,-0.53883106,-0.19709499,0.36725724,-0.5264822,-0.23761725,0.47961184,-0.5105012,-0.26448435,-0.008247865,-0.3532209,-0.15472665,0.21539211,-0.3018776,-0.20945981,0.18730007,-0.24708764,-0.18869542,0.13097605,-0.23106338,-0.1762052,-0.015140397,-0.16873217,-0.20167518,0.16234554,-0.12240741,-0.23660153,0.14075962,-0.09544282,-0.21587405,0.08742629,-0.09402875,-0.1999322
P,Zaith,Right,0.0,0.0,0.0,0.089701734,-0.24896121,0.0027257255,0.18557812,-0.46060312,-0.029010545,0.27956748,-0.56043774,-0.06931531,0.34383678,-0.6740554,-0.10966909,0.08407862,-0.63594425,-0.07305016,0.2209536,-0.75383645,-0.13131566,0.2982852,-0.84972423,-0.17479797,0.36394042,-0.93142223,-0.2099392,0.04641341,-0.51407295,-0.11839308,0.24788994,-0.5415916,-0.19469166,0.37725216,-0.53597146,-0.22651783,0.47952974,-0.5271929,-0.2491062,0.030118452,-0.3394698,-0.15961502,0.24781437,-0.31829938,-0.21051499,0.21393114,-0.27069744,-0.18331812,0.15623008,-0.2568044,-0.16608988,0.025052562,-0.14932851,-0.20442696,0.20239215,-0.15213643,-0.2377529,0.17736538,-0.12991226,-0.21165743,0.124159284,-0.11753789,-0.19137923
P,Zaith,Right,0.0,0.0,0.0,0.08735653,-0.21904467,-0.008320151,0.17051345,-0.42292002,-0.043899015,0.2518466,-0.5366832,-0.08595096,0.31042737,-0.6532732,-0.12969792,0.041506097,-0.6055981,-0.083908334,0.17145053,-0.73818326,-0.14595045,0.24599229,-0.8472411,-0.19266926,0.31304795,-0.9497373,-0.22899425,-0.015993249,-0.49313354,-0.12260664,0.21906254,-0.48686647,-0.20514974,0.34333736,-0.47456473,-0.24037842,0.43353418,-0.48398766,-0.26133013,-0.042691372,-0.31833166,-0.15733056,0.17100872,-0.27918726,-0.20905684,0.13272,-0.23072271,-0.18568976,0.06732328,-0.21412766,-0.17030004,-0.059407424,-0.12323006,-0.1966673,0.11062401,-0.10308602,-0.2292841,0.093960665,-0.06705926,-0.20386927,0.040314667,-0.050260033,-0.18292667
P,Zaith,Right,0.0,0.0,0.0,0.06236517,-0.2481456,-0.013232648,0.12412919,-0.46482885,-0.06281376,0.20911558,-0.5948619,-0.11739207,0.2769869,-0.72329825,-0.1730207,-0.02001051,-0.6353687,-0.11062398,0.12492572,-0.74666697,-0.19002035,0.20720188,-0.8538655,-0.25122815,0.283497,-0.9589731,-0.2994478,-0.0832993,-0.4876332,-0.15440103,0.17489436,-0.5146884,-0.26077002,0.30856898,-0.53508455,-0.30629393,0.40785754,-0.5830795,-0.33636683,-0.102249354,-0.2856146,-0.1935782,0.14783162,-0.28619176,-0.26155776,0.116005294,-0.22568098,-0.23394932,0.04861071,-0.19985914,-0.21677208,-0.10568915,-0.06941006,-0.2382894,0.09214988,-0.09347132,-0.28288227,0.0836672,-0.06633247,-0.25756767,0.02600387,-0.058645025,-0.23762734
P,Zaith,Right,0.0,0.0,0.0,0.07504532,-0.24874115,-0.016980654,0.14309084,-0.4817333,-0.057199944,0.2168577,-0.6237596,-0.10071924,0.26553667,-0.76465416,-0.14654432,-0.032071717,-0.6321775,-0.10007231,0.11750028,-0.76979685,-0.16415003,0.19704928,-0.8682128,-0.21236129,0.27050605,-0.96271825,-0.24989718,-0.08771802,-0.47762227,-0.13329764,0.17058283,-0.5272109,-0.2089938,0.29714063,-0.55463594,-0.24226451,0.39220074,-0.60042405,-0.26798996,-0.10575468,-0.267671,-0.16352436,0.123305,-0.2883518,-0.21189857,0.09352325,-0.26622832,-0.19456373,0.0406913,-0.25746444,-0.18746294,-0.10721336,-0.046120696,-0.19854964,0.07254759,-0.08919277,-0.23085842,0.062215526,-0.0917088,-0.21232104,0.015733317,-0.085213944,-0.19936648
P,Zaith,Right,0.0,0.0,0.0,0.07383248,-0.24928802,-0.016310034,0.13789685,-0.48577297,-0.05542961,0.20850432,-0.63170964,-0.09865872,0.25456375,-0.76663834,-0.1450494,-0.045899626,-0.64247024,-0.09539512,0.106353536,-0.776205,-0.16213079,0.18962407,-0.87294817,-0.21232475,0.267125,-0.9636619,-0.25013378,-0.1005363,-0.49172905,-0.13013314,0.13819902,-0.54598165,-0.20633712,0.26473922,-0.5888292,-0.24068281,0.36063558,-0.63676053,-0.2664642,-0.12072018,-0.28478292,-0.16298078,0.09833997,-0.29761013,-0.21741752,0.08672941,-0.27185518,-0.2070119,0.046232797,-0.25553226,-0.20227684,-0.12196059,-0.06333127,-0.19991222,0.050739065,-0.09697028,-0.23603863,0.055908166,-0.105068214,-0.22181046,0.022515908,-0.10653521,-0.21101937
P,Zaith,Right,0.0,0.0,0.0,0.08719032,-0.24945939,-0.008377408,0.1585126,-0.4652295,-0.04743138,0.22578843,-0.59432864,-0.092866614,0.27415577,-0.730582,-0.14016454,0.0028775309,-0.64812386,-0.08674276,0.13634367,-0.76806617,-0.15723942,0.21330604,-0.868253,-0.20869608,0.2846714,-0.95862514,-0.24795085,-0.05324821,-0.5275672,-0.12823737,0.17818272,-0.5658725,-0.21921806,0.30261526,-0.5654847,-0.25887457,0.39512128,-0.57757455,-0.28356603,-0.076092586,-0.34742898,-0.16703092,0.15191874,-0.33654946,-0.23326439,0.1208776,-0.26878598,-0.21868648,0.059308738,-0.24031308,-0.20761438,-0.08375257,-0.14577578,-0.20912747,0.09415098,-0.13722394,-0.25385907,0.083793074,-0.105403654,-0.23826647,0.03472395,-0.09695096,-0.22414938
P,Zaith,Right,0.0,0.0,0.0,0.08538071,-0.2307018,-0.014144757,0.16514418,-0.44999123,-0.055990253,0.24043158,-0.5778472,-0.102310896,0.29078153,-0.7105432,-0.14974208,0.017661247,-0.6313995,-0.10768332,0.15199171,-0.75045437,-0.18074994,0.23187362,-0.85599196,-0.23504369,0.305672,-0.9521369,-0.27671584,-0.041909855,-0.5090687,-0.14767575,0.19450621,-0.5164652,-0.24102715,0.32642347,-0.5256361,-0.28282923,0.4294356,-0.5491572,-0.31048432,-0.063519344,-0.32211238,-0.18335801,0.1616605,-0.28804722,-0.24523272,0.11264014,-0.23675627,-0.22589599,0.038731005,-0.21802303,-0.21456039,-0.07289594,-0.114240855,-0.22394556,0.10902908,-0.109164774,-0.26558113,0.08595149,-0.08265203,-0.24566114,0.028882392,-0.07264441,-0.22993043
P,Zaith,Right,0.0,0.0,0.0,0.08405116,-0.23537545,-0.023815714,0.14925204,-0.44328958,-0.06806073,0.22141027,-0.5567459,-0.1173939,0.27972785,-0.67978865,-0.16871555,-0.0046404605,-0.6299666,-0.09741457,0.12690681,-0.7444568,-0.17455465,0.20227069,-0.8548115,-0.23513481,0.27523485,-0.961377,-0.2814809,-0.07175982,-0.5012453,-0.13428894,0.15937787,-0.4958434,-0.2318178,0.28009152,-0.50812274,-0.27678612,0.37334207,-0.54046065,-0.30440035,-0.100288175,-0.3005092,-0.17026056,0.123353265,-0.25524575,-0.2357642,0.08652931,-0.19959602,-0.2197931,0.024978232,-0.17124741,-0.20842984,-0.11025336,-0.0764317,-0.2128826,0.06989878,-0.055281322,-0.2597511,0.05054519,-0.029331943,-0.24685419,-0.0061241947,-0.01897379,-0.23392165
P,Zaith,Right,0.0,0.0,0.0,0.0875652,-0.2281905,-0.019426644,0.14865857,-0.43767786,-0.06797051,0.19746928,-0.57546145,-0.117831565,0.24412975,-0.7184359,-0.1692144,-0.021117914,-0.620723,-0.12837553,0.10095325,-0.7491362,-0.2098666,0.17149083,-0.85980904,-0.26602313,0.23920843,-0.97096825,-0.30870834,-0.08091674,-0.49222517,-0.16580154,0.1384451,-0.5197817,-0.27938393,0.2660722,-0.5110612,-0.32555875,0.36582148,-0.521188,-0.35128784,-0.094904535,-0.30581585,-0.1990474,0.09976575,-0.28973663,-0.27906606,0.0827334,-0.23492849,-0.27054104,0.040273506,-0.20485008,-0.26210415,-0.092551604,-0.10468039,-0.23561947,0.06508243,-0.113191776,-0.28787366,0.05525703,-0.08664509,-0.2802362,0.009429087,-0.081375174,-0.27235425
P,Zaith,Right,0.0,0.0,0.0,0.06947039,-0.234718,-0.003943641,0.14551291,-0.43653217,-0.04784108,0.24014963,-0.5512904,-0.09799142,0.304373,-0.6851698,-0.14906387,0.010098968,-0.6101463,-0.100781664,0.16041458,-0.72613364,-0.1744917,0.24360432,-0.83545804,-0.23060796,0.32310197,-0.94636416,-0.27359733,-0.0566067,-0.4700959,-0.14410448,0.18141222,-0.47368607,-0.24223809,0.30990916,-0.4788523,-0.2828927,0.41399652,-0.507953,-0.30919632,-0.07798541,-0.27199653,-0.18158008,0.16422024,-0.24243985,-0.23465745,0.13325761,-0.21172208,-0.20163096,0.07054729,-0.20127548,-0.1820815,-0.0840482,-0.06950191,-0.22472675,0.10891981,-0.06376469,-0.2539477,0.09725708,-0.0567239,-0.22476676,0.03980272,-0.06597067,-0.20316878
P,Zaith,Right,0.0,0.0,0.0,0.08085971,-0.2420413,-0.0022747128,0.17698379,-0.4434838,-0.045432072,0.28217238,-0.5427916,-0.09510795,0.35035768,-0.6647816,-0.14604783,0.05685285,-0.60201985,-0.102291375,0.21002392,-0.7169579,-0.17294039,0.29534242,-0.8211217,-0.22612569,0.37490904,-0.9270616,-0.26790982,-0.0005365103,-0.46085504,-0.1489239,0.23746441,-0.4847024,-0.24944365,0.37268314,-0.4650266,-0.29153106,0.47987956,-0.4677808,-0.3169754,-0.015019377,-0.26851454,-0.18864891,0.22453052,-0.25928718,-0.24430762,0.19096902,-0.2217301,-0.2111504,0.12428082,-0.20882338,-0.1901541,-0.015030701,-0.07416402,-0.23338303,0.17642048,-0.091754936,-0.26302442,0.15940522,-0.084036276,-0.23012659,0.10233466,-0.08412761,-0.20595506
P,Zaith,Right,0.0,0.0,0.0,0.10400488,-0.26630116,0.0057453755,0.19590811,-0.4640519,-0.022766355,0.28848496,-0.5659634,-0.06162225,0.3481675,-0.68443424,-0.09981741,0.07694078,-0.64779484,-0.055393286,0.2150638,-0.7592299,-0.116389185,0.29780558,-0.8507367,-0.16306542,0.36988962,-0.9290757,-0.19965461,0.042932525,-0.5348013,-0.1023481,0.24422897,-0.55705184,-0.18492763,0.37983003,-0.5408564,-0.22491564,0.4862413,-0.52222204,-0.25030237,0.030253638,-0.3643625,-0.14569828,0.23579961,-0.30329984,-0.20131233,0.20170443,-0.2562643,-0.18225217,0.141849,-0.25122592,-0.16818142,0.023916842,-0.18158656,-0.19253887,0.18787897,-0.12729727,-0.22647417,0.1634973,-0.107064866,-0.2053928,0.10922516,-0.11459866,-0.1880252
P,Zaith,Right,0.0,0.0,0.0,0.10396839,-0.24002014,0.005336493,0.18598254,-0.4475403,-0.019299017,0.26113445,-0.57225513,-0.054359734,0.31863573,-0.698256,-0.090860605,0.060617305,-0.64438546,-0.05253356,0.2016164,-0.7626283,-0.10620618,0.27908468,-0.85639626,-0.1430703,0.34210423,-0.93966204,-0.17232348,0.015230112,-0.5452836,-0.09429499,0.22960863,-0.564128,-0.16044794,0.34997028,-0.54679805,-0.18608826,0.43435344,-0.546388,-0.20404401,-0.007889437,-0.38379976,-0.13368136,0.19627626,-0.3125755,-0.18495929,0.16506806,-0.23316859,-0.16661282,0.108477764,-0.21653144,-0.15362984,-0.016842265,-0.20234627,-0.1757594,0.13993762,-0.14063539,-0.20928338,0.123430885,-0.09267635,-0.19127804,0.074036255,-0.08436805,-0.17644615
P,Zaith,Right,0.0,0.0,0.0,0.09937943,-0.24272361,-0.0028709546,0.18378222,-0.4554596,-0.033387423,0.26366177,-0.5802734,-0.072629154,0.32117954,-0.7060329,-0.113376796,0.045202926,-0.61677426,-0.074771084,0.18223658,-0.7360901,-0.14139324,0.25814104,-0.8429335,-0.18649332,0.32506683,-0.94569105,-0.22087684,-0.00028039812,-0.5002773,-0.117197715,0.22284941,-0.5572927,-0.19684787,0.32358468,-0.574507,-0.2294887,0.3999948,-0.61151206,-0.25271586,-0.017598078,-0.32598314,-0.15700833,0.1994821,-0.27880454,-0.2210098,0.1587225,-0.20134276,-0.2030097,0.1017025,-0.1849028,-0.18816939,-0.020756131,-0.13540982,-0.20001607,0.14555618,-0.09707103,-0.2421165,0.1224141,-0.05701092,-0.22512186,0.07015623,-0.05164262,-0.2104676
P,Zaith,Right,0.0,0.0,0.0,0.0983315,-0.2413605,-0.004889923,0.17864382,-0.4529449,-0.037290208,0.25723967,-0.5752239,-0.07823938,0.3179211,-0.70142716,-0.12067041,0.04756718,-0.6235632,-0.0758371,0.18145108,-0.7387662,-0.14494026,0.2567594,-0.8442445,-0.19266817,0.32279837,-0.94646776,-0.22902748,0.0028486946,-0.50926405,-0.11829541,0.22100769,-0.565401,-0.20012574,0.32956612,-0.58854145,-0.23534743,0.41428682,-0.62959874,-0.26032022,-0.015464234,-0.33563253,-0.15829109,0.20224245,-0.28678012,-0.2241097,0.16230115,-0.2086601,-0.2057029,0.10476055,-0.19239266,-0.19056058,-0.019448662,-0.14345247,-0.20173985,0.14715005,-0.104217716,-0.24634469,0.12441739,-0.06155,-0.22892974,0.07207422,-0.05531136,-0.21348767
P,Zaith,Right,0.0,0.0,0.0,0.0997598,-0.23530096,0.0027033957,0.17573899,-0.4484041,-0.027979791,0.24927266,-0.57350796,-0.06795881,0.30413717,-0.70946217,-0.10901982,0.04085589,-0.626888,-0.06983916,0.1759022,-0.7516794,-0.13301794,0.24893053,-0.85370576,-0.17789188,0.31000042,-0.9507364,-0.21348135,-0.007710135,-0.51888674,-0.114663385,0.20305829,-0.57783246,-0.19688565,0.3300098,-0.5873728,-0.23310874,0.42775998,-0.60643613,-0.258008,-0.02527092,-0.34884858,-0.15555803,0.1938775,-0.3154687,-0.21580133,0.17021945,-0.23201524,-0.19546546,0.115707554,-0.20415549,-0.1810131,-0.02712005,-0.1650137,-0.19948831,0.1464072,-0.1437416,-0.23983204,0.13573784,-0.10003202,-0.22035767,0.08678003,-0.09018872,-0.20448476
P,Zaith,Right,0.0,0.0,0.0,0.076241665,-0.23379989,0.0023262314,0.13833909,-0.44622394,-0.03177634,0.21029735,-0.57544196,-0.07439445,0.2694176,-0.7074364,-0.1190177,0.0008744854,-0.6220252,-0.08094546,0.124404304,-0.76094896,-0.14499694,0.19160677,-0.8690868,-0.18993498,0.25233924,-0.96763885,-0.22579852,-0.054338437,-0.5087694,-0.12553947,0.17455426,-0.56262666,-0.20833111,0.29766506,-0.5687408,-0.24295616,0.38685328,-0.587475,-0.26648465,-0.074748985,-0.32848457,-0.16529244,0.14484413,-0.3058263,-0.22211029,0.12337094,-0.21665904,-0.20106569,0.06763046,-0.1772045,-0.18815643,-0.079220586,-0.12926088,-0.20800096,0.088138804,-0.09911732,-0.24666205,0.07915659,-0.05214095,-0.227248,0.028346254,-0.037442856,-0.21178366
P,Zaith,Right,0.0,0.0,0.0,0.078120664,-0.23381773,0.0033439482,0.14185579,-0.44547006,-0.030344285,0.2142288,-0.57418513,-0.07299795,0.27252844,-0.7049649,-0.11743606,0.0033619166,-0.6280066,-0.07760943,0.12567583,-0.7631703,-0.14127766,0.19142292,-0.87127924,-0.1860379,0.25077447,-0.96804553,-0.22177829,-0.052740995,-0.5210111,-0.12283067,0.17268917,-0.5666007,-0.20570822,0.29457986,-0.573018,-0.24055468,0.3837104,-0.5899643,-0.2637887,-0.07389667,-0.34570697,-0.16344008,0.1456347,-0.31504282,-0.22058359,0.12143842,-0.22478396,-0.20009221,0.06437881,-0.18641204,-0.18749541,-0.07829072,-0.14912039,-0.20700382,0.08995752,-0.10800896,-0.24603237,0.078723945,-0.0584328,-0.2276015,0.027738297,-0.044607636,-0.21274818
P,Zaith,Right,0.0,0.0,0.0,0.09792722,-0.23583941,-0.007417165,0.15717994,-0.44676438,-0.043986283,0.20528626,-0.5878637,-0.08830913,0.24588211,-0.7365037,-0.13260269,0.0036931606,-0.64251286,-0.07308448,0.106703475,-0.7700073,-0.14571735,0.16901436,-0.8764145,-0.19941808,0.22657576,-0.97399354,-0.24057646,-0.063590035,-0.5432264,-0.11492045,0.13778971,-0.5711864,-0.21603173,0.2731073,-0.56261927,-0.26214606,0.3703919,-0.5621228,-0.28791028,-0.0911808,-0.37803316,-0.15438181,0.13007101,-0.34913176,-0.22969021,0.13437703,-0.23983906,-0.21536726,0.089096054,-0.18370734,-0.20102584,-0.099240705,-0.19140084,-0.19744144,0.076534055,-0.1599386,-0.25139683,0.07988849,-0.102016896,-0.23958227,0.030587595,-0.087709025,-0.22565316
P,Zaith,Right,0.0,0.0,0.0,0.08630375,-0.20556481,-0.028647007,0.13310781,-0.42995355,-0.06838695,0.1674454,-0.57999724,-0.10968831,0.2070536,-0.7181178,-0.15025508,-0.038573157,-0.6109787,-0.08973811,0.055910226,-0.7583642,-0.16550992,0.11253926,-0.8749234,-0.2188346,0.16818817,-0.9857549,-0.25718132,-0.11430063,-0.5207033,-0.11755845,0.07813131,-0.54667586,-0.22552568,0.21262763,-0.54683125,-0.26996118,0.31434682,-0.55538625,-0.287745,-0.15034206,-0.36637568,-0.14549288,0.059921812,-0.30996677,-0.22295815,0.06810358,-0.21866384,-0.21833,0.036490634,-0.16984466,-0.20679092,-0.1600473,-0.17636462,-0.17873198,0.018015197,-0.14468403,-0.22785945,0.032682557,-0.08822483,-0.22196543,-0.0011270796,-0.06891049,-0.21150321
P,Zaith,Right,0.0,0.0,0.0,0.0904978,-0.21174848,-0.031246865,0.1335634,-0.42233557,-0.07817188,0.16452333,-0.5638376,-0.1275305,0.20748696,-0.7016816,-0.17638874,-0.03466898,-0.61205965,-0.10076453,0.055209316,-0.75455683,-0.18731417,0.10717349,-0.87299496,-0.24857746,0.1597075,-0.9871644,-0.29286698,-0.110589735,-0.52409637,-0.13248606,0.07587468,-0.5543353,-0.2569165,0.20498887,-0.5516876,-0.30927613,0.29988712,-0.558313,-0.33135346,-0.14551573,-0.37007377,-0.16425757,0.061387077,-0.3210199,-0.25653693,0.0785707,-0.22345302,-0.25325477,0.04895293,-0.17257488,-0.24039625,-0.15519907,-0.18220416,-0.20107509,0.01730182,-0.15366988,-0.26177177,0.03852554,-0.105836675,-0.2578951,0.0057422295,-0.09485717,-0.24738787
P,Zaith,Right,0.0,0.0,0.0,0.084502034,-0.22726044,0.0017875921,0.15470277,-0.4268714,-0.030970981,0.2242399,-0.54486775,-0.07285776,0.27675283,-0.6708899,-0.115820356,0.025602676,-0.62590057,-0.07168834,0.14854077,-0.7601274,-0.13796586,0.21776861,-0.86564845,-0.18674204,0.27924824,-0.96021897,-0.22446784,-0.034614492,-0.5261189,-0.11524929,0.17173968,-0.5518708,-0.19852358,0.2766169,-0.5337021,-0.23150158,0.34758046,-0.5345742,-0.25277296,-0.059120562,-0.35952735,-0.15574299,0.16630757,-0.3093278,-0.21101984,0.15660226,-0.2126287,-0.18761905,0.10472433,-0.17280881,-0.17242084,-0.064084955,-0.17538837,-0.20018548,0.109487936,-0.12339163,-0.23624174,0.10052067,-0.06737758,-0.2166328,0.048017517,-0.05688903,-0.20066454
P,Zaith,Right,0.0,0.0,0.0,0.12708929,-0.19695026,-0.00881583,0.22192079,-0.3953446,-0.04103217,0.28971085,-0.5238419,-0.07852079,0.3471664,-0.6534211,-0.11585574,0.12676987,-0.6325599,-0.08313319,0.25765967,-0.7403344,-0.14486896,0.33650243,-0.8350318,-0.18594778,0.40594706,-0.9138966,-0.21672967,0.07510787,-0.5450694,-0.11801877,0.26628938,-0.529169,-0.18860638,0.387484,-0.4941151,-0.2126384,0.48270407,-0.46243984,-0.23019901,0.0424011,-0.39188987,-0.15102567,0.25785482,-0.28423384,-0.20506702,0.26142523,-0.21170391,-0.1840731,0.23588854,-0.18609254,-0.16957642,0.027490456,-0.21157879,-0.18755877,0.19961789,-0.14143139,-0.22421741,0.20470813,-0.11073553,-0.20728019,0.17986545,-0.11325419,-0.19308032
P,Zaith,Right,0.0,0.0,0.0,0.08630593,-0.27915448,-0.03396671,0.1244341,-0.49004614,-0.08468887,0.16303359,-0.6161796,-0.13955073,0.20881267,-0.74679136,-0.19499497,-0.0789687,-0.6631976,-0.09146158,0.034852177,-0.773124,-0.17786059,0.10020953,-0.87956274,-0.23992859,0.16343896,-0.98655343,-0.28421125,-0.1464491,-0.54534984,-0.122940786,0.06041086,-0.5855931,-0.23651834,0.18698838,-0.58858794,-0.28510597,0.27185053,-0.6070862,-0.30746958,-0.17420541,-0.3682499,-0.15669872,0.04946855,-0.3407214,-0.25000593,0.077008665,-0.2463587,-0.25232372,0.047217607,-0.19918452,-0.24200878,-0.18161039,-0.16909471,-0.19526498,0.0016344399,-0.15194616,-0.25913575,0.03596152,-0.1192138,-0.25863814,0.006312845,-0.112219706,-0.24914366
P,Zaith,Right,0.0,0.0,0.0,0.08354102,-0.27802318,-0.031445347,0.11947553,-0.49084756,-0.077969715,0.15814175,-0.6191021,-0.12932698,0.2030665,-0.7471266,-0.1812969,-0.08490295,-0.66265124,-0.081751734,0.03200345,-0.7712263,-0.16433705,0.095889464,-0.87854624,-0.22426498,0.1582625,-0.9873971,-0.2670992,-0.15117572,-0.54492533,-0.11312973,0.051481836,-0.5834772,-0.22518378,0.17565611,-0.58915806,-0.2752847,0.26076084,-0.60914636,-0.29800856,-0.17915314,-0.36924583,-0.1466589,0.04301248,-0.3395714,-0.23939395,0.071969435,-0.24387152,-0.24452692,0.04425848,-0.19550633,-0.23509862,-0.18732913,-0.17175676,-0.18471539,-0.0060461583,-0.15031502,-0.24796243,0.029316653,-0.11371938,-0.24919184,0.0002703596,-0.10321416,-0.24047405
P,Zaith,Right,0.0,0.0,0.0,0.064562194,-0.24844524,-0.006145998,0.14030707,-0.45783857,-0.05463706,0.24158424,-0.57078725,-0.1091013,0.31865463,-0.69277894,-0.16601285,-1.224218e-05,-0.6165741,-0.11296313,0.14606965,-0.7388277,-0.19035017,0.22780249,-0.84849876,-0.2492328,0.3044938,-0.9525143,-0.29506654,-0.0630957,-0.4678835,-0.15900974,0.19141904,-0.4939481,-0.26024956,0.32409468,-0.50153065,-0.30128342,0.42575523,-0.53114593,-0.32857007,-0.082506046,-0.260773,-0.19952072,0.16288233,-0.25921923,-0.25844726,0.1332134,-0.22346692,-0.2292344,0.069403276,-0.20788372,-0.21261866,-0.08766123,-0.043552414,-0.24530153,0.103942715,-0.06195057,-0.27988285,0.09161613,-0.05480016,-0.25237578,0.0338604,-0.054241672,-0.23268075
P,Zaith,Right,0.0,0.0,0.0,0.07340998,-0.2734893,-0.014678832,0.11910704,-0.4903838,-0.053269263,0.1739825,-0.62705797,-0.098243855,0.22532268,-0.7586532,-0.14555196,-0.06024763,-0.6532681,-0.07502041,0.06607245,-0.7669142,-0.14533187,0.1396752,-0.87503266,-0.2003676,0.20737793,-0.97826093,-0.24216564,-0.11402799,-0.52151936,-0.11310737,0.10131218,-0.5646587,-0.2015898,0.22785486,-0.59380233,-0.2436416,0.32078514,-0.6323774,-0.26919836,-0.13227235,-0.33148605,-0.15110822,0.07901111,-0.3275325,-0.21605153,0.06502286,-0.26303726,-0.2131741,0.018060558,-0.2259415,-0.2096439,-0.13063125,-0.11611459,-0.19348837,0.042197492,-0.119738884,-0.23560408,0.041653708,-0.08894474,-0.22863825,-0.0011372699,-0.0760327,-0.22158831
P,Zaith,Right,0.0,0.0,0.0,0.09012394,-0.22081636,-0.025758093,0.13870203,-0.44792765,-0.060002014,0.1792056,-0.59400433,-0.098224476,0.23265971,-0.72663754,-0.138175,-0.026371244,-0.64326406,-0.070597745,0.08025653,-0.77180743,-0.13797039,0.14228775,-0.878154,-0.18703856,0.20083682,-0.9796247,-0.22313686,-0.091841325,-0.55511993,-0.09728292,0.1040106,-0.5882169,-0.18814173,0.2268959,-0.5963129,-0.23105855,0.31910795,-0.6184602,-0.25370702,-0.121176265,-0.39917898,-0.124899864,0.0790863,-0.3761996,-0.20546685,0.08763231,-0.25586733,-0.20709507,0.061485294,-0.18854015,-0.1981411,-0.13108096,-0.21174727,-0.15584289,0.025678298,-0.21576242,-0.21284842,0.045731016,-0.16089594,-0.21051612,0.022706214,-0.13511327,-0.20089218
P,Zaith,Right,0.0,0.0,0.0,0.090370506,-0.23483154,-0.01902357,0.14060752,-0.45194244,-0.056701794,0.1832711,-0.5902184,-0.09975835,0.23082556,-0.7280736,-0.14493273,-0.030960273,-0.63177156,-0.08163251,0.07889491,-0.7656006,-0.15413056,0.14002737,-0.8752474,-0.20500565,0.195883,-0.9806273,-0.24277517,-0.09809848,-0.5327946,-0.11536467,0.09616885,-0.59517765,-0.21342123,0.21739072,-0.60936195,-0.25849298,0.30799347,-0.6312412,-0.28289154,-0.12500404,-0.36887696,-0.14797933,0.08482213,-0.3593652,-0.22806522,0.085503876,-0.25583583,-0.22529495,0.04812861,-0.1992483,-0.21574587,-0.13130015,-0.17736618,-0.18358678,0.039512664,-0.180736,-0.23880209,0.056194324,-0.14072421,-0.23372336,0.027203768,-0.12923144,-0.22387661
P,Zaith,Right,0.0,0.0,0.0,0.06900544,-0.27851933,-0.028002048,0.09706344,-0.5011644,-0.06697923,0.13662463,-0.6336149,-0.11237952,0.1867103,-0.7480078,-0.15976337,-0.11022848,-0.66346717,-0.055290703,-0.0030437626,-0.77881265,-0.12986562,0.055842355,-0.88452315,-0.18698665,0.11624143,-0.993221,-0.22736394,-0.17811552,-0.54761976,-0.08433151,0.008905487,-0.5996413,-0.18406616,0.13712624,-0.5937761,-0.23025084,0.2280177,-0.60064805,-0.24962401,-0.20763697,-0.37463424,-0.11757147,-0.00908139,-0.35784447,-0.20137285,0.028322292,-0.26712775,-0.2141887,0.017514462,-0.21506925,-0.21011943,-0.21312013,-0.17451197,-0.15531026,-0.047530517,-0.15653618,-0.20809767,-0.0018169249,-0.13156325,-0.21294166,-0.011006738,-0.12588419,-0.20860223
P,Zaith,Right,0.0,0.0,0.0,0.10389067,-0.2142505,0.015285535,0.17884143,-0.39575937,-0.015964242,0.24796808,-0.5060189,-0.06108937,0.29964998,-0.63852507,-0.105949044,0.12228973,-0.5679063,-0.05229551,0.21232761,-0.7217694,-0.116008,0.26075011,-0.84484047,-0.15748265,0.303407,-0.9528611,-0.18912923,0.06835236,-0.50602776,-0.09996525,0.2538888,-0.5283482,-0.18182069,0.36488202,-0.54205567,-0.21272703,0.44938475,-0.5818909,-0.2345544,0.03272493,-0.3851408,-0.1443993,0.22607112,-0.33729184,-0.20373577,0.2087914,-0.25060633,-0.17316274,0.16027474,-0.22714573,-0.15061101,0.0072894474,-0.24615589,-0.19130693,0.16713859,-0.20102678,-0.23367278,0.16572103,-0.14401846,-0.21031249,0.11901718,-0.13920332,-0.18964629
P,Zaith,Right,0.0,0.0,0.0,0.12771496,-0.18320026,0.011961884,0.20411097,-0.34977272,-0.029840125,0.25252554,-0.46994328,-0.08419085,0.29557547,-0.6218233,-0.13760993,0.13240571,-0.5439967,-0.09107057,0.23368889,-0.7064386,-0.17204748,0.28799006,-0.8293937,-0.22070181,0.33553153,-0.942029,-0.25794578,0.06496447,-0.49597842,-0.14605658,0.24005471,-0.5257108,-0.2658074,0.36097994,-0.5165297,-0.31180316,0.45030457,-0.5262243,-0.33921888,0.01664851,-0.38401532,-0.19423136,0.20261054,-0.32831472,-0.27933264,0.19162905,-0.19982414,-0.24035184,0.14442383,-0.15503484,-0.20840533,-0.017768709,-0.25315034,-0.24448714,0.12856536,-0.17292286,-0.30331865,0.13052496,-0.08590529,-0.27551654,0.085221656,-0.07555065,-0.24917372
P,Zaith,Right,0.0,0.0,0.0,0.1262832,-0.1970413,0.018933175,0.20706792,-0.3716136,-0.017173868,0.2719759,-0.47904074,-0.06921002,0.33528647,-0.60299176,-0.122107685,0.16117555,-0.56368077,-0.060974862,0.26327416,-0.708844,-0.13392049,0.32312956,-0.82486707,-0.17991464,0.37462047,-0.92717826,-0.21371035,0.09260471,-0.52220964,-0.11444229,0.27308068,-0.5189806,-0.20669143,0.38023093,-0.49542153,-0.23918177,0.4567973,-0.51586705,-0.26036802,0.039589915,-0.41481036,-0.16422834,0.22000188,-0.33528012,-0.23645292,0.20737103,-0.22256829,-0.20412797,0.1604695,-0.19843172,-0.17754976,-0.0026095929,-0.28684896,-0.21508797,0.14461266,-0.22221878,-0.26431632,0.1527643,-0.14745353,-0.23678353,0.10914268,-0.145363,-0.21164212
P,Zaith,Right,0.0,0.0,0.0,0.114001215,-0.18546249,0.0083357105,0.19058046,-0.3658354,-0.020326706,0.25012892,-0.47985223,-0.061850857,0.30365512,-0.606113,-0.10332642,0.14199929,-0.5669029,-0.046810832,0.24245003,-0.71162415,-0.10720171,0.29877007,-0.8308068,-0.14612255,0.34702304,-0.9378566,-0.17559657,0.07380498,-0.53103477,-0.08931974,0.25378573,-0.52062196,-0.16901696,0.36202222,-0.49639818,-0.1988111,0.43792927,-0.51106554,-0.21717723,0.022158206,-0.4219196,-0.1292173,0.20097943,-0.33432943,-0.1915765,0.19146521,-0.22322801,-0.16240314,0.14473781,-0.19119531,-0.13757226,-0.019941637,-0.2852815,-0.17141275,0.123764545,-0.21447177,-0.21402095,0.13656023,-0.13929312,-0.1877153,0.097771004,-0.13024679,-0.16306432
P,Zaith,Right,0.0,0.0,0.0,0.12709759,-0.1800166,0.008290677,0.2108663,-0.36718684,-0.015854556,0.27840346,-0.4934203,-0.05306081,0.3412639,-0.61320573,-0.090562426,0.16337337,-0.57741916,-0.035747334,0.2655562,-0.7121535,-0.0912217,0.3273513,-0.8265992,-0.12680697,0.3782884,-0.9256878,-0.15300275,0.108245045,-0.5361415,-0.07591041,0.2912525,-0.52689683,-0.14458676,0.400678,-0.50912565,-0.1685146,0.48244804,-0.5214045,-0.18374647,0.061897453,-0.4346177,-0.115265556,0.2380163,-0.34959385,-0.17396516,0.21425514,-0.238916,-0.14681481,0.16689678,-0.20229183,-0.123038955,0.024344048,-0.30223408,-0.15690446,0.16504495,-0.23440371,-0.19683455,0.15907957,-0.15493381,-0.17219003,0.11572037,-0.13792871,-0.14909644
P,Zaith,Right,0.0,0.0,0.0,0.11346619,-0.19006611,0.010693894,0.18749931,-0.3789239,-0.020387843,0.24876235,-0.4996283,-0.06402863,0.3090214,-0.6205238,-0.108813316,0.13630125,-0.57553107,-0.060405232,0.23787288,-0.7188735,-0.12426616,0.2964141,-0.8382817,-0.16508836,0.34529558,-0.93849397,-0.19485785,0.07683071,-0.5245055,-0.10381824,0.26480725,-0.5263153,-0.18016995,0.36957464,-0.5201523,-0.20519574,0.44397557,-0.5398818,-0.22262421,0.034300648,-0.410597,-0.14476426,0.22152703,-0.35433084,-0.20612006,0.20954733,-0.25425595,-0.17756987,0.16825809,-0.21463558,-0.15439428,0.0043518967,-0.27180496,-0.18740812,0.15615167,-0.2361581,-0.23085733,0.1627736,-0.17148815,-0.20731708,0.12552002,-0.15250352,-0.18528526
P,Zaith,Right,0.0,0.0,0.0,0.10439781,-0.19356602,0.00882115,0.17662595,-0.3803603,-0.01837387,0.24002364,-0.49100906,-0.056955844,0.2970319,-0.6153049,-0.09524816,0.12123244,-0.58280045,-0.054527882,0.21908118,-0.729129,-0.11172648,0.2713066,-0.8438117,-0.15137151,0.31708553,-0.9483969,-0.18221103,0.05771574,-0.52796197,-0.0954897,0.24189763,-0.5164688,-0.17117128,0.3573146,-0.5082832,-0.20101902,0.44229394,-0.51395893,-0.22145642,0.013702168,-0.40641263,-0.13297829,0.20151736,-0.34164315,-0.18470484,0.18796301,-0.24908763,-0.1550766,0.14122748,-0.21314053,-0.13418218,-0.016020354,-0.2636904,-0.17370352,0.13470761,-0.20339172,-0.20968975,0.13334666,-0.13820617,-0.1854775,0.08939685,-0.12142683,-0.16442391
P,Zaith,Right,0.0,0.0,0.0,0.115278415,-0.18832494,0.0024281472,0.17316069,-0.36730608,-0.033263687,0.20935446,-0.49321747,-0.081026,0.2478429,-0.64307016,-0.1288397,0.091650456,-0.5737767,-0.05824078,0.16963883,-0.73289114,-0.1237182,0.20758772,-0.8567304,-0.16553655,0.23952626,-0.97088987,-0.19791806,0.02269804,-0.5294937,-0.10127017,0.20087034,-0.55817336,-0.19063228,0.3085743,-0.5378064,-0.22342248,0.37665144,-0.5564957,-0.24269868,-0.022937002,-0.41568342,-0.14197807,0.15733425,-0.3758372,-0.21390454,0.15948285,-0.24714807,-0.18372911,0.11439907,-0.20245782,-0.15783332,-0.055186242,-0.27936065,-0.18518254,0.08895122,-0.24151032,-0.23810211,0.1095733,-0.15857148,-0.21340103,0.0704696,-0.13800208,-0.18883061
P,Zaith,Right,0.0,0.0,0.0,0.12471603,-0.17690775,-0.0039299275,0.19909249,-0.3761813,-0.028055007,0.25293797,-0.52090496,-0.0625865,0.3095783,-0.6510802,-0.0979811,0.13233045,-0.5733803,-0.044904854,0.22839302,-0.71675193,-0.09840352,0.2827661,-0.8366949,-0.13228245,0.32792315,-0.9447044,-0.15645036,0.07399393,-0.5328918,-0.07588559,0.2409298,-0.5320759,-0.14012417,0.3473709,-0.5296513,-0.16124508,0.42497742,-0.54045534,-0.1740493,0.028867202,-0.43113118,-0.10753027,0.19922744,-0.36170387,-0.16664985,0.18845515,-0.24881695,-0.14575309,0.15252921,-0.1921025,-0.12401141,-0.0033291185,-0.301824,-0.14188448,0.13544531,-0.2591592,-0.18172704,0.14335176,-0.1789987,-0.16186926,0.11261875,-0.13961194,-0.14090237
P,Zaith,Right,0.0,0.0,0.0,0.14150432,-0.15324545,0.004500102,0.2243943,-0.34644443,-0.015068239,0.2774111,-0.49461424,-0.0489078,0.33465582,-0.6230321,-0.08366708,0.15920542,-0.5715973,-0.02097739,0.25114,-0.7169388,-0.072190635,0.30686384,-0.83255196,-0.103149526,0.35333592,-0.9354965,-0.12382344,0.104116544,-0.5462225,-0.056566555,0.27594876,-0.5465345,-0.11896467,0.37163576,-0.5096749,-0.13489524,0.43658817,-0.4957967,-0.14041562,0.057606947,-0.46360463,-0.09447896,0.23374087,-0.38854936,-0.15980025,0.22125639,-0.24247564,-0.13795723,0.18657222,-0.16284636,-0.11005426,0.02234821,-0.34304902,-0.13391721,0.17076403,-0.2947629,-0.17583577,0.17413437,-0.19072008,-0.15330748,0.14131379,-0.13369685,-0.12784831
P,Zaith,Right,0.0,0.0,0.0,0.1467566,-0.14687975,-0.00016801743,0.23133849,-0.3387358,-0.020552961,0.2848323,-0.4826198,-0.05324244,0.3436883,-0.6064985,-0.08631217,0.17286807,-0.5749156,-0.026819682,0.2706995,-0.7126922,-0.07878703,0.33066243,-0.82530916,-0.11073055,0.37948096,-0.92519957,-0.13283631,0.11824097,-0.5485099,-0.06040304,0.3014141,-0.51893353,-0.12291129,0.38312662,-0.4678765,-0.1395545,0.43451422,-0.46280497,-0.14663677,0.07203776,-0.4599364,-0.0962476,0.24803881,-0.35913837,-0.16041765,0.22585236,-0.23117346,-0.14049552,0.18534258,-0.18229051,-0.11616803,0.03484465,-0.33247167,-0.13409173,0.18338218,-0.2661669,-0.17634372,0.18301599,-0.1704651,-0.15575287,0.1486306,-0.13222882,-0.13284785
P,Zaith,Right,0.0,0.0,0.0,0.1296638,-0.16200835,-0.0004382772,0.20071244,-0.35584983,-0.021913966,0.238965,-0.49240008,-0.05505572,0.27889276,-0.63111377,-0.08804068,0.12716666,-0.57278454,-0.032638766,0.21017484,-0.72610587,-0.08632834,0.25555572,-0.844211,-0.12200179,0.29632068,-0.9550885,-0.14927706,0.05700668,-0.55377096,-0.06787813,0.22080825,-0.5524028,-0.14479993,0.33152208,-0.5394889,-0.17677881,0.41317314,-0.5472781,-0.19387282,0.00041413284,-0.46630508,-0.10323535,0.1681213,-0.3850284,-0.17056541,0.15394251,-0.24665229,-0.15206099,0.112254985,-0.19234127,-0.13053828,-0.042511042,-0.34573781,-0.1411632,0.09359497,-0.2881836,-0.18941864,0.10238176,-0.19281441,-0.17238055,0.070436455,-0.16416034,-0.15196127
P,Zaith,Right,0.0,0.0,0.0,0.13909094,-0.17408268,-0.009347575,0.20011082,-0.35404235,-0.048701964,0.23272909,-0.48169062,-0.09735291,0.276555,-0.62864405,-0.1459515,0.11729422,-0.5645034,-0.07546549,0.2022456,-0.7229163,-0.15167913,0.24360959,-0.8478281,-0.20156729,0.28217533,-0.95936286,-0.23903355,0.042643007,-0.53628165,-0.114207074,0.2073551,-0.5549819,-0.21787453,0.31160665,-0.53249574,-0.25758627,0.38406888,-0.54824597,-0.28029853,-0.012781223,-0.44596717,-0.15191348,0.15629256,-0.38750932,-0.23882851,0.15466891,-0.23849447,-0.21129997,0.1143929,-0.18762216,-0.18437941,-0.057444397,-0.33359277,-0.19274314,0.07595456,-0.27794,-0.25687042,0.097730875,-0.1765646,-0.2353636,0.067153506,-0.15147637,-0.2115008
P,Zaith,Right,0.0,0.0,0.0,0.1433957,-0.17642432,0.0014758775,0.20518097,-0.35182616,-0.040495727,0.2398586,-0.47374278,-0.09401871,0.28653148,-0.6213891,-0.14844427,0.12633836,-0.5575909,-0.087374695,0.21132724,-0.7160154,-0.16778246,0.25370646,-0.84358734,-0.21868593,0.29319632,-0.95605224,-0.25712672,0.050212577,-0.5216608,-0.13592999,0.21709643,-0.54357505,-0.24368082,0.32608265,-0.52419657,-0.2813419,0.40444767,-0.53899926,-0.30413365,-0.0076059913,-0.4271968,-0.1816643,0.16350166,-0.37309197,-0.26813954,0.15969677,-0.22290425,-0.23100993,0.11902527,-0.17214817,-0.19979045,-0.052844435,-0.31525877,-0.23009093,0.07908188,-0.26665625,-0.2940129,0.10103907,-0.16577172,-0.2662423,0.07082898,-0.13943963,-0.23893903
P,Zaith,Right,0.0,0.0,0.0,0.10949683,-0.17624894,-0.009995759,0.16346298,-0.36490586,-0.040543344,0.18741617,-0.50007963,-0.08055129,0.21908902,-0.64190876,-0.121038415,0.07217408,-0.5768273,-0.057757955,0.14828476,-0.735431,-0.123518676,0.18804683,-0.8579125,-0.16804487,0.22398868,-0.97459173,-0.2013278,-0.008320154,-0.54563355,-0.09145194,0.15749876,-0.54838526,-0.18246616,0.26112702,-0.5267475,-0.22012131,0.32938728,-0.5250855,-0.2396214,-0.066158235,-0.43865606,-0.124525264,0.105373,-0.3553238,-0.2005656,0.11523801,-0.22856058,-0.18482815,0.083843686,-0.17172006,-0.1648619,-0.10973871,-0.29888675,-0.16054639,0.027293611,-0.23369789,-0.21446335,0.055239845,-0.15524238,-0.1995864,0.030518135,-0.13123718,-0.1799311
P,Zaith,Right,0.0,0.0,0.0,0.08355335,-0.1603484,-0.03452392,0.121591106,-0.35501254,-0.07534981,0.14073515,-0.4986847,-0.117258474,0.17393759,-0.62357575,-0.15950982,0.020116886,-0.54771733,-0.108864084,0.0760449,-0.72760785,-0.18477006,0.11087061,-0.86258173,-0.23133683,0.14508599,-0.98941904,-0.264766,-0.06269914,-0.5070456,-0.13255472,0.07494835,-0.51357985,-0.24306002,0.18480924,-0.49228343,-0.28590313,0.26434416,-0.46890178,-0.30300313,-0.119775444,-0.39601234,-0.15579401,0.014808676,-0.29709452,-0.24558684,0.031059783,-0.19379728,-0.24725601,0.010615064,-0.13652663,-0.23752058,-0.15907969,-0.24563509,-0.18274297,-0.038216054,-0.16229786,-0.247431,-0.008338753,-0.09256362,-0.24871811,-0.025733924,-0.065339394,-0.24063265
P,Zaith,Right,0.0,0.0,0.0,0.11450076,-0.19009309,-0.003313412,0.16582699,-0.3754506,-0.03720154,0.19968693,-0.5089945,-0.082117476,0.23933983,-0.65472066,-0.1277815,0.07626884,-0.5846977,-0.054970916,0.16189815,-0.73811394,-0.1259055,0.20609888,-0.86004126,-0.17317414,0.24404721,-0.96976334,-0.20813254,0.00096971303,-0.5453577,-0.09589607,0.17909943,-0.5655837,-0.18895611,0.27578747,-0.5090978,-0.22116797,0.32692167,-0.502957,-0.23754692,-0.047864642,-0.4393743,-0.13678996,0.13415432,-0.38745987,-0.22035792,0.14062107,-0.23304856,-0.19478124,0.09589892,-0.18133476,-0.16745025,-0.084428854,-0.30732918,-0.17997122,0.059921443,-0.2712766,-0.23933141,0.08885445,-0.17565095,-0.21559213,0.054278675,-0.14805536,-0.18940131
P,Zaith,Right,0.0,0.0,0.0,0.085769966,-0.19087593,0.0031632714,0.14586991,-0.39064986,-0.022286126,0.19948734,-0.5224562,-0.058197744,0.24496523,-0.66005003,-0.09525477,0.06523317,-0.59260243,-0.043041416,0.15530702,-0.74605954,-0.09067394,0.20215766,-0.86806005,-0.12015027,0.23594557,-0.9717663,-0.14302509,0.010710132,-0.5385922,-0.07748453,0.19916786,-0.5541423,-0.13651894,0.29408452,-0.51611173,-0.15162502,0.34628358,-0.513701,-0.16116552,-0.022575166,-0.4251641,-0.11107185,0.16193417,-0.3868628,-0.15991125,0.15167852,-0.28249294,-0.1332826,0.10387408,-0.24958952,-0.1130951,-0.04197437,-0.28750893,-0.147025,0.10470491,-0.26815748,-0.18232045,0.11268211,-0.20000297,-0.1604174,0.071968876,-0.17649084,-0.14059211
P,Zaith,Right,0.0,0.0,0.0,0.1263115,-0.18484075,0.014317208,0.19272889,-0.35823444,-0.014488012,0.23861426,-0.48224258,-0.05808724,0.27592626,-0.63252354,-0.10201069,0.115630254,-0.5731229,-0.04273275,0.20539804,-0.7259683,-0.10466263,0.24962513,-0.8468605,-0.14485955,0.28820506,-0.9575687,-0.17596363,0.04570744,-0.53831667,-0.091224775,0.21909514,-0.54198486,-0.18696624,0.32838058,-0.5088732,-0.2273186,0.40329838,-0.5043117,-0.24936241,-0.004137364,-0.43424764,-0.13574557,0.17201549,-0.3696116,-0.21254328,0.16879997,-0.23201029,-0.1860018,0.12693024,-0.18059473,-0.15962613,-0.04142434,-0.3068133,-0.1814106,0.09551833,-0.25186577,-0.23702392,0.11868305,-0.16149905,-0.21341208,0.08911837,-0.1387136,-0.18750599
P,Zaith,Right,0.0,0.0,0.0,0.10315987,-0.18385264,0.0037874975,0.16119204,-0.3791366,-0.019304525,0.20051023,-0.517174,-0.05530428,0.24218018,-0.65448105,-0.091540426,0.08415184,-0.5994521,-0.03021152,0.16748933,-0.7482883,-0.08840296,0.21210738,-0.8605859,-0.12952676,0.25389692,-0.9672313,-0.16084051,0.006430935,-0.5720562,-0.070338376,0.17699571,-0.5655535,-0.15272462,0.28050488,-0.51831365,-0.18696518,0.34437957,-0.507938,-0.20479776,-0.05039567,-0.4699418,-0.10994446,0.11797179,-0.40358213,-0.1809487,0.12214348,-0.2605336,-0.16046698,0.07932112,-0.20692275,-0.13803113,-0.09738854,-0.33407798,-0.15172334,0.040867757,-0.2942576,-0.20184767,0.06813228,-0.20204529,-0.18000445,0.03568293,-0.17189427,-0.15573716
P,Zaith,Right,0.0,0.0,0.0,0.1352808,-0.17439322,0.009889283,0.21022347,-0.35870674,-0.014492503,0.25607613,-0.49090937,-0.05454227,0.3097293,-0.61455184,-0.09618818,0.14200404,-0.5976171,-0.024505055,0.2345949,-0.7267572,-0.08423057,0.28701264,-0.8424539,-0.12578325,0.33117828,-0.94356817,-0.15629508,0.071090326,-0.5745625,-0.06875391,0.24689476,-0.5570264,-0.14668424,0.35234848,-0.496686,-0.17518096,0.4196365,-0.47940397,-0.1887264,0.015963787,-0.4817889,-0.113314755,0.19541264,-0.40339231,-0.18530574,0.18792607,-0.24852723,-0.16141434,0.14422098,-0.1879512,-0.13447925,-0.028627882,-0.35402685,-0.15959191,0.118684754,-0.2923567,-0.20926525,0.1297855,-0.19054095,-0.18531397,0.0933974,-0.1586085,-0.15879487
P,Zaith,Right,0.0,0.0,0.0,0.13423115,-0.14129585,0.008788763,0.21220797,-0.31939512,-0.015458152,0.25699398,-0.45020953,-0.053526957,0.3129936,-0.55671823,-0.09336823,0.15340702,-0.5750244,-0.034933425,0.2551942,-0.71311724,-0.09205016,0.31677672,-0.8292879,-0.12947263,0.3644608,-0.93121874,-0.15714163,0.09286786,-0.55431765,-0.075876154,0.27573994,-0.55250716,-0.14377213,0.37935346,-0.5021522,-0.16373427,0.44604567,-0.5035319,-0.17482881,0.047501512,-0.46426377,-0.11664472,0.22906925,-0.37565416,-0.17744583,0.2144356,-0.24046998,-0.14952382,0.16664714,-0.20024817,-0.12430405,0.013648075,-0.33789873,-0.15929838,0.16343579,-0.27092367,-0.20007849,0.16638532,-0.17406642,-0.1728453,0.125771,-0.15109672,-0.14729466
P,Zaith,Right,0.0,0.0,0.0,0.15297629,-0.13477696,0.029017214,0.23871507,-0.2996272,0.013807922,0.28925124,-0.43669024,-0.020001873,0.33822972,-0.5685599,-0.05385195,0.18982336,-0.5467231,-0.014126583,0.28819346,-0.7018893,-0.06721635,0.3503095,-0.8166137,-0.1003761,0.40039086,-0.91634446,-0.12482223,0.14495383,-0.5284251,-0.06536537,0.3345413,-0.5213907,-0.1407172,0.44968572,-0.4780229,-0.16343094,0.5341143,-0.46456587,-0.17256165,0.10872502,-0.44738916,-0.11518706,0.29936334,-0.342118,-0.17855671,0.2689182,-0.20943373,-0.14773044,0.2188147,-0.15738174,-0.11693459,0.08380679,-0.32146794,-0.16603094,0.24621397,-0.23200722,-0.204649,0.22692607,-0.1403336,-0.17566772,0.17622937,-0.111679375,-0.14738722
P,Zaith,Right,0.0,0.0,0.0,0.14951627,-0.13856804,0.01964318,0.23611702,-0.30743444,0.007549045,0.29339713,-0.43149891,-0.020565825,0.35063073,-0.5267798,-0.047466855,0.18964614,-0.5792238,0.0014801045,0.29901186,-0.71609336,-0.034657042,0.361795,-0.8158381,-0.058428105,0.41232648,-0.91103613,-0.07786869,0.16324805,-0.54256284,-0.038274918,0.35073942,-0.5219021,-0.08796298,0.45711058,-0.47673607,-0.10411866,0.5372719,-0.4574084,-0.11371565,0.14070778,-0.44776648,-0.078795,0.3186806,-0.321944,-0.1242878,0.27816075,-0.22239687,-0.10582839,0.2280048,-0.19860294,-0.088053815,0.1278418,-0.3167132,-0.120718166,0.28126097,-0.21612878,-0.1483013,0.25465935,-0.13926508,-0.1291481,0.20774071,-0.12389481,-0.111965746
P,Zaith,Right,0.0,0.0,0.0,0.13445641,-0.14088848,0.029951766,0.22229849,-0.3087219,0.024486559,0.283876,-0.42563567,0.003157111,0.34583127,-0.50211996,-0.01659202,0.19069405,-0.5903299,0.013549567,0.3066092,-0.71878046,-0.0076277372,0.3641535,-0.81434286,-0.021431865,0.410901,-0.91168,-0.036057364,0.1737974,-0.5667662,-0.02761753,0.36598402,-0.5435269,-0.06565186,0.4739593,-0.48678857,-0.07685205,0.551696,-0.45087042,-0.08329966,0.1620978,-0.47792923,-0.06756638,0.3384508,-0.3460253,-0.09888629,0.29835394,-0.23248135,-0.077805415,0.2487953,-0.19597438,-0.060462926,0.16100183,-0.34893507,-0.108184345,0.30622554,-0.25030816,-0.124120526,0.27575088,-0.16076168,-0.101917826,0.23011054,-0.13190268,-0.08403862
P,Zaith,Left,0.0,0.0,0.0,-0.11490619,-0.17513926,-0.0016686753,-0.20777576,-0.35072252,-0.028822675,-0.28442785,-0.46666238,-0.06191514,-0.3486538,-0.60182184,-0.099662006,-0.16734114,-0.556442,-0.072153345,-0.28492638,-0.7004872,-0.12634632,-0.34052396,-0.81438375,-0.16082162,-0.39028963,-0.92069215,-0.18727922,-0.12460261,-0.48144767,-0.10393638,-0.3135785,-0.4242694,-0.17231488,-0.42565048,-0.3418418,-0.1935461,-0.5112868,-0.27958837,-0.20619676,-0.093183175,-0.34827402,-0.13304557,-0.26676044,-0.21751721,-0.18485458,-0.22629972,-0.16220136,-0.15982583,-0.17122373,-0.17011532,-0.13862118,-0.07347283,-0.20193125,-0.16258548,-0.2164111,-0.1122725,-0.19660717,-0.1857504,-0.080696434,-0.17225716,-0.13092308,-0.108908474,-0.14913097
P,Zaith,Left,0.0,0.0,0.0,-0.113000244,-0.18161629,0.0058325734,-0.2472002,-0.31960905,-0.020010969,-0.35930577,-0.39978263,-0.05243952,-0.43886372,-0.5068073,-0.08956107,-0.23113412,-0.53271914,-0.073385574,-0.37977716,-0.6481528,-0.12684257,-0.46032006,-0.7500112,-0.15680857,-0.5272395,-0.8497167,-0.17885862,-0.1971207,-0.43639976,-0.11053114,-0.40868688,-0.3297182,-0.1683741,-0.51929396,-0.23948824,-0.18305832,-0.59736365,-0.18382165,-0.19508076,-0.16186441,-0.2801088,-0.14403589,-0.3493828,-0.1356518,-0.19638738,-0.3186397,-0.078431875,-0.17090045,-0.2698171,-0.07860793,-0.14841765,-0.13171916,-0.11105462,-0.1769389,-0.28548762,-0.017500363,-0.21526773,-0.26951227,0.025440533,-0.19250122,-0.22927323,0.020123547,-0.16930938
P,Zaith,Left,0.0,0.0,0.0,-0.102026515,-0.19913025,-0.001705559,-0.20668922,-0.3797652,-0.029052826,-0.2988778,-0.48204428,-0.06188358,-0.37342405,-0.5890479,-0.10096428,-0.18337725,-0.5522323,-0.077732034,-0.31490532,-0.6849703,-0.12765619,-0.3768456,-0.79765636,-0.15957572,-0.43175194,-0.9019924,-0.18531659,-0.14002143,-0.46416357,-0.10935713,-0.33463827,-0.37528032,-0.17308432,-0.44389743,-0.28430948,-0.19306335,-0.52507156,-0.21675314,-0.20792209,-0.10691795,-0.31708574,-0.13767205,-0.28791827,-0.18391827,-0.19130899,-0.25391883,-0.14011754,-0.17404833,-0.20411259,-0.14316538,-0.15934329,-0.08564555,-0.16155173,-0.16533937,-0.23847784,-0.082824565,-0.20640893,-0.20462176,-0.065135986,-0.18905155,-0.14600259,-0.09163349,-0.17078288
P,Zaith,Left,0.0,0.0,0.0,-0.11769577,-0.17522746,-0.0012622351,-0.21536015,-0.34473893,-0.03016656,-0.29619768,-0.46047258,-0.065278985,-0.3672012,-0.58722717,-0.10519111,-0.17794481,-0.56230295,-0.06956524,-0.30652887,-0.69468427,-0.122483306,-0.37074786,-0.8022078,-0.15739304,-0.42921785,-0.903201,-0.18481548,-0.13411711,-0.48827752,-0.10204627,-0.31707156,-0.402576,-0.1708376,-0.42395118,-0.29613438,-0.19123302,-0.5048278,-0.21593773,-0.2036834,-0.10321112,-0.3542222,-0.13208929,-0.27106512,-0.20674777,-0.18356314,-0.23304287,-0.14794445,-0.1586513,-0.18218048,-0.15551566,-0.13877818,-0.08547886,-0.20707613,-0.16256349,-0.22892043,-0.10858988,-0.19671369,-0.19822258,-0.07368998,-0.17247675,-0.14415765,-0.101713926,-0.14991185
P,Zaith,Left,0.0,0.0,0.0,-0.12532435,-0.17281277,0.0072398735,-0.22126712,-0.35042024,-0.018761095,-0.30215245,-0.4624614,-0.05171711,-0.37752792,-0.54391,-0.09170992,-0.18904705,-0.5508331,-0.07923286,-0.32310146,-0.6855116,-0.1326356,-0.38534763,-0.79303974,-0.16804338,-0.44279346,-0.8966236,-0.19553088,-0.13902615,-0.48317808,-0.1157938,-0.32505232,-0.40539378,-0.18352558,-0.43178838,-0.2929005,-0.20417574,-0.50939286,-0.20459628,-0.21772105,-0.10348066,-0.35422188,-0.14743422,-0.27605954,-0.21962677,-0.19981813,-0.25358185,-0.15960795,-0.1782876,-0.21012191,-0.15750317,-0.16050956,-0.0854733,-0.20489705,-0.17805341,-0.24244769,-0.13796307,-0.21485308,-0.21874335,-0.094700344,-0.1902864,-0.16323662,-0.1012809,-0.16672692
P,Zaith,Left,0.0,0.0,0.0,-0.10287056,-0.18629068,0.0101461895,-0.20530051,-0.35123876,-0.014659079,-0.2976175,-0.43008757,-0.048198465,-0.37634525,-0.4805459,-0.0870363,-0.19650443,-0.55398023,-0.05587546,-0.33449075,-0.68084943,-0.10613825,-0.3997702,-0.78860533,-0.13957655,-0.45760137,-0.8891575,-0.1653554,-0.16460863,-0.4826898,-0.09266246,-0.34748277,-0.3944992,-0.15546133,-0.43522778,-0.30688444,-0.17529628,-0.49778837,-0.25457653,-0.18800904,-0.13784693,-0.35556108,-0.12635903,-0.30518752,-0.21171843,-0.17675695,-0.25903964,-0.16563879,-0.15860929,-0.2008141,-0.18322371,-0.14221686,-0.11843435,-0.21388878,-0.15908116,-0.26539823,-0.13384727,-0.19232363,-0.22952275,-0.097143814,-0.17005768,-0.1726961,-0.11371838,-0.14849572
P,Zaith,Left,0.0,0.0,0.0,-0.121224105,-0.18088193,0.011582075,-0.22712255,-0.36004743,-0.008549926,-0.30986285,-0.4710592,-0.038075864,-0.3882782,-0.55587304,-0.07300838,-0.21352722,-0.569477,-0.04592263,-0.3386474,-0.6905913,-0.088101834,-0.40305322,-0.7955068,-0.11625732,-0.46144426,-0.8871692,-0.1400787,-0.16689391,-0.4991881,-0.08490739,-0.34299508,-0.38968813,-0.14724307,-0.4284057,-0.26732233,-0.16663207,-0.4867335,-0.17651342,-0.1777239,-0.12670779,-0.36616987,-0.12097815,-0.2916056,-0.21440767,-0.17009507,-0.24765423,-0.17072935,-0.15015881,-0.19221346,-0.18665957,-0.13335702,-0.09613877,-0.21889344,-0.1560118,-0.24605682,-0.13155504,-0.18875732,-0.21427085,-0.098556116,-0.1653335,-0.15874778,-0.121734194,-0.14323486
P,Zaith,Left,0.0,0.0,0.0,-0.13250975,-0.16505784,0.008268409,-0.22983442,-0.3404912,-0.0133076925,-0.30102783,-0.46721053,-0.04313345,-0.37444264,-0.5676586,-0.07808479,-0.19599496,-0.567418,-0.052262306,-0.32375225,-0.69051903,-0.10057656,-0.39153486,-0.7965066,-0.13458599,-0.45055753,-0.8927474,-0.16229902,-0.14447649,-0.50589395,-0.09085046,-0.3214724,-0.40684575,-0.16111892,-0.41211385,-0.26508033,-0.18268453,-0.46987495,-0.15624805,-0.19292994,-0.10340064,-0.38125134,-0.12676753,-0.2770406,-0.23316385,-0.17849559,-0.24142824,-0.1674511,-0.15457782,-0.18679023,-0.17177515,-0.13453364,-0.07441678,-0.23820665,-0.16261959,-0.23194222,-0.14356256,-0.19586669,-0.20675993,-0.09719429,-0.16990957,-0.15027688,-0.11888816,-0.14574614
P,Zaith,Left,0.0,0.0,0.0,-0.13764817,-0.1501154,0.0116576925,-0.23278548,-0.31352696,-0.011651947,-0.30257356,-0.4277604,-0.044487696,-0.37148035,-0.5425417,-0.08323678,-0.20078161,-0.5490071,-0.058598522,-0.31910694,-0.68609524,-0.111795716,-0.38468477,-0.79638916,-0.14879362,-0.4439007,-0.89607596,-0.17868578,-0.14555238,-0.4932916,-0.09963411,-0.3231991,-0.38790306,-0.17052418,-0.41215876,-0.24814206,-0.18978614,-0.47211632,-0.13679262,-0.19940102,-0.09929745,-0.36899897,-0.13765855,-0.26884001,-0.20896952,-0.18447436,-0.23073854,-0.15359613,-0.15389183,-0.17849688,-0.16825832,-0.13171323,-0.06530465,-0.22420491,-0.175999,-0.2149285,-0.11497608,-0.20626883,-0.19113961,-0.07803127,-0.17776757,-0.13868982,-0.11025085,-0.15267818
P,Zaith,Left,0.0,0.0,0.0,-0.12284523,-0.1679248,-0.012709684,-0.20192936,-0.3392217,-0.041243944,-0.2581512,-0.45489818,-0.07387564,-0.32041356,-0.57743394,-0.1121332,-0.16173509,-0.56447935,-0.08094117,-0.26289895,-0.6980095,-0.14033993,-0.31974602,-0.8182934,-0.18259732,-0.37395665,-0.9274462,-0.21642181,-0.09878261,-0.50687563,-0.110358804,-0.26625532,-0.39389366,-0.19019215,-0.36621776,-0.27347565,-0.21371147,-0.44019386,-0.18546364,-0.22480698,-0.048390266,-0.3745085,-0.13889766,-0.21824771,-0.20937937,-0.19721098,-0.192242,-0.14999996,-0.1710405,-0.14598297,-0.15519907,-0.14882028,-0.012101583,-0.22234361,-0.1697644,-0.16150138,-0.10660735,-0.21145125,-0.1483707,-0.071390934,-0.1886299,-0.09882314,-0.097853154,-0.16572128
P,Zaith,Left,0.0,0.0,0.0,-0.11920269,-0.18795848,-0.0047216574,-0.18915613,-0.3624845,-0.03783677,-0.24571165,-0.47276697,-0.07478371,-0.3083047,-0.59337515,-0.1176524,-0.14138876,-0.5791024,-0.09753379,-0.24613847,-0.70821565,-0.16047837,-0.30207896,-0.82466936,-0.20810935,-0.34998456,-0.9367555,-0.2463511,-0.080454536,-0.4976163,-0.13017774,-0.2532101,-0.4277413,-0.20738986,-0.35856646,-0.32641417,-0.2285515,-0.43156686,-0.24268039,-0.24121225,-0.039644044,-0.35095692,-0.15974753,-0.21982859,-0.23376797,-0.20523512,-0.20685603,-0.17720552,-0.16899158,-0.15825818,-0.16815475,-0.14545858,-0.017109005,-0.19449449,-0.19201784,-0.17612506,-0.11629287,-0.2249253,-0.16835092,-0.08519148,-0.19878057,-0.114040725,-0.10945243,-0.17660236
P,Zaith,Left,0.0,0.0,0.0,-0.12996267,-0.18845798,-0.0013847267,-0.2175928,-0.35701427,-0.041606747,-0.3042012,-0.45278376,-0.085425325,-0.3855049,-0.5679756,-0.13308547,-0.18925115,-0.5695598,-0.12928505,-0.32685077,-0.67887336,-0.20521383,-0.39509198,-0.78384346,-0.25765812,-0.45544282,-0.89026505,-0.29924285,-0.12156293,-0.4894211,-0.1648938,-0.31859678,-0.4392409,-0.25640997,-0.45505205,-0.41718128,-0.2886382,-0.5608486,-0.40927178,-0.31462166,-0.072503395,-0.34684774,-0.19378626,-0.2671354,-0.21071462,-0.23869103,-0.24554585,-0.15532564,-0.18917046,-0.19017892,-0.1652095,-0.15907136,-0.040329464,-0.20174666,-0.22613895,-0.20692557,-0.10393042,-0.25354806,-0.19434541,-0.06462126,-0.21836345,-0.13870181,-0.08936465,-0.19135548
P,Zaith,Left,0.0,0.0,0.0,-0.12709077,-0.18721883,-0.012594819,-0.21249823,-0.36314893,-0.048657227,-0.28326255,-0.46324193,-0.08623553,-0.35577628,-0.56984985,-0.12942624,-0.17733951,-0.5718167,-0.11786808,-0.29852402,-0.69671404,-0.18374825,-0.36685985,-0.79592025,-0.22877301,-0.42985028,-0.90290016,-0.26574692,-0.109627694,-0.50240374,-0.14568602,-0.30216575,-0.43761832,-0.22249788,-0.42641315,-0.38066766,-0.24644437,-0.52444845,-0.36186543,-0.2669172,-0.05816319,-0.36164698,-0.16962942,-0.24532543,-0.21647115,-0.21942922,-0.21960811,-0.1682726,-0.18777092,-0.16115184,-0.18079159,-0.16876638,-0.02578125,-0.21088783,-0.19622982,-0.18567288,-0.115245946,-0.23307493,-0.17460844,-0.081531644,-0.21033983,-0.1202803,-0.107639655,-0.19246875
P,Zaith,Left,0.0,0.0,0.0,-0.12194611,-0.20756562,0.009708948,-0.1944573,-0.37743744,-0.041944236,-0.27075404,-0.46561956,-0.099284455,-0.34822643,-0.58678406,-0.16165031,-0.1672507,-0.56883436,-0.15544611,-0.29293823,-0.6897527,-0.23852639,-0.3619206,-0.79617786,-0.29315,-0.42259964,-0.90631646,-0.33727145,-0.09673347,-0.48160556,-0.19574066,-0.29439464,-0.4461262,-0.29974598,-0.42355558,-0.41025692,-0.32832682,-0.51966614,-0.39505452,-0.3518806,-0.048991237,-0.3287486,-0.22528154,-0.2364749,-0.23325484,-0.26578397,-0.2258604,-0.16949396,-0.19717267,-0.17108344,-0.15864104,-0.15764973,-0.019513674,-0.18900573,-0.25787628,-0.17557931,-0.111279376,-0.27687868,-0.17184915,-0.0684676,-0.23284532,-0.11845133,-0.082382865,-0.20247215
P,Zaith,Left,0.0,0.0,0.0,-0.14532222,-0.16023724,0.027357081,-0.2335766,-0.32963544,-0.0012815435,-0.30409616,-0.44502315,-0.041241348,-0.37869295,-0.55421174,-0.086643055,-0.1864971,-0.5568037,-0.085590675,-0.31691387,-0.6787303,-0.15667978,-0.39146364,-0.7864076,-0.20655827,-0.4528184,-0.89160275,-0.24432819,-0.13204741,-0.48943338,-0.13822328,-0.32066378,-0.44457436,-0.20818123,-0.42888287,-0.37076408,-0.22115897,-0.5034134,-0.3353444,-0.23303273,-0.091139056,-0.3667691,-0.18662898,-0.28094316,-0.25039276,-0.22642526,-0.26658234,-0.17937891,-0.17959377,-0.21509278,-0.16914837,-0.1501419,-0.06596202,-0.22786658,-0.23633118,-0.227511,-0.16178608,-0.26328126,-0.2318033,-0.11182395,-0.23112409,-0.18974277,-0.116111904,-0.20565562
P,Zaith,Left,0.0,0.0,0.0,-0.13009465,-0.18027116,0.010639121,-0.21109958,-0.36074132,-0.015773818,-0.27457833,-0.4833849,-0.050068337,-0.34045738,-0.59549505,-0.089135274,-0.16434965,-0.5688994,-0.08124422,-0.28862217,-0.69921094,-0.14126763,-0.3521789,-0.8067057,-0.18231009,-0.40980253,-0.9121743,-0.21448474,-0.11060973,-0.49893063,-0.122414865,-0.29370368,-0.4673878,-0.19144218,-0.41271022,-0.43913832,-0.21213827,-0.5036749,-0.4263681,-0.22879745,-0.07158551,-0.37141818,-0.15991299,-0.26163504,-0.26066485,-0.20284463,-0.23744982,-0.20025355,-0.16846798,-0.18479697,-0.19367409,-0.14561279,-0.04718318,-0.23016143,-0.19904773,-0.21097013,-0.16380845,-0.22835748,-0.20276807,-0.12634458,-0.2021876,-0.15396401,-0.1378901,-0.18037896
P,Zaith,Left,0.0,0.0,0.0,-0.12252748,-0.20853417,0.022625804,-0.19344339,-0.3736274,-0.022973899,-0.2619089,-0.4748258,-0.07845274,-0.33513004,-0.5970821,-0.13859814,-0.14771365,-0.57123345,-0.13425142,-0.27292472,-0.6996942,-0.213116,-0.33532625,-0.812667,-0.26190174,-0.393826,-0.919185,-0.30057964,-0.08980029,-0.4772021,-0.18616925,-0.28226933,-0.46566302,-0.2900049,-0.41575617,-0.44544816,-0.31432137,-0.5178747,-0.4264414,-0.3317087,-0.0524558,-0.3301372,-0.22820929,-0.24111094,-0.25402108,-0.27098945,-0.2200821,-0.20042767,-0.19977279,-0.16426802,-0.19285032,-0.1553423,-0.028917275,-0.1903727,-0.27277753,-0.18793194,-0.14233837,-0.29277053,-0.17792074,-0.10508975,-0.24435541,-0.12272256,-0.113269,-0.20839761
P,Zaith,Left,0.0,0.0,0.0,-0.13220693,-0.18653262,0.009743568,-0.20402683,-0.36701077,-0.021418896,-0.26767102,-0.48107252,-0.060232956,-0.33516052,-0.60715765,-0.10389283,-0.16420141,-0.5793207,-0.09416745,-0.27741832,-0.7031354,-0.15816107,-0.33361074,-0.81292427,-0.20257364,-0.38465604,-0.92306,-0.23742549,-0.10248401,-0.51059306,-0.13330862,-0.28639334,-0.46823817,-0.2099622,-0.4099878,-0.44989964,-0.23109499,-0.50697917,-0.44715557,-0.24797161,-0.058643535,-0.37851065,-0.16762167,-0.24554156,-0.28010225,-0.2073579,-0.22917272,-0.21932901,-0.160894,-0.17852625,-0.20538545,-0.13168047,-0.033616263,-0.2374358,-0.20467262,-0.19590856,-0.17476676,-0.22943716,-0.19599234,-0.1391176,-0.1976476,-0.14867748,-0.14811938,-0.17265132
P,Zaith,Left,0.0,0.0,0.0,-0.13174753,-0.18772529,0.014087207,-0.2045251,-0.36080295,-0.024556592,-0.264348,-0.47010294,-0.07161193,-0.3337049,-0.59388655,-0.124337874,-0.1586943,-0.5761815,-0.11731875,-0.27608758,-0.70133626,-0.19275819,-0.34001115,-0.80762947,-0.24537456,-0.3999442,-0.9165395,-0.28539458,-0.09838006,-0.49773425,-0.16477618,-0.27923152,-0.46533144,-0.25211626,-0.41312376,-0.43267426,-0.27730542,-0.51689726,-0.41265348,-0.29753605,-0.054280322,-0.36133215,-0.2057592,-0.23805435,-0.26769692,-0.25537923,-0.22981577,-0.19830516,-0.20811656,-0.1792085,-0.1713082,-0.17722878,-0.029776657,-0.21995561,-0.24875066,-0.1877597,-0.16076195,-0.28018716,-0.194666,-0.11456027,-0.24733543,-0.1471453,-0.11320477,-0.22093377
P,Zaith,Left,0.0,0.0,0.0,-0.12280024,-0.19262867,0.017618537,-0.19960766,-0.36326736,-0.019565305,-0.26956382,-0.46596205,-0.06512973,-0.34542277,-0.5789429,-0.11651774,-0.15868711,-0.5700117,-0.11324262,-0.28151128,-0.6976497,-0.18642989,-0.34545326,-0.8068035,-0.23810638,-0.40527105,-0.91419655,-0.278637,-0.101416446,-0.48675752,-0.15858175,-0.29633257,-0.462868,-0.24132572,-0.42466903,-0.43023095,-0.26365063,-0.5242977,-0.4099334,-0.28277984,-0.061055023,-0.34536237,-0.19687846,-0.2520135,-0.26146695,-0.23552407,-0.23210414,-0.20623961,-0.18340375,-0.17640205,-0.1957015,-0.15244585,-0.03658941,-0.20471235,-0.23705557,-0.19620427,-0.15290959,-0.2615026,-0.19082138,-0.11583245,-0.2261589,-0.13824175,-0.12743197,-0.1996486
P,Zaith,Left,0.0,0.0,0.0,-0.12291361,-0.20926973,0.030806357,-0.18757792,-0.37345996,-0.021229174,-0.25052342,-0.4812701,-0.08849839,-0.32618743,-0.6040264,-0.15977915,-0.14257823,-0.56721526,-0.13196783,-0.26069003,-0.69457483,-0.2221953,-0.31940606,-0.8208092,-0.27576682,-0.37393662,-0.92745423,-0.3163848,-0.08549455,-0.4794214,-0.19470982,-0.2640469,-0.47655326,-0.30826128,-0.38121542,-0.44850132,-0.32531428,-0.47000372,-0.43963763,-0.33406577,-0.0431442,-0.345187,-0.24900809,-0.21402146,-0.2814619,-0.29442537,-0.19665222,-0.21394722,-0.20405293,-0.14627877,-0.1977581,-0.14524473,-0.008711225,-0.21616347,-0.30728456,-0.15381312,-0.16886052,-0.32802832,-0.146201,-0.12108621,-0.27083054,-0.094998404,-0.1197633,-0.22714435
P,Zaith,Left,0.0,0.0,0.0,-0.13032864,-0.21112436,0.049771994,-0.1887602,-0.3707796,-0.0022798458,-0.24504603,-0.47675815,-0.073640466,-0.31485158,-0.60686964,-0.15058516,-0.13956852,-0.5637278,-0.12341943,-0.2520724,-0.6963705,-0.21529603,-0.3100572,-0.8271258,-0.27002838,-0.35969976,-0.9330681,-0.30923766,-0.08584607,-0.47328952,-0.19496402,-0.255082,-0.4836655,-0.3055474,-0.37493092,-0.45342642,-0.31607756,-0.4667298,-0.4481354,-0.31893474,-0.04425235,-0.3444236,-0.25667414,-0.2117844,-0.29863915,-0.29584324,-0.19906227,-0.22126271,-0.19860141,-0.15085024,-0.19368313,-0.13525942,-0.012487914,-0.2217778,-0.3212003,-0.15413429,-0.18717007,-0.33104712,-0.1549798,-0.12920143,-0.265684,-0.1078075,-0.113669015,-0.21703973
P,Zaith,Left,0.0,0.0,0.0,-0.12487523,-0.1645688,0.0043793805,-0.20359358,-0.35143384,-0.02013812,-0.26098654,-0.48444998,-0.05352761,-0.32491624,-0.6031952,-0.09055079,-0.14514971,-0.5624481,-0.069358975,-0.2624961,-0.706915,-0.12983072,-0.32253763,-0.8173342,-0.17119268,-0.3777066,-0.9259253,-0.20285769,-0.09649213,-0.5137593,-0.11224773,-0.2653095,-0.5049053,-0.18925557,-0.37909138,-0.4735208,-0.2155957,-0.46723682,-0.46016338,-0.2320953,-0.057530224,-0.40896833,-0.15409406,-0.21433844,-0.3462424,-0.21821655,-0.20689127,-0.26035064,-0.19750807,-0.17202146,-0.21306291,-0.1770595,-0.030847447,-0.28259858,-0.1975408,-0.16930425,-0.2563805,-0.24669154,-0.1762891,-0.1879545,-0.23103727,-0.14338468,-0.14877135,-0.21236862
P,Zaith,Left,0.0,0.0,0.0,-0.11929949,-0.17645769,0.0020333608,-0.19748747,-0.36905572,-0.016445648,-0.262773,-0.49059543,-0.04310757,-0.32984695,-0.5992232,-0.07329683,-0.16029936,-0.5744321,-0.047399282,-0.27284494,-0.7118838,-0.09734512,-0.33048174,-0.8195044,-0.12987788,-0.38077757,-0.92466664,-0.1550899,-0.11200686,-0.5219715,-0.08230733,-0.29009473,-0.48893526,-0.14524794,-0.39619833,-0.4403881,-0.16607927,-0.47655782,-0.42549413,-0.1789128,-0.07225613,-0.41093126,-0.11684805,-0.23903438,-0.29566103,-0.16996203,-0.2100461,-0.21540436,-0.14937036,-0.16101114,-0.20358697,-0.13030508,-0.042673122,-0.27950364,-0.15275192,-0.19067919,-0.20383868,-0.19091572,-0.17675628,-0.14125653,-0.17140959,-0.13155161,-0.13524058,-0.15121463
P,Zaith,Left,0.0,0.0,0.0,-0.10807484,-0.20419148,-0.005460352,-0.17835146,-0.3841846,-0.03629188,-0.25162846,-0.4823569,-0.07046118,-0.31852722,-0.6034485,-0.110144526,-0.13641378,-0.5702999,-0.10135676,-0.24987794,-0.7089171,-0.16399163,-0.30752426,-0.819494,-0.2078683,-0.35656515,-0.93427044,-0.24206515,-0.084767304,-0.48762187,-0.12897071,-0.27208516,-0.45571628,-0.1976042,-0.38653925,-0.42750537,-0.21663985,-0.47532693,-0.4205044,-0.23292351,-0.048049293,-0.34665555,-0.1529419,-0.23135675,-0.25385043,-0.19508663,-0.20802145,-0.20692499,-0.15845129,-0.15695322,-0.19806397,-0.13541499,-0.02731779,-0.19998056,-0.17948541,-0.18260258,-0.13936806,-0.21105343,-0.17258914,-0.11014866,-0.18547498,-0.12279472,-0.12489466,-0.16422017
P,Zaith,Left,0.0,0.0,0.0,-0.10465192,-0.21645387,-0.0060506505,-0.17554635,-0.3913891,-0.05191648,-0.25048152,-0.4876127,-0.10057568,-0.31635806,-0.6202543,-0.15477864,-0.12935995,-0.582546,-0.13892068,-0.2403173,-0.7155542,-0.2114619,-0.3056747,-0.82457185,-0.26087475,-0.36174798,-0.9322759,-0.30055577,-0.076831356,-0.48444957,-0.1699867,-0.26878655,-0.46207312,-0.24871127,-0.39472052,-0.4391311,-0.268744,-0.48914692,-0.43019277,-0.28832608,-0.043294948,-0.32539672,-0.19489017,-0.2276008,-0.24811,-0.23150213,-0.2088657,-0.20991652,-0.17934361,-0.15308656,-0.2036458,-0.1510862,-0.026353389,-0.17027165,-0.22351581,-0.17425004,-0.10810138,-0.2500235,-0.1633992,-0.087356485,-0.21919093,-0.10882154,-0.1075298,-0.19726467
P,Zaith,Left,0.0,0.0,0.0,-0.1052048,-0.1941764,-0.022459693,-0.17516503,-0.37051132,-0.064802326,-0.23236564,-0.4844022,-0.11004648,-0.2881325,-0.6282431,-0.1601008,-0.097143844,-0.58148223,-0.11438862,-0.19815046,-0.7160504,-0.19406421,-0.2571572,-0.8363029,-0.24874538,-0.31142873,-0.9502695,-0.28880063,-0.043279238,-0.5092469,-0.14546509,-0.22204177,-0.48303518,-0.22926214,-0.3425129,-0.4520939,-0.2478514,-0.43337002,-0.44302773,-0.25821126,-0.0064956653,-0.37207633,-0.1782233,-0.17552684,-0.28551167,-0.24066538,-0.17082676,-0.22703227,-0.20744087,-0.13506036,-0.20988956,-0.18079515,0.015691945,-0.21635081,-0.2157462,-0.12642317,-0.15801628,-0.26731795,-0.13768467,-0.12463868,-0.24981277,-0.10839748,-0.12446065,-0.22967586
P,Zaith,Left,0.0,0.0,0.0,-0.120646246,-0.22764568,0.04374094,-0.18549874,-0.38829604,-0.0072295316,-0.25197706,-0.47677875,-0.07124712,-0.3273869,-0.6108449,-0.14033267,-0.1348793,-0.5783855,-0.1508745,-0.2531939,-0.70209116,-0.24233384,-0.31852317,-0.81951445,-0.30047053,-0.37554744,-0.9268032,-0.34410983,-0.08467449,-0.4714673,-0.21532309,-0.25960866,-0.46932444,-0.31862763,-0.39153197,-0.44930857,-0.33158374,-0.49271253,-0.4377437,-0.34293985,-0.049636588,-0.32385015,-0.26767346,-0.22178434,-0.2816657,-0.3011144,-0.21345729,-0.21675096,-0.20867734,-0.16315721,-0.18615204,-0.15377155,-0.02457658,-0.18759301,-0.32241145,-0.16399333,-0.15335064,-0.33426362,-0.16720381,-0.110698156,-0.27512094,-0.12048132,-0.10888254,-0.2329831
P,Zaith,Left,0.0,0.0,0.0,-0.12169337,-0.20884715,0.043624785,-0.20139955,-0.37934634,0.0044607664,-0.27903453,-0.47456747,-0.046982042,-0.3574662,-0.59825736,-0.1050311,-0.16736674,-0.57528526,-0.118824385,-0.29732627,-0.6948133,-0.18911827,-0.36547273,-0.80111384,-0.23684123,-0.42720452,-0.904155,-0.27532202,-0.11170841,-0.4817194,-0.17557357,-0.30800384,-0.4558442,-0.2525643,-0.43709484,-0.4177534,-0.26776618,-0.5353662,-0.3906045,-0.2859377,-0.074155,-0.3349861,-0.22043636,-0.2669456,-0.25864184,-0.23985988,-0.24325219,-0.20061389,-0.17050286,-0.18694045,-0.18688488,-0.1352422,-0.051787045,-0.19860098,-0.2658535,-0.20563027,-0.13980131,-0.2712774,-0.19505927,-0.10396598,-0.22462137,-0.14291537,-0.118544266,-0.19468127
P,Zaith,Left,0.0,0.0,0.0,-0.124419816,-0.20717613,0.02884547,-0.19898799,-0.37605262,-0.008138672,-0.27173972,-0.4743529,-0.05705599,-0.3476972,-0.5886459,-0.11124592,-0.15776835,-0.58385426,-0.10280511,-0.28167698,-0.69984305,-0.1763465,-0.34788758,-0.80916363,-0.2269372,-0.40949583,-0.912312,-0.26659092,-0.105960794,-0.5021906,-0.155414,-0.2920143,-0.46629855,-0.23854727,-0.4162612,-0.43668488,-0.25651366,-0.51250756,-0.4182257,-0.2720889,-0.07116622,-0.3653719,-0.2008319,-0.25509918,-0.2807075,-0.23421302,-0.22997048,-0.22976644,-0.16978692,-0.17614026,-0.21921721,-0.1319926,-0.04988465,-0.22841814,-0.24871188,-0.20211567,-0.17253208,-0.26833126,-0.19449791,-0.140387,-0.2269694,-0.14672814,-0.15366018,-0.19653754
P,Zaith,Left,0.0,0.0,0.0,-0.12138507,-0.21387577,0.062607445,-0.1839914,-0.3767914,0.014365078,-0.25261375,-0.48104575,-0.05369679,-0.33328238,-0.61807704,-0.12871912,-0.14654103,-0.5681977,-0.12120214,-0.27140996,-0.697522,-0.19780363,-0.33473355,-0.8131418,-0.2389587,-0.3915848,-0.920142,-0.2707554,-0.092375405,-0.478683,-0.1943703,-0.28032297,-0.47416702,-0.28249553,-0.40183923,-0.44284865,-0.27977833,-0.4958376,-0.43125814,-0.27907047,-0.056581445,-0.33713776,-0.25537354,-0.23990369,-0.2734614,-0.2715895,-0.21932893,-0.20561801,-0.16991086,-0.1638349,-0.19156839,-0.11130096,-0.03393766,-0.20980676,-0.3179291,-0.18689299,-0.1600212,-0.31582347,-0.18455306,-0.10719267,-0.25153655,-0.13212752,-0.10492758,-0.20773295
P,Zaith,Left,0.0,0.0,0.0,-0.08619647,-0.20948528,0.00331481,-0.21871649,-0.3787142,-0.011257359,-0.34409374,-0.44668326,-0.030164024,-0.4391718,-0.521047,-0.051039655,-0.25960714,-0.55317765,-0.04109027,-0.42107216,-0.6467788,-0.07591395,-0.50432557,-0.73273057,-0.0962214,-0.5725591,-0.81986344,-0.11115361,-0.25272772,-0.46631292,-0.06345885,-0.457777,-0.3637062,-0.10186947,-0.5705191,-0.29512322,-0.11616053,-0.65853673,-0.25662875,-0.12879819,-0.24041449,-0.3295446,-0.08269947,-0.40095899,-0.17750753,-0.11622318,-0.34635815,-0.12766637,-0.09773687,-0.2912259,-0.13280903,-0.08252928,-0.22923575,-0.17492102,-0.10195624,-0.351904,-0.079651035,-0.12477421,-0.3065984,-0.035472315,-0.10481765,-0.25798395,-0.040894717,-0.08559874
P,Zaith,Left,0.0,0.0,0.0,-0.07145828,-0.18888868,-0.024031574,-0.18667288,-0.36415848,-0.041031945,-0.30376604,-0.44702667,-0.06026968,-0.39825085,-0.50594926,-0.0795044,-0.22362164,-0.5875081,-0.03279763,-0.38169292,-0.6821302,-0.07221776,-0.4691097,-0.7635573,-0.09708081,-0.53951365,-0.8419769,-0.11390806,-0.22575276,-0.5319157,-0.04543099,-0.42052278,-0.43241978,-0.0996761,-0.53620267,-0.34627488,-0.12512113,-0.6292953,-0.29177535,-0.13631533,-0.21980631,-0.4219168,-0.059937425,-0.36085832,-0.24192925,-0.1185818,-0.30244547,-0.14097495,-0.11695984,-0.24758713,-0.11391737,-0.10193726,-0.20475443,-0.2892848,-0.0759911,-0.32216138,-0.15937838,-0.11856416,-0.28004977,-0.07188075,-0.10814026,-0.23280647,-0.037399795,-0.088461205
P,Zaith,Left,0.0,0.0,0.0,-0.08381111,-0.21587755,0.029796889,-0.21402867,-0.3740147,0.010238299,-0.34326884,-0.42630503,-0.016641991,-0.4344747,-0.4859373,-0.05130911,-0.24295191,-0.5213809,-0.08419455,-0.40603766,-0.6366815,-0.12610057,-0.4857597,-0.7398572,-0.14823212,-0.55014014,-0.83507234,-0.16519916,-0.22266236,-0.40981525,-0.12242178,-0.43897292,-0.35368273,-0.16115676,-0.5532949,-0.3080666,-0.16597044,-0.63425434,-0.27300453,-0.17673731,-0.20118599,-0.24957837,-0.1505212,-0.38805202,-0.13889211,-0.17007007,-0.34530503,-0.09376524,-0.12893239,-0.2863963,-0.086106494,-0.10508384,-0.18045403,-0.080909744,-0.17663562,-0.3350423,-0.02290029,-0.18970062,-0.3009284,0.02088011,-0.15524495,-0.24824183,0.02498778,-0.12924479
P,Zaith,Left,0.0,0.0,0.0,-0.07756446,-0.22316132,0.016906891,-0.21198608,-0.38425627,0.0028279265,-0.34790844,-0.45166355,-0.018311743,-0.44497615,-0.5140081,-0.043348413,-0.22684243,-0.5406185,-0.033299733,-0.39083368,-0.66228896,-0.064924,-0.4712749,-0.7523015,-0.0798898,-0.53742784,-0.84330976,-0.09128607,-0.22573465,-0.45525914,-0.061794564,-0.4400786,-0.39198178,-0.0958433,-0.5393304,-0.31829578,-0.10104806,-0.6060366,-0.27395365,-0.107238136,-0.22393022,-0.32202542,-0.0863358,-0.39126417,-0.21022071,-0.11400409,-0.34610385,-0.15269376,-0.09075234,-0.29092917,-0.14486563,-0.074135415,-0.22358319,-0.17168865,-0.10983346,-0.34481075,-0.09582454,-0.12765647,-0.3039944,-0.050460637,-0.10769446,-0.25686443,-0.052742556,-0.09057971
P,Zaith,Left,0.0,0.0,0.0,-0.06722702,-0.20865776,0.010402461,-0.18753749,-0.38463348,-0.010609531,-0.3022964,-0.46192887,-0.037810635,-0.39114392,-0.5292928,-0.06907569,-0.19223183,-0.5562076,-0.048886944,-0.34134817,-0.6799183,-0.09182494,-0.42211094,-0.78175753,-0.11429523,-0.48104545,-0.87669563,-0.13336301,-0.16777176,-0.47422174,-0.08247551,-0.36574128,-0.38353017,-0.13686745,-0.34452537,-0.28571773,-0.1377931,-0.29502395,-0.26465577,-0.13559094,-0.14926472,-0.3341808,-0.11383612,-0.3247649,-0.2148565,-0.1620215,-0.2798014,-0.15888138,-0.1341685,-0.22297442,-0.18262139,-0.11227867,-0.13250792,-0.1839634,-0.14389582,-0.2744589,-0.10431074,-0.17952612,-0.23550692,-0.06240634,-0.1602653,-0.18266097,-0.07893164,-0.1418227
P,Zaith,Left,0.0,0.0,0.0,-0.09358376,-0.24030595,0.009991941,-0.19061096,-0.40837368,-0.027431697,-0.289918,-0.47771105,-0.06863927,-0.3765302,-0.5690437,-0.11651902,-0.17986518,-0.5715339,-0.11701344,-0.32066393,-0.69159865,-0.17628178,-0.39505276,-0.78796965,-0.2181677,-0.46159312,-0.88709176,-0.2534731,-0.12811051,-0.4655805,-0.15046078,-0.33698207,-0.42115045,-0.21746257,-0.4642417,-0.37587535,-0.23861176,-0.56142914,-0.3465091,-0.2609268,-0.09063694,-0.3051321,-0.17511697,-0.29014516,-0.20707154,-0.20535675,-0.2590961,-0.16950412,-0.16549574,-0.1966317,-0.17279522,-0.1454696,-0.0650258,-0.15519392,-0.19987392,-0.23045164,-0.094902635,-0.21761337,-0.21000211,-0.07178391,-0.18655597,-0.14876048,-0.09625611,-0.16554065
P,Zaith,Left,0.0,0.0,0.0,-0.11206661,-0.2160293,-0.0034738504,-0.20331112,-0.3854309,-0.04491302,-0.28960755,-0.46471033,-0.087286256,-0.37175164,-0.57507837,-0.13654172,-0.1658638,-0.5810454,-0.13545649,-0.29863065,-0.6951339,-0.20359512,-0.3780177,-0.7919306,-0.25241277,-0.4463972,-0.89483494,-0.29282182,-0.106688954,-0.47419262,-0.16717891,-0.32387924,-0.4191637,-0.24013275,-0.45691365,-0.36749396,-0.26101187,-0.55860734,-0.33770645,-0.28310558,-0.065373436,-0.30878943,-0.19203094,-0.2792805,-0.20102955,-0.23125161,-0.25562853,-0.15291038,-0.18713762,-0.19322273,-0.14751813,-0.16396607,-0.040510293,-0.14595044,-0.21883997,-0.217713,-0.071981475,-0.248544,-0.20582505,-0.044747833,-0.21847682,-0.14567915,-0.068796426,-0.19698375
P,Zaith,Left,0.0,0.0,0.0,-0.10084947,-0.22934546,-0.0020483842,-0.17457439,-0.40505204,-0.040368572,-0.25588587,-0.4861608,-0.08001721,-0.3260746,-0.60421044,-0.12572268,-0.14083944,-0.59713054,-0.12481444,-0.25416592,-0.71270347,-0.19742034,-0.32283923,-0.8147014,-0.25186333,-0.3816161,-0.92432094,-0.29495212,-0.0794387,-0.49210253,-0.15191884,-0.28574896,-0.44542256,-0.22555055,-0.40997443,-0.40081966,-0.24326567,-0.5054156,-0.38520816,-0.26121628,-0.03838625,-0.32499474,-0.17357203,-0.23597553,-0.24277933,-0.21227637,-0.22341797,-0.19754979,-0.16514918,-0.16416489,-0.18428701,-0.13749608,-0.017434029,-0.16364777,-0.19743179,-0.18420433,-0.10942608,-0.22676137,-0.1878677,-0.08278167,-0.19763552,-0.13293488,-0.100658976,-0.17474714
P,Zaith,Left,0.0,0.0,0.0,-0.10085394,-0.23197563,-0.003712205,-0.18013246,-0.3960716,-0.054001823,-0.26934198,-0.46084818,-0.10481251,-0.3419893,-0.568371,-0.16255693,-0.15941413,-0.59035707,-0.15818186,-0.2780832,-0.69897616,-0.24257533,-0.34590268,-0.8044972,-0.30598453,-0.40747583,-0.913216,-0.35691348,-0.09260438,-0.4841371,-0.18626909,-0.30325976,-0.4259546,-0.26906228,-0.42754683,-0.37639707,-0.28812084,-0.5265944,-0.35893875,-0.3097019,-0.04846226,-0.31357643,-0.20684932,-0.24686678,-0.22128376,-0.23982719,-0.22547466,-0.18492432,-0.18085714,-0.16173682,-0.1858516,-0.15059233,-0.02428852,-0.15461199,-0.23052642,-0.1914697,-0.08601631,-0.25355184,-0.18685316,-0.060293756,-0.21800524,-0.12803487,-0.09048659,-0.19402885
P,Zaith,Left,0.0,0.0,0.0,-0.11230609,-0.223843,-0.01404631,-0.19835784,-0.40473917,-0.04678022,-0.2743493,-0.50075287,-0.08175984,-0.3441168,-0.6195239,-0.12123534,-0.14615147,-0.5918884,-0.101899,-0.26481655,-0.7107604,-0.16484997,-0.34041813,-0.810302,-0.20535725,-0.4088428,-0.9126048,-0.23717998,-0.08896135,-0.5050199,-0.13102867,-0.28536913,-0.445548,-0.20091319,-0.4110407,-0.4030196,-0.21728504,-0.50970167,-0.37633044,-0.23026623,-0.041172013,-0.35303858,-0.15854241,-0.23925859,-0.22854482,-0.20886295,-0.21579847,-0.18107013,-0.17211904,-0.16268945,-0.18208815,-0.14616172,-0.003878848,-0.18862765,-0.18928961,-0.1722151,-0.100526236,-0.22632878,-0.16353658,-0.07349803,-0.1996422,-0.110999286,-0.09651496,-0.17612186
P,Zaith,Left,0.0,0.0,0.0,-0.12891054,-0.17291412,0.021742372,-0.22702491,-0.35329425,0.0030859774,-0.30529857,-0.47423807,-0.028354412,-0.38747263,-0.5738267,-0.0643458,-0.1976967,-0.57940763,-0.03677439,-0.33011806,-0.69624156,-0.081014454,-0.39728326,-0.79142684,-0.11011841,-0.45788085,-0.8890136,-0.13396838,-0.15655652,-0.5217958,-0.08310445,-0.34677944,-0.46624863,-0.13685766,-0.46008536,-0.40259516,-0.15448031,-0.54680467,-0.37730965,-0.16920882,-0.1205769,-0.40920246,-0.12705153,-0.2987806,-0.2843647,-0.17072943,-0.25811768,-0.207306,-0.14722578,-0.20014817,-0.20264651,-0.1304915,-0.0928045,-0.28100985,-0.17075862,-0.23882914,-0.19416964,-0.20146346,-0.21231596,-0.13789473,-0.17998044,-0.1584938,-0.14537628,-0.16155517
P,Zaith,Left,0.0,0.0,0.0,-0.12960081,-0.18446606,0.04579486,-0.21659158,-0.3615022,0.020517323,-0.29417926,-0.47837713,-0.021428889,-0.37352765,-0.5950194,-0.06886976,-0.19152348,-0.5720865,-0.062299613,-0.32841372,-0.6933388,-0.11555519,-0.39727083,-0.7938584,-0.14963998,-0.4593536,-0.8882535,-0.178334,-0.14825109,-0.49929458,-0.12161669,-0.34479797,-0.46167594,-0.1852774,-0.46634904,-0.4050848,-0.20106071,-0.55970377,-0.37395442,-0.21769196,-0.11401849,-0.37028247,-0.1732341,-0.29656583,-0.27455285,-0.20297666,-0.25672787,-0.20650521,-0.15576772,-0.19533911,-0.20104392,-0.13046332,-0.08991051,-0.23874636,-0.22408265,-0.23658882,-0.17171119,-0.23880751,-0.2135664,-0.12095367,-0.20369852,-0.15940173,-0.13107225,-0.18059537
P,Zaith,Left,0.0,0.0,0.0,-0.13214622,-0.16654277,0.014884656,-0.23354983,-0.34740916,-0.00522339,-0.31537515,-0.47016597,-0.036980733,-0.3938534,-0.58252025,-0.07303114,-0.20738424,-0.57448345,-0.037258185,-0.34081903,-0.69370186,-0.08123283,-0.41266367,-0.78549147,-0.109241076,-0.47479555,-0.88009614,-0.13250859,-0.16443682,-0.5190896,-0.079752274,-0.35667646,-0.45729142,-0.13236612,-0.47271928,-0.3921451,-0.15024781,-0.5612079,-0.36620885,-0.16572616,-0.12773408,-0.4044361,-0.12080305,-0.30517456,-0.27498615,-0.16515285,-0.26426864,-0.19767867,-0.14245947,-0.2064226,-0.1936532,-0.12635504,-0.09984769,-0.27389988,-0.16212751,-0.24536307,-0.18333746,-0.19469947,-0.21896473,-0.12573609,-0.1754301,-0.16712968,-0.13189512,-0.15856497
P,Zaith,Left,0.0,0.0,0.0,-0.13254227,-0.17227553,0.029979587,-0.21557684,-0.33915016,-0.0057816096,-0.28274658,-0.45809695,-0.05488832,-0.364751,-0.5790995,-0.11020265,-0.1744752,-0.56566447,-0.092644155,-0.310174,-0.68729967,-0.15996478,-0.37985468,-0.79415464,-0.20212848,-0.44281393,-0.89661354,-0.2353207,-0.12631324,-0.50163156,-0.14901687,-0.31237936,-0.46359137,-0.22700799,-0.42962444,-0.4001893,-0.24189244,-0.52225524,-0.3779409,-0.2551039,-0.08593674,-0.3831577,-0.19909945,-0.25849047,-0.2704612,-0.242045,-0.22428373,-0.1853652,-0.19343397,-0.16666849,-0.16895969,-0.16557956,-0.056665245,-0.25364873,-0.250022,-0.19613372,-0.17235015,-0.2787082,-0.17884222,-0.105676964,-0.24642126,-0.12917328,-0.1059473,-0.22345589
P,Zaith,Left,0.0,0.0,0.0,-0.12201943,-0.19854254,0.062625974,-0.19774035,-0.3624558,0.012025699,-0.26162988,-0.47916594,-0.061148148,-0.34587413,-0.59596044,-0.14274229,-0.16167723,-0.5659609,-0.10358176,-0.29834482,-0.6931206,-0.17665721,-0.366549,-0.80780876,-0.21923205,-0.4258149,-0.9048103,-0.2530985,-0.111659296,-0.48739517,-0.18197423,-0.2944308,-0.4878606,-0.26374045,-0.41162708,-0.42950082,-0.26864874,-0.5065295,-0.42404976,-0.27592918,-0.07310425,-0.3621059,-0.24981044,-0.24322592,-0.29374704,-0.2720665,-0.20594355,-0.19856563,-0.19529861,-0.14364822,-0.17758985,-0.15686008,-0.04402412,-0.24563816,-0.31820452,-0.17678492,-0.18564151,-0.32618967,-0.15944491,-0.10655774,-0.27791032,-0.108459935,-0.094528615,-0.24928391
P,Zaith,Left,0.0,0.0,0.0,-0.13655232,-0.18024293,0.052099567,-0.21065612,-0.35594925,0.0035645715,-0.2764999,-0.47192466,-0.0637393,-0.36094,-0.59581274,-0.14006595,-0.16754104,-0.5624324,-0.11082877,-0.3026485,-0.68171287,-0.18816315,-0.37299687,-0.797472,-0.2376692,-0.4336693,-0.9010721,-0.27632383,-0.10807112,-0.49116412,-0.18039553,-0.29333803,-0.48427278,-0.25120294,-0.40607488,-0.42830202,-0.24931905,-0.49422503,-0.422393,-0.2546649,-0.0623553,-0.36921695,-0.24159895,-0.23956023,-0.30470285,-0.25856546,-0.2105969,-0.20879538,-0.18095873,-0.1482554,-0.1791777,-0.14311123,-0.030490479,-0.24840122,-0.30436024,-0.16938353,-0.19943614,-0.31439123,-0.16121553,-0.11852839,-0.26902053,-0.10963147,-0.099350706,-0.24205634
P,Zaith,Left,0.0,0.0,0.0,-0.13464083,-0.18162796,0.024112213,-0.2308068,-0.35914308,-0.0116222,-0.31751737,-0.467458,-0.058269605,-0.40870914,-0.58379924,-0.11315622,-0.21226561,-0.57116413,-0.104827404,-0.35098395,-0.67848825,-0.1716125,-0.43085322,-0.77216345,-0.21707863,-0.49879172,-0.86672187,-0.2548693,-0.15267074,-0.49266648,-0.15427926,-0.36273384,-0.42042652,-0.2084146,-0.47864506,-0.3524299,-0.21577176,-0.56807077,-0.34065714,-0.23316532,-0.098753735,-0.34958187,-0.19834107,-0.29065883,-0.23189601,-0.22705792,-0.24966292,-0.17764051,-0.18329288,-0.18145038,-0.18460064,-0.16544181,-0.060388394,-0.20114319,-0.24308488,-0.20679319,-0.11239979,-0.2755911,-0.18755507,-0.07542949,-0.25589392,-0.13298258,-0.10274669,-0.24413037
P,Zaith,Left,0.0,0.0,0.0,-0.13404815,-0.1726633,0.019463638,-0.2235559,-0.3516475,-0.0109066,-0.29185855,-0.47516188,-0.05379519,-0.3678486,-0.59639376,-0.10332788,-0.1861988,-0.576093,-0.0745208,-0.3244918,-0.6856627,-0.13625474,-0.39744332,-0.78743654,-0.17694771,-0.46260023,-0.886567,-0.20935963,-0.13295434,-0.5207162,-0.12557708,-0.32458276,-0.46482787,-0.19004588,-0.43841597,-0.38913473,-0.20103216,-0.5251105,-0.36087915,-0.21199127,-0.08504326,-0.4037221,-0.17408013,-0.2661893,-0.28797597,-0.21711382,-0.23511933,-0.20707515,-0.17841522,-0.17732964,-0.19344442,-0.15554433,-0.048099436,-0.2685747,-0.22387289,-0.19607888,-0.19335313,-0.25775826,-0.1851612,-0.13231683,-0.2326,-0.13407353,-0.13299389,-0.21334341
P,Zaith,Left,0.0,0.0,0.0,-0.13240527,-0.19415782,0.041537892,-0.20654546,-0.3595776,-0.0048834113,-0.2721309,-0.45580894,-0.06507879,-0.35137683,-0.58879745,-0.13205945,-0.16365176,-0.56334066,-0.13260753,-0.28972578,-0.67999834,-0.22449656,-0.3602158,-0.80052197,-0.2861078,-0.42226174,-0.90647393,-0.33069146,-0.1087825,-0.48333508,-0.19467299,-0.29168364,-0.45495954,-0.27701002,-0.4137446,-0.39696833,-0.27562886,-0.5087667,-0.37271732,-0.27830398,-0.06601098,-0.35772383,-0.24909268,-0.23983933,-0.28108805,-0.27223232,-0.22307022,-0.2116062,-0.1821279,-0.16894096,-0.18825904,-0.13030402,-0.034876976,-0.22787346,-0.30684263,-0.17569673,-0.1733528,-0.31804213,-0.17905928,-0.119334295,-0.26320362,-0.13229293,-0.110851996,-0.2243636
P,Zaith,Left,0.0,0.0,0.0,-0.13175157,-0.19146371,0.020530744,-0.20323583,-0.37516987,-0.010171503,-0.271605,-0.47818187,-0.051081818,-0.3456047,-0.59476614,-0.098299295,-0.16796455,-0.59194815,-0.08590735,-0.28208908,-0.7001772,-0.1569353,-0.34431344,-0.8094527,-0.20981914,-0.39985815,-0.91657704,-0.24980207,-0.10825385,-0.5282404,-0.12928775,-0.28877327,-0.475724,-0.20355766,-0.4093589,-0.43040138,-0.22134024,-0.5031135,-0.40812027,-0.23612952,-0.060354255,-0.4041654,-0.16783889,-0.2417052,-0.30162823,-0.20297228,-0.22666594,-0.23606728,-0.15090738,-0.17518479,-0.21751732,-0.11896943,-0.029913472,-0.2681316,-0.20879422,-0.18255112,-0.19814286,-0.23021881,-0.1832457,-0.14891538,-0.1945687,-0.13354546,-0.15124181,-0.16699627
P,Zaith,Left,0.0,0.0,0.0,-0.14035383,-0.19717464,0.055587944,-0.21282095,-0.36547297,0.017302124,-0.2827628,-0.46294898,-0.035393417,-0.3654918,-0.5846032,-0.09403389,-0.16707626,-0.5747642,-0.13116965,-0.29907438,-0.68547934,-0.22116289,-0.36983258,-0.7971427,-0.28051233,-0.43294957,-0.90141815,-0.32291248,-0.10735581,-0.4882348,-0.19454555,-0.29740906,-0.48004815,-0.28581876,-0.42616692,-0.4561707,-0.28993613,-0.52445054,-0.45316198,-0.29375705,-0.06675556,-0.3534924,-0.24633938,-0.25304434,-0.29956338,-0.2739893,-0.25298238,-0.22848,-0.17727195,-0.20271923,-0.19526805,-0.11528075,-0.043921474,-0.21990557,-0.29975882,-0.20097333,-0.19799334,-0.30995765,-0.2227598,-0.14358383,-0.24898635,-0.17918119,-0.12743714,-0.20145963
P,Zaith,Left,0.0,0.0,0.0,-0.14034186,-0.1951627,0.040734645,-0.22352605,-0.3639556,0.009323893,-0.29755482,-0.46880096,-0.035946045,-0.37530985,-0.5846062,-0.08531335,-0.18288314,-0.5794882,-0.09906692,-0.32057244,-0.687782,-0.17702658,-0.3903113,-0.7910845,-0.2294828,-0.45538652,-0.89029384,-0.2689702,-0.12556021,-0.49737993,-0.15936777,-0.3141698,-0.47162583,-0.25112137,-0.4398202,-0.44213042,-0.2722251,-0.53615963,-0.42135298,-0.2870595,-0.082866706,-0.36559045,-0.21103159,-0.27065423,-0.27498797,-0.25129807,-0.25244412,-0.21174014,-0.18435279,-0.20117389,-0.19684899,-0.14040466,-0.05244131,-0.23124586,-0.2639752,-0.20889144,-0.16893911,-0.28542587,-0.20469335,-0.12095071,-0.2389509,-0.1539628,-0.12555683,-0.20156503
P,Zaith,Left,0.0,0.0,0.0,-0.12552121,-0.18282512,-0.0014821244,-0.19874473,-0.37444583,-0.022566967,-0.26196015,-0.487743,-0.048697047,-0.32951432,-0.60130864,-0.07921576,-0.14662388,-0.59710675,-0.063090935,-0.26399195,-0.7139142,-0.11670456,-0.3316407,-0.8145341,-0.15994793,-0.38801104,-0.9216547,-0.19458726,-0.08855804,-0.53513926,-0.09225223,-0.27026245,-0.50638145,-0.14673182,-0.38721514,-0.4707193,-0.16524924,-0.4749481,-0.46496445,-0.18176301,-0.044119947,-0.40935117,-0.12070798,-0.22424668,-0.34223145,-0.1584278,-0.22142507,-0.26525918,-0.13045883,-0.18125017,-0.22971557,-0.1123418,-0.017353008,-0.26341844,-0.15190221,-0.16873571,-0.23883477,-0.18180941,-0.18830448,-0.18704419,-0.16171236,-0.15669696,-0.16483314,-0.14389777
P,Zaith,Left,0.0,0.0,0.0,-0.1381529,-0.22082339,0.05371857,-0.21125256,-0.37575626,-0.0046656234,-0.2862106,-0.45839372,-0.079292946,-0.37414008,-0.567046,-0.15726045,-0.17551866,-0.56123364,-0.17066249,-0.3021475,-0.6742792,-0.28447518,-0.3782658,-0.796438,-0.35722196,-0.44757283,-0.8942475,-0.4109468,-0.113522306,-0.45701608,-0.24066155,-0.30048335,-0.45049864,-0.37757915,-0.43143293,-0.41424593,-0.40078628,-0.53102577,-0.39252886,-0.41453794,-0.06867136,-0.30774856,-0.29513973,-0.24151048,-0.26492935,-0.33705404,-0.23039812,-0.20539021,-0.21569969,-0.17748947,-0.19024692,-0.13623585,-0.034733113,-0.18055414,-0.35262382,-0.17653154,-0.15311044,-0.36188647,-0.1801028,-0.106774606,-0.28417832,-0.13192353,-0.10694449,-0.22501226
P,Zaith,Left,0.0,0.0,0.0,-0.12908895,-0.21490428,-0.0014195857,-0.20840743,-0.3821671,-0.05315065,-0.2872416,-0.4538361,-0.10717307,-0.3702806,-0.5703215,-0.16766573,-0.17059822,-0.56225127,-0.17679241,-0.293176,-0.6713748,-0.27766502,-0.36262146,-0.7868238,-0.35238144,-0.42829168,-0.90364057,-0.41039625,-0.10088377,-0.46728095,-0.21384077,-0.28865725,-0.4202372,-0.31230503,-0.41045466,-0.3859951,-0.33413467,-0.50388026,-0.382962,-0.35726434,-0.047082953,-0.31149703,-0.24389309,-0.22534603,-0.21651798,-0.2864678,-0.22445813,-0.16843759,-0.21697086,-0.17604715,-0.154855,-0.178639,-0.010893743,-0.15556897,-0.27917188,-0.15170626,-0.0826268,-0.31137443,-0.1602337,-0.050173614,-0.2740589,-0.11378017,-0.06442673,-0.2475484
R,Zaith,Right,0.0,0.0,0.0,0.08493841,-0.13653068,-0.05908162,0.11249107,-0.30538976,-0.08318271,0.053076636,-0.43122774,-0.10711184,-0.0120288115,-0.533693,-0.12811041,0.08645695,-0.5317944,-0.024627145,0.0686125,-0.7180032,-0.060826406,0.0475809,-0.84651,-0.087751016,0.026637968,-0.9623854,-0.10619677,0.020844651,-0.53119606,-0.026319502,0.03415684,-0.74065834,-0.068196915,0.045933746,-0.87858367,-0.09530049,0.053117182,-0.99858826,-0.10979161,-0.047937155,-0.48413232,-0.037844945,-0.061384756,-0.6315029,-0.10922418,-0.03783757,-0.50225496,-0.12201055,-0.019403482,-0.3875384,-0.11008169,-0.11847488,-0.40785432,-0.053885907,-0.13111378,-0.53108287,-0.11095103,-0.10036156,-0.45056635,-0.112671286,-0.07864034,-0.3613923,-0.10100208
R,Zaith,Right,0.0,0.0,0.0,0.08427,-0.13736351,-0.06509382,0.108445436,-0.30410597,-0.09064349,0.044222582,-0.42889863,-0.11510868,-0.02220259,-0.5367939,-0.13599558,0.0828114,-0.5323177,-0.023166308,0.06337398,-0.7152278,-0.06018471,0.041075215,-0.84401876,-0.08875742,0.01851382,-0.9603381,-0.10830927,0.01710259,-0.5316545,-0.021956675,0.029485438,-0.7390682,-0.06511255,0.039467387,-0.8789963,-0.09366783,0.045112755,-0.9989819,-0.10863379,-0.051477622,-0.48498353,-0.031915605,-0.06732617,-0.6235769,-0.106520906,-0.044051282,-0.49333495,-0.12228768,-0.02427526,-0.37871146,-0.11103911,-0.12252448,-0.41162246,-0.046892565,-0.13567314,-0.52772874,-0.10682472,-0.10471056,-0.44618857,-0.11123136,-0.08127401,-0.35827085,-0.100827284
R,Zaith,Right,0.0,0.0,0.0,0.08253822,-0.14641245,-0.06003568,0.10356318,-0.3141657,-0.08475853,0.033075094,-0.4410815,-0.109142594,-0.033104762,-0.55052394,-0.13093486,0.088148765,-0.5314645,-0.023926452,0.064372204,-0.7157399,-0.06368899,0.036865488,-0.8466628,-0.09438946,0.009587604,-0.9640844,-0.11554893,0.018888578,-0.5311689,-0.024902599,0.02973235,-0.7411004,-0.07034714,0.035544164,-0.87841314,-0.10060891,0.03846546,-0.99925995,-0.11727288,-0.05273519,-0.48478672,-0.036117587,-0.074183784,-0.6345506,-0.111062445,-0.05282092,-0.5148477,-0.12787291,-0.031618576,-0.4032857,-0.11843818,-0.12705567,-0.40877002,-0.051723063,-0.14704813,-0.53654873,-0.11229021,-0.11706335,-0.46265417,-0.11722578,-0.0909206,-0.3755609,-0.10755563
R,Zaith,Right,0.0,0.0,0.0,0.08271356,-0.13291286,-0.065323,0.108009055,-0.30011556,-0.09353462,0.041685082,-0.42998686,-0.12011069,-0.02646275,-0.53766835,-0.14397506,0.09136487,-0.5264184,-0.032875553,0.07018622,-0.71333206,-0.07445125,0.045280248,-0.8457435,-0.10593827,0.021673353,-0.96425074,-0.12754561,0.022543194,-0.52697194,-0.031681087,0.037194256,-0.7367739,-0.07917113,0.04529186,-0.87701786,-0.11080925,0.05096369,-0.9987005,-0.12846851,-0.04898854,-0.4821178,-0.0407019,-0.06856314,-0.6346446,-0.116519794,-0.048279632,-0.52045083,-0.13471095,-0.026685674,-0.4092488,-0.126535,-0.122918576,-0.41051167,-0.05444275,-0.13924095,-0.5368575,-0.11555851,-0.1112381,-0.46434772,-0.12171731,-0.086852066,-0.37786934,-0.113127366
R,Zaith,Right,0.0,0.0,0.0,0.083994515,-0.10369757,-0.090927035,0.09833346,-0.28105295,-0.1131623,0.020557547,-0.39617604,-0.123959005,-0.05556234,-0.47932613,-0.1277672,0.09266193,-0.509509,-0.044578247,0.06791537,-0.6980037,-0.08851457,0.0339008,-0.8365855,-0.1177112,0.0016314704,-0.95422006,-0.1350754,0.024464624,-0.5221148,-0.029639324,0.03380642,-0.73229307,-0.07838258,0.022927063,-0.87956005,-0.10537179,0.015024344,-0.9998871,-0.11439234,-0.04618856,-0.4831519,-0.029267041,-0.075156055,-0.5801552,-0.1144606,-0.06983349,-0.44247156,-0.13675185,-0.054917943,-0.3500099,-0.12399581,-0.11403994,-0.41687554,-0.035626426,-0.12086471,-0.48265812,-0.10413308,-0.100801,-0.3925094,-0.114737555,-0.08380572,-0.3213774,-0.10550179
R,Zaith,Right,0.0,0.0,0.0,0.08451001,-0.12220123,-0.0582886,0.11847297,-0.29676244,-0.081962466,0.05855259,-0.42865014,-0.10507575,-0.009786359,-0.5343675,-0.12523533,0.10849286,-0.506835,-0.025946403,0.10073825,-0.70225585,-0.06343637,0.082162604,-0.8404163,-0.08990973,0.062456682,-0.96428907,-0.10760349,0.04124304,-0.5178631,-0.02831964,0.067841336,-0.7360237,-0.072513774,0.08408402,-0.8754014,-0.09885118,0.09531841,-0.99544686,-0.11112205,-0.03122172,-0.48374197,-0.040261276,-0.040266447,-0.6242549,-0.11582493,-0.026178636,-0.48764127,-0.12772052,-0.012817486,-0.3758006,-0.11325128,-0.10741276,-0.4249832,-0.056159582,-0.11663804,-0.5380942,-0.11604262,-0.09206346,-0.44508186,-0.11547446,-0.07306789,-0.35743847,-0.100988455
R,Zaith,Right,0.0,0.0,0.0,0.070422694,-0.11270372,-0.078310065,0.08958898,-0.28566292,-0.11187818,0.020041436,-0.41250694,-0.14133978,-0.055162046,-0.5224234,-0.1680409,0.07072144,-0.52624846,-0.052166443,0.054386824,-0.71499544,-0.099117845,0.03331256,-0.84122264,-0.13424581,0.013867044,-0.9618073,-0.16105273,-0.0028709793,-0.52566105,-0.049218107,0.0153184235,-0.7411986,-0.104823634,0.026329543,-0.8721872,-0.14566544,0.036982115,-0.9993159,-0.17241903,-0.07898738,-0.47074917,-0.056888193,-0.10550967,-0.62797195,-0.14679824,-0.08261577,-0.5008987,-0.17751895,-0.053817734,-0.38363707,-0.1784248,-0.15354255,-0.3840644,-0.06927409,-0.16866751,-0.4935459,-0.14884716,-0.13901556,-0.4155434,-0.17015746,-0.10979983,-0.33251512,-0.17282414
R,Zaith,Right,0.0,0.0,0.0,0.087123245,-0.119525075,-0.047629815,0.1263603,-0.2892511,-0.06895249,0.082117185,-0.42323261,-0.09177624,0.020340782,-0.5204699,-0.112649135,0.110738285,-0.5129008,-0.027824381,0.10392156,-0.7142863,-0.06528989,0.08930091,-0.8509886,-0.090998545,0.07412215,-0.97280777,-0.107548624,0.044081274,-0.52444404,-0.034368288,0.068558924,-0.7439262,-0.07690436,0.0881905,-0.8804133,-0.10197966,0.10232968,-0.99475056,-0.11452358,-0.028412422,-0.4917144,-0.048253696,-0.0319974,-0.64473,-0.11619382,-0.01015222,-0.5146309,-0.12509926,0.006901506,-0.3936026,-0.11131347,-0.102202795,-0.427919,-0.06558795,-0.10368682,-0.54901177,-0.11786132,-0.07215088,-0.46460673,-0.11496305,-0.050321456,-0.36968243,-0.10030528
R,Zaith,Right,0.0,0.0,0.0,0.09053986,-0.11949048,-0.048135847,0.13498265,-0.2896469,-0.0671305,0.09966334,-0.4315995,-0.087585196,0.04056277,-0.53316706,-0.105674416,0.120934725,-0.5105367,-0.02054873,0.12110175,-0.70906204,-0.053026043,0.112095185,-0.8426361,-0.0762851,0.10130124,-0.9628254,-0.09188412,0.05757281,-0.52560127,-0.02623652,0.084884316,-0.7394974,-0.06451122,0.10941215,-0.87736225,-0.088338315,0.1266631,-0.9919458,-0.10066783,-0.013154898,-0.49511886,-0.03983074,-0.011708736,-0.6529151,-0.10408121,0.005953732,-0.51539195,-0.11032512,0.015479267,-0.3927745,-0.09481008,-0.085531265,-0.4347807,-0.057352286,-0.08430276,-0.5717902,-0.106585905,-0.056974404,-0.48584944,-0.10187111,-0.042598553,-0.38854155,-0.08623066
R,Zaith,Right,0.0,0.0,0.0,0.094502985,-0.11903603,-0.050989397,0.14017522,-0.29450625,-0.07015403,0.10188992,-0.442779,-0.09006312,0.041281912,-0.54950815,-0.10717132,0.1237222,-0.5180504,-0.019424342,0.12656406,-0.7153181,-0.05001226,0.11836898,-0.84958327,-0.0721186,0.10794749,-0.97074634,-0.0872429,0.060173344,-0.5336323,-0.022814665,0.09038657,-0.74489576,-0.058946103,0.117702544,-0.8790768,-0.080821045,0.13642761,-0.99065006,-0.092136346,-0.011353249,-0.50308317,-0.034696776,-0.0049329307,-0.6570058,-0.09791623,0.013429204,-0.5144437,-0.10283358,0.020700388,-0.39095598,-0.0865613,-0.08418283,-0.44440055,-0.05080934,-0.07645634,-0.5808057,-0.0990415,-0.04892902,-0.4925981,-0.09353774,-0.038142927,-0.39586836,-0.077653356
R,Zaith,Right,0.0,0.0,0.0,0.09917373,-0.12243979,-0.05646419,0.14071931,-0.30025983,-0.07519051,0.100245,-0.4518544,-0.09406084,0.040302437,-0.5679964,-0.109604396,0.122534916,-0.52469075,-0.011375888,0.124649726,-0.71868926,-0.040336274,0.11734298,-0.85170114,-0.06277864,0.10936682,-0.97009593,-0.078217,0.058926262,-0.5366659,-0.011113809,0.08554139,-0.74123544,-0.04781592,0.11133838,-0.8774096,-0.07244326,0.13048166,-0.9914507,-0.08533556,-0.011947339,-0.5039318,-0.021030983,-0.006226219,-0.65363234,-0.088940516,0.015984975,-0.5140282,-0.100301005,0.026823286,-0.39077386,-0.08689974,-0.08416053,-0.4464595,-0.035365198,-0.07441318,-0.58020115,-0.08866322,-0.044766586,-0.4957789,-0.089376606,-0.030868351,-0.40263888,-0.0773322
R,Zaith,Right,0.0,0.0,0.0,0.10022695,-0.124670304,-0.04645028,0.14118305,-0.31042242,-0.060223363,0.10358764,-0.4676934,-0.07548337,0.047277406,-0.58214515,-0.08757408,0.12782945,-0.51274025,-0.0073771193,0.13307136,-0.71379465,-0.033533603,0.12652804,-0.84885,-0.053463463,0.11773586,-0.9711225,-0.06770472,0.065473765,-0.5295553,-0.010546245,0.094148286,-0.7439634,-0.04300887,0.12397014,-0.87734735,-0.06378698,0.14577459,-0.98931783,-0.075231515,-0.005819619,-0.50204635,-0.022349704,0.0013403227,-0.6679689,-0.08273378,0.021445192,-0.52838147,-0.08726633,0.02774136,-0.4059458,-0.07168053,-0.07861902,-0.44760355,-0.03808527,-0.06589598,-0.58663404,-0.0849627,-0.0396804,-0.5022951,-0.080413565,-0.03392866,-0.41034254,-0.06608604
R,Zaith,Right,0.0,0.0,0.0,0.104454,-0.115784705,-0.038406447,0.15015072,-0.3052985,-0.04863253,0.11847537,-0.47127038,-0.061320074,0.064375095,-0.5828244,-0.071668886,0.14334954,-0.49483424,-0.005970898,0.1583565,-0.70439017,-0.03092995,0.15784766,-0.8429188,-0.048751574,0.1551485,-0.96223,-0.06036354,0.08021446,-0.51629907,-0.011330561,0.11239649,-0.7369705,-0.041628715,0.14293136,-0.8748622,-0.06105703,0.16552782,-0.9862051,-0.07135304,0.01012025,-0.49517536,-0.023917744,0.018910304,-0.663928,-0.07823779,0.039972506,-0.5441326,-0.08397107,0.046829943,-0.42299727,-0.070397966,-0.06365245,-0.44980162,-0.039822683,-0.056182854,-0.59465045,-0.079343684,-0.03098055,-0.5397208,-0.075373955,-0.02227868,-0.46367714,-0.06286587
R,Zaith,Right,0.0,0.0,0.0,0.10685156,-0.12071227,-0.049017955,0.15293606,-0.30841503,-0.06264619,0.12432048,-0.48015648,-0.07773685,0.07687438,-0.6150725,-0.08939504,0.1402795,-0.504175,-0.0070003485,0.15483674,-0.71821755,-0.03140376,0.15226804,-0.85811347,-0.049117737,0.1483996,-0.9852615,-0.06156993,0.07885873,-0.5258288,-0.007886255,0.112719975,-0.74746454,-0.038558435,0.14622687,-0.8801395,-0.05841089,0.17217855,-0.98506576,-0.07007432,0.008488336,-0.5074556,-0.017976489,0.025556326,-0.684599,-0.07708649,0.04380515,-0.5455176,-0.08426431,0.047345586,-0.40996227,-0.07102921,-0.065561116,-0.46805504,-0.032334957,-0.048964404,-0.6202591,-0.07898818,-0.02129914,-0.55080456,-0.0786954,-0.012873341,-0.45695266,-0.06807237
R,Zaith,Right,0.0,0.0,0.0,0.10709578,-0.11791096,-0.047856357,0.15270364,-0.30585435,-0.06099914,0.12943861,-0.47765565,-0.07651566,0.08191528,-0.61291164,-0.089140914,0.13969773,-0.4975823,-0.0064270766,0.1592052,-0.70491326,-0.032200966,0.16070268,-0.8431383,-0.0502524,0.15980369,-0.96841824,-0.06210115,0.07970382,-0.52105916,-0.008631416,0.11756002,-0.74121296,-0.040359583,0.15553172,-0.87549454,-0.059742443,0.18493603,-0.98275054,-0.070388526,0.0108502405,-0.5047064,-0.020204972,0.03157811,-0.6746777,-0.081479676,0.05132166,-0.5370536,-0.09011682,0.0554165,-0.39990458,-0.07665235,-0.061919454,-0.4679773,-0.035881124,-0.042125832,-0.62431127,-0.083387665,-0.01316542,-0.55780464,-0.083079375,-0.0036531824,-0.46111253,-0.07190517
R,Zaith,Right,0.0,0.0,0.0,0.10806367,-0.116556175,-0.044365216,0.15701231,-0.30233312,-0.05588553,0.13508454,-0.47341642,-0.0701399,0.09085609,-0.6079376,-0.08195087,0.1451569,-0.48763537,-0.0042558983,0.1708786,-0.68897355,-0.029369235,0.17713283,-0.82387596,-0.047143035,0.17995608,-0.9467267,-0.058913834,0.08731985,-0.5165628,-0.007909491,0.12720351,-0.7388463,-0.038651157,0.16600728,-0.87210774,-0.057923377,0.19598742,-0.98060644,-0.06871396,0.019300707,-0.50449324,-0.02036131,0.044736803,-0.6752618,-0.08051291,0.06394862,-0.5375035,-0.08876206,0.06543,-0.40252528,-0.07545974,-0.05384516,-0.4712512,-0.03652647,-0.02944143,-0.6273753,-0.083307706,-0.0016218307,-0.5569213,-0.0820734,0.004619099,-0.4580623,-0.07034783
R,Zaith,Right,0.0,0.0,0.0,0.11106954,-0.12324868,-0.05065331,0.15944771,-0.3112002,-0.06455456,0.12534529,-0.47775295,-0.07989156,0.073840454,-0.61568934,-0.09159007,0.15285248,-0.5171168,0.001703584,0.17141743,-0.7168489,-0.020832485,0.175226,-0.85572225,-0.039207473,0.17751466,-0.98411816,-0.053490195,0.08929187,-0.5462166,0.0004682826,0.13194285,-0.75289845,-0.02789365,0.17502376,-0.866157,-0.045716457,0.20971666,-0.96578676,-0.056068286,0.013332263,-0.53059304,-0.011210213,0.03278717,-0.70612967,-0.075927064,0.042440154,-0.54834527,-0.08197782,0.03969686,-0.41537935,-0.066680476,-0.06667494,-0.48907977,-0.02684918,-0.044296015,-0.6353766,-0.08108829,-0.022121727,-0.5334633,-0.079468615,-0.020983396,-0.42871863,-0.066596955
R,Zaith,Right,0.0,0.0,0.0,0.11157792,-0.12520428,-0.055532057,0.1589964,-0.318122,-0.06705835,0.12281732,-0.4919399,-0.07927932,0.06744139,-0.6351855,-0.08691634,0.15634227,-0.5141934,0.013835057,0.17124541,-0.72113407,-0.0015910419,0.17081021,-0.86148924,-0.015244258,0.17025048,-0.9854008,-0.025586685,0.09126082,-0.5383479,0.017246671,0.1323812,-0.74689883,-0.0062182355,0.16672558,-0.8710515,-0.023333572,0.1944143,-0.9728878,-0.03195981,0.017731346,-0.519782,0.008470038,0.034361932,-0.69288945,-0.056447275,0.041667867,-0.54620093,-0.0708087,0.039954726,-0.41319308,-0.0590398,-0.05871426,-0.48552936,-0.004514212,-0.042363904,-0.63643014,-0.05998733,-0.024792694,-0.55922544,-0.06635413,-0.021216447,-0.46561262,-0.058516916
R,Zaith,Right,0.0,0.0,0.0,0.116863914,-0.14216216,-0.04464143,0.15913007,-0.35737932,-0.047300857,0.10042588,-0.5325534,-0.0515307,0.03312164,-0.649809,-0.052393135,0.1511371,-0.5028994,0.019113014,0.1593271,-0.7053701,0.0034828868,0.15400603,-0.84416634,-0.01172075,0.1473581,-0.96591127,-0.02354564,0.0840485,-0.5230252,0.017925555,0.11502119,-0.7409596,-0.0043162294,0.14348039,-0.8741904,-0.023349583,0.16528217,-0.98624635,-0.03406202,0.011247615,-0.5015956,0.0061458107,0.016962523,-0.6718419,-0.0553173,0.029388225,-0.5436115,-0.07124818,0.029286057,-0.42716178,-0.061566964,-0.06906127,-0.46177813,-0.008761491,-0.062185157,-0.622168,-0.059109196,-0.041287217,-0.5532048,-0.06320285,-0.035703015,-0.46419245,-0.055017512
R,Zaith,Right,0.0,0.0,0.0,0.12219846,-0.15078902,-0.050059743,0.15962116,-0.36285535,-0.05144897,0.1008398,-0.5414298,-0.053995356,0.03172432,-0.6674186,-0.05305749,0.14656211,-0.50403523,0.029476859,0.15564507,-0.70601183,0.021555636,0.14855236,-0.84970677,0.010706783,0.14062186,-0.9753306,0.00052322313,0.07837452,-0.52331746,0.031741098,0.10920429,-0.7403333,0.016014375,0.13907869,-0.87464756,-0.0013402273,0.16269596,-0.9866763,-0.012298897,0.0049987575,-0.5004256,0.021413308,0.01618974,-0.6756993,-0.04274351,0.032424685,-0.54424024,-0.06633432,0.032769244,-0.42364553,-0.061259013,-0.0743449,-0.46407923,0.0078506805,-0.069898464,-0.63736415,-0.050032098,-0.04514735,-0.57652503,-0.06402732,-0.034280907,-0.48747584,-0.06285342
R,Zaith,Right,0.0,0.0,0.0,0.119322464,-0.1665818,-0.042279605,0.1512793,-0.37026596,-0.04044692,0.08351577,-0.5484533,-0.04103308,0.012108523,-0.66095316,-0.038279705,0.1455786,-0.49553695,0.039479766,0.14547062,-0.6965587,0.027298957,0.12954554,-0.8435274,0.010362631,0.1147964,-0.9717161,-0.0046100416,0.07444211,-0.51508826,0.03869286,0.099853605,-0.7331326,0.017201256,0.1208396,-0.87723565,-0.008261521,0.13978484,-0.9901819,-0.025288526,-0.00062134577,-0.4904645,0.0261576,-0.0044214185,-0.6725768,-0.03846906,0.007930082,-0.5662036,-0.06497321,0.013694776,-0.45080745,-0.0627985,-0.08235697,-0.44522238,0.010968611,-0.091601714,-0.61316437,-0.045577496,-0.07375472,-0.5748885,-0.06083971,-0.061510615,-0.50315875,-0.061155383
R,Zaith,Right,0.0,0.0,0.0,0.10681517,-0.16173294,-0.0446067,0.12692514,-0.37202767,-0.04760701,0.06814028,-0.5321342,-0.052436948,0.0052861054,-0.6504924,-0.054584526,0.09789297,-0.5174254,0.013702863,0.09591747,-0.71869755,-0.0016584276,0.0836745,-0.85628384,-0.014604068,0.07218265,-0.97979194,-0.02405246,0.03281616,-0.5270157,0.014657753,0.05258887,-0.7438315,-0.008198717,0.077140115,-0.8839903,-0.026519682,0.098124616,-0.9951741,-0.037262056,-0.035688344,-0.49401128,0.0053279162,-0.032000314,-0.66112596,-0.055059005,-0.0066439733,-0.53592414,-0.07276347,0.0065086856,-0.4038395,-0.064904764,-0.10772743,-0.44389457,-0.007054571,-0.11463538,-0.60964876,-0.056599706,-0.083969004,-0.5798358,-0.06575614,-0.060525786,-0.5090491,-0.062047116
R,Zaith,Right,0.0,0.0,0.0,0.103558935,-0.13999318,-0.045931615,0.13183215,-0.35022172,-0.05270754,0.08632733,-0.51585865,-0.061170597,0.031195043,-0.6410464,-0.06725611,0.09689766,-0.5176275,-0.001570063,0.09973713,-0.7257045,-0.02254041,0.0935712,-0.86407125,-0.036761098,0.08721012,-0.98869115,-0.04607212,0.035024952,-0.5278984,-0.0014426733,0.055706743,-0.7508313,-0.028187593,0.08385409,-0.8878298,-0.04527548,0.10586374,-0.99438065,-0.05462026,-0.03206052,-0.49653488,-0.010685637,-0.024065018,-0.6687818,-0.07116474,0.0023191185,-0.5380598,-0.084145315,0.014358735,-0.40411827,-0.07355136,-0.10209076,-0.4458983,-0.023188306,-0.10445294,-0.6084709,-0.07202213,-0.07283407,-0.57118523,-0.07759555,-0.05261504,-0.49610868,-0.07108195
R,Zaith,Right,0.0,0.0,0.0,0.098246284,-0.14647552,-0.04730145,0.1218617,-0.34976295,-0.05572276,0.08540225,-0.51062286,-0.0663188,0.03916536,-0.6430561,-0.073948376,0.08973714,-0.5149328,2.5849777e-05,0.09531559,-0.7237938,-0.021077342,0.09029574,-0.8578839,-0.03540297,0.08360872,-0.98055273,-0.04493359,0.030161355,-0.5262603,0.000116103736,0.049613707,-0.7492995,-0.027985735,0.07744843,-0.8856781,-0.045553725,0.099967256,-0.9949907,-0.055562805,-0.034219265,-0.4974785,-0.009883989,-0.023175314,-0.6801552,-0.070524625,0.007547503,-0.5470341,-0.08297336,0.023053298,-0.40949368,-0.07230922,-0.10066584,-0.4502111,-0.02375591,-0.095563434,-0.614126,-0.072652005,-0.060379606,-0.5780978,-0.07944703,-0.036857132,-0.50250596,-0.07407664
R,Zaith,Right,0.0,0.0,0.0,0.09938604,-0.14507516,-0.040530372,0.124605596,-0.3510701,-0.047478583,0.09573537,-0.51228553,-0.057980046,0.054929946,-0.64162856,-0.065825,0.087432064,-0.5096997,-0.0028358693,0.104194455,-0.71829563,-0.025271915,0.107836686,-0.8495301,-0.039758924,0.10730993,-0.97245693,-0.04885712,0.033831544,-0.52396905,-0.0055809747,0.05798395,-0.7471743,-0.034841213,0.091722086,-0.8846222,-0.051444698,0.11713695,-0.9931158,-0.06041491,-0.026629416,-0.49925664,-0.017074294,-0.0073483344,-0.6752193,-0.07485747,0.022579838,-0.5408582,-0.082189895,0.032677803,-0.4031047,-0.06841998,-0.08892743,-0.45730314,-0.032097057,-0.07619058,-0.62520367,-0.07694323,-0.040657725,-0.5818494,-0.07778401,-0.021556575,-0.4968063,-0.06798683
R,Zaith,Right,0.0,0.0,0.0,0.10038623,-0.14511624,-0.040582307,0.12970607,-0.34697506,-0.047715895,0.105806194,-0.50903106,-0.0591002,0.06709521,-0.641037,-0.067693666,0.08769832,-0.5095715,0.0018549006,0.10564197,-0.71735406,-0.020727264,0.11161389,-0.8477513,-0.035696946,0.11380164,-0.9701777,-0.045203384,0.03735278,-0.52342916,-0.001239201,0.06027112,-0.7460548,-0.031388268,0.09542397,-0.88274753,-0.049522866,0.123318456,-0.99236715,-0.059596803,-0.020442275,-0.4997778,-0.013578964,0.003209183,-0.67746985,-0.07389708,0.03444703,-0.5440657,-0.083634116,0.04463644,-0.40546754,-0.07072137,-0.08084194,-0.46048006,-0.029371403,-0.06571891,-0.6305828,-0.07727436,-0.029224979,-0.5828642,-0.080373935,-0.0101004755,-0.4895622,-0.07148242
R,Zaith,Right,0.0,0.0,0.0,0.09965058,-0.14141898,-0.040368162,0.13029179,-0.34324563,-0.046820212,0.102927096,-0.5015941,-0.057072096,0.07132455,-0.634443,-0.064028665,0.08818611,-0.50037473,0.00035144237,0.10805934,-0.7092621,-0.02178673,0.11600261,-0.838651,-0.035077926,0.11777738,-0.9611678,-0.04268159,0.03722438,-0.5155428,-0.0024775276,0.06585542,-0.7461501,-0.031146912,0.1032521,-0.88374364,-0.0464055,0.12984549,-0.99153423,-0.05349962,-0.018887961,-0.49386257,-0.014424838,0.007340444,-0.6729529,-0.07292311,0.038001943,-0.533873,-0.079959676,0.04558585,-0.39362562,-0.06434653,-0.07686113,-0.45596454,-0.029863117,-0.059631333,-0.6266576,-0.07482244,-0.02229748,-0.5777251,-0.07494298,-0.004382035,-0.4851035,-0.06352321
R,Zaith,Right,0.0,0.0,0.0,0.099385105,-0.13379389,-0.04447737,0.138447,-0.3212407,-0.05640667,0.11534349,-0.483554,-0.071490735,0.08078014,-0.62377465,-0.08308357,0.0947183,-0.5044759,-0.00514273,0.11554785,-0.72085345,-0.030930806,0.124846935,-0.85341233,-0.046193484,0.12990661,-0.9697516,-0.05355623,0.042981148,-0.5160306,-0.0066885347,0.06534207,-0.750402,-0.03784413,0.09818669,-0.88680696,-0.054938223,0.12363134,-0.9923282,-0.062226065,-0.013293602,-0.49216026,-0.017357249,0.017308436,-0.66208667,-0.075971,0.047004085,-0.5314322,-0.08347469,0.053664185,-0.3997899,-0.067906275,-0.070937976,-0.45084664,-0.031783108,-0.050825395,-0.61846566,-0.075948164,-0.011610943,-0.5695896,-0.07548655,0.009192876,-0.47594392,-0.06285753
R,Zaith,Right,0.0,0.0,0.0,0.101915225,-0.13228978,-0.03231602,0.13856237,-0.32921985,-0.038767103,0.1196896,-0.48700896,-0.05098658,0.082859606,-0.61286247,-0.060808938,0.09403293,-0.51195705,0.0051479484,0.11405381,-0.7199549,-0.018381787,0.12243603,-0.84852636,-0.033175886,0.12429533,-0.9632969,-0.041302178,0.045089066,-0.5230432,-0.002073094,0.07076882,-0.75152737,-0.03235548,0.106439136,-0.8843058,-0.049340185,0.1315732,-0.9913065,-0.056837864,-0.009699074,-0.49735636,-0.017303843,0.019198904,-0.66997886,-0.07503564,0.05282417,-0.53744733,-0.08140298,0.060953625,-0.40745252,-0.065684564,-0.0648785,-0.4503578,-0.035218526,-0.03898,-0.61790144,-0.0784241,0.0005034945,-0.559486,-0.075599186,0.018104993,-0.4601288,-0.0617617
R,Zaith,Right,0.0,0.0,0.0,0.10293407,-0.14870723,-0.039320387,0.13782634,-0.3506453,-0.044003837,0.10819675,-0.5211226,-0.053107657,0.06332002,-0.65306807,-0.059425436,0.102516,-0.5210289,0.016186977,0.119908854,-0.732788,-0.0011128113,0.12451141,-0.8692262,-0.013284623,0.12766433,-0.9918174,-0.020412534,0.045301188,-0.53412205,0.015026666,0.0681707,-0.7424213,-0.0075984886,0.10073406,-0.8580597,-0.022815764,0.1283584,-0.94785863,-0.03065069,-0.017133893,-0.5144851,0.003987183,0.0048473203,-0.675538,-0.051390342,0.027631946,-0.54610616,-0.0629215,0.032514185,-0.4103904,-0.05163302,-0.08418038,-0.4803998,-0.01002258,-0.0711572,-0.6442164,-0.05255063,-0.037321616,-0.5902242,-0.053295158,-0.020776452,-0.4914541,-0.0429896
R,Zaith,Right,0.0,0.0,0.0,0.10287364,-0.14182936,-0.044216488,0.13639379,-0.33617836,-0.051945325,0.09640373,-0.49908134,-0.06183765,0.053889442,-0.6308317,-0.0689294,0.10630892,-0.50897396,0.0028135653,0.11685102,-0.71739644,-0.019775106,0.11525622,-0.85698825,-0.035694934,0.11220587,-0.9782967,-0.044062044,0.044257157,-0.5210431,0.0030966296,0.067097194,-0.74738294,-0.022794437,0.09324601,-0.8835651,-0.039119925,0.115133874,-0.99334997,-0.046336584,-0.022078807,-0.49539304,-0.0057896194,-0.0035449544,-0.660367,-0.061011698,0.016362365,-0.5336453,-0.068271756,0.019969206,-0.407155,-0.053278267,-0.09225344,-0.44925976,-0.018223902,-0.08530986,-0.6101797,-0.05800828,-0.057169635,-0.5673596,-0.054028723,-0.044718705,-0.4882118,-0.03999472
R,Zaith,Right,0.0,0.0,0.0,0.089824356,-0.14022353,-0.04516434,0.11857606,-0.33499533,-0.05637127,0.07504729,-0.48847207,-0.069961004,0.012733897,-0.59439117,-0.08045318,0.09432784,-0.52522856,0.0028124051,0.09222831,-0.72069633,-0.020980801,0.081770696,-0.8531355,-0.039768554,0.07174741,-0.97467816,-0.05314137,0.03182461,-0.53502905,-0.0007224693,0.05187453,-0.7459837,-0.031641513,0.075533204,-0.88045,-0.052229464,0.094040334,-0.9955684,-0.06329762,-0.03625794,-0.5007315,-0.013687015,-0.03542927,-0.6650531,-0.07780267,-0.012919424,-0.5253144,-0.0871216,-0.0015686847,-0.3955331,-0.073146164,-0.10566438,-0.44133306,-0.030279005,-0.105498604,-0.5868591,-0.082655594,-0.076275125,-0.5119509,-0.08330908,-0.061021168,-0.41677985,-0.07154657
R,Zaith,Right,0.0,0.0,0.0,0.07755959,-0.15365976,-0.04043245,0.10022497,-0.3413047,-0.05415109,0.055368405,-0.4828214,-0.07121079,-0.009970207,-0.57446647,-0.08567859,0.07204307,-0.5335115,-0.0040757484,0.0648349,-0.7268963,-0.03072496,0.052359052,-0.85218775,-0.04978255,0.039669856,-0.96823245,-0.062264144,0.0102509735,-0.5416251,-0.010688451,0.027807655,-0.75725013,-0.04328714,0.04738881,-0.88758314,-0.062355027,0.060891654,-0.9981444,-0.071194015,-0.05739716,-0.50338316,-0.025350126,-0.0635492,-0.65688473,-0.08749951,-0.03573328,-0.51469487,-0.092306085,-0.0183242,-0.38752308,-0.07511542,-0.12550688,-0.43458816,-0.043255858,-0.13045578,-0.57688934,-0.09039346,-0.094469026,-0.4987191,-0.08435907,-0.07136733,-0.40088174,-0.067636885
R,Zaith,Right,0.0,0.0,0.0,0.08083042,-0.14288239,-0.042367585,0.108051024,-0.32700586,-0.05716049,0.06840872,-0.47407508,-0.07508497,0.0033312335,-0.56600773,-0.090896085,0.079478756,-0.5175559,-0.008641425,0.076253414,-0.7145293,-0.03851589,0.06440923,-0.8450513,-0.059412695,0.051901154,-0.96525633,-0.07306458,0.01907478,-0.5280325,-0.014793811,0.038759887,-0.74602973,-0.05123747,0.060076836,-0.8814083,-0.072331145,0.07481534,-0.9971974,-0.08264544,-0.048505392,-0.49416077,-0.029040541,-0.050755855,-0.6522643,-0.09410135,-0.02276445,-0.5134264,-0.10016838,-0.005665602,-0.38464874,-0.083724916,-0.117541,-0.43304357,-0.046640147,-0.118846275,-0.5754144,-0.095728055,-0.08552155,-0.50020474,-0.091267824,-0.06652928,-0.40450656,-0.075909585
R,Zaith,Right,0.0,0.0,0.0,0.08555296,-0.13531835,-0.052502085,0.11625439,-0.31973112,-0.06941748,0.08572036,-0.47162896,-0.08802734,0.026999813,-0.58261853,-0.10296378,0.09194821,-0.5345848,-0.0032765395,0.093863584,-0.724706,-0.0297587,0.08793656,-0.8542275,-0.049738612,0.08201625,-0.97101253,-0.063099384,0.031917423,-0.54086447,-0.004666162,0.05243026,-0.74591386,-0.03862629,0.079036586,-0.88056785,-0.06019141,0.10024789,-0.9949625,-0.071217254,-0.03579667,-0.50442976,-0.01656294,-0.028902426,-0.65112084,-0.08255158,-0.0019654592,-0.50963247,-0.0918759,0.011694542,-0.38289374,-0.07731676,-0.10385022,-0.44741455,-0.032909956,-0.09775346,-0.58675903,-0.08475717,-0.06738737,-0.5051982,-0.0845217,-0.052580923,-0.409573,-0.072139464
R,Zaith,Right,0.0,0.0,0.0,0.088421114,-0.12665516,-0.0468034,0.123596095,-0.30465552,-0.061650936,0.096895956,-0.45970178,-0.07894467,0.039739594,-0.5621006,-0.093723014,0.09669329,-0.507537,-0.008038073,0.10582842,-0.6945272,-0.037127092,0.10359324,-0.81930315,-0.05776575,0.09892599,-0.9367931,-0.07149449,0.03851417,-0.52565926,-0.012522349,0.0630712,-0.74142486,-0.049251247,0.09167019,-0.878062,-0.07094136,0.11252848,-0.9936485,-0.08178941,-0.026325194,-0.49731958,-0.026053144,-0.01746696,-0.65307444,-0.09246354,0.0084733395,-0.5131181,-0.10129116,0.020674562,-0.38382465,-0.08625522,-0.092942305,-0.44265193,-0.04345636,-0.08564195,-0.5857083,-0.095481284,-0.054437377,-0.50889754,-0.09529622,-0.03933124,-0.41094986,-0.08270347
R,Zaith,Right,0.0,0.0,0.0,0.095344946,-0.1263844,-0.043372624,0.13526727,-0.30135396,-0.057289578,0.11074783,-0.45621997,-0.074997485,0.062207684,-0.56541216,-0.09047101,0.10287854,-0.5010057,-0.0069407015,0.11655931,-0.6942089,-0.037861444,0.11913401,-0.8203656,-0.059263323,0.118652806,-0.93773425,-0.073284656,0.047448825,-0.51939946,-0.013547846,0.07578852,-0.7409783,-0.05272822,0.10882934,-0.8759818,-0.07609319,0.1342516,-0.9909473,-0.08835816,-0.014031353,-0.4941191,-0.028995339,0.0001522284,-0.6597999,-0.09560723,0.026611494,-0.526948,-0.1051835,0.038385455,-0.39864853,-0.0911802,-0.07852068,-0.44129002,-0.04815582,-0.06839357,-0.5949514,-0.09937305,-0.0346976,-0.52890885,-0.100105844,-0.017303333,-0.4335312,-0.088660195
R,Zaith,Right,0.0,0.0,0.0,0.095536396,-0.127611,-0.047056623,0.13484873,-0.30250862,-0.06146743,0.1143828,-0.45688438,-0.07940725,0.06957844,-0.5777289,-0.09466883,0.10719048,-0.50002027,-0.004508751,0.123346366,-0.6956148,-0.035954583,0.12809417,-0.82630205,-0.057500713,0.13077712,-0.9448326,-0.07041544,0.05276523,-0.5156527,-0.008654626,0.08276579,-0.73583186,-0.048946228,0.113468684,-0.87595886,-0.07374257,0.13731633,-0.9905273,-0.08543698,-0.008681571,-0.49080753,-0.022449333,0.008584785,-0.6466941,-0.09251082,0.032292247,-0.5131789,-0.10574167,0.042589553,-0.3832217,-0.09198697,-0.07305934,-0.44363308,-0.03997682,-0.06118603,-0.59258145,-0.093011804,-0.029682884,-0.52857274,-0.09566712,-0.012280395,-0.43439087,-0.08437318
R,Zaith,Right,0.0,0.0,0.0,0.095960006,-0.13144445,-0.041144434,0.13373482,-0.30964234,-0.05419689,0.1083451,-0.46212468,-0.07157132,0.06526599,-0.58140975,-0.086617626,0.10151827,-0.50775707,-0.006383582,0.1165902,-0.70951873,-0.03807919,0.122457154,-0.8419197,-0.05889992,0.1251196,-0.96270484,-0.0715948,0.045766804,-0.5229683,-0.013251089,0.073918216,-0.7460349,-0.05313468,0.10633345,-0.8807904,-0.07648388,0.13048932,-0.9914497,-0.08782294,-0.015512155,-0.49779233,-0.028651588,-0.0009838484,-0.6623427,-0.094535105,0.026679702,-0.5263638,-0.10321985,0.038285103,-0.39667758,-0.088122115,-0.07888945,-0.4465167,-0.047528476,-0.06817918,-0.6004519,-0.09672168,-0.033100072,-0.5342805,-0.09629298,-0.013945163,-0.43941864,-0.08365158
R,Zaith,Right,0.0,0.0,0.0,0.09385894,-0.13392073,-0.045653053,0.13081093,-0.30930713,-0.06045346,0.1039751,-0.4618202,-0.078772284,0.058417488,-0.5803461,-0.09395414,0.09999054,-0.50862646,-0.006181867,0.11071346,-0.70763355,-0.03626576,0.11204694,-0.8393208,-0.056386534,0.110419504,-0.96179074,-0.06954843,0.043797363,-0.5261247,-0.011179426,0.071040004,-0.7460392,-0.049824867,0.102827415,-0.8802347,-0.072185755,0.1265753,-0.991957,-0.08370825,-0.018962,-0.5006516,-0.025496539,-0.0058664153,-0.6705073,-0.0920878,0.020016603,-0.52868134,-0.09995627,0.031428114,-0.3939888,-0.08454291,-0.08426394,-0.44837028,-0.043837093,-0.07600479,-0.5974979,-0.095344424,-0.04323201,-0.52998435,-0.09618068,-0.027051812,-0.43587738,-0.084619805
R,Zaith,Right,0.0,0.0,0.0,0.090254724,-0.13897377,-0.04206619,0.120336056,-0.33002377,-0.053032048,0.08196831,-0.4857897,-0.06715945,0.02417761,-0.58728784,-0.07888475,0.09850176,-0.53000903,8.764503e-05,0.10139069,-0.72334313,-0.024738662,0.09619745,-0.8517706,-0.043631323,0.09125627,-0.9677917,-0.055937663,0.038537446,-0.54169977,-0.004300739,0.05933573,-0.75212055,-0.03473509,0.08509603,-0.8842359,-0.054195285,0.10610949,-0.9943544,-0.06434388,-0.02767838,-0.5098394,-0.017301561,-0.025407944,-0.6683313,-0.07685428,-0.0015529733,-0.53334755,-0.08451369,0.011080484,-0.40169564,-0.07034155,-0.097174235,-0.45109075,-0.03392773,-0.097920574,-0.5968842,-0.07969522,-0.06865549,-0.52693063,-0.07724048,-0.053299207,-0.43040124,-0.06411073
R,Zaith,Right,0.0,0.0,0.0,0.09662139,-0.15801087,-0.04370955,0.1300386,-0.35564023,-0.054583225,0.07934046,-0.51030695,-0.06815219,0.014441898,-0.61564887,-0.079063356,0.10190468,-0.5366604,0.0048825825,0.09844109,-0.7360216,-0.018283475,0.083738565,-0.87042713,-0.036911994,0.06931464,-0.9933248,-0.050713375,0.037625495,-0.5472312,0.0011132008,0.058357585,-0.7580194,-0.029463796,0.08082735,-0.8865215,-0.04989353,0.09772578,-0.9952134,-0.061478674,-0.032515384,-0.5133549,-0.012141194,-0.034426406,-0.6880111,-0.07642011,-0.0093417205,-0.54677355,-0.08635714,0.0046205116,-0.4115918,-0.07339444,-0.10549041,-0.45302922,-0.028780911,-0.10684987,-0.6048903,-0.08114829,-0.07436122,-0.5331597,-0.08264202,-0.055908017,-0.43697596,-0.07209033
R,Zaith,Right,0.0,0.0,0.0,0.10516549,-0.16526161,-0.048467074,0.13641618,-0.36513272,-0.05707992,0.07555442,-0.51880556,-0.067965135,0.005113894,-0.629456,-0.075870804,0.110764645,-0.54296947,0.01702006,0.10741901,-0.7401373,-0.0004777868,0.09324738,-0.8743343,-0.017195504,0.08022795,-0.9967765,-0.030829865,0.044622257,-0.5501691,0.016402148,0.066668786,-0.7542547,-0.009939442,0.0908203,-0.88341624,-0.03116331,0.11004614,-0.9926623,-0.04389909,-0.028129237,-0.5130905,0.0044645094,-0.027276624,-0.6839059,-0.063031524,-0.0022466949,-0.5405151,-0.07894932,0.010648311,-0.40663156,-0.068881,-0.10558677,-0.45483592,-0.010819433,-0.10483372,-0.60822165,-0.069173,-0.074374,-0.52728087,-0.0758115,-0.05851902,-0.4264772,-0.06826327
R,Zaith,Right,0.0,0.0,0.0,0.10249519,-0.15471217,-0.05682206,0.1322675,-0.36002183,-0.06714655,0.065779895,-0.5159194,-0.07809613,-0.009161749,-0.6303666,-0.08558463,0.112361364,-0.5364769,0.0136131095,0.10567855,-0.72879875,-0.0038478044,0.08673674,-0.8672414,-0.020777084,0.06782132,-0.98857,-0.035127576,0.042386755,-0.54036653,0.015329815,0.0648073,-0.7507166,-0.011804859,0.08692861,-0.8846023,-0.032911025,0.10251683,-0.99473125,-0.045351803,-0.031011084,-0.49905714,0.004228787,-0.038172185,-0.6792876,-0.069903836,-0.017075997,-0.54227793,-0.09100538,-0.0050811945,-0.41079363,-0.08277339,-0.109115236,-0.43996242,-0.010684234,-0.12244857,-0.60218334,-0.07735566,-0.09728586,-0.5377121,-0.0912789,-0.081462555,-0.4478977,-0.08831545
R,Zaith,Right,0.0,0.0,0.0,0.1004934,-0.16002879,-0.04294203,0.13031504,-0.36070663,-0.0522627,0.07016038,-0.5166599,-0.06466528,-0.0005760761,-0.6206913,-0.0747351,0.105474204,-0.5339959,0.009223903,0.10428599,-0.7309234,-0.014745133,0.0923485,-0.86561644,-0.03411507,0.081434235,-0.98881704,-0.048283935,0.039723136,-0.5452024,0.00560248,0.06448056,-0.7549638,-0.026246134,0.088297464,-0.8831341,-0.048522815,0.10721855,-0.99423546,-0.060942344,-0.032312114,-0.51079047,-0.0076539195,-0.035748802,-0.679149,-0.075364225,-0.011243506,-0.5413183,-0.0881997,0.0037464085,-0.40952846,-0.07586407,-0.108190924,-0.4506468,-0.02374438,-0.11064304,-0.6004655,-0.07776457,-0.08062103,-0.5349242,-0.08046559,-0.06368288,-0.4464843,-0.0704219
R,Zaith,Right,0.0,0.0,0.0,0.09557532,-0.1533475,-0.049801555,0.12517963,-0.34726575,-0.064178266,0.07716212,-0.50026655,-0.08064031,0.00985845,-0.6103246,-0.09417513,0.09912634,-0.5375453,0.00013150649,0.09613894,-0.73390824,-0.025606932,0.08421297,-0.86742467,-0.04559926,0.07327193,-0.9898572,-0.060066376,0.03549449,-0.5472346,-0.0018528352,0.057248272,-0.7541154,-0.035356477,0.081540756,-0.8829906,-0.057269875,0.10125565,-0.9948604,-0.069455214,-0.035221357,-0.51218843,-0.014140994,-0.034212664,-0.67863154,-0.08281988,-0.010319382,-0.53200763,-0.09399137,0.0032713285,-0.3960623,-0.08061035,-0.10805676,-0.4525598,-0.030207748,-0.108152546,-0.5998685,-0.08572931,-0.075963,-0.5240709,-0.088335544,-0.05704859,-0.42685354,-0.07797621
R,Zaith,Right,0.0,0.0,0.0,0.088897236,-0.13635306,-0.041072305,0.11930696,-0.32805967,-0.05400149,0.08157461,-0.48403266,-0.0698593,0.022809662,-0.5923527,-0.08371224,0.09773866,-0.51512766,-0.008298874,0.10206711,-0.7114346,-0.037382573,0.09742331,-0.84292096,-0.05757774,0.0914888,-0.9618042,-0.07025633,0.037575137,-0.5292779,-0.013776305,0.061838545,-0.7475801,-0.048052404,0.088637136,-0.88140833,-0.06775768,0.108564064,-0.9940895,-0.07728665,-0.029817984,-0.49988574,-0.027076475,-0.026172409,-0.6632134,-0.08827783,-0.0015554358,-0.52774644,-0.092506245,0.010691802,-0.39995965,-0.07556459,-0.099227786,-0.44385746,-0.043740023,-0.096127234,-0.59416336,-0.08837459,-0.06647272,-0.52527976,-0.08208097,-0.053378668,-0.43412358,-0.06615206
R,Zaith,Right,0.0,0.0,0.0,0.09062906,-0.12830883,-0.043635793,0.12755966,-0.32321987,-0.056109034,0.09654535,-0.4828435,-0.07160638,0.041278712,-0.5928522,-0.08467223,0.10409877,-0.5254454,-0.005264718,0.11334272,-0.7214736,-0.032064218,0.11300376,-0.84800214,-0.051239315,0.1107825,-0.9645161,-0.06423661,0.044745248,-0.5402517,-0.010551626,0.06857391,-0.7566241,-0.044454064,0.10001395,-0.88442254,-0.06465007,0.12420359,-0.99225676,-0.07518535,-0.022545096,-0.5095437,-0.024344673,-0.011065236,-0.6782427,-0.08667545,0.013858932,-0.52853394,-0.08979699,0.022247406,-0.3942792,-0.072265916,-0.09131331,-0.4525049,-0.04196408,-0.08395128,-0.60619545,-0.09016227,-0.05553994,-0.5277279,-0.0852477,-0.046775006,-0.4301764,-0.07005887
R,Zaith,Right,0.0,0.0,0.0,0.10112711,-0.11005232,-0.045445025,0.15354952,-0.28903607,-0.057890866,0.12888482,-0.4497808,-0.072803676,0.07507786,-0.56457055,-0.08427338,0.14649577,-0.5174593,0.0024511686,0.16502546,-0.7116189,-0.021905458,0.17143662,-0.83966684,-0.041271605,0.17680165,-0.9557413,-0.054462884,0.08461793,-0.54433364,-0.0014233427,0.12173571,-0.747833,-0.0332524,0.15706098,-0.87636817,-0.055035252,0.18456773,-0.9828198,-0.066073865,0.013549865,-0.525405,-0.014506709,0.02746326,-0.6766374,-0.07605849,0.03728363,-0.52838576,-0.0832721,0.037123006,-0.39862177,-0.06757146,-0.059563845,-0.4789922,-0.031519786,-0.04809432,-0.61776954,-0.07923549,-0.027815081,-0.529157,-0.07590079,-0.022775687,-0.42826453,-0.06100389
R,Zaith,Right,0.0,0.0,0.0,0.10763417,-0.16494687,-0.042911764,0.1345336,-0.36938387,-0.045284513,0.09665108,-0.53862226,-0.051556468,0.04590678,-0.669399,-0.05380484,0.11646227,-0.55178577,0.0323804,0.12504923,-0.74390346,0.023354778,0.12163713,-0.87289697,0.011936769,0.11718018,-0.98949486,0.002714147,0.05446016,-0.5660954,0.03319527,0.08165814,-0.76404166,0.016212115,0.10753001,-0.8870608,-0.00025804926,0.12974843,-0.9915469,-0.010097201,-0.0146969855,-0.539245,0.022546815,0.0008330031,-0.7017497,-0.03188276,0.02226654,-0.56394905,-0.04394758,0.030192114,-0.42954054,-0.033077545,-0.087393604,-0.49450922,0.007886417,-0.072590575,-0.655248,-0.038079,-0.042257313,-0.598843,-0.042639162,-0.024833454,-0.50710833,-0.035047565
R,Zaith,Right,0.0,0.0,0.0,0.10020494,-0.14520822,-0.045721237,0.13146521,-0.35138187,-0.052452695,0.097658515,-0.51823133,-0.06172341,0.044369344,-0.64873797,-0.06814272,0.10834648,-0.5236267,0.007982925,0.11545175,-0.72189856,-0.0101509625,0.10915011,-0.8544017,-0.023836823,0.10208145,-0.9743592,-0.03284819,0.047991592,-0.5403514,0.008440046,0.073613755,-0.7562048,-0.015772035,0.10285245,-0.88629735,-0.030979792,0.12796502,-0.9917787,-0.038578507,-0.01936844,-0.51523507,-0.0012680766,-0.005303208,-0.68530995,-0.059593182,0.016889634,-0.5478685,-0.06912076,0.026093613,-0.41138372,-0.05593863,-0.08999197,-0.4706887,-0.014877213,-0.08458028,-0.63335234,-0.06091889,-0.056121267,-0.5912477,-0.06303624,-0.039448917,-0.513593,-0.053964093
R,Zaith,Right,0.0,0.0,0.0,0.11231092,-0.15517439,-0.04092776,0.14606798,-0.36117542,-0.0444543,0.09711288,-0.532506,-0.051845677,0.043644994,-0.66244423,-0.05636944,0.12344184,-0.52604765,0.022110704,0.13067962,-0.7352162,0.0033637667,0.12585907,-0.8711683,-0.012387063,0.1213253,-0.9926128,-0.022738222,0.057348277,-0.5393525,0.020053811,0.08362997,-0.7538812,-0.006831337,0.11265557,-0.8811112,-0.026462898,0.13687235,-0.9872605,-0.036477096,-0.01575516,-0.51492494,0.0073644044,-0.0056796283,-0.6832221,-0.05551214,0.013465139,-0.54234415,-0.06783396,0.018961238,-0.40973207,-0.055293642,-0.09354848,-0.47327474,-0.008360488,-0.08700071,-0.6360992,-0.057414524,-0.06293202,-0.57110673,-0.05862416,-0.05351206,-0.48097295,-0.047830697
R,Zaith,Right,0.0,0.0,0.0,0.11914648,-0.1406385,-0.046838414,0.15855487,-0.35984683,-0.049622566,0.102234595,-0.5376562,-0.053641982,0.037430674,-0.66541123,-0.0550155,0.13614526,-0.51260436,0.013971967,0.14728339,-0.71698105,-0.00052262563,0.13979653,-0.8608715,-0.013028311,0.13168885,-0.9891409,-0.023013107,0.06801271,-0.53166354,0.014592933,0.1011995,-0.75381327,-0.0076350695,0.13529676,-0.88345736,-0.024008775,0.16267796,-0.9866792,-0.033255886,-0.0060077016,-0.5071232,0.0046042977,0.00885854,-0.68697923,-0.060074374,0.030031115,-0.5431277,-0.07409587,0.034338288,-0.4063956,-0.062711015,-0.084510334,-0.46554857,-0.008411756,-0.07883113,-0.63953,-0.062334914,-0.05132539,-0.58229375,-0.06748439,-0.039754935,-0.49434522,-0.060039405
R,Zaith,Right,0.0,0.0,0.0,0.122744866,-0.15656494,-0.043710396,0.15810372,-0.37656388,-0.038431242,0.09706444,-0.5574494,-0.03529894,0.027919704,-0.6743895,-0.028712604,0.14851649,-0.5078846,0.041929424,0.15443072,-0.70854276,0.034205474,0.14545108,-0.8529244,0.021655409,0.13546716,-0.9817438,0.010468627,0.07798289,-0.52913034,0.043097418,0.10600915,-0.74138796,0.025028866,0.13353078,-0.87574846,0.004984793,0.15622877,-0.9877209,-0.0065568904,0.000962606,-0.5067722,0.032015458,0.005657166,-0.6758335,-0.033103224,0.01708462,-0.5332927,-0.052647643,0.017145671,-0.40899166,-0.043282114,-0.08312529,-0.46887124,0.018134812,-0.0794737,-0.63552487,-0.035908706,-0.06118267,-0.5818898,-0.043947574,-0.055264868,-0.51125836,-0.038262423
R,Zaith,Right,0.0,0.0,0.0,0.12857288,-0.15950276,-0.041975096,0.16334403,-0.37355936,-0.032581635,0.09713223,-0.55612516,-0.024497397,0.024013134,-0.66731036,-0.012759925,0.1508707,-0.48951948,0.04922387,0.15629305,-0.68661296,0.047131088,0.14344873,-0.83445406,0.037421722,0.13114506,-0.9635986,0.02674627,0.080042794,-0.5135977,0.05039575,0.11085033,-0.73304576,0.039400056,0.13688919,-0.87335014,0.020901559,0.15960538,-0.9871809,0.008481376,0.0037036918,-0.49241954,0.03897597,0.009573282,-0.6756582,-0.023539908,0.020147558,-0.5500172,-0.048805807,0.01962565,-0.43455976,-0.04460234,-0.0797741,-0.4550594,0.02504974,-0.080911055,-0.63218474,-0.032293387,-0.059770793,-0.5850683,-0.047952343,-0.048465777,-0.5114908,-0.04824118
R,Zaith,Right,0.0,0.0,0.0,0.12892516,-0.16478777,-0.04069662,0.16254497,-0.3751219,-0.030729316,0.095878825,-0.55429363,-0.023377014,0.026413918,-0.6713555,-0.0126442425,0.15019676,-0.49953583,0.0579512,0.15531744,-0.69827825,0.056537252,0.14309493,-0.8459357,0.046560742,0.13117042,-0.9763133,0.0361654,0.079255275,-0.52229255,0.058724187,0.1113248,-0.7411408,0.046520755,0.1375616,-0.8768048,0.026182692,0.1597791,-0.9871528,0.01395614,0.0022254316,-0.5002755,0.046721842,0.008341655,-0.67715716,-0.017660413,0.020079318,-0.5360059,-0.04157362,0.021150872,-0.41379046,-0.034725472,-0.08237978,-0.45994908,0.032429494,-0.08226292,-0.6330236,-0.024158638,-0.06037914,-0.568254,-0.035602387,-0.048024014,-0.48531386,-0.03171102
R,Zaith,Right,0.0,0.0,0.0,0.12932095,-0.16815268,-0.04465003,0.16072631,-0.37943152,-0.0313285,0.09539589,-0.551806,-0.019840108,0.021202521,-0.6663549,-0.0035182664,0.14900018,-0.5043556,0.071538925,0.15362686,-0.70184207,0.07841046,0.14282563,-0.8484046,0.073765896,0.13254184,-0.97403234,0.066730715,0.07786002,-0.5224367,0.07442267,0.109711654,-0.7421154,0.07037083,0.13673565,-0.87842715,0.053382512,0.15865612,-0.9873339,0.04338055,0.0004106804,-0.49844122,0.062303085,0.0069402666,-0.6734269,-0.0020827246,0.014252778,-0.533225,-0.032044623,0.010260264,-0.41718963,-0.028099159,-0.08363265,-0.46335343,0.04764169,-0.08412444,-0.6360559,-0.011791991,-0.066821806,-0.57237864,-0.029515518,-0.060040675,-0.4918878,-0.029947944
R,Zaith,Right,0.0,0.0,0.0,0.12632401,-0.16521448,-0.045867845,0.16279769,-0.37438083,-0.033028577,0.093778916,-0.5526432,-0.020762129,0.016356898,-0.6602892,-0.0032541095,0.15597807,-0.48825184,0.06741537,0.15961362,-0.6845861,0.06960845,0.1441303,-0.8331968,0.060134847,0.12833722,-0.9655202,0.04978839,0.08406789,-0.51063955,0.07085528,0.11623311,-0.73082924,0.062048547,0.14225559,-0.87084514,0.04066034,0.16212747,-0.9867698,0.027768785,0.0054954663,-0.49178195,0.059878603,0.009077467,-0.6664483,-0.005665078,0.018484138,-0.5215828,-0.034132063,0.01629651,-0.40429837,-0.028799301,-0.0798086,-0.4588026,0.04624698,-0.08072726,-0.628289,-0.010165673,-0.0638611,-0.56150264,-0.02317339,-0.05938112,-0.48195487,-0.020204863
R,Zaith,Right,0.0,0.0,0.0,0.13590191,-0.1794268,-0.04296457,0.17325145,-0.37997034,-0.034133866,0.10911577,-0.5553444,-0.025727028,0.03897877,-0.6562833,-0.012074999,0.1735569,-0.4896777,0.050475366,0.18159035,-0.6931598,0.042943846,0.17028995,-0.8438869,0.028241945,0.15944806,-0.9769837,0.015275124,0.10074758,-0.5165186,0.051539645,0.13777365,-0.727815,0.037054457,0.16279875,-0.8659684,0.013537219,0.18542053,-0.9826593,-0.0013401832,0.019985177,-0.50252616,0.03945425,0.02159137,-0.6754953,-0.022016928,0.033241004,-0.5562598,-0.05111476,0.03921012,-0.44776574,-0.048884306,-0.06779367,-0.4686505,0.024422577,-0.07222309,-0.63814485,-0.026516432,-0.049735017,-0.59219027,-0.040759925,-0.03272517,-0.5201369,-0.040309142
R,Zaith,Right,0.0,0.0,0.0,0.124076664,-0.13651523,-0.05262156,0.16418892,-0.3593686,-0.046863586,0.09947329,-0.5410883,-0.040605124,0.025328213,-0.66102004,-0.029817214,0.14858659,-0.4954892,0.041983437,0.15629362,-0.69455457,0.03957413,0.14971109,-0.84038234,0.03198902,0.1416199,-0.97038656,0.024017638,0.07869835,-0.5201049,0.047661487,0.114019014,-0.73956615,0.034063015,0.14834689,-0.87325495,0.017792596,0.17415449,-0.9847183,0.009994403,0.0020118179,-0.5024359,0.03977805,0.012000092,-0.67482597,-0.03041231,0.024006765,-0.52021027,-0.053116694,0.020841196,-0.3964901,-0.042414453,-0.08235003,-0.4738466,0.029102398,-0.07791868,-0.64904964,-0.031284332,-0.058822554,-0.5757946,-0.041922938,-0.05465472,-0.4909551,-0.03606575
R,Zaith,Right,0.0,0.0,0.0,0.10730058,-0.14940731,-0.04346505,0.13843727,-0.35404032,-0.048732474,0.09271101,-0.52050775,-0.057063404,0.037378144,-0.6504666,-0.06265993,0.11258424,-0.51700675,0.012999099,0.122391075,-0.72029704,-0.005744027,0.11882975,-0.8577659,-0.020113116,0.114773266,-0.9840191,-0.030194655,0.049973954,-0.5364864,0.011573383,0.07662638,-0.75342417,-0.014543137,0.10706831,-0.8845663,-0.033196855,0.13141817,-0.99132705,-0.043472636,-0.019605126,-0.51426715,2.3582704e-06,-0.009424921,-0.68469435,-0.06279877,0.013789226,-0.54641116,-0.077354,0.022402942,-0.41124162,-0.06693536,-0.09319808,-0.47241172,-0.014592465,-0.08969417,-0.6339247,-0.06541191,-0.05934802,-0.57757825,-0.07057764,-0.04364237,-0.48987222,-0.06308165
R,Zaith,Right,0.0,0.0,0.0,0.101917244,-0.14715819,-0.039662857,0.13138102,-0.35834333,-0.045231294,0.09992021,-0.5268924,-0.054557342,0.053844012,-0.65806943,-0.061503354,0.09904197,-0.5183831,0.0047835596,0.113032274,-0.7229478,-0.01700601,0.11384657,-0.85769665,-0.03211495,0.112990506,-0.9816159,-0.042234235,0.041111358,-0.5373263,0.0019098682,0.06344157,-0.75647825,-0.026680088,0.09789724,-0.88828224,-0.043574777,0.12749399,-0.99183935,-0.05300685,-0.024209302,-0.5153628,-0.01012185,-0.0038337721,-0.6944635,-0.068804495,0.02323789,-0.55840844,-0.07639986,0.032897543,-0.418502,-0.06300232,-0.09182414,-0.47303993,-0.025532702,-0.08184468,-0.6377223,-0.07205248,-0.04764375,-0.5911222,-0.0737028,-0.029015599,-0.50606334,-0.06452639
R,Zaith,Right,0.0,0.0,0.0,0.10141137,-0.14107002,-0.0375524,0.12907249,-0.34960622,-0.04229119,0.099720635,-0.5144381,-0.05169548,0.056734394,-0.64508516,-0.058723025,0.0854833,-0.5108658,0.005587274,0.1037366,-0.7206335,-0.015590792,0.11081977,-0.8541576,-0.028788548,0.11349586,-0.9768397,-0.03692499,0.031852365,-0.5282479,0.0011057628,0.05362472,-0.75765955,-0.027035967,0.09247628,-0.8903776,-0.04228809,0.121642135,-0.99257404,-0.050069228,-0.027563354,-0.50610715,-0.012481174,-0.005795053,-0.6914208,-0.07134198,0.026116753,-0.5524623,-0.07867624,0.034396496,-0.40940708,-0.06416376,-0.090200275,-0.46464628,-0.029204492,-0.08325118,-0.6404303,-0.0750948,-0.045293372,-0.5966957,-0.07611272,-0.025076125,-0.5067736,-0.06607758
R,Zaith,Right,0.0,0.0,0.0,0.11023412,-0.11678581,-0.03744491,0.15303363,-0.32105657,-0.042709712,0.13426787,-0.49578148,-0.052323706,0.10404726,-0.63548434,-0.05920179,0.12453491,-0.48647228,0.0023726379,0.15820217,-0.69735026,-0.021176917,0.17610478,-0.8302717,-0.03473844,0.1914263,-0.9500224,-0.042311978,0.07000676,-0.51838297,-0.0024391343,0.112202905,-0.750249,-0.032963064,0.1592099,-0.88025635,-0.049230486,0.1984583,-0.98010933,-0.057171114,0.007105122,-0.50977504,-0.015823502,0.0421264,-0.69812566,-0.0742268,0.061524596,-0.55276513,-0.07783557,0.061110355,-0.40440384,-0.060586736,-0.05998695,-0.4781324,-0.032483518,-0.04063503,-0.6532072,-0.07591128,-0.007047647,-0.6076754,-0.07351921,0.0072226403,-0.5183705,-0.06094528
R,Zaith,Right,0.0,0.0,0.0,0.117795356,-0.112787604,-0.042740114,0.16723871,-0.32377478,-0.047537114,0.15198909,-0.508174,-0.05595494,0.11586334,-0.6504529,-0.061466355,0.13920502,-0.4979795,0.0060762325,0.17650901,-0.7032675,-0.013830153,0.19415042,-0.83711326,-0.02645754,0.20754783,-0.96030045,-0.03481027,0.084873974,-0.53107846,0.004394862,0.13191597,-0.7502364,-0.023000792,0.18073697,-0.8753557,-0.037922252,0.21901079,-0.97572243,-0.04579753,0.02108979,-0.52569216,-0.0072161336,0.060794502,-0.70726115,-0.06940913,0.07644893,-0.5544221,-0.07718999,0.07138898,-0.4036181,-0.062009685,-0.047324263,-0.50098914,-0.022304377,-0.022194525,-0.6730399,-0.072824426,0.008881523,-0.6136827,-0.07560827,0.019658783,-0.51407564,-0.066102035
R,Zaith,Right,0.0,0.0,0.0,0.125556,-0.09904363,-0.044142995,0.18628924,-0.2987456,-0.052208982,0.17727107,-0.4842944,-0.06360627,0.14691931,-0.6324598,-0.07255889,0.17168657,-0.46333534,-0.0055959476,0.22093244,-0.67411035,-0.031257797,0.24418402,-0.81547254,-0.046420995,0.2619534,-0.9457303,-0.0554649,0.11625266,-0.509818,-0.008312141,0.17995586,-0.73367083,-0.04083545,0.23512311,-0.86087835,-0.057327196,0.27739218,-0.9607568,-0.06521558,0.04885915,-0.51958823,-0.020189557,0.096644774,-0.69822574,-0.08455029,0.104159094,-0.54667234,-0.09174229,0.09204267,-0.3963607,-0.07551713,-0.024720471,-0.5087848,-0.03558685,0.009571482,-0.6765428,-0.08494689,0.038071416,-0.6114933,-0.0849154,0.043857936,-0.5089232,-0.073202886
R,Zaith,Right,0.0,0.0,0.0,0.07784895,-0.14709668,-0.025579218,0.10382118,-0.32777807,-0.040478993,0.100067474,-0.46635175,-0.058864545,0.061666466,-0.5642562,-0.07373908,0.027172204,-0.50678855,-0.024488952,0.041660123,-0.71234334,-0.06231853,0.05343359,-0.8372811,-0.08703873,0.060315743,-0.9499562,-0.1021592,-0.02292156,-0.5015208,-0.041033145,-0.021215783,-0.7541842,-0.0824449,0.020880375,-0.8918314,-0.10082838,0.057203896,-0.99836254,-0.10847107,-0.06799606,-0.45028806,-0.06256129,-0.015448263,-0.6058075,-0.1216354,0.0292652,-0.48968163,-0.117503494,0.03976109,-0.38730353,-0.097170725,-0.09851694,-0.3671252,-0.08672917,-0.04691653,-0.5121428,-0.1311778,0.0049600475,-0.44871247,-0.11972777,0.02462369,-0.36259428,-0.09984322
R,Zaith,Right,0.0,0.0,0.0,0.07958105,-0.15408908,-0.021759197,0.10862678,-0.33268794,-0.03590623,0.10960992,-0.47016793,-0.054212842,0.07129088,-0.56791556,-0.068890214,0.02628712,-0.5111774,-0.024120297,0.051374283,-0.71444863,-0.06129887,0.06452185,-0.8371214,-0.08590346,0.07077924,-0.9513906,-0.101652466,-0.023535913,-0.504039,-0.044212017,-0.011860246,-0.74960965,-0.08520858,0.030671166,-0.8886903,-0.10382334,0.065569304,-0.99784803,-0.11281637,-0.06647265,-0.45133966,-0.068907455,0.00024040524,-0.60709965,-0.12673458,0.045094937,-0.4898395,-0.12197149,0.05260904,-0.39096355,-0.1024897,-0.08960051,-0.36516297,-0.09622501,-0.032897066,-0.5209822,-0.13927291,0.020419685,-0.4572268,-0.12664914,0.039920013,-0.3676276,-0.10674419
R,Zaith,Right,0.0,0.0,0.0,0.1099488,-0.13414991,-0.044645008,0.14936581,-0.3375699,-0.052357998,0.122630015,-0.5055908,-0.06329324,0.07824548,-0.64188075,-0.07134343,0.124605566,-0.51730126,0.00245479,0.1500165,-0.7256392,-0.01737325,0.15813252,-0.85896856,-0.030182902,0.16271158,-0.9827194,-0.038756233,0.06639521,-0.54083294,0.00033432036,0.10346469,-0.76185083,-0.027124884,0.14483844,-0.88598096,-0.04273681,0.17699102,-0.98421246,-0.050699633,-0.0005207133,-0.5238281,-0.011463601,0.027647922,-0.69866514,-0.07291411,0.04763477,-0.54368573,-0.080254294,0.0485048,-0.39967483,-0.065009005,-0.07136239,-0.48623398,-0.026898721,-0.05239592,-0.6533916,-0.07608395,-0.020764606,-0.58466,-0.07649301,-0.009419977,-0.4849777,-0.065330304
R,Zaith,Right,0.0,0.0,0.0,0.11531951,-0.12190972,-0.04778987,0.16140868,-0.3249289,-0.05337045,0.13761236,-0.50656676,-0.061775092,0.092907235,-0.6531208,-0.06687136,0.14582533,-0.5096904,0.014848535,0.17256653,-0.71144116,0.0005709014,0.18045287,-0.84579283,-0.010192177,0.186281,-0.96776813,-0.01765372,0.085836194,-0.5393105,0.015844705,0.13109203,-0.7538912,-0.0071312296,0.17461815,-0.88043725,-0.02221382,0.20992105,-0.97771835,-0.029748421,0.015702477,-0.5286267,0.0057582282,0.04921406,-0.7033102,-0.056714553,0.063341595,-0.5490069,-0.06846119,0.060715977,-0.39973524,-0.05503563,-0.058031198,-0.50152004,-0.008038529,-0.034515947,-0.67295104,-0.059886776,-0.0061025987,-0.60698336,-0.064166136,0.0046298644,-0.5055674,-0.05528129
R,Zaith,Right,0.0,0.0,0.0,0.1158381,-0.17917939,-0.04114823,0.13228722,-0.40702537,-0.03854176,0.06746898,-0.5795975,-0.038872868,0.0119673,-0.70544523,-0.037192576,0.0857634,-0.5188508,0.01889816,0.087757915,-0.72825843,0.0037393365,0.08224049,-0.8691037,-0.008027944,0.07901831,-0.99687314,-0.016034665,0.019963006,-0.53007066,0.021134442,0.034445222,-0.74258447,-0.0016918884,0.06306821,-0.88482285,-0.020401109,0.09091927,-0.994309,-0.032275897,-0.051150355,-0.5037987,0.013061307,-0.042520292,-0.6794096,-0.0473325,-0.011061706,-0.56088924,-0.067250855,0.00535088,-0.41843116,-0.06100037,-0.1303231,-0.46134505,0.0025540453,-0.13854314,-0.64185935,-0.0472953,-0.09906229,-0.6180259,-0.0585587,-0.06724894,-0.53547513,-0.056164887
R,Zaith,Right,0.0,0.0,0.0,0.09859013,-0.14831607,-0.045605417,0.11974331,-0.3543693,-0.054414425,0.058788583,-0.5078467,-0.06493115,-0.006089552,-0.6203507,-0.07340871,0.08170879,-0.5205529,-0.002045153,0.07912858,-0.7156835,-0.024168542,0.06639645,-0.8503307,-0.0393966,0.054650478,-0.9711787,-0.049311977,0.015922168,-0.5261647,-0.0024177607,0.0340385,-0.74560076,-0.03125445,0.059002466,-0.8838832,-0.048978467,0.080436885,-0.9967597,-0.058136653,-0.053143676,-0.48753104,-0.011854819,-0.04841076,-0.6543344,-0.07508447,-0.01820093,-0.52009416,-0.08620215,-0.0014824211,-0.38421798,-0.07300461,-0.12384989,-0.42741066,-0.024293767,-0.13186109,-0.58951664,-0.07295541,-0.09799111,-0.5448774,-0.07442808,-0.074724555,-0.4610135,-0.06422282
R,Zaith,Right,0.0,0.0,0.0,0.0946922,-0.15385117,-0.04616304,0.1146419,-0.36014372,-0.056185555,0.057303693,-0.5097331,-0.06842354,-0.0051273587,-0.62006307,-0.07814215,0.080785096,-0.53836924,0.0006866471,0.0790584,-0.73614323,-0.023090813,0.06897363,-0.86972916,-0.039914314,0.059483796,-0.989223,-0.05088032,0.01705336,-0.5417858,-0.00022789808,0.034953248,-0.7553906,-0.031413343,0.06020417,-0.88861656,-0.050641883,0.0815709,-0.99666756,-0.06058985,-0.051689606,-0.5012824,-0.010806507,-0.0501983,-0.6697488,-0.074996874,-0.019612059,-0.53256345,-0.08521539,-0.0009920894,-0.39447564,-0.071634114,-0.12243237,-0.43976906,-0.02478151,-0.1273027,-0.5954925,-0.07447486,-0.09431513,-0.54284394,-0.075922854,-0.07355096,-0.45622733,-0.065536365
R,Zaith,Right,0.0,0.0,0.0,0.09136048,-0.14823698,-0.042060263,0.11697365,-0.34444338,-0.053300582,0.06451649,-0.4954983,-0.06724759,0.008597319,-0.60773194,-0.078998946,0.084104374,-0.52023965,-0.005850072,0.08375882,-0.71772325,-0.034983516,0.07609287,-0.8498642,-0.054405183,0.06823052,-0.96730405,-0.06586873,0.021545125,-0.5290656,-0.009522073,0.03993393,-0.7496925,-0.044692766,0.06311633,-0.8873136,-0.06545371,0.081842236,-0.9966453,-0.07531794,-0.046766173,-0.49429116,-0.021456966,-0.04617593,-0.65784067,-0.083294824,-0.018911652,-0.5267484,-0.089979075,-0.0030715824,-0.3945364,-0.07431347,-0.11718795,-0.43455204,-0.03662768,-0.12055033,-0.58775675,-0.08169637,-0.089161634,-0.5378113,-0.078229696,-0.07192967,-0.45744193,-0.0641527
R,Zaith,Right,0.0,0.0,0.0,0.08759683,-0.14120823,-0.028924773,0.11512271,-0.34079042,-0.035266872,0.08110496,-0.49215928,-0.046556752,0.031037029,-0.59416825,-0.056136128,0.086763255,-0.50942147,-0.00025290917,0.0974019,-0.7132826,-0.02652453,0.10061141,-0.84260374,-0.042583287,0.101004094,-0.9559291,-0.051072773,0.029569276,-0.5225017,-0.009352432,0.05263738,-0.74951625,-0.04157504,0.084980786,-0.88558286,-0.058958415,0.10992269,-0.9939401,-0.06590186,-0.034351453,-0.4941709,-0.024840795,-0.0220357,-0.653524,-0.07963625,0.0036298933,-0.5232582,-0.080168836,0.013055178,-0.3985619,-0.06110486,-0.099446744,-0.440794,-0.04273901,-0.09268354,-0.594906,-0.079882324,-0.060842704,-0.53003806,-0.06875304,-0.04884515,-0.43930098,-0.049509164
R,Zaith,Left,0.0,0.0,0.0,-0.093979664,-0.124711335,-0.042110324,-0.12852024,-0.29544216,-0.06645924,-0.08528264,-0.43356112,-0.09512025,-0.03251219,-0.52986735,-0.1219771,-0.10263293,-0.48218438,-0.02688746,-0.1135727,-0.6539132,-0.08604436,-0.11424391,-0.7781778,-0.12967493,-0.10917013,-0.88973916,-0.15678123,-0.03772709,-0.4922037,-0.04249037,-0.065418266,-0.71907187,-0.10906891,-0.09681945,-0.85452616,-0.15079251,-0.11690219,-0.99314344,-0.16974512,0.033648536,-0.449768,-0.06533831,0.030764833,-0.5589059,-0.14632522,0.0018152333,-0.41866887,-0.15147103,-0.012379089,-0.33961955,-0.13131477,0.10255615,-0.37327206,-0.09220335,0.10014142,-0.47222906,-0.14448388,0.06675439,-0.37851614,-0.13357815,0.04647679,-0.31586394,-0.111891314
R,Zaith,Left,0.0,0.0,0.0,-0.08492862,-0.12962013,-0.029465865,-0.11601419,-0.30184084,-0.049129095,-0.07426701,-0.43564543,-0.07498972,-0.019955304,-0.5179074,-0.099852294,-0.08724409,-0.48122612,-0.018052448,-0.09351551,-0.648701,-0.06776479,-0.09334049,-0.76801836,-0.10485043,-0.089421846,-0.8759255,-0.1280666,-0.02642344,-0.48721632,-0.03718584,-0.050458185,-0.72165823,-0.091602266,-0.07742763,-0.85649383,-0.12608105,-0.09388297,-0.99558324,-0.14118332,0.042210184,-0.44146362,-0.061462868,0.043364715,-0.56425333,-0.12942421,0.009697542,-0.42570102,-0.12971056,-0.010673074,-0.3383704,-0.10841492,0.10972964,-0.3575469,-0.088709116,0.11040114,-0.47176045,-0.13049483,0.07524789,-0.38669854,-0.11474792,0.051674314,-0.32055128,-0.09096158
R,Zaith,Left,0.0,0.0,0.0,-0.092908666,-0.11287186,-0.039544333,-0.13641423,-0.2751623,-0.06390321,-0.09895409,-0.4193197,-0.09261275,-0.044167615,-0.518602,-0.11952543,-0.12085717,-0.48014462,-0.022483688,-0.13343251,-0.63269913,-0.077463455,-0.13558787,-0.74578553,-0.11820809,-0.13330977,-0.85224307,-0.14278017,-0.05258561,-0.4997027,-0.038199306,-0.08619203,-0.72237885,-0.09707787,-0.12160928,-0.8494651,-0.13320337,-0.14661714,-0.9891933,-0.14827338,0.023937605,-0.46324182,-0.060825553,0.019115362,-0.5583392,-0.13628139,-0.006723274,-0.40520445,-0.13863333,-0.020033652,-0.3199261,-0.11633093,0.09853625,-0.385824,-0.08698915,0.09348479,-0.48455352,-0.13300714,0.06376621,-0.38385773,-0.117237166,0.046138152,-0.31644475,-0.09218987
R,Zaith,Left,0.0,0.0,0.0,-0.10086695,-0.109651685,-0.044320036,-0.1447157,-0.27737883,-0.070235126,-0.11041055,-0.42811698,-0.100042626,-0.06408995,-0.5347265,-0.12789112,-0.13389681,-0.48218682,-0.030021155,-0.14971168,-0.6570859,-0.09022796,-0.15510838,-0.7846324,-0.1343264,-0.15514457,-0.9017696,-0.16212167,-0.06707249,-0.5050289,-0.04513509,-0.10595235,-0.72689736,-0.11308665,-0.14409775,-0.8512302,-0.15484372,-0.17178032,-0.98513526,-0.17388766,0.00893217,-0.47380513,-0.067364946,0.0028054593,-0.5848288,-0.14953935,-0.017069772,-0.42890838,-0.15206544,-0.026701516,-0.34250084,-0.12994185,0.083821565,-0.40553305,-0.09389128,0.07638624,-0.49940124,-0.14718825,0.050051812,-0.39402,-0.1352425,0.034842305,-0.32747844,-0.11249795
R,Zaith,Left,0.0,0.0,0.0,-0.091913626,-0.120705634,-0.044074845,-0.1296705,-0.28595528,-0.070107915,-0.08682103,-0.42891583,-0.09923372,-0.03239732,-0.5320085,-0.12619975,-0.11382331,-0.49433225,-0.030375488,-0.119596384,-0.67296696,-0.086434186,-0.11846113,-0.7990642,-0.12740251,-0.11276768,-0.9140989,-0.15304907,-0.04443661,-0.50589377,-0.043762036,-0.07040846,-0.7293057,-0.104180984,-0.10204391,-0.8549935,-0.14133856,-0.12317793,-0.9923846,-0.15839344,0.030682554,-0.46178228,-0.06416175,0.031847186,-0.5690688,-0.13901767,0.0028363725,-0.42589965,-0.14174314,-0.013160583,-0.34832737,-0.12184988,0.1026048,-0.3798312,-0.088756196,0.10360393,-0.47959763,-0.13711219,0.070604146,-0.38589963,-0.12491903,0.048949055,-0.32461336,-0.103163555
R,Zaith,Left,0.0,0.0,0.0,-0.09055646,-0.1181826,-0.044342272,-0.12563792,-0.2825851,-0.071861394,-0.08123732,-0.4257563,-0.102378584,-0.024522435,-0.5256515,-0.13127019,-0.104524836,-0.49424198,-0.032510497,-0.10502005,-0.6701805,-0.087070614,-0.10305472,-0.7925415,-0.12725618,-0.09885394,-0.9061956,-0.15291046,-0.036346797,-0.5035432,-0.046568193,-0.05745331,-0.7316663,-0.105708964,-0.0852354,-0.85733706,-0.1421848,-0.10617011,-0.994348,-0.15896778,0.037684023,-0.45708248,-0.06718767,0.040818635,-0.5773932,-0.14215842,0.011019654,-0.429084,-0.14452323,-0.008676941,-0.34637296,-0.12434475,0.109713964,-0.37147963,-0.091664635,0.109842055,-0.47860944,-0.14118797,0.07902478,-0.38122994,-0.12859894,0.05835424,-0.3165423,-0.10634964
R,Zaith,Left,0.0,0.0,0.0,-0.07950038,-0.14748542,-0.047445796,-0.0890443,-0.32615092,-0.07088825,-0.023489561,-0.45405826,-0.09605634,0.043698817,-0.53715795,-0.11899701,-0.06150988,-0.5150381,-0.023214422,-0.039071158,-0.6789007,-0.07375895,-0.019289153,-0.7950224,-0.11277347,0.0032182706,-0.90240467,-0.13803267,0.0070835454,-0.5072754,-0.032712318,0.006849526,-0.73016083,-0.087147586,-0.004579119,-0.8614918,-0.122152925,-0.0076554893,-0.9999707,-0.13884684,0.07413561,-0.4442779,-0.05012744,0.09846634,-0.56769836,-0.12406355,0.061000746,-0.42147988,-0.12811562,0.03392304,-0.34248435,-0.1089683,0.13587672,-0.34523538,-0.07164814,0.1533421,-0.4496712,-0.123082824,0.11560992,-0.3551346,-0.114306144,0.08443401,-0.2958717,-0.094743066
R,Zaith,Left,0.0,0.0,0.0,-0.08420751,-0.14006296,-0.03879373,-0.10580064,-0.3219031,-0.056238923,-0.042870875,-0.45390356,-0.0764145,0.019272901,-0.5362449,-0.09417971,-0.082382455,-0.51172495,-0.015093875,-0.07018169,-0.6839264,-0.06098641,-0.05813436,-0.8056175,-0.09686272,-0.044673838,-0.9164357,-0.120011486,-0.014786838,-0.508395,-0.028152028,-0.024254821,-0.734076,-0.07754359,-0.04326655,-0.861489,-0.11043089,-0.053500213,-0.9985678,-0.12585501,0.05536658,-0.45166472,-0.048294373,0.07710724,-0.567609,-0.11586574,0.044002447,-0.4342435,-0.1209055,0.018902756,-0.35805333,-0.10380695,0.12047014,-0.35526398,-0.07215577,0.13898972,-0.46316212,-0.11817608,0.104519896,-0.37633938,-0.10807079,0.07420071,-0.31377667,-0.08832738
R,Zaith,Left,0.0,0.0,0.0,-0.0845007,-0.12860534,-0.05626354,-0.11386911,-0.29886526,-0.08703313,-0.059574112,-0.4314251,-0.118507534,0.004793575,-0.52920395,-0.14687869,-0.08656315,-0.51083076,-0.039307117,-0.08158098,-0.68662363,-0.096003346,-0.07264788,-0.8133452,-0.13770407,-0.060869154,-0.9302469,-0.16451658,-0.016413327,-0.5096919,-0.04753842,-0.036177337,-0.730484,-0.110466935,-0.06259244,-0.8586708,-0.14783141,-0.077364184,-0.9970029,-0.16479926,0.055746175,-0.4537274,-0.06396194,0.062362432,-0.5595674,-0.14506595,0.027353277,-0.40640795,-0.14837408,0.006368437,-0.32318115,-0.12702996,0.12318132,-0.3640788,-0.08542638,0.12988132,-0.46030304,-0.14111648,0.09251163,-0.36213493,-0.13189398,0.06500948,-0.29973045,-0.11097252
R,Zaith,Left,0.0,0.0,0.0,-0.08600415,-0.11542314,-0.07908002,-0.11793135,-0.27892047,-0.12122943,-0.06401455,-0.4046623,-0.15954773,-0.00035844985,-0.5084479,-0.19348942,-0.08993826,-0.50018215,-0.06640239,-0.08361417,-0.67553496,-0.13352792,-0.07353182,-0.8033728,-0.18015657,-0.06212382,-0.9239035,-0.20969842,-0.018171443,-0.4966661,-0.06852114,-0.04065395,-0.72274536,-0.14388414,-0.06425195,-0.85450655,-0.18454096,-0.08084942,-0.99672633,-0.20193025,0.05568628,-0.44102886,-0.081389256,0.05885784,-0.53867036,-0.17820568,0.03154546,-0.38009307,-0.18651257,0.012872374,-0.30931935,-0.16566665,0.124447405,-0.35919318,-0.100803204,0.13445456,-0.44573113,-0.169324,0.09813207,-0.3382191,-0.16596428,0.06700548,-0.28031683,-0.14814207
R,Zaith,Left,0.0,0.0,0.0,-0.08436775,-0.1125388,-0.09101491,-0.118369535,-0.2656576,-0.14080869,-0.060663383,-0.38207313,-0.18424283,0.009864466,-0.4780201,-0.2225823,-0.08847371,-0.505635,-0.07945546,-0.07925839,-0.6791606,-0.14818415,-0.06802495,-0.80815065,-0.19287471,-0.054425508,-0.92507285,-0.22011149,-0.015888186,-0.49754572,-0.07750694,-0.039265074,-0.7312168,-0.15161078,-0.062064264,-0.85541236,-0.1867805,-0.07715508,-0.9970191,-0.19933812,0.05862815,-0.43748695,-0.08792003,0.06354095,-0.51716894,-0.18556684,0.035244297,-0.36012033,-0.19479597,0.01520104,-0.30406925,-0.17437159,0.12623328,-0.3541143,-0.10594434,0.13625042,-0.4239755,-0.17505804,0.100127146,-0.31271586,-0.1732672,0.06838703,-0.26245034,-0.1569586
R,Zaith,Left,0.0,0.0,0.0,-0.08451645,-0.102314,-0.12162838,-0.11827303,-0.24467097,-0.19102168,-0.059667215,-0.35517883,-0.25026217,0.008753425,-0.47066477,-0.30427545,-0.09424737,-0.49367848,-0.112327404,-0.085901,-0.65823305,-0.19790559,-0.0776044,-0.80056417,-0.25172016,-0.06660718,-0.9191628,-0.28332835,-0.01992754,-0.47586817,-0.10203573,-0.043621253,-0.7130072,-0.18983677,-0.06759479,-0.84219664,-0.22803724,-0.08579562,-0.99631274,-0.24091211,0.058085803,-0.41397074,-0.10817243,0.06757606,-0.49527803,-0.22147396,0.04220899,-0.34765342,-0.2381274,0.022375382,-0.29790527,-0.22082658,0.12594992,-0.3374357,-0.12452946,0.13970205,-0.3945598,-0.2074928,0.10339877,-0.2946524,-0.21566129,0.07055848,-0.2525221,-0.20574369
R,Zaith,Left,0.0,0.0,0.0,-0.07959997,-0.11614348,-0.114689775,-0.10078752,-0.26938823,-0.17081366,-0.028235642,-0.38131332,-0.21424335,0.04960639,-0.48513016,-0.25031725,-0.08307701,-0.52075,-0.09750086,-0.05452031,-0.6762181,-0.17919828,-0.03412682,-0.810253,-0.23379399,-0.015359306,-0.92283565,-0.2671824,-0.003953379,-0.5128965,-0.083836816,-0.011813428,-0.7390826,-0.1695696,-0.02776668,-0.8553846,-0.20782958,-0.037181806,-0.9993085,-0.22087578,0.07290077,-0.45107505,-0.08572422,0.094774604,-0.5154843,-0.19187409,0.061303683,-0.35136595,-0.19763532,0.03715437,-0.3172948,-0.17376116,0.14121588,-0.36445892,-0.0977316,0.1592733,-0.41219902,-0.17494072,0.11916857,-0.30175218,-0.17475547,0.08428231,-0.2725573,-0.15842414
R,Zaith,Left,0.0,0.0,0.0,-0.08105505,-0.09556852,-0.17720205,-0.10531495,-0.24668543,-0.27000847,-0.038393468,-0.34779343,-0.34084046,0.043602508,-0.47029626,-0.40158266,-0.09465186,-0.5334757,-0.16312334,-0.064857654,-0.6673367,-0.29317304,-0.03404341,-0.80260736,-0.37417078,-0.0016664811,-0.9253806,-0.41890812,-0.010133365,-0.5047157,-0.13208878,-0.012033292,-0.7232914,-0.2689708,-0.021627273,-0.8316589,-0.32402295,-0.028795706,-0.99958533,-0.33902583,0.07694527,-0.43654725,-0.12476324,0.10497864,-0.49335405,-0.2760871,0.076116644,-0.32756945,-0.28810245,0.05318262,-0.3261779,-0.25964227,0.15144974,-0.36019212,-0.13277292,0.17614543,-0.37390155,-0.23662604,0.1369678,-0.2642276,-0.24442093,0.10157886,-0.2596316,-0.22945005
R,Zaith,Left,0.0,0.0,0.0,-0.08494749,-0.10678913,-0.1077438,-0.11079708,-0.260735,-0.15946943,-0.038581558,-0.36687502,-0.19860525,0.039137214,-0.45594236,-0.23097573,-0.08916444,-0.505545,-0.09323991,-0.0651177,-0.6667178,-0.16789006,-0.044049125,-0.7933309,-0.21823251,-0.024056282,-0.9087726,-0.2491205,-0.014212647,-0.50316256,-0.0815681,-0.023098482,-0.7314396,-0.15991242,-0.03486363,-0.8548785,-0.19802035,-0.043936893,-0.9990343,-0.211951,0.059127774,-0.44641572,-0.083935246,0.08286458,-0.51033705,-0.18467811,0.056141835,-0.35158882,-0.19680355,0.03103575,-0.3127611,-0.17801161,0.12467925,-0.36223963,-0.09529128,0.14884901,-0.40822208,-0.16786937,0.11299709,-0.29854515,-0.16972084,0.07404264,-0.2660256,-0.1557472
R,Zaith,Left,0.0,0.0,0.0,-0.084815435,-0.08696469,-0.1471754,-0.1167703,-0.22599274,-0.23046674,-0.051849816,-0.3247147,-0.29809147,0.023081856,-0.44191533,-0.35855854,-0.096638426,-0.49250463,-0.14071135,-0.0763136,-0.6439349,-0.24578097,-0.059207063,-0.79077274,-0.30783823,-0.03932673,-0.91714644,-0.34178656,-0.019728785,-0.4798961,-0.12055449,-0.03177632,-0.7057319,-0.22702563,-0.048802394,-0.82566005,-0.26389053,-0.06294518,-0.998017,-0.2698691,0.06231414,-0.42387104,-0.120221734,0.0815741,-0.47612458,-0.24755216,0.05612752,-0.31631595,-0.25494716,0.034738258,-0.29635078,-0.22713432,0.132852,-0.35321894,-0.13296327,0.15438138,-0.3718566,-0.22270985,0.1174944,-0.26317716,-0.22682177,0.083557725,-0.2473581,-0.21118005
R,Zaith,Left,0.0,0.0,0.0,-0.08795521,-0.109930314,-0.0543009,-0.13085578,-0.27587035,-0.0845941,-0.084401794,-0.41248116,-0.115031995,-0.020568606,-0.50471723,-0.14222716,-0.104605265,-0.49335167,-0.046069466,-0.106955945,-0.671347,-0.101610914,-0.10397565,-0.7962529,-0.14113244,-0.099388674,-0.91072685,-0.1664819,-0.03595314,-0.50344896,-0.055136565,-0.0637033,-0.73166597,-0.11498532,-0.09409972,-0.859495,-0.14929931,-0.11477989,-0.993391,-0.16480006,0.036075793,-0.45392993,-0.07158457,0.037113585,-0.54840565,-0.14820713,0.007769149,-0.4021479,-0.15175445,-0.011807155,-0.32032198,-0.13215484,0.10404342,-0.366589,-0.09304806,0.111106925,-0.4607263,-0.14633124,0.07573414,-0.36389264,-0.13781117,0.04669732,-0.29552522,-0.11841664
R,Zaith,Left,0.0,0.0,0.0,-0.09073649,-0.105997145,-0.072624065,-0.13362399,-0.26530012,-0.112991504,-0.09181955,-0.39678952,-0.15064584,-0.029609345,-0.49897927,-0.18429102,-0.10743433,-0.49392244,-0.06642804,-0.11206576,-0.67184687,-0.1300953,-0.109443724,-0.7998572,-0.17397554,-0.102771275,-0.91662174,-0.20146582,-0.03869485,-0.50183445,-0.070038125,-0.06924294,-0.7309865,-0.1399813,-0.09954655,-0.8627889,-0.17842677,-0.12065538,-0.99269444,-0.19528808,0.03443451,-0.45236173,-0.08289217,0.030971447,-0.5492803,-0.17278893,0.004766739,-0.39737812,-0.18188435,-0.012507091,-0.311866,-0.16303512,0.10241449,-0.37111688,-0.10175772,0.10717242,-0.46081635,-0.16448659,0.07280136,-0.36087665,-0.1608831,0.04462134,-0.29017246,-0.1436714
R,Zaith,Left,0.0,0.0,0.0,-0.087975085,-0.108481735,-0.076555036,-0.12760426,-0.26553878,-0.118108615,-0.088026024,-0.3937498,-0.15596075,-0.027762216,-0.49748763,-0.18943834,-0.103045575,-0.4956709,-0.06662205,-0.10678222,-0.67221695,-0.12894443,-0.10560856,-0.79849726,-0.17162065,-0.10153506,-0.91360193,-0.19816472,-0.035413764,-0.5016815,-0.06793462,-0.065304734,-0.7378622,-0.13510093,-0.094212174,-0.8665426,-0.17124322,-0.115105025,-0.9933533,-0.18633561,0.036946975,-0.45115042,-0.07913549,0.033692118,-0.5461428,-0.16742617,0.0062492387,-0.39427876,-0.17643386,-0.012260035,-0.31434575,-0.15764368,0.10380997,-0.37068346,-0.096625954,0.10840979,-0.45895875,-0.15783916,0.07294169,-0.3566155,-0.15392442,0.043550394,-0.29019436,-0.13694693
R,Zaith,Left,0.0,0.0,0.0,-0.08589237,-0.10630615,-0.045768425,-0.13002318,-0.26694524,-0.072430596,-0.08555907,-0.40315518,-0.100824624,-0.022917982,-0.4906841,-0.12609483,-0.1021466,-0.49239522,-0.031362183,-0.109275065,-0.6633245,-0.080164,-0.10809976,-0.78500086,-0.11396855,-0.10555109,-0.8943609,-0.13466495,-0.03455662,-0.50101256,-0.04359257,-0.061325043,-0.7350918,-0.09864129,-0.09319367,-0.8610614,-0.13054943,-0.116583124,-0.99318093,-0.1430426,0.03723357,-0.4516639,-0.06253709,0.04024886,-0.53625876,-0.13430968,0.006283697,-0.3967734,-0.13777556,-0.01784282,-0.31808102,-0.11759044,0.10407544,-0.36293775,-0.085519865,0.11030714,-0.4563783,-0.13027252,0.07827348,-0.36436844,-0.117099375,0.052192323,-0.29901814,-0.09483817
R,Zaith,Left,0.0,0.0,0.0,-0.095169805,-0.10499587,-0.060501534,-0.1411684,-0.26715717,-0.097345605,-0.1043843,-0.40102333,-0.13392629,-0.05194875,-0.5080984,-0.16703703,-0.113204256,-0.486099,-0.06294317,-0.12634873,-0.6630472,-0.12702957,-0.13025978,-0.79197013,-0.1707705,-0.1294077,-0.90968424,-0.19821812,-0.04569309,-0.49877694,-0.07166731,-0.07878515,-0.7252971,-0.14205958,-0.11285774,-0.85880816,-0.18125877,-0.13726531,-0.9905343,-0.19925688,0.02658537,-0.45396414,-0.08778631,0.01736756,-0.54783446,-0.17206575,-0.012475228,-0.40401495,-0.17715107,-0.031158468,-0.31880713,-0.15756027,0.094948426,-0.3738805,-0.10924551,0.09326861,-0.46446002,-0.16548784,0.059958775,-0.37358096,-0.15797605,0.03520668,-0.30588907,-0.13903126
R,Zaith,Left,0.0,0.0,0.0,-0.09597178,-0.0935694,-0.054118264,-0.15280117,-0.24986921,-0.09109744,-0.13695309,-0.3935171,-0.1299587,-0.09150225,-0.5143902,-0.1651162,-0.13374312,-0.46981227,-0.058204517,-0.16710816,-0.6509299,-0.1274236,-0.1840281,-0.78332794,-0.17411521,-0.19254406,-0.9047326,-0.20280124,-0.06944678,-0.49138758,-0.07041042,-0.12123861,-0.71792704,-0.14472446,-0.16782044,-0.8453492,-0.18410067,-0.20011146,-0.97977316,-0.20146358,0.0037079114,-0.4606157,-0.089531116,-0.017137935,-0.56566924,-0.17290805,-0.03756962,-0.41081855,-0.16739781,-0.043767966,-0.32089987,-0.14025071,0.0772987,-0.39423364,-0.11426637,0.06278264,-0.49325868,-0.16605052,0.03583752,-0.39456493,-0.14924489,0.023590323,-0.32563972,-0.12327646
R,Zaith,Left,0.0,0.0,0.0,-0.08910783,-0.103972055,-0.058704063,-0.13782935,-0.25897983,-0.09482658,-0.1006556,-0.3913143,-0.13071088,-0.04338322,-0.49553502,-0.16281195,-0.1138498,-0.49187592,-0.053608395,-0.12325697,-0.6624948,-0.11406898,-0.12646312,-0.7854824,-0.15597701,-0.12673698,-0.9011664,-0.18244791,-0.046359718,-0.5035541,-0.06358704,-0.08156497,-0.7326053,-0.1297568,-0.114337474,-0.8558912,-0.16591658,-0.13823937,-0.9903988,-0.18104479,0.028666904,-0.45783973,-0.08115862,0.019917196,-0.549919,-0.1643879,-0.0063686627,-0.39302465,-0.16660368,-0.021944,-0.31170332,-0.14409079,0.10076008,-0.3753713,-0.1038922,0.09949404,-0.46442667,-0.15830079,0.06689725,-0.36162218,-0.14684269,0.043794896,-0.29813176,-0.124741636
R,Zaith,Left,0.0,0.0,0.0,-0.09393753,-0.10588197,-0.06017685,-0.14307767,-0.26409706,-0.096430644,-0.10771634,-0.40165773,-0.13267447,-0.05114281,-0.50861704,-0.16536969,-0.12311917,-0.4915804,-0.05425802,-0.13777637,-0.6605867,-0.11716482,-0.14199834,-0.7844807,-0.1610484,-0.14311576,-0.8972337,-0.1886642,-0.052925512,-0.5071388,-0.064239345,-0.08936658,-0.73481786,-0.13268083,-0.12612432,-0.8581367,-0.17141037,-0.15379311,-0.9881031,-0.18867859,0.023292426,-0.46175113,-0.082355365,0.01505293,-0.56129664,-0.16700248,-0.010369512,-0.41259167,-0.17233856,-0.026094364,-0.33431235,-0.15252294,0.09609611,-0.37837988,-0.1057907,0.0980364,-0.47387648,-0.162484,0.06600096,-0.3777764,-0.15429647,0.041014,-0.31343713,-0.13470887
R,Zaith,Left,0.0,0.0,0.0,-0.096011266,-0.111917056,-0.05321782,-0.14642641,-0.27474472,-0.08710436,-0.11215631,-0.4192125,-0.122566916,-0.052562192,-0.5228443,-0.15525359,-0.12519005,-0.49873593,-0.045560043,-0.13613106,-0.6596362,-0.10783164,-0.13965458,-0.776984,-0.15319595,-0.14017574,-0.8848861,-0.18176524,-0.054956157,-0.51134795,-0.05817753,-0.091109216,-0.73504317,-0.12488497,-0.12603101,-0.8572156,-0.16362803,-0.15225957,-0.98834056,-0.18124874,0.022087796,-0.46654224,-0.078324154,0.01879824,-0.57940286,-0.16193901,-0.008190206,-0.4248321,-0.16611792,-0.026303714,-0.33361557,-0.1452421,0.097302236,-0.3823002,-0.103029266,0.09853717,-0.48895782,-0.15894476,0.065783255,-0.39018744,-0.14834343,0.04129167,-0.3176465,-0.12649125
R,Zaith,Left,0.0,0.0,0.0,-0.096659325,-0.11165703,-0.052024506,-0.14692965,-0.27832994,-0.08481507,-0.11158952,-0.42074558,-0.11958636,-0.05415788,-0.52592874,-0.15159494,-0.12395283,-0.4973567,-0.04626852,-0.14144139,-0.6634706,-0.10950641,-0.14678577,-0.78456914,-0.15391713,-0.14713022,-0.89553905,-0.18157138,-0.05406929,-0.5123688,-0.05977114,-0.09085553,-0.7350632,-0.12941875,-0.12906277,-0.85628754,-0.1688763,-0.15591425,-0.9877706,-0.18618295,0.023284988,-0.46848035,-0.08068315,0.015943846,-0.5710056,-0.16451104,-0.0120003065,-0.41700193,-0.16627811,-0.0272882,-0.33327454,-0.14375761,0.09876622,-0.3859606,-0.106348425,0.09818285,-0.48994255,-0.16003193,0.06566732,-0.3903805,-0.14690539,0.044074968,-0.3228231,-0.123600945
R,Zaith,Left,0.0,0.0,0.0,-0.092537716,-0.11325368,-0.05799053,-0.13903391,-0.2720209,-0.09406351,-0.08841458,-0.40253842,-0.1300331,-0.025748558,-0.49862823,-0.1617405,-0.11196377,-0.51040035,-0.05187684,-0.11784843,-0.6761683,-0.115581684,-0.11535623,-0.7929438,-0.16079956,-0.11451965,-0.89544886,-0.18872556,-0.03688913,-0.51751655,-0.063056186,-0.067181215,-0.7461928,-0.13283883,-0.100849025,-0.86781067,-0.17161931,-0.12567328,-0.9920717,-0.18795516,0.040438514,-0.4631531,-0.08222434,0.039418444,-0.5547021,-0.16528016,0.010693316,-0.40168688,-0.16627823,-0.0070321714,-0.32147205,-0.14311868,0.1142657,-0.37039667,-0.106827684,0.1217078,-0.46606767,-0.16049562,0.08734684,-0.36531013,-0.14718081,0.060198493,-0.30189553,-0.12353787
R,Zaith,Left,0.0,0.0,0.0,-0.094709106,-0.11317327,-0.051562544,-0.147999,-0.27386087,-0.08237015,-0.10506464,-0.40674606,-0.11454209,-0.042903613,-0.5031117,-0.1432964,-0.1238013,-0.5036291,-0.03958084,-0.13668244,-0.6633541,-0.097076006,-0.13731432,-0.77731824,-0.13801938,-0.13522509,-0.88294834,-0.16401982,-0.051195204,-0.5184603,-0.052481823,-0.08660995,-0.7379453,-0.11432144,-0.119252615,-0.85572934,-0.14934713,-0.14172217,-0.9899065,-0.1648381,0.02605384,-0.47147736,-0.073564015,0.019873487,-0.56014174,-0.15304242,-0.008426519,-0.40876144,-0.1573324,-0.024470517,-0.33512682,-0.1380214,0.10032826,-0.38357112,-0.09948015,0.10324253,-0.47180313,-0.15229127,0.067934595,-0.37061518,-0.14269945,0.042260256,-0.3083757,-0.123111375
R,Zaith,Left,0.0,0.0,0.0,-0.103031196,-0.1073326,-0.032747652,-0.15395604,-0.29444385,-0.050058756,-0.118597075,-0.4612061,-0.07390265,-0.07073324,-0.5632056,-0.09620739,-0.13526918,-0.48323837,-0.017977979,-0.15865907,-0.6665606,-0.06924945,-0.16751727,-0.79567295,-0.10660403,-0.17145845,-0.9157414,-0.13111101,-0.07054368,-0.50808257,-0.034915533,-0.11057275,-0.7314531,-0.09304027,-0.14892548,-0.8525814,-0.12868088,-0.17711464,-0.9841902,-0.14585012,0.0026003968,-0.4819001,-0.05793667,-0.0033398753,-0.62395096,-0.13246933,-0.0257339,-0.46680582,-0.13374859,-0.037818242,-0.35948613,-0.112629354,0.077133365,-0.41781163,-0.08445925,0.07540976,-0.54099035,-0.13499673,0.04488267,-0.44530106,-0.12575258,0.023612041,-0.3642586,-0.10584279
R,Zaith,Left,0.0,0.0,0.0,-0.10393106,-0.10972905,-0.033863027,-0.15435804,-0.29460102,-0.052992187,-0.117177226,-0.46231943,-0.078616984,-0.06501621,-0.5607949,-0.102998264,-0.13068567,-0.47757253,-0.019342447,-0.15352175,-0.66522306,-0.07011381,-0.16155228,-0.79581624,-0.107637085,-0.16397625,-0.9185623,-0.13240539,-0.06564158,-0.5005982,-0.03550362,-0.10565008,-0.72749156,-0.0916916,-0.14141995,-0.851385,-0.12636593,-0.16678067,-0.98599404,-0.1434397,0.007142564,-0.47427967,-0.0577173,0.00047846566,-0.6246512,-0.12979567,-0.021124655,-0.46941975,-0.12992212,-0.031782042,-0.35878447,-0.10850193,0.08185247,-0.41027978,-0.08363109,0.0788663,-0.54188526,-0.132634,0.0488273,-0.44697538,-0.12240107,0.027626513,-0.36117336,-0.10198824
R,Zaith,Left,0.0,0.0,0.0,-0.083556555,-0.14017996,-0.049267128,-0.11236344,-0.3150606,-0.074964024,-0.053182412,-0.45495513,-0.10247818,0.015694376,-0.54669654,-0.12717298,-0.087540545,-0.5161724,-0.023314398,-0.08225806,-0.6957345,-0.07251323,-0.07639585,-0.8198845,-0.10829795,-0.06896133,-0.93412435,-0.13135268,-0.017710548,-0.51722026,-0.03322904,-0.037076183,-0.743731,-0.08814957,-0.06365067,-0.86391866,-0.120074436,-0.08018092,-0.99678034,-0.13323402,0.055173032,-0.4620882,-0.051423494,0.069321975,-0.5813726,-0.12772678,0.03493665,-0.41997263,-0.1294258,0.011963908,-0.3319585,-0.10679928,0.12451278,-0.36848128,-0.07387337,0.13246989,-0.4769625,-0.12595193,0.09795408,-0.37472573,-0.114641726,0.07225374,-0.3105972,-0.092304885
R,Zaith,Left,0.0,0.0,0.0,-0.089879215,-0.13167816,-0.053174194,-0.12121799,-0.31190106,-0.079635,-0.057861168,-0.45684153,-0.106756255,0.013549848,-0.5544784,-0.13075827,-0.09377506,-0.51911056,-0.029189277,-0.09058462,-0.6948638,-0.08401901,-0.08370817,-0.82494396,-0.12596469,-0.07351051,-0.94215924,-0.15374106,-0.021223718,-0.5220189,-0.038801756,-0.0421961,-0.74571997,-0.09938684,-0.07190073,-0.86420304,-0.13603057,-0.08905777,-0.99602646,-0.15267146,0.053019658,-0.46856734,-0.057014834,0.06540826,-0.5836805,-0.1355389,0.031067062,-0.42713323,-0.13642801,0.01077163,-0.34745067,-0.11412258,0.12383765,-0.37726724,-0.08036953,0.13136438,-0.48412856,-0.13393827,0.09616852,-0.37982592,-0.121827185,0.07157732,-0.31556216,-0.0991666
R,Zaith,Left,0.0,0.0,0.0,-0.08833242,-0.13761054,-0.06805162,-0.1179874,-0.30594644,-0.10543548,-0.056662172,-0.44486302,-0.14091071,0.011070099,-0.5539513,-0.17252311,-0.095329426,-0.5236772,-0.051388476,-0.08998902,-0.6994032,-0.11590968,-0.08091178,-0.8313762,-0.16374049,-0.067887,-0.94866467,-0.19442135,-0.019875504,-0.5196863,-0.056187887,-0.039452028,-0.73950195,-0.127372,-0.065727256,-0.8630139,-0.16802244,-0.08119138,-0.99669856,-0.18644843,0.058055043,-0.46240786,-0.07053195,0.06866592,-0.5729616,-0.1596598,0.034702152,-0.4123001,-0.16220605,0.013157995,-0.32903942,-0.13916923,0.13090183,-0.37246084,-0.09092829,0.1390685,-0.47260174,-0.1535937,0.10141069,-0.36750904,-0.14457044,0.07217844,-0.3046038,-0.122693695
R,Zaith,Left,0.0,0.0,0.0,-0.08989233,-0.1391724,-0.056907557,-0.11813608,-0.32101846,-0.08627552,-0.05497724,-0.46679252,-0.11584431,0.014395301,-0.571857,-0.14237212,-0.09608543,-0.5255595,-0.031196866,-0.089304164,-0.7046334,-0.08622879,-0.08141219,-0.83480597,-0.12732407,-0.069584176,-0.95225257,-0.15403868,-0.02232662,-0.5229662,-0.03849654,-0.041809056,-0.7464665,-0.09796723,-0.06871171,-0.86142105,-0.13160805,-0.08346595,-0.9965106,-0.14580275,0.053915817,-0.46697038,-0.055060066,0.06745972,-0.58720094,-0.13425955,0.03315836,-0.4200117,-0.13275418,0.012858654,-0.3387665,-0.10821913,0.12648454,-0.37565193,-0.076945685,0.13397233,-0.48202893,-0.13205001,0.0984066,-0.37138113,-0.11965076,0.07303434,-0.30934596,-0.096304946
R,Zaith,Left,0.0,0.0,0.0,-0.08862096,-0.13872303,-0.07449926,-0.111322105,-0.31901902,-0.10951885,-0.036162816,-0.44872582,-0.14005424,0.03914761,-0.5475935,-0.16605182,-0.09073507,-0.5371155,-0.049386483,-0.07267587,-0.6979433,-0.11302315,-0.058611035,-0.8222355,-0.16075888,-0.04263755,-0.9390969,-0.19216466,-0.01244491,-0.53333837,-0.051239707,-0.025455868,-0.74345404,-0.12206297,-0.047891364,-0.8569905,-0.16258517,-0.059770226,-0.99821216,-0.18023185,0.06516022,-0.47260183,-0.06399751,0.083340526,-0.5667725,-0.15457417,0.05073491,-0.39057422,-0.15575743,0.031193266,-0.33009163,-0.13110961,0.13725024,-0.3775967,-0.08340516,0.14778839,-0.46175396,-0.14563958,0.113063715,-0.34156182,-0.13433112,0.08909595,-0.29256594,-0.11097654
R,Zaith,Left,0.0,0.0,0.0,-0.098792225,-0.13783869,-0.02629106,-0.13138178,-0.3279677,-0.03842537,-0.07874979,-0.48619288,-0.05808204,-0.026708689,-0.5768121,-0.076758854,-0.110746235,-0.49230826,0.00145348,-0.11908859,-0.67306805,-0.044132948,-0.116783835,-0.797441,-0.080272675,-0.11049572,-0.9144953,-0.10389389,-0.045129318,-0.5062521,-0.016287263,-0.07293031,-0.73329765,-0.06810231,-0.10322927,-0.857116,-0.10178107,-0.12259872,-0.9924563,-0.117748365,0.026561264,-0.47143748,-0.04058529,0.032491967,-0.62419134,-0.11185849,0.0059052575,-0.46514922,-0.11390611,-0.0095734345,-0.3576628,-0.09318177,0.09875695,-0.3999677,-0.06772017,0.10287422,-0.5293523,-0.11780336,0.070430785,-0.4288673,-0.10853742,0.04668056,-0.34719458,-0.08832064
R,Zaith,Left,0.0,0.0,0.0,-0.09572932,-0.15171094,-0.019124703,-0.12091021,-0.34993735,-0.027730398,-0.06691187,-0.500569,-0.045967218,-0.011942,-0.5806154,-0.063507736,-0.0953046,-0.50954854,0.010862585,-0.1019953,-0.68918294,-0.028470425,-0.09993448,-0.8107895,-0.059771083,-0.09289061,-0.92120355,-0.079730354,-0.031043334,-0.5138861,-0.0091660265,-0.05523597,-0.73797905,-0.054293975,-0.08569151,-0.8651142,-0.08389397,-0.10384682,-0.9945933,-0.09670767,0.03953534,-0.4717189,-0.03534583,0.046472948,-0.6228372,-0.09880443,0.01452627,-0.4751021,-0.09872597,-0.0031995506,-0.36569434,-0.07716681,0.109885074,-0.39107808,-0.06416836,0.11768118,-0.5256267,-0.10507153,0.082284205,-0.44185337,-0.092210725,0.0580951,-0.36308137,-0.07020909
R,Zaith,Left,0.0,0.0,0.0,-0.092902645,-0.17711517,-0.019730972,-0.1047522,-0.38406402,-0.025189811,-0.035267793,-0.5323643,-0.04017509,0.026624236,-0.61801356,-0.0543185,-0.07761361,-0.5268743,0.026726335,-0.074058525,-0.70869046,-0.005957304,-0.06720547,-0.83225524,-0.034211624,-0.05544642,-0.94850963,-0.053442013,-0.011329787,-0.5237148,0.008467829,-0.02990648,-0.7414746,-0.03235752,-0.059388783,-0.8651521,-0.06122773,-0.073882595,-0.99726695,-0.07399264,0.058824908,-0.47215602,-0.016792329,0.07095829,-0.6388549,-0.08122555,0.033018854,-0.4748112,-0.07959331,0.0139850285,-0.36058414,-0.05619042,0.12916243,-0.38037154,-0.04451698,0.1380106,-0.5200772,-0.08935882,0.09874831,-0.42447144,-0.07640626,0.073397584,-0.34420654,-0.053214855
R,Zaith,Left,0.0,0.0,0.0,-0.08479437,-0.21245913,-0.029346155,-0.07518198,-0.41546527,-0.024819873,0.013395751,-0.53736424,-0.025404751,0.08313376,-0.6123331,-0.023216227,-0.057184823,-0.5598704,0.05303247,-0.03283822,-0.7313243,0.03730537,-0.013678412,-0.85526425,0.018158132,0.0063653705,-0.9634861,0.005003856,0.010411645,-0.53161657,0.046627507,0.012528339,-0.7469283,0.026363801,-0.0022756215,-0.8732689,0.006169058,-0.0062352666,-0.99998057,-0.0015917743,0.07769695,-0.45824656,0.028554205,0.10596609,-0.6090028,-0.028270546,0.06194484,-0.45445085,-0.04080743,0.03858333,-0.35544443,-0.027171224,0.14242874,-0.36493582,0.007931298,0.1559898,-0.48257437,-0.038331684,0.11372566,-0.39189324,-0.040795255,0.089724936,-0.3265423,-0.029381419
R,Zaith,Left,0.0,0.0,0.0,-0.088155404,-0.17650679,-0.018512381,-0.09245583,-0.37879723,-0.024824183,-0.020912424,-0.5249238,-0.040182948,0.045768242,-0.6011907,-0.055242084,-0.06990406,-0.5158751,0.020776527,-0.05959544,-0.694991,-0.014329111,-0.044320878,-0.8149227,-0.044111606,-0.024706786,-0.92425996,-0.06368092,-0.0024971517,-0.5141613,0.0022955511,-0.009270373,-0.7412348,-0.03593622,-0.028791681,-0.86943424,-0.06299487,-0.036414217,-0.9993368,-0.07605342,0.068794824,-0.46212074,-0.02310746,0.08928355,-0.62219715,-0.08254344,0.04745037,-0.48008972,-0.08339298,0.02274198,-0.37477323,-0.06450275,0.13802376,-0.37106892,-0.050892755,0.14830178,-0.5052024,-0.091973245,0.10587135,-0.41725188,-0.08077347,0.07713896,-0.33675492,-0.060878888
R,Zaith,Left,0.0,0.0,0.0,-0.09525054,-0.15031242,-0.016483564,-0.11995859,-0.3475465,-0.023358691,-0.066765554,-0.4992829,-0.040463246,-0.019024123,-0.5898932,-0.057090677,-0.096626736,-0.5044441,0.015245895,-0.104079805,-0.67788845,-0.026414013,-0.10207771,-0.79762274,-0.06009604,-0.095837355,-0.90946877,-0.08167367,-0.03290223,-0.5144585,-0.00643338,-0.056769148,-0.7360329,-0.05393612,-0.088618815,-0.8608328,-0.08617172,-0.10851177,-0.99409515,-0.10103907,0.038006306,-0.47717255,-0.03426797,0.04190241,-0.62599224,-0.10032189,0.010194066,-0.47096756,-0.10070132,-0.0057853675,-0.3639988,-0.07944457,0.109885745,-0.40134367,-0.06439629,0.11171155,-0.53112155,-0.10738389,0.07655781,-0.43606403,-0.094232365,0.05561831,-0.3566168,-0.071967475
R,Zaith,Left,0.0,0.0,0.0,-0.099370666,-0.13155815,-0.01875373,-0.13396719,-0.3316723,-0.029054165,-0.09449222,-0.48731363,-0.0494348,-0.056610785,-0.58986247,-0.06936515,-0.10767055,-0.4969128,0.002829202,-0.12796994,-0.6767482,-0.0458837,-0.13429324,-0.8032099,-0.08264385,-0.13518493,-0.9184221,-0.10555519,-0.04587496,-0.5149478,-0.019343814,-0.078361586,-0.7360044,-0.07410574,-0.11703275,-0.8592846,-0.10806496,-0.14423229,-0.98954386,-0.12280495,0.025133016,-0.48500878,-0.047292273,0.014084431,-0.63186884,-0.11686896,-0.013100546,-0.47217768,-0.11355328,-0.022905467,-0.36219326,-0.08890161,0.09850059,-0.41518876,-0.07787158,0.08770841,-0.5400401,-0.12116859,0.054079287,-0.44237342,-0.10522796,0.037927687,-0.36314607,-0.08046257
R,Zaith,Left,0.0,0.0,0.0,-0.1018608,-0.12939253,-0.0126911625,-0.14348352,-0.33135125,-0.019383524,-0.11248983,-0.50018924,-0.03818068,-0.07561835,-0.61524993,-0.05703572,-0.12291218,-0.48968536,0.014437899,-0.15279086,-0.6843912,-0.028461039,-0.163099,-0.81528753,-0.060344767,-0.16830416,-0.9359622,-0.079795316,-0.061811075,-0.5122181,-0.008921714,-0.102826655,-0.7411522,-0.05599902,-0.14696617,-0.8607735,-0.08336517,-0.1792254,-0.98380804,-0.0939693,0.008691204,-0.49130926,-0.03831521,-0.015908167,-0.6549785,-0.103432715,-0.034466,-0.48551947,-0.09592844,-0.035179872,-0.36338106,-0.06827806,0.0823853,-0.43253696,-0.070058085,0.06236867,-0.5755108,-0.11054792,0.03447041,-0.47187203,-0.09219023,0.025929378,-0.37910002,-0.065580085
R,Zaith,Left,0.0,0.0,0.0,-0.099492155,-0.13678943,-0.016779063,-0.13528098,-0.33559057,-0.02653063,-0.10117513,-0.49417242,-0.046713613,-0.061515607,-0.5971334,-0.06610902,-0.110210754,-0.48884097,0.005337904,-0.13318776,-0.68373704,-0.039253637,-0.14228544,-0.8153338,-0.0714633,-0.14617711,-0.9337939,-0.09079566,-0.049261957,-0.50854987,-0.015380766,-0.08671595,-0.73809683,-0.063629575,-0.12423923,-0.8597565,-0.09007688,-0.15062626,-0.9885908,-0.09957888,0.02269228,-0.48293093,-0.041679602,0.008668033,-0.6461615,-0.104165584,-0.012050023,-0.48695233,-0.0943268,-0.017395305,-0.371628,-0.065679364,0.0981706,-0.4158433,-0.07084988,0.091095805,-0.5526766,-0.107683875,0.059918847,-0.46571526,-0.087675184,0.042730518,-0.38794768,-0.06034911
R,Zaith,Left,0.0,0.0,0.0,-0.09692955,-0.15051511,-0.023464853,-0.12226839,-0.35167563,-0.032298226,-0.0677214,-0.5098664,-0.04929264,-0.017859064,-0.6083807,-0.064987116,-0.10313522,-0.52451104,0.01379809,-0.10956557,-0.7072819,-0.0255482,-0.10924469,-0.83088166,-0.056863822,-0.10487322,-0.94216144,-0.07672552,-0.03817784,-0.5296344,-0.00396576,-0.0644166,-0.7509471,-0.049175892,-0.09722651,-0.8671537,-0.07841177,-0.11741492,-0.99308294,-0.09042771,0.034185164,-0.48702812,-0.028745199,0.03859679,-0.63669586,-0.09397111,0.010248407,-0.47592804,-0.09237194,-0.0026623544,-0.37010092,-0.06944951,0.107951105,-0.40562803,-0.05637089,0.1104467,-0.5330587,-0.09985254,0.07659574,-0.43349722,-0.08617998,0.056513436,-0.35696018,-0.062988505
R,Zaith,Left,0.0,0.0,0.0,-0.0968375,-0.1614879,-0.030308502,-0.113485284,-0.36392638,-0.039817322,-0.047859833,-0.518117,-0.05612797,0.009667805,-0.6140963,-0.07111333,-0.099098146,-0.5381428,0.016550995,-0.09946906,-0.7201654,-0.021781567,-0.09745846,-0.8476438,-0.05340103,-0.092024334,-0.9596465,-0.07390761,-0.028721409,-0.5368275,0.0011493954,-0.050829325,-0.7535567,-0.044581056,-0.083728656,-0.86960554,-0.07536601,-0.104026906,-0.9945745,-0.08807766,0.046879523,-0.4858379,-0.022652492,0.05654087,-0.62907666,-0.091753595,0.024770414,-0.46129,-0.092810765,0.008747669,-0.35958186,-0.07052306,0.120495185,-0.39644596,-0.049623445,0.12288043,-0.51412654,-0.097031154,0.08837218,-0.40824422,-0.08518241,0.06813547,-0.3371527,-0.062618725
R,Zaith,Left,0.0,0.0,0.0,-0.09615276,-0.17364497,-0.029641043,-0.10956951,-0.3784077,-0.03596662,-0.040457223,-0.52975917,-0.048160043,0.02123419,-0.62654984,-0.05879179,-0.09869312,-0.5302084,0.023078183,-0.09360297,-0.70937914,-0.010168907,-0.08460179,-0.8361472,-0.039795086,-0.07251068,-0.9508626,-0.059117004,-0.029043185,-0.52846575,0.010626189,-0.048969112,-0.7497727,-0.026852978,-0.07648945,-0.86864495,-0.05385054,-0.09341421,-0.99562734,-0.064937964,0.044684194,-0.47755152,-0.010602838,0.058212046,-0.6307788,-0.0749699,0.028452555,-0.46241388,-0.077123426,0.01176292,-0.3591123,-0.055995274,0.116898485,-0.39195427,-0.034688678,0.12247958,-0.51954013,-0.079687044,0.089181274,-0.4125291,-0.0687047,0.06849417,-0.33828428,-0.04718307
R,Zaith,Left,0.0,0.0,0.0,-0.09780003,-0.17967014,-0.03833952,-0.10862528,-0.37562284,-0.046368692,-0.038687564,-0.5270578,-0.059451226,0.023144478,-0.62978506,-0.069957435,-0.09922196,-0.5440552,0.030807227,-0.09492999,-0.7241611,-0.0044815163,-0.08783455,-0.85405636,-0.038241927,-0.07701464,-0.9705296,-0.060500048,-0.027187223,-0.5328474,0.02084404,-0.04497346,-0.75297064,-0.019397309,-0.073545404,-0.87016416,-0.051607247,-0.090070695,-0.9959354,-0.066011116,0.0481828,-0.47455746,-0.00042027092,0.061070036,-0.6289645,-0.07179376,0.026932998,-0.46288106,-0.081656635,0.009481222,-0.36232442,-0.06419913,0.12043706,-0.3876348,-0.025186908,0.12485514,-0.51316065,-0.07729641,0.08714844,-0.40351853,-0.07202994,0.064383134,-0.32677162,-0.053472817
R,Zaith,Left,0.0,0.0,0.0,-0.09691875,-0.18235718,-0.030023742,-0.10772369,-0.37407723,-0.03471075,-0.037909303,-0.5234735,-0.045513377,0.019420315,-0.62149346,-0.053859953,-0.09200981,-0.5279311,0.031819157,-0.09016255,-0.71283007,-0.0040047765,-0.08433173,-0.8449425,-0.03739729,-0.07333486,-0.9636784,-0.05889113,-0.021605592,-0.5153132,0.018613886,-0.03925012,-0.74378884,-0.022078248,-0.06811752,-0.8642232,-0.054068062,-0.08331172,-0.99652356,-0.068299256,0.05258713,-0.4622446,-0.0044940426,0.06272084,-0.6225214,-0.074034825,0.027456436,-0.45703918,-0.081120335,0.011754966,-0.35713717,-0.062211633,0.12532967,-0.38198066,-0.030587185,0.12877205,-0.5089548,-0.080700085,0.09114153,-0.40124196,-0.073403694,0.06999639,-0.32578024,-0.05367062
R,Zaith,Left,0.0,0.0,0.0,-0.08703352,-0.16611187,-0.01894217,-0.09645443,-0.36420894,-0.02625462,-0.030976806,-0.5102713,-0.043080535,0.026626237,-0.59465986,-0.05921896,-0.068065695,-0.5190977,0.021782957,-0.06508176,-0.69447255,-0.017275784,-0.05417067,-0.81312054,-0.050056823,-0.0400349,-0.9218334,-0.07141664,-0.0022957358,-0.51446927,0.0008986116,-0.014023293,-0.7376089,-0.044956863,-0.038733054,-0.8639164,-0.0772175,-0.051395245,-0.9986784,-0.092067145,0.06666179,-0.46009862,-0.02695982,0.07823862,-0.6169417,-0.09436944,0.037027527,-0.46746722,-0.09592187,0.015576299,-0.36936375,-0.07535793,0.13589554,-0.3693014,-0.057096098,0.14256448,-0.49790102,-0.10406788,0.10293161,-0.40641904,-0.09313063,0.078671105,-0.33739012,-0.07198469
R,Zaith,Left,0.0,0.0,0.0,-0.08396478,-0.16968201,-0.016111188,-0.09460277,-0.36407107,-0.024719115,-0.034718327,-0.50373083,-0.04386668,0.016449047,-0.58929694,-0.06233509,-0.065941736,-0.5236812,0.016909692,-0.0656382,-0.6980756,-0.02593566,-0.058200266,-0.8179257,-0.061662268,-0.04751938,-0.92904794,-0.08488729,-0.0012640771,-0.5196518,-0.005634266,-0.014759136,-0.7368697,-0.05447487,-0.040817037,-0.8638724,-0.08792066,-0.055257738,-0.9984721,-0.103592314,0.06881976,-0.46699792,-0.0345229,0.07875933,-0.6193076,-0.10177185,0.036620907,-0.47133058,-0.10248564,0.012555637,-0.36520746,-0.08140982,0.13826574,-0.3750776,-0.06565355,0.14646612,-0.50353354,-0.11101183,0.10260161,-0.41678995,-0.0992759,0.07242535,-0.34098175,-0.07745533
R,Zaith,Left,0.0,0.0,0.0,-0.09600963,-0.16236886,-0.03240906,-0.11270308,-0.36007327,-0.04452667,-0.048784222,-0.51099336,-0.06324664,0.007126376,-0.6087945,-0.08058009,-0.09820996,-0.5260018,0.012063529,-0.099583246,-0.7012382,-0.031004693,-0.095701,-0.82594436,-0.066564046,-0.088098586,-0.93789715,-0.08943357,-0.02880313,-0.528049,-0.0036994757,-0.053407464,-0.7485782,-0.053631127,-0.08630797,-0.8673646,-0.08715499,-0.10780179,-0.9941724,-0.10161929,0.046105262,-0.47926793,-0.028091718,0.053788878,-0.6229577,-0.10177081,0.021901106,-0.45753536,-0.10498363,0.005024712,-0.354765,-0.08335576,0.1189534,-0.39380503,-0.055682253,0.12055718,-0.51466733,-0.10633605,0.084841356,-0.40729898,-0.09556912,0.063168645,-0.33208424,-0.07341426
R,Zaith,Left,0.0,0.0,0.0,-0.09598842,-0.16712657,-0.0314086,-0.11130704,-0.36459437,-0.04273177,-0.045971617,-0.518585,-0.06110975,0.014098943,-0.6175964,-0.07813588,-0.09581021,-0.5298303,0.016385654,-0.097050615,-0.7136544,-0.021914704,-0.095212586,-0.8415646,-0.054132964,-0.089536816,-0.95632416,-0.07533258,-0.02681237,-0.5290055,0.001501491,-0.049639653,-0.7519105,-0.042806458,-0.08412989,-0.8702619,-0.073297046,-0.10561826,-0.99440676,-0.08676066,0.0469427,-0.478599,-0.022108724,0.05696046,-0.63089836,-0.09109591,0.021596193,-0.46706903,-0.09421643,0.0032699932,-0.35925028,-0.073661044,0.1185107,-0.39209092,-0.04894478,0.12015494,-0.51845866,-0.09678919,0.08058881,-0.4174105,-0.08687719,0.056190725,-0.33923694,-0.0660024
R,Zaith,Left,0.0,0.0,0.0,-0.097775355,-0.15630956,-0.024298197,-0.117004335,-0.35218534,-0.034283645,-0.056208666,-0.51354885,-0.052902997,0.0015536757,-0.6154216,-0.07055675,-0.10369119,-0.502803,0.016685473,-0.111545704,-0.6880719,-0.024713978,-0.110106975,-0.8159322,-0.059868474,-0.10363616,-0.9356151,-0.08371864,-0.035341103,-0.51617944,-0.0017210976,-0.06190594,-0.7419153,-0.04755637,-0.09619961,-0.86234766,-0.08030924,-0.117399305,-0.9930848,-0.096767135,0.038470984,-0.47706252,-0.027846308,0.0458729,-0.64252687,-0.09390093,0.014099872,-0.48632655,-0.09549007,-0.0022219233,-0.3821013,-0.075807855,0.111583255,-0.40022376,-0.05702268,0.116020665,-0.5379462,-0.10290501,0.07838805,-0.44162294,-0.09292682,0.05295188,-0.36118546,-0.07297041
R,Zaith,Left,0.0,0.0,0.0,-0.10297377,-0.15428372,-0.04200261,-0.12548342,-0.34403634,-0.05896647,-0.06496084,-0.50300205,-0.08183226,-0.007251272,-0.6067386,-0.102904595,-0.11112132,-0.5104793,0.0025925213,-0.12351738,-0.69668305,-0.046902835,-0.12654851,-0.83259976,-0.08812417,-0.123612605,-0.95517397,-0.11556459,-0.039082408,-0.51802856,-0.010386547,-0.07127531,-0.73631847,-0.06723274,-0.10784603,-0.86346424,-0.10624144,-0.13178049,-0.99127895,-0.12508853,0.03717063,-0.4751623,-0.033245865,0.041522417,-0.63027114,-0.11363407,0.014832559,-0.46541265,-0.12073969,0.00037580225,-0.35219452,-0.10073526,0.1111535,-0.39892733,-0.06043352,0.11389412,-0.5262671,-0.118955724,0.07933845,-0.42741522,-0.11451299,0.055059783,-0.34741214,-0.0958225
R,Zaith,Left,0.0,0.0,0.0,-0.09623785,-0.14663848,-0.03488101,-0.12301972,-0.33819726,-0.0533709,-0.06517041,-0.49786633,-0.078548305,-0.003765232,-0.59588736,-0.10197542,-0.10103358,-0.52056897,-0.00722327,-0.11333492,-0.70801175,-0.05810961,-0.116451144,-0.84382683,-0.09825682,-0.1145866,-0.9682267,-0.12564167,-0.031224633,-0.53049785,-0.024185797,-0.060683627,-0.74910927,-0.08198476,-0.096490964,-0.8663736,-0.118145466,-0.12086362,-0.9926691,-0.13556916,0.04396819,-0.48637247,-0.0486704,0.04948276,-0.62917995,-0.124622315,0.019420275,-0.46438247,-0.124215834,0.0028381213,-0.35336336,-0.101208754,0.11740162,-0.40238887,-0.077156276,0.12055154,-0.5241475,-0.13002151,0.084042765,-0.42525125,-0.11973804,0.058826823,-0.3453711,-0.09816376
R,Zaith,Left,0.0,0.0,0.0,-0.101767644,-0.12432397,-0.051117316,-0.141071,-0.30455944,-0.0793114,-0.094917424,-0.46429554,-0.11073409,-0.0366588,-0.5732904,-0.13946885,-0.12683523,-0.50381345,-0.029666526,-0.14203547,-0.68768513,-0.08810794,-0.14896815,-0.81953526,-0.13143215,-0.15240458,-0.9384947,-0.15957262,-0.0537728,-0.52190113,-0.04101995,-0.093222275,-0.7401353,-0.1067645,-0.13414033,-0.8588303,-0.14415538,-0.16550367,-0.98620915,-0.16051069,0.026068483,-0.48512402,-0.060899016,0.02351084,-0.61841786,-0.14471777,0.00211396,-0.44582674,-0.14402214,-0.010356787,-0.3351156,-0.118437484,0.10504839,-0.40950668,-0.08578495,0.10322155,-0.52539253,-0.1439234,0.07094723,-0.41926137,-0.1332176,0.04736787,-0.33923337,-0.10993074
R,Zaith,Left,0.0,0.0,0.0,-0.10114857,-0.10546437,-0.040376294,-0.14755856,-0.29084653,-0.06276502,-0.10597889,-0.4627907,-0.09029119,-0.051303715,-0.5735347,-0.11588647,-0.13408914,-0.48830876,-0.024088902,-0.15746602,-0.68215376,-0.07899533,-0.16745809,-0.8197155,-0.12069619,-0.17393465,-0.9497699,-0.1492559,-0.065235585,-0.51211554,-0.039171986,-0.10875917,-0.7362631,-0.10032298,-0.15032339,-0.85171145,-0.1362937,-0.18257143,-0.98319256,-0.15374798,0.011839819,-0.48364004,-0.061111238,0.008691924,-0.6354547,-0.13995698,-0.009818355,-0.46070763,-0.13688765,-0.021381006,-0.34326074,-0.11185533,0.09052805,-0.41728696,-0.08731492,0.08927578,-0.55182964,-0.1443239,0.059987698,-0.4400061,-0.13311015,0.037158534,-0.34850845,-0.11017905
R,Zaith,Left,0.0,0.0,0.0,-0.09078037,-0.11968484,-0.07882482,-0.12792377,-0.28054982,-0.12036095,-0.07578306,-0.42304188,-0.1592491,-0.006981435,-0.53267896,-0.19421636,-0.11162664,-0.5069049,-0.05684452,-0.121517256,-0.6815903,-0.124078475,-0.12257286,-0.8181923,-0.17303187,-0.12011173,-0.94014126,-0.20491254,-0.036281288,-0.51482844,-0.061200663,-0.07251859,-0.74025667,-0.13753173,-0.10973166,-0.862408,-0.18189038,-0.13716073,-0.9905488,-0.20178568,0.043564785,-0.46527746,-0.076871336,0.049264047,-0.57726914,-0.17579788,0.02680555,-0.4145969,-0.18578342,0.008731992,-0.33238617,-0.16544756,0.11902841,-0.383713,-0.0992068,0.12633492,-0.48894316,-0.1688174,0.09695643,-0.3767811,-0.1643089,0.07101345,-0.30451697,-0.1450885
R,Zaith,Left,0.0,0.0,0.0,-0.086921245,-0.11573465,-0.108334415,-0.119762614,-0.27161974,-0.16804825,-0.057999477,-0.39823022,-0.22058344,0.021242404,-0.5118152,-0.26735988,-0.10304233,-0.51802146,-0.07764189,-0.09700652,-0.6780967,-0.15424721,-0.090953104,-0.81796026,-0.2022756,-0.08081991,-0.93235976,-0.2298389,-0.02699088,-0.5116937,-0.07056848,-0.05733,-0.73938406,-0.14657792,-0.08544912,-0.8485435,-0.17495276,-0.10467361,-0.99450666,-0.1803414,0.05344494,-0.45649195,-0.080899745,0.0647973,-0.54629165,-0.18452406,0.04199049,-0.3818605,-0.19030128,0.024723051,-0.33397347,-0.16542964,0.12685107,-0.38049486,-0.10117448,0.13861732,-0.44803247,-0.17532346,0.10539058,-0.33541316,-0.17471872,0.07644477,-0.29294586,-0.15812135
R,Zaith,Left,0.0,0.0,0.0,-0.07853033,-0.117051266,-0.11965273,-0.10564751,-0.26792085,-0.1872448,-0.04319669,-0.382438,-0.24663977,0.04107498,-0.48811844,-0.29901278,-0.08888467,-0.5253606,-0.08823766,-0.08363171,-0.6965602,-0.17126842,-0.07658961,-0.84588957,-0.22209062,-0.06524068,-0.97010356,-0.2513722,-0.010307599,-0.5098517,-0.07833538,-0.034352697,-0.7342814,-0.16339828,-0.0612241,-0.84306836,-0.19452699,-0.07941313,-0.9968418,-0.20028728,0.07076043,-0.44932804,-0.087390766,0.08704175,-0.53025377,-0.19789246,0.06103886,-0.36518487,-0.20365599,0.038419455,-0.33015496,-0.17739902,0.14560363,-0.37626857,-0.10762517,0.16351181,-0.44149846,-0.18491118,0.12749696,-0.33417448,-0.18515567,0.093350664,-0.29859015,-0.16842823
R,Zaith,Left,0.0,0.0,0.0,-0.08638599,-0.100909874,-0.06452457,-0.13293125,-0.27086568,-0.09782434,-0.081625685,-0.41062644,-0.12856507,-0.006204862,-0.50052565,-0.15429936,-0.11224262,-0.5111475,-0.04980683,-0.123407744,-0.69424754,-0.10620119,-0.12752204,-0.8220421,-0.14546297,-0.13307512,-0.9373815,-0.17175417,-0.036785528,-0.5255645,-0.05647097,-0.07213147,-0.75025064,-0.120922685,-0.110688776,-0.8620578,-0.15679707,-0.14168926,-0.9899112,-0.17182136,0.041891586,-0.47773916,-0.07196558,0.04409834,-0.5568592,-0.15112099,0.020050557,-0.4027391,-0.15286945,0.0010714418,-0.34438705,-0.1315969,0.11793724,-0.39328325,-0.093766496,0.12219452,-0.47074226,-0.14583838,0.09195255,-0.363168,-0.13477176,0.065943465,-0.3112579,-0.114047654
R,Zaith,Left,0.0,0.0,0.0,-0.09840592,-0.1000133,-0.08909335,-0.1511456,-0.25476804,-0.14123794,-0.112064384,-0.38338986,-0.1890601,-0.047248572,-0.48604652,-0.23273183,-0.13794261,-0.49108815,-0.07847039,-0.15245052,-0.6566913,-0.15203628,-0.16137095,-0.784329,-0.20023167,-0.16816254,-0.8919198,-0.2291899,-0.06207987,-0.49696493,-0.08186823,-0.10820472,-0.7328621,-0.15914337,-0.14791663,-0.8514888,-0.19604994,-0.17966396,-0.98372805,-0.20924401,0.021455899,-0.45202962,-0.09823881,0.010996034,-0.55202633,-0.1987214,-0.009542149,-0.40513125,-0.21205732,-0.026386281,-0.3517545,-0.19463974,0.098870434,-0.3841018,-0.12223054,0.10026793,-0.46264282,-0.19302326,0.06744544,-0.3566297,-0.19306023,0.03842751,-0.3020647,-0.17850292
R,Zaith,Left,0.0,0.0,0.0,-0.09527232,-0.08871585,-0.10208866,-0.15074752,-0.23782635,-0.16288722,-0.11979968,-0.36307758,-0.21701871,-0.054207277,-0.47208112,-0.26621902,-0.1427617,-0.4912422,-0.09295562,-0.15457755,-0.66168267,-0.1744093,-0.1645083,-0.78949976,-0.22692874,-0.17220591,-0.8949597,-0.25764704,-0.0645752,-0.4950886,-0.09259689,-0.10919621,-0.73467934,-0.17771573,-0.1504296,-0.85287255,-0.21666576,-0.18437012,-0.98285687,-0.22924265,0.02203858,-0.44916528,-0.10655442,0.009858474,-0.5449379,-0.21444649,-0.009883265,-0.39851487,-0.22844706,-0.025019612,-0.34827408,-0.20956495,0.10118989,-0.3796067,-0.12907399,0.10005915,-0.45310676,-0.20417574,0.06839223,-0.3430142,-0.20391203,0.042050347,-0.28973112,-0.18793042
R,Zaith,Left,0.0,0.0,0.0,-0.10777086,-0.08893825,-0.09109406,-0.16859828,-0.23841721,-0.14597702,-0.13822354,-0.36742166,-0.1966982,-0.07540557,-0.47766864,-0.24386704,-0.15498692,-0.47827137,-0.0895164,-0.17688034,-0.6604213,-0.1676624,-0.18966475,-0.79693633,-0.22121781,-0.19658247,-0.9171149,-0.2555977,-0.07951861,-0.48799127,-0.09476254,-0.1321011,-0.7239151,-0.18069227,-0.17335796,-0.8483224,-0.22852977,-0.20599712,-0.9785526,-0.25079364,0.003937631,-0.44766638,-0.11181795,-0.010353395,-0.5516072,-0.2196958,-0.028498856,-0.40681407,-0.24138556,-0.044495583,-0.34037834,-0.22995158,0.08113596,-0.38303292,-0.13612631,0.08126063,-0.4622892,-0.21352258,0.050349277,-0.3572216,-0.21959408,0.022680437,-0.29267916,-0.20950066
R,Zaith,Left,0.0,0.0,0.0,-0.09411019,-0.09271169,-0.056458373,-0.14965393,-0.25429812,-0.08957263,-0.11218201,-0.39828625,-0.12296772,-0.040506933,-0.47983563,-0.15316212,-0.13063875,-0.48977807,-0.05014987,-0.14804994,-0.6667583,-0.107887074,-0.15760626,-0.79221237,-0.14844874,-0.16775008,-0.9076176,-0.17577216,-0.056764945,-0.5098212,-0.061900668,-0.09768884,-0.73747116,-0.12604733,-0.13875028,-0.85364765,-0.16235256,-0.17417543,-0.9847146,-0.17868803,0.022828374,-0.46661344,-0.08125166,0.017090753,-0.5619722,-0.16259733,-0.0047993017,-0.40938398,-0.16839853,-0.02269634,-0.33585587,-0.1495876,0.09949588,-0.3836375,-0.10567483,0.10232335,-0.47269166,-0.16045491,0.07213156,-0.37114623,-0.15298569,0.046347298,-0.30806348,-0.13471441
R,Zaith,Left,0.0,0.0,0.0,-0.086054474,-0.10179328,-0.10622537,-0.13149472,-0.24931936,-0.16696277,-0.088606104,-0.37211546,-0.220233,-0.014559577,-0.47495934,-0.2668067,-0.1198762,-0.50611645,-0.08157177,-0.12457609,-0.666557,-0.15794207,-0.12327569,-0.79938835,-0.20506214,-0.12300419,-0.9078934,-0.23166089,-0.040927853,-0.50614214,-0.07669225,-0.07706882,-0.7392309,-0.15594839,-0.1095631,-0.85209745,-0.18772057,-0.13861892,-0.9903458,-0.1942402,0.042701267,-0.45508033,-0.08800125,0.042353306,-0.53809375,-0.19306542,0.025070958,-0.37785688,-0.20182937,0.007278817,-0.33697885,-0.17816941,0.12016293,-0.38583058,-0.1085831,0.1284073,-0.4492438,-0.18044196,0.09755782,-0.33336025,-0.17836413,0.06694177,-0.29004195,-0.16079828
R,Zaith,Left,0.0,0.0,0.0,-0.087273635,-0.11898583,-0.09070414,-0.123624936,-0.27533296,-0.13789591,-0.071504734,-0.40002972,-0.18045832,0.0025838828,-0.5013335,-0.21737562,-0.102127336,-0.5102633,-0.056206856,-0.10953499,-0.67568666,-0.11993099,-0.106167994,-0.80749935,-0.16217692,-0.1000616,-0.921808,-0.18766819,-0.026902286,-0.51160616,-0.055241458,-0.06335611,-0.7386794,-0.12503502,-0.094019026,-0.8612206,-0.15935439,-0.116371594,-0.9932057,-0.17053038,0.051448774,-0.460218,-0.06895062,0.05687139,-0.54907763,-0.16853243,0.037628498,-0.38997462,-0.18175653,0.01891196,-0.32587737,-0.16209738,0.12502411,-0.3869211,-0.09027549,0.13693646,-0.4642096,-0.1605566,0.1069484,-0.35112676,-0.16036795,0.076588854,-0.29333618,-0.14436808
R,Zaith,Left,0.0,0.0,0.0,-0.08584493,-0.11678441,-0.10487978,-0.12011574,-0.2776369,-0.15924849,-0.06387582,-0.401135,-0.20615816,0.018150505,-0.5029524,-0.24696708,-0.0993684,-0.5211261,-0.075697504,-0.100911655,-0.70079815,-0.1462603,-0.096098736,-0.84073097,-0.19362496,-0.09089733,-0.9638917,-0.2234827,-0.020222768,-0.51773655,-0.069409624,-0.04724823,-0.7455911,-0.14905299,-0.07582937,-0.86444944,-0.18908514,-0.10104296,-0.99488205,-0.20375104,0.05969762,-0.46133167,-0.07817289,0.07156111,-0.5514361,-0.18479265,0.05056293,-0.38616377,-0.19791281,0.027739542,-0.32498118,-0.17745844,0.13298063,-0.38574564,-0.09571269,0.14778794,-0.4607134,-0.171471,0.11789842,-0.34459376,-0.17224957,0.08717496,-0.2890578,-0.15627226
R,Zaith,Left,0.0,0.0,0.0,-0.081066325,-0.11582039,-0.12124281,-0.10865895,-0.27034461,-0.18082838,-0.040949877,-0.3832418,-0.22930036,0.04377915,-0.48558018,-0.26942348,-0.08733953,-0.5286423,-0.083731085,-0.07808747,-0.6891579,-0.16511407,-0.0670702,-0.83080053,-0.2162491,-0.05540401,-0.9491878,-0.24547789,-0.008775531,-0.5198,-0.0707229,-0.031765305,-0.7479407,-0.15502012,-0.05859847,-0.85655695,-0.1882823,-0.07815243,-0.99694145,-0.19471619,0.069947064,-0.46109483,-0.076794505,0.08349069,-0.52683467,-0.1877819,0.060174953,-0.35822842,-0.19480637,0.04145158,-0.32662144,-0.16784695,0.14125305,-0.38373375,-0.09403346,0.15649872,-0.43673384,-0.17064294,0.122148246,-0.32003245,-0.16952951,0.08996318,-0.28741753,-0.15125322
R,Zaith,Left,0.0,0.0,0.0,-0.07885217,-0.1115647,-0.1422455,-0.10356353,-0.2622055,-0.2156026,-0.034181707,-0.3702018,-0.27532494,0.049998015,-0.4782224,-0.32638508,-0.08766703,-0.52212805,-0.10526518,-0.07436214,-0.6778739,-0.19952832,-0.06141552,-0.82132906,-0.2540265,-0.044352517,-0.9422777,-0.28206044,-0.007725648,-0.5012377,-0.08551347,-0.026127575,-0.7309668,-0.17594878,-0.050425865,-0.8353202,-0.20377022,-0.069502525,-0.9975818,-0.20414335,0.073835,-0.44070628,-0.0887304,0.09590579,-0.51707095,-0.20964938,0.071195915,-0.3496747,-0.22057371,0.046135396,-0.32640547,-0.19415556,0.1474681,-0.36806312,-0.104738064,0.17040606,-0.41968536,-0.18925296,0.13354011,-0.31516576,-0.19502501,0.09372868,-0.28671,-0.18069379
R,Zaith,Left,0.0,0.0,0.0,-0.09053205,-0.11640621,-0.042400073,-0.13375047,-0.300117,-0.060341038,-0.08937724,-0.46938702,-0.08124085,-0.027085004,-0.5728539,-0.09880414,-0.1276281,-0.5028146,-0.011797133,-0.14226149,-0.68681324,-0.05910705,-0.14910722,-0.81333905,-0.093729034,-0.1535558,-0.9311056,-0.116283394,-0.05826274,-0.52449024,-0.023919132,-0.1010262,-0.74903107,-0.07613244,-0.1400695,-0.85514724,-0.10702799,-0.16923931,-0.98557496,-0.119748294,0.018618345,-0.4918479,-0.044224735,0.0245104,-0.62046826,-0.11692933,0.0076897475,-0.45076722,-0.11590178,-0.0050314795,-0.36620662,-0.09224852,0.096954316,-0.4189048,-0.06878781,0.09935799,-0.53206116,-0.115813665,0.07499132,-0.42097118,-0.10156777,0.055910725,-0.3542669,-0.07806675
R,Zaith,Left,0.0,0.0,0.0,-0.09307335,-0.12352485,-0.04932783,-0.13425946,-0.30079606,-0.07604411,-0.090172976,-0.462454,-0.10595802,-0.026831368,-0.5687859,-0.13287513,-0.11981762,-0.5119396,-0.02287217,-0.13624455,-0.6901028,-0.07885284,-0.14181411,-0.81937826,-0.120800704,-0.14310789,-0.9367769,-0.14816704,-0.04862781,-0.52903974,-0.03450422,-0.08966775,-0.7506633,-0.096405804,-0.12864237,-0.8618119,-0.13290778,-0.15666758,-0.9876514,-0.14889467,0.028871536,-0.49066198,-0.05480541,0.030763712,-0.6213999,-0.13586286,0.010443482,-0.4543378,-0.13582256,-0.0028109357,-0.35491076,-0.11131698,0.10726197,-0.41302365,-0.07992875,0.1093181,-0.5336626,-0.13456905,0.080282174,-0.42744148,-0.12231564,0.058320995,-0.3509117,-0.09865915
R,Zaith,Left,0.0,0.0,0.0,-0.08583606,-0.20268501,0.013076282,-0.10249819,-0.3545557,-0.021713879,-0.11612265,-0.46640056,-0.073234975,-0.114269055,-0.55426115,-0.12357464,0.00668507,-0.56880224,-0.041808076,-0.042813312,-0.7438919,-0.10973994,-0.070623554,-0.8703612,-0.15412271,-0.09161395,-0.9702575,-0.18485735,0.04828132,-0.5049947,-0.10028346,-0.0060653165,-0.74244744,-0.1877893,-0.05290825,-0.8906985,-0.23028404,-0.07751583,-0.9969911,-0.2526289,0.06503877,-0.4037527,-0.1575543,-0.04961749,-0.5422946,-0.22133629,-0.09554412,-0.4541316,-0.18661036,-0.092604905,-0.38760352,-0.15041378,0.057704393,-0.28802598,-0.21773729,-0.047507685,-0.39651254,-0.24589336,-0.08533386,-0.34794796,-0.20933296,-0.080924146,-0.28913507,-0.17564666
R,Zaith,Left,0.0,0.0,0.0,-0.08208832,-0.1928421,0.011469884,-0.10044246,-0.35572705,-0.013170341,-0.11626347,-0.47018817,-0.049919553,-0.1269209,-0.5684747,-0.085522674,0.012562876,-0.5552077,-0.03532012,-0.04610949,-0.7313965,-0.092160374,-0.07667943,-0.8524018,-0.13077615,-0.0976772,-0.95299166,-0.15714191,0.050229594,-0.5011987,-0.08248061,-0.01642947,-0.7422619,-0.15063371,-0.06257706,-0.8877141,-0.18631476,-0.08724566,-0.99618685,-0.20648365,0.05991594,-0.4087424,-0.12799232,-0.06379668,-0.5521003,-0.18293774,-0.10402933,-0.4586571,-0.15603203,-0.096696734,-0.3872878,-0.12582727,0.04317846,-0.29757917,-0.17498139,-0.062268298,-0.41163594,-0.202409,-0.09545252,-0.3557332,-0.17158568,-0.08832174,-0.2931392,-0.14164378
R,Zaith,Left,0.0,0.0,0.0,-0.08891073,-0.17717977,-0.0049247993,-0.11726736,-0.33297786,-0.037947923,-0.13219963,-0.43834615,-0.08348023,-0.11796319,-0.5230316,-0.12705472,-0.012906608,-0.56740206,-0.041323096,-0.06492795,-0.7230956,-0.11096368,-0.093306184,-0.84701645,-0.16110237,-0.11496573,-0.9467175,-0.19588497,0.03660117,-0.51517236,-0.08688497,-0.022827119,-0.7346313,-0.1673415,-0.07096775,-0.8802566,-0.21193098,-0.09697619,-0.9952867,-0.23667733,0.06392408,-0.41494092,-0.13393863,-0.05318391,-0.5417606,-0.19797246,-0.096864045,-0.44061643,-0.17018247,-0.090668,-0.36952478,-0.13731182,0.06660537,-0.28827223,-0.18506524,-0.04029033,-0.38296884,-0.21768546,-0.08030815,-0.3315765,-0.18732044,-0.074238166,-0.27684146,-0.15670118
R,Zaith,Left,0.0,0.0,0.0,-0.086279586,-0.1251273,-0.024100471,-0.13353348,-0.29121414,-0.048187543,-0.1405623,-0.41987008,-0.080201685,-0.10117518,-0.4832045,-0.1100726,-0.06809383,-0.5217699,-0.024927586,-0.10765317,-0.6971882,-0.08246183,-0.12776576,-0.824437,-0.12273954,-0.13836034,-0.93075246,-0.14876977,-0.0066957907,-0.51621425,-0.051933054,-0.05214249,-0.73462176,-0.11498789,-0.09556126,-0.87362516,-0.15261883,-0.122135326,-0.9925135,-0.16982216,0.053082213,-0.4492649,-0.08366628,-0.026897829,-0.51884896,-0.15085667,-0.06779506,-0.40072414,-0.145632,-0.072499,-0.31820527,-0.122636095,0.09783899,-0.3416822,-0.11926046,0.017986054,-0.37921676,-0.15795086,-0.016142,-0.3066556,-0.14181495,-0.011512019,-0.25190753,-0.1189373
R,Zaith,Left,0.0,0.0,0.0,-0.08511957,-0.10618621,-0.0678926,-0.12061022,-0.27184576,-0.10001801,-0.056117937,-0.40452254,-0.12852876,0.019026706,-0.4871989,-0.15144727,-0.089942314,-0.5102983,-0.049081925,-0.07799488,-0.68950176,-0.10290059,-0.06910764,-0.81827676,-0.1394812,-0.064021066,-0.9363717,-0.1639654,-0.017859584,-0.5183056,-0.05155865,-0.03732966,-0.74118775,-0.11586344,-0.06397247,-0.8619603,-0.14987354,-0.08483008,-0.9963954,-0.16356021,0.053242125,-0.46660414,-0.06320088,0.0701823,-0.54720825,-0.1464032,0.041135985,-0.38417974,-0.14862598,0.017122088,-0.3173138,-0.12606959,0.12019015,-0.3776362,-0.081006646,0.13689235,-0.45209017,-0.13823713,0.10262942,-0.34293264,-0.13105972,0.069653474,-0.29425073,-0.11217453
R,Zaith,Left,0.0,0.0,0.0,-0.0888426,-0.095890075,-0.10051688,-0.13138019,-0.24342206,-0.15938291,-0.07274408,-0.36269742,-0.20995536,0.008925223,-0.45710686,-0.253964,-0.10728781,-0.50681686,-0.095834665,-0.109422825,-0.6709043,-0.18217175,-0.1056394,-0.80523324,-0.24253419,-0.10111862,-0.92841804,-0.28159687,-0.023712635,-0.51552594,-0.09329441,-0.0549933,-0.72741437,-0.1882775,-0.088441744,-0.84741217,-0.23674309,-0.11468226,-0.99340224,-0.25770086,0.062208835,-0.4629937,-0.10352722,0.069069006,-0.52567625,-0.21207425,0.039726485,-0.36561275,-0.21850695,0.017057031,-0.31357855,-0.19608814,0.1417662,-0.3767323,-0.122931376,0.15334345,-0.4284786,-0.19782367,0.111968264,-0.31480175,-0.19353686,0.07603576,-0.27111557,-0.17485967
R,Zaith,Left,0.0,0.0,0.0,-0.103383794,-0.10768209,-0.040801525,-0.16556895,-0.27188557,-0.06703678,-0.1378831,-0.43570536,-0.09838519,-0.08131061,-0.54461926,-0.12801278,-0.15743934,-0.4833753,-0.024986673,-0.19349343,-0.65604734,-0.082115084,-0.21152739,-0.78131664,-0.123339325,-0.2246781,-0.8989387,-0.15027697,-0.0855165,-0.5154525,-0.043258987,-0.14209297,-0.73336864,-0.10728399,-0.19140516,-0.8414136,-0.14516588,-0.23173007,-0.9727801,-0.16201326,-0.0014574482,-0.4903462,-0.06857719,-0.018819699,-0.60854304,-0.14906442,-0.036006052,-0.4477843,-0.14983979,-0.045238268,-0.35794634,-0.1266722,0.08520465,-0.4230571,-0.097798154,0.07068199,-0.5383622,-0.14897537,0.045874637,-0.4281126,-0.13397007,0.031659193,-0.35209066,-0.10933161
R,Zaith,Left,0.0,0.0,0.0,-0.10443685,-0.13432206,-0.025692098,-0.14889222,-0.3265556,-0.03737612,-0.10474612,-0.4978212,-0.057480115,-0.051142026,-0.6056693,-0.07638115,-0.13247697,-0.5057472,0.007817969,-0.1567659,-0.70084494,-0.032555114,-0.16835421,-0.8313679,-0.06427243,-0.17432413,-0.95279175,-0.08594236,-0.06440484,-0.52438325,-0.010416096,-0.11086597,-0.7439534,-0.058589637,-0.15246621,-0.85824883,-0.089083,-0.18076286,-0.9835267,-0.10310876,0.011936029,-0.49650183,-0.03572794,0.0026480935,-0.6589319,-0.10736348,-0.017024735,-0.48882774,-0.10871321,-0.026158374,-0.3678496,-0.08703087,0.09090567,-0.43266594,-0.063806504,0.08490625,-0.5720051,-0.116911426,0.05524528,-0.46652222,-0.10925538,0.035756692,-0.37483558,-0.0894067
S,Zaith,Right,0.0,0.0,0.0,0.21436723,-0.18107294,-0.04646451,0.37702948,-0.4684108,-0.04555042,0.38316396,-0.80101717,-0.046873465,0.2659817,-0.96397805,-0.035379004,0.2743568,-0.7196851,0.05743651,0.3074167,-0.9090633,-0.0059266784,0.2960875,-0.68210745,-0.035582125,0.2818293,-0.6282391,-0.04484326,0.13188131,-0.7545755,0.052393332,0.15832567,-0.9391033,-0.0059091095,0.1490786,-0.635264,-0.015330332,0.14133088,-0.63767606,-0.0062021366,-0.014003044,-0.73591924,0.029296335,0.008859585,-0.88509434,-0.05880235,0.010202441,-0.6022756,-0.034414273,-0.0059282044,-0.5972194,0.0046947515,-0.17407288,-0.68987215,0.0043061986,-0.1608466,-0.87663484,-0.03622651,-0.13263425,-0.7230533,0.004284408,-0.13222222,-0.6811111,0.046444625
S,Zaith,Right,0.0,0.0,0.0,0.2192555,-0.1637264,-0.050684616,0.38763613,-0.45955765,-0.05114867,0.37312755,-0.8013302,-0.052492976,0.25668466,-0.9664952,-0.039692845,0.30051684,-0.7295748,0.03729837,0.31193477,-0.9409178,-0.03613352,0.30143046,-0.6955344,-0.06849243,0.29926822,-0.6224008,-0.07868921,0.15316206,-0.76424915,0.032025866,0.15770797,-0.95772177,-0.03731511,0.15056165,-0.6440148,-0.045718044,0.15317787,-0.6221807,-0.034860246,0.0029367085,-0.7445717,0.008610085,0.011947849,-0.90310556,-0.09026698,0.011649542,-0.6062307,-0.06189854,0.005647952,-0.57953054,-0.01830211,-0.16178136,-0.6981314,-0.01698509,-0.1572304,-0.8902137,-0.06666735,-0.13110231,-0.7292103,-0.027316384,-0.123349205,-0.6821991,0.015341725
S,Zaith,Right,0.0,0.0,0.0,0.21418294,-0.16263175,-0.063118674,0.38353863,-0.44454366,-0.07165011,0.36947003,-0.79429054,-0.07769996,0.25063404,-0.9680819,-0.06552716,0.31160587,-0.734859,0.027600657,0.31723762,-0.95983064,-0.050886475,0.29951486,-0.7044175,-0.082538545,0.30440703,-0.63881135,-0.09183796,0.16702253,-0.76784796,0.02768881,0.16636331,-0.9800711,-0.048565038,0.15475002,-0.6387706,-0.05053398,0.16480091,-0.6294865,-0.031545926,0.02045871,-0.7524334,0.008280315,0.015475249,-0.9299539,-0.09303641,0.016767435,-0.6058059,-0.05198153,0.021859689,-0.58787674,0.002417991,-0.13985291,-0.7135989,-0.015268655,-0.14275114,-0.896055,-0.0629966,-0.11902715,-0.70971817,-0.015785009,-0.11118541,-0.6642348,0.03385849
S,Zaith,Right,0.0,0.0,0.0,0.21764635,-0.16563083,-0.06048861,0.38654226,-0.4553607,-0.0661224,0.36964458,-0.79965174,-0.06951934,0.24648063,-0.96914774,-0.055724945,0.2912543,-0.74245673,0.031281747,0.3076097,-0.9536093,-0.04761759,0.29655957,-0.6913874,-0.07974863,0.2952596,-0.6200765,-0.08844543,0.1482478,-0.77683216,0.030484175,0.15830982,-0.9830698,-0.044373106,0.15153557,-0.636033,-0.0485698,0.15493603,-0.6237485,-0.031482846,0.00095482165,-0.75979304,0.010315465,0.003192743,-0.9224756,-0.09332865,0.008312994,-0.5923267,-0.056788944,0.0076848413,-0.57566535,-0.0049245,-0.16327302,-0.71849626,-0.012762242,-0.1647798,-0.88822424,-0.062302865,-0.13838074,-0.69663393,-0.016345754,-0.13630803,-0.65318316,0.032389652
S,Zaith,Right,0.0,0.0,0.0,0.22256838,-0.19093055,-0.04837543,0.3843429,-0.47472537,-0.04974974,0.38056767,-0.8003152,-0.05398676,0.26646242,-0.9638453,-0.043832965,0.2909006,-0.73222446,0.05252871,0.30911607,-0.93738765,-0.016648348,0.3048127,-0.69989216,-0.0479753,0.30448976,-0.6405462,-0.057989568,0.14915137,-0.76733583,0.046795283,0.16489753,-0.9511561,-0.015525895,0.16071236,-0.6352353,-0.023510221,0.16627134,-0.6426544,-0.013458743,0.0036271778,-0.74913,0.022106942,0.018889535,-0.8980223,-0.06959467,0.023385141,-0.60675585,-0.040937055,0.020507548,-0.60600966,0.0009221609,-0.15761763,-0.7046296,-0.0052368594,-0.15285242,-0.8868041,-0.047692493,-0.121492706,-0.73164034,-0.006293564,-0.113050655,-0.6950242,0.036339507
S,Zaith,Right,0.0,0.0,0.0,0.21155423,-0.17134531,-0.04622403,0.37625933,-0.4456108,-0.055720557,0.39771488,-0.7694857,-0.069870904,0.29277492,-0.9561814,-0.07205708,0.28032464,-0.71478814,0.030267827,0.329091,-0.89654124,-0.040521156,0.31264243,-0.6617649,-0.07023707,0.2877291,-0.6194981,-0.08076115,0.135602,-0.75815547,0.01981548,0.17677157,-0.93021727,-0.049212314,0.16739757,-0.6216042,-0.058657717,0.15336548,-0.6361606,-0.0508697,-0.012697395,-0.7412181,-0.0070723356,0.027802974,-0.89465696,-0.102703765,0.030152312,-0.6099772,-0.07401526,0.0053044055,-0.6040408,-0.0333687,-0.1742033,-0.6967013,-0.036028832,-0.16312702,-0.88703704,-0.0873746,-0.121063314,-0.7870301,-0.053798534,-0.10612737,-0.7899156,-0.017103624
S,Zaith,Right,0.0,0.0,0.0,0.21258081,-0.15343611,-0.05079507,0.3796335,-0.4504728,-0.051391773,0.4083425,-0.78113145,-0.053608563,0.2999713,-0.9539482,-0.041768864,0.28436953,-0.7090381,0.038811654,0.32968295,-0.8989397,-0.03225873,0.3074683,-0.6588732,-0.061700504,0.28726545,-0.614974,-0.07104593,0.14114536,-0.7561657,0.031645425,0.1838512,-0.93917006,-0.038603164,0.16246527,-0.6166478,-0.045979276,0.14576986,-0.62652373,-0.03343252,-0.007908893,-0.7527131,0.0059234514,0.028685668,-0.90608394,-0.09219682,0.022327956,-0.6047508,-0.06333902,-0.0010170119,-0.607058,-0.01971886,-0.16951844,-0.7272685,-0.022261947,-0.14028324,-0.9043778,-0.07236586,-0.12021796,-0.7328449,-0.031874176,-0.13282853,-0.6975762,0.011402645
S,Zaith,Right,0.0,0.0,0.0,0.21248329,-0.14695273,-0.044548124,0.38844848,-0.43143013,-0.05185803,0.42760137,-0.75928384,-0.06319974,0.3227509,-0.94648397,-0.064206526,0.28307906,-0.70554835,0.014632724,0.33144864,-0.88888055,-0.05080694,0.31838003,-0.66307896,-0.07480659,0.29347846,-0.6335966,-0.083011575,0.13746227,-0.7557963,0.0020935778,0.18562,-0.93932307,-0.06314923,0.17608258,-0.63427526,-0.06900043,0.15485986,-0.65103376,-0.060613032,-0.014214215,-0.7480442,-0.025344292,0.035228793,-0.9094827,-0.11856476,0.036675796,-0.62481946,-0.09175108,0.0046160165,-0.61830837,-0.05446426,-0.17834543,-0.7170364,-0.05423685,-0.15522301,-0.9264716,-0.105708905,-0.11979856,-0.8123738,-0.072261885,-0.11767615,-0.7956343,-0.037198678
S,Zaith,Right,0.0,0.0,0.0,0.20146374,-0.1534652,-0.04841945,0.37699285,-0.40980616,-0.0609397,0.42262405,-0.73203516,-0.07719632,0.3278354,-0.9447349,-0.082361095,0.26411358,-0.69159657,0.011609541,0.33234945,-0.8585122,-0.05914791,0.31191078,-0.6288922,-0.08207276,0.27318868,-0.60359025,-0.08748209,0.12410296,-0.74831957,-5.137998e-05,0.19154698,-0.93663204,-0.07707676,0.17585126,-0.62053823,-0.083560675,0.1443148,-0.6270946,-0.070925355,-0.024072591,-0.74998444,-0.026633179,0.037596315,-0.9219759,-0.12829445,0.036328193,-0.6264575,-0.096651345,-0.006897131,-0.61394036,-0.051635385,-0.19052212,-0.72744334,-0.054666057,-0.15335067,-0.92861176,-0.110707745,-0.119716264,-0.7947799,-0.07362686,-0.1317375,-0.7734829,-0.032669626
S,Zaith,Right,0.0,0.0,0.0,0.20242602,-0.17348304,-0.049467366,0.3706538,-0.41858774,-0.06454525,0.42839995,-0.7229272,-0.08465009,0.33896,-0.9408008,-0.09232949,0.25668666,-0.7167494,0.019050665,0.33704263,-0.88766384,-0.05164978,0.31229463,-0.6500637,-0.07067239,0.26276273,-0.6239765,-0.07198109,0.12328286,-0.77475816,0.0066025816,0.20534204,-0.9671128,-0.07330427,0.18205582,-0.63353056,-0.07748503,0.13602223,-0.63847595,-0.060011655,-0.02357118,-0.7823044,-0.021621345,0.049295895,-0.95111716,-0.12713292,0.043440275,-0.6376418,-0.091884196,-0.013063149,-0.6213947,-0.04058623,-0.19181602,-0.7711682,-0.051181845,-0.1412952,-0.9774095,-0.10765915,-0.110963024,-0.80692935,-0.063175425,-0.13863182,-0.7595431,-0.013946347
S,Zaith,Right,0.0,0.0,0.0,0.20607755,-0.17268391,-0.046189006,0.3763069,-0.42269346,-0.06064303,0.4382238,-0.72621286,-0.081395015,0.34766227,-0.9376198,-0.09092211,0.24884365,-0.73112136,0.019492922,0.33094665,-0.90744066,-0.048939504,0.32018274,-0.66836846,-0.0678997,0.27321586,-0.62864965,-0.06878092,0.11990752,-0.78394383,0.006113768,0.20428552,-0.98512423,-0.072503775,0.190645,-0.65362,-0.079350255,0.13999267,-0.64010775,-0.06364688,-0.02357865,-0.78758985,-0.022014005,0.052903887,-0.9666544,-0.12553005,0.053414956,-0.66081053,-0.09485399,-0.0062454403,-0.6291971,-0.04646888,-0.19016446,-0.7720089,-0.05095687,-0.13791892,-0.98966336,-0.10722064,-0.09936505,-0.8327864,-0.066110305,-0.12266198,-0.78044343,-0.019176824
S,Zaith,Right,0.0,0.0,0.0,0.20427954,-0.16505417,-0.048485365,0.37157953,-0.41298705,-0.0679054,0.43493155,-0.71578944,-0.094637275,0.34768626,-0.9376109,-0.109818,0.24815004,-0.72053677,0.011024162,0.32507804,-0.92246,-0.06343223,0.32072356,-0.68408716,-0.08299258,0.2707368,-0.63640225,-0.08139385,0.11867558,-0.77054125,-0.0021558409,0.1995954,-0.9797245,-0.08101868,0.1926243,-0.64228696,-0.084246084,0.13947384,-0.6369552,-0.06592396,-0.022961427,-0.7783715,-0.030695625,0.05574932,-0.96369815,-0.13608336,0.058141354,-0.644459,-0.10085649,-0.007594354,-0.6083043,-0.048396498,-0.18770418,-0.771186,-0.060389664,-0.12986499,-0.9945801,-0.1181801,-0.0980413,-0.83611906,-0.0744415,-0.13666517,-0.7810558,-0.02458627
S,Zaith,Right,0.0,0.0,0.0,0.1862852,-0.20167504,-0.047514345,0.33835998,-0.46996656,-0.06607287,0.37468797,-0.77344537,-0.091133915,0.26715982,-0.96365225,-0.105424955,0.206912,-0.75634474,0.01348247,0.27527988,-0.9347537,-0.05820101,0.2683904,-0.6991874,-0.08038378,0.22360463,-0.64908975,-0.0833521,0.07263583,-0.7861932,-0.000497297,0.13847923,-0.98647076,-0.080929235,0.13754754,-0.66467494,-0.08963001,0.095348425,-0.6522905,-0.075751804,-0.07125823,-0.7642379,-0.02894884,-0.011780459,-0.94523346,-0.13055837,0.0019607511,-0.6538418,-0.09938331,-0.048797257,-0.61886746,-0.05197054,-0.23463091,-0.7174036,-0.058728945,-0.20322014,-0.94250923,-0.112404495,-0.16172555,-0.80139565,-0.07018719,-0.17827426,-0.7463118,-0.02310131
S,Zaith,Right,0.0,0.0,0.0,0.1873114,-0.17990556,-0.054053757,0.34638965,-0.4602331,-0.072292075,0.38710532,-0.7707485,-0.0939859,0.28236955,-0.9593057,-0.102794655,0.20697461,-0.74824715,0.00011096163,0.2739017,-0.93659216,-0.06899862,0.2685104,-0.67979497,-0.08515978,0.22916,-0.6371097,-0.085682854,0.07535961,-0.7795023,-0.00948963,0.13945085,-0.9835245,-0.08764698,0.13909991,-0.64834476,-0.08925999,0.09890644,-0.6447188,-0.07175547,-0.06517325,-0.76385516,-0.033749204,-0.005515702,-0.9451452,-0.13360119,0.008527785,-0.6364547,-0.09633193,-0.0399735,-0.6053721,-0.046466496,-0.22492155,-0.73177433,-0.060272075,-0.18974136,-0.9392493,-0.113153346,-0.15008025,-0.78497845,-0.070311315,-0.17001761,-0.73632425,-0.024141546
S,Zaith,Right,0.0,0.0,0.0,0.20409507,-0.15986276,-0.06014884,0.37933388,-0.43397292,-0.07525189,0.41986027,-0.7622537,-0.0914408,0.30661273,-0.9518344,-0.09453619,0.26470014,-0.7194202,0.025171604,0.3257875,-0.9089673,-0.05272197,0.31053856,-0.6602601,-0.08587468,0.2805375,-0.59734184,-0.09621869,0.12781714,-0.76415116,0.02083,0.17826201,-0.96217465,-0.061447673,0.17041034,-0.62289166,-0.07268694,0.14601484,-0.6020206,-0.05897124,-0.018201672,-0.75223345,-0.0011664287,0.027294425,-0.92849374,-0.106420875,0.036500406,-0.6043559,-0.07140357,0.0042755064,-0.57113606,-0.020626308,-0.18392658,-0.71502453,-0.025814636,-0.12983488,-0.8753609,-0.08227041,-0.10311672,-0.67136556,-0.03778094,-0.12836857,-0.61943626,0.01080613
S,Zaith,Right,0.0,0.0,0.0,0.20286378,-0.13192432,-0.060274884,0.3846835,-0.39584872,-0.07639119,0.425651,-0.74200976,-0.09246343,0.31377316,-0.949498,-0.09575798,0.27846086,-0.7070338,0.017375799,0.3433949,-0.883471,-0.05830203,0.32104138,-0.6461436,-0.085684925,0.28985122,-0.6024358,-0.0933639,0.1380551,-0.76842415,0.012199911,0.19374774,-0.9675821,-0.06826274,0.1773943,-0.62461776,-0.07299132,0.15539412,-0.62044924,-0.05544988,-0.010250952,-0.76594025,-0.009821442,0.033538155,-0.9470875,-0.11497347,0.03874325,-0.6189522,-0.07348449,0.008931152,-0.60051745,-0.020002775,-0.18071994,-0.7351059,-0.03440083,-0.1336036,-0.88743764,-0.09204832,-0.10778697,-0.6779527,-0.045110047,-0.13026032,-0.6386749,0.004331985
S,Zaith,Right,0.0,0.0,0.0,0.21327326,-0.14282313,-0.052802406,0.40281484,-0.4013847,-0.068361685,0.45981184,-0.7347541,-0.08645958,0.35079226,-0.9364533,-0.09123919,0.28380698,-0.71699685,0.018230207,0.3596826,-0.91533566,-0.05849301,0.33626527,-0.6457961,-0.08253812,0.29829887,-0.5879582,-0.086990245,0.14661054,-0.77349734,0.0072379527,0.21752933,-0.98429734,-0.08248097,0.19488697,-0.6201192,-0.090432264,0.15696885,-0.60229456,-0.07250864,-0.0028784848,-0.7745397,-0.019587183,0.061475415,-0.9589108,-0.13491714,0.056227665,-0.60873514,-0.09681737,0.008853472,-0.5783397,-0.041069433,-0.17527208,-0.75515217,-0.047244042,-0.101710424,-0.92094195,-0.110931166,-0.08355773,-0.695402,-0.06409966,-0.12408734,-0.6457896,-0.012310685
S,Zaith,Right,0.0,0.0,0.0,0.21682811,-0.14178917,-0.048768092,0.40472686,-0.39030895,-0.062108155,0.46093413,-0.71588933,-0.07991824,0.36169595,-0.9322961,-0.08621805,0.28894457,-0.7055108,0.031054735,0.36225134,-0.895925,-0.049025323,0.3421139,-0.6516449,-0.07962397,0.30386946,-0.5862011,-0.086330555,0.15356411,-0.768211,0.018230116,0.22404274,-0.9811522,-0.07174121,0.20371138,-0.62843907,-0.08313148,0.16659784,-0.59154075,-0.06585749,0.0034737787,-0.77387714,-0.011231134,0.06827816,-0.96195686,-0.12601654,0.06433517,-0.6211697,-0.09005504,0.017758353,-0.5786529,-0.034448642,-0.17197073,-0.75374866,-0.04139995,-0.095643036,-0.9215562,-0.105134144,-0.07556461,-0.69877046,-0.05846258,-0.113430575,-0.6443182,-0.005758873
S,Zaith,Right,0.0,0.0,0.0,0.21447332,-0.15009202,-0.04684685,0.3986127,-0.39595753,-0.061627064,0.45961875,-0.7210394,-0.0814185,0.35984206,-0.93301326,-0.08873231,0.27093956,-0.7158244,0.02432181,0.34964094,-0.9035992,-0.05717647,0.33267286,-0.64051867,-0.08609512,0.29189053,-0.5859047,-0.09332182,0.13729534,-0.7711551,0.009277691,0.20983472,-0.9790804,-0.085220344,0.19514637,-0.6199312,-0.09679958,0.15549134,-0.59668475,-0.08125485,-0.01023797,-0.76960397,-0.02162707,0.057590984,-0.96086234,-0.13887729,0.058881182,-0.61615115,-0.10049598,0.008608287,-0.5798861,-0.04479903,-0.18448584,-0.74556607,-0.053329423,-0.10581156,-0.9005608,-0.119578026,-0.08287174,-0.68006027,-0.07409882,-0.1255713,-0.63392127,-0.023117501
S,Zaith,Right,0.0,0.0,0.0,0.20507717,-0.13585843,-0.059404448,0.3885401,-0.39360654,-0.08101644,0.44016072,-0.72151536,-0.10296859,0.3423423,-0.9395753,-0.11209952,0.26014492,-0.71806854,-0.0116898995,0.33897352,-0.904096,-0.092798494,0.32777706,-0.6423802,-0.116850406,0.2855736,-0.5865664,-0.12119903,0.1262401,-0.76521766,-0.021278014,0.20477846,-0.97500783,-0.11457746,0.19636607,-0.6198443,-0.1220791,0.14942193,-0.5903183,-0.10606462,-0.020942682,-0.76454365,-0.045368932,0.057829827,-0.9635588,-0.16242632,0.06368282,-0.61569345,-0.12365977,0.004881496,-0.56443554,-0.06935786,-0.19452234,-0.7441871,-0.07076703,-0.10904414,-0.9074414,-0.14032523,-0.07891863,-0.6924649,-0.097123206,-0.12662312,-0.6381786,-0.048283692
S,Zaith,Right,0.0,0.0,0.0,0.20620432,-0.14236303,-0.057564616,0.39034382,-0.41194338,-0.082178704,0.4537397,-0.72768307,-0.10715512,0.352913,-0.93565613,-0.11690313,0.24906123,-0.7589761,-0.026670873,0.33777252,-0.9617729,-0.11147159,0.332837,-0.66175973,-0.1289839,0.28484634,-0.6002891,-0.1276038,0.12130785,-0.7956807,-0.039420456,0.21594138,-1.0008825,-0.13821992,0.208171,-0.62042284,-0.14040071,0.1487836,-0.6028261,-0.11997667,-0.021466719,-0.79208654,-0.065819904,0.07333785,-0.9838402,-0.18849424,0.07882592,-0.6145042,-0.14333102,0.010059567,-0.57198447,-0.08394591,-0.19076581,-0.7727404,-0.093048535,-0.08623944,-0.93190426,-0.16626379,-0.055713743,-0.6915363,-0.11808072,-0.11429523,-0.62787473,-0.06468711
S,Zaith,Right,0.0,0.0,0.0,0.20674223,-0.14798042,-0.055157676,0.39326793,-0.41092417,-0.07623115,0.45343143,-0.7234002,-0.09972964,0.35555235,-0.9346564,-0.10955725,0.2622012,-0.74917793,-0.008155058,0.34946862,-0.94636095,-0.09066904,0.33780554,-0.65573,-0.11348592,0.29284674,-0.5906703,-0.11683973,0.13131024,-0.7935903,-0.021178722,0.21761633,-1.0005879,-0.11826287,0.20715553,-0.6271203,-0.12611291,0.15356675,-0.5959122,-0.10888516,-0.014129306,-0.79120713,-0.048586942,0.070739284,-0.9872479,-0.16932796,0.0771155,-0.6260314,-0.1299595,0.015176383,-0.5730678,-0.073635936,-0.18550101,-0.76925737,-0.07697941,-0.091852,-0.9352132,-0.14868732,-0.05840776,-0.7046439,-0.10384642,-0.10582332,-0.63643235,-0.05250081
S,Zaith,Right,0.0,0.0,0.0,0.2099166,-0.1480229,-0.05391651,0.39027834,-0.4106801,-0.07067916,0.46121603,-0.71705395,-0.090762615,0.3711582,-0.9285696,-0.09840451,0.26420936,-0.74854225,0.012236941,0.33817777,-0.9299686,-0.06613714,0.33235118,-0.6660021,-0.09280953,0.29467672,-0.6013699,-0.09781129,0.132001,-0.7907298,0.002419561,0.20418048,-0.9943746,-0.084386185,0.19562231,-0.63848,-0.09144641,0.15312973,-0.60887915,-0.07445355,-0.015058573,-0.78168005,-0.023511982,0.057186425,-0.9638008,-0.13485506,0.062413625,-0.6290419,-0.098061346,0.010908131,-0.58591235,-0.044899866,-0.18596582,-0.75168943,-0.050936233,-0.10324456,-0.90690297,-0.114893995,-0.0778343,-0.70138115,-0.071632154,-0.122700945,-0.65119785,-0.022848243
S,Zaith,Right,0.0,0.0,0.0,0.2069877,-0.16821168,-0.057514068,0.3883414,-0.4443996,-0.0724979,0.41588694,-0.7745591,-0.088929296,0.29390866,-0.9558335,-0.09334332,0.2537792,-0.77038074,0.019910228,0.31639194,-0.9500496,-0.058192182,0.3107324,-0.68758357,-0.090430096,0.27923113,-0.6191367,-0.100189194,0.113410674,-0.8064438,0.01335914,0.16672833,-0.9974486,-0.07301585,0.16818479,-0.6533031,-0.08838604,0.13683075,-0.618913,-0.07772969,-0.03465718,-0.7824173,-0.009126429,0.0112183485,-0.9640015,-0.11742684,0.030242397,-0.6372084,-0.08384731,-0.0066060317,-0.5880279,-0.03408235,-0.20606193,-0.7312148,-0.033363435,-0.1491613,-0.8979022,-0.092476465,-0.11427343,-0.68956184,-0.04726904,-0.14152451,-0.6296382,0.0023096567
S,Zaith,Right,0.0,0.0,0.0,0.1998839,-0.16437297,-0.062354885,0.37091875,-0.44476265,-0.07751108,0.39408335,-0.7777766,-0.0914761,0.27255678,-0.9621397,-0.0912341,0.25813922,-0.75189584,0.013243181,0.31692263,-0.9269124,-0.06652836,0.29482865,-0.6704649,-0.097165816,0.26029754,-0.61570513,-0.10657229,0.11578292,-0.7901853,0.008811919,0.16405417,-0.9832172,-0.08135884,0.15520206,-0.63244426,-0.093502685,0.12884055,-0.6061459,-0.079442285,-0.033386353,-0.76799047,-0.012074824,0.0051133805,-0.9443915,-0.12346308,0.019745102,-0.6083092,-0.08638101,-0.010736134,-0.56816524,-0.03330479,-0.20237745,-0.7177856,-0.03530365,-0.15453658,-0.8736038,-0.09572777,-0.12048172,-0.66567415,-0.051071472,-0.14024557,-0.61844116,-0.0018184156
S,Zaith,Right,0.0,0.0,0.0,0.20437092,-0.18036741,-0.05337914,0.36624938,-0.4446686,-0.06675435,0.3987499,-0.7699875,-0.083068386,0.28510785,-0.95849544,-0.08750483,0.25039485,-0.7532974,0.034213968,0.30602223,-0.91219527,-0.04472065,0.29247093,-0.6756835,-0.08054292,0.25844336,-0.6225047,-0.09259294,0.10941774,-0.79214233,0.025008118,0.1564961,-0.9715989,-0.06085982,0.15261239,-0.6357183,-0.077347346,0.12506631,-0.6185914,-0.06668989,-0.040012587,-0.76803327,-0.0011912059,0.00046035027,-0.93812144,-0.10921046,0.017780317,-0.6195481,-0.07709675,-0.015475909,-0.5908052,-0.027858036,-0.21044135,-0.7108947,-0.0292362,-0.15893178,-0.86512655,-0.08722528,-0.12359027,-0.66380703,-0.042511873,-0.14597835,-0.6164522,0.0068138572
S,Zaith,Right,0.0,0.0,0.0,0.20437743,-0.16061822,-0.05330487,0.37868434,-0.44370708,-0.06344082,0.39944753,-0.77709675,-0.07523198,0.28026563,-0.9599225,-0.074720725,0.26155633,-0.7395194,0.0293496,0.32019857,-0.9158611,-0.046617657,0.3055133,-0.6626708,-0.07831869,0.27510354,-0.6065341,-0.08904603,0.120255075,-0.78249913,0.0214325,0.16752908,-0.9718469,-0.0612509,0.16282235,-0.6303963,-0.07377385,0.13906394,-0.61423945,-0.061769474,-0.028936278,-0.7633361,-0.00305731,0.013102524,-0.9379353,-0.11166429,0.026557487,-0.60514957,-0.07642493,-0.005262722,-0.5730263,-0.025807891,-0.2008304,-0.7169795,-0.0290656,-0.15009063,-0.87363523,-0.08867159,-0.11795176,-0.65965754,-0.04323687,-0.13990285,-0.6102298,0.005937966
S,Zaith,Right,0.0,0.0,0.0,0.1997094,-0.16138195,-0.06468365,0.37221375,-0.43502086,-0.0867616,0.40817887,-0.76934993,-0.10895414,0.28877565,-0.9573968,-0.116972946,0.2562543,-0.7522176,0.006027136,0.3138556,-0.9311227,-0.07603867,0.29674685,-0.6727851,-0.10547889,0.26144308,-0.62084484,-0.113502316,0.1141487,-0.7903948,7.476918e-06,0.16405368,-0.9772738,-0.08813518,0.1568382,-0.62379867,-0.09464521,0.12839,-0.6205855,-0.077410534,-0.034404304,-0.7693583,-0.023320446,0.008019905,-0.9434273,-0.13317308,0.022969544,-0.61195904,-0.09319687,-0.012971166,-0.590889,-0.039637808,-0.20315267,-0.7215242,-0.049675666,-0.15168348,-0.8725082,-0.11105791,-0.12051202,-0.6701659,-0.06622275,-0.1494279,-0.63169616,-0.017117707
S,Zaith,Right,0.0,0.0,0.0,0.20027374,-0.16439143,-0.056109533,0.37390426,-0.41605142,-0.076193295,0.42022154,-0.7495573,-0.099034026,0.3080457,-0.95137155,-0.10980612,0.24939823,-0.7353293,0.01692419,0.3189341,-0.9029116,-0.059753176,0.30451038,-0.65465355,-0.08699776,0.26557222,-0.61262715,-0.09483052,0.11343652,-0.78828627,0.007294655,0.17577893,-0.9805017,-0.08120574,0.1671807,-0.6346737,-0.091609605,0.13176548,-0.62555134,-0.07643734,-0.03316787,-0.778084,-0.01812438,0.019909065,-0.964578,-0.12814249,0.032012697,-0.6356118,-0.090288356,-0.0099996105,-0.6075066,-0.037224956,-0.20424151,-0.736246,-0.04541745,-0.14360972,-0.89608306,-0.10747812,-0.11031149,-0.6892317,-0.06231252,-0.13945568,-0.64122707,-0.012205369
S,Zaith,Right,0.0,0.0,0.0,0.19469512,-0.15882275,-0.056378514,0.37794018,-0.43346545,-0.073320195,0.428376,-0.76007557,-0.09112755,0.31486443,-0.9491367,-0.094274506,0.24938966,-0.7488119,0.004626033,0.3207594,-0.92611724,-0.06930747,0.30300206,-0.64973104,-0.08864049,0.26198018,-0.61244166,-0.09185655,0.11177243,-0.795348,-0.004977753,0.17840253,-0.9833632,-0.09185527,0.16571176,-0.62059027,-0.09494868,0.12614313,-0.6266566,-0.07622507,-0.0351828,-0.7869731,-0.030059272,0.022213712,-0.97093165,-0.14032987,0.03057497,-0.6257417,-0.09965482,-0.017313415,-0.6077743,-0.046168275,-0.20433028,-0.75653803,-0.05694416,-0.13893385,-0.9134927,-0.11911094,-0.11377092,-0.69640064,-0.07354184,-0.15553297,-0.6523303,-0.024402542
S,Zaith,Right,0.0,0.0,0.0,0.19822386,-0.14818135,-0.055867057,0.3747761,-0.4159671,-0.07511929,0.424477,-0.7431791,-0.09701345,0.32199293,-0.94674206,-0.10598701,0.23569313,-0.73495287,0.00093678804,0.30951723,-0.93380004,-0.080609545,0.30637574,-0.6541112,-0.10460049,0.26873732,-0.5887719,-0.10790303,0.10649871,-0.7752672,-0.010570878,0.17934673,-0.9928692,-0.104055025,0.17787915,-0.6240014,-0.11080032,0.13038777,-0.59092313,-0.09160795,-0.036630493,-0.76761687,-0.037614413,0.032537714,-0.97380674,-0.15557845,0.0485342,-0.61900103,-0.11661969,-0.0056733633,-0.5649447,-0.059570033,-0.20611517,-0.7353278,-0.065864846,-0.12994637,-0.921,-0.13410938,-0.09189468,-0.7010149,-0.08899533,-0.1308174,-0.63025063,-0.037193626
S,Zaith,Right,0.0,0.0,0.0,0.1996541,-0.16206512,-0.05241168,0.38101146,-0.43362495,-0.06883457,0.43341646,-0.76279736,-0.088685304,0.31652564,-0.94858396,-0.09625041,0.2519177,-0.7615899,0.012311147,0.31549093,-0.955993,-0.064753965,0.31010994,-0.67792004,-0.09077341,0.27939993,-0.6113449,-0.09694523,0.11370137,-0.80432653,0.0003979094,0.1710298,-1.0144902,-0.08864165,0.17059673,-0.6494967,-0.097222544,0.13420019,-0.61448866,-0.08021206,-0.035634406,-0.78690016,-0.02686939,0.01430592,-0.982199,-0.13708736,0.03298959,-0.6390981,-0.09956323,-0.01010221,-0.5895546,-0.04592517,-0.20709804,-0.74207747,-0.05557502,-0.14916997,-0.9204623,-0.11519949,-0.11291731,-0.71086633,-0.06918057,-0.14373775,-0.6481134,-0.018648056
S,Zaith,Right,0.0,0.0,0.0,0.1703416,-0.1521543,-0.053262763,0.31500456,-0.4220184,-0.07746954,0.35252184,-0.74667835,-0.105121434,0.2568717,-0.9664455,-0.12046168,0.20405258,-0.74194336,0.0064810184,0.2740901,-0.9246898,-0.075357385,0.2692031,-0.67364544,-0.10016008,0.22111964,-0.60513407,-0.102271006,0.07789721,-0.7712305,-0.0042279228,0.1446826,-0.97383684,-0.09901676,0.1526486,-0.6167514,-0.10812456,0.10632358,-0.58201104,-0.08907927,-0.059746303,-0.7455569,-0.029328145,0.0021751127,-0.9448969,-0.1457965,0.029859027,-0.5956405,-0.10272062,-0.0251787,-0.5322597,-0.042371545,-0.22485134,-0.69581836,-0.055312064,-0.14663841,-0.85707825,-0.12240317,-0.10245438,-0.63373375,-0.074469164,-0.1452582,-0.5667796,-0.019778773
S,Zaith,Right,0.0,0.0,0.0,0.17634505,-0.15014929,-0.051735274,0.32070172,-0.42602676,-0.07504922,0.35841158,-0.7487244,-0.10330091,0.25968128,-0.96569437,-0.12108528,0.20919184,-0.7325309,0.013114408,0.27394262,-0.9093242,-0.06600408,0.27530897,-0.6864362,-0.09037313,0.22999786,-0.613485,-0.091419525,0.08252483,-0.7610863,0.00224954,0.14564672,-0.9638879,-0.08431173,0.15688005,-0.62029135,-0.08926541,0.11195113,-0.58642745,-0.0680822,-0.055088587,-0.737462,-0.02400688,0.004898336,-0.93367124,-0.13668855,0.032536812,-0.59557855,-0.09541345,-0.02374568,-0.532111,-0.03668243,-0.21858485,-0.6874342,-0.051272616,-0.14585465,-0.8615614,-0.11765556,-0.10282329,-0.6491097,-0.07152771,-0.14358184,-0.5773059,-0.018516878
S,Zaith,Right,0.0,0.0,0.0,0.18065704,-0.16812277,-0.04159346,0.3249426,-0.44061473,-0.05447173,0.35458887,-0.7637577,-0.074443065,0.25087643,-0.9680191,-0.08468272,0.22092041,-0.7291269,0.04386681,0.28252247,-0.88965046,-0.026013462,0.27141535,-0.6719566,-0.051711842,0.2293899,-0.615554,-0.056408882,0.09096251,-0.76618284,0.03106014,0.14567667,-0.9550546,-0.04460151,0.14918756,-0.6179315,-0.04991101,0.11501687,-0.5951757,-0.030572956,-0.04887865,-0.7420143,0.00245658,-0.0023239614,-0.9346353,-0.09926405,0.023127262,-0.60255,-0.05798656,-0.021415759,-0.5465192,-0.0017555585,-0.21499622,-0.6877606,-0.027196195,-0.15965137,-0.8627324,-0.08339802,-0.117130235,-0.65784687,-0.035318103,-0.14227049,-0.5921806,0.01733654
S,Zaith,Right,0.0,0.0,0.0,0.17877398,-0.1558479,-0.050029904,0.32835248,-0.4344594,-0.06458058,0.34983248,-0.76219934,-0.08261559,0.25104028,-0.9679766,-0.090241805,0.22204842,-0.73506284,0.023068797,0.2764201,-0.91292006,-0.051195983,0.26925668,-0.68409866,-0.076967455,0.22936063,-0.610235,-0.079877995,0.09095769,-0.7653561,0.015104411,0.13913284,-0.9555652,-0.06119835,0.1461766,-0.618034,-0.06522983,0.113551095,-0.5843642,-0.046054434,-0.048042588,-0.7358253,-0.00847983,-0.003969104,-0.92092144,-0.11272787,0.021551203,-0.5889405,-0.071839795,-0.019973159,-0.5285516,-0.015911937,-0.21328235,-0.6766663,-0.033250548,-0.16324793,-0.8528656,-0.09369817,-0.117972195,-0.6477765,-0.04749331,-0.13821019,-0.5810933,0.004440669
S,Zaith,Right,0.0,0.0,0.0,0.17181368,-0.13247846,-0.06457446,0.33054894,-0.42382392,-0.08819651,0.3698041,-0.7577024,-0.11056231,0.2670392,-0.9636857,-0.11874767,0.21302095,-0.74592865,-0.012176896,0.27392316,-0.9362924,-0.09158274,0.26910216,-0.67126894,-0.11112709,0.22607005,-0.6125971,-0.110767625,0.083252504,-0.7711405,-0.01637245,0.14324433,-0.97258425,-0.10253019,0.15183854,-0.60670024,-0.10094638,0.10939718,-0.5874951,-0.077030405,-0.05631813,-0.74505574,-0.036030725,-0.0010166309,-0.9366766,-0.14845748,0.026085295,-0.58130234,-0.102449864,-0.026327442,-0.53058344,-0.04252834,-0.22059436,-0.6978501,-0.057722684,-0.15110232,-0.85870486,-0.12454438,-0.10896235,-0.63755393,-0.078007005,-0.15007831,-0.57693535,-0.025567004
S,Zaith,Right,0.0,0.0,0.0,0.17157902,-0.15113786,-0.057759967,0.31432468,-0.44342667,-0.08319255,0.36774087,-0.7426433,-0.11023132,0.28795967,-0.95764256,-0.12567578,0.19580175,-0.7675594,-0.02167129,0.26689595,-0.9532982,-0.09818599,0.27746493,-0.70029444,-0.115287445,0.22874156,-0.6182953,-0.112466894,0.0734416,-0.78273463,-0.03052051,0.15049814,-0.9687668,-0.112697616,0.1646332,-0.6254286,-0.112191744,0.10974227,-0.5910876,-0.092224784,-0.060584564,-0.75357634,-0.05300777,0.02141246,-0.9297876,-0.16314816,0.046613008,-0.5936943,-0.122192904,-0.014901117,-0.52821934,-0.0674012,-0.21681784,-0.7014498,-0.076587826,-0.12767443,-0.87315094,-0.14582843,-0.07854377,-0.6528993,-0.101162665,-0.11862251,-0.5677357,-0.050501805
S,Zaith,Right,0.0,0.0,0.0,0.18308094,-0.14646217,-0.051205274,0.345169,-0.42168534,-0.07476219,0.41643107,-0.72711325,-0.10117993,0.32844463,-0.9445232,-0.11388286,0.23528668,-0.77464205,-0.018431172,0.32758975,-0.9658501,-0.09830073,0.3183722,-0.6732081,-0.11584082,0.26784444,-0.60672987,-0.115463614,0.11527125,-0.807258,-0.033218972,0.20767462,-1.0034596,-0.12793007,0.20206839,-0.63524914,-0.13167223,0.14572604,-0.6017175,-0.1129704,-0.022296242,-0.7918864,-0.06056342,0.0733956,-0.98527247,-0.17514852,0.08379458,-0.627894,-0.12961304,0.021054588,-0.5673219,-0.07139658,-0.18305856,-0.75746524,-0.08879202,-0.07820457,-0.9176622,-0.15614595,-0.041759245,-0.6850571,-0.10801073,-0.089680254,-0.61206573,-0.055556975
S,Zaith,Right,0.0,0.0,0.0,0.19098659,-0.16209133,-0.045817792,0.34344214,-0.42298707,-0.06655048,0.41102603,-0.71465933,-0.09489188,0.3342795,-0.942474,-0.111791015,0.2354961,-0.78082365,0.009401886,0.3053768,-0.98112863,-0.07548261,0.32009685,-0.7246201,-0.10225032,0.28540516,-0.6180272,-0.102357104,0.115154535,-0.80837065,-0.0060243993,0.18812941,-1.0030636,-0.09629806,0.1969911,-0.6525123,-0.10289418,0.1530593,-0.5915792,-0.08386837,-0.023167973,-0.78945017,-0.037204925,0.060685165,-0.96947414,-0.15070383,0.07764937,-0.631474,-0.112023205,0.022552362,-0.55309063,-0.055239655,-0.18695816,-0.7460041,-0.06933479,-0.089981936,-0.91124797,-0.13531002,-0.052441075,-0.6968367,-0.089317024,-0.09596513,-0.6156258,-0.036276095
S,Zaith,Right,0.0,0.0,0.0,0.18590823,-0.13437897,-0.049804226,0.35375172,-0.43602785,-0.062397644,0.4001471,-0.7561913,-0.07768568,0.29656437,-0.95501286,-0.08216923,0.23850451,-0.75878084,0.0049998215,0.30825666,-0.94005656,-0.066819176,0.30215275,-0.6762297,-0.08817094,0.26078492,-0.6068886,-0.09050604,0.1080453,-0.78793657,-0.0037896477,0.17142805,-0.9765924,-0.07914226,0.1744819,-0.62983555,-0.080808,0.13454455,-0.59885496,-0.063724145,-0.03537834,-0.76290536,-0.026949944,0.02546336,-0.9488918,-0.12981947,0.044079185,-0.61206496,-0.08977954,-0.0053365678,-0.55029505,-0.037905544,-0.20318614,-0.7219865,-0.051117912,-0.13095583,-0.8925581,-0.110513784,-0.09647577,-0.68271697,-0.06533364,-0.13346088,-0.6152831,-0.017122619
S,Zaith,Right,0.0,0.0,0.0,0.19577475,-0.13883159,-0.0439994,0.35354552,-0.43859303,-0.053163327,0.38737562,-0.7734018,-0.066911444,0.27672687,-0.9609486,-0.071888894,0.23253499,-0.7292609,0.023202172,0.29382515,-0.9208953,-0.04937983,0.29694298,-0.6839434,-0.07614272,0.26124504,-0.60516685,-0.08095899,0.10187494,-0.7631036,0.013361032,0.15622886,-0.9684052,-0.059932936,0.16747783,-0.6303242,-0.06449515,0.1312054,-0.5880627,-0.047707252,-0.03759854,-0.7392842,-0.011544097,0.014201093,-0.93423,-0.11433294,0.039178956,-0.60119045,-0.07749794,-0.007059118,-0.52922136,-0.025607815,-0.20108826,-0.6915905,-0.03685228,-0.13854338,-0.8726562,-0.09597067,-0.098750986,-0.66483384,-0.05206596,-0.12911062,-0.58745474,-0.0036451367
S,Zaith,Right,0.0,0.0,0.0,0.18499513,-0.15710634,-0.04508571,0.33633375,-0.45534462,-0.056806516,0.37360805,-0.7833554,-0.073766775,0.26130158,-0.9652572,-0.08107519,0.21289822,-0.7515503,0.02815078,0.26817316,-0.9360314,-0.04534544,0.2722053,-0.6908113,-0.073097944,0.23835759,-0.6158975,-0.07815482,0.08411166,-0.7768783,0.017850135,0.13465069,-0.96854484,-0.05621625,0.14689437,-0.6254013,-0.06171382,0.11041754,-0.59661996,-0.045031775,-0.055193603,-0.7442671,-0.008075605,-0.005351892,-0.9287044,-0.11096794,0.021674985,-0.59540653,-0.074062906,-0.025310645,-0.5377677,-0.021777114,-0.21976718,-0.6882393,-0.034701277,-0.15922517,-0.8640504,-0.09270231,-0.11606462,-0.6574512,-0.046957493,-0.14538775,-0.5861341,0.003363771
S,Zaith,Right,0.0,0.0,0.0,0.1819318,-0.17240243,-0.04197635,0.3202447,-0.45478407,-0.052123364,0.3450838,-0.77379566,-0.0687561,0.24076316,-0.9705839,-0.076551415,0.20732419,-0.74234444,0.038449533,0.26042435,-0.92102504,-0.036411557,0.26073346,-0.6995016,-0.06855405,0.222138,-0.61193305,-0.074714035,0.07464073,-0.76910806,0.02722038,0.12078223,-0.96240956,-0.04822619,0.13239637,-0.6296834,-0.05908232,0.096873224,-0.5799221,-0.044201892,-0.06663682,-0.7356035,0.00044054186,-0.02089978,-0.9218482,-0.10110305,0.007357331,-0.60052335,-0.06695932,-0.037296284,-0.5333334,-0.015173217,-0.23144841,-0.669538,-0.026942493,-0.18119705,-0.86011004,-0.08347113,-0.13417332,-0.6640529,-0.037539773,-0.15537062,-0.5864676,0.014064194
S,Zaith,Right,0.0,0.0,0.0,0.1770669,-0.15741265,-0.05466555,0.3184843,-0.4558794,-0.070531204,0.33824924,-0.78212863,-0.08821422,0.23087157,-0.97298425,-0.09504245,0.20970403,-0.7572556,0.01897656,0.25371736,-0.93508404,-0.055961963,0.25535148,-0.7235516,-0.08584471,0.22526537,-0.6468727,-0.09188913,0.07630959,-0.774976,0.014007902,0.11451937,-0.9650999,-0.058374207,0.12933941,-0.6427702,-0.06478391,0.10306299,-0.6098786,-0.049789183,-0.061771955,-0.73157954,-0.0068174317,-0.027929058,-0.9156712,-0.10507714,0.0039697527,-0.6047074,-0.067493066,-0.03038538,-0.54663074,-0.017029157,-0.22127984,-0.65707797,-0.029691648,-0.18030082,-0.82694924,-0.08514392,-0.1367715,-0.6378271,-0.040751263,-0.1561301,-0.57291293,0.007447972
S,Zaith,Right,0.0,0.0,0.0,0.18473268,-0.16864103,-0.048196506,0.32489142,-0.46325275,-0.05602422,0.31664404,-0.79253757,-0.06725008,0.20469515,-0.97882575,-0.06800956,0.22760598,-0.7517764,0.044997264,0.27168465,-0.9195684,-0.030161878,0.26579443,-0.6959189,-0.06447597,0.23167436,-0.6139178,-0.07346674,0.08981,-0.77813065,0.038805567,0.12149324,-0.9568394,-0.0375179,0.13393007,-0.6293843,-0.050410945,0.110933475,-0.5868105,-0.037475564,-0.052594353,-0.7356642,0.015749222,-0.022337824,-0.90073544,-0.09022984,0.0076825717,-0.5778193,-0.058073346,-0.02308311,-0.51752174,-0.007221439,-0.21680227,-0.6584117,-0.00804297,-0.17797194,-0.8281595,-0.068486825,-0.13264956,-0.62329996,-0.025938908,-0.14467753,-0.5563561,0.02342068
S,Zaith,Right,0.0,0.0,0.0,0.1916826,-0.1909966,-0.035950866,0.3221266,-0.47569042,-0.04101106,0.32584265,-0.79499525,-0.052528404,0.22231737,-0.97497433,-0.054497693,0.22544317,-0.7181181,0.048379324,0.266991,-0.9249047,-0.020026466,0.26590738,-0.7095871,-0.049873248,0.23979516,-0.63090897,-0.05752101,0.097415514,-0.7424188,0.037422825,0.12821917,-0.95287156,-0.034194253,0.14056048,-0.64843506,-0.04762103,0.120113574,-0.6114094,-0.03698275,-0.038966898,-0.7114085,0.011890972,-0.005248901,-0.90171325,-0.08702332,0.021870695,-0.59863085,-0.056973767,-0.006179193,-0.538054,-0.0094058085,-0.19478704,-0.6542738,-0.013654877,-0.1563111,-0.8339927,-0.06994418,-0.11827118,-0.64275885,-0.029113647,-0.13522688,-0.57193357,0.017895477
S,Zaith,Right,0.0,0.0,0.0,0.1865189,-0.17117669,-0.043397337,0.32604325,-0.4801071,-0.05366574,0.33451682,-0.8044098,-0.06768274,0.21849255,-0.9758386,-0.07100471,0.24164067,-0.7287847,0.014419355,0.28537142,-0.9321695,-0.063654065,0.2811004,-0.68614686,-0.09679059,0.25675762,-0.62361413,-0.10805341,0.10828726,-0.7524112,0.0022791238,0.14239973,-0.93978006,-0.07271941,0.14667204,-0.6239796,-0.081803456,0.12392393,-0.6215382,-0.072507046,-0.031496596,-0.71658397,-0.024302492,0.0016613092,-0.88499326,-0.12877749,0.021399744,-0.5706226,-0.09650254,-0.007062623,-0.5417621,-0.051047303,-0.19008866,-0.66066337,-0.05100937,-0.14532685,-0.81037253,-0.10949462,-0.111107476,-0.6084352,-0.06608148,-0.13213539,-0.55214804,-0.020292314
S,Zaith,Right,0.0,0.0,0.0,0.18476672,-0.16549903,-0.04494039,0.32294458,-0.486328,-0.049290523,0.32423952,-0.81434804,-0.05496028,0.2080629,-0.97811544,-0.049167365,0.21952394,-0.75554127,0.022554668,0.26391855,-0.9530902,-0.053295545,0.26752362,-0.70610785,-0.08396018,0.24007179,-0.63261306,-0.09154754,0.0834815,-0.76926434,0.013103312,0.11956389,-0.9538088,-0.06224627,0.1318257,-0.62051344,-0.07201558,0.10440678,-0.6013437,-0.060493596,-0.056849666,-0.72134197,-0.011376801,-0.023092192,-0.8864453,-0.117090225,0.0027269407,-0.5602583,-0.08488542,-0.032507528,-0.52803415,-0.03731566,-0.21640894,-0.6486372,-0.03581974,-0.17050669,-0.80163056,-0.093474075,-0.13021581,-0.58603674,-0.047828086,-0.15625897,-0.5290362,0.00056814123
S,Zaith,Right,0.0,0.0,0.0,0.19730578,-0.17997566,-0.012168845,0.334136,-0.4727849,-0.00688822,0.3385789,-0.7903646,-0.014752337,0.24310204,-0.97000074,-0.018740375,0.2402596,-0.6982544,0.08443804,0.28386718,-0.89232546,0.030392569,0.3040502,-0.8032425,0.0015651766,0.29389405,-0.75133544,-0.0064855004,0.10510984,-0.7313251,0.06351525,0.15243718,-0.9246162,0.009727866,0.15901491,-0.64647293,-0.00084638444,0.14026867,-0.61016893,0.0101116635,-0.030249609,-0.7043948,0.029206384,0.012097374,-0.8753889,-0.052589465,0.026218265,-0.5939146,-0.02144678,-0.0067871013,-0.5427452,0.022949662,-0.18879846,-0.64429253,-0.0040445887,-0.14214408,-0.81436545,-0.044125307,-0.10936673,-0.6380476,0.0030702236,-0.13128325,-0.577922,0.050751943
S,Zaith,Right,0.0,0.0,0.0,0.2164576,-0.1494258,-0.03344405,0.3762547,-0.4417614,-0.028789725,0.37631202,-0.781479,-0.028706627,0.2656715,-0.96406364,-0.019681795,0.26690534,-0.71838653,0.05729321,0.32411063,-0.89090955,-0.009832027,0.3096072,-0.6524506,-0.04229681,0.2714325,-0.57206017,-0.052017074,0.12996207,-0.7669891,0.04614557,0.1816227,-0.94424504,-0.02746581,0.17506935,-0.6203093,-0.047825802,0.13968053,-0.56631386,-0.041511733,-0.014129231,-0.7484113,0.021531226,0.037409227,-0.92168635,-0.081580475,0.04527408,-0.58680004,-0.052778617,0.0039064814,-0.5149653,-0.004853999,-0.18264692,-0.6962267,-0.0016176236,-0.11970535,-0.86357653,-0.06013225,-0.09146399,-0.6370048,-0.013934167,-0.118793145,-0.5650406,0.037904248
S,Zaith,Right,0.0,0.0,0.0,0.2110284,-0.1409852,-0.036320254,0.3656683,-0.42487165,-0.036329508,0.3805365,-0.7598143,-0.04082075,0.28482044,-0.9585809,-0.03692533,0.2772774,-0.69783753,0.045420997,0.32764444,-0.876189,-0.018649708,0.31302837,-0.657999,-0.048484646,0.28462213,-0.5802459,-0.05788256,0.14300746,-0.74589366,0.0355071,0.18729481,-0.9380909,-0.033889722,0.17963347,-0.62640285,-0.050733414,0.15287368,-0.57317287,-0.043894332,-0.0013952677,-0.7339024,0.012359813,0.044820286,-0.92364836,-0.08728773,0.054453965,-0.60177636,-0.061092738,0.020943364,-0.5254944,-0.017148716,-0.1673316,-0.6911388,-0.009964801,-0.11179719,-0.8657142,-0.07114925,-0.08076816,-0.65239745,-0.03231767,-0.099235415,-0.5706907,0.013251536
S,Zaith,Right,0.0,0.0,0.0,0.2204148,-0.14835164,-0.031163897,0.38037285,-0.42874092,-0.028200231,0.3930972,-0.76717615,-0.03167591,0.28947338,-0.95718604,-0.026839707,0.27428305,-0.70584345,0.06090588,0.3341415,-0.88677967,-0.0024567242,0.3233497,-0.6566167,-0.03259059,0.2896559,-0.57877934,-0.041680213,0.14256404,-0.75169486,0.048407488,0.19355127,-0.95575607,-0.025217317,0.1893571,-0.62486,-0.04631229,0.15660875,-0.56386364,-0.039763063,-0.000990628,-0.7386723,0.022711083,0.05289997,-0.9378553,-0.08154831,0.0647019,-0.59709215,-0.056866016,0.023675978,-0.51117784,-0.010963449,-0.16865179,-0.6976414,-0.0014038986,-0.1072717,-0.87923455,-0.06447538,-0.07268188,-0.65526605,-0.025090389,-0.09472954,-0.5633133,0.022371864
S,Zaith,Right,0.0,0.0,0.0,0.21229732,-0.15507539,-0.032676727,0.3699628,-0.4853629,-0.022549491,0.34619063,-0.8182373,-0.01498519,0.22578874,-0.9741763,0.00296682,0.23950607,-0.733286,0.06053754,0.2821221,-0.91007364,-0.0015214842,0.2885289,-0.67781126,-0.031762134,0.26637077,-0.60278827,-0.041758478,0.09918008,-0.7658018,0.05327248,0.1411994,-0.9453572,-0.008576214,0.1535344,-0.6256455,-0.02401726,0.12544179,-0.58873945,-0.018416187,-0.044998523,-0.7429866,0.03134169,-0.0061745504,-0.92811966,-0.064676076,0.019994512,-0.594756,-0.03935867,-0.017592058,-0.5337435,0.001362655,-0.21195884,-0.686137,0.010784439,-0.15004215,-0.83919644,-0.047240753,-0.12244566,-0.6219324,-0.009177248,-0.16139954,-0.5689714,0.03352137
S,Zaith,Right,0.0,0.0,0.0,0.16217947,-0.20858228,-0.051212754,0.29889154,-0.50491136,-0.08126722,0.32074642,-0.8205368,-0.11517754,0.19739582,-0.98032385,-0.1362153,0.14038642,-0.79813033,-0.015860092,0.20547824,-0.9989326,-0.10262319,0.22582968,-0.7272782,-0.12514922,0.18402734,-0.6605583,-0.12667304,0.013971986,-0.79678327,-0.031949602,0.08405073,-1.0008367,-0.13057752,0.11765525,-0.63957596,-0.1350475,0.06362983,-0.62159145,-0.11564851,-0.11790055,-0.74890417,-0.061175015,-0.057146866,-0.9554282,-0.18241145,-0.004998934,-0.6061857,-0.1353346,-0.061766226,-0.54521376,-0.07419009,-0.2720768,-0.67439795,-0.09087139,-0.20617872,-0.8620061,-0.16058102,-0.14303327,-0.6410307,-0.10903081,-0.17814943,-0.553912,-0.05267827
S,Zaith,Right,0.0,0.0,0.0,0.14945841,-0.21717134,-0.051173016,0.27877936,-0.52523714,-0.08232721,0.2877103,-0.84040046,-0.11559283,0.16057625,-0.9870234,-0.1350325,0.11152152,-0.8135738,-0.024758715,0.17059733,-1.0092525,-0.10866777,0.19715764,-0.73608804,-0.12667494,0.15784778,-0.6697512,-0.12675369,-0.0166347,-0.80401605,-0.040335905,0.049168993,-1.0038435,-0.13806769,0.09027547,-0.6430866,-0.13996737,0.038897317,-0.63031,-0.12038898,-0.14638433,-0.740462,-0.06766131,-0.09350291,-0.94252396,-0.18545371,-0.032961603,-0.6046563,-0.13427052,-0.08461868,-0.5541403,-0.07358393,-0.29925582,-0.6464819,-0.095487505,-0.23846214,-0.813284,-0.16404215,-0.16689901,-0.5979983,-0.111584485,-0.19530432,-0.52651465,-0.056256462
S,Zaith,Right,0.0,0.0,0.0,0.18377902,-0.16148539,-0.046966873,0.33642325,-0.4463384,-0.06295453,0.37287349,-0.7709021,-0.08273007,0.26441357,-0.9644094,-0.09090883,0.20561449,-0.7414066,0.008737411,0.2588485,-0.9522908,-0.06839073,0.26405227,-0.6928635,-0.09158448,0.23142928,-0.61692905,-0.09383454,0.079570934,-0.76542705,-0.002992567,0.13453853,-0.9820017,-0.0903891,0.15024114,-0.6312573,-0.09757709,0.1125877,-0.59053475,-0.07977944,-0.058261465,-0.7380084,-0.028385054,-0.0071442644,-0.94798625,-0.1383436,0.026632275,-0.6060191,-0.09543559,-0.016084122,-0.5360501,-0.037446845,-0.22070308,-0.6858057,-0.054486416,-0.16141745,-0.87220854,-0.11876,-0.11084743,-0.65301234,-0.07122605,-0.13588762,-0.5715112,-0.01792717
S,Zaith,Right,0.0,0.0,0.0,0.1754532,-0.17308204,-0.049489334,0.33603576,-0.4390602,-0.071273096,0.366926,-0.76825964,-0.09697643,0.24843515,-0.96864855,-0.11205495,0.23443645,-0.74358493,0.016742893,0.29861006,-0.8975493,-0.06039808,0.2793259,-0.6786757,-0.086988844,0.23102601,-0.6410859,-0.093183465,0.0957826,-0.7837812,0.004792023,0.15272515,-0.9669342,-0.08256096,0.1533491,-0.6185179,-0.08808791,0.11875268,-0.6045452,-0.068390094,-0.049309406,-0.7588243,-0.021363601,-0.0048504677,-0.94962656,-0.13289787,0.023313923,-0.6038464,-0.085278496,-0.019120662,-0.5536409,-0.024113981,-0.21842125,-0.6999336,-0.04856635,-0.1633932,-0.8671159,-0.11293938,-0.11940955,-0.64677364,-0.0620902,-0.14465228,-0.58700305,-0.0063422634
S,Zaith,Right,0.0,0.0,0.0,0.17100413,-0.17183007,-0.061185308,0.32831585,-0.43638557,-0.092253916,0.3625648,-0.7594294,-0.12590276,0.24905585,-0.9684891,-0.14699686,0.23300265,-0.74705344,0.007964904,0.29435435,-0.90022016,-0.074046485,0.27534637,-0.68159664,-0.09959332,0.22801727,-0.6470144,-0.102867484,0.096342936,-0.7818692,-0.0003115944,0.15227242,-0.9639865,-0.09106332,0.15023102,-0.6104381,-0.092663325,0.11703158,-0.6107474,-0.06787333,-0.045953903,-0.7583224,-0.024704278,-0.0012227402,-0.9415422,-0.13771401,0.023282554,-0.5954524,-0.08616151,-0.019384634,-0.55678135,-0.02108514,-0.2124798,-0.7072783,-0.051698398,-0.15645169,-0.86326253,-0.1150349,-0.115819186,-0.64096904,-0.062228575,-0.14213105,-0.58512086,-0.0044124117
S,Zaith,Right,0.0,0.0,0.0,0.17138773,-0.18039003,-0.06722947,0.3208989,-0.45621097,-0.09681655,0.34726205,-0.7741412,-0.12779981,0.23249124,-0.9725985,-0.14397253,0.23575036,-0.7753973,0.013035792,0.28248647,-0.9516826,-0.0724907,0.27340177,-0.72538507,-0.10195584,0.23619413,-0.66025937,-0.10560891,0.095286846,-0.8041624,0.009060121,0.13565065,-0.98136145,-0.08121903,0.14278533,-0.6245222,-0.085002996,0.11976413,-0.6212807,-0.061695937,-0.05129794,-0.7711799,-0.012917422,-0.017027332,-0.93821335,-0.1276593,0.011277781,-0.5961049,-0.080879055,-0.02146632,-0.56286687,-0.01799383,-0.2200079,-0.7081622,-0.038003862,-0.17508163,-0.84813434,-0.10234517,-0.1338388,-0.63354325,-0.052559342,-0.1557662,-0.5868912,0.0038167092
S,Zaith,Right,0.0,0.0,0.0,0.15114804,-0.23146649,-0.051771168,0.2898261,-0.5198576,-0.08864717,0.3327921,-0.8233935,-0.13321853,0.20687318,-0.97836775,-0.16342314,0.17908245,-0.8577276,0.025521636,0.23408066,-1.026431,-0.061796237,0.23879948,-0.80462146,-0.09177471,0.21017335,-0.75100815,-0.095678344,0.04586692,-0.85868067,0.010494589,0.0980445,-1.0278479,-0.07514586,0.117494754,-0.6726895,-0.07071709,0.096187666,-0.70596725,-0.04241939,-0.08335794,-0.79381627,-0.021931155,-0.04974197,-0.95809853,-0.12130213,-0.005050598,-0.6423717,-0.056492083,-0.029637756,-0.62812287,0.013377101,-0.23088668,-0.6985765,-0.058884762,-0.19369172,-0.82378435,-0.10622291,-0.14104988,-0.61150306,-0.04102881,-0.15542667,-0.5660518,0.023390928
S,Zaith,Right,0.0,0.0,0.0,0.13923039,-0.18340722,-0.053215105,0.29347214,-0.49778324,-0.090380326,0.34257886,-0.8089134,-0.13275637,0.2291825,-0.9733835,-0.16169961,0.18162097,-0.8433246,-0.015101527,0.23599854,-1.0203648,-0.10662441,0.24678317,-0.7783507,-0.13276595,0.2175319,-0.72742546,-0.13564046,0.043615084,-0.8456359,-0.03314453,0.10496593,-1.0226262,-0.12308707,0.12606053,-0.6573612,-0.113804616,0.09373473,-0.68653965,-0.08543274,-0.093962975,-0.7878656,-0.066821,-0.05230129,-0.96158093,-0.17267828,-0.0067751324,-0.62918407,-0.108578384,-0.042598344,-0.61641616,-0.04223352,-0.25303754,-0.7013223,-0.10411722,-0.20285125,-0.8336581,-0.16063368,-0.14792454,-0.6131862,-0.09970366,-0.17209876,-0.5652639,-0.040670574
S,Zaith,Right,0.0,0.0,0.0,0.1392337,-0.18946433,-0.054585394,0.29322803,-0.4953591,-0.09167247,0.34160683,-0.8005401,-0.13313718,0.23916163,-0.97097975,-0.16132432,0.17012216,-0.8372339,-0.012735308,0.2442885,-0.99990106,-0.10748721,0.2580808,-0.7729757,-0.13543883,0.21883611,-0.72467166,-0.1386752,0.035926316,-0.8457644,-0.0320466,0.11714709,-1.0307148,-0.13179557,0.13984556,-0.6634902,-0.129202,0.091237806,-0.66985744,-0.10158459,-0.09955025,-0.7972593,-0.067251384,-0.03703738,-0.98469585,-0.18701957,0.0111049535,-0.6402068,-0.13144852,-0.039788563,-0.60707384,-0.06519776,-0.255712,-0.707851,-0.10482375,-0.18490843,-0.8532702,-0.17646797,-0.1252194,-0.6251707,-0.122526154,-0.15583763,-0.5641797,-0.0640514
S,Zaith,Right,0.0,0.0,0.0,0.14354342,-0.19447613,-0.053841945,0.29900596,-0.4950661,-0.09048865,0.3478456,-0.8032738,-0.13111049,0.23856017,-0.9711277,-0.15862806,0.16985577,-0.8401506,-0.012874445,0.24715342,-0.9972526,-0.107589826,0.2597694,-0.7664794,-0.13584551,0.21665879,-0.7234529,-0.13959531,0.037389357,-0.8501692,-0.032815456,0.11923185,-1.0369151,-0.13613135,0.14196178,-0.6702594,-0.13729258,0.091710426,-0.6714467,-0.11200855,-0.09803033,-0.8018649,-0.067814104,-0.03265583,-0.98844886,-0.19039732,0.014660705,-0.64145374,-0.13612194,-0.037940014,-0.60701126,-0.06979488,-0.25441352,-0.71155363,-0.10473386,-0.1793721,-0.8631113,-0.17691779,-0.12100394,-0.63052696,-0.122192554,-0.15527417,-0.56687886,-0.062919974
S,Zaith,Right,0.0,0.0,0.0,0.14772485,-0.1810231,-0.057750054,0.3116932,-0.4752537,-0.09614918,0.36714587,-0.7807394,-0.13791893,0.26634204,-0.9638786,-0.16531576,0.18823,-0.82846916,-0.019223435,0.2676571,-1.0049525,-0.11896534,0.2743429,-0.7492115,-0.14961253,0.22900979,-0.692557,-0.15431882,0.056692578,-0.8458859,-0.038808197,0.1456617,-1.0406042,-0.1482446,0.15889959,-0.6617061,-0.15200111,0.10477213,-0.66027236,-0.12724406,-0.080556445,-0.8087932,-0.07409707,-0.007864609,-0.99960387,-0.2019166,0.029948238,-0.6435029,-0.15041871,-0.024963181,-0.6131585,-0.08477342,-0.23888263,-0.73492706,-0.11135223,-0.15870707,-0.8818561,-0.18718709,-0.10660742,-0.64075667,-0.13429272,-0.14448674,-0.57746196,-0.075582854
S,Zaith,Right,0.0,0.0,0.0,0.14752004,-0.18426475,-0.062113736,0.31027472,-0.47389254,-0.102135316,0.36757186,-0.778795,-0.14427158,0.2673435,-0.9636013,-0.17150685,0.18498462,-0.8197769,-0.023639753,0.26974806,-0.9772284,-0.12150023,0.27290773,-0.72796005,-0.15050289,0.22285789,-0.69618213,-0.15596965,0.055340327,-0.83516496,-0.040649824,0.14717273,-1.0225868,-0.15045564,0.1572344,-0.65040797,-0.15333173,0.101541966,-0.6639268,-0.12890677,-0.07877201,-0.7996862,-0.07355181,-0.0034141026,-0.9869994,-0.2019391,0.03139956,-0.63422936,-0.15051384,-0.026599089,-0.6132179,-0.08566441,-0.23393434,-0.73277605,-0.10897428,-0.14818071,-0.86831146,-0.18569353,-0.10145463,-0.6300255,-0.13544828,-0.1446561,-0.5756327,-0.07947465
S,Zaith,Right,0.0,0.0,0.0,0.14876823,-0.17574938,-0.057518307,0.31945044,-0.46772557,-0.09314173,0.36925998,-0.7860146,-0.12958945,0.25552204,-0.96680325,-0.15101759,0.2043355,-0.8105024,-0.034450468,0.28903732,-0.982602,-0.123737425,0.27587673,-0.7029402,-0.14531371,0.22220477,-0.6783491,-0.14946833,0.06643872,-0.83304685,-0.052156888,0.15490022,-1.0228666,-0.15742536,0.15724768,-0.6454568,-0.15983613,0.1045686,-0.66145897,-0.13903897,-0.073720865,-0.79247653,-0.08218659,-0.0036567166,-0.99169546,-0.20303822,0.029226912,-0.6284465,-0.14622127,-0.026051687,-0.601227,-0.081966385,-0.23544541,-0.728473,-0.11411697,-0.15743423,-0.8752619,-0.18417774,-0.107722454,-0.6314521,-0.129033,-0.14490527,-0.5752748,-0.07235316
S,Zaith,Right,0.0,0.0,0.0,0.15781587,-0.19999838,-0.058263544,0.31218645,-0.46975502,-0.09863058,0.36421967,-0.7806516,-0.14554691,0.24995044,-0.9682586,-0.1786893,0.202905,-0.82236904,0.0090377955,0.26739222,-0.980028,-0.08533974,0.26400205,-0.75542337,-0.11331451,0.22805625,-0.7002645,-0.11350473,0.06553704,-0.8395219,-0.006549906,0.13275325,-1.0130073,-0.1031291,0.1371055,-0.64552796,-0.09799246,0.10609589,-0.66542155,-0.06613815,-0.07502521,-0.7997281,-0.040273145,-0.020346528,-0.96954316,-0.15623523,0.00929999,-0.632287,-0.095911235,-0.031808615,-0.6077647,-0.02405307,-0.23823808,-0.7277187,-0.077528045,-0.17637607,-0.87700266,-0.14010803,-0.1308613,-0.6489399,-0.07925804,-0.15933433,-0.5911938,-0.014583171
S,Zaith,Right,0.0,0.0,0.0,0.1561779,-0.18767013,-0.064885154,0.310402,-0.47790706,-0.10806708,0.36417812,-0.7811588,-0.15588535,0.25575256,-0.9667423,-0.18765059,0.21780477,-0.83969104,-0.0049045747,0.29043758,-1.0104557,-0.10397812,0.2851424,-0.7695917,-0.13341515,0.24363104,-0.7252718,-0.13628434,0.0827614,-0.8645639,-0.020709036,0.15858619,-1.0334257,-0.12194793,0.15917529,-0.652997,-0.11748433,0.11850404,-0.69410115,-0.08684285,-0.054638825,-0.83482337,-0.055150203,0.0036320647,-1.0014266,-0.1760061,0.030217292,-0.6468154,-0.11520845,-0.015033314,-0.6409989,-0.04395376,-0.21340224,-0.775258,-0.093779445,-0.14579292,-0.9050401,-0.16284181,-0.10250645,-0.6614079,-0.103160344,-0.13285209,-0.6099056,-0.039324805
S,Zaith,Right,0.0,0.0,0.0,0.15256834,-0.19686927,-0.06455717,0.29437545,-0.49186295,-0.11033797,0.34091458,-0.79576164,-0.16248035,0.22926195,-0.9733648,-0.19896773,0.20002937,-0.8513258,0.00042618022,0.263699,-1.0228252,-0.10102847,0.26413378,-0.79237103,-0.13162634,0.22940394,-0.73037606,-0.13348469,0.06568729,-0.8667025,-0.015733976,0.13310228,-1.0396985,-0.11535002,0.13933092,-0.6644834,-0.10718012,0.103434354,-0.70204616,-0.073264875,-0.07004103,-0.828459,-0.052120235,-0.018560665,-0.9914649,-0.1729461,0.01245938,-0.6450892,-0.11302078,-0.02857715,-0.63648707,-0.04183157,-0.22454421,-0.7577949,-0.09304614,-0.16751105,-0.88269395,-0.16173397,-0.122632876,-0.65141016,-0.104697965,-0.15017858,-0.6028587,-0.042974517
S,Zaith,Right,0.0,0.0,0.0,0.13898277,-0.1895103,-0.055189792,0.28365195,-0.49925524,-0.089510806,0.33403268,-0.8149793,-0.12941468,0.21777903,-0.9759981,-0.15494198,0.17075402,-0.84881437,0.004257485,0.23785354,-1.029319,-0.08883299,0.24446258,-0.78807193,-0.11516167,0.20188487,-0.7234521,-0.114521876,0.03816584,-0.8548989,-0.01174116,0.10605548,-1.0353286,-0.1026957,0.121407315,-0.6597991,-0.093166664,0.076952375,-0.6788977,-0.06000791,-0.09704653,-0.7992307,-0.04593376,-0.042012345,-0.9671593,-0.15986355,-0.0032519572,-0.6251175,-0.10308731,-0.053437546,-0.6079725,-0.03516804,-0.2508844,-0.7106811,-0.082907,-0.19085594,-0.85279155,-0.14539748,-0.14282733,-0.6283991,-0.08804666,-0.17838167,-0.57634467,-0.027342496
S,Zaith,Right,0.0,0.0,0.0,0.14178127,-0.19137913,-0.06324593,0.29386684,-0.49195454,-0.10311474,0.33602282,-0.8099419,-0.14641306,0.21603027,-0.97638667,-0.17470941,0.17212485,-0.83465385,-0.01097046,0.24066572,-1.0047052,-0.10281414,0.24255246,-0.7448873,-0.12656277,0.1989398,-0.70109445,-0.1281202,0.036630593,-0.84042937,-0.024259249,0.104489855,-1.0223999,-0.121738285,0.12325141,-0.6411524,-0.11448974,0.08092489,-0.66630816,-0.08406334,-0.10019256,-0.7901504,-0.054757547,-0.04992337,-0.97245646,-0.17310417,-0.0054677157,-0.6193449,-0.114063285,-0.05361078,-0.5954946,-0.045585617,-0.2570091,-0.7112974,-0.088658266,-0.19858135,-0.8580056,-0.15569088,-0.14566644,-0.62849,-0.09992687,-0.17849855,-0.57147306,-0.040853642
S,Zaith,Right,0.0,0.0,0.0,0.15368275,-0.1758515,-0.06519684,0.30598956,-0.48476267,-0.099427044,0.35293394,-0.81066865,-0.1351503,0.22309712,-0.97479624,-0.15566444,0.20045486,-0.8459909,-0.0059564356,0.25855887,-1.0245174,-0.09266947,0.25128868,-0.7659029,-0.11968212,0.21297131,-0.72275287,-0.12405036,0.061491143,-0.85945886,-0.01367022,0.112886585,-1.0259265,-0.09844604,0.12077137,-0.6637923,-0.09364777,0.095203534,-0.7107679,-0.06955778,-0.076204956,-0.7984949,-0.03795498,-0.03926472,-0.9593905,-0.14042643,-0.004099963,-0.63635087,-0.08113963,-0.03186233,-0.6406614,-0.018025132,-0.23320986,-0.7150948,-0.066592276,-0.19418015,-0.8384791,-0.11836947,-0.14516729,-0.62430835,-0.0585807,-0.16069224,-0.5862581,-0.0003416978
S,Zaith,Right,0.0,0.0,0.0,0.14268796,-0.15161096,-0.06699141,0.30312842,-0.4579035,-0.1078501,0.35862845,-0.7648302,-0.14944224,0.26508692,-0.9642245,-0.17605282,0.18871538,-0.83383244,-0.03562289,0.26708037,-1.0144432,-0.13017423,0.2741257,-0.74625313,-0.15424186,0.2243873,-0.6872704,-0.15553722,0.058187738,-0.8443924,-0.04799732,0.14007851,-1.0307431,-0.14475378,0.15451951,-0.6496074,-0.13798864,0.09888742,-0.6605219,-0.110826634,-0.0799726,-0.8028026,-0.07671289,-0.006545754,-0.9890362,-0.19682781,0.028871246,-0.63058805,-0.14051574,-0.030546658,-0.60120493,-0.076161146,-0.24138708,-0.7315067,-0.10834767,-0.15480451,-0.87825567,-0.18210278,-0.10731173,-0.63586473,-0.12968707,-0.15243621,-0.57133085,-0.07399418
S,Zaith,Right,0.0,0.0,0.0,0.1511974,-0.1831609,-0.06605366,0.29142782,-0.47939232,-0.108967096,0.3493711,-0.7730949,-0.15473463,0.2551171,-0.9669102,-0.18599714,0.1633885,-0.8246003,-0.02842133,0.24867146,-1.0111461,-0.1331254,0.2673136,-0.74717253,-0.16538404,0.21913531,-0.66329885,-0.16827217,0.040376,-0.8238106,-0.04370475,0.1326879,-1.0252204,-0.15209198,0.15263951,-0.6446906,-0.15365292,0.0886471,-0.62619656,-0.12743565,-0.090044014,-0.7796845,-0.076446585,-0.0034388688,-0.9681345,-0.20560145,0.03139993,-0.6100058,-0.15554099,-0.035589848,-0.56505287,-0.08967168,-0.23940444,-0.70354855,-0.111924246,-0.14412613,-0.86235464,-0.19009778,-0.095722124,-0.62268984,-0.13909712,-0.14468901,-0.5440282,-0.081015535
S,Zaith,Right,0.0,0.0,0.0,0.15363708,-0.14547823,-0.08838288,0.30661005,-0.42209983,-0.14622024,0.3608263,-0.7414367,-0.20754957,0.26168945,-0.96515214,-0.25358984,0.24928777,-0.8821096,0.0013584121,0.29997814,-1.031322,-0.120878965,0.29552984,-0.8676016,-0.16736664,0.26535505,-0.8029942,-0.17242001,0.09760314,-0.9182697,-0.006891245,0.15674299,-1.0850911,-0.118863,0.14695881,-0.6910662,-0.11130103,0.11291214,-0.71083283,-0.069011554,-0.054893658,-0.8911511,-0.041426796,-0.010826616,-1.0243679,-0.17346533,0.0073041543,-0.6735671,-0.11188885,-0.029846594,-0.6710601,-0.03246135,-0.22732067,-0.81835634,-0.08271989,-0.18282942,-0.94012356,-0.15321934,-0.13704568,-0.69921345,-0.09073537,-0.15152554,-0.6503452,-0.0208002
S,Zaith,Right,0.0,0.0,0.0,0.15974942,-0.16870914,-0.07857091,0.30379066,-0.4491126,-0.13255338,0.3491072,-0.7620907,-0.19225624,0.23644155,-0.9716457,-0.23712176,0.25259042,-0.87180114,0.010454905,0.29378748,-1.0324286,-0.10410177,0.2873891,-0.88594586,-0.14857599,0.2651958,-0.8254625,-0.15480636,0.10337719,-0.90746063,-0.00035103512,0.14507829,-1.072599,-0.104730465,0.13521045,-0.69954985,-0.09694713,0.11957728,-0.7306325,-0.05747747,-0.04305198,-0.8790785,-0.035755053,-0.016787214,-1.0196986,-0.15689278,0.00060027954,-0.68675137,-0.09313226,-0.020330425,-0.68947715,-0.016268952,-0.20670576,-0.81005275,-0.07844021,-0.1722475,-0.92213154,-0.1414204,-0.1349625,-0.69432795,-0.0791792,-0.14478113,-0.6586835,-0.012119573
S,Zaith,Right,0.0,0.0,0.0,0.16346826,-0.17940715,-0.08296545,0.30520687,-0.45606777,-0.14005439,0.3591072,-0.7623758,-0.20375173,0.24887747,-0.968535,-0.2518818,0.24786273,-0.8766774,0.022170428,0.2932584,-1.019804,-0.090086944,0.294065,-0.8821765,-0.13480827,0.27384073,-0.8419694,-0.14216417,0.1011532,-0.90760016,0.013002181,0.15004127,-1.0650228,-0.089874655,0.14390844,-0.6878902,-0.081985414,0.1294362,-0.73949045,-0.04151974,-0.04437756,-0.8804373,-0.022395965,-0.016927619,-1.0228314,-0.14237754,0.006196134,-0.6878017,-0.07768465,-0.014152185,-0.6991253,0.00045876516,-0.20839088,-0.8153314,-0.066053756,-0.1754849,-0.9233732,-0.12747738,-0.1355014,-0.7020147,-0.06448584,-0.14424904,-0.6686407,0.0034534542
S,Zaith,Left,0.0,0.0,0.0,-0.18691684,-0.15160564,-0.07197432,-0.3640178,-0.42539814,-0.104329385,-0.445838,-0.7162821,-0.14382018,-0.35179648,-0.9360765,-0.15995209,-0.27313048,-0.8123831,0.025458302,-0.37751958,-0.9995231,-0.087934494,-0.3482972,-0.71175,-0.13179156,-0.29908004,-0.68054533,-0.14628801,-0.137167,-0.85147256,0.017229434,-0.23378736,-1.0112641,-0.10178813,-0.21153413,-0.6369312,-0.09519162,-0.1599374,-0.65025705,-0.055859976,0.011565962,-0.84431255,-0.018941747,-0.063025415,-1.0171814,-0.14363457,-0.06915317,-0.67271316,-0.08582533,-0.028030204,-0.66104376,-0.0075480156,0.17444214,-0.8007607,-0.06423103,0.12357449,-1.0025604,-0.1251691,0.0855241,-0.780577,-0.08074272,0.09891924,-0.71302354,-0.025473477
S,Zaith,Left,0.0,0.0,0.0,-0.18917453,-0.14945321,-0.07246665,-0.36885384,-0.41965798,-0.104762144,-0.4466504,-0.7125551,-0.14407285,-0.35631156,-0.9343672,-0.15882945,-0.27703455,-0.81503093,0.022435987,-0.37985823,-1.0127109,-0.09156807,-0.35250312,-0.72219926,-0.13446666,-0.30758944,-0.68854934,-0.14812258,-0.13953644,-0.8503483,0.01386196,-0.23466595,-1.0177144,-0.104899734,-0.2125644,-0.63622075,-0.09600429,-0.16439225,-0.65331155,-0.055645775,0.00942233,-0.8403083,-0.022756355,-0.060545933,-1.0258919,-0.14755152,-0.06738155,-0.67313576,-0.085752085,-0.0316908,-0.6571274,-0.005334018,0.17271306,-0.79417795,-0.06887872,0.13119827,-1.0124884,-0.13134131,0.09299621,-0.7889116,-0.08578925,0.10059068,-0.7183391,-0.029668463
S,Zaith,Left,0.0,0.0,0.0,-0.19408816,-0.1549983,-0.07310512,-0.37090993,-0.4201526,-0.106916904,-0.4520635,-0.70780987,-0.14812993,-0.36315128,-0.9317302,-0.16511841,-0.28020534,-0.8161486,0.02619828,-0.38449207,-1.0048215,-0.09049669,-0.35604084,-0.71437824,-0.13634752,-0.3088543,-0.6812886,-0.15109733,-0.14328498,-0.8543904,0.018488616,-0.23935722,-1.0188621,-0.10217532,-0.21991463,-0.64143664,-0.096214004,-0.1716585,-0.6579659,-0.057205245,0.006275847,-0.8475093,-0.017783351,-0.065508634,-1.0255874,-0.1421984,-0.07463131,-0.679826,-0.08351406,-0.03700687,-0.6676442,-0.004709313,0.17057656,-0.8047617,-0.063710436,0.1258341,-1.0161041,-0.1237407,0.086573966,-0.79970473,-0.07946059,0.09806584,-0.73599005,-0.02427075
S,Zaith,Left,0.0,0.0,0.0,-0.19185604,-0.15015593,-0.074882865,-0.36899412,-0.42685848,-0.105289064,-0.44740632,-0.7223702,-0.14267053,-0.35138103,-0.9362325,-0.15647414,-0.2794017,-0.8145112,0.030069064,-0.37897933,-1.0065904,-0.081871375,-0.35254627,-0.7198882,-0.124847725,-0.30769742,-0.68462175,-0.13863784,-0.14067963,-0.8580063,0.023265863,-0.23213282,-1.0208865,-0.09567597,-0.21318309,-0.6443159,-0.089894176,-0.16464365,-0.65291554,-0.050596315,0.010662729,-0.84995764,-0.012314654,-0.05782975,-1.0217863,-0.13811918,-0.068250194,-0.6769915,-0.0828659,-0.032689102,-0.66034824,-0.0054906327,0.17715798,-0.8042179,-0.05726491,0.13195549,-1.012386,-0.118863165,0.09110337,-0.79586065,-0.07682883,0.09886216,-0.72749615,-0.023008646
S,Zaith,Left,0.0,0.0,0.0,-0.190711,-0.16569017,-0.07092712,-0.3498117,-0.4499163,-0.10338002,-0.4045356,-0.7450868,-0.14114395,-0.30879775,-0.9511277,-0.15667982,-0.2593606,-0.8298554,0.017926134,-0.3489564,-1.0165498,-0.09645319,-0.3367516,-0.73112446,-0.1413938,-0.29851294,-0.68100727,-0.15661423,-0.12775423,-0.8380831,0.0042730435,-0.19967942,-1.0195652,-0.11380102,-0.20144138,-0.6435763,-0.1107576,-0.15777643,-0.6327868,-0.074357666,0.013078332,-0.78722537,-0.036060747,-0.042721212,-0.9837111,-0.16076303,-0.07072311,-0.62187195,-0.10568089,-0.036142685,-0.5856364,-0.031339344,0.1615216,-0.6955978,-0.08501445,0.096553944,-0.8097572,-0.14995381,0.050918233,-0.5759704,-0.110183135,0.07301818,-0.52538717,-0.05928545
S,Zaith,Left,0.0,0.0,0.0,-0.19314672,-0.16099286,-0.07596253,-0.3551666,-0.43484932,-0.10803078,-0.41409132,-0.7318597,-0.14467016,-0.31987512,-0.9474597,-0.1586563,-0.28286028,-0.8083361,0.024813365,-0.3640058,-0.99628764,-0.08523945,-0.34195843,-0.70883167,-0.12939015,-0.30541557,-0.67401266,-0.14583676,-0.15111043,-0.8260619,0.016295595,-0.2186232,-1.0023025,-0.09903687,-0.21239895,-0.6293474,-0.09937726,-0.17248559,-0.6302871,-0.066565506,-0.012754137,-0.7868521,-0.019423734,-0.066220164,-0.97584516,-0.14151132,-0.087127745,-0.6150271,-0.09046779,-0.05290511,-0.5851534,-0.019494979,0.13365903,-0.71099734,-0.06417939,0.06914399,-0.8159052,-0.1262436,0.029198246,-0.58493155,-0.08918583,0.051747356,-0.5400156,-0.040901348
S,Zaith,Left,0.0,0.0,0.0,-0.19227047,-0.16349244,-0.073106445,-0.3518473,-0.43573236,-0.10540193,-0.40931487,-0.7341928,-0.14237969,-0.3171099,-0.9483888,-0.15680166,-0.27463612,-0.81082267,0.021911163,-0.35580152,-0.99725217,-0.08812799,-0.3356764,-0.71087027,-0.13256718,-0.29952174,-0.6823837,-0.15004522,-0.14502807,-0.8222058,0.011950309,-0.21303329,-1.0009068,-0.10271598,-0.20812626,-0.63099647,-0.10319382,-0.16825788,-0.6405095,-0.07165084,-0.008336981,-0.78112185,-0.024440823,-0.06313417,-0.97623795,-0.14453878,-0.08480365,-0.6189051,-0.09233171,-0.05031173,-0.5964578,-0.022198373,0.13516064,-0.7056087,-0.06982093,0.07138411,-0.81291,-0.13100371,0.031240104,-0.58296907,-0.09339543,0.05545666,-0.54338896,-0.045599185
S,Zaith,Left,0.0,0.0,0.0,-0.19046535,-0.1700878,-0.07248924,-0.3486261,-0.4437074,-0.10518086,-0.41123894,-0.7364505,-0.1433792,-0.31986535,-0.94746304,-0.15955226,-0.26562598,-0.8160395,0.028299544,-0.3510112,-0.99978817,-0.08130689,-0.33419642,-0.71723545,-0.12615797,-0.29580656,-0.6843719,-0.14300242,-0.13868809,-0.825144,0.018685132,-0.21033223,-1.0016651,-0.09529221,-0.2079072,-0.63370955,-0.09524251,-0.16509888,-0.63572055,-0.062407333,-0.004775586,-0.78172827,-0.01793103,-0.064127244,-0.97823435,-0.13872027,-0.088015236,-0.6220177,-0.088189796,-0.05132267,-0.5903151,-0.01784985,0.13579871,-0.7021865,-0.0633381,0.06563735,-0.81348205,-0.12469884,0.021063874,-0.58079594,-0.08773601,0.043582648,-0.5288859,-0.039617434
S,Zaith,Left,0.0,0.0,0.0,-0.19384012,-0.16541795,-0.077338114,-0.35315156,-0.44010055,-0.11138203,-0.40940034,-0.737273,-0.14913511,-0.31612763,-0.9487167,-0.16389953,-0.26787123,-0.8270957,0.020207241,-0.35492638,-1.0045497,-0.09338214,-0.3350467,-0.71202034,-0.14038518,-0.29624248,-0.68731564,-0.15898125,-0.13838561,-0.8341877,0.012947569,-0.20958129,-1.0081329,-0.105243206,-0.20551684,-0.6304316,-0.10601469,-0.16289286,-0.6424767,-0.07324719,-0.0032048102,-0.79086125,-0.021536998,-0.061514422,-0.9816449,-0.14480245,-0.08498127,-0.61695373,-0.09225574,-0.046244137,-0.5975409,-0.020278798,0.13706174,-0.7142981,-0.06533718,0.06746357,-0.81706595,-0.12775478,0.02387815,-0.58000773,-0.08982491,0.049006406,-0.53876853,-0.040695224
S,Zaith,Left,0.0,0.0,0.0,-0.19488671,-0.16861637,-0.07983081,-0.352146,-0.45075527,-0.11458233,-0.4015269,-0.7506201,-0.15230747,-0.2972981,-0.9547847,-0.16689764,-0.2687719,-0.83529586,0.020831876,-0.34807047,-0.998518,-0.094254814,-0.32745284,-0.7098165,-0.14274941,-0.29063737,-0.6888227,-0.16217887,-0.13735332,-0.8405964,0.013098976,-0.20283718,-1.015004,-0.10769975,-0.19923855,-0.63472027,-0.10998131,-0.15801078,-0.6498229,-0.076576576,0.0010228987,-0.79248804,-0.02216279,-0.049793303,-0.96820736,-0.146204,-0.07435233,-0.60576344,-0.09378575,-0.037687615,-0.5991249,-0.021434734,0.14410205,-0.7109791,-0.067008056,0.080171585,-0.7942161,-0.12732227,0.040822517,-0.56346345,-0.08817816,0.07025128,-0.5423255,-0.03862618
S,Zaith,Left,0.0,0.0,0.0,-0.18604934,-0.18290502,-0.082074225,-0.31944942,-0.47641936,-0.111676395,-0.35302606,-0.78231835,-0.1445558,-0.24485192,-0.9695605,-0.15435365,-0.2502746,-0.8274679,0.0406791,-0.30875376,-1.0187677,-0.06898365,-0.29443556,-0.7402465,-0.11649503,-0.26671752,-0.70667416,-0.13406356,-0.1180642,-0.8296159,0.03825298,-0.16290103,-1.0183898,-0.07879729,-0.16621314,-0.65048766,-0.08697537,-0.13889016,-0.6627266,-0.057166915,0.016872074,-0.7792409,0.0074200914,-0.010515757,-0.9616942,-0.11551078,-0.042642206,-0.61546034,-0.07205245,-0.022784844,-0.60755277,-0.0048165754,0.1540963,-0.6969766,-0.03292531,0.117095046,-0.80256766,-0.09146213,0.0728859,-0.5788523,-0.055032603,0.08510056,-0.54839844,-0.0071940194
S,Zaith,Left,0.0,0.0,0.0,-0.17177299,-0.20433323,-0.08371656,-0.28585163,-0.49611518,-0.11786457,-0.29617056,-0.8001229,-0.1552236,-0.18206058,-0.98328733,-0.17040692,-0.20967726,-0.83258516,0.038145673,-0.2541907,-1.0266017,-0.074840344,-0.25433427,-0.75689733,-0.12462167,-0.2308932,-0.71535754,-0.14172713,-0.07745974,-0.823858,0.036776748,-0.10412833,-1.0130026,-0.08002856,-0.12696551,-0.65980273,-0.088408075,-0.104800664,-0.6686333,-0.058463067,0.05450976,-0.7600546,0.0066373036,0.04364877,-0.94014,-0.1172116,-0.00626828,-0.6098268,-0.0753884,0.007086942,-0.597158,-0.008343824,0.18702245,-0.66036946,-0.03288694,0.16177528,-0.78193897,-0.09264302,0.10870136,-0.57346654,-0.05690487,0.11428678,-0.5363987,-0.008623879
S,Zaith,Left,0.0,0.0,0.0,-0.17276251,-0.18918958,-0.09619527,-0.308293,-0.47954568,-0.13876438,-0.34385884,-0.7809385,-0.18203233,-0.22502616,-0.9743527,-0.20137653,-0.23339644,-0.8485888,0.01686846,-0.2918615,-1.0330766,-0.10251551,-0.27773696,-0.73839056,-0.15305898,-0.24561296,-0.7069793,-0.17135534,-0.09656196,-0.8403413,0.019136133,-0.13974,-1.0119553,-0.1050368,-0.15132098,-0.6445965,-0.110348165,-0.12127046,-0.66191405,-0.07795668,0.04008255,-0.7753569,-0.008507754,0.014784867,-0.94582367,-0.13687788,-0.02654902,-0.6049369,-0.09240409,-0.002964426,-0.6037377,-0.023548784,0.1779659,-0.6784273,-0.046548046,0.13925819,-0.78599036,-0.10823923,0.08840327,-0.568599,-0.07341324,0.10135257,-0.5346019,-0.026237335
S,Zaith,Left,0.0,0.0,0.0,-0.18132392,-0.14980543,-0.105643876,-0.34601626,-0.44578943,-0.15359196,-0.3829387,-0.77460825,-0.19941586,-0.2555333,-0.9668003,-0.2184039,-0.26808414,-0.86864966,-0.013493863,-0.33747476,-1.04199,-0.1428837,-0.3097589,-0.72834915,-0.18910205,-0.27476788,-0.71197325,-0.20536646,-0.12420396,-0.8796382,-0.016767088,-0.1803325,-1.0638295,-0.1564779,-0.17492779,-0.6489646,-0.15187363,-0.14164494,-0.6802061,-0.108250655,0.024086758,-0.8289727,-0.05060663,-0.010601699,-0.9821768,-0.19673069,-0.03574953,-0.60131437,-0.13771577,-0.0110094,-0.62334156,-0.055696856,0.17693932,-0.73956954,-0.095960826,0.13727483,-0.8217609,-0.17196201,0.09441814,-0.5717088,-0.13107547,0.1064202,-0.5547849,-0.07727953
S,Zaith,Left,0.0,0.0,0.0,-0.18288775,-0.15001483,-0.13035978,-0.33105752,-0.44980764,-0.18942538,-0.33872035,-0.7805073,-0.24114992,-0.21326189,-0.97699505,-0.26684803,-0.27862257,-0.9046618,-0.022447957,-0.32122153,-1.0515721,-0.16131108,-0.29804882,-0.75070685,-0.218383,-0.2712394,-0.7080678,-0.23861645,-0.12084974,-0.9221485,-0.016150974,-0.13812178,-1.076401,-0.16519968,-0.13960852,-0.668825,-0.17406283,-0.12895724,-0.685371,-0.1373299,0.03701508,-0.8688567,-0.04290813,0.03564395,-0.969361,-0.19818875,-1.6232203e-05,-0.5953926,-0.14937375,-0.0023952338,-0.61187905,-0.07280604,0.1931578,-0.7698043,-0.08280996,0.17051561,-0.8105499,-0.16523941,0.13096978,-0.55547166,-0.12664476,0.12817144,-0.54454863,-0.072882555
S,Zaith,Left,0.0,0.0,0.0,-0.17534491,-0.16297014,-0.14322789,-0.31449285,-0.45494872,-0.20868635,-0.3147963,-0.7776564,-0.2648559,-0.1945096,-0.9809006,-0.29321277,-0.28519583,-0.9075349,-0.026182655,-0.31721997,-1.0442847,-0.17340784,-0.2957245,-0.7570362,-0.23603687,-0.27874425,-0.7182747,-0.25808144,-0.12825324,-0.92052567,-0.01300581,-0.13572122,-1.0756848,-0.17214473,-0.13357833,-0.6707401,-0.18705584,-0.13253471,-0.70065635,-0.15298021,0.029221328,-0.87221605,-0.03466985,0.039948173,-1.0001429,-0.20338559,0.010212077,-0.62297785,-0.15810578,-0.0013869667,-0.6401219,-0.08014637,0.18019512,-0.7787214,-0.07007323,0.18175066,-0.86564857,-0.1636621,0.14222056,-0.6022606,-0.12709951,0.12555093,-0.5759708,-0.0718025
S,Zaith,Left,0.0,0.0,0.0,-0.16878751,-0.18429188,-0.16777426,-0.29636672,-0.47219056,-0.25395894,-0.28589025,-0.7988566,-0.32771268,-0.1562707,-0.9877143,-0.3734773,-0.27540267,-0.9429184,-0.054620903,-0.29253012,-1.073806,-0.21975859,-0.28950384,-0.79407084,-0.28941637,-0.28473136,-0.7221483,-0.31146273,-0.11309731,-0.9581797,-0.033875413,-0.10092883,-1.1017308,-0.20298003,-0.10546764,-0.68121755,-0.21643803,-0.115444124,-0.7143972,-0.17800234,0.053807564,-0.90987754,-0.05059034,0.08139021,-1.0131047,-0.22876637,0.046644498,-0.6329706,-0.18151172,0.023121722,-0.65269685,-0.10028712,0.20858218,-0.8096377,-0.08333696,0.22433376,-0.86300975,-0.18405624,0.185817,-0.59895873,-0.14798732,0.1627248,-0.5836268,-0.09103933
S,Zaith,Left,0.0,0.0,0.0,-0.15969372,-0.19972315,-0.19250919,-0.27615774,-0.4769311,-0.29492497,-0.264859,-0.7960315,-0.38161576,-0.13225317,-0.99121594,-0.43808758,-0.2505046,-0.9555064,-0.061306722,-0.26901716,-1.0674433,-0.24583432,-0.26487494,-0.7978882,-0.32588315,-0.2564371,-0.7238625,-0.3483214,-0.0896154,-0.9497918,-0.02832187,-0.08191928,-1.1015817,-0.21758112,-0.08667103,-0.6815766,-0.2372416,-0.09510603,-0.7185499,-0.1942556,0.07307144,-0.89154524,-0.03760045,0.09695954,-0.99498576,-0.23532993,0.061989106,-0.62259954,-0.19614606,0.037788045,-0.64863104,-0.11113982,0.21844357,-0.79123026,-0.06419577,0.2378898,-0.8565741,-0.17379962,0.19682373,-0.60297257,-0.14346443,0.16863978,-0.58289945,-0.0858208
S,Zaith,Left,0.0,0.0,0.0,-0.16296716,-0.1924806,-0.20146276,-0.2763824,-0.48866764,-0.31124902,-0.25630265,-0.80416155,-0.4059562,-0.12185479,-0.9925479,-0.47147733,-0.2304946,-0.98359716,-0.06532282,-0.25922745,-1.0912111,-0.2638227,-0.29030642,-0.8498643,-0.3526482,-0.30431664,-0.77609146,-0.3773029,-0.07420914,-0.96780324,-0.030226022,-0.06593824,-1.106565,-0.22542319,-0.08407217,-0.6766088,-0.23921132,-0.09607285,-0.7356541,-0.18872951,0.08485713,-0.9033501,-0.04097265,0.108084284,-0.992896,-0.2442975,0.06554332,-0.6183108,-0.19999006,0.043682527,-0.65875167,-0.10908216,0.22721416,-0.8029507,-0.07079076,0.24355997,-0.8510215,-0.18252894,0.19897507,-0.6008949,-0.15022957,0.17550994,-0.59259355,-0.08965193
S,Zaith,Left,0.0,0.0,0.0,-0.1612818,-0.18836412,-0.21186465,-0.27755094,-0.472091,-0.3262453,-0.261006,-0.79490995,-0.42075723,-0.12771255,-0.9918112,-0.4838767,-0.2556785,-0.9813184,-0.08510536,-0.2637481,-1.0645696,-0.27781537,-0.2627568,-0.78885084,-0.3614106,-0.25811884,-0.7205048,-0.38562015,-0.094584286,-0.9734362,-0.04522441,-0.0678098,-1.0867771,-0.23719415,-0.07789794,-0.6659942,-0.25596198,-0.09586131,-0.7283163,-0.21402581,0.06918668,-0.9134649,-0.049421,0.10827026,-0.9808143,-0.25006858,0.06902948,-0.6170137,-0.21129365,0.037562616,-0.6654801,-0.1289013,0.21439002,-0.8161267,-0.07286776,0.24164267,-0.8475734,-0.18525693,0.20366798,-0.5960308,-0.15671752,0.17435962,-0.5936684,-0.1013325
S,Zaith,Left,0.0,0.0,0.0,-0.19904457,-0.13575754,-0.068272926,-0.34797028,-0.4443879,-0.08784588,-0.3571253,-0.7761544,-0.112961814,-0.24471748,-0.9695944,-0.117350325,-0.2861866,-0.76193094,0.039251283,-0.33924738,-0.9827355,-0.0705091,-0.3133563,-0.6940276,-0.11674002,-0.29077613,-0.6391456,-0.13115753,-0.1496809,-0.78274184,0.029008875,-0.17903365,-0.99503815,-0.08412709,-0.16854772,-0.6358029,-0.09304446,-0.1541259,-0.6401706,-0.06531765,-0.010475736,-0.7616064,-0.0074774437,-0.028102743,-0.96719533,-0.12777635,-0.04141567,-0.61617863,-0.080600664,-0.031075232,-0.599947,-0.012889542,0.13431782,-0.7138513,-0.052156128,0.10138723,-0.8540663,-0.10912121,0.071455374,-0.60205317,-0.06399241,0.07654191,-0.54598165,-0.011014471
S,Zaith,Left,0.0,0.0,0.0,-0.19514795,-0.13992983,-0.07392758,-0.334631,-0.42473775,-0.09888845,-0.37197086,-0.73955756,-0.12872303,-0.28714243,-0.9578879,-0.13758509,-0.2958495,-0.7446241,0.052863162,-0.35779202,-0.94149584,-0.050250106,-0.3244865,-0.6743973,-0.09372971,-0.29205537,-0.63048506,-0.10601137,-0.16663912,-0.7796719,0.048987765,-0.20805547,-0.9803892,-0.056151595,-0.1929966,-0.631399,-0.06301679,-0.16945806,-0.63985443,-0.033324305,-0.031743884,-0.7565801,0.017539233,-0.05366444,-0.9569133,-0.09783428,-0.06932141,-0.6195305,-0.058237944,-0.051423516,-0.6049026,0.0053938967,0.10936185,-0.7049279,-0.022035401,0.0703469,-0.8225578,-0.07631327,0.03780934,-0.5908668,-0.03901674,0.048395466,-0.5423227,0.0091621345
S,Zaith,Left,0.0,0.0,0.0,-0.20335633,-0.12688565,-0.06436606,-0.35073143,-0.40142664,-0.08899077,-0.38095436,-0.7291557,-0.121963166,-0.28637588,-0.95811737,-0.1371446,-0.29282975,-0.7321827,0.058723666,-0.36471564,-0.9351799,-0.048346136,-0.34092805,-0.67990357,-0.093742356,-0.3026828,-0.6303781,-0.106435634,-0.16404238,-0.76761407,0.04554032,-0.21746114,-0.97901326,-0.06498371,-0.2042169,-0.6255746,-0.070945375,-0.17010933,-0.6091363,-0.037870303,-0.029635657,-0.74625826,0.004711398,-0.06695286,-0.9646552,-0.12004875,-0.07643455,-0.60604537,-0.079505935,-0.04874022,-0.5604323,-0.011217041,0.11659153,-0.69014245,-0.043361757,0.06628335,-0.829659,-0.108981825,0.03580692,-0.5735484,-0.07299199,0.050348546,-0.4957361,-0.022802785
S,Zaith,Left,0.0,0.0,0.0,-0.19119547,-0.14287515,-0.08056513,-0.33574164,-0.4303498,-0.113299474,-0.36803028,-0.7513716,-0.15009202,-0.26364538,-0.9646197,-0.16636874,-0.27862853,-0.77343464,0.033874568,-0.3415035,-0.98020333,-0.07864045,-0.3142985,-0.6962981,-0.12494323,-0.28314763,-0.65333813,-0.13981934,-0.1465064,-0.7998876,0.028349407,-0.19201767,-1.002123,-0.0877324,-0.1813982,-0.6348258,-0.092752405,-0.15460083,-0.6345669,-0.06027329,-0.011179044,-0.76993394,-0.005408963,-0.038458895,-0.971869,-0.13119435,-0.05565746,-0.6120328,-0.08681173,-0.036376037,-0.58884436,-0.018036041,0.13043918,-0.70827675,-0.047969967,0.0910009,-0.8338178,-0.112692475,0.056454048,-0.5806761,-0.07552259,0.0646855,-0.5208145,-0.02592198
S,Zaith,Left,0.0,0.0,0.0,-0.18947282,-0.15884757,-0.08296958,-0.32786107,-0.44266286,-0.11593487,-0.35884476,-0.75721186,-0.15191108,-0.25548798,-0.96681225,-0.1665539,-0.2718998,-0.7860175,0.04024381,-0.3266312,-0.97142583,-0.06851538,-0.3001407,-0.6969144,-0.115829706,-0.27077335,-0.6668108,-0.133112,-0.13960116,-0.81236917,0.037281774,-0.17944203,-0.99847966,-0.07785805,-0.17126735,-0.63847727,-0.087255955,-0.14763851,-0.6488073,-0.058716062,-0.0054827975,-0.7807893,0.0059849774,-0.025603585,-0.9683239,-0.11725632,-0.047070935,-0.62435985,-0.07656876,-0.030555718,-0.61298877,-0.01139197,0.13469103,-0.7162443,-0.03447774,0.0996055,-0.8296036,-0.09523301,0.0633218,-0.5965095,-0.059930284,0.07109727,-0.55397505,-0.012817943
S,Zaith,Left,0.0,0.0,0.0,-0.19791417,-0.1404009,-0.068437934,-0.34440988,-0.4260217,-0.09485608,-0.36560476,-0.7488077,-0.12754206,-0.26280567,-0.9648488,-0.14087367,-0.28408772,-0.7654703,0.04151167,-0.34189603,-0.9602557,-0.06412494,-0.32026774,-0.68506384,-0.108297065,-0.29029146,-0.6364471,-0.1221068,-0.15250729,-0.7938663,0.029543545,-0.19475296,-0.9957574,-0.08029884,-0.18709542,-0.6376965,-0.08502451,-0.15696977,-0.62775296,-0.053618263,-0.015646128,-0.7680004,-0.0088309655,-0.042326003,-0.9797688,-0.12819757,-0.058242522,-0.63327914,-0.08158954,-0.03446238,-0.5975966,-0.012529518,0.1309677,-0.7065703,-0.055292908,0.091431975,-0.85442615,-0.11559495,0.05556435,-0.6134379,-0.07446294,0.06559555,-0.54406714,-0.022493593
S,Zaith,Left,0.0,0.0,0.0,-0.20883633,-0.14557703,-0.049321245,-0.3460191,-0.41395217,-0.06765806,-0.37402442,-0.73084813,-0.09805396,-0.28748032,-0.95778656,-0.11092595,-0.28854892,-0.718172,0.074161634,-0.36143026,-0.93941486,-0.03269572,-0.33361533,-0.6745732,-0.082830116,-0.2926481,-0.5946625,-0.09621795,-0.16503136,-0.75108135,0.057618793,-0.21845645,-0.98137856,-0.04976496,-0.19969463,-0.63143176,-0.06166983,-0.16237547,-0.59447557,-0.033094574,-0.03397129,-0.73931545,0.015287372,-0.07438285,-0.97281915,-0.1017183,-0.07922754,-0.61984783,-0.059240736,-0.04826117,-0.54969746,0.010264686,0.11019611,-0.6946276,-0.033379022,0.057920467,-0.86977214,-0.08988633,0.029922329,-0.6226465,-0.0469851,0.047501594,-0.52918833,0.008210492
S,Zaith,Left,0.0,0.0,0.0,-0.21236269,-0.1502556,-0.044208508,-0.3497544,-0.41383526,-0.055690847,-0.38443118,-0.7300926,-0.08014869,-0.29843086,-0.95443124,-0.08610745,-0.28991112,-0.71165866,0.09609694,-0.36358145,-0.92439044,-0.0053988528,-0.33784017,-0.6623811,-0.05559147,-0.29793513,-0.59617937,-0.070059374,-0.16794485,-0.7416844,0.080631055,-0.22414069,-0.9658919,-0.022078462,-0.2063177,-0.6203721,-0.036742534,-0.16909531,-0.5983759,-0.011030933,-0.03790431,-0.73221576,0.038946953,-0.08195468,-0.9675168,-0.0730802,-0.0872469,-0.62051326,-0.033531427,-0.054761413,-0.56315166,0.03296994,0.10574935,-0.6939782,-0.009006798,0.054878958,-0.86602086,-0.06004216,0.024167614,-0.62078476,-0.018295273,0.041236185,-0.5341423,0.035154562
S,Zaith,Left,0.0,0.0,0.0,-0.19034578,-0.15034615,-0.06580411,-0.32948488,-0.4380457,-0.09196368,-0.34930676,-0.7576577,-0.1252834,-0.24637556,-0.96917444,-0.13947164,-0.265362,-0.7675194,0.046235703,-0.32317862,-0.9621392,-0.060071096,-0.3074897,-0.6899263,-0.10445481,-0.27787504,-0.63030547,-0.11739879,-0.14025405,-0.79337215,0.033893827,-0.18165097,-0.9936591,-0.074938744,-0.17660132,-0.63381964,-0.0789078,-0.14392956,-0.61439335,-0.046672348,-0.007077167,-0.76682234,-0.0049379226,-0.033578165,-0.98268425,-0.12562701,-0.051391035,-0.62381935,-0.07826003,-0.026937101,-0.5692677,-0.007374035,0.13730958,-0.70132154,-0.051620103,0.096945584,-0.84868425,-0.11604628,0.05896422,-0.60177374,-0.07675949,0.06631626,-0.5225125,-0.0246443
S,Zaith,Left,0.0,0.0,0.0,-0.19063862,-0.13954936,-0.07347732,-0.351554,-0.4195428,-0.09747417,-0.39309296,-0.74293673,-0.12473319,-0.29507145,-0.9554752,-0.12888175,-0.28522307,-0.7810943,0.035799343,-0.34232712,-0.9771123,-0.07932169,-0.31352755,-0.6790877,-0.13039583,-0.28756788,-0.6544519,-0.15053825,-0.15243691,-0.79272276,0.026751325,-0.19849457,-1.00854,-0.09020579,-0.1863588,-0.629574,-0.09820294,-0.16351481,-0.6508342,-0.06972434,-0.012164726,-0.763489,-0.009557951,-0.04133189,-0.97038126,-0.13616277,-0.054843772,-0.5978525,-0.08745408,-0.032165755,-0.59407437,-0.016915815,0.13636385,-0.70509654,-0.05433864,0.096746475,-0.8286219,-0.11921262,0.064718515,-0.56972957,-0.078024074,0.07865877,-0.5277197,-0.026044888
S,Zaith,Left,0.0,0.0,0.0,-0.21094364,-0.13153638,-0.07872976,-0.4114975,-0.39796558,-0.11176525,-0.49704117,-0.69162565,-0.14940171,-0.40180695,-0.9157244,-0.16444579,-0.35268232,-0.7966708,0.011106451,-0.44893953,-0.99942726,-0.10517012,-0.40981823,-0.69440407,-0.1477149,-0.37041602,-0.6451098,-0.16105798,-0.20718335,-0.8431749,-0.0015690012,-0.28818643,-1.0286738,-0.12165471,-0.262323,-0.6336375,-0.11497581,-0.22020115,-0.63417166,-0.07511499,-0.048321966,-0.8228451,-0.04201719,-0.11617748,-1.0210893,-0.17119849,-0.119456805,-0.63697237,-0.11250214,-0.085635796,-0.6065463,-0.034182876,0.12030605,-0.75748783,-0.09126264,0.039901596,-0.88022804,-0.15790293,0.009714779,-0.61828256,-0.11214488,0.03146227,-0.55329204,-0.056018665
S,Zaith,Left,0.0,0.0,0.0,-0.2182349,-0.13722996,-0.072576486,-0.4099174,-0.3834533,-0.111240506,-0.5027838,-0.66475904,-0.15584622,-0.42547536,-0.90497,-0.17751725,-0.3403159,-0.810825,0.012771015,-0.46158385,-0.9788125,-0.10931125,-0.42149466,-0.6776053,-0.15954241,-0.37002388,-0.6451998,-0.17840765,-0.2047118,-0.84575385,-0.0002315639,-0.3117071,-1.0030305,-0.11969745,-0.2825633,-0.6099365,-0.112952046,-0.22860579,-0.6157706,-0.07534347,-0.057876665,-0.8222207,-0.040960126,-0.15698339,-1.0122873,-0.1647594,-0.15459792,-0.6257943,-0.102861546,-0.10037609,-0.59893763,-0.024466796,0.09892382,-0.76070607,-0.09084001,-0.0062097404,-0.8609639,-0.15351829,-0.038875487,-0.60064566,-0.10952923,-0.0021138028,-0.54686123,-0.05561404
S,Zaith,Left,0.0,0.0,0.0,-0.2223111,-0.1272177,-0.06592174,-0.41362822,-0.37571174,-0.1005162,-0.51093435,-0.65214574,-0.14257781,-0.44443682,-0.8958102,-0.16172124,-0.3412184,-0.8072241,0.018778171,-0.46428436,-0.97468626,-0.09447321,-0.4196348,-0.6677091,-0.13874789,-0.36586538,-0.634275,-0.15491518,-0.21507868,-0.84221345,0.0026761699,-0.32805467,-1.0026431,-0.110358864,-0.29430556,-0.61459994,-0.10221569,-0.234899,-0.6190395,-0.06494817,-0.07465874,-0.82416,-0.03963578,-0.18293127,-1.0180424,-0.15743512,-0.17337911,-0.6319001,-0.093770176,-0.11254955,-0.5991914,-0.015775418,0.0779928,-0.76830405,-0.09078409,-0.03362485,-0.8596867,-0.14962603,-0.06017851,-0.6020462,-0.10397927,-0.016628738,-0.5472653,-0.04977698
S,Zaith,Left,0.0,0.0,0.0,-0.21124347,-0.12840717,-0.06097303,-0.40180033,-0.37608856,-0.09128711,-0.4995782,-0.651153,-0.12987931,-0.43817046,-0.8988919,-0.14697276,-0.3347099,-0.7601572,0.031475503,-0.447831,-0.94052637,-0.07610641,-0.40501773,-0.646846,-0.115644865,-0.35621694,-0.6074318,-0.1274898,-0.21526775,-0.80017906,0.015276463,-0.32733548,-0.98059285,-0.0935392,-0.2915493,-0.6052837,-0.08524534,-0.23464906,-0.6014049,-0.04639934,-0.079609245,-0.79158986,-0.026693232,-0.1881396,-0.99956733,-0.1431455,-0.17168228,-0.62544775,-0.08201094,-0.11331563,-0.58596104,-0.0044824826,0.0703785,-0.7466042,-0.076391734,-0.03915616,-0.8508469,-0.13593476,-0.057108335,-0.59502304,-0.090960406,-0.014189197,-0.53065866,-0.036470477
S,Zaith,Left,0.0,0.0,0.0,-0.21568401,-0.10245044,-0.04926508,-0.4038952,-0.35511842,-0.072870746,-0.49210346,-0.64365333,-0.107778266,-0.43843555,-0.89876264,-0.124440864,-0.31633174,-0.7357692,0.04338507,-0.42470652,-0.93044907,-0.0614383,-0.39094967,-0.6443532,-0.10185434,-0.33855706,-0.5721127,-0.11207183,-0.20447405,-0.77603215,0.023185981,-0.31714344,-0.99042827,-0.082239754,-0.28292167,-0.6211499,-0.07782292,-0.21353945,-0.5843636,-0.039496426,-0.07285963,-0.7762781,-0.021330822,-0.18226326,-1.013399,-0.13651256,-0.16306962,-0.6369706,-0.079990044,-0.09595807,-0.56573653,-0.0034305002,0.079822965,-0.74234384,-0.072076045,-0.029916752,-0.88523483,-0.13372156,-0.046112992,-0.6277648,-0.08973606,0.00037529238,-0.53942865,-0.03412848
S,Zaith,Left,0.0,0.0,0.0,-0.2160092,-0.109019235,-0.058231737,-0.40075874,-0.36140287,-0.08244732,-0.48534265,-0.65950704,-0.11628271,-0.4180743,-0.9084128,-0.13091204,-0.3319426,-0.72713,0.042072188,-0.4300689,-0.92434746,-0.0626745,-0.38856697,-0.64762366,-0.10351567,-0.34489888,-0.60343575,-0.11606985,-0.21323998,-0.7688998,0.025361117,-0.3061865,-0.97142696,-0.08370758,-0.26888183,-0.60721684,-0.08149604,-0.21498597,-0.5915764,-0.045357883,-0.078532554,-0.7653785,-0.016858157,-0.16312228,-0.99059844,-0.13465376,-0.14694597,-0.619178,-0.078753926,-0.09685865,-0.56139904,-0.00303988,0.0721152,-0.7277977,-0.066719554,-0.017670725,-0.86557466,-0.12771232,-0.037346937,-0.6057598,-0.08408611,-0.0037271623,-0.5246203,-0.029843774
S,Zaith,Left,0.0,0.0,0.0,-0.21935607,-0.113059655,-0.05055506,-0.40867496,-0.36672708,-0.072422266,-0.49532065,-0.6525901,-0.104816444,-0.4345683,-0.9006389,-0.11760876,-0.32708257,-0.7284021,0.04177947,-0.436336,-0.9245836,-0.06032459,-0.39899194,-0.635204,-0.09713164,-0.35160175,-0.5851006,-0.10659622,-0.21303378,-0.7733608,0.022525411,-0.32243463,-0.9736219,-0.08211359,-0.29085553,-0.6089817,-0.07507087,-0.23014653,-0.59738386,-0.03680095,-0.08007777,-0.77424437,-0.021319957,-0.18442962,-1.0036683,-0.13456963,-0.17116939,-0.63707906,-0.0759752,-0.112418056,-0.585549,0.0003232691,0.07149357,-0.74187917,-0.07196715,-0.03490105,-0.87815607,-0.1307788,-0.053729877,-0.6278519,-0.08638354,-0.011619859,-0.5502128,-0.03186865
S,Zaith,Left,0.0,0.0,0.0,-0.22370821,-0.110488616,-0.045407627,-0.41687554,-0.36199725,-0.065888055,-0.5151546,-0.63210684,-0.098646685,-0.46509093,-0.8852629,-0.11241357,-0.33186632,-0.7532946,0.049187623,-0.45365858,-0.92092776,-0.055737235,-0.4111867,-0.62094694,-0.096620746,-0.35167447,-0.5628258,-0.10854998,-0.2220143,-0.7962855,0.027212188,-0.34725145,-0.9732558,-0.07991799,-0.3080606,-0.5971489,-0.07432658,-0.23480064,-0.582831,-0.03682614,-0.09226111,-0.79822403,-0.0195664,-0.21721485,-0.99322176,-0.13421787,-0.19195937,-0.61695164,-0.07390893,-0.11981789,-0.57393456,0.00359943,0.056481622,-0.7645357,-0.0729718,-0.06895671,-0.8804002,-0.1336752,-0.079039924,-0.61763996,-0.08776366,-0.02439555,-0.5445212,-0.031677164
S,Zaith,Left,0.0,0.0,0.0,-0.21976848,-0.10154516,-0.06327638,-0.43000695,-0.3711845,-0.09624212,-0.5598375,-0.62337345,-0.13884751,-0.51328295,-0.85821944,-0.15776125,-0.34327686,-0.84041053,0.027969778,-0.47084388,-1.0175649,-0.09007058,-0.432177,-0.70033765,-0.13614121,-0.37473968,-0.6239624,-0.14996222,-0.22519235,-0.8794732,0.010537561,-0.3623233,-1.047138,-0.10639324,-0.32593325,-0.6368676,-0.09812145,-0.25235024,-0.6179207,-0.056207523,-0.08324353,-0.8732064,-0.034431938,-0.2132295,-1.0736952,-0.15554355,-0.1995802,-0.6707418,-0.0923039,-0.1290292,-0.62057453,-0.011575673,0.07457866,-0.82572556,-0.08785565,-0.04839672,-0.9324419,-0.14983614,-0.07236693,-0.665973,-0.10512365,-0.021992961,-0.59787333,-0.049488965
S,Zaith,Left,0.0,0.0,0.0,-0.21176453,-0.11402571,-0.08164861,-0.40742302,-0.35973266,-0.13606578,-0.5168992,-0.6044238,-0.19659267,-0.48532838,-0.87433195,-0.23545608,-0.34457922,-0.8544993,0.0060184184,-0.4647993,-0.94967896,-0.123897284,-0.4205494,-0.66958183,-0.17685252,-0.36454767,-0.61541784,-0.19343063,-0.21693255,-0.89184445,-0.008027172,-0.35464865,-1.0156406,-0.13887584,-0.31594864,-0.61710244,-0.13547228,-0.24615888,-0.6081764,-0.09412864,-0.072628334,-0.8736127,-0.051230982,-0.1964793,-1.0381601,-0.18949209,-0.18658431,-0.6433714,-0.13258246,-0.12528454,-0.59631604,-0.05247411,0.07974855,-0.81292605,-0.10341434,-0.032510776,-0.89228463,-0.17931026,-0.05759032,-0.62703836,-0.14076196,-0.016203847,-0.56181717,-0.08718321
S,Zaith,Left,0.0,0.0,0.0,-0.1826614,-0.14344805,-0.1364432,-0.38024387,-0.39019126,-0.21528731,-0.4598396,-0.68366843,-0.28907412,-0.36078542,-0.93264884,-0.33330727,-0.37674633,-0.9117272,-0.04389999,-0.45321256,-1.0373042,-0.20216091,-0.38205698,-0.7253971,-0.267578,-0.33632734,-0.6946439,-0.29241535,-0.22030793,-0.9692179,-0.04070282,-0.2753162,-1.0943075,-0.20033212,-0.23066512,-0.65352875,-0.20110145,-0.21965489,-0.68647027,-0.1599382,-0.05698673,-0.9485769,-0.07315612,-0.09085651,-1.0693413,-0.23544933,-0.085666254,-0.65290654,-0.17544927,-0.08277829,-0.6590951,-0.09248749,0.105124414,-0.88067466,-0.12041537,0.07148323,-0.9072088,-0.21018913,0.045999523,-0.6249684,-0.17275426,0.0397792,-0.59386086,-0.119883776
S,Zaith,Left,0.0,0.0,0.0,-0.16627508,-0.17227933,-0.18634437,-0.32797095,-0.37868652,-0.3135949,-0.39392206,-0.6754565,-0.4282785,-0.28436697,-0.9256216,-0.5183995,-0.37544984,-0.92459285,-0.10557207,-0.437597,-1.0093513,-0.28859535,-0.41597712,-0.943024,-0.3646967,-0.34255925,-0.9394962,-0.3935127,-0.19224408,-1.0084924,-0.08506275,-0.22027017,-1.1249087,-0.28052327,-0.19583638,-0.702209,-0.28312358,-0.18243319,-0.7029269,-0.2301095,-0.009674636,-0.9891027,-0.103067376,-0.016035935,-1.0454254,-0.28209734,-0.036322955,-0.6643464,-0.21771163,-0.03924463,-0.6561183,-0.1260328,0.16169302,-0.89821875,-0.14155973,0.15805046,-0.87473,-0.23636334,0.11081023,-0.6245846,-0.20065191,0.088314526,-0.60525286,-0.1458932
S,Zaith,Left,0.0,0.0,0.0,-0.18435587,-0.14047189,-0.11038377,-0.36744508,-0.39433968,-0.1747446,-0.43711185,-0.6973735,-0.24181667,-0.34089094,-0.9401029,-0.28469762,-0.35527903,-0.8194865,-0.003457847,-0.4420182,-0.963831,-0.14589615,-0.40036315,-0.7677054,-0.2011533,-0.3503114,-0.735793,-0.2154807,-0.21111271,-0.8767348,-0.008004332,-0.27054578,-1.0428389,-0.15074864,-0.24106304,-0.65936995,-0.14665169,-0.2238251,-0.6807392,-0.09958661,-0.055432446,-0.8715049,-0.04680297,-0.09955167,-1.0439398,-0.19863792,-0.098924465,-0.66454107,-0.14220425,-0.08611164,-0.64193875,-0.05827484,0.10524543,-0.8190327,-0.098108284,0.059709907,-0.9131874,-0.18150277,0.033963654,-0.6556098,-0.14294143,0.038245857,-0.6014195,-0.08705642
S,Zaith,Left,0.0,0.0,0.0,-0.16869432,-0.1345195,-0.11648272,-0.35152978,-0.37724614,-0.1877737,-0.4360172,-0.67102337,-0.26042312,-0.354182,-0.9351765,-0.30795893,-0.35185674,-0.79809135,-0.011400382,-0.44262615,-0.9373463,-0.1570192,-0.38930357,-0.750071,-0.2122235,-0.33138716,-0.7249416,-0.22564471,-0.21137461,-0.86602896,-0.011734541,-0.27226138,-1.0289944,-0.15662082,-0.2297785,-0.6427786,-0.14901993,-0.21054181,-0.66076505,-0.09833676,-0.05831239,-0.8673149,-0.04713696,-0.09783142,-1.0336918,-0.20104614,-0.08777248,-0.65946865,-0.14307958,-0.07607556,-0.6379331,-0.056620546,0.10161185,-0.8193717,-0.09525341,0.06435331,-0.9182966,-0.17965947,0.037676536,-0.66670513,-0.14234707,0.03057873,-0.60611206,-0.08655591
S,Zaith,Left,0.0,0.0,0.0,-0.18315555,-0.123402454,-0.08900917,-0.36973214,-0.37064222,-0.13701767,-0.4614194,-0.6564051,-0.18982834,-0.39218628,-0.9198858,-0.2185399,-0.35311386,-0.7776034,0.012604867,-0.45251307,-0.9514932,-0.11619562,-0.40101203,-0.68025774,-0.16552982,-0.35376677,-0.6427001,-0.17979833,-0.21915734,-0.84237885,0.0037429752,-0.29838762,-1.0101131,-0.12582529,-0.25447172,-0.6212835,-0.1215317,-0.21872248,-0.63255006,-0.07904559,-0.07144283,-0.84062374,-0.035990506,-0.13298342,-1.0158675,-0.1755744,-0.11837113,-0.62976295,-0.12128999,-0.08914455,-0.61059546,-0.04216363,0.08432125,-0.8007003,-0.08540347,0.020869743,-0.9008751,-0.15849191,0.0024423925,-0.64289427,-0.11882631,0.018019,-0.5932856,-0.06490196
S,Zaith,Left,0.0,0.0,0.0,-0.18519434,-0.10895011,-0.08784752,-0.37511593,-0.35187384,-0.13156536,-0.4539131,-0.6580387,-0.17845738,-0.39183754,-0.9200344,-0.20292668,-0.3750286,-0.7633192,0.00025216426,-0.4662012,-0.9312075,-0.12600207,-0.40662998,-0.6817193,-0.17539284,-0.3576713,-0.65983605,-0.19265048,-0.23269282,-0.828058,-0.011739264,-0.3107142,-1.006027,-0.14770453,-0.26272047,-0.62727565,-0.14752866,-0.23071884,-0.6361209,-0.108489685,-0.07805378,-0.8343959,-0.05266563,-0.13352948,-1.0157064,-0.1990284,-0.11773135,-0.6421345,-0.14447103,-0.09921555,-0.624853,-0.06550856,0.08793122,-0.8024296,-0.10290471,0.036003564,-0.9299245,-0.18361941,0.016748082,-0.6576609,-0.14196756,0.022524439,-0.5919179,-0.08668328
S,Zaith,Left,0.0,0.0,0.0,-0.16846746,-0.13713722,-0.114948355,-0.3525479,-0.3790762,-0.19101585,-0.44129586,-0.67768216,-0.27081764,-0.3509174,-0.93640643,-0.32714605,-0.36085993,-0.78803045,0.0020279957,-0.449616,-0.91448545,-0.13493219,-0.40380415,-0.77974373,-0.17892067,-0.3486616,-0.7870927,-0.1847053,-0.22184806,-0.8640859,0.0010731791,-0.28208384,-1.03064,-0.13692604,-0.23113526,-0.6513185,-0.11787828,-0.21815258,-0.69290257,-0.05621157,-0.06675539,-0.8744076,-0.03568446,-0.10737428,-1.0442728,-0.18358244,-0.088845424,-0.6773801,-0.12217812,-0.07754435,-0.6701434,-0.03236272,0.09687265,-0.8372281,-0.08524113,0.060387872,-0.95007503,-0.16063736,0.04082097,-0.70475847,-0.12033626,0.035868842,-0.6496661,-0.06306481
S,Zaith,Left,0.0,0.0,0.0,-0.16794027,-0.1333098,-0.13379018,-0.3526613,-0.3877731,-0.2066573,-0.43200254,-0.69347286,-0.27752107,-0.33454302,-0.9423805,-0.3213704,-0.36285636,-0.8160225,-0.010727499,-0.44009897,-0.9396097,-0.15327439,-0.37123457,-0.7144402,-0.20093657,-0.3214151,-0.71206045,-0.21014625,-0.22025526,-0.8871911,-0.0026914724,-0.26854607,-1.0467999,-0.15362093,-0.21688032,-0.64119965,-0.14689678,-0.21350648,-0.68596363,-0.0933863,-0.06625832,-0.8926112,-0.031556576,-0.09013208,-1.0454628,-0.19330105,-0.07632378,-0.6587019,-0.13893294,-0.078425966,-0.6670039,-0.051991582,0.09155093,-0.8537008,-0.07401675,0.06740599,-0.9491438,-0.15859382,0.052928682,-0.69142336,-0.12138791,0.04590202,-0.6539025,-0.0651707
S,Zaith,Left,0.0,0.0,0.0,-0.17186989,-0.11500017,-0.14901824,-0.3554351,-0.3639545,-0.23971677,-0.43496972,-0.6852075,-0.32659507,-0.33664516,-0.94163156,-0.38773483,-0.37729678,-0.8163865,-0.02814229,-0.4530326,-0.9388955,-0.17939387,-0.395713,-0.7593302,-0.22888708,-0.3397661,-0.75230306,-0.2364999,-0.22648759,-0.8949457,-0.015032598,-0.2711522,-1.0615466,-0.17111169,-0.21959345,-0.6470907,-0.15853213,-0.21787517,-0.6887275,-0.09693878,-0.06656316,-0.9025792,-0.040570557,-0.084207684,-1.0549625,-0.20432729,-0.07204561,-0.6610139,-0.14612004,-0.07593257,-0.66693914,-0.05519471,0.094392955,-0.862959,-0.08107487,0.076852135,-0.9452676,-0.16530576,0.060962453,-0.68012303,-0.12719718,0.050688203,-0.6394926,-0.06970711
S,Zaith,Left,0.0,0.0,0.0,-0.16960295,-0.10012016,-0.19283319,-0.35031718,-0.35048005,-0.31057358,-0.42936423,-0.6820556,-0.41617647,-0.32868484,-0.94443965,-0.49333134,-0.3872642,-0.82433975,-0.07079781,-0.45127165,-0.93161553,-0.24179476,-0.3871941,-0.74860966,-0.29240295,-0.33948812,-0.75126135,-0.29549363,-0.22751805,-0.89918524,-0.037890777,-0.26393095,-1.0648794,-0.21680264,-0.20649046,-0.6394134,-0.20373382,-0.22057413,-0.7072528,-0.13449007,-0.06414033,-0.9087041,-0.04758583,-0.073508136,-1.046099,-0.2332047,-0.056484364,-0.6452452,-0.17563614,-0.07079843,-0.6737432,-0.079203084,0.0946616,-0.8784691,-0.07487251,0.092488326,-0.95249426,-0.16980623,0.08175074,-0.680218,-0.1338875,0.064809315,-0.6466681,-0.075047076
S,Zaith,Left,0.0,0.0,0.0,-0.18328181,-0.11047123,-0.13277145,-0.37767312,-0.35853863,-0.21197046,-0.44463438,-0.68790066,-0.2872222,-0.35139635,-0.9362268,-0.33931512,-0.38896084,-0.82292557,-0.033090696,-0.45523185,-0.954033,-0.16265678,-0.43010277,-0.7825503,-0.20049386,-0.39935127,-0.7490245,-0.2035123,-0.22723445,-0.8947491,-0.028072475,-0.2784775,-1.0632633,-0.1621511,-0.24427009,-0.67084545,-0.14232205,-0.23485339,-0.6798936,-0.082308665,-0.053160522,-0.897623,-0.056817934,-0.090930335,-1.0673696,-0.20129797,-0.08379597,-0.6884442,-0.13285154,-0.078454964,-0.6585289,-0.04154675,0.124976255,-0.84337497,-0.09897512,0.0741229,-0.96263236,-0.17628129,0.056663964,-0.6929509,-0.12670147,0.056626283,-0.6195688,-0.06315009
S,Zaith,Left,0.0,0.0,0.0,-0.20139143,-0.112092726,-0.09183151,-0.40601575,-0.36269447,-0.136797,-0.5059558,-0.64283913,-0.18524654,-0.44714013,-0.8944639,-0.21015473,-0.3975718,-0.7835273,0.00459399,-0.48650637,-0.96728677,-0.1241961,-0.4244319,-0.69406426,-0.17705981,-0.3873193,-0.64091045,-0.19413011,-0.25490633,-0.85320693,-0.0045098336,-0.33660248,-1.007832,-0.13550644,-0.28757945,-0.6300216,-0.13776577,-0.26393607,-0.63568664,-0.10162809,-0.09605784,-0.8619866,-0.043705862,-0.16699103,-1.0297984,-0.18070604,-0.14474428,-0.6538232,-0.12550555,-0.12245108,-0.63221717,-0.048375215,0.07023925,-0.8303292,-0.093055815,-0.0058988226,-0.9120328,-0.1651267,-0.014674064,-0.65322995,-0.12124676,0.0040804697,-0.60308766,-0.06522706
S,Zaith,Left,0.0,0.0,0.0,-0.21402156,-0.117088385,-0.07860067,-0.41936234,-0.3625616,-0.12034112,-0.5372022,-0.602824,-0.16893461,-0.4986464,-0.8668055,-0.19564125,-0.3677064,-0.84855026,0.029271254,-0.47729775,-0.9700171,-0.0936261,-0.42934304,-0.66581047,-0.15485774,-0.37763733,-0.58842474,-0.17889306,-0.24290216,-0.89247787,0.019435808,-0.3524587,-0.9986919,-0.10598429,-0.31270742,-0.61956084,-0.119719006,-0.2560286,-0.56852007,-0.09282627,-0.10097274,-0.884793,-0.019194508,-0.2087324,-1.034338,-0.14972264,-0.19286887,-0.6569603,-0.106713764,-0.14077489,-0.5746896,-0.03701607,0.05347896,-0.83314174,-0.066602096,-0.060804892,-0.9038176,-0.13843153,-0.07592162,-0.6502552,-0.10442726,-0.036603555,-0.5708488,-0.053753983
S,Zaith,Left,0.0,0.0,0.0,-0.21155551,-0.10903232,-0.066848844,-0.40632132,-0.3556836,-0.1049316,-0.5166379,-0.5982562,-0.15235972,-0.50534236,-0.8629189,-0.1778028,-0.3559239,-0.81913465,0.03206883,-0.468788,-0.92932075,-0.081996,-0.41260144,-0.62883955,-0.12493307,-0.35613453,-0.5898112,-0.1369751,-0.2454486,-0.8605201,0.015825327,-0.3688396,-0.9975687,-0.10399353,-0.317066,-0.6027669,-0.09769785,-0.25237492,-0.59883374,-0.05545991,-0.11591336,-0.8618303,-0.0281298,-0.23623213,-0.99457914,-0.15127094,-0.20167811,-0.61190045,-0.0894474,-0.13730761,-0.58592945,-0.009272727,0.024411162,-0.82808226,-0.080955096,-0.08925202,-0.89320093,-0.14245076,-0.09259166,-0.63861704,-0.09685871,-0.044474028,-0.5947952,-0.040668666
S,Zaith,Left,0.0,0.0,0.0,-0.21270375,-0.09424232,-0.032222603,-0.36917913,-0.37887138,-0.042766888,-0.44710276,-0.65114933,-0.068347745,-0.47662693,-0.8791057,-0.07704041,-0.3155052,-0.7554848,0.055306204,-0.41638538,-0.9683311,-0.044236075,-0.38382423,-0.68465596,-0.08451779,-0.32788232,-0.58210844,-0.09341106,-0.21678098,-0.80770093,0.029612182,-0.32372865,-1.0183454,-0.069028385,-0.29239607,-0.65495926,-0.06785808,-0.22420853,-0.61231977,-0.033992343,-0.094050415,-0.8228939,-0.01853441,-0.20876597,-1.0534607,-0.1271848,-0.18640357,-0.6798637,-0.07514709,-0.11777839,-0.6016918,-0.005345952,0.047357585,-0.8043025,-0.07195776,-0.06456539,-0.94374675,-0.13500828,-0.075313956,-0.6875406,-0.09339018,-0.022825416,-0.5954307,-0.040121213
S,Zaith,Left,0.0,0.0,0.0,-0.18604678,-0.11828063,-0.056949247,-0.36760223,-0.38834524,-0.08625674,-0.4545553,-0.6790995,-0.12527862,-0.38837278,-0.92150235,-0.14414327,-0.29260564,-0.76625806,0.029524244,-0.39051872,-0.9601042,-0.075599715,-0.35916492,-0.66645414,-0.11254317,-0.31044456,-0.6036192,-0.12123286,-0.18088034,-0.7966185,0.014452723,-0.28015745,-0.9853662,-0.08851411,-0.25172922,-0.6155959,-0.075106725,-0.1926568,-0.6012987,-0.032564767,-0.053652234,-0.78316367,-0.025892392,-0.14674705,-1.0016043,-0.13872845,-0.13662706,-0.63201123,-0.07747793,-0.08094648,-0.575654,0.00023810632,0.087917455,-0.73721206,-0.0736509,-0.002318776,-0.8926322,-0.13364281,-0.02816034,-0.64314425,-0.089680605,0.0037992252,-0.5533722,-0.035433263
S,Zaith,Left,0.0,0.0,0.0,-0.21673284,-0.11335011,-0.070578724,-0.42288807,-0.34924686,-0.10822145,-0.535146,-0.63441944,-0.15389489,-0.45910782,-0.8883805,-0.17670774,-0.3568772,-0.7743152,0.027054207,-0.48009762,-0.9640414,-0.09585634,-0.42796898,-0.65818274,-0.14731123,-0.3754146,-0.619646,-0.16538012,-0.22836193,-0.82595146,0.013543002,-0.34099305,-1.007578,-0.108921625,-0.29576218,-0.6186739,-0.10686913,-0.24071513,-0.6120142,-0.069169305,-0.08629238,-0.828611,-0.028423185,-0.1912773,-1.045667,-0.15700711,-0.16847537,-0.6533352,-0.10004168,-0.11262412,-0.6093479,-0.021194989,0.070797406,-0.7976422,-0.07893376,-0.033375207,-0.9311929,-0.1443563,-0.05061012,-0.6605579,-0.10154364,-0.012349803,-0.5879807,-0.04640875
S,Zaith,Left,0.0,0.0,0.0,-0.19944017,-0.11612783,-0.08916197,-0.39846727,-0.38450804,-0.13013877,-0.4817517,-0.6998054,-0.17537996,-0.37612146,-0.92657036,-0.19398107,-0.3013648,-0.81501245,0.028308759,-0.3931715,-0.93865836,-0.09097284,-0.35563794,-0.66448855,-0.13865606,-0.3204252,-0.6800265,-0.15547326,-0.16090426,-0.8624375,0.024637882,-0.24542089,-0.9989687,-0.096496314,-0.21670993,-0.61578405,-0.08781601,-0.18115556,-0.68277997,-0.04527333,-0.007656661,-0.8642653,-0.010996164,-0.07141328,-1.0498093,-0.14129128,-0.07006413,-0.69620806,-0.08108606,-0.039416373,-0.70036805,5.7981117e-05,0.15648213,-0.83077717,-0.05789637,0.1124639,-1.0190656,-0.12897567,0.07671311,-0.7717828,-0.08818242,0.07947198,-0.6965951,-0.033035602
S,Zaith,Left,0.0,0.0,0.0,-0.20328127,-0.12510774,-0.08199858,-0.40015903,-0.3877743,-0.122406796,-0.48535767,-0.6976489,-0.16884641,-0.38248217,-0.9239629,-0.1904518,-0.29570088,-0.8036581,0.03452793,-0.385855,-0.9329666,-0.08352222,-0.35194898,-0.66822004,-0.13330317,-0.31681162,-0.6735055,-0.1513709,-0.15759048,-0.849241,0.02785325,-0.24591571,-0.9918736,-0.09285334,-0.22011794,-0.61791456,-0.0889281,-0.18250918,-0.6690502,-0.050303735,-0.0070491415,-0.852363,-0.009601881,-0.076450996,-1.047581,-0.1385505,-0.07688905,-0.6983289,-0.08186343,-0.044981528,-0.69281536,-0.0034749536,0.15457246,-0.8196668,-0.057310563,0.10410828,-1.012305,-0.12518701,0.07012872,-0.7701008,-0.083889164,0.078997396,-0.6937027,-0.029221315
S,Zaith,Left,0.0,0.0,0.0,-0.18261611,-0.11712126,-0.096109346,-0.37359282,-0.38675302,-0.1396485,-0.45579532,-0.7084634,-0.18563174,-0.35025898,-0.9366529,-0.20357193,-0.31287825,-0.81365496,0.02092617,-0.39161527,-0.97126895,-0.10268759,-0.34661323,-0.6927806,-0.1496052,-0.31670934,-0.6918581,-0.16414452,-0.17056365,-0.862075,0.021805845,-0.23247856,-1.0105145,-0.10037488,-0.19688666,-0.62140346,-0.09029761,-0.18106984,-0.6843766,-0.046539225,-0.015828533,-0.86460125,-0.009868405,-0.056317255,-1.0547216,-0.14246792,-0.04806187,-0.6996923,-0.08322,-0.033264123,-0.7078303,-0.00243922,0.14713204,-0.83372355,-0.05295868,0.12578262,-1.0142831,-0.12547822,0.10288806,-0.7712094,-0.08639841,0.09872366,-0.7115878,-0.032346833
S,Zaith,Left,0.0,0.0,0.0,-0.18360557,-0.13834399,-0.08564074,-0.3659104,-0.4208222,-0.1215204,-0.43292642,-0.7454056,-0.16186725,-0.3086763,-0.95116717,-0.17522833,-0.2983327,-0.82310826,0.02445101,-0.37087196,-1.0179094,-0.10281803,-0.32630217,-0.70618653,-0.15637684,-0.29825252,-0.69013953,-0.17622061,-0.15297809,-0.8637375,0.020279298,-0.20267013,-1.0282316,-0.10429782,-0.17265983,-0.63421315,-0.10270196,-0.16435367,-0.6838243,-0.06700331,0.0018933925,-0.86009634,-0.014741156,-0.02978823,-1.0674009,-0.14448825,-0.024999546,-0.6990971,-0.08560698,-0.014645743,-0.7000916,-0.007456256,0.16179371,-0.82179374,-0.060432173,0.14198045,-1.0110872,-0.12619448,0.121047206,-0.7598743,-0.08199762,0.120686285,-0.70154047,-0.026451442
S,Zaith,Left,0.0,0.0,0.0,-0.178015,-0.14785598,-0.08879719,-0.35351798,-0.42438212,-0.12794757,-0.42141387,-0.74520767,-0.17124686,-0.30202216,-0.9533009,-0.18820791,-0.29515734,-0.8173677,0.02408875,-0.36542764,-1.0002264,-0.09964239,-0.32104012,-0.7016632,-0.15189405,-0.29180673,-0.693617,-0.17213058,-0.15214956,-0.8604658,0.021908438,-0.1986773,-1.0130994,-0.10095017,-0.1696871,-0.6253127,-0.10025909,-0.16183141,-0.6785486,-0.06586094,0.00046794623,-0.8554708,-0.010963811,-0.02829872,-1.0560397,-0.14151335,-0.02481406,-0.69454193,-0.08641087,-0.013626149,-0.69399893,-0.0105751585,0.15770301,-0.81649315,-0.05446559,0.14045566,-1.0045241,-0.12322887,0.12143859,-0.76341635,-0.083053775,0.124699004,-0.7061066,-0.02992263
S,Zaith,Left,0.0,0.0,0.0,-0.18171872,-0.139086,-0.09255947,-0.36887118,-0.41453212,-0.13338463,-0.43310475,-0.7455561,-0.17750946,-0.30695722,-0.95172334,-0.19364814,-0.30895984,-0.8318378,0.016730888,-0.37714565,-1.0073768,-0.10423636,-0.33226946,-0.713646,-0.14845324,-0.30976403,-0.7065845,-0.16301392,-0.16233115,-0.88097894,0.014509183,-0.20877886,-1.0301648,-0.1085642,-0.18088637,-0.6410251,-0.10211181,-0.17861013,-0.7096575,-0.062889725,-0.0037040047,-0.8787159,-0.018671311,-0.030951986,-1.0743533,-0.15137638,-0.028674081,-0.7049608,-0.09204641,-0.02305379,-0.70551586,-0.012806714,0.16095452,-0.8408167,-0.06311585,0.15179212,-1.0227598,-0.13576041,0.12555194,-0.77772176,-0.09608695,0.11444122,-0.7217809,-0.042785928
S,Zaith,Left,0.0,0.0,0.0,-0.18065304,-0.14253029,-0.09339458,-0.36048794,-0.41866544,-0.13323572,-0.42568967,-0.74256,-0.17614561,-0.30327937,-0.95290166,-0.19073531,-0.31175366,-0.8183415,0.021110676,-0.3740604,-1.0056914,-0.10502258,-0.326324,-0.70910436,-0.15256846,-0.30407754,-0.69960034,-0.16848312,-0.16595064,-0.86823374,0.019438358,-0.20437026,-1.0305314,-0.111447126,-0.17366113,-0.63315356,-0.10905277,-0.17571057,-0.69352555,-0.07030854,-0.009495939,-0.867959,-0.014008461,-0.024438892,-1.0585724,-0.1513133,-0.023436518,-0.6911253,-0.0953853,-0.026594078,-0.70284474,-0.016930364,0.15135689,-0.8306598,-0.058637194,0.14948313,-1.0011742,-0.13106076,0.12454224,-0.7575754,-0.09305448,0.11051172,-0.7124751,-0.04093106
S,Zaith,Left,0.0,0.0,0.0,-0.17827864,-0.13544972,-0.10261344,-0.3578188,-0.41166186,-0.14955296,-0.4217226,-0.7416962,-0.1983959,-0.29545617,-0.9553563,-0.21893223,-0.30252862,-0.8211144,0.013538658,-0.3674895,-1.003981,-0.117910214,-0.3210183,-0.7048107,-0.16759121,-0.29651287,-0.69712543,-0.18355036,-0.15680772,-0.868438,0.015333601,-0.19845507,-1.026849,-0.117698304,-0.16652374,-0.6235686,-0.113117106,-0.1646427,-0.6914816,-0.071479,-0.0020847593,-0.86945456,-0.016049406,-0.021667577,-1.0523661,-0.1564023,-0.018762834,-0.6838589,-0.098071136,-0.015766015,-0.7032341,-0.016633807,0.15687206,-0.83617973,-0.059344657,0.14786223,-1.0056939,-0.13228528,0.12609296,-0.75895715,-0.09164481,0.11896686,-0.7149647,-0.036853123
S,Zaith,Left,0.0,0.0,0.0,-0.17201331,-0.1487719,-0.11639625,-0.34542918,-0.42014843,-0.17840686,-0.40744138,-0.7473112,-0.24183935,-0.2799471,-0.9600154,-0.2777274,-0.3047845,-0.8382353,0.0011474319,-0.3591671,-0.9927838,-0.1358391,-0.31102756,-0.72135216,-0.18277343,-0.29168087,-0.70733166,-0.19353561,-0.15799458,-0.88476056,0.005141979,-0.18903813,-1.0293316,-0.13517326,-0.1566737,-0.6303391,-0.12746628,-0.16439599,-0.69871527,-0.079358846,0.0010582465,-0.8790146,-0.025971798,-0.0037391006,-1.041776,-0.17638758,-0.0017114374,-0.68461835,-0.12051356,-0.011629699,-0.70444673,-0.03695514,0.16205174,-0.83361876,-0.06986059,0.16967842,-0.9916549,-0.15000501,0.15144119,-0.7592061,-0.11308928,0.13537039,-0.717695,-0.05889912
S,Zaith,Left,0.0,0.0,0.0,-0.17153662,-0.1437635,-0.11116216,-0.351553,-0.42032292,-0.16181812,-0.40287688,-0.7566303,-0.21256764,-0.26892352,-0.9631615,-0.23437417,-0.30512118,-0.8363424,-0.0011107684,-0.35339695,-1.0186306,-0.121917434,-0.30952564,-0.7239482,-0.1599809,-0.30494902,-0.7146689,-0.16995634,-0.1607339,-0.87582785,0.0029590386,-0.17223233,-1.0401722,-0.124691814,-0.14735678,-0.64322513,-0.120742336,-0.17411008,-0.7064693,-0.081271574,0.0031251467,-0.86122537,-0.02438352,0.010793145,-1.0552187,-0.16438892,0.018064184,-0.69723266,-0.10936741,-0.0040946314,-0.6998663,-0.03181268,0.16416624,-0.81420314,-0.06367945,0.18734694,-0.9834952,-0.14327806,0.17691676,-0.74740833,-0.106187314,0.15386282,-0.704476,-0.054073364
S,Zaith,Left,0.0,0.0,0.0,-0.1724294,-0.15828854,-0.11875332,-0.337039,-0.4343826,-0.17491893,-0.3817929,-0.7622921,-0.2302118,-0.25003582,-0.96823657,-0.2567908,-0.29819345,-0.83814776,0.0013233979,-0.3361331,-1.0093931,-0.12582083,-0.29352638,-0.72441447,-0.17006794,-0.28957164,-0.7167647,-0.18255351,-0.14957912,-0.8755398,0.009523116,-0.1640343,-1.0330937,-0.12540859,-0.13882771,-0.6456181,-0.12623215,-0.16185912,-0.7137279,-0.08824342,0.011809185,-0.863728,-0.015268867,0.019396001,-1.0458676,-0.161037,0.023200708,-0.6917451,-0.11039116,0.0031090353,-0.7040514,-0.03400775,0.1681048,-0.81487834,-0.052505035,0.1927087,-0.978999,-0.13299604,0.17498074,-0.7442664,-0.0986912,0.14879861,-0.70321506,-0.048317276
S,Zaith,Left,0.0,0.0,0.0,-0.17557052,-0.13763905,-0.09264442,-0.34235442,-0.41180003,-0.1302212,-0.38818896,-0.7493694,-0.1715626,-0.26791614,-0.96344227,-0.18523128,-0.29246813,-0.81035835,0.037784226,-0.33763885,-0.9806988,-0.07455848,-0.2974031,-0.68712276,-0.11528716,-0.2848183,-0.68876314,-0.12651023,-0.15553488,-0.8437328,0.038304582,-0.17473654,-1.0097712,-0.078282535,-0.1521473,-0.6307921,-0.07610241,-0.1615322,-0.700257,-0.039458472,-0.0061483597,-0.83303356,0.007593773,-0.0064667203,-1.0385432,-0.11912855,-0.0036393672,-0.68727636,-0.06503944,-0.0083011,-0.6946136,0.009888741,0.14593342,-0.78900504,-0.034277286,0.15757695,-0.97818875,-0.099295475,0.13734636,-0.7437267,-0.059854046,0.122950725,-0.6969167,-0.008103665
S,Zaith,Left,0.0,0.0,0.0,-0.17661437,-0.1433862,-0.08270679,-0.33382154,-0.42090765,-0.11636281,-0.3720904,-0.7524223,-0.15440673,-0.25899908,-0.9658776,-0.16591108,-0.291811,-0.7907047,0.03253538,-0.33522213,-0.9875928,-0.075299725,-0.29516974,-0.6857047,-0.11245708,-0.27514595,-0.6621041,-0.122722216,-0.15166238,-0.8328865,0.030011207,-0.16934192,-1.006266,-0.07977913,-0.1455685,-0.6216277,-0.07432385,-0.14725097,-0.66844386,-0.0388021,-0.0028181295,-0.8283744,-0.0015172448,0.0033992052,-1.0412079,-0.12075127,0.00023190047,-0.68681866,-0.06536819,-0.003459962,-0.6840058,0.006472953,0.15053873,-0.78537625,-0.043164693,0.1642251,-0.97674066,-0.10490549,0.1429065,-0.74080765,-0.064786576,0.13014032,-0.6914917,-0.014415392
S,Zaith,Left,0.0,0.0,0.0,-0.18323302,-0.13339187,-0.07965554,-0.36156726,-0.41956982,-0.110746205,-0.41009367,-0.7549616,-0.14701849,-0.2832786,-0.95903766,-0.1576586,-0.28971142,-0.7910202,0.031812925,-0.34377322,-0.98139036,-0.08166827,-0.30576223,-0.6897655,-0.12500954,-0.29207844,-0.6870568,-0.14035045,-0.14743952,-0.83309245,0.025196623,-0.18495491,-1.0075893,-0.092484266,-0.1608377,-0.6297323,-0.091307156,-0.16379237,-0.6827979,-0.05688459,0.004593794,-0.8313439,-0.010515626,-0.012015449,-1.0400846,-0.13651006,-0.010391147,-0.6854524,-0.082239546,-0.013021279,-0.6876634,-0.008512937,0.16212796,-0.7961823,-0.05600672,0.16053368,-0.9855839,-0.12136103,0.13933401,-0.7440372,-0.0810415,0.1266594,-0.68909997,-0.029806063
S,Zaith,Left,0.0,0.0,0.0,-0.18351354,-0.15251818,-0.06541519,-0.3400059,-0.42613876,-0.0882163,-0.38285786,-0.7530806,-0.11939582,-0.2705441,-0.9627076,-0.12810127,-0.28608137,-0.76643,0.06858816,-0.33351934,-0.95761603,-0.027184574,-0.30278412,-0.6909125,-0.06630547,-0.28753233,-0.6816442,-0.07974506,-0.15481211,-0.8077312,0.058886893,-0.18065977,-0.9871379,-0.043318197,-0.16110095,-0.6393957,-0.04916558,-0.16287076,-0.6733239,-0.021602856,-0.011609149,-0.80252093,0.021720702,-0.016724484,-1.0278116,-0.09233815,-0.017082432,-0.69463754,-0.05049347,-0.020578325,-0.68144363,0.013144704,0.13854446,-0.75800514,-0.023398919,0.1400029,-0.9479574,-0.08014697,0.120797366,-0.7204769,-0.04335918,0.11094147,-0.6615851,0.004402563
S,Zaith,Left,0.0,0.0,0.0,-0.18663545,-0.14750475,-0.050125036,-0.33425912,-0.43782884,-0.06191342,-0.36484894,-0.75887907,-0.083321996,-0.26522502,-0.96418655,-0.08449174,-0.26524815,-0.74351674,0.06697626,-0.3161153,-0.9417433,-0.02649733,-0.2909182,-0.6676782,-0.06532256,-0.2707508,-0.63118815,-0.077184275,-0.14011876,-0.77325124,0.053232256,-0.1710359,-0.96945375,-0.04243117,-0.15573934,-0.61586696,-0.043935463,-0.14351162,-0.6196056,-0.014995714,-0.0012602753,-0.7611192,0.014496722,-0.012370636,-1.007602,-0.09443911,-0.017451975,-0.664559,-0.0457915,-0.0091228075,-0.6222095,0.021245485,0.14814255,-0.71326834,-0.030878838,0.14363354,-0.92184013,-0.08758255,0.1195703,-0.6848278,-0.046147455,0.1158063,-0.60488003,0.0048772297
S,Zaith,Left,0.0,0.0,0.0,-0.19750157,-0.13549499,-0.047494657,-0.35559076,-0.4233652,-0.057539206,-0.38798568,-0.75255173,-0.07731779,-0.28586286,-0.95827055,-0.077995524,-0.293848,-0.7123601,0.061165184,-0.34340975,-0.9214791,-0.031906504,-0.31367666,-0.6536656,-0.071807355,-0.29404154,-0.6046252,-0.08486728,-0.16692065,-0.7496169,0.04634374,-0.19637844,-0.95321786,-0.047287904,-0.1747293,-0.61250955,-0.05131622,-0.16622795,-0.5972154,-0.026151573,-0.026110074,-0.7457117,0.007814613,-0.03878779,-0.9932441,-0.0978935,-0.03603338,-0.6531342,-0.051331557,-0.032204147,-0.59068394,0.012217917,0.12264417,-0.7064252,-0.037058435,0.11612029,-0.9046611,-0.093452,0.10120065,-0.6714087,-0.05387957,0.09756929,-0.59016955,-0.005461372
S,Zaith,Left,0.0,0.0,0.0,-0.19434448,-0.14845847,-0.048381764,-0.3420993,-0.44251224,-0.057669483,-0.37247145,-0.7587178,-0.07693663,-0.28026232,-0.95992345,-0.07687448,-0.28117973,-0.7267172,0.07483987,-0.33256346,-0.9280504,-0.019416725,-0.29960018,-0.6653318,-0.060084447,-0.276698,-0.62130266,-0.07124134,-0.15744935,-0.7599375,0.060994674,-0.18528952,-0.949452,-0.036840748,-0.16400005,-0.61028624,-0.04534731,-0.1556943,-0.60734594,-0.019463673,-0.022362452,-0.75262177,0.022229213,-0.03280956,-0.9691813,-0.08590968,-0.03095316,-0.6442668,-0.045235433,-0.025524434,-0.6153584,0.016937794,0.11997599,-0.7112255,-0.022727462,0.11207997,-0.89092165,-0.07491048,0.09633569,-0.66077614,-0.03430244,0.0972494,-0.59566087,0.015876401
S,Zaith,Left,0.0,0.0,0.0,-0.19519222,-0.15991378,-0.050800838,-0.3593119,-0.4203578,-0.061033744,-0.40037808,-0.74423677,-0.08133621,-0.29095307,-0.95673734,-0.079196066,-0.3023832,-0.7423276,0.08467765,-0.35807395,-0.9353001,-0.0069182664,-0.3229896,-0.6713838,-0.04791633,-0.30653426,-0.6527821,-0.06201791,-0.16901335,-0.7864623,0.07239836,-0.20366946,-0.9694742,-0.023274016,-0.1791369,-0.6250886,-0.031645965,-0.17800644,-0.64206636,-0.0074729365,-0.02337482,-0.7848832,0.034034483,-0.03809788,-1.0223122,-0.074600756,-0.03439145,-0.6821682,-0.03332999,-0.032784928,-0.64764345,0.029335352,0.13317385,-0.7446872,-0.011047023,0.132897,-0.9505651,-0.064627774,0.11360298,-0.7199495,-0.026986625,0.10492075,-0.64870626,0.021400377
S,Zaith,Left,0.0,0.0,0.0,-0.1932366,-0.15845542,-0.0577742,-0.35118765,-0.433747,-0.06959757,-0.3907343,-0.7539708,-0.09055431,-0.28321686,-0.9590559,-0.08816173,-0.31386095,-0.75520366,0.088989265,-0.36746687,-0.9448312,-0.004125374,-0.32594547,-0.686378,-0.044383552,-0.30807182,-0.66168785,-0.056423437,-0.18638517,-0.80879956,0.08037413,-0.21038468,-0.9885501,-0.017356081,-0.1747499,-0.64223975,-0.02601841,-0.1792412,-0.6658069,5.1952953e-05,-0.0453906,-0.8162045,0.04417537,-0.04835884,-1.0204313,-0.06608032,-0.036102384,-0.6908566,-0.02724942,-0.04024914,-0.6752733,0.03486106,0.10535137,-0.7857194,0.0005015806,0.10925265,-0.96927494,-0.051403984,0.09783264,-0.7411987,-0.01365381,0.08722977,-0.68209076,0.035045106
S,Zaith,Left,0.0,0.0,0.0,-0.1962894,-0.13990778,-0.059441864,-0.37356192,-0.41128743,-0.08158302,-0.42091087,-0.747738,-0.11317727,-0.3051927,-0.9522906,-0.123656504,-0.32720375,-0.7541794,0.050923005,-0.38500413,-0.96282285,-0.0575406,-0.3426666,-0.7010132,-0.10447319,-0.32903215,-0.66302294,-0.11898865,-0.19192111,-0.8074605,0.036216497,-0.22139104,-1.001434,-0.07198755,-0.18482758,-0.6543665,-0.07739851,-0.19178952,-0.6661018,-0.049327917,-0.040580295,-0.8203645,-0.004776111,-0.054760084,-1.0542641,-0.123722024,-0.03828211,-0.716347,-0.077022746,-0.04414889,-0.68726045,-0.009656095,0.11829598,-0.7947779,-0.05304674,0.11435917,-1.0010039,-0.11005484,0.107150495,-0.76178,-0.06521073,0.0981814,-0.6879997,-0.011745594
S,Zaith,Left,0.0,0.0,0.0,-0.20232688,-0.12341339,-0.04882336,-0.38296464,-0.38914657,-0.06312456,-0.43545723,-0.7113614,-0.08754841,-0.3380496,-0.9411283,-0.089758284,-0.3256867,-0.72526187,0.0549023,-0.4010227,-0.929076,-0.04569727,-0.3589361,-0.6552424,-0.086071916,-0.32962358,-0.62952614,-0.09860027,-0.18729165,-0.78032225,0.038507905,-0.24638392,-0.9715274,-0.062176388,-0.21133836,-0.61363655,-0.059218906,-0.1891999,-0.6333412,-0.026837941,-0.034415126,-0.792284,-0.0029113886,-0.07645674,-1.040853,-0.11472811,-0.06582961,-0.6873524,-0.059975613,-0.046321906,-0.6524316,0.012039765,0.13035402,-0.7712966,-0.051095385,0.106205985,-0.99361396,-0.107184015,0.08837061,-0.7537532,-0.06280185,0.094051585,-0.67581904,-0.009245085
=======
A,Alejandro,Right,0.0,0.0,0.0,0.26201555,0.07525426,-0.09322356,0.57961184,-0.17085887,-0.10717051,0.7357437,-0.4933194,-0.10861476,0.68365103,-0.72980905,-0.089094184,0.4907179,-0.50259364,-0.058835894,0.5915028,-0.67803955,-0.17118911,0.49239987,-0.43885526,-0.20785703,0.41192758,-0.3222269,-0.21382323,0.3296146,-0.59546745,-0.053771254,0.45075065,-0.7697853,-0.18677609,0.35783666,-0.45824283,-0.20630667,0.2876838,-0.38736892,-0.18710227,0.16915703,-0.64367,-0.0659425,0.26997474,-0.78512967,-0.20828095,0.20948742,-0.4727164,-0.16176711,0.14996997,-0.41944116,-0.09725725,-0.0040836297,-0.6803074,-0.082760945,0.097922705,-0.7362795,-0.17281465,0.06860671,-0.50863045,-0.13232534,0.02019337,-0.4777785,-0.082779154
A,Alejandro,Right,0.0,0.0,0.0,0.26226294,0.06672749,-0.07993941,0.58257866,-0.19431995,-0.08602258,0.7318984,-0.5243636,-0.08406316,0.6608115,-0.75055194,-0.06450242,0.48435512,-0.5473843,-0.029422492,0.5621334,-0.7385177,-0.13496163,0.5012191,-0.49471104,-0.18867046,0.4470416,-0.36505178,-0.20875904,0.3043298,-0.619691,-0.02802857,0.3883815,-0.8158453,-0.15645894,0.34119776,-0.48842916,-0.19147155,0.28499767,-0.3706105,-0.18540753,0.13244407,-0.6400162,-0.042175356,0.19752795,-0.81128097,-0.17122956,0.18739894,-0.49665788,-0.13075893,0.14924134,-0.38886324,-0.073299415,-0.048097197,-0.6478884,-0.06115213,0.025588574,-0.74566853,-0.13951024,0.030790918,-0.51906794,-0.097471595,0.0048500327,-0.44303796,-0.047969308
A,Alejandro,Right,0.0,0.0,0.0,0.27330822,0.008412473,-0.08556673,0.53976345,-0.24242377,-0.103380375,0.670773,-0.54408175,-0.113182284,0.6331373,-0.7740395,-0.102101214,0.43711805,-0.56600034,-0.03562112,0.54131854,-0.7509353,-0.1466492,0.4710584,-0.49594814,-0.18446773,0.3982792,-0.37449178,-0.18859445,0.28637427,-0.6378091,-0.034230944,0.41028744,-0.8236874,-0.15909904,0.3360105,-0.51002145,-0.17423725,0.26109463,-0.44018453,-0.15138157,0.12798798,-0.6739523,-0.052219372,0.24638553,-0.8221832,-0.18806118,0.19919695,-0.51856637,-0.14260788,0.13504791,-0.47324085,-0.0775064,-0.050192755,-0.6939859,-0.07463603,0.08298382,-0.7724743,-0.15912765,0.06478643,-0.55455786,-0.115778536,0.0026818283,-0.5212748,-0.062924914
A,Alejandro,Right,0.0,0.0,0.0,0.2746758,0.048517283,-0.06711712,0.54393023,-0.23568277,-0.06666694,0.66692024,-0.548165,-0.060979143,0.6371229,-0.7707622,-0.03610915,0.416739,-0.57525355,-0.034203306,0.5274031,-0.743821,-0.1390865,0.46578026,-0.4872489,-0.16645713,0.39756417,-0.3578885,-0.16427688,0.25746122,-0.639504,-0.04097242,0.39414486,-0.81137466,-0.1705436,0.3260831,-0.48879004,-0.1820476,0.24353194,-0.40277496,-0.15644611,0.096429564,-0.671392,-0.06471559,0.23423888,-0.8227099,-0.20916912,0.18972746,-0.50179094,-0.16090362,0.11125867,-0.44282386,-0.09401729,-0.08623532,-0.6936614,-0.09037898,0.070455804,-0.7705456,-0.18532385,0.048685763,-0.53333807,-0.14271459,-0.024789464,-0.49060273,-0.09050788
A,Alejandro,Right,0.0,0.0,0.0,0.27602902,0.038062897,-0.07971751,0.52287513,-0.24362041,-0.081833914,0.6200411,-0.5546057,-0.078118525,0.62127316,-0.7835941,-0.05351195,0.3964526,-0.57253474,-0.010286134,0.50776964,-0.7290008,-0.1174994,0.45794874,-0.47101384,-0.14891882,0.3873937,-0.3521125,-0.14770883,0.2530884,-0.63834584,-0.008483668,0.387501,-0.8099506,-0.1318441,0.3277678,-0.49171588,-0.14299108,0.245271,-0.42395398,-0.11717123,0.09761345,-0.6723004,-0.028691852,0.23733206,-0.8226846,-0.17561412,0.19639434,-0.50798935,-0.13549131,0.114149086,-0.46445617,-0.071749,-0.08467445,-0.6925154,-0.05169101,0.07758777,-0.76743037,-0.15006249,0.058276307,-0.5366602,-0.11589164,-0.021853603,-0.50236374,-0.068508945
A,Alejandro,Right,0.0,0.0,0.0,0.2783851,-0.023172533,-0.076296374,0.51115996,-0.23691978,-0.09516238,0.64535683,-0.5085134,-0.11634093,0.64605665,-0.76328945,-0.1176847,0.41381076,-0.600576,0.01453493,0.5478048,-0.7517456,-0.113981634,0.47982758,-0.48674637,-0.16791807,0.38788524,-0.36339265,-0.17531626,0.28733918,-0.6695741,0.00828965,0.43065923,-0.82110435,-0.12744614,0.35237363,-0.50484854,-0.15255806,0.2620596,-0.4347039,-0.13295053,0.13773684,-0.7125459,-0.02269614,0.2940667,-0.86029166,-0.17471245,0.23103932,-0.5515938,-0.13429725,0.14000864,-0.4992458,-0.06503859,-0.04742538,-0.7426258,-0.05737555,0.126822,-0.82361865,-0.14992468,0.09474059,-0.60562223,-0.10493503,0.0067355367,-0.5654176,-0.04555417
A,Alejandro,Right,0.0,0.0,0.0,0.30875817,0.012423771,-0.06328156,0.5629466,-0.19524449,-0.06959787,0.69318545,-0.46750882,-0.07904989,0.70163286,-0.71253866,-0.07022162,0.4591481,-0.5522229,0.017139267,0.5887251,-0.7389907,-0.10460747,0.5219904,-0.4836132,-0.15314914,0.43510786,-0.3370129,-0.1556819,0.32288527,-0.6375062,0.009671134,0.4703588,-0.8131719,-0.12640597,0.37324095,-0.5051272,-0.15439251,0.27353188,-0.4137933,-0.13425732,0.16867246,-0.70323354,-0.019830767,0.33026567,-0.8661814,-0.1699369,0.2381616,-0.5541816,-0.13080676,0.14007652,-0.4885309,-0.060428716,-0.018713653,-0.76203495,-0.05148752,0.160685,-0.8534989,-0.14053991,0.11079565,-0.631616,-0.09370662,0.021792462,-0.5871583,-0.032648932
A,Alejandro,Right,0.0,0.0,0.0,0.31522417,0.027797341,-0.067715265,0.5801923,-0.15723485,-0.074410535,0.7144269,-0.43798107,-0.08418146,0.72405607,-0.68974113,-0.07803254,0.48265842,-0.52765834,0.023596296,0.610007,-0.71872354,-0.1040155,0.53748786,-0.47665384,-0.16082183,0.4435724,-0.31847653,-0.16700579,0.340462,-0.6301785,0.018322729,0.48279488,-0.82043386,-0.116077036,0.3786549,-0.5175533,-0.14333534,0.28433737,-0.40677547,-0.121790856,0.17864804,-0.7030096,-0.010812528,0.33031332,-0.865728,-0.1600038,0.23479119,-0.56527865,-0.11913864,0.14596009,-0.4891968,-0.046433635,-0.018112315,-0.762147,-0.04280772,0.15302487,-0.86818457,-0.12957436,0.10295406,-0.64858675,-0.079633266,0.024678411,-0.5954582,-0.016064119
A,Alejandro,Right,0.0,0.0,0.0,0.29128566,0.09554503,-0.06372527,0.6053143,-0.09925103,-0.066800095,0.76391256,-0.3732152,-0.070269965,0.7679146,-0.6405522,-0.062974565,0.52027965,-0.5059062,0.0038788156,0.6576157,-0.65584916,-0.13242276,0.5653595,-0.41811654,-0.21014482,0.4461241,-0.24387984,-0.228761,0.36730397,-0.63555855,0.00032473844,0.5159672,-0.7884981,-0.13644998,0.39506596,-0.48889583,-0.17669056,0.2762975,-0.34937167,-0.16626254,0.19605137,-0.73692757,-0.02416944,0.35745934,-0.8648836,-0.16597684,0.25079542,-0.56571656,-0.13193981,0.14792599,-0.45616254,-0.06817524,-0.0022373877,-0.834244,-0.05093163,0.1744777,-0.90101224,-0.13152923,0.11061485,-0.6672343,-0.08248793,0.02728969,-0.58911884,-0.022279374
A,Alejandro,Right,0.0,0.0,0.0,0.2755195,0.13002312,-0.06365516,0.585383,-0.060989242,-0.06215506,0.751014,-0.356653,-0.062431216,0.7889147,-0.6145027,-0.046268746,0.5263806,-0.4696437,0.0015800232,0.6784742,-0.649407,-0.12217716,0.58112055,-0.4073489,-0.16954121,0.4642549,-0.25723046,-0.16951266,0.3840032,-0.5908389,-0.0032129572,0.549057,-0.77394587,-0.13648036,0.42571333,-0.4649229,-0.15589215,0.30954003,-0.35415298,-0.13056184,0.22806615,-0.68926,-0.029436596,0.40562287,-0.86224914,-0.17638458,0.29330805,-0.5397525,-0.12721777,0.18377405,-0.44335803,-0.05213337,0.04153191,-0.7880695,-0.058274973,0.22888145,-0.8836354,-0.14719471,0.16617647,-0.6463532,-0.0990618,0.07820287,-0.57653904,-0.03906076
A,Alejandro,Right,0.0,0.0,0.0,0.31241545,0.034025304,-0.07829779,0.6257063,-0.19926327,-0.08150705,0.7382468,-0.4805084,-0.08119263,0.71202224,-0.7021569,-0.064718716,0.4974725,-0.58599067,-0.003992872,0.60247046,-0.7632528,-0.11698253,0.5502571,-0.48930264,-0.17331693,0.48591706,-0.3279786,-0.18680012,0.34750175,-0.662277,-0.0017914119,0.45908034,-0.84573215,-0.12794982,0.39408872,-0.5174212,-0.15718362,0.31614268,-0.3728411,-0.1423664,0.18339548,-0.7166373,-0.020365112,0.2952487,-0.89876753,-0.15493259,0.24761759,-0.5670079,-0.11214263,0.17857656,-0.42516142,-0.045727134,-0.011348347,-0.76483357,-0.043739866,0.11148465,-0.8959134,-0.12920114,0.09362557,-0.64425296,-0.08174099,0.041785717,-0.52859557,-0.021872064
A,Alejandro,Right,0.0,0.0,0.0,0.28149092,0.07415863,-0.07439616,0.5724903,-0.18538149,-0.07641456,0.69988334,-0.51491725,-0.07109225,0.6602031,-0.7510871,-0.047629576,0.46942163,-0.53806525,-0.037856277,0.5587098,-0.73521644,-0.15302992,0.47946343,-0.4902414,-0.19449338,0.4048431,-0.3239976,-0.197062,0.30558324,-0.6176718,-0.036478788,0.4085471,-0.82579905,-0.17127916,0.329197,-0.5103045,-0.19195138,0.25678265,-0.37424892,-0.16950518,0.14158142,-0.66054076,-0.051974982,0.2350718,-0.8514787,-0.18977508,0.18495132,-0.5357797,-0.1406818,0.12696579,-0.4244171,-0.071593754,-0.04120072,-0.6967877,-0.0710932,0.061469883,-0.8146872,-0.15641002,0.040322136,-0.5827596,-0.11245692,-0.0031846527,-0.50760573,-0.05825362
A,Alejandro,Right,0.0,0.0,0.0,0.2827398,-0.0014522144,-0.07760376,0.55304354,-0.23406251,-0.09201746,0.6751784,-0.5433702,-0.09907806,0.63102484,-0.7757626,-0.0876648,0.44756943,-0.5637746,-0.04236857,0.53419393,-0.7675176,-0.15412582,0.45608285,-0.52452457,-0.190306,0.3874885,-0.37022588,-0.19058399,0.2907514,-0.63363975,-0.04214133,0.38403434,-0.8350527,-0.17601036,0.30816844,-0.525286,-0.19498529,0.24693085,-0.4040029,-0.17279096,0.1298252,-0.6661926,-0.057840567,0.21557495,-0.84823996,-0.1972595,0.16706014,-0.53681797,-0.14746046,0.11679256,-0.43731576,-0.0768276,-0.052360233,-0.6857802,-0.07696439,0.04106477,-0.8007101,-0.16394828,0.02695513,-0.5726895,-0.118124805,-0.0121342335,-0.50519,-0.060939185
A,Alejandro,Right,0.0,0.0,0.0,0.25548714,0.03744,-0.09312542,0.5447966,-0.22322693,-0.10883333,0.67427856,-0.5641201,-0.115428425,0.6026445,-0.7980098,-0.10328967,0.45256183,-0.55121994,-0.03500438,0.50913244,-0.7515514,-0.15126707,0.4395645,-0.51627743,-0.2046421,0.38679475,-0.36419502,-0.21981964,0.28460017,-0.62257355,-0.027556472,0.3434027,-0.8315406,-0.16353095,0.2894573,-0.50797653,-0.19162366,0.24667433,-0.37524325,-0.17490362,0.12465474,-0.6447863,-0.038807277,0.16138491,-0.82567805,-0.17610912,0.1439017,-0.51307726,-0.13305284,0.113216765,-0.39742857,-0.06796664,-0.047005016,-0.6491172,-0.056200895,0.0007837939,-0.7509834,-0.14251769,0.0065561114,-0.5266972,-0.10509007,-0.0076377275,-0.4471466,-0.05419948
A,Alejandro,Right,0.0,0.0,0.0,0.2503075,0.018834028,-0.09564061,0.5435177,-0.2585534,-0.11368851,0.6588787,-0.59614736,-0.12248608,0.5716687,-0.8204846,-0.114298,0.4285226,-0.60504025,-0.034312338,0.49068424,-0.7946278,-0.15778525,0.42525077,-0.5661352,-0.2221926,0.37358272,-0.40474713,-0.24146378,0.25301352,-0.665344,-0.024449492,0.31882086,-0.8605751,-0.16646366,0.26748997,-0.5566671,-0.20419593,0.22235426,-0.40472895,-0.19215134,0.08583926,-0.6779289,-0.033970233,0.1283952,-0.86425173,-0.16670518,0.11993437,-0.5694608,-0.1298754,0.094986126,-0.43083614,-0.069024466,-0.09297395,-0.6728387,-0.050210904,-0.030684773,-0.78712994,-0.1300086,-0.015822537,-0.5688943,-0.09217962,-0.025511462,-0.47188756,-0.04054169
A,Alejandro,Right,0.0,0.0,0.0,0.27163637,-0.013959346,-0.09177364,0.53034425,-0.24586953,-0.11498792,0.6475314,-0.5529991,-0.12753768,0.6101019,-0.79232293,-0.120009,0.4304554,-0.562507,-0.050993703,0.5101913,-0.7545515,-0.16298087,0.43930244,-0.5181163,-0.19811274,0.37660962,-0.38466498,-0.19890477,0.2743615,-0.63206846,-0.04575276,0.37382987,-0.8373326,-0.17648472,0.30277315,-0.53439283,-0.19421847,0.24097848,-0.4334588,-0.17054321,0.11235994,-0.6631136,-0.05796323,0.19554539,-0.82725775,-0.19678792,0.15555686,-0.52904457,-0.15102082,0.11099626,-0.45995927,-0.082464546,-0.067943916,-0.67552394,-0.07442827,0.029553508,-0.778418,-0.15800944,0.022150557,-0.56320775,-0.113071956,-0.017311445,-0.5163163,-0.057159565
A,Alejandro,Right,0.0,0.0,0.0,0.25827742,-0.006982539,-0.078431025,0.51725686,-0.27140778,-0.087727256,0.6290828,-0.56502503,-0.09173214,0.61397624,-0.7893245,-0.075024806,0.41828415,-0.5893035,-0.015074475,0.50656754,-0.7516896,-0.13326712,0.43929803,-0.5152416,-0.1769095,0.37787598,-0.39889017,-0.18327934,0.2686381,-0.64856464,-0.018465076,0.3820636,-0.81509006,-0.15101007,0.30931067,-0.5108623,-0.16761814,0.24563977,-0.44006044,-0.14336605,0.11186626,-0.6785895,-0.04408485,0.21961665,-0.8129965,-0.19189072,0.17110279,-0.5149414,-0.15105456,0.11504893,-0.47359735,-0.085574664,-0.06449297,-0.69415826,-0.073370315,0.06276683,-0.7620508,-0.16485146,0.041165628,-0.5412862,-0.12559973,-0.015302335,-0.5095741,-0.07404865
A,Alejandro,Right,0.0,0.0,0.0,0.2569902,-0.04158538,-0.081371695,0.49149773,-0.29539636,-0.10070461,0.5922455,-0.57797956,-0.114318915,0.5803932,-0.81433636,-0.107945204,0.38108,-0.6105991,-0.031557497,0.4816686,-0.790739,-0.14714597,0.42234784,-0.54819274,-0.18603267,0.34982708,-0.41288772,-0.18794215,0.23240821,-0.662577,-0.034961224,0.3587332,-0.84899,-0.16666643,0.29099563,-0.5392906,-0.18310294,0.21143718,-0.44427565,-0.15792125,0.074651584,-0.6808579,-0.058153402,0.19416101,-0.83168066,-0.19908166,0.15115458,-0.53314435,-0.15510136,0.082651906,-0.47648805,-0.0878877,-0.10465756,-0.67389387,-0.08518691,0.03117248,-0.7645949,-0.17250982,0.019372668,-0.5496717,-0.12826657,-0.045005426,-0.5107345,-0.07282235
A,Alejandro,Right,0.0,0.0,0.0,0.2646594,-0.036439892,-0.08239433,0.49413356,-0.3029035,-0.10004273,0.5976722,-0.5664861,-0.11552624,0.60468304,-0.79646623,-0.10849714,0.38942263,-0.6707162,-0.0028182357,0.5111867,-0.7964392,-0.12663259,0.45036295,-0.53973174,-0.17433247,0.36984977,-0.41258076,-0.18059188,0.24642365,-0.7259232,-0.006403046,0.39094946,-0.874042,-0.14317034,0.32462132,-0.5458528,-0.1594093,0.24206725,-0.45328376,-0.13140145,0.088299274,-0.75234884,-0.034487385,0.23725593,-0.86535764,-0.18585299,0.19103833,-0.54639906,-0.14617318,0.11038785,-0.48131388,-0.0773068,-0.08993859,-0.7500796,-0.067044,0.08359567,-0.8050086,-0.16053982,0.06257691,-0.58061016,-0.121196724,-0.018769883,-0.53719497,-0.06658908
A,Alejandro,Right,0.0,0.0,0.0,0.2585599,-0.04707914,-0.07706726,0.5146325,-0.31728277,-0.09364095,0.6564201,-0.5903767,-0.10328516,0.5968698,-0.80233806,-0.091317914,0.40921026,-0.65242195,-0.028246637,0.5165016,-0.8048892,-0.13146538,0.44974044,-0.54357404,-0.1685797,0.38647175,-0.47041133,-0.1794056,0.2599838,-0.70581216,-0.033781108,0.3732598,-0.87712127,-0.14657405,0.3137932,-0.5521623,-0.15358798,0.25321254,-0.51321185,-0.13122836,0.099136025,-0.7180666,-0.057690322,0.20252031,-0.85985786,-0.18244189,0.17264143,-0.54666775,-0.12728,0.11801355,-0.5191911,-0.062185258,-0.07762153,-0.7157058,-0.08641871,0.034554668,-0.7868126,-0.15966433,0.027866742,-0.56581825,-0.10645404,-0.025024917,-0.53689,-0.05028106
A,Alejandro,Right,0.0,0.0,0.0,0.24287085,-0.03362781,-0.0849219,0.51734483,-0.32063308,-0.10205054,0.64598256,-0.619222,-0.10795837,0.5699445,-0.82168317,-0.09175159,0.40820193,-0.61898637,-0.052207198,0.46987593,-0.8021311,-0.15024304,0.42272133,-0.54965293,-0.1863246,0.37793443,-0.46395475,-0.19874448,0.24098602,-0.67214054,-0.051113717,0.30778953,-0.85799026,-0.15953092,0.28107992,-0.5377683,-0.17209901,0.23686704,-0.4880775,-0.15932132,0.07659917,-0.67123336,-0.06574421,0.13570993,-0.8260745,-0.18248525,0.13858773,-0.5172423,-0.13039073,0.10233831,-0.47393563,-0.0732299,-0.09432096,-0.6530181,-0.08582666,-0.024066007,-0.7246865,-0.15475062,-0.010231493,-0.51540726,-0.10696724,-0.04192042,-0.48530373,-0.058716875
A,Alejandro,Right,0.0,0.0,0.0,0.22545028,-0.017622733,-0.078129135,0.5057876,-0.332845,-0.0885699,0.6400483,-0.641244,-0.09057839,0.5487984,-0.8359547,-0.07060808,0.40622374,-0.6756468,-0.03120775,0.4730057,-0.847249,-0.14061716,0.42142615,-0.5880511,-0.1871843,0.37157834,-0.4751309,-0.20232697,0.23030736,-0.71566427,-0.03525153,0.30270782,-0.89323354,-0.15606059,0.27147487,-0.55502635,-0.17214215,0.22813082,-0.47897375,-0.15445238,0.062309653,-0.70327324,-0.057220094,0.1197765,-0.8450629,-0.1855594,0.12059295,-0.5190706,-0.1304738,0.08732341,-0.45129701,-0.0648469,-0.109212644,-0.6755805,-0.084750324,-0.04070518,-0.74291456,-0.15929137,-0.02771727,-0.51296693,-0.1065936,-0.051270798,-0.467865,-0.05079422
A,Alejandro,Right,0.0,0.0,0.0,0.25815466,0.010212959,-0.09403204,0.5561964,-0.2788553,-0.11201121,0.6868079,-0.5915956,-0.116617434,0.606786,-0.79486525,-0.0988506,0.44660726,-0.6180797,-0.06077168,0.51517314,-0.78882813,-0.15765373,0.45579228,-0.5318493,-0.18810028,0.40056303,-0.44121692,-0.19674373,0.27500817,-0.6674096,-0.05604089,0.35964,-0.83299947,-0.16792649,0.31569296,-0.494812,-0.17701162,0.26337275,-0.4404614,-0.15803757,0.11019168,-0.66901535,-0.06784697,0.18404885,-0.7940075,-0.19466972,0.1728053,-0.47009474,-0.14469144,0.12886378,-0.4240976,-0.08414698,-0.060194805,-0.65191853,-0.08505347,0.02344038,-0.70360583,-0.16551599,0.028450616,-0.47701693,-0.12125137,-0.0077405847,-0.4441127,-0.071945325
A,Alejandro,Right,0.0,0.0,0.0,0.25117216,-0.0043294565,-0.09746869,0.5558977,-0.27444527,-0.11770789,0.6941954,-0.5855336,-0.12437872,0.60628694,-0.795246,-0.1072229,0.4371476,-0.63785565,-0.05433631,0.51369345,-0.8021976,-0.15606067,0.43577525,-0.52315944,-0.19167209,0.3859551,-0.44512117,-0.20563078,0.26489425,-0.6967833,-0.046910603,0.34336376,-0.8488822,-0.16429713,0.2860306,-0.49500942,-0.17490219,0.24247049,-0.45340064,-0.15777221,0.09535182,-0.69883734,-0.056881364,0.15898,-0.824812,-0.18282817,0.1393412,-0.49332523,-0.12534311,0.10495984,-0.45267522,-0.06220933,-0.080593675,-0.68483007,-0.07305785,-0.020924876,-0.73248416,-0.14879523,-0.010476319,-0.50179726,-0.10059718,-0.031687092,-0.47595224,-0.049812805
A,Alejandro,Right,0.0,0.0,0.0,0.2584608,0.07301747,-0.09796818,0.5847961,-0.2016158,-0.11003761,0.7325172,-0.53983176,-0.10824638,0.6615455,-0.74990505,-0.08316204,0.48229948,-0.55524343,-0.050915573,0.53952676,-0.7579804,-0.1632757,0.46319485,-0.48925638,-0.20709391,0.4154702,-0.3701104,-0.22071326,0.30416676,-0.6189085,-0.041641746,0.37878913,-0.81008947,-0.1669832,0.31832513,-0.45925584,-0.17956033,0.2769426,-0.38823292,-0.15794732,0.13766849,-0.63215715,-0.051732898,0.1894996,-0.7812918,-0.18300897,0.16667052,-0.4553301,-0.12517715,0.13570009,-0.39537215,-0.057456974,-0.037168887,-0.6362853,-0.06883838,0.011403153,-0.6960064,-0.14793123,0.013137247,-0.46056783,-0.10156575,-0.003009701,-0.42071384,-0.04993831
A,Alejandro,Right,0.0,0.0,0.0,0.2712365,0.075127475,-0.09736382,0.59746945,-0.1804598,-0.11180452,0.7580143,-0.50888914,-0.11385598,0.68379706,-0.72967225,-0.09705869,0.4959814,-0.55360144,-0.052130617,0.56002337,-0.74945503,-0.17211725,0.47551775,-0.48886743,-0.22165328,0.41598904,-0.35292974,-0.23481378,0.3173871,-0.6264731,-0.044965502,0.38908064,-0.8197666,-0.17527339,0.31569436,-0.47330987,-0.18946129,0.27085757,-0.36928964,-0.1660562,0.14492288,-0.6383955,-0.05749047,0.19112954,-0.7901014,-0.19358021,0.1581561,-0.46980515,-0.13689624,0.1276498,-0.38640395,-0.06601797,-0.036710907,-0.63500136,-0.0764908,0.0021038717,-0.7238613,-0.15827267,0.0011604055,-0.49406847,-0.109396234,-0.010482179,-0.43838128,-0.05329381
A,Alejandro,Right,0.0,0.0,0.0,0.27793568,0.09902423,-0.076512925,0.61833036,-0.20154385,-0.06609367,0.77677834,-0.5323971,-0.050343633,0.68610364,-0.72750384,-0.018366676,0.50281894,-0.5659022,-0.0027181972,0.5701311,-0.7601926,-0.10801033,0.5164713,-0.5127989,-0.16973042,0.4685785,-0.36133713,-0.19472054,0.3272138,-0.6211947,6.931811e-05,0.40050396,-0.81614023,-0.12553133,0.36268312,-0.49451903,-0.16322882,0.3159418,-0.35361868,-0.15682079,0.16119884,-0.6396663,-0.016600639,0.2199358,-0.81964755,-0.1485492,0.21034604,-0.49850863,-0.12065611,0.1780577,-0.35649258,-0.068797156,-0.013125015,-0.65574384,-0.039109375,0.05304951,-0.75450563,-0.12943442,0.051425386,-0.52414715,-0.10415574,0.035597004,-0.41594124,-0.06352762
A,Alejandro,Right,0.0,0.0,0.0,0.24044265,-0.15831794,-0.014449012,0.39275396,-0.46273246,-0.0011608917,0.4017229,-0.76360583,-0.0028244047,0.31619978,-0.9486926,-0.0019560726,0.306678,-0.7494821,0.10935141,0.2713198,-0.9623475,0.031383295,0.20572555,-0.79367715,-0.0461177,0.16198029,-0.58297867,-0.08253026,0.202124,-0.78859913,0.097389445,0.13682047,-0.9842034,0.006368541,0.09883294,-0.7414894,-0.057658296,0.09194803,-0.51027745,-0.07376813,0.11983349,-0.7979369,0.0698947,0.05235385,-0.979807,-0.026978705,0.038862325,-0.732826,-0.036019593,0.045506798,-0.5119034,-0.00907899,0.059509233,-0.77321947,0.041968856,0.008980064,-0.9519396,-0.029229285,-0.011207744,-0.74766046,-0.013557057,0.0017177868,-0.55380946,0.024266105
A,Alejandro,Right,0.0,0.0,0.0,0.26216277,0.04992548,-0.23637675,0.5233582,-0.18361312,-0.34001353,0.66320646,-0.4653559,-0.41055876,0.7404692,-0.6720903,-0.46094462,0.51687866,-0.64797187,-0.2184309,0.5654003,-0.786552,-0.4195435,0.46599123,-0.55483013,-0.5193309,0.41297674,-0.43250513,-0.5597139,0.31477082,-0.74727607,-0.1573792,0.3412125,-0.87690276,-0.35933995,0.26356983,-0.5850377,-0.40010244,0.2352534,-0.45421395,-0.38876006,0.12019255,-0.77935237,-0.13099913,0.13353123,-0.89202833,-0.31615445,0.08259057,-0.6328012,-0.28342667,0.061885916,-0.50486106,-0.22084698,-0.056470376,-0.76646036,-0.12228743,-0.058750886,-0.8563378,-0.23753114,-0.07332813,-0.6622403,-0.2128643,-0.06904208,-0.55801994,-0.16498634
A,Alejandro,Right,0.0,0.0,0.0,0.30986637,-0.03161106,-0.061400782,0.59381413,-0.25455284,-0.06739858,0.7329159,-0.52014196,-0.075373575,0.6994148,-0.714716,-0.063068025,0.4731567,-0.652804,0.0005768239,0.5944305,-0.8246978,-0.116603374,0.5142194,-0.5495329,-0.17210808,0.45275572,-0.4587262,-0.19102651,0.3165422,-0.7102563,-0.010786258,0.42723927,-0.88016343,-0.1350341,0.35739866,-0.5575919,-0.15597959,0.30394349,-0.5007448,-0.1425633,0.15012507,-0.7405418,-0.042110693,0.26185992,-0.90668935,-0.17049646,0.21599059,-0.5965273,-0.1196634,0.16344278,-0.5349366,-0.054826144,-0.039298866,-0.7652102,-0.07792887,0.07872545,-0.86719066,-0.1462976,0.06761437,-0.65064895,-0.09231891,0.021581594,-0.5904567,-0.0339649
A,Alejandro,Right,0.0,0.0,0.0,0.31395185,0.090059154,-0.059164934,0.6090585,-0.1157297,-0.055591643,0.750164,-0.41705677,-0.04991794,0.75026554,-0.6611366,-0.027033046,0.5002855,-0.5143039,-0.0043517416,0.6348389,-0.70568854,-0.10811729,0.5600321,-0.47745857,-0.143251,0.45881197,-0.3155167,-0.14003119,0.34733063,-0.62031955,-0.008641834,0.5127088,-0.8386006,-0.14130946,0.40924335,-0.5199672,-0.16921066,0.29565462,-0.37715286,-0.14716181,0.1861828,-0.6956247,-0.02808834,0.34881023,-0.8929122,-0.16757768,0.2624629,-0.5632613,-0.12348045,0.16122054,-0.45336798,-0.051366407,-0.0072066723,-0.7617502,-0.04896575,0.16854614,-0.87840074,-0.13520388,0.12532674,-0.6370647,-0.08817004,0.047653448,-0.5657318,-0.028530028
A,Alejandro,Right,0.0,0.0,0.0,0.329169,0.032855537,-0.07831127,0.60699105,-0.13521874,-0.09139472,0.74291587,-0.4105103,-0.103439905,0.74155325,-0.670894,-0.09892275,0.49224284,-0.5293458,-0.0017298467,0.6293044,-0.7326447,-0.121404186,0.55476904,-0.48540425,-0.16882657,0.45799476,-0.3244662,-0.17078298,0.354192,-0.6378923,-0.0032632817,0.5152697,-0.85250115,-0.14025794,0.40974876,-0.5442167,-0.17088215,0.30714852,-0.41398847,-0.15018034,0.19225177,-0.71770656,-0.02530858,0.35697973,-0.9110782,-0.17511572,0.261401,-0.59728914,-0.13316135,0.16835251,-0.49967584,-0.058390882,-0.008546723,-0.78575426,-0.05053209,0.16635954,-0.90671206,-0.14159574,0.12259547,-0.680177,-0.090540715,0.0449254,-0.6134673,-0.024438933
A,Alejandro,Right,0.0,0.0,0.0,0.3043032,0.12480285,-0.06726668,0.63131005,-0.085607715,-0.064154886,0.7840538,-0.38524455,-0.06335543,0.7641637,-0.6450224,-0.04882414,0.51989496,-0.53685766,0.024034878,0.6649988,-0.7234411,-0.11742889,0.594653,-0.48900568,-0.2085554,0.4800019,-0.28914267,-0.23687245,0.360261,-0.6576034,0.020627374,0.5209137,-0.8479054,-0.14008336,0.42179784,-0.5273214,-0.20543693,0.29058683,-0.33952194,-0.20488591,0.19332576,-0.7532865,-0.003941654,0.3588776,-0.93135804,-0.16405445,0.26683876,-0.5983976,-0.14490041,0.14802954,-0.43670338,-0.08391108,-0.0013971194,-0.8562265,-0.032205526,0.17612657,-0.95490414,-0.13706878,0.12315481,-0.7025549,-0.10408002,0.031532187,-0.58360475,-0.048516273
A,Alejandro,Right,0.0,0.0,0.0,0.3026879,0.004122468,-0.06573852,0.58646894,-0.1885155,-0.07218848,0.72851926,-0.4434012,-0.0806957,0.72797495,-0.68560374,-0.072438575,0.49030787,-0.5804779,0.015348783,0.6166112,-0.74736786,-0.11367375,0.53056216,-0.49703223,-0.17557004,0.44153866,-0.35082158,-0.18813172,0.344796,-0.66975397,0.006000857,0.48805434,-0.8580318,-0.12960336,0.38858822,-0.5496075,-0.15925914,0.3009599,-0.43399286,-0.14142619,0.17772561,-0.72849697,-0.025871908,0.31862313,-0.9041171,-0.17257918,0.2413711,-0.59302014,-0.13100013,0.1685826,-0.49466515,-0.06031776,-0.020494573,-0.76740265,-0.06099326,0.13389614,-0.88277763,-0.14648508,0.09409126,-0.64909923,-0.0963108,0.027551828,-0.5681139,-0.034196455
A,Alejandro,Right,0.0,0.0,0.0,0.2983561,-0.0176676,-0.0676062,0.56482047,-0.22633258,-0.07520279,0.7101006,-0.4792241,-0.08493923,0.70853,-0.70568067,-0.07376279,0.47158703,-0.5804544,0.023234185,0.5963615,-0.7512142,-0.102435425,0.5035687,-0.49337286,-0.15769917,0.425173,-0.37578645,-0.16834532,0.33334863,-0.65709424,0.015200839,0.46450895,-0.83888537,-0.11901121,0.37048805,-0.52631867,-0.14356343,0.30168653,-0.45261014,-0.123446524,0.1770296,-0.7073026,-0.017005548,0.3127715,-0.8708574,-0.16402307,0.23669806,-0.56450075,-0.12102182,0.17087762,-0.5055588,-0.05005425,-0.007052133,-0.74240947,-0.05315392,0.14130592,-0.840136,-0.13638301,0.1047948,-0.6188909,-0.08864825,0.0394773,-0.56396073,-0.029132316
A,Alejandro,Right,0.0,0.0,0.0,0.27994668,0.030273113,-0.08534881,0.56718653,-0.20999953,-0.09406424,0.71302575,-0.4910231,-0.09675174,0.69633955,-0.7177125,-0.07657124,0.47462285,-0.5773788,-0.014025424,0.59597045,-0.752712,-0.1394943,0.5022587,-0.48587748,-0.18916556,0.42895564,-0.35841823,-0.1969799,0.32434273,-0.6526669,-0.01255825,0.4626219,-0.8365611,-0.14989625,0.3646981,-0.5117195,-0.16800268,0.29377115,-0.42751983,-0.14150833,0.16237646,-0.69392747,-0.034650918,0.29267082,-0.84452856,-0.18245083,0.21996264,-0.53025043,-0.1362181,0.15775415,-0.47500837,-0.06420643,-0.018495351,-0.72097343,-0.06177121,0.121598125,-0.80270964,-0.14923061,0.08647279,-0.57631,-0.10441831,0.026884,-0.53395754,-0.04768344
A,Alejandro,Right,0.0,0.0,0.0,0.2751141,0.09318729,-0.08795512,0.588165,-0.20053056,-0.089971766,0.7162347,-0.5201589,-0.08259331,0.69644344,-0.7176117,-0.05313557,0.46837857,-0.5998364,-0.038353838,0.5873054,-0.7438047,-0.15138423,0.5243031,-0.46234694,-0.19119248,0.47352114,-0.36821273,-0.20248935,0.30600914,-0.659614,-0.037336104,0.44514513,-0.8095256,-0.16958259,0.38153028,-0.46101493,-0.18309975,0.3150115,-0.39827886,-0.16208357,0.13843068,-0.6967815,-0.057182338,0.27592787,-0.8212673,-0.2077643,0.2263933,-0.47708073,-0.15738958,0.15309149,-0.43109277,-0.09114826,-0.048724703,-0.73471266,-0.08156083,0.096892245,-0.7826159,-0.17886418,0.06518548,-0.53272647,-0.13658519,-0.0057781986,-0.4990077,-0.08631272
A,Alejandro,Right,0.0,0.0,0.0,0.28102872,0.03491534,-0.07151283,0.5352874,-0.25940323,-0.07591656,0.63520396,-0.5409833,-0.081571706,0.6660025,-0.7459495,-0.06417326,0.40455776,-0.6507322,0.014700605,0.54717165,-0.7693925,-0.103083104,0.50002545,-0.49221513,-0.14805934,0.42562053,-0.36468086,-0.15449794,0.26880172,-0.7068153,0.009643097,0.44159418,-0.8164655,-0.1274822,0.375774,-0.47791228,-0.14531715,0.28443855,-0.40171885,-0.119481415,0.11747995,-0.7464847,-0.020197064,0.3031165,-0.81953335,-0.17259929,0.2462634,-0.49487033,-0.13614051,0.14805342,-0.44843346,-0.071454786,-0.057924274,-0.77043825,-0.053771466,0.13981214,-0.7798206,-0.14922686,0.10713421,-0.55037224,-0.11667208,0.012892587,-0.52148134,-0.0695502
A,Alejandro,Right,0.0,0.0,0.0,0.25795987,-0.0823003,-0.051381283,0.47476768,-0.3204873,-0.06712218,0.58151466,-0.55340946,-0.09130587,0.62454844,-0.7809861,-0.09234043,0.37809598,-0.75207657,0.063526794,0.54168063,-0.78990906,-0.064379096,0.4688826,-0.5326533,-0.13285746,0.3830252,-0.40996638,-0.15387842,0.25855073,-0.810323,0.042115744,0.4537642,-0.85532355,-0.092564434,0.36647695,-0.544321,-0.12233593,0.27881947,-0.45842314,-0.10333441,0.12815018,-0.83747363,-0.005466484,0.33220598,-0.8301029,-0.1431963,0.253963,-0.54837114,-0.11502009,0.16193163,-0.5039771,-0.054926816,-0.0197807,-0.8256244,-0.05773927,0.18754551,-0.7983351,-0.12904496,0.14598353,-0.6006986,-0.09132743,0.055673942,-0.5757591,-0.039691754
A,Alejandro,Right,0.0,0.0,0.0,0.26013824,-0.08325928,-0.04230341,0.48403952,-0.33804837,-0.06214266,0.61232793,-0.55604434,-0.089513466,0.6581059,-0.75292534,-0.09645163,0.34714192,-0.8565705,0.041584328,0.5729515,-0.80269736,-0.07430153,0.49813542,-0.5341562,-0.14168797,0.4064923,-0.45525458,-0.17313828,0.22971226,-0.89931,0.014058305,0.49357924,-0.83943844,-0.10411208,0.41038704,-0.5377099,-0.12540424,0.32208186,-0.48390332,-0.111901835,0.110409684,-0.8956677,-0.034854643,0.37769538,-0.80299,-0.15967341,0.30356628,-0.5247187,-0.1286039,0.20877722,-0.49307248,-0.07646512,-0.012353968,-0.8438767,-0.08801266,0.2298478,-0.7677662,-0.1588318,0.19008423,-0.5633507,-0.123556666,0.09790221,-0.53034157,-0.077314794
A,Alejandro,Right,0.0,0.0,0.0,0.28413936,-0.08968342,-0.042271215,0.5076803,-0.32053775,-0.07057844,0.63681555,-0.5133457,-0.10752266,0.7025612,-0.7116234,-0.123379745,0.3327414,-0.9006929,0.042548854,0.60836875,-0.7944016,-0.08411331,0.5454809,-0.5223042,-0.16328336,0.44744465,-0.41021675,-0.19868687,0.22973923,-0.94888175,0.012955247,0.5560682,-0.8214839,-0.116021425,0.4810186,-0.50448436,-0.14365575,0.384629,-0.40223578,-0.12959054,0.1307217,-0.9363187,-0.038338345,0.4630496,-0.7876676,-0.16609524,0.3858971,-0.49737775,-0.13998137,0.27856517,-0.42394358,-0.086068995,0.033380512,-0.8654209,-0.09501447,0.30661452,-0.7563224,-0.16909264,0.26749957,-0.5532803,-0.14078906,0.17394836,-0.5029594,-0.09550605
A,Alejandro,Right,0.0,0.0,0.0,0.27996907,-0.103816286,-0.037070785,0.46337432,-0.35856685,-0.048046064,0.5601553,-0.58919597,-0.076303974,0.6139157,-0.7893716,-0.08405318,0.36174816,-0.7511303,0.09226393,0.55525625,-0.8114721,-0.023578197,0.48928696,-0.56652904,-0.08689486,0.39085928,-0.5028991,-0.1107972,0.26109964,-0.80080366,0.061064642,0.48879695,-0.8654321,-0.07077851,0.4124546,-0.57038945,-0.10548391,0.3036519,-0.5236772,-0.09329109,0.14541231,-0.83984536,0.0044553485,0.38752142,-0.8661787,-0.14066628,0.32007366,-0.5757761,-0.120704584,0.20217152,-0.5382627,-0.0649954,0.010158665,-0.854073,-0.054709744,0.25170442,-0.8454694,-0.13808654,0.22050741,-0.6350894,-0.105393566,0.11288775,-0.59899926,-0.055933386
A,Alejandro,Right,0.0,0.0,0.0,0.24268956,-0.05696997,-0.07822422,0.48115674,-0.2935755,-0.108202085,0.62928104,-0.55373293,-0.13779244,0.60137445,-0.7989673,-0.14536518,0.41818666,-0.6523114,0.006163422,0.5378042,-0.777463,-0.12779044,0.45635417,-0.520714,-0.19132425,0.3664256,-0.40833768,-0.20739993,0.28647795,-0.7224649,-0.0060219904,0.44007114,-0.87314767,-0.14661518,0.35375342,-0.55279577,-0.17497186,0.2678406,-0.481814,-0.15273693,0.13851674,-0.75258964,-0.041431498,0.28022972,-0.8646616,-0.19232182,0.22052003,-0.55807185,-0.15728542,0.14516754,-0.52008873,-0.08907046,-0.029239265,-0.7523459,-0.080925964,0.126156,-0.80299044,-0.16753131,0.10345631,-0.5862085,-0.1198944,0.032817505,-0.55167603,-0.057309896
A,Alejandro,Right,0.0,0.0,0.0,0.25069723,-0.05825112,-0.07818416,0.502179,-0.27787796,-0.10992661,0.6533848,-0.537099,-0.14127566,0.62171054,-0.7832471,-0.15155135,0.43170506,-0.6478752,0.00304771,0.5500525,-0.757776,-0.13543475,0.46580422,-0.4984338,-0.20473894,0.3744912,-0.3949729,-0.226114,0.3028632,-0.7174124,-0.010790168,0.4529788,-0.8571984,-0.15412237,0.36438096,-0.53441936,-0.18429512,0.2765078,-0.47107375,-0.16576973,0.15427384,-0.75047684,-0.048063852,0.29347274,-0.8600987,-0.20222639,0.23331098,-0.5513892,-0.16611753,0.15721144,-0.519859,-0.098775625,-0.020827742,-0.7574414,-0.08935651,0.1275448,-0.8005517,-0.17823121,0.10263593,-0.58353597,-0.13031776,0.030023048,-0.5565751,-0.06859666
A,Alejandro,Right,0.0,0.0,0.0,0.27037463,-0.04742833,-0.08162529,0.5413612,-0.2390522,-0.11427268,0.70271885,-0.49227688,-0.14813225,0.6628961,-0.7487114,-0.16270454,0.4538336,-0.6502824,0.0060654646,0.58283436,-0.78576535,-0.13613613,0.48311466,-0.50608283,-0.20632371,0.38530847,-0.37587154,-0.22426705,0.31498963,-0.71966535,-0.0028961767,0.46276718,-0.8454946,-0.150238,0.36028054,-0.51344675,-0.18465042,0.27301514,-0.4365662,-0.16875087,0.15144295,-0.7494001,-0.035678968,0.2884864,-0.8590817,-0.18935493,0.2185719,-0.544641,-0.14766102,0.1446775,-0.49303237,-0.07633329,-0.038321704,-0.76242834,-0.07273837,0.11046499,-0.8310224,-0.15720756,0.08379205,-0.60493326,-0.101810195,0.015215911,-0.56062394,-0.034186672
A,Alejandro,Right,0.0,0.0,0.0,0.26875553,-0.008042913,-0.07944532,0.55276704,-0.1915606,-0.11045677,0.73578876,-0.4465178,-0.13922434,0.70738256,-0.7068309,-0.15071554,0.49013913,-0.5092773,-0.008997961,0.617679,-0.6436265,-0.13976128,0.51025826,-0.4198837,-0.20454094,0.40611956,-0.32884824,-0.22387819,0.36146173,-0.6119431,-0.0188573,0.51592946,-0.7760026,-0.15461487,0.4029788,-0.4827325,-0.18394306,0.3102048,-0.4206262,-0.16732034,0.20915869,-0.6754371,-0.04959376,0.34411803,-0.8133606,-0.19446318,0.26223016,-0.5148638,-0.150203,0.18680476,-0.46740794,-0.08024212,0.02851667,-0.7225862,-0.084446356,0.16291797,-0.7930889,-0.167658,0.12662527,-0.57652557,-0.11433001,0.06253258,-0.5410478,-0.051275205
A,Alejandro,Right,0.0,0.0,0.0,0.29844305,0.011094792,-0.07594989,0.59743905,-0.19919331,-0.08843694,0.76129323,-0.47293627,-0.09890379,0.71020496,-0.7039949,-0.0918906,0.5113197,-0.5094625,0.01971936,0.6217468,-0.6576203,-0.10860043,0.51895916,-0.4216328,-0.17943633,0.41853392,-0.2818492,-0.19940127,0.38166046,-0.6005719,0.015905319,0.50562644,-0.77290475,-0.119400956,0.4052197,-0.48037615,-0.15949498,0.3231614,-0.3683821,-0.14681008,0.23258656,-0.65519094,-0.010344648,0.3356784,-0.80553883,-0.15095241,0.26422757,-0.51099133,-0.11839168,0.20162576,-0.42022634,-0.05353269,0.057189435,-0.6952178,-0.04114044,0.16416523,-0.7834114,-0.12103986,0.12723766,-0.56784296,-0.07577718,0.0782868,-0.49803922,-0.016309647
A,Alejandro,Left,0.0,0.0,0.0,-0.27642778,-0.015729278,-0.08136758,-0.5565374,-0.19648907,-0.10799346,-0.7289568,-0.4773629,-0.1394665,-0.69102746,-0.7228285,-0.14659981,-0.50991327,-0.5329412,0.04015077,-0.56402206,-0.7562049,-0.09004522,-0.46402866,-0.53783727,-0.15848474,-0.39371228,-0.366672,-0.18100792,-0.35621673,-0.62159985,0.03358499,-0.40423632,-0.82609564,-0.125907,-0.2962167,-0.52157617,-0.16679667,-0.25065723,-0.34428948,-0.14882472,-0.20480174,-0.6796271,0.0008891813,-0.23164408,-0.8602477,-0.15254827,-0.15690425,-0.55381054,-0.115236126,-0.13683291,-0.37618068,-0.04038142,-0.041675534,-0.7056177,-0.039512444,-0.060075156,-0.8701932,-0.1228461,-0.029706476,-0.65888125,-0.082466096,-0.04081329,-0.5224344,-0.023910033
A,Alejandro,Left,0.0,0.0,0.0,-0.25203776,0.027999667,-0.10547246,-0.5981581,-0.17943905,-0.13505766,-0.79306906,-0.47477686,-0.16874634,-0.73372173,-0.6794501,-0.18105422,-0.52847874,-0.62692493,0.04276937,-0.5782018,-0.8213464,-0.10874638,-0.50054216,-0.5751788,-0.20434186,-0.43872225,-0.3770954,-0.24208562,-0.3616161,-0.7217924,0.043915953,-0.3967359,-0.87730914,-0.1350589,-0.31766677,-0.5489735,-0.19241014,-0.27988333,-0.3444387,-0.18035367,-0.19969106,-0.77805024,0.012377192,-0.23104171,-0.911784,-0.15724593,-0.17642127,-0.5915901,-0.13124184,-0.1611912,-0.3943909,-0.060690515,-0.03758542,-0.8095595,-0.02937073,-0.0731661,-0.9363392,-0.12765446,-0.03919712,-0.6771175,-0.09318912,-0.035630528,-0.51125354,-0.03449564
A,Alejandro,Left,0.0,0.0,0.0,-0.269535,-0.012265926,-0.098530516,-0.55431616,-0.18015808,-0.14095159,-0.73104966,-0.4361457,-0.18309276,-0.72053224,-0.6934214,-0.20215048,-0.51544446,-0.532227,-0.011341956,-0.5805023,-0.7315814,-0.15951969,-0.46231672,-0.5064872,-0.23605068,-0.37590215,-0.34263074,-0.26212525,-0.35960132,-0.6242211,-0.017117392,-0.42553464,-0.82355773,-0.17729975,-0.30010486,-0.5122518,-0.20943934,-0.2387457,-0.355619,-0.18849559,-0.1986324,-0.6804232,-0.049581915,-0.2463596,-0.87051094,-0.2086461,-0.15639316,-0.5559816,-0.1640167,-0.12396222,-0.3944475,-0.08512926,-0.028442116,-0.6996126,-0.09006719,-0.07044789,-0.87606543,-0.17824921,-0.03222232,-0.65489626,-0.13133064,-0.030512998,-0.5162995,-0.06833296
A,Alejandro,Left,0.0,0.0,0.0,-0.2753899,-0.029680211,-0.08591773,-0.5523995,-0.19057839,-0.10786506,-0.7398731,-0.45335168,-0.13133425,-0.7167311,-0.69734967,-0.12517725,-0.52696824,-0.52265674,0.04211539,-0.6009871,-0.7351215,-0.07910797,-0.48613012,-0.51182115,-0.13369831,-0.40364805,-0.35328993,-0.14844997,-0.3783868,-0.6228865,0.042649686,-0.44716623,-0.8169555,-0.11021878,-0.32317504,-0.5087199,-0.139198,-0.26430964,-0.35692817,-0.114772275,-0.22686704,-0.6753788,0.016576057,-0.27227935,-0.857052,-0.13079275,-0.19018163,-0.5519834,-0.07902224,-0.15860803,-0.39447016,0.003754084,-0.05725977,-0.69353235,-0.017955026,-0.09787024,-0.8640608,-0.095299676,-0.067300074,-0.64878994,-0.047425833,-0.074715026,-0.52326894,0.0149829285
A,Alejandro,Left,0.0,0.0,0.0,-0.28044045,0.018234575,-0.09012187,-0.5738776,-0.12781356,-0.12637177,-0.7677702,-0.389625,-0.16543657,-0.7590699,-0.6510091,-0.18085949,-0.53919965,-0.478939,0.01750797,-0.62029034,-0.6984038,-0.12659624,-0.51019883,-0.47707367,-0.20236124,-0.42908448,-0.31317237,-0.22900885,-0.3851355,-0.5793504,0.010533516,-0.46138048,-0.78391445,-0.15147997,-0.3441404,-0.47557434,-0.18757375,-0.29010406,-0.31116727,-0.16883425,-0.23400037,-0.6490114,-0.024192205,-0.2903869,-0.8376496,-0.18349509,-0.20380153,-0.5235405,-0.14088528,-0.17015718,-0.35495934,-0.063513406,-0.0686533,-0.6874493,-0.06702234,-0.11634877,-0.84638226,-0.15722772,-0.07427631,-0.6181503,-0.11444369,-0.06698619,-0.47622117,-0.054329235
A,Alejandro,Left,0.0,0.0,0.0,-0.27528033,0.022906018,-0.11406169,-0.57053465,-0.13401619,-0.15030281,-0.7421883,-0.40045342,-0.1820056,-0.74230736,-0.6700595,-0.18917702,-0.5338377,-0.51296127,-0.005942481,-0.6026999,-0.68350756,-0.13850966,-0.4797142,-0.4447521,-0.19675265,-0.384198,-0.27425995,-0.20869085,-0.3714176,-0.6178792,0.003132246,-0.45189866,-0.79930615,-0.15447858,-0.3163619,-0.45057905,-0.17754713,-0.23089358,-0.2646145,-0.14173578,-0.20942628,-0.67669594,-0.015555617,-0.27056184,-0.83102643,-0.19059111,-0.17139995,-0.4817691,-0.14731006,-0.11159373,-0.29857442,-0.05715641,-0.034817893,-0.6929897,-0.04067596,-0.109002635,-0.85064286,-0.14741886,-0.052799102,-0.5980939,-0.1010871,-0.016745923,-0.44383708,-0.029209709
A,Alejandro,Left,0.0,0.0,0.0,-0.26775748,0.06319738,-0.12804723,-0.58670944,-0.06533914,-0.16702965,-0.8022782,-0.30817094,-0.20032944,-0.81060404,-0.58559465,-0.20526384,-0.5869045,-0.43853775,0.007648689,-0.6770669,-0.6162713,-0.124531634,-0.54348546,-0.39127412,-0.18837689,-0.44555092,-0.22745845,-0.20832582,-0.417978,-0.56734043,0.020266147,-0.5187575,-0.74680465,-0.1450276,-0.37007773,-0.41398668,-0.17722096,-0.28199834,-0.22697835,-0.14693384,-0.24780752,-0.6411099,0.002409977,-0.31449685,-0.79712546,-0.17642444,-0.20642279,-0.45837343,-0.13536872,-0.14557418,-0.2645181,-0.0467538,-0.066363834,-0.68176603,-0.023950253,-0.13735421,-0.80209225,-0.12948528,-0.079272926,-0.5544603,-0.08542143,-0.049886018,-0.3995779,-0.016743455
A,Alejandro,Left,0.0,0.0,0.0,-0.27456152,0.08668509,-0.077408455,-0.60339904,-0.0070775906,-0.10718562,-0.8184558,-0.19787697,-0.14180598,-0.89135826,-0.45329958,-0.15564062,-0.664706,-0.4280787,0.03216445,-0.77977395,-0.48518783,-0.103226274,-0.62335527,-0.28052312,-0.18013355,-0.48452216,-0.15270363,-0.2075049,-0.5219149,-0.56792665,0.021238755,-0.63314897,-0.5965241,-0.11953678,-0.4561627,-0.32806924,-0.14690068,-0.33429492,-0.19750947,-0.12428205,-0.36106434,-0.6748003,-0.017002022,-0.46337083,-0.6816793,-0.16172452,-0.31231347,-0.40436608,-0.11626249,-0.21613699,-0.27221277,-0.03917426,-0.18107522,-0.74586844,-0.06252409,-0.29644233,-0.7399607,-0.14543836,-0.20647267,-0.51937276,-0.09972979,-0.1428617,-0.4197324,-0.036615983
A,Alejandro,Left,0.0,0.0,0.0,-0.2546111,0.08950355,-0.07755045,-0.58830094,-0.008867741,-0.1022105,-0.8039221,-0.19274275,-0.12808588,-0.9024704,-0.43075186,-0.13208015,-0.6989223,-0.51505864,0.038741194,-0.7839808,-0.44691053,-0.087501444,-0.60747236,-0.24825044,-0.16903655,-0.46864796,-0.13739844,-0.20329092,-0.56247234,-0.66915673,0.027668014,-0.6458338,-0.5575448,-0.09032701,-0.4584746,-0.31195262,-0.11532512,-0.34183943,-0.2043414,-0.09873237,-0.39584458,-0.76694494,-0.010677322,-0.46836996,-0.6325633,-0.13720381,-0.316968,-0.38105705,-0.09538159,-0.23067239,-0.28129312,-0.0294542,-0.21093306,-0.8161131,-0.058270317,-0.2994581,-0.698093,-0.13283442,-0.210549,-0.4877294,-0.09209657,-0.14825727,-0.4122037,-0.03504857
A,Alejandro,Left,0.0,0.0,0.0,-0.25246596,0.1105542,-0.091311865,-0.59057945,0.01412956,-0.12320689,-0.81087905,-0.15150906,-0.15348002,-0.92715067,-0.37468874,-0.15944843,-0.700631,-0.5542159,0.028817287,-0.81110704,-0.40148616,-0.10158335,-0.64161766,-0.20630811,-0.18331753,-0.5076185,-0.10680289,-0.21673317,-0.5735883,-0.70533097,0.022764763,-0.6789634,-0.49849698,-0.10156169,-0.4904856,-0.25061178,-0.12871717,-0.37844145,-0.16152656,-0.11230555,-0.40901616,-0.78947985,-0.011785327,-0.50740296,-0.5769614,-0.14566234,-0.35039338,-0.3250043,-0.10360797,-0.26281613,-0.25044268,-0.035331927,-0.22520193,-0.8221302,-0.05692372,-0.32489014,-0.6514534,-0.13809766,-0.23933166,-0.4422766,-0.100703225,-0.18179858,-0.38310954,-0.0435459
A,Alejandro,Left,0.0,0.0,0.0,-0.26899895,0.124441326,-0.072085746,-0.6049038,0.04734437,-0.09533974,-0.81250715,-0.10781543,-0.12247092,-0.95477617,-0.29732546,-0.12964803,-0.69675076,-0.5538074,0.043994628,-0.81757206,-0.35454425,-0.07959949,-0.6703244,-0.16000439,-0.1664322,-0.5375969,-0.07416128,-0.20574635,-0.57347333,-0.68205076,0.030043643,-0.6917538,-0.4404855,-0.08520739,-0.5344883,-0.20247519,-0.11764805,-0.41984788,-0.115226716,-0.110730164,-0.42076173,-0.74602324,-0.010411228,-0.53919667,-0.507827,-0.13133813,-0.40669662,-0.2758799,-0.099212565,-0.3095832,-0.20451106,-0.04409482,-0.2509492,-0.75827366,-0.060677208,-0.36650166,-0.5770139,-0.13632753,-0.29467708,-0.39266098,-0.10697312,-0.22693186,-0.33758906,-0.058324676
A,Alejandro,Left,0.0,0.0,0.0,-0.27564967,0.13737418,-0.05568988,-0.61819845,0.12534687,-0.08377481,-0.8545579,-0.0025985858,-0.12713118,-0.9702686,-0.24203068,-0.15186113,-0.73256,-0.27880457,0.0764003,-0.88374436,-0.30461577,-0.057667345,-0.71490484,-0.12357894,-0.14021394,-0.560437,-0.0057713496,-0.17040117,-0.6354725,-0.42825177,0.05193483,-0.7920032,-0.43584314,-0.09274526,-0.58345467,-0.20136735,-0.13005298,-0.43527496,-0.08463282,-0.10950021,-0.5124916,-0.5600872,-0.0003812617,-0.6667447,-0.54269975,-0.14633095,-0.46897012,-0.30033228,-0.1072082,-0.33285224,-0.18802597,-0.029723141,-0.36001086,-0.67344457,-0.05874169,-0.51869375,-0.63521326,-0.1392421,-0.40031767,-0.44509512,-0.09304046,-0.30487722,-0.36218554,-0.02725404
A,Alejandro,Left,0.0,0.0,0.0,-0.27858058,0.1318932,-0.04655904,-0.6152709,0.10381312,-0.069805734,-0.8630389,-0.036290392,-0.111101694,-0.9549619,-0.29672846,-0.13145055,-0.71387863,-0.27292886,0.089647554,-0.87131196,-0.361914,-0.049997855,-0.7119011,-0.1683123,-0.12869637,-0.58317554,-0.0757851,-0.15588938,-0.6142287,-0.41667023,0.059756402,-0.777374,-0.4826618,-0.08580279,-0.58859015,-0.250403,-0.114732824,-0.46671355,-0.17859961,-0.087678865,-0.4888014,-0.5498267,0.0011557193,-0.64911205,-0.5675236,-0.13723144,-0.47029492,-0.33724633,-0.08515041,-0.35408372,-0.27234164,-0.0022841373,-0.33341956,-0.66544825,-0.064696305,-0.49674118,-0.64564055,-0.13131441,-0.38232908,-0.46761835,-0.076216765,-0.28620738,-0.4211703,-0.007072774
A,Alejandro,Left,0.0,0.0,0.0,-0.2846972,0.0914258,-0.04545855,-0.60436755,0.022295065,-0.06552704,-0.8177216,-0.12193108,-0.10236256,-0.94801307,-0.31823146,-0.123276934,-0.69440967,-0.36421522,0.076760024,-0.835106,-0.42497432,-0.054262057,-0.67500424,-0.2317696,-0.13735,-0.5232223,-0.10564904,-0.16601734,-0.57789814,-0.49228188,0.049035456,-0.72962093,-0.56055677,-0.086596906,-0.55049586,-0.31568938,-0.12591073,-0.40450838,-0.17964487,-0.107661955,-0.43998712,-0.60435605,-0.004465837,-0.5792321,-0.6429017,-0.13244925,-0.42273042,-0.39480138,-0.09786171,-0.2982044,-0.26681936,-0.028304933,-0.276487,-0.6975224,-0.06407706,-0.43292916,-0.726278,-0.13194591,-0.3423914,-0.5339751,-0.08645027,-0.25063723,-0.434273,-0.023488028
A,Alejandro,Left,0.0,0.0,0.0,-0.30104536,0.017371366,-0.032893177,-0.5942138,-0.12824513,-0.05326482,-0.7729056,-0.33996463,-0.093064465,-0.8152988,-0.57904047,-0.11908931,-0.59228504,-0.50928724,0.06365086,-0.70435053,-0.64755595,-0.073301144,-0.60255307,-0.44141856,-0.16369791,-0.49673074,-0.27527368,-0.19789383,-0.4575511,-0.6178121,0.025886346,-0.58080983,-0.7815409,-0.10825611,-0.47147498,-0.50709045,-0.14683317,-0.36878914,-0.32347563,-0.13031127,-0.30136153,-0.6987711,-0.035253692,-0.41360572,-0.82440823,-0.1562553,-0.3250567,-0.54415804,-0.117859244,-0.24181218,-0.36798698,-0.04997132,-0.12381609,-0.7442032,-0.10209292,-0.24547398,-0.87369263,-0.1566522,-0.2126738,-0.6546158,-0.101808995,-0.16226609,-0.50145024,-0.037248187
A,Alejandro,Left,0.0,0.0,0.0,-0.2783631,0.022260195,-0.06648569,-0.5594586,-0.13655412,-0.099445626,-0.7220252,-0.38335228,-0.1433692,-0.77013254,-0.63788384,-0.16974585,-0.5610727,-0.47490743,0.027012022,-0.6863189,-0.6547485,-0.110773854,-0.5637315,-0.4407672,-0.19119011,-0.44629315,-0.2718429,-0.21937992,-0.4247367,-0.57377267,0.008168664,-0.54541665,-0.7432827,-0.13603243,-0.41981405,-0.45759326,-0.17037414,-0.3177972,-0.28122756,-0.15094438,-0.27868068,-0.644098,-0.03626359,-0.40514618,-0.80383146,-0.17481272,-0.29886502,-0.5065594,-0.13184166,-0.2086489,-0.32383472,-0.056771155,-0.1173448,-0.6894758,-0.087929234,-0.2478485,-0.80754685,-0.16792873,-0.1959179,-0.5945004,-0.121581644,-0.13299818,-0.4557659,-0.058180362
A,Alejandro,Left,0.0,0.0,0.0,-0.2787774,0.02613479,-0.0616018,-0.5727351,-0.11322866,-0.091143884,-0.7554896,-0.34685734,-0.13331029,-0.7888182,-0.61462665,-0.15867476,-0.55883557,-0.45883295,0.04366094,-0.68317735,-0.6358288,-0.086120315,-0.5663236,-0.41963467,-0.16393243,-0.45350674,-0.25502685,-0.19234869,-0.4270734,-0.56120354,0.02394167,-0.5579572,-0.73144954,-0.11421291,-0.4304583,-0.4514184,-0.14769638,-0.3223299,-0.27903435,-0.12719981,-0.28387144,-0.6352526,-0.021132769,-0.41791004,-0.7900386,-0.15279739,-0.3085421,-0.49872062,-0.109407865,-0.21476932,-0.32160133,-0.033917714,-0.12264701,-0.6834806,-0.0731929,-0.25634044,-0.80090696,-0.14412023,-0.20585364,-0.5912937,-0.09528264,-0.14555694,-0.45587677,-0.0315946
A,Alejandro,Left,0.0,0.0,0.0,-0.27306512,0.022489294,-0.0587147,-0.5602934,-0.12708437,-0.087378055,-0.73840964,-0.35323656,-0.12800236,-0.79084367,-0.6120182,-0.15156327,-0.55655694,-0.45954883,0.03830043,-0.68222356,-0.63678473,-0.09055345,-0.5641549,-0.43213537,-0.16518824,-0.44702843,-0.27553806,-0.18994373,-0.42577446,-0.5687312,0.018920137,-0.55649465,-0.74267894,-0.113880225,-0.4269755,-0.47686285,-0.14562015,-0.31336683,-0.3143654,-0.12446384,-0.28055567,-0.64979905,-0.0245354,-0.41005418,-0.79767627,-0.15051822,-0.2995278,-0.5190293,-0.10933286,-0.20259914,-0.35511974,-0.036526863,-0.11566823,-0.70741355,-0.07447078,-0.2505669,-0.8263811,-0.13964377,-0.20479171,-0.62583077,-0.09236019,-0.14267166,-0.5001077,-0.030722676
A,Alejandro,Left,0.0,0.0,0.0,-0.27938932,0.028816244,-0.05769455,-0.5754231,-0.10881677,-0.08348678,-0.7547568,-0.33528504,-0.12309379,-0.80115026,-0.5984633,-0.14636792,-0.5708777,-0.45500267,0.053501014,-0.69181305,-0.62076074,-0.07647315,-0.5750703,-0.42477393,-0.1545953,-0.46188322,-0.2681674,-0.18126316,-0.4417088,-0.5630029,0.034296393,-0.563634,-0.72195286,-0.10386769,-0.4291348,-0.45891982,-0.14144404,-0.31750345,-0.2965602,-0.12303341,-0.29747954,-0.64767826,-0.010161554,-0.42305136,-0.7925762,-0.14223476,-0.3064546,-0.51403654,-0.106222816,-0.2085112,-0.3457687,-0.03474714,-0.13192023,-0.7131838,-0.061155114,-0.2630421,-0.82978165,-0.13151051,-0.21363361,-0.62929666,-0.088861294,-0.15377462,-0.5005688,-0.029059825
A,Alejandro,Left,0.0,0.0,0.0,-0.28760672,0.02892379,-0.05964,-0.5847064,-0.0914113,-0.09331226,-0.7789509,-0.3013124,-0.13993698,-0.8271304,-0.56201005,-0.1692102,-0.5990838,-0.44349462,0.04000108,-0.7241251,-0.62536186,-0.09878007,-0.5999358,-0.42695487,-0.1839775,-0.4819518,-0.26711142,-0.21495643,-0.46142885,-0.5602723,0.018492348,-0.58722645,-0.7338877,-0.12152441,-0.44818845,-0.46934676,-0.15952682,-0.33895922,-0.30779544,-0.14327352,-0.31034037,-0.6523372,-0.027904874,-0.43973815,-0.81067216,-0.15830377,-0.32303354,-0.53238463,-0.11765203,-0.22953282,-0.36433867,-0.045624055,-0.14109789,-0.71960884,-0.0812907,-0.26802656,-0.84339446,-0.14891496,-0.2164849,-0.63791305,-0.10083691,-0.15997326,-0.50540227,-0.03855446
A,Alejandro,Left,0.0,0.0,0.0,-0.28627923,0.03149434,-0.06302804,-0.5864742,-0.095265195,-0.09565866,-0.7782487,-0.30319193,-0.14140204,-0.82536364,-0.56460154,-0.17005378,-0.5929532,-0.43163162,0.04624548,-0.7178493,-0.6087336,-0.09255182,-0.5935127,-0.42389208,-0.1773602,-0.4773255,-0.2689086,-0.20736977,-0.45948943,-0.54993916,0.025877126,-0.58729404,-0.72846794,-0.11900543,-0.44381458,-0.46809036,-0.16035269,-0.33178803,-0.3058877,-0.14327376,-0.31056893,-0.6458259,-0.020154318,-0.43594947,-0.8100875,-0.15786771,-0.3176097,-0.52790004,-0.12158861,-0.22578193,-0.35491642,-0.048527367,-0.14261222,-0.719847,-0.07294294,-0.2649599,-0.84949446,-0.14348042,-0.21565709,-0.6436262,-0.09703409,-0.16380005,-0.5071354,-0.034296658
A,Alejandro,Left,0.0,0.0,0.0,-0.28282925,0.034407027,-0.06638025,-0.5901122,-0.085733116,-0.10277139,-0.7920918,-0.29185852,-0.15150696,-0.82594365,-0.5637527,-0.18296051,-0.58788157,-0.44838643,0.042348865,-0.71061844,-0.6285909,-0.101221666,-0.59463763,-0.4414302,-0.19411641,-0.47705674,-0.2720521,-0.22976878,-0.4544245,-0.5670513,0.024480088,-0.58357686,-0.74719226,-0.122238755,-0.4480092,-0.48691955,-0.16790451,-0.3380663,-0.30442047,-0.15462005,-0.3053957,-0.65951073,-0.019123046,-0.43447405,-0.82318956,-0.15330063,-0.32348952,-0.54894733,-0.11921294,-0.2341937,-0.36578792,-0.04933019,-0.13607436,-0.7301208,-0.0701911,-0.26342356,-0.86326075,-0.13767697,-0.21918492,-0.6684375,-0.09321959,-0.16971162,-0.5316458,-0.03321717
A,Alejandro,Left,0.0,0.0,0.0,-0.2980032,0.025264272,-0.05262818,-0.6000462,-0.080677286,-0.08038384,-0.7982569,-0.28391513,-0.124644816,-0.8417882,-0.539808,-0.15279752,-0.6068605,-0.42890245,0.06336253,-0.7389324,-0.61298317,-0.072931804,-0.6147066,-0.44934073,-0.15971766,-0.49682865,-0.2970292,-0.19225605,-0.471819,-0.5518275,0.037916347,-0.60274535,-0.7326429,-0.10639292,-0.45471632,-0.47306678,-0.15142077,-0.34537157,-0.30449018,-0.13754804,-0.3204605,-0.6479698,-0.012695011,-0.44387302,-0.8241113,-0.15284859,-0.32497752,-0.53805584,-0.11848587,-0.23637834,-0.35525852,-0.045654867,-0.14981744,-0.7139738,-0.06874405,-0.27249768,-0.8582432,-0.1398135,-0.22428389,-0.6544809,-0.091460936,-0.17436005,-0.51423687,-0.027105253
A,Alejandro,Left,0.0,0.0,0.0,-0.30452704,0.081507705,-0.036750603,-0.6249331,-0.0037864726,-0.054577917,-0.8267301,-0.21217033,-0.09079603,-0.89076066,-0.4544727,-0.11159685,-0.654276,-0.37837717,0.06364942,-0.79754055,-0.5413452,-0.060399186,-0.6588048,-0.3551786,-0.13964598,-0.52504015,-0.19840157,-0.1694664,-0.526307,-0.51622725,0.032142103,-0.674193,-0.6738143,-0.09665513,-0.51225775,-0.4245177,-0.1331574,-0.38160336,-0.25589913,-0.11754207,-0.38180178,-0.6316921,-0.021745486,-0.53211784,-0.772511,-0.13959733,-0.39574304,-0.5136247,-0.09809804,-0.282968,-0.33956,-0.029110095,-0.21569727,-0.72048306,-0.081408925,-0.3668812,-0.83233446,-0.14098704,-0.3008924,-0.6405653,-0.08960986,-0.22646928,-0.5068233,-0.02705448
A,Alejandro,Left,0.0,0.0,0.0,-0.3037125,0.08556093,-0.04821692,-0.62452483,-0.0071833874,-0.06793881,-0.8216099,-0.21731493,-0.10661644,-0.8861048,-0.46348488,-0.13025665,-0.65091676,-0.36328277,0.07984648,-0.7881787,-0.5369197,-0.05074891,-0.65339255,-0.3714054,-0.13668908,-0.52262986,-0.2166667,-0.1674495,-0.5292286,-0.5011684,0.054495815,-0.66825646,-0.6678935,-0.089361385,-0.5010241,-0.42278296,-0.1370456,-0.3680935,-0.24897332,-0.12294172,-0.39043123,-0.62113994,0.0037371872,-0.5391425,-0.782261,-0.13380493,-0.38895574,-0.512055,-0.100982286,-0.2647315,-0.3273649,-0.028686365,-0.22970825,-0.7190215,-0.05289316,-0.37463167,-0.8506163,-0.13068767,-0.29808754,-0.6487667,-0.08682475,-0.21527334,-0.50199825,-0.022886466
A,Alejandro,Left,0.0,0.0,0.0,-0.31205007,0.07262152,-0.038262125,-0.6275477,-0.03909114,-0.056806933,-0.80930465,-0.24162999,-0.09572338,-0.8853793,-0.46486932,-0.12008987,-0.6547295,-0.40776885,0.06635047,-0.79726285,-0.52969724,-0.076407865,-0.64735496,-0.34357455,-0.16600625,-0.50687593,-0.21118292,-0.19772524,-0.5243516,-0.5425605,0.029283857,-0.67104113,-0.68423676,-0.11337125,-0.5080967,-0.43266615,-0.15158343,-0.38039213,-0.28750315,-0.13371862,-0.37438324,-0.65868115,-0.03308424,-0.52251065,-0.7873571,-0.16735287,-0.38113716,-0.51598334,-0.124299884,-0.2713982,-0.35921407,-0.049422633,-0.2006569,-0.7473652,-0.101348765,-0.35031804,-0.8657205,-0.16975038,-0.2803208,-0.65212023,-0.114222474,-0.20579456,-0.51160574,-0.04556134
A,Alejandro,Left,0.0,0.0,0.0,-0.28916666,0.05884812,-0.05689006,-0.5980493,-0.03368061,-0.083703004,-0.7986822,-0.24086046,-0.1252279,-0.8712,-0.49092823,-0.1498486,-0.61472815,-0.392855,0.055868004,-0.7565273,-0.5305262,-0.079189554,-0.6185535,-0.32928544,-0.16154084,-0.48419964,-0.19121896,-0.19261043,-0.49735418,-0.5146979,0.03131184,-0.6582872,-0.6589727,-0.110906206,-0.5024441,-0.39752474,-0.14622046,-0.37302068,-0.24930194,-0.12692265,-0.36389944,-0.6193743,-0.019727232,-0.52699697,-0.7563974,-0.15885095,-0.3918188,-0.4801302,-0.11552949,-0.2746259,-0.31738976,-0.038395956,-0.20778322,-0.70211613,-0.07797372,-0.36971587,-0.80634713,-0.15695141,-0.30023122,-0.6003925,-0.109290764,-0.21689138,-0.4639185,-0.044706695
A,Alejandro,Left,0.0,0.0,0.0,-0.27200395,0.08758347,-0.051166225,-0.59421784,-0.008763509,-0.07160866,-0.7941043,-0.19193281,-0.10786671,-0.91783106,-0.3969713,-0.12833144,-0.6492299,-0.4328,0.058911007,-0.7999834,-0.5350588,-0.06792606,-0.6715597,-0.31728035,-0.15321769,-0.53558654,-0.16722442,-0.18824077,-0.5277878,-0.56060034,0.030749999,-0.6914856,-0.6585884,-0.10109898,-0.5589616,-0.39238998,-0.1448158,-0.4255432,-0.23176913,-0.13488731,-0.38428977,-0.66539824,-0.022363514,-0.5468535,-0.7257364,-0.14410944,-0.43461305,-0.46844757,-0.11720648,-0.3158299,-0.32077473,-0.059412185,-0.21712008,-0.74593145,-0.08265738,-0.38522518,-0.78704506,-0.14986326,-0.33537555,-0.5963147,-0.11249075,-0.24887988,-0.48069012,-0.059221968
A,Alejandro,Left,0.0,0.0,0.0,-0.3007297,0.078366034,-0.047672275,-0.60409063,-0.016958205,-0.07459545,-0.8037891,-0.14905368,-0.112499215,-0.95297784,-0.30303997,-0.13083912,-0.66695356,-0.59537274,0.060452808,-0.85117704,-0.3447525,-0.07925485,-0.6932339,-0.11909162,-0.16767605,-0.5551363,-0.04743791,-0.20351431,-0.55827916,-0.71835345,0.02930154,-0.7491788,-0.4125621,-0.10546795,-0.57137305,-0.13532054,-0.13731077,-0.45283443,-0.08580588,-0.123488374,-0.41986534,-0.7736803,-0.027552329,-0.6045436,-0.46778834,-0.17556334,-0.43915147,-0.19502464,-0.13486539,-0.32669824,-0.14770505,-0.06280327,-0.27015328,-0.7657393,-0.09107255,-0.44384855,-0.5222923,-0.18731433,-0.3546676,-0.317187,-0.151678,-0.26807094,-0.2866053,-0.09023431
A,Alejandro,Left,0.0,0.0,0.0,-0.28618088,0.04563188,-0.034514163,-0.5735937,-0.07754107,-0.049742956,-0.7592885,-0.25459334,-0.084849924,-0.8935158,-0.4490317,-0.10534693,-0.6213077,-0.45816654,0.08598056,-0.77612674,-0.519834,-0.041138902,-0.66411996,-0.3206525,-0.12369973,-0.5395434,-0.18300892,-0.15402447,-0.51033473,-0.5706351,0.053170122,-0.6698089,-0.6132107,-0.077200495,-0.5385559,-0.36381444,-0.11939798,-0.41597855,-0.23065244,-0.10766803,-0.37761965,-0.6647798,-0.004324435,-0.5312334,-0.6518354,-0.1300092,-0.4027125,-0.41077876,-0.102151915,-0.2838026,-0.30036172,-0.04013443,-0.22015691,-0.73635685,-0.067409135,-0.38550726,-0.7181785,-0.13361424,-0.31695288,-0.5462553,-0.0933977,-0.22596446,-0.47502807,-0.03605746
A,Alejandro,Left,0.0,0.0,0.0,-0.26046807,0.037952606,-0.043244503,-0.55087656,-0.13812123,-0.056444574,-0.7143201,-0.35805508,-0.08251566,-0.83546305,-0.54954666,-0.09411205,-0.56356394,-0.5896901,0.058765784,-0.7101156,-0.6098778,-0.06570974,-0.5989581,-0.37220836,-0.14385548,-0.4821148,-0.21007267,-0.17322685,-0.43660423,-0.6851165,0.03114686,-0.59388304,-0.689536,-0.09517421,-0.45872784,-0.39907178,-0.123927034,-0.34638882,-0.25010872,-0.106015906,-0.29093486,-0.7494667,-0.020887375,-0.4480086,-0.73164433,-0.15257406,-0.32345834,-0.43660456,-0.112180404,-0.2253365,-0.3026336,-0.043447286,-0.12616868,-0.7852871,-0.07832107,-0.28211486,-0.7656223,-0.15556908,-0.21523264,-0.54512465,-0.11263294,-0.14332077,-0.45635405,-0.054007452
A,Alejandro,Left,0.0,0.0,0.0,-0.2535451,0.020309363,-0.046440154,-0.5408188,-0.15965635,-0.06261529,-0.70973414,-0.38380092,-0.09234145,-0.7892831,-0.61402947,-0.1071493,-0.5446239,-0.5594157,0.055013373,-0.67993087,-0.63882065,-0.07598945,-0.57223856,-0.41241097,-0.15162382,-0.46001986,-0.25689483,-0.17556894,-0.4042784,-0.64740074,0.028676197,-0.55508256,-0.73037684,-0.10758864,-0.44576344,-0.43926966,-0.1395086,-0.3459783,-0.28060108,-0.1168582,-0.2475463,-0.7067827,-0.022275746,-0.3907656,-0.7466297,-0.16273285,-0.2931706,-0.4463285,-0.12810914,-0.21006846,-0.3012498,-0.056041997,-0.07313219,-0.7402477,-0.07738068,-0.22519056,-0.7738554,-0.1541506,-0.17857039,-0.5505876,-0.11081577,-0.11689758,-0.44088602,-0.048999216
A,Alejandro,Left,0.0,0.0,0.0,-0.29132658,0.049061533,-0.0154865505,-0.58029485,-0.08765064,-0.02384352,-0.75645995,-0.2996661,-0.057030246,-0.8536541,-0.52084035,-0.07929637,-0.5972459,-0.49541807,0.09882694,-0.7542254,-0.5719052,-0.03190117,-0.65111065,-0.34868386,-0.11387376,-0.52691644,-0.18616329,-0.14141169,-0.48284942,-0.5983796,0.056408104,-0.661731,-0.6688122,-0.08064764,-0.53859746,-0.3887854,-0.12225897,-0.41505575,-0.23545729,-0.10637588,-0.34756732,-0.69102764,-0.010127249,-0.525159,-0.713362,-0.14373654,-0.4007837,-0.4325029,-0.11504882,-0.28375864,-0.30075178,-0.04856208,-0.18462014,-0.7685765,-0.07969182,-0.3793945,-0.77128667,-0.14984402,-0.31441128,-0.56608105,-0.10840319,-0.22411267,-0.47983542,-0.049050774
A,Alejandro,Left,0.0,0.0,0.0,-0.2854618,0.015105987,-0.026003359,-0.56486684,-0.12946294,-0.041320894,-0.73481494,-0.33453014,-0.08075669,-0.8229743,-0.56807864,-0.107004195,-0.5777676,-0.54965276,0.09148204,-0.7330271,-0.6604131,-0.03981854,-0.6324463,-0.42124438,-0.12488712,-0.51745766,-0.25458935,-0.15614778,-0.4629113,-0.64007473,0.05334235,-0.6393131,-0.74365634,-0.08529563,-0.52145433,-0.44016698,-0.12900667,-0.39483836,-0.2736081,-0.113786474,-0.3290898,-0.7191311,-0.009279996,-0.51819587,-0.7883883,-0.1418156,-0.40140092,-0.48692983,-0.110306196,-0.27452165,-0.3325195,-0.04094368,-0.1663204,-0.77838933,-0.07663363,-0.35950476,-0.83884764,-0.15000528,-0.30931127,-0.63246286,-0.10853835,-0.21684922,-0.51919264,-0.047179084
A,Alejandro,Left,0.0,0.0,0.0,-0.27954587,-0.0005555053,-0.018560996,-0.554165,-0.17773463,-0.028108902,-0.70408535,-0.41088167,-0.06033421,-0.76809883,-0.6403313,-0.08121398,-0.5375802,-0.5358018,0.07803263,-0.6675153,-0.6925181,-0.042973686,-0.57913977,-0.46467364,-0.12012322,-0.4814293,-0.29129797,-0.14878364,-0.41580132,-0.6211551,0.03772024,-0.55931574,-0.77893746,-0.08779096,-0.46202102,-0.49512342,-0.12693608,-0.3644031,-0.31835788,-0.113867745,-0.27572408,-0.6933926,-0.023341667,-0.43457556,-0.8150178,-0.13885903,-0.33989933,-0.53199905,-0.10458412,-0.24368778,-0.3695444,-0.041315675,-0.112643264,-0.74571407,-0.088523045,-0.27664906,-0.8408889,-0.14836353,-0.23473072,-0.65703964,-0.10318888,-0.16049206,-0.5506392,-0.04515498
A,Alejandro,Left,0.0,0.0,0.0,-0.2551196,-0.048222132,-0.027800677,-0.50392216,-0.25476313,-0.04162502,-0.64766717,-0.48881125,-0.07414003,-0.68401027,-0.7294724,-0.09427123,-0.46940255,-0.60817254,0.07631659,-0.5796978,-0.73511547,-0.04061202,-0.50226593,-0.5140692,-0.115860835,-0.41344985,-0.3545161,-0.14455195,-0.3460351,-0.6739875,0.045016773,-0.46847382,-0.7968465,-0.07228514,-0.3824743,-0.5196852,-0.10604311,-0.29454333,-0.3557847,-0.09343346,-0.20548023,-0.72456604,-0.008046742,-0.34741628,-0.8302946,-0.11886719,-0.26902345,-0.55025417,-0.08188767,-0.18419325,-0.391969,-0.019514501,-0.04152194,-0.75521827,-0.06620306,-0.19607915,-0.85470253,-0.12395792,-0.16627365,-0.6628805,-0.079624996,-0.10074128,-0.54955816,-0.023410577
A,Alejandro,Left,0.0,0.0,0.0,-0.24812627,-0.059656486,-0.032526787,-0.4939088,-0.27809194,-0.04925707,-0.62692076,-0.5220106,-0.08492526,-0.63918895,-0.76904976,-0.108715475,-0.42765805,-0.6271824,0.072533906,-0.5249906,-0.7981799,-0.047159653,-0.47157344,-0.57152677,-0.12053692,-0.40625337,-0.38837144,-0.14632131,-0.3009998,-0.68231446,0.041624602,-0.4158161,-0.85951144,-0.08258864,-0.3576539,-0.5629338,-0.11833699,-0.28699154,-0.37262487,-0.10107458,-0.15577383,-0.7179152,-0.011340229,-0.2837225,-0.8624408,-0.13630047,-0.229014,-0.55836034,-0.104960866,-0.16053005,-0.37895775,-0.037743133,0.009844077,-0.7305011,-0.06791338,-0.13314459,-0.85987705,-0.13518393,-0.1147889,-0.65944225,-0.092631884,-0.058293376,-0.53304803,-0.03318755
A,Alejandro,Left,0.0,0.0,0.0,-0.2651958,-0.0683053,-0.03517118,-0.5031794,-0.28856054,-0.051270943,-0.624039,-0.5416345,-0.08629956,-0.62324697,-0.78202504,-0.10953288,-0.42355672,-0.60501534,0.074730486,-0.5148545,-0.7994265,-0.041803353,-0.45962623,-0.5872452,-0.11423545,-0.3954794,-0.40230012,-0.13885875,-0.2917474,-0.6561565,0.04677381,-0.39065173,-0.85523343,-0.07721984,-0.33420837,-0.5690025,-0.115437776,-0.2700313,-0.37695,-0.10016245,-0.14551766,-0.68529636,-0.0031450556,-0.25247997,-0.8655071,-0.12724096,-0.20694393,-0.5668959,-0.09830172,-0.14950588,-0.37865508,-0.032764517,0.01764221,-0.692099,-0.056701805,-0.100154646,-0.8472171,-0.12188469,-0.09118416,-0.6551236,-0.07955879,-0.050587863,-0.5243832,-0.020799227
A,Alejandro,Left,0.0,0.0,0.0,-0.25983515,-0.06059973,-0.043070614,-0.50890946,-0.28871736,-0.062048268,-0.63848764,-0.5425504,-0.09798722,-0.6224086,-0.7826925,-0.12035394,-0.42748633,-0.61836773,0.06422358,-0.5227715,-0.80653036,-0.055574913,-0.46235007,-0.57630116,-0.12713204,-0.393538,-0.39387298,-0.15160392,-0.29151407,-0.6664682,0.039115652,-0.39952454,-0.8562911,-0.09196383,-0.33944422,-0.5585777,-0.12964536,-0.27305302,-0.3698937,-0.112243,-0.14300203,-0.6939092,-0.00886479,-0.25680703,-0.86337894,-0.13972902,-0.21187738,-0.5558576,-0.110311136,-0.15460198,-0.36692184,-0.042351853,0.022283243,-0.7004847,-0.060946047,-0.10366551,-0.8455789,-0.1307484,-0.09572647,-0.6446414,-0.09001615,-0.056221426,-0.5091062,-0.03161242
A,Alejandro,Left,0.0,0.0,0.0,-0.26069927,-0.069821194,-0.030851115,-0.5063221,-0.30291566,-0.044265058,-0.6348902,-0.5544052,-0.07696539,-0.6165533,-0.78731316,-0.09826131,-0.42172337,-0.6121616,0.06985007,-0.5121163,-0.80310005,-0.044182047,-0.45852375,-0.59018755,-0.11453984,-0.39629874,-0.40643874,-0.13888386,-0.28758255,-0.65936077,0.04088057,-0.38844347,-0.8490405,-0.07921195,-0.3315933,-0.5656545,-0.11312162,-0.27104807,-0.37864247,-0.09655308,-0.14015798,-0.68619967,-0.009423241,-0.2462603,-0.85792285,-0.12738383,-0.20498896,-0.56562257,-0.096527085,-0.15288192,-0.37871984,-0.032159142,0.021184327,-0.6901012,-0.063277334,-0.09165211,-0.8411697,-0.12163169,-0.08810551,-0.6511685,-0.07813303,-0.05384986,-0.51789576,-0.021177975
A,Alejandro,Left,0.0,0.0,0.0,-0.28046164,-0.06741591,-0.038135264,-0.5263829,-0.29092485,-0.05647488,-0.647879,-0.54667616,-0.0920057,-0.62944466,-0.7770453,-0.11373916,-0.4527551,-0.61923784,0.05676714,-0.5373619,-0.80841905,-0.061459806,-0.47270918,-0.57545364,-0.1331822,-0.40361404,-0.38737142,-0.15788463,-0.3062429,-0.6730895,0.029588182,-0.39965823,-0.8590963,-0.094927795,-0.33590984,-0.5629317,-0.1288188,-0.27121732,-0.37431118,-0.111702316,-0.14966288,-0.70004326,-0.0189518,-0.247616,-0.87281543,-0.13640952,-0.2059027,-0.57695115,-0.10213038,-0.15505035,-0.39008042,-0.036297306,0.019160455,-0.69995105,-0.07203556,-0.08378052,-0.8585163,-0.12901999,-0.082905605,-0.6672692,-0.08258539,-0.05553211,-0.5332819,-0.023503762
A,Alejandro,Left,0.0,0.0,0.0,-0.2693616,-0.05641538,-0.03663341,-0.5235464,-0.24879584,-0.05564992,-0.6622095,-0.48812458,-0.0921352,-0.68647027,-0.7271579,-0.1156012,-0.46326005,-0.59291065,0.061459612,-0.5775865,-0.74464923,-0.06037942,-0.49797538,-0.52136344,-0.13710083,-0.40762463,-0.35122323,-0.16688468,-0.33238748,-0.65759265,0.03153149,-0.4584816,-0.81099373,-0.09508624,-0.37210807,-0.5291106,-0.13266724,-0.28755018,-0.35437647,-0.121110044,-0.18494183,-0.70537686,-0.02049721,-0.32197633,-0.8520115,-0.14327979,-0.2447196,-0.55701154,-0.10696005,-0.16653122,-0.37772405,-0.040996652,-0.01782666,-0.72815007,-0.077603266,-0.158054,-0.8497809,-0.1456534,-0.1296392,-0.6492902,-0.102169454,-0.07673936,-0.52010375,-0.04460473
A,Alejandro,Left,0.0,0.0,0.0,-0.27152154,-0.05005286,-0.023122584,-0.5133746,-0.247789,-0.037615947,-0.6474267,-0.48425055,-0.07263351,-0.6937862,-0.720181,-0.09729511,-0.46940422,-0.57463634,0.06925325,-0.5839885,-0.727462,-0.051184352,-0.518808,-0.5107058,-0.12756391,-0.43416148,-0.33961567,-0.15653066,-0.34296548,-0.6375987,0.0329358,-0.4681599,-0.78235567,-0.08392885,-0.38844332,-0.50570464,-0.11683165,-0.30789647,-0.34464934,-0.105088905,-0.19412164,-0.68546534,-0.024602413,-0.32983288,-0.81124854,-0.13814428,-0.25661907,-0.5285638,-0.099852845,-0.18274005,-0.37217093,-0.037086874,-0.022595394,-0.70984787,-0.086174145,-0.16377597,-0.82155293,-0.14494205,-0.1342882,-0.6221079,-0.09650786,-0.079923786,-0.5043589,-0.03843732
A,Alejandro,Left,0.0,0.0,0.0,-0.25925046,-0.009401914,-0.040068794,-0.5324275,-0.18778177,-0.0570262,-0.69733906,-0.41286704,-0.08927797,-0.7501193,-0.6613025,-0.10695509,-0.51994914,-0.5405393,0.062521294,-0.6389274,-0.6632654,-0.06070952,-0.55927056,-0.44119534,-0.13440312,-0.46591634,-0.28484872,-0.16112569,-0.39193532,-0.6208049,0.034150098,-0.5222953,-0.7309162,-0.09059149,-0.4321497,-0.46099806,-0.12069362,-0.34234765,-0.3092912,-0.102847055,-0.24422815,-0.67892313,-0.018126378,-0.37472028,-0.745732,-0.14133075,-0.28866756,-0.47800544,-0.10527671,-0.20718955,-0.33912557,-0.039862983,-0.07464746,-0.7130865,-0.0753199,-0.22106206,-0.7655524,-0.13875079,-0.17459472,-0.57428414,-0.09434511,-0.10879017,-0.4776362,-0.03706402
A,Alejandro,Left,0.0,0.0,0.0,-0.2561098,0.0033444797,-0.049904615,-0.5342074,-0.17340316,-0.06942664,-0.7024304,-0.3860199,-0.10083244,-0.79144144,-0.61124504,-0.115055844,-0.5352086,-0.56937736,0.05002108,-0.67054605,-0.639486,-0.07415421,-0.5535859,-0.4127745,-0.14473039,-0.4355533,-0.2610536,-0.1681159,-0.40598482,-0.654149,0.027498834,-0.5557213,-0.7129125,-0.09792496,-0.425009,-0.42875704,-0.12179376,-0.31511375,-0.2920153,-0.10054753,-0.2554725,-0.71389717,-0.01966702,-0.40430868,-0.7569271,-0.15212381,-0.29211175,-0.45839703,-0.10960293,-0.19782719,-0.31981397,-0.0377347,-0.08306501,-0.74769425,-0.07223495,-0.2382613,-0.7797016,-0.14773838,-0.19207558,-0.55536884,-0.10432548,-0.13159847,-0.44530767,-0.045410417
A,Alejandro,Left,0.0,0.0,0.0,-0.27477586,0.007461898,-0.03948853,-0.5552397,-0.15368623,-0.05525506,-0.72687066,-0.3633792,-0.08535724,-0.80988246,-0.5865922,-0.09906434,-0.55754614,-0.55937773,0.07483647,-0.68819404,-0.6107675,-0.041320894,-0.5791452,-0.3834136,-0.11524206,-0.46071863,-0.24407172,-0.14361505,-0.43356255,-0.63905454,0.05063517,-0.5715677,-0.66855234,-0.06486216,-0.44540504,-0.40470442,-0.09398311,-0.33776438,-0.28151795,-0.08105679,-0.29365534,-0.6983952,0.0023157622,-0.4327244,-0.7114804,-0.10994469,-0.32470608,-0.45699856,-0.07235818,-0.22984175,-0.34376243,-0.012313242,-0.13316727,-0.73282886,-0.052203704,-0.2789618,-0.74415725,-0.11133826,-0.22168876,-0.55203295,-0.07126356,-0.15051793,-0.47378647,-0.019852517
A,Alejandro,Left,0.0,0.0,0.0,-0.27057505,-0.033342242,-0.023004109,-0.5425937,-0.20420837,-0.03232086,-0.71565986,-0.40312937,-0.05915303,-0.7775948,-0.62876576,-0.070556544,-0.5476409,-0.5491106,0.07889746,-0.668191,-0.6693219,-0.034862325,-0.5825962,-0.4601685,-0.10305408,-0.4982689,-0.32954308,-0.1276172,-0.41735902,-0.6343027,0.043423817,-0.54270387,-0.7359325,-0.06659039,-0.45311034,-0.4893271,-0.092000075,-0.37504736,-0.36978284,-0.0759064,-0.26725718,-0.6909743,-0.01416023,-0.38953468,-0.75044984,-0.118142284,-0.31077576,-0.5121201,-0.07715302,-0.24469593,-0.40937683,-0.016776524,-0.100285634,-0.71699935,-0.07671814,-0.23080534,-0.7702452,-0.1238949,-0.18910722,-0.5800131,-0.073571414,-0.13409792,-0.4976152,-0.017215831
A,Alejandro,Left,0.0,0.0,0.0,-0.27060607,-0.036031,-0.02385277,-0.55413556,-0.2426568,-0.033117034,-0.7154947,-0.4914885,-0.05897675,-0.7090558,-0.7051524,-0.070812725,-0.49413264,-0.57523793,0.048404027,-0.5992286,-0.75517064,-0.06676703,-0.53168535,-0.53127,-0.12955518,-0.4610198,-0.39369667,-0.15235782,-0.335564,-0.6448087,0.010298913,-0.4359166,-0.8115925,-0.10780089,-0.37043983,-0.53114474,-0.12724775,-0.307764,-0.39614525,-0.10655726,-0.16650008,-0.6841112,-0.04719273,-0.26758015,-0.81323797,-0.15803312,-0.2080323,-0.53959924,-0.10352108,-0.15493436,-0.4126043,-0.03316971,0.016802063,-0.6948993,-0.1086352,-0.09688115,-0.812474,-0.15650354,-0.06913579,-0.6024728,-0.09409134,-0.028674731,-0.5026564,-0.030225027
A,Alejandro,Left,0.0,0.0,0.0,-0.2641679,-0.03477814,-0.062445838,-0.52530897,-0.25132695,-0.08099664,-0.67367303,-0.5176395,-0.10912349,-0.6570978,-0.75380534,-0.11716755,-0.47183675,-0.5492123,0.053578064,-0.54263437,-0.7627097,-0.07297796,-0.45699093,-0.5290406,-0.13988443,-0.38434532,-0.3651787,-0.16206996,-0.3177159,-0.6200871,0.0367808,-0.39489827,-0.8277901,-0.106064126,-0.30946013,-0.51235753,-0.13236718,-0.24866429,-0.351847,-0.1058661,-0.16170563,-0.6551014,-0.006599828,-0.22547407,-0.8321771,-0.14595479,-0.17032036,-0.51379794,-0.09869858,-0.13297072,-0.35649434,-0.019495126,0.010702071,-0.6670548,-0.05648103,-0.056234885,-0.8071735,-0.12545137,-0.041503996,-0.59100485,-0.07662461,-0.031893115,-0.48222223,-0.01513304
A,Alejandro,Left,0.0,0.0,0.0,-0.27954033,-0.063391864,-0.017348606,-0.5430684,-0.27424163,-0.023274815,-0.6883914,-0.52406555,-0.048997,-0.67173445,-0.740792,-0.06181449,-0.4814645,-0.60356945,0.07612463,-0.5836313,-0.7597207,-0.032676402,-0.53076184,-0.53487045,-0.09640212,-0.46344602,-0.40576795,-0.12023717,-0.32986343,-0.6573405,0.038218968,-0.42978016,-0.7987049,-0.07560064,-0.37567437,-0.52334,-0.09953089,-0.31024384,-0.38842934,-0.0813018,-0.17016077,-0.6873293,-0.01950906,-0.2681219,-0.8057654,-0.12729047,-0.22306198,-0.53295255,-0.07869863,-0.16930139,-0.39442688,-0.010814393,0.0029123323,-0.6850103,-0.08109602,-0.11259718,-0.81433,-0.12746558,-0.092740886,-0.6106585,-0.06785801,-0.050468266,-0.49863574,-0.0041790456
A,Alejandro,Left,0.0,0.0,0.0,-0.2412037,0.00897229,-0.05192094,-0.52995616,-0.16695726,-0.06954397,-0.7055171,-0.40912572,-0.0995709,-0.75459474,-0.6561911,-0.11373019,-0.5246369,-0.5290415,0.057004552,-0.64968556,-0.67293864,-0.0655015,-0.56293505,-0.44905666,-0.13718541,-0.4673079,-0.30690107,-0.1634805,-0.3939843,-0.61187136,0.036235735,-0.52385646,-0.7420041,-0.09251989,-0.4352652,-0.47296962,-0.12444256,-0.34542617,-0.3304703,-0.107885994,-0.2456577,-0.67130274,-0.009493383,-0.37984225,-0.77263695,-0.12946624,-0.30551556,-0.5030087,-0.089892365,-0.23184745,-0.36451003,-0.0252722,-0.0803013,-0.70460546,-0.06200714,-0.22710001,-0.76358664,-0.12669578,-0.18659367,-0.5569547,-0.08592269,-0.12527686,-0.45508358,-0.032566104
A,Alejandro,Left,0.0,0.0,0.0,-0.24854693,-0.0114811845,-0.04894574,-0.5199135,-0.20522138,-0.06634838,-0.68409294,-0.4220616,-0.09774913,-0.7795747,-0.6263092,-0.113714874,-0.4969827,-0.58408815,0.04728167,-0.6462509,-0.6717376,-0.084391415,-0.5647634,-0.44794837,-0.16130508,-0.47264212,-0.32975242,-0.18922977,-0.3762684,-0.65857905,0.021349559,-0.5245074,-0.72849274,-0.11180258,-0.443028,-0.46770075,-0.14493492,-0.3643262,-0.34823975,-0.13141741,-0.23703322,-0.7117914,-0.029351525,-0.39457417,-0.76245147,-0.15408944,-0.31990424,-0.50211054,-0.11430976,-0.24783018,-0.379126,-0.051021397,-0.08399965,-0.7370652,-0.08709436,-0.23603515,-0.78240186,-0.1526929,-0.20213373,-0.5863059,-0.10898984,-0.14438823,-0.4862683,-0.05319962
A,Alejandro,Left,0.0,0.0,0.0,-0.27361783,0.020188838,-0.053157225,-0.5650984,-0.14593555,-0.07367373,-0.7275851,-0.38892198,-0.10745372,-0.7667465,-0.64195,-0.12400029,-0.53485984,-0.5727643,0.06831696,-0.65998137,-0.6829089,-0.055275515,-0.5718535,-0.43610677,-0.13328172,-0.46898198,-0.2619999,-0.16284072,-0.40517008,-0.6579264,0.04968462,-0.53643835,-0.7297826,-0.07561757,-0.43808746,-0.45863616,-0.11123612,-0.33990297,-0.29945198,-0.09900703,-0.2590714,-0.7192218,0.0043482976,-0.40342042,-0.7706437,-0.110681586,-0.3168156,-0.51546603,-0.07872692,-0.22666396,-0.37010357,-0.020360716,-0.0894563,-0.75702274,-0.048612744,-0.24509364,-0.78726214,-0.11344457,-0.20117758,-0.60028476,-0.08119204,-0.12851022,-0.501315,-0.032835383
A,Alejandro,Left,0.0,0.0,0.0,-0.28351846,0.028975554,-0.031279463,-0.5507342,-0.17220193,-0.0367393,-0.6901033,-0.41415688,-0.061935943,-0.77933854,-0.62660307,-0.07385687,-0.54302406,-0.5304167,0.08614194,-0.6572894,-0.6699053,-0.031476974,-0.5669546,-0.44466543,-0.106014185,-0.47100747,-0.27745298,-0.13219117,-0.4251269,-0.6179092,0.053507794,-0.54754573,-0.748855,-0.067166544,-0.45027405,-0.4712309,-0.10215665,-0.35490614,-0.30827832,-0.086318925,-0.2876314,-0.6882344,-0.00337727,-0.41776472,-0.7714403,-0.11537987,-0.32924572,-0.5013374,-0.08207171,-0.23898529,-0.35316336,-0.020601714,-0.12762134,-0.7390143,-0.06638719,-0.26890177,-0.80600065,-0.12108326,-0.22807868,-0.62193644,-0.07736205,-0.15908593,-0.5237005,-0.021176727
A,Alejandro,Left,0.0,0.0,0.0,-0.28017908,0.0039115553,-0.026843391,-0.54750544,-0.19073832,-0.034374952,-0.69177854,-0.41892233,-0.06245945,-0.7705954,-0.6373247,-0.077558726,-0.5310092,-0.56062937,0.084733985,-0.65475595,-0.6939296,-0.03260338,-0.564875,-0.45763388,-0.10636641,-0.46442172,-0.2898469,-0.1327357,-0.41205683,-0.64237046,0.050348837,-0.54994833,-0.76361966,-0.07255569,-0.4464167,-0.47358158,-0.10599024,-0.34232625,-0.3138834,-0.08882183,-0.27409527,-0.7073543,-0.0075652753,-0.4238813,-0.7997886,-0.12588237,-0.32805535,-0.5100549,-0.09006639,-0.22869042,-0.35898045,-0.0241556,-0.109133124,-0.75451237,-0.07033455,-0.26735348,-0.827631,-0.13263644,-0.22740112,-0.6269619,-0.08862743,-0.1555709,-0.5185149,-0.030501729
A,Alejandro,Left,0.0,0.0,0.0,-0.29465187,-0.0121003995,-0.02027201,-0.5656222,-0.17945617,-0.029583508,-0.7192822,-0.39712802,-0.060892843,-0.77955484,-0.62633395,-0.07890985,-0.54129106,-0.5528573,0.088458866,-0.67508847,-0.69379485,-0.01902272,-0.5872156,-0.47129178,-0.09061472,-0.48626977,-0.31234655,-0.117881864,-0.41952023,-0.63513744,0.05361914,-0.55824566,-0.76401883,-0.061395932,-0.4578792,-0.4855674,-0.097722374,-0.35178202,-0.3244732,-0.08577697,-0.282421,-0.7026708,-0.0021093066,-0.4356902,-0.82275534,-0.10709943,-0.349469,-0.5468089,-0.07009071,-0.24803622,-0.38769555,-0.0074963933,-0.12072985,-0.7463431,-0.06288021,-0.28092217,-0.86069936,-0.11593952,-0.2507013,-0.6622432,-0.069680735,-0.17862593,-0.5355189,-0.011827524
A,Alejandro,Left,0.0,0.0,0.0,-0.29835194,-0.018264208,-0.021704733,-0.5661625,-0.19142176,-0.033085432,-0.7149214,-0.41196725,-0.066806264,-0.7726862,-0.6347882,-0.08787075,-0.53966725,-0.5461678,0.08365481,-0.6693499,-0.6958281,-0.032278728,-0.57363784,-0.46497327,-0.10574552,-0.4657763,-0.30108464,-0.13191646,-0.41452008,-0.63025385,0.047948092,-0.5546588,-0.7671562,-0.07798145,-0.44914496,-0.48275203,-0.11526596,-0.33821917,-0.31536302,-0.09994453,-0.27425528,-0.70092916,-0.009630076,-0.4267934,-0.81024903,-0.12366548,-0.33444118,-0.5310055,-0.0889225,-0.2324024,-0.37344566,-0.024104256,-0.10899234,-0.7496915,-0.07184274,-0.2671917,-0.8503406,-0.12883864,-0.22768548,-0.6573093,-0.08430287,-0.15560046,-0.5429762,-0.026401948
A,Alejandro,Left,0.0,0.0,0.0,-0.2956232,0.016507128,-0.02242424,-0.5729208,-0.14704078,-0.031446643,-0.72534263,-0.38219103,-0.065719195,-0.78384304,-0.62095904,-0.088680826,-0.542263,-0.5199869,0.10291121,-0.67934805,-0.69333225,-0.016724747,-0.59067625,-0.46123773,-0.09443367,-0.4828396,-0.27999324,-0.12104569,-0.42529225,-0.60587823,0.06670921,-0.5781735,-0.7763062,-0.06759998,-0.47362262,-0.4820507,-0.11463572,-0.35715154,-0.2931049,-0.10051519,-0.29250157,-0.684797,0.0075088814,-0.4591001,-0.82344687,-0.1221628,-0.35521206,-0.52163297,-0.09562282,-0.24061607,-0.3394796,-0.02846761,-0.13287534,-0.74954695,-0.055432152,-0.31000674,-0.8609656,-0.12835473,-0.26286158,-0.65331674,-0.08753879,-0.17837755,-0.5163082,-0.026538542
A,Alejandro,Left,0.0,0.0,0.0,-0.3023042,0.019643657,-0.017974319,-0.57972413,-0.12725571,-0.02850034,-0.73606646,-0.3623072,-0.06530386,-0.7957384,-0.6056405,-0.09179454,-0.5432152,-0.5182273,0.10401705,-0.68859565,-0.69026464,-0.015544701,-0.60820967,-0.45885298,-0.095364034,-0.49906987,-0.27566364,-0.12405788,-0.42778143,-0.6043863,0.0647685,-0.5931765,-0.77127427,-0.066723235,-0.4889518,-0.47800124,-0.11475867,-0.36591834,-0.29203734,-0.102877274,-0.29601762,-0.68548495,0.0033169962,-0.47357476,-0.8241191,-0.12393151,-0.36847472,-0.5242039,-0.09680978,-0.24723569,-0.34524632,-0.030676112,-0.13590541,-0.75279415,-0.061557166,-0.32432592,-0.86491597,-0.13458519,-0.27615902,-0.65376955,-0.09203583,-0.18513681,-0.51333725,-0.030096715
A,Alejandro,Left,0.0,0.0,0.0,-0.29209295,0.032837067,-0.010297775,-0.56698865,-0.15651329,-0.008482597,-0.709875,-0.40437293,-0.029749002,-0.7777715,-0.6285472,-0.04051184,-0.55266374,-0.51611125,0.09029505,-0.6725607,-0.6918561,-0.011942092,-0.60296005,-0.47672355,-0.07901903,-0.5103405,-0.3073776,-0.10392646,-0.43600705,-0.6106853,0.050118107,-0.5626973,-0.78479683,-0.054444775,-0.47579443,-0.5127701,-0.08639322,-0.36988083,-0.33872247,-0.073009126,-0.2977669,-0.69057405,-0.009075272,-0.4428613,-0.8308801,-0.10785293,-0.35790372,-0.5579766,-0.07108772,-0.25278467,-0.38944206,-0.011603992,-0.13417703,-0.75256383,-0.072568,-0.29132995,-0.8682308,-0.12453799,-0.25293425,-0.67235404,-0.0767386,-0.17015031,-0.5443686,-0.01934868
A,Alejandro,Left,0.0,0.0,0.0,-0.2931998,-0.0013028992,-0.009579172,-0.55798537,-0.18989216,-0.010922844,-0.69246566,-0.43655112,-0.03473161,-0.7523584,-0.65875405,-0.048020784,-0.53394717,-0.5171755,0.0809692,-0.64872193,-0.6788637,-0.025971038,-0.5700409,-0.47361657,-0.0977965,-0.48355925,-0.30952075,-0.12606305,-0.41119444,-0.60992223,0.03926658,-0.53328484,-0.7666634,-0.06577533,-0.4420755,-0.5116441,-0.09870154,-0.34750962,-0.3431853,-0.088912316,-0.2679738,-0.6840012,-0.021206647,-0.40855414,-0.8126167,-0.112917826,-0.3265494,-0.55858123,-0.072543666,-0.23832883,-0.3964613,-0.015064573,-0.10223672,-0.734851,-0.086556464,-0.24983996,-0.8465089,-0.12736936,-0.22019029,-0.66107666,-0.07488135,-0.15500979,-0.5389588,-0.018037628
A,Alejandro,Left,0.0,0.0,0.0,-0.2659284,-0.012360421,-0.03527273,-0.5213432,-0.19610664,-0.04993772,-0.6647265,-0.4448194,-0.082917154,-0.7265823,-0.6870795,-0.103303894,-0.50222504,-0.5448264,0.07265994,-0.61101377,-0.71116596,-0.045733366,-0.5242584,-0.49598175,-0.119727485,-0.43047622,-0.32473072,-0.14601088,-0.37716594,-0.62889737,0.042976122,-0.5031177,-0.7965981,-0.07664987,-0.4038906,-0.5121401,-0.1111208,-0.30726993,-0.33518976,-0.095856145,-0.23428363,-0.6926065,-0.009301536,-0.36991546,-0.84701484,-0.12604657,-0.2837529,-0.5558972,-0.08984984,-0.19560608,-0.38190603,-0.023849925,-0.067654185,-0.73677576,-0.066451505,-0.21136639,-0.8650736,-0.12750037,-0.18084083,-0.6665408,-0.08197211,-0.120282345,-0.53810775,-0.023005908
A,Alejandro,Left,0.0,0.0,0.0,-0.26310402,-0.0037839022,-0.046679914,-0.5404263,-0.18082245,-0.06781185,-0.70120156,-0.4164007,-0.106373794,-0.7422524,-0.6701204,-0.1312606,-0.51191,-0.5500924,0.07259026,-0.6246496,-0.72151685,-0.053917952,-0.5362834,-0.50605714,-0.13678442,-0.4395248,-0.3209717,-0.16730748,-0.38405573,-0.63450134,0.047793083,-0.5113358,-0.8088288,-0.08462256,-0.41239855,-0.5227,-0.12960376,-0.31862673,-0.32665455,-0.11657517,-0.24057297,-0.6991318,-0.0013476725,-0.37611502,-0.8535531,-0.12950365,-0.28996632,-0.5609465,-0.10247254,-0.20403051,-0.37237045,-0.036974993,-0.07513607,-0.74308014,-0.05592666,-0.2204653,-0.8743935,-0.12647308,-0.18622285,-0.6784212,-0.08716572,-0.12441854,-0.54325384,-0.029135142
A,Alejandro,Left,0.0,0.0,0.0,-0.26437113,-0.009282313,-0.051095694,-0.54344755,-0.19376153,-0.07375434,-0.7024596,-0.43761298,-0.11228343,-0.72132045,-0.6926015,-0.13612364,-0.50229967,-0.55452615,0.06103094,-0.6153299,-0.73782325,-0.07013071,-0.52242714,-0.5087385,-0.1497025,-0.43002617,-0.3255424,-0.17745757,-0.36790258,-0.6351375,0.03736604,-0.49381843,-0.8170547,-0.10051633,-0.39176676,-0.51801026,-0.13943271,-0.30366015,-0.33189338,-0.12116956,-0.2194086,-0.6957028,-0.01128186,-0.3518474,-0.862845,-0.14676648,-0.26525298,-0.55219364,-0.11135028,-0.18706417,-0.3669273,-0.038460378,-0.05128609,-0.7347142,-0.06539408,-0.19014089,-0.871859,-0.13990222,-0.15395965,-0.66158545,-0.096400775,-0.097770974,-0.53033555,-0.034703683
A,Alejandro,Left,0.0,0.0,0.0,-0.27642617,0.022713497,-0.035545744,-0.5597899,-0.14746507,-0.049090218,-0.7217532,-0.38792703,-0.081963226,-0.78208804,-0.62316793,-0.10079209,-0.55510664,-0.5195432,0.069589175,-0.67975783,-0.69382316,-0.06183606,-0.5797471,-0.4720907,-0.143225,-0.47234356,-0.30255377,-0.17152004,-0.4246786,-0.6218574,0.037690353,-0.559098,-0.7958735,-0.08975778,-0.4554974,-0.5162284,-0.12634246,-0.3577014,-0.34981558,-0.11078337,-0.2734916,-0.7047167,-0.018618459,-0.41316926,-0.84461147,-0.13224947,-0.32698882,-0.56127024,-0.09226746,-0.24451917,-0.40322933,-0.026136281,-0.098331824,-0.76250404,-0.08133137,-0.24264766,-0.88069075,-0.13417983,-0.20953122,-0.68203986,-0.0844415,-0.14940779,-0.5668074,-0.024628812
A,Alejandro,Left,0.0,0.0,0.0,-0.2885429,0.020936063,-0.018881926,-0.57811034,-0.15246202,-0.025738033,-0.7250171,-0.40035385,-0.0570019,-0.7722606,-0.6353059,-0.07769378,-0.538112,-0.5428207,0.08996785,-0.6751098,-0.70754635,-0.03308424,-0.58427674,-0.46993712,-0.11084546,-0.47714165,-0.28160712,-0.13670543,-0.4149884,-0.6294584,0.05117533,-0.56730956,-0.79241085,-0.08128761,-0.46160987,-0.49155,-0.12269551,-0.34978297,-0.3033715,-0.105978556,-0.27733424,-0.7053819,-0.009822512,-0.4432237,-0.844369,-0.13868678,-0.3396616,-0.53711855,-0.10769972,-0.23183645,-0.3576943,-0.039187387,-0.11405472,-0.7655121,-0.073742814,-0.29015142,-0.8877571,-0.14535898,-0.24031126,-0.6748207,-0.100793734,-0.15849887,-0.5397998,-0.03833958
A,Alejandro,Left,0.0,0.0,0.0,-0.28865176,0.014422248,-0.019344997,-0.5676228,-0.14590204,-0.030265795,-0.72572064,-0.37369034,-0.06655574,-0.78695816,-0.6170064,-0.09201218,-0.53579557,-0.5422795,0.10202207,-0.67569524,-0.70423836,-0.020462366,-0.5979166,-0.47014087,-0.099732526,-0.4935313,-0.28956884,-0.1273116,-0.4238016,-0.62644905,0.06393236,-0.580742,-0.78262144,-0.06724739,-0.48058668,-0.4801076,-0.110225394,-0.36537898,-0.3042597,-0.0947372,-0.29502591,-0.70299786,0.0026133133,-0.46574944,-0.8330689,-0.12508832,-0.36612186,-0.52685785,-0.09505794,-0.25189808,-0.35858947,-0.02681149,-0.13852751,-0.76549053,-0.062094443,-0.32052612,-0.87257046,-0.13258515,-0.27429956,-0.6583014,-0.08918034,-0.18771107,-0.52877784,-0.026813019
A,Alejandro,Left,0.0,0.0,0.0,-0.2906775,0.010981931,-0.014303592,-0.56147873,-0.16297948,-0.025463464,-0.71100485,-0.39396158,-0.06421722,-0.7683208,-0.64006495,-0.09337205,-0.53670603,-0.5604078,0.10257125,-0.678685,-0.7216322,-0.01861332,-0.60390395,-0.47560868,-0.09930591,-0.49137422,-0.28746873,-0.12779085,-0.4255385,-0.6460292,0.062270187,-0.5864857,-0.8085054,-0.06568284,-0.49387485,-0.50524086,-0.11099029,-0.36910966,-0.31598434,-0.09763998,-0.29528433,-0.7297565,-0.00018656772,-0.47519943,-0.860531,-0.12071651,-0.38339674,-0.5606116,-0.09646465,-0.2579921,-0.38466778,-0.034115788,-0.13675112,-0.803609,-0.06592594,-0.33691025,-0.91321516,-0.1330692,-0.29675704,-0.7022568,-0.09282819,-0.19803199,-0.5631117,-0.03321756
A,Alejandro,Left,0.0,0.0,0.0,-0.2906881,0.022340456,-0.002373339,-0.56059915,-0.1498834,-0.0069174203,-0.7096684,-0.3889608,-0.04237823,-0.77341723,-0.6338973,-0.0697429,-0.5285476,-0.5487782,0.11617245,-0.6888025,-0.7126425,-0.0029358133,-0.6144721,-0.4656492,-0.08180006,-0.4935092,-0.28506476,-0.10995569,-0.42198265,-0.64178973,0.06879521,-0.61147344,-0.8059348,-0.059296608,-0.5186728,-0.5014676,-0.104842395,-0.38001266,-0.32314357,-0.09127839,-0.2947983,-0.7382475,-0.00037506444,-0.50420696,-0.8720849,-0.12431031,-0.41174465,-0.56183994,-0.1005318,-0.27229488,-0.38672596,-0.03762163,-0.13648559,-0.827899,-0.07198052,-0.3571898,-0.9188542,-0.14668134,-0.31847724,-0.69385165,-0.109191746,-0.2070087,-0.5497221,-0.05016119
A,Alejandro,Left,0.0,0.0,0.0,-0.28797874,0.011191774,-0.010362623,-0.55726945,-0.16585132,-0.019274484,-0.7094961,-0.39501128,-0.05745043,-0.7633784,-0.64595157,-0.08468158,-0.5149417,-0.5783987,0.11368658,-0.6633976,-0.74662304,-0.007499614,-0.586479,-0.48574957,-0.086021215,-0.4705998,-0.30607465,-0.11315499,-0.4070081,-0.6665485,0.07154488,-0.58704096,-0.8382476,-0.057544813,-0.48881975,-0.5191865,-0.09920288,-0.35178843,-0.34695294,-0.08177358,-0.27512136,-0.75675863,0.0064020753,-0.47789958,-0.90345234,-0.11641148,-0.38559946,-0.58631873,-0.086905666,-0.2476047,-0.41665953,-0.019589363,-0.11002496,-0.83636475,-0.062217694,-0.32152408,-0.9515054,-0.13264911,-0.2834262,-0.72390956,-0.092468575,-0.17364466,-0.5813972,-0.031739376
A,Alejandro,Left,0.0,0.0,0.0,-0.3455798,0.09065503,0.05824517,-0.58526576,-0.08194102,0.0893631,-0.73073614,-0.32956517,0.06566561,-0.8148603,-0.57965744,0.04468757,-0.5600759,-0.532768,0.26393023,-0.75255454,-0.6800616,0.16193195,-0.6897991,-0.42720547,0.07561432,-0.5432968,-0.2503511,0.043958,-0.49010405,-0.66178644,0.18726058,-0.7213636,-0.8515198,0.065161295,-0.6260705,-0.5194511,-0.0063806875,-0.44732398,-0.3427138,-0.003146489,-0.3816014,-0.8198572,0.08816188,-0.63979423,-0.96885383,-0.026024465,-0.5287841,-0.62821025,-0.021525169,-0.33456665,-0.4741788,0.032839563,-0.22655459,-0.986966,-0.010475742,-0.47417736,-1.0832536,-0.06377268,-0.42935494,-0.8484507,-0.022729037,-0.2779238,-0.7290351,0.039109234
A,Alejandro,Right,0.0,0.0,0.0,0.28418761,0.06357275,-0.09548539,0.5982002,-0.14292261,-0.11533608,0.75644267,-0.4425755,-0.120983414,0.7332372,-0.6799729,-0.10425593,0.50313306,-0.5031258,-0.076434046,0.6289836,-0.67927176,-0.17551073,0.5217891,-0.42978898,-0.19478983,0.453627,-0.34064287,-0.1917414,0.34396514,-0.60391194,-0.06838149,0.48070252,-0.7577351,-0.19343837,0.36895517,-0.44606358,-0.20392504,0.30225372,-0.40413126,-0.18319413,0.18492305,-0.6667891,-0.0743861,0.31406197,-0.8011644,-0.21254387,0.22635382,-0.4889583,-0.15563363,0.16006349,-0.4484312,-0.086310364,0.011327235,-0.72912776,-0.08418213,0.14075615,-0.79873705,-0.17213455,0.09465723,-0.5610905,-0.12128316,0.03234241,-0.5238044,-0.06376232
A,Alejandro,Right,0.0,0.0,0.0,0.2724153,0.07405057,-0.08479235,0.61058635,-0.13159966,-0.09735095,0.79647654,-0.40265828,-0.1005807,0.77196366,-0.63566667,-0.08318003,0.5453346,-0.5010126,-0.04712799,0.6596774,-0.6619531,-0.15874735,0.52572846,-0.4154705,-0.19968101,0.45800605,-0.32973808,-0.20974334,0.38131922,-0.6107203,-0.04650787,0.4949118,-0.7559893,-0.17066942,0.36261004,-0.44909602,-0.17880368,0.3066772,-0.3966194,-0.15510742,0.21140936,-0.67480433,-0.06410035,0.31273192,-0.8061501,-0.19403121,0.2159395,-0.4988231,-0.12919195,0.16625918,-0.4469863,-0.055942643,0.03254571,-0.736538,-0.087166525,0.118532896,-0.80724037,-0.15863307,0.06687952,-0.5754404,-0.09714607,0.026642403,-0.53271544,-0.0340344
A,Alejandro,Right,0.0,0.0,0.0,0.27384475,0.1086437,-0.08094534,0.61229205,-0.088382244,-0.08781025,0.7824525,-0.40217903,-0.08381148,0.7607299,-0.6490686,-0.058948565,0.5470437,-0.45305064,-0.057049632,0.64937216,-0.6682724,-0.17647506,0.5272202,-0.4314436,-0.21952616,0.4576637,-0.30212823,-0.22686951,0.37542507,-0.5703595,-0.052673843,0.48376888,-0.760779,-0.19130222,0.35958466,-0.44881448,-0.20877998,0.2997088,-0.3550994,-0.18799342,0.20831895,-0.6447917,-0.064087406,0.2983306,-0.8186983,-0.20827149,0.20312157,-0.49877098,-0.15057641,0.15304865,-0.40968165,-0.077321194,0.030707883,-0.7199105,-0.078940645,0.10854868,-0.8140347,-0.16688968,0.058091328,-0.5665652,-0.11627624,0.023908406,-0.49970505,-0.0571712
A,Alejandro,Right,0.0,0.0,0.0,0.28610694,-0.00806391,-0.09040188,0.590887,-0.19248463,-0.11210425,0.7375086,-0.45684263,-0.12671755,0.72208005,-0.69180954,-0.120981246,0.51473635,-0.5536373,-0.03516069,0.6186777,-0.72707856,-0.14269659,0.5121792,-0.4857208,-0.18496384,0.46591258,-0.4217004,-0.19912115,0.3540698,-0.6393064,-0.033311285,0.449848,-0.7821125,-0.14610335,0.34484717,-0.49032393,-0.15663986,0.3080118,-0.4629473,-0.13988452,0.18409258,-0.68713206,-0.051409133,0.26993918,-0.8123074,-0.18018019,0.1899103,-0.51857865,-0.1253058,0.15513502,-0.48181272,-0.059286386,-0.0015705922,-0.7276556,-0.075140685,0.083697766,-0.8014749,-0.14846434,0.05101612,-0.5815329,-0.09222338,0.017881298,-0.53795445,-0.032022834
A,Alejandro,Right,0.0,0.0,0.0,0.27748638,0.010862485,-0.08896272,0.57916576,-0.19537815,-0.10362601,0.72300637,-0.4637356,-0.111280575,0.71958107,-0.6944084,-0.0991097,0.486934,-0.5587561,-0.02860638,0.5932538,-0.7103996,-0.14462382,0.49598035,-0.46200395,-0.19228081,0.441512,-0.37466908,-0.20623393,0.32379144,-0.63307184,-0.027858222,0.44018924,-0.76362216,-0.15503728,0.34356582,-0.46514258,-0.17524068,0.2888164,-0.42046586,-0.16008674,0.15578058,-0.6717681,-0.048147913,0.25984025,-0.7779796,-0.19104606,0.1843592,-0.48006406,-0.14613359,0.13370365,-0.4407135,-0.082059756,-0.028689483,-0.70050055,-0.07324122,0.080070734,-0.7622788,-0.15876153,0.046580773,-0.5349074,-0.11127128,0.00058046245,-0.49230888,-0.055088498
A,Alejandro,Right,0.0,0.0,0.0,0.23865207,-0.003763099,-0.114436656,0.5237119,-0.25125074,-0.13859716,0.6580564,-0.5263152,-0.15173967,0.6459687,-0.7633639,-0.14383991,0.46090707,-0.6194509,-0.035596665,0.5392869,-0.7485485,-0.15563397,0.44736254,-0.49468955,-0.20791875,0.39259276,-0.4132666,-0.2250639,0.3066469,-0.6951546,-0.022347072,0.3779963,-0.78957516,-0.1494924,0.29767892,-0.4815019,-0.16667384,0.25909844,-0.4334183,-0.14646356,0.14456135,-0.7234953,-0.03454666,0.19225657,-0.7907072,-0.17543906,0.14524612,-0.48539248,-0.13305198,0.12290721,-0.4346491,-0.06963026,-0.024670796,-0.7262405,-0.054971036,0.022694029,-0.750017,-0.14383817,0.009927216,-0.5239102,-0.10551737,-0.0004823488,-0.47531918,-0.052982397
A,Alejandro,Right,0.0,0.0,0.0,0.2309889,0.00598098,-0.08590079,0.47760025,-0.28201485,-0.098861724,0.59441316,-0.5908789,-0.107212484,0.56487393,-0.8251772,-0.09856874,0.41220483,-0.6169938,-0.012318613,0.48462552,-0.78133947,-0.12619826,0.43134087,-0.5349431,-0.18532236,0.37014818,-0.3914507,-0.20347314,0.2604256,-0.6555201,-0.008342762,0.32594392,-0.79061097,-0.12474772,0.2914696,-0.49377316,-0.1544098,0.24519989,-0.39484265,-0.14582855,0.108718805,-0.6526064,-0.026015984,0.1753964,-0.7567457,-0.15391417,0.1634194,-0.4728895,-0.12538037,0.12972061,-0.38504162,-0.07328052,-0.046393037,-0.6271652,-0.049561985,0.04052648,-0.69849485,-0.1321165,0.03720536,-0.49520192,-0.099571496,0.0066168727,-0.41915962,-0.05327311
A,Alejandro,Right,0.0,0.0,0.0,0.22593313,0.057563335,-0.123430714,0.49497348,-0.22824599,-0.16499062,0.5784267,-0.5876015,-0.19633481,0.5390403,-0.84228,-0.21246353,0.38780534,-0.6690231,-0.052917458,0.49268556,-0.8238391,-0.19714665,0.4851276,-0.6158241,-0.26766756,0.44048214,-0.4634056,-0.28715122,0.2193888,-0.7113851,-0.04055667,0.3303775,-0.84198093,-0.19652417,0.31433153,-0.48445922,-0.23114394,0.2564283,-0.34640265,-0.21124,0.061746422,-0.70304716,-0.05286608,0.14499289,-0.80755424,-0.21806237,0.14688686,-0.46363312,-0.17732853,0.099627614,-0.33720395,-0.105027415,-0.11265933,-0.6613912,-0.07249111,-0.020271992,-0.71555394,-0.18089381,0.0017598119,-0.45827952,-0.14124358,-0.025933612,-0.36124447,-0.08088071
A,Alejandro,Right,0.0,0.0,0.0,0.23246258,0.041451827,-0.11845714,0.5067617,-0.27337325,-0.1439551,0.58672005,-0.61101127,-0.14985284,0.56959295,-0.82192695,-0.13135229,0.36010405,-0.6590123,-0.07493108,0.46447107,-0.7757011,-0.18110906,0.423275,-0.48617,-0.21477461,0.37626186,-0.40556383,-0.22641061,0.1902494,-0.6899947,-0.056748547,0.30255157,-0.78665483,-0.1826052,0.27966946,-0.4416644,-0.19340937,0.23031366,-0.39399096,-0.17717586,0.03299406,-0.67149884,-0.058350004,0.12220987,-0.7494987,-0.18795179,0.1310376,-0.4287376,-0.12432455,0.0898108,-0.36934972,-0.05832504,-0.13451245,-0.6386779,-0.06809477,-0.049850896,-0.66440207,-0.14145629,-0.021281665,-0.4251373,-0.090321,-0.04473948,-0.37918922,-0.038712088
A,Alejandro,Right,0.0,0.0,0.0,0.26182446,-0.08708113,-0.08487594,0.48581365,-0.38029194,-0.114835806,0.53197503,-0.6266334,-0.13935518,0.59897393,-0.80076855,-0.1402558,0.29906717,-0.78919566,-0.018594012,0.4989021,-0.77792317,-0.12664784,0.43580273,-0.5135287,-0.17274867,0.35405913,-0.48467523,-0.19473438,0.15641692,-0.81708574,-0.023172412,0.37293136,-0.7829668,-0.14028063,0.32278255,-0.47923312,-0.15172122,0.24873799,-0.47702262,-0.13600592,0.022015357,-0.7945084,-0.048514195,0.22457896,-0.7465305,-0.17556673,0.19831166,-0.45313856,-0.13186435,0.12361064,-0.44378895,-0.07684959,-0.11377256,-0.7325369,-0.08013956,0.07763405,-0.690557,-0.15145497,0.07134698,-0.4660399,-0.108844765,0.001758374,-0.43227473,-0.060444403
A,Alejandro,Right,0.0,0.0,0.0,0.25772178,-0.09958996,-0.06189008,0.47808456,-0.3502593,-0.093909614,0.57344306,-0.5713258,-0.12589097,0.6334036,-0.7738216,-0.13994434,0.27915168,-0.8512291,-0.01029652,0.54060113,-0.7543062,-0.11413807,0.47233942,-0.49812242,-0.16819903,0.37622344,-0.4419024,-0.19715954,0.14898624,-0.88493615,-0.026828159,0.43588597,-0.7470138,-0.13158248,0.36807474,-0.467705,-0.14634974,0.27808774,-0.43543556,-0.14018244,0.022976812,-0.85320574,-0.060418185,0.3113589,-0.7217378,-0.17725894,0.25679204,-0.44752038,-0.13950892,0.16128996,-0.41165322,-0.09281871,-0.09885927,-0.7697076,-0.09872643,0.14850529,-0.692329,-0.17249587,0.13117497,-0.47404653,-0.13413511,0.048175726,-0.4264628,-0.08901212
A,Alejandro,Right,0.0,0.0,0.0,0.25887054,-0.14449139,-0.032406654,0.4401965,-0.3920295,-0.054727968,0.54861635,-0.5898277,-0.087949336,0.61658114,-0.7872914,-0.10284806,0.25535905,-0.89309907,0.04258335,0.5351341,-0.80755424,-0.06977856,0.4771428,-0.5371466,-0.1361494,0.38023388,-0.42559698,-0.1680357,0.14679728,-0.93869144,0.0108090425,0.46579543,-0.79984057,-0.099137545,0.3958936,-0.49608144,-0.11789318,0.30135736,-0.4192693,-0.10720366,0.0363503,-0.915436,-0.0407142,0.3683771,-0.7757031,-0.16214406,0.29599467,-0.48079535,-0.13090657,0.18934289,-0.4092508,-0.08074216,-0.072690964,-0.8333286,-0.09632292,0.19950716,-0.73057437,-0.17459233,0.17225195,-0.5103878,-0.1443166,0.08218564,-0.44862723,-0.10011964
A,Alejandro,Right,0.0,0.0,0.0,0.25423783,0.011248009,-0.08655398,0.5225765,-0.24469928,-0.10343377,0.6169807,-0.51338655,-0.11483506,0.6769315,-0.736046,-0.100989506,0.4258068,-0.67494,-0.0012470919,0.5760517,-0.7389676,-0.12329152,0.49391618,-0.4666763,-0.16918181,0.41483608,-0.3736474,-0.17809014,0.29164994,-0.7385218,-0.002793574,0.47248653,-0.81120116,-0.1420002,0.37915158,-0.48112816,-0.15840329,0.29078284,-0.42248386,-0.13159841,0.14426634,-0.7758978,-0.028884057,0.3225242,-0.81607705,-0.18564714,0.24700929,-0.49395025,-0.14602517,0.15602915,-0.4582597,-0.07766491,-0.028401863,-0.79175127,-0.059143398,0.16133453,-0.79358125,-0.15367147,0.12073729,-0.5621256,-0.113688715,0.032184284,-0.5338657,-0.058473922
A,Alejandro,Right,0.0,0.0,0.0,0.27602658,0.010881733,-0.07548236,0.5565767,-0.18338312,-0.092275105,0.715138,-0.42139146,-0.10825193,0.74567956,-0.6663047,-0.10389084,0.5090499,-0.58871084,0.004071958,0.65151566,-0.6952756,-0.10374167,0.5550782,-0.43538037,-0.14761825,0.46856287,-0.36172864,-0.15813959,0.37882712,-0.66217,-0.0016921264,0.5280511,-0.7525068,-0.12070183,0.42033646,-0.44579244,-0.13935477,0.33043534,-0.40791315,-0.121944055,0.22356498,-0.71098834,-0.02906448,0.37215266,-0.7875402,-0.16837995,0.28731617,-0.4869885,-0.12893881,0.20246887,-0.46046287,-0.06668974,0.04451298,-0.7460694,-0.059503146,0.210039,-0.78601164,-0.14654486,0.16161269,-0.57012904,-0.10097072,0.07573019,-0.5466963,-0.044052202
A,Alejandro,Right,0.0,0.0,0.0,0.27424812,0.055067584,-0.050410412,0.5768532,-0.14671317,-0.050438996,0.7481425,-0.3844015,-0.051645756,0.80038774,-0.59948266,-0.036084685,0.55538327,-0.49408826,-0.00071163644,0.68569005,-0.63758355,-0.10390028,0.57813185,-0.4089762,-0.1474401,0.4904388,-0.30419698,-0.15645622,0.4123974,-0.58592814,-0.015288114,0.5424091,-0.7203631,-0.12472421,0.42737168,-0.43282264,-0.13975787,0.34907547,-0.36128587,-0.1222509,0.2511034,-0.6473222,-0.047103494,0.38129488,-0.77416533,-0.17000902,0.29264778,-0.4772575,-0.12092824,0.22432551,-0.41061935,-0.05734499,0.06897673,-0.69908303,-0.081063114,0.19675824,-0.76567113,-0.15754734,0.14695014,-0.5457491,-0.10644506,0.08964625,-0.4931615,-0.048893627
A,Alejandro,Right,0.0,0.0,0.0,0.2601064,0.13613854,-0.072704755,0.6164902,-0.08779603,-0.06698889,0.80284745,-0.37296396,-0.052739527,0.79784626,-0.602861,-0.021779729,0.56771445,-0.44970945,-0.038198378,0.68146664,-0.62139004,-0.14210543,0.5715856,-0.3861361,-0.1827685,0.4992217,-0.27829263,-0.19166556,0.4047796,-0.55529344,-0.034761604,0.50976044,-0.715685,-0.14892006,0.399395,-0.4020016,-0.15855922,0.33718303,-0.3182743,-0.13826999,0.24094377,-0.6208511,-0.04839069,0.3395607,-0.7661211,-0.17463976,0.25441417,-0.44535562,-0.11667407,0.19461125,-0.35768375,-0.049234483,0.06639724,-0.6918205,-0.06592357,0.16507487,-0.77639323,-0.14402643,0.10671075,-0.53646207,-0.09289067,0.054632597,-0.4663759,-0.037640866
A,Alejandro,Right,0.0,0.0,0.0,0.26366127,0.14677519,-0.07891042,0.62005186,-0.072546735,-0.07509317,0.7904489,-0.39291412,-0.058925565,0.7773789,-0.6290326,-0.02440358,0.55483097,-0.4343683,-0.054799877,0.662265,-0.6230919,-0.14928041,0.5409616,-0.38334712,-0.17629589,0.4763924,-0.26767206,-0.17990452,0.38724628,-0.54925656,-0.04835317,0.5056698,-0.7272143,-0.16495062,0.38436982,-0.4167959,-0.17535539,0.3198733,-0.33429852,-0.15471068,0.22160347,-0.62003815,-0.055966046,0.32482058,-0.777531,-0.18719679,0.23210858,-0.4579696,-0.13269144,0.17564295,-0.38269806,-0.06648568,0.047162257,-0.68965495,-0.0662834,0.14789599,-0.7801922,-0.14859869,0.087837875,-0.54007584,-0.10004266,0.0377438,-0.4833058,-0.04684397
A,Alejandro,Right,0.0,0.0,0.0,0.29392913,0.09455428,-0.07205196,0.6093077,-0.11948663,-0.069252476,0.7572218,-0.4148358,-0.060092315,0.770501,-0.6374388,-0.03203571,0.5343436,-0.48268238,-0.027741635,0.6525046,-0.6678099,-0.12096715,0.55234975,-0.41802755,-0.14885694,0.48648804,-0.30904526,-0.15106483,0.37818697,-0.57916373,-0.026300963,0.50037956,-0.76155764,-0.13374858,0.3970766,-0.45799577,-0.1393173,0.3270731,-0.37623668,-0.11638945,0.21582784,-0.64792645,-0.042190045,0.3376846,-0.80995804,-0.16664043,0.25579196,-0.50229603,-0.11412153,0.1896481,-0.4259793,-0.048936456,0.03297085,-0.712223,-0.061277255,0.16427562,-0.81450087,-0.13768065,0.11993022,-0.58627546,-0.08875226,0.060367618,-0.5227429,-0.034861915
A,Alejandro,Right,0.0,0.0,0.0,0.3100478,0.091349125,-0.057870153,0.5965231,-0.091231,-0.055587217,0.7340719,-0.39445174,-0.054355685,0.7734893,-0.6338094,-0.0363146,0.52253854,-0.44862238,0.0075658727,0.66223735,-0.63604987,-0.09211262,0.5660317,-0.40430757,-0.120970234,0.47085282,-0.2832791,-0.11649052,0.38487813,-0.55941975,0.002078789,0.5353566,-0.73706734,-0.109862775,0.42156997,-0.4528248,-0.121369585,0.32722366,-0.37654933,-0.09835081,0.23511997,-0.6467565,-0.0227271,0.39599892,-0.8046906,-0.15713555,0.289433,-0.50914216,-0.11119023,0.19740674,-0.4435434,-0.04377984,0.053679705,-0.72731715,-0.0488107,0.22908705,-0.83013666,-0.13157846,0.16893014,-0.6109464,-0.085187204,0.08768471,-0.55830675,-0.029832838
A,Alejandro,Right,0.0,0.0,0.0,0.32284465,0.09790422,-0.060684547,0.611289,-0.07910292,-0.05645276,0.7511937,-0.37389085,-0.0545502,0.78772175,-0.61603117,-0.03415784,0.52203274,-0.45787978,0.020879017,0.67570263,-0.63411707,-0.0867125,0.5818399,-0.3932276,-0.11855319,0.4785445,-0.2739329,-0.112141386,0.3958807,-0.57421815,0.015856028,0.5642309,-0.74101645,-0.10797348,0.4396645,-0.4462661,-0.12505546,0.3308625,-0.3773501,-0.09922634,0.25487643,-0.6750737,-0.010233223,0.4307803,-0.82889843,-0.15720715,0.30850202,-0.51874435,-0.113168985,0.2037844,-0.4538789,-0.039932664,0.076654986,-0.7747611,-0.037550315,0.26603612,-0.86580294,-0.12754361,0.19399579,-0.6341129,-0.079458304,0.102471136,-0.5775062,-0.017906325
A,Alejandro,Right,0.0,0.0,0.0,0.33105966,0.09711032,-0.058074,0.6174892,-0.042188622,-0.060649212,0.77301675,-0.32142037,-0.06974254,0.8167698,-0.57696366,-0.061951082,0.54682094,-0.44020823,0.03574994,0.7078648,-0.61127883,-0.08148201,0.60505444,-0.37068295,-0.12612092,0.49201128,-0.2443741,-0.12492951,0.42537344,-0.5724458,0.025920564,0.60134286,-0.7312305,-0.106071204,0.46117282,-0.43633804,-0.13460283,0.33974704,-0.35774755,-0.112883836,0.28660604,-0.687914,-0.005337536,0.4726826,-0.83920974,-0.15742669,0.334099,-0.52496797,-0.11411953,0.21859944,-0.44612056,-0.03633263,0.11027906,-0.80622494,-0.03795634,0.31183267,-0.8990295,-0.12797324,0.23325855,-0.66123646,-0.07247318,0.13423859,-0.5881367,-0.0013961127
A,Alejandro,Right,0.0,0.0,0.0,0.313683,0.13066845,-0.07162955,0.6326228,0.021608211,-0.081215344,0.8179367,-0.25862634,-0.092747025,0.8501715,-0.5265058,-0.08823593,0.5700464,-0.40067407,0.0068713618,0.74727607,-0.5690814,-0.11441971,0.63480455,-0.34058166,-0.16038565,0.508961,-0.21057522,-0.15925246,0.44849366,-0.54238445,0.0026420124,0.6405692,-0.71112543,-0.1352529,0.4882964,-0.4215893,-0.16430807,0.3561345,-0.3292252,-0.14131288,0.3110496,-0.66679686,-0.02199247,0.50520295,-0.8303437,-0.17696176,0.3548503,-0.5152275,-0.13232066,0.23047678,-0.419217,-0.052817635,0.13449544,-0.7969165,-0.04882059,0.33739004,-0.8968334,-0.14372112,0.25009272,-0.6557183,-0.09014727,0.149634,-0.5693641,-0.019646958
A,Alejandro,Right,0.0,0.0,0.0,0.33529696,0.11830274,-0.051945955,0.6489641,0.010299051,-0.048260603,0.8262947,-0.24717753,-0.04870002,0.87224966,-0.48906085,-0.034975857,0.6033272,-0.37063774,0.024032297,0.7638093,-0.5485694,-0.0751101,0.6355813,-0.3496109,-0.1111491,0.5204461,-0.2311505,-0.10969696,0.47707295,-0.5216712,0.01680858,0.6481089,-0.6958263,-0.09251662,0.48849976,-0.43410814,-0.108254686,0.37713748,-0.33667555,-0.084493116,0.33390033,-0.65128654,-0.009000245,0.5129131,-0.81851107,-0.13889779,0.3601428,-0.52979887,-0.09112891,0.25327757,-0.42651248,-0.01773298,0.1559226,-0.7746237,-0.036199346,0.34367692,-0.8868184,-0.11452787,0.2558476,-0.6665318,-0.06046063,0.16911541,-0.58053106,0.0048457626
A,Alejandro,Right,0.0,0.0,0.0,0.31218678,0.04917594,-0.057817873,0.60263896,-0.087727405,-0.063085034,0.7765035,-0.3194782,-0.076068334,0.826132,-0.5634767,-0.070878625,0.54185617,-0.45864993,0.052153345,0.6995142,-0.59288883,-0.070120744,0.5831092,-0.36563677,-0.12899053,0.48852557,-0.28498933,-0.14151983,0.41879496,-0.5712322,0.0400992,0.5735336,-0.70128876,-0.089619055,0.44050094,-0.42609888,-0.123997785,0.35162732,-0.38874727,-0.11240299,0.27636036,-0.6671351,0.0039930963,0.43962646,-0.804543,-0.14053275,0.32277656,-0.5144341,-0.1005492,0.23610403,-0.45882317,-0.031423915,0.103687204,-0.7640791,-0.03494888,0.27119988,-0.8436049,-0.11610298,0.20372842,-0.6235382,-0.06454577,0.12057022,-0.56365824,-0.0009787257
A,Alejandro,Right,0.0,0.0,0.0,0.3050462,0.09704794,-0.05928021,0.6352437,-0.065391876,-0.057076186,0.81303024,-0.33405948,-0.05620647,0.8270336,-0.5621525,-0.0366891,0.58543545,-0.47781086,0.010074218,0.7258874,-0.670443,-0.095055796,0.6107576,-0.41554928,-0.14050025,0.53245234,-0.30553675,-0.1508666,0.44151855,-0.5830521,0.0028260585,0.567938,-0.76188415,-0.110978626,0.4496825,-0.453123,-0.12780139,0.3750994,-0.37934828,-0.110547006,0.28555542,-0.66561997,-0.023549883,0.4191131,-0.84147406,-0.15049414,0.31940517,-0.52643585,-0.09737442,0.2431108,-0.4439369,-0.0287616,0.10301968,-0.7499684,-0.05328871,0.24069381,-0.8627512,-0.12575357,0.18781301,-0.6290408,-0.069969654,0.12238363,-0.5546508,-0.008330212
A,Alejandro,Right,0.0,0.0,0.0,0.27500522,0.11346492,-0.08565228,0.6375171,-0.07542352,-0.082102716,0.81807935,-0.37954986,-0.072167896,0.78882194,-0.61462176,-0.04254516,0.60233,-0.46521437,-0.009377273,0.7167719,-0.66282165,-0.11828684,0.59186524,-0.41992128,-0.17095968,0.5216112,-0.28895956,-0.18862674,0.4451943,-0.5728977,-0.003272899,0.5368192,-0.75632256,-0.12258747,0.42307758,-0.4512138,-0.14475453,0.36446786,-0.3320665,-0.12884958,0.2847969,-0.648287,-0.01906843,0.36374047,-0.82025385,-0.15181504,0.2763401,-0.50415283,-0.108511396,0.22115996,-0.38251767,-0.045425568,0.10467665,-0.7200992,-0.041209254,0.1919381,-0.8277306,-0.12670079,0.1316274,-0.5941553,-0.08485383,0.0821718,-0.49487624,-0.03078933
A,Alejandro,Right,0.0,0.0,0.0,0.23818381,0.1076626,-0.097208336,0.58027273,-0.1131864,-0.10797495,0.7662201,-0.42974222,-0.1070719,0.73264337,-0.68061274,-0.08596033,0.5367335,-0.4509728,-0.05021975,0.62220746,-0.66236985,-0.16502756,0.506251,-0.4423731,-0.20921841,0.44559598,-0.3179847,-0.2194804,0.3729721,-0.5665672,-0.038753536,0.4568266,-0.768046,-0.17433667,0.34505063,-0.461041,-0.18945208,0.29823616,-0.36026695,-0.16551934,0.21196347,-0.6361668,-0.046773076,0.27201807,-0.80567634,-0.19075009,0.19709891,-0.49203306,-0.14051251,0.1585891,-0.38571277,-0.07072668,0.04314609,-0.70043963,-0.060677767,0.09972133,-0.7926966,-0.15363057,0.057828546,-0.5587018,-0.115066126,0.034698933,-0.48029986,-0.063549705
A,Alejandro,Right,0.0,0.0,0.0,0.2633018,0.14093478,-0.07222106,0.62250584,-0.09964489,-0.058087505,0.78556955,-0.40952206,-0.033449795,0.77011794,-0.63790154,0.008606293,0.5513816,-0.45946577,-0.03608252,0.6546715,-0.6471112,-0.13534938,0.5438369,-0.41249362,-0.17067936,0.47692892,-0.28504956,-0.17538424,0.38194776,-0.56615746,-0.029082086,0.48763356,-0.74940705,-0.1431346,0.37782505,-0.44507927,-0.15319097,0.31241897,-0.34474882,-0.13045093,0.21337514,-0.634955,-0.038577728,0.31183934,-0.79851377,-0.16733994,0.22913612,-0.48206022,-0.115187414,0.17049013,-0.3884777,-0.049784567,0.0325931,-0.70761836,-0.050711073,0.13805284,-0.8096697,-0.13163564,0.07778046,-0.5677433,-0.083377235,0.024886081,-0.4968333,-0.029342078
A,Alejandro,Right,0.0,0.0,0.0,0.28157324,0.08565376,-0.058433186,0.6107843,-0.15459815,-0.046695188,0.76875275,-0.4483805,-0.03038419,0.75051725,-0.6608508,0.0029420848,0.52262014,-0.5290539,-0.016496353,0.63438874,-0.6980389,-0.10695822,0.5454993,-0.45030865,-0.14212857,0.48211873,-0.33644688,-0.1507332,0.36591956,-0.61020756,-0.019365018,0.47058022,-0.7794288,-0.12067347,0.38659108,-0.47456473,-0.13006935,0.32397264,-0.38522565,-0.11264428,0.20410965,-0.6602054,-0.03833726,0.3101044,-0.82358974,-0.1557447,0.25167888,-0.5060759,-0.1071241,0.19455628,-0.41045916,-0.048246995,0.02282334,-0.7100888,-0.06001953,0.1370615,-0.8096453,-0.13631271,0.10219903,-0.57184356,-0.09124682,0.053819444,-0.4917495,-0.04108012
A,Alejandro,Right,0.0,0.0,0.0,0.28536394,0.07397244,-0.07287919,0.5796545,-0.13585763,-0.07346891,0.72204906,-0.42984623,-0.06909974,0.74835366,-0.6633,-0.04582997,0.4940493,-0.49749598,-0.017959392,0.6191133,-0.67474186,-0.117052644,0.532935,-0.41997874,-0.14543362,0.45521718,-0.3074394,-0.14325322,0.35163936,-0.58321667,-0.015173336,0.48013914,-0.7550543,-0.12661608,0.3892628,-0.45184806,-0.13592823,0.30706018,-0.3809335,-0.11336483,0.19683044,-0.6415212,-0.031107552,0.32939905,-0.8023135,-0.1641704,0.25353754,-0.48821688,-0.11742931,0.1758283,-0.42051238,-0.052175567,0.014600062,-0.69358826,-0.04928876,0.1606501,-0.79635984,-0.13445096,0.11953017,-0.5686243,-0.09136716,0.04751624,-0.51396596,-0.038758118
A,Alejandro,Right,0.0,0.0,0.0,0.3074756,0.06518817,-0.06397171,0.56711805,-0.15039486,-0.064440325,0.69004756,-0.44799596,-0.06723723,0.72635144,-0.6873235,-0.050188717,0.4674323,-0.5198161,0.008797335,0.6114856,-0.6945897,-0.10673084,0.5390924,-0.43658417,-0.14270122,0.43893686,-0.30183372,-0.1375569,0.33465964,-0.6103901,0.0023403962,0.49788162,-0.78082514,-0.13053085,0.40143773,-0.46923155,-0.15018815,0.29370746,-0.39191416,-0.12624963,0.19007607,-0.68319285,-0.025008192,0.36448106,-0.8474245,-0.17538609,0.2807234,-0.5306857,-0.12963709,0.17848475,-0.4616649,-0.056786414,0.008189975,-0.7528242,-0.054263644,0.20360819,-0.84805536,-0.14716996,0.15667024,-0.6137249,-0.09895758,0.063445665,-0.55414224,-0.0378774
A,Alejandro,Right,0.0,0.0,0.0,0.29644248,0.08487908,-0.07639964,0.5762161,-0.10233951,-0.080652304,0.7249504,-0.39152557,-0.0881401,0.7664101,-0.64235157,-0.07535627,0.5106638,-0.518898,0.02126648,0.6774321,-0.70760584,-0.1026789,0.57494,-0.44765988,-0.14885613,0.45211858,-0.29427394,-0.1456835,0.38536632,-0.6299906,0.024212494,0.5494177,-0.79155296,-0.11017432,0.41720322,-0.4818495,-0.13134404,0.29652256,-0.3866981,-0.103867695,0.23752728,-0.7284612,0.0020990917,0.42153454,-0.88183624,-0.14675027,0.2987477,-0.56127435,-0.10153195,0.17986074,-0.47221774,-0.02373516,0.048890337,-0.8236091,-0.023808712,0.25870866,-0.9210926,-0.110484265,0.19673383,-0.68251246,-0.059095487,0.09864099,-0.6077745,0.00860788
A,Alejandro,Right,0.0,0.0,0.0,0.3222053,0.06652978,-0.050976258,0.57717526,-0.100902475,-0.053264983,0.7055119,-0.38740042,-0.06831096,0.7670351,-0.64160514,-0.06732256,0.5087505,-0.50081664,0.050042186,0.680998,-0.6947144,-0.06574244,0.6023698,-0.45088604,-0.115381666,0.4728958,-0.29092562,-0.116294295,0.40053692,-0.61792076,0.034238953,0.5945143,-0.80707705,-0.09974916,0.47491255,-0.51098484,-0.1363494,0.32830212,-0.38455966,-0.118093744,0.27046278,-0.73417366,-0.0035056379,0.48946348,-0.9204245,-0.15455917,0.36749747,-0.59799063,-0.119629204,0.22247444,-0.4719277,-0.04515869,0.09066034,-0.8515256,-0.043031827,0.3196057,-0.96204597,-0.14193778,0.26119262,-0.7149566,-0.095422,0.14795181,-0.6068737,-0.027435882
B,Alejandro,Right,0.0,0.0,0.0,0.15627351,-0.10727357,-0.042401854,0.25393584,-0.2936627,-0.038711894,0.22105703,-0.47929722,-0.03471009,0.13784437,-0.5606917,-0.030146237,0.2216998,-0.47258672,0.03576834,0.25638145,-0.65050995,0.020220883,0.26403075,-0.76639485,-0.008261901,0.27082166,-0.87398094,-0.034030233,0.14720002,-0.5137872,0.032296464,0.17709452,-0.7160759,0.017020365,0.19402383,-0.856837,-0.017272305,0.20880654,-0.97795695,-0.045261454,0.072110444,-0.5114996,0.017834561,0.09217759,-0.7096086,-0.008190436,0.11536501,-0.8344329,-0.04090625,0.13203235,-0.9381636,-0.06371357,-0.015286783,-0.4780929,-0.0022542046,-0.0017518667,-0.63713235,-0.029150266,0.019419469,-0.73955655,-0.04671278,0.040101066,-0.833509,-0.060118925
B,Alejandro,Right,0.0,0.0,0.0,0.16328721,-0.10595143,-0.04106823,0.2615577,-0.298717,-0.033848606,0.23320316,-0.48637268,-0.026689107,0.15192786,-0.57162315,-0.01858286,0.2270501,-0.4685903,0.044529106,0.26659536,-0.6440313,0.03189922,0.27711025,-0.75894177,0.005007136,0.28635672,-0.8667991,-0.020366685,0.15366656,-0.51313716,0.041388366,0.18781501,-0.70974207,0.027733034,0.20928387,-0.8496655,-0.0066330205,0.229455,-0.9733193,-0.035244144,0.07799345,-0.5142594,0.026627025,0.10356558,-0.70987016,0.0003822576,0.12979177,-0.8315418,-0.033513427,0.14946462,-0.9343054,-0.05723711,-0.010694809,-0.48486266,0.006288322,0.010395897,-0.6400148,-0.022411443,0.036173165,-0.74178946,-0.042729713,0.061586253,-0.83682007,-0.05821233
B,Alejandro,Right,0.0,0.0,0.0,0.15856138,-0.108178884,-0.039594594,0.25728765,-0.30225733,-0.034483347,0.22970325,-0.49072868,-0.028851243,0.14414246,-0.57135445,-0.021684352,0.22745186,-0.47195935,0.041125774,0.2642278,-0.6474122,0.029058628,0.27171758,-0.76261574,0.0024797325,0.27788317,-0.86903226,-0.022503622,0.151726,-0.51609236,0.038022425,0.18407266,-0.71617806,0.025997737,0.20284581,-0.8543948,-0.0060606897,0.21848704,-0.97583985,-0.032801345,0.075409345,-0.5172951,0.024350377,0.09788044,-0.7141438,0.0011881251,0.12118554,-0.8339206,-0.028993484,0.13591526,-0.9326426,-0.05043616,-0.012125942,-0.48691157,0.005349202,0.0026358434,-0.6410953,-0.018796507,0.026398819,-0.7404402,-0.03447389,0.049361803,-0.83024025,-0.046798017
B,Alejandro,Right,0.0,0.0,0.0,0.15514448,-0.1059502,-0.03974431,0.24887854,-0.30221152,-0.03325287,0.22308837,-0.4880362,-0.026729144,0.14209728,-0.57212627,-0.018789185,0.21536867,-0.4747879,0.040889464,0.24935302,-0.6531887,0.028333046,0.2558471,-0.7688161,0.0020539395,0.2604253,-0.8761274,-0.022288872,0.14077719,-0.5172267,0.038174875,0.16971105,-0.71712345,0.025663069,0.1864884,-0.85739017,-0.0053893477,0.20067675,-0.97965753,-0.031046025,0.06649705,-0.51776594,0.024481725,0.08622439,-0.7141853,0.0018927968,0.1067242,-0.8340297,-0.026948877,0.12020204,-0.93144035,-0.047325935,-0.018179106,-0.4880783,0.005044264,-0.0040001543,-0.6416052,-0.018649751,0.017639501,-0.7398523,-0.03409551,0.03876439,-0.8277061,-0.046052374
B,Alejandro,Right,0.0,0.0,0.0,0.14601803,-0.11263468,-0.03824848,0.22846717,-0.2998185,-0.035876483,0.18985213,-0.4721742,-0.033144716,0.10794797,-0.5439088,-0.02946382,0.19527014,-0.47743875,0.02836515,0.22421192,-0.6604982,0.012813604,0.22511922,-0.7752248,-0.014365518,0.22364831,-0.8824561,-0.0390416,0.1206877,-0.5137362,0.024629883,0.14490321,-0.71996385,0.008478574,0.15402682,-0.8626361,-0.023854727,0.1589097,-0.9872931,-0.050188404,0.049109966,-0.5045275,0.011532009,0.062473286,-0.7053882,-0.012315186,0.07528908,-0.8233382,-0.04091618,0.078373566,-0.9184867,-0.06061164,-0.028098207,-0.46212062,-0.006757183,-0.017598385,-0.62076163,-0.02922468,-0.004024798,-0.7222424,-0.04334939,0.0070880544,-0.81191564,-0.054325335
B,Alejandro,Right,0.0,0.0,0.0,0.12742788,-0.09484794,-0.06251061,0.21925782,-0.29345474,-0.07254514,0.17573828,-0.4759601,-0.07505353,0.0824225,-0.56507194,-0.074359015,0.17778578,-0.49059337,-0.003396877,0.20639133,-0.6747244,-0.02289054,0.20396224,-0.79191333,-0.049385853,0.20182556,-0.90231866,-0.07293676,0.09002915,-0.53271985,0.0038437347,0.11326136,-0.7322217,-0.012562722,0.12251077,-0.8683643,-0.04001944,0.12979156,-0.9915413,-0.06283069,0.007888963,-0.5312988,0.00078689633,0.022362798,-0.7206733,-0.023388535,0.041399233,-0.84098864,-0.049747653,0.052664105,-0.94660884,-0.06928318,-0.074331306,-0.4986903,-0.009141411,-0.068915136,-0.6474927,-0.032739755,-0.054474313,-0.72925234,-0.044092316,-0.040778358,-0.80153054,-0.053050544
B,Alejandro,Right,0.0,0.0,0.0,0.11781934,-0.113684565,-0.053923666,0.19024213,-0.31591436,-0.063307464,0.15936138,-0.49555555,-0.06904168,0.07171246,-0.5759338,-0.0730935,0.1441388,-0.5321685,0.008631887,0.16856617,-0.7109761,-0.013115758,0.16820495,-0.818961,-0.045387752,0.16617934,-0.92250514,-0.07364768,0.06445371,-0.5606569,0.0091975555,0.08880806,-0.7541758,-0.009292305,0.09423382,-0.8794266,-0.042384315,0.095384784,-0.9954405,-0.07006379,-0.01344951,-0.54516125,-0.00035416608,0.009263648,-0.72876257,-0.023705855,0.023710541,-0.8398644,-0.049350183,0.029103987,-0.93371713,-0.06943683,-0.096826255,-0.49384657,-0.016562441,-0.08547923,-0.6431159,-0.038277153,-0.062310193,-0.73381233,-0.048458796,-0.039507564,-0.81035215,-0.057247687
B,Alejandro,Right,0.0,0.0,0.0,0.13569468,-0.13265702,-0.046390582,0.21398675,-0.32513613,-0.053267807,0.19240507,-0.49633148,-0.059768897,0.12723808,-0.5965929,-0.06580195,0.14992595,-0.5115352,0.012043058,0.17838328,-0.6890622,-0.019044958,0.19329725,-0.79925174,-0.0535404,0.20733242,-0.90343803,-0.08052742,0.07218931,-0.53506404,0.006741714,0.10161,-0.7373685,-0.022512991,0.119803265,-0.86909354,-0.056673415,0.13822132,-0.9904014,-0.08219406,-0.00404201,-0.5195219,-0.00955794,0.0227635,-0.71586615,-0.044813417,0.04799284,-0.8383962,-0.07131791,0.07070185,-0.9481739,-0.088477574,-0.08855192,-0.47111216,-0.031721137,-0.06404486,-0.6328034,-0.06491364,-0.03727924,-0.73545814,-0.07968711,-0.010871428,-0.8330015,-0.08922979
B,Alejandro,Right,0.0,0.0,0.0,0.1357106,-0.11067328,-0.04346518,0.21725236,-0.30184177,-0.049166363,0.2099222,-0.47325957,-0.054308474,0.14530788,-0.5730823,-0.060116388,0.15938321,-0.4996493,0.0029193398,0.1960057,-0.6793016,-0.02622437,0.21244423,-0.78831214,-0.058406178,0.22666891,-0.8912353,-0.08462228,0.0845475,-0.5250821,-0.0050083664,0.12066647,-0.72916806,-0.032709435,0.14403088,-0.86246634,-0.0666377,0.16533276,-0.9862378,-0.0931124,0.010456529,-0.50863594,-0.022604216,0.041496646,-0.7076803,-0.057477515,0.06959423,-0.8328177,-0.08738539,0.09350041,-0.945937,-0.10803246,-0.07268058,-0.46112245,-0.045225088,-0.047116257,-0.6218039,-0.08056686,-0.018921018,-0.7246257,-0.09887383,0.008850077,-0.82153624,-0.11177215
B,Alejandro,Right,0.0,0.0,0.0,0.13130777,-0.12036962,-0.038718585,0.20847994,-0.31405962,-0.04536459,0.20693208,-0.48008153,-0.052746374,0.14561047,-0.57930297,-0.060498457,0.15560724,-0.515766,0.008430423,0.19153026,-0.69351524,-0.021471303,0.21018513,-0.7985578,-0.054150313,0.22573364,-0.8975228,-0.08019422,0.08418228,-0.53616637,-0.0021828802,0.12306745,-0.73738587,-0.030662432,0.14810407,-0.8645515,-0.06354387,0.17017327,-0.98541415,-0.08867734,0.011268824,-0.51680714,-0.022676922,0.047062088,-0.71348923,-0.057764474,0.077697545,-0.8357186,-0.08600942,0.10326639,-0.9488421,-0.10526335,-0.07151442,-0.4665051,-0.048016135,-0.041018654,-0.6236229,-0.08263821,-0.009943338,-0.7234479,-0.09974562,0.02089802,-0.81751823,-0.11170089
B,Alejandro,Right,0.0,0.0,0.0,0.13310242,-0.1377677,-0.03253694,0.18839172,-0.3411558,-0.03440187,0.17856213,-0.49690697,-0.039905854,0.11706054,-0.5914257,-0.046450075,0.12116788,-0.5322243,0.02256012,0.1614467,-0.702753,-0.011497464,0.19203363,-0.80775356,-0.048168976,0.21907276,-0.908963,-0.07629355,0.053440053,-0.5471179,0.008565432,0.09468421,-0.7450316,-0.023023397,0.12668853,-0.86841214,-0.056500684,0.15809155,-0.98742443,-0.08117629,-0.016894363,-0.5244378,-0.016416363,0.02121206,-0.7225195,-0.055910956,0.05822811,-0.84300846,-0.08184011,0.09203864,-0.95377946,-0.09743217,-0.09586612,-0.46972314,-0.046239547,-0.06353721,-0.6348147,-0.08301332,-0.027988456,-0.73910844,-0.09859812,0.00891566,-0.8343294,-0.10857018
B,Alejandro,Right,0.0,0.0,0.0,0.12953146,-0.12687698,-0.03838819,0.19263265,-0.31733313,-0.04130902,0.18710911,-0.47998607,-0.046124402,0.13898993,-0.5948599,-0.050077654,0.12555645,-0.50717187,0.026742795,0.16960613,-0.68612814,-0.0047056386,0.20236178,-0.7970105,-0.038490135,0.23155966,-0.89790416,-0.06296098,0.062607646,-0.53083974,0.017229708,0.109720744,-0.73531973,-0.010066542,0.14867826,-0.8658606,-0.04163698,0.18580157,-0.9825873,-0.064214,-0.0038573474,-0.51821876,-0.0044291173,0.036608323,-0.71800953,-0.037907947,0.07836586,-0.84241575,-0.06324281,0.117232345,-0.9511485,-0.07856284,-0.07922825,-0.47710118,-0.031790704,-0.046905007,-0.64285684,-0.06314659,-0.013586717,-0.7493206,-0.07707325,0.020546505,-0.8482505,-0.08557566
B,Alejandro,Right,0.0,0.0,0.0,0.1543605,-0.11029744,-0.03396245,0.2257977,-0.3036978,-0.030134385,0.21146172,-0.46690673,-0.02865745,0.19195479,-0.5855966,-0.026103077,0.18423408,-0.49050057,0.03501086,0.23947902,-0.65824986,0.0061701094,0.2802796,-0.7673297,-0.026097696,0.315783,-0.86213243,-0.049816344,0.11656325,-0.5271858,0.025256265,0.17202081,-0.7229536,-0.0020436903,0.21510042,-0.85243195,-0.034525335,0.25865287,-0.96597034,-0.05681466,0.045187127,-0.5291892,0.0035415248,0.09346203,-0.7263315,-0.032067,0.1416219,-0.84864944,-0.06059688,0.18873551,-0.9543322,-0.07692435,-0.036299646,-0.50112504,-0.022988062,0.009182167,-0.6626284,-0.055615537,0.05202017,-0.7599069,-0.070952244,0.09609775,-0.8481755,-0.079776265
B,Alejandro,Right,0.0,0.0,0.0,0.13747098,-0.10364308,-0.0072622234,0.20828524,-0.30869186,0.0047131246,0.21328737,-0.4641913,0.0066902703,0.19825459,-0.5913745,0.008879732,0.1574086,-0.5052866,0.06336773,0.2046289,-0.66999155,0.03238671,0.25749052,-0.77492845,-0.0024341673,0.3061577,-0.8588819,-0.026696883,0.10322469,-0.53984755,0.036974326,0.156311,-0.7366434,0.011920178,0.21395516,-0.8583915,-0.017543532,0.27421087,-0.96166956,-0.038168766,0.037776444,-0.5433235,-0.0017801563,0.09178765,-0.74687785,-0.034828484,0.15404204,-0.8661734,-0.05879252,0.21555343,-0.9677222,-0.07354055,-0.035766374,-0.52112454,-0.044077184,0.009402362,-0.692372,-0.07441659,0.05388401,-0.79951465,-0.08753275,0.10180361,-0.8931331,-0.09641631
B,Alejandro,Right,0.0,0.0,0.0,0.14130668,-0.09715743,-0.012951552,0.20852324,-0.29646093,-0.0035995555,0.222829,-0.44616252,-0.0019031195,0.22277963,-0.5751277,0.00018789415,0.16246475,-0.49468756,0.051230885,0.230258,-0.65381795,0.023592249,0.2849219,-0.75630254,-0.0068072807,0.3291705,-0.84961504,-0.028457103,0.120512374,-0.52829635,0.029322987,0.19523235,-0.7225994,0.008183016,0.25458667,-0.84457725,-0.016403317,0.3066066,-0.95183635,-0.034142427,0.06500404,-0.52883244,-0.004348623,0.12844561,-0.7302969,-0.03205542,0.18520953,-0.8496378,-0.052422803,0.23394066,-0.9530192,-0.06495079,-0.00035707446,-0.5080711,-0.04197188,0.053269427,-0.67933565,-0.0683544,0.10271069,-0.78642,-0.08008989,0.15128312,-0.88406295,-0.087973654
B,Alejandro,Right,0.0,0.0,0.0,0.14587869,-0.10645534,0.004110734,0.20473917,-0.30505502,0.020421652,0.2171321,-0.44887105,0.025130142,0.22382262,-0.57479334,0.029565973,0.16246694,-0.49125668,0.07314369,0.23107727,-0.6488654,0.051406544,0.28808695,-0.74857235,0.022659224,0.33490345,-0.8394082,0.0018841692,0.12301356,-0.5251536,0.043608524,0.1977537,-0.7182657,0.029742971,0.2584687,-0.84240997,0.0069270525,0.3122602,-0.9499966,-0.010766344,0.07019154,-0.52626055,0.002967839,0.1382523,-0.7251983,-0.017585875,0.20151389,-0.84652954,-0.036689397,0.25577936,-0.9492864,-0.050003305,0.0074911863,-0.50464743,-0.040526975,0.0642246,-0.67426866,-0.060869053,0.11559968,-0.77939504,-0.06959606,0.16503552,-0.87285286,-0.076404534
B,Alejandro,Right,0.0,0.0,0.0,0.15292378,-0.10610768,0.017024819,0.21311076,-0.3167167,0.041439377,0.22963361,-0.458114,0.050380435,0.24767648,-0.5823579,0.059325155,0.1723167,-0.50070286,0.09870259,0.23700342,-0.6547905,0.08212129,0.2965793,-0.75231,0.054631352,0.3467272,-0.8402701,0.033562586,0.13667136,-0.53313065,0.062427692,0.20832308,-0.71634173,0.052163202,0.27363193,-0.83722806,0.028535314,0.3319589,-0.94329387,0.009951804,0.08875807,-0.5341313,0.014684529,0.15974548,-0.7296316,-0.002852589,0.22581798,-0.84974116,-0.022283271,0.282591,-0.9538161,-0.03629847,0.035587747,-0.5128305,-0.035576504,0.09731192,-0.68177503,-0.053663123,0.15104751,-0.78561604,-0.06266383,0.20379482,-0.8780371,-0.070038944
B,Alejandro,Right,0.0,0.0,0.0,0.15670995,-0.09541509,0.014380085,0.2176087,-0.31329042,0.043505423,0.23875472,-0.45516005,0.05768757,0.2591811,-0.569319,0.07245103,0.17570484,-0.49307963,0.10569182,0.23564497,-0.6485151,0.08801158,0.29984844,-0.75467294,0.057356384,0.35121125,-0.8458708,0.03409388,0.14261362,-0.52298254,0.07125154,0.2140814,-0.7060015,0.05714645,0.28446203,-0.82870823,0.026939908,0.34808782,-0.9374619,0.004483386,0.10075442,-0.5259907,0.024684353,0.17336251,-0.718423,0.00016848785,0.24858813,-0.83903265,-0.026717268,0.31269568,-0.9445833,-0.04334624,0.055239365,-0.5127779,-0.024329051,0.12418628,-0.6836122,-0.047230132,0.18476832,-0.7904772,-0.06100628,0.24359752,-0.88658065,-0.07092086
B,Alejandro,Right,0.0,0.0,0.0,0.14396876,-0.056540664,-0.04797954,0.26705137,-0.24440718,-0.054050513,0.3254119,-0.39369896,-0.060352124,0.35672557,-0.50856113,-0.06614558,0.23905754,-0.458803,0.0012215272,0.30893612,-0.61603105,-0.048649136,0.35886362,-0.72080415,-0.0934116,0.40019232,-0.79665637,-0.120782055,0.16396612,-0.50549453,-0.007380949,0.23038153,-0.6997971,-0.051947325,0.2817004,-0.8328346,-0.091355346,0.3313429,-0.9435104,-0.1147085,0.08118701,-0.51120585,-0.028688068,0.13950002,-0.70973366,-0.07690099,0.1941587,-0.83190876,-0.10305184,0.24844094,-0.9340842,-0.115086816,-0.014572978,-0.48466265,-0.05615764,0.0390462,-0.6429906,-0.09894739,0.082274124,-0.7472909,-0.113901675,0.13037093,-0.83659136,-0.11943063
B,Alejandro,Right,0.0,0.0,0.0,0.12830536,-0.1083046,-0.041030042,0.19542599,-0.32207578,-0.04176534,0.18669036,-0.49436343,-0.043080643,0.13314867,-0.6052248,-0.042639874,0.12961754,-0.5133898,0.023286317,0.15771405,-0.6887232,-0.005782365,0.17909399,-0.7940906,-0.0380597,0.19708516,-0.8880947,-0.062210754,0.06367121,-0.53773654,0.016468776,0.09516719,-0.7410816,-0.010022708,0.12105821,-0.8711772,-0.04064118,0.14625375,-0.9892471,-0.06309882,-0.0016787355,-0.52628314,-0.0025576612,0.030879525,-0.7262662,-0.035878055,0.065510705,-0.8477876,-0.062336948,0.09692654,-0.95375454,-0.07934001,-0.075428165,-0.4859474,-0.027413027,-0.04156273,-0.64095455,-0.059430595,-0.0087648975,-0.7440002,-0.076375514,0.025194129,-0.84098893,-0.08797465
B,Alejandro,Right,0.0,0.0,0.0,0.1354381,-0.12945819,-0.0390327,0.19992799,-0.34154508,-0.03586599,0.17315756,-0.51414776,-0.033611212,0.113380305,-0.62062854,-0.030024402,0.1257197,-0.5170493,0.03411374,0.14996843,-0.69295424,0.011688305,0.16485083,-0.801446,-0.017187487,0.17776056,-0.8987128,-0.03962502,0.053516608,-0.53860927,0.028509352,0.07886233,-0.7401215,0.008885793,0.09908645,-0.8723768,-0.020857241,0.11764758,-0.9930554,-0.042958923,-0.01574138,-0.52266264,0.010947525,0.007397687,-0.71801704,-0.017369876,0.032029204,-0.8413477,-0.044491176,0.05256355,-0.95084083,-0.061868813,-0.09397116,-0.474907,-0.011979657,-0.0729142,-0.6316232,-0.040325645,-0.048113246,-0.73556864,-0.055580113,-0.023097081,-0.834069,-0.06555747
B,Alejandro,Right,0.0,0.0,0.0,0.1399374,-0.14695038,-0.038590726,0.20598963,-0.35200495,-0.033969734,0.17944826,-0.52596635,-0.030786704,0.123786256,-0.6389337,-0.025895167,0.137434,-0.50536966,0.04157469,0.16635062,-0.6891933,0.021102736,0.17920816,-0.80197453,-0.0066927513,0.18969099,-0.9044987,-0.028798826,0.06341818,-0.5305519,0.036164563,0.09169994,-0.7361819,0.01623967,0.11177798,-0.8722384,-0.015363702,0.129832,-0.991536,-0.038970117,-0.008692691,-0.5193377,0.018276466,0.016952382,-0.7172852,-0.011660426,0.044455636,-0.8427301,-0.042111814,0.06631925,-0.95047736,-0.061398406,-0.08997038,-0.48011655,-0.0048059667,-0.06440833,-0.6396062,-0.035179116,-0.037436564,-0.74429095,-0.05337953,-0.010055131,-0.8429473,-0.065373324
B,Alejandro,Right,0.0,0.0,0.0,0.14235543,-0.13430682,-0.038178913,0.20905815,-0.33339825,-0.03293025,0.18797447,-0.515581,-0.029726854,0.13340808,-0.6351234,-0.025170136,0.14149557,-0.497199,0.04703997,0.17076871,-0.67980915,0.028377522,0.18496315,-0.791001,0.0012243112,0.19752833,-0.89108604,-0.020919861,0.06978571,-0.52613574,0.041242998,0.098343715,-0.7341789,0.02323743,0.11859103,-0.8705245,-0.008159226,0.13793074,-0.99044186,-0.032111693,-0.0009002327,-0.51822245,0.02267599,0.023764871,-0.721692,-0.0067050783,0.04998106,-0.847078,-0.036659133,0.07159616,-0.9545287,-0.05590126,-0.082510516,-0.48023522,-0.0011107465,-0.060784955,-0.64321434,-0.032083523,-0.036118675,-0.7470567,-0.05023679,-0.010708402,-0.8452556,-0.0622877
B,Alejandro,Right,0.0,0.0,0.0,0.14199111,-0.13034259,-0.03894136,0.21327287,-0.33383858,-0.03259211,0.19241695,-0.5169582,-0.027691858,0.13563986,-0.6331089,-0.021154283,0.1447616,-0.5004404,0.049444057,0.17468767,-0.68069637,0.032559216,0.1879011,-0.7910886,0.0055138003,0.19898365,-0.891398,-0.017098516,0.074211285,-0.52918124,0.04476032,0.102714814,-0.73369676,0.027972082,0.12207816,-0.8695214,-0.0038914322,0.13979349,-0.9901807,-0.028511282,0.0047251745,-0.5216896,0.02723912,0.030517258,-0.7224237,-0.00074129493,0.056665894,-0.84595764,-0.030504825,0.07657859,-0.9526671,-0.049993128,-0.075543,-0.48547637,0.004334166,-0.0525767,-0.64815795,-0.025102824,-0.02784778,-0.7512688,-0.04281509,-0.0033223382,-0.85023254,-0.054916658
B,Alejandro,Right,0.0,0.0,0.0,0.15995125,-0.13452622,-0.03332907,0.22876242,-0.34091544,-0.021917777,0.1934933,-0.5187644,-0.012917766,0.14861244,-0.6342713,-0.0014289726,0.1727083,-0.51004976,0.060521886,0.19832118,-0.6834918,0.046814464,0.20883217,-0.79100984,0.020987129,0.2160033,-0.8881429,-0.0011184792,0.09958102,-0.540848,0.05575321,0.12507628,-0.738432,0.04113079,0.14186776,-0.8694519,0.009733463,0.15866897,-0.98733187,-0.014484995,0.026515428,-0.53720856,0.03799515,0.053043924,-0.73574746,0.009473261,0.07826588,-0.84964836,-0.022060625,0.09718603,-0.94656736,-0.041702136,-0.057885744,-0.504001,0.015407942,-0.02848839,-0.6567068,-0.014312274,-0.0020908827,-0.7515867,-0.03389181,0.022722501,-0.83957946,-0.04676444
B,Alejandro,Right,0.0,0.0,0.0,0.16151756,-0.124782726,-0.038381103,0.24472812,-0.32528225,-0.030647552,0.21727388,-0.5073655,-0.023958446,0.16866536,-0.61714673,-0.015039666,0.18827933,-0.50028205,0.050484076,0.22004251,-0.6718354,0.034927215,0.23338969,-0.7795708,0.0073349713,0.245156,-0.8803155,-0.016136164,0.115684815,-0.53252304,0.04693149,0.1473544,-0.7307703,0.032144368,0.16845813,-0.8624064,0.00062059506,0.18793689,-0.98218113,-0.023896158,0.044306137,-0.52893263,0.03072414,0.074053966,-0.724459,0.003848411,0.10224945,-0.8442528,-0.02712912,0.12428796,-0.9483961,-0.046806104,-0.037206564,-0.49649188,0.009086674,-0.008854343,-0.65583825,-0.01830007,0.018063877,-0.7559805,-0.035942223,0.042934336,-0.8495227,-0.04778028
B,Alejandro,Right,0.0,0.0,0.0,0.15697096,-0.108516,-0.039778545,0.23943308,-0.30114144,-0.034572773,0.22701353,-0.48954,-0.030269232,0.1778779,-0.6104369,-0.02421457,0.18510629,-0.47712666,0.04230758,0.22497025,-0.6571357,0.024902226,0.24368799,-0.7668627,-0.0022018056,0.26128224,-0.86789334,-0.025508462,0.115579225,-0.51464474,0.03827184,0.1547184,-0.7205609,0.02173101,0.18262064,-0.8568039,-0.010082783,0.20864485,-0.97799146,-0.03576834,0.045649156,-0.51440114,0.021993246,0.07830465,-0.7129525,-0.0062951013,0.10933464,-0.834911,-0.0376188,0.1335954,-0.93859845,-0.0588796,-0.03548955,-0.48596904,0.00044341828,-0.008548751,-0.63971156,-0.030394679,0.019256694,-0.7390547,-0.050450817,0.045443382,-0.832383,-0.06486655
B,Alejandro,Right,0.0,0.0,0.0,0.15870622,-0.12048297,-0.037214275,0.23909374,-0.3088082,-0.03047178,0.220379,-0.49382505,-0.025693592,0.16917157,-0.61539084,-0.019193029,0.17956431,-0.47892222,0.054117918,0.2143119,-0.659637,0.03792409,0.23132098,-0.7721872,0.010764795,0.24943271,-0.87473786,-0.012449435,0.109440416,-0.5157792,0.048846066,0.1445775,-0.7210687,0.0334271,0.1710418,-0.85976326,0.0003840742,0.19902155,-0.97999513,-0.025853297,0.03853112,-0.5150497,0.030593012,0.06706469,-0.7145259,0.0024241777,0.09629741,-0.83732736,-0.029745335,0.12149832,-0.9410764,-0.051152777,-0.043087427,-0.48506072,0.0071023735,-0.014217722,-0.64034724,-0.023735099,0.011733135,-0.7409883,-0.044247657,0.036055535,-0.8368783,-0.058638364
B,Alejandro,Right,0.0,0.0,0.0,0.15377435,-0.112112574,-0.043523956,0.23888743,-0.30879614,-0.039264686,0.22125502,-0.49398863,-0.035154417,0.1707266,-0.6113667,-0.028744228,0.17787285,-0.48007834,0.04052411,0.21762693,-0.6569787,0.021109253,0.23622702,-0.7696044,-0.0071200137,0.25160208,-0.87317,-0.030371383,0.10732316,-0.51683056,0.037787605,0.14705226,-0.7218352,0.019202873,0.17478836,-0.8589097,-0.013230466,0.19872394,-0.9800555,-0.03786882,0.03770897,-0.51587933,0.02232376,0.07141918,-0.71507233,-0.0075218924,0.103063196,-0.83730596,-0.03901758,0.12707469,-0.9414823,-0.059025418,-0.041237425,-0.4875663,0.0011919548,-0.011261833,-0.6456792,-0.028711088,0.01866517,-0.7472235,-0.047359485,0.04724111,-0.84265447,-0.060093306
B,Alejandro,Right,0.0,0.0,0.0,0.1519257,-0.11427764,-0.03857966,0.23466903,-0.3068737,-0.033820517,0.2182354,-0.4900936,-0.030601839,0.17510787,-0.61583495,-0.025140444,0.18207958,-0.48597836,0.04834369,0.21916895,-0.6618854,0.030653471,0.23908961,-0.7721082,0.0040665274,0.25812182,-0.8703801,-0.017548133,0.11128355,-0.5245139,0.043324176,0.15181579,-0.7305456,0.027871631,0.18172996,-0.8636068,-0.0010827879,0.21133773,-0.9774131,-0.023431335,0.04025388,-0.5249784,0.025252907,0.074843414,-0.72100234,-0.001496063,0.10588853,-0.841549,-0.0292663,0.13347644,-0.9407684,-0.04723387,-0.040925037,-0.4955453,0.0016103745,-0.011757498,-0.6503897,-0.02583421,0.015818719,-0.748825,-0.041935563,0.04401719,-0.84165984,-0.05299617
B,Alejandro,Right,0.0,0.0,0.0,0.1551745,-0.12556328,-0.028725993,0.23279746,-0.32140055,-0.022222644,0.22325915,-0.49684614,-0.021573583,0.17657693,-0.6267711,-0.02057421,0.17669341,-0.49150333,0.0641434,0.21463682,-0.67369497,0.039163485,0.24151045,-0.7976034,0.0065433336,0.26915625,-0.9016444,-0.018326329,0.10770134,-0.5260563,0.05120692,0.14585926,-0.7250585,0.026732879,0.1765825,-0.862116,-0.010355536,0.21230589,-0.97720325,-0.036788862,0.03484689,-0.52878594,0.0245563,0.069804,-0.72953486,-0.010421158,0.10149479,-0.8583146,-0.042222615,0.13319129,-0.96516615,-0.06144639,-0.04720111,-0.5077052,-0.006978158,-0.009129171,-0.67176074,-0.040747475,0.02060776,-0.7816584,-0.060002536,0.05180399,-0.88471556,-0.07235987
B,Alejandro,Right,0.0,0.0,0.0,0.13959904,-0.11024118,-0.034908276,0.22233711,-0.31105733,-0.03334352,0.20896639,-0.4837548,-0.03341997,0.16380309,-0.59670687,-0.03185532,0.16252501,-0.5104438,0.027385933,0.20030864,-0.67908895,-0.00053321745,0.22361402,-0.7820766,-0.032779932,0.24316876,-0.87762123,-0.05744691,0.09447639,-0.5362653,0.017546766,0.13425472,-0.73626053,-0.008058361,0.16421413,-0.8646667,-0.038492754,0.19117169,-0.9815566,-0.060328554,0.02601745,-0.5259419,-0.003332108,0.05627312,-0.7219773,-0.035867076,0.08786253,-0.8379446,-0.05903327,0.11631258,-0.94580376,-0.07323554,-0.051352184,-0.48404354,-0.029569507,-0.025288034,-0.64012337,-0.05975297,0.002697498,-0.74151224,-0.07230729,0.03227178,-0.84185606,-0.08052692
B,Alejandro,Right,0.0,0.0,0.0,0.12995741,-0.12503447,-0.039993796,0.2037572,-0.31498557,-0.04623204,0.19814047,-0.47481865,-0.053195,0.14664027,-0.58385175,-0.06009667,0.14044549,-0.49695045,0.0048968447,0.18707818,-0.6743437,-0.030557305,0.21234675,-0.7812083,-0.06551809,0.23493733,-0.8822882,-0.091050796,0.07111722,-0.52029514,-0.0048726373,0.117685355,-0.72698927,-0.037188534,0.1469549,-0.86255354,-0.070513494,0.1734331,-0.98484564,-0.094893746,0.0008702772,-0.50447124,-0.025042713,0.03691351,-0.70505065,-0.062124394,0.06939756,-0.8337167,-0.08997666,0.09891008,-0.94878584,-0.108015105,-0.07855797,-0.45832378,-0.05027202,-0.050968993,-0.61926126,-0.08512184,-0.020647792,-0.726089,-0.10177103,0.012224737,-0.82854736,-0.11290267
B,Alejandro,Right,0.0,0.0,0.0,0.13574235,-0.10856724,-0.042756706,0.22141834,-0.30192545,-0.046962354,0.22812925,-0.4732191,-0.051928278,0.18081811,-0.5922121,-0.055616256,0.17340127,-0.5023001,0.017261107,0.21878839,-0.6762492,-0.012611128,0.24400786,-0.78223294,-0.045701455,0.26565322,-0.88217944,-0.0715944,0.10736018,-0.53118813,0.0096264025,0.15117209,-0.7318468,-0.018044049,0.18201378,-0.8590723,-0.050184254,0.20984456,-0.97773474,-0.075042084,0.038137224,-0.5197936,-0.009796003,0.077292636,-0.714994,-0.045060825,0.11069452,-0.8357752,-0.07253311,0.13920486,-0.9450778,-0.091037385,-0.041869793,-0.4793451,-0.035072286,-0.010391223,-0.6334143,-0.07035287,0.019843144,-0.73531806,-0.08898293,0.051132966,-0.8348606,-0.102114156
B,Alejandro,Right,0.0,0.0,0.0,0.15923548,-0.12234842,-0.028650189,0.2381723,-0.31741908,-0.01821529,0.23242638,-0.49073774,-0.011326039,0.20029312,-0.6126241,-0.0034446453,0.19992547,-0.4916206,0.053726595,0.2422545,-0.66858035,0.03916738,0.26471958,-0.77267236,0.01351306,0.28509504,-0.86732507,-0.008024027,0.13058339,-0.5250705,0.04535028,0.17238994,-0.7256013,0.031210313,0.20188364,-0.85616505,0.0003288993,0.23119262,-0.972908,-0.024029866,0.058488764,-0.5216547,0.025175625,0.09767337,-0.7173089,-0.0008857269,0.13051285,-0.83578473,-0.03141197,0.15792774,-0.9375791,-0.05149424,-0.02531019,-0.49078488,0.0006608679,0.0062685707,-0.6446048,-0.027765524,0.03527436,-0.74335515,-0.04596888,0.06449882,-0.83750904,-0.058430653
B,Alejandro,Right,0.0,0.0,0.0,0.1580215,-0.114464246,-0.033956245,0.24743028,-0.30177727,-0.02929792,0.24057893,-0.4707178,-0.026820289,0.20312905,-0.58677614,-0.023159336,0.2153173,-0.4944711,0.038293898,0.2609354,-0.66544026,0.020375019,0.28228965,-0.76553667,-0.0070968466,0.30148068,-0.86130637,-0.030434666,0.14389536,-0.53078073,0.03016626,0.188592,-0.72573197,0.013319711,0.21741459,-0.85100585,-0.017837642,0.24474052,-0.96958864,-0.042845614,0.06932107,-0.5270589,0.0107986005,0.11109808,-0.7170249,-0.01637379,0.14308484,-0.8314294,-0.04606844,0.16886498,-0.9349014,-0.066230245,-0.01790274,-0.49463853,-0.01339346,0.015264412,-0.6454979,-0.042347424,0.046411905,-0.7420629,-0.060026847,0.07703261,-0.8356906,-0.07242308
B,Alejandro,Right,0.0,0.0,0.0,0.15194444,-0.123924084,-0.03968866,0.24614526,-0.32483372,-0.03407867,0.23330474,-0.5032628,-0.029379653,0.16676357,-0.61004347,-0.022711935,0.20400146,-0.5018918,0.050918076,0.24190795,-0.6736161,0.039322354,0.2503802,-0.7782745,0.011796214,0.2585326,-0.88146245,-0.0140668135,0.1273281,-0.53852695,0.04750046,0.16090964,-0.7283452,0.035855867,0.18013242,-0.85718775,0.0015535173,0.19803554,-0.98019487,-0.027639402,0.049567126,-0.53317696,0.031958494,0.08406577,-0.7237133,0.008271062,0.11036473,-0.83797586,-0.024644684,0.12807874,-0.9412886,-0.04867545,-0.039717805,-0.4985683,0.01100218,-0.009599297,-0.6485589,-0.014531613,0.01855038,-0.7459497,-0.033297587,0.045533586,-0.84152,-0.04821948
B,Alejandro,Right,0.0,0.0,0.0,0.16291456,-0.13009302,-0.03822024,0.25854844,-0.33060598,-0.028147716,0.2382507,-0.51650715,-0.019319715,0.18159252,-0.6228568,-0.008150947,0.21241558,-0.49926952,0.06268964,0.25037143,-0.670038,0.05471557,0.26117235,-0.7776187,0.028352639,0.27185702,-0.882741,0.0032941562,0.13421449,-0.53382576,0.060045093,0.16996701,-0.72780544,0.053158913,0.19137467,-0.8557813,0.019922338,0.21228774,-0.9772072,-0.00848586,0.05685059,-0.5289781,0.044662137,0.09167442,-0.7189481,0.024005776,0.11986436,-0.83488333,-0.008877404,0.13986832,-0.9384963,-0.03243359,-0.030096242,-0.49588943,0.023637433,9.545303e-05,-0.65141183,0.00015872854,0.027377035,-0.7498636,-0.017628152,0.051888,-0.8457725,-0.031263378
B,Alejandro,Right,0.0,0.0,0.0,0.16136047,-0.12504892,-0.031457134,0.2580318,-0.3227587,-0.02195751,0.23782487,-0.49774197,-0.014490204,0.19919436,-0.6132379,-0.004363012,0.21902388,-0.5101449,0.058271855,0.2560687,-0.6788362,0.04516239,0.27370697,-0.7846302,0.01891184,0.2888892,-0.8827195,-0.0032812692,0.14488822,-0.5435197,0.051418614,0.18444163,-0.7358531,0.04079397,0.20939836,-0.8608853,0.011679052,0.23315024,-0.9724407,-0.010904595,0.06851837,-0.5412185,0.03225249,0.10760938,-0.7315083,0.009934857,0.13975206,-0.84687334,-0.017264124,0.16677293,-0.94868654,-0.03487733,-0.018784745,-0.5099369,0.008030723,0.022662189,-0.6661215,-0.015409042,0.0543525,-0.7630264,-0.028705232,0.08520153,-0.856186,-0.037152544
B,Alejandro,Right,0.0,0.0,0.0,0.16425873,-0.088738054,-0.036276475,0.27161396,-0.27557036,-0.02896555,0.2744146,-0.45642036,-0.023131683,0.23610099,-0.57991064,-0.015943551,0.24456441,-0.47707552,0.041809063,0.299893,-0.64635354,0.026612483,0.32726067,-0.7466457,0.0005149599,0.35091278,-0.84102654,-0.022406619,0.17443345,-0.5226561,0.03545507,0.23084454,-0.7167016,0.021198113,0.26803902,-0.8395086,-0.008621873,0.30034104,-0.95383185,-0.032865103,0.09988598,-0.5277316,0.01724553,0.15137503,-0.718695,-0.008657958,0.19027838,-0.82876456,-0.038093887,0.21988428,-0.9291318,-0.058375392,0.010025585,-0.50496787,-0.0061592963,0.052879203,-0.6550413,-0.035468616,0.08892827,-0.74949354,-0.054158676,0.12354748,-0.84344363,-0.06764944
B,Alejandro,Right,0.0,0.0,0.0,0.162576,-0.10551107,-0.029933453,0.260665,-0.2950513,-0.020989722,0.26103064,-0.46601692,-0.014929859,0.23512347,-0.59091645,-0.0075292727,0.23379852,-0.4956668,0.052405983,0.28257674,-0.6666156,0.036521975,0.30693975,-0.7668548,0.009339803,0.32833216,-0.8601277,-0.0133576235,0.16317502,-0.5348837,0.04410149,0.2141482,-0.72822475,0.028580269,0.24520129,-0.8504541,-0.002479277,0.27599636,-0.9611587,-0.02667012,0.08761686,-0.53576446,0.023814492,0.14072801,-0.7255661,-0.0031656662,0.17901246,-0.83549064,-0.032499325,0.21146826,-0.9321098,-0.05173559,-0.0024050642,-0.50682884,-0.0009767367,0.04524452,-0.6545567,-0.028802404,0.08320772,-0.74785817,-0.045602422,0.1210101,-0.83875257,-0.05701782
B,Alejandro,Right,0.0,0.0,0.0,0.15613043,-0.10954119,-0.038842876,0.25419658,-0.2970602,-0.036395542,0.24880287,-0.4712333,-0.03529421,0.19847226,-0.5885931,-0.032777492,0.22368668,-0.4875689,0.037220273,0.26520228,-0.6637436,0.018321507,0.27984712,-0.7687699,-0.010643958,0.29391837,-0.8703881,-0.03583066,0.15050486,-0.5258809,0.03121723,0.18957148,-0.72201276,0.012990562,0.21274789,-0.8506425,-0.020136293,0.23643602,-0.9716471,-0.047219265,0.074743286,-0.52403593,0.013526019,0.114551924,-0.71636033,-0.014421389,0.1430682,-0.8299595,-0.043578506,0.16614234,-0.933886,-0.06413728,-0.014762739,-0.4941635,-0.009570212,0.019771867,-0.6407255,-0.038755734,0.04962087,-0.73710763,-0.056298096,0.078550965,-0.8334777,-0.0692489
B,Alejandro,Right,0.0,0.0,0.0,0.1552049,-0.12241581,-0.032656267,0.25254115,-0.32341835,-0.022355327,0.23465775,-0.4996121,-0.013420011,0.1775815,-0.6068871,-0.0024425432,0.21267578,-0.5083644,0.057374116,0.24720581,-0.68373424,0.050397806,0.25621605,-0.78676677,0.027640723,0.26504335,-0.88315415,0.0060584936,0.13732488,-0.5430057,0.052466977,0.16972592,-0.7410859,0.046799015,0.18616885,-0.86694026,0.01830364,0.2017213,-0.97944295,-0.006452956,0.061206385,-0.53700656,0.03586702,0.095067345,-0.73343885,0.0168779,0.12084007,-0.84359974,-0.012237653,0.13895355,-0.93895274,-0.033747848,-0.027434744,-0.5006851,0.014496316,0.0015626657,-0.65241915,-0.0074581224,0.028211834,-0.74795777,-0.02325888,0.053223263,-0.83913004,-0.035894927
B,Alejandro,Right,0.0,0.0,0.0,0.15470824,-0.13060106,-0.029691843,0.24021143,-0.33547547,-0.013758873,0.22249548,-0.51176745,-0.0012527372,0.15689498,-0.60956866,0.012557977,0.19680257,-0.5012429,0.071766585,0.2243041,-0.6744702,0.066865936,0.22689047,-0.7855203,0.041788988,0.2289275,-0.8929375,0.017050065,0.12156886,-0.53285366,0.06522631,0.14344221,-0.7250209,0.05886282,0.15436044,-0.8613938,0.02392816,0.16636139,-0.98606485,-0.0054487507,0.045863695,-0.5228915,0.046758495,0.06564151,-0.71384823,0.02724723,0.08211157,-0.8354587,-0.0067312373,0.09439871,-0.9434505,-0.031624895,-0.038716912,-0.48310477,0.023285063,-0.02435791,-0.6371434,4.5375924e-05,-0.006776989,-0.7389428,-0.018440017,0.012420402,-0.83869785,-0.03298576
B,Alejandro,Right,0.0,0.0,0.0,0.15422016,-0.12637332,-0.03351781,0.24577105,-0.3240314,-0.022225974,0.23238812,-0.50383115,-0.013723877,0.17331122,-0.6142564,-0.003418642,0.20262088,-0.50496244,0.0689313,0.2325616,-0.67510396,0.06349726,0.23719348,-0.78142554,0.038015123,0.24337395,-0.8852983,0.012684231,0.12545583,-0.5369223,0.062979266,0.15180573,-0.72859246,0.05727053,0.16791417,-0.8598527,0.022678046,0.18587135,-0.9825741,-0.007392289,0.04703907,-0.5287114,0.0446598,0.070175655,-0.7197188,0.024635896,0.09277591,-0.8341681,-0.008938927,0.11073266,-0.93562037,-0.033957522,-0.04066442,-0.4907214,0.02102184,-0.02022388,-0.6454687,-0.0039105993,0.0020459322,-0.74272966,-0.022963269,0.025450522,-0.83702844,-0.0380078
B,Alejandro,Right,0.0,0.0,0.0,0.15708533,-0.13667752,-0.03203054,0.24544759,-0.32929093,-0.02047501,0.23100962,-0.5057391,-0.011884342,0.18134454,-0.62075347,-0.0018950136,0.19866599,-0.49372303,0.06480124,0.23525722,-0.6671132,0.054990917,0.24747312,-0.77720964,0.028199682,0.2585953,-0.88216597,0.0038588834,0.12336495,-0.52859414,0.05911503,0.1566489,-0.7236694,0.049446728,0.17853683,-0.8569719,0.014075275,0.1994461,-0.9799088,-0.014855974,0.04754021,-0.5258391,0.041406486,0.076333344,-0.7158623,0.019221406,0.102509044,-0.83436126,-0.015414087,0.12295572,-0.9400087,-0.039641805,-0.03881633,-0.4947571,0.018825768,-0.012670581,-0.64722437,-0.0062198346,0.013524648,-0.74357873,-0.025109949,0.03949526,-0.83659047,-0.038887188
B,Alejandro,Right,0.0,0.0,0.0,0.17335056,-0.12849087,-0.036539134,0.2666195,-0.30603227,-0.026970427,0.2509093,-0.48843625,-0.019849908,0.20459124,-0.6117522,-0.011837485,0.21310245,-0.4731367,0.062314045,0.2559275,-0.6485573,0.04901971,0.27223042,-0.7628215,0.020284316,0.28764698,-0.8707504,-0.004948256,0.13701393,-0.51276803,0.05843852,0.17797406,-0.7112625,0.045034498,0.20447096,-0.8492403,0.0077230204,0.23044999,-0.97308415,-0.021887181,0.06050824,-0.5161612,0.04191286,0.095175065,-0.71107954,0.015915947,0.12455514,-0.8347837,-0.01977498,0.1493933,-0.94296455,-0.04344413,-0.028781375,-0.4908793,0.02021292,0.0031165644,-0.64562124,-0.008136924,0.033177238,-0.7447995,-0.028530587,0.06286619,-0.8394044,-0.042420343
B,Alejandro,Right,0.0,0.0,0.0,0.17501296,-0.111944295,-0.031083308,0.27038437,-0.29373333,-0.018115321,0.25528184,-0.4753059,-0.007860866,0.2149454,-0.5918543,0.0029445454,0.215472,-0.4730474,0.05787113,0.26384073,-0.6459497,0.04586131,0.2862809,-0.75731635,0.020526728,0.30541733,-0.8583266,-0.0014219214,0.14063346,-0.513094,0.051365644,0.18990766,-0.71397614,0.038099483,0.22171478,-0.8494829,0.0043339417,0.24996051,-0.96825606,-0.021764455,0.065858975,-0.5165975,0.03323682,0.108186185,-0.71165586,0.006729903,0.14223401,-0.83351684,-0.027405271,0.17002235,-0.9384793,-0.049246598,-0.023098387,-0.49026456,0.010729513,0.011366964,-0.6471158,-0.018158643,0.04378881,-0.74636596,-0.037723385,0.07632756,-0.84066,-0.05064396
B,Alejandro,Right,0.0,0.0,0.0,0.17251456,-0.094109945,-0.041124664,0.27748302,-0.26733136,-0.036403008,0.27967352,-0.4581399,-0.03294703,0.24557903,-0.5926904,-0.028662864,0.23588262,-0.4566331,0.043669987,0.29338634,-0.62676764,0.024798837,0.3212732,-0.7340455,-0.0043694084,0.34775063,-0.8351812,-0.029168813,0.164247,-0.50413185,0.03847822,0.22495016,-0.70215863,0.019278327,0.26401544,-0.83470076,-0.01584791,0.30035767,-0.95382667,-0.04349118,0.08860741,-0.5129532,0.020558745,0.14227714,-0.70676094,-0.011814897,0.18391404,-0.82804805,-0.04638942,0.21959773,-0.9337886,-0.068909176,-0.0025676491,-0.49470794,-0.0026206558,0.042061187,-0.64939404,-0.037464425,0.080670536,-0.7476748,-0.059564725,0.11982905,-0.84210527,-0.07450814
B,Alejandro,Right,0.0,0.0,0.0,0.17002043,-0.095009305,-0.041910373,0.27183402,-0.2698854,-0.038538948,0.2715878,-0.46158412,-0.036148343,0.23114718,-0.59566444,-0.032852165,0.23174724,-0.45461792,0.040840518,0.28719842,-0.6258378,0.021255692,0.3133978,-0.7341271,-0.008039044,0.33818176,-0.8361452,-0.0332501,0.16157863,-0.50354797,0.035997853,0.21969454,-0.70206213,0.016219448,0.25824827,-0.83498806,-0.01903793,0.2940635,-0.9557859,-0.047059443,0.08804187,-0.51248515,0.01863115,0.13952424,-0.70501745,-0.014078796,0.18084668,-0.8255646,-0.049066897,0.21446496,-0.9325778,-0.07217178,-0.0010267915,-0.4937009,-0.0039316835,0.041134264,-0.645653,-0.038961176,0.07947547,-0.74152964,-0.061561454,0.11652852,-0.83382267,-0.07726219
B,Alejandro,Left,0.0,0.0,0.0,-0.17919771,-0.07576816,-0.03581863,-0.2961317,-0.24684823,-0.037149157,-0.33764192,-0.42057347,-0.039481573,-0.32898468,-0.5486531,-0.03878934,-0.22253089,-0.45437846,0.031802304,-0.25519016,-0.6555379,0.0034884666,-0.26198363,-0.7856249,-0.031049369,-0.26282883,-0.9020165,-0.057521775,-0.1431195,-0.4984852,0.025422018,-0.17796654,-0.71810865,0.006399159,-0.18802276,-0.85459,-0.023131335,-0.19600168,-0.9806036,-0.046098918,-0.06561468,-0.5044409,0.007572669,-0.097575895,-0.7087222,-0.014942278,-0.115096316,-0.8370485,-0.03413663,-0.12589307,-0.9481429,-0.048319034,0.026391907,-0.4784665,-0.016598964,-0.003747494,-0.6392902,-0.036974102,-0.028635768,-0.7435249,-0.04537874,-0.053629834,-0.8384825,-0.051543478
B,Alejandro,Left,0.0,0.0,0.0,-0.17756516,-0.07091077,-0.032072924,-0.30553573,-0.2219308,-0.03803944,-0.3558049,-0.38990074,-0.04631514,-0.35010245,-0.52001774,-0.0529982,-0.23508495,-0.43459898,0.023315717,-0.27480397,-0.6342936,-0.0071992027,-0.28792945,-0.76165766,-0.041174896,-0.29364318,-0.87529474,-0.0649324,-0.15448895,-0.48092434,0.01370297,-0.19425562,-0.70429575,-0.0058107115,-0.21654433,-0.8478029,-0.033992298,-0.23261277,-0.9725694,-0.054539923,-0.07265909,-0.49388972,-0.006012024,-0.10870385,-0.70040864,-0.026957273,-0.13163108,-0.82548356,-0.04359065,-0.1499059,-0.9324391,-0.054583877,0.017213596,-0.4749277,-0.03135633,-0.008391516,-0.6423681,-0.048761092,-0.031653475,-0.7460615,-0.05218551,-0.055362903,-0.8383398,-0.053155765
B,Alejandro,Left,0.0,0.0,0.0,-0.18324469,-0.06998082,-0.037041366,-0.30656397,-0.23525819,-0.036401927,-0.35663652,-0.41054574,-0.03800004,-0.35144025,-0.54330504,-0.037538428,-0.23664951,-0.45491648,0.048530504,-0.27627355,-0.65385306,0.024303488,-0.29524878,-0.7872886,-0.01061739,-0.30809328,-0.90448314,-0.03743179,-0.15217052,-0.50181645,0.042415194,-0.19587323,-0.71492964,0.026958548,-0.22153284,-0.8516869,-0.0050370344,-0.24371761,-0.96984625,-0.029533265,-0.06949864,-0.51385796,0.023675414,-0.11102614,-0.71455735,0.0037165927,-0.13940163,-0.8379067,-0.014931888,-0.16026944,-0.9396865,-0.027939253,0.023877991,-0.4970082,-0.0019282812,-0.013087561,-0.66478145,-0.01968175,-0.04115436,-0.7695075,-0.02544521,-0.06764644,-0.86639506,-0.02892682
B,Alejandro,Left,0.0,0.0,0.0,-0.18188055,-0.071083255,-0.033266254,-0.30825415,-0.22981675,-0.03512545,-0.361482,-0.39915785,-0.040468067,-0.36377007,-0.5328613,-0.04427205,-0.24953477,-0.45234585,0.04151149,-0.29528412,-0.6438515,0.012726791,-0.31815988,-0.76974267,-0.023369994,-0.33520067,-0.88454103,-0.05147807,-0.1684011,-0.50159276,0.030474883,-0.21802498,-0.7102266,0.009740782,-0.24798739,-0.841773,-0.023073317,-0.27508676,-0.9614194,-0.04794618,-0.08474334,-0.5148942,0.007562361,-0.13195388,-0.71249515,-0.01795995,-0.16383804,-0.8340408,-0.037798863,-0.19191192,-0.94092506,-0.051523603,0.010101555,-0.49807164,-0.021582702,-0.028608771,-0.66220635,-0.044453077,-0.057019174,-0.763114,-0.051290687,-0.08562281,-0.8586825,-0.0553135
B,Alejandro,Left,0.0,0.0,0.0,-0.18181655,-0.06614149,-0.034277845,-0.3077853,-0.22507787,-0.037977133,-0.3582973,-0.39163378,-0.045143526,-0.36967185,-0.52699655,-0.05009296,-0.24697055,-0.4483425,0.038231887,-0.29145038,-0.6351402,0.0066880817,-0.3079209,-0.7560156,-0.031779755,-0.3195889,-0.8697792,-0.062140275,-0.16971149,-0.49961594,0.024490414,-0.21636961,-0.70671594,0.00082060246,-0.24115495,-0.8398838,-0.034408752,-0.2636479,-0.964619,-0.061961632,-0.09029249,-0.5099521,-0.0015334825,-0.13121475,-0.7044452,-0.029898364,-0.15832324,-0.8276371,-0.05098306,-0.1832983,-0.9413251,-0.06680627,0.0015522056,-0.48884067,-0.034072846,-0.03161453,-0.6443691,-0.058798287,-0.059693087,-0.7423726,-0.06644181,-0.08888893,-0.83620745,-0.07241911
B,Alejandro,Left,0.0,0.0,0.0,-0.15461525,-0.028810168,-0.04500803,-0.28650913,-0.17284322,-0.06422612,-0.35127982,-0.34851593,-0.08415024,-0.29204938,-0.4469565,-0.10160104,-0.31233627,-0.43763846,0.015388398,-0.37019864,-0.6158143,-0.009732439,-0.39520842,-0.7228978,-0.046433795,-0.4187909,-0.83402485,-0.0823299,-0.24247527,-0.48872244,0.0026791412,-0.30749857,-0.68704474,-0.01563549,-0.3386704,-0.8021418,-0.050067402,-0.3789789,-0.9254053,-0.082071155,-0.16236492,-0.49683,-0.020628966,-0.22600172,-0.68598044,-0.04388477,-0.2668349,-0.7937767,-0.06909994,-0.3098053,-0.8938798,-0.092226975,-0.062861316,-0.47741434,-0.051207725,-0.12476746,-0.62215686,-0.0729019,-0.16478412,-0.7172093,-0.085940525,-0.20730247,-0.8067027,-0.100164145
B,Alejandro,Left,0.0,0.0,0.0,-0.15092564,-0.024635702,-0.044973027,-0.28420353,-0.1655254,-0.06317913,-0.35253963,-0.34050143,-0.08153106,-0.2976629,-0.4480502,-0.09684361,-0.31283304,-0.43766358,0.01634544,-0.37352607,-0.61305445,-0.00710201,-0.40124968,-0.717553,-0.041856978,-0.42679268,-0.8249837,-0.07576817,-0.24207039,-0.49002627,0.004969775,-0.31132942,-0.687784,-0.011167504,-0.34565905,-0.80210054,-0.042727306,-0.38791156,-0.9216966,-0.07224315,-0.16124237,-0.498745,-0.017050209,-0.22857586,-0.6867144,-0.038272917,-0.27127817,-0.7947447,-0.060677614,-0.31511602,-0.8954828,-0.08188868,-0.060851384,-0.48000214,-0.04640314,-0.123288825,-0.6221606,-0.06734705,-0.1640846,-0.7165585,-0.078879915,-0.20690146,-0.807572,-0.0915433
B,Alejandro,Left,0.0,0.0,0.0,-0.160642,-0.033999693,-0.0337072,-0.28807226,-0.16080496,-0.052327223,-0.34943962,-0.32687157,-0.07359307,-0.30087933,-0.40986067,-0.09381194,-0.32284176,-0.43854347,0.020046433,-0.3843403,-0.61762834,-0.001490767,-0.4142041,-0.7164796,-0.038316354,-0.44762364,-0.8197073,-0.076216094,-0.25088638,-0.4900804,0.00045420122,-0.32254922,-0.6900413,-0.015623399,-0.358962,-0.79636866,-0.053220958,-0.40918493,-0.91245145,-0.08974005,-0.16989538,-0.49821675,-0.027923668,-0.23946257,-0.6895938,-0.04885892,-0.285079,-0.79045063,-0.07583619,-0.33315027,-0.8836071,-0.10221627,-0.066799,-0.47740978,-0.06233597,-0.13585617,-0.6239035,-0.08367828,-0.18156001,-0.7140372,-0.097173035,-0.22945687,-0.7974773,-0.11270144
B,Alejandro,Left,0.0,0.0,0.0,-0.16578646,-0.021645797,-0.037948925,-0.2971889,-0.1251693,-0.065444015,-0.35975686,-0.2775728,-0.09430001,-0.31299475,-0.3825663,-0.12189065,-0.3362501,-0.41641265,-0.0017517732,-0.40621096,-0.60001945,-0.033164047,-0.44054505,-0.70348406,-0.072920345,-0.4762265,-0.80791193,-0.110143214,-0.26102692,-0.46978033,-0.021821566,-0.34466508,-0.673392,-0.04597333,-0.38685536,-0.7837397,-0.08301629,-0.43835267,-0.89880306,-0.116412066,-0.17424059,-0.48299342,-0.050130367,-0.25891668,-0.67574024,-0.07684233,-0.31089804,-0.78057265,-0.10029474,-0.3634607,-0.8781074,-0.12181699,-0.063790835,-0.4687189,-0.08434579,-0.14514664,-0.6152719,-0.11025623,-0.19749904,-0.7028703,-0.12037726,-0.25138187,-0.7838917,-0.13075022
B,Alejandro,Left,0.0,0.0,0.0,-0.15898241,-0.02074923,-0.040654175,-0.28480887,-0.1158171,-0.069957346,-0.3483593,-0.25991637,-0.10036941,-0.31371692,-0.38321656,-0.12961672,-0.32870072,-0.40410236,-0.009231464,-0.40431127,-0.5858518,-0.045196675,-0.44730553,-0.68873274,-0.08812989,-0.49036068,-0.79251707,-0.12704554,-0.2589163,-0.46238697,-0.028336626,-0.3493502,-0.6634606,-0.05574758,-0.40083894,-0.7728398,-0.09621188,-0.4604797,-0.8876702,-0.132672,-0.1769583,-0.4795066,-0.05552395,-0.26263908,-0.6701096,-0.08358947,-0.31885982,-0.77522105,-0.109026276,-0.37640804,-0.873104,-0.13316466,-0.06970198,-0.4664986,-0.08878409,-0.14744233,-0.61221164,-0.11590877,-0.19956599,-0.7005964,-0.12779541,-0.2553258,-0.78296167,-0.14007439
B,Alejandro,Left,0.0,0.0,0.0,-0.15390858,-0.01218521,-0.046078432,-0.28270513,-0.111081965,-0.077586405,-0.35208952,-0.24897742,-0.10956222,-0.32426226,-0.368808,-0.13998744,-0.32526025,-0.39177242,-0.017405568,-0.40304333,-0.5743335,-0.058741327,-0.44725448,-0.6817998,-0.1018281,-0.48910818,-0.7880373,-0.13807644,-0.25771004,-0.45156226,-0.033741657,-0.35024148,-0.65447164,-0.06588249,-0.40503755,-0.77092844,-0.10407699,-0.46431285,-0.88567126,-0.13600715,-0.17596407,-0.4711597,-0.058776453,-0.266549,-0.661995,-0.0904002,-0.32299748,-0.7700838,-0.11414996,-0.3801621,-0.8685536,-0.13456827,-0.07451425,-0.4606529,-0.090426356,-0.14924672,-0.6042177,-0.11907773,-0.20172708,-0.6958596,-0.13078894,-0.25713852,-0.77953404,-0.14123817
B,Alejandro,Left,0.0,0.0,0.0,-0.16057406,-0.006550118,-0.03444819,-0.29417193,-0.10962177,-0.059679262,-0.35893974,-0.24662256,-0.08832927,-0.32407486,-0.36453414,-0.11668215,-0.32610044,-0.39498883,-0.0033307904,-0.4060201,-0.56806797,-0.043546632,-0.44896945,-0.6735665,-0.087474115,-0.4883739,-0.77769053,-0.12409074,-0.2611327,-0.45297828,-0.025716558,-0.35394543,-0.6544701,-0.057151496,-0.40959635,-0.7700805,-0.09613933,-0.46971858,-0.8828162,-0.12876278,-0.18311913,-0.47276363,-0.056658912,-0.27657583,-0.6656465,-0.08802942,-0.33726713,-0.7706393,-0.11325741,-0.39758682,-0.8622396,-0.1342769,-0.08569098,-0.46431252,-0.09351464,-0.17089267,-0.6138419,-0.12106465,-0.23090973,-0.7016134,-0.13270661,-0.29190958,-0.77601206,-0.1433801
B,Alejandro,Left,0.0,0.0,0.0,-0.16120681,0.002299431,-0.04633162,-0.29940397,-0.0959413,-0.07592445,-0.37371144,-0.23971789,-0.10580352,-0.34070534,-0.3551301,-0.13427798,-0.34364685,-0.37103325,-0.018517906,-0.42559808,-0.54731077,-0.05845612,-0.473161,-0.6522144,-0.10030431,-0.51964384,-0.7565748,-0.13656768,-0.2777682,-0.43567446,-0.035808593,-0.37275115,-0.6351901,-0.068796985,-0.43391544,-0.7512849,-0.107843,-0.5005779,-0.8656915,-0.14047915,-0.19611719,-0.4580962,-0.061722703,-0.28932226,-0.64867544,-0.09578364,-0.35102826,-0.7566946,-0.12381152,-0.41527775,-0.855166,-0.14694372,-0.09625736,-0.4489989,-0.094028756,-0.17191531,-0.5947419,-0.1258432,-0.22849607,-0.68552774,-0.14142431,-0.288969,-0.76735157,-0.15482181
B,Alejandro,Left,0.0,0.0,0.0,-0.15735148,0.0025318507,-0.03993389,-0.29922515,-0.11566223,-0.06100847,-0.3710743,-0.26888016,-0.084484085,-0.34349447,-0.40035847,-0.10571808,-0.33332872,-0.39880365,0.008526293,-0.4091976,-0.5693712,-0.025595142,-0.4578641,-0.67416215,-0.06525198,-0.5009611,-0.7720655,-0.09852484,-0.27446583,-0.46091267,-0.008516419,-0.36323294,-0.651078,-0.034647346,-0.42216647,-0.7692327,-0.06893965,-0.47966957,-0.8774492,-0.09695564,-0.20070584,-0.48363757,-0.035682995,-0.28882134,-0.6676279,-0.062328883,-0.34737813,-0.7794915,-0.08458576,-0.40461475,-0.8777865,-0.10367462,-0.11082837,-0.47727838,-0.06964466,-0.18468192,-0.6231637,-0.09422044,-0.23707974,-0.7181578,-0.10410184,-0.28983602,-0.8043928,-0.11306938
B,Alejandro,Left,0.0,0.0,0.0,-0.15954275,-0.003485011,-0.033625804,-0.3026953,-0.120696664,-0.04952751,-0.364546,-0.2841184,-0.06844266,-0.32765943,-0.40817025,-0.08522759,-0.34015155,-0.40760517,0.017479977,-0.41829637,-0.57031006,-0.013420385,-0.45869535,-0.6756548,-0.05349574,-0.49157858,-0.77806085,-0.088074,-0.27826536,-0.46613672,-0.0010897516,-0.3647537,-0.6541139,-0.024503872,-0.41045466,-0.77318287,-0.059034064,-0.45528156,-0.89034754,-0.088405825,-0.20504811,-0.48501506,-0.029596457,-0.28526124,-0.668773,-0.054124154,-0.3332088,-0.7808368,-0.07499347,-0.37789246,-0.88146317,-0.09398517,-0.110539444,-0.47902212,-0.0648593,-0.17993538,-0.62114507,-0.08483221,-0.22609001,-0.7090396,-0.09202349,-0.27366206,-0.7860367,-0.10062195
B,Alejandro,Left,0.0,0.0,0.0,-0.16860496,-0.017213173,-0.044335146,-0.30547255,-0.13578252,-0.065474465,-0.3684001,-0.3039178,-0.08832083,-0.31114045,-0.43620908,-0.108504385,-0.31290832,-0.41380194,0.010406277,-0.38215518,-0.601102,-0.024112066,-0.42058513,-0.7176856,-0.063397594,-0.45231467,-0.82332855,-0.09516601,-0.24569322,-0.469516,-0.0008634802,-0.32285464,-0.6740034,-0.025831494,-0.3707655,-0.7978127,-0.057811834,-0.41686654,-0.90896773,-0.083456494,-0.16864997,-0.48848283,-0.02311599,-0.24401142,-0.6794875,-0.04859077,-0.29474038,-0.79405683,-0.06952546,-0.3409281,-0.89119834,-0.086543076,-0.07589036,-0.48084706,-0.05274443,-0.1367292,-0.62865627,-0.07364487,-0.1804365,-0.7203981,-0.08140159,-0.22476166,-0.8015444,-0.0885298
B,Alejandro,Left,0.0,0.0,0.0,-0.16390064,-0.027385311,-0.04070542,-0.2950931,-0.15881969,-0.05634838,-0.35692462,-0.3291968,-0.074531525,-0.30653703,-0.45768774,-0.090121605,-0.30678543,-0.4261514,0.026403448,-0.3670064,-0.6002664,-0.0015360321,-0.39970443,-0.7086124,-0.040154893,-0.43005478,-0.81728023,-0.07539119,-0.24246734,-0.483367,0.013532239,-0.31292874,-0.68101126,-0.007922423,-0.35298908,-0.79817086,-0.042592786,-0.39884233,-0.9170195,-0.07281374,-0.1660414,-0.49766523,-0.010854044,-0.23561749,-0.6886023,-0.03742178,-0.28208634,-0.79843116,-0.06200556,-0.3297763,-0.8977236,-0.08293463,-0.06909549,-0.4841697,-0.042380296,-0.12980066,-0.6307469,-0.06765249,-0.17466143,-0.72198784,-0.08124492,-0.2235057,-0.8067478,-0.09394891
B,Alejandro,Left,0.0,0.0,0.0,-0.16299091,-0.024821172,-0.04265657,-0.29886067,-0.15846398,-0.058580115,-0.35885903,-0.33028245,-0.075728446,-0.31009164,-0.45862538,-0.089812964,-0.3053105,-0.420493,0.018554267,-0.36429125,-0.5981285,-0.009158551,-0.39516786,-0.7093816,-0.045111593,-0.4231451,-0.81586814,-0.07691056,-0.2377141,-0.480342,0.006575519,-0.30743366,-0.68070996,-0.01432334,-0.3461581,-0.8045698,-0.046447843,-0.38719937,-0.921996,-0.07384747,-0.16045831,-0.4973607,-0.016621303,-0.23004183,-0.6883063,-0.042107325,-0.27390647,-0.80538505,-0.066016465,-0.31814057,-0.90854037,-0.08621241,-0.065909386,-0.48681384,-0.046773043,-0.12636049,-0.63143945,-0.07071171,-0.16798043,-0.72406876,-0.082407236,-0.21300946,-0.80916023,-0.093321785
B,Alejandro,Left,0.0,0.0,0.0,-0.16458297,-0.03447577,-0.04329218,-0.2959976,-0.1613935,-0.06489315,-0.35824448,-0.32609558,-0.08837849,-0.30837184,-0.45689905,-0.10857724,-0.30893433,-0.4177512,0.014886152,-0.36964324,-0.599902,-0.01845444,-0.401825,-0.7120676,-0.05725701,-0.428314,-0.8170721,-0.08958057,-0.241712,-0.47424525,0.0021649008,-0.31316406,-0.6757014,-0.023026003,-0.35287556,-0.8014384,-0.056089703,-0.39276874,-0.91963726,-0.083153225,-0.16375041,-0.49177498,-0.021818046,-0.23552625,-0.68295485,-0.049450587,-0.28101578,-0.80162024,-0.071627766,-0.3248615,-0.9061457,-0.08984205,-0.068147115,-0.4833242,-0.052791607,-0.12902848,-0.629249,-0.07627042,-0.17121044,-0.72267616,-0.08520962,-0.21594808,-0.8079974,-0.09353477
B,Alejandro,Left,0.0,0.0,0.0,-0.16852215,-0.035294056,-0.032352164,-0.30045253,-0.19499019,-0.04176167,-0.3521418,-0.3760792,-0.055798505,-0.3125502,-0.4520693,-0.06808095,-0.31060788,-0.45644078,0.03522153,-0.37069052,-0.6283417,0.0077865864,-0.3981009,-0.7393722,-0.03142123,-0.41593122,-0.8426612,-0.06505217,-0.24862415,-0.50963914,0.01867811,-0.3207837,-0.6935455,-0.001897897,-0.354174,-0.81268,-0.0346447,-0.38382867,-0.92340434,-0.061369974,-0.17848456,-0.52529186,-0.009026648,-0.24925113,-0.70720714,-0.032202817,-0.29141265,-0.8186474,-0.052668158,-0.32881087,-0.91088784,-0.06967842,-0.08690088,-0.5151692,-0.043896552,-0.14623904,-0.65881675,-0.059992198,-0.18656099,-0.74661124,-0.064218976,-0.22840568,-0.8159056,-0.07019098
B,Alejandro,Left,0.0,0.0,0.0,-0.1742198,-0.035167143,-0.0331374,-0.31052968,-0.19543494,-0.039523706,-0.3555817,-0.37748826,-0.05114077,-0.3050263,-0.46996337,-0.059626274,-0.3061169,-0.4728562,0.047913317,-0.35815203,-0.65095305,0.027138537,-0.38121662,-0.7610637,-0.0077233873,-0.39943302,-0.8600831,-0.038481865,-0.24126193,-0.5233689,0.03425633,-0.29856154,-0.7157064,0.019192941,-0.33135748,-0.83047444,-0.010223863,-0.36327833,-0.9316807,-0.034553427,-0.16817461,-0.5365875,0.008186321,-0.22642978,-0.7249395,-0.010840962,-0.26655295,-0.83259803,-0.028090548,-0.305754,-0.9175081,-0.042835966,-0.07801024,-0.5225891,-0.025554862,-0.12874705,-0.67206025,-0.040689692,-0.1701143,-0.75772697,-0.045177996,-0.21587549,-0.8255397,-0.05062638
B,Alejandro,Left,0.0,0.0,0.0,-0.18464166,-0.009512531,-0.039255332,-0.34289837,-0.12429451,-0.056501374,-0.41360646,-0.29161516,-0.07775461,-0.35544565,-0.41244507,-0.09564619,-0.34005442,-0.45791256,0.035895027,-0.39993438,-0.63439643,0.011937034,-0.43136588,-0.7368317,-0.026151638,-0.46127763,-0.8304377,-0.060281128,-0.2738436,-0.5117281,0.02200135,-0.33979517,-0.7004754,0.0040247208,-0.38464817,-0.80777985,-0.027658265,-0.43068507,-0.9025023,-0.054208655,-0.19683823,-0.52789986,-0.0040575583,-0.26573533,-0.71332175,-0.024290014,-0.31563884,-0.81149065,-0.04051072,-0.36560762,-0.88830984,-0.054352593,-0.10083843,-0.51214665,-0.038160745,-0.16359025,-0.66758627,-0.055278108,-0.21148792,-0.75113386,-0.05914905,-0.26211566,-0.8157689,-0.06339175
B,Alejandro,Left,0.0,0.0,0.0,-0.17334774,-0.013906971,-0.030053137,-0.31628954,-0.13461104,-0.040183026,-0.38649258,-0.29600057,-0.05565728,-0.3513193,-0.41087696,-0.06919118,-0.33535194,-0.41989622,0.041473147,-0.40225324,-0.585677,0.019254886,-0.4446241,-0.68603873,-0.01634649,-0.48744833,-0.77958876,-0.04999111,-0.27243248,-0.48156407,0.022521397,-0.3529301,-0.67108667,0.0041012205,-0.40765342,-0.7811382,-0.028540388,-0.46833265,-0.8835522,-0.056724977,-0.19661748,-0.50284696,-0.0074754017,-0.28072804,-0.68749106,-0.031932563,-0.33837917,-0.78878796,-0.051718116,-0.39895368,-0.87692684,-0.06878782,-0.09899624,-0.4970283,-0.043980673,-0.17140195,-0.645419,-0.067758285,-0.22492234,-0.7326216,-0.07645986,-0.28426144,-0.81012446,-0.08486141
B,Alejandro,Left,0.0,0.0,0.0,-0.1668236,-0.015442447,-0.029253375,-0.3054654,-0.14390567,-0.040424112,-0.36937958,-0.30351844,-0.056584775,-0.35645738,-0.4371594,-0.07068447,-0.3222144,-0.41621122,0.029923702,-0.39738902,-0.5875742,0.00080026494,-0.44456947,-0.6933352,-0.035965037,-0.48677582,-0.7908772,-0.06766681,-0.26399115,-0.47574008,0.011358524,-0.35003045,-0.66840917,-0.012817366,-0.40551487,-0.7839842,-0.04587145,-0.45992425,-0.88795817,-0.072952695,-0.19275591,-0.4988628,-0.017704312,-0.27859852,-0.68588495,-0.044484902,-0.3359746,-0.79501367,-0.06506388,-0.39334583,-0.887709,-0.08261763,-0.10176982,-0.49666804,-0.052943677,-0.17037262,-0.6444569,-0.07712642,-0.22102791,-0.7333499,-0.08671906,-0.2762762,-0.8104087,-0.09565952
B,Alejandro,Left,0.0,0.0,0.0,-0.18030956,-0.020009337,-0.030598782,-0.31182986,-0.1524349,-0.037849583,-0.37528074,-0.31611192,-0.05012642,-0.3480862,-0.44667125,-0.060313255,-0.3106924,-0.4141772,0.046275917,-0.37874788,-0.58654904,0.021859165,-0.41978133,-0.69536525,-0.014031267,-0.456205,-0.7986934,-0.045455232,-0.24969368,-0.4769792,0.030881474,-0.32882237,-0.6749741,0.011344401,-0.38155293,-0.79191846,-0.022474894,-0.43579543,-0.90004575,-0.050076567,-0.17713775,-0.49996784,0.003969565,-0.25680408,-0.6883102,-0.020413484,-0.31379807,-0.7976644,-0.04269985,-0.36818352,-0.891711,-0.06086492,-0.0841273,-0.4961812,-0.029330293,-0.14796443,-0.6438261,-0.050675545,-0.19565225,-0.73470104,-0.059930887,-0.2471305,-0.81742585,-0.0686187
B,Alejandro,Left,0.0,0.0,0.0,-0.17103131,-0.005729032,-0.03555972,-0.31308648,-0.13248149,-0.04739491,-0.38543203,-0.29324025,-0.063480556,-0.35068026,-0.39997578,-0.07784016,-0.31596434,-0.41824028,0.032598745,-0.37584016,-0.59092313,0.0074061486,-0.413497,-0.69628716,-0.028918788,-0.45015475,-0.79570365,-0.061866723,-0.24765225,-0.47953147,0.014950493,-0.3221066,-0.67472005,-0.0068788906,-0.37362534,-0.7948109,-0.040128604,-0.42628625,-0.90458834,-0.06706312,-0.16981666,-0.4976522,-0.013926059,-0.24790597,-0.6847786,-0.04062142,-0.30378294,-0.7953748,-0.06140597,-0.35758647,-0.893539,-0.07777742,-0.07431554,-0.48699465,-0.04961781,-0.14050624,-0.6327175,-0.07434638,-0.19020459,-0.7231984,-0.08253787,-0.23899944,-0.8050473,-0.0895294
B,Alejandro,Left,0.0,0.0,0.0,-0.1727527,-0.028922195,-0.030224767,-0.31595474,-0.16109084,-0.043529592,-0.38830355,-0.3215147,-0.06295075,-0.33902684,-0.44012132,-0.08028816,-0.33389676,-0.4545807,0.045941036,-0.404207,-0.6219796,0.02279467,-0.44195715,-0.71788764,-0.01515483,-0.47815612,-0.8076635,-0.050022844,-0.26785442,-0.50806844,0.026585506,-0.34277052,-0.69811547,0.008948442,-0.3901944,-0.8016112,-0.025655104,-0.44340026,-0.89632374,-0.055207543,-0.19078062,-0.52345747,-0.004145928,-0.26663855,-0.71136224,-0.02552907,-0.31960702,-0.8087266,-0.045072187,-0.37532127,-0.8867153,-0.06184715,-0.09277364,-0.5101513,-0.04180667,-0.15881738,-0.66749877,-0.059814755,-0.2075817,-0.75464886,-0.06569825,-0.26236162,-0.8228982,-0.07253682
B,Alejandro,Left,0.0,0.0,0.0,-0.17310625,-0.0021820448,-0.024782594,-0.31074193,-0.13359833,-0.031266883,-0.37905177,-0.2993386,-0.044021163,-0.35263145,-0.40165353,-0.05484687,-0.3533099,-0.43210682,0.05681673,-0.42504302,-0.5945904,0.043719303,-0.45954168,-0.6906878,0.009743739,-0.49588335,-0.7861763,-0.025334558,-0.29279152,-0.49328136,0.03446664,-0.3740661,-0.67714864,0.026321273,-0.42021096,-0.78062224,-0.008156686,-0.47341058,-0.8808419,-0.04087606,-0.21803433,-0.51024723,0.0016116996,-0.29808903,-0.6938532,-0.012814831,-0.34933245,-0.7918945,-0.032566674,-0.4009213,-0.8767459,-0.05324676,-0.11484283,-0.49742556,-0.037989274,-0.18328923,-0.6462263,-0.05387268,-0.23062557,-0.7366563,-0.06056112,-0.28152713,-0.81775945,-0.07014674
B,Alejandro,Left,0.0,0.0,0.0,-0.16203219,-0.0006586405,-0.04893966,-0.30142364,-0.08534022,-0.08428892,-0.3793699,-0.21684487,-0.121802546,-0.36039343,-0.35513455,-0.15690061,-0.3319386,-0.39728862,-0.007927435,-0.4243847,-0.5697751,-0.050278,-0.47683644,-0.66808045,-0.094997436,-0.5256256,-0.7692887,-0.13331066,-0.2742477,-0.4541232,-0.026092622,-0.37897682,-0.64176005,-0.06344372,-0.4450983,-0.75144845,-0.10554233,-0.51106465,-0.8595423,-0.14004354,-0.19920778,-0.4721311,-0.054917783,-0.30252892,-0.6510372,-0.09274693,-0.3699294,-0.75626826,-0.11886943,-0.43665835,-0.8538045,-0.14041503,-0.09963043,-0.4631885,-0.09097085,-0.1823391,-0.608097,-0.12561704,-0.24104738,-0.6983861,-0.14083356,-0.30188644,-0.781338,-0.1534361
B,Alejandro,Left,0.0,0.0,0.0,-0.16264705,0.00080342375,-0.04028626,-0.30740657,-0.08592008,-0.070217505,-0.3858631,-0.20675942,-0.10292944,-0.37012842,-0.34128198,-0.13430947,-0.34961984,-0.37383568,-0.011818822,-0.44591495,-0.5481937,-0.05495615,-0.5025975,-0.6477606,-0.09794417,-0.5565277,-0.74533635,-0.1336948,-0.28904736,-0.43353394,-0.03263403,-0.39838526,-0.6274892,-0.07020032,-0.46677932,-0.7387052,-0.110963315,-0.5354388,-0.84457403,-0.14363645,-0.21099485,-0.455113,-0.06229475,-0.31958306,-0.638166,-0.0991572,-0.38820517,-0.7430473,-0.124779925,-0.45546815,-0.8349779,-0.14521056,-0.11214056,-0.44908053,-0.09793616,-0.202644,-0.5925922,-0.13060957,-0.26523814,-0.68087935,-0.14392103,-0.3282185,-0.75977236,-0.15480022
B,Alejandro,Left,0.0,0.0,0.0,-0.16574593,0.007856808,-0.034790434,-0.30641514,-0.10008382,-0.05612993,-0.377129,-0.23961745,-0.0812923,-0.37248734,-0.37156394,-0.104151,-0.3369394,-0.40453023,0.011079857,-0.42540184,-0.57481205,-0.024614362,-0.48320502,-0.67496836,-0.064983524,-0.5343376,-0.7668427,-0.097860195,-0.27911273,-0.46300903,-0.008025568,-0.38110378,-0.648287,-0.038510263,-0.4542367,-0.75710315,-0.07498461,-0.52332276,-0.8521346,-0.102794476,-0.20392185,-0.48540646,-0.03656124,-0.3086134,-0.6653516,-0.06690104,-0.38022706,-0.76923394,-0.08757311,-0.44820264,-0.8575911,-0.103852116,-0.10712488,-0.4802874,-0.07122953,-0.19158123,-0.62997144,-0.098649435,-0.25436962,-0.71402454,-0.107019976,-0.31941625,-0.7865894,-0.112931944
B,Alejandro,Left,0.0,0.0,0.0,-0.16789031,0.005993272,-0.028221244,-0.3077005,-0.12054577,-0.039020136,-0.37698215,-0.26843178,-0.055794235,-0.36136764,-0.39388484,-0.07028904,-0.32798457,-0.42566088,0.039546404,-0.4059903,-0.5885032,0.0151305245,-0.4561803,-0.684546,-0.020358782,-0.5015092,-0.7738999,-0.051985122,-0.27283207,-0.4815315,0.019025106,-0.3637968,-0.66658074,-0.00090194197,-0.42845142,-0.7743477,-0.0340131,-0.49127662,-0.87100357,-0.061531357,-0.2014549,-0.49848276,-0.01225036,-0.29347757,-0.6768395,-0.035028365,-0.3565315,-0.7802345,-0.055381738,-0.4179131,-0.87052125,-0.07391535,-0.11083347,-0.4869118,-0.050052132,-0.18379422,-0.6281387,-0.07185041,-0.2381534,-0.7151085,-0.0805381,-0.2948631,-0.7958866,-0.08935882
B,Alejandro,Left,0.0,0.0,0.0,-0.17270188,-0.0074231904,-0.027894324,-0.3080339,-0.13617446,-0.03758214,-0.3719254,-0.28826636,-0.053253524,-0.3541049,-0.4145451,-0.06720991,-0.3209448,-0.41645813,0.037252605,-0.39327055,-0.5790078,0.011078824,-0.43988258,-0.6780335,-0.025680246,-0.48458865,-0.77277595,-0.058984898,-0.2640134,-0.4760934,0.016186288,-0.34710106,-0.666821,-0.006933641,-0.40691662,-0.7780258,-0.042877875,-0.47130182,-0.881972,-0.07293403,-0.19304022,-0.49396566,-0.015621594,-0.278079,-0.6819884,-0.044319075,-0.3393386,-0.7853141,-0.06966177,-0.40269798,-0.87445277,-0.090450145,-0.101530634,-0.48371708,-0.053463385,-0.17202677,-0.635922,-0.082192026,-0.22778484,-0.72511387,-0.09670666,-0.28946087,-0.8048331,-0.1091359
B,Alejandro,Left,0.0,0.0,0.0,-0.17047931,-0.014767297,-0.025089482,-0.30263212,-0.14128523,-0.03270454,-0.36422396,-0.29118052,-0.046763778,-0.34829462,-0.42026696,-0.05863316,-0.31116313,-0.42603484,0.046007875,-0.38217786,-0.5877475,0.022424772,-0.43012348,-0.6847565,-0.013848706,-0.47582495,-0.77761,-0.047407802,-0.25792465,-0.4839296,0.024076112,-0.3421524,-0.6706475,0.0039576953,-0.40099725,-0.77997,-0.03175244,-0.46477175,-0.8854305,-0.062580146,-0.19095564,-0.49760142,-0.008817085,-0.27545348,-0.68321806,-0.035037674,-0.3351557,-0.7879427,-0.05887868,-0.39633888,-0.8815843,-0.07985368,-0.10051873,-0.48465955,-0.047741648,-0.17071262,-0.6344485,-0.07406392,-0.22332765,-0.72437376,-0.08668376,-0.2816463,-0.808929,-0.09867341
B,Alejandro,Left,0.0,0.0,0.0,-0.16651537,-0.018338833,-0.0151591385,-0.30108994,-0.14595224,-0.01868268,-0.36427435,-0.29022205,-0.030873248,-0.3423256,-0.4011242,-0.04313926,-0.30927524,-0.4303621,0.049950033,-0.37961206,-0.58864826,0.025169335,-0.42951593,-0.6846195,-0.0128107425,-0.47593418,-0.7767914,-0.04775104,-0.25662363,-0.48821825,0.022482801,-0.341824,-0.6714537,-0.00021122558,-0.40287122,-0.7803722,-0.03738745,-0.4670202,-0.88424665,-0.06836587,-0.18896365,-0.50640273,-0.014770503,-0.27493697,-0.68868905,-0.04168303,-0.33699155,-0.79455787,-0.065833785,-0.4004229,-0.88814807,-0.08625284,-0.09920115,-0.49533078,-0.05719967,-0.17069198,-0.64054614,-0.08310192,-0.22593102,-0.7309705,-0.09476026,-0.28507107,-0.8137327,-0.105566315
B,Alejandro,Left,0.0,0.0,0.0,-0.16717428,-0.013558925,-0.027878458,-0.30688635,-0.14423433,-0.036829732,-0.38118306,-0.29526472,-0.05148737,-0.3437971,-0.3914144,-0.06518838,-0.32153088,-0.41621718,0.03916166,-0.38535854,-0.5832622,0.014892125,-0.4319337,-0.6837222,-0.021823796,-0.47686264,-0.7783095,-0.055871267,-0.2649798,-0.47890222,0.01827098,-0.34259504,-0.6703655,-0.0022580416,-0.3994471,-0.78313076,-0.0352843,-0.46160817,-0.88708395,-0.06269803,-0.19282518,-0.49974477,-0.013060036,-0.27374697,-0.6856096,-0.037248377,-0.33125004,-0.79555917,-0.058076065,-0.3916251,-0.89155924,-0.07587953,-0.10153789,-0.48962906,-0.05066777,-0.17013164,-0.6342555,-0.07186278,-0.21948826,-0.72484607,-0.07904165,-0.27126917,-0.8060902,-0.08685044
B,Alejandro,Left,0.0,0.0,0.0,-0.17183538,-0.020831954,-0.046423778,-0.31058812,-0.14032549,-0.065617286,-0.38552338,-0.30379656,-0.08600379,-0.35476947,-0.42278412,-0.10299499,-0.3228434,-0.43321216,0.02319928,-0.38260502,-0.60932964,-0.006216754,-0.4166854,-0.71567315,-0.046496224,-0.44807947,-0.8184426,-0.08193852,-0.25510585,-0.48901987,0.0113873985,-0.32541284,-0.6837307,-0.011722039,-0.36726806,-0.7993258,-0.046370637,-0.41274258,-0.9108477,-0.07497422,-0.17855144,-0.50427586,-0.01254628,-0.24867794,-0.69157094,-0.03953002,-0.29538736,-0.80258495,-0.059352975,-0.3425499,-0.9000836,-0.075606175,-0.08164556,-0.49029788,-0.04421811,-0.14177568,-0.63769954,-0.06762099,-0.18276566,-0.7304585,-0.074309245,-0.22710073,-0.8134128,-0.08057187
B,Alejandro,Left,0.0,0.0,0.0,-0.16578509,-0.05214669,-0.044169635,-0.29842633,-0.18220508,-0.064278394,-0.36023697,-0.34726053,-0.085677385,-0.30329657,-0.46623147,-0.10410646,-0.29204682,-0.44440877,0.014587078,-0.34520423,-0.62388617,-0.017907351,-0.37199405,-0.7335441,-0.05755208,-0.395088,-0.8410945,-0.09144776,-0.2214692,-0.49435627,0.0020062802,-0.28353867,-0.69431037,-0.022771943,-0.31603965,-0.81557626,-0.055855308,-0.35169047,-0.93611634,-0.08304254,-0.1428771,-0.5051039,-0.02194072,-0.20597282,-0.69609916,-0.04999452,-0.24394993,-0.8136306,-0.07013562,-0.28058457,-0.91763335,-0.08615989,-0.048742127,-0.4865528,-0.053110294,-0.10412559,-0.63490504,-0.075241335,-0.1390098,-0.7323072,-0.081557214,-0.1750367,-0.8203517,-0.08793497
B,Alejandro,Left,0.0,0.0,0.0,-0.14982924,-0.053040143,-0.04665074,-0.2701542,-0.19251469,-0.06925631,-0.3288525,-0.35890844,-0.09238089,-0.26848406,-0.47360384,-0.112248644,-0.27176282,-0.44391596,0.010149499,-0.32039267,-0.62657034,-0.023431255,-0.34466767,-0.7402329,-0.063359804,-0.36438942,-0.8532404,-0.098351546,-0.20064154,-0.4949165,-0.0008086334,-0.25869375,-0.6984955,-0.025967143,-0.28721246,-0.82227844,-0.059955675,-0.31999728,-0.94741845,-0.08898043,-0.120871216,-0.50422937,-0.022881314,-0.17987695,-0.69515544,-0.051105373,-0.21489325,-0.81416684,-0.07349749,-0.25044426,-0.923153,-0.092361845,-0.024289845,-0.48383394,-0.052157708,-0.07855319,-0.63154155,-0.07601818,-0.11355943,-0.7293447,-0.086565815,-0.15116319,-0.82212454,-0.0971155
B,Alejandro,Left,0.0,0.0,0.0,-0.15278886,-0.042672563,-0.052082296,-0.2697479,-0.18412529,-0.075144716,-0.32365674,-0.35982028,-0.09749798,-0.26537514,-0.46915945,-0.1166095,-0.27413034,-0.4360473,0.0101006655,-0.32228264,-0.6233006,-0.020206163,-0.3415391,-0.73711777,-0.059276648,-0.35675722,-0.8537879,-0.09445579,-0.1989044,-0.4867891,0.0022093686,-0.2571816,-0.6957246,-0.0200092,-0.28296107,-0.8194665,-0.05578606,-0.31264448,-0.9498702,-0.0872441,-0.11900943,-0.4942876,-0.01706005,-0.17520498,-0.69019824,-0.043335512,-0.2088349,-0.8098497,-0.06810836,-0.2389585,-0.9215133,-0.089657634,-0.020413235,-0.47475106,-0.043944824,-0.074593894,-0.6239911,-0.06617779,-0.10717746,-0.72189176,-0.07733295,-0.14085591,-0.8172607,-0.08923692
B,Alejandro,Left,0.0,0.0,0.0,-0.15029906,-0.04283019,-0.043900948,-0.26800632,-0.17726588,-0.064260244,-0.31626356,-0.34913534,-0.08505904,-0.2563626,-0.45320776,-0.10334013,-0.26469728,-0.42819387,0.0062057083,-0.3109341,-0.6160944,-0.02564843,-0.33259454,-0.7360173,-0.0632023,-0.35059068,-0.8515432,-0.09570721,-0.19257066,-0.4818764,-0.005521808,-0.24559872,-0.69350725,-0.028111521,-0.27151707,-0.8267598,-0.059767816,-0.3001154,-0.9539029,-0.08719317,-0.11588079,-0.4934804,-0.027599668,-0.16824809,-0.6887909,-0.05252759,-0.20100383,-0.81427467,-0.07496965,-0.23379087,-0.9253297,-0.09453025,-0.023589006,-0.47646302,-0.056600835,-0.06859036,-0.62409735,-0.07751198,-0.09948702,-0.7230558,-0.08738896,-0.13342868,-0.8137798,-0.097889945
B,Alejandro,Left,0.0,0.0,0.0,-0.15117224,-0.053655125,-0.036935702,-0.26597545,-0.18475734,-0.057656705,-0.31331852,-0.3561272,-0.08060702,-0.25075665,-0.46686667,-0.10100454,-0.26269618,-0.43496627,0.010951654,-0.31352577,-0.62636966,-0.021261064,-0.33360738,-0.7445742,-0.059260145,-0.3484565,-0.86017764,-0.09243642,-0.19154912,-0.48373836,-0.0047254874,-0.24608065,-0.69484484,-0.028414248,-0.26967654,-0.8261698,-0.061761618,-0.29676202,-0.95495147,-0.091008455,-0.11520946,-0.48960826,-0.030258408,-0.16571636,-0.68484086,-0.056370478,-0.19717835,-0.8089103,-0.08021501,-0.2282913,-0.9205591,-0.101294294,-0.01991455,-0.46915174,-0.061998364,-0.06243099,-0.62108946,-0.084726945,-0.09445596,-0.7222072,-0.09694117,-0.13037185,-0.8162809,-0.10947432
B,Alejandro,Left,0.0,0.0,0.0,-0.14627817,-0.047527246,-0.042701215,-0.26937264,-0.18399875,-0.065291606,-0.31735015,-0.35082394,-0.089671396,-0.2551819,-0.46159837,-0.11061313,-0.27893487,-0.4423789,0.0096186055,-0.3282477,-0.63279927,-0.023108087,-0.34775335,-0.74734753,-0.062100798,-0.36486062,-0.8582386,-0.09638083,-0.20534278,-0.49126634,-0.0049140495,-0.25707728,-0.69759226,-0.030146927,-0.28312743,-0.8256538,-0.06545805,-0.31144518,-0.9502641,-0.09571696,-0.12714657,-0.49976373,-0.0299749,-0.17251457,-0.69178057,-0.056793384,-0.20279288,-0.8152719,-0.08143706,-0.23418568,-0.9282966,-0.10272058,-0.03345363,-0.4806618,-0.06194973,-0.071421444,-0.6291524,-0.085510865,-0.10050078,-0.7284699,-0.09746629,-0.13213801,-0.8214185,-0.10912198
B,Alejandro,Left,0.0,0.0,0.0,-0.14092572,-0.05344821,-0.049015027,-0.25601673,-0.16768977,-0.08012435,-0.29139873,-0.32712325,-0.11047241,-0.22224948,-0.43990934,-0.13847992,-0.26026413,-0.43857723,-0.01783332,-0.30830213,-0.6313207,-0.058534414,-0.32361495,-0.75062877,-0.10196602,-0.33566958,-0.86816484,-0.13822253,-0.18599336,-0.4881785,-0.029289534,-0.23095481,-0.69685173,-0.058589663,-0.24962449,-0.8278965,-0.09545366,-0.2752471,-0.9613735,-0.12793897,-0.10899724,-0.49758914,-0.05026582,-0.14685655,-0.6870596,-0.07894991,-0.17092592,-0.8128071,-0.1055475,-0.19899264,-0.9274378,-0.12916781,-0.01875409,-0.47868353,-0.07832573,-0.047883056,-0.6245074,-0.10330432,-0.07161856,-0.72397894,-0.11694418,-0.09974833,-0.8138012,-0.13046154
B,Alejandro,Left,0.0,0.0,0.0,-0.14784363,-0.05348996,-0.04599209,-0.26555365,-0.19197989,-0.07107884,-0.31166545,-0.363531,-0.09659577,-0.23502988,-0.4697736,-0.11890833,-0.26982096,-0.44731152,-4.642935e-05,-0.3153484,-0.6398533,-0.032239642,-0.33478794,-0.75673735,-0.06782184,-0.3488771,-0.86568093,-0.09747972,-0.1947173,-0.49560606,-0.009279977,-0.23995733,-0.7064197,-0.030236568,-0.26185983,-0.8369037,-0.058528237,-0.28485984,-0.95856917,-0.082942694,-0.11384449,-0.50429237,-0.02862733,-0.15165782,-0.7034537,-0.04965164,-0.17587468,-0.82503605,-0.07022526,-0.20201309,-0.9303886,-0.08868052,-0.02192008,-0.4849039,-0.054996587,-0.047836684,-0.636008,-0.07212444,-0.067086525,-0.73120695,-0.07981443,-0.09058907,-0.8138749,-0.08808035
B,Alejandro,Left,0.0,0.0,0.0,-0.15253423,-0.05458122,-0.04007625,-0.2694715,-0.19445622,-0.0579373,-0.30332842,-0.37029737,-0.07710743,-0.23463854,-0.4816325,-0.09339739,-0.26048747,-0.45179245,0.014357333,-0.30068266,-0.6440155,-0.01312792,-0.31608894,-0.76187027,-0.04786247,-0.32687783,-0.87188053,-0.07734817,-0.182918,-0.4966316,0.003154507,-0.22586066,-0.70896775,-0.015351848,-0.24613442,-0.8398138,-0.046284895,-0.26816994,-0.96337163,-0.073015876,-0.1032023,-0.502197,-0.018349899,-0.13878863,-0.7020477,-0.039398458,-0.16350694,-0.8261449,-0.062044602,-0.18747292,-0.9358874,-0.081892274,-0.008623698,-0.48237506,-0.04643014,-0.04038287,-0.64029175,-0.06480402,-0.06411204,-0.73839897,-0.073523045,-0.09172505,-0.8274437,-0.08252023
B,Alejandro,Left,0.0,0.0,0.0,-0.1544277,-0.05967267,-0.040693227,-0.26332608,-0.20629798,-0.05890944,-0.29806274,-0.38433996,-0.078263,-0.23000865,-0.47502303,-0.09525854,-0.24463637,-0.45173272,0.011732416,-0.28553224,-0.636414,-0.016918499,-0.3004971,-0.7515255,-0.05295485,-0.3129934,-0.864343,-0.08502039,-0.1690294,-0.49590755,-0.000999671,-0.21370275,-0.70878404,-0.02290025,-0.23613389,-0.8388381,-0.0553565,-0.2615566,-0.96518815,-0.08311574,-0.08853545,-0.5003102,-0.023822345,-0.13226801,-0.7022312,-0.049766984,-0.16094328,-0.82939184,-0.073766634,-0.19053094,-0.9410393,-0.09351938,0.0063273814,-0.47908857,-0.053195585,-0.030835504,-0.6368044,-0.07601524,-0.059660148,-0.74045885,-0.08748788,-0.09336606,-0.8343179,-0.09844042
B,Alejandro,Left,0.0,0.0,0.0,-0.16366541,-0.03959409,-0.04138689,-0.2838354,-0.18471691,-0.055887114,-0.33363706,-0.37283742,-0.07187715,-0.27224916,-0.4873635,-0.08485805,-0.27839604,-0.43861517,0.02594177,-0.32590848,-0.62859046,0.0006528073,-0.34097105,-0.7473785,-0.035604283,-0.3517624,-0.8628007,-0.0681547,-0.20617838,-0.4889552,0.016115323,-0.25937733,-0.699954,9.8346965e-05,-0.28060365,-0.82694554,-0.032106925,-0.3051363,-0.9523087,-0.060984783,-0.12867385,-0.49744868,-0.0048376243,-0.17788751,-0.6951662,-0.024467288,-0.20853326,-0.8161629,-0.04683034,-0.23617446,-0.92507344,-0.067458294,-0.031753443,-0.47870088,-0.03287877,-0.07701824,-0.63040006,-0.04887691,-0.10718915,-0.72615147,-0.057728782,-0.14016144,-0.8158872,-0.06836045
B,Alejandro,Left,0.0,0.0,0.0,-0.15588745,-0.03874764,-0.030969054,-0.2787795,-0.17820095,-0.0428885,-0.32704914,-0.34563294,-0.058200665,-0.27211115,-0.45276907,-0.07069673,-0.2834116,-0.4414745,0.028958147,-0.33633283,-0.62519723,0.00407649,-0.3583267,-0.7397672,-0.030062886,-0.37591597,-0.8486321,-0.05993863,-0.21041918,-0.4949004,0.01341021,-0.26913434,-0.6996494,-0.0028995683,-0.29722673,-0.8251065,-0.031115232,-0.3259272,-0.9453949,-0.055440564,-0.13050853,-0.50791115,-0.012251294,-0.1881094,-0.69907975,-0.029998047,-0.22132428,-0.81307006,-0.0448034,-0.25252613,-0.91479784,-0.059278928,-0.033504635,-0.49380752,-0.044527005,-0.08379768,-0.641801,-0.057137143,-0.11490752,-0.73066807,-0.05843545,-0.14746305,-0.8106771,-0.06257134
B,Alejandro,Left,0.0,0.0,0.0,-0.15176125,-0.007042943,-0.041753903,-0.29267132,-0.12842108,-0.06270463,-0.35714686,-0.29443318,-0.08510129,-0.3113589,-0.40876982,-0.10510705,-0.3123107,-0.41808635,0.0033469752,-0.3775978,-0.6012997,-0.030287914,-0.40757424,-0.7158517,-0.06919748,-0.43424383,-0.82713807,-0.102843,-0.24272436,-0.47677848,-0.010882291,-0.31312075,-0.67860234,-0.03410366,-0.3504617,-0.8017629,-0.06490318,-0.38824505,-0.9215562,-0.09187943,-0.16376406,-0.4939461,-0.035165723,-0.23218074,-0.6833748,-0.05856614,-0.27196947,-0.79424506,-0.07569719,-0.31082296,-0.89588904,-0.0920542,-0.06697294,-0.48134968,-0.0666964,-0.124242716,-0.6251164,-0.08700331,-0.16327508,-0.7154131,-0.09390612,-0.2037968,-0.7963476,-0.10191549
B,Alejandro,Left,0.0,0.0,0.0,-0.150485,-0.025822036,-0.04648354,-0.2844399,-0.1245997,-0.08042948,-0.34855676,-0.27023435,-0.1146366,-0.29844218,-0.3850043,-0.14778739,-0.3153208,-0.42913288,-0.02307247,-0.3887174,-0.61069876,-0.0642982,-0.42826188,-0.71775013,-0.107322045,-0.46549445,-0.8216745,-0.14395021,-0.24249959,-0.48321745,-0.03953988,-0.32265955,-0.6816672,-0.071147606,-0.36857516,-0.7967237,-0.10692244,-0.41759917,-0.9086313,-0.13728769,-0.15678318,-0.4990925,-0.06460034,-0.23656744,-0.689564,-0.09602256,-0.28667626,-0.79782945,-0.11751631,-0.33887357,-0.89492196,-0.13611697,-0.05283644,-0.4841769,-0.09616747,-0.12244921,-0.63157725,-0.12458025,-0.17014758,-0.7231295,-0.13451983,-0.22151592,-0.8033339,-0.14335668
B,Alejandro,Left,0.0,0.0,0.0,-0.1692373,-0.027245456,-0.043944,-0.30393606,-0.122117616,-0.077198096,-0.37370232,-0.2589338,-0.11138831,-0.3213786,-0.37256035,-0.14361356,-0.3364054,-0.43202546,-0.0063047297,-0.40578523,-0.60921,-0.044941224,-0.4434467,-0.70906985,-0.08986853,-0.4782868,-0.8097642,-0.12855634,-0.26188153,-0.48424613,-0.0226024,-0.3397889,-0.68343264,-0.052414186,-0.38669613,-0.78893334,-0.0903918,-0.4407193,-0.897645,-0.12265433,-0.17681934,-0.49919334,-0.048378695,-0.25237015,-0.690844,-0.077855214,-0.3053336,-0.79208255,-0.10026612,-0.357922,-0.88047796,-0.119283386,-0.0707892,-0.48409393,-0.08085707,-0.14305024,-0.63335913,-0.10593938,-0.19450425,-0.7212887,-0.11526969,-0.24955991,-0.79576486,-0.12401052
B,Alejandro,Left,0.0,0.0,0.0,-0.14919518,-0.028862732,-0.03853653,-0.27498654,-0.13602816,-0.067167826,-0.34340206,-0.25568765,-0.099147245,-0.3311596,-0.37311393,-0.12962773,-0.31729326,-0.44510627,0.003046491,-0.3908821,-0.6079404,-0.035228655,-0.4438603,-0.69770366,-0.07932454,-0.49417138,-0.7819391,-0.11565914,-0.24862373,-0.49470583,-0.01681454,-0.33182266,-0.6905268,-0.048678316,-0.39369658,-0.794842,-0.08723635,-0.45879194,-0.8885437,-0.11808642,-0.16807085,-0.5063614,-0.046356235,-0.25125977,-0.6971915,-0.077886745,-0.31671792,-0.7968737,-0.09847244,-0.38339025,-0.8781658,-0.11468875,-0.069870174,-0.4897096,-0.08248846,-0.14924087,-0.6477295,-0.10903667,-0.21114342,-0.73021984,-0.11577895,-0.277081,-0.7901,-0.121030696
B,Alejandro,Left,0.0,0.0,0.0,-0.16604196,-0.011641393,-0.03987902,-0.29361406,-0.12115875,-0.067269355,-0.3539942,-0.2555941,-0.09737551,-0.34719658,-0.37892738,-0.12646554,-0.345942,-0.4140768,0.0012344517,-0.4238447,-0.58513623,-0.03881851,-0.4701765,-0.6843979,-0.08455684,-0.5127806,-0.78200215,-0.12317837,-0.27194107,-0.47179204,-0.019675165,-0.36316472,-0.6663837,-0.05260322,-0.42112184,-0.77146137,-0.09755093,-0.4844841,-0.8748001,-0.13449939,-0.18600023,-0.4928345,-0.050039276,-0.27646136,-0.68131256,-0.08400781,-0.34086585,-0.78137046,-0.11263413,-0.40622106,-0.8697839,-0.1360843,-0.07663681,-0.48465803,-0.08643913,-0.15811622,-0.62992996,-0.11771514,-0.21842165,-0.71575016,-0.13108177,-0.28235543,-0.7898374,-0.14236104
B,Alejandro,Left,0.0,0.0,0.0,-0.17192037,-0.016130388,-0.018449197,-0.3062865,-0.1428706,-0.030610384,-0.3715348,-0.27269253,-0.051668666,-0.35349634,-0.38409996,-0.07273153,-0.33336076,-0.45454794,0.04489963,-0.41199243,-0.6122363,0.019274848,-0.4652148,-0.6990669,-0.019582586,-0.5179011,-0.78113824,-0.05568824,-0.27032447,-0.5031142,0.014938832,-0.35834333,-0.6871555,-0.0086684795,-0.42220998,-0.7818377,-0.04912861,-0.4942153,-0.8693395,-0.0836688,-0.19201171,-0.5133335,-0.024579756,-0.28168648,-0.6997862,-0.052872766,-0.34887576,-0.7886504,-0.07734182,-0.42213458,-0.8603844,-0.09845075,-0.09370063,-0.49422735,-0.06922502,-0.1722859,-0.6469442,-0.09534412,-0.22998358,-0.7312845,-0.10502018,-0.29454476,-0.8033645,-0.1146746
B,Alejandro,Left,0.0,0.0,0.0,-0.16731268,-0.005286799,-0.012289924,-0.30552083,-0.14011672,-0.011656092,-0.3676195,-0.28113246,-0.020917337,-0.36424255,-0.39253956,-0.02911231,-0.32914257,-0.44604045,0.06577366,-0.40941682,-0.5953767,0.052828174,-0.4622791,-0.6815674,0.023707138,-0.51258314,-0.7613308,-0.0051405267,-0.273232,-0.50000453,0.037979048,-0.36717385,-0.67868906,0.026399912,-0.43517035,-0.7783094,-0.0043508797,-0.5032258,-0.86415493,-0.030745612,-0.20024735,-0.514794,-7.846882e-05,-0.29699624,-0.69149804,-0.018965669,-0.36423883,-0.7848776,-0.037916116,-0.4331375,-0.8628766,-0.05472044,-0.10963316,-0.501166,-0.043600608,-0.19164075,-0.648528,-0.0635479,-0.25149342,-0.730242,-0.07078096,-0.31517407,-0.80106324,-0.07807044
B,Alejandro,Left,0.0,0.0,0.0,-0.17463304,0.0015680991,-0.010113569,-0.30881318,-0.13025606,-0.0074197706,-0.36332312,-0.27651113,-0.015104075,-0.36541313,-0.3923575,-0.02205716,-0.337023,-0.44972152,0.07484889,-0.4152755,-0.5955192,0.06396448,-0.4668548,-0.68154967,0.033510707,-0.5156513,-0.7622855,0.0030794847,-0.2805892,-0.5049795,0.045982745,-0.37140104,-0.6794409,0.036189806,-0.4390543,-0.77660066,0.0028809728,-0.50644696,-0.86227113,-0.026428288,-0.20918673,-0.51853096,0.0064133154,-0.30028474,-0.69017845,-0.012208673,-0.3684329,-0.77970695,-0.033858575,-0.43786702,-0.8549837,-0.053334348,-0.1173026,-0.50317276,-0.03861729,-0.19745648,-0.6507607,-0.058905717,-0.25900468,-0.7279835,-0.06771572,-0.32652134,-0.79352933,-0.07685498
B,Alejandro,Left,0.0,0.0,0.0,-0.1727883,-0.007183064,-0.0016233365,-0.29862383,-0.14341062,0.008868317,-0.34481737,-0.2914864,0.008329126,-0.3494226,-0.40373626,0.00851416,-0.3261252,-0.46292952,0.08687307,-0.39923632,-0.6042177,0.07889508,-0.45253226,-0.6914836,0.050693262,-0.50105405,-0.7708858,0.022071984,-0.27012226,-0.52036124,0.05598034,-0.35882133,-0.6905484,0.046146985,-0.4284237,-0.78502446,0.015656548,-0.4978558,-0.8672598,-0.010286598,-0.20084678,-0.5345464,0.01460363,-0.29076153,-0.701761,-0.005226717,-0.36118418,-0.78978217,-0.02288887,-0.432678,-0.8654782,-0.03774483,-0.10743524,-0.51849824,-0.031594615,-0.1888654,-0.6674588,-0.05149664,-0.25187033,-0.7423109,-0.05703515,-0.32135233,-0.80407506,-0.06263215
B,Alejandro,Left,0.0,0.0,0.0,-0.1781122,0.0005570792,0.0031347962,-0.30667734,-0.14016972,0.019130234,-0.35774252,-0.28700346,0.02286794,-0.36353847,-0.39795017,0.02784215,-0.32297027,-0.44665438,0.09727585,-0.39088088,-0.58741456,0.091368996,-0.45151836,-0.6825008,0.06784282,-0.5036299,-0.7648134,0.04271383,-0.2696908,-0.5083781,0.06350334,-0.3581175,-0.6804107,0.04374603,-0.43244535,-0.7752553,0.013944123,-0.507353,-0.8617383,-0.006882079,-0.20582302,-0.52739054,0.019308561,-0.29377678,-0.6913005,-0.009041769,-0.37154293,-0.78250813,-0.024587566,-0.4505618,-0.8653599,-0.032673545,-0.12147939,-0.5098014,-0.029025689,-0.21194889,-0.6635909,-0.04786097,-0.28064886,-0.7399286,-0.047780856,-0.34996313,-0.80091965,-0.047238383
B,Alejandro,Left,0.0,0.0,0.0,-0.17880242,0.0043328507,-0.001898342,-0.30551273,-0.135817,0.011255588,-0.35720956,-0.28173074,0.013438021,-0.36767402,-0.396439,0.01694449,-0.3212766,-0.43794873,0.08684969,-0.39531022,-0.5815932,0.07915252,-0.4590347,-0.674407,0.054684702,-0.5146213,-0.7565971,0.02869614,-0.27093124,-0.4989766,0.055422664,-0.36375627,-0.67130834,0.03422485,-0.44186506,-0.76637125,0.0012273799,-0.5195054,-0.8544672,-0.022786802,-0.2079646,-0.51709074,0.013895235,-0.29874614,-0.68374616,-0.015399785,-0.37815216,-0.7762109,-0.035632003,-0.45710775,-0.85953677,-0.048213605,-0.123668686,-0.50213104,-0.03183458,-0.21233869,-0.6561225,-0.052801967,-0.28004578,-0.7355844,-0.057084262,-0.34879577,-0.80073506,-0.060391393
B,Alejandro,Right,0.0,0.0,0.0,0.14716467,-0.10096768,-0.033152867,0.22970328,-0.30856904,-0.02970665,0.20621933,-0.47644725,-0.027317429,0.111768715,-0.51604134,-0.026702883,0.18587935,-0.4858333,0.013764752,0.2195975,-0.6569965,-0.0052786856,0.23252404,-0.7683113,-0.03312218,0.24156103,-0.8750989,-0.05981526,0.11359053,-0.519586,0.0014716835,0.14721297,-0.7160874,-0.017579539,0.17112161,-0.8532065,-0.048132144,0.19141549,-0.9815091,-0.07482965,0.040389687,-0.50804913,-0.019557875,0.06671195,-0.7019055,-0.048145786,0.096451186,-0.827949,-0.07994941,0.11883875,-0.9405262,-0.104251,-0.04230232,-0.46938583,-0.04522249,-0.017411595,-0.6219947,-0.07534441,0.013639141,-0.72096467,-0.0952638,0.042895157,-0.8130485,-0.11260912
B,Alejandro,Right,0.0,0.0,0.0,0.1500332,-0.09839447,-0.041822024,0.23680277,-0.29687643,-0.043570075,0.21853676,-0.47398904,-0.04453229,0.12696785,-0.52951455,-0.0473385,0.18596673,-0.47541735,0.0011369743,0.22300975,-0.6495046,-0.022681588,0.23682174,-0.7627191,-0.0527294,0.24537347,-0.87221205,-0.08012372,0.11319019,-0.51088625,-0.007288908,0.14988998,-0.7130389,-0.03094688,0.17396025,-0.8515449,-0.06345008,0.19210152,-0.98137504,-0.09096245,0.039053857,-0.5027681,-0.024559833,0.070176974,-0.7003182,-0.05767,0.10107968,-0.82794154,-0.09107902,0.12186754,-0.94018453,-0.115317345,-0.046046134,-0.4679023,-0.046761386,-0.016151683,-0.6235181,-0.08041258,0.016924093,-0.7231286,-0.10130888,0.046693794,-0.8141356,-0.11828103
B,Alejandro,Right,0.0,0.0,0.0,0.14847475,-0.09570133,-0.043016117,0.23755096,-0.29478887,-0.04671087,0.22432846,-0.4698695,-0.04944273,0.14242513,-0.53960055,-0.05295112,0.18783857,-0.47485182,-0.0012604998,0.2302371,-0.64739674,-0.030476283,0.25470373,-0.7574325,-0.06271254,0.27452704,-0.8637938,-0.08942413,0.11942693,-0.51418066,-0.00871934,0.16430368,-0.7134635,-0.036246084,0.19635816,-0.8483112,-0.0677607,0.22335336,-0.9747375,-0.09259173,0.048294734,-0.5091119,-0.02556652,0.08744196,-0.7031336,-0.059907634,0.12445317,-0.83162063,-0.09040183,0.15269691,-0.94603854,-0.11128072,-0.03285811,-0.47687638,-0.047772326,0.0040116073,-0.6361494,-0.08014584,0.039929498,-0.7397521,-0.09859916,0.07336331,-0.83425176,-0.11288613
B,Alejandro,Right,0.0,0.0,0.0,0.14631222,-0.10469911,-0.032121,0.22865838,-0.30202973,-0.03313959,0.22120388,-0.46531624,-0.036910348,0.15756622,-0.5432274,-0.041626524,0.18890736,-0.4979141,0.019033454,0.22847195,-0.6635139,-0.010688832,0.25378057,-0.7699195,-0.045861304,0.2753108,-0.86789584,-0.07315351,0.124121286,-0.5320549,0.006737703,0.16391131,-0.72469413,-0.019294294,0.19236092,-0.8546516,-0.05067408,0.22014898,-0.97546625,-0.07438142,0.055302516,-0.5251743,-0.015681699,0.09394349,-0.7152684,-0.04644323,0.13081372,-0.8360443,-0.072742105,0.16380167,-0.9409061,-0.09019222,-0.023391375,-0.48877975,-0.043263726,0.014045463,-0.6381272,-0.06979611,0.050813396,-0.7378805,-0.083258934,0.086713344,-0.8267891,-0.0932426
B,Alejandro,Right,0.0,0.0,0.0,0.15965484,-0.12168378,-0.019110873,0.22904117,-0.326942,-0.0048300717,0.20390886,-0.48302856,0.0031981552,0.13704363,-0.55259734,0.010191343,0.18793939,-0.5084448,0.060424916,0.22012822,-0.6720041,0.045127034,0.23269947,-0.78379947,0.015700253,0.24110197,-0.88771915,-0.010547121,0.11501857,-0.5436685,0.044983767,0.1431583,-0.73349863,0.027624821,0.16076982,-0.8651085,-0.0055099363,0.1788606,-0.98387444,-0.030454246,0.04275712,-0.5324273,0.019088857,0.07108113,-0.7270552,-0.008380911,0.099322334,-0.8503834,-0.036408637,0.12286622,-0.96070963,-0.054319594,-0.033648565,-0.4834586,-0.0107921995,-0.00922225,-0.6420321,-0.03653608,0.015217552,-0.74492353,-0.049147833,0.038617272,-0.84220916,-0.05783473
B,Alejandro,Right,0.0,0.0,0.0,0.1530627,-0.102358304,-0.037352692,0.23856308,-0.30567053,-0.02942781,0.2038766,-0.48889056,-0.02207367,0.10919662,-0.5339245,-0.014519735,0.19745304,-0.4783144,0.036327176,0.22361043,-0.6561558,0.0254081,0.22360803,-0.7733486,-0.001492505,0.22104566,-0.88586956,-0.028895512,0.12213937,-0.5161714,0.029450241,0.1428628,-0.7158288,0.015585717,0.15245667,-0.85868573,-0.019687092,0.1594702,-0.98720276,-0.049743935,0.050639607,-0.5075457,0.012722999,0.063848846,-0.7040379,-0.013495709,0.07953598,-0.835671,-0.050467834,0.08595727,-0.9485666,-0.07745117,-0.026646063,-0.46742728,-0.009228679,-0.016026568,-0.62755054,-0.037575416,-0.00048321288,-0.73281825,-0.059370417,0.01210911,-0.82782686,-0.07733362
B,Alejandro,Right,0.0,0.0,0.0,0.15329887,-0.106341,-0.03244453,0.23516342,-0.31023812,-0.022356052,0.20021692,-0.48662698,-0.014219699,0.105995655,-0.52585423,-0.007807505,0.18894735,-0.47598973,0.035253137,0.21463408,-0.6522923,0.023550993,0.21769488,-0.7694134,-0.0025538579,0.21894899,-0.88035876,-0.029012676,0.11501047,-0.5114658,0.025041383,0.13393143,-0.71208465,0.010717112,0.14646338,-0.85728145,-0.024471045,0.15777275,-0.98747545,-0.05418349,0.042760313,-0.5000015,0.0055457475,0.052311435,-0.7000335,-0.021178288,0.069809906,-0.83268565,-0.05867487,0.08196241,-0.948961,-0.08598519,-0.037259005,-0.4554734,-0.018578613,-0.03069212,-0.61987907,-0.048155982,-0.0124164745,-0.7262408,-0.07032517,0.0069971997,-0.8253263,-0.08864466
B,Alejandro,Right,0.0,0.0,0.0,0.15283124,-0.107093506,-0.035785254,0.2353471,-0.30555654,-0.0279845,0.20797518,-0.48398015,-0.02167449,0.1174782,-0.531655,-0.016602693,0.1867521,-0.47284323,0.032780606,0.21544327,-0.6485908,0.018902563,0.22047946,-0.7647673,-0.008430094,0.22430576,-0.87727076,-0.035738703,0.11441467,-0.50998884,0.023809645,0.13569163,-0.71216714,0.0073468303,0.1508608,-0.85521334,-0.028022498,0.16598691,-0.986128,-0.057893947,0.043453027,-0.5015081,0.005018621,0.054072663,-0.70139635,-0.024156723,0.073825434,-0.8326153,-0.061018974,0.08977214,-0.9481551,-0.087568976,-0.03646168,-0.46157596,-0.018750183,-0.03226936,-0.62225217,-0.050794117,-0.012509645,-0.7282391,-0.07390715,0.009663185,-0.82789063,-0.09262935
B,Alejandro,Right,0.0,0.0,0.0,0.15771532,-0.11708862,-0.0294684,0.24254502,-0.31135648,-0.022750704,0.20600344,-0.4819119,-0.017646749,0.1239614,-0.53746235,-0.013253227,0.1960125,-0.48406816,0.03149162,0.2233136,-0.661027,0.01420561,0.22853307,-0.77784157,-0.013525571,0.2325455,-0.88483346,-0.038558178,0.118183576,-0.5192185,0.02137434,0.14310047,-0.7212031,0.0039582844,0.15723902,-0.8623095,-0.028470857,0.16964236,-0.9855057,-0.054310177,0.04306315,-0.51021576,0.0024734866,0.0591959,-0.709329,-0.024775445,0.07878582,-0.8333622,-0.055678427,0.09148286,-0.93826914,-0.0768123,-0.039368074,-0.46652403,-0.020525303,-0.02578249,-0.6249125,-0.047291208,-0.0038739573,-0.72549784,-0.06293164,0.016555224,-0.8160887,-0.074766725
B,Alejandro,Right,0.0,0.0,0.0,0.1361124,-0.11713193,-0.029713226,0.21178699,-0.31990147,-0.024060685,0.18072903,-0.4814853,-0.019793756,0.10271837,-0.5398445,-0.015542772,0.17596313,-0.4896437,0.024345968,0.20297578,-0.6676786,0.006086803,0.20714836,-0.78226405,-0.02084327,0.20924613,-0.8897807,-0.04506944,0.102542855,-0.5220362,0.01384689,0.12441688,-0.72218746,-0.005517091,0.13538067,-0.8639176,-0.036715876,0.144447,-0.98951256,-0.061585806,0.031986915,-0.50936925,-0.0052596456,0.04316602,-0.7071906,-0.032254606,0.058379155,-0.8333163,-0.061855733,0.06741031,-0.94260526,-0.08260659,-0.04283083,-0.46612173,-0.028788747,-0.035585687,-0.6270217,-0.055310406,-0.019931957,-0.7322752,-0.07146484,-0.0023579795,-0.8285176,-0.08410562
B,Alejandro,Right,0.0,0.0,0.0,0.12978435,-0.11072851,-0.04083629,0.2057496,-0.31458265,-0.038765606,0.18084729,-0.48929277,-0.03476006,0.08928735,-0.52956027,-0.029277945,0.15427156,-0.49582633,0.015410869,0.18449529,-0.67282814,0.003395422,0.18196723,-0.7864403,-0.020108396,0.17638083,-0.8950663,-0.043516636,0.078497544,-0.530361,0.010963151,0.10377709,-0.72614104,-0.0039233346,0.109698474,-0.8668969,-0.03178818,0.11253039,-0.9936483,-0.0551101,0.005174424,-0.51362664,-0.0022331113,0.012223447,-0.70274824,-0.023852587,0.024506727,-0.8283081,-0.05185451,0.030427143,-0.93505603,-0.0727751,-0.07177832,-0.46371752,-0.021228092,-0.07878981,-0.6238096,-0.043756135,-0.07839061,-0.7287447,-0.05925235,-0.07616417,-0.8194288,-0.07229974
B,Alejandro,Right,0.0,0.0,0.0,0.13015135,-0.1369702,-0.025202671,0.19062142,-0.360778,-0.017890964,0.16387026,-0.5179409,-0.013664885,0.07554067,-0.5389176,-0.0109693725,0.13068388,-0.5302912,0.026251547,0.15473305,-0.6971452,0.00858102,0.16094078,-0.8030523,-0.019003725,0.16301961,-0.9040891,-0.044498313,0.059635412,-0.5502718,0.010630252,0.075636275,-0.7417949,-0.006541452,0.082585886,-0.8739683,-0.035519205,0.086054094,-0.99629045,-0.05964412,-0.010853326,-0.5205523,-0.013469731,-0.0020660355,-0.7110754,-0.03895716,0.010727484,-0.8326876,-0.06634161,0.017583946,-0.94646084,-0.086781405,-0.085808694,-0.45342848,-0.041829202,-0.08130577,-0.61409104,-0.06700324,-0.06479748,-0.71721244,-0.080627345,-0.046604604,-0.8166193,-0.092757046
B,Alejandro,Right,0.0,0.0,0.0,0.1357595,-0.14093003,-0.037264798,0.19903614,-0.3685108,-0.037077583,0.17032321,-0.52992266,-0.03821682,0.079608485,-0.5508371,-0.040068313,0.11991284,-0.54352945,0.01997332,0.1442546,-0.70636,-0.0059833704,0.15831646,-0.80914634,-0.039493762,0.1703014,-0.90709627,-0.06768333,0.04555782,-0.5572965,0.009409234,0.06770187,-0.7487688,-0.012516082,0.08212393,-0.8738033,-0.04174209,0.095425464,-0.99543655,-0.06546468,-0.027271979,-0.52675754,-0.011737882,-0.007753952,-0.71489924,-0.04161414,0.016120236,-0.82919383,-0.06510829,0.03651932,-0.934962,-0.08171834,-0.10455916,-0.46283302,-0.038867604,-0.08076369,-0.61947864,-0.065956794,-0.05207813,-0.7160949,-0.07761366,-0.023617266,-0.8047851,-0.087656446
B,Alejandro,Right,0.0,0.0,0.0,0.13111895,-0.12134581,-0.036069974,0.20023191,-0.33991104,-0.036468256,0.18932667,-0.50651616,-0.038193375,0.10670821,-0.5528555,-0.041310497,0.13607112,-0.52224857,0.010405714,0.17581145,-0.6908991,-0.017715463,0.19795254,-0.797979,-0.051050577,0.21287684,-0.9019723,-0.07928476,0.06848599,-0.54146785,-0.0023143247,0.106539376,-0.7333977,-0.02864078,0.13160339,-0.86145467,-0.05939509,0.15259163,-0.98828936,-0.084124975,-0.0014069349,-0.5171183,-0.02495526,0.031335346,-0.708805,-0.058993462,0.060910948,-0.83133644,-0.08627443,0.08413322,-0.9478206,-0.10564238,-0.08078076,-0.461716,-0.05294272,-0.050071698,-0.61796254,-0.08610843,-0.018331962,-0.7202887,-0.10313973,0.0128621925,-0.81846005,-0.11679136
B,Alejandro,Right,0.0,0.0,0.0,0.13677199,-0.097591005,-0.043006856,0.2171671,-0.3224441,-0.045339957,0.21562281,-0.49966177,-0.047152255,0.13625833,-0.5442869,-0.049516004,0.15692405,-0.53132147,0.003632415,0.200282,-0.696217,-0.02193797,0.22553647,-0.79912543,-0.053384975,0.2445967,-0.8998706,-0.0812402,0.08807365,-0.55183846,-0.0058602965,0.13055407,-0.7384054,-0.028760392,0.16150223,-0.85995966,-0.057181243,0.18673445,-0.98241043,-0.08085043,0.017339872,-0.5270262,-0.025313439,0.056912463,-0.71489984,-0.05739724,0.092853405,-0.83350414,-0.08387159,0.12045669,-0.9485735,-0.10338135,-0.06001515,-0.47129717,-0.05079281,-0.023414344,-0.62700194,-0.08372574,0.014201784,-0.72508246,-0.100557484,0.04964053,-0.8174679,-0.11430608
B,Alejandro,Right,0.0,0.0,0.0,0.13332789,-0.0887166,-0.039464675,0.20834906,-0.30279648,-0.042057484,0.20201102,-0.46573237,-0.045220785,0.14059348,-0.5566683,-0.048333,0.16257043,-0.52710897,0.007747845,0.20661081,-0.6927682,-0.023897447,0.23627451,-0.801732,-0.058255702,0.258828,-0.9022862,-0.08543167,0.092501156,-0.54720265,-0.0028518685,0.14258917,-0.7378971,-0.03075343,0.17799057,-0.86116797,-0.060383882,0.20884335,-0.9779491,-0.082759954,0.02078188,-0.5262166,-0.023887772,0.06734962,-0.71282494,-0.05863018,0.11028263,-0.82739174,-0.08227376,0.14694352,-0.9356347,-0.098103896,-0.056734353,-0.47437593,-0.050663777,-0.009206496,-0.6275199,-0.084825665,0.037446123,-0.7185539,-0.09914917,0.0838155,-0.8042077,-0.10910051
B,Alejandro,Right,0.0,0.0,0.0,0.13425416,-0.10001269,-0.030738983,0.20073487,-0.3218686,-0.027131606,0.20314062,-0.4868555,-0.025521003,0.14569046,-0.5699641,-0.024059193,0.14263684,-0.52423024,0.017515458,0.1928724,-0.69177085,-0.011310161,0.23288158,-0.7945949,-0.04406201,0.26579094,-0.89143187,-0.06992662,0.07732461,-0.5473054,0.0044232155,0.13385333,-0.7384185,-0.020228785,0.17969579,-0.85857785,-0.047023624,0.22140397,-0.9751822,-0.067612246,0.009080266,-0.5315475,-0.01904274,0.06004027,-0.72428733,-0.050902754,0.10960199,-0.84040004,-0.0732603,0.15296751,-0.9480907,-0.08820356,-0.064799644,-0.4871407,-0.04774938,-0.019054735,-0.65028155,-0.0794304,0.02765709,-0.74709845,-0.0933895,0.07509344,-0.83499956,-0.10335683
B,Alejandro,Right,0.0,0.0,0.0,0.13616613,-0.10121248,-0.037177723,0.21857801,-0.31495607,-0.03842727,0.22343002,-0.4847222,-0.040806517,0.1495813,-0.5611969,-0.04387986,0.16938049,-0.5295281,0.018966567,0.2071225,-0.69523424,-0.006903215,0.23192872,-0.8021266,-0.04037949,0.25167924,-0.90051997,-0.06744004,0.09907954,-0.5499193,0.008445523,0.1435816,-0.7370289,-0.012320904,0.17288615,-0.85896206,-0.041732382,0.20173605,-0.9794399,-0.0653455,0.026504712,-0.532054,-0.012432266,0.07145177,-0.7148178,-0.040981278,0.10940305,-0.8259923,-0.06420309,0.14376034,-0.9303214,-0.08096933,-0.05635762,-0.48461637,-0.039085574,-0.010728856,-0.6334813,-0.06672908,0.035171557,-0.7210121,-0.07744418,0.08192963,-0.79800147,-0.08571111
B,Alejandro,Right,0.0,0.0,0.0,0.14659153,-0.11661191,-0.031397145,0.22648837,-0.3223184,-0.026435148,0.21823692,-0.49768016,-0.023111379,0.13747561,-0.5681322,-0.02004223,0.17814347,-0.4984339,0.031208938,0.2163636,-0.67250144,0.013557592,0.23562424,-0.7797677,-0.013800996,0.25086302,-0.8807882,-0.03792654,0.109111354,-0.5316735,0.021095809,0.14704452,-0.7290151,0.0042219744,0.17455682,-0.8586734,-0.024423389,0.19782712,-0.98023695,-0.047618374,0.036904525,-0.52494144,0.0010638993,0.07174234,-0.71805006,-0.025537027,0.105442606,-0.83805615,-0.05383233,0.13080406,-0.94516355,-0.07371966,-0.04616243,-0.4895389,-0.023629295,-0.011034719,-0.6438347,-0.0502941,0.023163041,-0.74127954,-0.06590214,0.055145968,-0.8309546,-0.07821678
B,Alejandro,Right,0.0,0.0,0.0,0.15648328,-0.10796417,-0.03742346,0.24441312,-0.30282933,-0.035512436,0.23217903,-0.48517275,-0.034177754,0.14482288,-0.5532064,-0.033717953,0.19012807,-0.4740052,0.020861922,0.23056653,-0.65297604,0.0006094333,0.24881287,-0.7656759,-0.02787791,0.26463488,-0.8707812,-0.05313359,0.11704728,-0.51214755,0.013352381,0.15737478,-0.7161905,-0.005908485,0.18644953,-0.85388714,-0.0368867,0.21079001,-0.9775314,-0.062556125,0.043833476,-0.5113932,-0.0039214455,0.077153586,-0.7086097,-0.03167962,0.111795984,-0.8347688,-0.061962802,0.13830256,-0.94269216,-0.083667226,-0.041244593,-0.4843858,-0.026272614,-0.009547223,-0.63866127,-0.054935288,0.025794962,-0.7412248,-0.07322323,0.058834873,-0.83446425,-0.08763676
B,Alejandro,Right,0.0,0.0,0.0,0.15449,-0.10791466,-0.041383836,0.2405171,-0.3054997,-0.041593865,0.23390147,-0.49066716,-0.041591942,0.15035695,-0.56717324,-0.042573445,0.1873134,-0.47084838,0.012711491,0.22873569,-0.64678735,-0.010848945,0.24631347,-0.7588628,-0.041049894,0.26086515,-0.8660914,-0.06767292,0.11645604,-0.50936776,0.005875811,0.156848,-0.71175635,-0.017522631,0.18419074,-0.84998,-0.050559018,0.20818172,-0.97809017,-0.0777362,0.043323323,-0.50644225,-0.0108643165,0.07807638,-0.704761,-0.044483062,0.1113004,-0.83268243,-0.078570224,0.13639592,-0.9429255,-0.10238461,-0.041226942,-0.4779723,-0.032536976,-0.008864022,-0.6331755,-0.06650364,0.025928134,-0.73443794,-0.08832532,0.058441956,-0.8255834,-0.10516458
B,Alejandro,Right,0.0,0.0,0.0,0.15339719,-0.12747207,-0.036006857,0.23472606,-0.33203867,-0.02856787,0.2079119,-0.5088513,-0.022446748,0.12690113,-0.5875953,-0.016481683,0.1859554,-0.5097972,0.04182595,0.21812257,-0.69016004,0.02489317,0.22545592,-0.80867875,-0.0036129963,0.23045412,-0.91606355,-0.027952807,0.10478493,-0.54514456,0.03593657,0.13189913,-0.7416513,0.019123077,0.14319488,-0.87465274,-0.013314148,0.15770705,-0.98748595,-0.038461283,0.023750836,-0.53567487,0.01888771,0.04386478,-0.7308385,-0.008893966,0.063257195,-0.858263,-0.039388955,0.0813229,-0.96267015,-0.059327655,-0.063940085,-0.4935869,-0.0032237116,-0.036255144,-0.6601193,-0.03079436,-0.011028487,-0.76949686,-0.046774954,0.015411882,-0.8655997,-0.057791278
B,Alejandro,Right,0.0,0.0,0.0,0.14931305,-0.13471816,-0.032871533,0.2210642,-0.34601998,-0.026565855,0.19222559,-0.51652265,-0.022417333,0.11732365,-0.5873959,-0.017415706,0.16731201,-0.5121954,0.042998206,0.19078141,-0.68722606,0.023990797,0.20002355,-0.8035479,-0.0055204043,0.20796238,-0.9072633,-0.02942529,0.089908265,-0.5422875,0.036655422,0.109830745,-0.73842853,0.019050099,0.12032133,-0.8748685,-0.012248065,0.13406384,-0.9909727,-0.035497446,0.013063301,-0.5349862,0.019480897,0.030776866,-0.72638685,-0.006300265,0.055864267,-0.84577227,-0.033044234,0.08033918,-0.9390877,-0.049429797,-0.06761039,-0.49914443,-0.0029062124,-0.03912794,-0.66269237,-0.026012816,-0.011425367,-0.76633424,-0.03795124,0.017189791,-0.8531028,-0.045561567
B,Alejandro,Right,0.0,0.0,0.0,0.16366231,-0.105174415,-0.029726896,0.24752934,-0.30894452,-0.020052614,0.22231552,-0.47804955,-0.01272891,0.16571565,-0.56683296,-0.0051908838,0.19965105,-0.5145281,0.044691496,0.23015995,-0.6820169,0.026998421,0.25087693,-0.79032665,-0.0017495984,0.26861477,-0.88626003,-0.024862148,0.12279271,-0.54955816,0.036434203,0.15777074,-0.7445178,0.021436462,0.18418643,-0.87031454,-0.007910221,0.21062021,-0.977568,-0.029629227,0.04562377,-0.548457,0.017488636,0.07810077,-0.74078655,-0.006993324,0.1168976,-0.85988975,-0.033016108,0.15274552,-0.9601168,-0.049256507,-0.04058459,-0.51408076,-0.0060995193,-0.0018147231,-0.67876315,-0.028636226,0.037962724,-0.7770071,-0.038525335,0.0774352,-0.8642938,-0.044618968
B,Alejandro,Right,0.0,0.0,0.0,0.1747252,-0.10929627,-0.033851534,0.26181617,-0.31380606,-0.024506008,0.2368782,-0.49556053,-0.016984897,0.16683728,-0.5840165,-0.009363962,0.19631572,-0.50393546,0.047724042,0.23962472,-0.67982435,0.029957017,0.2671449,-0.792237,0.0031776042,0.2909288,-0.8900762,-0.01838492,0.12256377,-0.5417407,0.042231765,0.16674161,-0.7434724,0.02512279,0.20272057,-0.8687001,-0.0031916979,0.23587054,-0.9717845,-0.023928568,0.047988974,-0.54707175,0.024683224,0.086076126,-0.7511535,-0.0039071105,0.12728669,-0.8788865,-0.032152396,0.1631013,-0.978947,-0.048857346,-0.037461165,-0.5277227,0.002341875,0.001472103,-0.69973093,-0.024504997,0.044822037,-0.8072536,-0.03946938,0.08725988,-0.9005792,-0.049265254
B,Alejandro,Right,0.0,0.0,0.0,0.16166775,-0.10459261,-0.04246479,0.24549393,-0.29550016,-0.03876544,0.23125955,-0.47781515,-0.03541638,0.16649465,-0.5857536,-0.030756507,0.18461375,-0.48601797,0.041476406,0.23262851,-0.6699978,0.019331446,0.26300427,-0.7834144,-0.010554985,0.28969595,-0.8846968,-0.033530675,0.1142862,-0.5316103,0.038149994,0.16230445,-0.7350663,0.018233389,0.201282,-0.8633886,-0.012894024,0.23909329,-0.9709966,-0.03559771,0.041098613,-0.5430174,0.021694262,0.086272255,-0.74273944,-0.007777924,0.13137776,-0.871065,-0.038093917,0.17209806,-0.97372967,-0.05661388,-0.042643066,-0.52847713,-0.00050792337,0.005748388,-0.6970229,-0.02802532,0.048095867,-0.8022543,-0.043851096,0.08997231,-0.89525455,-0.05412898
B,Alejandro,Right,0.0,0.0,0.0,0.15500402,-0.10425897,-0.032368112,0.23135173,-0.29690918,-0.025698394,0.2220915,-0.4646691,-0.02076391,0.15919833,-0.5534485,-0.016191209,0.1782116,-0.48333034,0.032302164,0.22145933,-0.6572116,0.011358634,0.24671473,-0.7636731,-0.016168555,0.26647067,-0.85972553,-0.037905417,0.11119778,-0.52198267,0.023319252,0.15977223,-0.724773,0.0024143665,0.19329602,-0.8580357,-0.026323885,0.22204165,-0.97503716,-0.047240365,0.039700627,-0.52350396,0.0035198857,0.08177483,-0.7209623,-0.02617947,0.11870574,-0.84739715,-0.055036575,0.14982827,-0.9529744,-0.07297142,-0.043121118,-0.49651188,-0.020899907,0.0008171318,-0.656352,-0.04832257,0.039401133,-0.7550685,-0.06322159,0.07657735,-0.84373665,-0.07351939
B,Alejandro,Right,0.0,0.0,0.0,0.14836177,-0.10802307,-0.029140977,0.22544326,-0.32172874,-0.022063257,0.20782067,-0.48636174,-0.017148662,0.13925323,-0.55016863,-0.012664101,0.17079298,-0.5151891,0.029944355,0.20616871,-0.67902124,0.010045282,0.2301893,-0.7776499,-0.017611079,0.25055236,-0.8699171,-0.04068867,0.10057006,-0.5405396,0.017807564,0.14117028,-0.7339465,-0.0012513396,0.17391843,-0.8598237,-0.028788285,0.20368151,-0.9790372,-0.049705572,0.029159833,-0.52500856,-0.0045332424,0.066189215,-0.7183252,-0.033053678,0.10347742,-0.8404965,-0.061369404,0.13482077,-0.95157677,-0.07993627,-0.051799312,-0.47885573,-0.031424433,-0.01462248,-0.64033973,-0.058847874,0.023112278,-0.7423756,-0.07447342,0.06106677,-0.8384755,-0.08607874
B,Alejandro,Right,0.0,0.0,0.0,0.13733655,-0.12955819,-0.032943692,0.20339312,-0.36317798,-0.028662954,0.1775108,-0.5234682,-0.02593985,0.098288946,-0.55746454,-0.023956805,0.12914291,-0.54235816,0.021138402,0.15803264,-0.70237666,-0.003314895,0.17501284,-0.8036498,-0.034584112,0.1893536,-0.8985487,-0.060122896,0.053271376,-0.555217,0.009224846,0.083420865,-0.7412656,-0.012690902,0.10442695,-0.8690348,-0.041855462,0.12661918,-0.9919514,-0.064353056,-0.019667242,-0.5250752,-0.012900799,0.007611516,-0.7048015,-0.043412875,0.03802393,-0.82224417,-0.0696127,0.06695665,-0.9338689,-0.0869898,-0.09686936,-0.46336067,-0.040235654,-0.06369165,-0.6188582,-0.06816676,-0.028077822,-0.7201782,-0.08200421,0.0101612285,-0.815631,-0.092793725
B,Alejandro,Right,0.0,0.0,0.0,0.112360135,-0.11749602,-0.052328657,0.1798671,-0.34546298,-0.05627807,0.12154633,-0.51238734,-0.05616396,0.01566956,-0.5430436,-0.05398899,0.11347843,-0.5370769,0.0042066225,0.11750763,-0.7045964,-0.01693944,0.10222872,-0.8181822,-0.044949472,0.08970687,-0.9215385,-0.070261806,0.026101733,-0.5644468,0.0018948781,0.025903279,-0.748394,-0.016337669,0.018047333,-0.88163537,-0.043526027,0.012555379,-0.9999212,-0.065184355,-0.047766816,-0.5414417,-0.010788022,-0.051569596,-0.7148608,-0.039129693,-0.047806222,-0.83350515,-0.0647679,-0.04768026,-0.9396444,-0.08239681,-0.11417787,-0.48074263,-0.030304484,-0.11417048,-0.62889177,-0.05941548,-0.102824904,-0.7137116,-0.071337275,-0.092288725,-0.7823167,-0.079358086
B,Alejandro,Left,0.0,0.0,0.0,-0.15577157,0.0024459697,-0.061034106,-0.29725707,-0.09097663,-0.09730742,-0.37080574,-0.24479762,-0.13040498,-0.33488455,-0.36839253,-0.16172309,-0.30946514,-0.38595578,-0.037563924,-0.37450117,-0.57670134,-0.084226914,-0.41257304,-0.69374454,-0.12719359,-0.44701985,-0.807381,-0.16168256,-0.23235516,-0.4484397,-0.047368802,-0.30703908,-0.6634572,-0.0831414,-0.3497552,-0.79450804,-0.117045775,-0.39251837,-0.91974413,-0.14462031,-0.14705616,-0.46838245,-0.067602806,-0.22122084,-0.6697958,-0.10376361,-0.26657757,-0.7933617,-0.12734964,-0.3113774,-0.9065159,-0.14572953,-0.04608608,-0.46059898,-0.09531419,-0.11094593,-0.6168082,-0.12771913,-0.15470248,-0.71663594,-0.14069591,-0.20172863,-0.805694,-0.1510761
B,Alejandro,Left,0.0,0.0,0.0,-0.15833001,0.0045407484,-0.058843046,-0.30287102,-0.092224404,-0.094951935,-0.3867373,-0.2381673,-0.1285601,-0.35131305,-0.35196373,-0.16085382,-0.31866094,-0.382514,-0.03637598,-0.39017364,-0.5746807,-0.08193356,-0.43246162,-0.68991166,-0.12467531,-0.4699684,-0.7984287,-0.15890929,-0.24304976,-0.44517413,-0.047214903,-0.3265445,-0.6593544,-0.08256717,-0.37571764,-0.78806555,-0.11807216,-0.42401198,-0.9056566,-0.14620917,-0.15636034,-0.46841297,-0.067701,-0.23939906,-0.6684688,-0.10261671,-0.28905156,-0.789958,-0.12794548,-0.33762744,-0.8998481,-0.14763981,-0.054413002,-0.46316412,-0.095286235,-0.124813505,-0.6145159,-0.1257822,-0.1725251,-0.7113414,-0.13854563,-0.22193874,-0.7994868,-0.1488556
B,Alejandro,Left,0.0,0.0,0.0,-0.16323908,-0.008580718,-0.042616256,-0.30412808,-0.11838027,-0.06423077,-0.37751952,-0.26712376,-0.0874759,-0.34781066,-0.3883211,-0.10800556,-0.3169982,-0.41902494,0.007751804,-0.38528854,-0.59974664,-0.02487619,-0.42896184,-0.7066215,-0.06334908,-0.46980885,-0.8055976,-0.09638715,-0.24686609,-0.47684717,-0.0068359105,-0.3272813,-0.67760664,-0.033326402,-0.37855348,-0.79447603,-0.0671652,-0.43178862,-0.9019748,-0.09464567,-0.1654688,-0.49468726,-0.031878214,-0.24683718,-0.68863255,-0.06135238,-0.29932576,-0.7995648,-0.08345229,-0.35278818,-0.89666617,-0.101294816,-0.06536329,-0.48347682,-0.06352419,-0.13413295,-0.63422704,-0.09094986,-0.18334253,-0.7252569,-0.10105541,-0.23493648,-0.8089722,-0.10939469
B,Alejandro,Left,0.0,0.0,0.0,-0.17393796,-0.0049780128,-0.041871395,-0.3110009,-0.0949275,-0.06910863,-0.38485262,-0.22731161,-0.09889288,-0.3692372,-0.3494034,-0.12589937,-0.35013965,-0.41216213,0.011685615,-0.42653233,-0.5781308,-0.023357727,-0.47175914,-0.6758365,-0.0665512,-0.5155174,-0.7706922,-0.10356026,-0.28191724,-0.47390312,-0.0062675136,-0.3680762,-0.66876554,-0.033984028,-0.42139193,-0.7756008,-0.07128696,-0.480308,-0.87709993,-0.10234055,-0.20036803,-0.4942884,-0.03522939,-0.28503698,-0.6830199,-0.06559457,-0.34009072,-0.7824855,-0.08738893,-0.3978845,-0.86778873,-0.10550782,-0.09604028,-0.48481542,-0.07104397,-0.16655684,-0.63761127,-0.098382205,-0.21857494,-0.7238341,-0.10729929,-0.27591437,-0.7968517,-0.11514149
B,Alejandro,Left,0.0,0.0,0.0,-0.16589548,-0.011133006,-0.03472374,-0.29745275,-0.109751455,-0.061025955,-0.3663066,-0.23117283,-0.09044364,-0.3524337,-0.3439893,-0.119533,-0.30915144,-0.40019777,-0.009512748,-0.38968238,-0.5784939,-0.05177608,-0.44716078,-0.67871165,-0.093760066,-0.5018626,-0.7698791,-0.12751117,-0.24372782,-0.46065283,-0.03247098,-0.33705965,-0.66185504,-0.068195485,-0.40463716,-0.77760696,-0.10664678,-0.47382694,-0.880618,-0.13698587,-0.16491444,-0.48619,-0.06367984,-0.25910422,-0.68253255,-0.09923116,-0.32262948,-0.7971923,-0.12353539,-0.38933253,-0.89169776,-0.14223883,-0.06844037,-0.48380294,-0.10018974,-0.14468776,-0.6349475,-0.1309508,-0.20153086,-0.72748,-0.14101635,-0.2612809,-0.80524856,-0.14910397
B,Alejandro,Left,0.0,0.0,0.0,-0.1629333,0.00019855717,-0.043971557,-0.299365,-0.08637746,-0.07490484,-0.37575886,-0.21054594,-0.10745245,-0.37024215,-0.32818276,-0.13908489,-0.33875558,-0.39681515,-0.013751514,-0.41956392,-0.56480277,-0.058489848,-0.47448602,-0.6637641,-0.10469409,-0.52390754,-0.7577664,-0.14184795,-0.27401656,-0.45752543,-0.033347975,-0.36770368,-0.65136474,-0.07125879,-0.43399587,-0.7632406,-0.112128355,-0.50022,-0.8658984,-0.14338021,-0.19246466,-0.48044747,-0.062145554,-0.2888248,-0.66778016,-0.09931816,-0.3538511,-0.7762408,-0.12349899,-0.41725576,-0.87047553,-0.14171538,-0.08997291,-0.47329548,-0.09729421,-0.16733173,-0.62036747,-0.12998936,-0.22464511,-0.7117628,-0.14017116,-0.28269774,-0.79060495,-0.14727962
B,Alejandro,Left,0.0,0.0,0.0,-0.15723182,-0.012176661,-0.04520645,-0.2785572,-0.10786,-0.07546646,-0.34789583,-0.23308115,-0.10694031,-0.35158584,-0.3586357,-0.13686681,-0.29509962,-0.4042499,-0.01535657,-0.37316257,-0.5834981,-0.059994187,-0.42654285,-0.6885653,-0.1038893,-0.47326282,-0.78874826,-0.13839081,-0.23073162,-0.46260202,-0.032184444,-0.31861207,-0.6672499,-0.06949556,-0.37965015,-0.78721875,-0.1084062,-0.4390096,-0.8984824,-0.13814433,-0.15392214,-0.48377687,-0.05836227,-0.23886257,-0.6761629,-0.093651764,-0.2966176,-0.79188436,-0.11716791,-0.35412452,-0.89638036,-0.1353879,-0.058342196,-0.4751775,-0.0911756,-0.12553918,-0.6279738,-0.12159347,-0.17675515,-0.7217348,-0.13178535,-0.23047811,-0.80517626,-0.13922271
B,Alejandro,Left,0.0,0.0,0.0,-0.16113463,-0.009358675,-0.05141663,-0.29145372,-0.09940936,-0.08677812,-0.36997423,-0.2237501,-0.12217979,-0.35787854,-0.3573572,-0.15532513,-0.3042751,-0.38792577,-0.024456399,-0.3799569,-0.57288593,-0.07394933,-0.4279126,-0.68411696,-0.12045014,-0.4688448,-0.7917529,-0.15603964,-0.23782685,-0.4487452,-0.038031425,-0.3249312,-0.65679973,-0.076945096,-0.38073036,-0.7823037,-0.11532983,-0.43515047,-0.9003577,-0.1448568,-0.15848537,-0.47098267,-0.061416812,-0.24272516,-0.66286993,-0.097466946,-0.29656598,-0.77932835,-0.12021635,-0.34930605,-0.8830025,-0.13761489,-0.060641125,-0.4629528,-0.09185459,-0.12811244,-0.61263794,-0.12187843,-0.178663,-0.7050728,-0.13190839,-0.23121314,-0.78691345,-0.13926397
B,Alejandro,Left,0.0,0.0,0.0,-0.16868791,-0.015543775,-0.039401587,-0.30354452,-0.13453758,-0.054476626,-0.3800284,-0.29176578,-0.07236404,-0.3526489,-0.41128585,-0.08784515,-0.31055525,-0.41576377,0.026277203,-0.37518194,-0.59210056,-0.00054883375,-0.4136818,-0.69931465,-0.036466017,-0.44825953,-0.8010985,-0.06780917,-0.24274509,-0.4750914,0.012799304,-0.32051918,-0.6782654,-0.007964219,-0.36993277,-0.7962132,-0.04034146,-0.42118058,-0.9069768,-0.06716466,-0.16451661,-0.49487635,-0.01189578,-0.24126595,-0.6882329,-0.037260566,-0.2908366,-0.7985001,-0.0585848,-0.34173125,-0.897675,-0.07619493,-0.06923676,-0.4885704,-0.043472458,-0.13169765,-0.6383426,-0.06669785,-0.1761899,-0.72916013,-0.075550094,-0.22486854,-0.813701,-0.083594374
B,Alejandro,Left,0.0,0.0,0.0,-0.17478192,-0.015858775,-0.03921585,-0.31106597,-0.13254112,-0.053623684,-0.38337183,-0.28547984,-0.07140647,-0.36311248,-0.41628197,-0.0864591,-0.31185535,-0.4176743,0.034054805,-0.38067296,-0.5924026,0.007679008,-0.42230457,-0.69905627,-0.028964888,-0.4593065,-0.7999623,-0.060738344,-0.24139112,-0.47979388,0.020515226,-0.3217599,-0.68046165,0.00017976832,-0.37260425,-0.79768795,-0.033232115,-0.4248655,-0.9052565,-0.060874145,-0.1629888,-0.5017729,-0.0050759553,-0.24117257,-0.69293356,-0.030504916,-0.2939815,-0.80329996,-0.052224655,-0.34753975,-0.9020577,-0.070131,-0.06685988,-0.49702325,-0.037633218,-0.13151294,-0.6478946,-0.06132262,-0.17781596,-0.7383195,-0.07041869,-0.22911726,-0.8224885,-0.07856674
D,Alejandro,Right,0.0,0.0,0.0,0.12714805,-0.104916535,-0.039358534,0.20029604,-0.32318246,-0.056909595,0.21473858,-0.5251166,-0.08139719,0.13949564,-0.6407798,-0.10725474,0.15130623,-0.50198007,0.0024941284,0.19484168,-0.70851403,-0.023981968,0.22903189,-0.85315096,-0.040408578,0.24673542,-0.9690829,-0.055523485,0.06564358,-0.5104901,-0.008453971,0.07601581,-0.7346026,-0.07262649,0.11591723,-0.6235556,-0.094846,0.12884311,-0.4997651,-0.08983968,-0.017097903,-0.48437938,-0.024788031,-0.0037431577,-0.69819945,-0.09531544,0.05525236,-0.582434,-0.09425035,0.07481384,-0.45206147,-0.072715774,-0.10483796,-0.4306633,-0.044625722,-0.05915844,-0.57696795,-0.10390683,0.010525058,-0.5155323,-0.108774535,0.04476908,-0.41906083,-0.09863476
D,Alejandro,Right,0.0,0.0,0.0,0.12847768,-0.09160886,-0.04460995,0.20012598,-0.31224486,-0.06238781,0.21074058,-0.52040154,-0.085242674,0.13247372,-0.64150095,-0.10957606,0.15696491,-0.5031659,-0.0029572279,0.19745061,-0.7089988,-0.02696215,0.2268836,-0.8553752,-0.04230749,0.2413044,-0.97044945,-0.05758794,0.06894968,-0.51005703,-0.010647235,0.0802635,-0.73795485,-0.07089332,0.11456291,-0.6324676,-0.092661895,0.12455586,-0.5111725,-0.08888646,-0.016615104,-0.48029968,-0.023637839,-0.006014288,-0.70059043,-0.09333388,0.0502542,-0.58852285,-0.093328744,0.068174995,-0.45834482,-0.073686615,-0.10872796,-0.42307025,-0.040310137,-0.06380982,-0.57295144,-0.1027405,0.002895175,-0.51279074,-0.109569125,0.034348056,-0.4158344,-0.10109073
D,Alejandro,Right,0.0,0.0,0.0,0.13338505,-0.09786462,-0.041381516,0.21185276,-0.32850516,-0.060556278,0.21094939,-0.5542754,-0.08637222,0.11529469,-0.6665652,-0.11461481,0.17382696,-0.49921548,0.011535437,0.21296467,-0.70414406,-0.0052253865,0.23773171,-0.8546905,-0.016888555,0.2531319,-0.9674318,-0.030515203,0.08097593,-0.51165307,0.0030198023,0.078072086,-0.7298665,-0.052432824,0.111176394,-0.63439256,-0.07482308,0.12728614,-0.5238001,-0.070910126,-0.006115353,-0.48724082,-0.010871542,-0.0052284985,-0.6940003,-0.074492946,0.05230801,-0.5969464,-0.08259695,0.07439847,-0.47842866,-0.069773175,-0.10137452,-0.43734744,-0.028187953,-0.06940365,-0.57540774,-0.084317856,-0.0035887554,-0.52362937,-0.09643096,0.03380172,-0.43371096,-0.09329639
D,Alejandro,Right,0.0,0.0,0.0,0.1256652,-0.11618453,-0.048477177,0.20331402,-0.33955735,-0.06770702,0.19936343,-0.5583847,-0.09120281,0.110692866,-0.6806233,-0.115612835,0.158665,-0.5087197,0.0058704806,0.19817393,-0.71055716,-0.015428244,0.22232147,-0.85626715,-0.032002963,0.23821317,-0.9712129,-0.048366494,0.06766935,-0.5202752,0.0019774034,0.061242163,-0.73132277,-0.055609282,0.09514691,-0.63777167,-0.08154269,0.11444229,-0.524206,-0.08132976,-0.019998893,-0.4947738,-0.007906113,-0.026330866,-0.7021197,-0.07192048,0.033300642,-0.6037718,-0.076648414,0.061697595,-0.47695196,-0.061302066,-0.11431388,-0.44221422,-0.022118522,-0.08709274,-0.5896972,-0.07786997,-0.02118818,-0.53861356,-0.08601675,0.018194066,-0.44202816,-0.079005755
D,Alejandro,Right,0.0,0.0,0.0,0.12484832,-0.10688806,-0.047630884,0.1997766,-0.33393875,-0.07067772,0.19212738,-0.5557806,-0.099873506,0.10050229,-0.6824684,-0.13040435,0.15634127,-0.5041426,0.0121527575,0.19534047,-0.70715165,-0.0064989883,0.22147246,-0.8575752,-0.018709186,0.2347705,-0.97205085,-0.032430463,0.06440924,-0.5159956,0.0054631936,0.056632224,-0.74141127,-0.050216474,0.09530984,-0.6460393,-0.07268833,0.11449631,-0.5397744,-0.0690711,-0.02350662,-0.49269068,-0.007507887,-0.032567926,-0.712348,-0.07451535,0.033901792,-0.60153544,-0.07823994,0.06098748,-0.4730109,-0.061046373,-0.11761262,-0.4441574,-0.024470394,-0.08813739,-0.5936023,-0.083876505,-0.01975518,-0.533508,-0.09244177,0.016231876,-0.43515903,-0.085466474
D,Alejandro,Right,0.0,0.0,0.0,0.12150374,-0.112304784,-0.051113877,0.18837878,-0.3332545,-0.07315071,0.1801589,-0.54883647,-0.10081036,0.09611179,-0.6798389,-0.12866028,0.15315516,-0.5147794,0.014337581,0.1893393,-0.71326375,-0.0057696993,0.21224533,-0.86222535,-0.02011537,0.22198603,-0.97504985,-0.03458108,0.062025797,-0.52339846,0.0110845035,0.05175575,-0.7337634,-0.04499122,0.083512895,-0.638285,-0.06831874,0.10001097,-0.5346799,-0.065400995,-0.026132435,-0.49805745,0.0003968676,-0.03629151,-0.7070005,-0.06666385,0.021943344,-0.60062057,-0.071449034,0.046053637,-0.47327203,-0.054767262,-0.11954863,-0.44867826,-0.014806999,-0.09712464,-0.5921415,-0.07486731,-0.03305865,-0.5341846,-0.0843925,0.0040537673,-0.43532327,-0.0773236
D,Alejandro,Right,0.0,0.0,0.0,0.13258709,-0.09416472,-0.039264295,0.20601988,-0.32764792,-0.04641284,0.21270284,-0.5346968,-0.05767989,0.13566981,-0.6425423,-0.07040163,0.1612563,-0.50258195,0.0006263231,0.2064671,-0.7094839,-0.019574355,0.23568031,-0.85362834,-0.036676437,0.2511009,-0.9679609,-0.0542009,0.07221013,-0.5091719,-0.0061295885,0.07297401,-0.7206381,-0.067501105,0.10919918,-0.6395939,-0.098535135,0.12574346,-0.52186966,-0.10284935,-0.017037157,-0.48038092,-0.016881857,-0.008173492,-0.6904503,-0.084116295,0.049073443,-0.5996792,-0.09345326,0.07349738,-0.4760326,-0.081991136,-0.11240565,-0.42519516,-0.030636195,-0.071013115,-0.57043296,-0.09016925,-0.0070272866,-0.5172505,-0.10069574,0.027514424,-0.42163438,-0.096259266
D,Alejandro,Right,0.0,0.0,0.0,0.13775806,-0.10631575,-0.05287199,0.20581697,-0.31508198,-0.064115494,0.20656624,-0.52705723,-0.07871608,0.12389184,-0.6452547,-0.09216395,0.16951256,-0.5011359,0.016341707,0.21202134,-0.7142332,-0.003877218,0.2391651,-0.8541461,-0.022654489,0.25372818,-0.96727556,-0.041500796,0.07663543,-0.51521283,0.016677737,0.07294746,-0.71699286,-0.050050035,0.100637406,-0.6270861,-0.08450561,0.112552255,-0.51903796,-0.088301085,-0.011998744,-0.4918378,0.0099308435,-0.015217177,-0.69057274,-0.06642243,0.037631664,-0.5788008,-0.07755424,0.060188357,-0.4458535,-0.062320877,-0.10538895,-0.44071928,-0.0015601765,-0.07950417,-0.5613261,-0.07295337,-0.018371549,-0.5010728,-0.090212345,0.021643503,-0.40694746,-0.08588395
D,Alejandro,Right,0.0,0.0,0.0,0.13042279,-0.11489869,-0.063161954,0.19900724,-0.318572,-0.08125202,0.18680432,-0.53309554,-0.101449005,0.09270452,-0.65066737,-0.11972458,0.16588669,-0.5199274,0.018912125,0.20307483,-0.73159665,-0.0025311382,0.22717097,-0.86496115,-0.022506703,0.23999861,-0.9707732,-0.041434884,0.07265496,-0.52638584,0.024177283,0.07097451,-0.7231481,-0.040401164,0.09799246,-0.6184462,-0.07498814,0.10867349,-0.5179562,-0.07903191,-0.015536339,-0.49736428,0.020643163,-0.017522331,-0.69048256,-0.05635886,0.032443896,-0.57196033,-0.06848472,0.05010751,-0.44406545,-0.053632732,-0.109177664,-0.44303414,0.011749031,-0.094264865,-0.5606842,-0.058709472,-0.03931285,-0.49464408,-0.07450662,-0.0059322114,-0.40292734,-0.069077134
D,Alejandro,Right,0.0,0.0,0.0,0.1272038,-0.10324097,-0.04098037,0.2015494,-0.33262977,-0.052115798,0.1982844,-0.5366453,-0.06778268,0.120005056,-0.64990854,-0.0844492,0.15024395,-0.51174116,0.004707851,0.1859369,-0.7126422,-0.021032719,0.21346426,-0.8564493,-0.042879898,0.22891141,-0.97344726,-0.06341885,0.06336468,-0.51669866,-0.0036839559,0.056544613,-0.72734016,-0.07250558,0.10028464,-0.64018846,-0.10888354,0.12153698,-0.52638865,-0.11531096,-0.023408238,-0.48701084,-0.016655598,-0.024300627,-0.6856236,-0.09245935,0.042302866,-0.5845305,-0.102823704,0.07286323,-0.4639552,-0.08907148,-0.11439906,-0.4293094,-0.03249413,-0.07518209,-0.5700766,-0.09640202,-0.0019936946,-0.5150196,-0.106584355,0.03964457,-0.42755345,-0.10046505
D,Alejandro,Right,0.0,0.0,0.0,0.13169754,-0.095477015,-0.04776337,0.20888138,-0.31865105,-0.062699564,0.22053097,-0.5217731,-0.08024266,0.14806262,-0.63622415,-0.09832213,0.14453752,-0.49948737,-0.014586401,0.1880647,-0.7085796,-0.047913976,0.22120735,-0.85215604,-0.06987206,0.24259654,-0.9701273,-0.087820664,0.059442688,-0.5043863,-0.019891266,0.072184265,-0.7311335,-0.09422595,0.10551318,-0.61995155,-0.12245816,0.11733185,-0.4876424,-0.119927086,-0.025505457,-0.47504845,-0.030043427,-0.0012356133,-0.6840978,-0.1104884,0.05021843,-0.5636006,-0.1093348,0.066400975,-0.43046603,-0.08459435,-0.117412634,-0.41798884,-0.043675713,-0.062239964,-0.56411904,-0.11007374,0.004657377,-0.5011222,-0.11333244,0.03507421,-0.40712294,-0.09966515
D,Alejandro,Right,0.0,0.0,0.0,0.1237551,-0.11097407,-0.046999164,0.2078556,-0.32628438,-0.07184005,0.2223133,-0.52908754,-0.1033771,0.15056035,-0.65316254,-0.13584845,0.133945,-0.5095468,0.00065002753,0.17912246,-0.7085165,-0.032132298,0.21691261,-0.85318166,-0.052043114,0.23819321,-0.9712178,-0.068180546,0.053446304,-0.5151617,-0.009158756,0.06250781,-0.74030066,-0.08161362,0.109939076,-0.62231135,-0.10765735,0.1277128,-0.49752665,-0.102416605,-0.02574549,-0.49006107,-0.025577564,-0.010327309,-0.69723165,-0.10523804,0.06034112,-0.5725028,-0.107014135,0.08645688,-0.438768,-0.08338517,-0.11103438,-0.4373891,-0.045795627,-0.0574398,-0.5882274,-0.10903603,0.023416523,-0.5240128,-0.11505501,0.06309628,-0.4258626,-0.10369299
D,Alejandro,Right,0.0,0.0,0.0,0.1241909,-0.1074169,-0.037025474,0.19647029,-0.329676,-0.05076614,0.21752612,-0.53010976,-0.07122209,0.1569077,-0.65269053,-0.09261301,0.1322656,-0.50674367,0.0008547559,0.1747754,-0.7134422,-0.029376008,0.20721555,-0.8562999,-0.048099834,0.22559828,-0.9742204,-0.06378481,0.04879323,-0.5135769,-0.011680206,0.07207061,-0.74502736,-0.082286544,0.11175796,-0.627141,-0.1062109,0.119753085,-0.49695316,-0.10011935,-0.0333595,-0.48871282,-0.02930409,-0.006619047,-0.70025796,-0.106006056,0.050977256,-0.5719131,-0.10175857,0.06521862,-0.43731955,-0.07504851,-0.12051318,-0.43452245,-0.05010008,-0.06657366,-0.5904128,-0.112450376,0.008792103,-0.52444106,-0.11300843,0.044927314,-0.42436534,-0.09789619
D,Alejandro,Right,0.0,0.0,0.0,0.109791234,-0.11650888,-0.037794758,0.17720096,-0.33571628,-0.056116104,0.18095696,-0.52575594,-0.08003325,0.09861469,-0.6276728,-0.10510766,0.10972656,-0.5328721,-0.005423684,0.14399648,-0.7355013,-0.038099274,0.17145912,-0.8705854,-0.059487462,0.18595596,-0.9825581,-0.07643216,0.023874296,-0.5249376,-0.017901734,0.037497878,-0.7347642,-0.08551979,0.07540257,-0.6031683,-0.107544705,0.08248263,-0.47680426,-0.10198616,-0.060467053,-0.48178652,-0.034676164,-0.043646455,-0.6804628,-0.1084112,0.014466366,-0.54695076,-0.0974069,0.028429879,-0.41941124,-0.06802613,-0.15131405,-0.40630904,-0.054500118,-0.11082054,-0.5574403,-0.114314355,-0.040586922,-0.4876537,-0.10600539,-0.01039174,-0.39297,-0.0846968
D,Alejandro,Right,0.0,0.0,0.0,0.10093885,-0.10926965,-0.040492404,0.16236147,-0.3219774,-0.060922503,0.16725983,-0.50990593,-0.08657397,0.08899392,-0.6145558,-0.1132788,0.10716465,-0.53131783,-0.012250458,0.13745844,-0.7309583,-0.046099044,0.16298206,-0.8688166,-0.06705281,0.17584653,-0.9844176,-0.08318212,0.019708063,-0.5276907,-0.024545146,0.035136927,-0.7338663,-0.09252122,0.077299304,-0.59342897,-0.11256201,0.08367341,-0.46076676,-0.10511047,-0.06227427,-0.48423883,-0.04108973,-0.04746356,-0.66969436,-0.11499384,0.015275753,-0.53110224,-0.10349262,0.029836835,-0.39933097,-0.072948866,-0.14798896,-0.40745696,-0.06082024,-0.11760041,-0.56515604,-0.11959004,-0.043661997,-0.491464,-0.10924311,-0.009891057,-0.38780084,-0.085919
D,Alejandro,Right,0.0,0.0,0.0,0.09205988,-0.10779456,-0.053091235,0.15382935,-0.30067632,-0.08378172,0.14957367,-0.47167674,-0.11801432,0.07093864,-0.5793844,-0.15198745,0.08339542,-0.54268456,-0.025307918,0.11038512,-0.7426127,-0.071818754,0.13357902,-0.8758227,-0.101222076,0.14734831,-0.98908466,-0.12127146,-0.0033662682,-0.52783465,-0.034086186,0.017568678,-0.7174626,-0.11587368,0.0627634,-0.5757013,-0.14189708,0.075176336,-0.44804382,-0.1363711,-0.08409676,-0.47198173,-0.048977893,-0.06880224,-0.6409428,-0.13618602,-0.0040753023,-0.50342065,-0.12706898,0.017840989,-0.3800067,-0.09457409,-0.16667071,-0.38113284,-0.06763219,-0.12693553,-0.5248261,-0.13521427,-0.05254955,-0.44915968,-0.12621887,-0.019263366,-0.35393712,-0.10099988
D,Alejandro,Right,0.0,0.0,0.0,0.09915066,-0.08949831,-0.049313948,0.17667605,-0.27525827,-0.08257084,0.18992652,-0.43367952,-0.120360844,0.110622525,-0.520363,-0.15838139,0.08332473,-0.53097,-0.037927397,0.10999764,-0.7407844,-0.08954656,0.14014329,-0.87193614,-0.12290632,0.16190445,-0.98680645,-0.146426,-0.0009384427,-0.51048154,-0.050240003,0.025495501,-0.6804482,-0.13831541,0.08324962,-0.5336666,-0.1670575,0.10269155,-0.40228197,-0.16567685,-0.078651145,-0.45196527,-0.06773291,-0.055284142,-0.6192999,-0.15417999,0.021172361,-0.48295206,-0.14295776,0.050433006,-0.35986573,-0.112584256,-0.15634252,-0.35890844,-0.08925561,-0.112150215,-0.4885149,-0.1541969,-0.033211205,-0.41400817,-0.14557433,0.002372894,-0.3256389,-0.12351122
D,Alejandro,Right,0.0,0.0,0.0,0.0992164,-0.10480795,-0.041033816,0.17518915,-0.28533748,-0.07356113,0.20190719,-0.4447711,-0.11387879,0.121238634,-0.52943677,-0.15518427,0.08416357,-0.5383718,-0.02639486,0.111209095,-0.74699944,-0.0789896,0.14527117,-0.87250924,-0.11111568,0.16996667,-0.9854498,-0.13222921,0.006638438,-0.5174972,-0.04294164,0.041907992,-0.68978876,-0.1324555,0.09902658,-0.5274556,-0.15752779,0.11651384,-0.39669922,-0.15090145,-0.06655265,-0.46264994,-0.06516757,-0.029619487,-0.62651014,-0.15665664,0.045119196,-0.4745822,-0.1441271,0.07130914,-0.34563357,-0.108851,-0.14091125,-0.37399074,-0.0905393,-0.08567642,-0.5010994,-0.1591735,-0.0064184396,-0.41669685,-0.15008801,0.026485942,-0.32043487,-0.124884754
D,Alejandro,Right,0.0,0.0,0.0,0.10759056,-0.11218838,-0.038737725,0.18696082,-0.30714503,-0.064621314,0.19422267,-0.4612871,-0.0971635,0.11950618,-0.5523943,-0.13040137,0.0851408,-0.5363026,-0.020523952,0.11988455,-0.74364877,-0.06629783,0.15089747,-0.87188303,-0.09805137,0.16923718,-0.9855754,-0.121559285,4.6875753e-05,-0.5108592,-0.037428696,0.022390496,-0.6748101,-0.121527955,0.10527449,-0.55649644,-0.15586108,0.14640796,-0.4327585,-0.1606265,-0.07778109,-0.44992694,-0.059215497,-0.05812404,-0.62244767,-0.14407845,0.038733732,-0.50948507,-0.1416462,0.084913865,-0.39050213,-0.118575856,-0.15253735,-0.3541931,-0.08399194,-0.10208879,-0.4981664,-0.15024967,-0.01348845,-0.4338229,-0.14782538,0.032192044,-0.34204027,-0.13098414
D,Alejandro,Right,0.0,0.0,0.0,0.099387616,-0.10822558,-0.04600891,0.15464428,-0.32458535,-0.07046921,0.14697252,-0.5063604,-0.09933152,0.06482389,-0.5973645,-0.12880455,0.073741965,-0.5318373,-0.02017533,0.09402848,-0.7369007,-0.05906369,0.11567466,-0.87711805,-0.08524573,0.12346095,-0.99234945,-0.10574595,-0.010076257,-0.5120118,-0.031350378,-0.00829199,-0.7084364,-0.10655115,0.052530367,-0.586159,-0.13253206,0.07135242,-0.45925748,-0.1302094,-0.086741015,-0.45457676,-0.047497332,-0.087558866,-0.6442238,-0.1278984,-0.008565983,-0.5235487,-0.11815213,0.017107798,-0.40116796,-0.089040525,-0.16525893,-0.3646324,-0.067206785,-0.13777588,-0.5238458,-0.13243109,-0.058732115,-0.4558129,-0.124660105,-0.024432026,-0.35812703,-0.103266366
D,Alejandro,Right,0.0,0.0,0.0,0.10546339,-0.1364498,-0.029269353,0.15599197,-0.35084048,-0.042887695,0.12872638,-0.52966565,-0.06334686,0.035214968,-0.5865021,-0.08604741,0.07988827,-0.55244195,-0.0016726088,0.09705103,-0.759155,-0.035180025,0.11693504,-0.8821827,-0.059242908,0.1244257,-0.9922289,-0.07892132,-0.007333248,-0.5300017,-0.01734298,-0.0016293727,-0.6894235,-0.088590495,0.047016874,-0.5339234,-0.1095446,0.057045124,-0.4123541,-0.10358389,-0.08463463,-0.4728344,-0.036967877,-0.07259857,-0.6135749,-0.11499407,-0.011350476,-0.4587489,-0.09842521,-0.0025462478,-0.34322324,-0.06403777,-0.1639994,-0.3864721,-0.058689173,-0.13475029,-0.5239725,-0.115508154,-0.07700832,-0.42756018,-0.09560859,-0.06418078,-0.3341667,-0.066033915
D,Alejandro,Right,0.0,0.0,0.0,0.11628714,-0.11828777,-0.04636395,0.18380412,-0.33426195,-0.06989247,0.1594327,-0.5151298,-0.09785444,0.05639218,-0.591184,-0.12609877,0.10218535,-0.5474706,-0.011067886,0.119755775,-0.7510392,-0.054620337,0.14188638,-0.8766294,-0.08120305,0.15308967,-0.9882123,-0.10085626,0.013159095,-0.5231811,-0.022646852,0.029343048,-0.6903087,-0.10636402,0.074750684,-0.52546483,-0.13075548,0.080174826,-0.40875036,-0.12326638,-0.06516959,-0.46859166,-0.04041281,-0.03763395,-0.60591847,-0.13675232,0.020757884,-0.43784025,-0.1208444,0.022449268,-0.32800248,-0.0814474,-0.14575611,-0.389083,-0.060824484,-0.096693054,-0.5187121,-0.12976967,-0.045897346,-0.40883473,-0.10999764,-0.04769866,-0.31815782,-0.07757343
D,Alejandro,Right,0.0,0.0,0.0,0.117748,-0.12073499,-0.040186048,0.18291077,-0.34012803,-0.05779477,0.16084081,-0.5223463,-0.08064977,0.06584908,-0.60024995,-0.10427762,0.101427466,-0.5440426,-0.0027664523,0.11960783,-0.7479292,-0.040154997,0.14208516,-0.87582165,-0.06477071,0.15315032,-0.9882029,-0.08362077,0.01567896,-0.5222807,-0.014957115,0.02913804,-0.6947081,-0.091483146,0.07428969,-0.5377993,-0.115446135,0.079461284,-0.4108034,-0.10949642,-0.061044224,-0.46801326,-0.032582175,-0.03747055,-0.62038374,-0.1216922,0.020229274,-0.46044222,-0.108282305,0.023366166,-0.3407362,-0.072435714,-0.13974144,-0.38886988,-0.0523816,-0.09404207,-0.5320052,-0.11802996,-0.040239956,-0.42667854,-0.10041306,-0.037203357,-0.32451686,-0.07037012
D,Alejandro,Right,0.0,0.0,0.0,0.116528645,-0.10744502,-0.037333768,0.18829593,-0.32287586,-0.053109076,0.19119053,-0.5050164,-0.07468504,0.10983724,-0.5930516,-0.097827494,0.09907338,-0.5355738,-0.0051231976,0.1225226,-0.73502934,-0.04567309,0.14993119,-0.8712886,-0.07351153,0.16748418,-0.9858748,-0.09357491,0.020235253,-0.51672167,-0.01784246,0.04424877,-0.67607445,-0.09669382,0.0904511,-0.5229382,-0.1207035,0.09474246,-0.3850676,-0.114959374,-0.0546444,-0.46201006,-0.036137342,-0.016145568,-0.60600305,-0.12320734,0.03975763,-0.45372212,-0.10936224,0.043085966,-0.329624,-0.074344836,-0.1337614,-0.38104546,-0.056854475,-0.08002761,-0.521399,-0.12055237,-0.026829628,-0.42017677,-0.10355708,-0.021802006,-0.3142556,-0.07457197
D,Alejandro,Right,0.0,0.0,0.0,0.11873761,-0.11110853,-0.04076663,0.20403191,-0.32976103,-0.05784381,0.21489091,-0.5108418,-0.08014413,0.14496683,-0.587882,-0.10232808,0.09501247,-0.53940076,-0.010069466,0.11586103,-0.7426124,-0.0484707,0.14336441,-0.8744391,-0.07414567,0.16325052,-0.98658466,-0.09252857,0.021458846,-0.52421206,-0.020153813,0.07504241,-0.67340547,-0.09825142,0.1205239,-0.52986646,-0.12292567,0.119641334,-0.3976484,-0.11781444,-0.047046438,-0.47924927,-0.035963703,0.0155543415,-0.6156977,-0.12067856,0.06562998,-0.47259548,-0.11373844,0.06567817,-0.3500309,-0.083229035,-0.1175279,-0.40993425,-0.0546142,-0.043029513,-0.5443562,-0.11733937,0.014552118,-0.4501913,-0.107370846,0.025075655,-0.34337378,-0.082824
D,Alejandro,Right,0.0,0.0,0.0,0.112381235,-0.12806235,-0.044368677,0.19400431,-0.32883456,-0.0716744,0.22062609,-0.5079081,-0.105592065,0.15077607,-0.6162767,-0.13789235,0.08151751,-0.5540576,-0.009048785,0.111064695,-0.74588484,-0.058485847,0.14301564,-0.8709253,-0.08669449,0.16870238,-0.98566705,-0.10427813,0.0074703093,-0.541466,-0.02254278,0.072043166,-0.70275944,-0.1097155,0.118083686,-0.53648794,-0.12973933,0.119540654,-0.40755063,-0.11758864,-0.059209116,-0.5026373,-0.04414847,0.024007482,-0.63356286,-0.13992755,0.07295624,-0.46874022,-0.12533028,0.07002205,-0.3479847,-0.085352205,-0.12601718,-0.43788168,-0.06927835,-0.029360421,-0.5590634,-0.13654454,0.022952061,-0.4480292,-0.12239184,0.023420947,-0.34243602,-0.09260342
D,Alejandro,Right,0.0,0.0,0.0,0.10646703,-0.12511887,-0.04070872,0.17551683,-0.3270305,-0.06523753,0.20015292,-0.49936134,-0.09797533,0.14788851,-0.6246162,-0.12787457,0.07600722,-0.5495851,0.0017525957,0.097984724,-0.75036335,-0.048351448,0.1332136,-0.87645715,-0.07669495,0.15522555,-0.98787904,-0.093531765,0.005657472,-0.53946716,-0.013306338,0.05872004,-0.7117093,-0.10213025,0.11440889,-0.54843324,-0.122635014,0.117740124,-0.42147264,-0.10955497,-0.061721563,-0.5044263,-0.03746578,0.011060274,-0.6459613,-0.13561277,0.07074169,-0.47680172,-0.11987387,0.069761276,-0.3522616,-0.07736915,-0.1303165,-0.4430865,-0.065053396,-0.039624922,-0.5606428,-0.13510956,0.015589821,-0.452099,-0.12195544,0.011956889,-0.35045683,-0.091622435
D,Alejandro,Right,0.0,0.0,0.0,0.12581226,-0.12488084,-0.040339492,0.20009962,-0.33703652,-0.060522392,0.2178775,-0.5244258,-0.089038,0.15417613,-0.64900595,-0.11597298,0.107948095,-0.52837455,0.004361178,0.13141313,-0.73756444,-0.037207715,0.16584049,-0.86690104,-0.05997073,0.18512169,-0.9827156,-0.07563027,0.038788233,-0.5237982,-0.008758635,0.079384394,-0.7015493,-0.090134315,0.12784195,-0.5450667,-0.10941209,0.12652187,-0.4222596,-0.09857694,-0.030027991,-0.4933438,-0.030394807,0.025570158,-0.66141915,-0.12386374,0.08422195,-0.4989619,-0.109175146,0.08379502,-0.37090465,-0.069896,-0.10744975,-0.43861404,-0.055104733,-0.03068567,-0.5787161,-0.12432764,0.026447725,-0.4764975,-0.11348915,0.028588168,-0.37191385,-0.08676635
D,Alejandro,Right,0.0,0.0,0.0,0.1240967,-0.120256886,-0.044413235,0.21299133,-0.33065066,-0.06809037,0.236798,-0.52870834,-0.09898657,0.16857985,-0.6501628,-0.12991498,0.12045032,-0.53249377,0.0014154883,0.1459203,-0.73070353,-0.040047046,0.18005264,-0.8666511,-0.061402578,0.19917822,-0.9799633,-0.07449533,0.046525788,-0.5273639,-0.0091200555,0.08756174,-0.71636873,-0.08773102,0.13613348,-0.5480762,-0.10394289,0.13378285,-0.42208675,-0.088203475,-0.024698755,-0.49577612,-0.027980907,0.02841226,-0.6665932,-0.12044408,0.08601289,-0.49754408,-0.104941845,0.08365449,-0.36715338,-0.06296749,-0.108783305,-0.4392579,-0.04982443,-0.034430478,-0.5857201,-0.11803988,0.02523978,-0.47934568,-0.10531008,0.028371166,-0.36983448,-0.07561885
D,Alejandro,Right,0.0,0.0,0.0,0.11946226,-0.11793746,-0.05230779,0.20183645,-0.33313036,-0.08170719,0.22198999,-0.5378076,-0.1173473,0.14029238,-0.6554955,-0.15225539,0.106454484,-0.5373793,-0.0009843471,0.13205503,-0.7325591,-0.046515543,0.16577764,-0.8680192,-0.07097246,0.18593703,-0.98256165,-0.08604173,0.030190697,-0.5341761,-0.009408075,0.06846459,-0.72084856,-0.09648959,0.11478962,-0.54718167,-0.11599762,0.11533581,-0.4174301,-0.0997925,-0.044892423,-0.5051473,-0.027102605,0.007218343,-0.67255443,-0.12802126,0.06569974,-0.49728623,-0.11484281,0.06651131,-0.36445644,-0.071561076,-0.12960075,-0.44945,-0.048072502,-0.051940475,-0.5907633,-0.12129792,0.0062559335,-0.4793988,-0.10994345,0.009445236,-0.36827862,-0.07961882
D,Alejandro,Right,0.0,0.0,0.0,0.123213686,-0.10852538,-0.055221453,0.21079133,-0.32436913,-0.07962528,0.22843532,-0.5317273,-0.10843844,0.15421829,-0.6589676,-0.13557465,0.1016403,-0.5327973,-0.004950767,0.12986182,-0.73470235,-0.04877083,0.16647048,-0.869508,-0.07212774,0.19100547,-0.98158896,-0.08647426,0.028185036,-0.5338749,-0.0094109,0.0727232,-0.7199283,-0.095377155,0.11863515,-0.5537728,-0.114503555,0.11642848,-0.41638967,-0.099426046,-0.0449862,-0.5084518,-0.023328263,0.017516118,-0.6733109,-0.12233891,0.06922115,-0.5022636,-0.10932819,0.06404548,-0.3646366,-0.067532174,-0.13022104,-0.45725882,-0.041081257,-0.045137383,-0.5908513,-0.11680702,0.011006338,-0.48181623,-0.10914069,0.012655744,-0.3681977,-0.08146101
D,Alejandro,Right,0.0,0.0,0.0,0.117283106,-0.116421856,-0.051151205,0.2030643,-0.3266821,-0.07777814,0.23410259,-0.5316332,-0.11205863,0.16400763,-0.6678294,-0.14450209,0.08673157,-0.5348987,0.007523518,0.10996841,-0.7347459,-0.039596446,0.15045388,-0.87191546,-0.065131865,0.1760067,-0.98438895,-0.0798033,0.0190109,-0.53631496,-0.0014683935,0.067026824,-0.7342854,-0.09223901,0.12507151,-0.56742555,-0.11454057,0.12602033,-0.43156934,-0.098968074,-0.05095911,-0.5160001,-0.02099741,0.016120637,-0.69269735,-0.12572418,0.078439824,-0.5170921,-0.114889674,0.073774904,-0.37686944,-0.07117027,-0.13334909,-0.46873128,-0.04406739,-0.041216347,-0.6143231,-0.12306485,0.020125946,-0.50407267,-0.11642562,0.018748112,-0.387444,-0.08758085
D,Alejandro,Right,0.0,0.0,0.0,0.13244602,-0.111993246,-0.050827503,0.21812466,-0.33063114,-0.07373217,0.2461304,-0.53632605,-0.10312268,0.17785648,-0.6651789,-0.13072082,0.10623847,-0.53340447,0.0060799117,0.13227525,-0.7301585,-0.04221755,0.17120112,-0.86939996,-0.06947609,0.19841327,-0.98011845,-0.08539658,0.035335276,-0.5336368,-0.0022407903,0.086536825,-0.723475,-0.09340159,0.1286939,-0.5575403,-0.11603754,0.122389,-0.41998482,-0.10137846,-0.036717672,-0.51106477,-0.020997696,0.03167837,-0.677624,-0.12638307,0.07883128,-0.5029981,-0.1146206,0.06867306,-0.36756018,-0.07121609,-0.12101594,-0.4650002,-0.04309402,-0.028491449,-0.6002409,-0.119991936,0.024397261,-0.48350954,-0.11037966,0.020239672,-0.36866468,-0.08069643
D,Alejandro,Right,0.0,0.0,0.0,0.12474436,-0.122470565,-0.04774547,0.20488352,-0.33404323,-0.07410865,0.224373,-0.5315712,-0.10674904,0.14651462,-0.64380413,-0.13858029,0.0997514,-0.53296864,-0.005572926,0.12430678,-0.7344347,-0.052737936,0.1589742,-0.86907953,-0.07939536,0.17935938,-0.9837836,-0.09655162,0.026379416,-0.52587783,-0.015729032,0.06893254,-0.7099269,-0.10110218,0.114519544,-0.54007065,-0.11986103,0.110923804,-0.41012383,-0.10650185,-0.045459643,-0.49196243,-0.03458432,0.009973328,-0.6603793,-0.13189875,0.06493324,-0.49053705,-0.11616053,0.062119786,-0.36024925,-0.07443352,-0.12735139,-0.4321162,-0.05676619,-0.049518283,-0.5708102,-0.12805837,0.0067747114,-0.46467006,-0.11611569,0.008137253,-0.35714224,-0.08744107
D,Alejandro,Right,0.0,0.0,0.0,0.1355201,-0.11258586,-0.030164946,0.2277179,-0.31357253,-0.04579102,0.27459347,-0.49363163,-0.07105191,0.22701544,-0.6018285,-0.09625853,0.12604357,-0.5361604,0.0081668105,0.13263808,-0.7375228,-0.030292356,0.16396378,-0.8737817,-0.052377585,0.18717675,-0.98232627,-0.06672094,0.055516127,-0.52651983,-0.010361574,0.109197326,-0.7173428,-0.08646973,0.16389185,-0.5646029,-0.10455964,0.16209577,-0.4341394,-0.09143254,-0.016936423,-0.49098825,-0.03586084,0.045089994,-0.6503944,-0.12451213,0.10213754,-0.49143258,-0.11316057,0.093946695,-0.3641918,-0.075782716,-0.09779983,-0.43070942,-0.063316256,-0.024833845,-0.57763296,-0.12855208,0.040258773,-0.4761638,-0.11597778,0.04647876,-0.36695078,-0.08782326
D,Alejandro,Right,0.0,0.0,0.0,0.12203673,-0.13042077,-0.03271543,0.2066413,-0.31484506,-0.056778133,0.24913524,-0.48429462,-0.09267119,0.20967688,-0.61571586,-0.12690483,0.115954444,-0.5328997,0.013702614,0.15414792,-0.7334807,-0.032737322,0.19756727,-0.86251134,-0.059540592,0.22498259,-0.9743628,-0.07612961,0.049044,-0.529277,-0.005422338,0.11893212,-0.6963985,-0.09078286,0.17087162,-0.5302525,-0.111677244,0.16334678,-0.40286896,-0.100383095,-0.014196303,-0.5068563,-0.033637922,0.070721895,-0.65717447,-0.12874305,0.12385779,-0.4867925,-0.11381541,0.110452704,-0.35699016,-0.07307887,-0.08315814,-0.45894736,-0.06484055,0.017430265,-0.5838161,-0.13412699,0.0661673,-0.4707336,-0.12206253,0.051027462,-0.36176687,-0.09322385
D,Alejandro,Right,0.0,0.0,0.0,0.12042442,-0.13610034,-0.03536592,0.20435198,-0.32374,-0.06414678,0.2437604,-0.4925837,-0.10497733,0.19032012,-0.6170365,-0.1440097,0.09162322,-0.55828774,0.013556065,0.13774815,-0.74811125,-0.037215713,0.18084532,-0.8718346,-0.0663131,0.20977636,-0.9777494,-0.08312529,0.017295163,-0.5473691,-0.005542405,0.099970356,-0.6987608,-0.09259832,0.15381378,-0.53253603,-0.1129631,0.15192582,-0.41273484,-0.100809775,-0.050421063,-0.5155559,-0.034531787,0.049593855,-0.6451209,-0.13099134,0.104717374,-0.47384647,-0.114687815,0.09660353,-0.35121825,-0.0730606,-0.117305204,-0.4558098,-0.06687382,-0.004935103,-0.5671494,-0.1336205,0.04478955,-0.45361352,-0.11882081,0.03188088,-0.3519248,-0.08827471
D,Alejandro,Right,0.0,0.0,0.0,0.11023409,-0.12959625,-0.032756966,0.18798603,-0.31606242,-0.054568026,0.21827586,-0.47464383,-0.08539158,0.16721712,-0.5788169,-0.11479735,0.09071901,-0.54027706,-0.0018648719,0.13215096,-0.74549025,-0.050945457,0.17509148,-0.86740243,-0.08041112,0.20546344,-0.9786648,-0.0988218,0.020234896,-0.52843606,-0.019877113,0.09526391,-0.67076796,-0.10811671,0.14044029,-0.50702643,-0.13150582,0.13405031,-0.3769002,-0.12310388,-0.045432653,-0.4908867,-0.045075513,0.048746593,-0.6086264,-0.13882811,0.09006958,-0.44183347,-0.12439312,0.0768441,-0.32452548,-0.08585758,-0.11270581,-0.42643777,-0.07288359,-0.009712213,-0.52737236,-0.13694279,0.03337751,-0.41845617,-0.1215244,0.021114208,-0.32415876,-0.091842264
D,Alejandro,Right,0.0,0.0,0.0,0.107948415,-0.13004646,-0.03925678,0.18537153,-0.32021442,-0.067155406,0.21265656,-0.48554316,-0.10300568,0.14785317,-0.5802344,-0.13813645,0.08312009,-0.55664974,-0.010538494,0.11984064,-0.7530699,-0.061788615,0.15512273,-0.87320215,-0.090417065,0.18060914,-0.98355496,-0.108071946,0.007960316,-0.5416652,-0.027035732,0.07234226,-0.6923888,-0.11776971,0.120555624,-0.51967937,-0.13774088,0.122614466,-0.38652527,-0.12525755,-0.061490208,-0.4992894,-0.0512914,0.026173377,-0.6234094,-0.1504256,0.07530219,-0.4486292,-0.13423795,0.06987911,-0.32372123,-0.09248374,-0.12988865,-0.42885968,-0.07845481,-0.031081196,-0.53377557,-0.14865184,0.017985912,-0.4169828,-0.1343132,0.01161439,-0.31457308,-0.103760034
D,Alejandro,Right,0.0,0.0,0.0,0.10609626,-0.121990904,-0.040570036,0.18472482,-0.31220162,-0.0703121,0.21460642,-0.4743692,-0.10771765,0.1578296,-0.5716334,-0.14422554,0.08020042,-0.55595624,-0.01573976,0.11696773,-0.7481499,-0.07000755,0.15368971,-0.8713115,-0.10202654,0.1814406,-0.9834019,-0.12194787,0.0020571826,-0.53968334,-0.031725116,0.07964457,-0.6721809,-0.12367445,0.12876752,-0.5008345,-0.14551358,0.12833345,-0.36985955,-0.13540094,-0.067231946,-0.497817,-0.05548941,0.034011733,-0.60474247,-0.1540258,0.07954053,-0.4296773,-0.13822854,0.068949506,-0.3097065,-0.09830222,-0.13278991,-0.42763683,-0.08244771,-0.022327615,-0.5195744,-0.1512668,0.024279475,-0.40101004,-0.1367571,0.013069583,-0.30390543,-0.10707999
D,Alejandro,Right,0.0,0.0,0.0,0.12523155,-0.11194884,-0.03983872,0.2178876,-0.3113195,-0.06565695,0.236167,-0.48534992,-0.09797269,0.16201745,-0.5401829,-0.13096905,0.104257755,-0.55257964,-0.013663329,0.13816014,-0.7492941,-0.057919618,0.17274226,-0.87499624,-0.08648395,0.19976817,-0.9798432,-0.10646082,0.025077162,-0.5318163,-0.028421262,0.09886239,-0.6559353,-0.10953078,0.14397389,-0.50311905,-0.13250245,0.13639632,-0.3849121,-0.12733345,-0.0473076,-0.48066697,-0.049457178,0.034518816,-0.5882036,-0.1343293,0.08193046,-0.4465382,-0.12381967,0.07147717,-0.34289646,-0.09303424,-0.119631685,-0.4010653,-0.073824465,-0.028496943,-0.5052459,-0.13238639,0.023704924,-0.41346285,-0.118851215,0.018383214,-0.32723817,-0.094036914
D,Alejandro,Right,0.0,0.0,0.0,0.11668812,-0.11375129,-0.038832575,0.19771151,-0.31607264,-0.05840844,0.21362433,-0.49743044,-0.08337333,0.13412802,-0.5652261,-0.10927073,0.114617586,-0.52559555,-0.009056819,0.14973205,-0.7319052,-0.04750556,0.18339854,-0.8642556,-0.07449898,0.20460919,-0.97884375,-0.09472426,0.036271587,-0.51194483,-0.02123727,0.07413424,-0.6580305,-0.09742751,0.11918198,-0.5088284,-0.12168419,0.11678358,-0.38058427,-0.11832562,-0.037501197,-0.46544743,-0.03877136,0.004445037,-0.594696,-0.116135836,0.05843841,-0.46030617,-0.10331996,0.058290116,-0.34806034,-0.07253095,-0.11493519,-0.3934809,-0.059827656,-0.064173795,-0.5212519,-0.11251296,-0.008062368,-0.43996644,-0.095699556,-0.0012124435,-0.3482559,-0.069623955
D,Alejandro,Right,0.0,0.0,0.0,0.101689905,-0.11724364,-0.04282471,0.16757427,-0.33198315,-0.06388923,0.15444534,-0.517903,-0.08945034,0.06313267,-0.6117339,-0.11603552,0.10261766,-0.5398171,-0.010113243,0.12604581,-0.7391704,-0.051692184,0.14871454,-0.87135917,-0.0762886,0.16150479,-0.9868719,-0.09342184,0.015467651,-0.52448714,-0.022203906,0.032166045,-0.700088,-0.098443896,0.0680879,-0.5355143,-0.11669302,0.07096533,-0.41130283,-0.10594473,-0.06595367,-0.473553,-0.040048808,-0.04447208,-0.62297755,-0.12957223,0.009997556,-0.4573158,-0.11003908,0.016332017,-0.3360828,-0.0690492,-0.15370408,-0.39468095,-0.060307436,-0.11731144,-0.53529775,-0.12558532,-0.059935734,-0.4274738,-0.10324614,-0.047975387,-0.3252573,-0.06850922
D,Alejandro,Right,0.0,0.0,0.0,0.10789313,-0.11816043,-0.045138046,0.18044831,-0.33056423,-0.06836385,0.17783298,-0.5203513,-0.09600655,0.08922251,-0.621815,-0.12390416,0.10295907,-0.5371209,-0.011481792,0.12823197,-0.7406145,-0.05491356,0.15309678,-0.8702182,-0.08067167,0.16729575,-0.9859068,-0.09858122,0.017708508,-0.5240754,-0.022148097,0.040595282,-0.7050498,-0.10280259,0.08299844,-0.53759444,-0.12208035,0.0890819,-0.40860167,-0.111208,-0.06464929,-0.47736034,-0.03907468,-0.031920522,-0.6432714,-0.13055633,0.024097947,-0.4732677,-0.11051892,0.030966302,-0.34762138,-0.06890205,-0.15204953,-0.40087578,-0.058831904,-0.10117594,-0.5402092,-0.1266493,-0.045176577,-0.4301551,-0.1076283,-0.036292758,-0.32798755,-0.07518455
D,Alejandro,Right,0.0,0.0,0.0,0.11253079,-0.114452854,-0.046683036,0.19047555,-0.3244533,-0.072667085,0.19063617,-0.51641417,-0.10352022,0.103452146,-0.6208959,-0.13429685,0.11644171,-0.53273135,-0.0120050805,0.14196695,-0.7351818,-0.05546618,0.16906804,-0.86755526,-0.079095945,0.18377858,-0.9829677,-0.09536838,0.030978508,-0.52200925,-0.023029791,0.056887537,-0.7069712,-0.10513344,0.09978087,-0.5311378,-0.121735424,0.10258468,-0.40230712,-0.1074218,-0.050264243,-0.47936025,-0.04071834,-0.017179683,-0.6467828,-0.13516775,0.04071814,-0.470191,-0.11373377,0.045237854,-0.34213907,-0.0695517,-0.13768682,-0.4069229,-0.061367,-0.08430566,-0.54261845,-0.13269007,-0.025887819,-0.43192488,-0.11505483,-0.017835584,-0.33035082,-0.082459554
D,Alejandro,Right,0.0,0.0,0.0,0.112613715,-0.111552596,-0.044122297,0.19449003,-0.32162794,-0.06649172,0.19695662,-0.51783377,-0.0937885,0.10486819,-0.61773723,-0.12200543,0.12978216,-0.5350109,-0.007730926,0.15625447,-0.7322238,-0.046576492,0.18120961,-0.8646991,-0.06981768,0.19673453,-0.98045677,-0.08739833,0.044827327,-0.5293474,-0.019322433,0.06266325,-0.7097398,-0.09533798,0.09728822,-0.5442531,-0.11507875,0.10087586,-0.41669872,-0.10529054,-0.03548486,-0.48737288,-0.03662447,-0.014261947,-0.6505168,-0.12553094,0.042099956,-0.4828755,-0.10923741,0.05153811,-0.3543936,-0.07089353,-0.122130014,-0.4178972,-0.056726035,-0.08200286,-0.55903655,-0.12529117,-0.024164602,-0.44902322,-0.10953063,-0.010689532,-0.34040812,-0.07945374
D,Alejandro,Right,0.0,0.0,0.0,0.12272046,-0.10068094,-0.04936192,0.21182892,-0.31699637,-0.068897985,0.21168019,-0.52964765,-0.09213189,0.114458434,-0.6401391,-0.1165081,0.17028697,-0.51617664,0.0008123122,0.20435157,-0.7130077,-0.033541244,0.23159662,-0.85149056,-0.056000646,0.24749921,-0.9688881,-0.07460253,0.07921333,-0.52173656,-0.006473536,0.086502984,-0.70291716,-0.08468075,0.10813286,-0.53557444,-0.108412065,0.10711283,-0.40355515,-0.09961204,-0.00757553,-0.49168673,-0.01988042,0.004070155,-0.64839214,-0.10998594,0.04718785,-0.47740757,-0.096391566,0.050268468,-0.3475866,-0.058873173,-0.10237749,-0.43840683,-0.036624126,-0.07332911,-0.56755894,-0.10612233,-0.024677437,-0.45388183,-0.09286454,-0.013774041,-0.34896052,-0.06422752
D,Alejandro,Right,0.0,0.0,0.0,0.122253835,-0.109428726,-0.050005425,0.20429942,-0.31947452,-0.07329871,0.20436811,-0.5269199,-0.100679286,0.11393186,-0.64293164,-0.12909041,0.15591775,-0.5127223,-0.009846859,0.19038756,-0.71770173,-0.047227368,0.21851893,-0.8553219,-0.068810076,0.23403828,-0.9722274,-0.0857891,0.06729963,-0.5162437,-0.01760415,0.076979056,-0.70915776,-0.093437575,0.10312944,-0.54240865,-0.111355565,0.10493968,-0.4136906,-0.099787876,-0.017694322,-0.4846684,-0.0315913,-0.0054439493,-0.66391593,-0.12062201,0.045309573,-0.48832121,-0.10149048,0.053281143,-0.35043854,-0.060808934,-0.111327045,-0.42704186,-0.049177177,-0.07661504,-0.5697503,-0.12075239,-0.021589013,-0.45856276,-0.10654028,-0.007579098,-0.3476665,-0.07678354
D,Alejandro,Right,0.0,0.0,0.0,0.13209522,-0.10529495,-0.049407735,0.21869656,-0.32009026,-0.0714675,0.22112054,-0.53010005,-0.09775692,0.13698399,-0.6482024,-0.12486311,0.15872696,-0.5108751,-0.0069908206,0.19493559,-0.71446,-0.042583026,0.22621255,-0.85238564,-0.06113929,0.24393147,-0.9697925,-0.07517774,0.073163,-0.51530224,-0.014435834,0.0949062,-0.71556723,-0.09090516,0.12221467,-0.5481929,-0.10783016,0.11858952,-0.4136451,-0.093768,-0.0087434845,-0.48961252,-0.02843009,0.015991315,-0.6710722,-0.117968015,0.064998284,-0.49669245,-0.10118801,0.06704999,-0.35650218,-0.060575422,-0.09945443,-0.44116035,-0.045661673,-0.054446425,-0.5912804,-0.114666514,-0.00080900406,-0.4803754,-0.10133704,0.0070876703,-0.36757866,-0.07236831
D,Alejandro,Right,0.0,0.0,0.0,0.11269695,-0.12449501,-0.03482646,0.19624874,-0.3247087,-0.058104243,0.20823818,-0.49379724,-0.08853822,0.12909736,-0.5365681,-0.1196601,0.084206976,-0.5443863,-0.014242115,0.118808016,-0.7457384,-0.057937305,0.15361556,-0.8727423,-0.08848942,0.1791124,-0.9838286,-0.11087156,0.0027772163,-0.526627,-0.030619891,0.06496961,-0.64950985,-0.11042393,0.12005119,-0.5030017,-0.13694803,0.12077326,-0.37860546,-0.13585083,-0.071264766,-0.47281915,-0.051813994,-0.0057088556,-0.58854043,-0.13085777,0.054302447,-0.4566361,-0.12120933,0.05782396,-0.34698075,-0.09322342,-0.14403588,-0.38918236,-0.07621671,-0.06996936,-0.50636625,-0.12946688,-0.0062569976,-0.42573956,-0.11433598,0.005100103,-0.33609378,-0.08959596
D,Alejandro,Right,0.0,0.0,0.0,0.117002174,-0.11557453,-0.043300387,0.19639732,-0.30066338,-0.073401995,0.22775503,-0.4526178,-0.11008451,0.20459348,-0.5589328,-0.14463618,0.09527373,-0.5456539,-0.023464829,0.12974352,-0.7438326,-0.07858461,0.172763,-0.87300456,-0.11435481,0.20926765,-0.9778584,-0.13694172,0.022848738,-0.53473645,-0.035897102,0.12176652,-0.644953,-0.12013823,0.17428887,-0.5130522,-0.14473519,0.17404605,-0.40682268,-0.14232804,-0.045187466,-0.49670705,-0.056346595,0.050144944,-0.59242064,-0.13757987,0.099827394,-0.470303,-0.12733828,0.09546329,-0.37339655,-0.10037306,-0.111508094,-0.43170357,-0.08157783,-0.018025383,-0.5228695,-0.1383529,0.040592857,-0.44136545,-0.12721263,0.047833167,-0.36244822,-0.104955725
D,Alejandro,Right,0.0,0.0,0.0,0.11531813,-0.11787813,-0.024529941,0.20291051,-0.28262457,-0.051640432,0.24533327,-0.41562414,-0.089058846,0.21889779,-0.5206792,-0.12487276,0.0673827,-0.56841236,-0.0120478645,0.12768838,-0.7468157,-0.064738244,0.17802648,-0.8675595,-0.101623416,0.21901722,-0.975721,-0.12517211,-0.0066922195,-0.55695254,-0.035339758,0.12852736,-0.6427692,-0.11645184,0.18520096,-0.4995395,-0.13995978,0.18416142,-0.37703145,-0.13667677,-0.065140754,-0.50993717,-0.06438714,0.08909447,-0.57233596,-0.14291705,0.12940761,-0.42121482,-0.12829687,0.11478949,-0.3151667,-0.09720012,-0.11023368,-0.42963982,-0.096897475,0.039775394,-0.4894964,-0.14609164,0.07713337,-0.38184544,-0.12929493,0.05827172,-0.29437637,-0.1029424
D,Alejandro,Left,0.0,0.0,0.0,-0.12811127,-0.019598816,-0.04913987,-0.25483724,-0.12355285,-0.08399886,-0.28322938,-0.25622693,-0.12722519,-0.22341123,-0.3538242,-0.16902094,-0.29659387,-0.45352024,-0.020485276,-0.38071224,-0.65811545,-0.068171844,-0.43489915,-0.7749367,-0.099029414,-0.4770995,-0.87884927,-0.12486528,-0.21139154,-0.47997662,-0.039609313,-0.29477966,-0.65201694,-0.12625386,-0.2817801,-0.5025801,-0.15133491,-0.25059143,-0.39171678,-0.14682625,-0.117831476,-0.4779093,-0.06760483,-0.18737088,-0.654161,-0.1525402,-0.18689565,-0.49762976,-0.14278449,-0.16097379,-0.37806606,-0.111887276,-0.017952353,-0.44485041,-0.101209246,-0.08104543,-0.592554,-0.15484215,-0.106763154,-0.49747357,-0.14383547,-0.10031499,-0.39901286,-0.122432716
D,Alejandro,Left,0.0,0.0,0.0,-0.13487893,-0.023729628,-0.052393652,-0.25630587,-0.11901616,-0.09327025,-0.28415737,-0.24604622,-0.14233342,-0.220073,-0.3390982,-0.19009648,-0.29664838,-0.45424923,-0.026359914,-0.3792475,-0.65913093,-0.07805168,-0.43165478,-0.7771039,-0.11264073,-0.47408673,-0.88047814,-0.14124295,-0.21111862,-0.48156098,-0.04451941,-0.292462,-0.6454248,-0.129748,-0.2714059,-0.48730046,-0.15225783,-0.24075915,-0.38301438,-0.14779396,-0.11684413,-0.48109618,-0.07206792,-0.1827292,-0.65782905,-0.15480508,-0.1780659,-0.49614793,-0.14106648,-0.15295559,-0.3742305,-0.10922902,-0.016166568,-0.4461142,-0.10596819,-0.07637497,-0.5921475,-0.15908892,-0.10102723,-0.4922241,-0.14623979,-0.09573415,-0.38961196,-0.124092095
D,Alejandro,Left,0.0,0.0,0.0,-0.13994545,-0.03705428,-0.041981082,-0.25952157,-0.14335184,-0.07403742,-0.275271,-0.2741858,-0.11497947,-0.20906892,-0.36074144,-0.15545963,-0.2996061,-0.46503666,-0.015584445,-0.3832261,-0.664884,-0.060281437,-0.43052223,-0.78031605,-0.094307885,-0.47047612,-0.88241273,-0.12371623,-0.21131621,-0.49095803,-0.03603733,-0.2845229,-0.6535841,-0.11419008,-0.2631205,-0.4998723,-0.14062758,-0.23335394,-0.39028776,-0.14135039,-0.11547865,-0.48534855,-0.064346954,-0.17660876,-0.65598255,-0.138151,-0.1735351,-0.5040364,-0.12919433,-0.14921944,-0.38428828,-0.10353835,-0.0146101,-0.44290733,-0.09803455,-0.06972064,-0.5951439,-0.14280999,-0.095221706,-0.5050604,-0.12996723,-0.091066584,-0.40784183,-0.11021733
D,Alejandro,Left,0.0,0.0,0.0,-0.14062299,-0.03352789,-0.045480024,-0.26156935,-0.1524901,-0.07634708,-0.2745719,-0.2861803,-0.11571927,-0.21259122,-0.37676573,-0.15391895,-0.3024953,-0.46465608,-0.016352914,-0.38384002,-0.66404766,-0.062632024,-0.4328831,-0.7789166,-0.09528906,-0.47303638,-0.8810429,-0.122063726,-0.21187122,-0.4909826,-0.036778856,-0.28342155,-0.654177,-0.12329142,-0.27293295,-0.51721376,-0.15258715,-0.24358572,-0.39798373,-0.15120448,-0.11305681,-0.48464966,-0.06556087,-0.17512654,-0.65318847,-0.14841197,-0.17709422,-0.5094289,-0.14358532,-0.1536593,-0.38762727,-0.11650258,-0.008976105,-0.44850576,-0.099645525,-0.06595996,-0.5949097,-0.15116885,-0.09626385,-0.5102456,-0.14113763,-0.0960395,-0.4113015,-0.12039753
D,Alejandro,Left,0.0,0.0,0.0,-0.14733301,-0.030743163,-0.04436124,-0.27807248,-0.15485732,-0.07153518,-0.31497672,-0.2989772,-0.10686691,-0.2564813,-0.40907332,-0.14013998,-0.2987349,-0.4615991,-0.0029859175,-0.37303573,-0.65944034,-0.044845533,-0.42483512,-0.77919513,-0.076845735,-0.46508715,-0.8852649,-0.103568494,-0.21491702,-0.4906043,-0.021402704,-0.28579745,-0.6754072,-0.10056398,-0.28475896,-0.56031257,-0.1318072,-0.2589739,-0.44942692,-0.13265738,-0.12078064,-0.49126303,-0.048349228,-0.18086,-0.68236774,-0.12275053,-0.1942637,-0.56447715,-0.12370764,-0.17504653,-0.44845125,-0.10306383,-0.017404279,-0.46564996,-0.08080929,-0.07712598,-0.61143434,-0.12838499,-0.11159283,-0.54229146,-0.12387663,-0.10962173,-0.44920444,-0.10844256
D,Alejandro,Left,0.0,0.0,0.0,-0.13982901,-0.026779698,-0.053454682,-0.28011745,-0.14266525,-0.08839828,-0.34550342,-0.27773377,-0.13120186,-0.28297782,-0.38822004,-0.1705052,-0.29412326,-0.45202464,-0.013089966,-0.374817,-0.66550845,-0.061724976,-0.42783532,-0.77937555,-0.095007434,-0.46529567,-0.8851553,-0.1221704,-0.21430771,-0.48277113,-0.028650912,-0.29944128,-0.6691102,-0.11852676,-0.3084519,-0.5304296,-0.14826612,-0.28841946,-0.41269454,-0.14598285,-0.12541617,-0.48570713,-0.054233633,-0.19858903,-0.6850332,-0.13818008,-0.2194068,-0.5478792,-0.13726924,-0.20499012,-0.42411894,-0.11252458,-0.025287714,-0.46350956,-0.08608341,-0.09013396,-0.6247359,-0.13821633,-0.13432395,-0.5515878,-0.1360738,-0.14327025,-0.45426247,-0.12165188
D,Alejandro,Left,0.0,0.0,0.0,-0.14285475,-0.040741585,-0.036638014,-0.28472185,-0.20787069,-0.051815454,-0.28693187,-0.38255852,-0.07585835,-0.18023796,-0.4604483,-0.09804941,-0.28469735,-0.45794466,0.005485005,-0.3623748,-0.66316086,-0.029215312,-0.41028666,-0.7850273,-0.056966607,-0.4400739,-0.89796156,-0.08233253,-0.20519233,-0.49121204,-0.01266298,-0.26802236,-0.6794383,-0.092947625,-0.28063244,-0.57742554,-0.12525903,-0.25954974,-0.46609676,-0.124284685,-0.12022459,-0.4908,-0.038397357,-0.1691668,-0.66227835,-0.10383319,-0.19953686,-0.5694947,-0.1148454,-0.19162704,-0.4682788,-0.10257594,-0.02789313,-0.46221158,-0.06998175,-0.07673698,-0.58558553,-0.10520936,-0.1247294,-0.53259015,-0.10827714,-0.13270527,-0.4498906,-0.10149193
D,Alejandro,Left,0.0,0.0,0.0,-0.12595749,-0.041647777,-0.050919548,-0.23738663,-0.18441097,-0.079441905,-0.24516508,-0.34717274,-0.11422629,-0.1853909,-0.4564375,-0.14573945,-0.2695092,-0.4787989,-0.006161124,-0.33541304,-0.68926865,-0.04941606,-0.36584634,-0.8134404,-0.08071886,-0.38780937,-0.9217396,-0.10612987,-0.18438157,-0.5104317,-0.02073521,-0.23552577,-0.7090224,-0.10268979,-0.21828362,-0.6097842,-0.13526237,-0.19566232,-0.51136583,-0.13607323,-0.09124772,-0.51222926,-0.04473668,-0.12642223,-0.6985266,-0.124323145,-0.12106906,-0.5867231,-0.1273923,-0.11008266,-0.48418278,-0.107442774,0.01013124,-0.4834371,-0.07449479,-0.01728797,-0.6295779,-0.12582247,-0.033496622,-0.553913,-0.122980356,-0.03788377,-0.46339145,-0.10884695
D,Alejandro,Left,0.0,0.0,0.0,-0.12080212,-0.07405922,-0.081839524,-0.20289877,-0.20300591,-0.1274424,-0.17909153,-0.36217996,-0.16923736,-0.10368751,-0.4736972,-0.20557486,-0.24916178,-0.48198694,-0.04968951,-0.29737526,-0.7009478,-0.097652584,-0.31674066,-0.8323514,-0.13861565,-0.33731478,-0.9413919,-0.17285007,-0.15536273,-0.51993734,-0.046033327,-0.17082177,-0.70439065,-0.11951288,-0.14985363,-0.58026034,-0.1527197,-0.14837837,-0.47576892,-0.16208652,-0.067153394,-0.52057254,-0.05235842,-0.05960711,-0.70702136,-0.119075045,-0.061267063,-0.5963702,-0.12287473,-0.0721802,-0.47727743,-0.11083174,0.019280769,-0.47844753,-0.0675444,0.024811886,-0.6093307,-0.111523055,0.016644977,-0.5601033,-0.11137928,0.0022941337,-0.4770942,-0.10253089
D,Alejandro,Left,0.0,0.0,0.0,-0.115262985,-0.060524464,-0.08150839,-0.2030917,-0.18952237,-0.12730126,-0.18453026,-0.35797897,-0.17081578,-0.1072725,-0.47794518,-0.20883931,-0.24972044,-0.48037702,-0.0445288,-0.30032122,-0.70026875,-0.08783316,-0.31945404,-0.8293677,-0.12092392,-0.34015068,-0.940371,-0.1491381,-0.16454285,-0.52162623,-0.039495002,-0.18105733,-0.69390696,-0.11400119,-0.15233745,-0.5664865,-0.14458482,-0.14420481,-0.46271437,-0.15002117,-0.081515394,-0.5290271,-0.044601116,-0.08294787,-0.7051164,-0.11480193,-0.0732341,-0.5921094,-0.12009543,-0.07461164,-0.47814044,-0.10627916,7.9091915e-05,-0.50209093,-0.057971034,-0.0048861564,-0.64359146,-0.105019845,-0.011876719,-0.5939803,-0.10825255,-0.02304973,-0.51282173,-0.10015347
D,Alejandro,Left,0.0,0.0,0.0,-0.12002826,-0.050768767,-0.08212549,-0.21610479,-0.16521424,-0.13267154,-0.20741627,-0.3236105,-0.18251354,-0.13588652,-0.44308046,-0.22802156,-0.2626516,-0.47396716,-0.047827546,-0.318171,-0.6880717,-0.09935542,-0.34093195,-0.8209974,-0.13922487,-0.36267486,-0.93191576,-0.17098734,-0.17839022,-0.51463985,-0.04546412,-0.20001598,-0.69309634,-0.12518299,-0.17532699,-0.5801765,-0.15791608,-0.16677977,-0.47766748,-0.16385382,-0.09137626,-0.520383,-0.053697236,-0.09278165,-0.69448495,-0.12873213,-0.084679894,-0.5782655,-0.13210507,-0.08511696,-0.46115547,-0.11552228,-0.0034889602,-0.488724,-0.070405446,-0.004107484,-0.62509775,-0.12078178,-0.010265604,-0.5631634,-0.121441156,-0.020003906,-0.4749868,-0.11009368
D,Alejandro,Left,0.0,0.0,0.0,-0.13807075,-0.03894129,-0.080001295,-0.23156224,-0.16074817,-0.119258374,-0.19418965,-0.30788773,-0.15520954,-0.11437277,-0.3927656,-0.18523484,-0.2752447,-0.48871022,-0.037199736,-0.3250402,-0.6873023,-0.08619946,-0.35496563,-0.8148603,-0.12830064,-0.38378605,-0.92342204,-0.16184166,-0.17393905,-0.5396845,-0.037524913,-0.1964142,-0.7453764,-0.11998847,-0.17997487,-0.6437908,-0.15923852,-0.16559798,-0.52292967,-0.16543956,-0.07798978,-0.5497948,-0.048597354,-0.09164397,-0.72645533,-0.11651116,-0.091793545,-0.625631,-0.12257717,-0.09232461,-0.5162825,-0.10676344,0.019671295,-0.5170671,-0.06915218,0.013237514,-0.64878947,-0.10191859,0.0013341682,-0.60000134,-0.096240394,-0.006589327,-0.52357966,-0.08237234
D,Alejandro,Left,0.0,0.0,0.0,-0.12937784,-0.035286635,-0.07193444,-0.22272559,-0.15186904,-0.112211354,-0.18775822,-0.29967687,-0.15095596,-0.10570547,-0.37924674,-0.18633705,-0.2669064,-0.47828743,-0.043003414,-0.3220332,-0.6797358,-0.09340319,-0.3537967,-0.81271905,-0.13188924,-0.38131553,-0.924445,-0.16193189,-0.16279183,-0.5295267,-0.047754157,-0.18557474,-0.7375931,-0.13196422,-0.16793002,-0.6307986,-0.16245298,-0.14985237,-0.5079271,-0.15995887,-0.06046371,-0.5338091,-0.06184189,-0.07166085,-0.70052004,-0.13275237,-0.07210875,-0.5902263,-0.12955426,-0.06965374,-0.47997293,-0.105187595,0.04109527,-0.49361718,-0.08416147,0.034488473,-0.61498666,-0.12185874,0.022025924,-0.5547237,-0.11111641,0.016007112,-0.47585452,-0.091175936
D,Alejandro,Left,0.0,0.0,0.0,-0.13595805,-0.020150863,-0.03492636,-0.27364326,-0.122413,-0.060619682,-0.3055011,-0.24698992,-0.09783214,-0.23831344,-0.3332699,-0.13447043,-0.31493065,-0.45259622,-0.0049497653,-0.39224562,-0.66135496,-0.0520167,-0.4453112,-0.7711769,-0.08205681,-0.4926176,-0.8702459,-0.10698841,-0.22981063,-0.47996032,-0.02885902,-0.31516296,-0.6222961,-0.11936689,-0.28196785,-0.4346394,-0.1385072,-0.23251528,-0.31200978,-0.12628321,-0.13796201,-0.48256028,-0.06131398,-0.21620826,-0.627504,-0.14915657,-0.1958798,-0.44332796,-0.1295023,-0.15252577,-0.32209092,-0.08827666,-0.03895384,-0.45625678,-0.09821289,-0.1120228,-0.59835166,-0.15039277,-0.12725183,-0.47937962,-0.12910737,-0.10522163,-0.37241846,-0.09792267
D,Alejandro,Left,0.0,0.0,0.0,-0.13642378,-0.019750712,-0.03778022,-0.26470163,-0.116716795,-0.06726093,-0.29797518,-0.23531485,-0.10713348,-0.2385553,-0.32068712,-0.14613406,-0.29483467,-0.4594295,-0.013820893,-0.3695699,-0.67095697,-0.067621715,-0.41834685,-0.78426975,-0.10430904,-0.45889032,-0.88849294,-0.1322176,-0.20691663,-0.47630253,-0.035759576,-0.28666088,-0.61232704,-0.12933545,-0.2697376,-0.42385352,-0.15164001,-0.22767814,-0.3052827,-0.14193258,-0.115933575,-0.47392833,-0.06631574,-0.19145264,-0.6145752,-0.15558797,-0.18390529,-0.42611483,-0.13564776,-0.14313243,-0.30768806,-0.09422356,-0.018454658,-0.44703102,-0.101457484,-0.08886971,-0.5851244,-0.1528609,-0.10957292,-0.4602523,-0.12887065,-0.0879335,-0.35701382,-0.09522312
D,Alejandro,Left,0.0,0.0,0.0,-0.13558935,-0.008980126,-0.054972325,-0.27409068,-0.08795307,-0.09968082,-0.3539437,-0.18152408,-0.1541851,-0.30826595,-0.28195328,-0.20638941,-0.30701223,-0.42830974,-0.02674182,-0.38845617,-0.6466001,-0.090179004,-0.44186518,-0.76510245,-0.12799227,-0.47947016,-0.8775582,-0.154861,-0.23235376,-0.44834623,-0.043961428,-0.32490465,-0.5818343,-0.14972338,-0.30374926,-0.38880742,-0.17055644,-0.2615318,-0.2772317,-0.1559653,-0.15218686,-0.45245048,-0.07240722,-0.23527476,-0.59202653,-0.17188501,-0.22653773,-0.40255547,-0.15301362,-0.18948945,-0.28206918,-0.10847852,-0.06403349,-0.4336042,-0.10721214,-0.14091581,-0.55635554,-0.16470218,-0.16154878,-0.439842,-0.1467362,-0.14494716,-0.3388575,-0.115464784
D,Alejandro,Left,0.0,0.0,0.0,-0.13370219,-0.015493811,-0.049688153,-0.27196667,-0.095611714,-0.092791975,-0.35588998,-0.19675548,-0.14785017,-0.31022242,-0.28871208,-0.2007234,-0.30239522,-0.4389631,-0.015350655,-0.38787124,-0.6519779,-0.07317904,-0.4512002,-0.7600103,-0.10477147,-0.49355197,-0.8697163,-0.12817028,-0.23131533,-0.46137035,-0.03628399,-0.33396912,-0.5960074,-0.13660473,-0.31425324,-0.39948696,-0.14956273,-0.26377988,-0.29720357,-0.12877569,-0.15344219,-0.46227297,-0.06883897,-0.25298136,-0.5954714,-0.16594328,-0.24401478,-0.4024265,-0.14117204,-0.19733064,-0.2897994,-0.09211473,-0.06668591,-0.4392363,-0.107718825,-0.1603866,-0.56412524,-0.16329321,-0.1866244,-0.44424707,-0.14180118,-0.16432789,-0.34107494,-0.108256534
D,Alejandro,Left,0.0,0.0,0.0,-0.15044172,-0.008214147,-0.019011585,-0.29499534,-0.10603929,-0.039987177,-0.3870082,-0.20470412,-0.07683665,-0.37817043,-0.28829217,-0.11348733,-0.3074696,-0.43244225,0.016321467,-0.38194492,-0.66366553,-0.025103206,-0.44129694,-0.76886034,-0.048879996,-0.4842426,-0.8749338,-0.06794851,-0.24333894,-0.45115328,-0.015053071,-0.35292313,-0.6102589,-0.099586286,-0.36633226,-0.44322315,-0.11774069,-0.32945836,-0.32860976,-0.104740575,-0.1772465,-0.4490152,-0.054586582,-0.28454942,-0.59806144,-0.13473563,-0.30211443,-0.4284573,-0.12044772,-0.26682875,-0.31599152,-0.08388803,-0.09934263,-0.43046924,-0.0975807,-0.2039018,-0.5609328,-0.14209652,-0.23561718,-0.44859043,-0.12368223,-0.20833476,-0.34110618,-0.095274426
D,Alejandro,Left,0.0,0.0,0.0,-0.1388072,-0.025264565,-0.048015244,-0.26802284,-0.123025194,-0.08900346,-0.3636164,-0.20408477,-0.14193453,-0.35720205,-0.3099213,-0.19167422,-0.23551483,-0.46656573,-0.010707686,-0.2633724,-0.70920485,-0.065033674,-0.30006415,-0.8332387,-0.096060365,-0.32075304,-0.94716287,-0.117814146,-0.16945846,-0.47377774,-0.029099818,-0.26892358,-0.61793953,-0.13179357,-0.29841313,-0.44147804,-0.15527686,-0.27132517,-0.31444278,-0.1415498,-0.10445839,-0.45924312,-0.058677487,-0.20047952,-0.5972301,-0.15567257,-0.23925263,-0.4280386,-0.14603165,-0.22117443,-0.3006112,-0.10717459,-0.031162195,-0.4286467,-0.09359701,-0.11759355,-0.5625924,-0.15131703,-0.17915064,-0.47090486,-0.14155477,-0.19256438,-0.36288124,-0.11555028
D,Alejandro,Left,0.0,0.0,0.0,-0.16389786,-0.030182444,-0.030954547,-0.30373964,-0.121654,-0.065978296,-0.404068,-0.20306626,-0.11594284,-0.41733035,-0.32134143,-0.16463931,-0.24150796,-0.46408406,0.0012159038,-0.26373354,-0.702359,-0.048173066,-0.29855812,-0.83496517,-0.07860109,-0.32293668,-0.94642055,-0.100697756,-0.17638487,-0.47830692,-0.022535294,-0.3062381,-0.56906575,-0.11605049,-0.34289852,-0.3988711,-0.14061175,-0.3228976,-0.27160856,-0.13298716,-0.115506075,-0.46804136,-0.055443738,-0.24455673,-0.561195,-0.14988616,-0.2831904,-0.3932943,-0.14044392,-0.26565003,-0.26179025,-0.104441896,-0.052016735,-0.43929377,-0.09150443,-0.16895746,-0.53420615,-0.15484773,-0.22725892,-0.43269733,-0.14594531,-0.23631243,-0.32031015,-0.11941604
D,Alejandro,Left,0.0,0.0,0.0,-0.15324028,-0.042369433,-0.033582862,-0.28409073,-0.1346146,-0.0669912,-0.38348094,-0.20568821,-0.11471341,-0.42139432,-0.32254112,-0.16040799,-0.23634739,-0.46989927,0.0032219172,-0.27383682,-0.6982349,-0.049491946,-0.31505176,-0.8314925,-0.08445592,-0.34739187,-0.93772006,-0.108785436,-0.17584531,-0.48576292,-0.02015763,-0.30949238,-0.56267315,-0.11552095,-0.34415948,-0.40253264,-0.14583495,-0.32508266,-0.27630505,-0.14204377,-0.11855867,-0.4761546,-0.05344394,-0.251442,-0.5456463,-0.14686282,-0.28553012,-0.38929686,-0.1414581,-0.26560453,-0.26502535,-0.10883826,-0.057671674,-0.44764435,-0.09071082,-0.17646971,-0.5231287,-0.1498174,-0.2347792,-0.42868736,-0.14099835,-0.24387823,-0.32344452,-0.11534673
D,Alejandro,Left,0.0,0.0,0.0,-0.15115945,-0.027419789,-0.028196696,-0.28533113,-0.13167618,-0.05228738,-0.3779893,-0.21380079,-0.090321966,-0.40705836,-0.32012108,-0.1258702,-0.26623073,-0.45363688,0.008769209,-0.3113132,-0.68831563,-0.04403998,-0.35599414,-0.8154955,-0.07706836,-0.39395013,-0.9191318,-0.09925056,-0.20200622,-0.4668015,-0.017133651,-0.31575215,-0.59706444,-0.112602316,-0.34654438,-0.44205242,-0.14002183,-0.32923588,-0.3171873,-0.1315386,-0.13669112,-0.45750526,-0.052642673,-0.24505545,-0.5554686,-0.14390057,-0.28202832,-0.39806986,-0.13745323,-0.2720632,-0.2783899,-0.10339159,-0.063155144,-0.4265498,-0.09181808,-0.15637968,-0.5230541,-0.14644603,-0.2055755,-0.423313,-0.13401863,-0.21226397,-0.3141058,-0.10654947
D,Alejandro,Left,0.0,0.0,0.0,-0.14398615,-0.040392682,-0.033650145,-0.2757648,-0.14089932,-0.06558095,-0.36349112,-0.23473568,-0.11049837,-0.34731662,-0.35027778,-0.15456128,-0.25177994,-0.45482302,-0.003936293,-0.29958624,-0.6938232,-0.06274874,-0.34038138,-0.82111686,-0.10064273,-0.37234825,-0.9280931,-0.12659286,-0.1788993,-0.4652956,-0.027546164,-0.27358514,-0.5934396,-0.13016666,-0.28980488,-0.42440805,-0.15673828,-0.26908475,-0.29609743,-0.14714481,-0.103857875,-0.45558733,-0.060730033,-0.19688874,-0.58515906,-0.15791537,-0.22160038,-0.41227314,-0.14397551,-0.2075544,-0.2832251,-0.10356639,-0.019248057,-0.42293048,-0.09777361,-0.10647873,-0.5308131,-0.15776198,-0.1471796,-0.41723284,-0.14172582,-0.14756148,-0.30539727,-0.11061765
D,Alejandro,Left,0.0,0.0,0.0,-0.13563114,-0.04097473,-0.049195975,-0.26502073,-0.13750431,-0.09068509,-0.3566287,-0.22636831,-0.14281477,-0.33897123,-0.34304148,-0.1927259,-0.25036868,-0.45192826,-0.021701377,-0.29944345,-0.68931943,-0.08623287,-0.3366387,-0.8170962,-0.12523839,-0.36320484,-0.9317093,-0.1519887,-0.17910913,-0.46076798,-0.039191265,-0.27368945,-0.5904753,-0.15017739,-0.28595838,-0.4065071,-0.17648941,-0.26200867,-0.27931675,-0.16541818,-0.104418084,-0.4524223,-0.06769875,-0.19072142,-0.58307034,-0.17314252,-0.21702546,-0.40123212,-0.15920179,-0.20564942,-0.27220348,-0.11710323,-0.022233123,-0.42377853,-0.101250075,-0.09740522,-0.54272586,-0.16616742,-0.1415036,-0.4311727,-0.15263854,-0.15063208,-0.3205558,-0.12281595
D,Alejandro,Left,0.0,0.0,0.0,-0.13675326,-0.031537097,-0.04654511,-0.2643436,-0.12872957,-0.08501554,-0.35186642,-0.20864698,-0.13456354,-0.3475716,-0.32864246,-0.18187785,-0.2525471,-0.45028043,-0.018768052,-0.30499554,-0.68587196,-0.08237918,-0.34806332,-0.81287414,-0.12130944,-0.37859643,-0.92556185,-0.14751694,-0.18288013,-0.45798972,-0.03883429,-0.27843457,-0.58933675,-0.15209007,-0.29781136,-0.4084872,-0.18175949,-0.27390045,-0.27730867,-0.17147958,-0.11022413,-0.44684497,-0.06945494,-0.19994803,-0.56880474,-0.17604919,-0.2270228,-0.39090264,-0.16711879,-0.21027614,-0.26344898,-0.12751813,-0.027611341,-0.4193634,-0.104762726,-0.10873002,-0.5335006,-0.17071152,-0.15312392,-0.42163372,-0.1591735,-0.15686244,-0.3094147,-0.13006805
D,Alejandro,Left,0.0,0.0,0.0,-0.13908012,-0.041098993,-0.043285087,-0.26802555,-0.13531716,-0.081380084,-0.3550176,-0.21428882,-0.13085227,-0.35423905,-0.3224569,-0.17812541,-0.25937477,-0.45589092,-0.015023969,-0.3100522,-0.68954414,-0.07594835,-0.35214147,-0.8125428,-0.11385108,-0.38344473,-0.92356384,-0.13979536,-0.1878499,-0.46091664,-0.035766654,-0.27822948,-0.5870223,-0.14379884,-0.3022405,-0.4099489,-0.17222717,-0.281976,-0.28216144,-0.16299777,-0.11507031,-0.44946164,-0.06671695,-0.19831054,-0.57230836,-0.16951281,-0.22894824,-0.39609897,-0.15895794,-0.21445706,-0.26860812,-0.11975728,-0.031939015,-0.42130268,-0.1020919,-0.10902433,-0.5335307,-0.16518994,-0.15056282,-0.41731203,-0.15086707,-0.15038079,-0.30076754,-0.12038383
D,Alejandro,Left,0.0,0.0,0.0,-0.15842253,-0.03284279,-0.025717514,-0.2897916,-0.11658268,-0.05837927,-0.3765573,-0.1854696,-0.10667131,-0.40622464,-0.2655438,-0.15418075,-0.26802304,-0.45424473,-0.002683018,-0.32291567,-0.68688595,-0.057763636,-0.37701288,-0.8077662,-0.094520986,-0.42488524,-0.9052472,-0.12020358,-0.20154007,-0.46412575,-0.0332748,-0.30767477,-0.56954706,-0.13047054,-0.34618676,-0.41715932,-0.1625499,-0.33686212,-0.2946731,-0.16060376,-0.13642514,-0.451726,-0.072277345,-0.23949419,-0.5435258,-0.1630927,-0.2822916,-0.38606933,-0.15948497,-0.2766385,-0.2609689,-0.1300383,-0.06300886,-0.42243537,-0.11468248,-0.15909429,-0.516407,-0.16786453,-0.21361539,-0.41338214,-0.15485974,-0.22447291,-0.29817966,-0.12848699
D,Alejandro,Left,0.0,0.0,0.0,-0.15649773,-0.03294099,-0.028035674,-0.2965975,-0.11709373,-0.06100716,-0.39781395,-0.17977561,-0.108934246,-0.41380173,-0.29167885,-0.156305,-0.2597896,-0.46351632,-0.0031955417,-0.3059814,-0.6976206,-0.055493318,-0.35503632,-0.81675535,-0.08770027,-0.3910548,-0.92036736,-0.11054312,-0.18998256,-0.48167026,-0.028525418,-0.31770813,-0.5682129,-0.12552729,-0.3476725,-0.393568,-0.15283176,-0.3245411,-0.269011,-0.14623202,-0.12011735,-0.4731348,-0.062303886,-0.24629602,-0.5654756,-0.1567772,-0.28024203,-0.394321,-0.15006772,-0.25884068,-0.263419,-0.11561859,-0.045380376,-0.44449052,-0.098995656,-0.1644114,-0.5268852,-0.16047025,-0.22665738,-0.4236536,-0.15425348,-0.23618904,-0.31558248,-0.12981157
D,Alejandro,Left,0.0,0.0,0.0,-0.15958688,-0.03311618,-0.032478128,-0.31486243,-0.14615017,-0.05864376,-0.42338935,-0.26185593,-0.10074818,-0.4271975,-0.41620287,-0.14006734,-0.25164795,-0.45585072,0.032691892,-0.2695558,-0.6997561,-0.0136775905,-0.3038301,-0.83128273,-0.04296866,-0.32221496,-0.94666654,-0.064688034,-0.18699087,-0.4836305,0.010331493,-0.31312373,-0.63171536,-0.08966269,-0.3484798,-0.4670511,-0.123182036,-0.32971692,-0.33021438,-0.11548489,-0.12124856,-0.48992547,-0.023299694,-0.24921367,-0.6236923,-0.124497965,-0.2859865,-0.4568423,-0.12834549,-0.2669133,-0.32106727,-0.09506326,-0.048109956,-0.48169842,-0.059942942,-0.17622955,-0.5813469,-0.12742542,-0.23533358,-0.48418584,-0.13113303,-0.2430932,-0.37481952,-0.11176641
D,Alejandro,Left,0.0,0.0,0.0,-0.14487055,-0.057251412,-0.015249136,-0.2849327,-0.18289018,-0.031376153,-0.3842945,-0.2956421,-0.06598069,-0.40588894,-0.43504557,-0.09825823,-0.20289166,-0.47022435,0.03951235,-0.21050526,-0.7272645,-0.0011845123,-0.247024,-0.85763717,-0.021780394,-0.27008155,-0.96283746,-0.035976704,-0.14464067,-0.4853304,0.009699445,-0.27413967,-0.64248145,-0.08291809,-0.33277297,-0.4898696,-0.10961214,-0.32391784,-0.3620872,-0.09822544,-0.088013366,-0.4821454,-0.029858135,-0.21391827,-0.6212459,-0.12256211,-0.26881397,-0.4716721,-0.12200688,-0.25769594,-0.3526214,-0.08819544,-0.02529694,-0.46944934,-0.07138732,-0.14627221,-0.59038454,-0.13093138,-0.213331,-0.5092114,-0.12917136,-0.2233702,-0.4145084,-0.10707647
D,Alejandro,Left,0.0,0.0,0.0,-0.14232194,-0.06478999,-0.023038153,-0.27226496,-0.18858157,-0.046471704,-0.36988604,-0.292471,-0.08655155,-0.38214713,-0.4270497,-0.12401719,-0.1820717,-0.4657243,0.023241416,-0.19069093,-0.723388,-0.024054721,-0.22816627,-0.8569921,-0.049100116,-0.25149268,-0.9678592,-0.06607056,-0.12276645,-0.47893187,-0.003419337,-0.24148013,-0.64918613,-0.10129754,-0.30853674,-0.4974142,-0.12805124,-0.30421007,-0.3713183,-0.11644033,-0.06950341,-0.4760583,-0.039909903,-0.18915258,-0.6289753,-0.1342747,-0.2515539,-0.48258808,-0.13036793,-0.24424195,-0.36244,-0.09457651,-0.013235903,-0.46119797,-0.0792322,-0.12761603,-0.5851732,-0.13747394,-0.19394621,-0.5085899,-0.1329992,-0.2009426,-0.41776246,-0.10939208
D,Alejandro,Left,0.0,0.0,0.0,-0.15553717,-0.021822348,-0.04321829,-0.31862512,-0.1488192,-0.06782557,-0.42593825,-0.27880925,-0.10514895,-0.42695966,-0.43561518,-0.1369817,-0.2926757,-0.44440374,0.031003768,-0.33474818,-0.6803859,-0.016216949,-0.38119534,-0.7991942,-0.04388371,-0.40632424,-0.91372895,-0.064285435,-0.22804616,-0.4798935,0.01315971,-0.34070745,-0.67587703,-0.09081299,-0.36389267,-0.50482345,-0.119128615,-0.3236889,-0.36253303,-0.103670344,-0.1586061,-0.4948929,-0.017896477,-0.26322594,-0.6724687,-0.11502372,-0.29242298,-0.50594604,-0.11209443,-0.26055583,-0.37339666,-0.07461346,-0.07102056,-0.5004654,-0.05421148,-0.15877452,-0.6425894,-0.11068229,-0.21676621,-0.55795425,-0.10857266,-0.22362828,-0.44924864,-0.08818409
D,Alejandro,Left,0.0,0.0,0.0,-0.16418199,0.0015404559,-0.050467018,-0.33927518,-0.096071064,-0.08080837,-0.44274482,-0.23466808,-0.124451734,-0.4485671,-0.41195017,-0.16549145,-0.36242715,-0.37252653,0.027472734,-0.44951615,-0.5837368,-0.02412634,-0.51383364,-0.7114756,-0.05566928,-0.56175023,-0.82730687,-0.07844268,-0.2906796,-0.4308558,0.009905987,-0.4143175,-0.6050653,-0.10261527,-0.38615346,-0.4413973,-0.13845536,-0.32647106,-0.30592003,-0.12607704,-0.21117795,-0.46966127,-0.020955095,-0.3237015,-0.63729817,-0.1285863,-0.31175837,-0.46418387,-0.13104558,-0.26397848,-0.32437778,-0.09407364,-0.11421663,-0.4970138,-0.056750897,-0.21354282,-0.63062847,-0.11815076,-0.2390055,-0.5383553,-0.11627158,-0.22680166,-0.4273712,-0.09484657
D,Alejandro,Left,0.0,0.0,0.0,-0.15655787,0.001453828,-0.061012242,-0.31884843,-0.09811786,-0.09775046,-0.4044894,-0.23981209,-0.14344698,-0.39432532,-0.41009957,-0.18428364,-0.35539433,-0.3955224,-0.0032058733,-0.4470079,-0.6058953,-0.058526922,-0.50274986,-0.7258317,-0.09278993,-0.54432404,-0.83887506,-0.1175743,-0.27611953,-0.4480735,-0.015612915,-0.37072584,-0.6035674,-0.12529431,-0.34072775,-0.43007082,-0.15594733,-0.28994718,-0.3010406,-0.14496684,-0.19059187,-0.47794685,-0.040687636,-0.276852,-0.6353509,-0.14267784,-0.2603882,-0.4611708,-0.13475631,-0.21603177,-0.3310867,-0.09587967,-0.09071974,-0.49314803,-0.07222784,-0.16945519,-0.63570905,-0.12937224,-0.19073933,-0.53834206,-0.11946686,-0.17766088,-0.4312688,-0.09435249
D,Alejandro,Left,0.0,0.0,0.0,-0.16393006,-0.008689502,-0.05533416,-0.32113567,-0.11500708,-0.08818283,-0.39983377,-0.26039112,-0.13207473,-0.3758864,-0.41770452,-0.17230047,-0.33345264,-0.41061786,0.0039089355,-0.40996894,-0.62629104,-0.05231246,-0.46257204,-0.7506635,-0.08809398,-0.4987632,-0.8667383,-0.113024905,-0.2548756,-0.45361495,-0.012814315,-0.34003204,-0.6290077,-0.12162776,-0.3323742,-0.45764005,-0.15275753,-0.2917285,-0.324927,-0.14141896,-0.17289194,-0.47277027,-0.042309355,-0.24830069,-0.6314591,-0.14415996,-0.2520554,-0.45849916,-0.13909045,-0.21794456,-0.3256882,-0.101522096,-0.07867207,-0.4750742,-0.07811232,-0.14821151,-0.62738955,-0.13481306,-0.17879261,-0.5286802,-0.12416265,-0.1702084,-0.41315326,-0.0982781
D,Alejandro,Left,0.0,0.0,0.0,-0.15926395,-0.0035496368,-0.040894978,-0.31566477,-0.10839028,-0.067095816,-0.3965795,-0.23591018,-0.10688134,-0.39120743,-0.36390007,-0.14557058,-0.33373883,-0.42040652,0.0046676556,-0.40382335,-0.6310411,-0.052599434,-0.45777526,-0.7518792,-0.08879182,-0.49756125,-0.86742884,-0.11447596,-0.25930235,-0.45571965,-0.020545604,-0.36214674,-0.62122494,-0.12770677,-0.3506051,-0.43771502,-0.15404974,-0.3059909,-0.3055609,-0.1394906,-0.17652144,-0.4706633,-0.056888845,-0.26740655,-0.61317563,-0.15902308,-0.26064363,-0.42601478,-0.14406486,-0.21852145,-0.2953265,-0.09975455,-0.081052125,-0.46738464,-0.09852903,-0.16054522,-0.605346,-0.15612492,-0.18633266,-0.486525,-0.13672368,-0.1711651,-0.36773822,-0.104119375
D,Alejandro,Left,0.0,0.0,0.0,-0.16513252,-0.006591951,-0.041141182,-0.3179072,-0.09451585,-0.07329777,-0.41172022,-0.19898382,-0.120013356,-0.4180521,-0.33712143,-0.1654679,-0.33882907,-0.40086022,0.0068720374,-0.42185822,-0.6215146,-0.051373996,-0.47485587,-0.74414045,-0.089608036,-0.51900005,-0.8547742,-0.11669811,-0.261906,-0.43875754,-0.01674771,-0.36235094,-0.5712449,-0.12737878,-0.3497005,-0.39031032,-0.1604063,-0.30885983,-0.25816008,-0.15262777,-0.18105006,-0.45676112,-0.051666413,-0.27835044,-0.60561734,-0.15812953,-0.27635238,-0.41405016,-0.1496945,-0.24116062,-0.269651,-0.109780386,-0.08632289,-0.45830518,-0.09111675,-0.17358334,-0.58360296,-0.15722133,-0.19971591,-0.4643989,-0.14605239,-0.18759102,-0.34221,-0.1172909
D,Alejandro,Left,0.0,0.0,0.0,-0.15315403,0.026133308,-0.031923108,-0.3286385,-0.04804807,-0.054066997,-0.43571016,-0.134451,-0.089194104,-0.44541365,-0.25170535,-0.12190731,-0.33761173,-0.44093946,0.013006744,-0.4122215,-0.6527563,-0.032283653,-0.47789323,-0.7540941,-0.062006988,-0.5294719,-0.8483275,-0.08570344,-0.26135615,-0.48100126,-0.010353518,-0.37681654,-0.5809726,-0.09924333,-0.4012613,-0.40430537,-0.12579891,-0.37631527,-0.2820731,-0.11985601,-0.1838136,-0.48817766,-0.043534037,-0.2938316,-0.57813144,-0.13007818,-0.32630163,-0.39991638,-0.125358,-0.30888814,-0.2783963,-0.09541533,-0.096255146,-0.46951225,-0.08072363,-0.19997601,-0.5525835,-0.13410941,-0.24441005,-0.43275002,-0.12603186,-0.23793535,-0.32283846,-0.10346091
D,Alejandro,Left,0.0,0.0,0.0,-0.17986538,-0.0019555532,-0.03136021,-0.3413922,-0.07648391,-0.058046397,-0.44893128,-0.13400923,-0.098928265,-0.48543626,-0.24658059,-0.13777688,-0.30988798,-0.44642273,0.007916936,-0.3936341,-0.66495943,-0.040166743,-0.4628608,-0.7666178,-0.07189775,-0.5190517,-0.8547429,-0.095629245,-0.24414124,-0.47955012,-0.014855007,-0.38260716,-0.5487616,-0.11074408,-0.41239747,-0.36660233,-0.14319925,-0.38721398,-0.23271155,-0.14035688,-0.1749071,-0.48585126,-0.046929438,-0.309215,-0.55080044,-0.13861309,-0.34054404,-0.37429267,-0.13906646,-0.31506816,-0.24176377,-0.110548906,-0.09638824,-0.4741413,-0.08267684,-0.21058333,-0.5456759,-0.14148991,-0.2672627,-0.42930186,-0.13834777,-0.2683282,-0.30869198,-0.11707618
D,Alejandro,Left,0.0,0.0,0.0,-0.17048903,-0.006901897,-0.031918235,-0.3325759,-0.074958146,-0.061261714,-0.45139647,-0.13660283,-0.10618612,-0.4918871,-0.26942194,-0.14794143,-0.29976517,-0.42466682,0.013611053,-0.370391,-0.6723093,-0.036583673,-0.43785146,-0.78154045,-0.066237934,-0.4915025,-0.8708762,-0.08725802,-0.23855063,-0.4563178,-0.010315416,-0.39333996,-0.5441681,-0.114577614,-0.41941723,-0.36371696,-0.15001859,-0.3863857,-0.23419693,-0.14584407,-0.1768962,-0.46907622,-0.04451052,-0.32475567,-0.56080407,-0.14468269,-0.35252306,-0.38787144,-0.14821161,-0.31900388,-0.2623153,-0.11772507,-0.1050208,-0.47267056,-0.08187373,-0.23705241,-0.5572622,-0.14444493,-0.29543075,-0.4517974,-0.1445133,-0.29364797,-0.3420471,-0.12400482
D,Alejandro,Left,0.0,0.0,0.0,-0.17124946,-0.019009525,-0.027532121,-0.33073625,-0.09401039,-0.051960796,-0.4495157,-0.16327009,-0.09333144,-0.49336958,-0.29991612,-0.1315425,-0.29667917,-0.42848206,0.030211646,-0.3591337,-0.6726802,-0.018506462,-0.42890608,-0.78087115,-0.048081808,-0.4811497,-0.8766384,-0.06893053,-0.24202588,-0.45739672,0.004123312,-0.39635527,-0.57050395,-0.10139901,-0.42640883,-0.37848422,-0.13568883,-0.38884154,-0.24360125,-0.12722762,-0.18348143,-0.46919933,-0.032842334,-0.32985678,-0.5789293,-0.13680477,-0.3581271,-0.39457166,-0.13963094,-0.31998953,-0.26503235,-0.104912825,-0.11104954,-0.47483677,-0.07252322,-0.24372889,-0.56605446,-0.13755786,-0.29946887,-0.44936463,-0.13597697,-0.29096848,-0.3312754,-0.112339504
D,Alejandro,Left,0.0,0.0,0.0,-0.16275805,-0.00606067,-0.03257707,-0.33620638,-0.08983532,-0.057180285,-0.4641784,-0.1831623,-0.09861792,-0.5057297,-0.3329157,-0.13647133,-0.29960203,-0.41317096,0.03912409,-0.35326532,-0.66305214,-0.0073560746,-0.419925,-0.77992153,-0.033265248,-0.46294165,-0.8863888,-0.051975902,-0.24212787,-0.45278272,0.014695112,-0.39238852,-0.606596,-0.08989932,-0.42648584,-0.42743587,-0.12024656,-0.39082468,-0.28999388,-0.10635228,-0.17979352,-0.47413206,-0.022412047,-0.32604948,-0.6126922,-0.124971904,-0.35837778,-0.43604776,-0.12690912,-0.3241967,-0.30599594,-0.0904816,-0.102805026,-0.49084464,-0.06316704,-0.24234377,-0.5895597,-0.12751247,-0.2989098,-0.48413575,-0.1288782,-0.2918583,-0.37358585,-0.10764616
D,Alejandro,Left,0.0,0.0,0.0,-0.17354196,-0.0058886446,-0.035088632,-0.34498367,-0.081788555,-0.060939506,-0.47600988,-0.17282526,-0.1039208,-0.517655,-0.32787615,-0.14207527,-0.30750808,-0.40722457,0.04837805,-0.36710125,-0.657832,0.00059874303,-0.43190157,-0.77199674,-0.02964579,-0.47332627,-0.8808872,-0.05257308,-0.25171214,-0.4517511,0.024498492,-0.4079586,-0.6019127,-0.086791195,-0.43920624,-0.42159528,-0.12784821,-0.4027098,-0.2819215,-0.12150173,-0.19259493,-0.4800247,-0.012861901,-0.3407555,-0.6162566,-0.119749114,-0.3724366,-0.4422582,-0.13169338,-0.3378157,-0.30932578,-0.10202442,-0.1199576,-0.50377464,-0.054213513,-0.26107466,-0.5889583,-0.122896306,-0.3159698,-0.4821631,-0.13285834,-0.30921486,-0.3694011,-0.11806181
D,Alejandro,Left,0.0,0.0,0.0,-0.15608512,-0.0037483377,-0.034312245,-0.3228864,-0.074031875,-0.061356124,-0.4500892,-0.15062574,-0.103374705,-0.49972728,-0.29378295,-0.14110751,-0.30054012,-0.41379425,0.021300023,-0.36003387,-0.67101485,-0.02985982,-0.4301988,-0.7787068,-0.05800117,-0.4818267,-0.87626654,-0.07761581,-0.2437254,-0.44968036,-0.0014424905,-0.39174348,-0.58026606,-0.10779144,-0.42414716,-0.39358377,-0.13756904,-0.39043707,-0.25894508,-0.12592834,-0.18564776,-0.4670296,-0.035823703,-0.33018103,-0.5857698,-0.13739213,-0.3617082,-0.40258002,-0.13542332,-0.32998255,-0.27387613,-0.09885596,-0.112083636,-0.479082,-0.07389966,-0.24795578,-0.5672217,-0.13761494,-0.30555695,-0.4512724,-0.1354274,-0.30190074,-0.33770713,-0.11231768
D,Alejandro,Left,0.0,0.0,0.0,-0.17226395,0.009975691,-0.024259858,-0.34713876,-0.05759308,-0.048552513,-0.4671766,-0.122439586,-0.08899992,-0.5015878,-0.25243387,-0.12628657,-0.3162892,-0.4208874,0.021482537,-0.39345303,-0.6617224,-0.026034893,-0.4632385,-0.7677169,-0.054579977,-0.5181022,-0.8553187,-0.075318374,-0.25646615,-0.45594934,-0.004894655,-0.41088453,-0.5338816,-0.1018633,-0.4344906,-0.35286763,-0.13175899,-0.39831936,-0.2314267,-0.12536684,-0.19636686,-0.46959496,-0.041031234,-0.35034245,-0.5506533,-0.13555147,-0.3765318,-0.3716429,-0.1325705,-0.34041125,-0.25128755,-0.09943801,-0.12634821,-0.46985546,-0.07996937,-0.26800564,-0.53851897,-0.1399705,-0.31566355,-0.41690263,-0.13445772,-0.29817164,-0.30637366,-0.11042418
D,Alejandro,Left,0.0,0.0,0.0,-0.1672865,-0.011925548,-0.019127147,-0.32814378,-0.09910852,-0.036203526,-0.44130707,-0.16757065,-0.069958486,-0.47667578,-0.26761574,-0.102317035,-0.3172253,-0.4286988,0.028383901,-0.38996518,-0.6555499,-0.01535646,-0.4512297,-0.7706634,-0.04519476,-0.5031717,-0.86418647,-0.06778412,-0.25585768,-0.4605436,-0.0010829298,-0.3896775,-0.5455032,-0.09150424,-0.42760074,-0.39445028,-0.12852757,-0.41534778,-0.2709412,-0.12954934,-0.18832639,-0.46585926,-0.038998436,-0.3152305,-0.52371407,-0.12647799,-0.36139295,-0.36887598,-0.13479526,-0.35775194,-0.2508876,-0.113217354,-0.11103349,-0.45008388,-0.07943118,-0.21759315,-0.5264389,-0.13156448,-0.26976565,-0.42199594,-0.12819974,-0.27594066,-0.30980688,-0.109253705
D,Alejandro,Left,0.0,0.0,0.0,-0.15287709,-0.014116471,-0.046137433,-0.3008569,-0.1141522,-0.079164974,-0.4087945,-0.19814865,-0.124680705,-0.4186514,-0.33271423,-0.16647735,-0.29153293,-0.4553695,0.007998708,-0.35628405,-0.67844975,-0.050315294,-0.416515,-0.78907543,-0.085670166,-0.45951918,-0.88816786,-0.10942243,-0.22380364,-0.48262092,-0.011357242,-0.3371934,-0.6168625,-0.11754522,-0.35067743,-0.4312222,-0.14358588,-0.31738904,-0.29634568,-0.12942371,-0.14985743,-0.483888,-0.043488022,-0.257564,-0.59648305,-0.1439593,-0.27778572,-0.41549888,-0.13302866,-0.24912548,-0.2861126,-0.091148056,-0.06644623,-0.46384192,-0.081207015,-0.15941983,-0.57554847,-0.13951108,-0.2078688,-0.4642928,-0.12684485,-0.20686156,-0.3489791,-0.09745321
D,Alejandro,Left,0.0,0.0,0.0,-0.15930258,0.0070412178,-0.037203845,-0.32793817,-0.07426428,-0.066760354,-0.42924267,-0.16615383,-0.10873704,-0.41967845,-0.2862248,-0.14857921,-0.35082516,-0.44359842,0.005871265,-0.4077439,-0.6549719,-0.047575857,-0.4581024,-0.7650752,-0.08227475,-0.4938976,-0.86952007,-0.107890435,-0.2710216,-0.47736585,-0.019735845,-0.37956324,-0.6081243,-0.11779183,-0.38305518,-0.42453298,-0.14238727,-0.34554103,-0.29168433,-0.13026956,-0.18674657,-0.48190364,-0.05620162,-0.2854555,-0.5904296,-0.15201747,-0.29747516,-0.40673637,-0.14086226,-0.26753542,-0.2766745,-0.10200818,-0.09225813,-0.45889074,-0.09705785,-0.18958357,-0.5555824,-0.15304838,-0.22014335,-0.43473113,-0.13751146,-0.20566338,-0.32054597,-0.108194225
D,Alejandro,Left,0.0,0.0,0.0,-0.16810411,-0.009514308,-0.022083882,-0.31444278,-0.096883416,-0.047266662,-0.4011769,-0.19299982,-0.08845962,-0.40192494,-0.29926527,-0.13002296,-0.33790645,-0.4006072,0.01209008,-0.41417292,-0.6211645,-0.039476313,-0.4700684,-0.74919707,-0.074276745,-0.5133619,-0.85817224,-0.098748766,-0.26650515,-0.43331006,-0.01982857,-0.36688545,-0.57108986,-0.114614055,-0.3629886,-0.420344,-0.14245638,-0.32748204,-0.29406834,-0.13409486,-0.18970989,-0.44619596,-0.060033645,-0.28137368,-0.55837727,-0.14779298,-0.28277937,-0.39953786,-0.13530652,-0.25393704,-0.27738628,-0.09847709,-0.10032769,-0.43710008,-0.10359691,-0.18772532,-0.5408437,-0.14800856,-0.20391192,-0.43415657,-0.12367416,-0.18685877,-0.32704428,-0.0906491
D,Alejandro,Left,0.0,0.0,0.0,-0.14486025,-0.023067577,-0.035388593,-0.28407404,-0.122474544,-0.06497923,-0.36031887,-0.22799541,-0.10724168,-0.3333357,-0.34252086,-0.14933084,-0.29229307,-0.4392977,-0.001243899,-0.3670065,-0.6576178,-0.055542182,-0.4149721,-0.78121746,-0.0908199,-0.45228222,-0.89187485,-0.11608535,-0.21160989,-0.46036214,-0.026310416,-0.29657105,-0.58380044,-0.1283235,-0.29360262,-0.40747428,-0.15541086,-0.26267874,-0.27864257,-0.14492816,-0.12770079,-0.45951793,-0.060451586,-0.21432483,-0.5809688,-0.15833054,-0.21369103,-0.39848855,-0.1416085,-0.18333969,-0.27186605,-0.09843946,-0.034439985,-0.43494087,-0.09861504,-0.11764712,-0.54113173,-0.15610579,-0.13610998,-0.4233294,-0.13377328,-0.116729245,-0.32004014,-0.0985915
D,Alejandro,Left,0.0,0.0,0.0,-0.13453005,-0.02468497,-0.054967422,-0.26693815,-0.12229935,-0.09608594,-0.33573034,-0.23645064,-0.1463258,-0.30015045,-0.34833807,-0.193999,-0.28341678,-0.44794002,-0.023453543,-0.3535524,-0.669334,-0.08524434,-0.39197204,-0.7942383,-0.12564515,-0.4228329,-0.9062077,-0.15444474,-0.19691868,-0.46564683,-0.04066719,-0.27655903,-0.59598744,-0.15273559,-0.2663513,-0.40385213,-0.18183859,-0.2344273,-0.26831335,-0.17133065,-0.1071331,-0.46374062,-0.068462305,-0.18001148,-0.610714,-0.17379844,-0.18201911,-0.41781953,-0.15766282,-0.15752956,-0.2799702,-0.11346134,-0.008216428,-0.43922627,-0.10208406,-0.06523655,-0.5677213,-0.1672529,-0.09429973,-0.4494672,-0.15097295,-0.093260504,-0.33857235,-0.11888151
D,Alejandro,Left,0.0,0.0,0.0,-0.13330862,-0.021356445,-0.051630057,-0.26688796,-0.13165103,-0.089153886,-0.33092606,-0.25278798,-0.13513802,-0.2942536,-0.3617566,-0.17865486,-0.28070524,-0.4640374,-0.020117048,-0.34631163,-0.67837673,-0.07679977,-0.38557848,-0.7999379,-0.11250963,-0.4145304,-0.9100355,-0.13817017,-0.19161752,-0.476748,-0.0371015,-0.26216632,-0.6023832,-0.14404541,-0.25467193,-0.40753812,-0.16751543,-0.22226822,-0.27337265,-0.15336066,-0.10080331,-0.46962228,-0.064173624,-0.16923791,-0.60144573,-0.16730037,-0.17042299,-0.40856493,-0.14832675,-0.14184682,-0.2776514,-0.102748215,-0.0025571042,-0.44252422,-0.09631962,-0.06750622,-0.5657035,-0.1605992,-0.09271806,-0.43954104,-0.14080894,-0.08288667,-0.3290077,-0.10614186
D,Alejandro,Left,0.0,0.0,0.0,-0.13554071,-0.039330788,-0.049204,-0.269216,-0.16441995,-0.083779015,-0.33929932,-0.28643003,-0.12847272,-0.316218,-0.40493718,-0.17103705,-0.27650788,-0.46633053,-0.009333147,-0.3377327,-0.68106467,-0.06518289,-0.37740666,-0.80282897,-0.09740687,-0.403092,-0.91515946,-0.1196803,-0.19122934,-0.48529962,-0.026821852,-0.27081174,-0.6290781,-0.130462,-0.26452437,-0.44104958,-0.1521533,-0.2279019,-0.31792292,-0.1365354,-0.10232774,-0.48292607,-0.055334963,-0.17592399,-0.63311833,-0.15697345,-0.1799213,-0.44568187,-0.13876615,-0.14972645,-0.32080248,-0.09330928,-0.003840043,-0.46106088,-0.08865416,-0.07273884,-0.59902865,-0.14891839,-0.1000705,-0.48392802,-0.12993596,-0.09030882,-0.38100725,-0.09690759
D,Alejandro,Left,0.0,0.0,0.0,-0.13647163,-0.039094813,-0.04695131,-0.27487224,-0.17263672,-0.07700607,-0.3482958,-0.3056382,-0.11804206,-0.3215527,-0.43645814,-0.1561588,-0.26805618,-0.45620897,-0.0020548946,-0.33586186,-0.6755165,-0.054591164,-0.3771508,-0.799179,-0.08592508,-0.4043888,-0.9145872,-0.10811138,-0.18944603,-0.47980765,-0.019308936,-0.26650453,-0.6448007,-0.121619456,-0.2676278,-0.47378427,-0.14713454,-0.23926912,-0.34510165,-0.13403538,-0.10681996,-0.4828739,-0.047319774,-0.1804071,-0.64161813,-0.14278086,-0.18893595,-0.469856,-0.12991388,-0.16343832,-0.34158272,-0.08909962,-0.013164976,-0.46794426,-0.08069882,-0.07715506,-0.6187069,-0.13428089,-0.11127454,-0.5260435,-0.120027795,-0.10992093,-0.42406735,-0.09224587
D,Alejandro,Left,0.0,0.0,0.0,-0.1366442,-0.033900633,-0.04548352,-0.27772662,-0.16878858,-0.07354066,-0.35024828,-0.31079456,-0.1118785,-0.3171904,-0.43933317,-0.14775112,-0.2751494,-0.46397865,-0.0016790234,-0.33896178,-0.6757186,-0.05404399,-0.37911564,-0.797821,-0.08611202,-0.40631643,-0.9137324,-0.10954089,-0.19372295,-0.48928925,-0.020499213,-0.26735106,-0.655137,-0.11963674,-0.26602602,-0.47804612,-0.14318243,-0.23666874,-0.3463495,-0.12993659,-0.10838169,-0.48884457,-0.049895726,-0.17433502,-0.6548243,-0.14409801,-0.1857142,-0.4785172,-0.12936041,-0.16483009,-0.34843257,-0.088368624,-0.014409304,-0.46493906,-0.084517114,-0.073873304,-0.6205443,-0.13790356,-0.1065333,-0.518713,-0.12132947,-0.10431735,-0.41152653,-0.09261878
D,Alejandro,Left,0.0,0.0,0.0,-0.14343663,-0.027614385,-0.042002372,-0.27348548,-0.16535318,-0.06867524,-0.33081225,-0.3300046,-0.10368327,-0.28013736,-0.4583475,-0.1352172,-0.27885577,-0.47714162,0.0006005244,-0.3348577,-0.68582886,-0.042912338,-0.36795518,-0.81254107,-0.07252711,-0.39096308,-0.92040634,-0.09635966,-0.1899273,-0.50630045,-0.015143171,-0.25140867,-0.6544443,-0.10055786,-0.24091606,-0.47342762,-0.11768379,-0.21565747,-0.34246758,-0.105081916,-0.100409545,-0.50668716,-0.040256783,-0.15011261,-0.6585951,-0.1216121,-0.15926608,-0.4785267,-0.098009616,-0.14008059,-0.34616846,-0.056960866,-7.447462e-05,-0.4786418,-0.07081515,-0.04595056,-0.6233232,-0.11686087,-0.07498931,-0.51431525,-0.09479263,-0.07132949,-0.4100324,-0.06490079
D,Alejandro,Left,0.0,0.0,0.0,-0.1551121,-0.04696326,-0.029039204,-0.261459,-0.17811057,-0.055874355,-0.32595927,-0.35219204,-0.09187973,-0.26467445,-0.4790246,-0.123386055,-0.2693241,-0.4697157,0.009425584,-0.3285116,-0.68439716,-0.0391072,-0.36103106,-0.8158106,-0.08107569,-0.3816129,-0.92432225,-0.11445961,-0.18280727,-0.49760187,-0.005242691,-0.23568112,-0.6503271,-0.08353217,-0.21573293,-0.46576673,-0.10334657,-0.20077091,-0.34031168,-0.09826311,-0.0972705,-0.50191325,-0.02738485,-0.1364935,-0.6607608,-0.088923946,-0.14355533,-0.48359278,-0.05663853,-0.13007502,-0.3539303,-0.017268663,-0.0006454513,-0.4729436,-0.05534996,-0.036243666,-0.6141451,-0.079840325,-0.06593452,-0.51081437,-0.048891228,-0.06544329,-0.41919017,-0.017665882
D,Alejandro,Left,0.0,0.0,0.0,-0.15999371,-0.049968343,-0.03303875,-0.26800096,-0.17272215,-0.061668646,-0.32992914,-0.34605953,-0.09832278,-0.26909563,-0.4733674,-0.12945816,-0.2880683,-0.46364364,0.01390575,-0.3463242,-0.67924535,-0.03307974,-0.37591997,-0.8126454,-0.076094374,-0.39536628,-0.91852355,-0.110687114,-0.1994235,-0.49262172,0.0003478693,-0.2444261,-0.65442336,-0.07496726,-0.2210697,-0.47281277,-0.09681589,-0.21149215,-0.34242594,-0.093878545,-0.10713898,-0.49713472,-0.02118802,-0.13851768,-0.66666436,-0.08248635,-0.14418319,-0.49807465,-0.05371029,-0.1346019,-0.3595218,-0.017409306,-0.0029905296,-0.4657385,-0.048850954,-0.03399124,-0.5914375,-0.07895617,-0.05916706,-0.49221924,-0.052097443,-0.058140043,-0.40215278,-0.022911241
D,Alejandro,Left,0.0,0.0,0.0,-0.1208244,-0.052123472,-0.061283782,-0.21928993,-0.23017108,-0.08982753,-0.20882635,-0.43311673,-0.120168954,-0.120319754,-0.5479439,-0.1469685,-0.2353948,-0.450908,-0.013223546,-0.29275775,-0.6803518,-0.061502997,-0.31040156,-0.82929885,-0.094521806,-0.32601616,-0.9453642,-0.1186004,-0.1424161,-0.48794577,-0.019082284,-0.14965107,-0.6686392,-0.113013774,-0.123116255,-0.5194671,-0.13726419,-0.12018954,-0.39343366,-0.12502581,-0.05008858,-0.4910614,-0.03541769,-0.05063389,-0.64345706,-0.121050365,-0.043232985,-0.4917904,-0.10155708,-0.04640173,-0.3770063,-0.060672313,0.044994973,-0.46001723,-0.058478605,0.030903617,-0.5852417,-0.10535717,0.023203587,-0.47771624,-0.08207575,0.018153418,-0.38272244,-0.050251324
D,Alejandro,Left,0.0,0.0,0.0,-0.12315361,-0.026396085,-0.042813748,-0.2402168,-0.16689476,-0.0678941,-0.2734227,-0.31631616,-0.10042555,-0.22492082,-0.42696014,-0.13003935,-0.23457365,-0.4338742,-0.019636378,-0.2963575,-0.67561644,-0.06700367,-0.3240778,-0.82098705,-0.09683428,-0.33982724,-0.94048786,-0.11813476,-0.15427244,-0.44539416,-0.032871116,-0.19922908,-0.5860301,-0.12280479,-0.2197776,-0.4597587,-0.14878532,-0.2103921,-0.35192394,-0.1431266,-0.078086756,-0.43958527,-0.053908475,-0.11723568,-0.5651842,-0.133436,-0.15281287,-0.4371122,-0.12501469,-0.15381005,-0.336351,-0.095671155,0.0019041838,-0.41672996,-0.08023077,-0.03199155,-0.5493733,-0.12406033,-0.072720885,-0.4777288,-0.111001596,-0.08153142,-0.39232993,-0.08804226
D,Alejandro,Left,0.0,0.0,0.0,-0.13257968,-0.024650177,-0.047287643,-0.2824348,-0.16074903,-0.07174051,-0.36510268,-0.29655898,-0.10492579,-0.33652747,-0.42062014,-0.1344837,-0.27554193,-0.45991594,0.0018529331,-0.3373631,-0.6763406,-0.042852454,-0.38049614,-0.8006595,-0.07086632,-0.40682775,-0.9135049,-0.092187956,-0.19163087,-0.48851672,-0.012529325,-0.2606784,-0.6627181,-0.10500713,-0.2819284,-0.5124054,-0.13092649,-0.2646053,-0.37929705,-0.121094406,-0.10745629,-0.48908812,-0.037363503,-0.17523089,-0.6462395,-0.12530057,-0.20798111,-0.49993688,-0.12037751,-0.20080794,-0.37864634,-0.08853562,-0.016987998,-0.46856496,-0.067137435,-0.072479546,-0.6225315,-0.1172769,-0.113666646,-0.5461966,-0.10807483,-0.11960268,-0.44814637,-0.08621072
D,Alejandro,Left,0.0,0.0,0.0,-0.14866132,-0.027886385,-0.044119485,-0.30192456,-0.16682765,-0.06743456,-0.38441056,-0.31379545,-0.10114868,-0.35515323,-0.44879892,-0.13098925,-0.2908448,-0.46076107,0.013892436,-0.35128996,-0.6743878,-0.030131683,-0.39980194,-0.7935604,-0.05703751,-0.43405727,-0.9008853,-0.07786548,-0.21121396,-0.49278724,-0.0029565245,-0.28733188,-0.6569532,-0.09653701,-0.29936382,-0.50371546,-0.1224671,-0.27406147,-0.3729592,-0.11174141,-0.12926465,-0.4960358,-0.030922038,-0.2035818,-0.6410809,-0.12138545,-0.2292647,-0.4861291,-0.1171502,-0.21465792,-0.3627554,-0.08471884,-0.03827392,-0.47842622,-0.06370804,-0.1030286,-0.61816996,-0.11651558,-0.1409301,-0.5267417,-0.108278826,-0.14054832,-0.41890976,-0.08621607
D,Alejandro,Left,0.0,0.0,0.0,-0.15240295,-0.020493742,-0.045697335,-0.3111864,-0.1391995,-0.07279238,-0.40453058,-0.27324495,-0.11050103,-0.4005556,-0.42068222,-0.14501143,-0.2949445,-0.43385515,-0.00013791896,-0.35942,-0.6631545,-0.05193389,-0.410967,-0.78385204,-0.08321408,-0.44844416,-0.89381087,-0.105979994,-0.21809381,-0.46631804,-0.01642604,-0.31403568,-0.62403,-0.11988373,-0.3324602,-0.46099302,-0.14917699,-0.30677962,-0.32790998,-0.13993673,-0.13952635,-0.47666624,-0.043737587,-0.22825934,-0.62920153,-0.14095558,-0.25932452,-0.4648498,-0.13860002,-0.24481867,-0.33346826,-0.10601639,-0.047232985,-0.47346637,-0.07570297,-0.12408688,-0.61105967,-0.13438846,-0.17196493,-0.520635,-0.1303706,-0.17952926,-0.41191903,-0.10989578
D,Alejandro,Left,0.0,0.0,0.0,-0.16187303,-0.030531168,-0.03633986,-0.3173444,-0.14868034,-0.0601313,-0.42492017,-0.26111695,-0.09724739,-0.44038266,-0.38802236,-0.13167313,-0.29005942,-0.4496862,0.023269955,-0.35513332,-0.6738123,-0.021195496,-0.4093375,-0.78947896,-0.052478876,-0.44615328,-0.8949566,-0.07572719,-0.22093193,-0.47778702,0.003600555,-0.32788935,-0.64118737,-0.09221208,-0.37555966,-0.5049874,-0.13247137,-0.36610383,-0.3748667,-0.13172783,-0.14854507,-0.48514926,-0.026034076,-0.24943405,-0.6286339,-0.11275998,-0.2992676,-0.48629287,-0.12404269,-0.2925327,-0.36110082,-0.102551535,-0.06188727,-0.47847435,-0.059801456,-0.14986363,-0.602859,-0.11052552,-0.207615,-0.51990235,-0.11249543,-0.21528044,-0.4106439,-0.09728718
D,Alejandro,Left,0.0,0.0,0.0,-0.1647344,-0.027421195,-0.036698192,-0.32513148,-0.14124893,-0.05937222,-0.4346538,-0.2511689,-0.09596775,-0.4734255,-0.39172453,-0.12868519,-0.2986382,-0.43466008,0.025164492,-0.3604767,-0.66415495,-0.022626488,-0.42024887,-0.7811742,-0.051926196,-0.46095014,-0.887426,-0.07294365,-0.23601584,-0.465382,0.004474979,-0.3635005,-0.63060164,-0.099639304,-0.39069378,-0.47126544,-0.13499817,-0.3570077,-0.33077833,-0.12708421,-0.16846268,-0.47939122,-0.027691374,-0.28550917,-0.6309569,-0.124248564,-0.3187922,-0.4741169,-0.13095768,-0.29219386,-0.3419907,-0.102144316,-0.083304465,-0.4888368,-0.0640094,-0.18199404,-0.6175487,-0.12205616,-0.24009407,-0.53370285,-0.12550525,-0.24733722,-0.42240745,-0.10937551
D,Alejandro,Left,0.0,0.0,0.0,-0.15694341,-0.020083876,-0.033393007,-0.32478684,-0.123577535,-0.05522518,-0.443121,-0.21671918,-0.091174096,-0.46843976,-0.35688967,-0.12351681,-0.28899425,-0.44091603,0.026441107,-0.3523135,-0.67560565,-0.020015629,-0.4106255,-0.7906068,-0.05058988,-0.45079103,-0.8926295,-0.073575266,-0.22760242,-0.47549757,0.005405027,-0.35760763,-0.63657874,-0.09754712,-0.39778078,-0.4752859,-0.1357676,-0.37834054,-0.3348137,-0.13155141,-0.16243033,-0.49415934,-0.026275827,-0.28482836,-0.6498139,-0.12058426,-0.32852805,-0.4940589,-0.12818666,-0.31535053,-0.3619114,-0.101534195,-0.08030339,-0.5035746,-0.061738785,-0.18399872,-0.6245194,-0.119251646,-0.24883637,-0.54104567,-0.12345254,-0.26421058,-0.43558013,-0.10833506
D,Alejandro,Left,0.0,0.0,0.0,-0.17629792,-0.028671026,-0.024168573,-0.33772212,-0.12672311,-0.040577885,-0.45511922,-0.2158472,-0.07485677,-0.49349478,-0.3533781,-0.10569564,-0.29022422,-0.43420258,0.050628096,-0.3603994,-0.6677276,0.011731554,-0.42605898,-0.7804607,-0.01367614,-0.47356558,-0.8807586,-0.033009373,-0.23771973,-0.4631971,0.024529584,-0.38180023,-0.6103484,-0.07266937,-0.42992845,-0.45867854,-0.11238564,-0.40855944,-0.3206397,-0.108894445,-0.17908083,-0.47991562,-0.012539233,-0.32011774,-0.6129019,-0.106786095,-0.36505634,-0.45171666,-0.118426055,-0.3423248,-0.31737596,-0.09197957,-0.10347511,-0.49420196,-0.052648023,-0.23249991,-0.6047376,-0.110124476,-0.30008173,-0.5132163,-0.11433246,-0.3052846,-0.4001134,-0.0973418
D,Alejandro,Left,0.0,0.0,0.0,-0.17521897,-0.018685855,-0.018953936,-0.34757355,-0.11400303,-0.032409526,-0.4741483,-0.19933562,-0.06393334,-0.52679145,-0.3342125,-0.09232678,-0.27082285,-0.42546868,0.057255227,-0.340689,-0.66405183,0.026056156,-0.4109566,-0.7843399,0.0040460676,-0.46151936,-0.88713014,-0.013350831,-0.22501929,-0.45777386,0.029726202,-0.3749134,-0.62437624,-0.05825079,-0.44092706,-0.49596295,-0.09707562,-0.43413144,-0.3602096,-0.093822084,-0.1728976,-0.4764995,-0.0077663036,-0.3289368,-0.6061159,-0.095512025,-0.38825595,-0.45139462,-0.110783845,-0.3740236,-0.31184295,-0.08685988,-0.10567616,-0.4912878,-0.047552507,-0.25025755,-0.5866313,-0.10297263,-0.32990697,-0.5020268,-0.110098906,-0.34342626,-0.3939529,-0.0951206
D,Alejandro,Left,0.0,0.0,0.0,-0.18304089,-0.017848095,-0.0051098345,-0.36023042,-0.1130633,-0.015548323,-0.49187648,-0.19726521,-0.0494861,-0.5513875,-0.33898428,-0.08150576,-0.27338597,-0.4506373,0.08654635,-0.3371502,-0.6819451,0.062211815,-0.40811208,-0.7965757,0.04491725,-0.45894337,-0.8884655,0.029978948,-0.22728556,-0.48333514,0.046906978,-0.40065962,-0.62880164,-0.037074104,-0.4641559,-0.47698995,-0.07385355,-0.4483552,-0.33166042,-0.06873365,-0.17740478,-0.49668795,-0.0033633532,-0.3517779,-0.6089059,-0.09435973,-0.4004537,-0.43844646,-0.107043035,-0.37528995,-0.29891124,-0.079842806,-0.118589856,-0.5042971,-0.054872554,-0.2798786,-0.59723926,-0.11550969,-0.357522,-0.51632965,-0.122622445,-0.36812866,-0.423312,-0.10666756
D,Alejandro,Left,0.0,0.0,0.0,-0.17882903,-0.0023205797,-0.007804197,-0.35881782,-0.09797096,-0.01605239,-0.49325302,-0.19024383,-0.04684852,-0.5600189,-0.32938287,-0.07564481,-0.2630874,-0.4393777,0.082346745,-0.31882283,-0.6812811,0.05633207,-0.3913344,-0.8041832,0.03800294,-0.44266918,-0.896685,0.022864956,-0.21839516,-0.47386605,0.04513739,-0.3945762,-0.6233409,-0.041837934,-0.46402612,-0.47354415,-0.080140084,-0.44979188,-0.3224773,-0.07506974,-0.17020644,-0.4914993,-0.0030262473,-0.3469775,-0.61946195,-0.09592395,-0.41254917,-0.45871174,-0.11388094,-0.3990489,-0.3147548,-0.09000331,-0.11257209,-0.50572664,-0.052505687,-0.27438042,-0.6026836,-0.11789201,-0.36414862,-0.5260501,-0.13098308,-0.38687953,-0.4279186,-0.11856888
D,Alejandro,Left,0.0,0.0,0.0,-0.18313405,-0.010661393,0.0010423784,-0.349638,-0.09793271,-0.002791105,-0.4813002,-0.1682887,-0.032885198,-0.5571618,-0.2925041,-0.06343977,-0.26899382,-0.43349132,0.093045995,-0.3177623,-0.6782404,0.062499523,-0.38739496,-0.7999939,0.040783845,-0.44035068,-0.89782584,0.023834774,-0.22699332,-0.46801493,0.04957604,-0.3998295,-0.61135805,-0.04918037,-0.47579443,-0.43698445,-0.09971638,-0.4681538,-0.27536523,-0.100630246,-0.18122761,-0.4882708,-0.0042964527,-0.35154524,-0.6097851,-0.112016015,-0.4279939,-0.4225445,-0.1428196,-0.42518523,-0.26404965,-0.12312852,-0.12629032,-0.50585496,-0.057437733,-0.28092337,-0.6137329,-0.12945908,-0.37460732,-0.5251602,-0.14581527,-0.40460354,-0.41533688,-0.13403921
D,Alejandro,Left,0.0,0.0,0.0,-0.1832714,0.0020845039,-0.018744718,-0.3576885,-0.063157834,-0.03964481,-0.49069196,-0.1234246,-0.07990387,-0.55899173,-0.24696699,-0.11667998,-0.2936092,-0.4250393,0.05304956,-0.35052654,-0.67273945,0.014935565,-0.42570478,-0.7893648,-0.007526745,-0.4859224,-0.874002,-0.023967005,-0.24086618,-0.46126527,0.020157315,-0.4281357,-0.549459,-0.075810164,-0.47095922,-0.3692874,-0.111192666,-0.44291452,-0.2274642,-0.10498582,-0.19247721,-0.4746372,-0.023995424,-0.37578776,-0.53740984,-0.12635402,-0.41706783,-0.35756555,-0.13656071,-0.3877656,-0.22052842,-0.10652128,-0.14403352,-0.4770791,-0.070057414,-0.31218493,-0.533614,-0.13815923,-0.38145897,-0.45040333,-0.14500448,-0.3849947,-0.36674783,-0.12701263
D,Alejandro,Left,0.0,0.0,0.0,-0.19241977,-0.012869694,-0.011078844,-0.35759255,-0.07626701,-0.0324918,-0.48750728,-0.14111695,-0.0751647,-0.5537787,-0.2651656,-0.11468094,-0.28705066,-0.4246699,0.056177393,-0.35086295,-0.6687378,0.017102152,-0.4252618,-0.7886931,-0.008669588,-0.4850205,-0.8745028,-0.027756447,-0.23988022,-0.45712128,0.020015992,-0.4285858,-0.5445303,-0.073129,-0.4812167,-0.38053143,-0.11103304,-0.4621105,-0.24678615,-0.10974793,-0.19603717,-0.47077316,-0.026542543,-0.37734556,-0.5397026,-0.12319515,-0.42272165,-0.37713853,-0.13473558,-0.39728943,-0.24643993,-0.109596096,-0.15028638,-0.47627,-0.07474698,-0.31256577,-0.52704704,-0.14046478,-0.3739854,-0.4401927,-0.14786205,-0.37024307,-0.349424,-0.1319647
D,Alejandro,Left,0.0,0.0,0.0,-0.16294008,-0.0034903323,-0.013232331,-0.32989958,-0.083450794,-0.028647345,-0.4605895,-0.15553074,-0.06310593,-0.5270435,-0.27767953,-0.09386921,-0.270792,-0.42487997,0.059130453,-0.32996896,-0.6656044,0.026387474,-0.39740196,-0.79305714,0.005023502,-0.45041117,-0.89282125,-0.012553845,-0.23117477,-0.45952323,0.0266567,-0.40277168,-0.56308985,-0.056979105,-0.4505603,-0.4038653,-0.08803658,-0.43036506,-0.26446763,-0.08106078,-0.18483937,-0.46918967,-0.01592032,-0.35939467,-0.5461176,-0.10208325,-0.41416967,-0.39139006,-0.10838861,-0.400429,-0.26847798,-0.08057909,-0.12848528,-0.46614233,-0.060688045,-0.2851176,-0.53125006,-0.11717062,-0.35304406,-0.43724757,-0.118887454,-0.35583374,-0.3390733,-0.100188695
D,Alejandro,Left,0.0,0.0,0.0,-0.15048605,-0.031642023,-0.017494112,-0.29779032,-0.14454898,-0.034312814,-0.40699762,-0.21776594,-0.06722459,-0.46897894,-0.31039336,-0.09958281,-0.22988385,-0.46786234,0.017987015,-0.2843895,-0.6950584,-0.030400934,-0.33317742,-0.82305,-0.06194868,-0.37376162,-0.9275248,-0.084647246,-0.17420503,-0.49492547,-0.011780982,-0.33714604,-0.5664357,-0.105879605,-0.38884744,-0.4090847,-0.1431271,-0.38473338,-0.27990738,-0.14314659,-0.11741646,-0.48755938,-0.049091477,-0.27695972,-0.5222092,-0.14470649,-0.32977358,-0.36942622,-0.15379211,-0.32874644,-0.25582525,-0.12874182,-0.05950256,-0.45757776,-0.087836646,-0.19391291,-0.51435673,-0.15261447,-0.26940918,-0.4253528,-0.15536848,-0.29594442,-0.3313777,-0.13678125
D,Alejandro,Left,0.0,0.0,0.0,-0.15919806,-0.024094313,-0.021559596,-0.31004846,-0.13401057,-0.04362593,-0.41252273,-0.21488059,-0.08171249,-0.44571427,-0.31508973,-0.11920437,-0.27068424,-0.47041088,0.015697379,-0.30951223,-0.70110375,-0.029011067,-0.35669655,-0.81840384,-0.056874894,-0.3954198,-0.9185005,-0.07804268,-0.20661046,-0.48371616,-0.012311861,-0.34325597,-0.5714681,-0.103188545,-0.37756142,-0.40361503,-0.13196221,-0.35602024,-0.2802281,-0.12731521,-0.14224108,-0.47165304,-0.048524655,-0.27423447,-0.5622606,-0.14184242,-0.30982324,-0.39691252,-0.13818179,-0.29155096,-0.27360493,-0.10597002,-0.07146895,-0.4429177,-0.08678558,-0.19115232,-0.5377058,-0.1495431,-0.2448985,-0.430075,-0.14229529,-0.2452656,-0.3156756,-0.117089756
D,Alejandro,Left,0.0,0.0,0.0,-0.15922846,-0.02958361,-0.023752732,-0.30020547,-0.13642842,-0.047276545,-0.39548704,-0.22152771,-0.08722728,-0.4359506,-0.3342742,-0.12632973,-0.26643044,-0.46413368,0.015407003,-0.30505425,-0.6997219,-0.036501728,-0.35096103,-0.81771314,-0.06888534,-0.38606513,-0.9224715,-0.09183234,-0.19985214,-0.47965878,-0.013874463,-0.3258482,-0.59598196,-0.113479614,-0.3589408,-0.4161897,-0.14211823,-0.33472368,-0.28188816,-0.13429761,-0.13405219,-0.47312504,-0.052907873,-0.25381944,-0.5829522,-0.1514518,-0.29088992,-0.4066458,-0.14516896,-0.27349365,-0.2759284,-0.109212,-0.058057535,-0.4511676,-0.09464689,-0.16192634,-0.5577802,-0.15691707,-0.21289492,-0.45086578,-0.14671014,-0.21469119,-0.33825505,-0.119453564
D,Alejandro,Right,0.0,0.0,0.0,0.15010498,-0.046943676,-0.03466388,0.2621459,-0.22903846,-0.044193942,0.29774722,-0.40032205,-0.057139024,0.22896683,-0.5081539,-0.071790084,0.25291917,-0.469771,-0.00988545,0.32650664,-0.67016405,-0.044331454,0.37966198,-0.79723823,-0.06838996,0.4120839,-0.9111459,-0.08890162,0.16277908,-0.5019255,-0.023827352,0.20025134,-0.69155234,-0.0952302,0.19729327,-0.527318,-0.11620897,0.17473072,-0.40445465,-0.11044528,0.06621174,-0.49506804,-0.041353725,0.09482484,-0.6591829,-0.116987295,0.109029785,-0.4924933,-0.096352264,0.09479074,-0.38283923,-0.06158875,-0.042055678,-0.46365413,-0.061830066,-0.0054590614,-0.5844251,-0.11770639,0.028940022,-0.4671098,-0.09658214,0.031503282,-0.3748565,-0.06744669
D,Alejandro,Right,0.0,0.0,0.0,0.15217423,-0.044922795,-0.027438883,0.28293255,-0.21679772,-0.03468466,0.32335258,-0.3710037,-0.04703033,0.29484794,-0.47942534,-0.060293257,0.26086476,-0.475526,-0.010111194,0.3351017,-0.6731001,-0.04869464,0.3930876,-0.79420215,-0.07432196,0.4321276,-0.9018125,-0.09351228,0.16577838,-0.49991181,-0.026317284,0.21802367,-0.68985265,-0.09923521,0.21789953,-0.50702417,-0.11528911,0.19415516,-0.3741045,-0.105072096,0.0673541,-0.49215737,-0.0462719,0.11777402,-0.6603475,-0.12336544,0.13289447,-0.4823986,-0.09809605,0.11341505,-0.36452594,-0.058403745,-0.041816607,-0.4612053,-0.068367235,0.019031314,-0.5957314,-0.121713914,0.050804228,-0.47333673,-0.094984286,0.041594014,-0.37372762,-0.061410744
D,Alejandro,Right,0.0,0.0,0.0,0.14343838,-0.046259835,-0.044231478,0.2834884,-0.2137437,-0.06031716,0.3465774,-0.37972274,-0.080563545,0.34194243,-0.5272867,-0.0997914,0.2519818,-0.47110742,-0.013666352,0.3356747,-0.6597428,-0.055295836,0.40613878,-0.78457725,-0.08174395,0.45280042,-0.8916119,-0.10011498,0.169861,-0.50052977,-0.025494935,0.2375121,-0.70835024,-0.10610177,0.26254442,-0.54644835,-0.1302326,0.2455282,-0.40253347,-0.12237122,0.08013504,-0.49449462,-0.04311557,0.1509053,-0.67455417,-0.12730852,0.1826964,-0.50995994,-0.11336257,0.1661101,-0.37549487,-0.077548996,-0.022608738,-0.4645669,-0.06462827,0.04992563,-0.60147417,-0.12857172,0.106184855,-0.49344075,-0.11723851,0.11335596,-0.3800117,-0.091142006
D,Alejandro,Right,0.0,0.0,0.0,0.1521146,-0.048422884,-0.043958265,0.30008236,-0.21531445,-0.06591286,0.37815815,-0.37864438,-0.094629504,0.35110697,-0.5127265,-0.12259782,0.23953682,-0.4804249,-0.003975347,0.3155269,-0.6674665,-0.0513181,0.39596975,-0.7917687,-0.08320426,0.45078135,-0.8926344,-0.1043089,0.16393384,-0.50744545,-0.019413972,0.24814574,-0.7084837,-0.10578858,0.2844995,-0.54313076,-0.13449019,0.26859522,-0.409622,-0.12783064,0.082965314,-0.50142175,-0.04186115,0.16833404,-0.6766461,-0.13395882,0.21068926,-0.50728416,-0.12338152,0.19297782,-0.37840727,-0.08701365,-0.014104181,-0.4723526,-0.06808674,0.07581869,-0.6040647,-0.13607362,0.13593113,-0.48471653,-0.124963865,0.13853116,-0.3691591,-0.097785786
D,Alejandro,Right,0.0,0.0,0.0,0.16477336,-0.05347298,-0.03164623,0.31293538,-0.20556344,-0.05390507,0.40891504,-0.33775556,-0.08840165,0.4249934,-0.47935364,-0.12296858,0.2375944,-0.48860896,0.016039751,0.31131855,-0.6725911,-0.02902004,0.40108824,-0.79274714,-0.06633816,0.4600096,-0.88791394,-0.09246848,0.1682885,-0.51764554,-0.006551794,0.2682993,-0.69784546,-0.09248993,0.34922516,-0.5543188,-0.13712281,0.3518152,-0.41558677,-0.14545365,0.09299719,-0.5201338,-0.036426242,0.20277785,-0.6788999,-0.12402006,0.28803998,-0.5290646,-0.13175726,0.2905533,-0.39531332,-0.11186937,0.006939399,-0.4937398,-0.06916087,0.12339737,-0.6165473,-0.13677634,0.20557265,-0.5082485,-0.1380961,0.21717645,-0.38806036,-0.122058816
D,Alejandro,Right,0.0,0.0,0.0,0.17534116,-0.05186452,-0.025025114,0.3267895,-0.19437625,-0.044255942,0.43717536,-0.33181432,-0.080182076,0.45889944,-0.49140236,-0.11538124,0.23468755,-0.4730043,0.040121306,0.31680584,-0.6657595,-0.004235801,0.41697484,-0.78589493,-0.037723083,0.47990164,-0.8773223,-0.05995132,0.17536563,-0.50572014,0.010570104,0.2998568,-0.7043761,-0.07954147,0.3689796,-0.541527,-0.121592365,0.35456285,-0.3954408,-0.12344767,0.11128561,-0.51485586,-0.028176231,0.23659964,-0.6861026,-0.12575974,0.30791616,-0.5130182,-0.13178232,0.29267135,-0.3679647,-0.10430738,0.0327757,-0.49858803,-0.06940632,0.16661562,-0.6290297,-0.14280094,0.24738717,-0.5139848,-0.1437494,0.24865691,-0.38745046,-0.12444891
D,Alejandro,Right,0.0,0.0,0.0,0.16792886,-0.045321144,-0.031328373,0.3191449,-0.20226258,-0.04516831,0.4231212,-0.35103187,-0.070211925,0.44803002,-0.50463593,-0.094583236,0.25646356,-0.45877036,0.022697339,0.3293471,-0.65882695,-0.01569013,0.41505718,-0.78227866,-0.045921475,0.47493067,-0.88002324,-0.06771157,0.19375704,-0.49282977,0.0014513305,0.28496873,-0.70212984,-0.0811103,0.366844,-0.5690118,-0.1243726,0.3785491,-0.42777434,-0.1313825,0.12554923,-0.50161314,-0.027466172,0.2202467,-0.68834555,-0.11520071,0.30316114,-0.5363912,-0.1298818,0.31054428,-0.38868943,-0.11363665,0.045611575,-0.49059042,-0.059124064,0.1427829,-0.626899,-0.12850432,0.2144222,-0.51682884,-0.1384265,0.22392519,-0.38462287,-0.12857898
D,Alejandro,Right,0.0,0.0,0.0,0.15220197,-0.05465452,-0.043457184,0.29224655,-0.21237892,-0.066339806,0.37834322,-0.37473944,-0.09875412,0.37455106,-0.5326224,-0.12967417,0.2216891,-0.47475666,0.0030270682,0.30309907,-0.676295,-0.04461881,0.3888177,-0.8004193,-0.073035225,0.4414489,-0.8972864,-0.08994272,0.15088224,-0.5036915,-0.013556552,0.24009727,-0.7024081,-0.10206427,0.28531638,-0.537058,-0.12922804,0.26733568,-0.38996968,-0.120824076,0.076767065,-0.50716835,-0.039612554,0.170147,-0.68774813,-0.1336477,0.22013092,-0.5164112,-0.12604187,0.20208102,-0.3692051,-0.09029432,-0.009432681,-0.49226755,-0.069767304,0.09572214,-0.63414335,-0.13917175,0.15701844,-0.5240356,-0.13306414,0.15121713,-0.3991494,-0.108781494
D,Alejandro,Right,0.0,0.0,0.0,0.13923135,-0.0456103,-0.043383036,0.2813386,-0.21531309,-0.06269286,0.37685916,-0.37479272,-0.0902418,0.3776838,-0.5235296,-0.1164738,0.21761398,-0.4618569,0.0040547233,0.29968473,-0.6600708,-0.04151329,0.3796477,-0.7924448,-0.07173273,0.43516815,-0.9003492,-0.09209154,0.15065204,-0.49216786,-0.011752044,0.24034081,-0.70099866,-0.09637599,0.27436635,-0.5501434,-0.12434001,0.2598237,-0.42853144,-0.11842624,0.077030115,-0.49776354,-0.035995055,0.17259766,-0.68953854,-0.1257257,0.20736957,-0.5253612,-0.11259021,0.18231015,-0.3976276,-0.0756325,-0.010933875,-0.48451483,-0.06478764,0.09355972,-0.62741053,-0.13166809,0.13661017,-0.5140261,-0.11940366,0.118305035,-0.39764535,-0.092366
D,Alejandro,Right,0.0,0.0,0.0,0.120726116,-0.07266,-0.03812521,0.24027708,-0.24044561,-0.062245924,0.2935245,-0.40310222,-0.0921431,0.2319421,-0.5173272,-0.124247916,0.19974044,-0.50197065,-0.022983594,0.2588968,-0.7055807,-0.06992184,0.3122072,-0.8256445,-0.09795826,0.3510765,-0.93634677,-0.11698462,0.11595392,-0.5157118,-0.039097525,0.17141262,-0.6915533,-0.12193965,0.19087784,-0.4961423,-0.14025205,0.17587258,-0.35998073,-0.12833895,0.026539978,-0.49364418,-0.05976468,0.074842446,-0.654362,-0.14858818,0.11121681,-0.4657159,-0.12639044,0.10154724,-0.3362573,-0.084036216,-0.074309215,-0.4441759,-0.08270906,-0.018434424,-0.59180886,-0.14699961,0.03159571,-0.46447954,-0.123189725,0.03211609,-0.350898,-0.087584205
D,Alejandro,Right,0.0,0.0,0.0,0.1260163,-0.06345424,-0.034615472,0.23591055,-0.2404354,-0.051945254,0.27129373,-0.38998687,-0.07566674,0.2058165,-0.4609668,-0.099324614,0.18884568,-0.51900524,-0.007961857,0.24344169,-0.71921736,-0.05638282,0.2909643,-0.84152746,-0.0869411,0.3266067,-0.9451603,-0.10786736,0.097867034,-0.52424854,-0.02734563,0.15279016,-0.6776168,-0.12136504,0.16246243,-0.49325055,-0.14633036,0.14649731,-0.36509058,-0.13462661,0.009548932,-0.49279222,-0.05234406,0.05434101,-0.59795797,-0.14325336,0.07957079,-0.43135566,-0.12528355,0.07329591,-0.33215168,-0.08466329,-0.08209287,-0.4322468,-0.08050226,-0.030087736,-0.50495225,-0.13696407,0.01368397,-0.39836758,-0.115069374,0.02405476,-0.32790297,-0.08205092
D,Alejandro,Right,0.0,0.0,0.0,0.11242952,-0.11387207,-0.015604476,0.19783682,-0.25119027,-0.031847082,0.22988905,-0.38583943,-0.054899946,0.14465442,-0.45161098,-0.07615372,0.15666206,-0.52452964,-0.0024266315,0.20260291,-0.7392029,-0.052694164,0.2381213,-0.8558297,-0.09854961,0.26067856,-0.96542567,-0.13366348,0.061828747,-0.5137678,-0.024056746,0.11036945,-0.6462839,-0.11445096,0.12846175,-0.4238492,-0.1475236,0.12323194,-0.29403567,-0.15240851,-0.03161731,-0.4681745,-0.04738101,-0.005375453,-0.60318863,-0.121274725,0.030708639,-0.41577166,-0.09214412,0.044142116,-0.28095636,-0.054925498,-0.112292424,-0.38513947,-0.07277699,-0.093664445,-0.4816097,-0.108112395,-0.048044134,-0.37512437,-0.07031518,-0.027498016,-0.29626024,-0.033607177
D,Alejandro,Right,0.0,0.0,0.0,0.11124039,-0.09166353,-0.044765826,0.2267714,-0.23840302,-0.08714314,0.25279894,-0.37313056,-0.13627666,0.16645652,-0.429731,-0.18759911,0.12471219,-0.5439594,-0.037821982,0.18250436,-0.7436846,-0.09660173,0.23241444,-0.86318064,-0.13530357,0.26601842,-0.9639679,-0.16148698,0.02523007,-0.5215931,-0.057237096,0.08112365,-0.6331157,-0.14611655,0.11387009,-0.4422735,-0.16850647,0.10313658,-0.34696102,-0.16347817,-0.06657653,-0.46619046,-0.08214611,-0.015029371,-0.56460613,-0.17030053,0.029005788,-0.3982443,-0.14381321,0.019728549,-0.31428355,-0.10423439,-0.16556914,-0.37740034,-0.11102507,-0.10888493,-0.48121762,-0.16779907,-0.050574765,-0.3727732,-0.13601767,-0.043956786,-0.29737133,-0.09827091
D,Alejandro,Right,0.0,0.0,0.0,0.11807897,-0.07695121,-0.056271,0.22906356,-0.20904851,-0.10806572,0.28600624,-0.31187803,-0.16270831,0.28661335,-0.39155036,-0.21590601,0.14273137,-0.55536604,-0.068620406,0.19982687,-0.7359442,-0.14065894,0.26331058,-0.85218143,-0.19381638,0.3184035,-0.94795525,-0.229831,0.050169487,-0.5592926,-0.0840217,0.16951397,-0.62366134,-0.17651087,0.23448634,-0.4762961,-0.21064146,0.2389593,-0.3771402,-0.21885373,-0.035597377,-0.50864834,-0.10557472,0.08094114,-0.55353165,-0.18551406,0.14876543,-0.42697898,-0.17387208,0.15554255,-0.3500295,-0.15128364,-0.11474265,-0.41166496,-0.13337834,-0.018224187,-0.46404374,-0.18416715,0.055822972,-0.38853335,-0.16668463,0.08072011,-0.3298698,-0.14314866
D,Alejandro,Right,0.0,0.0,0.0,0.15677191,-0.07860892,-0.02923542,0.30452207,-0.19153714,-0.08036362,0.39508954,-0.28456864,-0.1423677,0.37371764,-0.37399504,-0.2049682,0.17608903,-0.5760589,-0.04082719,0.2620361,-0.7298277,-0.10421295,0.33508736,-0.83641165,-0.15109023,0.3917251,-0.92008233,-0.18321367,0.08437857,-0.5751242,-0.073504396,0.26230285,-0.61767775,-0.1577312,0.32465664,-0.4518219,-0.1862025,0.3146531,-0.34391043,-0.19054045,0.009567651,-0.5166718,-0.1104532,0.18814743,-0.5409618,-0.18726376,0.24792327,-0.3855548,-0.17202997,0.23511244,-0.29259244,-0.14587893,-0.04892106,-0.40993047,-0.15137574,0.107038796,-0.4493241,-0.19803298,0.17646234,-0.34757933,-0.17639478,0.18173969,-0.26405427,-0.14980704
D,Alejandro,Right,0.0,0.0,0.0,0.1574458,-0.09604976,0.007872877,0.28696987,-0.20679896,-0.033317145,0.39201838,-0.27576524,-0.0921435,0.45564485,-0.33849743,-0.15295461,0.18104044,-0.55979884,-0.030259585,0.29955652,-0.7198321,-0.08686098,0.39193574,-0.81411594,-0.12571007,0.45454666,-0.89072293,-0.15312468,0.1084939,-0.5515729,-0.079740085,0.3246628,-0.5864781,-0.14984843,0.39601934,-0.42019802,-0.16428362,0.38563603,-0.31866568,-0.16447507,0.06011665,-0.48342457,-0.12949863,0.26919016,-0.51723355,-0.19663312,0.33493474,-0.36230305,-0.16862698,0.3233988,-0.26443568,-0.13750494,0.0324138,-0.37364748,-0.17997146,0.20909455,-0.4235477,-0.2205621,0.28015122,-0.31829482,-0.18844283,0.2837897,-0.22920984,-0.1559917
D,Alejandro,Right,0.0,0.0,0.0,0.17689475,-0.075238116,0.016184298,0.31318203,-0.16964713,-0.025568819,0.43032268,-0.22536248,-0.08726533,0.49770316,-0.324715,-0.15133552,0.19118872,-0.54819596,-0.029439298,0.31405947,-0.70178175,-0.0921367,0.41965717,-0.796157,-0.13541399,0.49266016,-0.8702218,-0.16397151,0.12223375,-0.54604125,-0.0831922,0.36422947,-0.5689507,-0.15602762,0.4371665,-0.38348883,-0.16830583,0.41970298,-0.27204672,-0.16592847,0.083165206,-0.47790518,-0.13702649,0.31419286,-0.5022573,-0.20819074,0.38648197,-0.32826084,-0.17649405,0.36707082,-0.21666229,-0.14117517,0.06363474,-0.3659046,-0.19067761,0.25535998,-0.40507966,-0.23409428,0.3258739,-0.2898812,-0.2000483,0.31806,-0.19348182,-0.16506292
D,Alejandro,Right,0.0,0.0,0.0,0.16691424,-0.08346438,0.0047506853,0.2927829,-0.19890179,-0.043131214,0.39936918,-0.27310935,-0.11030466,0.44038004,-0.39114082,-0.1769711,0.14135371,-0.5732921,-0.017792307,0.23291382,-0.73804814,-0.086462855,0.3341326,-0.8466263,-0.12919252,0.40486965,-0.9143744,-0.15396231,0.07260446,-0.5672775,-0.068401396,0.31160122,-0.626013,-0.15310797,0.36728486,-0.4268832,-0.16041699,0.331231,-0.32552013,-0.14556547,0.036774594,-0.50973386,-0.122796886,0.2653074,-0.5447586,-0.20605695,0.31220818,-0.36032394,-0.16615184,0.26793092,-0.26862428,-0.11820018,0.024503052,-0.40591672,-0.17803061,0.2174286,-0.44582886,-0.22576927,0.25987113,-0.32206362,-0.18519364,0.22173758,-0.24426061,-0.1417525
D,Alejandro,Right,0.0,0.0,0.0,0.1500404,-0.07143883,-0.024402738,0.28328088,-0.23038097,-0.04628261,0.379898,-0.37503383,-0.08392789,0.38710237,-0.53975075,-0.119523555,0.16276532,-0.5147681,0.046876896,0.21013433,-0.7222767,0.00604337,0.28761244,-0.84683543,-0.022282407,0.3387159,-0.9408887,-0.039354052,0.11376273,-0.53720963,0.018334467,0.22821659,-0.724269,-0.06841383,0.30042282,-0.5528911,-0.10200641,0.2895211,-0.41765523,-0.09517426,0.058845323,-0.53942615,-0.019897211,0.1737712,-0.7087808,-0.11359447,0.2507911,-0.5316438,-0.11152298,0.23957567,-0.39386523,-0.07646641,-0.006695927,-0.51543117,-0.06042878,0.101972684,-0.6643627,-0.1303551,0.18182223,-0.5474159,-0.12241273,0.1854543,-0.42128277,-0.09388531
D,Alejandro,Right,0.0,0.0,0.0,0.15970747,-0.09463002,-0.024383334,0.2793391,-0.26374552,-0.042213414,0.36867088,-0.42677158,-0.07744048,0.3660036,-0.5917586,-0.11148989,0.16955692,-0.50919074,0.062451687,0.20753965,-0.7185035,0.028073393,0.27890953,-0.84818363,0.00396823,0.32223707,-0.946659,-0.011756884,0.11676837,-0.53123397,0.034019902,0.19205256,-0.75436133,-0.048574094,0.27449125,-0.6021944,-0.0842741,0.28179362,-0.46535704,-0.07908634,0.058964465,-0.5360273,-0.0050899526,0.14366235,-0.7337469,-0.09534721,0.22802773,-0.5726888,-0.100030266,0.22599234,-0.43078616,-0.0699928,-0.012370052,-0.5195507,-0.047234233,0.075981446,-0.6855204,-0.11530933,0.15734234,-0.5852478,-0.11607871,0.16773169,-0.46252897,-0.09553756
D,Alejandro,Right,0.0,0.0,0.0,0.15677962,-0.11177564,-0.018190578,0.27610087,-0.28229144,-0.03550491,0.35706377,-0.43612513,-0.071888424,0.35303864,-0.59078604,-0.106967814,0.13476712,-0.5169213,0.056734957,0.17143854,-0.7284524,0.012607147,0.24283952,-0.8570524,-0.017173108,0.29162687,-0.9565322,-0.035041314,0.087419674,-0.5347874,0.022759724,0.18605825,-0.7413763,-0.07357827,0.2619285,-0.5834621,-0.11274403,0.2596799,-0.44121364,-0.106969364,0.034663957,-0.5356494,-0.021560164,0.144567,-0.70813996,-0.12622488,0.22031316,-0.5358887,-0.1309719,0.21304539,-0.39269105,-0.09618119,-0.029811928,-0.5130765,-0.06764713,0.07421462,-0.66659635,-0.14253429,0.15941584,-0.56261677,-0.14014518,0.17410338,-0.43995166,-0.11429077
E,Alejandro,Right,0.0,0.0,0.0,0.26256058,-0.06897073,-0.06134042,0.47128013,-0.31750765,-0.05811793,0.551235,-0.55089086,-0.062750556,0.46495605,-0.68387496,-0.06208554,0.3208992,-0.7485659,0.067646556,0.35397214,-1.0458297,0.0021017906,0.38637215,-1.0596212,-0.0765005,0.3852385,-0.92281705,-0.11368111,0.18972105,-0.7871048,0.06680577,0.2065864,-1.1207446,0.005736181,0.24433014,-1.1143194,-0.079755805,0.25051728,-0.94663715,-0.12422623,0.060766995,-0.78355634,0.047742646,0.06821005,-1.0976726,-0.009916434,0.10797147,-1.1301824,-0.0826156,0.11752164,-0.978334,-0.116479956,-0.07871494,-0.7491869,0.021192528,-0.062508404,-1.0023592,-0.024949161,-0.025890458,-1.0641414,-0.0655444,0.0027721154,-0.9885505,-0.08378705
E,Alejandro,Right,0.0,0.0,0.0,0.26174247,-0.07214016,-0.050607912,0.46036187,-0.33429265,-0.03943214,0.5420253,-0.56619465,-0.03886575,0.4552709,-0.68716854,-0.033144806,0.30825704,-0.748365,0.0891956,0.33367732,-1.0426207,0.028380234,0.3696091,-1.0624809,-0.047603533,0.37145054,-0.92845273,-0.08191539,0.18038538,-0.78652304,0.085830614,0.1887468,-1.1139055,0.029727938,0.23118284,-1.1119555,-0.052581817,0.24029574,-0.9448102,-0.09299626,0.055331,-0.7853334,0.06405366,0.056591135,-1.0902325,0.011084691,0.1006025,-1.123296,-0.058429338,0.11256776,-0.9717702,-0.088494204,-0.07887424,-0.7546924,0.035157874,-0.06826939,-1.002568,-0.006294306,-0.03231961,-1.0620176,-0.043574058,-0.0034309078,-0.98405343,-0.058208916
E,Alejandro,Right,0.0,0.0,0.0,0.30233082,-0.10790796,-0.03585072,0.5229733,-0.43323675,-0.035809923,0.60864764,-0.71039575,-0.04983277,0.5306198,-0.84760994,-0.055527743,0.3517662,-0.8676266,0.009216446,0.41721636,-1.2578619,-0.07322295,0.4581294,-1.0648662,-0.13679115,0.4133922,-0.8630222,-0.16440193,0.2117016,-0.89717364,-0.019128723,0.27131987,-1.3331319,-0.10015064,0.31796956,-1.0740234,-0.15322329,0.27581933,-0.8460351,-0.17193022,0.06458713,-0.89585936,-0.059577968,0.10756563,-1.313375,-0.12386119,0.17344351,-1.0957128,-0.13654417,0.1479324,-0.87458503,-0.12962285,-0.09579118,-0.8651781,-0.10624559,-0.04939053,-1.2057003,-0.14978416,0.025766704,-1.0941207,-0.14307052,0.025641331,-0.92613447,-0.13007799
E,Alejandro,Right,0.0,0.0,0.0,0.30468446,-0.11519795,-0.032653634,0.5151798,-0.42829478,-0.029543266,0.59303355,-0.70039594,-0.040778797,0.5258672,-0.8505667,-0.043113835,0.33891866,-0.85936135,0.01824728,0.40119296,-1.2473779,-0.060498,0.44015348,-1.0685166,-0.12304883,0.39878795,-0.8753641,-0.15065506,0.20167,-0.89167696,-0.008558647,0.25653458,-1.3368458,-0.089243434,0.30720887,-1.1043131,-0.14649321,0.2768965,-0.87907773,-0.16820647,0.05908462,-0.89291877,-0.047160517,0.09156527,-1.3127394,-0.10738642,0.1635606,-1.1278799,-0.12650815,0.15164033,-0.91334397,-0.12470676,-0.097830586,-0.8631345,-0.09187875,-0.06395125,-1.2007841,-0.1300843,0.02099558,-1.1226863,-0.12890203,0.04199909,-0.9689665,-0.120830104
E,Alejandro,Right,0.0,0.0,0.0,0.27245954,-0.10018907,-0.017099552,0.4541256,-0.37351546,0.0001700869,0.53110087,-0.6095861,0.0020166747,0.5117868,-0.7576804,0.008793832,0.31300524,-0.7729637,0.07486991,0.35822687,-1.1006368,0.018196385,0.4119551,-1.0496128,-0.042711254,0.4107412,-0.911752,-0.07179044,0.19194044,-0.81124604,0.053494867,0.2314076,-1.1827017,-0.004092591,0.3025506,-1.081524,-0.06318882,0.30856633,-0.90883785,-0.09039229,0.067224495,-0.8177126,0.019028794,0.10038059,-1.1776999,-0.03161132,0.18338113,-1.0773159,-0.061318286,0.19980276,-0.9047731,-0.068122685,-0.0716102,-0.79351306,-0.020307701,-0.027396578,-1.0699798,-0.06042946,0.048974913,-1.0246187,-0.070349015,0.08045694,-0.90106374,-0.06804074
E,Alejandro,Right,0.0,0.0,0.0,0.26114443,-0.08697375,-0.03167613,0.44074252,-0.33910382,-0.016813463,0.50572366,-0.5609402,-0.013405545,0.4930467,-0.71832067,-0.0062099756,0.2971725,-0.7071541,0.07059078,0.33667818,-1.0065358,0.022850832,0.39570838,-1.0051185,-0.033175595,0.40994263,-0.91211134,-0.060327347,0.18744229,-0.74293005,0.05981794,0.22992827,-1.0831482,0.010287387,0.2995565,-1.0405154,-0.051628783,0.31318575,-0.893183,-0.08204997,0.072565205,-0.7549864,0.03564115,0.10960937,-1.0851076,-0.012116327,0.18602778,-1.0433056,-0.053559758,0.20394161,-0.8912603,-0.068227224,-0.05851396,-0.74325836,0.006293506,-0.019145494,-1.0010127,-0.036131293,0.05246516,-0.98768115,-0.05540036,0.08532386,-0.8756838,-0.0583895
E,Alejandro,Right,0.0,0.0,0.0,0.23611489,-0.08139797,-0.0320023,0.3982515,-0.32597923,-0.02521177,0.43596494,-0.5470694,-0.02735214,0.42328304,-0.694357,-0.025928348,0.28246054,-0.67953146,0.058525052,0.32306674,-0.9315215,0.01582218,0.39015073,-0.9444733,-0.032454234,0.43751553,-0.889216,-0.06045311,0.17921299,-0.72934586,0.04722287,0.21938877,-1.0134213,0.00030370613,0.30332386,-1.0069151,-0.04932444,0.36628887,-0.93050116,-0.074823946,0.071821176,-0.74735904,0.022483656,0.107255325,-1.0430689,-0.028632967,0.215597,-1.0356095,-0.063358694,0.30126008,-0.9509744,-0.07610988,-0.045229442,-0.7336817,-0.007501295,-0.011039824,-0.9604917,-0.05404485,0.08751998,-0.9706755,-0.07271756,0.17850472,-0.8996004,-0.07656594
E,Alejandro,Right,0.0,0.0,0.0,0.21824463,-0.13365178,0.035597563,0.31187308,-0.42656624,0.064164095,0.33993223,-0.6229626,0.0645963,0.34571466,-0.7431314,0.068761766,0.19176543,-0.7671814,0.11441794,0.21966909,-1.0746429,0.060341362,0.32279977,-1.0432281,0.0069820145,0.3585966,-0.9119361,-0.014422986,0.0972781,-0.80831254,0.064917274,0.11652743,-1.1679152,0.014939125,0.2497763,-1.1098907,-0.03384353,0.2983515,-0.9544561,-0.052874316,-0.0051511712,-0.8134892,0.0049426537,0.0045406446,-1.1732179,-0.03931899,0.14877254,-1.1139307,-0.06561869,0.21315204,-0.9682545,-0.06974058,-0.1114374,-0.77721727,-0.05555038,-0.081361584,-1.0660846,-0.09166183,0.03845479,-1.0429343,-0.09887738,0.116101235,-0.9218558,-0.09434534
E,Alejandro,Right,0.0,0.0,0.0,0.21061632,-0.15777159,0.05248473,0.2832979,-0.4749978,0.09422512,0.3151653,-0.67406636,0.10467967,0.33707678,-0.8022887,0.120200984,0.16976002,-0.8035506,0.13967767,0.18304825,-1.0978322,0.09977447,0.270706,-1.0725331,0.061996747,0.28743568,-0.9578,0.05090271,0.09530045,-0.83648485,0.08087964,0.09363235,-1.1952778,0.042559482,0.2063506,-1.1342385,0.006978673,0.22534242,-0.97102696,-0.00045177247,0.011276885,-0.836656,0.012228029,-0.0012605184,-1.1926881,-0.023784561,0.12022551,-1.1264712,-0.033705365,0.15548031,-0.97431445,-0.024522347,-0.07818782,-0.8002526,-0.056094784,-0.065241046,-1.1035168,-0.09237219,0.036848404,-1.0874708,-0.09265687,0.092469625,-0.9694056,-0.080081224
E,Alejandro,Right,0.0,0.0,0.0,0.19885544,-0.1656112,0.09026744,0.24927899,-0.4660739,0.14808252,0.27642408,-0.6596637,0.1665337,0.31147686,-0.76600623,0.1893499,0.14057845,-0.7864248,0.19281141,0.14420877,-1.0809278,0.17785762,0.23728132,-1.0566392,0.15775302,0.25798908,-0.93990844,0.15688185,0.07973598,-0.8233617,0.118508205,0.06080501,-1.176276,0.10877715,0.18127126,-1.1357698,0.08772868,0.21259336,-0.9771408,0.086868644,0.004927945,-0.8299633,0.03581612,-0.010214238,-1.1656591,0.02614783,0.122724526,-1.1165296,0.025298927,0.16755244,-0.9726579,0.034846753,-0.07905905,-0.80493,-0.04480406,-0.0696865,-1.0928547,-0.060423575,0.035142336,-1.0764441,-0.051414773,0.092232704,-0.95484704,-0.035183623
E,Alejandro,Right,0.0,0.0,0.0,0.16971895,-0.16345336,0.112772115,0.21086805,-0.41556904,0.17575893,0.2340555,-0.5781418,0.19322276,0.2618975,-0.7013959,0.21266022,0.10403128,-0.7188145,0.23825485,0.104242496,-1.0010583,0.23620017,0.19126496,-1.0352424,0.21808316,0.23521858,-0.9618319,0.21659535,0.046600074,-0.7606112,0.15487589,0.035861384,-1.086868,0.15805857,0.14945416,-1.1001588,0.13567062,0.19561881,-0.98068,0.13139503,-0.020498712,-0.7791049,0.06344222,-0.029822204,-1.111748,0.06470866,0.09725254,-1.0984273,0.066897705,0.15268975,-0.9818719,0.07705116,-0.08802776,-0.7665739,-0.024687177,-0.06768276,-1.0436906,-0.026453897,0.033007022,-1.048575,-0.010499691,0.09158173,-0.9514148,0.009872573
E,Alejandro,Right,0.0,0.0,0.0,0.17186783,-0.15576184,0.1282161,0.21001452,-0.43731457,0.19449288,0.23675925,-0.6142123,0.21103624,0.27173993,-0.7475343,0.23062553,0.117929615,-0.78904283,0.2317208,0.13381189,-1.1151013,0.21810591,0.23017961,-1.0932578,0.20493248,0.24410427,-0.9689858,0.21260698,0.0655781,-0.83222306,0.1349199,0.05945796,-1.2189971,0.13452089,0.17708746,-1.1537122,0.13080381,0.1904043,-0.9817058,0.143562,-0.005159569,-0.85337144,0.029427068,0.0026612896,-1.2189102,0.026477478,0.12997256,-1.1325071,0.049789406,0.15369864,-0.96884435,0.07686012,-0.08288127,-0.84955376,-0.07218395,-0.054852594,-1.1550381,-0.084143594,0.05773134,-1.113945,-0.06067721,0.09974952,-0.971169,-0.03225513
E,Alejandro,Right,0.0,0.0,0.0,0.19416887,-0.15812789,0.09845131,0.24638158,-0.43373266,0.16827749,0.2852565,-0.60805106,0.19685647,0.31413645,-0.73141634,0.22920334,0.05812707,-0.7106551,0.27224654,0.085602336,-0.96184736,0.29228517,0.19112158,-0.99269676,0.270355,0.2613648,-0.9326199,0.25670543,-0.0008684197,-0.73029673,0.20527273,0.017302748,-1.0009661,0.23024671,0.14783236,-1.0310907,0.19172925,0.23102152,-0.9729486,0.16221292,-0.0570292,-0.73800313,0.12786432,-0.027303955,-1.0281823,0.14166631,0.122572064,-1.0417973,0.11269843,0.21087438,-0.9713801,0.091062196,-0.09701527,-0.72868603,0.053008497,-0.026973685,-0.9873713,0.06760826,0.09343499,-1.0116005,0.072350554,0.17474993,-0.9541629,0.07406225
E,Alejandro,Right,0.0,0.0,0.0,0.20621473,-0.1024999,-0.07423735,0.35922667,-0.35853645,-0.10089944,0.413992,-0.5773123,-0.12967895,0.3941521,-0.7322375,-0.15202108,0.19725884,-0.6836328,0.004360728,0.2378822,-0.9298437,-0.05941283,0.3334663,-0.94887537,-0.120166466,0.41034934,-0.902111,-0.15545367,0.091647364,-0.7046097,0.0035407064,0.12206821,-0.9775842,-0.057320558,0.23707108,-0.99883646,-0.11492401,0.33020312,-0.9439099,-0.14772873,-0.014188378,-0.68998116,-0.012993584,0.009529209,-0.9633292,-0.07540321,0.14223032,-0.97866696,-0.109971754,0.24976102,-0.9245806,-0.12404418,-0.118805826,-0.637941,-0.038413852,-0.0709207,-0.83959746,-0.09473686,0.037639387,-0.8664582,-0.11467606,0.13337474,-0.8270002,-0.11968619
E,Alejandro,Right,0.0,0.0,0.0,0.2092007,-0.14930183,-0.0348617,0.33338255,-0.41919595,-0.02405051,0.3740568,-0.6191454,-0.021497766,0.3763843,-0.7782167,-0.016635487,0.17809166,-0.6839676,0.0714328,0.20968653,-0.88029003,0.03767878,0.27366605,-0.93228185,-0.0056260624,0.33352917,-0.9427398,-0.03359046,0.07900603,-0.704603,0.061708998,0.11214842,-0.9226593,0.015755106,0.19443034,-0.9612788,-0.036648694,0.2773921,-0.94542927,-0.064624555,-0.024702135,-0.6954357,0.037280485,0.00033555983,-0.92883015,-0.016990857,0.097422644,-0.96635973,-0.059635248,0.19674736,-0.9394724,-0.07728396,-0.13735221,-0.65526193,0.0075343796,-0.10280811,-0.8524291,-0.043852594,-0.01984119,-0.9032607,-0.06971255,0.075591706,-0.89505345,-0.07817269
E,Alejandro,Right,0.0,0.0,0.0,0.222815,-0.15982454,-0.037899096,0.37027135,-0.42676827,-0.025009312,0.4158358,-0.6521687,-0.017850393,0.3565094,-0.72786194,-0.009465494,0.17748308,-0.6959442,0.08266779,0.20222564,-0.89918774,0.066603675,0.24740537,-0.95142174,0.02739257,0.28799906,-0.95320004,-5.5761342e-05,0.07158305,-0.7119732,0.07902748,0.097174995,-0.94099134,0.057366878,0.15733714,-0.99142724,0.006371874,0.21983212,-0.9755377,-0.02673832,-0.038584724,-0.7003953,0.061663438,-0.014923842,-0.9330007,0.03211634,0.058215957,-0.99393237,-0.015809854,0.13798024,-0.9702606,-0.04366642,-0.15787837,-0.6589151,0.03816269,-0.13996613,-0.8683662,0.009081403,-0.078856595,-0.9486113,-0.015383738,0.0032179619,-0.9505405,-0.02856115
E,Alejandro,Right,0.0,0.0,0.0,0.22402143,-0.14786541,-0.06321718,0.3883416,-0.38132524,-0.057055574,0.44043252,-0.6282041,-0.05063407,0.37107882,-0.74607563,-0.039901208,0.21519774,-0.680106,0.08615356,0.2479946,-0.8763196,0.073220834,0.27920964,-0.9191829,0.030902201,0.30975452,-0.9078251,-0.00076255645,0.104358844,-0.70102096,0.09881176,0.12018336,-0.9355455,0.08388143,0.16109627,-0.9955701,0.02504218,0.21028432,-0.9776403,-0.019866092,-0.008636562,-0.6813015,0.09500997,-0.0058554527,-0.9162879,0.06127038,0.036114898,-0.9870044,0.0015056502,0.0927284,-0.93463373,-0.03634466,-0.12784074,-0.62540334,0.084357075,-0.12888202,-0.81372255,0.047499496,-0.08530789,-0.8908272,0.011889691,-0.017703136,-0.8716574,-0.009850549
E,Alejandro,Right,0.0,0.0,0.0,0.26569742,-0.12374184,-0.11053798,0.48590553,-0.4320869,-0.14568934,0.5598866,-0.7343724,-0.18232587,0.44042078,-0.88227195,-0.2122231,0.27296305,-0.8356444,-0.013325918,0.28411686,-1.1953456,-0.1331374,0.28436172,-1.1545082,-0.23888242,0.2696558,-0.9629568,-0.28852227,0.10006728,-0.85498226,-0.0066889185,0.09758661,-1.2672006,-0.13062438,0.103893586,-1.1452883,-0.23284994,0.104100324,-0.9096298,-0.27676585,-0.061496153,-0.83536726,-0.021036005,-0.059110332,-1.2177995,-0.12184339,-0.045790654,-1.1211641,-0.18166135,-0.04121304,-0.8964219,-0.19739883,-0.22105715,-0.77680784,-0.04667322,-0.22923319,-1.0431384,-0.10910215,-0.20834675,-1.0117556,-0.13606708,-0.1903544,-0.86934114,-0.14188105
E,Alejandro,Right,0.0,0.0,0.0,0.25860083,-0.12681772,-0.13188718,0.44766998,-0.41540298,-0.18696406,0.5061341,-0.7049249,-0.24159132,0.36956248,-0.85168946,-0.2942386,0.21259482,-0.841996,-0.06859255,0.20526408,-1.2020173,-0.20124623,0.21002562,-1.1701242,-0.31589112,0.21521884,-0.97656584,-0.3748545,0.034813177,-0.8291761,-0.06138322,0.0021130873,-1.2602837,-0.19268669,0.019662162,-1.1165457,-0.31253815,0.051530287,-0.90179497,-0.37715998,-0.12988524,-0.77159816,-0.07326728,-0.17548694,-1.1380221,-0.1759943,-0.15499848,-1.0766076,-0.25902218,-0.1098173,-0.8707375,-0.3004208,-0.2864417,-0.66671073,-0.096586145,-0.33219585,-0.9417412,-0.15672083,-0.30403742,-0.95438695,-0.19708951,-0.25694105,-0.83213645,-0.22194341
E,Alejandro,Right,0.0,0.0,0.0,0.23426713,-0.17713317,-0.07652092,0.4033579,-0.41937646,-0.09428758,0.45704085,-0.67292506,-0.11743618,0.35750422,-0.80103403,-0.13812855,0.18432812,-0.7325458,0.04542985,0.1899187,-1.0188373,-0.0202327,0.23860505,-1.0387464,-0.10441988,0.28340754,-0.9589996,-0.15658474,0.056621075,-0.7340427,0.049273353,0.061698347,-1.0517653,-0.019492202,0.12167775,-1.0606133,-0.12773858,0.17677423,-0.9705258,-0.20092535,-0.073318206,-0.7173437,0.03622258,-0.063964166,-1.0136174,-0.025099622,-0.0056734364,-1.055563,-0.11487614,0.05529947,-0.95134264,-0.17051262,-0.20648563,-0.66979796,0.014856182,-0.19317408,-0.9117315,-0.03055069,-0.13999785,-1.0031953,-0.08268244,-0.07238323,-0.9865579,-0.119418405
E,Alejandro,Right,0.0,0.0,0.0,0.24226686,-0.16772123,-0.0489083,0.40437183,-0.44411516,-0.061328985,0.4684009,-0.695572,-0.084801406,0.37124038,-0.80846465,-0.10638602,0.19832689,-0.78116864,0.0291202,0.19703165,-1.1077285,-0.049115572,0.2553608,-1.0935222,-0.1257271,0.28512108,-0.9584915,-0.16146974,0.054190964,-0.78703463,0.015380876,0.052247986,-1.1629683,-0.058434334,0.12157277,-1.0974035,-0.1327633,0.15683761,-0.92224836,-0.16827892,-0.08900125,-0.7607029,-0.012291324,-0.088373914,-1.1186633,-0.07280088,-0.018007023,-1.0869439,-0.116563134,0.021479288,-0.9236742,-0.13121384,-0.2409381,-0.7002975,-0.046359427,-0.2375624,-0.98861206,-0.08924028,-0.16893564,-1.0166941,-0.10639421,-0.113685675,-0.92124,-0.10881233
E,Alejandro,Right,0.0,0.0,0.0,0.24264522,-0.15578121,-0.07995944,0.41604662,-0.40952554,-0.10186907,0.47413614,-0.6741992,-0.12982833,0.3723339,-0.81775725,-0.15245572,0.20757593,-0.77931684,0.026733795,0.2048008,-1.1260349,-0.055055853,0.24528563,-1.1006337,-0.142837,0.2672152,-0.9636369,-0.18893097,0.053858925,-0.7849086,0.028380996,0.049993757,-1.1675544,-0.050314568,0.091566324,-1.0852195,-0.14945894,0.12040882,-0.9236966,-0.2073886,-0.0964262,-0.76721,0.013293012,-0.08658969,-1.1111871,-0.054104466,-0.05355344,-1.07387,-0.12586287,-0.026420485,-0.8981819,-0.16148569,-0.24458277,-0.7169031,-0.010209627,-0.23170789,-0.99217737,-0.05502227,-0.18741328,-1.0214889,-0.08942981,-0.1442021,-0.9202991,-0.10706753
E,Alejandro,Right,0.0,0.0,0.0,0.24050733,-0.101606645,-0.11207271,0.43239823,-0.40035278,-0.1514643,0.4926386,-0.69544613,-0.19114384,0.3642899,-0.83715224,-0.22809282,0.2335266,-0.79652417,-0.044083215,0.23124494,-1.1372851,-0.1582599,0.24282497,-1.1334608,-0.25115234,0.2528388,-0.96750844,-0.29368308,0.06575712,-0.8060802,-0.040035017,0.047104973,-1.2112414,-0.15669405,0.067549095,-1.1027852,-0.2520682,0.09583695,-0.8901547,-0.29338387,-0.082463644,-0.7634385,-0.05410262,-0.11474344,-1.1189594,-0.14928195,-0.08876425,-1.0650562,-0.21813762,-0.05613747,-0.87740695,-0.24389535,-0.23320553,-0.6772965,-0.07823832,-0.26931617,-0.93741494,-0.1394467,-0.23846415,-0.94989455,-0.17637993,-0.19741194,-0.84296626,-0.19242573
E,Alejandro,Right,0.0,0.0,0.0,0.24145474,-0.10964928,-0.07296033,0.4194734,-0.41928422,-0.08520478,0.47794652,-0.69637185,-0.102487125,0.36982098,-0.81117797,-0.11339527,0.24325852,-0.79004884,0.014083846,0.23837262,-1.1115384,-0.07309684,0.27463335,-1.1060137,-0.15077111,0.2871173,-0.95789546,-0.1837268,0.09631058,-0.80014336,0.011705543,0.07219147,-1.1696318,-0.068609014,0.11945942,-1.1048124,-0.1370123,0.14297171,-0.9207001,-0.16298905,-0.03897814,-0.7646807,-0.007695545,-0.06523071,-1.089202,-0.07582461,-0.016731976,-1.0498259,-0.11523039,0.011426756,-0.88562554,-0.12217321,-0.17693411,-0.694331,-0.03651041,-0.19402409,-0.9280841,-0.082612135,-0.15208992,-0.94158536,-0.10127677,-0.11644523,-0.8490535,-0.10167058
E,Alejandro,Right,0.0,0.0,0.0,0.26200226,-0.12084581,-0.057106588,0.46458775,-0.40263543,-0.054299086,0.5491533,-0.6766902,-0.06037519,0.45053905,-0.8113453,-0.05845664,0.2864647,-0.79127425,0.08069251,0.30131987,-1.1203786,0.01766231,0.3399859,-1.0881618,-0.057802998,0.3449595,-0.9386176,-0.09398806,0.14440516,-0.8156914,0.078516774,0.14752011,-1.1807125,0.02094995,0.19104397,-1.112518,-0.05590324,0.20184387,-0.9364547,-0.09487254,0.007307052,-0.8036991,0.058122918,0.0187681,-1.1361291,0.0068098423,0.06072084,-1.0915853,-0.041866012,0.068444505,-0.9254635,-0.060499612,-0.13232508,-0.76176375,0.029214164,-0.10318527,-1.027818,-0.0047208997,-0.06430756,-1.0324785,-0.021190558,-0.04956561,-0.9280426,-0.023523917
E,Alejandro,Right,0.0,0.0,0.0,0.27082354,-0.100360274,-0.06600615,0.47726604,-0.38046116,-0.06620607,0.5506209,-0.6676648,-0.073342785,0.4266102,-0.79570836,-0.07561489,0.28926542,-0.7717094,0.04497948,0.29690158,-1.1115179,-0.034179658,0.329606,-1.1016695,-0.11352213,0.33690616,-0.9415382,-0.14836559,0.1394998,-0.8068314,0.045514014,0.13538344,-1.1737733,-0.027599353,0.16667923,-1.1153394,-0.105904095,0.17540538,-0.9221924,-0.14163345,-0.0027746272,-0.79936117,0.0285479,-0.010056508,-1.1284704,-0.03861511,0.023163924,-1.0949711,-0.09250797,0.0349865,-0.91243404,-0.10990361,-0.15022801,-0.7634878,0.003601521,-0.15609547,-1.031431,-0.04683543,-0.11966374,-1.0390861,-0.07249167,-0.090975635,-0.9177947,-0.077041246
E,Alejandro,Right,0.0,0.0,0.0,0.25735116,-0.12712814,-0.058118094,0.42842644,-0.42329216,-0.04363686,0.49198544,-0.69014794,-0.036723744,0.3979602,-0.8151891,-0.024486784,0.24465548,-0.78119034,0.082138486,0.2575319,-1.0919265,0.016512126,0.2848202,-1.097904,-0.062397413,0.29209977,-0.9563879,-0.098825164,0.10736133,-0.8012144,0.0857441,0.10485603,-1.142226,0.021493733,0.13316566,-1.1256016,-0.06631054,0.14794987,-0.9533659,-0.10921556,-0.02925477,-0.7850025,0.070616096,-0.038720112,-1.0980127,0.012012394,-0.0069473824,-1.1231946,-0.05910445,0.016657207,-0.9680445,-0.088890456,-0.17394239,-0.7398934,0.04834494,-0.17620097,-0.99776804,0.0017183966,-0.13660374,-1.0636759,-0.038730346,-0.08937209,-0.9953392,-0.054668803
E,Alejandro,Right,0.0,0.0,0.0,0.25602028,-0.10509345,-0.07728015,0.43948108,-0.40667373,-0.080739036,0.5017145,-0.67601025,-0.089524366,0.39234746,-0.8111562,-0.09458187,0.24356684,-0.7740617,0.03734573,0.25462264,-1.092845,-0.043824855,0.29662448,-1.0977561,-0.13232616,0.31070375,-0.9505068,-0.17538765,0.108773515,-0.7979,0.041515086,0.104560666,-1.1452696,-0.035399027,0.1509023,-1.1089984,-0.12966095,0.17118962,-0.9188803,-0.17747867,-0.024969809,-0.78067225,0.027047612,-0.040363092,-1.1101109,-0.04041288,0.007307702,-1.1285057,-0.11560124,0.03283132,-0.95328104,-0.14914444,-0.16933973,-0.7327396,0.0039454573,-0.17249069,-1.0038599,-0.055527244,-0.12715097,-1.0589219,-0.10362329,-0.0848852,-0.9621489,-0.12493995
E,Alejandro,Right,0.0,0.0,0.0,0.26001602,-0.13917243,-0.052273605,0.4352592,-0.4264294,-0.04631668,0.50153524,-0.68253756,-0.05043291,0.40570828,-0.80772406,-0.05020938,0.24680096,-0.781822,0.073803045,0.25895536,-1.0961279,0.0037991016,0.29623976,-1.0856932,-0.077170655,0.3047718,-0.9395876,-0.115177475,0.115076885,-0.8021956,0.07000231,0.11656036,-1.1454679,0.0030774018,0.15564403,-1.10427,-0.082036614,0.16960356,-0.922799,-0.122746214,-0.017928274,-0.7897769,0.048758164,-0.024493428,-1.1092916,-0.005589572,0.017741276,-1.1150535,-0.06593852,0.040336818,-0.95719844,-0.08994876,-0.16022177,-0.748306,0.019955294,-0.15875165,-1.0075482,-0.018600468,-0.110772826,-1.0658566,-0.049095396,-0.06363747,-0.9979731,-0.059600055
E,Alejandro,Right,0.0,0.0,0.0,0.26490945,-0.14316228,-0.060663175,0.43813312,-0.41047683,-0.053979237,0.505649,-0.6658326,-0.056140706,0.41807303,-0.7962169,-0.054056756,0.24886186,-0.76562726,0.085711576,0.27110842,-1.0644224,0.021715412,0.30360445,-1.0663053,-0.062431473,0.3152624,-0.93073446,-0.10535546,0.116704516,-0.78446484,0.08827377,0.1291542,-1.1182921,0.024261434,0.15680061,-1.0943664,-0.07639492,0.17080109,-0.92630744,-0.13267753,-0.015885394,-0.77492386,0.07243712,-0.011669477,-1.088245,0.016904969,0.015873568,-1.1111915,-0.06786628,0.036611743,-0.9499236,-0.11105976,-0.1576671,-0.7380871,0.049278267,-0.14631557,-0.99329126,0.0105520105,-0.108308576,-1.0652391,-0.03501304,-0.06359545,-0.99797577,-0.05957661
E,Alejandro,Right,0.0,0.0,0.0,0.2508634,-0.15539727,-0.03379306,0.40351647,-0.37743366,-0.017091215,0.47150445,-0.6048368,-0.011473038,0.4102714,-0.7450312,-0.004223319,0.22781509,-0.7132741,0.11389621,0.2557163,-0.95341,0.080860466,0.29617965,-0.9942462,0.02267948,0.3209812,-0.94708556,-0.010351978,0.11833904,-0.7412055,0.10905037,0.13217214,-1.0235051,0.07423919,0.17734703,-1.0520135,0.0012772819,0.20996577,-0.94995403,-0.04392048,0.0045013744,-0.73739094,0.08801993,0.012159478,-1.0147018,0.043483462,0.058193885,-1.057826,-0.021093238,0.094658665,-0.9464335,-0.054272953,-0.124274164,-0.6988834,0.06210552,-0.09805588,-0.9306611,0.021924106,-0.050480977,-0.9998134,-0.012879968,-0.0012443279,-0.95187515,-0.029883262
E,Alejandro,Right,0.0,0.0,0.0,0.27096802,-0.13399121,-0.028162874,0.45970297,-0.34133354,0.011466001,0.5313989,-0.5958173,0.043512337,0.44204292,-0.72718203,0.07967026,0.2929276,-0.6782709,0.18511245,0.31973854,-0.92077655,0.1985653,0.333245,-0.9698603,0.16035211,0.34380376,-0.9390415,0.1324368,0.16960762,-0.7239581,0.19450152,0.17807686,-0.98056203,0.20921734,0.19450112,-1.0339229,0.14025506,0.21236035,-0.9761468,0.08624649,0.048083514,-0.73176014,0.18686378,0.046427585,-0.9765691,0.18149157,0.057593394,-1.0366884,0.11187272,0.069924995,-0.94524664,0.06446568,-0.08265365,-0.70363724,0.17461045,-0.07096971,-0.90765655,0.16646354,-0.054609127,-0.9768131,0.13578129,-0.030085374,-0.93299043,0.11473201
E,Alejandro,Right,0.0,0.0,0.0,0.29575256,-0.1520212,-0.042750914,0.49600208,-0.36434886,-0.009646531,0.5682314,-0.6403811,0.013008896,0.46239707,-0.7967825,0.04210795,0.30987975,-0.7401463,0.20514326,0.33609396,-1.050937,0.17953269,0.36039555,-1.0598526,0.09190483,0.36311048,-0.9317461,0.03792152,0.17140132,-0.7675292,0.21529321,0.18341191,-1.1133101,0.19343357,0.2057869,-1.1033795,0.06901381,0.20870948,-0.9496817,-0.017634463,0.031548515,-0.7699973,0.2050184,0.03066909,-1.0732027,0.18474309,0.057640135,-1.1170993,0.07433194,0.07284153,-0.94172746,0.0013614768,-0.11373916,-0.73514307,0.18827823,-0.11412653,-0.97025734,0.17632538,-0.08650117,-1.0453165,0.120915204,-0.04829932,-0.9673155,0.08024936
E,Alejandro,Right,0.0,0.0,0.0,0.29139882,-0.15387395,-0.04743036,0.48642743,-0.3700556,-0.02262532,0.5613621,-0.63938236,-0.009171371,0.45815986,-0.79450095,0.009290798,0.2977285,-0.7444419,0.17455901,0.32333958,-1.0605971,0.13342007,0.34794354,-1.0679544,0.04103673,0.3509063,-0.92943525,-0.013120473,0.16417168,-0.77241844,0.18035291,0.17655385,-1.1222062,0.1456177,0.19396098,-1.1157819,0.024123004,0.19648221,-0.96207875,-0.057808243,0.027904484,-0.7717801,0.16567382,0.030499032,-1.0747374,0.1336834,0.050834727,-1.125741,0.02914917,0.062187903,-0.95837563,-0.036908578,-0.1156298,-0.7338804,0.1440182,-0.1029123,-0.97991115,0.12340609,-0.07907744,-1.0677484,0.07163684,-0.047865726,-0.9988538,0.0355016
E,Alejandro,Right,0.0,0.0,0.0,0.2901744,-0.12938409,-0.05235551,0.48304293,-0.350942,-0.027293924,0.55121064,-0.61925745,-0.012963523,0.44985843,-0.781534,0.005828954,0.28916344,-0.72335905,0.16049404,0.31664857,-1.0336543,0.11445198,0.34840587,-1.0618676,0.02717493,0.3548905,-0.93490785,-0.02033873,0.15272649,-0.76367486,0.16805057,0.16560349,-1.1105325,0.12727259,0.19211845,-1.1083565,0.011511628,0.19823879,-0.94949466,-0.06216284,0.018426776,-0.7727185,0.15468167,0.021962298,-1.0796688,0.11554833,0.049865976,-1.1244991,0.011290071,0.057621237,-0.95717037,-0.050644994,-0.12813596,-0.7491666,0.13442269,-0.12321003,-1.0014416,0.10238662,-0.09421055,-1.0719196,0.04567293,-0.06606711,-0.9851009,0.01025183
E,Alejandro,Right,0.0,0.0,0.0,0.2914841,-0.11622018,-0.05374603,0.48414108,-0.3395595,-0.019897262,0.5432222,-0.6162443,0.0049468214,0.45039544,-0.7782227,0.03517747,0.28333345,-0.7143389,0.17857748,0.31247774,-1.0148904,0.14960465,0.33281595,-1.0516177,0.07141554,0.33640307,-0.9417181,0.025881302,0.14781757,-0.7545107,0.19285876,0.16865851,-1.0960228,0.16173269,0.16966419,-1.1117033,0.041858647,0.1663386,-0.9667605,-0.038341366,0.018445358,-0.76751703,0.18596293,0.027311698,-1.0761714,0.14845248,0.02857614,-1.1324872,0.02845312,0.025751837,-0.97047806,-0.045988195,-0.12188708,-0.7455953,0.17332867,-0.1086631,-0.9961303,0.14154208,-0.09449515,-1.0733048,0.07361197,-0.075421706,-0.9919874,0.02750684
E,Alejandro,Right,0.0,0.0,0.0,0.28062862,-0.14428774,-0.03903759,0.45223433,-0.34810722,-0.018614216,0.51406604,-0.58950186,-0.010286213,0.4460936,-0.7490599,0.0019847127,0.25756046,-0.7151884,0.14447147,0.29253706,-0.99096566,0.10030729,0.32302305,-1.0108542,0.023727635,0.33282033,-0.9041609,-0.018186899,0.13660955,-0.7475532,0.14454669,0.1656991,-1.0599713,0.09976681,0.18342645,-1.0733137,0.0005572026,0.19463155,-0.94544846,-0.061770786,0.0136812255,-0.75294036,0.12540007,0.03352218,-1.0512207,0.07684,0.044071045,-1.0974075,-0.013468688,0.050064463,-0.96685386,-0.06460086,-0.12509178,-0.72359806,0.10131946,-0.09169213,-0.96659833,0.0638966,-0.069466904,-1.0473309,0.016125266,-0.046842925,-0.99890226,-0.0123211555
E,Alejandro,Right,0.0,0.0,0.0,0.27937984,-0.13315946,-0.03307137,0.44273937,-0.34903577,-0.009606716,0.49125955,-0.5837914,-0.00028553107,0.42741436,-0.7424403,0.011939949,0.2476975,-0.70565796,0.15388271,0.27861148,-0.97702676,0.114730015,0.32376924,-1.0065764,0.041595183,0.34433982,-0.9076636,0.0023673538,0.13089229,-0.74336696,0.15040195,0.15624838,-1.0547299,0.11246072,0.19792373,-1.0746459,0.017000047,0.21820825,-0.9368142,-0.04097052,0.012456277,-0.75611204,0.12820561,0.028959932,-1.0570116,0.088187985,0.06787743,-1.1058441,0.0052008783,0.08738128,-0.9720686,-0.039737236,-0.12329559,-0.7371916,0.10100697,-0.099832125,-0.9826375,0.06819067,-0.059526514,-1.0569669,0.025605889,-0.023225607,-0.9997302,0.0030034014
E,Alejandro,Right,0.0,0.0,0.0,0.25503826,-0.1248786,0.0023342045,0.39491838,-0.34609026,0.03936639,0.44397208,-0.56039083,0.059826817,0.40880722,-0.70877916,0.082832165,0.20066589,-0.6899031,0.15823093,0.23586877,-0.9277659,0.13635315,0.2919248,-0.97451615,0.08850211,0.32478324,-0.91074055,0.06558301,0.0969764,-0.7330075,0.14282271,0.12858155,-1.0130318,0.11912292,0.19787225,-1.049162,0.057790905,0.24506249,-0.95402837,0.024516921,-0.009008313,-0.7476011,0.11241749,0.008767786,-1.0342804,0.08395089,0.085445456,-1.0784731,0.031670902,0.14515434,-0.989409,0.007320259,-0.12844639,-0.728963,0.07938858,-0.11705925,-0.9632423,0.05572279,-0.04861375,-1.0270675,0.03220499,0.023853417,-0.98666894,0.02410519
E,Alejandro,Right,0.0,0.0,0.0,0.24897835,-0.124273024,0.0046772826,0.36848718,-0.36141822,0.05007602,0.3929908,-0.57294977,0.078502744,0.35972047,-0.7181041,0.11182315,0.17582603,-0.6945086,0.1792387,0.20697843,-0.9202032,0.16597375,0.25800148,-0.97479683,0.12425833,0.28710702,-0.9227752,0.10639978,0.066268206,-0.74832857,0.16682601,0.084783055,-1.0222805,0.1555763,0.14623992,-1.0654161,0.10340443,0.18585534,-0.9661829,0.07845193,-0.04246975,-0.772428,0.13837901,-0.037979953,-1.0582324,0.11741858,0.029239766,-1.0998105,0.07206653,0.078216575,-0.9969364,0.055654008,-0.15898795,-0.7627057,0.10729486,-0.1576171,-0.9998869,0.0874625,-0.09587841,-1.0511038,0.06868425,-0.03416067,-0.99025875,0.06769403
E,Alejandro,Right,0.0,0.0,0.0,0.21248959,-0.11937348,0.033636156,0.30258968,-0.351546,0.09381936,0.317302,-0.5279962,0.13554351,0.31344604,-0.66190237,0.18115532,0.123716965,-0.63468146,0.19341302,0.15464357,-0.8200864,0.20949872,0.20622964,-0.8902913,0.1963448,0.24420914,-0.90525126,0.19229119,0.032832216,-0.6902686,0.17203447,0.05173959,-0.9204719,0.1962833,0.11607628,-0.99009573,0.18166763,0.17371649,-0.9774536,0.17703366,-0.06021564,-0.7142743,0.13717484,-0.064514354,-0.9571933,0.14314455,0.009244842,-1.016884,0.12972021,0.0813161,-0.99668837,0.12915945,-0.15815414,-0.70803905,0.10086767,-0.16303302,-0.9166859,0.101263404,-0.090751186,-0.96995515,0.104018815,-0.008390399,-0.9480977,0.11538879
E,Alejandro,Right,0.0,0.0,0.0,0.20352107,-0.1060687,0.053625852,0.28427765,-0.33753178,0.122859314,0.29364076,-0.5106739,0.16769464,0.30068916,-0.6521451,0.21376067,0.116474055,-0.627163,0.22496732,0.14736335,-0.8190897,0.25290534,0.21064295,-0.8824014,0.24590732,0.25697443,-0.8883868,0.24469829,0.03707659,-0.68689585,0.19284391,0.06824882,-0.91094273,0.2260266,0.144908,-0.9675136,0.2097974,0.21038872,-0.94669294,0.20389087,-0.04874756,-0.7165635,0.14844893,-0.031244243,-0.95936126,0.1633185,0.05395885,-1.0112185,0.15070698,0.12905316,-0.9916377,0.14976504,-0.14537883,-0.71650946,0.10370061,-0.14409323,-0.9367858,0.1148334,-0.066564806,-0.98812044,0.123455025,0.01649726,-0.9669681,0.13743806
E,Alejandro,Right,0.0,0.0,0.0,0.1987831,-0.121686675,0.072799526,0.2603791,-0.36480153,0.13592866,0.2822009,-0.53363824,0.16525918,0.31034255,-0.6668981,0.19434789,0.10516161,-0.658322,0.22326043,0.13268885,-0.9018845,0.234311,0.20942062,-0.948896,0.21608455,0.25277302,-0.90091974,0.21031608,0.03662231,-0.7136005,0.17138761,0.06913834,-0.98784935,0.1903404,0.16833214,-1.0194967,0.15912169,0.22899048,-0.9494172,0.14156543,-0.041139074,-0.73934954,0.10910564,-0.010501909,-1.0304184,0.11809719,0.10109745,-1.0550243,0.09140331,0.17274238,-0.98496705,0.07668081,-0.12547082,-0.7347666,0.048586417,-0.11053559,-0.99076235,0.054257113,-0.009744051,-1.0197593,0.055654287,0.07972591,-0.95015496,0.06098108
E,Alejandro,Right,0.0,0.0,0.0,0.21130721,-0.12834246,0.08204603,0.26971826,-0.39464277,0.16657566,0.29558223,-0.57680583,0.21246627,0.33846813,-0.69410235,0.2600875,0.13622577,-0.6668132,0.29859188,0.17774875,-0.9200707,0.315179,0.25971007,-0.9742174,0.29549807,0.29799217,-0.90580606,0.29594743,0.06973408,-0.7461602,0.24837169,0.12266525,-1.0354147,0.2766436,0.22086667,-1.0571754,0.24366188,0.26451707,-0.9373967,0.23407358,-0.010148807,-0.7987385,0.18285818,0.03641453,-1.0888039,0.20386384,0.14436437,-1.0955034,0.18219405,0.19316885,-0.97474426,0.17876554,-0.10702235,-0.8237134,0.11768544,-0.076742426,-1.0858396,0.1307714,0.017515447,-1.1040456,0.13514306,0.0861852,-0.9962791,0.1494304
E,Alejandro,Right,0.0,0.0,0.0,0.21595609,-0.1362645,0.07449382,0.26887125,-0.40377554,0.14750394,0.28827336,-0.59322315,0.18230829,0.32295048,-0.68954,0.22043927,0.11057823,-0.68739533,0.2829641,0.15179078,-0.9340977,0.29511052,0.23289628,-0.9645767,0.26882574,0.27577364,-0.8767555,0.2614699,0.039087556,-0.7591079,0.23078647,0.07455592,-1.0347531,0.24902973,0.17453785,-1.0463554,0.20575634,0.23206756,-0.923893,0.1854231,-0.040085293,-0.8030099,0.1633126,-0.011342592,-1.0925307,0.17651352,0.104763076,-1.1015322,0.14272225,0.17452492,-0.98465276,0.12712044,-0.12938479,-0.8160376,0.09571674,-0.09711758,-1.077722,0.10555333,-0.0012028869,-1.0880758,0.103829436,0.07587151,-0.9818744,0.10871324
E,Alejandro,Right,0.0,0.0,0.0,0.19985704,-0.108864225,0.067646176,0.27012563,-0.35505766,0.1435263,0.29126546,-0.5263777,0.1899584,0.31061405,-0.65945864,0.23708951,0.11101976,-0.6293997,0.24852346,0.14434114,-0.84068775,0.27784082,0.21892266,-0.91381025,0.2709044,0.26791117,-0.90951157,0.27102265,0.042561803,-0.68546593,0.20712803,0.07713856,-0.9245369,0.24232776,0.16760314,-0.987582,0.21852499,0.2349436,-0.9602972,0.2051806,-0.032368444,-0.72090286,0.15348834,-0.005279553,-0.9727023,0.1731704,0.09787439,-1.022606,0.14860238,0.17632586,-0.98433185,0.13650012,-0.114151224,-0.7320599,0.10037103,-0.10358527,-0.9659008,0.11442974,-0.011428213,-1.0169867,0.11467167,0.081946,-0.98006815,0.120240584
E,Alejandro,Right,0.0,0.0,0.0,0.24688493,-0.11405404,0.022230705,0.37013647,-0.37162352,0.08091835,0.40999544,-0.57610077,0.12065285,0.3822193,-0.71102613,0.16444317,0.20262137,-0.68843246,0.19511598,0.2465313,-0.911586,0.20975088,0.2913766,-0.96936506,0.1924913,0.31129733,-0.94966537,0.18561518,0.095745586,-0.7558627,0.1758773,0.1302631,-1.022216,0.19554314,0.17725523,-1.0280071,0.16980994,0.19118758,-0.9511694,0.15825397,-0.022169262,-0.79575723,0.14305241,0.012300617,-1.0815947,0.14716265,0.06619407,-1.0810883,0.12982103,0.08176194,-0.9966519,0.12546112,-0.15297565,-0.8029082,0.10842546,-0.13331507,-1.0510362,0.112982795,-0.07679724,-1.0613832,0.122248515,-0.045868624,-0.9861186,0.13611816
E,Alejandro,Right,0.0,0.0,0.0,0.23496881,-0.14121248,-0.008780656,0.3563151,-0.3772112,0.03101461,0.39238012,-0.5788507,0.057667423,0.3632593,-0.72233224,0.087883055,0.17846027,-0.67264056,0.16737676,0.21131428,-0.88426274,0.15953824,0.26270938,-0.95441175,0.1184091,0.29745096,-0.9490692,0.09668271,0.07259404,-0.7153835,0.15965095,0.09371331,-0.9699264,0.15347609,0.14542802,-1.0312648,0.09821676,0.18697809,-0.9707077,0.06620899,-0.037649255,-0.73342216,0.13567671,-0.024600845,-0.994099,0.1204514,0.025540354,-1.0559698,0.0749394,0.06880262,-0.98735416,0.05384074,-0.15751101,-0.7211404,0.107278764,-0.14781456,-0.9514451,0.09171017,-0.101384975,-1.0275664,0.07426565,-0.04751199,-0.9988707,0.07076329
E,Alejandro,Right,0.0,0.0,0.0,0.24014992,-0.13337782,-0.023065686,0.36424637,-0.40791264,0.0030291055,0.40341502,-0.63004845,0.018443435,0.37482876,-0.76786876,0.03557641,0.19261223,-0.7049996,0.09944048,0.22187534,-0.9320722,0.07702645,0.26717272,-0.985238,0.037728112,0.2925595,-0.9562473,0.018081505,0.078314185,-0.7402391,0.09262164,0.10166146,-1.0280347,0.06445105,0.15330736,-1.0363599,0.015307417,0.1776501,-0.92983186,-0.0071131187,-0.04086873,-0.7472968,0.072908446,-0.021850562,-1.0372492,0.04192829,0.036933776,-1.0493519,0.004426566,0.07056838,-0.94431806,-0.008763799,-0.17246422,-0.71802014,0.049122285,-0.16184853,-0.963833,0.021809556,-0.10544463,-1.0070146,0.006677774,-0.058535356,-0.94832623,0.0055268835
E,Alejandro,Right,0.0,0.0,0.0,0.2419644,-0.13522787,-0.03962522,0.38462833,-0.47830474,-0.033652794,0.43708706,-0.74913,-0.038076043,0.3846348,-0.8280263,-0.036146052,0.19506082,-0.838893,0.031397384,0.19997382,-1.1792171,-0.03222352,0.25955147,-1.1247123,-0.09208909,0.26522455,-0.96418667,-0.11828931,0.062010597,-0.8480268,0.017366644,0.05491401,-1.2303511,-0.03799179,0.12217065,-1.136623,-0.0859216,0.12808326,-0.9499144,-0.10435414,-0.07265558,-0.8223722,-0.009784025,-0.08219611,-1.1834978,-0.053360656,-0.008763209,-1.109458,-0.07422247,0.004186106,-0.93748814,-0.07610638,-0.21468557,-0.7658242,-0.044001073,-0.21433385,-1.0514566,-0.07425909,-0.15099716,-1.0273001,-0.07564952,-0.12651923,-0.9015921,-0.06875667
E,Alejandro,Right,0.0,0.0,0.0,0.23148702,-0.18145706,-0.042545833,0.3635876,-0.50899005,-0.044906054,0.39161485,-0.7667411,-0.057423446,0.3067202,-0.8376604,-0.064730905,0.1579001,-0.8345701,0.021036515,0.1635964,-1.1710448,-0.05166445,0.21118115,-1.120915,-0.12118551,0.22415832,-0.97455275,-0.15591905,0.026126156,-0.8260098,0.0053006792,0.013344616,-1.2042297,-0.064535506,0.08078161,-1.1236836,-0.13147016,0.113023,-0.9527926,-0.16411087,-0.10210125,-0.784213,-0.022792766,-0.12684639,-1.1308496,-0.07614479,-0.053300634,-1.0901179,-0.118704185,-0.009739162,-0.9374283,-0.1363417,-0.23424049,-0.7114237,-0.057352584,-0.25386938,-0.97656995,-0.093074046,-0.18429117,-1.0014999,-0.11151951,-0.122776404,-0.91888463,-0.119024746
E,Alejandro,Right,0.0,0.0,0.0,0.24549054,-0.12933023,-0.027237335,0.36730358,-0.49061084,-0.018327096,0.40018114,-0.74605983,-0.02247446,0.3907481,-0.8808859,-0.017774325,0.18433097,-0.8511963,0.02294848,0.20735267,-1.2194241,-0.05390556,0.2626107,-1.1443017,-0.115861826,0.24621122,-0.9692162,-0.14036244,0.057575762,-0.86883247,0.0026110723,0.051088978,-1.2898891,-0.055632852,0.1351005,-1.1625884,-0.099277124,0.14360465,-0.9719781,-0.115611956,-0.064144954,-0.84861827,-0.03008814,-0.09289084,-1.2410425,-0.07316436,0.006506329,-1.1289937,-0.08406958,0.030773845,-0.9428872,-0.08143344,-0.194037,-0.79148996,-0.06898375,-0.19973159,-1.0893856,-0.103587456,-0.1117281,-1.0508103,-0.1039356,-0.07017389,-0.91787183,-0.096933246
E,Alejandro,Right,0.0,0.0,0.0,0.19100758,-0.16933179,-0.021611108,0.29072896,-0.45678213,-0.018640665,0.31639448,-0.6726548,-0.028691469,0.28930414,-0.8145982,-0.03547001,0.13677458,-0.7529887,0.047136743,0.16330059,-1.0022293,-0.003947424,0.25459525,-0.9982293,-0.05846737,0.32319123,-0.9344955,-0.09106664,0.03238127,-0.77033937,0.025655124,0.043112233,-1.0639913,-0.031540725,0.15920131,-1.0551841,-0.084645435,0.24297647,-0.97003216,-0.11185229,-0.07297876,-0.7503045,-0.0073204623,-0.08999055,-1.065278,-0.06362948,0.036370184,-1.0631768,-0.09535495,0.13621551,-0.9840066,-0.10671389,-0.18249035,-0.69223726,-0.044683367,-0.19223936,-0.9306599,-0.09126357,-0.10552011,-0.948028,-0.10396776,-0.02492089,-0.890662,-0.10535749
E,Alejandro,Right,0.0,0.0,0.0,0.19009547,-0.16730231,0.033819493,0.2506183,-0.48421738,0.0534696,0.27792963,-0.6919233,0.047573306,0.29964975,-0.81631356,0.04546439,0.12502797,-0.8139452,0.07113783,0.13835461,-1.131266,0.018815452,0.22841269,-1.0919385,-0.02244177,0.23709358,-0.9714868,-0.03883473,0.043014098,-0.83341676,0.014275821,0.035249438,-1.2253739,-0.034886625,0.15773378,-1.1368083,-0.0725827,0.17901619,-0.97232664,-0.087301634,-0.045364782,-0.8117234,-0.04924911,-0.074814476,-1.187399,-0.09451923,0.055296797,-1.101259,-0.104309365,0.08950743,-0.9478735,-0.10099957,-0.14008547,-0.7494787,-0.112443306,-0.13448264,-1.0642984,-0.15501331,-0.023129107,-1.0374651,-0.15342243,0.030702138,-0.9185593,-0.14499934
E,Alejandro,Right,0.0,0.0,0.0,0.208347,-0.14983618,0.04811238,0.27318892,-0.47810578,0.07686047,0.30481166,-0.6916931,0.073617764,0.33443657,-0.8222022,0.07448123,0.17314032,-0.831122,0.0973717,0.1913792,-1.1489003,0.049771965,0.27654818,-1.0968816,0.017423308,0.27466953,-0.9615387,0.009052677,0.0965395,-0.8604587,0.030250581,0.09255457,-1.2557294,-0.02051416,0.2094921,-1.1449388,-0.055272184,0.22136427,-0.9662996,-0.062472906,0.011465829,-0.8487738,-0.044231392,-0.0136567075,-1.225749,-0.09195108,0.11581197,-1.115848,-0.09998155,0.14531252,-0.9473833,-0.09077845,-0.07857065,-0.7952384,-0.11790507,-0.069711275,-1.1161897,-0.16517177,0.038626347,-1.0832481,-0.16752923,0.087490276,-0.9606703,-0.1584264
E,Alejandro,Right,0.0,0.0,0.0,0.19755866,-0.16474593,0.061294988,0.25904578,-0.467628,0.087754145,0.2910858,-0.6636844,0.08055574,0.32896632,-0.79195297,0.07913043,0.16606265,-0.8164484,0.10601291,0.17816213,-1.153033,0.05332611,0.27884325,-1.0982362,0.014511889,0.2848787,-0.95477533,0.004060278,0.09175958,-0.84420234,0.03536461,0.078347005,-1.2524543,-0.0075852796,0.2081763,-1.1531755,-0.035803687,0.22406973,-0.97457314,-0.03951246,0.0055053523,-0.837222,-0.042325094,-0.021757364,-1.2184081,-0.07621906,0.11444425,-1.1257576,-0.069308005,0.1457407,-0.96208096,-0.05231049,-0.08539183,-0.792105,-0.119338594,-0.07276361,-1.0963178,-0.15599197,0.036495253,-1.064769,-0.14759889,0.08165754,-0.9397699,-0.13023512
E,Alejandro,Right,0.0,0.0,0.0,0.20494257,-0.18246055,0.1076951,0.2618464,-0.48093924,0.14939618,0.30942005,-0.6702086,0.14467317,0.35786393,-0.79385823,0.14380334,0.17102045,-0.8148559,0.14828235,0.19032678,-1.1604736,0.11316112,0.30873877,-1.0968875,0.098213546,0.31812027,-0.9480504,0.104512684,0.11469342,-0.84747165,0.049415562,0.12552962,-1.262728,0.022204898,0.26366302,-1.1445739,0.014183977,0.2672587,-0.95660675,0.02385502,0.035620917,-0.85036546,-0.054903362,0.041598037,-1.239504,-0.07644979,0.18492483,-1.1187189,-0.04998472,0.20173447,-0.9453549,-0.02227022,-0.052515697,-0.8196922,-0.15600413,-0.01913319,-1.1504885,-0.18963408,0.1017481,-1.095826,-0.17027849,0.13851172,-0.9473087,-0.14527345
E,Alejandro,Right,0.0,0.0,0.0,0.1959116,-0.1407677,0.03629794,0.28318635,-0.42905396,0.047111403,0.31194308,-0.63458765,0.030237125,0.35268822,-0.78480095,0.020187024,0.20182358,-0.80204535,0.0725896,0.21957187,-1.1414825,0.0130783385,0.32244232,-1.0819032,-0.028016696,0.32849482,-0.94450575,-0.040061202,0.12643819,-0.8334443,0.010522771,0.13693158,-1.2444091,-0.04116836,0.26600018,-1.1392062,-0.07080064,0.27488568,-0.9612168,-0.07472593,0.036179934,-0.83167344,-0.059345342,0.031997625,-1.21964,-0.1007882,0.16704254,-1.1228213,-0.0922122,0.19379346,-0.96060055,-0.07259961,-0.06487923,-0.7896867,-0.13014537,-0.044949513,-1.0992435,-0.17201886,0.07334901,-1.0693669,-0.1613019,0.1269785,-0.9449215,-0.14030461
E,Alejandro,Right,0.0,0.0,0.0,0.19969693,-0.138078,0.009024499,0.28651315,-0.46471414,0.03479484,0.32095277,-0.6915323,0.042397574,0.33600473,-0.79455614,0.05542666,0.16104749,-0.7947452,0.08532116,0.18375741,-1.0649818,0.048012562,0.26008627,-1.0572761,0.011850219,0.27757284,-0.96070457,-0.0015985823,0.06978218,-0.82725203,0.052452385,0.07216409,-1.1741586,0.014911937,0.17183124,-1.1275533,-0.02042074,0.20072255,-0.97693014,-0.030047415,-0.023359763,-0.8182974,0.010336632,-0.04184445,-1.143471,-0.02674815,0.06798737,-1.0884054,-0.04411439,0.10907168,-0.9450508,-0.04287752,-0.12317727,-0.77178735,-0.033925433,-0.11854451,-1.0361851,-0.06709021,-0.026548266,-1.0171809,-0.070090555,0.028206479,-0.90540636,-0.062344156
E,Alejandro,Right,0.0,0.0,0.0,0.205878,-0.1271756,0.009748651,0.30512112,-0.4232199,0.036798734,0.34480587,-0.6342966,0.045651834,0.33777347,-0.73954195,0.06107445,0.15360521,-0.74544823,0.091778636,0.1590323,-1.0384325,0.053357728,0.24627773,-1.0549054,0.019085567,0.27853712,-0.9562145,0.0112878205,0.06558779,-0.7811865,0.06157459,0.0688615,-1.1234217,0.02939732,0.17155188,-1.1149848,0.00043085476,0.20287202,-0.97920525,-0.0035395056,-0.028592002,-0.7890421,0.02034581,-0.04110508,-1.1206216,-0.012227896,0.06867492,-1.1108543,-0.02360642,0.114437625,-0.9787896,-0.015925309,-0.1321176,-0.76902074,-0.0236929,-0.1334335,-1.0307226,-0.055357248,-0.048061963,-1.0356861,-0.056183163,0.006276073,-0.92967695,-0.042762227
E,Alejandro,Left,0.0,0.0,0.0,-0.26661292,-0.009973307,-0.053242102,-0.4662351,-0.20845237,-0.07535081,-0.5565062,-0.41965455,-0.10852338,-0.6108314,-0.59407187,-0.1301388,-0.39177692,-0.68381834,0.047154013,-0.44992465,-0.98232126,-0.041160267,-0.50747174,-0.97933537,-0.12489092,-0.5155462,-0.8462446,-0.16690108,-0.27043423,-0.75567335,0.022350693,-0.3260979,-1.1191335,-0.0640086,-0.3961393,-1.0862523,-0.13725986,-0.40258285,-0.89935184,-0.1672181,-0.14813285,-0.7719918,-0.022604397,-0.18279482,-1.11059,-0.08501383,-0.26384088,-1.1068244,-0.12817022,-0.28032506,-0.95990515,-0.14321439,-0.0024909477,-0.7414764,-0.07764452,-0.026338866,-1.0100522,-0.12110681,-0.09953709,-1.0420669,-0.14358851,-0.14068428,-0.94334555,-0.14931569
E,Alejandro,Left,0.0,0.0,0.0,-0.26751482,-0.012484425,-0.043273035,-0.46166658,-0.19976467,-0.05802224,-0.5589684,-0.3992764,-0.08544823,-0.6229831,-0.5644265,-0.10200615,-0.4017187,-0.65237325,0.06829445,-0.4636605,-0.9333969,-0.008205855,-0.5321262,-0.9295452,-0.08579148,-0.55307484,-0.8113774,-0.12625486,-0.29026765,-0.7319117,0.04163269,-0.353966,-1.0829877,-0.03456192,-0.43247724,-1.0504037,-0.10881894,-0.44752812,-0.8785393,-0.14242087,-0.17518978,-0.75843513,-0.0041191224,-0.2131757,-1.0878459,-0.058164995,-0.30271432,-1.0848111,-0.10641016,-0.32526198,-0.94562393,-0.12742712,-0.034247477,-0.7397235,-0.059161868,-0.06391545,-0.99784124,-0.09435359,-0.14222828,-1.0283295,-0.11814979,-0.18473205,-0.93153495,-0.12744613
E,Alejandro,Left,0.0,0.0,0.0,-0.26702505,-0.0132545,-0.041404292,-0.46580154,-0.20865597,-0.054620124,-0.56362236,-0.4128123,-0.08057494,-0.63127756,-0.5697731,-0.09541074,-0.40988442,-0.6579374,0.06191541,-0.47389486,-0.9501315,-0.019979358,-0.53971946,-0.9417423,-0.09771491,-0.5539103,-0.8144245,-0.13627134,-0.2964141,-0.73751295,0.033920147,-0.36369458,-1.0983133,-0.049112026,-0.4412642,-1.054323,-0.119751416,-0.4490291,-0.8680039,-0.14713016,-0.1783368,-0.76459837,-0.013233774,-0.22177993,-1.1000347,-0.07105478,-0.31236804,-1.0885463,-0.11455353,-0.33065662,-0.94375116,-0.12994033,-0.03455994,-0.74701214,-0.069651835,-0.06856584,-1.0099667,-0.106511645,-0.14903116,-1.0358822,-0.12825997,-0.19019847,-0.9369888,-0.13466144
E,Alejandro,Left,0.0,0.0,0.0,-0.2702689,-0.032560397,-0.036453087,-0.46531135,-0.21628238,-0.05118953,-0.55929697,-0.41638193,-0.07948185,-0.62303054,-0.5737306,-0.09755848,-0.40134323,-0.6576436,0.07343906,-0.46165425,-0.93620837,-0.005384035,-0.5177569,-0.9447974,-0.08620528,-0.5329819,-0.8207928,-0.12652676,-0.28716305,-0.73376906,0.04574866,-0.351077,-1.065738,-0.027460316,-0.415853,-1.0555987,-0.09948257,-0.42556697,-0.88383293,-0.13135003,-0.16868424,-0.7582106,-0.0009718128,-0.215209,-1.0784254,-0.05273486,-0.28949988,-1.0891981,-0.09475992,-0.3089473,-0.95107913,-0.11075112,-0.027078023,-0.73932946,-0.056484845,-0.058079362,-0.9957309,-0.09464461,-0.1265482,-1.0378413,-0.115383215,-0.16874193,-0.95194405,-0.119767256
E,Alejandro,Left,0.0,0.0,0.0,-0.26475105,-0.051778175,-0.033404637,-0.46411085,-0.24192022,-0.043124866,-0.5717688,-0.4436606,-0.066524304,-0.6160874,-0.6105975,-0.079208896,-0.38269803,-0.6709552,0.08306957,-0.4336666,-0.9330183,0.012423997,-0.4912529,-0.95677793,-0.06332919,-0.51405764,-0.8529875,-0.101872645,-0.27055013,-0.7411488,0.058373254,-0.329442,-1.0528296,-0.007969951,-0.39180955,-1.0603603,-0.07408011,-0.40514195,-0.9059036,-0.102459386,-0.15082382,-0.7635979,0.01524392,-0.19359653,-1.0676613,-0.033620264,-0.25948358,-1.0898273,-0.067781106,-0.2768107,-0.96092445,-0.076746285,-0.010119795,-0.74471605,-0.03656899,-0.043707445,-0.9939577,-0.07488113,-0.10363824,-1.0463617,-0.091040276,-0.13776359,-0.96766514,-0.08981637
E,Alejandro,Left,0.0,0.0,0.0,-0.2542283,-0.038387634,-0.038574066,-0.45724145,-0.23057508,-0.04828176,-0.5682102,-0.43075803,-0.069561616,-0.606841,-0.5971717,-0.07914823,-0.3792842,-0.6550198,0.07189781,-0.42988697,-0.9130567,0.0016876993,-0.48499188,-0.95497566,-0.06871934,-0.5064265,-0.8622831,-0.1028848,-0.26187807,-0.72609484,0.050297514,-0.31606704,-1.0406171,-0.021157607,-0.36911595,-1.057162,-0.08421927,-0.37439498,-0.8961654,-0.10675966,-0.14153594,-0.74569166,0.010914543,-0.18326116,-1.0470293,-0.041579243,-0.23918286,-1.0722543,-0.06897519,-0.24815363,-0.93966216,-0.06971325,-0.0028789453,-0.72602904,-0.03731983,-0.040438112,-0.9679501,-0.07989791,-0.09203182,-1.0178057,-0.09436069,-0.11820554,-0.9351271,-0.08857118
E,Alejandro,Left,0.0,0.0,0.0,-0.24959588,-0.06253392,-0.03480984,-0.45663851,-0.23333673,-0.041339863,-0.5754275,-0.41829756,-0.057625886,-0.61119306,-0.58160335,-0.06454663,-0.37340382,-0.6516089,0.07715222,-0.4283053,-0.8832709,0.018444158,-0.4660571,-0.9391894,-0.04499237,-0.47815534,-0.8782753,-0.07669393,-0.25545713,-0.7223175,0.05968513,-0.31695762,-1.0100965,0.003438316,-0.347883,-1.053398,-0.053882677,-0.34721985,-0.92904824,-0.075186625,-0.13486719,-0.7429153,0.025613533,-0.18479621,-1.0241991,-0.024351435,-0.21956979,-1.0725259,-0.05373072,-0.21860257,-0.96010184,-0.05518016,0.00059039413,-0.7178417,-0.015332675,-0.03879799,-0.9387079,-0.06078146,-0.074363016,-1.0109103,-0.07838846,-0.090121225,-0.9659749,-0.07357726
E,Alejandro,Left,0.0,0.0,0.0,-0.2568791,-0.035496585,-0.051703352,-0.4797563,-0.23155117,-0.072332524,-0.6028468,-0.4325371,-0.10324062,-0.62060285,-0.6164187,-0.12061789,-0.38291383,-0.68382764,0.055033267,-0.43243816,-0.9709804,-0.028289365,-0.48791918,-0.98482406,-0.104575664,-0.50038075,-0.86580545,-0.14002645,-0.2551655,-0.7528731,0.03658988,-0.3048383,-1.0987288,-0.04417945,-0.36384273,-1.079142,-0.10510999,-0.37033522,-0.89284617,-0.122972496,-0.124880716,-0.77341884,-0.0015186036,-0.1667907,-1.0973848,-0.060513057,-0.22707723,-1.094607,-0.0838897,-0.23154147,-0.94170105,-0.07946247,0.022569664,-0.75235367,-0.049506217,-0.016583383,-1.010422,-0.09045385,-0.07000117,-1.0429573,-0.099424124,-0.09121949,-0.9470335,-0.08923983
E,Alejandro,Left,0.0,0.0,0.0,-0.2592236,-0.043011133,-0.048844136,-0.47596785,-0.2369082,-0.06107517,-0.5934897,-0.4396645,-0.08282112,-0.60368484,-0.6182261,-0.093296506,-0.37233946,-0.67752296,0.06953284,-0.4202854,-0.9353221,-0.002804686,-0.46299526,-0.9773109,-0.07751144,-0.47488528,-0.88004774,-0.11482953,-0.2462158,-0.7469169,0.05347972,-0.30219716,-1.0731249,-0.0195097,-0.3391817,-1.0815341,-0.09178805,-0.34062582,-0.91281796,-0.120413594,-0.118613936,-0.76287365,0.019431455,-0.16268843,-1.0744741,-0.04255013,-0.20110479,-1.0977938,-0.083698004,-0.19404821,-0.9475136,-0.09061259,0.028469691,-0.73521423,-0.022506649,-0.0136193205,-0.9865289,-0.073555134,-0.050264534,-1.0370505,-0.09564937,-0.058703743,-0.949578,-0.09329841
E,Alejandro,Left,0.0,0.0,0.0,-0.25430718,-0.044784874,-0.045945283,-0.47027788,-0.23576543,-0.05589953,-0.5782942,-0.4508838,-0.07545538,-0.6015759,-0.6291089,-0.085251495,-0.3725109,-0.6714323,0.05926488,-0.41867775,-0.9287952,-0.0049487976,-0.45871487,-0.9719965,-0.0739457,-0.46860206,-0.8834094,-0.11080583,-0.24376884,-0.7443213,0.040789817,-0.2961027,-1.0719861,-0.024065696,-0.32859,-1.0800309,-0.09523921,-0.325075,-0.91919947,-0.12790391,-0.11562667,-0.75949174,0.0065212986,-0.15722531,-1.0679579,-0.04739402,-0.19382626,-1.0855938,-0.08838352,-0.18609993,-0.9367632,-0.10045169,0.031359967,-0.7277988,-0.035514288,-0.0043409965,-0.9793985,-0.08207136,-0.046208967,-1.0313909,-0.104583986,-0.06204218,-0.94259,-0.10617341
E,Alejandro,Left,0.0,0.0,0.0,-0.26494738,-0.05332318,-0.04612594,-0.47620073,-0.20148385,-0.05873908,-0.59519637,-0.40508527,-0.081342354,-0.6096789,-0.59323096,-0.09395408,-0.37801096,-0.6412997,0.077151805,-0.4360506,-0.8694095,0.019370906,-0.47168535,-0.9243489,-0.04883919,-0.48080796,-0.8697216,-0.08679506,-0.26523837,-0.7213617,0.06295254,-0.3265026,-1.0268828,0.012090868,-0.3540404,-1.0634265,-0.056038648,-0.3484479,-0.93732816,-0.09005918,-0.14443958,-0.7459319,0.03151955,-0.18938546,-1.0421047,-0.016258283,-0.21740314,-1.0771846,-0.059772987,-0.20591499,-0.9344839,-0.07347781,-0.006185703,-0.7279831,-0.00823728,-0.03719387,-0.9737021,-0.051301382,-0.07607431,-1.0253866,-0.07422893,-0.08906734,-0.93288136,-0.07530987
E,Alejandro,Left,0.0,0.0,0.0,-0.2727141,-0.047705173,-0.04039841,-0.4864403,-0.21306433,-0.05515636,-0.6085709,-0.41953707,-0.08143193,-0.612077,-0.60445464,-0.096039526,-0.39563206,-0.66378576,0.070092455,-0.43843126,-0.9367499,-0.003998617,-0.47978342,-0.97048676,-0.08002118,-0.48740774,-0.8657745,-0.1185978,-0.27683556,-0.74393976,0.051547017,-0.33047497,-1.0769645,-0.01309363,-0.3667604,-1.0903634,-0.08085209,-0.36447173,-0.93121445,-0.11175986,-0.15462382,-0.76665086,0.015515469,-0.1958378,-1.0725782,-0.03286325,-0.24141397,-1.0975461,-0.067167744,-0.24148673,-0.95204324,-0.07619923,-0.00849616,-0.7425081,-0.02913341,-0.0389578,-0.99190784,-0.06830906,-0.091674626,-1.0422859,-0.08669226,-0.11946172,-0.95192474,-0.08635032
E,Alejandro,Left,0.0,0.0,0.0,-0.2703703,-0.05595639,-0.04371715,-0.48010737,-0.22260682,-0.053467423,-0.5978383,-0.4254936,-0.07318763,-0.5967053,-0.6042847,-0.08347468,-0.38359928,-0.6580525,0.07448497,-0.4279017,-0.89912003,0.023290286,-0.4614341,-0.95015466,-0.042162154,-0.46632317,-0.8846144,-0.08160211,-0.26307502,-0.7353518,0.05877387,-0.31124938,-1.0601171,0.0094062295,-0.33871508,-1.080163,-0.064202935,-0.3386117,-0.9372501,-0.10488468,-0.13977298,-0.7535633,0.0279433,-0.17621674,-1.0605286,-0.013703758,-0.21327141,-1.0887077,-0.061234858,-0.20804836,-0.93729955,-0.08265502,0.0053439974,-0.7235143,-0.0106982505,-0.025468893,-0.975176,-0.04890378,-0.06677473,-1.0156748,-0.07373325,-0.08014372,-0.9094138,-0.08056978
E,Alejandro,Left,0.0,0.0,0.0,-0.27334273,-0.050801072,-0.042570505,-0.48019043,-0.20555753,-0.046798076,-0.59165657,-0.41542408,-0.060011674,-0.59486264,-0.5927056,-0.06431964,-0.3808453,-0.647416,0.09212827,-0.42715845,-0.86723053,0.05203522,-0.45968577,-0.92579204,-0.009852925,-0.4653836,-0.88510907,-0.05010222,-0.25967628,-0.7241969,0.079124086,-0.31168777,-1.036121,0.03448413,-0.33710492,-1.0645714,-0.042092443,-0.3367891,-0.9400246,-0.08546667,-0.1376149,-0.7419132,0.05094847,-0.1784257,-1.0420947,0.0067649805,-0.20951416,-1.0793347,-0.04671146,-0.19763939,-0.9374367,-0.07078693,0.0082789855,-0.71357334,0.015913092,-0.028201561,-0.9556659,-0.028328786,-0.06594506,-1.0096284,-0.058681127,-0.07600867,-0.9235863,-0.06825559
E,Alejandro,Left,0.0,0.0,0.0,-0.26187956,-0.045893136,-0.046110842,-0.47652858,-0.20637584,-0.06286644,-0.5951321,-0.3946466,-0.08956505,-0.60378593,-0.5751083,-0.10526162,-0.3835903,-0.6577627,0.060497835,-0.42646265,-0.89775693,-0.0020985368,-0.46311212,-0.9423758,-0.06614774,-0.4724827,-0.8813399,-0.099570505,-0.26512524,-0.73838603,0.043123517,-0.31312495,-1.0563304,-0.01772716,-0.3483742,-1.0683761,-0.07273097,-0.34600908,-0.9155337,-0.09075696,-0.14085336,-0.7608654,0.008823378,-0.1790654,-1.0586059,-0.040776517,-0.22014603,-1.0753908,-0.06385025,-0.21987362,-0.93421316,-0.0606392,0.0017470828,-0.7332926,-0.03449901,-0.023576414,-0.97724473,-0.07573512,-0.07262221,-1.0259087,-0.087112874,-0.099244684,-0.9410304,-0.07763844
E,Alejandro,Left,0.0,0.0,0.0,-0.26309848,-0.030969042,-0.049418934,-0.47184965,-0.21429232,-0.06441745,-0.58776844,-0.41831213,-0.08960154,-0.6078967,-0.6040459,-0.10285025,-0.38552457,-0.6562811,0.06565523,-0.43985215,-0.90181625,-0.003938866,-0.4866057,-0.9500627,-0.07573947,-0.50317353,-0.8641854,-0.112705335,-0.27014387,-0.7328695,0.048661906,-0.33068755,-1.0408485,-0.021264933,-0.37589023,-1.071969,-0.090516016,-0.37867552,-0.91719544,-0.11982716,-0.14902003,-0.751394,0.013385363,-0.19661856,-1.0450127,-0.0413398,-0.24360871,-1.0808327,-0.07459105,-0.24773261,-0.94161767,-0.079764366,-0.0073526814,-0.7292489,-0.03155316,-0.041084316,-0.9713997,-0.07952648,-0.09312117,-1.02974,-0.100546375,-0.12306904,-0.9453734,-0.09919979
E,Alejandro,Left,0.0,0.0,0.0,-0.2564488,-0.043024357,-0.042590637,-0.46715337,-0.22824813,-0.053409867,-0.5872357,-0.43202698,-0.07526324,-0.61243683,-0.61298335,-0.08607721,-0.37843803,-0.6702966,0.077422306,-0.4326907,-0.9305686,0.011215461,-0.47133324,-0.98117507,-0.061911345,-0.47746634,-0.87865,-0.09915397,-0.25670567,-0.74408954,0.058726475,-0.3196424,-1.057034,-0.009336439,-0.34857592,-1.0880604,-0.090909325,-0.3403658,-0.93070745,-0.13008969,-0.13595152,-0.76309943,0.023434121,-0.18475567,-1.0628809,-0.028699944,-0.21664397,-1.1018916,-0.07470465,-0.207113,-0.96237695,-0.09022413,0.0061737825,-0.7409814,-0.019752882,-0.03814676,-0.97690624,-0.06401036,-0.075568676,-1.0426168,-0.08893537,-0.08683345,-0.9709687,-0.092367835
E,Alejandro,Left,0.0,0.0,0.0,-0.25539196,-0.039911173,-0.05009315,-0.4623324,-0.22756639,-0.06419052,-0.58523226,-0.42692572,-0.089681245,-0.60511625,-0.60254145,-0.106617905,-0.36736143,-0.65594804,0.076701604,-0.41518292,-0.9249391,0.0093150865,-0.45430163,-0.98039794,-0.06924662,-0.46309784,-0.8863072,-0.1118358,-0.23928301,-0.7264283,0.05918991,-0.3005879,-1.0533592,-0.01811938,-0.32163352,-1.0601892,-0.11389639,-0.3110712,-0.89371675,-0.16202219,-0.1169397,-0.74665844,0.025318041,-0.1608852,-1.058476,-0.03611789,-0.18202467,-1.081827,-0.09825734,-0.16056156,-0.93036866,-0.12282669,0.028018547,-0.72505486,-0.015850997,-0.020428624,-0.9761198,-0.0631359,-0.0471033,-1.0406364,-0.09519027,-0.045210063,-0.9666923,-0.10507177
E,Alejandro,Left,0.0,0.0,0.0,-0.25290728,-0.028352406,-0.061155338,-0.46716478,-0.22935115,-0.08814631,-0.59197885,-0.43009004,-0.12458292,-0.6046861,-0.6231026,-0.14757483,-0.36911651,-0.695682,0.040961623,-0.41064364,-0.9986111,-0.04840559,-0.46313027,-1.0169218,-0.129497,-0.4744816,-0.8802654,-0.16790456,-0.23169869,-0.75744945,0.024538124,-0.27625605,-1.1216094,-0.06755322,-0.3307902,-1.1043786,-0.142661,-0.33389336,-0.9123922,-0.17027162,-0.10083838,-0.7679176,-0.010917854,-0.13122238,-1.110638,-0.07781184,-0.18106341,-1.1116557,-0.10935738,-0.17880005,-0.95330286,-0.110083446,0.04654554,-0.7352277,-0.056213927,0.017450975,-1.0077952,-0.10477748,-0.026320664,-1.0586373,-0.12029617,-0.044706114,-0.9734774,-0.11426899
E,Alejandro,Left,0.0,0.0,0.0,-0.25151396,-0.020705944,-0.072927885,-0.46844313,-0.21740119,-0.105755545,-0.607248,-0.4086587,-0.14718954,-0.6283761,-0.61103565,-0.17621854,-0.38296202,-0.6759153,0.035245247,-0.42929497,-0.9766561,-0.056242354,-0.4826211,-1.0016975,-0.14268583,-0.49115136,-0.87107426,-0.18654273,-0.24864839,-0.7387549,0.021864174,-0.29726377,-1.1002402,-0.07918167,-0.34661183,-1.079639,-0.1707496,-0.34516525,-0.8850082,-0.21067448,-0.12140084,-0.7508448,-0.011005246,-0.15057676,-1.0899469,-0.08835074,-0.19056575,-1.0883007,-0.14237525,-0.17628275,-0.91849226,-0.15756282,0.023523588,-0.72320426,-0.053677246,-0.005310669,-0.9998707,-0.112263076,-0.042467345,-1.0511669,-0.14463603,-0.05109512,-0.95601356,-0.15172385
E,Alejandro,Left,0.0,0.0,0.0,-0.24125542,-0.031774238,-0.071185365,-0.45113927,-0.24995562,-0.10452495,-0.5828469,-0.4433419,-0.14814165,-0.6087024,-0.6324462,-0.17983493,-0.36553055,-0.705013,0.029328894,-0.39814737,-1.0257554,-0.06823864,-0.44977647,-1.0321625,-0.1554839,-0.45862108,-0.88863194,-0.1973148,-0.22870506,-0.760699,0.012600616,-0.2605982,-1.1400846,-0.0978152,-0.30386478,-1.0839268,-0.18943627,-0.29627553,-0.87875056,-0.22396961,-0.10066634,-0.76969075,-0.022981135,-0.11296879,-1.1176369,-0.10483071,-0.14524767,-1.0901875,-0.15949658,-0.122644804,-0.91118854,-0.17140707,0.038542714,-0.73832315,-0.06778664,0.017722696,-1.0113875,-0.12134313,-0.010907998,-1.0515199,-0.1489466,-0.0033796865,-0.9551081,-0.15171254
E,Alejandro,Left,0.0,0.0,0.0,-0.24031194,-0.03302053,-0.07343608,-0.43988734,-0.25365943,-0.11103892,-0.5659401,-0.4470895,-0.15794462,-0.6086091,-0.6310654,-0.19290921,-0.34959072,-0.69280297,0.016670642,-0.38696188,-1.0169218,-0.086057484,-0.4492459,-1.0255005,-0.17632996,-0.46169922,-0.88703656,-0.22064807,-0.21915184,-0.749592,-0.00011781055,-0.257961,-1.1341939,-0.11289522,-0.32309267,-1.0919152,-0.2052779,-0.32483155,-0.8939684,-0.24309728,-0.094990544,-0.76185423,-0.036046717,-0.116332516,-1.1090097,-0.11615766,-0.17579208,-1.0931915,-0.1724873,-0.17235884,-0.92356783,-0.1895356,0.04481213,-0.7352263,-0.08199047,0.02890927,-1.0140666,-0.13479911,-0.020668926,-1.0695932,-0.16693412,-0.039691854,-0.98320353,-0.17614542
E,Alejandro,Left,0.0,0.0,0.0,-0.23751622,-0.033770498,-0.07041621,-0.439167,-0.24215542,-0.10883641,-0.56204116,-0.42990515,-0.15705274,-0.59085476,-0.6233768,-0.19328171,-0.34977987,-0.68673915,0.022410603,-0.38682652,-1.0007613,-0.07959616,-0.4539552,-1.0064662,-0.16647014,-0.46998942,-0.8826721,-0.2078495,-0.22258735,-0.74538064,0.0040007327,-0.26411137,-1.1240019,-0.1082461,-0.33335158,-1.0779815,-0.19197656,-0.33939886,-0.8869429,-0.22100677,-0.095970236,-0.7621889,-0.034091562,-0.12651154,-1.0976094,-0.118243404,-0.18726936,-1.0692893,-0.16765068,-0.18636285,-0.90541536,-0.17629564,0.044145476,-0.7384595,-0.081803456,0.014552572,-1.0135278,-0.1358833,-0.03745034,-1.0561318,-0.16095401,-0.05458399,-0.96773493,-0.16276065
E,Alejandro,Left,0.0,0.0,0.0,-0.23590508,-0.030353535,-0.06418903,-0.43391234,-0.2402411,-0.10062136,-0.53874177,-0.42338648,-0.14772463,-0.601625,-0.6003876,-0.1844641,-0.36874577,-0.6737138,0.005595693,-0.4264685,-1.0081713,-0.09900836,-0.4957548,-0.99539506,-0.18489207,-0.5141022,-0.85772896,-0.22442716,-0.24381803,-0.7344142,-0.017080016,-0.31330115,-1.1112251,-0.12652232,-0.3812741,-1.0452546,-0.2074704,-0.37899643,-0.85404205,-0.23707053,-0.11321561,-0.7570874,-0.057573542,-0.16856992,-1.1004398,-0.13774607,-0.22626886,-1.0593714,-0.18752214,-0.21575406,-0.8953024,-0.20054948,0.03535889,-0.7445414,-0.10691033,-0.0138087785,-1.0254221,-0.15570614,-0.06836142,-1.0431411,-0.17723197,-0.0797209,-0.9331554,-0.17956352
E,Alejandro,Left,0.0,0.0,0.0,-0.26415676,-0.043433644,-0.045990996,-0.46815583,-0.22505476,-0.08157554,-0.60212547,-0.3982465,-0.13230136,-0.64771855,-0.580952,-0.17248952,-0.4203546,-0.66340834,0.0638838,-0.49451315,-0.9408857,-0.03546139,-0.5681904,-0.93113875,-0.13292406,-0.59565234,-0.8032424,-0.18374304,-0.30133024,-0.73287773,0.033785377,-0.3773791,-1.0836487,-0.06865241,-0.45992568,-1.048947,-0.16018184,-0.48646674,-0.8666621,-0.20011966,-0.173386,-0.7598971,-0.015590998,-0.2332211,-1.0935576,-0.08858291,-0.3070551,-1.0771155,-0.13991432,-0.3275901,-0.915743,-0.15637712,-0.023936572,-0.7424661,-0.07348243,-0.06346276,-1.0037568,-0.11858892,-0.12262911,-1.0468009,-0.14133815,-0.15723336,-0.96339786,-0.14567074
E,Alejandro,Left,0.0,0.0,0.0,-0.23807937,-0.024534289,-0.063195944,-0.43082607,-0.20556054,-0.10286748,-0.54330987,-0.37431768,-0.15285294,-0.6171115,-0.5351268,-0.192417,-0.40054294,-0.63827807,0.01864448,-0.4981053,-0.93590254,-0.085829094,-0.55829686,-0.938223,-0.1774936,-0.5565097,-0.8308411,-0.2220316,-0.2845994,-0.7089027,-0.0049606664,-0.36676162,-1.0686198,-0.11426379,-0.44339913,-1.0122614,-0.19622457,-0.4480913,-0.82663435,-0.22615176,-0.15846497,-0.7370301,-0.048199914,-0.21932168,-1.0718644,-0.124153495,-0.30861235,-1.0457332,-0.17231362,-0.32672474,-0.89606345,-0.18552414,-0.012078192,-0.7230476,-0.10141326,-0.05455997,-0.99557114,-0.14577737,-0.12784326,-1.029186,-0.16853283,-0.16521564,-0.9435074,-0.17330857
E,Alejandro,Left,0.0,0.0,0.0,-0.23585998,-0.03115318,-0.04581002,-0.4154223,-0.2195663,-0.07150288,-0.5156284,-0.39732975,-0.1108969,-0.5972195,-0.5288846,-0.14142942,-0.35862833,-0.6350481,0.046868812,-0.42430362,-0.91516405,-0.04280123,-0.50291806,-0.9303345,-0.12588985,-0.5337906,-0.8456167,-0.16780697,-0.25766692,-0.703866,0.016624032,-0.32289407,-1.057625,-0.08229429,-0.41960162,-1.0133698,-0.15824407,-0.45235336,-0.84196806,-0.18490863,-0.14863527,-0.733103,-0.031793207,-0.19573523,-1.0624679,-0.09977174,-0.29362988,-1.0367706,-0.14301649,-0.3284213,-0.8979187,-0.15315622,-0.018536102,-0.72228163,-0.089582145,-0.057753496,-0.98348314,-0.12632391,-0.13371673,-1.0088578,-0.14332147,-0.17498365,-0.9243298,-0.14490202
E,Alejandro,Left,0.0,0.0,0.0,-0.23907045,-0.027048796,-0.046689503,-0.4281022,-0.23648337,-0.06963862,-0.53826535,-0.41915643,-0.107604146,-0.6340464,-0.5461741,-0.13610414,-0.42488787,-0.6673616,0.04643226,-0.5186471,-0.93525493,-0.057089716,-0.5843965,-0.9321562,-0.14705914,-0.58534133,-0.8071043,-0.1882643,-0.3169647,-0.75695056,0.016536629,-0.39278647,-1.1127887,-0.083140574,-0.4732529,-1.060268,-0.15645005,-0.47917154,-0.8645641,-0.18185095,-0.19651118,-0.79372406,-0.033747584,-0.24841094,-1.1352222,-0.10499018,-0.34976232,-1.0928861,-0.1471781,-0.3732626,-0.92772573,-0.1563573,-0.05329032,-0.782904,-0.09382835,-0.101787664,-1.0540626,-0.13721079,-0.18910159,-1.0644644,-0.15826426,-0.23413748,-0.95516163,-0.16095066
E,Alejandro,Left,0.0,0.0,0.0,-0.23887193,-0.043420937,-0.03068079,-0.41503888,-0.22682099,-0.055102527,-0.51472586,-0.39420104,-0.09653483,-0.6132806,-0.52288103,-0.12840953,-0.41478583,-0.64399576,0.059879337,-0.49924403,-0.91118824,-0.04072645,-0.5693592,-0.88933396,-0.13132975,-0.585436,-0.7622772,-0.17448452,-0.3126555,-0.7305542,0.02321128,-0.3987772,-1.0662541,-0.07170099,-0.48199838,-1.0089203,-0.14507686,-0.49793524,-0.8277841,-0.17266221,-0.19732507,-0.77553916,-0.032147672,-0.25571325,-1.102849,-0.09751943,-0.3483422,-1.064377,-0.13581826,-0.37808847,-0.9117011,-0.14429742,-0.055375826,-0.77415884,-0.09601058,-0.09297781,-1.0260429,-0.129473,-0.17032467,-1.0551703,-0.1436495,-0.22104272,-0.97526413,-0.14333133
E,Alejandro,Left,0.0,0.0,0.0,-0.25170356,-0.020538416,-0.047769606,-0.43668726,-0.21466798,-0.07762509,-0.53883475,-0.38385415,-0.123242594,-0.62744105,-0.5120887,-0.15717036,-0.44166288,-0.6578769,0.045519833,-0.52212507,-0.9771988,-0.05858817,-0.59484744,-0.9371797,-0.15150382,-0.59855396,-0.7881156,-0.19622663,-0.3378384,-0.7405723,0.013747647,-0.42827883,-1.1227002,-0.08639487,-0.50806063,-1.0464629,-0.16899489,-0.4987862,-0.85370517,-0.20279802,-0.2227367,-0.78697497,-0.03781129,-0.28817168,-1.1414958,-0.10594686,-0.383977,-1.0901328,-0.15822847,-0.385805,-0.92065495,-0.17648593,-0.07654536,-0.797959,-0.09924951,-0.12810001,-1.0796281,-0.13426225,-0.22053885,-1.0871369,-0.15663613,-0.25540647,-0.9668338,-0.16329958
E,Alejandro,Left,0.0,0.0,0.0,-0.23008798,-0.013826255,-0.033041254,-0.40283996,-0.20152195,-0.053219046,-0.49274793,-0.37292325,-0.08986153,-0.5863407,-0.48842356,-0.1152494,-0.42668852,-0.6531432,0.058250774,-0.5188758,-0.92017484,-0.042725377,-0.5914987,-0.9009176,-0.13218783,-0.5995219,-0.7580711,-0.17231339,-0.33047667,-0.7389264,0.023763696,-0.424914,-1.0695524,-0.06371756,-0.49835795,-1.0231384,-0.12952377,-0.49408567,-0.83486027,-0.15260346,-0.22095478,-0.7794406,-0.030493295,-0.28436518,-1.1025798,-0.090637796,-0.37042505,-1.0763559,-0.12230197,-0.38543975,-0.922733,-0.12665047,-0.08458483,-0.77756023,-0.09472734,-0.12294753,-1.0443859,-0.13140759,-0.20029266,-1.0692647,-0.14590105,-0.24391812,-0.9607879,-0.14385913
E,Alejandro,Left,0.0,0.0,0.0,-0.24122375,0.0010299297,-0.02881778,-0.41730297,-0.18696542,-0.042629853,-0.5122337,-0.36145303,-0.07405333,-0.60832936,-0.47003323,-0.09363621,-0.46806517,-0.6309659,0.06394199,-0.56094605,-0.8990124,-0.030896137,-0.62621474,-0.86536807,-0.109360255,-0.61820704,-0.725794,-0.14165471,-0.380189,-0.7276518,0.031262256,-0.47865692,-1.07083,-0.053628158,-0.5500958,-1.0074726,-0.11016165,-0.53025234,-0.8185173,-0.12424837,-0.275078,-0.77977985,-0.020818457,-0.34100947,-1.1144491,-0.07841701,-0.42616498,-1.0637996,-0.10563484,-0.4279961,-0.90359145,-0.104829475,-0.14304967,-0.7894938,-0.08276079,-0.18438102,-1.0619754,-0.116175026,-0.27101964,-1.0689862,-0.13083193,-0.31201774,-0.9500763,-0.1278816
E,Alejandro,Left,0.0,0.0,0.0,-0.24561714,-0.003953251,-0.009054463,-0.40199614,-0.19491178,-0.010318783,-0.4829324,-0.3670062,-0.032603122,-0.56760025,-0.47770151,-0.042008426,-0.44706982,-0.64792836,0.10059082,-0.51622695,-0.9409033,0.023594903,-0.57929444,-0.8987733,-0.04392539,-0.58130056,-0.7578077,-0.06941983,-0.36515403,-0.73414475,0.062735155,-0.44068563,-1.0887737,0.00019012818,-0.51317436,-1.0278229,-0.04209198,-0.5057047,-0.8533384,-0.04800946,-0.27135366,-0.77828085,0.006039186,-0.32222053,-1.1165,-0.033189144,-0.4052434,-1.0624124,-0.04367391,-0.41373244,-0.91039854,-0.03293768,-0.1556723,-0.7838689,-0.060121518,-0.19256751,-1.0577426,-0.076105304,-0.27651903,-1.0576149,-0.073893204,-0.3138605,-0.9417939,-0.059226338
E,Alejandro,Left,0.0,0.0,0.0,-0.24608652,-0.01927182,0.011267957,-0.3674988,-0.2145422,0.016387114,-0.4287256,-0.38900483,-0.004456948,-0.51805633,-0.49236917,-0.011707577,-0.40888268,-0.6743629,0.13351257,-0.47150472,-0.9669523,0.05981836,-0.5489883,-0.90582734,-0.0027253006,-0.54968876,-0.75303733,-0.023145314,-0.33374304,-0.74442255,0.08890714,-0.41135633,-1.1001147,0.025345651,-0.50008565,-1.0081053,-0.009780771,-0.494356,-0.8301151,-0.0065994174,-0.24988556,-0.7835269,0.024968827,-0.29653758,-1.1294519,-0.012503143,-0.39945647,-1.0542736,-0.01625795,-0.41526952,-0.89644396,0.0017520078,-0.14538753,-0.79248047,-0.04755273,-0.17544249,-1.0678667,-0.059488863,-0.2756559,-1.0614752,-0.055022534,-0.3232138,-0.94632596,-0.03723371
E,Alejandro,Left,0.0,0.0,0.0,-0.2356352,-0.0403801,0.012021868,-0.3463996,-0.25751102,0.019980641,-0.39522037,-0.43881375,0.0010744906,-0.46377334,-0.5427029,-0.0034381363,-0.3705454,-0.7073205,0.13246338,-0.4305086,-0.99799794,0.062377702,-0.50898075,-0.92123723,0.004141122,-0.5038727,-0.7661174,-0.015918052,-0.2999134,-0.7710727,0.0849436,-0.36252603,-1.1323328,0.018738506,-0.46824333,-1.0382569,-0.014511558,-0.47088766,-0.86162895,-0.010049606,-0.21925366,-0.7982052,0.0182138,-0.24726969,-1.1357433,-0.021374471,-0.37068495,-1.0645478,-0.02619956,-0.40067005,-0.9162224,-0.009050432,-0.12032038,-0.7882694,-0.05717048,-0.13752349,-1.0673068,-0.06550726,-0.24853562,-1.0646982,-0.05780405,-0.30255902,-0.95213073,-0.039335985
E,Alejandro,Left,0.0,0.0,0.0,-0.2549631,0.018497614,-0.040803067,-0.4578093,-0.12275761,-0.06370296,-0.57793045,-0.2860736,-0.10244381,-0.63597727,-0.4135799,-0.12750824,-0.47765508,-0.59080344,0.07609615,-0.5675388,-0.84914124,-0.0102556385,-0.6391449,-0.79195124,-0.090383634,-0.64319384,-0.6579099,-0.12875329,-0.386472,-0.69561243,0.04714892,-0.48214176,-1.0234971,-0.032097027,-0.56727785,-0.95741993,-0.08986902,-0.5648274,-0.7801793,-0.10675401,-0.2783893,-0.7594324,-0.0033490323,-0.3474309,-1.0791171,-0.05544545,-0.44230452,-1.0370828,-0.07770975,-0.45638883,-0.88978046,-0.07524251,-0.14401965,-0.7860334,-0.0652672,-0.19604443,-1.0372298,-0.08906428,-0.28353545,-1.0426672,-0.091872066,-0.32199347,-0.9391986,-0.0822008
E,Alejandro,Left,0.0,0.0,0.0,-0.25815618,0.13938254,-0.11564368,-0.54071903,0.11139536,-0.18870032,-0.7402879,0.04112489,-0.26485926,-0.8929958,-0.100629866,-0.32898244,-0.672382,-0.3765038,-0.04516764,-0.85550517,-0.6794914,-0.1875682,-0.9260422,-0.61785895,-0.31168616,-0.88453543,-0.45631218,-0.37664324,-0.5741397,-0.5391102,-0.05935761,-0.77709144,-0.9012786,-0.19390284,-0.83855253,-0.80059266,-0.30988464,-0.771229,-0.6002293,-0.36948627,-0.44863164,-0.65536046,-0.09798905,-0.6388319,-0.992525,-0.19988589,-0.724186,-0.92112243,-0.2890001,-0.667851,-0.744295,-0.33543453,-0.28468236,-0.73961633,-0.14905064,-0.43920615,-0.99199724,-0.224735,-0.51645297,-0.9686848,-0.27690664,-0.48891485,-0.8312262,-0.3046976
E,Alejandro,Left,0.0,0.0,0.0,-0.2757798,0.14291278,-0.09821124,-0.56052655,0.11998491,-0.16293558,-0.7604566,0.023551606,-0.2344704,-0.88943607,-0.16143452,-0.2911529,-0.6866672,-0.4064856,-0.0072421595,-0.8600214,-0.6721462,-0.14282499,-0.9105217,-0.6469755,-0.26073492,-0.8616511,-0.50750107,-0.31839088,-0.58784,-0.56405634,-0.02233477,-0.7837127,-0.89216805,-0.15128554,-0.81281906,-0.8296003,-0.24865255,-0.724673,-0.63604903,-0.28817815,-0.46110365,-0.6794116,-0.061958373,-0.6361744,-0.9913026,-0.1610782,-0.67677593,-0.94279975,-0.21572347,-0.6017251,-0.76853275,-0.22884202,-0.30066192,-0.7636784,-0.11440121,-0.43845275,-1.0232221,-0.18873422,-0.49428016,-1.018363,-0.21986403,-0.46522164,-0.87989163,-0.22245207
E,Alejandro,Left,0.0,0.0,0.0,-0.2703023,0.1581864,-0.074792676,-0.54640156,0.12757419,-0.11129102,-0.73104787,0.0018470562,-0.1557759,-0.83482397,-0.18573183,-0.18568462,-0.6482434,-0.40591922,0.042850554,-0.8073292,-0.64230764,-0.056906793,-0.8725632,-0.6361685,-0.15245435,-0.842699,-0.5245297,-0.19970788,-0.5597922,-0.5575891,0.028566727,-0.7456126,-0.8456037,-0.062394563,-0.8022646,-0.8155887,-0.14423168,-0.74010193,-0.6550967,-0.17993411,-0.4444428,-0.66312975,-0.009175805,-0.60560083,-0.9478387,-0.08075448,-0.6771237,-0.9256232,-0.13021408,-0.6267973,-0.7791823,-0.14556402,-0.29171398,-0.7450423,-0.058735963,-0.41537157,-0.9841145,-0.11397661,-0.49190253,-0.98623496,-0.14302057,-0.48134547,-0.86661965,-0.14834295
E,Alejandro,Left,0.0,0.0,0.0,-0.27116305,0.16859755,-0.07197042,-0.54970545,0.13926587,-0.10723471,-0.73637486,0.014989902,-0.15223192,-0.8361192,-0.17841057,-0.18136077,-0.658295,-0.4078677,0.04388314,-0.82672495,-0.66155505,-0.06101462,-0.8923895,-0.6348223,-0.15582927,-0.8573939,-0.5035482,-0.20033866,-0.5710527,-0.5639691,0.026407856,-0.7700693,-0.86237663,-0.06860556,-0.8296216,-0.80728966,-0.145458,-0.7644855,-0.63278,-0.17486623,-0.45455855,-0.6734307,-0.015397531,-0.63277954,-0.96096766,-0.09153022,-0.7024544,-0.9171873,-0.13449554,-0.64589363,-0.76342744,-0.14280923,-0.2970695,-0.76042527,-0.06916868,-0.42657113,-1.0148813,-0.12636547,-0.49879447,-1.0033743,-0.15095438,-0.480208,-0.8715436,-0.15142258
E,Alejandro,Left,0.0,0.0,0.0,-0.27131402,0.16149758,-0.073005,-0.5390314,0.116876766,-0.11232033,-0.72028697,-0.010194302,-0.16145277,-0.8239068,-0.19206403,-0.1970705,-0.63469994,-0.39806876,0.039164208,-0.7973435,-0.6478711,-0.06599775,-0.8690628,-0.62889683,-0.16630657,-0.8355049,-0.50295675,-0.21767266,-0.5452306,-0.549032,0.020212745,-0.73435676,-0.8562754,-0.083463795,-0.799861,-0.7993392,-0.17696895,-0.73761946,-0.6152506,-0.220106,-0.43136808,-0.65627044,-0.021504026,-0.59310794,-0.95163226,-0.09746138,-0.68106085,-0.91433436,-0.16081743,-0.6409859,-0.7534012,-0.18794595,-0.27698687,-0.7387088,-0.07485218,-0.38793024,-0.9940459,-0.13349849,-0.48454115,-0.9970509,-0.17479815,-0.49827167,-0.86702096,-0.19215545
E,Alejandro,Left,0.0,0.0,0.0,-0.26392117,0.12517287,-0.054593347,-0.52287215,0.08066918,-0.08940318,-0.7056872,-0.023854531,-0.1381222,-0.80554056,-0.18750805,-0.17201139,-0.61729693,-0.4293981,0.056114975,-0.7740062,-0.6935028,-0.0474204,-0.8357395,-0.628276,-0.14300582,-0.8096086,-0.48500493,-0.18995465,-0.53013074,-0.56252295,0.030731471,-0.7019161,-0.8816699,-0.061846305,-0.7722046,-0.79221624,-0.13335595,-0.723733,-0.61020434,-0.16034839,-0.4204434,-0.66368943,-0.017447047,-0.56736463,-0.96677595,-0.07778521,-0.6568585,-0.9010141,-0.1091603,-0.63324624,-0.7456619,-0.1142754,-0.27681726,-0.73967075,-0.07801687,-0.38937142,-0.98922753,-0.115154825,-0.48147637,-0.98059344,-0.1282495,-0.49502024,-0.86888146,-0.12493405
E,Alejandro,Left,0.0,0.0,0.0,-0.27603936,0.16075751,-0.07502789,-0.5534874,0.10065356,-0.11504297,-0.7340512,-0.035684902,-0.16481507,-0.83448386,-0.21840195,-0.20005472,-0.6450768,-0.43641117,0.042340543,-0.80640054,-0.70363003,-0.06695608,-0.8815117,-0.66882646,-0.17133783,-0.84755725,-0.5243657,-0.2247956,-0.5556366,-0.5787024,0.023308562,-0.74302727,-0.89473236,-0.08276161,-0.8052208,-0.82715607,-0.17817162,-0.7393688,-0.6397933,-0.2229134,-0.44531038,-0.6775734,-0.019498713,-0.60754716,-0.980692,-0.09752384,-0.6922715,-0.9313516,-0.16013257,-0.6419465,-0.76674944,-0.18694979,-0.29389712,-0.7551145,-0.074356236,-0.41790858,-1.002569,-0.13295034,-0.50973684,-0.9919534,-0.17121738,-0.5089667,-0.85673064,-0.18623206
E,Alejandro,Left,0.0,0.0,0.0,-0.27738947,0.12109038,-0.04926561,-0.5534572,0.06817686,-0.07382574,-0.72659296,-0.08021948,-0.111101694,-0.82380193,-0.2504633,-0.13314775,-0.6224091,-0.46641064,0.056625422,-0.77957284,-0.72984767,-0.037815142,-0.838732,-0.69120204,-0.12140631,-0.8084638,-0.5595985,-0.15727183,-0.528054,-0.60862094,0.03287665,-0.6959913,-0.93385893,-0.04954082,-0.7641266,-0.88001275,-0.11004303,-0.7113481,-0.70283985,-0.12659408,-0.40759858,-0.7080549,-0.012740956,-0.5527765,-1.0053594,-0.073296405,-0.6261243,-0.96260136,-0.100521095,-0.58389765,-0.81153446,-0.09816856,-0.25887206,-0.7743562,-0.06929757,-0.36769125,-1.0179958,-0.11285828,-0.4374148,-1.0134344,-0.124767974,-0.42596513,-0.8988848,-0.11486735
E,Alejandro,Left,0.0,0.0,0.0,-0.26599747,0.05970424,-0.017276764,-0.5098594,-0.04182883,-0.016742963,-0.65411395,-0.1902015,-0.033321932,-0.7258483,-0.3444914,-0.039184213,-0.51313174,-0.53554124,0.11060783,-0.6151377,-0.77867246,0.050200723,-0.6869053,-0.77071005,-0.020543696,-0.7055778,-0.66749847,-0.05749077,-0.4235968,-0.64060813,0.08160558,-0.54434055,-0.92053527,0.03266522,-0.6222176,-0.89648217,-0.021003667,-0.6279054,-0.7553827,-0.044607073,-0.31587294,-0.71271044,0.033075165,-0.42754814,-0.9921164,-0.003221413,-0.51579124,-0.97416365,-0.027686078,-0.5315332,-0.8470375,-0.03359638,-0.1773968,-0.7529087,-0.023904141,-0.263805,-0.98273104,-0.04954054,-0.3424567,-0.9870062,-0.057390187,-0.37680167,-0.88372976,-0.053895332
E,Alejandro,Left,0.0,0.0,0.0,-0.26065382,0.033640005,0.0007251349,-0.478849,-0.08072397,0.015459932,-0.5971972,-0.23227575,0.013353301,-0.6546533,-0.36733612,0.019278696,-0.44103315,-0.5373486,0.12131456,-0.52869993,-0.7432976,0.07582084,-0.5992471,-0.7653094,0.019049194,-0.6225511,-0.6929153,-0.00894786,-0.35553345,-0.63727605,0.09189486,-0.4576192,-0.87497044,0.060325157,-0.53840715,-0.8966943,0.017964348,-0.55866385,-0.7849204,0.001350466,-0.25190142,-0.6986429,0.045662805,-0.34075063,-0.9476044,0.016309131,-0.43005607,-0.9797752,-0.0032794084,-0.46223414,-0.8867579,-0.0041114124,-0.12308651,-0.7202063,-0.006209127,-0.18123946,-0.9243944,-0.03548665,-0.25785896,-0.97239214,-0.04575567,-0.3071603,-0.915099,-0.039738175
E,Alejandro,Left,0.0,0.0,0.0,-0.26556745,-0.013625305,-0.025995294,-0.48232538,-0.16432269,-0.037161723,-0.6100119,-0.34126163,-0.06494803,-0.6305037,-0.5106281,-0.08133799,-0.41048226,-0.6355907,0.10504554,-0.4747797,-0.8924423,0.03788027,-0.5435809,-0.8892283,-0.037478156,-0.5692209,-0.78666526,-0.07746805,-0.31016424,-0.71947545,0.07793609,-0.38546658,-1.023016,0.017642409,-0.46480498,-1.0043924,-0.04243536,-0.486294,-0.8546983,-0.067176744,-0.19901907,-0.7643345,0.03103543,-0.26535523,-1.0595185,-0.009873265,-0.35287604,-1.0553011,-0.034590747,-0.3811383,-0.92451805,-0.038183138,-0.06592781,-0.7658664,-0.025362484,-0.11624694,-1.0049833,-0.04898894,-0.18909551,-1.0406547,-0.055950146,-0.2309135,-0.9628616,-0.05090227
E,Alejandro,Left,0.0,0.0,0.0,-0.25047532,-0.017505568,-0.04141604,-0.47047454,-0.17499182,-0.057567228,-0.6026244,-0.3611655,-0.08357603,-0.60875577,-0.52844125,-0.09879471,-0.39472923,-0.6296102,0.07280173,-0.44632006,-0.8842721,0.0075165126,-0.4985753,-0.92789125,-0.06236357,-0.5177292,-0.8555445,-0.09834012,-0.28037757,-0.70370585,0.05571654,-0.33171868,-1.0032697,-0.0069212113,-0.38537744,-1.0242084,-0.06595525,-0.3995606,-0.88215894,-0.08759944,-0.16393039,-0.7369642,0.020829067,-0.20372409,-1.0280226,-0.02517738,-0.26314574,-1.0693163,-0.050439302,-0.27696636,-0.95728713,-0.05109147,-0.034748454,-0.7226339,-0.022995314,-0.07572544,-0.9433168,-0.057275094,-0.124000065,-1.0119929,-0.06817297,-0.14813994,-0.96914834,-0.061415475
E,Alejandro,Left,0.0,0.0,0.0,-0.2517211,-0.021335311,-0.05941567,-0.48551613,-0.19272734,-0.08811721,-0.6275457,-0.37788954,-0.12506911,-0.6269118,-0.5650584,-0.14951932,-0.38951752,-0.66723895,0.041022882,-0.43205452,-0.9571251,-0.046292767,-0.48053142,-0.9834487,-0.12848936,-0.49038997,-0.8715031,-0.16796418,-0.26713023,-0.7352881,0.027955266,-0.30300936,-1.0808014,-0.053454496,-0.35339442,-1.0862042,-0.12138672,-0.35824564,-0.91448534,-0.14592715,-0.14410527,-0.7617071,-0.004324539,-0.17675538,-1.0876501,-0.061599456,-0.23121814,-1.1073058,-0.09403791,-0.23409827,-0.9622955,-0.096750565,-0.015114878,-0.74245304,-0.046865642,-0.055133007,-0.98325604,-0.08774146,-0.103968345,-1.0452455,-0.10478239,-0.1202823,-0.98283964,-0.10090547
E,Alejandro,Left,0.0,0.0,0.0,-0.2567411,-0.01839055,-0.060779914,-0.49732918,-0.20101254,-0.08812424,-0.63296926,-0.40832353,-0.12265819,-0.6388866,-0.60698336,-0.14612663,-0.40556693,-0.6691505,0.028425511,-0.46087542,-0.96570826,-0.059388086,-0.4770282,-1.0032504,-0.14343266,-0.4612859,-0.8808055,-0.18449587,-0.273349,-0.7374881,0.0146737555,-0.32248664,-1.0865626,-0.06856516,-0.33830032,-1.1003785,-0.14787534,-0.32555252,-0.93216515,-0.1839494,-0.1470677,-0.7593074,-0.016434956,-0.18220021,-1.0827917,-0.076684855,-0.21291809,-1.09895,-0.11791253,-0.20708497,-0.94888884,-0.13001226,-0.010007901,-0.7414255,-0.05658403,-0.055808865,-0.9883633,-0.09836466,-0.09010179,-1.0521445,-0.11802037,-0.10026936,-0.9949603,-0.11930804
E,Alejandro,Left,0.0,0.0,0.0,-0.2607635,-0.0047249836,-0.070849165,-0.4983857,-0.19201273,-0.09764087,-0.64101297,-0.39881384,-0.13068005,-0.6522879,-0.6051479,-0.15301022,-0.41110924,-0.6476765,0.044140715,-0.4601219,-0.93663824,-0.03599026,-0.48407617,-0.9905157,-0.12166304,-0.47542644,-0.8797555,-0.16709907,-0.28151926,-0.72313076,0.035358828,-0.33931807,-1.0699404,-0.04910938,-0.3500916,-1.0819378,-0.14488661,-0.3326288,-0.90710306,-0.1935829,-0.15814674,-0.7479331,0.008657702,-0.20850603,-1.069941,-0.055848885,-0.22815609,-1.100216,-0.11772627,-0.20709197,-0.9455187,-0.14397304,-0.019019293,-0.7395798,-0.026932565,-0.07768378,-0.99312574,-0.076622166,-0.10112139,-1.0607214,-0.110672034,-0.09370129,-0.98729914,-0.1231679
E,Alejandro,Left,0.0,0.0,0.0,-0.24914105,-0.013433483,-0.06467513,-0.48350745,-0.19801055,-0.0932935,-0.61832684,-0.39806455,-0.12854132,-0.6335012,-0.59355676,-0.15299319,-0.40348047,-0.6584845,0.02921378,-0.4576315,-0.94625145,-0.05852564,-0.47339028,-0.9820656,-0.14386563,-0.4568657,-0.8568478,-0.18593259,-0.26879758,-0.7281899,0.0169466,-0.32282874,-1.075112,-0.070432775,-0.3348758,-1.0786861,-0.15736818,-0.31972426,-0.8989155,-0.19702354,-0.14140801,-0.7519376,-0.012440035,-0.18661305,-1.0715653,-0.07538151,-0.2136392,-1.0944992,-0.12500943,-0.19838041,-0.9424105,-0.1415189,-0.001922998,-0.73789644,-0.050676767,-0.05429424,-0.98029137,-0.094796136,-0.08579298,-1.052596,-0.12032528,-0.08738257,-0.9961748,-0.12521437
E,Alejandro,Left,0.0,0.0,0.0,-0.25147727,-0.0007890307,-0.0743619,-0.4846393,-0.19413488,-0.10378665,-0.61426693,-0.41164657,-0.13791898,-0.6288418,-0.61247665,-0.16097365,-0.39598626,-0.65417606,0.020674786,-0.44424418,-0.9500962,-0.0687433,-0.46414506,-0.9958889,-0.15830062,-0.4540682,-0.87137115,-0.2051263,-0.2569902,-0.7235241,0.011374977,-0.30457222,-1.0810395,-0.08549292,-0.31825823,-1.0890646,-0.18857326,-0.30579594,-0.906749,-0.24101503,-0.13236956,-0.7425491,-0.0144575015,-0.16621482,-1.0710962,-0.082413,-0.19061372,-1.1010513,-0.14201453,-0.17379114,-0.9456802,-0.16680937,0.0076307245,-0.7268942,-0.0497359,-0.038440544,-0.974484,-0.09669899,-0.06625267,-1.0523201,-0.12923375,-0.0673734,-0.9977278,-0.14114814
E,Alejandro,Left,0.0,0.0,0.0,-0.2605634,-0.027686613,-0.078567855,-0.48960647,-0.19357339,-0.122551516,-0.6246146,-0.39966986,-0.1708947,-0.6381261,-0.6054641,-0.2069283,-0.39850014,-0.6836439,0.010274752,-0.46090344,-0.973343,-0.082071945,-0.46134636,-1.0051771,-0.17031585,-0.43030265,-0.87801903,-0.21495183,-0.25899154,-0.7587946,0.002311407,-0.2980587,-1.1108564,-0.09047675,-0.28572044,-1.0887849,-0.18212666,-0.26145905,-0.9090704,-0.22695239,-0.12495459,-0.7853577,-0.023048295,-0.15086848,-1.1125216,-0.09131537,-0.15457715,-1.1210625,-0.14511476,-0.13073744,-0.96438485,-0.16656563,0.016399747,-0.7663519,-0.058005203,-0.0026245203,-1.021428,-0.10509064,-0.014385102,-1.0742879,-0.13136952,-0.0071830438,-0.9999742,-0.13841757
E,Alejandro,Left,0.0,0.0,0.0,-0.25788158,-0.029702136,-0.06057459,-0.49682364,-0.20838043,-0.0897253,-0.6329882,-0.41943955,-0.1240359,-0.6223065,-0.61932445,-0.14638376,-0.39178038,-0.6645087,0.038766153,-0.43951467,-0.944819,-0.04461756,-0.46107802,-0.99348265,-0.12887742,-0.4592422,-0.8883111,-0.17164826,-0.26083714,-0.7276445,0.030272473,-0.30666286,-1.0449563,-0.04822512,-0.31068575,-1.0711207,-0.12870066,-0.30121574,-0.9160296,-0.16670352,-0.1326227,-0.7466191,0.0044613555,-0.17583711,-1.0477504,-0.05572336,-0.1928767,-1.0955651,-0.100976214,-0.18564075,-0.95780665,-0.11542339,0.006704083,-0.73077136,-0.029377691,-0.040195625,-0.95812994,-0.07794253,-0.06591986,-1.0317663,-0.10282306,-0.07382954,-0.97707254,-0.10538169
E,Alejandro,Left,0.0,0.0,0.0,-0.25907162,-0.026472688,-0.057750657,-0.48505884,-0.18765359,-0.08860266,-0.6225987,-0.37382817,-0.12983207,-0.63661367,-0.5664695,-0.16155496,-0.40111464,-0.6571206,0.04467089,-0.45872042,-0.90500313,-0.03196312,-0.48918247,-0.9438928,-0.105402224,-0.49033168,-0.8715359,-0.14416026,-0.2734983,-0.74481755,0.025935095,-0.31881264,-1.0598732,-0.049737927,-0.33944815,-1.0487255,-0.109520525,-0.33358547,-0.8939271,-0.13205005,-0.14410849,-0.7798489,-0.011593566,-0.18240047,-1.0779474,-0.071103066,-0.20447457,-1.0664129,-0.091826595,-0.19545236,-0.9262522,-0.08880369,-0.009318829,-0.7637311,-0.05905739,-0.050174963,-1.0032442,-0.09963668,-0.08052457,-1.0304074,-0.10477196,-0.086558685,-0.94848055,-0.09478638
E,Alejandro,Left,0.0,0.0,0.0,-0.2472988,-0.013734378,-0.057647374,-0.4647281,-0.19328454,-0.08702597,-0.5945997,-0.3856855,-0.124870874,-0.63803667,-0.5812112,-0.15106615,-0.40884492,-0.64136845,0.041803814,-0.459965,-0.92384565,-0.038749743,-0.48826003,-0.9445952,-0.112956256,-0.48312533,-0.84146076,-0.1485097,-0.27435127,-0.7300435,0.026181316,-0.34875438,-1.0466777,-0.054083772,-0.35576332,-1.021556,-0.122240745,-0.32856438,-0.8677989,-0.14808792,-0.13999099,-0.7708344,-0.006479611,-0.214896,-1.0717115,-0.067708045,-0.2245639,-1.0567834,-0.090105906,-0.19421655,-0.922937,-0.086705804,0.005526628,-0.76708955,-0.047643848,-0.06185359,-1.0168881,-0.08809224,-0.08396681,-1.0581415,-0.09012698,-0.07239114,-0.9973763,-0.07653965
E,Alejandro,Right,0.0,0.0,0.0,0.26061454,-0.12621707,-0.038821146,0.41789395,-0.36582172,-0.019842172,0.48479453,-0.58998775,-0.012102777,0.46587843,-0.75954354,0.00043077537,0.24704725,-0.7052415,0.10650892,0.28748468,-0.96148354,0.053433273,0.3300736,-1.0159901,-0.015500283,0.34601638,-0.9382285,-0.04795244,0.12811756,-0.747024,0.10394618,0.15160605,-1.0542632,0.048457317,0.19844183,-1.0842634,-0.0339372,0.21833214,-0.9567343,-0.07622474,0.008487117,-0.7508938,0.08377446,0.015074737,-1.0520561,0.023431504,0.052670512,-1.1008414,-0.04969356,0.068958566,-0.978838,-0.08056249,-0.1249145,-0.7187511,0.05934739,-0.11240871,-0.9602818,0.0073551573,-0.07443675,-1.0263537,-0.035621934,-0.044089902,-0.96524036,-0.052281912
E,Alejandro,Right,0.0,0.0,0.0,0.26250052,-0.10483031,-0.045421485,0.42158055,-0.35252273,-0.03000038,0.48161572,-0.57882565,-0.024392182,0.47494274,-0.750744,-0.013463378,0.26594785,-0.70260274,0.0955519,0.30811006,-0.96647507,0.038703367,0.35135663,-1.0062854,-0.03261587,0.36183396,-0.9094782,-0.06560059,0.14234184,-0.7477228,0.094712906,0.17401065,-1.0580873,0.0385004,0.21304655,-1.0878961,-0.04430958,0.22305816,-0.95639,-0.08720639,0.018894535,-0.75409824,0.07572041,0.032495502,-1.055817,0.018208085,0.06552871,-1.114414,-0.055515002,0.075964846,-0.9971105,-0.089042805,-0.11585747,-0.7235825,0.05166519,-0.097191446,-0.95900446,0.002954722,-0.05737179,-1.0360408,-0.040608432,-0.025322353,-0.9861666,-0.05964073
E,Alejandro,Right,0.0,0.0,0.0,0.22586684,-0.10986259,-0.022463499,0.3718211,-0.32232246,8.860015e-05,0.41866437,-0.5103224,0.013810161,0.4377641,-0.66246605,0.031135174,0.23379192,-0.6416847,0.10242343,0.28012297,-0.8222762,0.082398035,0.32969853,-0.89049286,0.04477271,0.3678195,-0.9040922,0.023269583,0.13711901,-0.6937625,0.096002676,0.17305872,-0.9222051,0.078356326,0.22418156,-0.98759514,0.037639774,0.27288985,-0.9620453,0.015037746,0.03763859,-0.7098494,0.07485931,0.0520526,-0.95719934,0.04196054,0.09716783,-1.0250833,0.004734601,0.14525956,-0.9888251,-0.010080824,-0.07309677,-0.6918348,0.049435552,-0.053290866,-0.89570916,0.015990973,-0.007631478,-0.96800965,-0.0025689278,0.042812854,-0.9538496,-0.005492041
E,Alejandro,Right,0.0,0.0,0.0,0.2249776,-0.088844046,-0.021607295,0.360151,-0.33225387,0.0044235224,0.40579048,-0.5289849,0.019496646,0.42218193,-0.6784955,0.03834995,0.24199964,-0.6526717,0.1009671,0.29632032,-0.85592955,0.070854485,0.3605309,-0.9257776,0.030005159,0.39729205,-0.91769224,0.012972713,0.14303833,-0.718299,0.095180005,0.17929226,-0.98300916,0.06582873,0.24576385,-1.0325512,0.020204432,0.28259358,-0.95326155,0.0026715396,0.037806954,-0.74955094,0.07477117,0.05156828,-1.0202305,0.040153477,0.11782144,-1.0611392,0.0024913002,0.16250084,-0.9678738,-0.006488182,-0.0815024,-0.7499227,0.04983238,-0.08689854,-0.9782724,0.015096656,-0.01846471,-1.037841,-0.007410259,0.05200702,-0.9839054,-0.008231239
E,Alejandro,Right,0.0,0.0,0.0,0.24569356,-0.09450986,0.004306538,0.3897308,-0.3382063,0.03454038,0.4432659,-0.5435769,0.044024464,0.48007217,-0.7093255,0.05814781,0.2737063,-0.67830175,0.1399735,0.33575034,-0.9453516,0.09235132,0.39968204,-0.9895749,0.038684085,0.41724145,-0.8991696,0.021857198,0.17180951,-0.75857455,0.11509696,0.22609496,-1.0704732,0.073068894,0.29971415,-1.066334,0.024575401,0.3164881,-0.9107081,0.014670368,0.06317728,-0.7994991,0.07378159,0.09352339,-1.1073881,0.038771983,0.17189337,-1.1025362,0.01839187,0.20557852,-0.9622911,0.025871877,-0.06694757,-0.8042359,0.028382123,-0.05734808,-1.0531285,-0.002668826,0.01887333,-1.0843531,-0.0104272,0.080485605,-0.9967558,0.0034386637
E,Alejandro,Right,0.0,0.0,0.0,0.2562218,-0.11307935,-0.02112056,0.40212986,-0.32878974,0.016172206,0.44547537,-0.5254962,0.04345917,0.456004,-0.68891436,0.07305912,0.23230858,-0.6149516,0.16109793,0.28036407,-0.79372895,0.16819914,0.33351547,-0.8789861,0.13987608,0.3791816,-0.9253223,0.11948127,0.13023931,-0.66380376,0.16059248,0.1823283,-0.8721147,0.16259038,0.24291968,-0.94606763,0.1152653,0.3084147,-0.9504896,0.08321474,0.024351938,-0.68921006,0.14267793,0.0581495,-0.90530413,0.12755287,0.10377971,-0.9756126,0.08005944,0.15430577,-0.9598877,0.052446768,-0.09501829,-0.69385844,0.11941316,-0.07083588,-0.8849872,0.10200072,-0.02748105,-0.95672643,0.07994553,0.026831016,-0.95697933,0.068397194
E,Alejandro,Right,0.0,0.0,0.0,0.251348,-0.113633275,-0.047227368,0.40387908,-0.3811344,-0.032761168,0.46132177,-0.6136737,-0.028164802,0.44343972,-0.7826146,-0.018849697,0.23545812,-0.7310486,0.079871505,0.26421335,-1.0094942,0.021886136,0.31769645,-1.0388806,-0.041957695,0.34050038,-0.9402444,-0.06845618,0.113355085,-0.7727155,0.07804305,0.13083056,-1.0927434,0.01817708,0.17674077,-1.088548,-0.051983245,0.18719977,-0.9282516,-0.080916084,-0.01235886,-0.7771733,0.058704372,-0.0076133357,-1.089685,-0.00040321867,0.04075763,-1.1024799,-0.053610053,0.060583536,-0.9505353,-0.06832797,-0.15003276,-0.7477271,0.03346897,-0.14727224,-1.0029963,-0.01813574,-0.0964956,-1.0480697,-0.04907275,-0.054448146,-0.9608417,-0.05409416
E,Alejandro,Right,0.0,0.0,0.0,0.25095433,-0.113438815,-0.06230552,0.4204657,-0.3937293,-0.05454967,0.484371,-0.6458289,-0.05387269,0.4390122,-0.82122755,-0.04934208,0.2361854,-0.754315,0.052516755,0.2591303,-1.0616099,-0.020350102,0.3178644,-1.0703195,-0.095168635,0.3433178,-0.9392193,-0.12778492,0.10853509,-0.78671443,0.05401792,0.11589799,-1.1305878,-0.021380343,0.16639726,-1.1024015,-0.10489932,0.18604712,-0.92352456,-0.1424617,-0.019042084,-0.77941406,0.037854537,-0.027932102,-1.1073875,-0.033237096,0.018772854,-1.113903,-0.09837158,0.041849818,-0.9433559,-0.1204925,-0.15977895,-0.7392237,0.015044568,-0.16004416,-1.0066743,-0.045956675,-0.110465586,-1.0558459,-0.08730099,-0.06588957,-0.95722675,-0.10012271
E,Alejandro,Right,0.0,0.0,0.0,0.21869332,-0.108268194,-0.03626104,0.3566413,-0.40209603,-0.024118742,0.39666596,-0.6285453,-0.019039776,0.41203535,-0.79307777,-0.009121018,0.19986126,-0.7297231,0.05563934,0.21649548,-0.9841775,0.005774388,0.28537208,-1.0179309,-0.04476259,0.32262188,-0.9465279,-0.06519391,0.08631004,-0.7587306,0.050315373,0.090981945,-1.0690652,0.0027537202,0.17620143,-1.0757287,-0.044105012,0.21680194,-0.9549954,-0.05919803,-0.026213743,-0.7505975,0.03116171,-0.037791725,-1.0573999,-0.017835155,0.052455693,-1.0586563,-0.04784019,0.10373058,-0.9497917,-0.05058317,-0.14728989,-0.7071464,0.007299738,-0.15102862,-0.9563554,-0.038534995,-0.07705005,-0.9786064,-0.05353288,-0.018657926,-0.9069559,-0.048565004
E,Alejandro,Right,0.0,0.0,0.0,0.23131584,-0.13499966,-0.030455757,0.3734421,-0.4564561,-0.031728137,0.4398092,-0.69189084,-0.04734556,0.44290426,-0.8702472,-0.057681367,0.2194871,-0.8094975,0.031424172,0.24268967,-1.1421257,-0.04879199,0.3291513,-1.0891705,-0.12381607,0.3465634,-0.93802655,-0.15777671,0.10340292,-0.836224,0.008649599,0.11347362,-1.2253294,-0.05792023,0.2115601,-1.137061,-0.121468455,0.22821248,-0.9488662,-0.1509178,-0.015983524,-0.82555073,-0.027394881,-0.026033102,-1.1950029,-0.07540614,0.08057574,-1.1360955,-0.10850259,0.114001185,-0.961373,-0.11994832,-0.14348274,-0.7803701,-0.06959476,-0.15653343,-1.0773386,-0.11279076,-0.06568013,-1.0824722,-0.13103864,-0.008963456,-0.9669006,-0.13491122
E,Alejandro,Right,0.0,0.0,0.0,0.21888939,-0.14024776,-0.03203187,0.3513633,-0.45904166,-0.03309142,0.41239926,-0.6862337,-0.04928869,0.4202848,-0.84696454,-0.061963767,0.20267276,-0.79410785,0.031037979,0.2297305,-1.1197557,-0.047866274,0.31254688,-1.0861804,-0.12395348,0.33740568,-0.94135934,-0.16033977,0.08871501,-0.81484985,0.008363965,0.09854369,-1.1878334,-0.06489658,0.18818657,-1.1149635,-0.14098781,0.20792967,-0.9292904,-0.17890489,-0.026781788,-0.7964775,-0.026843656,-0.03926238,-1.1509498,-0.079532824,0.054546185,-1.1157092,-0.12910034,0.09071214,-0.9450593,-0.1516225,-0.15045893,-0.74390346,-0.06754658,-0.18101795,-1.0155263,-0.11263463,-0.101777665,-1.0518801,-0.14450303,-0.037449125,-0.9636953,-0.15931515
E,Alejandro,Right,0.0,0.0,0.0,0.21944797,-0.17309502,-0.038525216,0.3388961,-0.46748096,-0.027963933,0.38350546,-0.70168,-0.029168088,0.37520325,-0.8607401,-0.026995646,0.17428729,-0.7575297,0.06505355,0.20339446,-1.0186063,0.0113265375,0.2576891,-1.0402576,-0.049186274,0.28343108,-0.9589926,-0.078713685,0.06262977,-0.77342,0.05707253,0.072886236,-1.0904,0.007026672,0.12982295,-1.0959991,-0.059191674,0.15861358,-0.9671679,-0.09545201,-0.049999624,-0.7589399,0.03422577,-0.052504994,-1.0678476,-0.017810125,0.005510055,-1.0873306,-0.0729254,0.040615056,-0.95692223,-0.09813839,-0.17340933,-0.7163079,0.0064707557,-0.18418582,-0.96728086,-0.03820326,-0.128231,-1.0200562,-0.069688834,-0.07354948,-0.9480219,-0.08318488
E,Alejandro,Right,0.0,0.0,0.0,0.2071284,-0.19089596,-0.0599611,0.32851908,-0.45197797,-0.051712934,0.35897827,-0.6890094,-0.046970427,0.34953356,-0.81230783,-0.038921062,0.12950428,-0.6854985,0.10231605,0.15454751,-0.89454603,0.0891606,0.1983431,-0.95327765,0.04445248,0.24269113,-0.9701036,0.010730528,0.016694756,-0.68655205,0.11211517,0.034813616,-0.9210094,0.09125814,0.08455895,-0.9846562,0.024680547,0.15062799,-0.98346007,-0.023068609,-0.10276363,-0.6606438,0.10459163,-0.09140135,-0.8969571,0.072198205,-0.04490469,-0.9663935,0.01259398,0.024664849,-0.93718415,-0.024543531,-0.23119265,-0.605547,0.089387216,-0.23053627,-0.800201,0.059092294,-0.19503914,-0.8816555,0.029586527,-0.12852673,-0.88762856,0.011819786
E,Alejandro,Right,0.0,0.0,0.0,0.23042579,-0.1331791,-0.085138746,0.38902274,-0.43129697,-0.11476841,0.45186472,-0.7002952,-0.14889805,0.38566387,-0.8687428,-0.18018873,0.19124976,-0.77300656,-0.025865527,0.18298988,-1.1039993,-0.12967795,0.22241715,-1.1148268,-0.21674375,0.24808924,-0.9687372,-0.25462553,0.033043593,-0.76973933,-0.027604094,0.008262811,-1.1374284,-0.1292486,0.065771684,-1.072815,-0.21320982,0.1086058,-0.8879629,-0.24983217,-0.109479144,-0.72154045,-0.04568639,-0.14927885,-1.0700436,-0.12549247,-0.087619476,-1.0519576,-0.17773266,-0.035209164,-0.889975,-0.19565995,-0.24961884,-0.6351381,-0.07262726,-0.2938536,-0.8877481,-0.13221632,-0.24116644,-0.9321021,-0.1646026,-0.1808538,-0.8580357,-0.1756043
E,Alejandro,Right,0.0,0.0,0.0,0.23652427,-0.16238704,-0.07939957,0.38938466,-0.48140368,-0.09519659,0.43791306,-0.7430449,-0.11631288,0.38772258,-0.9045876,-0.1321836,0.1799258,-0.8023138,-0.0071979724,0.19167659,-1.1234016,-0.11218875,0.20872508,-1.1266857,-0.20003133,0.21421017,-0.97678757,-0.23731452,0.018262276,-0.8061817,-0.008633448,-0.0057284194,-1.1917465,-0.11201099,0.033680797,-1.1496994,-0.19875337,0.0718134,-0.9630518,-0.23596172,-0.12871306,-0.7617137,-0.02731769,-0.1707305,-1.1197665,-0.1101161,-0.11734658,-1.0982858,-0.16615793,-0.058496464,-0.93474233,-0.18437701,-0.27547744,-0.67220414,-0.054579433,-0.32183895,-0.917816,-0.11433174,-0.27243376,-0.968531,-0.14908685,-0.20269065,-0.90551984,-0.1609787
E,Alejandro,Right,0.0,0.0,0.0,0.23282602,-0.14648001,-0.061764132,0.38879713,-0.4764665,-0.062156748,0.44999135,-0.745008,-0.06983108,0.41513816,-0.9097584,-0.069760576,0.19655223,-0.82846624,0.03589511,0.21176481,-1.1398708,-0.04312405,0.24367848,-1.1099252,-0.11634091,0.24644953,-0.962974,-0.146826,0.045198195,-0.84954506,0.03216375,0.033727705,-1.2090347,-0.040430848,0.0651541,-1.1432937,-0.10771855,0.07426216,-0.95657593,-0.13452908,-0.1004686,-0.827799,0.011163693,-0.12271326,-1.1715357,-0.05155833,-0.08458523,-1.1231093,-0.09028169,-0.06609284,-0.9506752,-0.09767181,-0.24709831,-0.76835203,-0.017654782,-0.27422053,-1.0471339,-0.061721005,-0.23041247,-1.0490577,-0.07353525,-0.19564475,-0.93575215,-0.06813757
E,Alejandro,Right,0.0,0.0,0.0,0.22312078,-0.12382988,-0.053197086,0.36475044,-0.43931308,-0.049887963,0.4245957,-0.68356884,-0.05490911,0.3980998,-0.8546059,-0.054466736,0.19801526,-0.7753383,0.04482372,0.20263352,-1.0636626,-0.027147787,0.26305985,-1.0708976,-0.09868116,0.285856,-0.9582726,-0.12951486,0.06844446,-0.7979755,0.037875053,0.051698968,-1.1448854,-0.029379744,0.11358663,-1.1082344,-0.09758036,0.13114437,-0.93383527,-0.12460271,-0.060922787,-0.780847,0.014669201,-0.09289259,-1.1084121,-0.045711804,-0.031370454,-1.093978,-0.0891366,-0.0052760458,-0.9351342,-0.09881416,-0.19671066,-0.7306916,-0.015347425,-0.2191845,-0.9992928,-0.06705213,-0.15802608,-1.0269243,-0.09081141,-0.11109608,-0.93103987,-0.09209209
E,Alejandro,Right,0.0,0.0,0.0,0.23338775,-0.13873479,-0.035218503,0.38581032,-0.44974303,-0.02116509,0.44111273,-0.6884919,-0.01864618,0.41288757,-0.853942,-0.00856676,0.21504018,-0.7882775,0.07217433,0.24421346,-1.0798534,0.0034085487,0.30265877,-1.0710976,-0.064860016,0.31470573,-0.9419509,-0.08953636,0.0877523,-0.8183455,0.061250266,0.09501042,-1.1598859,0.002818347,0.154492,-1.1191691,-0.054698154,0.16446091,-0.93755245,-0.07055437,-0.041915193,-0.81181574,0.033566188,-0.047483146,-1.1455115,-0.01659096,0.011637752,-1.1308457,-0.04467232,0.03201871,-0.9709685,-0.041212834,-0.18310983,-0.772757,-0.0005396668,-0.18858871,-1.052038,-0.041691877,-0.1316614,-1.0861136,-0.052038755,-0.089613535,-0.9959766,-0.04004571
E,Alejandro,Right,0.0,0.0,0.0,0.23256435,-0.12299209,-0.05939187,0.38098902,-0.40557164,-0.055632297,0.43486014,-0.64042854,-0.05855817,0.4153983,-0.8106988,-0.054972272,0.22553115,-0.7300269,0.06042473,0.26290956,-0.98466194,-0.0138477385,0.30207625,-1.0252151,-0.09021059,0.3115138,-0.9311441,-0.12207528,0.09718138,-0.7648627,0.062264573,0.11621835,-1.075191,-0.00941243,0.15244956,-1.0849863,-0.0865839,0.16349012,-0.9334222,-0.11794909,-0.027400233,-0.76262575,0.045635547,-0.02334712,-1.068803,-0.020078806,0.007678812,-1.1048646,-0.07784612,0.02568328,-0.97078615,-0.094525285,-0.16242215,-0.7262953,0.022362547,-0.15483254,-0.97097313,-0.028871026,-0.11977593,-1.0458965,-0.062092196,-0.086469345,-0.9962545,-0.06887642
E,Alejandro,Right,0.0,0.0,0.0,0.21892487,-0.15579042,-0.030899746,0.35177764,-0.41048887,-0.015273476,0.40665418,-0.6218679,-0.010022849,0.39819917,-0.7769584,-0.0001556095,0.2033483,-0.7058901,0.09862675,0.24333693,-0.9174178,0.058743495,0.28809515,-0.9696196,0.0046474007,0.31300607,-0.93523514,-0.022161061,0.09847553,-0.73693115,0.09281022,0.124141894,-0.9986112,0.05686739,0.17139773,-1.0482986,0.0029257035,0.20163576,-0.9766498,-0.023781726,-0.0060583865,-0.7336201,0.070322186,0.0016863872,-1.0045861,0.029897878,0.04561035,-1.0640852,-0.011876108,0.08444519,-0.99642813,-0.026972625,-0.120794706,-0.7000265,0.04229161,-0.12180419,-0.91442263,0.007678496,-0.082656525,-0.9923932,-0.014245018,-0.036176257,-0.9756227,-0.018728891
E,Alejandro,Right,0.0,0.0,0.0,0.22227867,-0.12416392,-0.013223224,0.351928,-0.36708614,2.646296e-05,0.37355345,-0.56762195,-0.0021644887,0.35779443,-0.70700955,-0.0005910511,0.2376403,-0.66804075,0.072202854,0.28428155,-0.8733736,0.027024627,0.36497837,-0.8693539,-0.018428631,0.4097123,-0.78221405,-0.03842919,0.14395821,-0.724356,0.050454494,0.18679582,-0.9780799,0.011297577,0.2788806,-1.0019,-0.03414358,0.3340793,-0.9089338,-0.054179415,0.042383086,-0.7404571,0.015755692,0.06789694,-1.0143728,-0.024345495,0.16367108,-1.0502068,-0.059810273,0.23359774,-0.9723333,-0.071971804,-0.0692673,-0.7181347,-0.023022156,-0.08581919,-0.9523537,-0.05937532,-0.010257419,-1.0036829,-0.07540918,0.06887602,-0.94354427,-0.07539401
E,Alejandro,Right,0.0,0.0,0.0,0.21440226,-0.10168806,0.020574668,0.3086221,-0.4106204,0.055629596,0.35597917,-0.6229939,0.06554794,0.38271198,-0.7799737,0.080705024,0.21900976,-0.7281682,0.13276131,0.26870933,-0.98776627,0.092252634,0.35838366,-1.0027773,0.05290672,0.3883243,-0.90466225,0.045016147,0.13404399,-0.78738004,0.09867986,0.17393689,-1.1005822,0.06968843,0.28146446,-1.1010435,0.03906323,0.31091428,-0.95043796,0.039726693,0.040155567,-0.80021656,0.050447203,0.05976673,-1.1170653,0.021036634,0.16808972,-1.113228,0.010273388,0.21132983,-0.9750208,0.023238938,-0.06778189,-0.7725715,-0.00063853886,-0.060664613,-1.0343642,-0.0345475,0.031747337,-1.0656999,-0.04155864,0.100531,-0.9642474,-0.027017867
E,Alejandro,Right,0.0,0.0,0.0,0.20816141,-0.119730435,-0.0037866924,0.30858323,-0.42362353,0.015905961,0.35775232,-0.6388869,0.015565117,0.3865204,-0.8081418,0.018982306,0.21956734,-0.7322943,0.098329626,0.25917375,-0.98656654,0.03981004,0.34435713,-1.0095965,-0.01871539,0.3747488,-0.91181123,-0.040579055,0.13531695,-0.78461605,0.07023757,0.16297947,-1.1038454,0.0191773,0.2635585,-1.1071877,-0.036179498,0.2936447,-0.95396453,-0.05530788,0.04199008,-0.7932717,0.027432123,0.04661796,-1.1063347,-0.016912865,0.1538306,-1.1122756,-0.050684232,0.20210226,-0.9793644,-0.056071658,-0.06354131,-0.7654449,-0.019365594,-0.07316925,-1.0345669,-0.063008286,0.018319376,-1.07554,-0.08384084,0.09247396,-0.98164403,-0.083274655
E,Alejandro,Right,0.0,0.0,0.0,0.2102048,-0.12001062,0.022427835,0.30669546,-0.41018257,0.05126464,0.35391995,-0.61535484,0.053016335,0.39510947,-0.77277064,0.057805218,0.21745178,-0.7300835,0.1352741,0.26682252,-0.9748599,0.088117614,0.3564362,-0.97701144,0.03557392,0.38331893,-0.8717692,0.014331235,0.14473946,-0.7921598,0.09084905,0.19516492,-1.1016421,0.04470711,0.3111054,-1.0798517,-0.01030767,0.34493342,-0.9161456,-0.029932259,0.059309322,-0.81446195,0.032552976,0.08509311,-1.1281296,-0.007935088,0.2065443,-1.1109174,-0.04252572,0.25826892,-0.96607304,-0.050262205,-0.041871212,-0.79720795,-0.028331922,-0.04121612,-1.0639249,-0.069870114,0.06041487,-1.0868224,-0.090403415,0.13980646,-0.976142,-0.091495715
E,Alejandro,Right,0.0,0.0,0.0,0.19506063,-0.11861938,0.016724303,0.28895137,-0.4140563,0.036910187,0.33882892,-0.61735535,0.032816604,0.38160402,-0.76893795,0.0330076,0.21147873,-0.7357482,0.09378375,0.26173988,-1.016626,0.02975944,0.35167876,-0.99955297,-0.029366428,0.37516534,-0.8711865,-0.052322265,0.13924074,-0.7861778,0.05172796,0.18696345,-1.1124543,-0.00021898386,0.30087462,-1.0817307,-0.050192278,0.3309021,-0.9232452,-0.06897083,0.056024984,-0.79670393,-0.0034526053,0.080810435,-1.1305581,-0.048366144,0.19514008,-1.1103665,-0.07623877,0.23999645,-0.97077376,-0.081033014,-0.03999286,-0.77248544,-0.061294764,-0.041815132,-1.0417304,-0.10450382,0.053636752,-1.0740817,-0.12232668,0.12641749,-0.9808257,-0.12279277
E,Alejandro,Right,0.0,0.0,0.0,0.21398734,-0.115269296,0.013115657,0.33299467,-0.42402834,0.037556447,0.39330834,-0.65278643,0.0381623,0.43928853,-0.8114754,0.044606417,0.2740306,-0.77047765,0.11249498,0.3319413,-1.0533231,0.0609624,0.41472092,-1.0269985,0.0054444545,0.4200587,-0.9074969,-0.017859215,0.19595245,-0.82492185,0.07491058,0.25145972,-1.1586748,0.03313549,0.3504459,-1.0996741,-0.017415622,0.35197425,-0.9287496,-0.038188905,0.0983809,-0.8511161,0.023876742,0.14231339,-1.1864289,-0.01422775,0.24056388,-1.131875,-0.040078398,0.24791135,-0.9678214,-0.0448296,-0.021624727,-0.84852886,-0.030028695,0.0074758255,-1.1362422,-0.0678591,0.09093272,-1.1204096,-0.07710415,0.12193792,-0.98308,-0.07157186
E,Alejandro,Right,0.0,0.0,0.0,0.19490553,-0.15959755,0.030283589,0.28931847,-0.47737575,0.043197267,0.3357386,-0.70159274,0.02815995,0.38306916,-0.8795219,0.017833091,0.2316236,-0.8149226,0.07795048,0.29709378,-1.0964193,0.0055403067,0.3953639,-0.98743486,-0.061947394,0.4007234,-0.8338988,-0.09407585,0.15114196,-0.8672302,0.018549751,0.20878068,-1.2328854,-0.038362168,0.33079967,-1.1075879,-0.08411546,0.3386142,-0.92073554,-0.102294296,0.051125854,-0.8739525,-0.051263884,0.07758156,-1.2524179,-0.09264716,0.20210968,-1.144838,-0.10116064,0.22741614,-0.9737977,-0.097285695,-0.06326819,-0.8330902,-0.12320913,-0.060040265,-1.1432774,-0.16094348,0.04623298,-1.1190873,-0.15948477,0.10145615,-0.9907333,-0.15028758
E,Alejandro,Left,0.0,0.0,0.0,-0.24469377,-0.034579527,-0.0640391,-0.43852782,-0.23219922,-0.09628859,-0.54863715,-0.42508554,-0.13911651,-0.56906575,-0.61419106,-0.17142783,-0.36102647,-0.65645385,0.045429412,-0.40506136,-0.93494964,-0.042115897,-0.47123575,-0.96233445,-0.12457348,-0.4950576,-0.8688601,-0.16700812,-0.23822354,-0.7256606,0.025511961,-0.30218413,-1.0766453,-0.07271423,-0.36601886,-1.0533503,-0.1574819,-0.37619418,-0.8841271,-0.19192046,-0.1133575,-0.7503299,-0.0132589955,-0.16821598,-1.0762212,-0.09307029,-0.21837476,-1.0526613,-0.14316235,-0.20906404,-0.8930109,-0.15445377,0.033367105,-0.73601735,-0.060827173,-0.020437779,-1.000694,-0.11462976,-0.06687886,-1.0251125,-0.13671589,-0.07410589,-0.923417,-0.1375909
E,Alejandro,Left,0.0,0.0,0.0,-0.2440433,-0.027988298,-0.05807563,-0.4449604,-0.23529436,-0.08656217,-0.55722934,-0.43151903,-0.12699665,-0.5725993,-0.6234406,-0.15728138,-0.3695818,-0.66690737,0.04328178,-0.41489366,-0.9477497,-0.044889398,-0.4778947,-0.96939594,-0.12481228,-0.4967658,-0.86788464,-0.16464008,-0.24687804,-0.7382765,0.020373505,-0.30803114,-1.0914543,-0.07507728,-0.36218584,-1.0587085,-0.15233454,-0.36012322,-0.88099605,-0.18034048,-0.120735094,-0.76315796,-0.02098898,-0.17472772,-1.0935305,-0.09717122,-0.22410674,-1.0645423,-0.13987432,-0.21511792,-0.902546,-0.1461613,0.023249827,-0.7449778,-0.071089864,-0.021247016,-1.0132736,-0.122715086,-0.06738486,-1.0399094,-0.14172931,-0.07661088,-0.9380615,-0.13984008
E,Alejandro,Left,0.0,0.0,0.0,-0.26108477,-0.019155612,-0.05810391,-0.4684971,-0.21339478,-0.08650041,-0.598158,-0.413206,-0.1275971,-0.6151254,-0.60934937,-0.1570377,-0.3949135,-0.64922,0.06795442,-0.45253953,-0.9285243,-0.0136690475,-0.5198483,-0.94028944,-0.093562916,-0.5352093,-0.84471947,-0.13540006,-0.27745083,-0.7250933,0.046085186,-0.344842,-1.075101,-0.043289658,-0.4181489,-1.0418574,-0.12058051,-0.4294365,-0.87206566,-0.1504751,-0.15239148,-0.75818175,0.0038334944,-0.2112392,-1.088439,-0.06733371,-0.27345577,-1.0570693,-0.109810986,-0.2696074,-0.89861965,-0.11736445,-0.00812356,-0.7530673,-0.04789993,-0.065338895,-1.018322,-0.09531338,-0.11807766,-1.0306625,-0.1123726,-0.12495226,-0.9196534,-0.11024765
E,Alejandro,Left,0.0,0.0,0.0,-0.23906128,-0.040606946,-0.064869314,-0.4343233,-0.23144321,-0.09958146,-0.5629988,-0.40726963,-0.14596634,-0.62113094,-0.58617157,-0.18232171,-0.3895451,-0.6587321,0.04608979,-0.45830357,-0.9227267,-0.055081792,-0.5285769,-0.9299068,-0.14758484,-0.55107206,-0.83445764,-0.19388995,-0.26853067,-0.73405117,0.024928268,-0.34400925,-1.0866559,-0.086854905,-0.4117862,-1.0284067,-0.17233588,-0.41599673,-0.84361523,-0.20009665,-0.1402019,-0.76709354,-0.01680604,-0.20306921,-1.100853,-0.10350221,-0.26376057,-1.0489165,-0.14911854,-0.25690055,-0.8838006,-0.15189876,0.0067816093,-0.75766855,-0.0681444,-0.053941905,-1.0118573,-0.120876335,-0.1093092,-1.0248414,-0.13990839,-0.11937491,-0.9277734,-0.13587706
E,Alejandro,Left,0.0,0.0,0.0,-0.26125056,-0.02095283,-0.053425048,-0.46033117,-0.20796153,-0.08117775,-0.57744586,-0.39389902,-0.121404134,-0.6425132,-0.5682824,-0.15237875,-0.4206499,-0.6142924,0.05726063,-0.49466932,-0.870356,-0.029288191,-0.56465065,-0.8847549,-0.11539064,-0.59410155,-0.80439,-0.16214748,-0.30742002,-0.6951343,0.031083204,-0.3900385,-1.0347241,-0.067425996,-0.4624993,-0.9888585,-0.15105319,-0.47666505,-0.8176513,-0.18488096,-0.18674754,-0.73232347,-0.013900417,-0.25415972,-1.0582428,-0.08595386,-0.3258475,-1.0165849,-0.13178295,-0.33340237,-0.85998696,-0.14353171,-0.04330951,-0.72795105,-0.068289906,-0.10462473,-0.98492616,-0.109927766,-0.17193002,-0.992434,-0.12742539,-0.19695462,-0.888736,-0.12912166
E,Alejandro,Left,0.0,0.0,0.0,-0.2786359,-0.009165826,-0.03311004,-0.4881813,-0.19735599,-0.040151097,-0.58254045,-0.4089817,-0.06187069,-0.62892485,-0.579145,-0.072645694,-0.4185673,-0.65851,0.082381606,-0.48482078,-0.9476198,0.0073611434,-0.5495272,-0.944864,-0.06851585,-0.568841,-0.82244754,-0.1052775,-0.3024151,-0.74226993,0.053574897,-0.36820415,-1.0888348,-0.021147223,-0.44581798,-1.0560843,-0.0887437,-0.45954654,-0.8827346,-0.11410394,-0.18078576,-0.77612257,0.0057295533,-0.22556095,-1.102242,-0.046786968,-0.30383033,-1.0888423,-0.08265081,-0.31738853,-0.946133,-0.09137372,-0.03690729,-0.7687676,-0.05116233,-0.072598286,-1.0323985,-0.08576828,-0.14441352,-1.0625348,-0.10087913,-0.17941466,-0.9722988,-0.09991398
>>>>>>> 7d9f37f22dd187ba80ac518fe1a9cc6859782694
