label,persona,mano,x0,y0,z0,x1,y1,z1,x2,y2,z2,x3,y3,z3,x4,y4,z4,x5,y5,z5,x6,y6,z6,x7,y7,z7,x8,y8,z8,x9,y9,z9,x10,y10,z10,x11,y11,z11,x12,y12,z12,x13,y13,z13,x14,y14,z14,x15,y15,z15,x16,y16,z16,x17,y17,z17,x18,y18,z18,x19,y19,z19,x20,y20,z20
T,Alan,Right,0.0,0.0,0.0,0.24515393,-0.101500444,-0.013420867,0.38727814,-0.37451425,-0.019055363,0.41949168,-0.6495219,-0.04984886,0.44774234,-0.8941626,-0.06695265,0.3586534,-0.5966622,0.10322763,0.51868904,-0.78694576,-0.015325447,0.51423085,-0.6374285,-0.06557398,0.4403145,-0.5196251,-0.06871802,0.25106877,-0.65795314,0.061286893,0.41472927,-0.79558873,-0.05782123,0.33671686,-0.5006282,-0.07068964,0.25135168,-0.44190007,-0.039049603,0.13374837,-0.69310415,-0.006923249,0.28922623,-0.7564521,-0.15533106,0.21293779,-0.4742954,-0.12148692,0.11884306,-0.44391048,-0.05083792,-0.0003805073,-0.7166552,-0.07423341,0.15839484,-0.79506004,-0.15750381,0.12503718,-0.59226286,-0.10856447,0.04173028,-0.5623424,-0.046053283
T,Alan,Right,0.0,0.0,0.0,0.23585352,-0.09713159,-0.03395603,0.38142273,-0.37159678,-0.047913145,0.41127443,-0.65482134,-0.08125643,0.44189462,-0.89706695,-0.09853172,0.3584937,-0.6099485,0.06966605,0.50479543,-0.8071077,-0.044605125,0.5126794,-0.6582409,-0.08297625,0.44910645,-0.5423196,-0.07736568,0.24616571,-0.6668728,0.040028997,0.40572363,-0.8162241,-0.07551943,0.33779615,-0.5156225,-0.076852396,0.25828376,-0.46231964,-0.03600658,0.13094562,-0.6988019,-0.015362978,0.27970737,-0.76914024,-0.15956476,0.20921864,-0.48658323,-0.12013897,0.11578667,-0.45701817,-0.045654316,-0.0010090878,-0.71766967,-0.07148281,0.14622901,-0.81635994,-0.15092185,0.12137726,-0.6174654,-0.09985979,0.042233653,-0.5802946,-0.03532266
T,Alan,Right,0.0,0.0,0.0,0.2297133,-0.08969694,-0.08366529,0.36209032,-0.35277945,-0.08590489,0.37256378,-0.67026937,-0.0896483,0.4058766,-0.9139279,-0.08515032,0.3382618,-0.5606118,0.106506325,0.39549935,-0.7033043,0.054673504,0.4002126,-0.67114174,0.01623133,0.38688633,-0.64028454,0.00040563676,0.19341397,-0.60124034,0.12142411,0.24442828,-0.79415756,0.03206685,0.24439137,-0.5965381,-0.017122025,0.22932692,-0.47984132,-0.015974307,0.044388894,-0.6083423,0.113379784,0.093321055,-0.74855757,-0.025048127,0.09741138,-0.5142861,-0.040078558,0.07095542,-0.39744326,-0.0008917418,-0.120297655,-0.60669184,0.10357588,-0.051389724,-0.7641588,0.0020187434,-0.035097383,-0.60356575,0.00688652,-0.04355407,-0.5069132,0.042492136
T,Alan,Right,0.0,0.0,0.0,0.26048428,-0.090569355,-0.01321052,0.40939212,-0.35912764,-0.019649703,0.43170542,-0.6458685,-0.052251358,0.45057952,-0.8927363,-0.069291316,0.38488165,-0.6037737,0.11195136,0.5353772,-0.80646276,-0.01161011,0.5215053,-0.64480406,-0.060632713,0.44077536,-0.51666325,-0.059248943,0.25552768,-0.67011636,0.06857093,0.39927632,-0.8097846,-0.05550161,0.32165194,-0.49871585,-0.066983156,0.24884333,-0.4524578,-0.029667553,0.12776911,-0.70147103,-0.0021579405,0.24952316,-0.7642283,-0.15246485,0.18333736,-0.45959318,-0.11244586,0.10691183,-0.43080646,-0.034580015,-0.010227139,-0.720538,-0.07211347,0.11335366,-0.8163802,-0.15065946,0.0883107,-0.6022273,-0.093626924,0.026836237,-0.55933976,-0.022531651
T,Alan,Right,0.0,0.0,0.0,0.3057381,-0.043242786,-0.0047840094,0.4998167,-0.27768248,-0.0050775837,0.5369129,-0.58680177,-0.031036701,0.56300795,-0.8264515,-0.039905965,0.43815765,-0.53715754,0.08335275,0.6210462,-0.75513434,-0.020784648,0.6128891,-0.53896207,-0.038565002,0.51367086,-0.41210836,-0.01838717,0.3285202,-0.6349807,0.034957953,0.544864,-0.8317788,-0.075791836,0.44707847,-0.49062288,-0.06994433,0.3250926,-0.4386179,-0.024497168,0.20372629,-0.7181708,-0.035257414,0.4049138,-0.8436087,-0.19047572,0.29775053,-0.50254637,-0.13791391,0.15579498,-0.45951656,-0.05071395,0.039935533,-0.7972788,-0.101859204,0.23467356,-0.9345516,-0.19663192,0.2117947,-0.6936424,-0.13347243,0.11317604,-0.6258579,-0.0564602
T,Alan,Right,0.0,0.0,0.0,0.25980687,-0.09768081,-0.027667154,0.40248242,-0.36867297,-0.032057885,0.4120419,-0.6576921,-0.059753094,0.42526153,-0.9050705,-0.076309614,0.32450414,-0.59523845,0.093010925,0.47266102,-0.81794834,-0.014378404,0.5246256,-0.69783473,-0.0658852,0.49199176,-0.5618504,-0.07282314,0.21648048,-0.65233135,0.059162218,0.38436013,-0.8228362,-0.0588929,0.33856988,-0.54429066,-0.084761575,0.24667461,-0.4447292,-0.06344405,0.09739927,-0.6940094,0.0006035113,0.2691944,-0.81716335,-0.1447721,0.21089359,-0.5362992,-0.11962143,0.099194966,-0.45286122,-0.05485605,-0.051289313,-0.72652197,-0.058850948,0.115017444,-0.87043655,-0.14619222,0.113347284,-0.6766971,-0.102751784,0.03568975,-0.59525293,-0.042730503
T,Alan,Right,0.0,0.0,0.0,0.23092961,-0.06487882,-0.09449627,0.4229988,-0.3219755,-0.12083216,0.4368066,-0.64697325,-0.1496698,0.44398433,-0.89603454,-0.15586676,0.41349515,-0.61451423,0.02751355,0.5366851,-0.8563171,-0.11721226,0.50483185,-0.6724083,-0.18132009,0.42622498,-0.5195085,-0.18708885,0.27068162,-0.6682941,0.02939784,0.3638737,-0.8787794,-0.11836504,0.31632003,-0.57054216,-0.14455214,0.2721927,-0.46565977,-0.11297308,0.12328374,-0.6907654,0.0005077279,0.19922812,-0.7874796,-0.17623258,0.15006214,-0.4774958,-0.14961801,0.10319543,-0.40579486,-0.07208778,-0.0405144,-0.69958764,-0.032547466,0.0623527,-0.7990469,-0.13241681,0.042671144,-0.5780259,-0.08843652,-0.0033396136,-0.5171846,-0.020566458
T,Alan,Right,0.0,0.0,0.0,0.21682116,-0.09451611,-0.059795372,0.3759059,-0.37653163,-0.080993764,0.38692302,-0.6718109,-0.11323071,0.39344805,-0.91934687,-0.12831749,0.3328134,-0.61161417,0.028174229,0.46949932,-0.82754934,-0.082977355,0.4785741,-0.65802026,-0.10999846,0.4100033,-0.5318895,-0.095834315,0.20554763,-0.6612915,0.0116846,0.34783518,-0.84528005,-0.09445307,0.29589266,-0.5221751,-0.084255494,0.22238491,-0.4679792,-0.038900252,0.07630472,-0.6877826,-0.030626468,0.2151758,-0.8008758,-0.1751404,0.16668366,-0.49057445,-0.12576625,0.07702741,-0.438707,-0.045949783,-0.07429349,-0.7025776,-0.075162075,0.049482197,-0.861475,-0.16099624,0.049511958,-0.64786315,-0.10561388,-0.010975171,-0.5701552,-0.037273467
T,Alan,Right,0.0,0.0,0.0,0.2041967,-0.08489239,-0.06389095,0.3663596,-0.3959257,-0.07311089,0.3837062,-0.68989277,-0.08747614,0.37056756,-0.92880553,-0.084738046,0.27819845,-0.65170383,0.039612927,0.39405632,-0.7849901,-0.052263606,0.40065664,-0.61422014,-0.065909244,0.34786177,-0.5627954,-0.050520014,0.1596002,-0.6856317,0.02928702,0.30070096,-0.8224148,-0.07546369,0.2652068,-0.5050148,-0.06847287,0.18844642,-0.47423035,-0.024346666,0.03463234,-0.69406694,-0.005659868,0.16582468,-0.7851252,-0.15745729,0.1400225,-0.4583489,-0.116628535,0.054249328,-0.41638255,-0.039579228,-0.10926171,-0.6907672,-0.041201424,0.015258971,-0.8240412,-0.13549359,0.021905191,-0.61266226,-0.09214599,-0.04116913,-0.55405533,-0.030862661
T,Alan,Right,0.0,0.0,0.0,0.23315683,-0.109971486,-0.05919724,0.3830112,-0.39497212,-0.07881316,0.38279495,-0.6797306,-0.10763583,0.38018033,-0.9249124,-0.11747632,0.33542794,-0.6411833,0.036992706,0.4543727,-0.87108827,-0.09401808,0.49161422,-0.67608255,-0.14811009,0.4568694,-0.5276787,-0.15045665,0.20955189,-0.6844262,0.01779126,0.34194338,-0.8849966,-0.10725049,0.3111677,-0.5619749,-0.120205194,0.24298291,-0.48679155,-0.08559718,0.08204499,-0.6967529,-0.027805794,0.19934523,-0.7969118,-0.17978777,0.16656116,-0.48501968,-0.14239691,0.09512564,-0.44568408,-0.066597305,-0.05983005,-0.6966448,-0.07574189,0.045159623,-0.8197572,-0.15754832,0.04834806,-0.6054753,-0.100825414,-0.0058000553,-0.5524245,-0.029885668
T,Alan,Right,0.0,0.0,0.0,0.26156712,-0.045228925,-0.058823552,0.44595623,-0.28187212,-0.07172737,0.4853098,-0.59747714,-0.099019356,0.5169186,-0.8560346,-0.108123586,0.44852263,-0.551476,0.09115678,0.5979036,-0.76887214,-0.031769056,0.5687717,-0.6023039,-0.088674694,0.4769304,-0.46246347,-0.09303077,0.31503093,-0.6342041,0.07695992,0.4420901,-0.8047765,-0.050226685,0.37088597,-0.5088099,-0.077241264,0.30341348,-0.41916823,-0.050805774,0.17651093,-0.68417907,0.032527503,0.2813679,-0.7634561,-0.12641305,0.213599,-0.47262242,-0.10766289,0.14133337,-0.40407646,-0.04021392,0.022616679,-0.7264807,-0.01367875,0.14617021,-0.8130689,-0.103582874,0.114090875,-0.61546224,-0.065077856,0.049372192,-0.5661549,-0.0044531
T,Alan,Right,0.0,0.0,0.0,0.25274944,-0.06375297,-0.044565972,0.4311662,-0.32835463,-0.057670645,0.4511121,-0.62858987,-0.089680515,0.47456723,-0.8802193,-0.1060231,0.3833669,-0.5821001,0.06274604,0.55701536,-0.7842783,-0.05649752,0.573919,-0.6338337,-0.097785205,0.5078468,-0.49871498,-0.091776244,0.26475447,-0.6510595,0.03638416,0.4442513,-0.7827495,-0.08034945,0.3612132,-0.48015538,-0.083638415,0.27327234,-0.42132074,-0.04560412,0.14082663,-0.7032084,-0.017808719,0.31376117,-0.7752159,-0.16990897,0.22538951,-0.4868009,-0.13120206,0.11888476,-0.44175056,-0.055858713,-0.009287573,-0.74611115,-0.07368831,0.15710333,-0.8788788,-0.16293894,0.13480806,-0.6728832,-0.111568585,0.06099753,-0.5988833,-0.044468146
T,Alan,Right,0.0,0.0,0.0,0.2621761,-0.12235185,-0.008467867,0.40400568,-0.37716913,-0.013215044,0.4448433,-0.6348963,-0.04808225,0.47484472,-0.8800696,-0.06938445,0.2966222,-0.6552392,0.11638443,0.472562,-0.8269261,-0.010154777,0.5210755,-0.655315,-0.07699685,0.49094227,-0.5261275,-0.09148481,0.20286006,-0.700282,0.066217184,0.43630934,-0.81796026,-0.074747294,0.37778848,-0.5208359,-0.114350915,0.26484644,-0.43736142,-0.096694276,0.09745661,-0.7429309,-0.009309821,0.3212734,-0.8164176,-0.17294736,0.24493635,-0.5242848,-0.15423003,0.11328324,-0.46417683,-0.08747046,-0.033382773,-0.7742093,-0.083893254,0.17548166,-0.87826353,-0.17551722,0.16293731,-0.6766389,-0.13040191,0.069611736,-0.60629326,-0.0658129
T,Alan,Right,0.0,0.0,0.0,0.26123777,-0.12135832,-0.051108632,0.41888583,-0.3781574,-0.06654174,0.40730587,-0.6932577,-0.09882869,0.3643835,-0.93124896,-0.11239057,0.34865487,-0.6350514,0.15576614,0.42839837,-0.79049337,0.04637769,0.4358198,-0.68318605,-0.00053468347,0.41450593,-0.664837,-0.0050019724,0.1971083,-0.6779272,0.13186789,0.28149456,-0.8112424,-0.00026351027,0.25342014,-0.51455325,-0.030036177,0.22006033,-0.52003676,0.000727621,0.057222877,-0.69350654,0.07505192,0.11813268,-0.7572843,-0.096217774,0.10524984,-0.45910564,-0.075979866,0.070140705,-0.45529315,-0.0025140443,-0.09083285,-0.7052759,0.016517669,-0.010407147,-0.7927986,-0.079155274,-0.011776367,-0.59272796,-0.041696742,-0.050000302,-0.56563634,0.021591472
T,Alan,Right,0.0,0.0,0.0,0.23799498,-0.13572112,-0.11003872,0.37922215,-0.40593648,-0.15363224,0.34888464,-0.7046138,-0.20165707,0.30652913,-0.95186126,-0.22287546,0.34200898,-0.6678045,0.06314506,0.41229886,-0.86766964,-0.09182741,0.3919821,-0.6992481,-0.15393068,0.33192098,-0.55956733,-0.14874445,0.17259958,-0.6750123,0.069870405,0.2204076,-0.8422535,-0.10078831,0.20225677,-0.53428775,-0.1355306,0.1833181,-0.48505503,-0.09650175,0.02100122,-0.66012967,0.03854152,0.054381274,-0.7181696,-0.15988576,0.056416463,-0.42401567,-0.15439415,0.03385479,-0.39115083,-0.07961679,-0.13127023,-0.6597516,0.0023785864,-0.08493955,-0.7816181,-0.09879612,-0.0719608,-0.6398803,-0.071048446,-0.09114642,-0.62886524,-0.010049651
T,Alan,Right,0.0,0.0,0.0,0.24194811,-0.15129685,-0.0982744,0.40201965,-0.4024443,-0.14804599,0.4194149,-0.68988204,-0.20139936,0.36621734,-0.93052936,-0.2355013,0.32463652,-0.76548654,-0.009144176,0.40379548,-1.0276868,-0.14314948,0.39429215,-0.80007637,-0.22021127,0.34944144,-0.6441781,-0.2468249,0.17111738,-0.7823484,-0.008038136,0.23962718,-0.98188287,-0.13144106,0.23655292,-0.68180156,-0.16826835,0.19606836,-0.5779472,-0.16444492,0.016275484,-0.7641864,-0.031976435,0.07504895,-0.9217838,-0.16310386,0.091715515,-0.6414608,-0.13015674,0.05895239,-0.53493845,-0.072584085,-0.15240331,-0.7173858,-0.063807964,-0.07107941,-0.87852657,-0.14017195,-0.037551112,-0.6740349,-0.09148022,-0.060653754,-0.56085134,-0.031032894
T,Alan,Right,0.0,0.0,0.0,0.23760925,-0.102442995,-0.047391873,0.40096232,-0.37529996,-0.06322662,0.43008232,-0.6538594,-0.09636665,0.43241438,-0.901675,-0.11501451,0.31250936,-0.63875115,0.04847334,0.46682212,-0.82977283,-0.075407214,0.4865877,-0.65246195,-0.12994692,0.43305203,-0.5247676,-0.13603383,0.20121953,-0.6786675,0.025024468,0.37529677,-0.8016727,-0.096846335,0.324864,-0.50397044,-0.11147275,0.2363948,-0.43307313,-0.084095776,0.08181238,-0.7049925,-0.024539003,0.24990213,-0.7980443,-0.17190081,0.19038482,-0.5108456,-0.13804986,0.08828806,-0.4414214,-0.06868845,-0.06396073,-0.7224551,-0.07643866,0.09851927,-0.8405781,-0.16059674,0.09182033,-0.644165,-0.11281931,0.016967984,-0.57090205,-0.04965106
T,Alan,Right,0.0,0.0,0.0,0.2800139,-0.10518202,-0.015941102,0.4315747,-0.36478347,-0.022758791,0.44726846,-0.6426234,-0.054337986,0.46614337,-0.8847092,-0.068345636,0.35322967,-0.5993815,0.0651111,0.51742315,-0.81267315,-0.053304974,0.51749915,-0.58824354,-0.09163965,0.4374689,-0.449622,-0.08729161,0.2453967,-0.65648454,0.021884957,0.43277398,-0.80961394,-0.10044046,0.37743223,-0.48500305,-0.11090249,0.27357733,-0.42461005,-0.08374131,0.12688193,-0.70871204,-0.044832256,0.32332507,-0.82769704,-0.2018036,0.25660023,-0.5029586,-0.16339356,0.12970889,-0.4452316,-0.09185055,-0.022734743,-0.7615703,-0.109925754,0.16411333,-0.8897836,-0.20699655,0.15432414,-0.6660486,-0.15835898,0.057937313,-0.5986951,-0.09512306
T,Alan,Right,0.0,0.0,0.0,0.238615,-0.10287218,-0.048511505,0.3997466,-0.37499726,-0.0654845,0.39803997,-0.672938,-0.0980009,0.40383625,-0.9148313,-0.11483028,0.32776943,-0.6215975,0.049774177,0.46767765,-0.86304986,-0.064336084,0.49480367,-0.71484315,-0.10011912,0.43711507,-0.5715887,-0.090624355,0.20419556,-0.6675208,0.026730372,0.36502728,-0.8600273,-0.09104101,0.31151718,-0.54631174,-0.0942735,0.22952168,-0.4768447,-0.053811222,0.077708505,-0.69310004,-0.021881172,0.22962497,-0.81240916,-0.1728296,0.17685312,-0.5086655,-0.13299182,0.08164727,-0.448042,-0.055238083,-0.073875725,-0.70558524,-0.07186922,0.05688694,-0.8736577,-0.15940206,0.059372496,-0.66928357,-0.10677017,-0.0035629857,-0.5861353,-0.038081978
T,Alan,Right,0.0,0.0,0.0,0.23309834,-0.05271064,-0.13378856,0.44000986,-0.2934794,-0.18242112,0.4609654,-0.65690327,-0.2227678,0.42262203,-0.906306,-0.23263383,0.51682216,-0.55967516,-0.0016593757,0.6190059,-0.8643363,-0.15671532,0.49572322,-0.6977952,-0.23777898,0.3874282,-0.53986263,-0.2542196,0.36183113,-0.6429528,0.022259152,0.44722152,-0.9205306,-0.13803478,0.3716338,-0.68308306,-0.18392858,0.3310166,-0.54471976,-0.16114992,0.21437196,-0.69574285,0.013718461,0.2538363,-0.8636132,-0.1480248,0.21581367,-0.6090044,-0.13245332,0.20018582,-0.48208788,-0.06297924,0.06581268,-0.7269786,-0.0054299296,0.11186944,-0.8686355,-0.09343902,0.09322629,-0.6804294,-0.059031054,0.080300234,-0.5699325,0.0037090492
T,Alan,Right,0.0,0.0,0.0,0.21790336,-0.07557486,-0.1601047,0.42551392,-0.30306914,-0.21266314,0.52487266,-0.6133999,-0.25032127,0.50157595,-0.8651136,-0.26026326,0.5100562,-0.6097966,-0.0377752,0.59455556,-0.9371468,-0.1823789,0.46262747,-0.8259208,-0.2616819,0.35618705,-0.6689913,-0.27874026,0.3710326,-0.7087202,0.010773422,0.40282363,-0.9941452,-0.13492942,0.31050324,-0.78761005,-0.17698374,0.28848836,-0.63212055,-0.15454642,0.22849293,-0.7719704,0.027180815,0.21601963,-0.949631,-0.10499991,0.17021582,-0.7518591,-0.09565561,0.17643501,-0.6193907,-0.040183876,0.08676471,-0.8056257,0.028418532,0.07995473,-0.9368448,-0.04155905,0.059026994,-0.79222345,-0.018419914,0.064414084,-0.6767397,0.033212088
T,Alan,Right,0.0,0.0,0.0,0.23466037,-0.07697597,-0.08532738,0.41363287,-0.33624274,-0.10903928,0.4081828,-0.6694566,-0.136974,0.40349138,-0.91498345,-0.14694099,0.3674065,-0.63130677,0.04954766,0.45543694,-0.8717522,-0.06677223,0.4504961,-0.74436337,-0.11144777,0.39121658,-0.607029,-0.10814795,0.22500241,-0.67675024,0.05137245,0.30805156,-0.90721494,-0.07009401,0.27241957,-0.6018403,-0.083438225,0.22887708,-0.49618483,-0.043532122,0.08813779,-0.6898853,0.025131652,0.14960916,-0.81384295,-0.13504687,0.11789275,-0.5029091,-0.10289774,0.071475685,-0.41319573,-0.022556596,-0.07034334,-0.68719375,-0.0045423186,0.012950976,-0.8274423,-0.1014216,0.013855893,-0.6056968,-0.05683434,-0.020878084,-0.5179149,0.012371993
T,Alan,Right,0.0,0.0,0.0,0.2247843,-0.1089443,-0.05657878,0.37341425,-0.41270092,-0.071286984,0.3480887,-0.70467407,-0.09700901,0.33287862,-0.9429697,-0.1063525,0.28582692,-0.6257199,0.021678803,0.41134197,-0.89943236,-0.085848376,0.4652777,-0.7545196,-0.117346786,0.41993254,-0.58781,-0.106702775,0.16300923,-0.668819,0.0047947993,0.306945,-0.8997632,-0.10574252,0.28731066,-0.589174,-0.10639349,0.20758724,-0.4764656,-0.06775451,0.02949647,-0.6881107,-0.036025804,0.17564759,-0.8326417,-0.17626993,0.14840253,-0.53825855,-0.13855322,0.052166265,-0.4425555,-0.06744091,-0.13190764,-0.6949879,-0.0791907,0.004440208,-0.8661733,-0.165104,0.024017835,-0.6726667,-0.117062,-0.042278886,-0.5795983,-0.054598425
T,Alan,Right,0.0,0.0,0.0,0.26415503,-0.13476776,0.007140116,0.3935499,-0.39805704,0.012694127,0.41370434,-0.6565291,-0.016793279,0.4333995,-0.9012019,-0.031258114,0.2728908,-0.6663032,0.13849194,0.43745896,-0.8820468,0.010146864,0.5023961,-0.6870526,-0.06234887,0.47349328,-0.5208468,-0.0794859,0.19016927,-0.71093017,0.07952812,0.42475054,-0.8637528,-0.06854957,0.39471963,-0.562292,-0.12139267,0.2801736,-0.45251378,-0.11244,0.086543106,-0.75932026,-0.0047388156,0.32268327,-0.86408424,-0.17417103,0.2557179,-0.55593866,-0.16750948,0.10789182,-0.4721167,-0.10777031,-0.05452481,-0.80290675,-0.086564094,0.17055508,-0.90508586,-0.18274218,0.16123106,-0.69383293,-0.14393356,0.054899022,-0.6190031,-0.08402663
T,Alan,Right,0.0,0.0,0.0,0.24240308,-0.12897795,-0.048841253,0.39648324,-0.3837291,-0.068935,0.39568737,-0.68228817,-0.105745345,0.37512466,-0.92697436,-0.13453647,0.31825516,-0.64278454,0.10650781,0.40039822,-0.81571347,0.017157666,0.44368654,-0.7934038,-0.017245874,0.42317402,-0.7504228,-0.016704628,0.17560212,-0.678005,0.084314406,0.29411694,-0.8526984,-0.023357568,0.26971635,-0.5645075,-0.03330528,0.21296862,-0.51845455,0.0050796852,0.041778073,-0.6809086,0.035374574,0.14291087,-0.7764894,-0.11955675,0.12469237,-0.48849577,-0.09165514,0.060171444,-0.44802648,-0.018830322,-0.11037766,-0.67008394,-0.013953405,0.0013293487,-0.78832734,-0.1106158,0.008681436,-0.5892371,-0.0699194,-0.0451531,-0.53678024,-0.00817054
T,Alan,Right,0.0,0.0,0.0,0.23281993,-0.13864934,-0.056586213,0.3757221,-0.3932764,-0.07618173,0.39570948,-0.6814232,-0.106736176,0.41343132,-0.91053534,-0.12536086,0.32842737,-0.65900534,0.05443893,0.42339885,-0.87597513,-0.042733774,0.42724767,-0.74976635,-0.09753792,0.37866116,-0.6365461,-0.113107525,0.19697425,-0.6864761,0.0418313,0.28758508,-0.8930595,-0.058840886,0.2756923,-0.6312477,-0.089290775,0.23187636,-0.5146983,-0.07693275,0.06391138,-0.6833326,0.0074413233,0.14316505,-0.80558985,-0.11823609,0.14080954,-0.54874367,-0.098201364,0.09955031,-0.44857103,-0.042807557,-0.08769434,-0.65869963,-0.030036418,0.010425104,-0.7998075,-0.105602615,0.02880549,-0.61551845,-0.065701224,-0.0016562435,-0.5173674,-0.01018571
T,Alan,Right,0.0,0.0,0.0,0.25789467,-0.13009115,-0.05667876,0.4068588,-0.38787192,-0.059665635,0.38771817,-0.7130797,-0.07182484,0.39038,-0.9206538,-0.06223852,0.37466016,-0.6038221,0.10022843,0.43402895,-0.87337667,0.005634946,0.42335173,-0.67175126,-0.045178417,0.3849565,-0.546052,-0.055812847,0.2307797,-0.6303877,0.09646961,0.27497602,-0.8691468,-0.0018699771,0.28001302,-0.5976047,-0.035209052,0.25677168,-0.49803403,-0.023867838,0.08574667,-0.6323674,0.06726675,0.12146374,-0.7900142,-0.05761856,0.13665228,-0.5234848,-0.040581685,0.1111334,-0.42945287,0.014159924,-0.07971924,-0.62278765,0.03535784,-0.01707905,-0.773823,-0.032165613,-8.015379e-05,-0.59396297,0.005869998,-0.0280477,-0.508792,0.06067158
T,Alan,Right,0.0,0.0,0.0,0.2382106,-0.05777266,-0.067889474,0.4166148,-0.33017448,-0.08893152,0.4267727,-0.64516777,-0.12004107,0.44168782,-0.8971688,-0.13086683,0.3951219,-0.61003256,0.046660487,0.5113147,-0.82111603,-0.07282043,0.50834364,-0.6823698,-0.100851014,0.43978316,-0.54795283,-0.080205396,0.24690521,-0.66795963,0.039193347,0.3571317,-0.835112,-0.0694154,0.29443753,-0.51894087,-0.052525364,0.2439303,-0.47336864,0.003774327,0.103701636,-0.69679743,0.001887645,0.20278926,-0.78570354,-0.14783189,0.14984809,-0.47585064,-0.0937289,0.08569313,-0.43866545,-0.0059129293,-0.057804935,-0.712668,-0.03822457,0.05692853,-0.84410256,-0.1246145,0.03863193,-0.6359129,-0.067970276,-0.022838367,-0.5874079,0.0053569637
T,Alan,Right,0.0,0.0,0.0,0.2094468,-0.10521781,-0.07723977,0.35302913,-0.38401133,-0.108696215,0.32380238,-0.6937766,-0.1461303,0.3143791,-0.94929755,-0.1619941,0.31970125,-0.6584714,0.01384982,0.41108853,-0.91081953,-0.12514131,0.41183668,-0.72836477,-0.1731835,0.3594808,-0.5753154,-0.16932018,0.17642835,-0.6840123,0.006623361,0.26860553,-0.8784113,-0.12844422,0.24963856,-0.5517965,-0.13175322,0.20418845,-0.47591764,-0.08951207,0.041009042,-0.6767737,-0.028837685,0.12244111,-0.7814696,-0.19192192,0.10684891,-0.46375048,-0.14577428,0.05580869,-0.40620774,-0.06200877,-0.10824227,-0.648446,-0.06749391,-0.0071787424,-0.7597671,-0.15827477,-0.00040183275,-0.5436058,-0.10690701,-0.04928721,-0.49306777,-0.038184077
T,Alan,Right,0.0,0.0,0.0,0.25554115,-0.09751973,-0.10063683,0.4364314,-0.33051243,-0.12560959,0.46229234,-0.6479181,-0.15170684,0.49411678,-0.86939555,-0.15347911,0.45815045,-0.5744784,0.05614723,0.55790234,-0.8293728,-0.064594276,0.49298072,-0.657506,-0.13846259,0.42530966,-0.51016515,-0.1601448,0.32095355,-0.6388386,0.0699204,0.38044065,-0.8566497,-0.05271747,0.32686,-0.61573607,-0.1059924,0.28856763,-0.48079,-0.10421224,0.18317221,-0.67215717,0.054240737,0.22012703,-0.81135774,-0.083156936,0.18652993,-0.5762288,-0.081555165,0.15309598,-0.4513988,-0.034503404,0.031261116,-0.6941668,0.030628545,0.07899327,-0.8227941,-0.052851304,0.06175861,-0.65405023,-0.031656984,0.036051985,-0.5495359,0.015632192
T,Alan,Right,0.0,0.0,0.0,0.2641518,0.011398393,-0.082867816,0.49403927,-0.20134762,-0.114568055,0.5590624,-0.53255093,-0.1547537,0.61888087,-0.78548485,-0.1755521,0.5176231,-0.49971363,0.037454274,0.67193574,-0.69481516,-0.09604393,0.6457006,-0.56552786,-0.13930179,0.5509809,-0.44483206,-0.12986174,0.36702582,-0.60382575,0.03212014,0.5155084,-0.7507893,-0.0922269,0.4011302,-0.4396034,-0.08484579,0.33832327,-0.38648486,-0.032814506,0.22065116,-0.67241436,-0.0049732206,0.33185893,-0.73281634,-0.16917111,0.2261749,-0.44358125,-0.120270506,0.15687682,-0.41968688,-0.03273987,0.053725682,-0.7299003,-0.04576935,0.18865395,-0.8122011,-0.13951021,0.13888773,-0.60407645,-0.08320834,0.07167979,-0.5724785,-0.00913224
T,Alan,Right,0.0,0.0,0.0,0.2708993,-0.0063570524,-0.09609243,0.50723845,-0.22059378,-0.12386292,0.5478273,-0.57448685,-0.15339117,0.5665267,-0.8240434,-0.15489815,0.5559102,-0.5285297,0.019118087,0.7070716,-0.7873054,-0.12488837,0.6237434,-0.6370323,-0.16913421,0.52034724,-0.5006504,-0.15875457,0.39664695,-0.6175281,0.020814149,0.5195347,-0.827307,-0.12340289,0.3962584,-0.5066771,-0.11999758,0.3583094,-0.42647198,-0.064325266,0.24094138,-0.68002903,-0.009774914,0.31881493,-0.79593116,-0.19089122,0.22095107,-0.4751903,-0.13941047,0.1864955,-0.41626933,-0.04182788,0.06642656,-0.7307424,-0.04510087,0.16839488,-0.8612851,-0.1449396,0.12391532,-0.62587327,-0.085105926,0.08564317,-0.5488618,-0.003002748
T,Alan,Right,0.0,0.0,0.0,0.31960627,-0.07843592,-0.0347628,0.54081315,-0.30467567,-0.020631624,0.6240351,-0.5618649,-0.022010881,0.628561,-0.77776027,-0.018310986,0.4819273,-0.5173038,0.13812664,0.6184358,-0.6898872,0.09566228,0.6523974,-0.660813,0.053417515,0.6432136,-0.60671014,0.038779255,0.3631351,-0.6296441,0.13548678,0.519351,-0.7573913,0.07963266,0.48279196,-0.58225566,0.032461077,0.4107129,-0.4621145,0.027731387,0.2229659,-0.72314125,0.11321218,0.3807451,-0.81118953,0.023748124,0.32733127,-0.6096149,0.004042122,0.24537092,-0.49992275,0.028270077,0.065190434,-0.7981818,0.09124677,0.2634908,-0.8842828,0.038305447,0.24125263,-0.728191,0.057247706,0.15473287,-0.633826,0.09519114
T,Alan,Right,0.0,0.0,0.0,0.24633622,-0.107529454,0.010315505,0.3813962,-0.40112403,0.02384293,0.43911916,-0.6442182,0.0040439195,0.47156253,-0.8818326,-0.003985077,0.31701317,-0.64767665,0.13097681,0.48112568,-0.8497028,0.012801425,0.5427646,-0.66186696,-0.051936194,0.51166594,-0.51442295,-0.06566096,0.23934193,-0.70366716,0.07634275,0.45385432,-0.8208506,-0.055459708,0.39838094,-0.5152874,-0.091426365,0.2711498,-0.4407251,-0.07462771,0.13244323,-0.75620705,-0.0028710752,0.34699774,-0.81913704,-0.16199073,0.26884112,-0.5204282,-0.15117736,0.123704776,-0.47594178,-0.09258314,-0.006333314,-0.8120373,-0.07863214,0.19285801,-0.8928853,-0.16978632,0.17800634,-0.68614423,-0.13020371,0.0728416,-0.63570225,-0.07237109
T,Alan,Right,0.0,0.0,0.0,0.1999416,-0.13477723,-0.055981763,0.31382024,-0.43469584,-0.07764345,0.294975,-0.7232302,-0.11116042,0.27383474,-0.96177673,-0.12511489,0.24839926,-0.682819,0.047478143,0.33380526,-0.9140086,-0.06706043,0.35687438,-0.7421646,-0.101998195,0.30938926,-0.6129545,-0.09518338,0.12520868,-0.698316,0.03129674,0.22265631,-0.8826,-0.07965367,0.22269402,-0.5756062,-0.07894389,0.16646373,-0.5267781,-0.039522346,0.005130517,-0.68127847,-0.011764419,0.10399633,-0.7775758,-0.15714516,0.108317055,-0.48642474,-0.120015875,0.043404754,-0.4506673,-0.048914462,-0.12693186,-0.64614683,-0.056629572,-0.016431214,-0.74997854,-0.14224197,0.0018378368,-0.55262333,-0.0993265,-0.060451977,-0.5106819,-0.04049371
T,Alan,Right,0.0,0.0,0.0,0.21835043,-0.16684727,-0.061475318,0.34720892,-0.46160674,-0.07523688,0.3017788,-0.75949776,-0.09568214,0.260533,-0.96546495,-0.10130534,0.28424978,-0.68569154,0.024622764,0.32678896,-0.96418023,-0.08661884,0.32028872,-0.7895533,-0.14372018,0.2847943,-0.6150502,-0.1550574,0.13855855,-0.6813674,0.017035015,0.15810345,-0.93440074,-0.09529242,0.17180458,-0.666529,-0.12586597,0.15537557,-0.5099767,-0.11138181,-0.0013338028,-0.6517416,-0.011563015,0.007125768,-0.8111866,-0.14425276,0.03267292,-0.5449361,-0.12266872,0.021343375,-0.4111234,-0.06386728,-0.15365645,-0.60149,-0.042954355,-0.12482063,-0.801907,-0.12003677,-0.09325743,-0.6160568,-0.0777876,-0.09859456,-0.48763546,-0.019280637
T,Alan,Right,0.0,0.0,0.0,0.19918515,-0.11391903,-0.08826997,0.3360259,-0.4064492,-0.11952876,0.3176452,-0.7139283,-0.15562886,0.2642491,-0.9644545,-0.17205353,0.27345204,-0.668145,0.039308302,0.35124847,-0.87730676,-0.08362954,0.35408118,-0.7059654,-0.12789944,0.30491737,-0.59412885,-0.123607084,0.12546298,-0.6882538,0.039408058,0.19144908,-0.8573836,-0.08391885,0.19113529,-0.5638464,-0.096844174,0.15060233,-0.5097339,-0.062756054,-0.017044023,-0.67258084,0.010805544,0.04587479,-0.78181535,-0.14170204,0.054093197,-0.4822863,-0.100409485,0.0052157138,-0.4132407,-0.020946996,-0.1736223,-0.6429057,-0.022202263,-0.08379249,-0.77301687,-0.10706423,-0.06063813,-0.5610923,-0.05478033,-0.103184626,-0.48589906,0.01589733
T,Alan,Right,0.0,0.0,0.0,0.17355303,-0.13202143,-0.11405516,0.2741539,-0.42607832,-0.14749359,0.27056935,-0.7274512,-0.17706111,0.259531,-0.9657348,-0.18335639,0.2517622,-0.69279635,0.015702052,0.2733323,-0.9057229,-0.11654734,0.2711189,-0.7327603,-0.18073116,0.24598338,-0.58841944,-0.19066627,0.11782269,-0.6928477,0.038123243,0.11047909,-0.8510058,-0.08594928,0.12866654,-0.58830184,-0.10948176,0.12875475,-0.50313133,-0.08653204,-0.015234098,-0.66691935,0.02917919,-0.027971115,-0.7694371,-0.11225408,0.0044446243,-0.52592415,-0.08779105,0.007957171,-0.45192152,-0.025836067,-0.15584326,-0.62704307,0.01164389,-0.15610845,-0.7459847,-0.071002655,-0.12320817,-0.57158524,-0.03929211,-0.11568862,-0.4930109,0.014705586
T,Alan,Right,0.0,0.0,0.0,0.2215922,-0.091199644,-0.09741202,0.39003834,-0.37145543,-0.13943759,0.39969793,-0.6904237,-0.18197724,0.34474277,-0.93869716,-0.20459603,0.33310735,-0.6762669,-0.008280276,0.41059506,-0.9157151,-0.15091152,0.41908896,-0.6840582,-0.22711425,0.37016907,-0.51957935,-0.24865724,0.19922397,-0.7059053,-0.0052406155,0.26444283,-0.88924825,-0.13001859,0.26974896,-0.5878162,-0.15671368,0.23047203,-0.47291097,-0.14227988,0.058489896,-0.69550884,-0.030005427,0.1287092,-0.79560345,-0.1718982,0.14369728,-0.507704,-0.13819009,0.10854614,-0.4038239,-0.075217955,-0.10021702,-0.66315836,-0.062040776,0.00034153476,-0.73978364,-0.14601737,0.028408682,-0.53176135,-0.10456594,-0.0036697814,-0.44569898,-0.047854643
T,Alan,Right,0.0,0.0,0.0,0.2333756,-0.12969498,-0.04748183,0.37591165,-0.39600474,-0.07407637,0.42120698,-0.6594707,-0.11590497,0.42746326,-0.9040327,-0.14050743,0.30139846,-0.71990156,0.04002124,0.48265284,-0.8442532,-0.083447725,0.49994624,-0.65370876,-0.13441578,0.45428586,-0.53472406,-0.13954665,0.18348637,-0.7636154,0.016901864,0.37871894,-0.77511704,-0.09895695,0.31477928,-0.48561135,-0.10894639,0.22559123,-0.45145372,-0.08061312,0.06757698,-0.7609506,-0.030807456,0.2492315,-0.716933,-0.17258815,0.18485306,-0.4491693,-0.14622612,0.090676665,-0.43387982,-0.08535704,-0.050102018,-0.7290229,-0.08020626,0.12193091,-0.7333776,-0.16106617,0.10277103,-0.5474378,-0.121397234,0.021608295,-0.5239176,-0.06433528
T,Alan,Right,0.0,0.0,0.0,0.21789803,-0.15494709,-0.06299775,0.34880102,-0.45910907,-0.094793834,0.33983272,-0.72816306,-0.1338548,0.3016684,-0.9534129,-0.15341464,0.25000423,-0.8432241,-0.0011728246,0.42278114,-0.9601225,-0.13416053,0.44383344,-0.7333355,-0.19931363,0.40380877,-0.56274486,-0.21473938,0.10816927,-0.8797955,-0.015138245,0.28284782,-0.8212618,-0.12846121,0.26381332,-0.53437835,-0.14501171,0.20291847,-0.456935,-0.1277205,-0.020509917,-0.84235924,-0.05302735,0.15383042,-0.7296939,-0.17837396,0.13459355,-0.4697734,-0.15901837,0.07056168,-0.42192546,-0.11212151,-0.14077456,-0.7627018,-0.09610381,0.036657576,-0.7101125,-0.16731755,0.037512507,-0.5263594,-0.13735607,-0.029801326,-0.48733133,-0.09145894
T,Alan,Left,0.0,0.0,0.0,-0.28576273,-0.003529688,-0.07795385,-0.48859146,-0.2599832,-0.09980371,-0.53049415,-0.59504735,-0.13169992,-0.5586387,-0.8294111,-0.14280556,-0.49544644,-0.5555493,0.056047738,-0.6173869,-0.79141253,-0.084974065,-0.53765416,-0.6019242,-0.15077412,-0.46160272,-0.47991937,-0.1599956,-0.3399443,-0.63543653,0.044305597,-0.42354655,-0.84281707,-0.09617829,-0.35540903,-0.5649392,-0.119523495,-0.31191143,-0.48664814,-0.08530798,-0.18061896,-0.66772145,0.00059666135,-0.24515817,-0.78653264,-0.14684457,-0.19440535,-0.49994567,-0.111392595,-0.15933864,-0.43743438,-0.036108565,-0.018325426,-0.6782201,-0.05125782,-0.098982796,-0.74410623,-0.11630348,-0.07392935,-0.5358006,-0.06666356,-0.038665775,-0.47804746,-0.0014968112
T,Alan,Left,0.0,0.0,0.0,-0.23705542,-0.051521853,-0.061989006,-0.4297679,-0.35160637,-0.07278002,-0.47568035,-0.66633207,-0.09298565,-0.43154442,-0.9020917,-0.090091184,-0.37869027,-0.7166669,0.07758011,-0.4640992,-0.8352804,-0.05274852,-0.41499832,-0.59142685,-0.10936506,-0.3615825,-0.48304498,-0.11866208,-0.23535281,-0.7725711,0.06325938,-0.31724635,-0.82810134,-0.055407073,-0.27136058,-0.5349789,-0.055067405,-0.21979886,-0.50425166,-0.013657561,-0.080303,-0.7868501,0.015302047,-0.15207621,-0.7938388,-0.10822221,-0.12265685,-0.51126796,-0.05084046,-0.07705737,-0.49014243,0.028167939,0.08990933,-0.77167803,-0.042614803,-0.005082328,-0.7836453,-0.09393361,-0.0004904078,-0.5698982,-0.040041797,0.04069751,-0.54034144,0.02356435
T,Alan,Left,0.0,0.0,0.0,-0.2682134,-0.067175664,-0.016651288,-0.43126228,-0.34276095,-0.0130012445,-0.4536524,-0.65108424,-0.028584603,-0.47278216,-0.88117933,-0.030119471,-0.38364035,-0.59807813,0.10071056,-0.5259252,-0.7567089,-0.0070118057,-0.47979388,-0.54508424,-0.05256988,-0.405229,-0.4604768,-0.0583721,-0.26523557,-0.6712632,0.06932539,-0.40515786,-0.7844904,-0.050529834,-0.35436985,-0.52935565,-0.06753722,-0.27724648,-0.47559685,-0.036342937,-0.13503721,-0.7093857,0.013301626,-0.27538282,-0.76570785,-0.10718589,-0.22556949,-0.5085778,-0.06664427,-0.15767206,-0.47106117,0.002032253,0.0066565247,-0.72350425,-0.04659459,-0.14620818,-0.7554222,-0.10049463,-0.116368696,-0.57392657,-0.057017863,-0.047979407,-0.5541309,-0.0017193628
T,Alan,Left,0.0,0.0,0.0,-0.2461594,-0.07869911,-0.06341407,-0.39383376,-0.36555523,-0.08329849,-0.37597284,-0.6983726,-0.11433903,-0.34651563,-0.9380442,-0.1256283,-0.34342986,-0.63404787,0.047950532,-0.44211558,-0.87526596,-0.08983179,-0.40128145,-0.6594308,-0.14453267,-0.34656027,-0.5304341,-0.14851636,-0.19183923,-0.67244256,0.029775774,-0.27011177,-0.88157064,-0.10840177,-0.23713301,-0.585797,-0.11791873,-0.19482422,-0.5180033,-0.07564465,-0.041282665,-0.6659597,-0.018606028,-0.11618864,-0.79236865,-0.16279946,-0.10115341,-0.4957257,-0.11226391,-0.06681571,-0.44369337,-0.028996844,0.11460669,-0.63612795,-0.07424499,0.018866707,-0.7324825,-0.14005119,0.012601383,-0.5250782,-0.08662269,0.04520522,-0.46715564,-0.020157883
T,Alan,Left,0.0,0.0,0.0,-0.26659018,0.01175649,-0.07593756,-0.4565489,-0.30761424,-0.07473049,-0.4406959,-0.6966795,-0.07695303,-0.40381494,-0.9148407,-0.056484494,-0.4333651,-0.573601,0.03132109,-0.5134672,-0.8326343,-0.10598765,-0.44269022,-0.5983979,-0.15995097,-0.3865519,-0.47337642,-0.166389,-0.2646859,-0.62275696,0.024137221,-0.32387567,-0.86765933,-0.1256267,-0.26960355,-0.53834605,-0.139368,-0.24990952,-0.45445135,-0.10019606,-0.10786121,-0.6352047,-0.013574968,-0.14939621,-0.8118962,-0.17639345,-0.123612836,-0.47407848,-0.13214824,-0.111392766,-0.39091992,-0.05141205,0.05069267,-0.64407516,-0.05857468,0.0073510553,-0.76009417,-0.14505658,0.011979092,-0.5224291,-0.10462699,0.02635482,-0.4390021,-0.047584396
T,Alan,Left,0.0,0.0,0.0,-0.30232033,-0.03770359,-0.089319095,-0.5110142,-0.2986534,-0.12264611,-0.5139159,-0.64131904,-0.16084498,-0.46317154,-0.8862687,-0.18002568,-0.46732837,-0.60861576,0.009328665,-0.5366915,-0.8926336,-0.12760724,-0.48266625,-0.67298925,-0.20157978,-0.44168574,-0.52703756,-0.22705705,-0.2963014,-0.65367985,-0.0010072814,-0.3422536,-0.92085284,-0.1411977,-0.30464718,-0.6408598,-0.17466488,-0.27888522,-0.5067567,-0.1567345,-0.13383295,-0.65468276,-0.039232552,-0.16795845,-0.8305443,-0.17949688,-0.15152165,-0.54445016,-0.14979483,-0.14228418,-0.42490393,-0.08734944,0.03369835,-0.62933403,-0.08634995,-0.020446872,-0.7479842,-0.15340897,-0.021635566,-0.5403174,-0.10864209,-0.015280866,-0.4423746,-0.053074345
T,Alan,Left,0.0,0.0,0.0,-0.19801414,-0.036175847,-0.1036772,-0.35881376,-0.35519087,-0.13962695,-0.35891303,-0.6903976,-0.17667809,-0.3425718,-0.9394916,-0.19009034,-0.35953248,-0.63847864,-0.003066841,-0.4426587,-0.8656377,-0.15599476,-0.4097512,-0.6615501,-0.20953666,-0.3549494,-0.51598644,-0.20892605,-0.19361086,-0.6724151,-0.005909779,-0.2351609,-0.8737796,-0.15287624,-0.2155654,-0.5413018,-0.14418902,-0.18820566,-0.48266414,-0.08610201,-0.031939093,-0.651053,-0.044220563,-0.06342508,-0.7745026,-0.19840655,-0.07354202,-0.46171921,-0.13445719,-0.06129534,-0.43158737,-0.0410426,0.12987986,-0.60966057,-0.09315269,0.07357455,-0.7048983,-0.16814257,0.05459048,-0.4908667,-0.10967708,0.071631275,-0.449109,-0.038297474
T,Alan,Left,0.0,0.0,0.0,-0.25867563,-0.00061275874,-0.09786095,-0.46327075,-0.24753338,-0.13440715,-0.52346003,-0.59016865,-0.17311606,-0.52686274,-0.8499504,-0.1850142,-0.49954468,-0.5372671,0.00041701455,-0.6190289,-0.8124692,-0.14768824,-0.52118015,-0.5805806,-0.20839559,-0.4453887,-0.4691494,-0.21996318,-0.33940402,-0.61645615,-0.004612502,-0.41636154,-0.85663754,-0.15556084,-0.3364514,-0.5580846,-0.16980527,-0.29903054,-0.48854077,-0.13522248,-0.1843612,-0.6443438,-0.04060839,-0.23234844,-0.7912601,-0.19195811,-0.18414229,-0.49083862,-0.14266865,-0.16817655,-0.43654057,-0.06455449,-0.027176308,-0.6526069,-0.086337104,-0.08672851,-0.7439262,-0.15032175,-0.065422855,-0.5256158,-0.095209055,-0.04901298,-0.46436796,-0.032290604
T,Alan,Left,0.0,0.0,0.0,-0.21671367,0.00970331,-0.10319189,-0.42586416,-0.26188612,-0.13241257,-0.47211608,-0.6239065,-0.1612085,-0.46827006,-0.8835854,-0.16372027,-0.50174195,-0.5333334,-0.00042559076,-0.5500948,-0.82470053,-0.14665544,-0.45803642,-0.6051851,-0.20320341,-0.42095307,-0.48900914,-0.21164039,-0.34226033,-0.59592927,-0.002166368,-0.34420034,-0.8318414,-0.15154083,-0.27801946,-0.5363858,-0.16849363,-0.30807358,-0.47798538,-0.13808134,-0.1896098,-0.6194261,-0.03645996,-0.17604646,-0.7743228,-0.19384481,-0.1370363,-0.4792626,-0.16034785,-0.18694691,-0.44173497,-0.095222175,-0.044189025,-0.6276384,-0.07994319,-0.04682068,-0.74740386,-0.15854935,-0.019923346,-0.52975637,-0.11817935,-0.04137365,-0.46749958,-0.06506951
T,Alan,Right,0.0,0.0,0.0,-0.14019722,-0.2211349,-0.06922567,-0.24757366,-0.5462833,-0.09659052,-0.23311117,-0.8104852,-0.121387094,-0.22310646,-0.9747941,-0.1255093,-0.37534648,-0.6546593,-0.031459834,-0.18637179,-0.9371739,-0.13741912,-0.12438285,-0.77141684,-0.19345504,-0.17764586,-0.6797695,-0.22209704,-0.24402529,-0.57212967,-0.041811317,-0.03145379,-0.8214512,-0.15377997,0.01117679,-0.6512203,-0.18615228,-0.050786313,-0.62338483,-0.19455083,-0.11004562,-0.48785564,-0.06904655,0.089783244,-0.6847327,-0.17089045,0.11500388,-0.5351262,-0.15203927,0.051164493,-0.5214026,-0.12401367,0.0143991215,-0.4087477,-0.102992974,0.18772076,-0.5596436,-0.14614448,0.2045264,-0.4433858,-0.1161714,0.15295058,-0.40678078,-0.08811656
T,Alan,Left,0.0,0.0,0.0,-0.21854325,-0.104765214,-0.2472151,-0.3911564,-0.398553,-0.3066813,-0.38838145,-0.7327923,-0.32930046,-0.3043808,-0.9525504,-0.3146131,-0.53005534,-0.6330028,-0.06896042,-0.39788905,-0.9862703,-0.22365366,-0.28407153,-0.7662829,-0.28642598,-0.3110757,-0.6311706,-0.29732317,-0.35532972,-0.6860245,0.01773529,-0.22815087,-0.9724946,-0.15835719,-0.14437284,-0.6646396,-0.1892817,-0.21556234,-0.55333644,-0.1555279,-0.19899307,-0.71679974,0.059721004,-0.072964616,-0.87398934,-0.13162625,-0.021488074,-0.57307,-0.13042518,-0.10515039,-0.4948281,-0.06914335,-0.06383754,-0.7153036,0.08459262,0.021559177,-0.8200767,-0.017696517,0.05774776,-0.59222126,-0.0029564868,0.00046044824,-0.4962781,0.04347649
T,Alan,Right,0.0,0.0,0.0,-0.13389872,-0.19466624,-0.031489052,-0.31946793,-0.50150704,-0.03530845,-0.38829702,-0.7546247,-0.049768515,-0.39813375,-0.9173274,-0.04099612,-0.4719066,-0.61673504,0.053914454,-0.26848078,-0.9506291,-0.055993516,-0.17202699,-0.73200154,-0.108658835,-0.24859422,-0.5994895,-0.1320389,-0.3877073,-0.60271674,0.023522254,-0.14993356,-0.9315714,-0.09646282,-0.076647915,-0.66020936,-0.11360927,-0.16678591,-0.5410054,-0.10184437,-0.29649326,-0.59699804,-0.029116217,-0.056517106,-0.8651728,-0.14303814,0.001257897,-0.6038507,-0.11384415,-0.09167448,-0.49588263,-0.07145652,-0.19968067,-0.5857376,-0.08681457,0.0044039767,-0.80394214,-0.13792075,0.047776904,-0.5902557,-0.106606625,-0.029795041,-0.46759957,-0.07414303
T,Alan,Left,0.0,0.0,0.0,-0.2529326,-0.058018725,-0.10684562,-0.44927752,-0.36869243,-0.123825625,-0.47113183,-0.6946688,-0.14096962,-0.44557032,-0.8952469,-0.13094573,-0.43131074,-0.6312011,0.019954547,-0.42263433,-0.92079943,-0.123080306,-0.35503092,-0.65558535,-0.17722608,-0.36600685,-0.5667213,-0.18683594,-0.26489186,-0.6260777,0.021628931,-0.22989184,-0.86908317,-0.12991671,-0.20310529,-0.54969126,-0.14722586,-0.26251206,-0.5219435,-0.117242865,-0.11719463,-0.60964614,-0.011892754,-0.075806834,-0.782031,-0.16814278,-0.070791855,-0.4851296,-0.13218045,-0.13012034,-0.47068775,-0.06629656,0.028921029,-0.5996567,-0.056289915,0.053033866,-0.7289443,-0.13402598,0.056759965,-0.50719947,-0.093612745,0.029894311,-0.44705534,-0.04144295
T,Alan,Left,0.0,0.0,0.0,-0.26121283,-0.054196455,-0.12024579,-0.47722796,-0.3410706,-0.14804707,-0.49372298,-0.67728406,-0.17248501,-0.45221436,-0.8919093,-0.17034104,-0.45090413,-0.6277337,0.011747235,-0.4563357,-0.90751237,-0.13569018,-0.39325288,-0.65327185,-0.2032155,-0.3991957,-0.54545844,-0.22347045,-0.28904933,-0.6413699,0.017552681,-0.27247402,-0.8796746,-0.13941987,-0.2368736,-0.5691117,-0.16712475,-0.27929485,-0.5025046,-0.14423822,-0.14519373,-0.630849,-0.012395117,-0.11902242,-0.7993146,-0.17064412,-0.100641236,-0.51303375,-0.13687858,-0.14723158,-0.47067055,-0.07218309,-0.00032196543,-0.60863864,-0.054352798,0.011474983,-0.7292569,-0.13309672,0.026330601,-0.5087102,-0.09044765,0.0014015214,-0.4434275,-0.03639462
T,Alan,Left,0.0,0.0,0.0,-0.31073073,-0.03828261,-0.09000155,-0.4993966,-0.3278566,-0.11918627,-0.46580952,-0.6782774,-0.15308483,-0.42409563,-0.9056174,-0.1685414,-0.48050842,-0.6059363,0.010155867,-0.53904206,-0.8862892,-0.134087,-0.50167876,-0.66181886,-0.21090023,-0.465812,-0.50384206,-0.23456863,-0.31396106,-0.6432825,-0.0010156202,-0.36282098,-0.90569764,-0.1385671,-0.34079203,-0.6209473,-0.16835207,-0.3157357,-0.49052417,-0.14823714,-0.1564268,-0.63975173,-0.04222889,-0.18597151,-0.8185931,-0.17733283,-0.18372278,-0.529829,-0.14689355,-0.17057818,-0.41159984,-0.085136406,0.0067858268,-0.61005086,-0.09352205,-0.03973583,-0.73464394,-0.155918,-0.04493929,-0.5305571,-0.110885404,-0.02902152,-0.43291005,-0.05522306
T,Alan,Left,0.0,0.0,0.0,-0.30894265,-0.02949655,-0.041589096,-0.4789134,-0.30902362,-0.041359395,-0.51817197,-0.62109214,-0.054214586,-0.57218987,-0.82012117,-0.056379184,-0.39608118,-0.62095225,0.054511376,-0.48976484,-0.87196845,-0.04762907,-0.47547907,-0.6463519,-0.09988135,-0.41316563,-0.49492076,-0.111794285,-0.24956012,-0.6625735,0.032698475,-0.3452665,-0.8955563,-0.069329746,-0.34255576,-0.61474323,-0.091158494,-0.2754682,-0.47843567,-0.0701531,-0.09672437,-0.6582164,-0.011185223,-0.19723253,-0.83894217,-0.12173757,-0.20585947,-0.5590663,-0.0917764,-0.14757016,-0.43010476,-0.034139283,0.061724335,-0.6207493,-0.05948471,-0.04326099,-0.7712246,-0.11364775,-0.061978918,-0.5714718,-0.07043882,-0.013681378,-0.45876476,-0.017346412
T,Alan,Right,0.0,0.0,0.0,0.27613106,0.0016147183,-0.10660172,0.530137,-0.20518664,-0.14272265,0.59093255,-0.542161,-0.18369001,0.6264702,-0.77944535,-0.2085115,0.57684666,-0.5795385,0.023746748,0.73889935,-0.8410084,-0.11051923,0.73714036,-0.76423013,-0.18652016,0.64892834,-0.5985673,-0.20294735,0.42806572,-0.6897412,0.031789478,0.56493044,-0.90504515,-0.12114735,0.46119705,-0.6211376,-0.16538624,0.36916745,-0.43590897,-0.1434347,0.27854905,-0.7701417,0.011360478,0.39469135,-0.9412178,-0.15249051,0.3042934,-0.65116495,-0.13293569,0.21722665,-0.47506788,-0.06154943,0.100081645,-0.8432869,-0.017746318,0.22347648,-1.0119159,-0.1187993,0.19416764,-0.81140774,-0.083997324,0.14339937,-0.6711137,-0.020526316
T,Alan,Right,0.0,0.0,0.0,0.26356053,-0.07184121,-0.042276103,0.4576093,-0.33077335,-0.0501538,0.5094481,-0.62214476,-0.071253575,0.5333297,-0.84590745,-0.078560546,0.4717988,-0.63440245,0.0349197,0.6038676,-0.9053708,-0.079159796,0.5991369,-0.7671659,-0.1427018,0.53514093,-0.6131943,-0.15942657,0.33081517,-0.69119865,0.014689624,0.44548327,-0.90177697,-0.097317204,0.40021744,-0.62636095,-0.12219105,0.34298503,-0.49102566,-0.10576962,0.1840649,-0.71710736,-0.026306756,0.28839037,-0.84551793,-0.15407301,0.2489365,-0.5681561,-0.12238182,0.19656733,-0.45635217,-0.061890557,0.015054094,-0.7254359,-0.070453934,0.146374,-0.83924437,-0.14656204,0.1349194,-0.6303845,-0.099651895,0.09041358,-0.53500056,-0.040132724
T,Alan,Right,0.0,0.0,0.0,0.2914531,-0.09708552,-0.11930068,0.5058179,-0.39424667,-0.14424066,0.46334955,-0.74042547,-0.16038069,0.35087794,-0.9364212,-0.15521178,0.41769975,-0.81051964,-9.824925e-05,0.46584228,-1.0798279,-0.104054846,0.42928502,-0.84472543,-0.16894409,0.40372443,-0.684711,-0.19202015,0.25670072,-0.88298136,0.030101065,0.2919995,-1.0667872,-0.06849041,0.27487484,-0.81486,-0.10874855,0.250217,-0.6581515,-0.10639074,0.10921295,-0.907823,0.034715474,0.12610489,-1.0224439,-0.065901265,0.13038462,-0.783511,-0.0573703,0.1129229,-0.62958616,-0.019274358,-0.040218294,-0.89682174,0.028712533,-0.00452686,-0.9947783,-0.032176293,-0.0010676277,-0.8004127,-0.009289597,-0.014275729,-0.6658335,0.03337977
T,Alan,Right,0.0,0.0,0.0,0.2751481,-0.0230871,-0.08929779,0.5073542,-0.22637993,-0.121250734,0.6069947,-0.52371526,-0.15692542,0.62187743,-0.7831146,-0.1710924,0.61351323,-0.51673657,-0.0029064815,0.8047657,-0.8005004,-0.13717087,0.68230236,-0.66055,-0.21751113,0.5532724,-0.5277053,-0.24588978,0.484384,-0.6383463,-0.0015427613,0.5817335,-0.86466616,-0.12492734,0.47346118,-0.65623283,-0.16855292,0.4041654,-0.529902,-0.16662087,0.3426432,-0.7165245,-0.025168061,0.40300635,-0.8425711,-0.14312178,0.33316255,-0.62285906,-0.12406353,0.28666028,-0.5115597,-0.078745574,0.19189233,-0.76079327,-0.05843155,0.24747865,-0.8136739,-0.12746994,0.2055706,-0.64080393,-0.09565269,0.17353056,-0.55005383,-0.048269037
T,Alan,Right,0.0,0.0,0.0,0.21142192,-0.19600956,0.033025615,0.28475633,-0.49934834,0.05488964,0.29802105,-0.73977965,0.039593145,0.28274658,-0.95919466,0.032452952,0.17102975,-0.709311,0.17802581,0.3087638,-0.8858802,0.07876867,0.39306694,-0.7702428,0.009679557,0.4096949,-0.63771045,-0.01486782,0.09587987,-0.7396068,0.112241305,0.29023358,-0.8980101,-0.015437803,0.28501865,-0.63473636,-0.0720384,0.19991459,-0.48553184,-0.06887979,0.0038101024,-0.7580925,0.025355993,0.21462682,-0.864514,-0.1159183,0.18512864,-0.59182197,-0.118180126,0.08041858,-0.48322493,-0.071290985,-0.105850816,-0.7568044,-0.058248896,0.09939715,-0.85577226,-0.13487376,0.10490655,-0.66644067,-0.10407021,0.023571037,-0.57952136,-0.055432864
T,Alan,Right,0.0,0.0,0.0,0.2514092,-0.014733813,-0.08695333,0.4635943,-0.2482056,-0.111632496,0.50214314,-0.5857094,-0.14171968,0.5386614,-0.8425223,-0.1522484,0.4759557,-0.5202556,0.040938437,0.6362934,-0.728948,-0.08661212,0.6037052,-0.6100684,-0.12884565,0.49288625,-0.48725155,-0.119336076,0.33258787,-0.60246366,0.040222824,0.44705606,-0.7940513,-0.08989869,0.36090532,-0.4935892,-0.09464245,0.30385184,-0.40652835,-0.046327993,0.1884541,-0.64635545,0.009045974,0.27073026,-0.73840517,-0.16079082,0.19270343,-0.42636308,-0.11922801,0.13781194,-0.36779886,-0.031348888,0.022515442,-0.68257344,-0.0258487,0.12951936,-0.7744083,-0.12910663,0.09059551,-0.5432244,-0.07958516,0.044920325,-0.48609218,-0.0064988425
T,Alan,Right,0.0,0.0,0.0,0.2662834,0.058532767,-0.06267179,0.5095681,-0.15975828,-0.071322076,0.5666136,-0.5124048,-0.08770408,0.62641436,-0.7794903,-0.096785754,0.5107566,-0.42649427,0.06102002,0.64557946,-0.5873437,-0.025881162,0.6829913,-0.56889945,-0.050210938,0.6327879,-0.50657713,-0.042519215,0.36441964,-0.5575558,0.051672626,0.5101871,-0.74780715,-0.05006389,0.4138125,-0.46238622,-0.04644423,0.34039506,-0.35730806,-0.0017652344,0.20950387,-0.64258033,0.018123733,0.33497563,-0.7519118,-0.13737196,0.23838481,-0.44843176,-0.089616396,0.15700956,-0.3716856,-0.0061545107,0.025193622,-0.71501166,-0.015769228,0.17504014,-0.82265073,-0.12289228,0.124421015,-0.6061901,-0.07572349,0.05230118,-0.54739636,-0.010102959
T,Alan,Right,0.0,0.0,0.0,0.24664925,-0.07168978,-0.07709027,0.42506588,-0.31497833,-0.0826397,0.46820527,-0.635153,-0.09101291,0.49769583,-0.86735165,-0.08132954,0.46805403,-0.52859586,0.10364931,0.56026673,-0.7552478,0.033779163,0.527034,-0.6705289,-0.027492728,0.46808994,-0.5777785,-0.05379212,0.33884123,-0.59299785,0.1143135,0.4167701,-0.8062718,0.057189077,0.4018912,-0.6776392,0.006397958,0.37267157,-0.59606385,-0.011864211,0.20167726,-0.6193275,0.09922266,0.26552728,-0.7432314,0.0126268,0.25464073,-0.5758743,-0.0034240102,0.21943519,-0.4857847,0.011716262,0.0420272,-0.62428427,0.07697355,0.10700704,-0.7118726,0.013751605,0.09710366,-0.5865618,0.019696612,0.064123124,-0.51776105,0.043025285
T,Alan,Right,0.0,0.0,0.0,0.35295734,0.068738215,-0.0053832093,0.6129539,-0.12456572,0.033051126,0.68465084,-0.47840798,0.053466026,0.7153719,-0.69874394,0.085446894,0.6012212,-0.39317906,0.13479827,0.77397954,-0.59729034,0.05877301,0.70075464,-0.40843672,0.02385425,0.5967568,-0.2900722,0.020976046,0.4614521,-0.5309698,0.10565069,0.6373858,-0.7560122,0.022037003,0.5153625,-0.45685095,0.00020470083,0.41830632,-0.33680132,0.019479647,0.30320355,-0.63951015,0.056730475,0.4570695,-0.7810583,-0.07108877,0.33606857,-0.46938258,-0.03971271,0.24207638,-0.38214397,0.02649897,0.107565336,-0.7465726,0.011603587,0.2825883,-0.8919124,-0.063696176,0.22079264,-0.6615592,-0.007805933,0.14425576,-0.5748212,0.059479307
T,Alan,Left,0.0,0.0,0.0,-0.16825436,-0.14791052,-0.12927444,-0.25890312,-0.45564887,-0.17407332,-0.2199243,-0.76292485,-0.21809411,-0.18655378,-0.98244476,-0.23081273,-0.25301766,-0.73149353,0.015786408,-0.25612217,-0.9636598,-0.14474125,-0.21363303,-0.7222413,-0.20513926,-0.20099422,-0.61431164,-0.20844951,-0.10565966,-0.72607964,0.03146212,-0.08017836,-0.857845,-0.12334346,-0.075803585,-0.55418473,-0.1347715,-0.1058863,-0.5697331,-0.09373747,0.036178526,-0.6934014,0.0072243963,0.05638548,-0.7701309,-0.16343121,0.038130313,-0.49154738,-0.12278207,0.009783674,-0.5071506,-0.04306839,0.17015436,-0.6510744,-0.029434314,0.17826575,-0.724682,-0.11559473,0.15123881,-0.52437073,-0.07464926,0.13157113,-0.494479,-0.012718678
T,Alan,Left,0.0,0.0,0.0,-0.1568872,-0.14503834,-0.16392466,-0.27791706,-0.44777498,-0.22949077,-0.26514515,-0.7634745,-0.28806624,-0.2046925,-0.97882634,-0.31277317,-0.2891399,-0.7730897,0.0038534955,-0.23295428,-0.9655414,-0.15958548,-0.20880362,-0.7244202,-0.21928306,-0.22163782,-0.662136,-0.22590601,-0.14186463,-0.7461847,0.029642269,-0.057469912,-0.8967909,-0.14202231,-0.07498225,-0.57210183,-0.15193667,-0.13026464,-0.61110175,-0.10325425,-0.0037601087,-0.7092835,0.011012917,0.07175432,-0.79736906,-0.17526352,0.030468466,-0.5117391,-0.14057584,-0.027500095,-0.5402284,-0.05990723,0.12585215,-0.66182923,-0.02289564,0.17063029,-0.73085946,-0.12502655,0.13881657,-0.530245,-0.09681599,0.09928272,-0.5102921,-0.040949266
T,Alan,Left,0.0,0.0,0.0,-0.20093235,-0.092492014,-0.088016495,-0.35644326,-0.387381,-0.10975896,-0.37103978,-0.7057814,-0.13613169,-0.38042572,-0.9248115,-0.13732564,-0.3693549,-0.6577751,0.027307808,-0.39639324,-0.9115287,-0.12456573,-0.3393268,-0.6797471,-0.18398899,-0.31313238,-0.55862665,-0.18750185,-0.22206558,-0.67441475,0.022737566,-0.2380723,-0.86722064,-0.13004708,-0.19745769,-0.5674956,-0.14432871,-0.1983127,-0.5182058,-0.10438243,-0.07776405,-0.6661668,-0.01567528,-0.088560745,-0.79238826,-0.17305125,-0.07285486,-0.50850934,-0.1335905,-0.08273281,-0.4713415,-0.05581847,0.066656426,-0.64583284,-0.062613554,0.04473133,-0.7643641,-0.1336457,0.043602794,-0.5643962,-0.087783605,0.041226972,-0.5038953,-0.025521377
T,Alan,Left,0.0,0.0,0.0,-0.21774416,-0.12511124,-0.022634909,-0.37004456,-0.43100587,-0.020486552,-0.39380464,-0.70540667,-0.03319921,-0.4043067,-0.91462344,-0.033163656,-0.29992032,-0.7511441,0.07321352,-0.3940505,-0.88761616,-0.019543467,-0.37384316,-0.7256192,-0.07369069,-0.32852912,-0.60818464,-0.09180297,-0.16812392,-0.78926593,0.04802301,-0.25837174,-0.82095015,-0.044314213,-0.22315809,-0.57374233,-0.065377526,-0.18045433,-0.47627357,-0.05239743,-0.034275603,-0.7811468,0.0019220324,-0.11906103,-0.77568215,-0.0922552,-0.10129453,-0.54139984,-0.062155474,-0.07059667,-0.45215854,-0.01384499,0.102614105,-0.73651665,-0.049395334,0.022618063,-0.763108,-0.09307914,0.0047696573,-0.57787204,-0.0556707,0.017000714,-0.4941603,-0.010012897
T,Alan,Left,0.0,0.0,0.0,-0.21081552,-0.08850133,-0.09187747,-0.38249052,-0.3679695,-0.122285396,-0.43137196,-0.65372175,-0.15381487,-0.43968794,-0.8981506,-0.16217084,-0.36291176,-0.7824518,0.026687708,-0.47259083,-0.85319704,-0.113236055,-0.44224,-0.6631557,-0.18333852,-0.39992213,-0.5430156,-0.20095989,-0.22032379,-0.86554736,0.024949173,-0.2990125,-0.755385,-0.101826824,-0.25780687,-0.48237538,-0.124084495,-0.22879905,-0.43907186,-0.10035246,-0.06997708,-0.85560703,-0.009085321,-0.1346676,-0.68398416,-0.1419895,-0.11128529,-0.42842808,-0.11212469,-0.08962594,-0.42393124,-0.051565878,0.07648134,-0.8069972,-0.05454017,0.0005217674,-0.6760002,-0.11775163,0.0063278372,-0.48555204,-0.08512621,0.031459197,-0.48286363,-0.034441035
T,Alan,Left,0.0,0.0,0.0,-0.21429767,-0.13325153,-0.042300735,-0.34989482,-0.43252933,-0.050547767,-0.35352382,-0.7225077,-0.07323546,-0.36597362,-0.9306252,-0.076997936,-0.3173726,-0.69146574,0.059458386,-0.3992596,-0.9359275,-0.05995699,-0.37469423,-0.7551479,-0.11090272,-0.33315387,-0.63593966,-0.11629771,-0.1821905,-0.7161984,0.037142973,-0.24118035,-0.8800051,-0.083679415,-0.21430619,-0.60979545,-0.09680112,-0.18079233,-0.5375839,-0.065125614,-0.042193476,-0.7093496,-0.011159741,-0.096216336,-0.80007184,-0.13831252,-0.08737255,-0.5298815,-0.098059036,-0.06283964,-0.46820083,-0.028697206,0.10425373,-0.6839842,-0.06470062,0.036902178,-0.78987914,-0.11752847,0.020041842,-0.59021616,-0.06595524,0.038032405,-0.51729333,-0.0047194073
T,Alan,Left,0.0,0.0,0.0,-0.18906301,-0.1582366,-0.084104925,-0.32911056,-0.44495434,-0.11795869,-0.34424806,-0.73792434,-0.15543027,-0.27504608,-0.961431,-0.16733767,-0.30403557,-0.7070959,0.03590437,-0.29974484,-0.95974433,-0.08719569,-0.2638728,-0.7343566,-0.14889638,-0.25418878,-0.6164689,-0.1670228,-0.17179888,-0.71296656,0.0352189,-0.1433492,-0.91775364,-0.08856297,-0.124224804,-0.65667325,-0.11543812,-0.14054008,-0.57850856,-0.097526476,-0.04029196,-0.6914108,0.0061908728,-0.007600352,-0.8158265,-0.11715807,-0.014337774,-0.57036597,-0.09095899,-0.044848736,-0.49777904,-0.03607508,0.09545873,-0.6478382,-0.03150434,0.108406365,-0.76400495,-0.0858594,0.08831593,-0.5780145,-0.048858896,0.058755048,-0.50059444,-0.0015814083
T,Alan,Left,0.0,0.0,0.0,-0.1915527,-0.15735179,-0.09225652,-0.3246463,-0.43738878,-0.12845431,-0.34650573,-0.72773784,-0.16933341,-0.30561945,-0.95215374,-0.18651089,-0.30449986,-0.7165825,0.041115243,-0.3116106,-0.9845857,-0.0860339,-0.26756963,-0.78614026,-0.15732959,-0.25058988,-0.6384083,-0.1777988,-0.17027526,-0.7210637,0.045032773,-0.15349269,-0.92691636,-0.08047555,-0.1264842,-0.6844721,-0.1195154,-0.13376488,-0.5774544,-0.10765016,-0.0377882,-0.69654226,0.019613143,-0.020972067,-0.83465546,-0.106724754,-0.018348686,-0.59969455,-0.089894146,-0.035839994,-0.50039846,-0.03744911,0.09647984,-0.64813316,-0.014891662,0.10256091,-0.7789282,-0.07490402,0.08924771,-0.60636646,-0.04185081,0.07176,-0.5143888,0.006998489
T,Alan,Left,0.0,0.0,0.0,-0.18191071,-0.16707304,-0.0890148,-0.29683658,-0.44785807,-0.12258712,-0.29925337,-0.74068385,-0.15961263,-0.25818095,-0.9660966,-0.17369278,-0.27982014,-0.69726914,0.025761733,-0.30786777,-0.9596156,-0.09560341,-0.2732523,-0.7501531,-0.15652588,-0.24801166,-0.616538,-0.17170507,-0.14024086,-0.7074121,0.030499188,-0.14377686,-0.89266104,-0.08826287,-0.12712227,-0.63640064,-0.11562874,-0.12307188,-0.5503052,-0.09841605,-0.0035247644,-0.6837297,0.007914193,-0.005200011,-0.80190337,-0.11547269,-0.016732028,-0.5530796,-0.08835633,-0.025060734,-0.47240838,-0.030911729,0.130715,-0.63555676,-0.022995174,0.11427223,-0.757924,-0.07785736,0.088240996,-0.5734351,-0.036860622,0.07916053,-0.48758885,0.015890848
T,Alan,Left,0.0,0.0,0.0,-0.22000174,-0.14313,0.0037958345,-0.36081338,-0.4454713,0.010629241,-0.41219774,-0.69060564,-0.007580215,-0.4603579,-0.8877334,-0.01700073,-0.2804053,-0.7585068,0.09364256,-0.3832862,-1.013918,-0.0012574327,-0.41901264,-0.95984757,-0.04821764,-0.40281612,-0.9010943,-0.061995167,-0.15830146,-0.7884669,0.049210947,-0.2937186,-0.8826601,-0.07307075,-0.27819064,-0.612007,-0.095447086,-0.21098194,-0.5050466,-0.071816154,-0.027083997,-0.7842248,-0.014259753,-0.17120987,-0.7982118,-0.1337773,-0.15462741,-0.5392172,-0.097799726,-0.09450798,-0.46691445,-0.035682898,0.109815724,-0.74863434,-0.080187686,-0.032014266,-0.7883868,-0.13154523,-0.03991626,-0.6001013,-0.086323224,0.010527669,-0.5437941,-0.03237904
T,Alan,Left,0.0,0.0,0.0,-0.22130282,-0.1525683,-0.037564147,-0.3473399,-0.45276272,-0.04985707,-0.35429862,-0.7107289,-0.077379376,-0.35321823,-0.935541,-0.08846556,-0.2762112,-0.78919363,0.07596608,-0.43338016,-0.8795519,-0.04145398,-0.44465667,-0.7048227,-0.10392214,-0.4039684,-0.58729696,-0.121708274,-0.14989986,-0.83781254,0.051028457,-0.3026957,-0.76621443,-0.067376755,-0.28087482,-0.5028651,-0.092513055,-0.22300248,-0.4520657,-0.07417418,-0.02403116,-0.8146367,3.4975903e-05,-0.17453909,-0.68471557,-0.117232904,-0.15502521,-0.43867382,-0.08571849,-0.099362954,-0.41721192,-0.028624462,0.08910094,-0.750564,-0.05876059,-0.052574478,-0.6577607,-0.10863359,-0.051602922,-0.48471108,-0.072444715,-0.004709508,-0.4725996,-0.023377439
T,Alan,Left,0.0,0.0,0.0,-0.18069094,-0.21624978,-0.005867768,-0.251039,-0.5070542,-0.016840069,-0.2483371,-0.7416665,-0.049293436,-0.25608832,-0.9666534,-0.0707902,-0.12824976,-0.76772827,0.08343026,-0.31029525,-0.8916656,-0.027263194,-0.3743722,-0.7585137,-0.09182467,-0.3683281,-0.6441658,-0.114783354,-0.039978966,-0.78632647,0.04504379,-0.24067456,-0.7927924,-0.068231024,-0.23227476,-0.5483602,-0.092207335,-0.1553093,-0.47438237,-0.07897988,0.05354164,-0.759178,-0.0139792925,-0.1494355,-0.74609834,-0.11974816,-0.14176913,-0.50770146,-0.081179075,-0.06826611,-0.44759682,-0.025579976,0.14452781,-0.69677323,-0.07861647,-0.03384264,-0.7031693,-0.12812376,-0.046031494,-0.5458063,-0.09008427,0.013241883,-0.5034232,-0.042954918
T,Alan,Left,0.0,0.0,0.0,-0.18730925,-0.20202523,-0.014790255,-0.25034747,-0.52741617,-0.017125074,-0.2146156,-0.77877945,-0.03838224,-0.18738802,-0.982286,-0.04587022,-0.11387164,-0.7927171,0.08014343,-0.20115627,-0.9876423,-0.022227068,-0.26244113,-0.85936123,-0.073752545,-0.27427602,-0.74013954,-0.086638734,0.007861092,-0.7887677,0.04764076,-0.11938702,-0.84079903,-0.06053628,-0.1423064,-0.58828586,-0.0796131,-0.09790241,-0.50437856,-0.05937174,0.12473143,-0.7355323,-0.0067049,-0.016177293,-0.72768474,-0.11499004,-0.040430658,-0.48433203,-0.081201054,0.0018333788,-0.4245696,-0.024862435,0.2308226,-0.6515306,-0.06556047,0.10092321,-0.67527145,-0.11016418,0.07034389,-0.51111066,-0.069988854,0.11274644,-0.4666886,-0.020711893
T,Alan,Left,0.0,0.0,0.0,-0.1825859,-0.19008426,-0.036183625,-0.28949186,-0.5009389,-0.05199099,-0.2803179,-0.7733421,-0.08248525,-0.22214444,-0.9750138,-0.094127126,-0.18058057,-0.7868855,0.058663175,-0.26468542,-0.9771691,-0.059058852,-0.2754417,-0.76817006,-0.117903896,-0.24615929,-0.63013875,-0.13322526,-0.05469909,-0.7892734,0.034628887,-0.13980694,-0.8586277,-0.07963204,-0.15318324,-0.5978204,-0.09553461,-0.11914969,-0.52265906,-0.07307857,0.06739344,-0.7451464,-0.014459809,-0.02065814,-0.755894,-0.12209259,-0.048425213,-0.5140188,-0.08069678,-0.019580133,-0.45876917,-0.020414662,0.1884885,-0.66963726,-0.07075891,0.09457249,-0.7011142,-0.107590035,0.0510981,-0.5203326,-0.05975958,0.07295992,-0.46254474,-0.0066439435
T,Alan,Left,0.0,0.0,0.0,-0.18488929,-0.18969741,-0.053745393,-0.265937,-0.5140277,-0.06424684,-0.24324277,-0.7800291,-0.0857703,-0.218064,-0.97593445,-0.08494882,-0.19469427,-0.77440786,0.05856592,-0.25424904,-1.0114919,-0.060065024,-0.24471878,-0.79931796,-0.1133314,-0.21241742,-0.66025335,-0.12047668,-0.062396895,-0.7777353,0.047748134,-0.11040566,-0.8872153,-0.0677827,-0.11160248,-0.6254617,-0.08124961,-0.08557187,-0.5630468,-0.052619245,0.06657784,-0.7373708,0.009412787,0.012134923,-0.7893451,-0.10951788,-0.009856955,-0.54101455,-0.07183775,0.012243116,-0.48769218,-0.0077892155,0.19169296,-0.67396927,-0.0364471,0.13212271,-0.7343405,-0.090329796,0.09361219,-0.55174434,-0.04805794,0.1087522,-0.48815396,0.007494619
T,Alan,Left,0.0,0.0,0.0,-0.16117066,-0.1739125,-0.07896821,-0.2552837,-0.48734814,-0.11116691,-0.23914276,-0.7763089,-0.15533388,-0.18797396,-0.98217404,-0.17468958,-0.20625529,-0.7555003,0.055206448,-0.23479387,-0.9838892,-0.08436901,-0.20903844,-0.7958306,-0.1362825,-0.17134462,-0.687836,-0.13557877,-0.07326039,-0.74229956,0.049653105,-0.078779586,-0.8731998,-0.08287515,-0.08635371,-0.5828082,-0.08080115,-0.079663426,-0.569294,-0.03219852,0.06050903,-0.69786274,0.009127412,0.049127325,-0.7735651,-0.1322541,0.017697291,-0.5034836,-0.080222264,0.020696826,-0.48804218,0.0037556312,0.1890798,-0.63773215,-0.040926367,0.16274437,-0.72815734,-0.09718939,0.1266162,-0.54682815,-0.043811936,0.13403323,-0.50623584,0.022936674
T,Alan,Left,0.0,0.0,0.0,-0.13864946,-0.16306862,-0.09449202,-0.23985536,-0.4656518,-0.12870832,-0.22730851,-0.75943947,-0.16696893,-0.18514413,-0.9827114,-0.17699216,-0.23406628,-0.75287545,0.028853046,-0.25070575,-0.99147546,-0.10624943,-0.21466002,-0.7663319,-0.15488389,-0.19189747,-0.6624184,-0.15591618,-0.09649326,-0.7405601,0.031818498,-0.068923436,-0.895287,-0.10064994,-0.059880856,-0.6058473,-0.10652664,-0.07720179,-0.58724344,-0.06787309,0.038289156,-0.69941527,0.0015916947,0.06478609,-0.788188,-0.14463282,0.043382566,-0.5189755,-0.10704538,0.014316078,-0.5081896,-0.03607281,0.1699957,-0.6428397,-0.037391286,0.18390137,-0.7379095,-0.10608628,0.15233496,-0.54624546,-0.065528676,0.12454215,-0.5034979,-0.009368116
T,Alan,Left,0.0,0.0,0.0,-0.13999668,-0.17990535,-0.11755541,-0.2236603,-0.47483873,-0.16562463,-0.19343336,-0.7695579,-0.21265733,-0.12108664,-0.9926419,-0.23081945,-0.19772953,-0.7672814,0.006198796,-0.18434033,-1.0197178,-0.14193457,-0.15438262,-0.7784713,-0.20130575,-0.14378503,-0.665092,-0.20822054,-0.053291537,-0.7359778,0.018517138,-0.008071643,-0.9028844,-0.12475178,-0.013733646,-0.61343294,-0.14177212,-0.03733579,-0.60140425,-0.11021546,0.08218681,-0.6770526,-0.0036192888,0.12458736,-0.764441,-0.16181661,0.08327345,-0.49442092,-0.13187341,0.04432879,-0.49506822,-0.064084455,0.20958553,-0.60661495,-0.035302673,0.23418064,-0.690095,-0.11270367,0.19114468,-0.495053,-0.07586061,0.15584655,-0.45834243,-0.021138048
T,Alan,Left,0.0,0.0,0.0,-0.1326438,-0.1927722,-0.09532756,-0.20511138,-0.48477092,-0.1271604,-0.17046826,-0.7756347,-0.16424666,-0.11651493,-0.9931889,-0.17704992,-0.18364553,-0.7121225,0.052738465,-0.1783261,-0.95203686,-0.07831714,-0.16901265,-0.7752518,-0.12964916,-0.16136461,-0.68358094,-0.13081007,-0.06105663,-0.68331164,0.059850466,-0.03081073,-0.8581317,-0.065551646,-0.04676258,-0.6067656,-0.07416426,-0.058935493,-0.59223795,-0.037065286,0.058937445,-0.6305157,0.03219623,0.087770686,-0.74474573,-0.1077066,0.045418423,-0.5018693,-0.074729666,0.021228535,-0.48442808,-0.0056936922,0.17591064,-0.5682896,-0.0049467864,0.19135523,-0.6848253,-0.06894006,0.1488478,-0.5174507,-0.031746507,0.12582915,-0.4692783,0.02208165
T,Alan,Left,0.0,0.0,0.0,-0.11604435,-0.15836306,-0.13345522,-0.18545125,-0.47032464,-0.18517609,-0.15028036,-0.7703535,-0.23182583,-0.09418476,-0.99555475,-0.24831425,-0.17012629,-0.7743486,-0.017782897,-0.16013628,-0.99936324,-0.16453919,-0.1405928,-0.75626534,-0.21325906,-0.12671801,-0.65892357,-0.21459769,-0.025529223,-0.7606187,0.0027417007,0.015658928,-0.86416817,-0.13629772,-0.0058267172,-0.56151885,-0.1373127,-0.026020555,-0.5823722,-0.09704173,0.11311551,-0.71003854,-0.012879273,0.14957832,-0.7462509,-0.16665041,0.095729575,-0.47275433,-0.12420526,0.06414579,-0.5030483,-0.052692357,0.24151221,-0.6443512,-0.04089478,0.25571296,-0.68495715,-0.119795315,0.20477545,-0.48440444,-0.08366473,0.17668556,-0.46835196,-0.031058555
T,Alan,Left,0.0,0.0,0.0,-0.18140316,-0.23218784,-0.027279256,-0.2469712,-0.5553555,-0.03642204,-0.21075031,-0.79740995,-0.06310705,-0.16256514,-0.9866978,-0.07305224,-0.10251547,-0.81721824,0.06995597,-0.15559502,-1.0059973,-0.0427837,-0.20135967,-0.8108753,-0.10165266,-0.19566068,-0.66497636,-0.11672195,0.019100316,-0.7958233,0.043024,-0.062003475,-0.8493261,-0.062590174,-0.107839495,-0.60468674,-0.0806298,-0.07981403,-0.5292423,-0.06268141,0.13291727,-0.7283114,-0.008131345,0.040581197,-0.7360797,-0.10931432,-0.011049698,-0.51376486,-0.07246551,0.013356936,-0.45557576,-0.017466804,0.23580328,-0.6295533,-0.065980315,0.15209925,-0.67029446,-0.10158291,0.09416002,-0.51250327,-0.05629398,0.10868036,-0.45561364,-0.0050532147
T,Alan,Left,0.0,0.0,0.0,-0.1266252,-0.18929398,-0.09544962,-0.2039621,-0.5022102,-0.133058,-0.14179702,-0.79633117,-0.17170331,-0.03698806,-0.9993157,-0.18078049,-0.18522188,-0.75015557,0.01871689,-0.16641134,-0.9851532,-0.11122548,-0.15162545,-0.7352112,-0.15979195,-0.14861456,-0.65383524,-0.16902286,-0.056274414,-0.72585535,0.01896732,-0.008728899,-0.89029986,-0.11734013,-0.024719592,-0.5947322,-0.13261436,-0.047936,-0.5844037,-0.10267946,0.06504937,-0.67542773,-0.011160905,0.1157206,-0.75093764,-0.152153,0.06565949,-0.48544717,-0.115781866,0.024543295,-0.49162984,-0.05094774,0.18258558,-0.6083734,-0.050737523,0.20689745,-0.66528785,-0.116662584,0.1604247,-0.46796373,-0.07695645,0.12615053,-0.43949762,-0.025237149
T,Alan,Left,0.0,0.0,0.0,-0.116097726,-0.213279,-0.09898712,-0.17090891,-0.5101948,-0.14154539,-0.1070957,-0.79835206,-0.18562722,-0.0069837137,-0.9999756,-0.20467809,-0.15514328,-0.7613601,0.01627415,-0.10784616,-1.0184768,-0.11960853,-0.081447415,-0.7927611,-0.1865938,-0.08644448,-0.6738034,-0.20417902,-0.02197074,-0.72655284,0.020555414,0.04390564,-0.9237282,-0.11687556,0.03768514,-0.6528021,-0.15187201,0.0005862089,-0.59421253,-0.13590038,0.105034076,-0.664323,-0.0037284733,0.16044335,-0.7700661,-0.14645974,0.11597283,-0.5206115,-0.12518522,0.06260649,-0.47981977,-0.067612156,0.2230659,-0.583649,-0.03629402,0.26442638,-0.6856864,-0.105236284,0.21723832,-0.50458413,-0.068449885,0.16789454,-0.44124135,-0.016244462
T,Alan,Right,0.0,0.0,0.0,0.19757567,-0.16317765,-0.06980494,0.3237491,-0.49501568,-0.09595916,0.2785112,-0.78002155,-0.12877922,0.21297412,-0.9770578,-0.140647,0.2498563,-0.7861093,0.016061695,0.3397342,-1.0794362,-0.10270482,0.3622665,-0.8812551,-0.16239014,0.3105454,-0.68751025,-0.1736484,0.11655266,-0.8006921,0.0063997814,0.18025373,-1.0228218,-0.09596022,0.2047478,-0.7378666,-0.11217271,0.16765171,-0.620505,-0.092402205,-0.011210334,-0.77760184,-0.02809851,0.057622224,-0.93614924,-0.13751501,0.09678894,-0.67281467,-0.10117106,0.06393583,-0.5642566,-0.043854073,-0.15300815,-0.7293573,-0.06996856,-0.0701063,-0.8681279,-0.13269705,-0.020143673,-0.68352103,-0.08677081,-0.039425403,-0.5914132,-0.0311714
T,Alan,Right,0.0,0.0,0.0,0.20707475,-0.19269434,-0.048421778,0.3322646,-0.54425716,-0.06191237,0.30376878,-0.80552614,-0.08544588,0.23026752,-0.97312737,-0.09403738,0.2094536,-0.8966911,0.02605995,0.3318955,-1.1327075,-0.07585493,0.36299652,-0.9306333,-0.14640433,0.3167349,-0.738236,-0.173436,0.084666796,-0.9099879,0.009802078,0.17794842,-1.0493658,-0.067659855,0.20875214,-0.80971915,-0.099566735,0.16321947,-0.6826172,-0.10430488,-0.032258894,-0.868018,-0.026123649,0.059715424,-0.9913191,-0.096130736,0.10111023,-0.7733706,-0.07083991,0.06457106,-0.65595603,-0.037373036,-0.15749921,-0.79066306,-0.0697456,-0.069172405,-0.9197571,-0.105934925,-0.016247882,-0.76660913,-0.062917024,-0.03200516,-0.66992766,-0.01769446
T,Alan,Right,0.0,0.0,0.0,0.22184506,-0.22790322,-0.045860544,0.3599465,-0.5799595,-0.05385322,0.33498478,-0.84709126,-0.06831758,0.20571584,-0.9432928,-0.06903325,0.14975353,-1.0114853,0.057063065,0.29159275,-1.2290399,-0.011375504,0.3230218,-1.0634348,-0.07476034,0.29307613,-0.95608914,-0.11020924,0.012396952,-1.0378819,0.043363255,0.14835514,-1.207992,-0.016479788,0.1826369,-0.99627775,-0.056137633,0.14524089,-0.8671506,-0.06743035,-0.10928904,-1.0072336,0.013563381,0.020713909,-1.1302544,-0.034604225,0.058640745,-0.9482727,-0.0227998,0.019628175,-0.8268297,-0.00095187407,-0.22727461,-0.9273711,-0.024544053,-0.11958112,-1.0417277,-0.039066315,-0.06980147,-0.9117241,-0.003262821,-0.08478579,-0.8145664,0.034135524
T,Alan,Right,0.0,0.0,0.0,0.13834514,-0.21604383,-0.08111967,0.18982866,-0.5275608,-0.10532834,0.12914269,-0.796389,-0.12911525,0.07633041,-0.9970826,-0.13167137,0.1916214,-0.769057,0.013033119,0.18184558,-1.0389857,-0.09678178,0.16650027,-0.8649329,-0.15770751,0.15447468,-0.692755,-0.17236234,0.05292039,-0.75132453,0.025414634,0.009571125,-0.9491393,-0.08043607,0.039185558,-0.72391737,-0.10956979,0.061689682,-0.615603,-0.09683016,-0.07809958,-0.7130095,0.014875899,-0.109884605,-0.8656198,-0.08724822,-0.06364789,-0.6618378,-0.063314945,-0.046486326,-0.56738824,-0.012991341,-0.20830715,-0.65192306,-0.0032030628,-0.2109907,-0.8029813,-0.0534439,-0.16977482,-0.6558965,-0.016410604,-0.15527672,-0.5716387,0.03409025
T,Alan,Right,0.0,0.0,0.0,0.18979122,-0.13374694,-0.10345519,0.327523,-0.469516,-0.13240764,0.2681488,-0.781912,-0.15599138,0.18567134,-0.9826119,-0.1554886,0.27299458,-0.77333313,-0.00091398496,0.3029619,-0.9980759,-0.12318607,0.27633858,-0.8138954,-0.17275158,0.23803157,-0.6576295,-0.173928,0.113320544,-0.78601986,0.015690455,0.1087667,-0.95639044,-0.0975182,0.119708575,-0.6702749,-0.10360002,0.12881562,-0.5929005,-0.06792973,-0.027595857,-0.7630585,0.005317333,-0.041517865,-0.89097476,-0.11858528,-0.013040672,-0.62270755,-0.07197563,-0.004725798,-0.5525307,0.0006855258,-0.17381236,-0.71321523,-0.013437954,-0.15726842,-0.8512187,-0.07520173,-0.12977295,-0.65978444,-0.020091496,-0.124931976,-0.5855991,0.048114553
T,Alan,Right,0.0,0.0,0.0,0.25167742,-0.227456,-0.058381468,0.40431753,-0.56769556,-0.084211074,0.36872777,-0.83718103,-0.116070196,0.24054742,-0.9706374,-0.13062273,0.19351262,-0.9850915,0.009586744,0.35052213,-1.2417082,-0.09651194,0.36643124,-1.0099304,-0.17366305,0.32536247,-0.8202661,-0.20798089,0.050349277,-1.0008465,-0.0014784023,0.20157298,-1.1456931,-0.08539178,0.22339466,-0.90905404,-0.1260415,0.18962991,-0.758379,-0.13468078,-0.069908634,-0.96354926,-0.030815836,0.083549045,-1.0331383,-0.08985252,0.113963716,-0.83952767,-0.073821984,0.08096956,-0.7129176,-0.04857727,-0.1790429,-0.8890746,-0.070414074,-0.034874745,-0.9392827,-0.08795146,-0.0017676647,-0.79509336,-0.054065894,-0.031921145,-0.70124936,-0.017952524
T,Alan,Right,0.0,0.0,0.0,0.17402406,-0.24144065,-0.034072883,0.24123046,-0.5498744,-0.034139972,0.17498873,-0.8085828,-0.042012513,0.108562045,-0.99408966,-0.036634263,0.13485813,-0.80888367,0.06139655,0.13566196,-1.0478354,-0.0017471056,0.16710763,-0.872437,-0.046684157,0.1774446,-0.71947765,-0.059700716,0.0020702023,-0.80402833,0.05550856,0.0031740216,-1.0036503,0.009804534,0.05162085,-0.8166196,-0.009850891,0.06490697,-0.6844248,-0.005026666,-0.13077983,-0.7650289,0.03312691,-0.11819543,-0.90058374,-0.018855905,-0.060744498,-0.7182512,-0.0018636648,-0.048161563,-0.59278166,0.02990259,-0.27109823,-0.69302267,0.006985919,-0.25109982,-0.82923263,-0.015460636,-0.19836514,-0.69112134,0.021648284,-0.18610738,-0.58384234,0.06498851
T,Alan,Right,0.0,0.0,0.0,0.14955632,-0.17235786,-0.095150396,0.20431821,-0.4955681,-0.116664104,0.2024398,-0.78305614,-0.13010688,0.15308116,-0.9882136,-0.123730645,-0.035562214,-0.81691617,0.00066871324,0.09917584,-1.0356177,-0.076900914,0.16494682,-0.88302714,-0.13307494,0.14272472,-0.76194453,-0.15994394,-0.09975834,-0.8274359,0.021444565,0.038833123,-1.0203031,-0.05039064,0.10703291,-0.8466688,-0.083716266,0.08335717,-0.7262633,-0.0883245,-0.13967116,-0.80865645,0.022379458,-0.0009817436,-0.9694033,-0.046110004,0.054151647,-0.8128379,-0.033240065,0.024353355,-0.7020274,-0.004834027,-0.16951653,-0.75655353,0.013039784,-0.046477158,-0.8998357,-0.022743573,0.0053080176,-0.78554803,0.0008976079,-0.006855927,-0.6967685,0.033354837
T,Alan,Right,0.0,0.0,0.0,0.15384567,-0.25691426,-0.045515474,0.20834994,-0.5736005,-0.051993597,0.17862397,-0.80759424,-0.06238217,0.14072768,-0.99004835,-0.05883144,0.039124373,-0.7839904,0.031773493,0.10140563,-0.96478915,-0.03843815,0.1491866,-0.8011487,-0.08760084,0.15074132,-0.687494,-0.10833423,-0.0671891,-0.7710718,0.028255055,-0.0071789348,-0.91716623,-0.034867663,0.049145356,-0.7311641,-0.062088348,0.04401048,-0.62983596,-0.06416987,-0.15702921,-0.7248114,0.009106888,-0.10179285,-0.8538384,-0.053810574,-0.036659185,-0.6851944,-0.039760616,-0.039113317,-0.58779466,-0.011477917,-0.23612,-0.65151525,-0.014935883,-0.18182793,-0.7778483,-0.046517365,-0.12639123,-0.6601939,-0.017124217,-0.12713282,-0.5808569,0.018567443
T,Alan,Right,0.0,0.0,0.0,0.2377149,-0.14552307,-0.058768034,0.4012429,-0.49461418,-0.07494392,0.3919664,-0.7729762,-0.09879582,0.30947414,-0.9509079,-0.10522248,0.25301486,-0.9583713,0.035640627,0.3836807,-1.1961305,-0.075679086,0.4098643,-0.99652666,-0.14933422,0.37227434,-0.7988812,-0.17539239,0.114333056,-1.0024467,0.024104383,0.2180433,-1.138854,-0.067506805,0.24259774,-0.889629,-0.10502438,0.207652,-0.7547352,-0.10572193,-0.01904718,-0.9853181,-0.009838891,0.09080878,-1.0673035,-0.09453315,0.12958752,-0.83801454,-0.076419644,0.09945851,-0.7217465,-0.04071345,-0.15416951,-0.92518276,-0.05249945,-0.03788237,-0.9897989,-0.09795887,0.014084054,-0.82360804,-0.0635323,-0.00067519187,-0.73742497,-0.019463087
T,Alan,Right,0.0,0.0,0.0,0.18522961,-0.15187877,-0.061362013,0.27963153,-0.47417292,-0.07433663,0.28236255,-0.72800636,-0.09328298,0.29161295,-0.9565364,-0.09581128,0.23173557,-0.7172293,0.03427866,0.38142648,-0.852269,-0.0659292,0.38744122,-0.6826195,-0.1122265,0.33366573,-0.5710532,-0.122624874,0.11564562,-0.75047344,0.02358533,0.25010282,-0.88880914,-0.068499036,0.24866806,-0.6242572,-0.07805945,0.19695216,-0.54355145,-0.05632333,-0.0064778924,-0.7303134,-0.010950086,0.12339603,-0.8358436,-0.12738417,0.13533801,-0.57913494,-0.09683768,0.08270476,-0.5120293,-0.041415386,-0.1363055,-0.67465186,-0.049277984,-0.003136633,-0.79865915,-0.1207298,0.026799504,-0.6184467,-0.07989993,-0.01861097,-0.5530394,-0.027971936
U,Alan,Right,0.0,0.0,0.0,0.09426856,-0.070866294,-0.07519917,0.14748298,-0.23710956,-0.10081204,0.10790692,-0.36624447,-0.12332966,0.017344953,-0.43741184,-0.14007409,0.12584056,-0.47608712,-0.04814956,0.12287247,-0.6921097,-0.09884908,0.11189593,-0.82139635,-0.12733449,0.09338791,-0.9304742,-0.14034648,0.04728409,-0.48720187,-0.04783739,0.05645271,-0.7250635,-0.105465926,0.06487051,-0.8772068,-0.13339014,0.067056715,-0.99774915,-0.1381062,-0.026502429,-0.44912425,-0.058463566,-0.037679955,-0.5133325,-0.1458743,-0.0126529345,-0.3889391,-0.15844338,0.0035322506,-0.30469376,-0.1342531,-0.09243835,-0.38683546,-0.07500951,-0.082665876,-0.43585414,-0.13094734,-0.055982776,-0.3541839,-0.122785866,-0.038871504,-0.29695803,-0.098829
U,Alan,Right,0.0,0.0,0.0,0.096647255,-0.050244898,-0.07649894,0.15774447,-0.19777966,-0.10409315,0.13922079,-0.33002427,-0.12861931,0.06174429,-0.4160854,-0.14837107,0.13661408,-0.4524529,-0.060128972,0.1491834,-0.665773,-0.11454499,0.14910482,-0.7948986,-0.14554228,0.1389192,-0.9057128,-0.15977336,0.06429112,-0.4708266,-0.05843777,0.08446246,-0.71488285,-0.117997766,0.101919055,-0.8715641,-0.14821243,0.110484056,-0.9938779,-0.1555467,-0.0050826464,-0.4380412,-0.066473156,-0.014657825,-0.5090384,-0.151023,0.0065273778,-0.39681995,-0.16501753,0.019449234,-0.3138891,-0.14400223,-0.0688412,-0.37967893,-0.08073626,-0.061270826,-0.4287805,-0.13635843,-0.034906007,-0.35348216,-0.13088444,-0.017016212,-0.29445454,-0.10932181
U,Alan,Right,0.0,0.0,0.0,0.11257199,-0.0658033,-0.061462954,0.19399795,-0.23245062,-0.077712074,0.16352463,-0.3734483,-0.09435882,0.08269003,-0.44431412,-0.10743827,0.15475267,-0.4516067,-0.03303394,0.18747754,-0.6448175,-0.07245007,0.19964601,-0.76988214,-0.096649826,0.20503673,-0.88340807,-0.10926207,0.085776374,-0.48164853,-0.038051445,0.110715896,-0.713831,-0.08724517,0.13593036,-0.863292,-0.11593764,0.15574665,-0.987797,-0.1259406,0.016874375,-0.45982608,-0.051536955,0.045464683,-0.56002265,-0.13485761,0.061584733,-0.4196606,-0.14742929,0.05970245,-0.31218743,-0.12534456,-0.047866154,-0.40912068,-0.06958961,-0.017232994,-0.5321527,-0.12367344,0.02249777,-0.4684708,-0.11433358,0.04469594,-0.389942,-0.09092821
U,Alan,Right,0.0,0.0,0.0,0.1282019,-0.14801344,-0.028021825,0.19699281,-0.32715887,-0.037855946,0.17978057,-0.44848743,-0.057148118,0.12107503,-0.5139461,-0.07383855,0.09134327,-0.52929,0.015174037,0.1400671,-0.7400799,-0.025565682,0.18119763,-0.86645246,-0.05480439,0.20857823,-0.97209144,-0.06838197,0.043834876,-0.5287219,-0.00040186348,0.10833474,-0.73562044,-0.050018217,0.15381025,-0.8715788,-0.08353341,0.18137284,-0.9834144,-0.094918,-0.011646123,-0.49635532,-0.024826607,0.059647523,-0.5885905,-0.10053896,0.08808504,-0.49162367,-0.11583366,0.09182654,-0.4080336,-0.09680539,-0.06151078,-0.44039539,-0.051331136,0.010351422,-0.54962546,-0.09659609,0.06632357,-0.5168059,-0.08905096,0.09877127,-0.46848932,-0.06644627
U,Alan,Right,0.0,0.0,0.0,0.08756021,-0.114833616,-0.03815429,0.15099475,-0.290333,-0.05829026,0.14659572,-0.3934818,-0.0769215,0.09584534,-0.42799872,-0.09631743,0.0391972,-0.4982523,-0.028683484,0.07616126,-0.69065696,-0.06547332,0.10036312,-0.81089485,-0.09668551,0.11771517,-0.90431106,-0.11725047,-0.030217111,-0.4952968,-0.045699302,0.006357472,-0.72702706,-0.080792174,0.032742675,-0.8771664,-0.11192475,0.052568078,-0.99861735,-0.13059668,-0.094321206,-0.44985124,-0.06862114,-0.024182428,-0.6451666,-0.11719386,0.036540672,-0.7695864,-0.14853635,0.0809096,-0.8745734,-0.16725263,-0.14608337,-0.36467502,-0.09413679,-0.05348466,-0.46576503,-0.1402584,0.014033771,-0.454419,-0.14557438,0.058513515,-0.43417728,-0.14457361
U,Alan,Right,0.0,0.0,0.0,0.107714415,-0.04281317,-0.07434311,0.19264069,-0.2139665,-0.09360653,0.15703268,-0.36941516,-0.10964182,0.07100493,-0.46285325,-0.120576866,0.19287391,-0.44060132,-0.034514964,0.22661802,-0.64585525,-0.07640503,0.23915665,-0.77301717,-0.10296941,0.24450241,-0.8839974,-0.11754628,0.12066347,-0.4738889,-0.03396828,0.15791678,-0.70296836,-0.084956124,0.18955892,-0.8530796,-0.11550015,0.21222824,-0.9772201,-0.12628686,0.047109455,-0.46020696,-0.044145014,0.071497165,-0.5636917,-0.13019359,0.08203844,-0.4361384,-0.14434443,0.076510645,-0.34525773,-0.123872876,-0.025978535,-0.42178804,-0.060011793,0.0073761293,-0.5143337,-0.12237855,0.027317505,-0.4278806,-0.11688187,0.026321482,-0.35333434,-0.09516353
U,Alan,Right,0.0,0.0,0.0,0.0864491,-0.05445904,-0.07947083,0.13893425,-0.23194866,-0.10851744,0.10787464,-0.390012,-0.13147657,0.03472097,-0.48794204,-0.14765431,0.1767292,-0.44647613,-0.058004558,0.19366342,-0.71011126,-0.10877137,0.19369528,-0.8564386,-0.13787685,0.19304875,-0.9811892,-0.15804686,0.0990897,-0.45864764,-0.04849446,0.08074646,-0.526399,-0.1519253,0.07203835,-0.38340458,-0.1814926,0.07834165,-0.2924706,-0.17362803,0.022330124,-0.44918314,-0.047415487,-0.005951432,-0.51134896,-0.13732214,0.0004603222,-0.38293406,-0.12869556,0.016841847,-0.3189163,-0.096431345,-0.042406857,-0.42509937,-0.05418142,-0.054209784,-0.47342914,-0.109822,-0.043257788,-0.3886564,-0.096970156,-0.03089537,-0.33746767,-0.06891673
U,Alan,Right,0.0,0.0,0.0,0.07963322,-0.08817107,-0.10364353,0.116058394,-0.2764135,-0.12722594,0.06722738,-0.43248713,-0.13737899,-0.009223125,-0.53751904,-0.13835754,0.15701197,-0.48404983,-0.053679783,0.16098894,-0.718876,-0.104011275,0.15330902,-0.86579245,-0.13240027,0.14800751,-0.98898625,-0.14462505,0.08423991,-0.5004028,-0.030005595,0.10340618,-0.7179998,-0.0875209,0.11345152,-0.8537129,-0.11486583,0.13217743,-0.9746107,-0.1179717,0.012326429,-0.47806475,-0.021163438,-0.030047912,-0.5569414,-0.117378496,-0.023533715,-0.41983226,-0.13695812,0.00020189796,-0.33394572,-0.1133892,-0.044321734,-0.4362672,-0.019473504,-0.07903771,-0.49842137,-0.08937571,-0.064296186,-0.4001185,-0.089249425,-0.04238824,-0.3285467,-0.06651228
U,Alan,Right,0.0,0.0,0.0,0.09646773,-0.08126265,-0.09274277,0.15347753,-0.2636344,-0.1146553,0.13110152,-0.41860002,-0.12588142,0.06814224,-0.50996107,-0.12971087,0.20090407,-0.44019654,-0.046140794,0.2373626,-0.65432155,-0.09166224,0.24605058,-0.78886604,-0.11930316,0.24435703,-0.90463877,-0.13038564,0.13626504,-0.47682455,-0.025982294,0.17453726,-0.7023834,-0.074696064,0.19200917,-0.8539658,-0.10106517,0.20330787,-0.9791149,-0.10532356,0.06777373,-0.47084364,-0.01899106,0.04101532,-0.567253,-0.09736894,0.034769885,-0.45434493,-0.11793215,0.04173357,-0.37005818,-0.09996992,0.0071485126,-0.4450388,-0.019394634,-0.0014317891,-0.5274086,-0.06698649,0.0019927393,-0.46354172,-0.06452209,0.009748779,-0.40829614,-0.045774978
U,Alan,Right,0.0,0.0,0.0,0.12664314,-0.07295373,-0.06962557,0.21389848,-0.2479223,-0.088167906,0.21174732,-0.43785906,-0.10343409,0.12997343,-0.5459982,-0.115082346,0.20986171,-0.39765462,-0.043404624,0.27599886,-0.6106071,-0.07289047,0.3027203,-0.7323788,-0.09105171,0.31889778,-0.8493835,-0.102726616,0.14549683,-0.4599599,-0.037956182,0.20950128,-0.69553614,-0.070724435,0.25639337,-0.835775,-0.09117569,0.28755948,-0.9577628,-0.102382205,0.073304795,-0.47085473,-0.040662054,0.12202771,-0.62216175,-0.09950062,0.14318332,-0.5045208,-0.109185,0.1368098,-0.40084073,-0.095547974,-0.00055083964,-0.4556604,-0.049792286,0.033891074,-0.61312366,-0.090264656,0.07410421,-0.5658975,-0.08554304,0.09187032,-0.4801942,-0.07170522
U,Alan,Right,0.0,0.0,0.0,0.10625828,-0.05444502,-0.06897713,0.19103834,-0.23754404,-0.08431287,0.17668228,-0.3993767,-0.09819507,0.09336659,-0.47407854,-0.10849412,0.1650518,-0.44662613,-0.029225776,0.1966642,-0.6513745,-0.0633029,0.21037522,-0.77583265,-0.08759641,0.21691297,-0.8879383,-0.10326781,0.09945027,-0.47442803,-0.02950412,0.12969792,-0.7044802,-0.07289626,0.15751629,-0.8562116,-0.103265576,0.17367856,-0.9848024,-0.11823253,0.03286908,-0.45699033,-0.039181247,0.06159964,-0.59827507,-0.11512119,0.079892,-0.4767843,-0.12776543,0.07379243,-0.37770107,-0.1111926,-0.03295829,-0.4151459,-0.05489298,0.001483929,-0.5487099,-0.11061882,0.02501947,-0.47970018,-0.106284246,0.02531393,-0.4005542,-0.08908291
U,Alan,Right,0.0,0.0,0.0,0.10846305,-0.07367156,-0.06994509,0.1899238,-0.2250318,-0.09793814,0.1640385,-0.3655464,-0.12658454,0.07082659,-0.422812,-0.15102848,0.1357083,-0.44414788,-0.040292017,0.1655164,-0.6502028,-0.08684354,0.17923966,-0.7759808,-0.11561864,0.18540053,-0.8908514,-0.13126715,0.06891971,-0.4615186,-0.045298364,0.10057284,-0.69654816,-0.10925009,0.12902026,-0.8561657,-0.14781334,0.14539945,-0.989373,-0.16319348,-0.0006319771,-0.43984506,-0.05914792,0.04091182,-0.56429553,-0.15644343,0.06551953,-0.4200534,-0.16831549,0.063547954,-0.3127397,-0.14236045,-0.06635627,-0.39220387,-0.077878535,-0.009896635,-0.5192202,-0.1433052,0.023114126,-0.42484388,-0.13325384,0.025365772,-0.3278919,-0.10674404
U,Alan,Right,0.0,0.0,0.0,0.10486945,-0.07737117,-0.0742966,0.1680607,-0.24583969,-0.09824622,0.1453474,-0.39758906,-0.11963101,0.0656244,-0.49063805,-0.13639848,0.14986959,-0.44825602,-0.042752463,0.17651904,-0.6555158,-0.085240126,0.1823088,-0.7795158,-0.11308457,0.18294697,-0.89255273,-0.1285661,0.08192241,-0.47824252,-0.03910232,0.10056816,-0.7092928,-0.08900762,0.12302515,-0.8619861,-0.12090363,0.1387767,-0.9903237,-0.13530318,0.014391324,-0.46193403,-0.045040615,0.030560816,-0.5820553,-0.11923026,0.05450969,-0.47381586,-0.13357843,0.060209855,-0.38319373,-0.118339166,-0.04563145,-0.42488912,-0.057693988,-0.027896555,-0.5436948,-0.10531267,0.0013075382,-0.49808192,-0.10080172,0.015927175,-0.43681392,-0.08429862
U,Alan,Right,0.0,0.0,0.0,0.1105368,-0.06879446,-0.054733783,0.16842882,-0.22862531,-0.075026944,0.15593939,-0.37565807,-0.09494381,0.099486485,-0.47388524,-0.10975753,0.1880936,-0.44611555,-0.028964465,0.22603801,-0.650237,-0.07372561,0.23732848,-0.7814405,-0.101424895,0.23477665,-0.89289546,-0.112902,0.12508011,-0.48158276,-0.029746013,0.16986226,-0.70040524,-0.07848514,0.19815618,-0.8562833,-0.10544341,0.21441117,-0.9767435,-0.111369275,0.057117388,-0.47341216,-0.038660012,0.085244246,-0.54232776,-0.103137046,0.088334724,-0.44248638,-0.1127391,0.07850467,-0.35913005,-0.09339436,-0.0018516985,-0.4409602,-0.052702226,0.02856506,-0.4848254,-0.08705821,0.03534196,-0.4111247,-0.07546582,0.029925846,-0.34393862,-0.052068368
U,Alan,Right,0.0,0.0,0.0,0.115505226,-0.05031553,-0.06820192,0.20546822,-0.21013281,-0.089450315,0.19103508,-0.37720704,-0.1091072,0.11282087,-0.4784448,-0.12456732,0.21720059,-0.40092346,-0.039992422,0.26956317,-0.610533,-0.07842112,0.29008135,-0.74098766,-0.10352804,0.30098236,-0.8606836,-0.118060656,0.14968592,-0.45025682,-0.04107151,0.20504016,-0.68015647,-0.084426954,0.24497807,-0.83319175,-0.111477576,0.27099264,-0.9625814,-0.1240798,0.07534461,-0.4534036,-0.050853565,0.114762485,-0.5838668,-0.12094708,0.11887677,-0.46891478,-0.12853532,0.10445446,-0.37487426,-0.10930553,-0.0009365648,-0.43277735,-0.06696958,0.03544478,-0.5683221,-0.11084396,0.05610359,-0.51384896,-0.09860966,0.055447444,-0.4405582,-0.07708195
U,Alan,Right,0.0,0.0,0.0,0.1045394,-0.039885093,-0.0812488,0.17425482,-0.19054344,-0.1082627,0.15082836,-0.33683032,-0.1305639,0.07777424,-0.4479304,-0.14808665,0.201451,-0.4216994,-0.053922884,0.2409324,-0.6309317,-0.10406209,0.2549492,-0.7620582,-0.13573192,0.26130936,-0.87760437,-0.15115821,0.13105758,-0.461514,-0.04830177,0.17117459,-0.6907273,-0.104018115,0.20195419,-0.84677017,-0.13673851,0.2257987,-0.97417396,-0.14756435,0.0589273,-0.45056993,-0.053128168,0.058892563,-0.5463263,-0.13681889,0.06027589,-0.43043604,-0.15382135,0.058033753,-0.3410247,-0.1349623,-0.0062613618,-0.41379815,-0.064380564,0.006834106,-0.5049841,-0.11991963,0.01877799,-0.43716082,-0.11466162,0.022636333,-0.37259138,-0.093391396
U,Alan,Right,0.0,0.0,0.0,0.120573506,-0.055731166,-0.06528935,0.2110995,-0.21737885,-0.084645994,0.18484613,-0.37488165,-0.10381233,0.1062702,-0.47588047,-0.11957762,0.21385501,-0.42297992,-0.032114554,0.2638774,-0.62110627,-0.07257647,0.2859154,-0.7489945,-0.09855623,0.29786512,-0.8632781,-0.11235807,0.14044864,-0.46145812,-0.03637665,0.19223252,-0.6947662,-0.08414255,0.23468591,-0.8398399,-0.11300508,0.26283255,-0.9648415,-0.12451084,0.06307352,-0.45206252,-0.049823962,0.104449786,-0.58082294,-0.12938415,0.113218315,-0.45006347,-0.13816324,0.09962968,-0.3517957,-0.11576678,-0.015451334,-0.41852048,-0.06850362,0.02707287,-0.5598416,-0.11695668,0.0524094,-0.50021595,-0.10241324,0.052753255,-0.42731845,-0.077515274
U,Alan,Right,0.0,0.0,0.0,0.10531834,-0.057923734,-0.06249835,0.17825842,-0.20724894,-0.08353545,0.17802772,-0.35822302,-0.10272606,0.11594919,-0.45839825,-0.11896721,0.2009558,-0.41476107,-0.040632866,0.24785328,-0.6240755,-0.082275055,0.26834702,-0.7564178,-0.11192509,0.27953017,-0.87323093,-0.12881921,0.14082515,-0.4574116,-0.0384441,0.18572886,-0.68221945,-0.08428839,0.22105062,-0.83690697,-0.11597682,0.2489296,-0.9685216,-0.13241705,0.07529715,-0.46062347,-0.043949086,0.10592144,-0.6080309,-0.10692123,0.1100346,-0.5321418,-0.12373892,0.10188906,-0.45388377,-0.11497769,0.013654237,-0.44076565,-0.055181496,0.040526025,-0.5629148,-0.09837597,0.061746433,-0.5218984,-0.09897737,0.069449715,-0.4550202,-0.087078415
U,Alan,Right,0.0,0.0,0.0,0.09427521,-0.06253088,-0.08988208,0.13209662,-0.23586114,-0.11614203,0.10927319,-0.3813659,-0.12409742,0.04968254,-0.4767157,-0.12376574,0.18270347,-0.45710483,-0.09331,0.21989104,-0.6869989,-0.1513246,0.22145939,-0.8403731,-0.19319773,0.22168647,-0.975118,-0.22078423,0.11433517,-0.4768274,-0.0666651,0.102992095,-0.50059223,-0.13152185,0.080634594,-0.39707953,-0.15244274,0.079426944,-0.34445086,-0.15481198,0.045432817,-0.46899807,-0.04807686,0.029117633,-0.48606718,-0.10273128,0.020765338,-0.38519442,-0.09607345,0.027176647,-0.34203225,-0.07954358,-0.0055297436,-0.4376488,-0.038960673,-0.020235335,-0.44649583,-0.069940306,-0.021161718,-0.36763066,-0.05532449,-0.023145946,-0.31677693,-0.033272363
U,Alan,Right,0.0,0.0,0.0,0.11548068,-0.04207427,-0.07572808,0.1961177,-0.19460054,-0.10019937,0.1720972,-0.35170662,-0.120746136,0.10006878,-0.45611343,-0.13626531,0.22764048,-0.40502146,-0.046141636,0.27144966,-0.6146952,-0.09238713,0.28614283,-0.7474124,-0.123299226,0.2925113,-0.8629976,-0.14028765,0.15490192,-0.45386004,-0.04317396,0.19985208,-0.68352866,-0.09422008,0.23684232,-0.8389635,-0.12624465,0.26667425,-0.9637867,-0.13982527,0.07785257,-0.4546859,-0.05014698,0.09302575,-0.56965864,-0.12400031,0.09285055,-0.46670043,-0.13640022,0.08593498,-0.38194147,-0.11935007,0.0019656103,-0.4329682,-0.06395193,0.02037871,-0.5348543,-0.112355076,0.03195719,-0.47597307,-0.10492676,0.03284963,-0.41371635,-0.085139275
U,Alan,Right,0.0,0.0,0.0,0.10866311,-0.10962356,-0.028311737,0.17454672,-0.27464244,-0.039858952,0.17669979,-0.41778937,-0.057939876,0.10277711,-0.45605934,-0.07115915,0.08622836,-0.49635398,-0.013586755,0.12121215,-0.6982771,-0.048516545,0.13094188,-0.8117408,-0.0703504,0.13644645,-0.91713834,-0.08384179,0.023397874,-0.50774574,-0.034391243,0.04742203,-0.72724223,-0.09798535,0.06847239,-0.8778417,-0.13774307,0.09103716,-0.9958475,-0.15534687,-0.0346608,-0.46751207,-0.057562288,0.04130818,-0.5795643,-0.13394311,0.07472477,-0.45402572,-0.12970854,0.079791084,-0.35818124,-0.09954553,-0.0742397,-0.3935007,-0.083477095,-0.008076048,-0.5188429,-0.12832934,0.0421386,-0.44173285,-0.10482152,0.059876233,-0.35528082,-0.07108555
U,Alan,Right,0.0,0.0,0.0,0.11288596,-0.10999334,-0.034214105,0.1893015,-0.25514406,-0.046321798,0.19752872,-0.39743975,-0.061164178,0.12337902,-0.45597136,-0.0658318,0.1090426,-0.44668952,-0.025220595,0.16175552,-0.6660552,-0.056474503,0.17944883,-0.7781498,-0.07025923,0.18913412,-0.884018,-0.079177335,0.05010252,-0.47137263,-0.04211761,0.093864806,-0.7091953,-0.11579768,0.12737009,-0.85979027,-0.15632372,0.1567406,-0.9876398,-0.17305008,-0.008448765,-0.45222184,-0.06045692,0.08859075,-0.57678545,-0.1399757,0.10781096,-0.4308148,-0.12580127,0.09457239,-0.34433508,-0.087392375,-0.050894164,-0.38858873,-0.082614735,0.032617588,-0.53211975,-0.12720072,0.08525694,-0.443927,-0.09911849,0.092812836,-0.35402808,-0.061926834
U,Alan,Right,0.0,0.0,0.0,0.10873676,-0.06679266,-0.07894606,0.18207102,-0.23810627,-0.1059672,0.1684079,-0.40034124,-0.1291773,0.11887547,-0.541338,-0.14537181,0.18717404,-0.43078595,-0.043232065,0.22286485,-0.6436667,-0.089560986,0.23254445,-0.7697961,-0.11505161,0.23319882,-0.88450235,-0.1275344,0.11615332,-0.4578272,-0.04183972,0.1499408,-0.7085358,-0.099494204,0.17973314,-0.85634494,-0.12833259,0.1970509,-0.98039323,-0.13605465,0.03848588,-0.44097576,-0.05154189,0.07794826,-0.54993814,-0.14667967,0.093644634,-0.397289,-0.15308338,0.08740719,-0.30356264,-0.12450502,-0.037638232,-0.4038466,-0.06661713,0.015277068,-0.5035602,-0.13451888,0.03532492,-0.40002722,-0.12276528,0.027269602,-0.3254097,-0.09496394
U,Alan,Right,0.0,0.0,0.0,0.112141676,-0.06929221,-0.075395234,0.18609889,-0.24148813,-0.10124551,0.17635675,-0.39946905,-0.12437555,0.13350609,-0.53810585,-0.14081632,0.18761282,-0.43282768,-0.044152718,0.22773734,-0.63995785,-0.08852018,0.2404679,-0.7634469,-0.11284766,0.24529614,-0.8786775,-0.12510766,0.11943386,-0.45979688,-0.043721344,0.157351,-0.7059965,-0.10054123,0.19036342,-0.8528462,-0.12989843,0.21118507,-0.9774461,-0.13963883,0.044038728,-0.44426513,-0.053325556,0.09246881,-0.5560807,-0.14420155,0.11258894,-0.40422925,-0.14948203,0.10566945,-0.30172804,-0.12202047,-0.029425154,-0.40960267,-0.06841573,0.027973836,-0.5196292,-0.13316347,0.054427493,-0.4142595,-0.12082723,0.048546135,-0.3257654,-0.09354585
U,Alan,Right,0.0,0.0,0.0,0.098318495,-0.051210247,-0.09007726,0.15871304,-0.1976571,-0.12707452,0.15568988,-0.35846058,-0.15333697,0.10575006,-0.47461128,-0.17446545,0.19639406,-0.41185156,-0.08363199,0.2310921,-0.62573445,-0.14504702,0.24694203,-0.76914954,-0.18358879,0.2569434,-0.89052296,-0.20106767,0.1336856,-0.45307952,-0.06457131,0.16923088,-0.67341197,-0.12280546,0.19923581,-0.83913624,-0.14994155,0.2250497,-0.9743473,-0.15592474,0.06815839,-0.4496362,-0.054772317,0.07091065,-0.5273807,-0.1274542,0.061939716,-0.4246362,-0.13482465,0.053258684,-0.3350944,-0.11242985,0.010549575,-0.41608158,-0.05264073,0.0145457955,-0.45145926,-0.099639565,0.013347977,-0.37246102,-0.092778906,0.009481288,-0.2997128,-0.06979332
U,Alan,Right,0.0,0.0,0.0,0.11265072,-0.07292751,-0.075754,0.17947966,-0.23914483,-0.10283385,0.1603569,-0.39561495,-0.1269627,0.11808711,-0.534998,-0.14503771,0.19806738,-0.42284372,-0.045043837,0.23623182,-0.63040495,-0.09237844,0.2464953,-0.7570703,-0.11923687,0.24720973,-0.87164605,-0.13284478,0.12720914,-0.45135835,-0.04550274,0.16632175,-0.69939697,-0.10348975,0.19554499,-0.84983385,-0.1342666,0.21316665,-0.97701585,-0.1444886,0.04883595,-0.43648383,-0.05627594,0.08093578,-0.5503148,-0.14826457,0.09608566,-0.40530455,-0.1558835,0.09258427,-0.31098983,-0.12999798,-0.029990356,-0.39966965,-0.072323374,0.013492047,-0.51093465,-0.13741413,0.034312412,-0.41027063,-0.1251898,0.030576078,-0.3288711,-0.098113164
U,Alan,Right,0.0,0.0,0.0,0.11367659,-0.06407609,-0.06848492,0.1875403,-0.23838982,-0.085175954,0.17825285,-0.39650926,-0.101684295,0.13771372,-0.53810036,-0.112404004,0.17943025,-0.43084234,-0.018661516,0.21803606,-0.6324946,-0.05757526,0.23490526,-0.7586787,-0.07935456,0.2434055,-0.8743945,-0.09013406,0.11440595,-0.46036792,-0.021680444,0.15483366,-0.70642525,-0.07420649,0.19246294,-0.85431147,-0.10314345,0.21609896,-0.97637147,-0.1108317,0.042546887,-0.4480481,-0.035891384,0.08591754,-0.56440246,-0.130635,0.10390554,-0.40477327,-0.13974266,0.098435394,-0.30201343,-0.11161748,-0.030508164,-0.41039523,-0.054484192,0.019349605,-0.5253464,-0.12501676,0.044716287,-0.41151088,-0.11454698,0.04279928,-0.31731817,-0.0860611
U,Alan,Right,0.0,0.0,0.0,0.10990547,-0.065520145,-0.07535774,0.17636214,-0.21747315,-0.106777206,0.17940491,-0.37161592,-0.13448003,0.1282671,-0.4817005,-0.15750776,0.22131698,-0.42107797,-0.060058393,0.2670956,-0.62793386,-0.118197575,0.28917,-0.7565798,-0.1530328,0.30386472,-0.8718169,-0.16908716,0.15885234,-0.4623544,-0.05502313,0.21058019,-0.6984836,-0.11762182,0.24796046,-0.8443815,-0.14919853,0.27702746,-0.960862,-0.15687384,0.09209081,-0.45507875,-0.059284545,0.09360864,-0.5282353,-0.14393215,0.0927719,-0.41418687,-0.1585597,0.093199,-0.32529142,-0.13778327,0.031121353,-0.41899773,-0.069703326,0.046197493,-0.4685757,-0.12348786,0.05045401,-0.38079056,-0.11815758,0.051344667,-0.30477735,-0.09597263
U,Alan,Right,0.0,0.0,0.0,0.12479881,-0.059343316,-0.057491772,0.20855573,-0.21831384,-0.07816882,0.23529372,-0.3795622,-0.10183438,0.23753782,-0.52534395,-0.12001945,0.2112054,-0.39847404,-0.031971384,0.28706905,-0.5958472,-0.07809427,0.32963458,-0.72067434,-0.103053585,0.35931203,-0.8361125,-0.11429795,0.15267304,-0.43610877,-0.038687397,0.22224472,-0.6744915,-0.097456455,0.27730662,-0.826144,-0.12722932,0.31644303,-0.9486115,-0.13676645,0.08204521,-0.4374793,-0.054015126,0.16376774,-0.542315,-0.14222106,0.1778161,-0.40326598,-0.14649945,0.16214582,-0.29128802,-0.11731515,0.011118405,-0.41765198,-0.07357234,0.09175539,-0.5297262,-0.1334978,0.12398475,-0.43468168,-0.12048363,0.12034574,-0.3317951,-0.09145189
U,Alan,Right,0.0,0.0,0.0,0.12602624,-0.14495912,-0.023545887,0.17568009,-0.3109578,-0.015148512,0.20528811,-0.45571032,-0.0042334883,0.20204835,-0.5684933,0.01633472,0.112815216,-0.4687953,0.0027002385,0.16891338,-0.67647976,-0.018056452,0.18993686,-0.7885946,-0.03001384,0.20334868,-0.88871175,-0.035157863,0.064355746,-0.48744953,-0.01162833,0.112444095,-0.7097054,-0.052183267,0.137703,-0.8571183,-0.07794235,0.1603092,-0.98706686,-0.087931365,0.0054690368,-0.47336784,-0.031033278,0.09766728,-0.6283672,-0.079738855,0.16158502,-0.65416855,-0.085475005,0.1973046,-0.69998246,-0.075687975,-0.04586726,-0.4087563,-0.053302076,0.04915356,-0.52936983,-0.07915257,0.111458994,-0.46098018,-0.056112632,0.12760912,-0.37123802,-0.029777355
U,Alan,Right,0.0,0.0,0.0,0.1096838,-0.1182184,-0.045860842,0.1808742,-0.30602401,-0.06052782,0.18706286,-0.4662876,-0.080422685,0.11258352,-0.5330065,-0.09751074,0.07925947,-0.48757243,-0.0005521152,0.11339155,-0.6787183,-0.038770966,0.12977286,-0.79574203,-0.06522827,0.1378097,-0.9043334,-0.07997226,0.014513112,-0.5069788,-0.010467514,0.04367981,-0.7179384,-0.062803954,0.0736731,-0.8668787,-0.09521657,0.09642179,-0.9953406,-0.10727503,-0.05639846,-0.48408493,-0.030972494,0.05241089,-0.5791711,-0.12214032,0.11019248,-0.47763517,-0.14828132,0.12811774,-0.3952953,-0.13586305,-0.119191974,-0.43488678,-0.05453037,-0.0122672655,-0.5209271,-0.12384059,0.0603551,-0.46938917,-0.13484438,0.10000762,-0.40889326,-0.12501575
U,Alan,Right,0.0,0.0,0.0,0.09185806,-0.120100096,-0.055049703,0.13365826,-0.33039948,-0.064652525,0.11229055,-0.4927369,-0.07011801,0.044043723,-0.58185273,-0.07530136,0.07625088,-0.50839144,-0.003452286,0.09254091,-0.6938085,-0.032587703,0.10037012,-0.8148965,-0.062904984,0.10100314,-0.9140422,-0.084142864,0.00935877,-0.52697885,-0.0038576694,0.026573977,-0.7398067,-0.03121167,0.042483978,-0.8780731,-0.05963258,0.055165097,-0.9984772,-0.07622936,-0.06696932,-0.506075,-0.014536326,-0.032869894,-0.69124115,-0.061773162,0.009676444,-0.8174444,-0.097630225,0.041091196,-0.9289001,-0.11909041,-0.15207715,-0.44973347,-0.029678175,-0.096874155,-0.52947193,-0.08244985,-0.051352236,-0.5080235,-0.095713645,-0.022002751,-0.4856427,-0.099132374
U,Alan,Left,0.0,0.0,0.0,0.023437213,-0.09929407,-0.011405452,0.01772923,-0.27785966,-0.023165649,-0.025146969,-0.40060183,-0.04394784,-0.079384,-0.49834022,-0.06135943,0.101059265,-0.48443526,-0.0014801846,0.081958875,-0.67804915,-0.04294102,0.07166385,-0.7802471,-0.0687229,0.07128363,-0.85577214,-0.08011575,0.060358938,-0.5418664,-0.021232244,0.039694484,-0.76389414,-0.059931945,0.026677174,-0.89796966,-0.08025041,0.024207132,-0.999707,-0.0873213,-0.001991038,-0.55620223,-0.046338268,-0.09341911,-0.6251241,-0.090689264,-0.102820896,-0.5176633,-0.09877391,-0.08102665,-0.4307061,-0.09065188,-0.08361349,-0.5463941,-0.07340611,-0.15965207,-0.5599836,-0.10497654,-0.16665308,-0.4679102,-0.101620466,-0.14216311,-0.39727426,-0.08835347
U,Alan,Right,0.0,0.0,0.0,0.10412481,-0.09221567,-0.057539668,0.1667162,-0.26690805,-0.07884911,0.16596833,-0.4222605,-0.102417774,0.09751802,-0.53031147,-0.120947845,0.11494176,-0.43435362,-0.031157887,0.14838096,-0.6553991,-0.073594086,0.1625548,-0.78207284,-0.09452054,0.16619277,-0.89808005,-0.10310436,0.059842553,-0.45522776,-0.037660528,0.082610376,-0.7139705,-0.0937051,0.10948395,-0.86677426,-0.120999366,0.12140227,-0.99260336,-0.12852962,-0.0027934364,-0.4348098,-0.05273657,0.054743983,-0.5529999,-0.14151308,0.08764369,-0.42013863,-0.14815828,0.08467272,-0.31912246,-0.12076411,-0.062140375,-0.39290354,-0.07166109,-0.011068485,-0.52547884,-0.12980784,0.0340996,-0.44374755,-0.11629719,0.045261875,-0.35179043,-0.08866869
U,Alan,Right,0.0,0.0,0.0,0.09617829,-0.068488106,-0.08401077,0.14080936,-0.23357798,-0.114078596,0.105610296,-0.38887948,-0.13809521,0.037035163,-0.4964673,-0.15661979,0.15776125,-0.43716797,-0.064280204,0.17458731,-0.6545729,-0.12035554,0.17561533,-0.7881578,-0.15380168,0.17021759,-0.9038312,-0.16998138,0.08524189,-0.46929958,-0.056517042,0.10629968,-0.7038371,-0.11928271,0.11835004,-0.86268187,-0.15142465,0.125787,-0.99205726,-0.16008602,0.014397104,-0.4510786,-0.059092697,0.009351956,-0.54704183,-0.14683907,0.024510436,-0.4345623,-0.15922518,0.034562077,-0.349797,-0.13640152,-0.048849624,-0.40793452,-0.06822743,-0.037651923,-0.5014755,-0.12707575,-0.017870696,-0.43006057,-0.11988586,-0.0044667562,-0.36380294,-0.09597956
U,Alan,Right,0.0,0.0,0.0,0.11231515,-0.08022384,-0.07328094,0.17156532,-0.26569465,-0.09573832,0.13989009,-0.42838573,-0.11589062,0.05929094,-0.53623134,-0.13105562,0.1684636,-0.43519118,-0.036527436,0.19901209,-0.64405954,-0.08065117,0.20515929,-0.772447,-0.10765993,0.20080853,-0.8890581,-0.12231476,0.094991066,-0.46545067,-0.036337066,0.1266126,-0.7048301,-0.087775536,0.15361987,-0.8586266,-0.11515513,0.16592297,-0.9861387,-0.12470506,0.018218828,-0.44645467,-0.046918884,0.035740588,-0.5751762,-0.12975757,0.058511153,-0.44782788,-0.1364142,0.05821288,-0.35418496,-0.11221175,-0.056766987,-0.40363353,-0.063579865,-0.023974352,-0.5291045,-0.118932724,0.0021642016,-0.45488614,-0.106402434,0.003011902,-0.38183805,-0.08182978
U,Alan,Right,0.0,0.0,0.0,0.11510703,-0.08923357,-0.068202704,0.17070432,-0.2771271,-0.08871083,0.1470262,-0.44606185,-0.10712035,0.07029779,-0.55656415,-0.12093661,0.15183187,-0.41973212,-0.038338516,0.18154801,-0.64371836,-0.076476984,0.18913382,-0.77708316,-0.09914116,0.18917386,-0.8989455,-0.1119851,0.08471516,-0.45275626,-0.037605572,0.109917276,-0.7027661,-0.080762796,0.13799906,-0.8606714,-0.105356045,0.15232985,-0.9883297,-0.1165409,0.012033961,-0.4409327,-0.045923445,0.043182887,-0.5895679,-0.11799992,0.07596638,-0.47474983,-0.122969404,0.07539534,-0.37795383,-0.101797774,-0.058734443,-0.40571576,-0.06010417,-0.024910826,-0.5532504,-0.1098568,0.010381627,-0.48640054,-0.09808757,0.014661585,-0.40055013,-0.07592052
U,Alan,Right,0.0,0.0,0.0,0.1120719,-0.09104765,-0.06855459,0.16917568,-0.27723554,-0.08980021,0.1262026,-0.4375292,-0.10937579,0.040577754,-0.53094083,-0.1241492,0.14994149,-0.4389319,-0.034078404,0.1746175,-0.6530817,-0.07544565,0.1803402,-0.78178775,-0.10009366,0.17880896,-0.8981728,-0.113377936,0.07818294,-0.46491328,-0.03545635,0.0951996,-0.7130047,-0.08492692,0.12020737,-0.8657738,-0.11147871,0.13259235,-0.99117064,-0.120738834,0.005720838,-0.44409913,-0.04679742,0.030270645,-0.5695769,-0.13085237,0.063002296,-0.44053453,-0.14074473,0.065313295,-0.34136045,-0.11816052,-0.063196875,-0.39997345,-0.06327591,-0.03054937,-0.52998346,-0.119789064,0.0050666104,-0.45417833,-0.109026134,0.012178427,-0.37050095,-0.08535125
U,Alan,Right,0.0,0.0,0.0,0.11604322,-0.070346326,-0.07053185,0.1957837,-0.23761642,-0.1011023,0.205389,-0.3884135,-0.13107125,0.16283913,-0.514954,-0.15387681,0.15271656,-0.4349579,-0.05243204,0.20569158,-0.64200866,-0.104152605,0.22921658,-0.7667853,-0.13119003,0.24059975,-0.88191545,-0.14387771,0.08841787,-0.46193016,-0.055275593,0.14063129,-0.7072209,-0.1217865,0.18292424,-0.8546356,-0.15163974,0.20852886,-0.9780162,-0.15888643,0.01771661,-0.45095193,-0.06730045,0.11272656,-0.5510368,-0.1639378,0.13426797,-0.39620987,-0.16415192,0.121272705,-0.29247922,-0.13083024,-0.04551751,-0.41650525,-0.084839396,0.045329243,-0.49851203,-0.1507374,0.07906407,-0.39663926,-0.13756873,0.07652964,-0.31295052,-0.10804511
U,Alan,Right,0.0,0.0,0.0,0.11060795,-0.074800126,-0.0758906,0.17914057,-0.23925059,-0.10495331,0.14697155,-0.39781612,-0.13195688,0.067128636,-0.5141525,-0.15385284,0.16719453,-0.43760756,-0.046315596,0.199011,-0.64864427,-0.09904812,0.20967461,-0.77472967,-0.13018988,0.21102309,-0.8871042,-0.14558809,0.09498637,-0.46395236,-0.04713191,0.12554182,-0.7115606,-0.10730307,0.15192229,-0.8624627,-0.13776886,0.16566133,-0.9861827,-0.14684458,0.020091543,-0.44090387,-0.058845337,0.042881373,-0.55338454,-0.15152645,0.06601123,-0.4209483,-0.16037893,0.0676901,-0.3287008,-0.13467048,-0.052138846,-0.39353162,-0.076247394,-0.016309202,-0.50401986,-0.13783842,0.011085813,-0.42322165,-0.12612717,0.014727996,-0.3501005,-0.09988023
U,Alan,Right,0.0,0.0,0.0,0.048470635,-0.10392005,-0.07703754,0.053608544,-0.2806261,-0.092478655,0.028553633,-0.40640858,-0.088413246,-0.023813756,-0.46592376,-0.075267285,0.108309254,-0.48095447,-0.083683915,0.13620493,-0.7044725,-0.12936608,0.13636862,-0.86143833,-0.16589502,0.13129771,-0.99134296,-0.18923701,0.060065724,-0.47876427,-0.04927881,0.06150474,-0.5003318,-0.08581892,0.047962803,-0.40285444,-0.09576627,0.046128422,-0.34612024,-0.09701348,0.011900524,-0.46198946,-0.02131034,0.009341833,-0.48770425,-0.050301597,0.0062833116,-0.3992822,-0.04753189,0.008349371,-0.35489172,-0.039384786,-0.025908519,-0.43518355,-0.00082817546,-0.027620178,-0.4512279,-0.012065355,-0.02391613,-0.38355333,-0.000451803,-0.026569508,-0.33557782,0.015128903
U,Alan,Right,0.0,0.0,0.0,0.08782234,-0.061188657,-0.0919762,0.12147442,-0.21562086,-0.1262258,0.049025737,-0.34284768,-0.15182662,-0.030612689,-0.4442518,-0.17202006,0.16901886,-0.44661772,-0.066394866,0.20189872,-0.635578,-0.12118291,0.21317455,-0.76291543,-0.15859628,0.21620664,-0.8765797,-0.18103999,0.09457278,-0.483892,-0.05899069,0.13232908,-0.7178536,-0.11522482,0.15172985,-0.8627328,-0.1530163,0.16824222,-0.98574567,-0.17024732,0.017791072,-0.46442473,-0.06273531,0.012844038,-0.5655281,-0.14761768,0.016480975,-0.4499303,-0.17210561,0.01754304,-0.36402807,-0.16203912,-0.05160087,-0.41506916,-0.07373623,-0.04847862,-0.48099545,-0.13693893,-0.030204667,-0.39895192,-0.14169006,-0.018521423,-0.3321853,-0.12896879
U,Alan,Right,0.0,0.0,0.0,0.13114467,-0.03455372,-0.056134455,0.22741406,-0.1402095,-0.07563715,0.2515056,-0.30557048,-0.09245408,0.20207785,-0.4257734,-0.10408045,0.27738354,-0.35611483,-0.05221885,0.3708388,-0.5607015,-0.096018076,0.4144072,-0.67866886,-0.12480102,0.44837216,-0.78759515,-0.14202812,0.21872291,-0.4157998,-0.056988418,0.31138983,-0.6366787,-0.11698407,0.37003592,-0.7846992,-0.15745224,0.42214194,-0.9065297,-0.1787707,0.14420736,-0.42730066,-0.0652373,0.20921583,-0.5427918,-0.1346755,0.1906219,-0.44139332,-0.13808343,0.16863176,-0.35874525,-0.117575675,0.061767105,-0.39279962,-0.0781789,0.11750858,-0.5041872,-0.119282015,0.1349931,-0.43605664,-0.10141568,0.12619564,-0.35947087,-0.074562
U,Alan,Right,0.0,0.0,0.0,0.09870123,-0.08015774,-0.06974113,0.16323645,-0.23574294,-0.09316294,0.11187497,-0.38090727,-0.1145655,0.026950968,-0.45639545,-0.13140182,0.14608663,-0.4695946,-0.03985755,0.15782873,-0.67951125,-0.08317148,0.15121418,-0.802186,-0.11076011,0.13571528,-0.90729266,-0.12551643,0.07053675,-0.49216938,-0.042649686,0.072957925,-0.72877735,-0.09256808,0.078660876,-0.8756977,-0.12474316,0.07988376,-0.9968042,-0.13762817,0.00034573968,-0.45879704,-0.054682303,0.01806795,-0.56081986,-0.13526353,0.041974835,-0.44564974,-0.1516785,0.050346352,-0.3533314,-0.13440615,-0.062180452,-0.39255118,-0.07188464,-0.04525075,-0.49980575,-0.12413874,-0.010703545,-0.45302284,-0.11755531,0.008546477,-0.39065337,-0.09689447
U,Alan,Right,0.0,0.0,0.0,0.11266362,-0.058272626,-0.06984316,0.1970473,-0.20517418,-0.09203872,0.16412403,-0.35389695,-0.11219624,0.08633477,-0.4415015,-0.12786616,0.18975423,-0.45339948,-0.041522767,0.2166448,-0.6646545,-0.089106075,0.22378671,-0.7939016,-0.117244534,0.22200784,-0.9015557,-0.13084373,0.11624195,-0.47965893,-0.045771554,0.14183669,-0.71964425,-0.100126475,0.16084711,-0.86678517,-0.13127556,0.17199644,-0.9850976,-0.14061362,0.041704405,-0.4522817,-0.060056612,0.05843953,-0.53878134,-0.14931187,0.06812133,-0.41610518,-0.16696991,0.0679169,-0.32724783,-0.14705989,-0.03037464,-0.39357793,-0.078969605,0.00022739383,-0.4790297,-0.13876891,0.02179348,-0.4066756,-0.13316144,0.025666885,-0.3396472,-0.111026086
U,Alan,Right,0.0,0.0,0.0,0.090290725,-0.07312922,-0.07540615,0.13229716,-0.22425047,-0.10624469,0.07034529,-0.35379452,-0.13437434,-0.007334627,-0.4485034,-0.15764977,0.15263243,-0.46393454,-0.059165902,0.1650339,-0.6831812,-0.11794295,0.16719563,-0.8177422,-0.15027203,0.16001396,-0.93166214,-0.16336216,0.08036182,-0.49350804,-0.056430504,0.09828673,-0.72533387,-0.119247295,0.104048565,-0.87214935,-0.1500938,0.105052404,-0.99446666,-0.15554091,0.008524244,-0.46967825,-0.063360594,-0.013368014,-0.5323691,-0.1461969,-0.006665042,-0.4142914,-0.15954958,0.0065527996,-0.33133778,-0.13690333,-0.057408135,-0.41644537,-0.07625279,-0.062596686,-0.46118963,-0.12389544,-0.04597162,-0.38432062,-0.11487768,-0.027467232,-0.32153568,-0.090075836
U,Alan,Right,0.0,0.0,0.0,0.099947944,-0.08532212,-0.05804933,0.15542513,-0.2419919,-0.083413705,0.11499236,-0.3561132,-0.11004103,0.039040573,-0.42865416,-0.13373981,0.12763001,-0.47747922,-0.042641714,0.14874735,-0.6727171,-0.09083437,0.15487109,-0.79883885,-0.121493995,0.15189865,-0.9051101,-0.1372192,0.052931614,-0.48596504,-0.05336306,0.06989966,-0.7226311,-0.10811504,0.08500459,-0.8749657,-0.14081179,0.09036118,-0.99590904,-0.15297268,-0.01667936,-0.441592,-0.07197415,0.00016870366,-0.5546219,-0.15487768,0.036012977,-0.44397953,-0.16903275,0.051225893,-0.35254127,-0.14993265,-0.080110595,-0.36745808,-0.09475736,-0.0591509,-0.4917204,-0.15022402,-0.019593809,-0.43999052,-0.14142558,0.003062685,-0.3725164,-0.11841375
V,Alan,Right,0.0,0.0,0.0,0.111748695,-0.07551289,-0.055036064,0.16951984,-0.23914915,-0.07397214,0.1098593,-0.33662963,-0.09375861,0.02555359,-0.3679169,-0.11051415,0.12114474,-0.49174294,-0.03437699,0.14977376,-0.67896336,-0.07734832,0.16449991,-0.8024783,-0.10325459,0.16682579,-0.90654,-0.117572635,0.043393567,-0.5031196,-0.04524163,0.07140619,-0.7336851,-0.09589445,0.09953314,-0.8801469,-0.12623931,0.11615799,-0.99323076,-0.13713294,-0.02806766,-0.4605498,-0.06403439,0.01966693,-0.5500652,-0.14633222,0.05832952,-0.43066788,-0.16451567,0.06861247,-0.33756232,-0.14837436,-0.09035928,-0.3865723,-0.08686107,-0.029206863,-0.4328971,-0.14779405,0.01939437,-0.3544969,-0.14917292,0.04026066,-0.2843207,-0.13280444
U,Alan,Right,0.0,0.0,0.0,0.108528845,-0.07020341,-0.058323737,0.17731024,-0.22104998,-0.0818503,0.116193496,-0.2987203,-0.10628883,0.028256334,-0.310004,-0.12736604,0.10962378,-0.48809496,-0.043271653,0.14254498,-0.6765193,-0.094204836,0.15815395,-0.7996172,-0.12143579,0.16237186,-0.90413845,-0.1336234,0.025838675,-0.49980992,-0.054595497,0.06056951,-0.7213658,-0.11311061,0.08985746,-0.8726522,-0.14553642,0.10967743,-0.99396724,-0.1544358,-0.049209353,-0.45869973,-0.07385352,0.010685039,-0.4974897,-0.16076428,0.047962178,-0.36365697,-0.17735994,0.059609592,-0.26727644,-0.15633042,-0.113532074,-0.3847587,-0.09792142,-0.04056826,-0.38227525,-0.1540567,0.0034336755,-0.29594514,-0.15141064,0.02155613,-0.23209113,-0.13080147
U,Alan,Right,0.0,0.0,0.0,0.111203715,-0.076941244,-0.056206234,0.18327494,-0.23885332,-0.07808879,0.1441563,-0.34480006,-0.10125799,0.05611544,-0.37664452,-0.1213884,0.11067972,-0.49664453,-0.035403084,0.14481282,-0.68387073,-0.078168795,0.16292395,-0.8032801,-0.10475462,0.16897872,-0.909242,-0.11928413,0.03742774,-0.50280845,-0.046941277,0.06635975,-0.7320656,-0.097493194,0.09554145,-0.8762797,-0.12729266,0.112962246,-0.9935993,-0.13804597,-0.03123526,-0.45922408,-0.06647859,0.04077336,-0.5407217,-0.15072325,0.08298233,-0.41299215,-0.16624638,0.092544645,-0.3179498,-0.14740877,-0.09009112,-0.3850202,-0.09002116,-0.018356131,-0.4502484,-0.14813949,0.028636549,-0.37116554,-0.143771,0.047672134,-0.29251742,-0.123858266
U,Alan,Right,0.0,0.0,0.0,0.07172856,-0.1149276,-0.06144691,0.067069866,-0.29006612,-0.081069425,-0.028664667,-0.39303988,-0.099291705,-0.11657391,-0.46103215,-0.112709545,0.083357245,-0.5027973,-0.024866136,0.07091244,-0.69062626,-0.06709391,0.054247774,-0.81266886,-0.09699073,0.03099047,-0.92004263,-0.11566126,0.009421164,-0.5094774,-0.027705954,0.004677431,-0.7312379,-0.07544949,-0.0015013147,-0.87241745,-0.10814364,-0.010416388,-0.99994576,-0.12195936,-0.056771956,-0.45837155,-0.039833218,-0.095449045,-0.5679194,-0.11842367,-0.06959919,-0.4640831,-0.13964109,-0.048063077,-0.38547543,-0.12751827,-0.11066377,-0.37780523,-0.056295358,-0.12772807,-0.44118646,-0.1180367,-0.0992308,-0.37075374,-0.12218179,-0.075282894,-0.3118248,-0.108299814
U,Alan,Right,0.0,0.0,0.0,0.09059071,-0.083931975,-0.07086965,0.11687159,-0.25645393,-0.09610351,0.044600677,-0.39088842,-0.117948,-0.033954233,-0.48359329,-0.13408011,0.15593456,-0.4749272,-0.040966652,0.17003721,-0.67679524,-0.08733108,0.1667462,-0.8091263,-0.11815261,0.152967,-0.9249699,-0.13761236,0.08157145,-0.49907857,-0.0413699,0.10814541,-0.7255991,-0.0919337,0.11897981,-0.8666317,-0.12310804,0.12209454,-0.9925185,-0.13675761,0.0065510427,-0.465068,-0.0515611,-0.008904933,-0.59728324,-0.13313276,0.007783118,-0.48212773,-0.1500813,0.018491821,-0.3895763,-0.135864,-0.060524225,-0.39832947,-0.06742325,-0.061702553,-0.4672384,-0.13471328,-0.03736857,-0.39034206,-0.14030492,-0.02095835,-0.32452965,-0.127442
U,Alan,Right,0.0,0.0,0.0,0.1186817,-0.0789623,-0.043688323,0.17460825,-0.23256913,-0.058417413,0.12943414,-0.35614747,-0.077051826,0.06590874,-0.42291504,-0.09308898,0.20488942,-0.46103957,-0.019373717,0.2376129,-0.65563387,-0.058536198,0.25375766,-0.7857537,-0.08526085,0.25759947,-0.8989034,-0.10198171,0.13070422,-0.49461168,-0.032246377,0.18074447,-0.71088344,-0.07414891,0.20746553,-0.8519693,-0.10133053,0.22312836,-0.9747891,-0.11334274,0.050280772,-0.4686987,-0.05225022,0.061922234,-0.6193037,-0.12051019,0.069591686,-0.5102745,-0.13230668,0.07285828,-0.4160235,-0.11724063,-0.027846463,-0.40292516,-0.076107554,-0.009281052,-0.4812264,-0.12810269,0.017822146,-0.41603482,-0.12678578,0.036357168,-0.35234797,-0.111185335
U,Alan,Right,0.0,0.0,0.0,0.112671055,-0.08204663,-0.056287475,0.16549322,-0.24966848,-0.07499722,0.09421052,-0.36334237,-0.09467776,0.011269342,-0.41850832,-0.11029618,0.1396672,-0.48390698,-0.030048843,0.16511229,-0.678955,-0.07314249,0.1767496,-0.8028119,-0.09895071,0.17655995,-0.9055018,-0.11331986,0.06307864,-0.49771324,-0.039403185,0.08839773,-0.7270793,-0.08958515,0.11189017,-0.87359995,-0.1196293,0.12438388,-0.9922342,-0.1309478,-0.008994666,-0.45390972,-0.057544317,0.005205361,-0.56643414,-0.13771191,0.032745782,-0.45175275,-0.15415575,0.043495845,-0.36156815,-0.13816255,-0.07738058,-0.37600875,-0.07979513,-0.053127896,-0.43624404,-0.13977401,-0.010816958,-0.3727214,-0.1417249,0.014501314,-0.3158446,-0.12672022
U,Alan,Right,0.0,0.0,0.0,0.11088168,-0.07999109,-0.05783273,0.16926382,-0.24243677,-0.07855956,0.1012294,-0.37220144,-0.099667765,0.018892413,-0.4380931,-0.11628261,0.17022033,-0.468676,-0.031384133,0.19765551,-0.6657682,-0.074119136,0.20758826,-0.7931662,-0.10032839,0.20519483,-0.8995681,-0.11559707,0.092080444,-0.49008533,-0.040089086,0.12583216,-0.72050023,-0.08959278,0.15341489,-0.86564326,-0.11875304,0.17111015,-0.9852519,-0.13021694,0.015587965,-0.45219004,-0.057581082,0.029811712,-0.5804038,-0.13636279,0.049506735,-0.4664409,-0.15088299,0.05682445,-0.37446037,-0.13442272,-0.057624448,-0.38071382,-0.07933086,-0.03560337,-0.4545177,-0.13766529,0.00047507757,-0.39080796,-0.13738514,0.023033947,-0.3304782,-0.12148431
U,Alan,Right,0.0,0.0,0.0,0.07320812,-0.093581416,-0.07102877,0.08154547,-0.2715782,-0.09345195,0.005357357,-0.39309853,-0.11209409,-0.07445496,-0.4807868,-0.12517053,0.12790431,-0.4800338,-0.03642299,0.1255903,-0.67648494,-0.08107755,0.11638933,-0.8029183,-0.112114325,0.09725783,-0.91744417,-0.13191314,0.057580903,-0.50133,-0.034008346,0.07413923,-0.7210448,-0.084025644,0.07718466,-0.86307734,-0.116812,0.07455115,-0.9972172,-0.13089798,-0.011348558,-0.46505195,-0.041579045,-0.04964848,-0.59886575,-0.123108126,-0.03617608,-0.4831967,-0.14362757,-0.018986192,-0.39767024,-0.13091505,-0.06975087,-0.39539328,-0.05454791,-0.08741983,-0.4633903,-0.123672046,-0.064976096,-0.3821986,-0.13215292,-0.043234367,-0.3157135,-0.12038943
U,Alan,Right,0.0,0.0,0.0,0.10451242,-0.09231067,-0.047329377,0.17907786,-0.2276835,-0.07426454,0.16923486,-0.33379248,-0.1050162,0.09394613,-0.37264216,-0.13202928,0.092180744,-0.4984455,-0.035792947,0.121948786,-0.69727844,-0.08701642,0.13489705,-0.8203791,-0.117592745,0.13655129,-0.92593193,-0.13245808,0.013600097,-0.50269455,-0.052605104,0.041705422,-0.7368501,-0.1104582,0.06828961,-0.88601536,-0.14302295,0.08355185,-0.9965034,-0.15273874,-0.057379484,-0.45432624,-0.076146,0.02235266,-0.52193445,-0.15801303,0.07714214,-0.41343284,-0.17140538,0.09962868,-0.32515365,-0.15038991,-0.11661354,-0.3681433,-0.103458904,-0.033646297,-0.40113148,-0.1544249,0.022156958,-0.3456581,-0.14784595,0.048291758,-0.29050756,-0.12538506
U,Alan,Right,0.0,0.0,0.0,0.112898745,-0.06658261,-0.046765544,0.20014134,-0.21196292,-0.07198067,0.22238597,-0.35264418,-0.10303716,0.14515926,-0.3948438,-0.12779619,0.13064024,-0.4500145,-0.03412583,0.17229925,-0.65958816,-0.07798206,0.19445875,-0.77256954,-0.10338938,0.20273727,-0.87647283,-0.12012699,0.06386588,-0.47386757,-0.05197466,0.10182504,-0.7162922,-0.117568776,0.14605704,-0.8635197,-0.15586334,0.1744462,-0.9846667,-0.17324606,-0.00598491,-0.44843102,-0.075844824,0.09518604,-0.56864727,-0.16307709,0.14061189,-0.42566904,-0.16742326,0.14576349,-0.32586846,-0.14223897,-0.058136143,-0.38815546,-0.10436998,0.054984387,-0.4652522,-0.16313122,0.11729234,-0.3978567,-0.15890612,0.13830055,-0.33216155,-0.14027469
U,Alan,Right,0.0,0.0,0.0,0.09565145,-0.08452281,-0.048706293,0.16223894,-0.2310169,-0.07383796,0.16930588,-0.35897166,-0.103535,0.0951119,-0.39261344,-0.13044445,0.08466007,-0.48571438,-0.032230318,0.106781505,-0.6880724,-0.07370269,0.10957837,-0.8035194,-0.097852945,0.10424471,-0.90502375,-0.110008776,0.01773159,-0.48929515,-0.046887014,0.025785295,-0.7289873,-0.09971223,0.043792635,-0.878859,-0.12915705,0.05538881,-0.9984649,-0.14000793,-0.045978468,-0.44888616,-0.06877104,0.0073291333,-0.5675179,-0.14731064,0.07134845,-0.46100193,-0.16095464,0.10786881,-0.36477572,-0.1431377,-0.10320785,-0.38119346,-0.09481211,-0.054660313,-0.47654438,-0.14093713,-0.0007718067,-0.4626924,-0.13740371,0.036410205,-0.4356102,-0.12216588
U,Alan,Left,0.0,0.0,0.0,-0.11649362,-0.09144457,-0.046426747,-0.17658277,-0.27610487,-0.06362541,-0.1559267,-0.44041967,-0.0890535,-0.1163125,-0.5695197,-0.10989475,-0.19725846,-0.46605,0.013306567,-0.23742665,-0.6579699,-0.02248309,-0.25664422,-0.776004,-0.046666883,-0.26823395,-0.8790618,-0.05910961,-0.12718217,-0.5004856,0.0005749099,-0.17962766,-0.72356546,-0.0429723,-0.21484806,-0.85696393,-0.071895204,-0.23564275,-0.9718397,-0.08209312,-0.04801228,-0.49281937,-0.023247372,-0.07410621,-0.6147194,-0.098512895,-0.07324343,-0.47687015,-0.104331896,-0.06379951,-0.37102225,-0.079810105,0.02981981,-0.46067294,-0.051607095,-0.0038643384,-0.59922576,-0.09758976,-0.011075972,-0.5106937,-0.0818675,-0.0055800783,-0.420168,-0.05523388
U,Alan,Left,0.0,0.0,0.0,-0.1090971,-0.10161519,-0.047792297,-0.16678159,-0.2869087,-0.06835111,-0.11977277,-0.44618583,-0.095148884,-0.05431949,-0.5596701,-0.118577145,-0.19254035,-0.4737985,-0.008955428,-0.21833073,-0.67705905,-0.05070884,-0.22483368,-0.7992179,-0.07878437,-0.22962631,-0.90350837,-0.09426891,-0.11295495,-0.50626665,-0.019037874,-0.14755489,-0.73871094,-0.06376554,-0.1697341,-0.86798507,-0.09009701,-0.18573634,-0.9825996,-0.09936363,-0.028080622,-0.49168485,-0.038655434,-0.035253484,-0.6222383,-0.10948703,-0.039218593,-0.47916633,-0.10985793,-0.039101698,-0.3731099,-0.08393021,0.054203507,-0.4473722,-0.063061126,0.039083518,-0.58433276,-0.106569946,0.023188729,-0.49640414,-0.088976815,0.016547067,-0.41256976,-0.062010136
U,Alan,Left,0.0,0.0,0.0,-0.08036716,-0.13718215,-0.10038228,-0.10674041,-0.33749092,-0.11883304,-0.03888891,-0.493043,-0.124766044,0.032299977,-0.614909,-0.12211526,-0.1624145,-0.4993749,-0.031901285,-0.16159946,-0.7122544,-0.073424146,-0.15225402,-0.8520576,-0.10129342,-0.14467102,-0.9677272,-0.11331879,-0.07393296,-0.52122885,-0.0055448706,-0.08803694,-0.74921185,-0.042116094,-0.097405896,-0.8833935,-0.063026324,-0.10150996,-0.99483454,-0.06573089,0.016662266,-0.49527997,0.0038757976,0.05374432,-0.6033573,-0.073048756,0.05449914,-0.47704726,-0.095153734,0.04652932,-0.39808884,-0.07920849,0.10699584,-0.44114956,0.0060018487,0.124979325,-0.5323332,-0.05002696,0.11888243,-0.45159748,-0.054902446,0.106639326,-0.38906643,-0.040053986
U,Alan,Left,0.0,0.0,0.0,-0.108225375,-0.101498544,-0.046206363,-0.1593775,-0.29665327,-0.06359019,-0.11278686,-0.45831263,-0.08630159,-0.049091693,-0.5665553,-0.10576949,-0.19946262,-0.47377563,0.0002951229,-0.22219653,-0.67666334,-0.037975308,-0.22602311,-0.8054613,-0.06520976,-0.22703718,-0.9136018,-0.07879937,-0.12129169,-0.5013414,-0.008966269,-0.15527105,-0.724542,-0.051302627,-0.17360422,-0.85990584,-0.07867183,-0.18507206,-0.98272496,-0.087236494,-0.03630015,-0.48772502,-0.028101657,-0.030802863,-0.6084419,-0.09950763,-0.029065188,-0.47545302,-0.10632702,-0.02989863,-0.3726171,-0.08268953,0.04633192,-0.44756663,-0.05131019,0.039682448,-0.5777496,-0.0959605,0.028472949,-0.49226543,-0.081882976,0.01898087,-0.40688163,-0.055747177
U,Alan,Left,0.0,0.0,0.0,-0.11751012,-0.0978834,-0.036922768,-0.17393197,-0.27718544,-0.054259125,-0.1538847,-0.44069716,-0.0800979,-0.11681053,-0.55490196,-0.101861104,-0.19491717,-0.471694,0.010161046,-0.23214951,-0.6577176,-0.030924803,-0.24840514,-0.7756332,-0.060759574,-0.25646403,-0.87567014,-0.07604904,-0.12374662,-0.500462,-0.004974406,-0.17364039,-0.7168124,-0.05350584,-0.2034262,-0.85354793,-0.08559591,-0.21780263,-0.97599286,-0.09754672,-0.042966884,-0.49377626,-0.029199207,-0.0516592,-0.6185106,-0.10138381,-0.057234857,-0.48515594,-0.104778,-0.05538627,-0.37326077,-0.07947503,0.038974587,-0.46387535,-0.057354733,0.017484246,-0.5896768,-0.099097475,0.0020587812,-0.50705713,-0.082116656,-0.0048629767,-0.4187276,-0.054561585
U,Alan,Left,0.0,0.0,0.0,-0.12892574,-0.09396622,-0.019908678,-0.19409464,-0.26959687,-0.027885182,-0.18564858,-0.44064745,-0.051343363,-0.17382026,-0.5779474,-0.07259308,-0.20167817,-0.42891446,0.036997482,-0.26287064,-0.61439776,-0.0007689241,-0.29389977,-0.73340553,-0.025649345,-0.30912128,-0.8427017,-0.03750878,-0.14242858,-0.47328812,0.011362481,-0.20883912,-0.7021368,-0.037251074,-0.25457594,-0.8395788,-0.068590894,-0.27471212,-0.9615265,-0.07937569,-0.07193962,-0.4791796,-0.02351402,-0.10951154,-0.6296874,-0.10050783,-0.11358051,-0.48861,-0.1038918,-0.09407731,-0.3695344,-0.077058606,0.002549869,-0.46313938,-0.061019693,-0.042754598,-0.6042463,-0.1071398,-0.05821395,-0.51678044,-0.09073697,-0.0512595,-0.4190201,-0.063038684
U,Alan,Left,0.0,0.0,0.0,-0.12445006,-0.061273105,-0.043137,-0.18857865,-0.24246937,-0.058335662,-0.16046393,-0.4145212,-0.08156037,-0.13945532,-0.55044925,-0.10285818,-0.21061462,-0.42274946,0.0027284198,-0.27112228,-0.6102338,-0.0467165,-0.3010099,-0.7402759,-0.07860648,-0.31686196,-0.85493946,-0.09380492,-0.13915475,-0.47205207,-0.013600341,-0.20045306,-0.69650704,-0.071413696,-0.2421466,-0.8387473,-0.10473397,-0.26477715,-0.96430963,-0.11393299,-0.059609868,-0.48085833,-0.0402112,-0.09349712,-0.6008036,-0.12722468,-0.09168072,-0.45102814,-0.12962906,-0.07655683,-0.3387572,-0.09901273,0.023418209,-0.4609628,-0.07097707,-0.016533053,-0.5855312,-0.12381279,-0.027293224,-0.4742574,-0.10375443,-0.024716439,-0.3752486,-0.07118279
U,Alan,Left,0.0,0.0,0.0,-0.12667964,-0.08353352,-0.03471601,-0.18758854,-0.26383406,-0.04864315,-0.16813383,-0.42771026,-0.07375824,-0.14275526,-0.55667317,-0.09533235,-0.20373519,-0.46829423,0.030725915,-0.25550377,-0.6498172,-0.00119191,-0.28186542,-0.761125,-0.0238255,-0.29628927,-0.8644533,-0.036598537,-0.13571589,-0.5116825,0.011042862,-0.20433043,-0.732177,-0.030781843,-0.2506598,-0.8566481,-0.06036758,-0.2747624,-0.96151215,-0.07172445,-0.059813347,-0.50852114,-0.019326933,-0.09005651,-0.6627252,-0.09804928,-0.0883771,-0.50608116,-0.10559439,-0.073019624,-0.38002625,-0.08213342,0.015539917,-0.47779647,-0.052685834,-0.02863332,-0.61061174,-0.10668277,-0.036709186,-0.50132114,-0.09547741,-0.027037054,-0.39538664,-0.070849985
U,Alan,Left,0.0,0.0,0.0,-0.11186647,-0.056555375,-0.05676562,-0.17025775,-0.19926362,-0.08591023,-0.13290255,-0.34718522,-0.11975984,-0.092702635,-0.4636345,-0.15125015,-0.17107594,-0.43599623,-0.027212607,-0.22086509,-0.6211415,-0.078128435,-0.24927963,-0.7418586,-0.11084262,-0.26558906,-0.8544328,-0.12943089,-0.09844321,-0.474126,-0.041213274,-0.16221896,-0.70751446,-0.101400726,-0.20463951,-0.8497753,-0.13861327,-0.22823775,-0.97360545,-0.15344748,-0.018468713,-0.45994693,-0.06418498,-0.052283034,-0.57869166,-0.15805091,-0.053748287,-0.41993728,-0.1664955,-0.04507721,-0.30185157,-0.14128946,0.063015915,-0.41068658,-0.09099789,0.027305244,-0.52543044,-0.15548503,0.016285256,-0.4084355,-0.14168209,0.019575166,-0.30692726,-0.11346513
U,Alan,Left,0.0,0.0,0.0,-0.11691813,-0.10298311,-0.023005221,-0.17131253,-0.2895972,-0.028733317,-0.13511129,-0.44498178,-0.047379494,-0.094181456,-0.55637115,-0.063287586,-0.17623578,-0.47266528,0.028390374,-0.22419079,-0.6485883,-0.006785764,-0.24958156,-0.75919986,-0.03026606,-0.26562434,-0.85840946,-0.042042874,-0.10899965,-0.51043123,0.0052495794,-0.15506181,-0.734162,-0.039896313,-0.1857204,-0.86495066,-0.069312975,-0.19998568,-0.9797988,-0.07843338,-0.0345707,-0.49830565,-0.026431387,-0.06117105,-0.605849,-0.0989451,-0.06592093,-0.46310908,-0.102775775,-0.05922058,-0.36018628,-0.07722763,0.041649118,-0.45403227,-0.06069933,0.01317262,-0.5849115,-0.09915571,-0.0046044723,-0.4893565,-0.07725897,-0.009553612,-0.39894393,-0.04740975
U,Alan,Left,0.0,0.0,0.0,-0.11878156,-0.11090368,-0.032298457,-0.17275484,-0.29738796,-0.046438042,-0.14105578,-0.452494,-0.072327696,-0.09647431,-0.56360036,-0.09493387,-0.17405814,-0.4874669,0.017642519,-0.20815407,-0.6788849,-0.025382845,-0.21828589,-0.79790497,-0.05472634,-0.21860996,-0.9033351,-0.06918375,-0.10529183,-0.50937194,-0.0023099333,-0.15422069,-0.7331979,-0.05298228,-0.18374896,-0.863895,-0.08487073,-0.19552144,-0.9806994,-0.09538449,-0.028365608,-0.4911469,-0.03178799,-0.05336383,-0.60191363,-0.10886532,-0.06559887,-0.45784706,-0.110551745,-0.062223993,-0.34890598,-0.081948884,0.04676143,-0.44681075,-0.064893864,0.018393682,-0.5820332,-0.106272414,-0.0007053034,-0.49074104,-0.08355352,-0.004616267,-0.3993538,-0.05159468
U,Alan,Left,0.0,0.0,0.0,-0.12360932,-0.11044443,-0.008017927,-0.16797046,-0.30298194,-0.0022266791,-0.15576099,-0.46508718,-0.015400002,-0.13610145,-0.59035116,-0.027012944,-0.123138,-0.45515594,0.058786884,-0.16684304,-0.6485131,0.03180923,-0.19847354,-0.76636374,0.013637613,-0.21829028,-0.8738001,0.004474283,-0.06823387,-0.4854754,0.026520468,-0.109273836,-0.7179848,-0.01519226,-0.16002867,-0.8583019,-0.043896552,-0.1904157,-0.9817036,-0.05270615,-0.0073767784,-0.47668216,-0.014730737,-0.0617853,-0.63668084,-0.09287129,-0.08843383,-0.48635492,-0.094053075,-0.08366444,-0.36885285,-0.06378372,0.051881675,-0.44334915,-0.057650547,-0.0025093262,-0.60360247,-0.10529063,-0.03653193,-0.510475,-0.08547417,-0.041517284,-0.40773693,-0.05447628
U,Alan,Left,0.0,0.0,0.0,-0.109081455,-0.11488293,-0.025829744,-0.1445321,-0.3126981,-0.03785497,-0.09856692,-0.46887043,-0.06138749,-0.050061338,-0.57883394,-0.082772315,-0.123561375,-0.48925,0.005981666,-0.14214301,-0.68725985,-0.03661963,-0.14863767,-0.80961215,-0.062407944,-0.14929426,-0.91404974,-0.07298309,-0.052798837,-0.50338745,-0.01520955,-0.06733709,-0.7399732,-0.06343626,-0.08587155,-0.87801343,-0.08958062,-0.09301235,-0.99566495,-0.095204726,0.020399274,-0.4788053,-0.043740824,0.00296699,-0.598105,-0.114467345,-0.028292269,-0.46877918,-0.114346534,-0.03825937,-0.36517552,-0.086361416,0.09007757,-0.42981166,-0.07522431,0.07878107,-0.56877214,-0.10994445,0.04677954,-0.4915665,-0.08556565,0.030002465,-0.4101249,-0.053719416
U,Alan,Left,0.0,0.0,0.0,-0.10215791,-0.11995526,-0.047154464,-0.13971277,-0.32219073,-0.06532169,-0.06417806,-0.47240165,-0.088540286,0.019982541,-0.568588,-0.1084968,-0.15897785,-0.47966093,-0.013598052,-0.16295484,-0.6905546,-0.056711394,-0.15569237,-0.8201306,-0.08619261,-0.15019327,-0.9317785,-0.102152444,-0.08357587,-0.5066059,-0.022190096,-0.10391176,-0.7474286,-0.066321194,-0.1098858,-0.87793136,-0.09166619,-0.11261478,-0.9936387,-0.099000886,-0.0032611194,-0.48909113,-0.03994578,0.0121588195,-0.60777736,-0.10734471,-0.0008574183,-0.47400758,-0.110637344,-0.017083768,-0.3823669,-0.087069176,0.076170266,-0.44514588,-0.06257256,0.08498925,-0.56969583,-0.10152824,0.06279398,-0.48709866,-0.08575444,0.0427073,-0.41449237,-0.06095076
U,Alan,Left,0.0,0.0,0.0,-0.08519388,-0.12585287,-0.07046901,-0.11391708,-0.32642025,-0.09577801,-0.030665169,-0.4824757,-0.11987543,0.046252742,-0.5919615,-0.13954563,-0.1635087,-0.49147943,-0.020456295,-0.15472405,-0.70619017,-0.06951435,-0.13240725,-0.8492549,-0.10284554,-0.11023282,-0.96429026,-0.1191447,-0.082577355,-0.50892836,-0.017126102,-0.100354135,-0.74164766,-0.07060408,-0.09829275,-0.8789303,-0.10116039,-0.09079995,-0.99586916,-0.10920826,0.0024823607,-0.48539788,-0.026395485,0.039191183,-0.60073465,-0.112561144,0.028007029,-0.47170246,-0.12759341,0.009825133,-0.37813,-0.10660673,0.08227618,-0.43800128,-0.040991012,0.09271896,-0.5400272,-0.101715066,0.07509052,-0.4484601,-0.09813138,0.055045784,-0.3746381,-0.07668901
U,Alan,Left,0.0,0.0,0.0,-0.095504165,-0.1209746,-0.0623602,-0.1365641,-0.3180132,-0.07781897,-0.06898023,-0.46984735,-0.09302905,0.0047601634,-0.56436867,-0.10302874,-0.16794163,-0.47818643,-0.006544331,-0.1776956,-0.6821092,-0.039330885,-0.17487387,-0.8069997,-0.06367156,-0.17123032,-0.9135468,-0.07647324,-0.091533,-0.50352955,-0.0036361646,-0.11735652,-0.73143446,-0.03755233,-0.12447435,-0.8666255,-0.06103618,-0.12713829,-0.991885,-0.06935105,-0.014980366,-0.4828305,-0.013056944,0.005426866,-0.60166603,-0.08020239,0.006215863,-0.47971243,-0.09611336,-0.0036182692,-0.38951784,-0.081001535,0.05996719,-0.44065967,-0.027794035,0.06718364,-0.5704232,-0.07259269,0.05640756,-0.50601447,-0.06880957,0.03971166,-0.4377298,-0.05248525
U,Alan,Left,0.0,0.0,0.0,-0.1165227,-0.10826435,-0.034148414,-0.16419722,-0.29120243,-0.048056018,-0.12488636,-0.44525164,-0.072832294,-0.082177594,-0.55626345,-0.094403505,-0.15176061,-0.4835376,0.016490534,-0.17756394,-0.66701937,-0.024562722,-0.18411806,-0.7838044,-0.052585404,-0.18479097,-0.8857028,-0.06579757,-0.079268925,-0.50667804,-0.002671486,-0.107803494,-0.73787624,-0.05183633,-0.1322071,-0.87091345,-0.08170261,-0.14046581,-0.99008554,-0.090439446,-0.0035787125,-0.488226,-0.031579055,-0.014527431,-0.612015,-0.10824433,-0.035066027,-0.46552143,-0.10884448,-0.038822696,-0.35387433,-0.07910484,0.070067264,-0.44515952,-0.06439827,0.054811418,-0.5920381,-0.10620604,0.029978544,-0.5069315,-0.08420862,0.017333105,-0.41688377,-0.05267433
U,Alan,Left,0.0,0.0,0.0,-0.1149803,-0.105388634,-0.03644777,-0.16510239,-0.2876355,-0.054056663,-0.12451268,-0.44651052,-0.08156546,-0.07494272,-0.56858003,-0.10617903,-0.16313311,-0.47592098,0.0070238807,-0.18665767,-0.6710774,-0.035145093,-0.19483316,-0.79365367,-0.061960075,-0.19737573,-0.8999071,-0.07422374,-0.090122305,-0.50079006,-0.00991118,-0.1178672,-0.73785186,-0.058918413,-0.14058357,-0.87372094,-0.08623896,-0.1512084,-0.9885019,-0.0926957,-0.009604825,-0.48730272,-0.035854712,-0.021320201,-0.6154085,-0.113541745,-0.04194947,-0.4719283,-0.115148276,-0.046918705,-0.3599672,-0.08618363,0.06891078,-0.4460903,-0.065127276,0.051377557,-0.58188576,-0.109417744,0.027698379,-0.4871948,-0.08786151,0.016817499,-0.395516,-0.05601225
U,Alan,Left,0.0,0.0,0.0,-0.11078494,-0.10819266,-0.046405155,-0.16578773,-0.2957591,-0.067611255,-0.12834643,-0.45236328,-0.09553598,-0.06542508,-0.5688606,-0.11963947,-0.17868628,-0.472148,-0.013877446,-0.19442359,-0.6831276,-0.060913675,-0.19567297,-0.8144036,-0.09050353,-0.1946246,-0.92749965,-0.104641914,-0.10190082,-0.49657375,-0.024274817,-0.13071615,-0.7297596,-0.07696765,-0.14852688,-0.8676047,-0.10517253,-0.1589891,-0.9872803,-0.11275669,-0.01979739,-0.48275137,-0.043649964,-0.02207658,-0.60050887,-0.121102795,-0.03483163,-0.45796016,-0.12198997,-0.041954223,-0.34707835,-0.09311578,0.059868727,-0.44354716,-0.06754136,0.054092772,-0.5753099,-0.11252732,0.033108648,-0.4926133,-0.094166026,0.016694363,-0.40675554,-0.06481281
U,Alan,Left,0.0,0.0,0.0,-0.08080697,-0.12282333,-0.08895734,-0.09956963,-0.31612772,-0.11101747,-0.025555216,-0.46832567,-0.12388115,0.04065116,-0.5783545,-0.12993959,-0.15969013,-0.4726211,-0.036483083,-0.14880803,-0.69089895,-0.07624503,-0.13394153,-0.8250204,-0.10324143,-0.12292506,-0.9367461,-0.116781704,-0.08200114,-0.50007075,-0.017288335,-0.08959263,-0.74079967,-0.055487957,-0.08003443,-0.8758577,-0.078973204,-0.07315203,-0.99732083,-0.085972436,-0.0057109892,-0.4825665,-0.012127293,0.03775558,-0.5919246,-0.0846145,0.034814067,-0.46762285,-0.10510242,0.013475114,-0.38844475,-0.09215955,0.067114495,-0.4422882,-0.0137640415,0.08620512,-0.550324,-0.0677402,0.07871475,-0.47718123,-0.07271051,0.059049815,-0.41812357,-0.061034963
U,Alan,Left,0.0,0.0,0.0,-0.113037355,-0.106633455,-0.04453047,-0.16808327,-0.29794613,-0.066106185,-0.13182737,-0.45903784,-0.094377615,-0.066831335,-0.56636333,-0.11972234,-0.1787163,-0.47200555,-0.01301195,-0.20064908,-0.6818158,-0.060918402,-0.20230864,-0.81499827,-0.09326916,-0.19880776,-0.92881477,-0.10965681,-0.102955416,-0.4951606,-0.02393552,-0.13854344,-0.7201208,-0.07670802,-0.15869047,-0.85961175,-0.1065354,-0.1678389,-0.98581445,-0.11635444,-0.021498624,-0.48230135,-0.04378634,-0.024186982,-0.6068505,-0.11961629,-0.033885527,-0.46601173,-0.11993156,-0.038455732,-0.35376662,-0.09152509,0.05871932,-0.445769,-0.06806716,0.04802909,-0.58081645,-0.11257986,0.031153234,-0.4955056,-0.09457686,0.019276116,-0.4044959,-0.06571671
U,Alan,Left,0.0,0.0,0.0,-0.09450993,-0.12655303,-0.019729992,-0.119752325,-0.31421754,-0.025349136,-0.079582684,-0.45938525,-0.04270922,-0.03640898,-0.5630205,-0.05784839,-0.07699103,-0.51154125,0.031042712,-0.09474782,-0.7026334,0.0030709489,-0.11174774,-0.8269453,-0.01770519,-0.1225543,-0.9277829,-0.027784958,-0.018821955,-0.5139827,0.008591003,-0.03465252,-0.73372215,-0.02692486,-0.062785774,-0.87763965,-0.0516638,-0.07935406,-0.9968465,-0.05960383,0.043418646,-0.4823653,-0.021812515,0.026534988,-0.6024212,-0.08134953,-0.010333432,-0.4891101,-0.08405083,-0.02289739,-0.38525385,-0.062050812,0.10401115,-0.43086383,-0.055036694,0.08284776,-0.5548014,-0.08462932,0.048552107,-0.4782958,-0.06421174,0.038616203,-0.3940011,-0.037290264
U,Alan,Left,0.0,0.0,0.0,-0.11927304,-0.12883177,-0.001996557,-0.16223297,-0.30201542,0.0007348164,-0.15885581,-0.44687605,-0.0150137665,-0.1425505,-0.56452817,-0.02932127,-0.105312645,-0.4629781,0.0537096,-0.14069788,-0.6576604,0.025053639,-0.16661976,-0.7777224,0.0067582508,-0.18157135,-0.88483673,-0.0009994594,-0.051906187,-0.48560387,0.017982306,-0.086282656,-0.72466105,-0.022840796,-0.12647982,-0.868726,-0.04998553,-0.14861691,-0.9888948,-0.05683031,0.007922285,-0.4731681,-0.025265561,-0.053136136,-0.6177129,-0.09796296,-0.08826125,-0.48841664,-0.10147497,-0.089653306,-0.37977397,-0.0737465,0.063093714,-0.43346745,-0.06927666,0.0020981512,-0.5881745,-0.10950837,-0.03647576,-0.5064019,-0.0872752,-0.045006298,-0.4086354,-0.055087388
U,Alan,Left,0.0,0.0,0.0,-0.12294073,-0.14567982,-0.0013483572,-0.1524697,-0.32979536,-0.006236271,-0.1718393,-0.46845624,-0.028532451,-0.1872345,-0.60301954,-0.048053417,-0.0109692365,-0.49195817,0.046658337,-0.074637614,-0.6767596,0.012835366,-0.119816445,-0.8059365,-0.012055018,-0.14701858,-0.91820234,-0.029055031,0.027406326,-0.49817502,0.0074712443,-0.042765383,-0.7257062,-0.042545546,-0.10450528,-0.8682266,-0.07428063,-0.13701266,-0.9905693,-0.08892538,0.050747804,-0.4753798,-0.039162036,-0.079557866,-0.6371269,-0.11908325,-0.12852538,-0.5095137,-0.1180203,-0.118608996,-0.4060496,-0.0915109,0.045119867,-0.42877293,-0.087300904,-0.06554237,-0.5751806,-0.14565623,-0.10508952,-0.4795712,-0.13315125,-0.09455488,-0.3786971,-0.108399086
U,Alan,Left,0.0,0.0,0.0,-0.10994859,-0.12055262,-0.0053140926,-0.14603803,-0.2916205,-0.008956118,-0.12690501,-0.4416544,-0.030529415,-0.0898823,-0.55676425,-0.05133759,-0.069205,-0.45235193,0.0368399,-0.09707905,-0.66030043,0.0048518665,-0.11787337,-0.7816288,-0.013326834,-0.12567738,-0.89096916,-0.022441227,-0.014277114,-0.46769303,0.00097346836,-0.03529404,-0.7240621,-0.046455853,-0.070099145,-0.87529856,-0.075558975,-0.08562271,-0.99632764,-0.084642306,0.042753085,-0.4439049,-0.041472364,-0.008019128,-0.60950536,-0.12311431,-0.05050464,-0.4717179,-0.12437553,-0.0545039,-0.3591074,-0.09477522,0.093267575,-0.39330375,-0.084091194,0.03383871,-0.55447,-0.13623674,-0.006626826,-0.45532927,-0.11646708,-0.009872553,-0.3510621,-0.08527632
U,Alan,Left,0.0,0.0,0.0,-0.10976153,-0.1199873,-0.011523478,-0.14595011,-0.29769096,-0.01756296,-0.118668094,-0.4424895,-0.03996604,-0.09875841,-0.5619346,-0.060094208,-0.092758134,-0.46918297,0.029906088,-0.12599985,-0.67075235,-0.0064576464,-0.14422579,-0.7882286,-0.027859803,-0.14674167,-0.8922077,-0.036339242,-0.03333326,-0.4859413,-0.0022742802,-0.06532278,-0.7308063,-0.0509141,-0.09604673,-0.877319,-0.07816144,-0.10552352,-0.99441683,-0.0838878,0.03038679,-0.4597649,-0.041698355,-0.00918502,-0.59754723,-0.11842361,-0.04892124,-0.4588716,-0.11629474,-0.05748781,-0.34236017,-0.08416374,0.090726346,-0.40618968,-0.08261878,0.056417704,-0.5632982,-0.12425949,0.01333387,-0.47907332,-0.09797229,-0.005529648,-0.37893802,-0.06275544
U,Alan,Left,0.0,0.0,0.0,-0.113114245,-0.11760659,-0.012002203,-0.15181874,-0.2974771,-0.017549474,-0.124847725,-0.44872913,-0.03941925,-0.10059142,-0.57067186,-0.059793457,-0.10003917,-0.4593437,0.027726002,-0.13144188,-0.6599984,-0.009301477,-0.15094401,-0.77815765,-0.031320296,-0.15634929,-0.8855705,-0.041299038,-0.040681347,-0.47936,-0.004471363,-0.07254684,-0.7258644,-0.05375114,-0.105732165,-0.8730081,-0.08185252,-0.1176014,-0.9930609,-0.08938317,0.0224826,-0.45719162,-0.043726902,-0.015229584,-0.6091241,-0.12155483,-0.051603805,-0.47082838,-0.119127214,-0.057048015,-0.35506368,-0.08776275,0.083510704,-0.40671486,-0.084457316,0.043203425,-0.5673704,-0.12881657,0.0023564994,-0.47900677,-0.10354674,-0.012710124,-0.3769787,-0.06936759
U,Alan,Left,0.0,0.0,0.0,-0.10979356,-0.13617732,-0.025247859,-0.14704145,-0.31547466,-0.0390488,-0.11149611,-0.4611105,-0.06738702,-0.055191208,-0.5735249,-0.09432059,-0.09032402,-0.5276523,0.034245525,-0.0981066,-0.6969598,-0.0040618414,-0.11078946,-0.8150579,-0.035096735,-0.11594552,-0.9159733,-0.05252703,-0.017833136,-0.52532756,0.008196569,-0.025092097,-0.7447205,-0.03697512,-0.05593205,-0.88273305,-0.06662703,-0.07729336,-0.9970084,-0.077599116,0.056343663,-0.48735264,-0.028136343,0.039668962,-0.63947344,-0.103736155,-0.001698394,-0.5189047,-0.10883605,-0.016510744,-0.4051456,-0.084762275,0.12321473,-0.42147806,-0.0671159,0.096939035,-0.5689228,-0.107548125,0.052348174,-0.48961645,-0.086218774,0.031429928,-0.3921414,-0.05689682
U,Alan,Left,0.0,0.0,0.0,-0.110977985,-0.127386,-0.016052516,-0.14264053,-0.3127864,-0.02246553,-0.09321477,-0.46500698,-0.04467772,-0.048634835,-0.5755241,-0.065066345,-0.12254056,-0.4706121,0.036549352,-0.1427298,-0.6686563,0.0006316935,-0.15235658,-0.7928081,-0.024450364,-0.15168083,-0.8995586,-0.03641594,-0.056487102,-0.48736334,0.009917739,-0.082812496,-0.7290148,-0.036215886,-0.10748147,-0.87186164,-0.067732506,-0.113218494,-0.9935701,-0.0777091,0.015752109,-0.46596283,-0.024546517,0.010214744,-0.6092063,-0.0930318,-0.018519046,-0.47877792,-0.09274869,-0.027513979,-0.36929518,-0.064490445,0.0884496,-0.4197884,-0.061655283,0.07378597,-0.5704186,-0.0943591,0.04123276,-0.4941048,-0.06860169,0.024552893,-0.4057333,-0.035721444
U,Alan,Left,0.0,0.0,0.0,-0.10843183,-0.11041751,-0.04446963,-0.15749075,-0.30253106,-0.06323609,-0.11258942,-0.4536004,-0.0899486,-0.04635606,-0.55869126,-0.11445339,-0.16408554,-0.4894912,-0.008079081,-0.1823317,-0.7109489,-0.053299535,-0.18476768,-0.8416244,-0.07971692,-0.18391487,-0.95132804,-0.090916924,-0.08526435,-0.51120853,-0.019714443,-0.11045651,-0.7408489,-0.07200933,-0.1258772,-0.87628865,-0.099199966,-0.13169596,-0.99129015,-0.10497863,-0.0041621504,-0.49570736,-0.040681835,-0.007904044,-0.62029445,-0.118982315,-0.018461745,-0.47326496,-0.12062649,-0.020213397,-0.36115816,-0.091577135,0.07459508,-0.4544968,-0.065684766,0.06380582,-0.58109206,-0.10889577,0.045525737,-0.48645627,-0.08930049,0.038946062,-0.39955536,-0.058964238
U,Alan,Left,0.0,0.0,0.0,-0.10172218,-0.104853116,-0.056610435,-0.14275236,-0.2822182,-0.08312403,-0.078660876,-0.42123294,-0.11388759,-0.0057786047,-0.52438134,-0.14135079,-0.13425222,-0.49106357,-0.025820514,-0.14249764,-0.68610764,-0.074416816,-0.14269383,-0.8052584,-0.105610184,-0.14068222,-0.9112984,-0.12225953,-0.053346332,-0.5061798,-0.035606366,-0.072845615,-0.7362894,-0.09035799,-0.08899608,-0.87311786,-0.121821195,-0.097153984,-0.99526936,-0.13222101,0.029849267,-0.47526076,-0.05497934,0.033351626,-0.5828459,-0.13822204,0.010671473,-0.4285986,-0.14078353,-0.0047817775,-0.3277287,-0.11284128,0.10883949,-0.41496956,-0.07919827,0.107753076,-0.54258007,-0.13049683,0.08176843,-0.44059512,-0.11193404,0.06470156,-0.355897,-0.08222222
U,Alan,Left,0.0,0.0,0.0,-0.09264159,-0.15093507,-0.026074557,-0.101698495,-0.3418396,-0.03653341,-0.039292853,-0.4684274,-0.059727088,0.022015031,-0.5638899,-0.07968618,-0.027648728,-0.52211356,0.024254683,-0.013068343,-0.7120327,-0.011137271,-0.0032005033,-0.8291172,-0.03657578,0.01282231,-0.9298388,-0.049932074,0.04009412,-0.50970066,-0.0010076804,0.05742278,-0.7400335,-0.04394183,0.057698403,-0.88393414,-0.073689625,0.0685866,-0.99764514,-0.08448379,0.1020591,-0.45425332,-0.035510108,0.0994751,-0.57918507,-0.1077508,0.04085801,-0.46376073,-0.11404396,0.009079854,-0.36449412,-0.09092528,0.15403579,-0.37516284,-0.07308659,0.15951678,-0.5204088,-0.11538969,0.108797766,-0.4538506,-0.09838553,0.06994689,-0.369859,-0.07170716
U,Alan,Left,0.0,0.0,0.0,-0.07470444,-0.1301057,-0.09405782,-0.10595842,-0.3299541,-0.11012702,-0.0350786,-0.48744902,-0.114699535,0.034917016,-0.5942575,-0.11183823,-0.18655315,-0.48125723,-0.02288969,-0.18387908,-0.7088244,-0.05393597,-0.16691495,-0.85390127,-0.07627349,-0.15487544,-0.9680389,-0.08534802,-0.10936432,-0.49736604,0.0019076928,-0.12864482,-0.7423155,-0.027032992,-0.12481458,-0.88027066,-0.047617923,-0.12332077,-0.99236685,-0.05168029,-0.029198546,-0.4742198,0.0107838325,0.022217711,-0.58983713,-0.05928088,0.02688739,-0.4711832,-0.08802705,0.0062790974,-0.39317966,-0.0793559,0.048052095,-0.43479306,0.0132461395,0.07115842,-0.5424978,-0.03894077,0.070656,-0.4627481,-0.046644762,0.051902816,-0.3978985,-0.036622938
U,Alan,Left,0.0,0.0,0.0,-0.005448251,-0.17224541,-0.1301409,0.000121714635,-0.35996836,-0.14372648,0.05392776,-0.5067119,-0.13089669,0.11706894,-0.60116094,-0.10543601,-0.11347322,-0.5109607,-0.0389645,-0.06586568,-0.7464262,-0.057822168,-0.036413025,-0.8849042,-0.068835095,-0.017289374,-0.9998505,-0.07377152,-0.048308726,-0.48871392,0.024756536,0.05058289,-0.6285988,-0.021411013,0.07377866,-0.5452968,-0.04316392,0.06430793,-0.4776664,-0.036710177,0.01216709,-0.46042725,0.0731303,0.099143036,-0.56146824,0.013903891,0.101348355,-0.46282884,-0.016804967,0.069615066,-0.40728855,-0.012141976,0.057617996,-0.42159933,0.11272246,0.11526699,-0.4998584,0.0739425,0.12096875,-0.439859,0.054373134,0.09506978,-0.38499364,0.05641089
U,Alan,Left,0.0,0.0,0.0,-0.080901235,-0.13600516,-0.039258245,-0.08997953,-0.34040835,-0.053140678,0.006808072,-0.47620496,-0.072314695,0.097475275,-0.5415534,-0.08886433,-0.10924665,-0.49384123,-0.00013240385,-0.08734923,-0.6965809,-0.03954279,-0.05924011,-0.8271987,-0.07092616,-0.030573042,-0.9351811,-0.087987565,-0.027075818,-0.4997081,-0.010704421,-0.01289816,-0.7259065,-0.05144836,0.0006136039,-0.87064826,-0.082560405,0.017058704,-0.9998545,-0.096245795,0.05272319,-0.4640232,-0.030272713,0.09783853,-0.5777299,-0.094903655,0.0745909,-0.46890706,-0.10883223,0.05036246,-0.38202864,-0.093552485,0.12689361,-0.40551752,-0.05350163,0.15824504,-0.53131187,-0.09297294,0.13187493,-0.46752933,-0.08457655,0.10227636,-0.39612094,-0.06525395
U,Alan,Left,0.0,0.0,0.0,-0.09241592,-0.14526778,-0.018115029,-0.09883474,-0.33514148,-0.025127608,-0.032520846,-0.4555844,-0.046850957,0.024450365,-0.52888304,-0.06754326,-0.03829943,-0.51135427,0.024626099,-0.038716562,-0.68760383,-0.015073045,-0.035577506,-0.80349815,-0.043347478,-0.02614675,-0.9013547,-0.05818481,0.028608939,-0.5109463,-0.0053640525,0.034083232,-0.74086076,-0.05432871,0.023398852,-0.88339,-0.08747867,0.02877837,-0.9995858,-0.09884814,0.092683576,-0.46397018,-0.043046486,0.094148435,-0.58956546,-0.1162512,0.041958824,-0.46223512,-0.11727826,0.017309785,-0.35799402,-0.089218885,0.14874518,-0.38676947,-0.08336909,0.14811768,-0.53208315,-0.1198157,0.10430817,-0.45808375,-0.095037594,0.07694598,-0.37114438,-0.0626034
U,Alan,Left,0.0,0.0,0.0,-0.11231992,-0.13577968,-0.004419509,-0.14510417,-0.31265008,-0.0046973173,-0.12126006,-0.4584649,-0.022750704,-0.08877301,-0.5756462,-0.039447874,-0.07871573,-0.46762508,0.040593676,-0.10870824,-0.67451084,0.010628301,-0.13201885,-0.79805326,-0.0057050437,-0.14226742,-0.9049443,-0.011993852,-0.022948185,-0.48048976,0.0071223304,-0.046968255,-0.72781616,-0.036031865,-0.08139925,-0.8752846,-0.0605266,-0.09590279,-0.9953907,-0.06565509,0.035751265,-0.45658,-0.033476405,-0.000851418,-0.6194267,-0.11071319,-0.044115193,-0.49510008,-0.11450802,-0.053805828,-0.38470286,-0.086550064,0.090093456,-0.40562302,-0.074414834,0.05374576,-0.57193476,-0.12136554,0.008347179,-0.48754138,-0.10256735,-0.012280926,-0.38127384,-0.072295845
U,Alan,Left,0.0,0.0,0.0,-0.12890752,-0.10622462,-0.027567312,-0.1872348,-0.2898752,-0.034265425,-0.14960086,-0.43586487,-0.053617537,-0.09815409,-0.5424415,-0.070907414,-0.1581358,-0.5016898,0.033670098,-0.20050734,-0.6855148,0.0001559535,-0.22556859,-0.7989844,-0.024095844,-0.23979501,-0.8991735,-0.03630421,-0.08659511,-0.5226936,0.009785019,-0.13227552,-0.7416702,-0.033657916,-0.17182417,-0.8741726,-0.06485341,-0.19291301,-0.98121583,-0.07498555,-0.011314207,-0.49668458,-0.024188815,-0.050626785,-0.6002159,-0.10100927,-0.07409631,-0.46216115,-0.111433014,-0.07484522,-0.35590407,-0.08874757,0.058122404,-0.43868092,-0.060754407,0.024285484,-0.5708034,-0.10396953,-0.004837726,-0.47180945,-0.085058086,-0.01058206,-0.37314874,-0.055768844
U,Alan,Left,0.0,0.0,0.0,-0.11185602,-0.11247644,-0.035638552,-0.16204005,-0.30441424,-0.05291783,-0.12302258,-0.45977485,-0.07946913,-0.06202093,-0.5705929,-0.103470705,-0.1573615,-0.47238708,-0.0026845096,-0.1831526,-0.67143315,-0.048028544,-0.19219486,-0.7954731,-0.07656113,-0.19580579,-0.90263784,-0.089451686,-0.08724797,-0.4913117,-0.020809205,-0.12593791,-0.7365249,-0.06988408,-0.15450495,-0.8701402,-0.096635364,-0.1693258,-0.9855601,-0.10246005,-0.008747251,-0.47203714,-0.047065243,-0.023022715,-0.5971241,-0.12093815,-0.04180683,-0.4583517,-0.119572185,-0.045615323,-0.35367557,-0.08931815,0.06749536,-0.42758217,-0.077058256,0.047712654,-0.5678642,-0.115935855,0.020969179,-0.47887993,-0.0909978,0.009665387,-0.39029112,-0.057634257
U,Alan,Left,0.0,0.0,0.0,-0.10979836,-0.12340839,-0.045109563,-0.15137647,-0.3196004,-0.06394269,-0.09398541,-0.47391966,-0.08942929,-0.016753409,-0.56316614,-0.11187513,-0.1429433,-0.4916131,-0.004641431,-0.15623306,-0.69492215,-0.046331387,-0.15625903,-0.819057,-0.075212955,-0.14925241,-0.92703044,-0.09029557,-0.06550727,-0.5082207,-0.017029375,-0.08616741,-0.7402998,-0.06250633,-0.10136658,-0.8734765,-0.09108305,-0.10166823,-0.9948184,-0.101451,0.013574987,-0.48246646,-0.038980156,0.024193408,-0.614816,-0.10924458,0.0034079452,-0.48256063,-0.11218289,-0.00825107,-0.37564704,-0.087449655,0.089238666,-0.43072692,-0.06561643,0.08825095,-0.5815647,-0.10456664,0.06629895,-0.5096388,-0.08516112,0.050905302,-0.4233038,-0.05721182
U,Alan,Left,0.0,0.0,0.0,-0.10813767,-0.12681541,-0.022731494,-0.14159924,-0.33262056,-0.026734212,-0.09097202,-0.49257666,-0.045053717,-0.03433618,-0.611197,-0.060823765,-0.10717176,-0.4839773,0.039436575,-0.14195684,-0.67301255,0.011170512,-0.16365609,-0.78712016,-0.006321268,-0.17038701,-0.8866765,-0.012485262,-0.03914886,-0.5094432,0.018542852,-0.060801905,-0.7453842,-0.018112939,-0.086576074,-0.88295096,-0.04042486,-0.089988455,-0.99594283,-0.04401872,0.031412274,-0.49246424,-0.01205238,0.0044798316,-0.6356857,-0.084272504,-0.03078142,-0.49195403,-0.08820543,-0.03507425,-0.36844772,-0.0598269,0.10052675,-0.45315126,-0.04479746,0.079035476,-0.616282,-0.08365855,0.041674167,-0.5340892,-0.06269651,0.026323663,-0.4315969,-0.031651784
U,Alan,Left,0.0,0.0,0.0,-0.1111388,-0.12902045,-0.030019347,-0.13897663,-0.33984506,-0.038756616,-0.0827101,-0.5059124,-0.059917986,-0.017360603,-0.61649114,-0.08005821,-0.11823269,-0.4779535,0.017983833,-0.140475,-0.682113,-0.02393026,-0.15236713,-0.8061789,-0.05181415,-0.15702087,-0.91636854,-0.06539448,-0.047814846,-0.5017646,-0.0010036406,-0.0720945,-0.7357202,-0.05022475,-0.100412354,-0.8739813,-0.08165147,-0.1129219,-0.9936039,-0.09182674,0.026411487,-0.48921892,-0.028602919,0.012141007,-0.63271505,-0.10136706,-0.018069379,-0.50108224,-0.10273912,-0.02503214,-0.3937914,-0.07589807,0.09835961,-0.4531245,-0.05999657,0.078457914,-0.5945051,-0.09803604,0.048230868,-0.5053636,-0.07539892,0.040298175,-0.41175106,-0.044223115
V,Alan,Right,0.0,0.0,0.0,0.10274415,-0.07459594,-0.061214548,0.15959354,-0.22559479,-0.08415753,0.13429463,-0.3459419,-0.10795972,0.076635405,-0.43620852,-0.12700199,0.13826959,-0.47408092,-0.037429735,0.20438625,-0.6587783,-0.07751713,0.24066597,-0.7749409,-0.10083883,0.26438546,-0.87407976,-0.11170806,0.059468895,-0.49015522,-0.044583593,0.06200564,-0.73545164,-0.09620046,0.07022552,-0.88388544,-0.12594713,0.07177611,-0.9974208,-0.13542955,-0.013217329,-0.4498999,-0.059354916,0.02633645,-0.53318673,-0.14361636,0.057774,-0.40164056,-0.15508561,0.0612163,-0.30343276,-0.1324368,-0.07682646,-0.38301945,-0.07814786,-0.038789652,-0.4886352,-0.13516767,-0.0036755311,-0.40801835,-0.12254532,0.007583654,-0.32381716,-0.09524772
V,Alan,Right,0.0,0.0,0.0,0.103558265,-0.071456425,-0.056339405,0.15720099,-0.21827103,-0.07775486,0.12427711,-0.34643498,-0.10039973,0.06499599,-0.4299049,-0.11858509,0.15526147,-0.4617097,-0.031389404,0.22673313,-0.64720184,-0.072317705,0.26688108,-0.7641041,-0.09760731,0.29289225,-0.8615147,-0.10975896,0.07564037,-0.48104885,-0.03830289,0.08086286,-0.72870183,-0.08842498,0.090372354,-0.87958276,-0.118599474,0.09301968,-0.9956643,-0.12903284,0.00037473292,-0.44384757,-0.05223819,0.017912697,-0.54164815,-0.13184066,0.05017419,-0.42606387,-0.1438752,0.058496527,-0.33217028,-0.12304607,-0.066911824,-0.37776393,-0.069681935,-0.038818203,-0.4786133,-0.12432353,-0.0040707774,-0.40033597,-0.11314292,0.00829458,-0.31875297,-0.08691705
V,Alan,Right,0.0,0.0,0.0,0.09229854,-0.07794015,-0.06642008,0.13182485,-0.22911428,-0.09748453,0.061780635,-0.34994718,-0.12752545,-0.019914433,-0.4324983,-0.15296462,0.1400574,-0.46321014,-0.050860986,0.20335642,-0.649045,-0.10057357,0.23422623,-0.7682437,-0.13256201,0.2544813,-0.8715828,-0.15110089,0.054170504,-0.48646098,-0.05766922,0.05775596,-0.72112113,-0.11683482,0.06257072,-0.87465495,-0.15356869,0.06339465,-0.9979885,-0.16997623,-0.023432305,-0.44895875,-0.071661495,-0.027307708,-0.55212295,-0.15657714,-0.0040053343,-0.43670636,-0.16606034,0.0011226549,-0.34571382,-0.14473815,-0.092407614,-0.38112417,-0.09037265,-0.091698416,-0.48915833,-0.15060055,-0.06403483,-0.4169504,-0.13863839,-0.052829377,-0.3435081,-0.11212341
V,Alan,Right,0.0,0.0,0.0,0.08850133,-0.08277364,-0.052558526,0.12943268,-0.22876377,-0.07745539,0.081034645,-0.3208367,-0.10482213,0.0067764414,-0.37776646,-0.12877981,0.1118785,-0.4789715,-0.036200944,0.16442584,-0.6639349,-0.08285307,0.19759768,-0.7814379,-0.11334721,0.21792252,-0.8805585,-0.12907423,0.030596297,-0.490205,-0.049288042,0.02989319,-0.72721934,-0.10361214,0.032487474,-0.8788625,-0.13926736,0.028550962,-0.99959236,-0.15406527,-0.04342978,-0.4444513,-0.068697974,-0.019985653,-0.528587,-0.14986281,0.014578815,-0.41532457,-0.16207206,0.023945384,-0.32670772,-0.14216058,-0.10903692,-0.3701234,-0.0917708,-0.08211084,-0.46839675,-0.1451351,-0.046803292,-0.39525,-0.13046381,-0.03243965,-0.31684577,-0.102752544
V,Alan,Right,0.0,0.0,0.0,0.11239005,-0.075913504,-0.044261042,0.19095074,-0.21134374,-0.064661585,0.18585591,-0.3225478,-0.089473106,0.12907964,-0.3965875,-0.111449055,0.15729731,-0.47024968,-0.023630125,0.22147883,-0.645494,-0.061253972,0.2573317,-0.7578335,-0.08494932,0.28180015,-0.86267304,-0.09841827,0.08561188,-0.48804238,-0.04049322,0.098401144,-0.7343032,-0.09186386,0.11209837,-0.87633294,-0.12261569,0.116862476,-0.9931481,-0.13447925,0.014609383,-0.45001107,-0.06300958,0.08148398,-0.54695255,-0.14721379,0.11028323,-0.4121377,-0.15551588,0.10478397,-0.3129297,-0.13175613,-0.051869534,-0.3812948,-0.08774197,0.0050941226,-0.49208868,-0.14312755,0.04052028,-0.40239337,-0.12606144,0.043422084,-0.31026205,-0.0963965
V,Alan,Right,0.0,0.0,0.0,0.09954182,-0.080502026,-0.060276996,0.14880954,-0.22993895,-0.0857406,0.09374281,-0.35369807,-0.11152178,0.01653893,-0.43725404,-0.13333707,0.16024058,-0.46732736,-0.035297252,0.22000821,-0.6541785,-0.08185382,0.25424108,-0.77171355,-0.113678366,0.27732754,-0.8711593,-0.12973917,0.0790357,-0.4924939,-0.04141196,0.088741496,-0.7261083,-0.09280647,0.09407199,-0.8758056,-0.12806341,0.09386523,-0.9955849,-0.1425711,0.0032997646,-0.4591792,-0.05531647,0.00542721,-0.5418583,-0.1299584,0.032238767,-0.44370836,-0.14666545,0.04327351,-0.3625355,-0.13173485,-0.06548106,-0.3994016,-0.07403198,-0.05492016,-0.49182615,-0.12212755,-0.026516778,-0.44043124,-0.114025705,-0.010124491,-0.3814452,-0.09234441
V,Alan,Right,0.0,0.0,0.0,0.08902086,-0.10622532,-0.058025833,0.12479631,-0.275979,-0.07779495,0.057294957,-0.4150959,-0.09804165,-0.020642934,-0.5070852,-0.11366666,0.16314715,-0.4729232,-0.02022065,0.21883202,-0.6607636,-0.06279383,0.24613091,-0.780858,-0.09167494,0.261312,-0.8814139,-0.10641385,0.078453526,-0.5000035,-0.024859674,0.08779301,-0.7354999,-0.073459975,0.088018745,-0.8775283,-0.10530706,0.08404513,-0.9964619,-0.11674497,0.001887702,-0.46993604,-0.038288135,-0.015084564,-0.5718909,-0.113634124,0.00551726,-0.47512653,-0.13030635,0.019053929,-0.3958086,-0.11400307,-0.06377673,-0.41605437,-0.056186642,-0.0676035,-0.52262735,-0.103307314,-0.04567793,-0.48254025,-0.09587637,-0.027766794,-0.43387446,-0.07490871
V,Alan,Right,0.0,0.0,0.0,0.10410469,-0.073792696,-0.052060034,0.17331663,-0.22792122,-0.073610164,0.16313376,-0.35450262,-0.098407544,0.100513525,-0.4343797,-0.11974847,0.13651726,-0.46666256,-0.029170955,0.204828,-0.647468,-0.07075695,0.24124976,-0.7606595,-0.09734673,0.26448262,-0.8629064,-0.11137412,0.06566691,-0.4846538,-0.041777793,0.087784916,-0.72542274,-0.09500104,0.10219403,-0.8734275,-0.12791766,0.10496418,-0.994476,-0.14070688,-0.0037843029,-0.45116445,-0.061260592,0.05415214,-0.5495127,-0.14644912,0.08985137,-0.4225759,-0.15784718,0.09252689,-0.32307845,-0.13571502,-0.06727073,-0.3906253,-0.08402109,-0.01364442,-0.4997043,-0.14149344,0.02487571,-0.4187798,-0.12857339,0.033792865,-0.3288114,-0.10142689
V,Alan,Right,0.0,0.0,0.0,0.10075527,-0.081470214,-0.04266584,0.17113668,-0.22645913,-0.06335345,0.18020459,-0.35251668,-0.089788176,0.11903979,-0.42556196,-0.11312796,0.11427417,-0.46019903,-0.023333121,0.18227543,-0.6415925,-0.06262373,0.219191,-0.75087625,-0.087310344,0.243442,-0.85266644,-0.101256825,0.04801492,-0.4825554,-0.039987095,0.052622017,-0.7263076,-0.09686798,0.06510324,-0.8737193,-0.13287838,0.06968359,-0.99756914,-0.14765976,-0.015755907,-0.44790083,-0.0619327,0.058355875,-0.53874207,-0.14903685,0.10307968,-0.41174373,-0.16025935,0.10909773,-0.3149749,-0.13782729,-0.07069814,-0.38498563,-0.08614121,-0.013432865,-0.49751204,-0.14246918,0.035690453,-0.42150408,-0.12791766,0.05588196,-0.33132732,-0.099873364
V,Alan,Right,0.0,0.0,0.0,0.08656068,-0.09045273,-0.06802743,0.11569822,-0.24343655,-0.09532756,0.037845813,-0.3650313,-0.120391905,-0.0406846,-0.445725,-0.1400996,0.13387077,-0.47194883,-0.043159544,0.18901628,-0.6671477,-0.09150884,0.22105111,-0.78916717,-0.121405095,0.23945238,-0.89205223,-0.13577594,0.0493877,-0.49774316,-0.043991692,0.036788147,-0.7400316,-0.097815305,0.02660521,-0.8863345,-0.1291098,0.01377169,-0.99990517,-0.1382339,-0.02321015,-0.46230918,-0.053396687,-0.0353788,-0.5401928,-0.13228919,-0.008085459,-0.43725678,-0.14828894,0.0051253224,-0.35975504,-0.12965074,-0.083490096,-0.40099484,-0.067708686,-0.0857291,-0.48437726,-0.118294045,-0.05646813,-0.42321193,-0.110126205,-0.03654777,-0.36467677,-0.08624646
V,Alan,Right,0.0,0.0,0.0,0.09176377,-0.11993664,-0.05063325,0.13550888,-0.28466517,-0.07052903,0.107151195,-0.39816326,-0.09330794,0.0425279,-0.47124374,-0.11163898,0.05179113,-0.49783105,-0.023454126,0.09312191,-0.69382304,-0.060302097,0.1144751,-0.8083858,-0.08337511,0.121398516,-0.90968037,-0.09499435,-0.024141714,-0.49795663,-0.03367102,-0.06475991,-0.7379556,-0.08410663,-0.08500694,-0.8818002,-0.11615547,-0.11068355,-0.9938557,-0.12785298,-0.08520978,-0.4440587,-0.05067766,-0.041677177,-0.5476848,-0.13122512,0.018032223,-0.44546124,-0.14488083,0.038408082,-0.36056188,-0.12525448,-0.13185413,-0.3670735,-0.070714004,-0.09703293,-0.47721687,-0.12369366,-0.046906326,-0.41931835,-0.112442926,-0.022727242,-0.34631348,-0.08714514
V,Alan,Right,0.0,0.0,0.0,0.0927999,-0.13698938,-0.037535194,0.14248386,-0.29319984,-0.060421374,0.14230402,-0.41876197,-0.09046467,0.07761325,-0.48362914,-0.116686895,0.02765279,-0.4786304,-0.017088808,0.06190576,-0.6864363,-0.057967182,0.080838405,-0.8037799,-0.08344575,0.08596165,-0.90733004,-0.09588367,-0.041836392,-0.4768774,-0.035042416,-0.08630055,-0.7288839,-0.09185278,-0.109233424,-0.87614644,-0.12844001,-0.1378495,-0.9904532,-0.14226893,-0.09685341,-0.4270317,-0.058375146,-0.038836394,-0.5497321,-0.14323093,0.037804447,-0.4633848,-0.1599837,0.070776075,-0.38138014,-0.14075583,-0.13583043,-0.355368,-0.08352726,-0.09168485,-0.47606242,-0.13663228,-0.021881409,-0.43449247,-0.12733081,0.021031091,-0.3668478,-0.102552004
V,Alan,Right,0.0,0.0,0.0,0.08948352,-0.13638276,-0.04732449,0.13265203,-0.3216974,-0.070548765,0.08899163,-0.43774286,-0.09727827,0.0012812186,-0.48646322,-0.122913755,0.040248327,-0.5307527,-0.014880863,0.058796827,-0.7510247,-0.052696336,0.08104218,-0.8827129,-0.08229449,0.0898124,-0.9959587,-0.10434841,-0.042312074,-0.5075897,-0.022180153,-0.03652808,-0.62933636,-0.10326286,0.010252195,-0.52267003,-0.14075147,0.025429094,-0.4167701,-0.1454345,-0.10921912,-0.45583135,-0.034837488,-0.09707677,-0.5754463,-0.11263811,-0.030680593,-0.46979392,-0.1132671,-0.0026563127,-0.3677623,-0.08981508,-0.1674159,-0.38153505,-0.051734798,-0.14771314,-0.49486622,-0.10762846,-0.08653286,-0.44802648,-0.10249182,-0.050722092,-0.3840482,-0.081838615
V,Alan,Right,0.0,0.0,0.0,0.09650976,-0.107915305,-0.051718544,0.1445916,-0.27317595,-0.070301406,0.10052275,-0.3836124,-0.09057584,0.029521827,-0.45116943,-0.10684703,0.08779722,-0.4879976,-0.026877735,0.14343524,-0.67310727,-0.06460506,0.17422435,-0.78444546,-0.08793071,0.19050808,-0.88061494,-0.09916079,0.007821103,-0.49922085,-0.035399333,-0.016086679,-0.7392737,-0.085696615,-0.0252285,-0.88436097,-0.11764032,-0.04091541,-0.9991626,-0.1292551,-0.06129661,-0.45280167,-0.050298285,-0.02635976,-0.5428078,-0.13027503,0.0231644,-0.4289116,-0.1441972,0.038902953,-0.34086624,-0.12511274,-0.11998232,-0.38103628,-0.06814099,-0.08947535,-0.48467195,-0.12084231,-0.045500122,-0.4171692,-0.10887218,-0.02387886,-0.34158295,-0.083320536
V,Alan,Right,0.0,0.0,0.0,0.08668314,-0.09522693,-0.061537478,0.12364217,-0.26137042,-0.08511789,0.050157275,-0.3935238,-0.10845486,-0.028079778,-0.47929057,-0.12628022,0.15019363,-0.48078665,-0.026552973,0.2088289,-0.66473496,-0.071885094,0.2425467,-0.78277427,-0.10298263,0.2669493,-0.88044447,-0.1199886,0.062440895,-0.50652355,-0.032069024,0.053332258,-0.7371052,-0.08588629,0.04676862,-0.88102967,-0.12157199,0.03929524,-0.99922764,-0.13603841,-0.0118283,-0.47249988,-0.046235677,-0.024031071,-0.5642741,-0.12599353,0.0021579762,-0.45715606,-0.14241324,0.01584214,-0.37198186,-0.12603745,-0.07493355,-0.41024724,-0.06517831,-0.08103289,-0.50464505,-0.11753438,-0.057616256,-0.45878848,-0.1118068,-0.041310877,-0.41125017,-0.09160374
V,Alan,Right,0.0,0.0,0.0,0.081198126,-0.06699325,-0.08062089,0.107166305,-0.21762161,-0.114644274,0.032446194,-0.35318038,-0.14376,-0.040048946,-0.45644784,-0.16636994,0.17415991,-0.44887608,-0.04914985,0.24208678,-0.6285006,-0.10109871,0.28006396,-0.7457887,-0.13502426,0.30713066,-0.8438207,-0.15370144,0.09657412,-0.49023286,-0.04451238,0.11760178,-0.7202865,-0.10184655,0.12657838,-0.8676818,-0.13653179,0.13479078,-0.99087405,-0.14904915,0.022185627,-0.4687528,-0.05018993,-0.011288931,-0.5601832,-0.13316046,-0.009086301,-0.45672506,-0.15164346,-0.0016795326,-0.3797999,-0.13601328,-0.042833574,-0.41422555,-0.062028445,-0.06972042,-0.48950577,-0.12277889,-0.056877237,-0.40948784,-0.121287964,-0.038706977,-0.3418747,-0.101773
V,Alan,Right,0.0,0.0,0.0,0.10951714,-0.07989773,-0.050282307,0.17990455,-0.21089865,-0.07645869,0.16212733,-0.31767553,-0.10598203,0.098674074,-0.39066103,-0.13111088,0.15092239,-0.47284845,-0.032615125,0.22498634,-0.65671057,-0.07783459,0.26724505,-0.76842517,-0.10736785,0.29529777,-0.8678555,-0.12276652,0.07226421,-0.4940657,-0.045918457,0.075630285,-0.73566127,-0.09998626,0.08176207,-0.8796985,-0.13422076,0.08092283,-0.9967204,-0.14778672,-0.0021526772,-0.45798388,-0.06549014,0.04785521,-0.54082227,-0.14538833,0.08539824,-0.4183754,-0.15543678,0.09117147,-0.3247185,-0.1339237,-0.06719385,-0.3894473,-0.08882052,-0.02329914,-0.47845545,-0.1377813,0.022634875,-0.41780713,-0.12346622,0.043256596,-0.34953976,-0.09663495
V,Alan,Right,0.0,0.0,0.0,0.12810308,-0.06905245,-0.045430135,0.22228819,-0.18444428,-0.074443705,0.23363744,-0.30992672,-0.10751441,0.17344801,-0.40239993,-0.13648456,0.18306363,-0.43984228,-0.044526797,0.27994147,-0.6239846,-0.08914871,0.32973006,-0.72808266,-0.11574727,0.3648896,-0.8322356,-0.13197029,0.10973537,-0.47039238,-0.061876763,0.1296032,-0.72785234,-0.123386145,0.14798374,-0.86715305,-0.1599213,0.15617034,-0.98773015,-0.17647105,0.035605766,-0.43806127,-0.08277105,0.10944688,-0.5391631,-0.16954896,0.14281179,-0.40469715,-0.1735983,0.13951993,-0.3057797,-0.14717333,-0.029617496,-0.36977267,-0.10603993,0.02911454,-0.48702517,-0.16156435,0.07887282,-0.41500202,-0.14316252,0.09367283,-0.32776114,-0.11190911
V,Alan,Right,0.0,0.0,0.0,0.117648914,-0.06821698,-0.062082984,0.20117106,-0.18604143,-0.10062965,0.19570036,-0.30236214,-0.14078353,0.14952978,-0.4023687,-0.17789662,0.13767008,-0.4575702,-0.06157987,0.20511146,-0.6508709,-0.11734815,0.24799919,-0.7631689,-0.15327322,0.2772753,-0.8706117,-0.17360236,0.05900018,-0.47441497,-0.07345465,0.07246993,-0.7243508,-0.13608253,0.07517654,-0.87571454,-0.17429043,0.06035261,-0.9981771,-0.19171554,-0.017312016,-0.430653,-0.09179739,0.03312598,-0.5521472,-0.18090072,0.092185,-0.4386378,-0.19221464,0.11302067,-0.34383336,-0.17216647,-0.08586676,-0.34870613,-0.11377701,-0.035844713,-0.47105598,-0.1730241,0.021127898,-0.413513,-0.16181155,0.04901911,-0.34182572,-0.13683079
V,Alan,Right,0.0,0.0,0.0,0.10220981,-0.10483766,-0.048545677,0.15820318,-0.24603985,-0.074474454,0.13564496,-0.3537321,-0.10530864,0.06051734,-0.41571003,-0.1325393,0.084110096,-0.5071672,-0.025152396,0.13559633,-0.7027239,-0.066792,0.15938418,-0.82243043,-0.09456689,0.17228486,-0.92832273,-0.109901674,0.0045329267,-0.5057253,-0.039250735,-0.023307519,-0.73949265,-0.094402686,-0.037250962,-0.8837834,-0.13205355,-0.052433003,-0.99862444,-0.14864449,-0.06385903,-0.45115748,-0.059477773,-0.024299638,-0.55950916,-0.14487095,0.038878106,-0.4468041,-0.16074225,0.06778856,-0.3497128,-0.1419457,-0.118631355,-0.36797068,-0.082439296,-0.07858889,-0.4743085,-0.13937585,-0.021581274,-0.41680655,-0.13096638,0.011158522,-0.34155458,-0.10674623
V,Alan,Right,0.0,0.0,0.0,0.09880062,-0.09802514,-0.04943834,0.15282494,-0.2531581,-0.068915576,0.11835957,-0.35792902,-0.091663055,0.04998104,-0.41481993,-0.110680036,0.101329446,-0.497778,-0.025794126,0.15071292,-0.69027287,-0.06467018,0.17636515,-0.8101275,-0.08929529,0.18841241,-0.91279227,-0.10168697,0.02043332,-0.5001284,-0.037907068,0.00026564166,-0.74207646,-0.08901735,-0.0055412604,-0.88695145,-0.12210809,-0.017331569,-0.9998498,-0.1344309,-0.05006734,-0.44885918,-0.05623171,-0.011996583,-0.5395534,-0.13644286,0.038775355,-0.4238762,-0.14947684,0.054680537,-0.32995796,-0.12882923,-0.11057711,-0.37104806,-0.07759257,-0.074066356,-0.47465816,-0.12957679,-0.02546598,-0.4105048,-0.11660708,-0.0029878041,-0.3333271,-0.08955867
V,Alan,Right,0.0,0.0,0.0,0.08361134,-0.09900472,-0.056674454,0.121023916,-0.23980488,-0.08218154,0.06531729,-0.3162279,-0.10844966,-0.00680368,-0.361746,-0.130805,0.07857641,-0.4981919,-0.038217437,0.117865585,-0.6936443,-0.08495216,0.14168857,-0.8179236,-0.115957476,0.15338513,-0.919125,-0.13151813,-0.007269291,-0.49722967,-0.047216967,-0.037977695,-0.73397595,-0.10026332,-0.05374931,-0.88157725,-0.13608941,-0.069375664,-0.9975906,-0.15057637,-0.077507004,-0.43883133,-0.06306841,-0.058305994,-0.5115699,-0.14119436,-0.016303286,-0.41990793,-0.15863147,0.0005826454,-0.34827837,-0.14304389,-0.13462318,-0.35259187,-0.08292146,-0.11713405,-0.43333802,-0.13431512,-0.07352126,-0.38048556,-0.1248128,-0.044758625,-0.32433203,-0.10073957
V,Alan,Right,0.0,0.0,0.0,0.08210423,-0.09372464,-0.060054943,0.11644611,-0.24017201,-0.086281896,0.041853752,-0.30685738,-0.11370955,-0.044760045,-0.33587894,-0.13824251,0.07336494,-0.49473825,-0.034194946,0.1055208,-0.6821313,-0.083940394,0.12727308,-0.80693465,-0.117078975,0.14075899,-0.91121197,-0.13358663,-0.01257725,-0.4925331,-0.04343976,-0.046066787,-0.7250871,-0.10090919,-0.06757072,-0.8763854,-0.1402188,-0.085666634,-0.9963239,-0.1554514,-0.079854816,-0.43440118,-0.060477853,-0.07735972,-0.49800327,-0.14636606,-0.041046575,-0.38920033,-0.16576082,-0.023283107,-0.3083961,-0.14799234,-0.13377643,-0.3492726,-0.08148726,-0.12737113,-0.42107496,-0.13683924,-0.0896558,-0.35328078,-0.12689033,-0.06538885,-0.29154453,-0.10103507
V,Alan,Right,0.0,0.0,0.0,0.08815508,-0.07258398,-0.06347708,0.13362013,-0.21911973,-0.0911358,0.061412785,-0.29823264,-0.118035525,-0.029311813,-0.33550903,-0.14090827,0.094824,-0.47703922,-0.040552426,0.1443206,-0.66765815,-0.08780506,0.17320947,-0.79125303,-0.118065625,0.19055718,-0.8920615,-0.13349624,0.008165431,-0.48549438,-0.047575664,-0.0093621025,-0.7176683,-0.10381751,-0.021172658,-0.873957,-0.14334522,-0.03329963,-0.99944544,-0.15930088,-0.06290224,-0.43649217,-0.06155124,-0.04905691,-0.49892664,-0.14434339,-0.016305821,-0.38931254,-0.1606359,-0.004619637,-0.30563232,-0.14167456,-0.12483214,-0.35726708,-0.07982681,-0.10780438,-0.41935697,-0.13513678,-0.07077361,-0.3452091,-0.12434132,-0.050824694,-0.27786133,-0.0974218
V,Alan,Right,0.0,0.0,0.0,0.08129027,-0.084337816,-0.06403054,0.11613288,-0.22224122,-0.09650915,0.039318454,-0.3109126,-0.12875317,-0.0473373,-0.36279598,-0.15677771,0.08527153,-0.4608864,-0.049019873,0.13110141,-0.6385425,-0.10028898,0.15734373,-0.7538225,-0.13482732,0.17315589,-0.8532298,-0.15436481,0.0023952199,-0.47358304,-0.05763392,-0.022775628,-0.709279,-0.11717695,-0.037984002,-0.8669769,-0.15834576,-0.054885335,-0.99849266,-0.17801237,-0.064577706,-0.428559,-0.07303961,-0.07005349,-0.5155658,-0.1572095,-0.033939913,-0.41338333,-0.17394628,-0.018674785,-0.333244,-0.15782325,-0.12036853,-0.35468253,-0.09295217,-0.12350088,-0.4491855,-0.14860499,-0.08674748,-0.39212936,-0.1392152,-0.06390714,-0.32973602,-0.11581485
V,Alan,Right,0.0,0.0,0.0,0.08685293,-0.082248405,-0.06696658,0.123120435,-0.21996403,-0.098806955,0.034293305,-0.30216005,-0.12994134,-0.05718279,-0.34885284,-0.15677102,0.09673652,-0.4713804,-0.048475876,0.14172468,-0.6545623,-0.09864101,0.16829465,-0.77557564,-0.13140905,0.18464376,-0.881231,-0.15001504,0.008157049,-0.4846295,-0.05506858,-0.020767475,-0.71923435,-0.11340786,-0.040389378,-0.8732059,-0.15299642,-0.05772549,-0.9983325,-0.17127033,-0.06158121,-0.43682775,-0.068803616,-0.07303395,-0.5071817,-0.15430443,-0.04302174,-0.39883313,-0.17176984,-0.0292974,-0.31506982,-0.15516932,-0.11957466,-0.3607931,-0.087271795,-0.124850616,-0.43793303,-0.14556427,-0.09010538,-0.36873874,-0.13725117,-0.06620182,-0.30050564,-0.113552526
V,Alan,Right,0.0,0.0,0.0,0.08632445,-0.087869346,-0.06135112,0.122493446,-0.23043595,-0.09280344,0.047819916,-0.33254743,-0.12453139,-0.034332052,-0.39785388,-0.15208219,0.1114978,-0.46878695,-0.04704601,0.1611627,-0.65459716,-0.09927126,0.19062336,-0.7730511,-0.13465159,0.20969936,-0.8754739,-0.15465054,0.024658533,-0.4836684,-0.05601011,0.007309732,-0.7184464,-0.115439415,-0.0069527794,-0.8716066,-0.15535572,-0.023337504,-0.99972767,-0.17421937,-0.048364535,-0.4401338,-0.071523346,-0.05199622,-0.53730714,-0.15404758,-0.020957394,-0.43574446,-0.16703591,-0.009289048,-0.35386434,-0.14884432,-0.111322,-0.36728194,-0.09144301,-0.1094854,-0.46991336,-0.1458858,-0.07754573,-0.4115175,-0.13363077,-0.06067664,-0.3473868,-0.10800774
V,Alan,Right,0.0,0.0,0.0,0.096354276,-0.09957242,-0.04904676,0.14785022,-0.24350397,-0.073269784,0.10404221,-0.3476385,-0.10055354,0.021499949,-0.392046,-0.12423201,0.1154791,-0.47989628,-0.031943526,0.16751772,-0.671889,-0.07844149,0.19635259,-0.7866112,-0.10891541,0.21430527,-0.8809391,-0.123693034,0.025743552,-0.48728794,-0.04391985,-0.0021066696,-0.72481763,-0.09843723,-0.015947293,-0.88071656,-0.13519897,-0.031288177,-0.9995104,-0.14928189,-0.049285393,-0.43313244,-0.061756667,-0.038975973,-0.49890277,-0.13875794,0.014924886,-0.41539797,-0.15719752,0.04512807,-0.3414191,-0.14178084,-0.107116796,-0.3506799,-0.082765795,-0.082773484,-0.41891676,-0.12950507,-0.026039887,-0.37771645,-0.120174855,0.012986261,-0.32878792,-0.097094916
V,Alan,Right,0.0,0.0,0.0,0.1068095,-0.08487137,-0.043455772,0.18024686,-0.21346906,-0.06755432,0.19015816,-0.32581258,-0.09678532,0.13682838,-0.39777523,-0.12278503,0.1267695,-0.45012483,-0.027205868,0.198662,-0.63956696,-0.071209945,0.24188334,-0.7492575,-0.10075264,0.27519804,-0.84438705,-0.11605997,0.053069577,-0.46980232,-0.041607782,0.045234982,-0.7196253,-0.096936055,0.05600194,-0.8740773,-0.13432735,0.06382166,-0.99796134,-0.15095733,-0.015866064,-0.43446192,-0.06141185,0.04556499,-0.5433295,-0.14171222,0.10805808,-0.44105867,-0.15733948,0.13329685,-0.34846634,-0.14088859,-0.07411336,-0.37223667,-0.08366441,-0.021784069,-0.4744233,-0.1345627,0.031248195,-0.4186721,-0.1242316,0.05795556,-0.34490407,-0.100858465
V,Alan,Right,0.0,0.0,0.0,0.12390295,-0.08692418,-0.03882617,0.20945227,-0.21425849,-0.0663796,0.24489598,-0.32976806,-0.10149453,0.20784697,-0.41886038,-0.1331363,0.14269093,-0.44645533,-0.03345055,0.22271155,-0.63505894,-0.081339926,0.27081656,-0.74232453,-0.11158754,0.30656904,-0.84638876,-0.12906747,0.07778548,-0.46264327,-0.055450406,0.09196839,-0.7207164,-0.12058866,0.11070035,-0.86847186,-0.16120799,0.11895376,-0.9928998,-0.18063383,0.01767881,-0.42734024,-0.08169013,0.09265048,-0.538827,-0.17225435,0.14019172,-0.40970573,-0.18069787,0.1482902,-0.30961505,-0.15710899,-0.028807228,-0.36220092,-0.11020676,0.033534363,-0.4863685,-0.16903155,0.08483729,-0.4072426,-0.15457669,0.101960056,-0.3143329,-0.1266779
V,Alan,Right,0.0,0.0,0.0,0.10100602,-0.055054132,-0.06883181,0.17578612,-0.18534376,-0.09872933,0.14429012,-0.2700434,-0.12791407,0.07376021,-0.32869095,-0.15140682,0.13537954,-0.46663198,-0.037824605,0.2022402,-0.6397921,-0.08435471,0.24596111,-0.73432964,-0.11274211,0.27421245,-0.8063293,-0.12479298,0.047394745,-0.49087706,-0.04209328,0.041260615,-0.72938806,-0.09838833,0.04615866,-0.88044107,-0.13386458,0.042401243,-0.9991007,-0.14469524,-0.033593785,-0.45159435,-0.05548015,0.0013406082,-0.50634986,-0.14557841,0.042734496,-0.3694408,-0.16454835,0.055974726,-0.27508503,-0.14396621,-0.10085941,-0.37934983,-0.07326294,-0.056417957,-0.4308354,-0.13398488,-0.011682465,-0.3447293,-0.1274452,0.008456439,-0.27326104,-0.10277656
V,Alan,Right,0.0,0.0,0.0,0.10044616,-0.07546353,-0.06538355,0.14932159,-0.21698211,-0.09514675,0.088783085,-0.2993446,-0.12504305,0.0066624074,-0.34634697,-0.15070036,0.11445065,-0.47307366,-0.048237912,0.16555178,-0.66041815,-0.09859285,0.19712944,-0.78214824,-0.13017172,0.2143511,-0.88865423,-0.14741646,0.026621405,-0.4844489,-0.056511737,0.00490065,-0.7227589,-0.118394636,-0.0077691395,-0.8749896,-0.15826565,-0.025534807,-0.99967396,-0.17525747,-0.048039485,-0.43602565,-0.07183881,-0.03432647,-0.5080376,-0.1618376,0.0063683894,-0.3848245,-0.17702484,0.02016147,-0.29513857,-0.15689826,-0.11160182,-0.35736763,-0.09171296,-0.084116146,-0.44022885,-0.1517585,-0.04425394,-0.3620422,-0.1407068,-0.027368728,-0.28707758,-0.11451149
V,Alan,Right,0.0,0.0,0.0,0.0717772,-0.09778452,-0.07027241,0.08440089,-0.2537968,-0.09899465,-0.017589217,-0.34892017,-0.12439032,-0.1130293,-0.39598244,-0.14444543,0.08931092,-0.480668,-0.04506683,0.123085134,-0.67955506,-0.094791315,0.14566992,-0.80584824,-0.12637171,0.1568359,-0.9121851,-0.14271499,0.0027085377,-0.4984703,-0.045149364,-0.027193958,-0.73623616,-0.09921796,-0.05192334,-0.88095164,-0.13282101,-0.07551345,-0.99714476,-0.14423826,-0.06307724,-0.45618412,-0.05380092,-0.09811412,-0.509729,-0.12939489,-0.07182476,-0.41153648,-0.1462401,-0.052612487,-0.33799416,-0.1302578,-0.11197048,-0.38547114,-0.068290606,-0.13284242,-0.4234205,-0.118332975,-0.104846425,-0.35773242,-0.11298027,-0.079585105,-0.30349723,-0.0921132
V,Alan,Right,0.0,0.0,0.0,0.049683046,-0.08799528,-0.09360562,0.029331917,-0.23765476,-0.13619253,-0.068293445,-0.33149567,-0.17062607,-0.16277017,-0.38997477,-0.19912323,0.044122905,-0.48548254,-0.08396214,0.061925083,-0.68254435,-0.1378277,0.06553635,-0.8094727,-0.17416044,0.063184164,-0.9184088,-0.19636641,-0.041099165,-0.49492195,-0.07634359,-0.08188255,-0.7161708,-0.14109898,-0.11909739,-0.8591496,-0.18975708,-0.15274136,-0.98826617,-0.21555407,-0.108757295,-0.4417058,-0.0770117,-0.16862422,-0.53434265,-0.16580096,-0.15879622,-0.4472616,-0.20211652,-0.1472819,-0.3787822,-0.20219587,-0.16017954,-0.36064154,-0.08376032,-0.24980237,-0.45417255,-0.1466038,-0.30354375,-0.48660597,-0.16495638,-0.35002068,-0.51696897,-0.16616485
V,Alan,Right,0.0,0.0,0.0,0.06662306,-0.11390782,-0.072495475,0.06527512,-0.27157015,-0.10291219,-0.038056307,-0.37331253,-0.12952052,-0.13278453,-0.43018433,-0.15013787,0.07604976,-0.48878813,-0.04546194,0.09506614,-0.6889245,-0.09419375,0.10081703,-0.8168472,-0.12737414,0.100976504,-0.9241453,-0.14637986,-0.015625317,-0.49812737,-0.044337884,-0.065423004,-0.73039615,-0.09919216,-0.10486562,-0.87401104,-0.13503209,-0.13713025,-0.990553,-0.14967288,-0.08197704,-0.45234138,-0.05172706,-0.12547655,-0.53155893,-0.13029668,-0.100600645,-0.44291696,-0.14931206,-0.080170944,-0.37172845,-0.13552794,-0.12888385,-0.3828119,-0.06477393,-0.16266292,-0.45737198,-0.119954064,-0.13917762,-0.40378746,-0.11730824,-0.114180595,-0.35026073,-0.098481484
V,Alan,Right,0.0,0.0,0.0,0.088023566,-0.09525243,-0.06139157,0.11810986,-0.2503882,-0.08880278,0.039506193,-0.36054438,-0.11547663,-0.04164978,-0.43046772,-0.13722216,0.10987849,-0.48108608,-0.04214089,0.15582171,-0.6740686,-0.087864354,0.18012515,-0.79340434,-0.11830019,0.19189465,-0.8945692,-0.13561869,0.021112287,-0.49446297,-0.04875765,-0.0069085625,-0.7315289,-0.10310503,-0.023793846,-0.87978846,-0.13924783,-0.04403152,-0.9990301,-0.15529263,-0.050832134,-0.44689658,-0.06205092,-0.053930443,-0.5531526,-0.13925077,-0.019617412,-0.46002463,-0.15194012,-0.007332393,-0.3823416,-0.13456656,-0.1109609,-0.37140778,-0.07978971,-0.11145293,-0.4802862,-0.13172333,-0.08062147,-0.43865737,-0.12208361,-0.063689366,-0.3862728,-0.09876961
V,Alan,Right,0.0,0.0,0.0,0.10039577,-0.085951075,-0.052535642,0.16516268,-0.22203399,-0.078949794,0.14439633,-0.33591554,-0.108062826,0.0839468,-0.41733873,-0.13308924,0.13389915,-0.47326466,-0.03544551,0.20135093,-0.6520085,-0.08155588,0.24095534,-0.761851,-0.11073398,0.26965362,-0.8593159,-0.12519372,0.05208204,-0.48818067,-0.04736082,0.047526464,-0.7332055,-0.10402252,0.048170578,-0.8798339,-0.13894548,0.043383777,-0.9990585,-0.15238248,-0.023595955,-0.44583687,-0.065382645,0.02289938,-0.53355753,-0.14834835,0.06221081,-0.4151692,-0.15709989,0.070601985,-0.32026213,-0.13379122,-0.08974148,-0.37705547,-0.08696247,-0.04748984,-0.48368758,-0.13718198,-0.005257239,-0.42588308,-0.119323626,0.012445068,-0.3576145,-0.08956413
V,Alan,Right,0.0,0.0,0.0,0.11403811,-0.07872821,-0.04718384,0.18911299,-0.19797137,-0.076733455,0.19301505,-0.300566,-0.11136362,0.13973401,-0.38185814,-0.14349473,0.1567188,-0.46147057,-0.039407857,0.23573355,-0.63885874,-0.08792644,0.28086716,-0.74340063,-0.120542854,0.31726298,-0.83922243,-0.13844009,0.079650395,-0.4791922,-0.056262076,0.08260094,-0.72373676,-0.117513776,0.08958827,-0.87298626,-0.15794341,0.09340062,-0.9956286,-0.17675191,0.005500215,-0.43910053,-0.077888414,0.06496449,-0.5328317,-0.16718446,0.10740947,-0.412035,-0.17987795,0.11744081,-0.31506604,-0.15923433,-0.056009036,-0.36830333,-0.10193074,-0.0065814382,-0.4811149,-0.16117439,0.04145048,-0.40427884,-0.14643967,0.062010966,-0.3121423,-0.11746913
V,Alan,Right,0.0,0.0,0.0,0.11397454,-0.07532344,-0.051007308,0.19115405,-0.19591476,-0.08017884,0.19031444,-0.29844487,-0.113085315,0.13200235,-0.37133658,-0.14268816,0.15374836,-0.47281367,-0.03480487,0.230473,-0.6458405,-0.078487836,0.2746319,-0.75292534,-0.10917514,0.3086918,-0.8524515,-0.12665437,0.075725906,-0.48769748,-0.04978555,0.07757047,-0.72989017,-0.105777346,0.085202105,-0.8753584,-0.14417292,0.08695704,-0.99621207,-0.16165464,0.0013296178,-0.44505098,-0.07021076,0.063366465,-0.52534205,-0.15678796,0.10228056,-0.39890388,-0.16960715,0.10604061,-0.30255756,-0.14885022,-0.06430768,-0.37104326,-0.09344512,-0.0069644363,-0.47289962,-0.14965557,0.033808433,-0.3936672,-0.1339061,0.045624167,-0.3069241,-0.10477239
V,Alan,Right,0.0,0.0,0.0,0.09481163,-0.08999503,-0.059219223,0.13482042,-0.23068161,-0.0868943,0.07326038,-0.31519723,-0.11506135,-0.0031123003,-0.3684443,-0.13892463,0.11181021,-0.48446688,-0.04019227,0.16406098,-0.66628796,-0.08750131,0.19541074,-0.7837408,-0.11956015,0.21379828,-0.88483363,-0.1372361,0.022970188,-0.49357823,-0.0489256,-0.005689023,-0.72705483,-0.10467598,-0.0237948,-0.87562335,-0.14275524,-0.042898666,-0.9990794,-0.15977032,-0.05311436,-0.44274187,-0.064060904,-0.038266562,-0.52803546,-0.14498615,-0.0011523125,-0.416039,-0.15765041,0.010310113,-0.33179376,-0.13861613,-0.116966575,-0.36374137,-0.083194144,-0.09858136,-0.44977626,-0.13695486,-0.06160162,-0.37457806,-0.12341107,-0.044821262,-0.30422428,-0.09624114
V,Alan,Right,0.0,0.0,0.0,0.08216918,-0.09875832,-0.063718684,0.10712661,-0.24764892,-0.09113034,0.017906912,-0.3515528,-0.11755542,-0.07364122,-0.41098118,-0.13936695,0.10971561,-0.47406474,-0.040606312,0.13985388,-0.6690221,-0.09144635,0.15852557,-0.79282904,-0.124788195,0.1666925,-0.8976583,-0.14214727,0.020791885,-0.49200955,-0.044469822,-0.01805457,-0.72994936,-0.10202635,-0.04426839,-0.8788833,-0.13892509,-0.06920258,-0.99760264,-0.15297388,-0.04992383,-0.44769874,-0.056162596,-0.07387856,-0.51577544,-0.13431709,-0.043350883,-0.42556912,-0.15179858,-0.024684114,-0.35554755,-0.13595681,-0.10601932,-0.3776273,-0.072675146,-0.119407535,-0.4514935,-0.12062356,-0.09087216,-0.40005046,-0.11227467,-0.067311764,-0.350264,-0.089900665
V,Alan,Right,0.0,0.0,0.0,0.06446052,-0.12860197,-0.0717984,0.05724402,-0.29410973,-0.10133343,-0.041556694,-0.40723318,-0.12789106,-0.13512704,-0.4758151,-0.14902887,0.080939755,-0.5085627,-0.043965906,0.10292921,-0.71149,-0.09201146,0.103976674,-0.8416507,-0.12559004,0.09811644,-0.9511772,-0.1456884,-0.012440764,-0.51206976,-0.04361081,-0.06338737,-0.74228853,-0.09905828,-0.104652934,-0.87790596,-0.13556182,-0.14106734,-0.99,-0.15153122,-0.08216202,-0.46139744,-0.05175603,-0.13073513,-0.55410784,-0.1321463,-0.09629322,-0.4642317,-0.15180413,-0.06853404,-0.39028817,-0.13903035,-0.13228086,-0.38839278,-0.06539478,-0.16849075,-0.48352793,-0.12100327,-0.1448183,-0.43889666,-0.11878901,-0.11837945,-0.3884455,-0.10130272
V,Alan,Right,0.0,0.0,0.0,0.08769554,-0.09991242,-0.058606636,0.121310756,-0.25381923,-0.08469057,0.042462453,-0.3604855,-0.111586,-0.038349066,-0.42327005,-0.13375933,0.12094039,-0.48632234,-0.0318332,0.15958987,-0.6730749,-0.07863637,0.18404317,-0.79026186,-0.111498386,0.19675724,-0.88929373,-0.12960526,0.032103766,-0.5003255,-0.039687492,-0.0010139935,-0.7354788,-0.09401169,-0.025027616,-0.87916416,-0.1313537,-0.05295695,-0.9985968,-0.1473695,-0.03908735,-0.457139,-0.054879505,-0.047395248,-0.54504174,-0.13121428,-0.0086928,-0.45050606,-0.14596525,0.008926086,-0.37517866,-0.12971891,-0.097013615,-0.38653862,-0.0748737,-0.09958357,-0.48451182,-0.122107714,-0.067931116,-0.43594417,-0.110954314,-0.049148344,-0.38051337,-0.087416574
V,Alan,Right,0.0,0.0,0.0,0.092352405,-0.08919794,-0.059557214,0.133727,-0.24145296,-0.08340811,0.06748759,-0.3665869,-0.10796013,-0.0064250706,-0.44740498,-0.1272641,0.16129811,-0.46807742,-0.030041356,0.22347564,-0.6600846,-0.07303057,0.25817576,-0.7764973,-0.10152793,0.2786535,-0.8734937,-0.11616661,0.07377847,-0.49489188,-0.035775576,0.057118822,-0.7333249,-0.08852963,0.04259509,-0.8811351,-0.1238216,0.026952965,-0.9996367,-0.13762306,-0.0015429929,-0.4641411,-0.049301833,-0.00047226733,-0.5596971,-0.1249857,0.01800295,-0.46110505,-0.14102703,0.0224552,-0.3832699,-0.124406375,-0.063769214,-0.40644535,-0.06716938,-0.06240069,-0.5169357,-0.11400967,-0.03931864,-0.4702537,-0.1042576,-0.02586676,-0.4154384,-0.080614634
V,Alan,Right,0.0,0.0,0.0,0.10562993,-0.09049626,-0.043327894,0.15970579,-0.23774508,-0.062561914,0.122907415,-0.35028645,-0.08505584,0.06510094,-0.42767808,-0.104041785,0.15226208,-0.46580485,-0.028025797,0.23108067,-0.63963586,-0.07265296,0.27886066,-0.7538344,-0.10312809,0.3097311,-0.85019225,-0.11885153,0.06684262,-0.4918135,-0.040339038,0.072716855,-0.7258312,-0.092816345,0.07679206,-0.87760603,-0.12778516,0.071296625,-0.9974552,-0.14234772,-0.012828919,-0.4592704,-0.057722226,0.006608282,-0.5471417,-0.1320929,0.047638778,-0.44029275,-0.14359188,0.062040005,-0.3496777,-0.124949895,-0.08200426,-0.39306134,-0.078105375,-0.044393778,-0.48304987,-0.126477,0.0026598086,-0.42278162,-0.11384222,0.027401742,-0.3542659,-0.08806113
V,Alan,Right,0.0,0.0,0.0,0.11415595,-0.079000615,-0.05262617,0.18865961,-0.20365594,-0.08119965,0.18756689,-0.32531816,-0.112812504,0.12776454,-0.40931514,-0.14119461,0.14339744,-0.44375193,-0.040613238,0.2284098,-0.630292,-0.08894991,0.2762852,-0.7358803,-0.11917259,0.31360427,-0.8285509,-0.13334419,0.06391132,-0.4663319,-0.052419767,0.06299459,-0.7176698,-0.11351319,0.067667164,-0.8737253,-0.15451589,0.0669152,-0.9977587,-0.17134763,-0.013047853,-0.4306182,-0.06950435,0.05295557,-0.5218105,-0.15795235,0.117536575,-0.41490397,-0.1767038,0.14508764,-0.3213689,-0.15905169,-0.07866215,-0.36752054,-0.08895554,-0.025256883,-0.46866018,-0.14096335,0.02801182,-0.4232138,-0.12837219,0.055445183,-0.35962373,-0.10228801
V,Alan,Right,0.0,0.0,0.0,0.12897144,-0.069065526,-0.044699393,0.20924217,-0.19319178,-0.06959662,0.21794331,-0.30614436,-0.1007902,0.18155013,-0.40607604,-0.12686153,0.17606774,-0.46965173,-0.024795596,0.25592285,-0.6530706,-0.06131987,0.2994077,-0.75305015,-0.08395649,0.3316803,-0.84225124,-0.09734357,0.09589133,-0.49121457,-0.042412426,0.096334696,-0.7425355,-0.094270386,0.10978413,-0.8838551,-0.12755279,0.113388106,-0.9935508,-0.1421691,0.017666373,-0.45281217,-0.06636385,0.07373144,-0.5613385,-0.15205109,0.13056639,-0.41915628,-0.16671091,0.14778008,-0.3083623,-0.14894064,-0.044963498,-0.3761491,-0.092754155,0.021822566,-0.47521463,-0.15501544,0.078636825,-0.3951709,-0.15070766,0.101920515,-0.30971086,-0.13038123
V,Alan,Right,0.0,0.0,0.0,0.097872846,-0.09185691,-0.044376004,0.15155208,-0.23337513,-0.06600002,0.11970289,-0.3342739,-0.091590084,0.05792497,-0.3934895,-0.11275062,0.10334288,-0.47645676,-0.030880839,0.16176583,-0.66304946,-0.07366741,0.19371699,-0.7813077,-0.09933582,0.21328478,-0.88104755,-0.11147063,0.015570142,-0.48429248,-0.046204697,0.00022008663,-0.7264802,-0.10165276,-0.0065132002,-0.88067305,-0.13626738,-0.017664555,-0.99984396,-0.14774697,-0.059092004,-0.43198887,-0.0669196,-0.008566504,-0.5104841,-0.15463986,0.0574024,-0.40539885,-0.17715454,0.09021559,-0.31548342,-0.16104607,-0.11486835,-0.34756023,-0.08951469,-0.048802145,-0.41064262,-0.15100029,0.023418583,-0.35492253,-0.15189022,0.07327431,-0.29319364,-0.13293476
V,Alan,Right,0.0,0.0,0.0,0.08927681,-0.108877644,-0.06161513,0.123383075,-0.271772,-0.08633801,0.05036401,-0.36513212,-0.110623024,-0.03509715,-0.410233,-0.1305923,0.07226828,-0.5051397,-0.038797975,0.10447257,-0.70268404,-0.082665056,0.12340578,-0.8255373,-0.112526335,0.13073829,-0.93011695,-0.12920783,-0.017051624,-0.49914238,-0.045130245,-0.06627473,-0.7346035,-0.09606412,-0.09313875,-0.87914115,-0.12995751,-0.12149564,-0.992592,-0.14482711,-0.08641463,-0.43668383,-0.0585297,-0.08266991,-0.5396693,-0.13547203,-0.03245751,-0.44319275,-0.14704032,-0.0124158515,-0.36072987,-0.12844442,-0.1401501,-0.34784493,-0.076338895,-0.12883525,-0.4567348,-0.1275746,-0.082994945,-0.40174457,-0.11432648,-0.06042589,-0.33483353,-0.08852552
V,Alan,Right,0.0,0.0,0.0,0.08485822,-0.1141364,-0.05803002,0.11155401,-0.27683482,-0.08150655,0.033589486,-0.38546324,-0.10559359,-0.05080387,-0.44854626,-0.12524171,0.09503161,-0.50289714,-0.031290025,0.13066031,-0.70300716,-0.07463667,0.15047686,-0.8244729,-0.10292551,0.16101834,-0.9265845,-0.11719576,0.008517135,-0.50735,-0.037742514,-0.034134004,-0.7388655,-0.09029028,-0.05964516,-0.882719,-0.12547575,-0.085475795,-0.9963403,-0.13925782,-0.061561283,-0.4550099,-0.051505085,-0.066642135,-0.5409361,-0.12862481,-0.025020413,-0.44798955,-0.14477566,-0.0053959084,-0.3709176,-0.12805124,-0.11593829,-0.380758,-0.06929403,-0.12189033,-0.48543885,-0.11717112,-0.08582342,-0.44304246,-0.10738788,-0.062283326,-0.3902165,-0.083811365
V,Alan,Right,0.0,0.0,0.0,0.074599296,-0.11191799,-0.06736665,0.083403856,-0.26581955,-0.09590508,-0.006863743,-0.36560678,-0.12261608,-0.0968905,-0.42481038,-0.14462176,0.08209417,-0.4952577,-0.045211304,0.11805611,-0.6923289,-0.092895955,0.13198473,-0.81713223,-0.12475567,0.13494283,-0.92365396,-0.14221908,-0.0064497413,-0.50449634,-0.047036663,-0.049138714,-0.73395777,-0.10244194,-0.079623796,-0.877608,-0.13830525,-0.107787885,-0.99417394,-0.15246032,-0.07624818,-0.45483598,-0.056417346,-0.10173506,-0.5386302,-0.13432063,-0.0657326,-0.4450315,-0.15044734,-0.04455514,-0.3705129,-0.13378517,-0.12977627,-0.38281605,-0.07086366,-0.1497196,-0.47401038,-0.12106568,-0.11947632,-0.42443383,-0.112810574,-0.09533886,-0.36963105,-0.089795046
V,Alan,Left,0.0,0.0,0.0,-0.11086052,-0.070854105,-0.043031193,-0.16963464,-0.23120637,-0.065854035,-0.11682165,-0.3639765,-0.09422444,-0.058108296,-0.4461365,-0.12013845,-0.22426149,-0.4498733,-0.027093805,-0.2890244,-0.6391252,-0.06401918,-0.3237971,-0.75192344,-0.085353985,-0.35080284,-0.84591544,-0.09789623,-0.13707252,-0.4751197,-0.04344472,-0.14530236,-0.7087528,-0.08704485,-0.14598767,-0.86414486,-0.11574828,-0.1390677,-0.9902829,-0.12753348,-0.051849227,-0.438894,-0.066624515,-0.056588612,-0.50671923,-0.12954776,-0.06527429,-0.37588072,-0.13744661,-0.066360086,-0.29606298,-0.1215709,0.023617163,-0.37355247,-0.093903445,0.007854424,-0.4418536,-0.13534954,-0.012412654,-0.34687015,-0.122599,-0.02324453,-0.27784234,-0.10142686
V,Alan,Left,0.0,0.0,0.0,-0.11274584,-0.07777799,-0.037931196,-0.17267078,-0.2369829,-0.05821807,-0.124201074,-0.37038964,-0.08517812,-0.07034487,-0.45929423,-0.11020646,-0.23041731,-0.44498122,-0.021715648,-0.30376565,-0.63762313,-0.056876518,-0.3430777,-0.75011957,-0.07634493,-0.3738551,-0.84572715,-0.087092444,-0.14495929,-0.4731054,-0.038814,-0.158917,-0.71061915,-0.07811021,-0.16233782,-0.86526436,-0.10524868,-0.15679422,-0.9876313,-0.11664473,-0.060605217,-0.44141003,-0.062421154,-0.06937471,-0.5123718,-0.12021252,-0.07791778,-0.39307112,-0.13059816,-0.07682182,-0.31619674,-0.11818865,0.014088169,-0.3817194,-0.08968382,-0.004339512,-0.44207147,-0.12673266,-0.023797505,-0.35284516,-0.11528745,-0.031448547,-0.2866582,-0.09624199
V,Alan,Left,0.0,0.0,0.0,-0.11972685,-0.062374078,-0.028393637,-0.20179103,-0.22332355,-0.043163553,-0.20078956,-0.37749034,-0.06323309,-0.1949505,-0.49374354,-0.0807628,-0.21507628,-0.4386877,-0.023418846,-0.30331522,-0.6249703,-0.06317802,-0.352305,-0.7429439,-0.081807755,-0.38725272,-0.84626174,-0.09220382,-0.13048452,-0.4758565,-0.04273343,-0.14730774,-0.70514935,-0.08880498,-0.1527326,-0.85425687,-0.115301006,-0.1505804,-0.98859775,-0.12530735,-0.045192823,-0.45941785,-0.06684168,-0.10136209,-0.51634604,-0.12792711,-0.10952882,-0.4212001,-0.13673271,-0.09246656,-0.3720595,-0.12610567,0.034535438,-0.4182241,-0.09364561,-0.035103492,-0.4177072,-0.139154,-0.06696093,-0.3335894,-0.13462125,-0.07501879,-0.28639448,-0.12089956
V,Alan,Left,0.0,0.0,0.0,-0.13107502,-0.07615,-0.016184801,-0.23838064,-0.19349898,-0.035026386,-0.2966579,-0.27665326,-0.06547378,-0.3170993,-0.35396877,-0.09520346,-0.23776366,-0.43342328,-0.022302557,-0.3273958,-0.60715705,-0.06313603,-0.37265006,-0.70867807,-0.08392577,-0.40273675,-0.8029163,-0.09396885,-0.1502855,-0.46506894,-0.050558582,-0.18443781,-0.7046604,-0.09696309,-0.20394558,-0.8547399,-0.12615436,-0.21007694,-0.97768486,-0.13781272,-0.059494648,-0.44975895,-0.081875704,-0.13699876,-0.5075777,-0.14358775,-0.16567826,-0.38412368,-0.1515875,-0.16377462,-0.28838718,-0.13700026,0.024881486,-0.40504614,-0.11430905,-0.05489558,-0.4394457,-0.14942181,-0.10122414,-0.35588115,-0.13662407,-0.1203032,-0.28254402,-0.116997495
V,Alan,Left,0.0,0.0,0.0,-0.08019749,-0.109515086,-0.05912751,-0.09401749,-0.27923006,-0.0828842,-0.0021462538,-0.4062043,-0.10464938,0.07236042,-0.46422142,-0.12065439,-0.16695197,-0.47590563,-0.038699593,-0.2111343,-0.67537576,-0.07360265,-0.2379244,-0.7953397,-0.094663754,-0.26130614,-0.8966343,-0.10684215,-0.08105381,-0.49413934,-0.039179586,-0.06158568,-0.7286703,-0.07752119,-0.038756263,-0.8790684,-0.1024091,-0.015236135,-0.99988395,-0.111632176,-0.00031368926,-0.45178917,-0.047597513,0.046120767,-0.51076066,-0.10437425,0.026003683,-0.39858177,-0.114983425,0.005849695,-0.32312825,-0.10067864,0.07012925,-0.38441277,-0.061820984,0.113196164,-0.44985378,-0.10162054,0.098191306,-0.39028326,-0.096688986,0.07914368,-0.34061384,-0.080533974
V,Alan,Left,0.0,0.0,0.0,-0.096630216,-0.09625392,-0.05461447,-0.12788399,-0.26849034,-0.07796205,-0.047311418,-0.4088308,-0.10151964,0.034011513,-0.48243475,-0.121219195,-0.19660214,-0.44650394,-0.03287951,-0.2621327,-0.6416177,-0.06724247,-0.29652393,-0.7605717,-0.08568788,-0.324723,-0.85612804,-0.09473228,-0.107300654,-0.47211975,-0.036039956,-0.097536236,-0.7150923,-0.0747355,-0.09008041,-0.87118775,-0.09962909,-0.081079535,-0.9967076,-0.10796945,-0.02573963,-0.43822667,-0.047268704,6.8588844e-05,-0.51142883,-0.10639005,-0.013268776,-0.40777186,-0.12165899,-0.021487294,-0.34101635,-0.109672934,0.041110374,-0.3796644,-0.06287354,0.054990463,-0.45145875,-0.100500435,0.03445332,-0.38350525,-0.09545038,0.019916764,-0.33213198,-0.079765536
V,Alan,Left,0.0,0.0,0.0,-0.11758775,-0.071273744,-0.031634122,-0.19150724,-0.2202715,-0.05625122,-0.17108016,-0.35134512,-0.08752387,-0.12476423,-0.44259536,-0.116216086,-0.19326396,-0.46136886,-0.02813818,-0.25674173,-0.64519376,-0.07261927,-0.2902158,-0.75781655,-0.09600067,-0.31230047,-0.85357505,-0.107689194,-0.095008366,-0.49086115,-0.048628468,-0.1001818,-0.7218376,-0.09601375,-0.112749234,-0.86983997,-0.1225327,-0.122234054,-0.9925013,-0.13104841,-0.002517744,-0.46237582,-0.07456284,-0.06613137,-0.50309265,-0.13836344,-0.09257193,-0.39162272,-0.14576662,-0.09167634,-0.3166264,-0.12952232,0.07534641,-0.40005007,-0.103181094,-0.003402732,-0.40606216,-0.14350171,-0.04758663,-0.3151188,-0.13258262,-0.06274727,-0.24773856,-0.11240371
V,Alan,Left,0.0,0.0,0.0,-0.11945749,-0.08406168,-0.024918672,-0.19521356,-0.21917546,-0.05166469,-0.20671745,-0.34558013,-0.08924593,-0.15141946,-0.41796765,-0.1240051,-0.12459494,-0.44557786,-0.025111185,-0.18581435,-0.63043827,-0.070937425,-0.21761253,-0.7365463,-0.09486991,-0.23214114,-0.83110327,-0.10601038,-0.049001113,-0.47250813,-0.052792154,-0.08470022,-0.71496207,-0.10650621,-0.105096154,-0.868042,-0.13790195,-0.11522458,-0.9933395,-0.14879146,0.021655556,-0.44941077,-0.084983684,-0.09437049,-0.4944443,-0.1577115,-0.1415394,-0.37780088,-0.17056854,-0.15277833,-0.2834408,-0.15512952,0.066070735,-0.39766234,-0.119706355,-0.040954527,-0.4261647,-0.16047627,-0.10455842,-0.36849788,-0.153756,-0.13906766,-0.3122854,-0.1374117
V,Alan,Left,0.0,0.0,0.0,-0.122233674,-0.083059795,-0.02988734,-0.20412102,-0.2071552,-0.061496366,-0.22137661,-0.325084,-0.103340924,-0.16219856,-0.3691536,-0.1419444,-0.13704056,-0.468724,-0.03339765,-0.20831196,-0.65872085,-0.086067565,-0.24908042,-0.77339476,-0.11391956,-0.26822495,-0.8775424,-0.12815769,-0.0575383,-0.49821872,-0.05941112,-0.11330116,-0.7177069,-0.11494412,-0.14126228,-0.8614442,-0.14384316,-0.15633099,-0.98770475,-0.15276359,0.014263793,-0.47261012,-0.09078,-0.11709606,-0.47438356,-0.15752997,-0.14641881,-0.35907978,-0.16524278,-0.13972396,-0.28051195,-0.14746554,0.058962315,-0.41107592,-0.12671809,-0.06687513,-0.39523214,-0.15886931,-0.1173966,-0.32742205,-0.14916494,-0.13419129,-0.2753214,-0.13128102
V,Alan,Left,0.0,0.0,0.0,-0.116440974,-0.07174091,-0.03629565,-0.19959274,-0.20595758,-0.06967558,-0.18804356,-0.31444508,-0.1112814,-0.12325291,-0.36346036,-0.15083332,-0.14342763,-0.48370495,-0.051271077,-0.21355262,-0.67862123,-0.10372057,-0.25502235,-0.7986573,-0.13231437,-0.28086084,-0.9035524,-0.1481245,-0.051037982,-0.5023086,-0.07386557,-0.08899334,-0.7256378,-0.13332263,-0.11003007,-0.87132454,-0.16857395,-0.1219708,-0.9925337,-0.18223545,0.030196013,-0.46763265,-0.10002101,-0.08452344,-0.4755845,-0.17118187,-0.12033008,-0.35107088,-0.18201338,-0.1225799,-0.25702262,-0.16590045,0.08435986,-0.4021521,-0.13012269,-0.025953956,-0.39889723,-0.16985853,-0.08066948,-0.32477403,-0.16145228,-0.10298014,-0.26166213,-0.14299354
V,Alan,Left,0.0,0.0,0.0,-0.117415056,-0.074501455,-0.027879631,-0.2116427,-0.20552957,-0.057301745,-0.20020229,-0.29724395,-0.0957708,-0.12808757,-0.316269,-0.13287218,-0.16336468,-0.4839827,-0.049037777,-0.22924404,-0.6863243,-0.0968352,-0.26663262,-0.8073522,-0.12347984,-0.29028237,-0.91229916,-0.13961692,-0.06818205,-0.50332457,-0.07395234,-0.10575394,-0.7157832,-0.12506998,-0.12324542,-0.8655347,-0.15633292,-0.12975946,-0.9915455,-0.1706107,0.020255389,-0.4662242,-0.10188732,-0.07042991,-0.46573928,-0.15968679,-0.11358621,-0.36651525,-0.1715444,-0.1257543,-0.28779167,-0.16112158,0.087096035,-0.39464903,-0.133628,-0.0042752665,-0.3943754,-0.16562754,-0.060837552,-0.34797907,-0.15989192,-0.090792626,-0.3060563,-0.1464659
V,Alan,Left,0.0,0.0,0.0,-0.12010043,-0.076372996,-0.0306218,-0.2089243,-0.20220979,-0.061657388,-0.19297208,-0.28196028,-0.099694744,-0.1317267,-0.31132787,-0.13886783,-0.19305578,-0.48321822,-0.059616182,-0.25293306,-0.6871794,-0.107492164,-0.2923443,-0.8113299,-0.13288091,-0.32245633,-0.9183608,-0.14859343,-0.09335772,-0.49825737,-0.08327393,-0.09789045,-0.7210902,-0.13501154,-0.10695474,-0.8675845,-0.16448462,-0.11393766,-0.9934879,-0.17826632,-0.005029924,-0.46206355,-0.10944827,-0.07390847,-0.48130557,-0.16970432,-0.09959973,-0.3893025,-0.18384552,-0.10017481,-0.32479793,-0.1773517,0.06461919,-0.39658052,-0.13868335,-0.022584971,-0.3828836,-0.17475341,-0.06533223,-0.3041606,-0.16849558,-0.07797159,-0.24550588,-0.15524149
V,Alan,Left,0.0,0.0,0.0,-0.100987606,-0.06956211,-0.041823816,-0.15609239,-0.21937114,-0.07017711,-0.09042217,-0.32728922,-0.103640996,-0.0130635165,-0.38674238,-0.13652937,-0.16697651,-0.45574304,-0.056061365,-0.22742075,-0.67032635,-0.10601931,-0.25764775,-0.8102815,-0.13325799,-0.27873394,-0.92620397,-0.14990635,-0.07576666,-0.4760403,-0.076289594,-0.073015794,-0.71396816,-0.13260062,-0.05540352,-0.87071747,-0.16761407,-0.035453264,-0.99937135,-0.182945,0.010117067,-0.43756425,-0.100531705,-0.00015871742,-0.4728148,-0.16849726,-0.022157585,-0.35814738,-0.17823158,-0.030108586,-0.2796506,-0.16430621,0.08142424,-0.36955634,-0.12868853,0.05195891,-0.39574015,-0.17453703,0.01912036,-0.31009078,-0.16379234,0.0014400099,-0.24380839,-0.14389926
V,Alan,Left,0.0,0.0,0.0,-0.084475175,-0.09393118,-0.062436122,-0.10015293,-0.26575172,-0.089022815,-0.008083316,-0.3894823,-0.114148006,0.06398641,-0.45871723,-0.13476753,-0.14414601,-0.4758368,-0.046371974,-0.1795234,-0.6736026,-0.091072574,-0.19581217,-0.7965528,-0.11657557,-0.20795834,-0.8980861,-0.13071531,-0.060605057,-0.49013937,-0.05090753,-0.03417455,-0.7234094,-0.1003135,-0.008919569,-0.87510914,-0.13029496,0.016617749,-0.9998619,-0.14167874,0.012476103,-0.44539255,-0.06416347,0.046595432,-0.48889616,-0.13237162,0.023782449,-0.37466073,-0.1453087,0.005805886,-0.3097033,-0.13158144,0.07319659,-0.37181145,-0.083155654,0.09506538,-0.41455787,-0.13021919,0.068844825,-0.3304187,-0.124979556,0.045113854,-0.27481058,-0.108276315
V,Alan,Left,0.0,0.0,0.0,-0.086425945,-0.08486327,-0.06519548,-0.110950366,-0.23657885,-0.09862563,-0.025763981,-0.3425968,-0.13091111,0.046858817,-0.4133911,-0.15830372,-0.14114532,-0.49840862,-0.05486725,-0.17233847,-0.70375216,-0.09880793,-0.18921302,-0.8256357,-0.12303424,-0.20175116,-0.93017,-0.13718392,-0.05350899,-0.5150322,-0.058667984,-0.020178065,-0.73983306,-0.10635148,0.016316805,-0.8836689,-0.1349417,0.049465857,-0.99877584,-0.14587367,0.020982074,-0.47155577,-0.07071011,0.05732221,-0.48219916,-0.1301494,0.03297477,-0.36532038,-0.14132446,0.010856969,-0.30245474,-0.1300357,0.079466134,-0.4000611,-0.089750014,0.0992395,-0.3821078,-0.12836678,0.071279585,-0.29064223,-0.12381198,0.04628472,-0.24381323,-0.10992217
V,Alan,Left,0.0,0.0,0.0,-0.08218765,-0.08469378,-0.080351815,-0.09512152,-0.22401097,-0.11322608,0.009397116,-0.32270494,-0.13837667,0.09966423,-0.37802505,-0.15518278,-0.14269981,-0.49061456,-0.06518642,-0.16135094,-0.6954299,-0.11247389,-0.1661844,-0.82330674,-0.13857181,-0.17046379,-0.9338061,-0.15293302,-0.051387623,-0.50815296,-0.06301754,-0.01124159,-0.7318268,-0.11126014,0.029502826,-0.8748561,-0.13584802,0.06619777,-0.99780655,-0.14247791,0.026192734,-0.46290737,-0.072082855,0.09412708,-0.4929049,-0.14291783,0.07582739,-0.36537236,-0.15680353,0.047313,-0.30001506,-0.14136706,0.09383876,-0.38159296,-0.08864613,0.14927877,-0.40541765,-0.13871017,0.13011234,-0.33414626,-0.13767849,0.094834335,-0.28613752,-0.122523904
V,Alan,Left,0.0,0.0,0.0,-0.087687016,-0.08992998,-0.063366294,-0.11387726,-0.25399774,-0.09548608,-0.02820751,-0.38487375,-0.12565382,0.044516273,-0.46687007,-0.15103173,-0.17069419,-0.46106488,-0.05024222,-0.21170633,-0.6609594,-0.094983526,-0.23062496,-0.783533,-0.12285284,-0.24555057,-0.8833663,-0.13898142,-0.08381914,-0.48158783,-0.05294339,-0.067655735,-0.71772456,-0.0996423,-0.050902195,-0.8696812,-0.13051265,-0.03397523,-0.99942267,-0.14389014,-0.0056464258,-0.44056088,-0.06357834,0.031091508,-0.5091258,-0.1274214,0.014285968,-0.40224674,-0.13928628,-0.0016799455,-0.33087346,-0.12587833,0.06183104,-0.37003788,-0.07973856,0.092605285,-0.44075105,-0.12326835,0.0765391,-0.37911904,-0.116925456,0.05727913,-0.32884845,-0.0995598
V,Alan,Left,0.0,0.0,0.0,-0.11120526,-0.0610674,-0.047666244,-0.1729081,-0.22853975,-0.069985844,-0.11336305,-0.3706464,-0.09712537,-0.046508383,-0.45112893,-0.12293774,-0.21782891,-0.43756506,-0.030091632,-0.2792753,-0.6317577,-0.068126835,-0.3127227,-0.75127804,-0.091622055,-0.3381444,-0.8501202,-0.10625702,-0.13419043,-0.46726245,-0.04438769,-0.14921696,-0.7020652,-0.09009935,-0.15769961,-0.8592662,-0.12179343,-0.15738533,-0.98753726,-0.13563484,-0.05280371,-0.43715099,-0.06592729,-0.061605338,-0.51553303,-0.13397337,-0.073160395,-0.3859662,-0.14596982,-0.07345205,-0.2999956,-0.13138053,0.016245648,-0.37562528,-0.091736756,-0.006063071,-0.45788896,-0.14136732,-0.02564751,-0.36060172,-0.13376893,-0.03255057,-0.28299877,-0.114711136
V,Alan,Left,0.0,0.0,0.0,-0.10208248,-0.061845925,-0.04589184,-0.1702293,-0.19399646,-0.07797526,-0.10320695,-0.28883457,-0.11482331,-0.019976037,-0.343924,-0.15096071,-0.19451347,-0.44271794,-0.056322444,-0.25442275,-0.63418275,-0.10693853,-0.29050133,-0.75738823,-0.1360818,-0.31691673,-0.861864,-0.15391468,-0.10871275,-0.47024688,-0.073514566,-0.12555704,-0.70100826,-0.12822476,-0.13425758,-0.8575018,-0.16342771,-0.13359877,-0.9910355,-0.18001334,-0.022552298,-0.4425903,-0.09553873,-0.043230437,-0.46854994,-0.16192208,-0.060026247,-0.34265003,-0.17453922,-0.06131349,-0.25950316,-0.16254076,0.05303789,-0.3850722,-0.122303724,0.014095538,-0.3834173,-0.16669156,-0.014159655,-0.28863192,-0.16087146,-0.023237428,-0.22298881,-0.1445998
V,Alan,Left,0.0,0.0,0.0,-0.099237144,-0.054474607,-0.047290824,-0.16913047,-0.17865899,-0.08032572,-0.10566642,-0.26420444,-0.1179137,-0.019586788,-0.31382352,-0.15535201,-0.17599918,-0.42749152,-0.05772537,-0.23593834,-0.6133483,-0.1115812,-0.27130777,-0.7295511,-0.14312236,-0.30041385,-0.83042085,-0.16204335,-0.09632287,-0.4568224,-0.07481232,-0.11929429,-0.6887821,-0.13312072,-0.12928364,-0.8514819,-0.17104612,-0.1317557,-0.9912822,-0.18879263,-0.016256865,-0.4301034,-0.09695366,-0.039499417,-0.46851903,-0.16873153,-0.050837662,-0.34625596,-0.18505391,-0.052071203,-0.25714406,-0.17370854,0.057624217,-0.37233236,-0.12345136,0.026529318,-0.37897375,-0.17251794,0.0018065423,-0.28657523,-0.1690736,-0.010762167,-0.21378258,-0.15324181
V,Alan,Left,0.0,0.0,0.0,-0.107950486,-0.06896027,-0.051591817,-0.16565141,-0.21531522,-0.08452207,-0.10498258,-0.3380711,-0.12188148,-0.03134765,-0.40952426,-0.15705515,-0.21011771,-0.44205543,-0.052451532,-0.2858424,-0.6344377,-0.102691,-0.3196681,-0.75068337,-0.13009444,-0.34450203,-0.8549483,-0.1451672,-0.12049753,-0.47330117,-0.067536965,-0.13646157,-0.7192866,-0.11888729,-0.1402224,-0.8668676,-0.14713806,-0.13497621,-0.99084884,-0.15753451,-0.030577479,-0.44475353,-0.08946706,-0.047238607,-0.48704764,-0.155439,-0.060873114,-0.3644885,-0.16373695,-0.05811252,-0.29599565,-0.14815769,0.050708756,-0.38476413,-0.11658387,0.020883199,-0.4152096,-0.15435246,-0.00063419313,-0.32057297,-0.14048861,-0.0015159338,-0.26277637,-0.1199171
V,Alan,Left,0.0,0.0,0.0,-0.06618934,-0.1131999,-0.078119464,-0.0790702,-0.2914313,-0.100956924,-0.006694937,-0.43670204,-0.11834985,0.055028696,-0.52952725,-0.13033547,-0.16649218,-0.48336554,-0.02729421,-0.19344243,-0.6964345,-0.065678775,-0.20696802,-0.8250635,-0.09025762,-0.21580891,-0.929181,-0.10232297,-0.08135174,-0.5085071,-0.013638566,-0.06608986,-0.7427443,-0.054012932,-0.047938064,-0.88501126,-0.08010342,-0.030173402,-0.9995447,-0.08812066,-0.0011254199,-0.4779959,-0.012469262,0.043628763,-0.5660704,-0.08173731,0.03599341,-0.4530874,-0.10351316,0.022973798,-0.37699708,-0.09322374,0.069193095,-0.42076078,-0.017042253,0.108521126,-0.5000534,-0.07049299,0.10111557,-0.42293862,-0.07664498,0.08872001,-0.36756733,-0.06578042
V,Alan,Left,0.0,0.0,0.0,-0.099068046,-0.09455828,-0.057781342,-0.13311906,-0.27622882,-0.08236484,-0.050678384,-0.40940794,-0.10697647,0.028209295,-0.4737999,-0.12788992,-0.17932019,-0.4692086,-0.04134509,-0.2172191,-0.6763931,-0.08056651,-0.23477946,-0.79842484,-0.10372357,-0.24831265,-0.898599,-0.11616866,-0.08999607,-0.48673582,-0.046124656,-0.08380186,-0.72613055,-0.08630826,-0.07692398,-0.87598825,-0.11026127,-0.063910104,-0.9979557,-0.11872279,-0.007137693,-0.4468546,-0.059289493,0.010079538,-0.52471155,-0.119905695,-0.006949675,-0.40830287,-0.12822497,-0.01444633,-0.3292542,-0.11150069,0.06389097,-0.38032138,-0.07794082,0.07546417,-0.47346863,-0.117652625,0.05316098,-0.3996088,-0.10676518,0.03849619,-0.3339303,-0.08644822
V,Alan,Left,0.0,0.0,0.0,-0.10257712,-0.08008405,-0.067862086,-0.14375219,-0.26479873,-0.094442755,-0.0660077,-0.40881622,-0.118143186,0.012993165,-0.48414668,-0.1367454,-0.20175798,-0.4616813,-0.04486479,-0.24677831,-0.66661316,-0.08623792,-0.27028555,-0.7897513,-0.11007067,-0.28809655,-0.88957095,-0.122686684,-0.11419163,-0.48907638,-0.04277097,-0.117124885,-0.72647804,-0.08712686,-0.115566224,-0.8722552,-0.11117575,-0.10730871,-0.99422574,-0.11865357,-0.030673169,-0.46206304,-0.050636243,-0.0014428846,-0.5400506,-0.11598359,-0.015935047,-0.4151686,-0.12505838,-0.028777733,-0.33525464,-0.107663944,0.041730516,-0.41009763,-0.06477224,0.061952613,-0.49451205,-0.10987558,0.045070358,-0.41578925,-0.10411361,0.027736057,-0.355641,-0.08674061
V,Alan,Left,0.0,0.0,0.0,-0.12305886,-0.0919547,-0.019019522,-0.19428468,-0.26997235,-0.0317294,-0.16032372,-0.42743036,-0.055051528,-0.1011978,-0.5311238,-0.07683553,-0.19183011,-0.4421215,-0.0019178386,-0.2615752,-0.6284756,-0.036354564,-0.2927055,-0.73605657,-0.055046603,-0.3118243,-0.83124936,-0.06610869,-0.11056227,-0.4706371,-0.026109293,-0.12815721,-0.71859944,-0.06803412,-0.1373309,-0.8651908,-0.09571541,-0.13403478,-0.99097663,-0.107512414,-0.025918862,-0.44545743,-0.055127017,-0.07471002,-0.5435217,-0.11754979,-0.10401578,-0.41501197,-0.124062605,-0.10492801,-0.32301122,-0.10838559,0.051552203,-0.39212665,-0.08595023,-0.01148607,-0.45608267,-0.12800895,-0.05491276,-0.36442554,-0.1178378,-0.07291459,-0.29041204,-0.09959988
V,Alan,Left,0.0,0.0,0.0,-0.11206353,-0.13741085,-0.016404102,-0.15084264,-0.30954748,-0.034238543,-0.12217696,-0.44409746,-0.06581716,-0.06496657,-0.5332488,-0.09579273,-0.09288674,-0.47754353,0.0029565317,-0.1331252,-0.6807339,-0.039870564,-0.15007761,-0.8001268,-0.064434655,-0.15494941,-0.9049474,-0.07679593,-0.019979484,-0.48168552,-0.025410699,0.00070406345,-0.72895,-0.07704283,0.01388647,-0.8746998,-0.10806192,0.033572204,-0.9994363,-0.119023256,0.048581015,-0.4425502,-0.059276637,-0.014295029,-0.5493419,-0.12924922,-0.065953866,-0.4336481,-0.13372108,-0.08037199,-0.33894876,-0.11270932,0.10644951,-0.38002506,-0.09518066,0.039135873,-0.47023982,-0.13357314,-0.021297581,-0.40249452,-0.11716454,-0.053415287,-0.33389723,-0.093242496
V,Alan,Left,0.0,0.0,0.0,-0.10611433,-0.10607851,-0.025694886,-0.15130122,-0.26832634,-0.04514361,-0.1409551,-0.4068884,-0.07500058,-0.10010898,-0.5147731,-0.10062559,-0.113503166,-0.45078582,-0.00061382714,-0.16004655,-0.64987355,-0.041436296,-0.18425725,-0.7729148,-0.06354541,-0.19055125,-0.87442356,-0.07287571,-0.040229607,-0.46130818,-0.022887973,-0.061265133,-0.70624673,-0.07539558,-0.06988831,-0.86612487,-0.10788361,-0.06513655,-0.99787635,-0.11914869,0.031861804,-0.43078363,-0.05138046,-0.03875428,-0.50555915,-0.122462206,-0.083171755,-0.38867405,-0.1286182,-0.09435752,-0.2920745,-0.10774294,0.08837318,-0.3798132,-0.08247428,0.016572334,-0.44481847,-0.12054134,-0.043037463,-0.3803825,-0.10582777,-0.07682688,-0.31912738,-0.08328352
V,Alan,Left,0.0,0.0,0.0,-0.1030099,-0.106331445,-0.029354876,-0.15492143,-0.28231022,-0.04714655,-0.10439505,-0.43285292,-0.0728517,-0.02706869,-0.53014034,-0.097055905,-0.1470044,-0.4569955,-0.018117474,-0.19141436,-0.67080325,-0.054140136,-0.21024348,-0.79433286,-0.071000636,-0.22050132,-0.89572674,-0.07840444,-0.06513855,-0.46303558,-0.036690336,-0.050335884,-0.7233144,-0.07540418,-0.044932082,-0.8762718,-0.098677814,-0.031152526,-0.99951464,-0.10631638,0.012700947,-0.41681305,-0.060487792,-0.0130855,-0.5256456,-0.12319198,-0.053580496,-0.4108589,-0.1311945,-0.061610404,-0.32607827,-0.11417063,0.07952624,-0.34323448,-0.08602622,0.044050094,-0.44092757,-0.12723584,-0.0010699172,-0.36882755,-0.11481114,-0.02210109,-0.29859224,-0.09334129
V,Alan,Left,0.0,0.0,0.0,-0.09502239,-0.094709314,-0.049452845,-0.1282068,-0.2810923,-0.074218646,-0.058099978,-0.42984748,-0.101920106,0.021584561,-0.5232717,-0.12642671,-0.15668553,-0.4775371,-0.030757684,-0.18441515,-0.6807964,-0.07751067,-0.19533831,-0.80812347,-0.10620398,-0.20174383,-0.9113023,-0.12275736,-0.06966286,-0.4828774,-0.043557,-0.046813007,-0.72347414,-0.09568753,-0.027915388,-0.87273175,-0.1277546,-0.0059072385,-0.99998254,-0.14019659,0.012386681,-0.43167913,-0.063643366,0.038366497,-0.53253484,-0.13497345,0.0062721735,-0.39930665,-0.13816689,-0.011257927,-0.31680635,-0.116706006,0.07775726,-0.35133377,-0.088049755,0.08146244,-0.42456657,-0.138527,0.047936667,-0.33275074,-0.12519608,0.028287113,-0.2730456,-0.10073605
V,Alan,Left,0.0,0.0,0.0,-0.117142074,-0.11624804,-0.025471203,-0.17288621,-0.27740955,-0.050071284,-0.15779723,-0.41432422,-0.084751174,-0.10483544,-0.5091141,-0.1162526,-0.12360652,-0.47704637,-0.020884847,-0.18654095,-0.6630672,-0.07013727,-0.22153823,-0.7803923,-0.09875351,-0.24160264,-0.88706225,-0.11399901,-0.03589479,-0.49210963,-0.04644,-0.0663025,-0.71358967,-0.10308129,-0.081108354,-0.8648922,-0.13934645,-0.08615589,-0.9962817,-0.15442693,0.04473836,-0.45764044,-0.07656541,-0.0450524,-0.50355315,-0.14737788,-0.0901828,-0.38641962,-0.15347773,-0.10348032,-0.2976653,-0.13378857,0.105127,-0.39733768,-0.10943059,0.009114766,-0.4398544,-0.14829518,-0.053819325,-0.3739699,-0.13456926,-0.08889681,-0.31356928,-0.11213691
V,Alan,Left,0.0,0.0,0.0,-0.11580005,-0.10408313,-0.023840332,-0.16523233,-0.25700906,-0.046674196,-0.16768542,-0.39319602,-0.07906587,-0.15040982,-0.5138023,-0.10730055,-0.076963715,-0.4668608,-0.010346794,-0.14658037,-0.6421322,-0.059836794,-0.18882513,-0.7542668,-0.087602414,-0.21203305,-0.8561354,-0.10082504,-0.0038072653,-0.48148876,-0.03700444,-0.06550893,-0.71602005,-0.09532927,-0.09586775,-0.86753494,-0.12712698,-0.11261695,-0.99363846,-0.13685402,0.060074028,-0.453511,-0.06956541,-0.06867479,-0.5157332,-0.14901698,-0.111446574,-0.3966232,-0.15473093,-0.12055148,-0.30420464,-0.13149135,0.09837007,-0.39785776,-0.10447298,-0.031532634,-0.4337762,-0.15167296,-0.092998125,-0.3462256,-0.13937207,-0.1247067,-0.26843253,-0.11554366
V,Alan,Left,0.0,0.0,0.0,-0.12272641,-0.09311022,-0.019239366,-0.1837763,-0.2611591,-0.03496962,-0.15679193,-0.40180227,-0.06317147,-0.111698516,-0.51337177,-0.08818416,-0.15020064,-0.46558583,0.004575748,-0.21999966,-0.65073717,-0.033314817,-0.25774702,-0.76566195,-0.054721363,-0.27891737,-0.8655964,-0.06572649,-0.064964086,-0.4847029,-0.02351623,-0.08885854,-0.7247228,-0.072814986,-0.100817755,-0.87723184,-0.105867766,-0.097575866,-0.9952281,-0.11776398,0.0155186,-0.45022678,-0.05706276,-0.066796,-0.5154152,-0.12870374,-0.10283336,-0.37802622,-0.13331623,-0.103144266,-0.27421662,-0.11049616,0.08170927,-0.39092204,-0.09273879,-0.0038928885,-0.45324197,-0.13664646,-0.05973502,-0.37023616,-0.12204026,-0.08650858,-0.29486483,-0.09731246
V,Alan,Left,0.0,0.0,0.0,-0.10942007,-0.10588728,-0.02187169,-0.15597624,-0.26584128,-0.04446464,-0.11813706,-0.3924864,-0.07736006,-0.057937056,-0.4728827,-0.11022817,-0.15179496,-0.46726558,-0.028464066,-0.21648711,-0.6678341,-0.07486421,-0.24249654,-0.79347605,-0.09933323,-0.25641838,-0.9025001,-0.11077818,-0.06349241,-0.47605473,-0.054232128,-0.055976488,-0.7264974,-0.10359422,-0.04357234,-0.87813866,-0.13171,-0.026537685,-0.9996478,-0.14108779,0.020819634,-0.43490618,-0.08353479,-0.009638152,-0.5096941,-0.15150858,-0.04958924,-0.38903058,-0.15953618,-0.065225415,-0.29326415,-0.14180502,0.09499476,-0.36883754,-0.114007875,0.054567985,-0.43433192,-0.15250133,0.0020851481,-0.3561537,-0.13630217,-0.03383445,-0.28031802,-0.11270133
V,Alan,Left,0.0,0.0,0.0,-0.10464199,-0.08442612,-0.039814368,-0.15506253,-0.26057863,-0.06016659,-0.08668753,-0.39376637,-0.08527117,-0.010241066,-0.47056842,-0.10930858,-0.15253891,-0.47782135,-0.035899382,-0.19088487,-0.68101805,-0.07670122,-0.20688473,-0.80609083,-0.098658584,-0.21704865,-0.9117986,-0.110859424,-0.062893584,-0.48022243,-0.052021787,-0.048752073,-0.71941096,-0.0996128,-0.032280367,-0.87433416,-0.12962696,-0.010482743,-0.99994504,-0.14154232,0.017382832,-0.42846116,-0.073307805,0.018422253,-0.49488822,-0.14515786,-0.018826095,-0.37180632,-0.15825081,-0.03662925,-0.28404236,-0.14336562,0.081804425,-0.3515978,-0.097179025,0.066178456,-0.40640682,-0.15093885,0.025159787,-0.31335774,-0.14491248,-0.0006483955,-0.23540865,-0.12573895
V,Alan,Left,0.0,0.0,0.0,-0.093828045,-0.09910555,-0.051944952,-0.12464775,-0.27995637,-0.07643685,-0.043837853,-0.4092559,-0.10257083,0.037807234,-0.48103213,-0.12705533,-0.1414637,-0.4866398,-0.046809696,-0.1664716,-0.69864,-0.08947031,-0.17744073,-0.82783186,-0.11250631,-0.18595369,-0.9350624,-0.1250778,-0.05101349,-0.487675,-0.05700603,-0.021783944,-0.72731256,-0.10379054,0.002471409,-0.87802166,-0.13075157,0.02767218,-0.99961704,-0.14030273,0.028393367,-0.43180588,-0.07377356,0.04638901,-0.4974957,-0.14572668,0.012960924,-0.37184796,-0.15585524,-0.003640065,-0.28864807,-0.13828167,0.089329824,-0.35021248,-0.09426149,0.09052267,-0.42029384,-0.14727679,0.05552187,-0.33073658,-0.13853298,0.03421776,-0.25825363,-0.117199235
V,Alan,Left,0.0,0.0,0.0,-0.107809514,-0.11372217,-0.037458777,-0.15286773,-0.28865758,-0.058708284,-0.07800609,-0.4201887,-0.08552283,0.0026282738,-0.4994454,-0.11149832,-0.1591766,-0.47382814,-0.029368533,-0.18720049,-0.6845619,-0.068374045,-0.19933935,-0.8139409,-0.09062011,-0.20856503,-0.91970205,-0.10387695,-0.06696154,-0.47945493,-0.046345938,-0.04072898,-0.7250753,-0.08750393,-0.022047106,-0.87847894,-0.11421587,-0.0013253266,-0.9999991,-0.12605529,0.017970178,-0.4281178,-0.06896575,0.017391197,-0.51965123,-0.1314922,-0.020962661,-0.39854792,-0.13848004,-0.039998274,-0.3132147,-0.1229224,0.09077266,-0.34832832,-0.09451869,0.06959667,-0.42329428,-0.14058943,0.028714769,-0.33806682,-0.12984215,0.0033257697,-0.26684198,-0.10962086
V,Alan,Left,0.0,0.0,0.0,-0.10969591,-0.096947506,-0.023257053,-0.168899,-0.27429026,-0.038733892,-0.118768916,-0.41237906,-0.06336922,-0.046800956,-0.50171566,-0.08691006,-0.14663522,-0.4641666,-0.016089791,-0.19873855,-0.67230725,-0.0527925,-0.21973509,-0.79816926,-0.07093767,-0.22764239,-0.90118635,-0.079323,-0.062375546,-0.4711806,-0.039128073,-0.065327324,-0.7183337,-0.084133506,-0.061142534,-0.87446356,-0.11435809,-0.046112273,-0.99893624,-0.1257844,0.01809245,-0.4296853,-0.066022106,-0.018056935,-0.50453055,-0.13176234,-0.052108914,-0.3846097,-0.14169085,-0.06066752,-0.29451478,-0.12566777,0.085682005,-0.36520877,-0.09432236,0.032101646,-0.44038728,-0.13690008,-0.013433362,-0.3618971,-0.123836845,-0.036901075,-0.29006377,-0.10175956
V,Alan,Left,0.0,0.0,0.0,-0.110909455,-0.10142842,-0.029342862,-0.15947519,-0.27881292,-0.05021996,-0.10932157,-0.41872746,-0.08011735,-0.045536797,-0.5150272,-0.107981935,-0.12541713,-0.46637842,-0.019581638,-0.17229521,-0.67321825,-0.063923806,-0.19313033,-0.7983392,-0.08834517,-0.20202579,-0.9034778,-0.101269454,-0.040331997,-0.47357258,-0.041566167,-0.033619635,-0.72007155,-0.09342233,-0.033016868,-0.87448597,-0.12714037,-0.022764705,-0.99974084,-0.1410761,0.03803596,-0.43065038,-0.06853097,-0.012220955,-0.51821727,-0.13883196,-0.055564534,-0.39614397,-0.14517158,-0.064963795,-0.30653694,-0.12624642,0.10264857,-0.36311135,-0.09806513,0.037162974,-0.4374373,-0.14384182,-0.01348866,-0.35264775,-0.1312674,-0.03376888,-0.27988288,-0.10894192
V,Alan,Left,0.0,0.0,0.0,-0.107030965,-0.10583068,-0.025110956,-0.14464162,-0.27362707,-0.045042265,-0.11793186,-0.42197368,-0.074724436,-0.083119445,-0.54011273,-0.1008689,-0.10010636,-0.4501805,-0.012799678,-0.15163456,-0.660277,-0.060778443,-0.17817625,-0.78959024,-0.086011395,-0.18699929,-0.89884454,-0.095990345,-0.024331342,-0.4619746,-0.033650234,-0.048928343,-0.706066,-0.08921036,-0.058483534,-0.86525375,-0.12032272,-0.05375956,-0.99855393,-0.1297678,0.048358772,-0.43518758,-0.059942733,-0.032160167,-0.51726484,-0.13279264,-0.08147236,-0.39541996,-0.1358556,-0.09530048,-0.29558972,-0.11200296,0.10964798,-0.38895473,-0.08855087,0.02994433,-0.46359682,-0.12887125,-0.031487927,-0.38837716,-0.112272784,-0.064359896,-0.318393,-0.08656868
V,Alan,Left,0.0,0.0,0.0,-0.1158751,-0.09658665,-0.02955485,-0.16907698,-0.2504948,-0.054803926,-0.16065718,-0.38514793,-0.0892255,-0.13001066,-0.5023559,-0.11941774,-0.119221985,-0.46856266,-0.022643745,-0.19190551,-0.6536124,-0.07695253,-0.2291778,-0.7697331,-0.10644039,-0.245165,-0.8759624,-0.12007554,-0.033394396,-0.49152854,-0.046965946,-0.08867139,-0.71528167,-0.11073695,-0.112951145,-0.86541855,-0.1486101,-0.11974229,-0.992805,-0.16173026,0.044918176,-0.46552,-0.07631281,-0.07332337,-0.49991214,-0.15710191,-0.11631778,-0.362328,-0.16271311,-0.1224117,-0.26210606,-0.13874212,0.100392595,-0.4122303,-0.10868313,-0.017497642,-0.42732075,-0.15517922,-0.07263003,-0.3441142,-0.14257653,-0.09559811,-0.27703267,-0.117745616
V,Alan,Left,0.0,0.0,0.0,-0.095086284,-0.10071882,-0.041055188,-0.1331473,-0.27820897,-0.064056404,-0.059846025,-0.4080063,-0.09175963,0.025131673,-0.48109567,-0.11816936,-0.12596025,-0.4841805,-0.03595581,-0.14830786,-0.6999727,-0.07935228,-0.15735608,-0.8350487,-0.10236643,-0.16481672,-0.94442755,-0.11584942,-0.03741576,-0.4815713,-0.052841652,-0.0035220191,-0.72778934,-0.100926064,0.01789042,-0.8766668,-0.1286444,0.042183816,-0.99910986,-0.13896717,0.043489598,-0.42259282,-0.075119115,0.045565225,-0.5258343,-0.14366591,0.00052231306,-0.3935572,-0.14396691,-0.016770173,-0.30837464,-0.1213935,0.111609675,-0.33385432,-0.10061625,0.09085357,-0.40563494,-0.14979348,0.049263943,-0.3148594,-0.13519935,0.032896586,-0.25223586,-0.11056833
V,Alan,Left,0.0,0.0,0.0,-0.098720655,-0.10430632,-0.04498091,-0.12879767,-0.2857139,-0.070694245,-0.050856978,-0.41257882,-0.099503756,0.025785642,-0.48877364,-0.12677598,-0.120498054,-0.49275026,-0.04456504,-0.13800928,-0.6978491,-0.08939646,-0.14394447,-0.8257433,-0.115426995,-0.1467208,-0.9351344,-0.13071716,-0.032331813,-0.48522013,-0.059300274,0.007299789,-0.72479934,-0.109853156,0.036743894,-0.8751132,-0.13965271,0.06758472,-0.99771357,-0.15144466,0.04572253,-0.4247865,-0.07931366,0.0544222,-0.5003667,-0.15185596,0.008954949,-0.37100264,-0.15576401,-0.016499558,-0.28523585,-0.13465439,0.11108811,-0.33854192,-0.1027112,0.10535427,-0.42422643,-0.15522067,0.063383445,-0.32673126,-0.1405725,0.034321632,-0.24923536,-0.1152834
V,Alan,Left,0.0,0.0,0.0,-0.10282577,-0.098274544,-0.029699065,-0.15106453,-0.27950948,-0.05232442,-0.09249627,-0.4040235,-0.081610136,-0.022662517,-0.47651574,-0.109315835,-0.10678139,-0.4889504,-0.037926413,-0.1515295,-0.6907012,-0.083549164,-0.17597261,-0.8166304,-0.108067036,-0.18899317,-0.9222729,-0.12224781,-0.020315846,-0.49328583,-0.059342954,-0.010223469,-0.7276513,-0.11344869,0.0048767542,-0.87824523,-0.14774498,0.027189963,-0.9996303,-0.16245095,0.058261883,-0.44699582,-0.08383399,0.023621928,-0.4760553,-0.14627326,-0.023945134,-0.3603724,-0.15060781,-0.047096174,-0.27569827,-0.13367236,0.12062626,-0.37787637,-0.111733586,0.0694356,-0.3933441,-0.1485163,0.018702017,-0.30931547,-0.13445505,-0.010641341,-0.2439246,-0.11325421
V,Alan,Left,0.0,0.0,0.0,-0.1177609,-0.11529061,-0.02414471,-0.16371894,-0.2739172,-0.047468062,-0.1293527,-0.4055716,-0.07993156,-0.08339639,-0.4982054,-0.10888333,-0.103235975,-0.47831798,-0.025849396,-0.16629246,-0.667735,-0.074217245,-0.20022336,-0.7900806,-0.10278902,-0.21930812,-0.8987075,-0.11919277,-0.019826554,-0.49085888,-0.05182354,-0.052661013,-0.7152501,-0.10795031,-0.0628268,-0.8679132,-0.14417721,-0.060213707,-0.9981855,-0.16014327,0.055032156,-0.45182657,-0.08156451,-0.028826462,-0.49106026,-0.14810386,-0.07126861,-0.38426346,-0.15278083,-0.082795806,-0.30092663,-0.1349775,0.11246503,-0.3853876,-0.114536464,0.027173005,-0.42102414,-0.15276094,-0.03619594,-0.35725415,-0.13950403,-0.07459992,-0.29747513,-0.118439995
V,Alan,Left,0.0,0.0,0.0,-0.113535285,-0.11136914,-0.023169134,-0.1561244,-0.26957652,-0.042998366,-0.14023057,-0.40402305,-0.07359434,-0.11070352,-0.5178614,-0.10019885,-0.08537035,-0.48089296,-0.004402728,-0.14913462,-0.6645737,-0.052082773,-0.18363637,-0.77909255,-0.07938822,-0.19801389,-0.8822733,-0.09279755,-0.0032593422,-0.49433574,-0.031604115,-0.050400484,-0.72428036,-0.08983948,-0.0708532,-0.8742221,-0.12646016,-0.07443047,-0.9972262,-0.13958889,0.06905281,-0.46168458,-0.06437937,-0.048249956,-0.5116928,-0.14153144,-0.09482115,-0.37912956,-0.14580452,-0.10214887,-0.28166053,-0.121973194,0.118004166,-0.4041611,-0.10000887,-0.0021934505,-0.4359507,-0.14405455,-0.059234764,-0.34949273,-0.12959565,-0.08070896,-0.27947518,-0.104379244
V,Alan,Left,0.0,0.0,0.0,-0.109380536,-0.12058903,-0.029993473,-0.15497424,-0.27825207,-0.05674489,-0.13024822,-0.4100428,-0.09188505,-0.07513422,-0.5128297,-0.12342935,-0.104761854,-0.4806573,-0.02592641,-0.15770377,-0.6722124,-0.07523103,-0.18082671,-0.79098964,-0.10048908,-0.18851915,-0.89592564,-0.1128162,-0.011309716,-0.494449,-0.048410445,-0.0149718085,-0.7256333,-0.104983196,-0.0154223535,-0.87548053,-0.1392954,-0.010069449,-0.9999493,-0.15209076,0.07002904,-0.45430866,-0.075742304,-0.021296069,-0.5068411,-0.14953698,-0.0810506,-0.38655466,-0.1570495,-0.10533764,-0.29125088,-0.137231,0.13001399,-0.3877756,-0.10553052,0.034772128,-0.4306858,-0.14781606,-0.027329115,-0.3603355,-0.136228,-0.061185982,-0.2949695,-0.114489496
V,Alan,Left,0.0,0.0,0.0,-0.11996125,-0.10786805,-0.03444391,-0.16453451,-0.25459614,-0.06304387,-0.1615982,-0.38250348,-0.09918486,-0.14524129,-0.49608573,-0.13110109,-0.076041594,-0.4820552,-0.024161689,-0.14285403,-0.6550695,-0.081299536,-0.1838403,-0.7703735,-0.11640862,-0.20493998,-0.8737285,-0.13469863,0.0012266049,-0.49545056,-0.046379246,-0.05153359,-0.7146776,-0.11092524,-0.07986257,-0.86626506,-0.14940606,-0.093443155,-0.9956246,-0.16376522,0.06722085,-0.4613936,-0.0746705,-0.060179297,-0.5046265,-0.15401539,-0.10756624,-0.38461277,-0.15969028,-0.11845029,-0.29397982,-0.13731712,0.10552483,-0.39777577,-0.10683893,-0.022356685,-0.41585752,-0.15281588,-0.08060622,-0.33235684,-0.14013806,-0.10766426,-0.2615477,-0.115905635
V,Alan,Left,0.0,0.0,0.0,-0.10748996,-0.13174784,-0.034238413,-0.15256214,-0.26982608,-0.06916083,-0.17042427,-0.38548988,-0.1132132,-0.16557704,-0.5035205,-0.15181533,-0.033384964,-0.49906427,-0.028064245,-0.100246966,-0.68697494,-0.094036184,-0.14209953,-0.8121555,-0.13603072,-0.1617031,-0.92269605,-0.15978777,0.0362118,-0.49846938,-0.055052407,-0.04168378,-0.7161939,-0.13130939,-0.08237746,-0.863898,-0.17741744,-0.10148704,-0.99483687,-0.19659588,0.08938155,-0.4559319,-0.08816354,-0.077073924,-0.49762446,-0.17356217,-0.12740903,-0.37282783,-0.1738588,-0.13306662,-0.28503412,-0.14681935,0.11037712,-0.38737532,-0.1260475,-0.04418885,-0.41198725,-0.17428246,-0.09436239,-0.32573974,-0.15812632,-0.103777535,-0.25723168,-0.13008586
W,Alan,Right,0.0,0.0,0.0,0.09711048,-0.04799793,-0.05365721,0.16475148,-0.16024143,-0.07374904,0.097848654,-0.24971387,-0.08731356,0.018328369,-0.31575477,-0.103822015,0.18103644,-0.44358858,-0.050523598,0.25695428,-0.6156259,-0.0774346,0.30245394,-0.72730476,-0.09889366,0.33203828,-0.8293078,-0.11535467,0.09801955,-0.48786414,-0.05930937,0.14628609,-0.7127024,-0.081295855,0.16601527,-0.8606167,-0.110297754,0.17516696,-0.98453873,-0.12921666,0.022272438,-0.4643719,-0.07325145,0.019737927,-0.6659615,-0.12356629,0.02160041,-0.8117173,-0.17824121,0.017924806,-0.935846,-0.2138778,-0.047326762,-0.3887606,-0.08917682,-0.012128514,-0.45917344,-0.14919056,0.010945092,-0.3792229,-0.16854943,0.020033443,-0.29268438,-0.17565958
W,Alan,Right,0.0,0.0,0.0,0.09866652,-0.046589267,-0.0540336,0.16971087,-0.15816867,-0.07502363,0.106004864,-0.24595849,-0.08962095,0.025977207,-0.31229287,-0.10749392,0.18324685,-0.44147918,-0.052306354,0.25587472,-0.6128472,-0.08159057,0.30014062,-0.72390026,-0.104606055,0.3294547,-0.82425344,-0.12181135,0.09835263,-0.4881218,-0.06160288,0.14444423,-0.71039766,-0.08512535,0.16492152,-0.8603026,-0.1167173,0.1756807,-0.9844472,-0.13759804,0.021345707,-0.46541914,-0.0760362,0.01703597,-0.66551024,-0.12681353,0.021098578,-0.81325704,-0.18541439,0.01986516,-0.9360779,-0.22443545,-0.048633825,-0.3909154,-0.09240511,-0.010728968,-0.44906875,-0.15420143,0.017638624,-0.37398082,-0.17834732,0.031247353,-0.29373536,-0.18916373
W,Alan,Right,0.0,0.0,0.0,0.10300163,-0.039547034,-0.057315692,0.18008733,-0.15414256,-0.07795432,0.11626216,-0.24167456,-0.091549195,0.034372415,-0.30710813,-0.108715795,0.18819614,-0.44218075,-0.05273652,0.2585244,-0.611988,-0.081201755,0.30433849,-0.7243999,-0.10336299,0.33616397,-0.828329,-0.12008254,0.10196413,-0.48780152,-0.060685456,0.1445883,-0.7100381,-0.08261968,0.16435611,-0.85879636,-0.113136835,0.17551464,-0.9844768,-0.13366318,0.024915218,-0.4642729,-0.074160665,0.024580972,-0.657364,-0.12469081,0.030646982,-0.8033821,-0.18321832,0.031474892,-0.9270384,-0.22272433,-0.045227647,-0.39023846,-0.090074785,0.0012916714,-0.43550637,-0.15200739,0.02758945,-0.3485384,-0.17621441,0.03898576,-0.26163268,-0.18774813
W,Alan,Right,0.0,0.0,0.0,0.116384186,-0.028515182,-0.05128438,0.21060848,-0.12412296,-0.070630334,0.19791834,-0.21668883,-0.084885605,0.13529655,-0.29666975,-0.10309796,0.22461398,-0.4416257,-0.045984197,0.29515767,-0.6068324,-0.07133445,0.33772448,-0.7188975,-0.09346241,0.36972076,-0.8206196,-0.11133672,0.14858729,-0.4888924,-0.058092985,0.1829115,-0.7118841,-0.078999385,0.20528102,-0.8564653,-0.11291306,0.22258374,-0.9749136,-0.13834004,0.07213093,-0.46819845,-0.07507287,0.07981301,-0.666302,-0.12827304,0.09273296,-0.8140702,-0.19204314,0.10040597,-0.9356971,-0.23687908,-0.0029937173,-0.3958064,-0.09345981,0.057903673,-0.43920097,-0.15828109,0.093298115,-0.35116878,-0.18752849,0.112248406,-0.25522307,-0.20430785
W,Alan,Right,0.0,0.0,0.0,0.07987411,-0.052934904,-0.06969264,0.12323661,-0.1747405,-0.100750536,0.030907681,-0.26628104,-0.123437926,-0.06480258,-0.33228132,-0.14973557,0.15463531,-0.4382033,-0.067963034,0.21274062,-0.629859,-0.10455225,0.23883832,-0.74977267,-0.13422419,0.25686187,-0.8612545,-0.15681739,0.064195886,-0.48380774,-0.0718888,0.08506881,-0.72075635,-0.099354476,0.08395962,-0.8719357,-0.13128382,0.083959475,-0.9964692,-0.15137413,-0.011398755,-0.46013683,-0.08192281,-0.043993253,-0.6741517,-0.1368741,-0.06490455,-0.81598985,-0.1898096,-0.07947801,-0.936791,-0.22396845,-0.070963085,-0.3821605,-0.09543047,-0.08451231,-0.43631962,-0.16558212,-0.070930175,-0.35459593,-0.18653521,-0.05529886,-0.2694598,-0.19229965
W,Alan,Right,0.0,0.0,0.0,0.08610794,-0.05833802,-0.057756927,0.14110434,-0.17429061,-0.079249635,0.05658152,-0.24008805,-0.09238771,-0.035614885,-0.2837765,-0.108938076,0.13547678,-0.45085034,-0.05769091,0.19469729,-0.6366559,-0.086477436,0.22430156,-0.75656444,-0.110169105,0.2426612,-0.8680152,-0.12860177,0.047684036,-0.48111805,-0.06592748,0.0689634,-0.71327066,-0.08864501,0.067917615,-0.8651009,-0.11988925,0.063384876,-0.9979892,-0.14073722,-0.025269529,-0.45201775,-0.07920126,-0.044130832,-0.6593085,-0.13096872,-0.05809366,-0.79977065,-0.18499942,-0.07475458,-0.93075264,-0.22011067,-0.08563994,-0.3694733,-0.094778046,-0.067886755,-0.45877603,-0.15500207,-0.041642226,-0.37376556,-0.16918106,-0.026236176,-0.2811159,-0.17233174
W,Alan,Right,0.0,0.0,0.0,0.094834566,-0.051549543,-0.0590638,0.16042238,-0.1648994,-0.08213366,0.078526,-0.22880857,-0.09703637,-0.020293433,-0.2652177,-0.1171975,0.14830217,-0.4454963,-0.060992744,0.21015286,-0.6254421,-0.09003907,0.2434605,-0.7447616,-0.114038415,0.26412827,-0.8557664,-0.13325319,0.059725326,-0.47981128,-0.07066019,0.08260385,-0.7080132,-0.092180595,0.08694536,-0.86262953,-0.1264294,0.08553746,-0.99633497,-0.15085857,-0.015538177,-0.44865626,-0.08528409,-0.027574893,-0.64951634,-0.13963272,-0.033839382,-0.798033,-0.20410013,-0.04422239,-0.93138885,-0.24832618,-0.07977387,-0.36479372,-0.10165418,-0.04223069,-0.42615736,-0.1704875,-0.011428153,-0.33526984,-0.19594286,0.004317179,-0.24306335,-0.20793878
W,Alan,Right,0.0,0.0,0.0,0.10900904,-0.03561813,-0.052765787,0.20939219,-0.12926458,-0.07824221,0.18639746,-0.20064102,-0.098244645,0.09714717,-0.23384756,-0.12508385,0.19284977,-0.43551862,-0.057020113,0.26639068,-0.5975823,-0.086273864,0.3119248,-0.7107681,-0.111375555,0.34359857,-0.8162962,-0.13077025,0.114001594,-0.48216614,-0.07027602,0.14228031,-0.70414454,-0.091574244,0.15710643,-0.85940903,-0.12669101,0.16176648,-0.98682904,-0.15201624,0.042643122,-0.46091616,-0.087235175,0.04371592,-0.6443342,-0.13728544,0.052598562,-0.7956072,-0.20490758,0.05408768,-0.9191597,-0.25373226,-0.02056073,-0.38746372,-0.10588852,0.034771446,-0.3968336,-0.16920279,0.058858212,-0.29710227,-0.1998493,0.068745315,-0.19806446,-0.2179877
W,Alan,Right,0.0,0.0,0.0,0.12542306,-0.018551428,-0.03987472,0.22832975,-0.06668323,-0.07343176,0.26374346,-0.12637305,-0.106219515,0.19383241,-0.16338143,-0.144964,0.21497092,-0.42356762,-0.06543228,0.3016878,-0.58791965,-0.098142475,0.3572172,-0.6984266,-0.122947186,0.39422795,-0.8047616,-0.14304172,0.14097878,-0.45627353,-0.091219306,0.18777457,-0.6871694,-0.12973714,0.21302028,-0.8411455,-0.17097877,0.2273648,-0.97380966,-0.19881268,0.06591676,-0.42162916,-0.11767426,0.09793831,-0.5892479,-0.18060265,0.12855294,-0.7518048,-0.24565214,0.15444961,-0.896427,-0.29043445,-0.0019515735,-0.32915118,-0.14399476,0.08673369,-0.35221177,-0.20329629,0.13669755,-0.26261744,-0.22420779,0.17431976,-0.1577882,-0.23714232
W,Alan,Right,0.0,0.0,0.0,0.13606259,-0.035022616,-0.021475313,0.23690452,-0.109287634,-0.041785207,0.2900422,-0.17508711,-0.065862976,0.24138181,-0.2164305,-0.09511771,0.23730764,-0.4468493,-0.030009547,0.33208603,-0.59264153,-0.055715356,0.39552367,-0.6904759,-0.080703095,0.4467261,-0.7802249,-0.104194514,0.174712,-0.47054952,-0.06492339,0.23136571,-0.6832355,-0.10383713,0.27075487,-0.8301323,-0.14847149,0.30130273,-0.9535285,-0.18185271,0.10338671,-0.43190247,-0.10100607,0.16244449,-0.61801654,-0.16438721,0.21568047,-0.7583142,-0.22357865,0.26107067,-0.88391834,-0.26460168,0.035174437,-0.33570778,-0.1358277,0.1358532,-0.39021003,-0.19993164,0.19229023,-0.30962145,-0.22189398,0.22819552,-0.21402456,-0.23549072
W,Alan,Right,0.0,0.0,0.0,0.117510244,-0.04487794,-0.04322436,0.21330339,-0.1436482,-0.060829654,0.19570838,-0.22281943,-0.07401088,0.11741251,-0.27097696,-0.09262933,0.19532168,-0.45080233,-0.045843996,0.27300248,-0.6120327,-0.06847101,0.3213536,-0.7224297,-0.08760871,0.35669655,-0.82821256,-0.10407613,0.11963089,-0.48651248,-0.0628719,0.14717245,-0.70911777,-0.08388505,0.1624708,-0.8569837,-0.11737222,0.17238095,-0.98503035,-0.14245771,0.049003307,-0.4567609,-0.08299324,0.055231508,-0.64288986,-0.13552311,0.06526328,-0.79536474,-0.20042677,0.070899986,-0.9302902,-0.24668583,-0.015667753,-0.3743155,-0.10360357,0.04882325,-0.40870625,-0.16409609,0.08212939,-0.31512773,-0.19044906,0.10189059,-0.21792117,-0.20682731
W,Alan,Right,0.0,0.0,0.0,0.10778493,-0.048519388,-0.051086374,0.19153221,-0.16469301,-0.06684269,0.15466446,-0.24609016,-0.07544785,0.072034724,-0.30644473,-0.08755566,0.169304,-0.46699658,-0.04382735,0.23187906,-0.6356056,-0.06390517,0.26917922,-0.7465902,-0.081447266,0.296207,-0.8541763,-0.095858596,0.08939039,-0.5012518,-0.05407231,0.11108075,-0.7202492,-0.0685405,0.122573555,-0.86582005,-0.0956411,0.1299802,-0.9915166,-0.115630634,0.017016523,-0.4708121,-0.06955673,0.013184216,-0.6598157,-0.11877182,0.019182049,-0.8095629,-0.180458,0.01795905,-0.94296277,-0.22348511,-0.04724848,-0.38947216,-0.08671326,0.015940726,-0.4387324,-0.14625311,0.04970159,-0.3426342,-0.17038666,0.06286317,-0.24393822,-0.18403634
W,Alan,Right,0.0,0.0,0.0,0.09633662,-0.07184105,-0.050459355,0.15512219,-0.20450841,-0.06690117,0.087667204,-0.30184576,-0.07692056,0.01269683,-0.36400592,-0.08925109,0.14852995,-0.4663308,-0.041744716,0.21273564,-0.64387107,-0.064567484,0.25069726,-0.7581154,-0.08340982,0.27236953,-0.8584122,-0.09781992,0.062406357,-0.4992946,-0.04840865,0.0860794,-0.7309627,-0.06589512,0.094414316,-0.8772311,-0.09098204,0.09632052,-0.99535036,-0.10754937,-0.010669445,-0.470628,-0.060219344,-0.02151031,-0.6708827,-0.10477311,-0.020904599,-0.8228085,-0.15680635,-0.023867866,-0.9478581,-0.19162755,-0.073911145,-0.3963048,-0.07401502,-0.04436344,-0.47302863,-0.13036272,-0.010693145,-0.4078733,-0.15043046,0.0108630005,-0.33141312,-0.15860659
W,Alan,Right,0.0,0.0,0.0,0.08611058,-0.058004238,-0.065993704,0.13363893,-0.19341898,-0.09065986,0.058926765,-0.31405947,-0.107213914,-0.024464348,-0.39824483,-0.124901004,0.16134416,-0.45536232,-0.05079701,0.21703464,-0.64269173,-0.08156036,0.25035477,-0.76097685,-0.10825246,0.27403086,-0.8684692,-0.12887922,0.077757746,-0.49969885,-0.050478633,0.0997742,-0.7268477,-0.076332584,0.1057572,-0.8717438,-0.10561398,0.108716115,-0.99407285,-0.12389749,0.005357214,-0.483652,-0.05684227,-0.0059822155,-0.6908129,-0.106342725,-0.011340841,-0.8290229,-0.15224208,-0.017682256,-0.9474365,-0.18068159,-0.056165032,-0.42025745,-0.067085974,-0.05293349,-0.509081,-0.12674864,-0.043185934,-0.44044077,-0.1428457,-0.038618285,-0.36321965,-0.14591542
W,Alan,Right,0.0,0.0,0.0,0.08953498,-0.056536123,-0.06085714,0.14330105,-0.19101831,-0.08411692,0.066224635,-0.31473783,-0.10022897,-0.014763572,-0.39731342,-0.117466785,0.17736094,-0.4513373,-0.044378936,0.2367166,-0.6414624,-0.068245366,0.2666104,-0.75570077,-0.09029553,0.28766426,-0.8632847,-0.10928863,0.08923484,-0.49597156,-0.047063403,0.11273804,-0.72194225,-0.06469186,0.11702471,-0.86561424,-0.092494026,0.11906733,-0.9928862,-0.11268226,0.015125565,-0.48065472,-0.055818144,0.002643092,-0.68808204,-0.09943755,-0.0064296885,-0.8267814,-0.14650981,-0.014515567,-0.9498273,-0.17877978,-0.04720149,-0.41864228,-0.06807306,-0.041623097,-0.5103069,-0.12449883,-0.031868234,-0.43301687,-0.1403187,-0.0263419,-0.35001498,-0.14543691
W,Alan,Right,0.0,0.0,0.0,0.085874476,-0.051543355,-0.06499405,0.13724312,-0.18430214,-0.08685115,0.061302423,-0.31270158,-0.099220335,-0.014820635,-0.4030089,-0.11242688,0.17666198,-0.4448207,-0.04667699,0.24188907,-0.6322538,-0.07082914,0.27710283,-0.7443227,-0.09264101,0.30248585,-0.85016197,-0.11122116,0.094607204,-0.48903003,-0.04808279,0.12508896,-0.71939766,-0.06550331,0.13251972,-0.86251926,-0.09386958,0.13789944,-0.9904462,-0.114167735,0.022179032,-0.4704257,-0.05620609,0.018316714,-0.6796417,-0.10486141,0.015379724,-0.8148286,-0.15465277,0.012210954,-0.94116867,-0.1875104,-0.040822864,-0.4019632,-0.06765483,-0.028587911,-0.5023632,-0.1305015,-0.011917,-0.4173757,-0.14734076,-0.0035458745,-0.3261955,-0.15198801
W,Alan,Right,0.0,0.0,0.0,0.103588246,-0.05143351,-0.05477166,0.16694766,-0.18197902,-0.07221134,0.11007505,-0.31094152,-0.08282706,0.044398513,-0.39609006,-0.09495865,0.20648828,-0.4478364,-0.041226264,0.28961512,-0.62229156,-0.062538855,0.33324865,-0.73129267,-0.08172647,0.3617521,-0.8309687,-0.09786621,0.1239116,-0.49693698,-0.046271108,0.16031054,-0.723096,-0.06283705,0.17477089,-0.8638501,-0.088335365,0.18416966,-0.9828945,-0.10645418,0.04713909,-0.48185188,-0.0568896,0.052336894,-0.6936654,-0.10099366,0.05810097,-0.8339527,-0.1468878,0.06302166,-0.95860475,-0.17775275,-0.023625031,-0.4170013,-0.07015799,0.0079541905,-0.5222186,-0.12445655,0.025044356,-0.44839975,-0.13783582,0.032337327,-0.3650224,-0.14153597
W,Alan,Right,0.0,0.0,0.0,0.099999964,-0.059007216,-0.049319834,0.16136321,-0.19822113,-0.06062514,0.1077596,-0.32250047,-0.06634763,0.04466498,-0.41190782,-0.07355953,0.2042076,-0.4488732,-0.025788635,0.28250745,-0.6193238,-0.042965893,0.32719362,-0.7278424,-0.059457667,0.35601005,-0.82726514,-0.07324982,0.12750396,-0.49900624,-0.030067833,0.16603988,-0.7259854,-0.043995585,0.1839444,-0.8650021,-0.06626406,0.19402412,-0.9809968,-0.080608994,0.055571035,-0.48961797,-0.040388726,0.059991732,-0.6905692,-0.08123741,0.06626108,-0.8312095,-0.1273307,0.06673353,-0.95170754,-0.15746808,-0.009527095,-0.43389186,-0.053489663,0.015881775,-0.50857526,-0.10666546,0.023811037,-0.426731,-0.12311336,0.020632323,-0.33836654,-0.1280781
W,Alan,Right,0.0,0.0,0.0,0.08411035,-0.060759712,-0.06364183,0.12321073,-0.21240725,-0.083259046,0.04725404,-0.35189527,-0.094480716,-0.026297811,-0.44873464,-0.10545983,0.1815608,-0.45619687,-0.035882633,0.24316616,-0.6535277,-0.05824893,0.27538317,-0.7672928,-0.07922194,0.2979843,-0.86847955,-0.096725404,0.094695084,-0.49628258,-0.03518078,0.12037917,-0.72934216,-0.053128906,0.1280746,-0.86997277,-0.080517225,0.13612582,-0.99069154,-0.098315865,0.018179787,-0.4784964,-0.041876834,0.012515756,-0.6965295,-0.08924959,0.008341125,-0.8306069,-0.13741048,0.0065838206,-0.9513352,-0.16743223,-0.04640117,-0.41422677,-0.051851466,-0.04138318,-0.5172178,-0.11419093,-0.029677209,-0.43966907,-0.13215782,-0.02155059,-0.35646546,-0.13615249
W,Alan,Right,0.0,0.0,0.0,0.10024946,-0.05538532,-0.047711186,0.16810456,-0.17929216,-0.06448976,0.11184943,-0.2872698,-0.07655425,0.04771079,-0.36768094,-0.090591565,0.1980526,-0.44402632,-0.036010507,0.2668691,-0.6207159,-0.058472496,0.3102224,-0.732507,-0.07860814,0.34006763,-0.8340799,-0.09466643,0.111492656,-0.4927093,-0.04534321,0.1474355,-0.71447855,-0.061101194,0.16338162,-0.86148965,-0.08792134,0.17271712,-0.98497146,-0.10632591,0.034090124,-0.4764672,-0.059926238,0.03651778,-0.68050694,-0.103839144,0.04486353,-0.8238485,-0.15785302,0.04628553,-0.9425757,-0.19443583,-0.03657755,-0.40926924,-0.07640853,0.0038890261,-0.4696183,-0.13566299,0.032635283,-0.39002687,-0.15846224,0.046380997,-0.30441415,-0.1679979
W,Alan,Right,0.0,0.0,0.0,0.119669884,-0.026998857,-0.049890723,0.21394499,-0.11425489,-0.07615967,0.21171235,-0.22471805,-0.09920488,0.15916225,-0.3050575,-0.12495892,0.2638756,-0.42254755,-0.052372612,0.35423025,-0.5792028,-0.08775595,0.4058471,-0.6842221,-0.12043896,0.4451353,-0.78018636,-0.14619833,0.1910191,-0.47889182,-0.066018015,0.24741863,-0.70039606,-0.09172751,0.28076378,-0.83642304,-0.12530959,0.30618498,-0.95197207,-0.15258883,0.110940546,-0.4683021,-0.08488188,0.14063907,-0.6717277,-0.12377443,0.16856885,-0.81102854,-0.16470085,0.1895885,-0.93289214,-0.1958575,0.027637595,-0.40776625,-0.10736592,0.0801783,-0.5216558,-0.14652365,0.11643747,-0.51659775,-0.15839748,0.13868101,-0.4988283,-0.16635108
W,Alan,Right,0.0,0.0,0.0,0.13029037,-0.07641211,-0.0148340855,0.21918362,-0.19046451,-0.0286455,0.2474503,-0.30534947,-0.046583917,0.18491846,-0.36229345,-0.067200676,0.17595227,-0.4484593,-0.028809749,0.2543354,-0.6153925,-0.05105766,0.29554984,-0.71993935,-0.07068806,0.32714486,-0.8162947,-0.08895691,0.113934904,-0.4812097,-0.05643698,0.15236753,-0.7110895,-0.097522736,0.17395662,-0.8598477,-0.13454613,0.18837458,-0.98209727,-0.16068861,0.049553078,-0.45284662,-0.08276842,0.08247776,-0.66458553,-0.13234937,0.120728746,-0.7660717,-0.15834993,0.14880261,-0.85303134,-0.17383848,-0.008630001,-0.37322393,-0.10886946,0.06292243,-0.5225082,-0.15055515,0.13152027,-0.4762698,-0.14714634,0.17754743,-0.40137327,-0.14106481
W,Alan,Right,0.0,0.0,0.0,0.10506129,-0.062049754,-0.049285572,0.17635083,-0.19596526,-0.06381695,0.15051055,-0.28965542,-0.072676666,0.08713742,-0.35233855,-0.08569004,0.145067,-0.47671792,-0.038310338,0.19723676,-0.64723545,-0.062018964,0.22877997,-0.76418287,-0.0845242,0.24805692,-0.86516947,-0.10242937,0.06827255,-0.50639516,-0.05041136,0.0750855,-0.73056746,-0.07066188,0.08346265,-0.87784684,-0.10379928,0.09004481,-0.9959377,-0.12736334,-0.0023884224,-0.47201464,-0.06770253,-0.0075489623,-0.68359107,-0.12302734,0.00060820923,-0.8342363,-0.18567775,0.005346705,-0.9561703,-0.22799811,-0.06696026,-0.3879622,-0.08559521,-0.0042362683,-0.4678495,-0.15525393,0.044693165,-0.3969493,-0.18310991,0.07428506,-0.31261453,-0.1971342
W,Alan,Right,0.0,0.0,0.0,0.09622181,-0.07310971,-0.052749075,0.15832776,-0.21582058,-0.061938502,0.100689575,-0.28797263,-0.06182177,0.01761425,-0.32862738,-0.06427356,0.12123766,-0.4884484,-0.034687698,0.17429808,-0.65837276,-0.05234473,0.20231844,-0.7732909,-0.07033608,0.2192969,-0.8805866,-0.085289404,0.04076336,-0.5074058,-0.043262877,0.05190022,-0.7324463,-0.056916296,0.050996955,-0.8762507,-0.084217295,0.049922977,-0.9987531,-0.10362347,-0.027267791,-0.46884885,-0.05804697,-0.036960088,-0.66646665,-0.10737137,-0.043181043,-0.8064104,-0.16322583,-0.05177026,-0.93539256,-0.20007262,-0.08284902,-0.3777214,-0.07475695,-0.032179996,-0.4784506,-0.13110302,0.0017322554,-0.38972282,-0.1454984,0.019308265,-0.29004955,-0.15113331
W,Alan,Right,0.0,0.0,0.0,0.09351611,-0.05115684,-0.07035617,0.16161257,-0.17007987,-0.09567665,0.086995535,-0.22923322,-0.11015389,-0.017893663,-0.25364694,-0.13014862,0.13148744,-0.46230388,-0.06930321,0.18243784,-0.6418139,-0.10036081,0.20975249,-0.7634895,-0.12600808,0.22595477,-0.8761183,-0.14652106,0.04466275,-0.48811838,-0.07560401,0.057401445,-0.7156238,-0.09940419,0.054749336,-0.86774623,-0.13595395,0.048774835,-0.9988098,-0.16194801,-0.02823799,-0.4492843,-0.08789106,-0.04526671,-0.6423355,-0.14624424,-0.05865769,-0.79074776,-0.2142778,-0.07314849,-0.92798525,-0.26100186,-0.0895209,-0.35712245,-0.102899134,-0.05327637,-0.4105909,-0.17484678,-0.021987464,-0.31600264,-0.20307522,-0.0038988786,-0.2222533,-0.21771413
W,Alan,Right,0.0,0.0,0.0,0.103463925,-0.033120673,-0.07287462,0.17806347,-0.12573591,-0.107185654,0.090382025,-0.17502436,-0.13132967,-0.027279219,-0.20140637,-0.16331528,0.1386581,-0.43703112,-0.08775724,0.19456652,-0.6211016,-0.123685464,0.22260156,-0.7464909,-0.15061629,0.24081926,-0.8667963,-0.17259894,0.048917226,-0.47113404,-0.096105196,0.05692,-0.7023802,-0.12617743,0.048389055,-0.85929656,-0.165509,0.039347112,-0.9992256,-0.19361107,-0.024871308,-0.43358034,-0.10894221,-0.050208565,-0.6258276,-0.17330934,-0.07319474,-0.77611536,-0.24207936,-0.09313328,-0.9188492,-0.28990334,-0.087124266,-0.33908165,-0.12403477,-0.06542314,-0.37589204,-0.2001168,-0.040527932,-0.27197906,-0.22844943,-0.020310182,-0.1736779,-0.24379282
W,Alan,Right,0.0,0.0,0.0,0.09125274,-0.05513613,-0.05566046,0.15794964,-0.16104409,-0.080782376,0.09647085,-0.21460271,-0.10060932,0.0032966007,-0.2418816,-0.12600726,0.13646056,-0.45680004,-0.057098653,0.1944166,-0.63536984,-0.08490813,0.22824824,-0.7571233,-0.10830762,0.24934705,-0.86983675,-0.12756887,0.04682851,-0.4849303,-0.06800454,0.05623117,-0.7137738,-0.08960422,0.055827487,-0.8660513,-0.12279788,0.05176203,-0.99865943,-0.14742725,-0.025731817,-0.44781613,-0.08324227,-0.04828961,-0.6384158,-0.13244423,-0.06150424,-0.7858763,-0.19214287,-0.07624574,-0.91528946,-0.23457006,-0.08545499,-0.3611629,-0.10084698,-0.055928808,-0.41526192,-0.16151471,-0.026366232,-0.33062506,-0.18462464,-0.0068256543,-0.24260542,-0.19686256
W,Alan,Right,0.0,0.0,0.0,0.09597249,-0.050123237,-0.055711705,0.16832863,-0.16332448,-0.07837564,0.10383357,-0.2283585,-0.09486478,0.015561932,-0.27120706,-0.11569309,0.14407502,-0.457394,-0.055123426,0.2086741,-0.6328445,-0.082862206,0.24941157,-0.75003254,-0.105598144,0.274957,-0.85866326,-0.12307654,0.058289785,-0.48527646,-0.063742265,0.08261354,-0.7127331,-0.0848935,0.08799607,-0.8642593,-0.115856625,0.08595189,-0.99629927,-0.13824414,-0.012537076,-0.4491648,-0.07714532,-0.021548022,-0.63291895,-0.123877235,-0.024469001,-0.7782948,-0.17945518,-0.03137798,-0.9056402,-0.2184997,-0.07326802,-0.36517528,-0.09326524,-0.032499965,-0.4237106,-0.14736001,-0.0014152426,-0.34410238,-0.165942,0.016697302,-0.25938392,-0.17557925
W,Alan,Right,0.0,0.0,0.0,0.10254689,-0.051737368,-0.04696221,0.181464,-0.17180829,-0.064121,0.1330305,-0.24618126,-0.076956734,0.048111748,-0.2935803,-0.09448619,0.17027889,-0.46409467,-0.035663757,0.23117866,-0.6274448,-0.057150014,0.26880163,-0.7383179,-0.077960566,0.29421142,-0.8450085,-0.095190085,0.08378842,-0.49986953,-0.048345365,0.103383616,-0.71525586,-0.06225083,0.113225736,-0.8624302,-0.091923594,0.11907309,-0.9928855,-0.11464169,0.008685028,-0.46789047,-0.066002846,0.0030687489,-0.64892936,-0.1103428,0.0071795546,-0.7914625,-0.16966802,0.004955734,-0.9157634,-0.21214192,-0.055493418,-0.3891031,-0.08565764,-0.004069159,-0.42986158,-0.14170007,0.019561065,-0.33744147,-0.16439214,0.026504178,-0.24623643,-0.17726754
W,Alan,Right,0.0,0.0,0.0,0.095498756,-0.07080139,-0.046656746,0.15731807,-0.19384941,-0.06466126,0.09776212,-0.26785582,-0.077499874,0.021334948,-0.31950933,-0.094773136,0.15351772,-0.46734467,-0.048202302,0.2165704,-0.6429173,-0.07416652,0.25933218,-0.7569587,-0.0962203,0.2863728,-0.8614071,-0.11315025,0.071252696,-0.49844256,-0.060964875,0.09981899,-0.72700197,-0.07913386,0.10904907,-0.87401325,-0.10796611,0.11054061,-0.9938716,-0.128399,-0.0028079338,-0.46678168,-0.07800237,-0.013565283,-0.6584826,-0.12394523,-0.009408032,-0.81327885,-0.18198928,-0.010757083,-0.94008595,-0.22313558,-0.072106734,-0.38707682,-0.09664337,-0.033605397,-0.4366982,-0.1545079,0.003807332,-0.35739213,-0.17705359,0.026413431,-0.2674942,-0.18874507
W,Alan,Right,0.0,0.0,0.0,0.07983483,-0.05387309,-0.07352953,0.1203944,-0.16951329,-0.10851821,0.036778573,-0.26487142,-0.13469335,-0.052054677,-0.3388141,-0.16348723,0.14542036,-0.4487954,-0.073404096,0.18529736,-0.6431262,-0.11173438,0.20639887,-0.7650928,-0.1428773,0.2229888,-0.87809986,-0.16650525,0.05621883,-0.48978695,-0.075797506,0.062016323,-0.72552896,-0.106789514,0.054753512,-0.87199205,-0.13873123,0.05120999,-0.9986879,-0.15859483,-0.016598666,-0.46419796,-0.08435827,-0.052789167,-0.67297894,-0.13953367,-0.07415792,-0.81388193,-0.1874915,-0.086827,-0.9386926,-0.21793313,-0.0721867,-0.38624406,-0.09727409,-0.08616563,-0.4541127,-0.16482864,-0.074784346,-0.37300307,-0.1810902,-0.05811193,-0.28561252,-0.1833884
W,Alan,Right,0.0,0.0,0.0,0.07088921,-0.06864479,-0.07526811,0.09422766,-0.20353451,-0.10817224,-0.00678039,-0.30270398,-0.13095264,-0.101882316,-0.37295333,-0.15481964,0.10500751,-0.46478024,-0.06607816,0.14096129,-0.6634034,-0.09988672,0.15534805,-0.7813848,-0.12782247,0.16302522,-0.8909325,-0.15038627,0.016991058,-0.49080783,-0.06499033,0.015532099,-0.72882044,-0.09331436,0.0024617729,-0.8716213,-0.12652148,-0.009133892,-0.9999583,-0.1480525,-0.05107451,-0.45899782,-0.07046894,-0.09015636,-0.65984094,-0.12305346,-0.11370131,-0.7975648,-0.17457478,-0.12999156,-0.9248454,-0.2083964,-0.10142605,-0.3820704,-0.079961576,-0.119985886,-0.4534058,-0.14500208,-0.104543805,-0.38101754,-0.16508445,-0.08498944,-0.309488,-0.1717425
W,Alan,Right,0.0,0.0,0.0,0.08766725,-0.062368423,-0.056178264,0.13967817,-0.19221047,-0.07729558,0.07124701,-0.2885285,-0.09295202,-0.007151043,-0.35065725,-0.111092284,0.15788643,-0.45515007,-0.041722964,0.20779894,-0.6394627,-0.06844331,0.2362708,-0.7550411,-0.09194784,0.25533348,-0.85956556,-0.110239424,0.07044819,-0.4929409,-0.047220416,0.08335183,-0.7214818,-0.0660483,0.08107321,-0.8707173,-0.09450698,0.07830662,-0.99692935,-0.11321537,-0.0019359293,-0.4711141,-0.058620684,-0.018778298,-0.66954863,-0.10289434,-0.02837963,-0.80933124,-0.15380803,-0.037844174,-0.9276089,-0.1874648,-0.059788704,-0.40065816,-0.073301524,-0.048823956,-0.45821223,-0.13192104,-0.031774245,-0.3781555,-0.15201561,-0.02068791,-0.29297334,-0.15889464
W,Alan,Right,0.0,0.0,0.0,0.09663104,-0.06562275,-0.042469498,0.16023137,-0.19595551,-0.056612566,0.09884348,-0.2988471,-0.0665709,0.024288293,-0.36771473,-0.078966096,0.1826044,-0.44542834,-0.032270797,0.25351974,-0.62551767,-0.05160075,0.29177076,-0.74047685,-0.06893388,0.31423688,-0.8424669,-0.08324364,0.09500902,-0.48938024,-0.04337607,0.12762643,-0.7177414,-0.056794293,0.14044604,-0.8663859,-0.0819509,0.14614725,-0.9892628,-0.10007514,0.017499086,-0.47215787,-0.05912647,0.015079289,-0.6775234,-0.100825645,0.021282354,-0.82164454,-0.15263489,0.021530183,-0.9409723,-0.18838519,-0.050586857,-0.4090739,-0.076239936,-0.013819371,-0.4812304,-0.13263051,0.016479038,-0.4077585,-0.15288487,0.03271578,-0.32659426,-0.161562
W,Alan,Right,0.0,0.0,0.0,0.09954629,-0.05388187,-0.0504135,0.16855259,-0.17997184,-0.06769255,0.109225266,-0.293852,-0.07867686,0.035411388,-0.37221533,-0.09172738,0.19416146,-0.43644446,-0.038831383,0.26986462,-0.6098446,-0.05920218,0.3110989,-0.72337604,-0.07755054,0.33754647,-0.82488006,-0.09291528,0.10671865,-0.48377967,-0.046861142,0.1432118,-0.71155006,-0.061957255,0.1596606,-0.8605035,-0.088007554,0.1700673,-0.98543245,-0.106547125,0.027195102,-0.46773162,-0.0599011,0.03146807,-0.67419136,-0.105369374,0.042620327,-0.8218254,-0.15740715,0.048125673,-0.9477971,-0.19272985,-0.04473525,-0.40452895,-0.07472333,-0.005153546,-0.4831215,-0.13547511,0.021209035,-0.4038674,-0.15502733,0.03276724,-0.31733412,-0.16241819
W,Alan,Right,0.0,0.0,0.0,0.100259185,-0.055724252,-0.048223507,0.17084889,-0.17991248,-0.06532294,0.115257986,-0.28950918,-0.07658086,0.041422613,-0.36688715,-0.09020635,0.19466676,-0.43576878,-0.03927079,0.27244866,-0.60494405,-0.06019676,0.31483728,-0.71423274,-0.079196684,0.34166372,-0.8143099,-0.095141865,0.106252395,-0.48569107,-0.048585746,0.14561117,-0.7123846,-0.064469405,0.1617636,-0.8605708,-0.09145652,0.16962595,-0.9855085,-0.11075467,0.025990836,-0.46977168,-0.06252102,0.032572918,-0.67036724,-0.10738812,0.047427703,-0.818135,-0.16019848,0.05360938,-0.9435406,-0.19645356,-0.04644297,-0.4055072,-0.07802907,-0.004223438,-0.4742823,-0.13711317,0.02620083,-0.3997083,-0.15717722,0.03893582,-0.31966972,-0.16549446
W,Alan,Right,0.0,0.0,0.0,0.10194608,-0.05934341,-0.053819217,0.17086428,-0.18941343,-0.07204701,0.117993414,-0.30264705,-0.083670534,0.04688305,-0.37961382,-0.09762531,0.18619885,-0.4528785,-0.041434914,0.25919163,-0.6188025,-0.066294804,0.3031244,-0.7259438,-0.088884704,0.3325553,-0.8232997,-0.107192345,0.101271644,-0.497297,-0.049020495,0.13919812,-0.7213954,-0.06947292,0.15381211,-0.86618114,-0.099682674,0.16105403,-0.98694557,-0.12094837,0.02346593,-0.4768516,-0.062285278,0.029982543,-0.67795295,-0.11210506,0.04179593,-0.82075286,-0.16646178,0.048337642,-0.9420906,-0.20297927,-0.047761515,-0.4073952,-0.07759273,-0.0058911834,-0.48570472,-0.14123368,0.029100321,-0.41500598,-0.16401653,0.048913173,-0.33859232,-0.17383462
W,Alan,Right,0.0,0.0,0.0,0.093157426,-0.07402698,-0.048821412,0.14576794,-0.21875699,-0.06189135,0.08217402,-0.32930177,-0.06887462,0.005740522,-0.39719397,-0.07741024,0.16147856,-0.46660307,-0.030906813,0.22989172,-0.6477174,-0.048686534,0.26735634,-0.7586966,-0.066304125,0.29048908,-0.859036,-0.081546165,0.07708178,-0.50283885,-0.037944686,0.10440753,-0.7303352,-0.05148237,0.11316373,-0.87249017,-0.07596107,0.11552315,-0.9933048,-0.09325897,0.002209174,-0.47922403,-0.05047519,-0.00033389335,-0.6860557,-0.093632385,0.0037490833,-0.8271911,-0.14103377,0.002527008,-0.95066637,-0.1723909,-0.06284298,-0.4095008,-0.06497592,-0.032623615,-0.5127965,-0.12068856,-0.0038288867,-0.44313842,-0.13532864,0.010957396,-0.36294293,-0.1393447
W,Alan,Right,0.0,0.0,0.0,0.08449945,-0.081998736,-0.050178614,0.13318855,-0.21945488,-0.06729508,0.061372265,-0.30886376,-0.07823602,-0.023294723,-0.36015695,-0.091964,0.13055854,-0.46829036,-0.04055353,0.1942186,-0.6468582,-0.06458012,0.23067869,-0.75935566,-0.08683493,0.2524043,-0.8629197,-0.10492905,0.04442428,-0.4984027,-0.049107887,0.065588236,-0.72789085,-0.067822866,0.07020412,-0.8732572,-0.095769264,0.068072,-0.9976804,-0.11543794,-0.028669575,-0.46846262,-0.06283285,-0.03914471,-0.66610795,-0.10930812,-0.040352825,-0.8084988,-0.15969874,-0.046344545,-0.93352187,-0.19351666,-0.088830166,-0.39313096,-0.07851083,-0.06667053,-0.47907022,-0.13697243,-0.034698583,-0.4101668,-0.15296885,-0.0154756075,-0.33172697,-0.15798824
W,Alan,Right,0.0,0.0,0.0,0.07024337,-0.08329739,-0.05341237,0.0956296,-0.21901178,-0.072888054,0.022024332,-0.29638785,-0.08714933,-0.06227543,-0.34391034,-0.10411912,0.09713558,-0.46863693,-0.042187385,0.14135715,-0.6511053,-0.07022674,0.16825679,-0.76862174,-0.09653151,0.18259564,-0.87731415,-0.116973676,0.014842579,-0.49730802,-0.049348816,0.013868509,-0.7309231,-0.06988026,0.006219122,-0.87593275,-0.09779222,-0.004279708,-0.9999908,-0.11604251,-0.05217052,-0.468312,-0.06206298,-0.079451695,-0.66156536,-0.10473466,-0.09257093,-0.79955727,-0.15079276,-0.10654028,-0.91866434,-0.1812313,-0.10255601,-0.394696,-0.07828646,-0.10146152,-0.46369934,-0.13163191,-0.08062344,-0.39534962,-0.14552748,-0.064202696,-0.31719208,-0.14854033
W,Alan,Right,0.0,0.0,0.0,0.041916028,-0.08383976,-0.07532986,0.032585558,-0.21378039,-0.10864501,-0.06519492,-0.30126882,-0.13301536,-0.15824628,-0.36163288,-0.15874517,0.037504483,-0.47382793,-0.06485627,0.059470717,-0.67934245,-0.101973414,0.06788622,-0.8025758,-0.13419977,0.0676151,-0.9087142,-0.15769316,-0.045700606,-0.48413062,-0.063701674,-0.06959905,-0.72845614,-0.09216202,-0.09715824,-0.8750904,-0.12308444,-0.12042058,-0.992723,-0.14155328,-0.1094039,-0.43703586,-0.06983977,-0.16560018,-0.6428963,-0.120838575,-0.19872665,-0.7779034,-0.16892068,-0.22284976,-0.89200324,-0.19910257,-0.15389407,-0.3462289,-0.08068144,-0.17977628,-0.4083225,-0.14759919,-0.15526363,-0.3466226,-0.16766605,-0.12582792,-0.27641615,-0.17210108
W,Alan,Right,0.0,0.0,0.0,0.0107649295,-0.07685213,-0.10830981,-0.02916857,-0.20566785,-0.15150766,-0.1471431,-0.28391588,-0.17778486,-0.2537822,-0.33909515,-0.20433041,-0.014919471,-0.47659937,-0.089199424,-0.009018379,-0.67778724,-0.13260151,-0.01304247,-0.79897475,-0.17095634,-0.020952975,-0.9095947,-0.20080785,-0.094093174,-0.47845182,-0.07132317,-0.1354917,-0.71316785,-0.11256418,-0.16980724,-0.8538891,-0.15181378,-0.19715607,-0.98037213,-0.17628439,-0.1554131,-0.4257217,-0.06322728,-0.22522779,-0.6166616,-0.12707745,-0.27058405,-0.7477506,-0.18116932,-0.30144414,-0.8691484,-0.21441859,-0.19623356,-0.33330306,-0.061912067,-0.2561791,-0.3818668,-0.13926537,-0.24947223,-0.3195285,-0.1660247,-0.22752121,-0.25657815,-0.1757848
W,Alan,Right,0.0,0.0,0.0,0.059944794,-0.07555665,-0.09059892,0.059057295,-0.21388717,-0.12841286,-0.031987023,-0.32202178,-0.15382993,-0.11789952,-0.40272146,-0.17930764,0.09213925,-0.46358705,-0.07981211,0.13627432,-0.66351074,-0.12591186,0.15759496,-0.7845535,-0.16211148,0.1715059,-0.88993955,-0.18722072,0.010140669,-0.49525294,-0.07089239,0.0026144062,-0.74284977,-0.10788955,-0.006024922,-0.88604164,-0.13931407,-0.009082415,-0.99995875,-0.15560655,-0.060807843,-0.46640655,-0.07090481,-0.10180606,-0.660419,-0.12666892,-0.11574328,-0.80610543,-0.17395298,-0.11955001,-0.9311768,-0.20189591,-0.11319479,-0.3901092,-0.07692119,-0.14570762,-0.43233195,-0.14388888,-0.12686425,-0.369694,-0.16319531,-0.10380978,-0.2984694,-0.16676095
W,Alan,Right,0.0,0.0,0.0,0.08658639,-0.061533283,-0.061219558,0.14151114,-0.19685604,-0.083293274,0.07525065,-0.30587313,-0.09872793,-0.0022361728,-0.3761991,-0.11581232,0.17397784,-0.45227012,-0.042659037,0.24072032,-0.62967944,-0.07050753,0.2782288,-0.744617,-0.09658428,0.3058213,-0.8489821,-0.11723661,0.08961124,-0.49766213,-0.04522697,0.115925565,-0.7189629,-0.06425443,0.12516539,-0.86606795,-0.09304976,0.13250326,-0.99118257,-0.11248755,0.01970926,-0.48146373,-0.054409824,0.01717488,-0.68041694,-0.09780895,0.017583854,-0.81614375,-0.1465585,0.016545715,-0.93052804,-0.17866962,-0.035070427,-0.4163745,-0.06767929,-0.024126895,-0.47894016,-0.12681615,-0.008844711,-0.40265194,-0.1464815,-0.0009946037,-0.3170775,-0.15231793
W,Alan,Right,0.0,0.0,0.0,0.10531125,-0.051300324,-0.039787237,0.18591863,-0.16773318,-0.054181933,0.16884832,-0.26148802,-0.06550931,0.10721827,-0.32196784,-0.08025086,0.18288842,-0.45859683,-0.03405851,0.25404352,-0.6308738,-0.052443445,0.2964324,-0.7353596,-0.06956708,0.3238811,-0.8320086,-0.08306171,0.10398146,-0.4945203,-0.046295505,0.13708061,-0.72192734,-0.05948901,0.15397264,-0.8648723,-0.08559273,0.16205491,-0.9867817,-0.10524561,0.029400667,-0.46617737,-0.062184576,0.029415112,-0.6618284,-0.10210814,0.042165823,-0.80610406,-0.15381868,0.04616453,-0.9242517,-0.19045773,-0.0426253,-0.39264062,-0.07927822,0.009940644,-0.47203228,-0.124899045,0.048882633,-0.39898753,-0.13930419,0.06667223,-0.3089425,-0.14702296
W,Alan,Right,0.0,0.0,0.0,0.119973116,-0.032334626,-0.05573376,0.20452778,-0.13734503,-0.08074831,0.17382619,-0.24864937,-0.10166803,0.1116041,-0.3262714,-0.12235521,0.24123895,-0.43388966,-0.046248004,0.3393627,-0.58145416,-0.08067597,0.40130225,-0.6720071,-0.110302486,0.4461932,-0.7585454,-0.13303271,0.17337936,-0.4918405,-0.05386746,0.2307621,-0.7085605,-0.07805504,0.25015312,-0.8490926,-0.110176094,0.254876,-0.9669737,-0.13531741,0.10079092,-0.48146397,-0.06849446,0.10969889,-0.6770504,-0.105666146,0.11227774,-0.81801873,-0.14916278,0.108298056,-0.93882024,-0.18094268,0.025086073,-0.42214444,-0.08771086,0.05869284,-0.52163625,-0.12642491,0.072521105,-0.5370078,-0.14596488,0.07280626,-0.5471944,-0.15909669
W,Alan,Right,0.0,0.0,0.0,0.12336038,-0.03616365,-0.045809485,0.21870385,-0.14135572,-0.06586317,0.19864371,-0.250709,-0.08172636,0.13339445,-0.3323141,-0.100913495,0.20839322,-0.44437137,-0.039697614,0.29281917,-0.5993634,-0.06242309,0.34530935,-0.70198953,-0.08314367,0.38144058,-0.79751325,-0.0996104,0.12750761,-0.49177885,-0.052228555,0.1603445,-0.72365236,-0.06979852,0.17794263,-0.86765575,-0.09971844,0.18299507,-0.9831138,-0.12199684,0.05151953,-0.46770197,-0.06901191,0.05113751,-0.67157567,-0.11794651,0.062460233,-0.8164716,-0.17307346,0.060764737,-0.93263173,-0.21083255,-0.019710537,-0.39325848,-0.08645066,0.050827093,-0.4718929,-0.14171429,0.095449135,-0.39089856,-0.15958247,0.111395285,-0.29513532,-0.16842689
W,Alan,Right,0.0,0.0,0.0,0.12565789,-0.05053044,-0.04187501,0.2167894,-0.16632389,-0.058761865,0.19140853,-0.27345857,-0.072528675,0.11899443,-0.3366354,-0.08998063,0.2030996,-0.4490564,-0.035179988,0.28220415,-0.60473627,-0.05578844,0.33284327,-0.70834035,-0.07491689,0.3660476,-0.79976267,-0.090515226,0.121567175,-0.48852006,-0.049394555,0.14977434,-0.7212913,-0.06449046,0.16420105,-0.87034565,-0.09376691,0.16571023,-0.98617446,-0.11626139,0.04476722,-0.45893252,-0.06747948,0.040768456,-0.6646412,-0.1130397,0.05721812,-0.81393445,-0.1691776,0.059684336,-0.9301551,-0.20869316,-0.028279401,-0.38080674,-0.08610319,0.03264469,-0.45378736,-0.14157559,0.08449033,-0.3807776,-0.16223879,0.10775799,-0.2910661,-0.17338039
W,Alan,Right,0.0,0.0,0.0,0.10622246,-0.05020298,-0.04983934,0.18178314,-0.1536118,-0.07418074,0.16452798,-0.2524507,-0.09482986,0.11007102,-0.316337,-0.11856219,0.19328843,-0.46546066,-0.04579896,0.2629327,-0.6321106,-0.08010455,0.31015018,-0.73740035,-0.11075629,0.34207034,-0.8285361,-0.13324824,0.12593238,-0.5017839,-0.059620965,0.16454138,-0.726199,-0.08544579,0.1739045,-0.870115,-0.12066612,0.17445457,-0.9846652,-0.14593755,0.053597253,-0.4757509,-0.07890665,0.06702061,-0.67620015,-0.12261199,0.08589112,-0.82476646,-0.17557815,0.09781128,-0.9451633,-0.21405248,-0.02747484,-0.39772168,-0.101023026,0.012069551,-0.4597232,-0.15287207,0.059850305,-0.4122087,-0.17470248,0.0935983,-0.3507811,-0.18688606
W,Alan,Right,0.0,0.0,0.0,0.10504692,-0.06927696,-0.049992736,0.16921647,-0.19961153,-0.066891395,0.13263637,-0.28583458,-0.07810334,0.06525241,-0.3480582,-0.092451915,0.152203,-0.47554433,-0.04879121,0.22814776,-0.6560437,-0.0764733,0.27726832,-0.77235556,-0.09941998,0.3069856,-0.8747769,-0.11659186,0.06874501,-0.50834405,-0.05907858,0.07901597,-0.7437299,-0.078423135,0.081357576,-0.88630575,-0.10736145,0.07379424,-0.9972735,-0.1289501,-0.0039723753,-0.47314605,-0.07465195,-0.019003695,-0.6634455,-0.12177615,-0.022120515,-0.80521697,-0.17756066,-0.034951195,-0.9149631,-0.217129,-0.065649584,-0.38860747,-0.09224387,-0.007011675,-0.44905335,-0.14937676,0.038925637,-0.38329074,-0.17330115,0.061485376,-0.30204317,-0.18689778
W,Alan,Right,0.0,0.0,0.0,0.09371817,-0.06737399,-0.049492147,0.1533305,-0.21127388,-0.061419982,0.09061578,-0.29375365,-0.06738411,0.011038098,-0.34270552,-0.076563224,0.14075108,-0.47992373,-0.031681716,0.19962667,-0.6461812,-0.052014705,0.2383545,-0.7603147,-0.07091333,0.2618385,-0.86266494,-0.0863501,0.053389233,-0.5108282,-0.04014956,0.058182642,-0.7326055,-0.05586301,0.059556913,-0.876566,-0.082610145,0.058955405,-0.9982606,-0.100603804,-0.018728945,-0.47593755,-0.054428875,-0.03986399,-0.6708061,-0.103051856,-0.047166668,-0.8150402,-0.15959784,-0.056741063,-0.9382122,-0.19688408,-0.07911949,-0.39474764,-0.07043231,-0.04226636,-0.4540414,-0.13252097,-0.011301431,-0.37043995,-0.15602668,0.005547851,-0.28368956,-0.16647266
W,Alan,Right,0.0,0.0,0.0,0.09486703,-0.05796101,-0.05259961,0.16211861,-0.19203347,-0.066077024,0.100901976,-0.2750251,-0.07339276,0.01665157,-0.32741714,-0.08419486,0.16126613,-0.47099373,-0.034735754,0.22935908,-0.63847035,-0.056785394,0.27180076,-0.75294924,-0.0772088,0.29887125,-0.8557884,-0.09401471,0.07418468,-0.5098844,-0.042553086,0.09276334,-0.730333,-0.061041698,0.09969726,-0.87407076,-0.09011644,0.101917356,-0.9947929,-0.10947286,0.00063769467,-0.48199508,-0.056527946,-0.010639843,-0.67848206,-0.10671784,-0.013354874,-0.821527,-0.16468161,-0.020611674,-0.9451223,-0.2024884,-0.060902398,-0.4047347,-0.072654076,-0.023778463,-0.46453166,-0.13601844,-0.0013907757,-0.37667158,-0.16032918,0.006996796,-0.28670803,-0.17071682
W,Alan,Right,0.0,0.0,0.0,0.09270173,-0.04346659,-0.061593913,0.16025858,-0.15045576,-0.08458198,0.08479406,-0.2169096,-0.09897848,-0.0059947628,-0.26670983,-0.117431246,0.15944654,-0.44845736,-0.06058243,0.23214193,-0.61991364,-0.092627056,0.2740967,-0.7339876,-0.11925899,0.3034811,-0.84229255,-0.14013109,0.069521956,-0.48545143,-0.07026084,0.08979936,-0.7127718,-0.094607264,0.09095581,-0.8645277,-0.13054204,0.08830591,-0.9960934,-0.15593068,-0.0056337686,-0.45161837,-0.08566918,-0.018549489,-0.6504312,-0.14341798,-0.02697421,-0.7928203,-0.20681168,-0.03810753,-0.92391247,-0.24908473,-0.06693738,-0.36187395,-0.103284426,-0.03332227,-0.42112866,-0.17280923,-0.006273915,-0.32977247,-0.19681929,0.005654286,-0.23772189,-0.20726028
W,Alan,Right,0.0,0.0,0.0,0.10149183,-0.045001023,-0.05664785,0.17890082,-0.15641615,-0.078434095,0.12002618,-0.2291364,-0.094012216,0.0351366,-0.28198656,-0.11404077,0.16894981,-0.45506158,-0.053168356,0.23925336,-0.62453705,-0.080520175,0.28392226,-0.7399803,-0.103433505,0.31398275,-0.8471423,-0.12139193,0.07819506,-0.49236307,-0.06127619,0.0932667,-0.7184347,-0.08194434,0.097714946,-0.86718076,-0.11370324,0.09806511,-0.99518,-0.13621202,0.004388919,-0.46137887,-0.07425484,-0.0062009417,-0.6453571,-0.122848205,-0.008328397,-0.79274017,-0.18234332,-0.01498362,-0.9206212,-0.2235951,-0.055505205,-0.3808436,-0.08988079,-0.016087798,-0.4190231,-0.14982468,0.008238077,-0.3301813,-0.17439312,0.019332971,-0.2416381,-0.18691556
W,Alan,Right,0.0,0.0,0.0,0.10188123,-0.05072069,-0.04664776,0.17973961,-0.16909698,-0.06384182,0.13474351,-0.24996836,-0.0761991,0.061785463,-0.30576977,-0.092840016,0.17662214,-0.45365754,-0.04077714,0.24682912,-0.61639583,-0.064161934,0.2897597,-0.72470075,-0.08440613,0.31658524,-0.825032,-0.10034528,0.090301305,-0.49171242,-0.05293667,0.112894624,-0.7168864,-0.070019156,0.11985485,-0.86422056,-0.09957168,0.12018557,-0.9927514,-0.1207964,0.015056989,-0.46080205,-0.069413,0.009192803,-0.6460008,-0.11512521,0.0126649365,-0.7916293,-0.17209114,0.010812706,-0.91768503,-0.21203299,-0.051458597,-0.38155943,-0.087478906,-0.004921456,-0.42301854,-0.14340107,0.02166764,-0.33493543,-0.16407968,0.033482067,-0.24563514,-0.17466626
W,Alan,Right,0.0,0.0,0.0,0.10954798,-0.03775626,-0.04350959,0.19959942,-0.14563294,-0.058245484,0.18268055,-0.23922583,-0.06867726,0.11534393,-0.30998263,-0.08277387,0.20380743,-0.44610864,-0.034622137,0.2861692,-0.6007985,-0.05090961,0.33404282,-0.7084737,-0.06804476,0.36525625,-0.811475,-0.08329786,0.12459297,-0.48797053,-0.04682732,0.15453152,-0.71669465,-0.060285073,0.17104316,-0.86073774,-0.08733113,0.17832011,-0.98397255,-0.108487286,0.050585963,-0.46239853,-0.062791124,0.060609452,-0.6568839,-0.106918775,0.077750236,-0.8027146,-0.16003859,0.08269271,-0.92740476,-0.19744705,-0.018459376,-0.38919324,-0.08001513,0.051016733,-0.45550317,-0.13187878,0.07868193,-0.36905965,-0.14858887,0.0839597,-0.27343547,-0.1574556
W,Alan,Right,0.0,0.0,0.0,0.098093666,-0.05915412,-0.050414026,0.16691253,-0.19357036,-0.0639965,0.110970244,-0.2932878,-0.07181803,0.04013978,-0.35629076,-0.082397535,0.17274511,-0.46413997,-0.032284062,0.24283929,-0.6265472,-0.055243906,0.29336464,-0.7358378,-0.0775891,0.32821685,-0.83306783,-0.09508512,0.09025032,-0.5042476,-0.040423416,0.11830308,-0.7261921,-0.056267265,0.13112278,-0.87134254,-0.08451402,0.13759303,-0.9904888,-0.10460907,0.017074209,-0.47879001,-0.054602306,0.0144373095,-0.6777564,-0.10072775,0.022698713,-0.82531875,-0.15612285,0.025237326,-0.9471618,-0.19386089,-0.051091004,-0.40525246,-0.071031325,-0.009807872,-0.47181398,-0.13091876,0.02177427,-0.39279866,-0.15360595,0.037866987,-0.3054759,-0.16406783
W,Alan,Right,0.0,0.0,0.0,0.06291786,-0.07030367,-0.07178765,0.07947393,-0.20294249,-0.10274842,-0.009711271,-0.29790425,-0.12549677,-0.1031127,-0.3661705,-0.15122578,0.10620047,-0.45913792,-0.06804184,0.16143748,-0.65241736,-0.10705963,0.18902147,-0.77832097,-0.13805665,0.20761296,-0.8894346,-0.16096212,0.02238673,-0.4903551,-0.06948884,0.029005429,-0.7341524,-0.098405644,0.019877939,-0.8814598,-0.12920763,0.014300016,-0.9998978,-0.14799482,-0.047467902,-0.45491385,-0.077429436,-0.090088196,-0.66167706,-0.13024575,-0.11315623,-0.79787624,-0.17886457,-0.12774384,-0.91435975,-0.2099659,-0.10206735,-0.36855617,-0.08964937,-0.1282917,-0.42138863,-0.15682264,-0.11332175,-0.35334817,-0.17739347,-0.094833404,-0.2814092,-0.18333994
W,Alan,Right,0.0,0.0,0.0,0.09058069,-0.02669213,-0.06756961,0.15913661,-0.10384984,-0.10674714,0.085543066,-0.14774187,-0.13821353,-0.012461198,-0.18348257,-0.17757346,0.12836136,-0.43057647,-0.09054406,0.18738079,-0.617923,-0.12993757,0.2185799,-0.74170923,-0.1603847,0.24060081,-0.8561882,-0.18336421,0.035119057,-0.46004468,-0.100709654,0.033430483,-0.70286846,-0.13216166,0.020545864,-0.86359996,-0.17355622,0.009025888,-0.9999593,-0.20159662,-0.04034909,-0.41525456,-0.1137144,-0.066775054,-0.6121503,-0.17529446,-0.08275821,-0.7691081,-0.24380788,-0.09876746,-0.9035411,-0.29047012,-0.10288978,-0.31564167,-0.12816751,-0.07359473,-0.3428453,-0.20359318,-0.041246112,-0.25161454,-0.23208022,-0.016951742,-0.16096234,-0.24534447
W,Alan,Right,0.0,0.0,0.0,0.09126115,-0.05460297,-0.056135166,0.15989062,-0.17729208,-0.076693125,0.09448402,-0.25168568,-0.089800164,0.0015536163,-0.29605174,-0.10711768,0.13471916,-0.45827854,-0.05394252,0.19688566,-0.6315258,-0.078900635,0.23343554,-0.75073564,-0.099799946,0.25452352,-0.8611302,-0.116778,0.04501733,-0.48940334,-0.062020846,0.053334102,-0.72044593,-0.0831453,0.054083195,-0.8694412,-0.11265091,0.050699797,-0.9987139,-0.13268957,-0.028000742,-0.4566475,-0.074587405,-0.03740631,-0.6475639,-0.12585588,-0.03703319,-0.80220014,-0.182764,-0.04278249,-0.9410681,-0.22105393,-0.08861169,-0.37440902,-0.08925997,-0.042751096,-0.43783608,-0.15080795,-0.009074209,-0.35316697,-0.17051648,0.008202885,-0.2628216,-0.1787579
W,Alan,Right,0.0,0.0,0.0,0.08834697,-0.051594995,-0.060743563,0.16164076,-0.17743337,-0.081056364,0.09179906,-0.24543704,-0.09193446,-0.013470821,-0.2773853,-0.10787374,0.13617156,-0.46297735,-0.055077296,0.19770713,-0.6373681,-0.07868103,0.23213997,-0.75347126,-0.09910529,0.25311852,-0.8629103,-0.11626507,0.045885652,-0.49306333,-0.06261474,0.055009462,-0.7187781,-0.081849396,0.053918328,-0.8676606,-0.11347302,0.048192494,-0.99883807,-0.13537122,-0.027889868,-0.4587564,-0.07536424,-0.036439802,-0.64862794,-0.13002306,-0.0394074,-0.801953,-0.1935303,-0.04801616,-0.9454627,-0.23654419,-0.08835109,-0.37360278,-0.090043314,-0.037254654,-0.42780024,-0.15780678,-0.0073193545,-0.3303752,-0.18153355,0.004201931,-0.23479812,-0.1925271
W,Alan,Right,0.0,0.0,0.0,0.0944544,-0.064093195,-0.052104194,0.16068086,-0.19590946,-0.0689761,0.097495295,-0.2789672,-0.07887253,0.013962195,-0.3311159,-0.091978,0.14116083,-0.46718642,-0.04276913,0.20848134,-0.63880724,-0.06509164,0.24817494,-0.7522643,-0.08515528,0.27098984,-0.8575476,-0.10170526,0.055114597,-0.4998666,-0.050749153,0.069789425,-0.7253992,-0.06823275,0.071157105,-0.8720853,-0.09741897,0.06563395,-0.99784374,-0.11831429,-0.017106911,-0.46946853,-0.06377032,-0.023751114,-0.6638239,-0.11255966,-0.02452545,-0.8132439,-0.17051211,-0.03310458,-0.94514036,-0.21009454,-0.078068554,-0.39185107,-0.07847175,-0.03191185,-0.46268985,-0.14026281,0.0012695247,-0.38281858,-0.16291295,0.016275132,-0.29680914,-0.17337403
W,Alan,Right,0.0,0.0,0.0,0.076358676,-0.06375672,-0.073876984,0.10139263,-0.19648279,-0.09849489,-0.0024510126,-0.25740978,-0.1095267,-0.1037147,-0.28965932,-0.12237646,0.08669004,-0.4617957,-0.07170345,0.13844104,-0.6446017,-0.10698178,0.161489,-0.7648451,-0.13389792,0.1754586,-0.8823815,-0.15497041,-0.00011672401,-0.4811819,-0.073589064,-0.008625192,-0.71703595,-0.1102952,-0.028048407,-0.86267704,-0.14315782,-0.045382638,-0.9989697,-0.161485,-0.069836766,-0.44266725,-0.08196948,-0.107382625,-0.6433256,-0.15044402,-0.13080809,-0.77884483,-0.20183662,-0.1518714,-0.9174322,-0.22958122,-0.1202668,-0.34873143,-0.09338492,-0.12399508,-0.43885845,-0.16402365,-0.09885975,-0.34765217,-0.17484725,-0.07951415,-0.2562432,-0.17271002
W,Alan,Right,0.0,0.0,0.0,0.081239045,-0.057679664,-0.05446572,0.13567679,-0.16981298,-0.078644685,0.06377438,-0.23663507,-0.09733841,-0.026384374,-0.27188334,-0.1204207,0.13404223,-0.44993433,-0.050488107,0.19143593,-0.6291214,-0.079209164,0.22098994,-0.74385023,-0.10231261,0.23791313,-0.84362704,-0.11945853,0.046182007,-0.4874412,-0.060658257,0.053252205,-0.7261577,-0.08037436,0.045972463,-0.8772088,-0.10906977,0.03592104,-0.99935466,-0.12713718,-0.024885716,-0.46044913,-0.07571541,-0.052063886,-0.658618,-0.12166972,-0.06591108,-0.8057482,-0.17775726,-0.08096786,-0.9305618,-0.2157398,-0.08174791,-0.38409618,-0.09337489,-0.06644573,-0.42340243,-0.15430655,-0.04437414,-0.33845398,-0.17637102,-0.029539326,-0.24950448,-0.18489388
W,Alan,Right,0.0,0.0,0.0,0.10456915,-0.047374822,-0.047289573,0.18676758,-0.17631659,-0.061452284,0.14423087,-0.2645448,-0.07057357,0.06617879,-0.32437056,-0.083829276,0.17801549,-0.46316323,-0.03581943,0.24843654,-0.62414455,-0.056610864,0.2918013,-0.7355098,-0.07566437,0.32038677,-0.83868885,-0.09151794,0.09330318,-0.5014885,-0.046618346,0.110512145,-0.72019285,-0.06296286,0.11724614,-0.8647864,-0.09228173,0.11907703,-0.992885,-0.11416343,0.018877272,-0.47194302,-0.062246043,0.01583985,-0.6587417,-0.1093947,0.022566717,-0.80402803,-0.16659977,0.022534888,-0.9330373,-0.20670906,-0.048179824,-0.3955393,-0.079497166,0.011342123,-0.44687548,-0.1370212,0.04414324,-0.35844326,-0.15914617,0.05777956,-0.27092177,-0.17122427
W,Alan,Right,0.0,0.0,0.0,0.12848243,-0.060529597,-0.019991305,0.22686568,-0.17510252,-0.02820432,0.25363195,-0.27806956,-0.036673296,0.18391554,-0.30483747,-0.04912824,0.19202282,-0.47059104,-0.025441002,0.26947016,-0.62927514,-0.04480781,0.31595185,-0.73253185,-0.0635951,0.35275033,-0.8295029,-0.080810316,0.11887124,-0.49478146,-0.05304958,0.14580888,-0.71807164,-0.08275613,0.16007283,-0.8632689,-0.11663878,0.16885146,-0.9856415,-0.14072795,0.04849719,-0.45636934,-0.081958644,0.073077165,-0.6533995,-0.14232838,0.102910325,-0.7946568,-0.19671874,0.119609326,-0.922486,-0.2303779,-0.012487173,-0.3608875,-0.10896062,0.08271824,-0.47536257,-0.16140467,0.1414911,-0.40685588,-0.17202124,0.16836977,-0.3134342,-0.17665528
W,Alan,Right,0.0,0.0,0.0,0.13605411,-0.05567524,-0.04146624,0.23005007,-0.12975886,-0.044330023,0.22316675,-0.24381912,-0.036661047,0.14938162,-0.2979694,-0.024745665,0.21819983,-0.43302312,-0.037102286,0.3230303,-0.59294635,-0.060099937,0.3803746,-0.6917267,-0.07403983,0.42299044,-0.7832641,-0.081651025,0.14534943,-0.4684727,-0.049006168,0.19560947,-0.7121447,-0.079964,0.21506675,-0.8558821,-0.098420046,0.22910967,-0.9734006,-0.10405717,0.073198386,-0.44423485,-0.06568496,0.09354223,-0.63893694,-0.12050531,0.11198248,-0.77720475,-0.15283489,0.12799309,-0.9128912,-0.16228469,0.002901091,-0.3387515,-0.08365011,0.065127715,-0.47502202,-0.10786463,0.10999101,-0.4193959,-0.0868532,0.121050514,-0.31740266,-0.065089114
W,Alan,Right,0.0,0.0,0.0,0.119440004,-0.0796746,-0.029366499,0.21077639,-0.18401042,-0.039431527,0.20291907,-0.27753443,-0.04569546,0.12708601,-0.30615744,-0.053228933,0.17069171,-0.48546857,-0.03359533,0.24255511,-0.6547964,-0.051409632,0.28256547,-0.7607882,-0.065527715,0.3127255,-0.8583106,-0.077071294,0.09610767,-0.5002534,-0.054125376,0.11518739,-0.7335372,-0.079909414,0.11965559,-0.8782566,-0.10541877,0.12052694,-0.99271005,-0.12137527,0.03101592,-0.45686606,-0.077140704,0.03321141,-0.6523446,-0.12605995,0.042832825,-0.79680926,-0.1718748,0.046159755,-0.92019546,-0.1988792,-0.024199875,-0.3517896,-0.10013594,0.04674409,-0.4661046,-0.13485418,0.09240471,-0.40719903,-0.13558768,0.113431625,-0.3112289,-0.13318762
W,Alan,Right,0.0,0.0,0.0,0.100053765,-0.07636039,-0.048920125,0.16164623,-0.21026658,-0.065449014,0.10624009,-0.3119077,-0.076085694,0.03620409,-0.38190702,-0.08903374,0.14736313,-0.48126203,-0.038534783,0.2095811,-0.6517212,-0.060438592,0.24580894,-0.7623852,-0.07979068,0.26637903,-0.8608399,-0.09553788,0.06193415,-0.5086559,-0.046935793,0.06930138,-0.7375256,-0.06443317,0.06666869,-0.8797882,-0.09233343,0.060506582,-0.9981678,-0.11300931,-0.010782809,-0.4751338,-0.060528994,-0.026331857,-0.67158234,-0.10756151,-0.02980794,-0.82415086,-0.16268438,-0.037499957,-0.9529861,-0.20107852,-0.07385546,-0.39754045,-0.07568068,-0.033865865,-0.47479516,-0.13609524,0.015629904,-0.4212858,-0.16122387,0.049170572,-0.3591744,-0.1741762
W,Alan,Right,0.0,0.0,0.0,0.10230253,-0.054372273,-0.052779246,0.170882,-0.18474393,-0.07087067,0.12043308,-0.30317655,-0.083656974,0.059948053,-0.39140502,-0.09822225,0.2230752,-0.4386519,-0.035079084,0.30341628,-0.6054591,-0.05850495,0.35367057,-0.71400064,-0.081436984,0.38961756,-0.81203485,-0.099991076,0.14089839,-0.491572,-0.041116986,0.17316072,-0.71574575,-0.05629513,0.18747768,-0.85954404,-0.083749145,0.19695763,-0.980412,-0.10407241,0.06535509,-0.48006904,-0.053183302,0.07222728,-0.68247235,-0.09524045,0.08082541,-0.81989706,-0.14526317,0.083374836,-0.9329216,-0.18020295,-0.0037154306,-0.41909,-0.068288706,0.02533074,-0.48207715,-0.1271517,0.040968537,-0.3986307,-0.14837953,0.043097056,-0.30779594,-0.15712452
W,Alan,Right,0.0,0.0,0.0,0.10313289,-0.060183045,-0.050432216,0.17529923,-0.21171871,-0.060130186,0.1266513,-0.33199888,-0.062832266,0.053158805,-0.41420102,-0.0677796,0.21194941,-0.45440248,-0.028637536,0.28966886,-0.61562455,-0.04938053,0.33874172,-0.7225939,-0.071128435,0.37509248,-0.82084155,-0.08899009,0.13149637,-0.4995276,-0.036714356,0.16315417,-0.72517306,-0.05193335,0.17892125,-0.86635405,-0.07794606,0.1891828,-0.9819419,-0.09621472,0.054986365,-0.4819817,-0.051230043,0.06528941,-0.69108623,-0.098808475,0.07614395,-0.8321181,-0.14989795,0.080267385,-0.95157063,-0.18332233,-0.01459327,-0.4150384,-0.06804429,0.023972683,-0.4903284,-0.12858488,0.0369672,-0.4025889,-0.14613402,0.03273355,-0.30588213,-0.15186432
W,Alan,Right,0.0,0.0,0.0,0.096065305,-0.065418534,-0.057208437,0.15092464,-0.21931173,-0.070228495,0.08466642,-0.34142676,-0.07624544,0.0054197847,-0.41897157,-0.08405184,0.18007855,-0.4576446,-0.03760137,0.24288927,-0.6392752,-0.061826956,0.2817625,-0.7605307,-0.08486911,0.3089494,-0.87075496,-0.103328325,0.09698019,-0.50084525,-0.03944449,0.112146266,-0.7306341,-0.05581718,0.11522298,-0.8759667,-0.081543036,0.116405666,-0.99320173,-0.09901211,0.024281487,-0.4826099,-0.047643602,0.01511377,-0.6943861,-0.09161017,0.011267111,-0.83561605,-0.13917491,0.003524938,-0.9531827,-0.16958386,-0.03605196,-0.41729242,-0.059149552,-0.019457301,-0.5050694,-0.11617081,-0.008034093,-0.43532294,-0.13341361,-0.01016572,-0.3519222,-0.13792919
W,Alan,Right,0.0,0.0,0.0,0.08802896,-0.07115754,-0.050746463,0.13367578,-0.21715675,-0.066082984,0.07164819,-0.3376189,-0.076476604,-0.0058621,-0.41832107,-0.0879366,0.17471118,-0.46572888,-0.03298811,0.23436137,-0.65736187,-0.054666203,0.26743644,-0.7754675,-0.07468985,0.28813332,-0.88070357,-0.09130281,0.09171752,-0.5044743,-0.038157504,0.10488996,-0.7380414,-0.057043556,0.10522424,-0.8785595,-0.08157425,0.103894405,-0.9945883,-0.09773252,0.01807085,-0.48529795,-0.04905197,0.0048021288,-0.69733167,-0.091098376,-0.0016785667,-0.838972,-0.13303997,-0.008197617,-0.9600947,-0.15990376,-0.045658924,-0.422851,-0.062980354,-0.03743849,-0.5203651,-0.11424823,-0.024536893,-0.459883,-0.12703295,-0.016423754,-0.38649175,-0.12926462
W,Alan,Right,0.0,0.0,0.0,0.072892606,-0.07024737,-0.07326583,0.0973545,-0.21495815,-0.099508666,0.019362975,-0.32861906,-0.115899816,-0.0690905,-0.4069213,-0.13335638,0.121813275,-0.47211063,-0.056735016,0.16299982,-0.6625301,-0.0873602,0.1838559,-0.7819062,-0.11586615,0.19619155,-0.89254683,-0.13891496,0.039742693,-0.50268424,-0.053084977,0.036274213,-0.73564845,-0.08009949,0.02669716,-0.8768549,-0.113505825,0.018879773,-0.9998218,-0.13525935,-0.029263683,-0.47562733,-0.056121197,-0.061675657,-0.6801423,-0.106991924,-0.07973286,-0.8182035,-0.15757346,-0.09404933,-0.9400465,-0.18952474,-0.08412264,-0.40368417,-0.063364215,-0.103564255,-0.49019453,-0.12633319,-0.09780481,-0.4302016,-0.14686564,-0.090598114,-0.36102587,-0.15324238
W,Alan,Right,0.0,0.0,0.0,0.07961799,-0.06370239,-0.06900418,0.11043939,-0.19552337,-0.09313856,0.03167792,-0.2918103,-0.106349304,-0.05397714,-0.35480246,-0.12037934,0.11552998,-0.47126257,-0.060519166,0.15458277,-0.65935767,-0.09080052,0.17629583,-0.77549523,-0.11673111,0.19081038,-0.88571,-0.1373978,0.029526083,-0.49840602,-0.06124461,0.021573208,-0.7310119,-0.090110205,0.00637141,-0.8742761,-0.12239806,-0.0066357846,-0.999978,-0.14238816,-0.04120969,-0.46685123,-0.068280205,-0.077794425,-0.67427766,-0.12629293,-0.09920657,-0.8093297,-0.17667821,-0.1187768,-0.932473,-0.20590498,-0.09616758,-0.38386443,-0.07844209,-0.09649378,-0.49594632,-0.14113091,-0.077754915,-0.4202906,-0.15404198,-0.06652984,-0.3319229,-0.15462013
W,Alan,Right,0.0,0.0,0.0,0.08582077,-0.063648306,-0.057598986,0.13761343,-0.18708344,-0.081720695,0.070158675,-0.26422697,-0.10000068,-0.011242036,-0.31233978,-0.12173561,0.12929995,-0.46228784,-0.050593227,0.17153507,-0.6464107,-0.08017041,0.19292718,-0.76401496,-0.10578406,0.20648018,-0.86778873,-0.12563749,0.03786166,-0.48996097,-0.05830291,0.028468173,-0.72088665,-0.081452504,0.015918802,-0.8742039,-0.11444199,0.005440994,-0.9999852,-0.13612497,-0.031691756,-0.45594415,-0.07133252,-0.05843555,-0.6608168,-0.12183746,-0.0742702,-0.8062214,-0.1805291,-0.09039837,-0.92546785,-0.21907485,-0.08018503,-0.3729567,-0.0867593,-0.06498822,-0.4262515,-0.1536912,-0.04191946,-0.3517248,-0.1801938,-0.027945891,-0.26985767,-0.19064711
W,Alan,Right,0.0,0.0,0.0,0.10657825,-0.04099191,-0.044901177,0.20931551,-0.14592475,-0.06619247,0.20688544,-0.23515981,-0.08372492,0.13175143,-0.28003424,-0.10618751,0.17166322,-0.45723656,-0.04802997,0.2466855,-0.622954,-0.072933964,0.29434454,-0.73463416,-0.09565014,0.32794553,-0.84417,-0.11493958,0.09260917,-0.48600855,-0.06297834,0.10700658,-0.7125378,-0.09093739,0.10933991,-0.85791904,-0.12805213,0.10931416,-0.99400723,-0.15563142,0.025551029,-0.45196077,-0.08017351,0.042072665,-0.62104404,-0.13218766,0.055091944,-0.7604874,-0.18629743,0.0630311,-0.88961726,-0.2243452,-0.033110287,-0.37192935,-0.09894713,0.042377226,-0.43323523,-0.14858161,0.09021819,-0.35417616,-0.16285443,0.12499951,-0.26581493,-0.1716087
W,Alan,Right,0.0,0.0,0.0,0.1088549,-0.04478763,-0.031311195,0.21251844,-0.15281893,-0.0484399,0.2248373,-0.23778878,-0.064599305,0.15332016,-0.25806835,-0.08565216,0.17765443,-0.4739284,-0.03328875,0.2547084,-0.63972104,-0.054050967,0.30593148,-0.74612135,-0.07451872,0.34242898,-0.84369403,-0.09185424,0.09907152,-0.4987577,-0.055318676,0.11771657,-0.73233205,-0.07104072,0.12901042,-0.8735454,-0.10171553,0.13271767,-0.9911539,-0.12685807,0.030775612,-0.45689556,-0.079704106,0.043324944,-0.63404185,-0.12216708,0.06338857,-0.7818497,-0.17743863,0.073307544,-0.9055333,-0.21847345,-0.025824158,-0.36906278,-0.104591966,0.05123405,-0.43332344,-0.14839844,0.09792781,-0.36466402,-0.1637591,0.12037258,-0.2832864,-0.17509773
W,Alan,Right,0.0,0.0,0.0,0.124375574,-0.057890147,-0.035799813,0.2166858,-0.1783978,-0.05686976,0.23016624,-0.28057814,-0.077885054,0.17003673,-0.33668128,-0.10021839,0.19036423,-0.48608834,-0.03682801,0.26568562,-0.6443728,-0.0655163,0.3162734,-0.74316937,-0.0935292,0.35695854,-0.83435917,-0.11666307,0.10999905,-0.5054664,-0.054362576,0.11419235,-0.7360312,-0.0798452,0.12505881,-0.8746871,-0.112048924,0.13249248,-0.991184,-0.13966238,0.040726434,-0.46159953,-0.07553197,0.039576586,-0.63941795,-0.1169536,0.061127197,-0.74942917,-0.15254568,0.073076226,-0.8379708,-0.17940955,-0.014623831,-0.3735287,-0.09966681,0.053623088,-0.46449414,-0.14195913,0.1243353,-0.43660435,-0.15474437,0.17280023,-0.39387077,-0.1635028
W,Alan,Right,0.0,0.0,0.0,0.08442578,-0.05717462,-0.069841266,0.12286425,-0.18661857,-0.094496265,0.04501434,-0.29007104,-0.108750656,-0.043832287,-0.36587244,-0.123222046,0.13269731,-0.4629952,-0.056619115,0.18302251,-0.6466549,-0.087425895,0.21059836,-0.7629889,-0.11200594,0.22836164,-0.8729195,-0.13125592,0.048706263,-0.49977165,-0.05591918,0.055460557,-0.73010796,-0.08607321,0.04927384,-0.8727978,-0.116342984,0.042585265,-0.9990928,-0.13421884,-0.0214546,-0.47612688,-0.062160738,-0.04659371,-0.668298,-0.11866326,-0.06319175,-0.8045437,-0.16800734,-0.07954856,-0.9266696,-0.19677927,-0.07671825,-0.4015914,-0.07216839,-0.07340723,-0.48295248,-0.13294382,-0.057244256,-0.40382954,-0.1479531,-0.047449242,-0.31606287,-0.1503113
W,Alan,Right,0.0,0.0,0.0,0.08982226,-0.065916695,-0.06637762,0.13269578,-0.20605123,-0.08956531,0.056169953,-0.31207216,-0.105648786,-0.024172967,-0.3849549,-0.12274758,0.1644767,-0.45824236,-0.04410962,0.2284153,-0.64766866,-0.06984899,0.26313102,-0.7612846,-0.093802325,0.28655583,-0.8650749,-0.11362087,0.0772441,-0.49925998,-0.044081762,0.09431133,-0.72904307,-0.06317455,0.09436534,-0.8725643,-0.092851385,0.092225574,-0.99573815,-0.1132473,0.005912292,-0.47920623,-0.0513727,-0.011977961,-0.6810058,-0.0966474,-0.021602003,-0.81465715,-0.14814404,-0.029049233,-0.93070084,-0.18199605,-0.047704544,-0.41197935,-0.062715635,-0.050121263,-0.4902047,-0.1239909,-0.03705528,-0.41755432,-0.14570074,-0.026120001,-0.33854848,-0.15345742
W,Alan,Right,0.0,0.0,0.0,0.087868094,-0.058205143,-0.07176881,0.13158335,-0.20188032,-0.09641906,0.056392062,-0.3282785,-0.111958474,-0.020162871,-0.4229796,-0.128181,0.18802503,-0.44150627,-0.043977786,0.25451586,-0.6209784,-0.07327152,0.2940106,-0.73476166,-0.10187994,0.3247632,-0.84023887,-0.1260773,0.10971804,-0.48897213,-0.04324016,0.14244065,-0.7143363,-0.06713983,0.15255311,-0.8587934,-0.10305928,0.16064201,-0.98701274,-0.12852213,0.03695928,-0.47447497,-0.05060471,0.035645038,-0.679257,-0.10381366,0.035990257,-0.81131715,-0.15985985,0.035395723,-0.928915,-0.19661903,-0.027199088,-0.41112858,-0.062006995,-0.02731596,-0.49316582,-0.13059182,-0.021713143,-0.4149533,-0.15541792,-0.021273263,-0.3331587,-0.16557829
W,Alan,Right,0.0,0.0,0.0,0.084281504,-0.05031207,-0.07583204,0.13020566,-0.18903002,-0.103079244,0.05367847,-0.32576776,-0.120389126,-0.02606528,-0.42417657,-0.13836746,0.19196543,-0.43470576,-0.052723404,0.2584236,-0.6152641,-0.085218385,0.2964059,-0.7279232,-0.11425924,0.32739544,-0.83134615,-0.13817897,0.111043945,-0.48521405,-0.050404564,0.1435232,-0.71684337,-0.076906,0.15658228,-0.86132306,-0.11205326,0.16927229,-0.9855693,-0.13619906,0.036481787,-0.46955755,-0.056243483,0.034060653,-0.68092245,-0.110935606,0.033361945,-0.8137533,-0.16649446,0.03405074,-0.92943335,-0.20233504,-0.027299203,-0.4051313,-0.06631955,-0.032377012,-0.48575038,-0.13702588,-0.027654175,-0.4178708,-0.16434762,-0.025766054,-0.3475196,-0.17555185
W,Alan,Right,0.0,0.0,0.0,0.1027825,-0.06132414,-0.04662107,0.17841,-0.19963102,-0.05836239,0.15168893,-0.30394876,-0.06330694,0.07941183,-0.3724632,-0.07080315,0.14994712,-0.47263786,-0.035442695,0.21964781,-0.63823926,-0.05388595,0.26150614,-0.74607116,-0.07100741,0.29050004,-0.8429513,-0.08472392,0.06525689,-0.5035204,-0.04423723,0.070920706,-0.73577464,-0.06303591,0.07505516,-0.87975883,-0.09131463,0.07680034,-0.9970465,-0.1101876,-0.006692026,-0.4710498,-0.057553843,-0.008954752,-0.6719289,-0.11028752,-0.00047711068,-0.8219232,-0.16757713,-0.0012408893,-0.9487283,-0.20411965,-0.06681557,-0.3904904,-0.07125488,0.0028650302,-0.47596478,-0.13312781,0.044456046,-0.3971226,-0.15415688,0.059620265,-0.30677557,-0.16266958
W,Alan,Right,0.0,0.0,0.0,0.094022416,-0.055164825,-0.051947553,0.1634784,-0.18583415,-0.070168786,0.13358364,-0.28081113,-0.081898004,0.06170238,-0.34462708,-0.096379094,0.1368962,-0.46975684,-0.043542687,0.20071219,-0.6407118,-0.06767606,0.24004978,-0.74995214,-0.08963767,0.26600882,-0.8495121,-0.1066105,0.0512542,-0.49880546,-0.05165577,0.054135498,-0.72760934,-0.07275402,0.054460365,-0.8749211,-0.10308616,0.05160383,-0.99866766,-0.12393227,-0.021904035,-0.4605417,-0.06454453,-0.027146064,-0.6566697,-0.115625106,-0.0204072,-0.80466473,-0.16992508,-0.021748537,-0.9298454,-0.20526741,-0.08212507,-0.37520692,-0.07893716,-0.022886474,-0.45769626,-0.14005429,0.019670503,-0.38947302,-0.15947565,0.03919484,-0.30995348,-0.16684416
W,Alan,Right,0.0,0.0,0.0,0.054240696,-0.047198784,-0.10777858,0.063648805,-0.18157925,-0.15280364,-0.046703707,-0.29344702,-0.18073957,-0.14052166,-0.38959822,-0.20940925,0.13910143,-0.43585557,-0.10114569,0.18939926,-0.6172432,-0.14712001,0.21192263,-0.73249245,-0.18349566,0.23072417,-0.8406933,-0.21225594,0.06410315,-0.48110807,-0.08658887,0.097838245,-0.7156006,-0.12799206,0.10933259,-0.8607466,-0.16744804,0.12681171,-0.9919268,-0.19263925,-0.010323039,-0.4615996,-0.0812339,-0.027646458,-0.6695425,-0.14872472,-0.03545677,-0.8100282,-0.2084161,-0.028458383,-0.9363549,-0.24543141,-0.075574964,-0.38967037,-0.08183662,-0.119375,-0.44942084,-0.16189057,-0.124430686,-0.38254276,-0.19217014,-0.11679568,-0.30833068,-0.20491798
W,Alan,Right,0.0,0.0,0.0,0.06121063,-0.06330344,-0.083220184,0.070524804,-0.20170575,-0.116767034,-0.024911722,-0.31402695,-0.13934186,-0.11608868,-0.40048108,-0.16187015,0.13517049,-0.44394493,-0.06464301,0.18291454,-0.6301961,-0.10352375,0.2056018,-0.74103963,-0.13440609,0.21835503,-0.84463656,-0.15844929,0.05654093,-0.4856226,-0.060985718,0.075337306,-0.7261206,-0.09609926,0.07717196,-0.86992836,-0.12990512,0.08012024,-0.9967852,-0.14939998,-0.015086866,-0.4634426,-0.06595288,-0.04061931,-0.65986526,-0.12616754,-0.052813653,-0.7977195,-0.17941926,-0.055039193,-0.9257017,-0.21160866,-0.07290182,-0.3920286,-0.07574001,-0.103754245,-0.44286275,-0.14834376,-0.1030017,-0.3697103,-0.17217125,-0.093037486,-0.298388,-0.17973007
W,Alan,Right,0.0,0.0,0.0,0.086249046,-0.06986965,-0.055708833,0.12231968,-0.21930873,-0.0731197,0.055093177,-0.32816166,-0.08539373,-0.028587412,-0.39687285,-0.09864277,0.1563813,-0.46715602,-0.03528277,0.21412364,-0.6510062,-0.062380984,0.24729782,-0.767708,-0.08724707,0.27085638,-0.8703393,-0.10738192,0.07220615,-0.51116425,-0.04005879,0.088261,-0.7370177,-0.05881252,0.09136446,-0.8784744,-0.08623217,0.09294157,-0.9956716,-0.1051137,-0.0028575538,-0.4871699,-0.051618516,-0.025536785,-0.6882281,-0.09276976,-0.03405421,-0.81402564,-0.13735774,-0.04323999,-0.921302,-0.16668,-0.06578276,-0.41624057,-0.067103796,-0.07112601,-0.49891004,-0.12174074,-0.056895364,-0.4468809,-0.1400638,-0.050366666,-0.38597676,-0.14601102
W,Alan,Right,0.0,0.0,0.0,0.105691545,-0.04359021,-0.05870001,0.17507614,-0.16616938,-0.07471726,0.13441403,-0.2740087,-0.084926,0.07398969,-0.3509194,-0.096708246,0.21702422,-0.44692606,-0.039706368,0.29658422,-0.61687005,-0.06585487,0.3452544,-0.7258421,-0.087683216,0.37856036,-0.81960565,-0.1044377,0.1328131,-0.49774158,-0.043714806,0.16397092,-0.72890407,-0.06262186,0.17634012,-0.8709798,-0.08939581,0.18425594,-0.9828783,-0.10674938,0.05499046,-0.47773966,-0.05476295,0.052574504,-0.67244256,-0.09824566,0.054921873,-0.81748486,-0.14940622,0.055582006,-0.9351349,-0.18355681,-0.014553677,-0.40471837,-0.06969995,-0.0031606988,-0.44728726,-0.1252199,0.0074966657,-0.3816661,-0.14751649,0.008537931,-0.30616173,-0.15714405
W,Alan,Right,0.0,0.0,0.0,0.08164021,-0.061869316,-0.057700664,0.12201802,-0.1786028,-0.08302325,0.052716546,-0.26379302,-0.10304898,-0.033131585,-0.32460123,-0.12600549,0.15203102,-0.44091976,-0.05379609,0.2147216,-0.6265949,-0.08499703,0.24754837,-0.74361,-0.1098012,0.2680135,-0.8469287,-0.12804967,0.06716981,-0.48138803,-0.06114515,0.0828284,-0.72475964,-0.08570726,0.08300839,-0.87524205,-0.11416651,0.08160159,-0.996665,-0.1313808,-0.0053732144,-0.45604748,-0.07383752,-0.032552756,-0.6620005,-0.12140413,-0.046712402,-0.80339056,-0.16858053,-0.0570476,-0.9224151,-0.19864969,-0.0634432,-0.37974665,-0.089819476,-0.06395643,-0.44255942,-0.14822003,-0.049928997,-0.37134844,-0.16350947,-0.036409196,-0.290548,-0.16643803
W,Alan,Right,0.0,0.0,0.0,0.07175259,-0.057370923,-0.082297,0.10355003,-0.1853,-0.117245875,0.016420295,-0.29041004,-0.14056629,-0.07142632,-0.37551174,-0.16578904,0.13840787,-0.44541365,-0.0747611,0.19138783,-0.62469834,-0.11141222,0.2182605,-0.73719364,-0.14324825,0.23701839,-0.8453231,-0.16925222,0.055700984,-0.4848,-0.07114318,0.073119275,-0.7165724,-0.10243676,0.07251906,-0.86305803,-0.14140414,0.07226436,-0.9973855,-0.16781785,-0.015733993,-0.46154577,-0.07435326,-0.039692305,-0.6653049,-0.13416304,-0.053424124,-0.8053116,-0.19473757,-0.06232494,-0.9317968,-0.23383674,-0.073162876,-0.38797596,-0.0814706,-0.0903258,-0.4608078,-0.15604533,-0.08254078,-0.38534117,-0.1837361,-0.07245348,-0.30657905,-0.19510293
W,Alan,Right,0.0,0.0,0.0,0.08380373,-0.08061646,-0.04330093,0.13025996,-0.21449985,-0.059646413,0.067289926,-0.30461755,-0.072275504,-0.012484332,-0.3580822,-0.08774676,0.12837274,-0.47437367,-0.03208268,0.17620984,-0.6596077,-0.05178302,0.2041976,-0.7723431,-0.07055586,0.22107793,-0.8739476,-0.08643768,0.03777726,-0.4981834,-0.04416483,0.032979187,-0.7287932,-0.05919319,0.025319727,-0.87611675,-0.08648406,0.015194881,-0.99988455,-0.105913885,-0.032781146,-0.46063438,-0.060743343,-0.061031405,-0.66328263,-0.10505771,-0.07552173,-0.81155217,-0.15840317,-0.091272354,-0.93544835,-0.1945627,-0.083554275,-0.37851018,-0.07861323,-0.059172124,-0.45784625,-0.13662107,-0.027650388,-0.38304326,-0.15562257,-0.008639299,-0.29385048,-0.16299264
W,Alan,Right,0.0,0.0,0.0,0.09492226,-0.07291655,-0.04660472,0.15506995,-0.20942383,-0.062089495,0.10020362,-0.30378363,-0.0726446,0.024494143,-0.3620858,-0.08577729,0.15080632,-0.46573713,-0.034840792,0.20814009,-0.6441787,-0.05548253,0.24402209,-0.75782263,-0.07451519,0.2652124,-0.85915774,-0.0898387,0.063097715,-0.49821913,-0.044404853,0.07039304,-0.72750235,-0.05801144,0.06769791,-0.87416387,-0.08334713,0.05924371,-0.9982436,-0.101792075,-0.011578922,-0.46880877,-0.059040684,-0.029061487,-0.66316795,-0.10161826,-0.03309402,-0.80686706,-0.15380979,-0.04210966,-0.9271519,-0.190069,-0.07520522,-0.39394483,-0.07556398,-0.036411084,-0.46185258,-0.13325955,0.0014146384,-0.38727143,-0.15391012,0.022147363,-0.30480903,-0.16299188
W,Alan,Right,0.0,0.0,0.0,0.099238865,-0.07230147,-0.04653694,0.16246465,-0.2135673,-0.06243592,0.116027944,-0.32138738,-0.073261194,0.041664336,-0.38809776,-0.08650157,0.16174988,-0.47371843,-0.035767153,0.23356567,-0.6384387,-0.059443235,0.27689302,-0.74870723,-0.081445724,0.30586657,-0.8449547,-0.09868365,0.0753772,-0.5062317,-0.045437235,0.08980857,-0.7333938,-0.06290622,0.09607008,-0.87650204,-0.091299936,0.09911945,-0.9950755,-0.11236349,-0.00046714893,-0.47515982,-0.060132682,-0.010264857,-0.6796309,-0.10585609,-0.005019797,-0.82824165,-0.15901203,-0.0052274824,-0.94916195,-0.19571939,-0.06731263,-0.39911312,-0.07636054,-0.02271452,-0.48137692,-0.13486779,0.026914082,-0.42770416,-0.15744202,0.057894368,-0.36147162,-0.168483
W,Alan,Right,0.0,0.0,0.0,0.09804927,-0.071351886,-0.047229193,0.1614683,-0.20851716,-0.06254052,0.115109,-0.29875967,-0.07269153,0.044409364,-0.3548764,-0.08557907,0.13406315,-0.48268226,-0.03517853,0.19198923,-0.6521932,-0.058184136,0.23050429,-0.7674139,-0.08018102,0.25489783,-0.86822647,-0.09733061,0.049140114,-0.5064668,-0.044620432,0.05169031,-0.73558056,-0.061811574,0.051193543,-0.8783409,-0.090478435,0.04789163,-0.99885255,-0.11167237,-0.022108814,-0.46717742,-0.05912239,-0.040760927,-0.6602812,-0.10332095,-0.04201694,-0.8061872,-0.1543813,-0.047383133,-0.9276647,-0.18957974,-0.08461802,-0.38401154,-0.07558903,-0.039771594,-0.4697061,-0.12796211,0.006516446,-0.40966812,-0.14511184,0.03544691,-0.3355067,-0.15321986
W,Alan,Right,0.0,0.0,0.0,0.097407684,-0.063640766,-0.045193374,0.16553773,-0.19313017,-0.06068643,0.12850282,-0.27585524,-0.07144514,0.058570962,-0.33225405,-0.08532896,0.14101078,-0.47508365,-0.034370832,0.20371819,-0.6406756,-0.055688754,0.2429074,-0.75210196,-0.07621985,0.2669641,-0.8526455,-0.09256049,0.05747546,-0.50138724,-0.04544047,0.06784896,-0.7267275,-0.06323387,0.07138686,-0.87200016,-0.0933238,0.06878131,-0.9976318,-0.11526368,-0.014532305,-0.4640771,-0.06106565,-0.028364804,-0.6523195,-0.10760147,-0.026927656,-0.7929683,-0.1610918,-0.032480404,-0.9131896,-0.19754945,-0.077966884,-0.38200477,-0.07810291,-0.020761676,-0.46086246,-0.13278478,0.02281539,-0.38658413,-0.15055387,0.046612512,-0.30345583,-0.15889177
W,Alan,Right,0.0,0.0,0.0,0.097049326,-0.063152276,-0.04737045,0.1659731,-0.19403903,-0.06351007,0.12791322,-0.27385178,-0.074733205,0.053893533,-0.3297184,-0.08933613,0.13766728,-0.47710064,-0.037010994,0.19718827,-0.6431516,-0.059806738,0.23510247,-0.7551482,-0.081077665,0.25789946,-0.8583289,-0.09813916,0.052653365,-0.5035333,-0.048211675,0.058863554,-0.72758776,-0.067805484,0.057240997,-0.871619,-0.098910876,0.049762867,-0.99876106,-0.12142776,-0.019508641,-0.46527478,-0.06411963,-0.03525542,-0.6496814,-0.11230612,-0.036259856,-0.79027945,-0.16623145,-0.043409113,-0.9153611,-0.20320372,-0.0816706,-0.3815975,-0.08178923,-0.023273446,-0.45445868,-0.13801076,0.022590034,-0.37761387,-0.15642124,0.049715314,-0.29607922,-0.1653044
W,Alan,Right,0.0,0.0,0.0,0.12357455,-0.05250414,-0.016813809,0.23039787,-0.14983313,-0.029681105,0.26049757,-0.24069503,-0.04488169,0.19566621,-0.27337894,-0.063981965,0.21308954,-0.45907927,-0.017749302,0.29955876,-0.59992814,-0.03554185,0.35600486,-0.6917245,-0.055870347,0.40159717,-0.7776692,-0.074711815,0.14309692,-0.48608547,-0.046739332,0.17288586,-0.71294177,-0.07275985,0.19873226,-0.8514017,-0.106232464,0.22060679,-0.97536284,-0.13089117,0.07610759,-0.44899428,-0.07662704,0.09776781,-0.6321426,-0.12599535,0.1325401,-0.7627203,-0.1721171,0.1571923,-0.8818524,-0.20215039,0.0149665,-0.35922417,-0.10577704,0.094925985,-0.45778465,-0.14973976,0.14760406,-0.3944666,-0.15760161,0.17765845,-0.3111364,-0.16093117
W,Alan,Right,0.0,0.0,0.0,0.100494616,-0.05601689,-0.036757987,0.1888433,-0.16296177,-0.05749629,0.18353973,-0.24167232,-0.07724205,0.11039752,-0.296962,-0.100708835,0.15947768,-0.4694337,-0.034293752,0.22470479,-0.63001794,-0.06695663,0.27944103,-0.7076604,-0.096870705,0.32010123,-0.7658574,-0.11678765,0.08198742,-0.4937743,-0.054138303,0.096257746,-0.72805303,-0.08105232,0.108957805,-0.870423,-0.12148598,0.116799496,-0.99315554,-0.15107694,0.015103415,-0.4520179,-0.07784986,0.019435462,-0.6328291,-0.12921168,0.02993054,-0.7739096,-0.1868889,0.037237614,-0.8954517,-0.22661087,-0.04458414,-0.36394536,-0.10222415,0.022775086,-0.4262188,-0.15574536,0.07768794,-0.37194318,-0.17579436,0.1176358,-0.3075969,-0.18744639
W,Alan,Right,0.0,0.0,0.0,0.087352104,-0.060287926,-0.057530306,0.15109237,-0.19096063,-0.07641543,0.081216045,-0.2589838,-0.08708132,-0.012840741,-0.29647657,-0.10182217,0.12522058,-0.4679951,-0.048675705,0.18623205,-0.63861823,-0.07558237,0.22212172,-0.7549345,-0.09996747,0.24354634,-0.8628649,-0.11920392,0.03521964,-0.496248,-0.05743367,0.040204674,-0.7224843,-0.07821719,0.03568283,-0.8694617,-0.11172992,0.026739342,-0.99964243,-0.13467692,-0.035908293,-0.4589567,-0.071590915,-0.055050902,-0.64488995,-0.12416752,-0.06379124,-0.7882163,-0.18367873,-0.07609866,-0.92251384,-0.22342098,-0.09298811,-0.37093353,-0.087920435,-0.05410473,-0.4324944,-0.15112573,-0.020330975,-0.34590423,-0.17134832,-0.0024840063,-0.2593443,-0.17971054
Y,Alan,Right,0.0,0.0,0.0,0.04290326,-0.28293028,-0.015715525,0.14536476,-0.5604171,-0.05816422,0.22578599,-0.7855502,-0.10042096,0.24165338,-0.97036266,-0.13070571,0.30505142,-0.4582823,-0.11231639,0.54956096,-0.48786134,-0.1589717,0.4914644,-0.44418323,-0.15400973,0.4154573,-0.42226925,-0.14029604,0.34145075,-0.2903307,-0.12975566,0.5748892,-0.34926853,-0.16503978,0.5134634,-0.3124282,-0.14336851,0.4382996,-0.28303784,-0.12718315,0.37244132,-0.12901406,-0.14487174,0.5843667,-0.20853622,-0.16723886,0.53310406,-0.17985815,-0.13164054,0.4632571,-0.15549083,-0.10694041,0.402671,0.015712874,-0.15983588,0.61920035,-0.039719846,-0.17096217,0.7395925,-0.06476997,-0.1614222,0.84441507,-0.09957911,-0.1554617
Y,Alan,Right,0.0,0.0,0.0,0.046012115,-0.28894815,-0.014046674,0.14359635,-0.57544565,-0.05453931,0.2264254,-0.7934055,-0.09755158,0.24996537,-0.9682548,-0.1287647,0.3197665,-0.4835637,-0.08445341,0.5533488,-0.4860931,-0.13963285,0.49593323,-0.4252879,-0.15293464,0.4119009,-0.40860683,-0.15018581,0.35207364,-0.31072932,-0.1045879,0.57133454,-0.3267678,-0.1413327,0.52164173,-0.27105182,-0.13260259,0.44711104,-0.25244707,-0.12621015,0.3791803,-0.14011018,-0.124818906,0.5799576,-0.17760286,-0.15439174,0.5370276,-0.13305487,-0.12567806,0.468361,-0.11360428,-0.10327132,0.40633163,0.019541435,-0.14475773,0.6230567,-0.02150566,-0.15709877,0.7474573,-0.040147714,-0.14384928,0.85151875,-0.07412907,-0.13382062
Y,Alan,Right,0.0,0.0,0.0,0.039723247,-0.2574028,-0.021514313,0.1413556,-0.5606543,-0.058735695,0.22397949,-0.78630364,-0.09679815,0.25062773,-0.96808356,-0.121823534,0.27464405,-0.5628331,-0.0876634,0.5358845,-0.518874,-0.1465229,0.4789549,-0.42441213,-0.15968026,0.402241,-0.40427518,-0.16107424,0.29260978,-0.41967505,-0.10790692,0.5514763,-0.3667343,-0.14896151,0.49323478,-0.28456035,-0.13596998,0.42348555,-0.27923203,-0.12864979,0.31632912,-0.26010698,-0.13032395,0.5530611,-0.22381216,-0.16751462,0.50456524,-0.15555234,-0.13413371,0.4357725,-0.14737897,-0.11021222,0.3490354,-0.09536747,-0.1532676,0.5641738,-0.13316321,-0.17297909,0.6838937,-0.13774364,-0.15844893,0.7889708,-0.16040689,-0.14726694
Y,Alan,Right,0.0,0.0,0.0,0.05027661,-0.280017,-0.019195793,0.16039698,-0.55455184,-0.06434439,0.25347927,-0.77532095,-0.110836476,0.28914994,-0.9572838,-0.14327215,0.3315428,-0.4683883,-0.09712906,0.57393605,-0.4402383,-0.14917967,0.50343007,-0.3789238,-0.154875,0.42383078,-0.3723484,-0.15019478,0.35598382,-0.29885778,-0.11649143,0.58897793,-0.29428828,-0.1572222,0.5183317,-0.24132478,-0.14200254,0.441643,-0.22868401,-0.13045384,0.3776507,-0.12832859,-0.1354113,0.59749556,-0.15048584,-0.16493316,0.5384395,-0.10672695,-0.12478953,0.4636919,-0.09344055,-0.09538368,0.39984635,0.031854507,-0.15486154,0.6245956,0.013646662,-0.1699866,0.7442922,0.017079793,-0.15356874,0.8487572,-0.00080013066,-0.1404693
Y,Alan,Right,0.0,0.0,0.0,0.077216,-0.28550658,-0.02174806,0.20514752,-0.53824794,-0.0713749,0.30995452,-0.7507426,-0.11838538,0.34876555,-0.93721,-0.15173794,0.3565362,-0.36637223,-0.13815321,0.623663,-0.39731646,-0.18343665,0.5495858,-0.37275466,-0.17352393,0.47232625,-0.35788825,-0.1588962,0.38196132,-0.18082023,-0.15202916,0.6356118,-0.24218756,-0.18879622,0.5593694,-0.23481661,-0.16267784,0.4797294,-0.21490967,-0.14553796,0.3979341,-0.01235349,-0.16170815,0.64465994,-0.09198048,-0.18171379,0.5789006,-0.08718237,-0.13622867,0.49679926,-0.06855239,-0.10782155,0.4107555,0.12869082,-0.17222139,0.639931,0.13183573,-0.18743464,0.76733,0.13539116,-0.17892186,0.88110554,0.13401292,-0.17457719
Y,Alan,Right,0.0,0.0,0.0,0.05338235,-0.261045,-0.031454403,0.17448154,-0.5457524,-0.080853574,0.26067948,-0.7709418,-0.12960239,0.27785942,-0.9606218,-0.16254258,0.26757738,-0.43671635,-0.13716513,0.57080686,-0.45728958,-0.20817378,0.5050179,-0.39084783,-0.21204594,0.40965378,-0.3709183,-0.19979288,0.29475424,-0.26437512,-0.15183014,0.5924044,-0.30213207,-0.2138244,0.52732116,-0.24558124,-0.19699511,0.4371471,-0.22576924,-0.17981164,0.3271476,-0.09383046,-0.1671581,0.6127885,-0.15483426,-0.2138374,0.553019,-0.10186206,-0.17265475,0.46380615,-0.07278056,-0.13887237,0.3614648,0.057210453,-0.18434653,0.59627944,0.042552464,-0.21325833,0.7332717,0.04603961,-0.21146275,0.85095215,0.032083444,-0.21004166
Y,Alan,Right,0.0,0.0,0.0,0.015695207,-0.24281166,-0.031897992,0.088222295,-0.5591153,-0.08484489,0.14736766,-0.79925203,-0.13359863,0.14669755,-0.9891814,-0.1700524,0.17677757,-0.53211206,-0.16443363,0.4769806,-0.5592911,-0.24111886,0.42932314,-0.47606233,-0.25083554,0.34572798,-0.45295832,-0.2492231,0.19845024,-0.37750533,-0.1826849,0.50395143,-0.40651605,-0.24727291,0.4439427,-0.32305476,-0.2247521,0.3646727,-0.30520248,-0.20961292,0.23590198,-0.22021309,-0.20028055,0.5277908,-0.26071623,-0.25056666,0.4714431,-0.19535445,-0.20490986,0.38702115,-0.1794217,-0.17385188,0.283982,-0.06995911,-0.21906164,0.5070372,-0.119473934,-0.25821808,0.6346255,-0.13924049,-0.2545287,0.7488331,-0.17772077,-0.2515085
Y,Alan,Right,0.0,0.0,0.0,0.058215957,-0.2906175,-0.06721319,0.023536816,-0.5788285,-0.10414767,-0.011167093,-0.7917607,-0.13370174,-0.04835139,-0.9988304,-0.1567501,-0.15841101,-0.53132856,-0.12649082,0.1361743,-0.52876663,-0.2200874,0.18596825,-0.4204392,-0.27330697,0.14369778,-0.37152103,-0.31005034,-0.19291028,-0.36856532,-0.13411894,0.12933372,-0.3559097,-0.21411812,0.15609977,-0.2828216,-0.23836583,0.10274525,-0.25510374,-0.26673293,-0.18704753,-0.19132799,-0.14932622,0.08724382,-0.20339817,-0.23608667,0.12620556,-0.16807254,-0.24102238,0.08864902,-0.15810719,-0.24533407,-0.15637697,-0.033513647,-0.1694288,0.008759713,-0.042957164,-0.24177009,0.040866494,-0.056100834,-0.25873232,0.020514216,-0.06682673,-0.26909518
Y,Alan,Right,0.0,0.0,0.0,0.045976043,-0.24784389,-0.038727142,0.12883396,-0.54803205,-0.10235657,0.16852868,-0.7825076,-0.16003029,0.15843575,-0.9873693,-0.20688283,0.13619228,-0.5066082,-0.20814478,0.45348486,-0.52559483,-0.30654833,0.40949613,-0.41640618,-0.3252227,0.31919378,-0.39626077,-0.33044508,0.12358469,-0.33922377,-0.23582983,0.4806061,-0.35458064,-0.32832053,0.4249295,-0.27049646,-0.31488943,0.32799587,-0.23995735,-0.30573767,0.14010578,-0.16754706,-0.26213002,0.4804528,-0.19255996,-0.33738422,0.4215536,-0.12605262,-0.29879364,0.3307704,-0.10881273,-0.27241796,0.17484008,-0.000288942,-0.28940892,0.40351787,-0.009545192,-0.35434037,0.52791935,-0.010445017,-0.36107597,0.63933635,-0.02833116,-0.3640365
Y,Alan,Right,0.0,0.0,0.0,0.015734512,-0.2673166,-0.014330889,0.09140581,-0.56992555,-0.051130086,0.15285553,-0.8019103,-0.09022771,0.16274312,-0.98666847,-0.11707658,0.25147724,-0.57590157,-0.08301073,0.49800056,-0.5545433,-0.13412248,0.4369536,-0.46566594,-0.14635533,0.35799286,-0.44612893,-0.14829361,0.29193717,-0.43055436,-0.10590921,0.52362335,-0.41479,-0.13534997,0.4639854,-0.33601782,-0.11974336,0.39360574,-0.32135445,-0.112891905,0.32975107,-0.26997656,-0.1293486,0.5436679,-0.2754219,-0.15166372,0.4948339,-0.20347708,-0.111835435,0.42338884,-0.18324937,-0.08677527,0.37163964,-0.10783211,-0.15383309,0.58325016,-0.17993297,-0.16165556,0.703235,-0.1919345,-0.13901216,0.8017805,-0.21310359,-0.12355067
Y,Alan,Right,0.0,0.0,0.0,0.034015488,-0.27711582,-0.013295298,0.12460752,-0.55809516,-0.05139963,0.20342843,-0.78943634,-0.09004015,0.22696213,-0.9739036,-0.11610306,0.31000102,-0.50595075,-0.09577545,0.52246225,-0.5077434,-0.13082886,0.46375373,-0.42949423,-0.12352641,0.38585922,-0.39863968,-0.11298017,0.34961796,-0.34412885,-0.115703605,0.5561202,-0.3615732,-0.14061572,0.49615285,-0.29525632,-0.12068738,0.4212307,-0.26581022,-0.11046817,0.38047123,-0.17912142,-0.13311476,0.5695163,-0.21142232,-0.15200861,0.5203495,-0.16017222,-0.11622642,0.45093587,-0.13596614,-0.0950241,0.40725487,-0.02059608,-0.15011457,0.618545,-0.063061334,-0.16228306,0.73543936,-0.069906265,-0.14855565,0.8347897,-0.09419833,-0.14028956
Y,Alan,Right,0.0,0.0,0.0,0.029621704,-0.28710043,-0.019756995,0.102019414,-0.56369215,-0.061521076,0.17562759,-0.7950573,-0.10006958,0.19527763,-0.980748,-0.12536284,0.31699178,-0.5189615,-0.09450397,0.4843186,-0.5008122,-0.11019343,0.42266017,-0.42339575,-0.09406155,0.35187697,-0.40252334,-0.08356163,0.36973774,-0.36365402,-0.106116936,0.52473944,-0.35716623,-0.108961545,0.4589995,-0.29080188,-0.085573204,0.39177972,-0.26983705,-0.08094759,0.4033977,-0.19993392,-0.11308151,0.54876304,-0.21337734,-0.11831788,0.4922009,-0.1657059,-0.08406424,0.4241306,-0.15099333,-0.06986103,0.42521003,-0.03883998,-0.119380504,0.6199253,-0.07471052,-0.1283898,0.72912854,-0.08201872,-0.11362148,0.8244299,-0.11009634,-0.105573855
Y,Alan,Right,0.0,0.0,0.0,0.02022452,-0.2569046,-0.051025886,0.0957535,-0.5520595,-0.11095358,0.1679681,-0.7864847,-0.16549863,0.18655239,-0.982445,-0.20603777,0.29855937,-0.5513816,-0.1163239,0.550012,-0.4743675,-0.16803156,0.48401853,-0.371754,-0.17853965,0.41097263,-0.35418668,-0.17985547,0.34054285,-0.40371233,-0.12511148,0.5842089,-0.3326898,-0.15991785,0.51269627,-0.24121267,-0.1447618,0.4323372,-0.22466396,-0.13568698,0.37397572,-0.23409192,-0.1372244,0.5932501,-0.18818685,-0.16894972,0.52841836,-0.11689472,-0.1370833,0.44704977,-0.105870344,-0.11430732,0.4068146,-0.057857774,-0.15243953,0.6186714,-0.10419208,-0.1729185,0.74480724,-0.10345442,-0.16115189,0.85137916,-0.11777094,-0.15153466
Y,Alan,Right,0.0,0.0,0.0,0.047559615,-0.28465146,-0.0037707335,0.14185709,-0.56497467,-0.035918593,0.24283393,-0.7841855,-0.066831335,0.2823898,-0.95929974,-0.08487315,0.37671578,-0.5110959,-0.07408702,0.5590918,-0.4388046,-0.080330126,0.49561307,-0.36350188,-0.05902962,0.41668764,-0.35083494,-0.045142386,0.4248335,-0.34571603,-0.093244374,0.5832532,-0.29274774,-0.084589764,0.51331854,-0.23031983,-0.058358718,0.4404493,-0.22099848,-0.05201592,0.4500974,-0.16738904,-0.10662009,0.5946539,-0.1540529,-0.10322317,0.5340502,-0.1042235,-0.06732581,0.46444133,-0.09629922,-0.053118613,0.4607053,0.011350193,-0.117802024,0.6674402,-0.015732383,-0.12267787,0.7813369,-0.006712245,-0.103912376,0.8801155,-0.02373316,-0.09263472
Y,Alan,Right,0.0,0.0,0.0,0.07291058,-0.27581242,-0.010768365,0.19434439,-0.5438312,-0.049082514,0.30473927,-0.7580825,-0.08603962,0.34522507,-0.93851995,-0.10792039,0.38907686,-0.45887426,-0.09780105,0.60294116,-0.39707062,-0.12035837,0.5268368,-0.3341667,-0.099945076,0.4401595,-0.3295324,-0.082618326,0.41378054,-0.2874472,-0.116121225,0.6167188,-0.24743865,-0.12632933,0.5420929,-0.19399305,-0.09574172,0.4625124,-0.1867675,-0.08269154,0.42737484,-0.112112574,-0.13062073,0.61322564,-0.104144655,-0.13959534,0.54876757,-0.06570825,-0.09940082,0.4696306,-0.061587952,-0.079178035,0.43661344,0.055023108,-0.14445673,0.6524658,0.053176776,-0.15576544,0.7746752,0.06730373,-0.14421129,0.882723,0.05735818,-0.13889039
Y,Alan,Right,0.0,0.0,0.0,0.0783175,-0.28326437,-0.008058856,0.20345299,-0.5433617,-0.046129197,0.31386507,-0.75442076,-0.08142111,0.36460152,-0.93116367,-0.10241591,0.39572975,-0.45236036,-0.10224471,0.6163659,-0.4034059,-0.11455343,0.57627565,-0.3460676,-0.08358439,0.5188962,-0.34107378,-0.060865432,0.4206243,-0.27331755,-0.12034888,0.6350487,-0.2628521,-0.1260472,0.5765593,-0.22251351,-0.08938666,0.5061048,-0.21732454,-0.07200642,0.4339485,-0.09189985,-0.13287593,0.62948626,-0.112954065,-0.13908647,0.57342917,-0.090349466,-0.095459245,0.4997367,-0.090301946,-0.07314078,0.44159868,0.077604406,-0.1439902,0.6659,0.084846064,-0.15793443,0.794476,0.10059774,-0.14843985,0.9089548,0.08810376,-0.14407599
Y,Alan,Right,0.0,0.0,0.0,0.06681756,-0.2534902,-0.018952126,0.19703235,-0.5296627,-0.062240787,0.30304343,-0.75542796,-0.10297476,0.33134,-0.9435114,-0.12923008,0.3580609,-0.47539535,-0.11277132,0.5983992,-0.3869661,-0.15114571,0.52731293,-0.3234728,-0.1423333,0.44535422,-0.32551518,-0.13203906,0.37758783,-0.30159077,-0.13112573,0.6212359,-0.24950877,-0.16379228,0.54745114,-0.19723172,-0.13939548,0.4602412,-0.18783896,-0.12548922,0.3931626,-0.12151539,-0.14726947,0.62440944,-0.10199962,-0.17352398,0.56233466,-0.068414286,-0.13427559,0.477388,-0.06673124,-0.10973189,0.4084964,0.048446994,-0.16328107,0.6410741,0.059738316,-0.1823359,0.77420604,0.081472225,-0.17434244,0.8875539,0.08257366,-0.17062317
Y,Alan,Right,0.0,0.0,0.0,0.06352189,-0.28697395,0.015506803,0.17204946,-0.5620604,-0.0030526705,0.27026016,-0.7749761,-0.023863185,0.2908232,-0.9567768,-0.034289267,0.3883918,-0.5174986,-0.06087784,0.5607695,-0.42968288,-0.061254762,0.49722606,-0.36022583,-0.032246217,0.41337487,-0.35336712,-0.01258086,0.4328596,-0.35337153,-0.08486783,0.5819397,-0.27211943,-0.07185463,0.5111632,-0.21830675,-0.0410976,0.43588728,-0.2147937,-0.033213846,0.45443544,-0.17091222,-0.10126048,0.5913444,-0.13223048,-0.09882421,0.529168,-0.09685314,-0.06378629,0.45969456,-0.1038178,-0.050374,0.45918292,0.012229799,-0.11301165,0.6716842,0.010534918,-0.11966517,0.7822047,0.026341297,-0.10033705,0.8802692,0.009884272,-0.08869104
Y,Alan,Right,0.0,0.0,0.0,0.06918635,-0.27285743,-0.0062425714,0.19597408,-0.55235225,-0.0378317,0.30734453,-0.7619454,-0.07332734,0.3453178,-0.9384858,-0.09658444,0.38316306,-0.52229136,-0.055588577,0.61039716,-0.4420147,-0.09440825,0.546894,-0.3627972,-0.10433213,0.46189442,-0.34385893,-0.10571579,0.40961775,-0.36446416,-0.07886566,0.6271134,-0.29332498,-0.100697465,0.567571,-0.2222651,-0.090836465,0.49123693,-0.21183531,-0.0883947,0.42860404,-0.19019781,-0.101840965,0.6378438,-0.1463672,-0.12168465,0.5853489,-0.087866716,-0.089217305,0.50972,-0.07586439,-0.06872192,0.44317535,-0.016125094,-0.124574855,0.65598416,-0.02523384,-0.13344194,0.77486116,-0.012642889,-0.11534988,0.87575144,-0.01800734,-0.10248326
Y,Alan,Right,0.0,0.0,0.0,0.06197324,-0.2636228,-0.01568581,0.19747673,-0.54946744,-0.048074957,0.30565113,-0.7570859,-0.083539814,0.35262284,-0.9357655,-0.10510495,0.33123386,-0.5375284,-0.07879285,0.5931536,-0.4601072,-0.13773185,0.52570987,-0.3829875,-0.14936827,0.44507965,-0.37760374,-0.14880697,0.3410699,-0.38267133,-0.10116703,0.59833074,-0.30624852,-0.14715654,0.5290033,-0.23756848,-0.13485762,0.45479116,-0.23832108,-0.125918,0.35553294,-0.21383667,-0.12547915,0.5955806,-0.16030923,-0.16722868,0.5377738,-0.10049083,-0.13323824,0.46496478,-0.0964452,-0.1064029,0.37659878,-0.043244608,-0.14993806,0.60715294,-0.03818683,-0.17305128,0.7312606,-0.019707674,-0.16052158,0.8418416,-0.024656592,-0.14929
Y,Alan,Right,0.0,0.0,0.0,0.055811845,-0.2494167,-0.033476684,0.18016572,-0.54032654,-0.08215649,0.27848658,-0.76077443,-0.12868859,0.3034174,-0.95285773,-0.16173741,0.26432174,-0.5260938,-0.13498609,0.57143253,-0.4717794,-0.20802724,0.51378894,-0.3771184,-0.2201746,0.43295115,-0.36288399,-0.21910238,0.2695789,-0.37937495,-0.15190457,0.5827507,-0.32164338,-0.21311343,0.5158598,-0.23624867,-0.19466455,0.4328901,-0.22001992,-0.17963699,0.2878643,-0.21683581,-0.1701154,0.5813031,-0.18386026,-0.21756023,0.5231865,-0.109449305,-0.17258613,0.44469026,-0.08842398,-0.13927126,0.316521,-0.04933054,-0.19049132,0.5428283,-0.06060375,-0.22053479,0.66591185,-0.044623107,-0.20943412,0.776562,-0.042963807,-0.19993554
Y,Alan,Right,0.0,0.0,0.0,0.0700852,-0.25021473,-0.027309272,0.21856293,-0.5268796,-0.06895532,0.34209105,-0.7320126,-0.11082127,0.38983074,-0.9208865,-0.14051482,0.31494647,-0.5272668,-0.11340264,0.60782874,-0.43352646,-0.18426155,0.54577684,-0.33660093,-0.1972891,0.46443808,-0.32870772,-0.19784449,0.308998,-0.38847655,-0.13455454,0.60946846,-0.27948397,-0.19288872,0.53550214,-0.19511357,-0.17616312,0.4508379,-0.19494134,-0.16323091,0.3127209,-0.22657813,-0.15779355,0.591209,-0.1419656,-0.20627114,0.5271878,-0.068974316,-0.16490479,0.4485476,-0.061478827,-0.13440956,0.3229294,-0.054221265,-0.18261021,0.5481324,-0.025500027,-0.21395087,0.668089,0.011732548,-0.20239897,0.77829176,0.026349882,-0.19201389
Y,Alan,Right,0.0,0.0,0.0,0.08443882,-0.23092622,-0.038088042,0.22442535,-0.5127753,-0.078289874,0.30660623,-0.7387261,-0.11516959,0.32201695,-0.9467339,-0.14283861,0.22888935,-0.5693625,-0.12675935,0.5370049,-0.4782891,-0.20913781,0.48105782,-0.36576477,-0.23291735,0.3998383,-0.36210865,-0.24290888,0.198294,-0.4340257,-0.1461873,0.5251438,-0.32494745,-0.21437247,0.4606415,-0.23597047,-0.20315795,0.38652462,-0.22649994,-0.19720133,0.18702517,-0.27677858,-0.16927104,0.49415588,-0.18948717,-0.22713816,0.43964574,-0.12168785,-0.19307128,0.37120998,-0.11814318,-0.1703952,0.18833886,-0.11367058,-0.19490287,0.39714956,-0.09587577,-0.23395845,0.50334275,-0.07819182,-0.22635631,0.6032626,-0.0809437,-0.22052853
Y,Alan,Right,0.0,0.0,0.0,0.09105338,-0.23076187,-0.031847488,0.19371203,-0.53058535,-0.07190279,0.26332617,-0.76326096,-0.10928693,0.32231605,-0.94663215,-0.13482574,0.22431245,-0.5979921,-0.11343268,0.53739184,-0.5148488,-0.18245047,0.49164423,-0.38056406,-0.20108569,0.41432053,-0.3540065,-0.2106262,0.21797705,-0.48426208,-0.13009892,0.5539866,-0.39533085,-0.19017714,0.5005592,-0.27237517,-0.1830461,0.43082294,-0.23421194,-0.17856814,0.23168418,-0.33824274,-0.14818531,0.5504276,-0.26553267,-0.19632775,0.5008685,-0.15996034,-0.16312881,0.42876804,-0.11863228,-0.14075162,0.25641826,-0.16540979,-0.16844496,0.48325193,-0.14603579,-0.2124142,0.6192354,-0.11707896,-0.21328838,0.7399124,-0.10144221,-0.21026076
Y,Alan,Right,0.0,0.0,0.0,0.054811336,-0.24891065,-0.01617445,0.17867173,-0.5416433,-0.059979714,0.26305726,-0.76738757,-0.10739726,0.2858761,-0.9582666,-0.14148127,0.2637546,-0.55557853,-0.10531214,0.5591971,-0.5123636,-0.178177,0.4979719,-0.4236151,-0.19494389,0.41558552,-0.41879332,-0.1952727,0.2739574,-0.41186655,-0.13252069,0.5806851,-0.36965668,-0.19353992,0.5136321,-0.28890678,-0.18101873,0.42864004,-0.28396866,-0.1675679,0.2980238,-0.24843676,-0.16033769,0.5865768,-0.22804673,-0.2025833,0.5265521,-0.15271701,-0.15687412,0.44118854,-0.14146145,-0.12162678,0.3279882,-0.080386326,-0.18966538,0.5599443,-0.11502305,-0.20578368,0.68304926,-0.10140922,-0.1844455,0.7879936,-0.10403353,-0.16785425
Y,Alan,Right,0.0,0.0,0.0,0.037439957,-0.33018443,-0.02066838,0.15395083,-0.58399445,-0.044113483,0.2677504,-0.77127707,-0.06375377,0.32512093,-0.94567245,-0.0779395,0.47043738,-0.47608688,0.0036619653,0.45861033,-0.43126765,0.026150469,0.36885202,-0.3772634,0.014287924,0.30627695,-0.3673006,-0.0030097745,0.5186838,-0.30954394,0.0003058359,0.47034782,-0.27933106,0.045591038,0.37917188,-0.25195265,0.023333212,0.32113594,-0.23840982,-0.014290465,0.5126893,-0.1448296,0.002602849,0.47193083,-0.15227619,0.030034352,0.37561867,-0.14080271,0.028707119,0.31055596,-0.13811526,0.01295204,0.47894362,0.010762725,0.005477671,0.6289232,-0.008615719,0.025681531,0.7244697,-0.006383299,0.052534144,0.80528206,-0.01139971,0.066219315
Y,Alan,Right,0.0,0.0,0.0,0.034884624,-0.3306858,-0.02769926,0.15468082,-0.577041,-0.054340534,0.27361566,-0.75882345,-0.07701522,0.34577563,-0.93831724,-0.09533351,0.46795785,-0.44684342,-0.004304053,0.4003215,-0.41836604,0.0060461806,0.32308185,-0.36299083,-0.015798414,0.27390128,-0.34577748,-0.039880294,0.51612073,-0.27508762,-0.009297298,0.4267272,-0.2576154,0.026848279,0.3498453,-0.23436922,-0.0027795304,0.29804713,-0.21789579,-0.047474623,0.5067789,-0.10650719,-0.010262043,0.44213942,-0.12561685,0.0043390337,0.3559471,-0.11806012,-0.0020531425,0.29723403,-0.11683104,-0.022180399,0.46500164,0.051250774,-0.011728683,0.596142,0.05060004,-0.0014682729,0.68566924,0.06668423,0.020624287,0.7614359,0.07104081,0.029702896
Y,Alan,Right,0.0,0.0,0.0,0.060420964,-0.32517394,-0.01642438,0.20088632,-0.56911266,-0.039259776,0.3331003,-0.7478576,-0.060895856,0.41038176,-0.9119138,-0.074573636,0.5122218,-0.45380577,0.021369895,0.54473805,-0.39917153,0.02750356,0.4562268,-0.3461198,0.0032280122,0.3830294,-0.33543053,-0.018083727,0.5502584,-0.27948594,0.013376318,0.56439465,-0.2370758,0.05029055,0.4774799,-0.20506872,0.030616961,0.40744826,-0.1934421,-0.0007278185,0.5420895,-0.104643114,0.007306092,0.56156796,-0.09832112,0.029780395,0.47618887,-0.08717459,0.03281379,0.40288562,-0.08701305,0.02323625,0.5083748,0.06113308,0.00095074676,0.673182,0.049337648,0.020139258,0.77399665,0.048656132,0.047479957,0.8565012,0.03792423,0.063338645
Y,Alan,Right,0.0,0.0,0.0,0.05443316,-0.28744334,-0.021742921,0.18334566,-0.54593396,-0.058124896,0.30239582,-0.75742227,-0.097337045,0.34395498,-0.9389861,-0.124251805,0.40668303,-0.45824158,-0.031268813,0.5891155,-0.4460951,-0.07195587,0.5240559,-0.3828387,-0.09375369,0.44086555,-0.35241386,-0.101324484,0.44735768,-0.29894903,-0.04651605,0.61167365,-0.27493325,-0.06341026,0.5607446,-0.22034475,-0.06594249,0.4960002,-0.2016823,-0.0715277,0.46938458,-0.13079062,-0.06547479,0.6388607,-0.13085444,-0.083332926,0.6066411,-0.09444462,-0.06739299,0.55330724,-0.08313641,-0.058464523,0.47311312,0.024004947,-0.08526734,0.6648827,0.017129911,-0.09135964,0.7747152,0.017914487,-0.076607734,0.87036777,0.00022347656,-0.066404276
Y,Alan,Right,0.0,0.0,0.0,0.059962295,-0.27638724,-0.017495012,0.19548383,-0.55281264,-0.0577996,0.31229472,-0.7570324,-0.10244739,0.3690013,-0.9294289,-0.13283107,0.36181286,-0.4708922,-0.0784261,0.6233266,-0.42589033,-0.14030813,0.56374997,-0.34171656,-0.15796071,0.48268953,-0.31591067,-0.15901156,0.37932232,-0.30910093,-0.10276161,0.63437545,-0.27604023,-0.1546722,0.5701684,-0.20442224,-0.14852993,0.48334563,-0.1849251,-0.13899331,0.3940057,-0.1366799,-0.12931134,0.6293203,-0.13467543,-0.16664483,0.5726205,-0.073554136,-0.13166639,0.49320734,-0.048675064,-0.103570014,0.40486345,0.030461738,-0.15728827,0.62398523,0.047412604,-0.17538044,0.74799937,0.060549814,-0.16292815,0.8570211,0.046664275,-0.15312773
Y,Alan,Right,0.0,0.0,0.0,0.051383976,-0.26452127,-0.042085286,0.1756215,-0.5429683,-0.10912895,0.25139514,-0.7658199,-0.17050497,0.28234494,-0.959313,-0.21517071,0.24633425,-0.3790199,-0.20748939,0.5821809,-0.4050924,-0.29305837,0.49903798,-0.35762334,-0.29701528,0.39744768,-0.35134375,-0.28675544,0.25918967,-0.19188756,-0.22295208,0.59353215,-0.23444201,-0.29769415,0.5091158,-0.20968714,-0.2692005,0.41032165,-0.19535682,-0.2458419,0.27383626,-0.019082142,-0.2365486,0.594329,-0.07777416,-0.28161314,0.51801586,-0.054574538,-0.2196273,0.42068747,-0.03997546,-0.17840047,0.28737637,0.12569332,-0.2537459,0.51624525,0.1524614,-0.2949253,0.64399284,0.1891738,-0.29099384,0.7622712,0.20584784,-0.2887858
Y,Alan,Right,0.0,0.0,0.0,0.066150144,-0.24868453,-0.07136215,0.15294373,-0.54151136,-0.15851358,0.18348743,-0.78340524,-0.23047832,0.16183369,-0.9868181,-0.2841878,0.16587773,-0.3946247,-0.27757812,0.51539296,-0.44467005,-0.37945914,0.46493354,-0.36697564,-0.38839394,0.34657925,-0.34766045,-0.38222137,0.17719284,-0.21071523,-0.28711322,0.53493637,-0.25449598,-0.37629277,0.46901298,-0.20798154,-0.35326612,0.34635162,-0.17765,-0.33724838,0.20310809,-0.0319664,-0.29387847,0.53150946,-0.086041644,-0.355517,0.4713349,-0.050385807,-0.30449003,0.36118233,-0.022957804,-0.2739355,0.23438624,0.13330981,-0.30536306,0.4483564,0.16977832,-0.3741162,0.5631917,0.20765112,-0.38289386,0.6445254,0.23866202,-0.38681707
Y,Alan,Right,0.0,0.0,0.0,0.07415123,-0.29632908,-0.011989431,0.19750641,-0.5521801,-0.05400574,0.30195525,-0.7614076,-0.09842023,0.35146397,-0.9362014,-0.12788837,0.36596712,-0.45090652,-0.07992448,0.61063874,-0.4340406,-0.12112538,0.5428539,-0.37847233,-0.1245781,0.46144015,-0.36471716,-0.120444104,0.38766277,-0.2811024,-0.102361865,0.6357014,-0.2888205,-0.13298666,0.56783193,-0.24152248,-0.11662584,0.485872,-0.2211756,-0.106246844,0.40229973,-0.11029919,-0.124233514,0.64083,-0.14087343,-0.13959931,0.5848359,-0.094802566,-0.096771374,0.50585,-0.06829392,-0.07102278,0.41201746,0.048687484,-0.14739789,0.6355564,0.06106823,-0.1577765,0.75951046,0.074404165,-0.14553438,0.8690685,0.06791595,-0.13889478
Y,Alan,Right,0.0,0.0,0.0,0.06966936,-0.30675516,-0.031025287,0.21242383,-0.55519843,-0.060242817,0.35293204,-0.7332424,-0.08377135,0.42172873,-0.90672207,-0.0965025,0.5014651,-0.44300613,-0.027929362,0.5768968,-0.32504505,-0.03142642,0.49025425,-0.27595946,-0.04510473,0.4094527,-0.29113677,-0.057569668,0.53203213,-0.26875472,-0.03124419,0.5729741,-0.17111017,-0.008251043,0.486682,-0.14224625,-0.016959805,0.4162299,-0.15463786,-0.040346764,0.51733506,-0.09138784,-0.033228714,0.56580806,-0.03410303,-0.026973968,0.48397362,-0.023604935,-0.01760497,0.40957084,-0.04659958,-0.021216039,0.48175347,0.08242043,-0.035856456,0.66185033,0.09906647,-0.037383866,0.7701398,0.13002098,-0.018383548,0.86083055,0.14399517,-0.0060511474
Y,Alan,Right,0.0,0.0,0.0,0.07252091,-0.26809686,-0.024869245,0.2059349,-0.54723465,-0.07322329,0.315928,-0.75251514,-0.12455851,0.37652522,-0.9264064,-0.16238393,0.31954223,-0.51395756,-0.11417884,0.62782717,-0.4765722,-0.1783735,0.58856744,-0.3648815,-0.1891285,0.5203401,-0.3254921,-0.18702908,0.32952943,-0.36598164,-0.1383168,0.6412892,-0.29619524,-0.18624051,0.6079657,-0.1944319,-0.1729424,0.54501075,-0.1567981,-0.16566183,0.3486707,-0.19228518,-0.16480276,0.6541761,-0.14757904,-0.1965806,0.6382453,-0.054345753,-0.16246475,0.5874445,-0.0055597075,-0.14379482,0.37673327,-0.011577875,-0.19423266,0.615297,0.013423573,-0.21158472,0.7473937,0.042681806,-0.20501783,0.86437833,0.053434763,-0.20526442
Y,Alan,Right,0.0,0.0,0.0,0.063647784,-0.2543212,-0.022681417,0.20354235,-0.53599656,-0.062903374,0.3218626,-0.74451244,-0.105083436,0.38112777,-0.9245224,-0.132842,0.33949018,-0.49604252,-0.0983185,0.621413,-0.39148235,-0.16162336,0.5459294,-0.31234348,-0.17347418,0.46186242,-0.31658572,-0.17296587,0.3434603,-0.34016067,-0.12091499,0.6269719,-0.23894095,-0.17226614,0.54506075,-0.17223647,-0.15470366,0.46164903,-0.1816216,-0.1403919,0.3497469,-0.17010064,-0.14590888,0.6201815,-0.094145164,-0.1858031,0.5543283,-0.038310084,-0.14297093,0.4738868,-0.04489436,-0.11113411,0.3621674,0.0031077603,-0.17268397,0.59435314,0.019901818,-0.19570982,0.71983594,0.05315931,-0.18115318,0.8304215,0.0674629,-0.16906813
Y,Alan,Right,0.0,0.0,0.0,0.07441348,-0.25349942,-0.024337905,0.22753415,-0.5292322,-0.06254887,0.3584063,-0.73059124,-0.100834824,0.42343068,-0.9059285,-0.12438746,0.39352712,-0.47586054,-0.08967843,0.6413266,-0.3308814,-0.141845,0.5531176,-0.2593379,-0.1529782,0.46810174,-0.27395245,-0.15537931,0.3975295,-0.31661448,-0.1088587,0.6327245,-0.18337144,-0.14473651,0.5456037,-0.1216441,-0.12902957,0.4701854,-0.13951403,-0.1208089,0.39641866,-0.14162947,-0.12960868,0.6208,-0.037812535,-0.15775456,0.54861593,0.012875396,-0.11504038,0.47085744,-0.0049723233,-0.08670769,0.39892793,0.038099524,-0.15216058,0.6296587,0.06298302,-0.16639282,0.7589189,0.10278326,-0.14595862,0.87199444,0.1204977,-0.13112915
Y,Alan,Right,0.0,0.0,0.0,0.076859914,-0.27355835,-0.025215957,0.22224954,-0.53382087,-0.06938679,0.35321483,-0.7348742,-0.11475576,0.42586228,-0.904788,-0.14470023,0.4002263,-0.43053,-0.09324712,0.64232326,-0.3564804,-0.14556402,0.5667153,-0.29272783,-0.15314509,0.48052353,-0.29319692,-0.15041253,0.40878314,-0.2573068,-0.11295509,0.64293915,-0.1987443,-0.15411077,0.56551844,-0.14266297,-0.14030804,0.4837758,-0.14526513,-0.13035211,0.4105351,-0.07965052,-0.13380143,0.6361239,-0.051936135,-0.16647764,0.57061714,-0.002381608,-0.12614931,0.4909297,0.0011420032,-0.09731793,0.4102632,0.09157825,-0.15625148,0.6362584,0.12595986,-0.17548518,0.75767285,0.16327259,-0.16010517,0.86444837,0.17102648,-0.14818278
Y,Alan,Right,0.0,0.0,0.0,0.088199496,-0.28195867,-0.0137314815,0.22807983,-0.5320683,-0.052360423,0.3685712,-0.7276171,-0.08943,0.4429594,-0.89654166,-0.11119032,0.44580054,-0.4138348,-0.08858321,0.64656633,-0.33512136,-0.10768132,0.5733487,-0.28185546,-0.08851746,0.4915528,-0.28141865,-0.07269848,0.46108845,-0.23055916,-0.10604476,0.6489324,-0.17270163,-0.11321078,0.57468265,-0.13368648,-0.08497217,0.4976303,-0.1308828,-0.07349661,0.45885167,-0.048787326,-0.11978797,0.6387057,-0.017486352,-0.1264525,0.5767018,0.012495824,-0.08445039,0.5020749,0.013434767,-0.063370794,0.4483659,0.12376874,-0.13312595,0.66256,0.15465218,-0.14108548,0.776335,0.18667163,-0.12241888,0.87807333,0.19405699,-0.110968836
Y,Alan,Right,0.0,0.0,0.0,0.06971413,-0.25290745,-0.029764844,0.21335216,-0.5386959,-0.07949527,0.319667,-0.7488499,-0.1278416,0.3730466,-0.92781264,-0.16154131,0.29787546,-0.45536664,-0.14400202,0.59451145,-0.40460566,-0.21892446,0.53633773,-0.33900377,-0.23027061,0.45106077,-0.3402732,-0.22721905,0.29630557,-0.2828767,-0.16409214,0.6024066,-0.23835841,-0.22983697,0.5353248,-0.18593843,-0.21636151,0.44651186,-0.18875477,-0.20329136,0.30278382,-0.10501523,-0.18370798,0.60125816,-0.08625934,-0.2364839,0.53604347,-0.031058084,-0.19555399,0.4457368,-0.019610735,-0.16245835,0.31208348,0.062126536,-0.2044032,0.54231817,0.10032733,-0.24418435,0.6675821,0.139296,-0.2418837,0.7798804,0.15281354,-0.23723516
Y,Alan,Right,0.0,0.0,0.0,0.073258065,-0.23981048,-0.044572916,0.2128305,-0.5194802,-0.10029564,0.31195468,-0.7384186,-0.1510608,0.35153517,-0.9361747,-0.18853723,0.25443408,-0.47406253,-0.16587867,0.5734373,-0.42156214,-0.25728098,0.51742506,-0.32157108,-0.27703068,0.43019778,-0.3073275,-0.27895898,0.23817311,-0.31875968,-0.18239355,0.57200295,-0.2494729,-0.26571798,0.49623746,-0.17209041,-0.25279844,0.39884967,-0.15390123,-0.2372394,0.23981315,-0.15441482,-0.20087981,0.553564,-0.09912257,-0.26658237,0.48661724,-0.042099793,-0.22801726,0.40019166,-0.031787723,-0.19561523,0.24856442,0.012149988,-0.221697,0.46220016,0.061651003,-0.274069,0.57492435,0.10480286,-0.27561787,0.681126,0.12790592,-0.2712084
Y,Alan,Right,0.0,0.0,0.0,0.117587596,-0.23748608,-0.044925075,0.24499331,-0.5150813,-0.08443569,0.31176025,-0.7398496,-0.120611414,0.33116984,-0.94357115,-0.14763595,0.21933365,-0.53843373,-0.12182859,0.5076098,-0.4446399,-0.21192273,0.45335323,-0.34813243,-0.2472715,0.36647385,-0.35285756,-0.26427558,0.17742199,-0.40286136,-0.13768591,0.49162805,-0.28738424,-0.20987001,0.42721388,-0.22035988,-0.20772386,0.3467272,-0.2193022,-0.20798206,0.15957062,-0.24639027,-0.15877222,0.45468014,-0.14739282,-0.22360703,0.40634078,-0.09796607,-0.20049128,0.33869526,-0.09445334,-0.1831223,0.15419698,-0.08812532,-0.18308319,0.35121152,-0.0362225,-0.2266041,0.43700278,-0.009110783,-0.22258979,0.5108679,0.0051699956,-0.2174239
Y,Alan,Right,0.0,0.0,0.0,0.07558223,-0.2551918,-0.05238833,0.21852171,-0.5241208,-0.12047043,0.32303116,-0.73772997,-0.18326955,0.3790088,-0.92539304,-0.22916047,0.26110625,-0.37362376,-0.19238883,0.588202,-0.32287368,-0.29097903,0.51981294,-0.26904982,-0.3091472,0.41638726,-0.27566054,-0.30646512,0.2558363,-0.1871627,-0.20741475,0.58899134,-0.1378587,-0.30094305,0.5054123,-0.11655248,-0.2863376,0.39475992,-0.13275103,-0.26745,0.2579458,-0.007710132,-0.22393699,0.5792808,0.017916722,-0.29086393,0.49535957,0.039308112,-0.23803349,0.3895123,0.02831165,-0.19501784,0.25816283,0.15130378,-0.24467048,0.4743366,0.22684593,-0.299811,0.59932274,0.28414178,-0.3005834,0.71601593,0.31588897,-0.29648215
Y,Alan,Right,0.0,0.0,0.0,0.09621351,-0.2955122,-0.02571166,0.24915132,-0.5335173,-0.07294401,0.38883978,-0.7189682,-0.117388815,0.46666813,-0.8844325,-0.14553669,0.42905,-0.3670075,-0.10601259,0.6802182,-0.32322028,-0.14778498,0.6071542,-0.29231438,-0.1466628,0.5270834,-0.2955397,-0.1410732,0.4408092,-0.17851633,-0.119127445,0.6807187,-0.17154816,-0.1501351,0.60523313,-0.15410069,-0.12904957,0.5255775,-0.14928134,-0.11771699,0.43894383,-0.0015548537,-0.1315552,0.67027485,-0.0145538505,-0.15177767,0.6049802,-0.006901266,-0.107922815,0.5253782,-0.008115544,-0.08206448,0.4320998,0.15611197,-0.14561655,0.6546826,0.21402806,-0.1655955,0.779124,0.25054917,-0.15796179,0.894831,0.2646897,-0.1536435
Y,Alan,Right,0.0,0.0,0.0,0.08485932,-0.31287464,-0.020111244,0.24460061,-0.539064,-0.049834646,0.39272377,-0.7182208,-0.073312186,0.4655158,-0.88503957,-0.08380932,0.4919414,-0.350894,-0.0462833,0.6200076,-0.393761,-0.03586569,0.53871584,-0.38765574,-0.0212498,0.45506832,-0.365452,-0.014038525,0.52394414,-0.16873948,-0.043813616,0.5965958,-0.24027829,-0.017326083,0.5153647,-0.24476036,-0.0070219976,0.44747618,-0.21406944,-0.016212242,0.5144106,-0.0036720017,-0.035825018,0.58413804,-0.09499465,-0.019197956,0.51136357,-0.11849331,0.0029704825,0.43744087,-0.10521771,0.0045444514,0.4830609,0.1320502,-0.02644565,0.6650861,0.14464572,-0.020572431,0.77370787,0.15794745,-0.0034423198,0.8639361,0.16728249,0.0038299877
Y,Alan,Right,0.0,0.0,0.0,0.058322717,-0.33801448,-0.021965807,0.21676418,-0.56695944,-0.04017386,0.36497134,-0.7326382,-0.05094522,0.44017646,-0.8979113,-0.0572914,0.5170462,-0.3729775,0.021324059,0.51107836,-0.4440773,0.06634798,0.41605604,-0.4087541,0.061113194,0.35770464,-0.36629623,0.046660777,0.5467662,-0.19436625,0.034462113,0.49766022,-0.28381968,0.10531478,0.4143519,-0.2732512,0.08088175,0.35741594,-0.22797592,0.03871722,0.5217369,-0.04200358,0.056122683,0.48041227,-0.15377091,0.118220665,0.39709163,-0.16461103,0.1131164,0.3305503,-0.13915095,0.087378845,0.4709387,0.08339504,0.078526594,0.6100995,0.063429885,0.13107805,0.7028982,0.06848954,0.16111095,0.77575326,0.07500002,0.17126258
Y,Alan,Right,0.0,0.0,0.0,0.07587249,-0.33439946,-0.0033737868,0.22243915,-0.5702364,-0.01967697,0.35265377,-0.7326733,-0.035092007,0.42133075,-0.906907,-0.047179166,0.519275,-0.4189655,0.0010798977,0.4317349,-0.3884924,0.019786328,0.34137493,-0.34610933,0.009083726,0.28025043,-0.33964986,-0.0068026786,0.5510955,-0.24217327,-0.017509922,0.44238126,-0.22659576,0.013713512,0.34582692,-0.21505019,-0.017869685,0.27965075,-0.20589143,-0.059317507,0.53165305,-0.066075884,-0.027183158,0.4571639,-0.0777798,-0.017136918,0.3561138,-0.083631404,-0.025591949,0.28769335,-0.091273755,-0.043121833,0.47915912,0.09813595,-0.03411325,0.61938137,0.12171698,-0.027314253,0.71250963,0.1538399,-0.0036522173,0.79325616,0.17292306,0.009764319
Y,Alan,Right,0.0,0.0,0.0,-0.006322508,-0.35873,0.008415112,0.08912768,-0.61660445,0.0042802976,0.19791041,-0.7937255,-0.00323812,0.25489184,-0.96696955,-0.0065724533,0.4644127,-0.47538644,0.019951504,0.3917903,-0.4025664,0.06563198,0.31744343,-0.3481446,0.08195157,0.24959376,-0.31439313,0.081143364,0.5225607,-0.29095274,-1.47408955e-05,0.42489082,-0.22491615,0.06270755,0.34012577,-0.20458251,0.054188922,0.26801085,-0.1855572,0.019794622,0.52264553,-0.09369312,-0.011080089,0.46246836,-0.07875673,0.019905642,0.36673385,-0.058984738,0.017417213,0.29166687,-0.046963044,-0.0057279523,0.47778377,0.09192336,-0.020122204,0.58532137,0.15532973,-0.0060907025,0.6609143,0.2044629,0.012359066,0.72031134,0.23430479,0.017236084
Y,Alan,Right,0.0,0.0,0.0,0.049598858,-0.30478773,-0.014711175,0.17624998,-0.56316835,-0.03990741,0.31629738,-0.7561886,-0.064923614,0.3877449,-0.9217667,-0.076931976,0.41961816,-0.45563012,-0.039368372,0.5817667,-0.4379042,-0.05381619,0.51402617,-0.39171407,-0.0504407,0.4348217,-0.36989513,-0.046642605,0.4582209,-0.28515446,-0.052581746,0.6017376,-0.2783894,-0.05181909,0.53780234,-0.24707805,-0.04047769,0.46721578,-0.23404418,-0.041189324,0.4703935,-0.11941985,-0.06504862,0.602254,-0.13164644,-0.07102718,0.549405,-0.11216563,-0.048947867,0.48580685,-0.10469803,-0.03966374,0.46718377,0.039502174,-0.07728114,0.6664356,0.042188805,-0.08680294,0.77659905,0.054333597,-0.07561125,0.8705525,0.055864103,-0.06762061
Y,Alan,Right,0.0,0.0,0.0,0.058236234,-0.3083124,-0.03335641,0.18398716,-0.5671109,-0.06568203,0.32050115,-0.75579554,-0.094342984,0.3987291,-0.9170688,-0.10912979,0.45330685,-0.46022868,-0.04182962,0.5791399,-0.38823813,-0.064364366,0.5075902,-0.33794793,-0.07340002,0.42187145,-0.32485247,-0.077063315,0.48860654,-0.2821142,-0.047818128,0.5942129,-0.23149297,-0.0528994,0.5256032,-0.19823502,-0.0536681,0.45324466,-0.19283733,-0.063167274,0.49229112,-0.10602223,-0.05564854,0.59252244,-0.084812015,-0.07460085,0.5307789,-0.06816732,-0.06163339,0.46302715,-0.069993466,-0.054658312,0.47756585,0.06506013,-0.06416831,0.67162997,0.08211059,-0.08343961,0.78337747,0.10620622,-0.073585875,0.8791048,0.112195894,-0.0637599
Y,Alan,Right,0.0,0.0,0.0,0.06620635,-0.3520104,-0.029750211,0.21283561,-0.57473385,-0.055015866,0.36484945,-0.71788144,-0.07783456,0.47623155,-0.8793199,-0.094276294,0.5512509,-0.36548656,-0.0010656549,0.49551108,-0.32994887,0.010665739,0.39993763,-0.29948047,-0.005437593,0.33242247,-0.2998423,-0.02647482,0.5866931,-0.1659715,-0.011243365,0.49887547,-0.1532966,0.020030428,0.39960113,-0.15953048,-0.009948775,0.33270127,-0.16256747,-0.05453674,0.5596172,0.017059242,-0.018919494,0.49700826,0.0022072506,-0.02056199,0.38957274,-0.02046867,-0.030134203,0.31784967,-0.039214943,-0.048691433,0.49603966,0.1847818,-0.026973424,0.6544476,0.23917632,-0.03839269,0.75996906,0.29429784,-0.025233768,0.8533008,0.33215332,-0.01915256
Y,Alan,Right,0.0,0.0,0.0,0.012825864,-0.3507079,-0.015428709,0.1228759,-0.6041632,-0.035029843,0.24713512,-0.7747484,-0.051312815,0.32216728,-0.94668275,-0.061302677,0.47825283,-0.54370934,-0.0154900225,0.4145743,-0.448744,0.00814433,0.33402526,-0.37660232,0.008704063,0.27399707,-0.34977117,-0.00081386144,0.5405364,-0.36473233,-0.030553048,0.45355186,-0.27940384,0.004271401,0.3587842,-0.24177188,-0.0181661,0.2880415,-0.2212314,-0.056434542,0.546203,-0.16963805,-0.03795602,0.48392564,-0.127915,-0.031252608,0.37796542,-0.10771397,-0.039785773,0.30342445,-0.103353955,-0.05901634,0.5131621,0.024533346,-0.04389085,0.6718554,0.05257143,-0.047691412,0.7800684,0.08027443,-0.03292859,0.86861336,0.09137043,-0.025889022
Y,Alan,Left,0.0,0.0,0.0,-0.08381018,-0.29536146,-0.017031444,-0.23317273,-0.5415424,-0.04562502,-0.36356214,-0.7266464,-0.074795574,-0.4000092,-0.9165111,-0.10122633,-0.42884937,-0.39611962,-0.0808872,-0.6318241,-0.34689346,-0.11567057,-0.5607003,-0.3280477,-0.12885295,-0.48465037,-0.34542176,-0.13089737,-0.45068634,-0.19855218,-0.09222636,-0.6312923,-0.18080162,-0.114818804,-0.5584479,-0.15856698,-0.11257374,-0.48828927,-0.16151218,-0.111962676,-0.45076457,-0.009446557,-0.10089596,-0.6126113,-0.012628925,-0.12627552,-0.54684025,0.0032748003,-0.11231198,-0.47088906,2.4122513e-05,-0.09964181,-0.45000347,0.1606963,-0.10863726,-0.6586335,0.13193978,-0.12013271,-0.7845401,0.13006476,-0.11168992,-0.8849155,0.12421562,-0.104029566
Y,Alan,Left,0.0,0.0,0.0,-0.07859977,-0.32310578,-0.014583935,-0.21605864,-0.5802278,-0.04061343,-0.35922554,-0.7444335,-0.06627098,-0.43788943,-0.89902884,-0.08795557,-0.47734004,-0.4757222,-0.082713895,-0.6985143,-0.39703226,-0.11889399,-0.62880975,-0.37273523,-0.13114487,-0.5358194,-0.36902547,-0.12895444,-0.5011303,-0.26259795,-0.095242955,-0.7046563,-0.23190716,-0.124265224,-0.6258476,-0.20863697,-0.12916756,-0.53775615,-0.20348816,-0.13163236,-0.5003264,-0.055857792,-0.10372738,-0.6763558,-0.04619769,-0.13592914,-0.6123931,-0.028201934,-0.12532786,-0.5279531,-0.028800303,-0.11406972,-0.49576676,0.14112897,-0.110282995,-0.72392154,0.12665433,-0.13406265,-0.8667605,0.1350901,-0.13097866,-0.9804512,0.13399847,-0.124743134
Y,Alan,Left,0.0,0.0,0.0,-0.07888809,-0.31971297,-0.017141089,-0.24064733,-0.5583397,-0.033832576,-0.3976809,-0.71303993,-0.048315555,-0.47667983,-0.87907696,-0.06028118,-0.52683055,-0.3913215,-0.017258687,-0.60518855,-0.37055612,-0.013281052,-0.5140911,-0.34908652,-0.028525952,-0.4367155,-0.33547598,-0.038687773,-0.5549475,-0.19485053,-0.019609712,-0.6055413,-0.19926175,0.0016332291,-0.519476,-0.18524054,-0.010718682,-0.44356886,-0.17138325,-0.028959837,-0.5444272,-0.0062537254,-0.018322056,-0.5969109,-0.02997566,-0.01309871,-0.5232579,-0.02407257,-0.015937453,-0.44379175,-0.016402991,-0.02172235,-0.5249416,0.15486875,-0.015958523,-0.7049813,0.13730179,-0.0063006966,-0.813614,0.13542183,0.010218802,-0.89537454,0.12943608,0.022434706
Y,Alan,Left,0.0,0.0,0.0,-0.061941445,-0.31770006,-0.03400937,-0.21757437,-0.56094533,-0.059999485,-0.37366194,-0.7167698,-0.081471846,-0.45307946,-0.89147013,-0.099889435,-0.50872976,-0.4139032,-0.03307472,-0.5696191,-0.41952786,-0.04215791,-0.4751759,-0.3926891,-0.06608741,-0.40362388,-0.36240402,-0.08247162,-0.53768665,-0.22038656,-0.03209839,-0.58188564,-0.246439,-0.026902793,-0.4914036,-0.23258518,-0.04620157,-0.4151866,-0.20189755,-0.067438655,-0.5273254,-0.036637302,-0.029726636,-0.5757077,-0.06718904,-0.03680037,-0.49559492,-0.06662457,-0.040694788,-0.41187206,-0.051618204,-0.045181714,-0.50620997,0.1223371,-0.027989052,-0.6816794,0.10195584,-0.028622339,-0.78703725,0.0974026,-0.01630916,-0.8689221,0.09673914,-0.0064557297
Y,Alan,Left,0.0,0.0,0.0,-0.058880474,-0.32678965,-0.017615257,-0.19728144,-0.56227595,-0.037888207,-0.3323644,-0.74030364,-0.05493521,-0.39567244,-0.9183917,-0.06734351,-0.4498096,-0.44676992,-0.05583103,-0.6016813,-0.43445283,-0.07402209,-0.5269666,-0.4049573,-0.088863626,-0.44731814,-0.3877508,-0.09554923,-0.4859339,-0.2478187,-0.058935344,-0.62481886,-0.263289,-0.060063317,-0.5510826,-0.23901235,-0.058761,-0.47979587,-0.22219343,-0.064950295,-0.4906968,-0.0548618,-0.059835143,-0.61562425,-0.090888344,-0.07025667,-0.558069,-0.08173995,-0.060960732,-0.48505402,-0.06957506,-0.05768105,-0.4867861,0.11052908,-0.05935309,-0.692125,0.07812285,-0.06785251,-0.8135896,0.066403896,-0.0607436,-0.9093304,0.05334655,-0.055958092
Y,Alan,Left,0.0,0.0,0.0,-0.042220592,-0.30005524,-0.014276366,-0.15398242,-0.5672938,-0.04383165,-0.25441733,-0.77725035,-0.075695895,-0.2676188,-0.9635249,-0.10436118,-0.34954002,-0.499967,-0.0811185,-0.5762888,-0.5167995,-0.13315888,-0.5151906,-0.4859049,-0.15973555,-0.4259177,-0.47005963,-0.16851081,-0.39685944,-0.31310704,-0.0966458,-0.6127033,-0.35949418,-0.14132957,-0.55631286,-0.32830754,-0.1546025,-0.47663167,-0.30046263,-0.16162033,-0.42313305,-0.13490348,-0.11056604,-0.63424814,-0.20461592,-0.14646083,-0.59142923,-0.1839408,-0.1397138,-0.51286185,-0.16065374,-0.13159996,-0.44139418,0.024772143,-0.12405359,-0.6488394,-0.041457716,-0.14751016,-0.78299516,-0.0713484,-0.15251961,-0.888402,-0.096578024,-0.15496881
Y,Alan,Left,0.0,0.0,0.0,-0.030092489,-0.28176755,-0.01387359,-0.13236025,-0.573556,-0.05400303,-0.20184089,-0.80252117,-0.094433025,-0.1755976,-0.984462,-0.1310933,-0.25666592,-0.52335757,-0.1324225,-0.5400035,-0.5681164,-0.19406383,-0.4927071,-0.50323004,-0.21113804,-0.40241858,-0.47750822,-0.21115999,-0.2998862,-0.345805,-0.15059851,-0.57436574,-0.4192387,-0.2082281,-0.51802665,-0.36202973,-0.2061052,-0.4328508,-0.33397904,-0.19948515,-0.3352976,-0.17610826,-0.16387583,-0.5914864,-0.27129278,-0.20070197,-0.5449689,-0.22595619,-0.16969372,-0.4608069,-0.19648392,-0.14466317,-0.37243563,-0.022267783,-0.17705578,-0.5923536,-0.10672072,-0.19243243,-0.72140765,-0.15585084,-0.18273659,-0.8154292,-0.19786148,-0.176396
Y,Alan,Left,0.0,0.0,0.0,-0.054160886,-0.2751496,-0.01628883,-0.18224938,-0.5553974,-0.060839172,-0.25581962,-0.7882591,-0.10483295,-0.21372287,-0.9768943,-0.14395072,-0.27687928,-0.49966562,-0.15644114,-0.5872811,-0.5130696,-0.22776222,-0.5291948,-0.43917817,-0.24611376,-0.42969587,-0.42445496,-0.24732928,-0.30811772,-0.31828663,-0.17460966,-0.60049886,-0.342384,-0.23785494,-0.5412598,-0.28878063,-0.22708333,-0.45845348,-0.2897122,-0.21740489,-0.3346904,-0.14172848,-0.18883464,-0.6058562,-0.2032729,-0.23584485,-0.5478669,-0.15234154,-0.20019877,-0.45723993,-0.13750686,-0.17215537,-0.36405522,0.014879788,-0.20286885,-0.5892257,-0.038149707,-0.2302895,-0.72476196,-0.06454075,-0.22607662,-0.82546765,-0.09333882,-0.2234094
Y,Alan,Left,0.0,0.0,0.0,-0.099824,-0.2652882,-0.0070669977,-0.26116058,-0.5446794,-0.05119107,-0.33412108,-0.7764538,-0.09587116,-0.29512197,-0.9554596,-0.13784105,-0.33022693,-0.43157655,-0.16291964,-0.6517159,-0.39451557,-0.23600659,-0.5804738,-0.34325823,-0.2534379,-0.4774669,-0.3497621,-0.25401732,-0.33268216,-0.23932944,-0.18690516,-0.66162,-0.23143065,-0.26255825,-0.5863145,-0.19113103,-0.25758398,-0.48235413,-0.18782315,-0.24533118,-0.3354199,-0.057822723,-0.2044761,-0.6498677,-0.07844439,-0.25050363,-0.5887593,-0.051958174,-0.2188224,-0.48870248,-0.051027894,-0.19150838,-0.34511676,0.100337684,-0.22106327,-0.5889306,0.10750307,-0.25138903,-0.7338992,0.11136025,-0.2556448,-0.8398676,0.10674918,-0.25880826
Y,Alan,Left,0.0,0.0,0.0,-0.091129996,-0.24528693,-0.020036658,-0.2422507,-0.5428861,-0.072177865,-0.2968934,-0.7808972,-0.1216518,-0.24142471,-0.9704195,-0.16808829,-0.25414386,-0.49870235,-0.1979007,-0.5671141,-0.42098448,-0.2781788,-0.5020408,-0.35196567,-0.29056758,-0.41306865,-0.36694717,-0.29141802,-0.24680024,-0.3262865,-0.22366571,-0.5662772,-0.24471968,-0.30380115,-0.49788964,-0.1920547,-0.28254604,-0.41167906,-0.21012785,-0.2686063,-0.25130832,-0.13883841,-0.24587335,-0.5546802,-0.11625353,-0.31022513,-0.5026213,-0.056355707,-0.26953393,-0.4218274,-0.049590595,-0.24066027,-0.26387823,0.027022304,-0.2676601,-0.49675682,0.03122388,-0.3189647,-0.6315111,0.042374343,-0.32721964,-0.7356113,0.041007653,-0.33383226
Y,Alan,Left,0.0,0.0,0.0,-0.06765274,-0.28968516,-0.02114262,-0.1944838,-0.58169615,-0.05757876,-0.25558093,-0.8092819,-0.09464328,-0.20665021,-0.9784149,-0.12996472,-0.33031237,-0.43895814,-0.09773902,-0.6048398,-0.47940615,-0.15877347,-0.5304273,-0.45442846,-0.18737283,-0.42933908,-0.42679042,-0.19315016,-0.35842234,-0.2651069,-0.11110113,-0.6259426,-0.32442954,-0.15205394,-0.5491579,-0.30955648,-0.15440363,-0.45646968,-0.28091377,-0.15187597,-0.37951213,-0.10374462,-0.12384432,-0.62262106,-0.16899002,-0.1442916,-0.5573151,-0.16140416,-0.119185425,-0.4674163,-0.13966091,-0.099289924,-0.40027934,0.040482566,-0.13895905,-0.60038626,-0.027737508,-0.14133081,-0.5995715,-0.033094257,-0.11665279,-0.5700801,-0.017817477,-0.09716366
Y,Alan,Left,0.0,0.0,0.0,-0.08213781,-0.30233285,-0.031947047,-0.2396387,-0.5509192,-0.0783231,-0.33838683,-0.76430434,-0.11817224,-0.32843375,-0.94452703,-0.15079078,-0.38614032,-0.36678308,-0.15914477,-0.6682811,-0.43209517,-0.21643344,-0.5827023,-0.42529714,-0.23205478,-0.4805424,-0.39918596,-0.23162712,-0.41723534,-0.160287,-0.16007143,-0.6849082,-0.2557337,-0.20135398,-0.60764235,-0.2607713,-0.1947872,-0.5122876,-0.23012045,-0.19029777,-0.43237677,0.0136455,-0.1557605,-0.68636805,-0.09821602,-0.17952204,-0.6186991,-0.1114239,-0.15984358,-0.5227352,-0.08348486,-0.14766717,-0.44500655,0.1483379,-0.15233102,-0.68407273,0.12296522,-0.16950059,-0.8246559,0.1067891,-0.17873819,-0.93090636,0.10393679,-0.18874566
Y,Alan,Left,0.0,0.0,0.0,-0.072917946,-0.3187716,-0.048531465,-0.21244358,-0.58008945,-0.114300236,-0.31746465,-0.7956345,-0.16647242,-0.28309548,-0.9590917,-0.2076824,-0.36831224,-0.38018614,-0.21408494,-0.6878774,-0.5036671,-0.27651787,-0.5977911,-0.4874566,-0.2786154,-0.49072835,-0.44847536,-0.2694304,-0.4094107,-0.16313963,-0.20808019,-0.728877,-0.31400216,-0.2654772,-0.6365488,-0.31191015,-0.24542299,-0.5286526,-0.27499476,-0.22691147,-0.4353798,0.012698599,-0.19546486,-0.72843283,-0.14106582,-0.23297463,-0.6505015,-0.15173759,-0.20496948,-0.55069965,-0.119827725,-0.18408851,-0.46016416,0.1409887,-0.18389682,-0.71643114,0.105679594,-0.21947798,-0.8684668,0.079702266,-0.23981135,-0.9954928,0.06214482,-0.25619784
Y,Alan,Left,0.0,0.0,0.0,-0.072019145,-0.26515165,-0.01598741,-0.21478051,-0.55065936,-0.061273802,-0.29136965,-0.7776654,-0.10628181,-0.26605114,-0.9639589,-0.1473377,-0.3212182,-0.41459286,-0.15369457,-0.61936873,-0.4375161,-0.22254026,-0.55107445,-0.39303488,-0.24221538,-0.4527003,-0.3812488,-0.24624981,-0.33899924,-0.23392142,-0.17154182,-0.64217645,-0.27296457,-0.23920517,-0.567704,-0.23131523,-0.23741302,-0.46837002,-0.2145509,-0.22935034,-0.35110864,-0.060830183,-0.1838306,-0.6439814,-0.10638614,-0.22248612,-0.57628393,-0.07428757,-0.19275773,-0.47088024,-0.059323937,-0.16915998,-0.36495164,0.092948854,-0.19659384,-0.595264,0.07913728,-0.22691506,-0.74283886,0.073704325,-0.2361617,-0.85771435,0.059522692,-0.24384287
Y,Alan,Left,0.0,0.0,0.0,-0.079536505,-0.25356504,-0.008594713,-0.22486539,-0.5465291,-0.043915324,-0.2997195,-0.77687025,-0.081558116,-0.27169195,-0.9623843,-0.114550345,-0.29277423,-0.49933684,-0.12745522,-0.59751964,-0.46958488,-0.20018226,-0.5373168,-0.38486543,-0.21971984,-0.43395206,-0.3824124,-0.22064012,-0.31061518,-0.3288601,-0.1482672,-0.611768,-0.3095469,-0.22151935,-0.5419896,-0.23499288,-0.21602245,-0.44811076,-0.23264058,-0.20372668,-0.3263753,-0.15332827,-0.16649793,-0.6168174,-0.1684393,-0.21751198,-0.5545404,-0.10427032,-0.18498878,-0.4620339,-0.096677996,-0.15601951,-0.34688392,0.011148527,-0.18434413,-0.56749934,-0.007184216,-0.21802628,-0.70259815,-0.01568057,-0.22296983,-0.80335206,-0.03934607,-0.22440249
Y,Alan,Left,0.0,0.0,0.0,-0.08667185,-0.24544382,0.010441803,-0.23761891,-0.54870814,-0.01186914,-0.31891707,-0.7801622,-0.04212341,-0.2852389,-0.95845646,-0.06926948,-0.3154616,-0.53477836,-0.09448753,-0.62092805,-0.4797973,-0.16400997,-0.5707416,-0.36730748,-0.18041597,-0.4747403,-0.3612256,-0.18129894,-0.32092682,-0.38562772,-0.12737805,-0.6344252,-0.32191437,-0.20157133,-0.57469535,-0.23069239,-0.19316314,-0.48803943,-0.23096909,-0.17974803,-0.32431352,-0.2144392,-0.15874542,-0.6331426,-0.18954389,-0.21748157,-0.5748274,-0.106595375,-0.18479282,-0.48905772,-0.09569602,-0.15543444,-0.33285078,-0.047160678,-0.1884371,-0.56413263,-0.044487245,-0.23447905,-0.7066481,-0.04326384,-0.24562459,-0.8191165,-0.06476917,-0.2504928
Y,Alan,Left,0.0,0.0,0.0,-0.09287281,-0.2286466,-0.0014506408,-0.24099702,-0.5314163,-0.038575064,-0.30778554,-0.77025133,-0.076037414,-0.27642182,-0.9610364,-0.116852306,-0.27955952,-0.5278858,-0.15803325,-0.5887071,-0.4828087,-0.21677105,-0.5896983,-0.35645732,-0.22472778,-0.5273591,-0.3157889,-0.22661328,-0.28142306,-0.38518274,-0.18808103,-0.6103263,-0.32840338,-0.24772148,-0.5852144,-0.22387834,-0.23181564,-0.50983465,-0.201052,-0.22310829,-0.28606927,-0.21198821,-0.21206142,-0.60615635,-0.21293624,-0.2591356,-0.5810322,-0.12036989,-0.22496158,-0.51105183,-0.087509885,-0.20483574,-0.30182487,-0.04140468,-0.23405257,-0.53619903,-0.04391542,-0.2823549,-0.6690402,-0.054555535,-0.2943066,-0.77538764,-0.09267824,-0.30513877
Y,Alan,Left,0.0,0.0,0.0,-0.07799232,-0.23178652,-0.014115216,-0.2151903,-0.5404689,-0.06504756,-0.27672768,-0.7747128,-0.11184902,-0.23477665,-0.97204936,-0.15592466,-0.24378558,-0.5146008,-0.20514818,-0.5808188,-0.45113713,-0.272667,-0.5541984,-0.34317616,-0.26915428,-0.46777806,-0.32498655,-0.26200375,-0.24626668,-0.34825987,-0.23354205,-0.6039629,-0.28085786,-0.307272,-0.5629336,-0.18894008,-0.28041974,-0.47945505,-0.18358201,-0.26480493,-0.25895527,-0.1588916,-0.25644976,-0.5913239,-0.14993614,-0.31391853,-0.5557106,-0.06940669,-0.27187285,-0.47938037,-0.05040461,-0.24725656,-0.27656227,0.014412242,-0.2775802,-0.5212605,-3.557151e-06,-0.33569086,-0.6664803,-0.0104691405,-0.3534767,-0.7814054,-0.037346084,-0.36867672
Y,Alan,Left,0.0,0.0,0.0,-0.08433965,-0.26321205,-0.012762586,-0.22935382,-0.5411892,-0.05282423,-0.3232572,-0.75476325,-0.09279391,-0.29670691,-0.9549686,-0.13094714,-0.32906595,-0.47951087,-0.13877046,-0.6204506,-0.4155429,-0.19349775,-0.56350493,-0.3447739,-0.20165832,-0.47312552,-0.35207608,-0.19880165,-0.3500524,-0.29551905,-0.15641949,-0.63334244,-0.25533518,-0.2103211,-0.5708152,-0.1975479,-0.19883707,-0.48440853,-0.20039678,-0.18805543,-0.3614151,-0.11310052,-0.1686248,-0.64135826,-0.11166999,-0.20697103,-0.5850911,-0.061296307,-0.17505693,-0.49671254,-0.057530247,-0.1507582,-0.37368557,0.05643369,-0.18004362,-0.5954163,0.04343693,-0.20444985,-0.7299089,0.042112514,-0.20367415,-0.8326493,0.029682176,-0.2028383
Y,Alan,Left,0.0,0.0,0.0,-0.07965427,-0.26612195,-0.012794396,-0.22878334,-0.532763,-0.046979047,-0.3329601,-0.7460128,-0.080643624,-0.32503092,-0.9457034,-0.11240872,-0.3696072,-0.44572613,-0.122509606,-0.634358,-0.3844937,-0.17054117,-0.5713501,-0.34261146,-0.17995632,-0.4881762,-0.3568592,-0.17866422,-0.3900442,-0.25778627,-0.13855378,-0.6460177,-0.23281641,-0.18363708,-0.5789488,-0.19227017,-0.17562875,-0.50137967,-0.19376682,-0.16807576,-0.39658138,-0.077852294,-0.14972731,-0.6501842,-0.08478881,-0.18813,-0.5890881,-0.050876748,-0.16359198,-0.5033461,-0.04939212,-0.14273739,-0.4041124,0.089117974,-0.15978394,-0.6228994,0.070719235,-0.18730603,-0.75501555,0.067520395,-0.189139,-0.86185277,0.0521512,-0.18833409
Y,Alan,Left,0.0,0.0,0.0,-0.061546944,-0.32510695,-0.024107704,-0.22645797,-0.5568695,-0.04578363,-0.38270608,-0.72158074,-0.06538183,-0.45269755,-0.89166415,-0.07806683,-0.5111573,-0.4130906,-0.03778411,-0.68578637,-0.45105264,-0.060987193,-0.6096414,-0.45219406,-0.08105339,-0.51947063,-0.43452808,-0.0878241,-0.53954643,-0.2094648,-0.03773442,-0.70242524,-0.2786085,-0.04669304,-0.6318543,-0.28895715,-0.05533927,-0.5473744,-0.2645347,-0.063442595,-0.53765106,-0.025623554,-0.037451565,-0.69169503,-0.10848539,-0.05106174,-0.63856745,-0.1235837,-0.048538297,-0.5574113,-0.1018986,-0.047421403,-0.52422273,0.1295031,-0.037048016,-0.7362279,0.12191498,-0.04404137,-0.8596647,0.122834675,-0.040330343,-0.95193624,0.12802972,-0.03734157
Y,Alan,Left,0.0,0.0,0.0,-0.061852854,-0.32254845,-0.038052674,-0.23457417,-0.56074387,-0.054680422,-0.38787,-0.70843446,-0.06633388,-0.45882282,-0.88852775,-0.07475452,-0.542145,-0.38655093,-0.0018340076,-0.48741496,-0.42091164,-0.003433233,-0.393436,-0.38686883,-0.03457881,-0.3502171,-0.34443864,-0.057427973,-0.574767,-0.20502749,0.0041633854,-0.48893872,-0.23220126,0.035065144,-0.40049183,-0.22007827,0.016602093,-0.3632714,-0.19283032,-0.012113374,-0.5513859,-0.038765494,0.008928098,-0.51322776,-0.056724247,0.010071527,-0.42317927,-0.065330155,0.002582684,-0.3592724,-0.06217051,-0.007299317,-0.5151892,0.10429199,0.012007152,-0.6550657,0.08425374,0.010313001,-0.7525513,0.067986205,0.024128167,-0.8318319,0.064744785,0.03502248
Y,Alan,Left,0.0,0.0,0.0,-0.047244266,-0.30604187,-0.019242674,-0.17907247,-0.5610641,-0.037897088,-0.31517637,-0.7377567,-0.053779405,-0.3555915,-0.9346415,-0.069099806,-0.47348055,-0.4662973,-0.015518088,-0.52474064,-0.44925332,-0.011133909,-0.43475485,-0.40554416,-0.028526489,-0.36275476,-0.37943053,-0.039890546,-0.52136207,-0.28563356,-0.017471565,-0.5398608,-0.28481856,0.007173395,-0.45527795,-0.24525012,-0.0064016646,-0.38333672,-0.21798386,-0.025138797,-0.52355677,-0.10266082,-0.016165186,-0.54780567,-0.110795245,-0.013739376,-0.46867967,-0.080052905,-0.025015464,-0.38575348,-0.067015834,-0.033340957,-0.51408684,0.057841036,-0.013271179,-0.6883729,-0.001262259,-0.0073142974,-0.7984848,-0.021150686,0.003411952,-0.8800179,-0.04551134,0.012798694
Y,Alan,Left,0.0,0.0,0.0,-0.020478167,-0.2833443,-0.031390347,-0.11743814,-0.5640738,-0.06612877,-0.21916668,-0.7763582,-0.09640512,-0.2615205,-0.9651979,-0.11985177,-0.3122186,-0.5195081,-0.10742506,-0.54806143,-0.5297652,-0.16056064,-0.47946167,-0.46405104,-0.18089367,-0.38649485,-0.44447374,-0.18622918,-0.3713609,-0.3489381,-0.112207666,-0.593335,-0.38620877,-0.15784873,-0.51862806,-0.32338652,-0.15589897,-0.4361162,-0.3039729,-0.1525772,-0.40661228,-0.17441958,-0.11630479,-0.61640346,-0.23893179,-0.15675011,-0.551549,-0.19178608,-0.13220684,-0.46315584,-0.17156048,-0.11107995,-0.43755865,-0.014558281,-0.121298574,-0.64415514,-0.1065847,-0.15418306,-0.7789704,-0.14522894,-0.15696716,-0.88900477,-0.1857926,-0.15571968
Y,Alan,Left,0.0,0.0,0.0,-0.061393265,-0.26704898,-0.011265607,-0.15137726,-0.55976695,-0.07757164,-0.19077194,-0.7904187,-0.13756225,-0.15014222,-0.9886644,-0.1975242,-0.16893183,-0.4256608,-0.25845867,-0.5160468,-0.49031174,-0.32414162,-0.48443073,-0.4303025,-0.31400687,-0.39276826,-0.39713728,-0.3010461,-0.1909779,-0.23185784,-0.28780842,-0.5660409,-0.31913128,-0.35418698,-0.52928287,-0.27342767,-0.32370338,-0.43253464,-0.23906589,-0.30750418,-0.22175927,-0.047183882,-0.30466518,-0.57926714,-0.15790017,-0.3467835,-0.54438174,-0.1115624,-0.29687408,-0.45688796,-0.08164639,-0.27192822,-0.25934425,0.10522596,-0.31894258,-0.5031224,0.077326104,-0.36626938,-0.63976955,0.04581436,-0.37408787,-0.7421119,0.015080986,-0.3866193
Y,Alan,Left,0.0,0.0,0.0,-0.059254695,-0.26660424,-0.037818804,-0.1336544,-0.57689846,-0.10806176,-0.15097372,-0.8071205,-0.16728854,-0.1072963,-0.9942271,-0.2249763,-0.09943295,-0.47360104,-0.2856599,-0.4480049,-0.51494294,-0.36026388,-0.44654667,-0.4341845,-0.34276265,-0.372332,-0.38624895,-0.32384044,-0.10168249,-0.28844872,-0.30755347,-0.4738673,-0.3274606,-0.38371328,-0.44237402,-0.26700565,-0.34235695,-0.35118806,-0.25463897,-0.32050774,-0.1283525,-0.094840854,-0.32121295,-0.46814993,-0.18418223,-0.39452523,-0.4446464,-0.12698251,-0.33968955,-0.36604297,-0.10751118,-0.30511862,-0.16425608,0.07729211,-0.3328405,-0.38934994,0.029716857,-0.4093127,-0.501022,-0.0054598665,-0.4146122,-0.5769416,-0.03402237,-0.41758108
Y,Alan,Left,0.0,0.0,0.0,-0.08772624,-0.23627424,-0.01847245,-0.21283153,-0.53456575,-0.06641712,-0.2654648,-0.77556086,-0.11194078,-0.23389198,-0.97226256,-0.15401857,-0.18546672,-0.53153956,-0.17775114,-0.5013465,-0.49236616,-0.25720724,-0.46303478,-0.38714355,-0.26790044,-0.3771794,-0.3743029,-0.26598048,-0.17960308,-0.3731094,-0.2034704,-0.51779747,-0.33313352,-0.28178132,-0.4715073,-0.24672554,-0.25891057,-0.384261,-0.24065065,-0.24282451,-0.19209293,-0.18960361,-0.22729397,-0.5038456,-0.20138475,-0.28747636,-0.468638,-0.117060006,-0.23832476,-0.39055994,-0.097008854,-0.20446199,-0.21351565,-0.016359003,-0.25115553,-0.42674157,-0.041749418,-0.2994743,-0.54345584,-0.06469777,-0.30132255,-0.6270523,-0.100714944,-0.30279824
Y,Alan,Left,0.0,0.0,0.0,-0.081783205,-0.23461504,-0.017313419,-0.19331473,-0.53480685,-0.06355177,-0.24318892,-0.7774703,-0.1067928,-0.21636772,-0.9763119,-0.14600551,-0.17723244,-0.54471684,-0.17607178,-0.4886697,-0.51312274,-0.2515982,-0.44563818,-0.40305015,-0.26084262,-0.36370885,-0.38873675,-0.2600714,-0.17162119,-0.39588016,-0.20095855,-0.50522685,-0.35991564,-0.27322003,-0.45737398,-0.27116787,-0.24770324,-0.37592727,-0.26398546,-0.23311312,-0.18640538,-0.21935451,-0.22379099,-0.4906876,-0.23614201,-0.27985725,-0.45888296,-0.15187287,-0.22868222,-0.38636932,-0.12624748,-0.19564244,-0.21105962,-0.049271278,-0.24670486,-0.41895467,-0.09703769,-0.29584554,-0.5333196,-0.13526775,-0.29801133,-0.6164004,-0.18070523,-0.30001634
Y,Alan,Left,0.0,0.0,0.0,-0.080835946,-0.23350585,-0.0027740241,-0.2080894,-0.52786076,-0.040499374,-0.27641827,-0.7629548,-0.08070273,-0.28760323,-0.95774966,-0.11756741,-0.20760502,-0.5511645,-0.14159992,-0.5184359,-0.5149275,-0.22021842,-0.47081682,-0.39966157,-0.24077238,-0.384803,-0.38767758,-0.24723549,-0.20112184,-0.40332213,-0.17365181,-0.5238361,-0.3496614,-0.24561463,-0.46770525,-0.25980362,-0.22766693,-0.3885382,-0.25843608,-0.21765894,-0.21159254,-0.22328646,-0.20469677,-0.50857866,-0.22202402,-0.26251498,-0.46416217,-0.13685256,-0.21727458,-0.389807,-0.11813056,-0.18717727,-0.23055649,-0.049002793,-0.23472974,-0.4427547,-0.0966237,-0.28470853,-0.56629115,-0.1313419,-0.28879642,-0.66297024,-0.17657782,-0.29164916
Y,Alan,Left,0.0,0.0,0.0,-0.090603285,-0.2889981,-0.03821201,-0.24933308,-0.5495261,-0.09966647,-0.3641342,-0.7542911,-0.15032089,-0.35506815,-0.93484044,-0.1925051,-0.31536606,-0.36558554,-0.22303894,-0.65988725,-0.42006642,-0.29679438,-0.5794963,-0.40620634,-0.30193657,-0.46818483,-0.3904375,-0.29108468,-0.33824933,-0.14967674,-0.22535403,-0.6896184,-0.23371328,-0.29871833,-0.60643095,-0.23418158,-0.28511027,-0.4902395,-0.21296458,-0.26652473,-0.35970438,0.025363106,-0.21982051,-0.683718,-0.06545564,-0.26324198,-0.61437637,-0.08223164,-0.2323391,-0.5081247,-0.07412762,-0.20663424,-0.3883201,0.15520151,-0.21432965,-0.64730537,0.15681198,-0.24620833,-0.7919895,0.14695705,-0.25951463,-0.9037664,0.14130068,-0.27032924
Y,Alan,Left,0.0,0.0,0.0,-0.08032535,-0.26580244,-0.03331865,-0.15797728,-0.56300926,-0.091137804,-0.16620073,-0.7998037,-0.14241725,-0.11687102,-0.9931471,-0.19128136,-0.07891825,-0.52909946,-0.22468697,-0.4076545,-0.51088274,-0.30718192,-0.37784353,-0.40955877,-0.3102745,-0.29617584,-0.37876213,-0.30608696,-0.057972226,-0.35909438,-0.2477323,-0.41942912,-0.3252754,-0.32789317,-0.36460993,-0.25058758,-0.2967917,-0.27591094,-0.25091586,-0.2813193,-0.06973467,-0.1685825,-0.26859474,-0.39847678,-0.19067307,-0.34507552,-0.3577279,-0.12534694,-0.2946044,-0.2812789,-0.10903729,-0.26105496,-0.08986815,0.010914006,-0.28914437,-0.30838266,-0.010066977,-0.36644635,-0.39622992,-0.022586819,-0.37417915,-0.45671108,-0.03625848,-0.3768958
Y,Alan,Left,0.0,0.0,0.0,-0.07963349,-0.23732673,-0.006500126,-0.20988137,-0.53718656,-0.046668686,-0.2771319,-0.7709618,-0.087132044,-0.2593131,-0.9657933,-0.123805456,-0.20016834,-0.5414681,-0.15985225,-0.5116108,-0.509261,-0.23239508,-0.46351033,-0.4045234,-0.23880458,-0.37911826,-0.39893642,-0.23583016,-0.19715978,-0.38777077,-0.19027828,-0.5241633,-0.34981233,-0.26274568,-0.47234982,-0.27167627,-0.23873433,-0.3893741,-0.27367935,-0.22325976,-0.2069023,-0.21085984,-0.21788566,-0.5101458,-0.22524409,-0.27613953,-0.4711658,-0.1489472,-0.22849223,-0.39741367,-0.13344803,-0.19620235,-0.22356026,-0.04444643,-0.24441428,-0.43549582,-0.06615047,-0.29439902,-0.54439265,-0.08983687,-0.2977246,-0.62464464,-0.12906747,-0.29960454
Y,Alan,Left,0.0,0.0,0.0,-0.063444726,-0.2756284,-0.020716384,-0.19833782,-0.55102915,-0.07048819,-0.3000327,-0.76527685,-0.111580744,-0.29989123,-0.9539734,-0.14677653,-0.27688366,-0.41479293,-0.20764108,-0.5955863,-0.45175067,-0.27713615,-0.52694446,-0.42228338,-0.28223467,-0.4254935,-0.41584378,-0.27424797,-0.30190358,-0.21602806,-0.2178957,-0.6259654,-0.28759184,-0.28329816,-0.55117,-0.26894775,-0.26669452,-0.45245633,-0.25126684,-0.25237486,-0.32320365,-0.046272013,-0.2197666,-0.63331485,-0.12716828,-0.26301163,-0.5674845,-0.115376025,-0.22848135,-0.47114277,-0.10449512,-0.2052527,-0.3491976,0.09009552,-0.21954536,-0.5983058,0.08663889,-0.258347,-0.7360723,0.07193659,-0.27086338,-0.84368336,0.05282334,-0.28173402
Y,Alan,Left,0.0,0.0,0.0,-0.055084452,-0.2816344,-0.027899507,-0.18093851,-0.5550424,-0.07446463,-0.27799445,-0.77629817,-0.11365246,-0.28223446,-0.95934546,-0.14782491,-0.2773833,-0.4145943,-0.17404763,-0.5644867,-0.46433172,-0.22613281,-0.50544107,-0.44055772,-0.2288871,-0.41528165,-0.4268968,-0.2220143,-0.31818733,-0.2197448,-0.1782457,-0.60501176,-0.31419405,-0.23222049,-0.5391346,-0.29879215,-0.22557786,-0.4424804,-0.2621942,-0.21755283,-0.34714282,-0.057218995,-0.17458706,-0.63007665,-0.16381042,-0.20740539,-0.57110333,-0.1576752,-0.18405865,-0.4757854,-0.12624685,-0.16834754,-0.37285858,0.06604414,-0.17051482,-0.59650654,0.0469678,-0.19993179,-0.733324,0.022683838,-0.21473049,-0.8430976,0.0046085063,-0.22786932
Y,Alan,Left,0.0,0.0,0.0,-0.07944546,-0.24900515,0.009833532,-0.23622236,-0.527076,-0.011681776,-0.3517118,-0.7361835,-0.04048993,-0.366479,-0.9304263,-0.067197576,-0.35989946,-0.5325643,-0.06901586,-0.62688303,-0.45093796,-0.1279007,-0.5681126,-0.35398534,-0.15524623,-0.4803457,-0.35399902,-0.16469963,-0.38154203,-0.38266453,-0.09661935,-0.6450506,-0.30528829,-0.14694093,-0.5808099,-0.22095579,-0.14599352,-0.50110775,-0.22209013,-0.14300929,-0.39855847,-0.20606424,-0.12224471,-0.6569565,-0.16380355,-0.16026618,-0.59493226,-0.087244324,-0.12882341,-0.50326276,-0.07929012,-0.10458683,-0.41868207,-0.021030387,-0.1468794,-0.6338071,-0.05233881,-0.17034706,-0.77369696,-0.053904302,-0.16623807,-0.8851047,-0.075332396,-0.1621252
Y,Alan,Left,0.0,0.0,0.0,-0.07720685,-0.27482992,-0.042566407,-0.23651144,-0.5271425,-0.098954424,-0.3523482,-0.73567545,-0.14371991,-0.3518299,-0.93606395,-0.18391804,-0.3289175,-0.36411488,-0.20795551,-0.63030404,-0.38433507,-0.26766774,-0.5662158,-0.3791161,-0.27454397,-0.47225234,-0.37639505,-0.27070123,-0.35209098,-0.15694919,-0.20866485,-0.65528095,-0.21569303,-0.26594803,-0.589053,-0.22898895,-0.25831896,-0.49010825,-0.2133071,-0.25154525,-0.36467496,0.013729329,-0.2020912,-0.66215444,-0.064276725,-0.24004574,-0.599543,-0.08283711,-0.21864328,-0.5028419,-0.07312125,-0.2052797,-0.37519905,0.14648476,-0.19568598,-0.61591,0.1744714,-0.23038702,-0.7555523,0.17270458,-0.24815518,-0.8669046,0.17149283,-0.26424077
Y,Alan,Left,0.0,0.0,0.0,-0.09551956,-0.27797884,-0.026686907,-0.2712797,-0.4983948,-0.06813626,-0.4265589,-0.6819693,-0.103049845,-0.47054324,-0.88237697,-0.12980133,-0.46323374,-0.3513962,-0.12160583,-0.70769954,-0.30706185,-0.15110168,-0.6277005,-0.31159782,-0.14844292,-0.54002285,-0.3254517,-0.14105508,-0.478549,-0.13621336,-0.12248119,-0.7187172,-0.14244354,-0.14439662,-0.6316218,-0.14681068,-0.12796645,-0.5463794,-0.14085892,-0.11890028,-0.4721447,0.05188397,-0.11798135,-0.70307815,0.025531972,-0.13207367,-0.6335112,0.0138868075,-0.10553587,-0.5460458,0.015961254,-0.09095141,-0.4618909,0.21048222,-0.11348306,-0.6808414,0.22566657,-0.12580672,-0.8099928,0.23859432,-0.1266536,-0.9196366,0.25148252,-0.12950881
Y,Alan,Left,0.0,0.0,0.0,-0.09205607,-0.28976858,-0.021014838,-0.25896433,-0.50826997,-0.0556944,-0.41524673,-0.6822054,-0.08484953,-0.46254084,-0.886598,-0.107731536,-0.4846002,-0.3788047,-0.08038952,-0.6711999,-0.32193446,-0.09405608,-0.5909252,-0.30705425,-0.09562929,-0.5098109,-0.31427655,-0.09287984,-0.5049596,-0.1715323,-0.080692194,-0.68563324,-0.16561952,-0.08476915,-0.60615987,-0.15124139,-0.07611537,-0.5239214,-0.14465009,-0.0731899,-0.50036097,0.019137379,-0.07548147,-0.67126137,0.00026090076,-0.0747888,-0.60742843,0.004561659,-0.056576494,-0.5253263,0.004976458,-0.048734978,-0.48833546,0.17920665,-0.06948916,-0.6889127,0.17221913,-0.060845215,-0.80137074,0.18164666,-0.047211472,-0.8939166,0.18547978,-0.039913345
Y,Alan,Left,0.0,0.0,0.0,-0.09287062,-0.29561093,-0.02038743,-0.25155535,-0.5153769,-0.05503635,-0.4097529,-0.68218946,-0.084750295,-0.4780807,-0.8783159,-0.111276835,-0.5271957,-0.377766,-0.042946618,-0.65435463,-0.32482272,-0.042431675,-0.5606081,-0.3132137,-0.05074307,-0.47688708,-0.31595466,-0.05418528,-0.5458899,-0.17069319,-0.040835705,-0.66031486,-0.1589013,-0.022778984,-0.57067096,-0.15163071,-0.02380682,-0.48582602,-0.14441764,-0.031959012,-0.5297309,0.025853721,-0.033627175,-0.63729024,0.021395706,-0.016371708,-0.56464714,0.0149251865,-0.00920856,-0.47922698,0.0059293318,-0.011948926,-0.50341505,0.18795335,-0.025183301,-0.6904123,0.18464468,0.0018048185,-0.7912463,0.19778112,0.024218934,-0.8735676,0.2077824,0.03617685
Y,Alan,Left,0.0,0.0,0.0,-0.08823851,-0.3025177,-0.006814474,-0.25149873,-0.54237914,-0.029764121,-0.4106802,-0.71344864,-0.051479746,-0.5053986,-0.862886,-0.066419035,-0.49745312,-0.41967502,-0.06719101,-0.7013948,-0.37916732,-0.083519414,-0.6304374,-0.36585256,-0.08496061,-0.55303144,-0.36817944,-0.08241308,-0.5180094,-0.20625544,-0.07884438,-0.7244678,-0.21253385,-0.09282715,-0.65076613,-0.20354399,-0.08996935,-0.5673239,-0.19372658,-0.091188475,-0.50958395,-0.0073797014,-0.08421708,-0.7139667,-0.033764143,-0.09527564,-0.65334284,-0.033940233,-0.07606281,-0.5649566,-0.029826026,-0.0663284,-0.4878808,0.1656512,-0.08790842,-0.7106419,0.1704354,-0.09528923,-0.84293586,0.17677563,-0.087214224,-0.9437964,0.17745994,-0.08225093
Y,Alan,Left,0.0,0.0,0.0,-0.082372285,-0.28908128,-0.013873251,-0.2497339,-0.5206492,-0.047965758,-0.39567965,-0.7093612,-0.08028266,-0.41919062,-0.90789825,-0.107338,-0.4041085,-0.40455195,-0.10906449,-0.66463405,-0.38197687,-0.15121864,-0.5962362,-0.36878386,-0.16298972,-0.51028204,-0.37277335,-0.16482131,-0.43490675,-0.21150294,-0.11726698,-0.6870204,-0.22675258,-0.15109466,-0.61564565,-0.22262552,-0.14533651,-0.52946883,-0.21138957,-0.1422745,-0.4445639,-0.040309787,-0.119935,-0.69947135,-0.07868011,-0.14201127,-0.63357407,-0.07693053,-0.11699952,-0.54476863,-0.06611762,-0.10208922,-0.44431365,0.10436783,-0.12218121,-0.6493881,0.11730877,-0.13931613,-0.77287114,0.12145639,-0.14160702,-0.8798397,0.124647364,-0.14532542
Y,Alan,Left,0.0,0.0,0.0,-0.06239091,-0.2901407,-0.013652365,-0.21443841,-0.5422833,-0.038359668,-0.35251254,-0.7329716,-0.062583245,-0.3858507,-0.9225612,-0.080887415,-0.39940658,-0.4476956,-0.07614332,-0.6401374,-0.4176829,-0.1134075,-0.5762939,-0.3789091,-0.124170505,-0.4905024,-0.3808807,-0.12532428,-0.43781608,-0.25843656,-0.085215196,-0.6687028,-0.25938317,-0.11670902,-0.5979342,-0.22254094,-0.1131891,-0.51988065,-0.21443513,-0.1105052,-0.450995,-0.082637504,-0.09177634,-0.67931026,-0.108819745,-0.1215468,-0.6168044,-0.08564047,-0.1013337,-0.53374,-0.07818507,-0.08595678,-0.45683366,0.07279278,-0.09745154,-0.6604389,0.066745274,-0.11927258,-0.7824321,0.06738737,-0.12002289,-0.8851868,0.05824977,-0.11984367
Y,Alan,Left,0.0,0.0,0.0,-0.019258078,-0.307027,-0.021089988,-0.13546441,-0.5738804,-0.046083663,-0.2606527,-0.77302897,-0.06816549,-0.28731963,-0.9578348,-0.08432967,-0.38302082,-0.5300484,-0.060027786,-0.5702376,-0.5572325,-0.083172984,-0.5055548,-0.5231134,-0.09508759,-0.42480406,-0.49928728,-0.09880817,-0.44077668,-0.35323915,-0.062924005,-0.61774784,-0.4175027,-0.08262151,-0.549152,-0.38442156,-0.08680956,-0.47321627,-0.35007104,-0.08969554,-0.46922705,-0.18588392,-0.06299211,-0.6376187,-0.27116153,-0.081941664,-0.5835671,-0.25334328,-0.07169355,-0.5088258,-0.22224042,-0.064607464,-0.48374143,-0.037974365,-0.062458664,-0.67137843,-0.0949376,-0.07308815,-0.78157276,-0.121903054,-0.06893473,-0.8716902,-0.1471141,-0.06528293
Y,Alan,Left,0.0,0.0,0.0,-0.08098865,-0.2638345,-0.007244365,-0.232533,-0.5250746,-0.031717613,-0.36859167,-0.71931976,-0.058638908,-0.3994447,-0.9167573,-0.08094386,-0.40940437,-0.4660535,-0.08280631,-0.66662925,-0.38960728,-0.12606919,-0.60225445,-0.31440288,-0.13581924,-0.5133778,-0.32324868,-0.13603434,-0.44034642,-0.28979233,-0.09942767,-0.6857634,-0.23821372,-0.14362834,-0.6146205,-0.16962059,-0.13937701,-0.53119344,-0.1701722,-0.13417791,-0.45333752,-0.10905555,-0.11295798,-0.7003968,-0.08592865,-0.1520557,-0.6333783,-0.030979704,-0.12630646,-0.54324645,-0.030827148,-0.105127536,-0.460271,0.06515076,-0.12551232,-0.6695725,0.07006118,-0.15477663,-0.80101365,0.09232286,-0.15658042,-0.90947366,0.09707785,-0.1553769
Y,Alan,Left,0.0,0.0,0.0,-0.0056029744,-0.26246375,0.0174698,-0.051892642,-0.58281225,0.001218932,-0.09257959,-0.8257177,-0.022298593,-0.058229174,-0.99830323,-0.042108536,-0.13240902,-0.7095139,-0.06827107,-0.41381878,-0.7645078,-0.114328176,-0.40333623,-0.63431317,-0.11836736,-0.33196467,-0.5771656,-0.114670485,-0.18929455,-0.59238213,-0.101105765,-0.47851807,-0.6483092,-0.15242149,-0.45657945,-0.52970266,-0.14075492,-0.3898549,-0.47983253,-0.1320279,-0.25474793,-0.44431832,-0.13092585,-0.5255811,-0.5474788,-0.17677423,-0.5101082,-0.4361824,-0.14618751,-0.4494213,-0.37689683,-0.12388249,-0.3220534,-0.28757185,-0.15801416,-0.52853096,-0.3904165,-0.19868198,-0.6537838,-0.45275557,-0.20684251,-0.7532328,-0.5277485,-0.21032165
Y,Alan,Left,0.0,0.0,0.0,-0.055330135,-0.27922067,-0.010900792,-0.18179926,-0.5637367,-0.032067996,-0.2995685,-0.7643407,-0.051063035,-0.32590213,-0.9454035,-0.06536928,-0.35696533,-0.5046897,-0.09767071,-0.6110133,-0.47960013,-0.13375135,-0.55214965,-0.41787738,-0.13275546,-0.46469873,-0.41321337,-0.1251757,-0.40073064,-0.32606274,-0.11089055,-0.6472217,-0.32831565,-0.15077953,-0.5809546,-0.26670212,-0.14022413,-0.49866587,-0.26034847,-0.13090697,-0.42468828,-0.151722,-0.12006957,-0.6642319,-0.18768148,-0.15987681,-0.6047406,-0.13705045,-0.13592571,-0.51933277,-0.1249082,-0.11624343,-0.43935007,0.012837396,-0.12719227,-0.6454804,-0.027061196,-0.16146155,-0.77728623,-0.037939638,-0.16604379,-0.8857114,-0.05852291,-0.16604443
Y,Alan,Left,0.0,0.0,0.0,0.0034283157,-0.30741748,-0.04532474,-0.08883492,-0.5781146,-0.08601033,-0.18695407,-0.7965464,-0.11656494,-0.19337614,-0.9811247,-0.13773613,-0.33098626,-0.5046002,-0.108280145,-0.5231152,-0.640489,-0.14373772,-0.447851,-0.60186917,-0.15584256,-0.36882517,-0.55274343,-0.15817362,-0.40658495,-0.33286566,-0.097979166,-0.58587873,-0.48868904,-0.12231773,-0.51045454,-0.46394354,-0.11748419,-0.43851915,-0.41611493,-0.114710175,-0.4461905,-0.1818697,-0.086417146,-0.60985315,-0.3409846,-0.108777516,-0.5456861,-0.33978695,-0.097219706,-0.47334936,-0.29838973,-0.08900418,-0.46606612,-0.064766,-0.07613392,-0.65351915,-0.16332132,-0.09608089,-0.7632383,-0.2088234,-0.10290639,-0.85661286,-0.23530498,-0.10734716
Y,Alan,Left,0.0,0.0,0.0,0.02164983,-0.29245284,-0.029724222,-0.041162685,-0.5803915,-0.062874384,-0.11708093,-0.8047965,-0.0961073,-0.11041682,-0.9938854,-0.12482817,-0.25902992,-0.5784206,-0.06517413,-0.44282988,-0.66012335,-0.11491662,-0.38627526,-0.6157048,-0.14536884,-0.3108161,-0.57435095,-0.1582124,-0.3382809,-0.4302381,-0.071176276,-0.5154508,-0.5340876,-0.121761665,-0.45578998,-0.48967263,-0.14402333,-0.38025978,-0.43398398,-0.15281524,-0.3926963,-0.28217348,-0.07781773,-0.57287896,-0.41540116,-0.11769923,-0.5233914,-0.3833463,-0.11516324,-0.44568628,-0.33568776,-0.1071339,-0.4289644,-0.14525124,-0.085779145,-0.60309696,-0.2281708,-0.112847656,-0.7158953,-0.2731721,-0.12202475,-0.80759895,-0.31347355,-0.12490171
