feature_version,label,persona,m0,m1,m2,m3,m4,m5,m6,m7,m8,m9,m10,m11,m12,m13,m14,m15,m16,m17,m18,m19,m20,m21,m22,m23,m24,m25,m26,m27,m28
2,X,Alan,2.031015157699585,-1.140018343925476,0.0845029801130294,0.0358553379774093,0.3320448398590088,0.1333580166101455,2.569810390472412,4.848952770233154,1.3073896169662476,15.0,2.392607927322388,1.0624008178710938,1.7904928922653198,0.124378502368927,14.395517349243164,0.3236546218395233,0.0071407537907361,0.0012856051325798,0.00098063563928,0.8458034992218018,-2.979983329772949,0.7115505933761597,20.0,0.1541573405265808,0.0408310703933239,0.0507987923920154,0.6159467101097107,0.2436429411172866,0.493849366903305
2,X,Alan,1.627992868423462,-1.4717804193496704,0.0398575291037559,0.0830502361059188,0.188042938709259,0.2639504671096802,1.0048480033874512,3.1910276412963867,0.6919217705726624,14.0,1.6660478115081787,0.9454978704452516,0.7606543898582458,0.2873396575450897,2.647230863571167,0.2815804481506347,0.0015886224573478,0.0068973419256508,0.0009320811368525,0.7973809838294983,1.4019464254379272,0.749070405960083,20.0,0.170308843255043,0.0441234149038791,0.170308843255043,0.4621966779232025,0.1311010271310806,0.6433135867118835
2,X,Alan,1.6099168062210083,-1.4287588596343994,0.0653216391801834,0.1129744052886962,0.2380693256855011,0.3536461889743805,1.935737371444702,3.715050220489502,0.9054959416389464,15.0,1.952537417411804,0.9375938773155212,1.3444427251815796,0.3110701739788055,4.321991443634033,-0.806440532207489,0.0042669167742133,0.0127632161602377,-0.005951268132776,0.9239822030067444,2.0462231636047363,0.7073358297348022,20.0,0.098629243671894,0.0328635610640049,0.004100393038243,0.572961688041687,0.0727786272764206,0.0740116760134697
2,X,Alan,1.045466423034668,-1.2540998458862305,0.1235917434096336,0.1115518733859062,0.4474728405475616,0.3178015947341919,1.4054003953933716,2.820122480392456,0.7702462077140808,14.0,1.217074990272522,0.6270328760147095,0.9531400203704834,0.439159631729126,2.170372486114502,0.8069863319396973,0.0152749186381697,0.0124438209459185,0.0111258318647742,0.8945618867874146,-2.4194698333740234,0.713578999042511,20.0,0.4900351166725158,0.1474180221557617,-0.4900351166725158,0.8747158646583557,0.2359901219606399,0.801244854927063
2,X,Alan,-0.3057454526424408,-1.033051609992981,0.0308439005166292,0.034431017935276,0.1266286522150039,0.1224346309900283,0.7079961895942688,2.371973752975464,0.5673795938491821,17.0,1.8397852182388303,0.7207810878753662,0.4898442924022674,0.1243998631834983,3.937659502029419,-0.4395965039730072,0.0009513461845926,0.0011854949407279,-0.000466845696792,0.6211457252502441,2.233339309692383,0.6899155974388123,20.0,0.0864459723234176,0.025406215339899,-0.0708564072847366,0.4786179363727569,0.0474222004413604,0.2206354439258575
2,X,Alan,0.1331239640712738,-1.141404628753662,0.0354804024100303,0.0474865138530731,0.1220483854413032,0.1865139007568359,1.183220386505127,2.9892163276672363,0.7245997786521912,15.0,1.7281434535980225,0.9724416136741638,0.8084386587142944,0.1729800701141357,4.673593997955322,-0.2465312480926513,0.0012588589452207,0.0022549689747393,-0.0004153658810537,0.5392168760299683,1.9183549880981443,0.6949281096458435,20.0,0.0870303511619567,0.0282478760927915,0.0583083145320415,0.8574921488761902,0.4720858037471771,0.7469545602798462
2,X,Alan,0.5238245129585266,-1.200034499168396,0.0463110543787479,0.0575064718723297,0.1469715982675552,0.1792030781507492,0.7657630443572998,1.8782463073730469,0.3794804513454437,12.0,1.6594191789627075,0.9075170159339904,0.5263757109642029,0.1958177983760833,2.68808913230896,-0.8895394802093506,0.0021447138860821,0.0033069944474846,-0.0023690084926784,0.944510817527771,2.235914945602417,0.6959096193313599,20.0,0.1469665765762329,0.051181823015213,0.133273646235466,0.3738225996494293,0.0627254918217659,0.1691663861274719
2,X,Alan,0.676846444606781,-1.381126046180725,0.1561710685491562,0.0403418466448783,0.5471591949462891,0.1361777931451797,1.1747819185256958,2.773879051208496,0.6327252984046936,14.0,1.4143234491348269,0.81573486328125,0.8817023038864136,0.5295385122299194,1.6650390625,-0.0662885457277298,0.0243894029408693,0.0016274644294753,-0.0004176330403424,0.9336065649986268,3.123253107070923,0.7289978861808777,20.0,0.4181931614875793,0.1092959120869636,0.3756721615791321,0.6849604845046997,0.7013416290283203,0.5582149028778076
2,X,Alan,2.070379734039306,-0.9865646958351136,0.024277726188302,0.029871268197894,0.0779160931706428,0.1068454086780548,0.9057744145393372,1.7110967636108398,0.4294861257076263,15.0,1.7616766691207886,0.8578711748123169,0.6436313986778259,0.1012854129076004,6.354630470275879,-0.1602481454610824,0.0005894080386497,0.0008922926499508,-0.0001162129919975,0.4097549319267273,1.8980605602264404,0.7127925157546997,20.0,0.0484649650752544,0.0138641046360135,-0.0045806858688592,0.4057449996471405,0.1657812893390655,0.2221633344888687
2,X,Alan,1.1991829872131348,-1.5757359266281128,0.0257119052112102,0.0461115054786205,0.0824039801955223,0.2084393799304962,0.9526320695877076,3.5118446350097656,0.8090876340866089,10.0,1.3148125410079956,0.961233913898468,0.6075719594955444,0.1608494520187378,3.777270793914795,0.0974606648087501,0.0006611020653508,0.002126270905137,0.0001155507925432,0.6946393251419067,1.4925756454467771,0.6727403998374939,20.0,0.0763339549303054,0.0223298873752355,0.0213077552616596,0.3921834230422973,0.3233925104141235,0.1611484885215759
2,X,Alan,-0.4714556634426117,-0.9965721368789672,0.0431881919503212,0.0132190603762865,0.1569347530603408,0.0589130669832229,0.8555289506912231,1.9777008295059204,0.5967410802841187,15.0,1.7863675355911257,0.9418482780456544,0.5739036202430725,0.0175677239894866,32.668067932128906,-0.0782001242041587,0.0018652197904884,0.0001747435599099,-4.464502490009181e-05,0.9070051908493042,3.115207433700561,0.706905722618103,20.0,0.066883310675621,0.0175149496644735,-0.0504145547747612,0.5452877283096313,0.2027820795774459,0.2740819752216339
2,X,Alan,1.7318484783172607,-1.2993501424789429,0.1427715122699737,0.0393277890980243,0.6336905360221863,0.1714701056480407,1.202419996261597,8.405147552490234,1.845059275627136,14.0,1.9448299407958984,0.972122609615326,0.9371079802513124,0.63890141248703,1.4667489528656006,-0.8346475958824158,0.0203837025910615,0.0015466748736798,-0.004686452448368,0.9792811870574952,2.910738229751587,0.7278339862823486,20.0,0.2104982882738113,0.0568376518785953,-0.1908197700977325,0.4537098705768585,0.8240804672241211,0.3879601955413818
2,X,Alan,-0.5331287980079651,-1.0642304420471191,0.2878585159778595,0.0752283111214637,0.8503106832504272,0.2322161495685577,1.873118877410889,6.903496265411377,1.774250626564026,12.0,1.5752780437469482,1.0436865091323853,1.2390520572662354,0.854962944984436,1.449246525764465,0.9537495970726012,0.0828625261783599,0.0056592989712953,0.0206535514444112,0.994533121585846,-2.895948648452759,0.6746581792831421,20.0,0.2091436982154846,0.0516013838350772,0.1571881771087646,0.6185996532440186,1.0804181098937988,0.5267931818962097
2,X,Alan,1.8032296895980835,-1.3501558303833008,0.2294472604990005,0.1405141353607177,0.7494093775749207,0.4178527593612671,1.5067421197891235,4.870433330535889,1.3592449426651,8.0,1.0266138315200806,0.9673340916633606,1.06227445602417,0.7931904196739197,1.339242696762085,-0.940225064754486,0.0526460446417331,0.0197442211210727,-0.030313404276967,0.9758718013763428,2.6048028469085693,0.7176223993301392,20.0,0.1419661939144134,0.0390808656811714,-0.0623408108949661,0.6621578931808472,0.8833709955215454,0.2900746762752533
2,X,Alan,-0.6060497760772705,-0.9510247111320496,0.1305203735828399,0.0391256101429462,0.4582372605800628,0.129633143544197,0.8834326863288879,3.0341508388519287,0.7520583868026733,9.0,1.2030445337295532,0.987762689590454,0.6131609678268433,0.4598957002162933,1.3332608938217163,0.902104377746582,0.0170355662703514,0.0015308132860809,0.0046067666262388,0.98550146818161,-2.8735063076019287,0.6954460144042969,20.0,0.0949011296033859,0.0217819269746541,0.0471746921539306,0.3951275944709778,0.4423555731773376,0.1970253884792328
2,X,Alan,-0.361558049917221,-1.038749933242798,0.0982145220041275,0.0388619825243949,0.4087131023406982,0.1833058148622512,1.2389686107635498,3.118957281112671,0.8752149939537048,13.0,1.4991447925567627,0.8534681797027588,0.8483843207359314,0.4237616062164306,2.0020320415496826,0.1716850847005844,0.0096460916101932,0.0015102537581697,0.0006552895647473,0.8496873378753662,-3.061735153198242,0.6947500705718994,20.0,0.2477923780679702,0.0737789720296859,0.1024738252162933,0.7895203828811646,0.3352966010570526,0.712457537651062
2,X,Alan,1.938250541687012,-0.8473107814788818,0.0976872891187667,0.0593116506934165,0.4015907347202301,0.176931545138359,1.045361042022705,4.889041423797607,1.219417691230774,11.0,1.4150433540344238,0.9294037818908693,0.6662238240242004,0.4261869192123413,1.5632197856903076,-0.8261398673057556,0.0095428060740232,0.0035178719554096,-0.0047866497188806,0.9282264113426208,2.637054204940796,0.7003284096717834,20.0,0.1162091270089149,0.0270410384982824,-0.1102646812796592,0.4865622222423553,1.0997519493103027,0.4063811898231506
2,X,Alan,1.97491717338562,-1.0876691341400146,0.3537723422050476,0.0400828458368778,1.0732132196426392,0.1252281963825225,2.3847131729125977,6.308094501495361,1.4620238542556765,12.0,1.5086547136306765,0.9745314717292786,1.730413556098938,1.0732585191726685,1.6122989654541016,-0.4702064990997314,0.1251548677682876,0.0016066345851868,-0.00666762329638,0.9900581240653992,3.0878329277038574,0.7256621718406677,20.0,0.6509562730789185,0.2307202070951461,-0.5918306708335876,1.1662617921829224,1.677138090133667,0.4645362794399261
2,X,Alan,-0.5705503821372986,-0.8789259195327759,0.2203354239463806,0.1004870608448982,0.7071195840835571,0.3425873219966888,2.056598424911499,5.1203389167785645,1.235163688659668,14.0,1.975346088409424,0.9973156452178956,1.413741946220398,0.7251070737838745,1.949700951576233,0.9583652019500732,0.0485477000474929,0.010097648948431,0.021219028159976,0.988099992275238,-2.724262237548828,0.6921820044517517,20.0,0.2188510745763778,0.0608499012887477,0.2188510745763778,0.9855043292045592,0.3869409263134002,0.3880777359008789
2,X,Alan,1.8228609561920168,-1.27266263961792,0.2675219774246216,0.0522518530488014,0.8544731140136719,0.1478803008794784,1.5788670778274536,3.546816110610962,1.089065432548523,9.0,1.3644949197769165,1.1382619142532349,1.162104845046997,0.7893204689025879,1.472285270690918,-0.9436219334602356,0.0715680122375488,0.0027302559465169,-0.0131904371082782,0.9960908889770508,2.958608388900757,0.7130300998687744,20.0,0.3960070312023163,0.1390319019556045,-0.3790112435817718,0.6490514874458313,1.030297040939331,0.436517983675003
2,X,Alan,0.1186917498707771,-1.3919857740402222,0.0930037796497345,0.1420944333076477,0.2968334257602691,0.4313143789768219,1.429578185081482,3.485031843185425,0.8135245442390442,13.0,1.368712067604065,0.7744807004928589,1.0257614850997925,0.3794119954109192,2.7035555839538574,0.5638598203659058,0.0086497040465474,0.020190829411149,0.0074515882879495,0.7904996871948242,1.114867925643921,0.7219160199165344,20.0,0.2343184947967529,0.0732792764902114,0.1897548288106918,0.7631792426109314,0.5178667902946472,0.2963838577270508
2,X,Alan,1.6445919275283811,-0.9535769820213318,0.1053683385252952,0.0541027374565601,0.3832350075244903,0.1716181486845016,1.0304369926452637,2.979041814804077,0.6752347946166992,11.0,1.1089022159576416,0.7427067160606384,0.6520959138870239,0.2954645752906799,2.207019090652466,-0.4837602376937866,0.0111024864017963,0.0029271061066538,-0.0027577793225646,0.8255603909492493,2.844836473464966,0.6562227010726929,20.0,0.1626499146223068,0.0415243655443191,-0.1239714995026588,0.3915001451969147,0.6897347569465637,0.1764822751283645
2,X,Alan,-0.5433954000473022,-1.045227289199829,0.2223902493715286,0.1548590213060379,0.6298251152038574,0.442199170589447,1.4796628952026367,5.057021617889404,1.1395165920257568,9.0,1.1725451946258545,0.9101136326789856,1.1165646314620972,0.6893540620803833,1.619726061820984,0.970792829990387,0.0494574233889579,0.0239813178777694,0.0334332659840583,0.987010419368744,-2.538204431533813,0.7306165099143982,20.0,0.1672007292509079,0.0488405749201774,0.0632402971386909,0.7441228628158569,1.005809307098389,0.18814617395401
2,X,Alan,-0.6196966171264648,-0.8407009243965149,0.1874826997518539,0.0439357794821262,0.6094610095024109,0.1453265994787216,1.2312185764312744,4.479086399078369,1.0297871828079224,12.0,1.3470759391784668,0.8626741766929626,0.8281430602073669,0.6200863122940063,1.3355287313461304,0.951994001865387,0.0351497642695903,0.0019303528824821,0.0078417640179395,0.9953323602676392,-2.9210450649261475,0.7069308757781982,20.0,0.2155384868383407,0.0524478293955326,0.1943474560976028,0.5334258079528809,0.3682593703269958,0.3780407011508941
2,X,Alan,-0.3332458734512329,-0.9760011434555054,0.1338240355253219,0.0660216957330703,0.4602669775485992,0.2968715131282806,1.314917802810669,5.143947601318359,1.032006025314331,13.0,1.715538740158081,1.0377553701400757,0.9009323716163636,0.5366037487983704,1.6789528131484983,0.9114960432052612,0.0179088711738586,0.0043588639236986,0.0080533316358923,0.9718458652496338,-2.70589566230774,0.6888179779052734,20.0,0.4007880687713623,0.0931210294365882,0.3434131443500519,1.098231315612793,0.3340796828269958,0.3909187316894531
2,X,Alan,1.6697202920913696,-0.7182435989379883,0.2838769257068634,0.0458817109465599,0.8974292278289795,0.2114918977022171,3.2372310161590576,22.56703186035156,5.15404224395752,13.0,1.8363914489746087,1.0435116291046145,2.164764642715454,0.6252667903900146,3.462145566940308,-0.206334039568901,0.0805860981345176,0.0021051315125077,-0.0026874509640038,0.9750463366508484,3.107402801513672,0.6761394739151001,20.0,0.4110361933708191,0.1454557031393051,-0.4090194404125213,0.7122176289558411,2.0084996223449707,0.2382113486528396
2,X,Alan,2.058676242828369,-0.9416493773460388,0.3322680592536926,0.066971406340599,0.9699113965034484,0.2185602188110351,2.018223762512207,5.562723636627197,1.2565691471099854,7.0,1.075905442237854,1.089260816574097,1.389348030090332,0.9408830404281616,1.4766427278518677,0.2847588658332824,0.1104020550847053,0.0044851694256067,0.0063365846872329,0.9629226326942444,-3.082049608230591,0.7084959745407104,20.0,0.4287066459655761,0.168355330824852,-0.3976861834526062,0.7912711501121521,1.029743790626526,0.7844248414039612
2,X,Alan,1.4239532947540283,-1.5029186010360718,0.1797056496143341,0.1280491948127746,0.6155939698219299,0.4418368339538574,1.9863444566726685,5.9404168128967285,1.632349967956543,14.0,1.8433406352996824,0.9693945646286012,1.3284924030303955,0.7577438354492188,1.753221035003662,-0.9226701259613036,0.0322941206395626,0.0163965988904237,-0.0212317146360874,0.964384913444519,2.535308599472046,0.7191342115402222,20.0,0.1194078400731086,0.0281772278249263,0.0888595953583717,0.6616309881210327,0.880469560623169,0.9879394173622132
2,X,Alan,-0.3831745088100433,-0.9756534099578856,0.3501772284507751,0.0747510567307472,0.9463687539100648,0.2353761941194534,1.8970844745635984,5.853819847106934,1.3303430080413818,11.0,1.5245345830917358,1.157837986946106,1.32451331615448,0.9251534342765808,1.431668758392334,0.8395115733146667,0.1226240918040275,0.0055877207778394,0.0219751540571451,0.9873819351196288,-2.961976289749145,0.7067838907241821,20.0,0.3184230625629425,0.1189102008938789,0.240578293800354,0.784671425819397,0.5279461145401001,0.4225433468818664
2,X,Alan,-0.4409681260585785,-0.9259396195411682,0.3302583396434784,0.0454479157924652,0.8964264392852783,0.2023021876811981,1.8761398792266848,5.073506832122803,1.080951690673828,9.0,1.226040244102478,0.9616933465003968,1.3176918029785156,0.8840083479881287,1.4905874729156494,0.2531729638576507,0.1090705618262291,0.0020655130501836,0.0038000128697603,0.9823201298713684,-3.106139659881592,0.7085186839103699,20.0,0.4415060877799988,0.1569485813379287,0.4164823293685913,1.052406668663025,0.7724714279174805,0.7665355205535889
2,X,Alan,2.091665506362915,-1.9814584255218504,0.3791721165180206,0.1467055976390838,1.1684118509292605,0.4946559965610504,2.9308207035064697,7.858277320861816,2.108144521713257,12.0,1.218866944313049,0.7072641253471375,2.0930771827697754,1.1915864944458008,1.7565466165542605,-0.5950340628623962,0.1437714993953704,0.0215225331485271,-0.0330997668206691,0.9136695265769958,2.8934402465820312,0.723574697971344,20.0,0.2387074679136276,0.0679376423358917,-0.136089026927948,0.5602349638938904,0.6310540437698364,1.067417025566101
2,X,Alan,1.9266470670700075,-1.471959114074707,0.1831657141447067,0.0287798307836055,0.669563889503479,0.1008907333016395,1.368209719657898,5.806919097900391,1.5345048904418943,13.0,1.562857747077942,0.902380347251892,0.9842301607131958,0.6321633458137512,1.556923747062683,-0.4825205206871032,0.033549677580595,0.0008282786584459,-0.0025435965508222,0.9812799096107484,3.0644750595092773,0.7313879728317261,20.0,0.4481914639472961,0.1504071950912475,-0.4297448992729187,0.8022280931472778,0.5459166169166565,0.7731913328170776
2,X,Alan,1.918047547340393,-0.9024320840835572,0.1369421929121017,0.025023428723216,0.4661640226840973,0.0915667414665222,0.9547412991523744,2.5777792930603027,0.5859901309013367,10.0,1.0545814037322998,0.7040804624557495,0.6372805833816528,0.4665251076221466,1.3660156726837158,-0.4365082085132599,0.0187531635165214,0.0006261719972826,-0.0014958102256059,0.9733219146728516,3.059811353683472,0.6684179902076721,20.0,0.2231225669384002,0.0569319128990173,-0.2231225669384002,0.3859239518642425,0.6667556166648865,0.2153246253728866
2,X,Alan,-0.2778708636760711,-1.016920566558838,0.134314477443695,0.0347342379391193,0.4202228486537933,0.1183137819170951,1.8821967840194704,3.3414976596832275,0.8381160497665405,16.0,2.28645920753479,0.9094935655593872,1.349729299545288,0.4134953618049621,3.2641942501068115,0.1307179629802703,0.0180403795093297,0.001206467160955,0.0006098399171605,0.9344272613525392,-3.10542893409729,0.7263436913490295,20.0,0.331834614276886,0.1003774553537368,0.2036074697971344,1.3686283826828003,0.7251556515693665,0.3546844124794006
2,X,Alan,-0.0902930051088333,-1.2203564643859863,0.1237086132168769,0.0729191675782203,0.3964222073554992,0.2587853968143463,2.365206718444824,5.066410541534424,1.3742876052856443,14.0,1.6919832229614258,0.8839608430862427,1.61542809009552,0.1890379935503006,8.545520782470703,-0.3939183354377746,0.0153038203716278,0.0053172050975263,-0.0035534305498003,0.7456135749816895,2.832345485687256,0.695754885673523,20.0,0.3235805034637451,0.1094902157783508,-0.0297274757176637,1.205549955368042,1.9332070350646973,0.880008339881897
2,X,Alan,1.8474712371826167,-1.6605726480484009,0.5371401309967041,0.0951005965471267,1.513737440109253,0.3728252351284027,2.6672306060791016,10.756963729858398,2.8579916954040527,9.0,1.005195379257202,0.7227754592895508,1.910634398460388,1.5144661664962769,1.2615894079208374,-0.6227084398269653,0.2885195016860962,0.0090441238135099,-0.0318094082176685,0.9812753796577454,3.029681444168091,0.7111461758613586,20.0,0.6003007292747498,0.2107497006654739,-0.5312655568122864,0.988165318965912,0.54363614320755,0.6127676963806152
2,X,Alan,1.6428587436676023,-1.6671854257583618,0.273920863866806,0.4378459453582763,0.7804455757141113,1.7834134101867676,6.9258809089660645,19.242446899414062,4.390141487121582,12.0,1.2871460914611816,0.9098870754241944,4.975183486938477,1.6152477264404297,3.080136299133301,-0.0811987519264221,0.0750326439738273,0.1917090564966201,-0.009738584049046,0.6144462823867798,1.6535003185272217,0.7271599173545837,20.0,4.263423919677734,0.9049269556999208,3.99811601638794,8.068634986877441,0.9303229451179504,2.326823234558105
2,X,Alan,-0.483610987663269,-0.9225900769233704,0.2661219835281372,0.1255569010972976,0.8128703832626343,0.4184605181217193,2.3095743656158447,7.556452751159668,1.7921911478042605,7.0,1.075741410255432,0.8902866840362549,1.4860808849334717,0.8246453404426575,1.8020848035812376,0.9039885401725768,0.0708209201693534,0.0157645344734191,0.0302053783088922,0.971185266971588,-2.725724458694458,0.6589022278785706,20.0,0.3896477520465851,0.1085626929998397,0.3359338939189911,0.7983145117759705,0.7262048125267029,0.133516177535057
2,X,Alan,1.640835165977478,-1.114296793937683,0.2502877116203308,0.0518226213753223,0.7874916195869446,0.173628956079483,1.4636266231536863,2.7072973251342773,0.7137340903282166,10.0,1.1655142307281494,0.9278996586799622,1.0241036415100098,0.8052444458007812,1.2717922925949097,-0.5601481795310974,0.0626439452171325,0.0026855841279029,-0.0072654387913644,0.9713792204856871,3.022710084915161,0.7083950042724609,20.0,0.3661996126174927,0.1275137811899185,-0.3501184582710266,0.5876597762107849,0.7637351751327515,0.4677161276340484
2,X,Alan,2.269458055496216,-2.053539991378784,0.2364850044250488,0.2016356885433197,0.9475237131118774,0.7188655138015747,4.367958545684815,11.981800079345703,2.824887752532959,12.0,1.481900691986084,1.08443284034729,2.814622640609741,0.7307304739952087,3.8517932891845694,0.3735957741737366,0.055925153195858,0.040656954050064,0.0178144723176956,0.5727982521057129,-2.558624505996704,0.6914070844650269,20.0,0.5311142802238464,0.1332413107156753,-0.4721642732620239,1.3033064603805542,0.3826974034309387,1.516067385673523
2,X,Alan,-0.3534682095050812,-1.032845377922058,0.2148464918136596,0.1270361542701721,0.6818220615386963,0.5023242831230164,1.8138881921768188,11.390792846679688,2.349066734313965,12.0,1.4583511352539062,1.0806695222854614,1.3021239042282104,0.8291335105895996,1.5704634189605713,0.949298083782196,0.0461590141057968,0.016138182953,0.025909449905157,0.9802737832069396,-2.6187398433685303,0.7215374112129211,20.0,0.4433796107769012,0.1352363526821136,0.3683504462242126,1.0192927122116089,0.5011976361274719,0.4670066237449646
2,X,Alan,1.8448493480682373,-0.9766817688941956,0.030388755723834,0.0196485593914985,0.1108049005270004,0.0793994665145874,0.5652585625648499,1.5468600988388062,0.3640854060649872,14.0,2.001279354095459,1.0400183200836182,0.4110541045665741,0.1144405826926231,3.591856002807617,-0.6925925016403198,0.0009234764729626,0.0003860658616758,-0.0004135436902288,0.8592295050621033,2.644298791885376,0.7329785823822021,20.0,0.0922889336943626,0.0216511189937591,-0.0865546688437461,0.3031543791294098,0.2227623760700225,0.1280787140130996
2,X,Alan,-0.7191007733345032,-0.8418933749198914,0.4149738550186157,0.0554691702127456,1.0625040531158447,0.1708833128213882,2.185725212097168,7.472414493560791,2.0231409072875977,11.0,1.3751704692840576,1.0324363708496094,1.4694669246673584,1.073354959487915,1.3690409660339355,0.8631932735443115,0.1722033023834228,0.003076828783378,0.0198692046105861,0.9955650568008424,-3.0262043476104736,0.6701744794845581,20.0,0.318583071231842,0.0897719338536262,0.2736337780952453,0.736894965171814,0.2674157619476318,0.394915759563446
2,X,Alan,-0.2103096693754196,-0.9955561757087708,0.0596627667546272,0.0376366712152957,0.218887522816658,0.1474251002073288,0.9080169200897216,1.942321419715881,0.5106135606765747,14.0,1.7300000190734863,0.8562374711036682,0.6422910094261169,0.2223734408617019,2.888344049453736,-0.7130853533744812,0.003559645731002,0.0014165189350023,-0.0016012387350201,0.8728430271148682,2.651074886322021,0.7255945801734924,20.0,0.2265701740980148,0.0543766804039478,0.1937078535556793,0.7313684821128845,0.1499955505132675,0.4641345739364624
2,X,Alan,2.0064823627471924,-1.0758620500564575,0.241390973329544,0.0572033710777759,0.8429855108261108,0.2029429376125335,1.6119837760925293,6.072904586791992,1.7959215641021729,11.0,1.3389873504638672,0.9955037832260132,1.0852710008621216,0.840837836265564,1.2907018661499023,-0.8431791067123413,0.0582696050405502,0.0032722256146371,-0.0116429356858134,0.9850086569786072,2.941335439682007,0.6999335885047913,20.0,0.2124205529689788,0.0705230012536048,-0.159724161028862,0.4177014231681824,0.8430283069610596,0.4799464643001556
2,X,Alan,2.032996892929077,-1.2696160078048706,0.358765959739685,0.0828153491020202,1.054228901863098,0.2450658082962036,2.243992805480957,4.758472919464111,1.2784308195114136,8.0,1.0318883657455444,0.9273046255111694,1.6441261768341064,0.9384273290634156,1.7520016431808472,-0.4804782271385193,0.1287130117416381,0.0068583819083869,-0.0142756458371877,0.9600478410720824,3.026515483856201,0.7383472919464111,20.0,0.6411197185516357,0.2199462503194809,-0.6104273200035095,0.9813258051872252,0.9179880023002625,0.7053154706954956
2,X,Alan,-0.6589617729187012,-0.8503357768058777,0.2657912373542785,0.0458423048257827,0.7714927196502686,0.1570640504360199,2.026247501373291,8.943435668945312,2.381185531616211,15.0,1.8956581354141235,0.946115255355835,1.4665576219558716,0.6374815106391907,2.300549268722534,0.8013113737106323,0.0706449747085571,0.0021015170495957,0.0097635649144649,0.9897527694702148,-3.0028254985809326,0.7036358118057251,20.0,0.1780781298875808,0.0447933003306388,0.0802505612373352,0.954529881477356,1.377272367477417,0.5419624447822571
2,X,Alan,-0.8784683346748352,-0.7558844089508057,0.2047977298498153,0.0607406869530677,0.8748090267181396,0.275702029466629,2.0761067867279053,19.6251277923584,4.257472515106201,12.0,1.3739190101623535,0.8991526961326599,1.559791922569275,0.6690313220024109,2.331418514251709,0.7988804578781128,0.041942112147808,0.0036894311197102,0.0099377175793051,0.9715625047683716,-2.901997327804565,0.6908099055290222,20.0,0.2085969597101211,0.0411661118268966,-0.0206395164132118,0.6825312376022339,0.9514095783233644,0.3858125805854797
2,X,Alan,0.3127517998218536,-1.1768529415130615,0.1198830902576446,0.0649188831448555,0.4565083384513855,0.30616495013237,1.6244292259216309,5.346958637237549,1.2263143062591553,13.0,1.2713797092437744,0.7272626161575317,1.050353765487671,0.4108273983001709,2.556679010391236,-0.4626720547676086,0.0143719557672739,0.0042144609615206,-0.0036008267197757,0.8023391366004944,2.8332226276397705,0.6975027918815613,20.0,0.2867740988731384,0.0945310890674591,-0.10349852591753,0.929640769958496,0.2823379933834076,0.1871237903833389
2,X,Alan,-1.7958084344863892,-1.2750372886657717,0.0680484026670456,0.0256346203386783,0.2239420413970947,0.0761057287454605,0.6318964958190918,1.7586028575897217,0.4430565536022186,14.0,1.4728244543075562,0.8576400279998779,0.4330635964870453,0.2210405170917511,1.9592045545578003,0.477786123752594,0.0046305856667459,0.000657133758068,0.0008334477315656,0.8980069160461426,-2.9429876804351807,0.6920821070671082,20.0,0.2978062331676483,0.0859766229987144,0.2978062331676483,0.5628150105476379,0.4969363808631897,0.4475162327289581
2,X,Alan,1.346683382987976,-0.8422094583511353,0.1487175971269607,0.0368626825511455,0.6052422523498535,0.1336889863014221,2.686862230300904,13.303914070129396,3.23796010017395,17.0,2.260655641555786,0.7904688715934753,1.883007287979126,0.5312216281890869,3.544673681259156,-0.4140600860118866,0.0221169255673885,0.0013588572619482,-0.0022699309047311,0.9502046704292296,3.033936023712158,0.6914511919021606,20.0,0.0828080475330352,0.0251006316393613,-0.0598412156105041,0.4013184905052185,1.4600024223327637,0.1923899799585342
2,X,Alan,0.9859614968299866,-0.8963729739189148,0.3201950192451477,0.1255103796720504,0.8932691812515259,0.412598967552185,2.275520801544189,10.04513168334961,2.2516722679138184,13.0,1.6910985708236694,1.0959898233413696,1.6199442148208618,0.8972838521003723,1.8053865432739256,-0.9470670223236084,0.1025248542428016,0.0157528556883335,-0.038060538470745,0.987809717655182,2.7815401554107666,0.7024421095848083,20.0,0.110337994992733,0.0447389483451843,-0.0972301736474037,0.4042612314224243,0.8823255300521851,0.0838246867060661
2,X,Alan,0.6259639859199524,-0.8901157379150391,0.2481157779693603,0.1083045750856399,0.8934687972068787,0.5340343713760376,2.6764559745788574,12.69521713256836,2.9297187328338623,10.0,1.3171563148498535,0.9506894946098328,1.8889201879501345,0.5939798355102539,3.1801083087921143,-0.936434805393219,0.0615614354610443,0.0117298811674118,-0.0251639448106288,0.9828816056251526,2.746415853500366,0.7089868783950806,20.0,0.2400379031896591,0.0680709853768348,-0.1278313249349594,0.789932370185852,0.2878650724887848,0.2471145838499069
2,X,Alan,-1.3738926649093628,-0.9806392192840576,0.0609780140221118,0.0343131087720394,0.2489849478006363,0.1239201873540878,1.0779170989990234,2.3993678092956543,0.5063326954841614,11.0,1.5979373455047607,1.092421531677246,0.7649920582771301,0.2157195210456848,3.5462348461151123,0.1686960756778717,0.0037183181848376,0.0011773895239457,0.000352970440872,0.7001761794090271,-3.0060958862304688,0.7043406963348389,20.0,0.2434931099414825,0.0752372667193412,0.2229758203029632,0.4103217720985412,1.4159570932388306,0.1169623956084251
2,X,Alan,-1.3416037559509275,-0.8949756622314453,0.0375457927584648,0.0234624743461608,0.1614255905151367,0.0951210036873817,0.8293075561523438,2.260462522506714,0.604360044002533,12.0,1.845111846923828,1.2041453123092651,0.5895460247993469,0.0483263619244098,12.199263572692873,0.3049308061599731,0.0014096866361796,0.0005504876608029,0.0002686188090592,0.6815749406814575,-2.86219334602356,0.7223623991012573,20.0,0.1459469497203827,0.0453049503266811,0.1425794214010238,0.2468825727701187,1.3732709884643557,0.1560122817754745
2,X,Alan,-1.616450548171997,-1.215190052986145,0.1763652712106704,0.0390404649078846,0.5738972425460815,0.1659366488456726,1.3122974634170532,3.784245491027832,0.9257686138153076,9.0,1.3537592887878418,1.126127004623413,0.909984052181244,0.5664162039756775,1.6065642833709717,0.7316850423812866,0.0311047080904245,0.0015241578221321,0.0050379312597215,0.978406548500061,-2.9774434566497803,0.679268479347229,20.0,0.2809244394302368,0.0919462516903877,0.2710100710391998,0.4817073941230774,1.0433032512664795,0.3499433100223541
2,X,Alan,-1.0763802528381348,-1.557095646858215,0.1097719743847847,0.0965747237205505,0.4805556535720825,0.3539596498012543,2.6825459003448486,5.124745845794678,1.4315661191940308,13.0,1.637785792350769,0.9109309315681458,1.829445481300354,0.4080930054187774,4.482913017272949,0.4506697952747345,0.0120498863980174,0.0093266777694225,0.0047776396386325,0.6346227526664734,-2.495011806488037,0.69544517993927,20.0,0.1488457769155502,0.0413919351994991,0.1366377174854278,0.9429092407226562,0.2868771255016327,0.7254722714424133
2,X,Alan,0.9590688943862916,-0.8554094433784485,0.3214137256145477,0.0341296456754207,0.7795339822769165,0.1294924318790435,2.124563694000244,8.040095329284668,2.4921767711639404,16.0,2.145111083984375,0.9272459149360656,1.513983130455017,0.7218403816223145,2.097393274307251,-0.8042505383491516,0.1033067852258682,0.0011648326180875,-0.0088224168866872,0.9960753917694092,3.056062698364258,0.7426031827926636,20.0,0.1352495402097702,0.0453318431973457,-0.0862003713846206,0.6226873397827148,0.5900600552558899,0.27464160323143
2,X,Alan,1.015118956565857,-0.9102755188941956,0.3165090084075928,0.0629390776157379,0.8320469260215759,0.2423001527786255,1.6848431825637815,13.652336120605469,2.911226272583008,11.0,1.7163294553756714,1.2032476663589478,1.2033041715621948,0.8529106974601746,1.410820722579956,-0.9027535319328308,0.1001779437065124,0.0039613270200788,-0.0179835576564073,0.993135929107666,2.9627275466918945,0.6979517936706543,20.0,0.1159131973981857,0.039296481758356,-0.0637648776173591,0.2602183520793915,0.7777041792869568,0.3407202064990997
2,X,Alan,-1.398655652999878,-1.2887271642684937,0.2151959091424942,0.0448624193668365,0.5831613540649414,0.1640774756669998,1.2031691074371338,3.7436699867248535,0.9986193180084229,9.0,1.0211838483810425,0.8022074103355408,0.876929759979248,0.5895586609840393,1.4874342679977417,0.1264041364192962,0.0463092811405658,0.0020126365125179,0.001220331992954,0.9572956562042236,-3.1140713691711426,0.7178443074226379,20.0,0.4585769176483154,0.1840763390064239,0.4366911351680755,0.6600891351699829,0.8457279801368713,0.8548554182052612
2,X,Alan,-2.241189479827881,-2.8984947204589844,0.196865826845169,0.3106512129306793,0.6649026870727539,1.0333672761917114,6.717880725860596,13.31369400024414,3.1292989253997803,15.0,1.7360374927520752,0.8061662912368774,4.784506320953369,0.6412343382835388,7.461400032043457,-0.5272895693778992,0.0387561507523059,0.0965041741728782,-0.0322472415864467,0.7805066704750061,1.991062045097351,0.7117810249328613,20.0,0.4547557830810547,0.1017399430274963,-0.2553812563419342,1.9597578048706048,1.3640661239624023,3.387885332107544
2,X,Alan,0.2325867116451263,-0.9685479998588562,0.1476516425609588,0.0963920280337333,0.4565670788288116,0.3504836857318878,2.311509132385254,13.718401908874512,2.8611440658569336,12.0,1.6291909217834473,1.0071895122528076,1.4802095890045166,0.4417532980442047,3.350760698318481,0.5318648219108582,0.0218010079115629,0.0092914225533604,0.0075697349384427,0.7742358446121216,-2.7014780044555664,0.6908354759216309,20.0,0.6836470365524292,0.2261610627174377,-0.6234239935874939,1.417646050453186,0.2416514456272125,0.4747336506843567
2,X,Alan,0.9292140007019044,-0.8814086318016052,0.3586694598197937,0.1141953468322753,0.914741277694702,0.399247258901596,3.203425407409668,15.802666664123535,4.1942219734191895,9.0,1.3128430843353271,1.1144739389419556,2.2804346084594727,0.884427547454834,2.57843017578125,-0.8809771537780762,0.1286437809467315,0.0130405770614743,-0.0360834002494812,0.9805561304092408,2.862558126449585,0.7050557136535645,20.0,0.1534737348556518,0.0441418886184692,-0.0585821233689785,0.6525360941886902,0.9568127393722534,0.1768702715635299
2,X,Alan,-1.013158082962036,-1.6686729192733765,0.2126523703336715,0.1253304183483123,0.6704132556915283,0.4320709705352783,1.9895474910736084,5.749567985534668,1.5921432971954346,13.0,1.8226900100708008,1.0825778245925903,1.4330236911773682,0.7560699582099915,1.895358681678772,0.8920409083366394,0.0452210344374179,0.0157077144831419,0.0237745065242052,0.957525372505188,-2.6339423656463623,0.7194675803184509,20.0,0.2680599689483642,0.0768661499023437,0.2680599689483642,0.6365049481391907,0.1179232895374298,0.3620758354663849
2,X,Alan,-1.4088120460510254,-1.486538648605347,0.2109221369028091,0.1058048903942108,0.6174506545066833,0.2919617891311645,2.3271071910858154,7.031794548034668,1.7424180507659912,14.0,1.5373493432998655,0.839768648147583,1.636201024055481,0.613310694694519,2.6678175926208496,-0.8083786368370056,0.0444881469011306,0.0111946742981672,-0.0180402565747499,0.9371196031570436,2.7288172245025635,0.6958858966827393,20.0,0.6335033774375916,0.2348003983497619,0.6017085313796997,0.97565495967865,0.5219938158988953,1.025212645530701
2,X,Alan,-1.6836436986923218,-1.5417472124099731,0.2046867161989212,0.099869504570961,0.7234105467796326,0.3520436584949493,1.7911674976348877,3.395012140274048,0.9209237098693848,8.0,1.1443538665771484,1.1562927961349487,1.1587551832199097,0.7581356167793274,1.528427243232727,0.9565992951393129,0.0418966524302959,0.0099739180877804,0.019554765895009,0.9864515066146852,-2.698476791381836,0.6784495711326599,20.0,0.273529589176178,0.0879877060651779,0.273529589176178,0.573924720287323,0.5221520066261292,0.580053448677063
2,X,Alan,0.8111618161201477,-0.884151041507721,0.2040797919034958,0.0547747761011123,0.6540960669517517,0.2503741383552551,2.0499844551086426,9.306584358215332,2.192202091217041,13.0,1.5769288539886477,0.9214255213737488,1.350741267204285,0.6576496362686157,2.053891897201538,-0.5484921932220459,0.0416485592722892,0.0030002761632204,-0.0061312783509492,0.951854169368744,2.987973213195801,0.6882646083831787,20.0,0.1904986500740051,0.0553655326366424,-0.1859444379806518,0.3690269887447357,0.7947086095809937,0.3108607232570648
2,X,Alan,0.5148445963859558,-0.9906814694404602,0.2336301803588867,0.170071929693222,0.6508246660232544,0.483385682106018,1.874543309211731,4.710669994354248,1.0261454582214355,13.0,1.6458479166030884,1.0705417394638062,1.2964577674865725,0.7310727834701538,1.7733635902404783,-0.9824577569961548,0.0545830614864826,0.028924461454153,-0.0390369147062301,0.992000162601471,2.5149571895599365,0.7332820296287537,20.0,0.1920078098773956,0.0474632792174816,-0.0486023351550102,0.8111583590507507,0.5021350979804993,0.2232312560081482
2,X,Alan,-1.610749125480652,-1.3755022287368774,0.1925724595785141,0.0504072643816471,0.9368255734443665,0.2550436556339264,1.901777744293213,19.983078002929688,4.345001697540283,11.0,1.372527837753296,0.9510844945907592,1.2920047044754028,0.9667507410049438,1.3364403247833252,0.8845112919807434,0.0370841547846794,0.0025408922228962,0.0085859959945082,0.986586332321167,-2.910923957824707,0.6820645928382874,20.0,0.3810755908489227,0.0902787074446678,0.3637387454509735,0.6498826146125793,1.0928940773010254,0.2907721698284149
2,X,Alan,-1.8560620546340945,-1.4622936248779297,0.3731153011322021,0.0915805846452713,1.1049237251281738,0.3697906136512756,2.401649236679077,6.669932842254639,1.4543421268463137,10.0,1.1637098789215088,0.9652342200279236,1.6349196434020996,1.0601743459701538,1.542123317718506,0.6911448836326599,0.1392150372266769,0.0083870030939579,0.023616500198841,0.9703211188316344,-2.9683585166931152,0.717697024345398,20.0,0.3318922817707062,0.1003914847970008,0.3182702660560608,0.657964289188385,0.9357993602752686,0.4736974835395813
2,X,Alan,1.1103918552398682,-0.7276955842971802,0.1886728852987289,0.033645711839199,0.9271158576011658,0.144389733672142,2.133568525314331,11.846491813659668,3.355673789978028,13.0,1.7662745714187622,0.9440658688545228,1.545926213264465,0.7796730995178223,1.9827876091003416,-0.464068740606308,0.0355974547564983,0.0011320338817313,-0.0029459239449352,0.9753944873809814,3.056936264038086,0.7110329866409302,20.0,0.2457309961318969,0.0645932778716087,-0.168244183063507,0.8365948796272278,0.7975373864173889,0.4089714884757995
2,X,Alan,-1.924118399620056,-1.7406551837921145,0.1001974269747734,0.043221678584814,0.375568687915802,0.1854347437620163,1.363000512123108,3.9549853801727295,0.8629225492477417,18.0,2.07383680343628,0.6210393905639648,0.9307142496109008,0.3342005014419555,2.784897804260254,0.681880533695221,0.0100395241752266,0.0018681134097278,0.0029530206229537,0.9169933795928956,-2.8286705017089844,0.6720240712165833,20.0,0.1957879364490509,0.0488321557641029,0.1368870586156845,0.5279892683029175,0.2435764670372009,0.4696298241615295
2,X,Alan,0.7911449670791626,-0.9338284134864808,0.208448514342308,0.0394734963774681,0.6285063028335571,0.1409081518650055,1.477375030517578,5.574635982513428,1.258295655250549,10.0,1.2341859340667725,0.8825166821479797,0.9464294910430908,0.6236792802810669,1.5174939632415771,0.6082552075386047,0.0434507839381694,0.0015581568004563,0.0050048399716615,0.9780080318450928,-3.024322986602783,0.6773195266723633,20.0,0.2727005183696747,0.1009705662727356,-0.2481149584054947,0.6435925364494324,0.1389097869396209,0.4565321207046509
2,X,Alan,1.4121490716934204,-0.9264861345291138,0.1583763211965561,0.0251884441822767,0.7500279545783997,0.1174837872385978,1.9977012872695925,8.308045387268066,2.3265128135681152,13.0,1.6735926866531372,1.0062355995178225,1.461812973022461,0.4117854833602905,3.5499379634857178,0.6484325528144836,0.0250830594450235,0.0006344576831907,0.0025867617223411,0.9856524467468262,-3.0373268127441406,0.7134990096092224,20.0,0.1104333251714706,0.0320261754095554,-0.0940034314990043,0.3385511040687561,1.637495040893555,0.3242861032485962
2,X,Alan,-2.090759754180908,-1.4364426136016846,0.0668163672089576,0.0251805335283279,0.2647184431552887,0.1008411571383476,0.7188036441802979,2.1576435565948486,0.5695139765739441,12.0,1.5909080505371094,1.045580267906189,0.5029411911964417,0.2314310669898986,2.173179149627685,0.8302292823791504,0.0044644265435636,0.0006340592517517,0.001396837295033,0.963659942150116,-2.8265161514282227,0.6890515089035034,20.0,0.1467912644147873,0.0386460274457931,0.0996875762939453,0.4401448369026184,0.3876570761203766,0.5730479955673218
2,X,Alan,-0.6557064652442932,-0.9844073057174684,0.1223392561078071,0.034267708659172,0.316153347492218,0.1478480845689773,0.9313235878944396,2.65950083732605,0.6850418448448181,9.0,1.287034034729004,0.9757645726203918,0.6992027759552002,0.2644833326339721,2.643655300140381,-0.548302412033081,0.0149668930098414,0.0011742758797481,-0.0022986405529081,0.9477651119232178,2.9807257652282715,0.7279309034347534,20.0,0.2461318522691726,0.0915355458855629,0.1606068611145019,0.6039336323738098,0.3767350912094116,0.6757222414016724
2,X,Alan,-0.628444492816925,-1.0404551029205322,0.2837315201759338,0.1242888569831848,0.9882056713104248,0.3835101723670959,3.253293752670288,25.145492553710938,6.169373512268066,12.0,1.560580492019653,1.0093998908996582,2.4056670665740967,0.6599106788635254,3.6454434394836426,0.8812118172645569,0.0805035829544067,0.0154477199539542,0.0310756415128707,0.9678426384925842,-2.760308265686035,0.7445157170295715,20.0,0.3071939349174499,0.0673210397362709,0.0670001059770584,1.0831530094146729,1.7949533462524414,0.6478965282440186
2,X,Alan,0.916104018688202,-0.96060973405838,0.1713312417268753,0.0971383228898048,0.5414078831672668,0.3266811966896057,2.878143310546875,8.04584789276123,1.7813677787780762,12.0,1.6244479417800903,1.104564547538757,1.905649781227112,0.2258355319499969,8.438220024108887,0.4243244230747223,0.0293543934822082,0.0094358539208769,0.0070619587786495,0.7726185321807861,-2.8331942558288574,0.6838644742965698,20.0,0.289084255695343,0.0928059741854667,-0.2783721387386322,0.8888989090919495,0.658873438835144,0.7253172993659973
2,X,Alan,1.1277273893356323,-0.8515883088111877,0.24029241502285,0.051690362393856,0.903225839138031,0.1882320344448089,2.835758924484253,14.97191047668457,3.2431445121765137,14.0,2.0863890647888184,1.0121313333511353,1.9851752519607544,0.7594654560089111,2.6139111518859863,0.5929026007652283,0.0577404461801052,0.0026718936860561,0.0073643256910145,0.9709739089012146,-3.010921001434326,0.693291187286377,20.0,0.3446241915225982,0.1011630445718765,-0.1555880159139633,0.8524265885353088,1.0414199829101562,0.6263550519943237
2,X,Alan,0.2411030828952789,-0.9385327696800232,0.0883199721574783,0.1057290062308311,0.3045629560947418,0.4182004928588867,1.60549795627594,3.608945608139038,0.9338316321372986,15.0,1.9492453336715696,0.9837269186973572,1.1767945289611816,0.4517175257205963,2.60515570640564,-0.8512631058692932,0.0078004179522395,0.0111786220222711,-0.0079490803182125,0.9226296544075012,2.2515065670013428,0.7253217101097107,20.0,0.2375737130641937,0.0693890005350112,-0.0747661292552948,0.9087725281715392,0.2341640442609787,0.8367558717727661
2,X,Alan,-0.3416667580604553,-0.8674997091293335,0.1874768137931823,0.0541431941092014,0.5536358952522278,0.2031207233667373,2.086520910263061,5.673300266265869,1.2504128217697144,14.0,1.9606295824050903,1.0128202438354492,1.4629446268081665,0.5428866744041443,2.694751262664795,-0.6834475994110107,0.0351475551724433,0.0029314856510609,-0.0069373990409076,0.9589616656303406,2.9382569789886475,0.7221300005912781,20.0,0.4680418670177459,0.1388429552316665,0.3600376546382904,1.470737338066101,0.3748461604118347,1.2055222988128662
2,X,Alan,0.1762412041425705,-1.2816636562347412,0.3380974531173706,0.172570139169693,0.9661757349967957,0.7268304228782654,4.127008438110352,10.615545272827148,3.0322513580322266,16.0,1.9035537242889404,0.8708805441856384,3.00691819190979,0.5482485294342041,5.48459005355835,-0.7732086777687073,0.1143098846077919,0.029780451208353,-0.0451132655143737,0.9236029386520386,2.732599258422852,0.7273339033126831,20.0,1.1606342792510986,0.4245137274265289,0.819308876991272,2.2746706008911133,1.372698426246643,1.6887609958648682
2,X,Alan,1.2120319604873655,-0.7421890497207642,0.070345252752304,0.0670147761702537,0.2703942358493805,0.2446223348379135,1.279312252998352,3.645615100860596,0.853920578956604,13.0,1.4730221033096311,0.964599311351776,0.8626907467842102,0.2483592629432678,3.473559617996216,0.5276203155517578,0.0049484549090266,0.0044909799471497,0.0024872925132513,0.6921471953392029,-2.4020466804504395,0.7081488966941833,20.0,0.178134337067604,0.0548688881099224,-0.1376823186874389,0.4827575981616974,0.3688447773456573,0.3237861096858978
2,X,Alan,0.9022932648658752,-0.9438197016716005,0.4772495627403259,0.1156569421291351,1.1725541353225708,0.3337402641773224,2.8469114303588867,12.047012329101562,2.4732141494750977,10.0,1.3749380111694336,1.0197019577026367,2.051830530166626,1.0665361881256104,1.9238264560699463,0.3700079619884491,0.227767139673233,0.0133765283972024,0.020423412322998,0.9501588344573976,-3.0474581718444824,0.7099890112876892,20.0,0.4395841956138611,0.1452329754829406,-0.3074510097503662,1.2981302738189695,1.1014386415481567,0.366690456867218
2,X,Alan,0.2828399538993835,-1.0986578464508057,0.0589352771639823,0.0763784348964691,0.2981362342834472,0.373460441827774,1.622062087059021,7.995563507080078,1.7239614725112915,17.0,2.1326847076416016,0.743025004863739,1.0829033851623535,0.4060051739215851,2.667215585708618,0.8292198777198792,0.0034733670763671,0.0058336653746664,0.0037326372694224,0.9137798547744752,0.9385107755661012,0.7003788948059082,20.0,0.5471096038818359,0.1224085688591003,-0.5080919861793518,1.114618182182312,0.2344967573881149,0.8306884765625
2,X,Alan,2.749258279800415,-2.0178184509277344,0.5348255038261414,0.1369642317295074,2.133254051208496,0.6298112869262695,5.639463901519775,21.97041130065918,4.474121570587158,15.0,1.627025842666626,0.8667040467262268,3.939833879470825,2.079676628112793,1.894445419311524,0.6167852878570557,0.2860383093357086,0.0187592022120952,0.0451807342469692,0.9613981246948242,-2.9785847663879395,0.6914768815040588,20.0,0.9697011113166808,0.225330501794815,-0.9578861594200134,1.7286803722381592,0.4498085677623749,1.4251244068145752
2,X,Alan,-0.5763214230537415,-0.733420193195343,0.1548268347978592,0.1078085452318191,0.447476714849472,0.3027567863464355,2.0484061241149902,6.141261577606201,1.6678285598754885,16.0,1.827037453651428,0.7845522165298462,1.4184849262237549,0.3883964717388153,3.652156829833984,-0.8088164329528809,0.0239713490009307,0.0116226822137832,-0.0135004865005612,0.9095768332481384,2.5706655979156494,0.7003287076950073,20.0,0.4336952567100525,0.1559612601995468,0.2446090579032898,1.0793479681015017,1.090959072113037,1.2306512594223022
2,X,Alan,0.9890300631523132,-0.9520276784896852,0.2767642438411712,0.1768795549869537,0.8296921849250793,0.5070008039474487,2.710233449935913,7.272297382354736,1.7742044925689695,13.0,1.5613188743591309,0.9612650871276855,1.775615096092224,0.8307206034660339,2.137439489364624,0.827827513217926,0.0765984430909156,0.0312863774597644,0.0405254140496254,0.9251384735107422,-2.611079692840576,0.685222327709198,20.0,0.4009415507316589,0.1341958940029144,-0.367033451795578,1.1216484308242798,0.6446499824523926,0.3527024090290069
2,X,Alan,-1.4133260250091553,-1.8855067491531368,0.159596174955368,0.0597652047872543,0.6285954117774963,0.2370632439851761,2.574437141418457,6.388755798339844,1.2182605266571045,15.0,1.8004498481750488,1.022737979888916,1.8676934242248533,0.6020627021789551,3.102157592773437,0.0638338178396225,0.0254709385335445,0.0035718795843422,0.0006088659865781,0.8605232238769531,-3.1138179302215576,0.7363156080245972,20.0,0.3799846768379211,0.0889249667525291,0.3553860187530517,0.8021915555000305,0.6044570803642273,0.5225851535797119
2,X,Alan,1.9749610424041748,-1.0651237964630127,0.5263151526451111,0.1180347949266433,1.3033642768859863,0.3497381806373596,2.5332725048065186,10.594318389892578,2.429701805114746,10.0,1.2751368284225464,0.9265170097351074,1.749036431312561,1.318171501159668,1.326865553855896,-0.9316150546073914,0.2770076692104339,0.0139322122558951,-0.0578751899302005,0.9939036965370178,2.934343814849853,0.7287598848342896,20.0,0.5625928044319153,0.1866244077682495,-0.4996880292892456,0.989975094795227,1.3786872625350952,0.3713728189468384
2,X,Alan,0.186500683426857,-1.0485360622406006,0.2782690525054931,0.0568938106298446,0.8391532301902771,0.2284645140171051,3.034059762954712,15.262856483459473,3.243937492370605,16.0,1.6921706199645996,0.9309190511703492,2.091559171676636,0.7370864152908325,2.837603807449341,0.4115243554115295,0.0774336755275726,0.0032369059044867,0.0065151662565767,0.9657806754112244,-3.0546698570251465,0.7004905939102173,20.0,0.3813709914684295,0.1203152909874916,0.1797899454832077,0.8968877196311951,0.378658652305603,1.9362000226974487
2,X,Alan,0.0047893039882183,-1.133656024932861,0.2169295847415924,0.0657392516732215,0.6082555651664734,0.2357143312692642,2.0523457527160645,6.819918632507324,1.403963565826416,12.0,1.5042904615402222,0.9032689929008484,1.5081899166107178,0.5915622711181641,2.5495030879974365,-0.6033720374107361,0.0470584444701671,0.0043216492049396,-0.0086045609787106,0.945526361465454,2.9501867294311523,0.7271087169647217,20.0,0.577046811580658,0.1654919385910034,-0.5431902408599854,1.1088768243789673,0.4519392251968384,0.1926034986972808
2,X,Alan,-2.207149744033813,-2.015554666519165,0.2285920232534408,0.0863279402256012,0.6452946066856384,0.3893045485019684,2.730239152908325,12.279512405395508,3.365983963012696,16.0,2.290332794189453,0.8270377516746521,1.8135972023010247,0.6982545256614685,2.597329616546631,0.8096337914466858,0.0522543154656887,0.0074525135569274,0.0159772150218486,0.9592375159263612,-2.8318142890930176,0.7012050151824951,20.0,0.2300477176904678,0.058044895529747,0.1979006230831146,0.7895926833152771,1.225152611732483,1.4876148700714111
2,X,Alan,2.309751033782959,-1.3053510189056396,0.6197215914726257,0.0894983187317848,1.5428861379623413,0.2587100863456726,2.822935104370117,9.985739707946776,2.6382181644439697,9.0,1.326617956161499,1.1093626022338867,1.9825729131698608,1.4866414070129397,1.3335919380187988,-0.8435707092285156,0.3840548396110534,0.0080099496990442,-0.0467878431081771,0.9941609501838684,3.019648551940918,0.7132455706596375,20.0,0.4934214651584625,0.1840028315782547,-0.4357195198535919,0.8628510236740112,1.3952146768569946,0.1672875136137008
2,X,Alan,-2.24020791053772,-1.9033567905426023,0.2662252187728882,0.1442411541938781,0.7922213077545166,0.6674282550811768,4.384064674377441,17.911457061767578,3.890983819961548,15.0,2.140299081802368,0.9333361983299256,3.1059086322784424,0.8171114325523376,3.801083087921143,0.548210859298706,0.0708758682012558,0.0208055116236209,0.0210516434162855,0.8328351974487305,-2.792004108428955,0.736768901348114,20.0,0.2344028800725937,0.0724402442574501,0.1588155776262283,1.1368060111999512,1.0494983196258545,0.8757928609848022
2,X,Alan,2.1673331260681152,-0.7704555988311768,0.2603749632835388,0.0999407991766929,0.7427719831466675,0.3395597040653229,1.7245118618011477,6.055088043212891,1.7353485822677612,9.0,1.1736040115356443,0.9856491088867188,1.2678258419036863,0.7320674061775208,1.7318429946899414,0.9538397192955016,0.0677951201796531,0.0099881635978817,0.0248208958655595,0.9896968007087708,-2.786816358566284,0.7058300971984863,20.0,0.518440306186676,0.1634178608655929,-0.5147914290428162,0.9465042352676392,0.8793907761573792,1.0281192064285278
2,X,Alan,-1.660635232925415,-1.8657351732254028,0.2677840292453766,0.1776365935802459,0.927156150341034,0.7154368758201599,5.5465850830078125,15.328003883361816,3.556092023849488,14.0,1.6662662029266355,1.041615605354309,4.033585548400879,0.8058080077171326,5.005640983581543,0.3212433159351349,0.0717082917690277,0.0315547622740268,0.0152809815481305,0.6565163731575012,-2.8163001537323,0.738122284412384,20.0,0.5593231916427612,0.152512177824974,0.4886927306652069,1.529530048370361,0.7101908922195435,0.9621286392211914
2,X,Alan,-0.0029966949950903,-1.1374622583389282,0.1420961618423462,0.1008748561143875,0.478364497423172,0.2910851240158081,2.084658145904541,4.186344623565674,1.1206527948379517,12.0,1.522107481956482,0.8543316125869751,1.437633037567139,0.4040387868881225,3.558156013488769,-0.7189971208572388,0.0201913174241781,0.0101757366210222,-0.010306054726243,0.8601738810539246,2.5823495388031006,0.7082117199897766,20.0,0.1541641801595688,0.0408908873796463,-0.1257265210151672,0.5356370806694031,0.1836263090372085,0.5971127152442932
2,X,Alan,-0.2104194313287735,-1.1814745664596558,0.0837078690528869,0.04343768581748,0.3093327581882477,0.168383240699768,1.5123465061187744,3.4674148559570312,0.723533570766449,13.0,1.820162653923035,0.9544277787208556,1.0230783224105835,0.2726523578166961,3.7523179054260254,-0.3718224167823791,0.0070070065557956,0.0018868324114009,-0.0013519744388759,0.7886465191841125,2.898656845092773,0.7077329158782959,20.0,0.3623338043689728,0.1144560948014259,-0.2323178946971893,0.8681233525276184,0.1300190389156341,0.7130281329154968
2,X,Alan,1.877511739730835,-1.334638237953186,0.4093628525733948,0.139858603477478,1.3647258281707764,0.5087671875953674,3.1824374198913574,9.138225555419922,2.2878541946411133,11.0,1.484546184539795,1.0842422246932983,2.2936339378356934,1.323963642120361,1.7323994636535645,-0.9213120937347412,0.1675779372453689,0.0195604301989078,-0.0527478083968162,0.9854341745376588,2.8319854736328125,0.7133581042289734,20.0,0.4988274574279785,0.1483435630798339,0.4843300580978393,1.518761157989502,1.2926181554794312,1.2347482442855835
2,Z,Alan,0.1885986924171447,-1.698289155960083,0.1594978421926498,0.0553840845823287,0.4353063702583313,0.2554594874382019,1.2769256830215454,6.64809513092041,1.432095646858215,4.0,0.7054769992828369,0.7300235629081726,0.8613864779472351,0.2708381116390228,3.180447816848755,0.1278009414672851,0.0254395622760057,0.0030673968140035,0.001128947827965,0.8819215893745422,-3.0913007259368896,0.7218832969665527,20.0,0.0901678130030632,0.0290394406765699,-0.022589361295104,0.3810377120971679,0.790820300579071,0.796302080154419
2,Z,Alan,0.3206948339939117,-1.6076292991638184,0.1428016126155853,0.1148194223642349,0.4188542366027832,0.4414184987545013,1.6782019138336182,4.4263014793396,1.4356261491775513,6.0,0.961510419845581,0.9501729607582092,1.1187739372253418,0.348586767911911,3.209455966949463,0.3775395452976227,0.0203923005610704,0.0131834987550973,0.0061902883462607,0.5981518626213074,-2.619833707809448,0.6999909281730652,20.0,0.1390434205532074,0.0373388789594173,-0.0385639779269695,0.5650107264518738,0.7147050499916077,1.0279061794281006
2,Z,Alan,0.2223437279462814,-1.6221773624420166,0.1817268282175064,0.104815237224102,0.4807657301425934,0.3732089698314667,1.949932098388672,14.136167526245115,3.087175369262696,9.0,1.128805160522461,1.0318100452423096,1.297250747680664,0.2822725176811218,4.595738887786865,0.2870602905750274,0.03302463889122,0.0109862340614199,0.005467849317938,0.7171334028244019,-2.9112868309021,0.704411506652832,20.0,0.1467949897050857,0.0399178341031074,-0.0482836365699768,0.6410714387893677,0.751893937587738,1.0151138305664062
2,Z,Alan,0.2462921291589737,-1.5047272443771362,0.2257977426052093,0.2042500674724578,0.641812264919281,0.6068002581596375,1.854895830154419,6.332842350006104,1.7406872510910034,12.0,1.1649290323257446,0.7840771675109863,1.6721268892288208,0.7505309581756592,2.2279253005981445,-0.7060300707817078,0.0509846173226833,0.04171809181571,-0.0325615443289279,0.8301151990890503,2.426866292953491,0.7752351760864258,20.0,0.2516661584377289,0.0830209776759147,-0.2074168622493744,0.5621172189712524,0.9060519337654114,1.385327935218811
2,Z,Alan,-0.3331590294837951,-1.643978714942932,0.1734239012002945,0.1040816530585289,0.4853148162364959,0.3572474420070648,2.115518808364868,7.31489896774292,2.199668884277344,8.0,1.0537716150283811,0.8666604161262512,1.4215346574783323,0.210327073931694,6.75868558883667,-0.7480253577232361,0.0300758481025695,0.0108329905197024,-0.0135020418092608,0.895365834236145,2.665757656097412,0.6836923956871033,20.0,0.1558847576379776,0.0548152811825275,0.0184617470949888,0.6192759275436401,0.7677382826805115,1.0277410745620728
2,Z,Alan,-0.249518409371376,-1.57700514793396,0.1824503242969513,0.0979500412940979,0.591810405254364,0.4471004605293274,2.044258117675781,7.855974674224853,1.942734837532044,13.0,1.1731852293014526,0.6820660829544067,1.443914532661438,0.3929018378257751,3.6750009059906006,-0.5180254578590393,0.0332881212234497,0.0095942094922065,-0.009257641620934,0.824377179145813,2.809933423995972,0.697593092918396,20.0,0.1338982135057449,0.0353852696716785,-0.0546738281846046,0.4786834418773651,0.8388976454734802,1.0420364141464231
2,Z,Alan,0.3740968704223633,-1.4258769750595093,0.17940154671669,0.2284288257360458,0.5300876498222351,0.8956997990608215,2.895179510116577,9.467243194580078,2.5847504138946533,9.0,0.897372841835022,0.7413671016693115,1.968948483467102,0.9179620742797852,2.1449127197265625,0.0416260138154029,0.0321849137544631,0.0521797314286232,0.001705854316242,0.3876559734344482,1.4862953424453735,0.6560186743736267,20.0,0.2835070490837097,0.0775135084986686,-0.0748237147927284,1.461466908454895,0.9244170188903807,1.1908996105194092
2,Z,Alan,0.4396459460258484,-1.4773216247558594,0.1584338396787643,0.1219569370150566,0.5014100670814514,0.4357779026031494,1.6440677642822266,6.525469779968262,1.7410539388656616,15.0,1.5840551853179932,0.8587280511856079,1.5124322175979614,0.3363957107067108,4.495991230010986,0.2563104033470154,0.0251012835651636,0.0148734934628009,0.0049524563364684,0.5252582430839539,-2.756911516189575,0.7670491933822632,20.0,0.2358653992414474,0.049119759351015,-0.0403470359742641,0.7640672922134399,0.8584250211715698,1.0732823610305786
2,Z,Alan,0.3038638234138489,-1.4349095821380615,0.2659989297389984,0.2594592571258545,0.9648933410644532,0.9678290486335754,3.920212030410767,12.627161026000977,3.100430488586426,9.0,0.9762899875640868,0.7969570159912109,2.8983120918273926,1.018259882926941,2.8463382720947266,-0.2301007807254791,0.0707554295659065,0.0673191100358963,-0.0158806089311838,0.3757953345775604,2.410081148147583,0.7588831186294556,20.0,0.3281632661819458,0.0772110745310783,-0.1615385264158249,1.0121235847473145,1.1447715759277344,1.3664268255233765
2,Z,Alan,0.2988492846488952,-1.3280218839645386,0.1654016822576522,0.2302155494689941,0.48621466755867,0.837664783000946,3.4735336303710938,10.863637924194336,3.746255874633789,13.0,1.7141923904418943,1.0739554166793823,2.3251636028289795,0.5790959000587463,4.015161514282227,0.1983889490365982,0.0273577161133289,0.0529992021620273,0.0075542624108493,0.5405377149581909,1.3045679330825806,0.6939266920089722,20.0,0.2328426986932754,0.0540939606726169,-0.0488103590905666,0.8084942698478699,1.0117558240890503,1.0070706605911257
2,Z,Alan,0.2650819420814514,-1.2763338088989258,0.1611817181110382,0.2869438230991363,0.4828225970268249,0.8148866891860962,2.9275152683258057,7.372809886932373,2.282140254974365,9.0,1.191304326057434,0.8290395140647888,2.244736671447754,0.9039908051490784,2.4831411838531494,-0.419024646282196,0.025979546830058,0.0823367610573768,-0.0193799305707216,0.7741171717643738,1.872025966644287,0.8096156716346741,20.0,0.4088619947433471,0.0853210315108299,-0.2132179886102676,1.298635482788086,1.1251977682113647,1.4027372598648071
2,Z,Alan,0.3031160831451416,-1.2508585453033447,0.1841354519128799,0.2589127719402313,0.5740485191345215,0.7339320182800293,4.040170192718506,14.052517890930176,4.083690166473389,11.0,1.272207736968994,0.9960455298423768,3.0148603916168213,0.7101938724517822,4.245123386383057,0.1566611379384994,0.0339058637619018,0.0670358166098594,0.0074688224121928,0.5294418334960938,1.3590034246444702,0.7391149997711182,20.0,0.1870235055685043,0.0572359412908554,-0.0481960587203502,0.8685917854309082,0.9899941682815552,1.1312103271484375
2,Z,Alan,-0.4169397950172424,-0.8300934433937073,0.3890827000141144,0.6220276951789856,1.3457393646240234,1.8556642532348635,6.300461769104004,22.606000900268555,5.644952774047852,13.0,1.4038548469543457,0.8449625968933105,5.456183433532715,1.8786379098892207,2.904329538345337,0.6466952562332153,0.1513853371143341,0.3869184255599975,0.1565133184194564,0.8424140214920044,1.107927918434143,0.8341594934463501,20.0,0.565622091293335,0.1778684854507446,0.4523235857486725,2.301529884338379,1.5266729593276978,1.9141398668289185
2,Z,Alan,-0.2051869332790374,-0.80506432056427,0.5026102066040039,0.726793110370636,1.3613686561584473,2.175323963165283,8.899045944213867,24.05502319335937,7.246402740478516,16.0,1.975345253944397,0.9824962615966796,9.62057876586914,1.8878145217895508,5.096146106719971,0.8327726721763611,0.2526170015335083,0.528228223323822,0.304206520318985,0.922060251235962,0.9980711936950684,1.0104546546936035,20.0,1.4370068311691284,0.4188998341560364,0.4138709008693695,5.403753757476807,1.409945726394653,2.186177015304565
2,Z,Alan,-0.3765580058097839,-0.8867354393005371,0.2585799694061279,0.5226590037345886,0.8281331062316895,1.7121344804763794,6.221799850463867,31.74929618835449,7.170876502990723,12.0,1.5043346881866455,1.0414276123046875,4.347620964050293,1.7634894847869873,2.465351104736328,0.6610459089279175,0.0668635964393615,0.2731724381446838,0.0893397852778434,0.8905189037322998,1.2139190435409546,0.7700549960136414,20.0,0.605945348739624,0.1677218079566955,0.5605713725090027,1.105459213256836,1.3527319431304932,0.8363100290298462
2,Z,Alan,-0.4178444445133209,-0.8154332041740417,0.2488050013780594,0.772253155708313,0.7035792469978333,2.3687891960144043,6.7945990562438965,32.09400939941406,7.864114761352539,13.0,1.5949472188949585,1.010321021080017,5.010190486907959,2.172666072845459,2.3060102462768555,0.5468894839286804,0.061903927475214,0.5963749885559082,0.1050795912742614,0.9318715929985046,1.3834768533706665,0.7317126989364624,20.0,3.784470558166504,0.9037339687347412,2.043736696243286,6.594183921813965,1.1758097410202026,0.8022292256355286
2,Z,Alan,0.3631282448768616,-1.0738602876663208,0.2341325581073761,0.3531145751476288,0.9154160022735596,0.9424275755882264,5.338043689727783,19.44390869140625,5.1673502922058105,11.0,1.2773288488388062,0.8402637839317322,4.234192371368408,1.0810649394989014,3.916686773300171,-0.4576161503791809,0.0548180527985096,0.124689906835556,-0.0378336980938911,0.7291530966758728,1.9833954572677608,0.8434022068977356,20.0,0.2205418944358825,0.0691398978233337,-0.1770402789115905,1.1646173000335691,1.2549933195114136,1.6633766889572144
2,Z,Alan,0.024124139919877,-1.424857497215271,0.1505329310894012,0.0782593414187431,0.5081048607826233,0.2965862452983856,2.121163845062256,10.136945724487305,2.6948676109313965,11.0,1.4543418884277344,1.0056920051574707,1.4457159042358398,0.2952845394611358,4.89600944519043,-0.3952812254428863,0.0226601641625165,0.0061245248652994,-0.0046566533856093,0.7946792244911194,2.885122060775757,0.6621772050857544,20.0,0.1258540451526641,0.0440317951142787,-0.1086250841617584,0.5383836627006531,0.7858192920684814,0.830248236656189
2,Z,Alan,0.3340148329734802,-1.5269778966903689,0.1872864812612533,0.1866581737995147,0.629163920879364,0.7951953411102295,2.304413080215454,12.417044639587402,2.9359192848205566,16.0,0.977182924747467,0.7716970443725586,3.048556327819824,0.4852695167064667,6.282192230224609,0.2011052072048187,0.0350762233138084,0.0348412729799747,0.0070303464308381,0.334904283285141,-2.364548683166504,1.285008192062378,35.0,0.3004452288150787,0.0663071498274803,-0.120238110423088,0.615485429763794,0.8756023049354553,0.8697048425674438
2,Z,Alan,0.3202857077121734,-1.5447145700454712,0.3160728216171264,0.3577950298786163,0.9787036776542664,1.5764697790145874,3.338331699371338,16.18750762939453,3.819445133209229,14.0,0.9610503911972046,0.930770993232727,4.38499641418457,1.162879467010498,3.770808935165405,-0.6836785078048706,0.0999020338058471,0.1280172765254974,-0.0773167088627815,0.8162738084793091,2.2662675380706787,1.2726099491119385,35.0,0.871731698513031,0.1765896826982498,-0.2002959251403808,2.0809152126312256,1.0828619003295898,0.8960033655166626
2,Z,Alan,0.3524692356586456,-1.3995720148086548,0.2297217100858688,0.2023588865995407,0.7101457715034485,0.8591936230659485,2.510822057723999,12.920369148254396,2.6732163429260254,20.0,1.2432255744934082,0.927721619606018,3.227335453033448,0.6803450584411621,4.743674278259277,-0.1635575890541076,0.0527720674872398,0.0409491173923015,-0.0076031754724681,0.3409675061702728,2.68662977218628,1.2715766429901123,35.0,0.4346305429935455,0.0895745232701301,-0.1502222269773483,1.083132028579712,0.953072190284729,0.7353049516677856
2,Z,Alan,-0.0147692346945405,-1.463746190071106,0.2363297641277313,0.7316428422927856,0.6889907121658325,2.1901376247406006,3.978737354278565,34.48591613769531,6.72773551940918,23.0,1.412308931350708,0.8733564615249634,5.271733283996582,1.9493613243103027,2.704338550567627,0.0926920846104621,0.0558517575263977,0.5353012681007385,0.0160272940993309,0.8967658877372742,1.5374174118041992,1.3089219331741333,35.0,0.5151713490486145,0.1271806955337524,0.4898929595947265,0.5337335467338562,0.9917979836463928,0.9050310850143432
2,Z,Alan,0.3707509636878967,-1.4699708223342896,0.1536284983158111,0.1240584105253219,0.4695181846618652,0.3933430016040802,1.5422979593276978,6.4077019691467285,1.2364501953125,13.0,0.9451079964637756,0.8928927779197693,1.8043949604034424,0.3793224394321441,4.756889820098877,0.5576193332672119,0.0236017145216465,0.0153904892504215,0.0106276152655482,0.7376744151115417,-2.5405216217041016,1.2203998565673828,35.0,0.1810729503631591,0.0410458073019981,-0.1377314925193786,0.5283026099205017,0.8165687918663025,0.8387898206710815
2,Z,Alan,0.3591241240501404,-1.3549445867538452,0.2982345521450043,0.2119547426700592,1.1241694688796997,0.6271147131919861,2.4173104763031006,13.924619674682615,2.830612897872925,15.0,1.003811597824097,0.8656148314476013,3.130650758743286,1.0962271690368652,2.855841398239136,0.0272316616028547,0.0889438539743423,0.0449248142540454,0.0017213739920407,0.4960446655750274,-3.102566957473755,1.2690221071243286,35.0,0.3259216248989105,0.0790671706199646,-0.1398335546255111,1.033901333808899,1.1478055715560913,0.9836487770080566
2,Z,Alan,0.4863545596599579,-1.3257017135620115,0.1849438995122909,0.1917823553085327,0.6439574360847473,0.5230557918548584,1.5085400342941284,4.744691371917725,1.1472067832946775,16.0,1.044488549232483,0.8101034164428711,1.8904565572738647,0.5608301758766174,3.3708181381225586,0.0876688435673713,0.0342042446136474,0.036780472844839,0.0031095242593437,0.1732335537672042,0.9817623496055604,1.2353109121322632,35.0,0.2591917216777801,0.0601675920188427,-0.2021701335906982,0.6551657915115356,0.8311495780944824,0.7681015133857727
2,Z,Alan,0.3453025221824646,-1.548517823219299,0.2068324834108352,0.1497417688369751,0.5997008085250854,0.4587546288967132,1.4438594579696655,5.939365863800049,1.3936338424682615,16.0,0.9936730265617372,0.8778756260871887,1.881003499031067,0.6906648874282837,2.7234675884246826,-0.2757613062858581,0.0427796728909015,0.0224225968122482,-0.0085407299920916,0.5791066884994507,2.7925291061401367,1.2976679801940918,35.0,0.1846331357955932,0.0646943375468254,-0.155309796333313,0.4469531774520874,0.8805233240127563,0.851313054561615
2,Z,Alan,0.1605535596609115,-1.7961639165878296,0.1621131896972656,0.0824394151568412,0.5230492353439331,0.239388883113861,1.0648672580718994,2.555565357208252,0.636102557182312,10.0,0.8397406339645386,0.9324131011962892,1.3691238164901731,0.5021680593490601,2.7264254093170166,-0.4810909628868103,0.0262806881219148,0.0067962575703859,-0.0064295483753085,0.8275195360183716,2.849917411804199,1.2817518711090088,35.0,0.1896668374538421,0.0543827563524246,-0.1128303855657577,0.4947561025619507,0.9078182578086852,0.6693090200424194
2,Z,Alan,0.2578647434711456,-1.6485453844070437,0.2582395076751709,0.1352140009403228,0.8339391350746155,0.3909225761890411,1.7272095680236816,7.268544197082519,1.586743950843811,13.0,0.8554556965827942,0.7185425758361816,2.1596932411193848,0.714059054851532,3.0245304107666016,-0.1747704893350601,0.066687636077404,0.0182828251272439,-0.0061025652103126,0.7401546835899353,3.0180933475494385,1.1990886926651,35.0,0.2597050070762634,0.0794326812028884,-0.173235222697258,0.8121306896209717,1.0790224075317385,0.9811747670173644
2,Z,Alan,0.3772808313369751,-1.5897860527038574,0.1925042271614074,0.1082069128751754,0.5526884198188782,0.3481963872909546,1.283213496208191,8.35906982421875,1.5251535177230835,15.0,0.9986368417739868,0.9363809823989868,1.7526094913482666,0.4184978008270263,4.1878581047058105,0.3952761590480804,0.037057876586914,0.0117087364196777,0.0082337167114019,0.7653239965438843,-2.85353684425354,1.3209861516952517,35.0,0.2675880491733551,0.0634827688336372,-0.2160960435867309,0.6807256937026978,0.9757437705993652,0.9468526244163512
2,Z,Alan,-0.4755034446716308,-1.36589777469635,0.3288176655769348,0.4136825203895569,0.855976402759552,1.4494460821151731,2.184918165206909,9.397778511047363,2.0256824493408203,20.0,1.2894537448883057,0.902097761631012,3.949537992477417,1.0475314855575562,3.770328760147095,0.5986052751541138,0.1081210672855377,0.1711332201957702,0.0814259573817253,0.7694574594497681,0.9699921011924744,1.4417225122451782,35.0,0.3855935335159302,0.131866380572319,0.3467597961425781,0.7411503791809082,1.082736849784851,1.2095435857772827
2,Z,Alan,0.4222242534160614,-1.3897510766983032,0.2422644048929214,0.2909448742866516,0.6873927712440491,0.9174196124076844,2.198256254196167,10.571450233459473,2.372974395751953,17.0,1.1629688739776611,0.9935334324836732,2.9741852283477783,0.8025922179222107,3.705723762512207,-0.7234282493591309,0.0586920417845249,0.084648922085762,-0.050991266965866,0.8466983437538147,2.231579065322876,1.3531988859176636,35.0,0.419520616531372,0.1281545907258987,-0.2802504301071167,0.6678217053413391,0.9520228505134584,1.4246959686279297
2,Z,Alan,-0.0305165294557809,-1.842323660850525,0.2080107629299163,0.0911263450980186,0.6459379196166992,0.2562894821166992,1.21855628490448,3.222928285598755,0.8991596102714539,12.0,0.9355859756469728,0.9666779041290284,1.586241364479065,0.5938727259635925,2.6710121631622314,-0.5259150266647339,0.0432684756815433,0.0083040110766887,-0.0099688563495874,0.8766860365867615,2.882472276687622,1.3374948501586914,35.0,0.2410321682691574,0.0787445902824401,-0.2138682305812835,0.4660629332065582,0.9631027579307556,1.3515498638153076
2,Z,Alan,0.2840144634246826,-1.791931390762329,0.149849534034729,0.0611188039183616,0.5143877863883972,0.2025084644556045,1.2467671632766724,4.679301738739014,1.0870771408081057,15.0,1.020383596420288,0.886735200881958,1.6249717473983765,0.3975462019443512,4.087503910064697,0.2239017784595489,0.022454883903265,0.0037355080712586,0.0020506323780864,0.8450624346733093,-3.033750534057617,1.2892048358917236,35.0,0.2077504247426986,0.0503948703408241,-0.1490004360675811,0.5314100384712219,1.0300039052963257,1.1846622228622437
2,Z,Alan,0.1751961559057235,-1.677788019180298,0.2625510990619659,0.1281308382749557,0.8240183591842651,0.3647459149360657,1.4412046670913696,5.169144153594971,1.1905854940414429,14.0,0.8400350213050842,0.8339542746543884,2.0639772415161133,0.6783854961395264,3.0424842834472656,0.0508514195680618,0.0689330846071243,0.0164175126701593,0.0017106872983276,0.7628331184387207,-3.1090638637542725,1.330439209938049,35.0,0.2840856909751892,0.0805290043354034,-0.2318623960018158,0.5521576404571533,1.23100483417511,1.4163607358932495
2,Z,Alan,0.0962844267487526,-1.735687494277954,0.2333210408687591,0.1912425607442855,0.7312371730804443,0.7336423397064209,2.02037000656128,16.28266716003418,2.7243542671203613,11.0,0.8432867527008057,0.7410092353820801,2.7214696407318115,0.6977859139442444,3.900150060653688,0.2527666091918945,0.0544387102127075,0.0365737192332744,0.0112786777317523,0.4804325401782989,-2.691110372543335,1.2894712686538696,35.0,0.3166214227676391,0.0776739120483398,-0.2508785128593445,0.6184223294258118,1.2691917419433594,1.7785584926605225
2,Z,Alan,0.3224329054355621,-1.4220983982086182,0.4830249547958374,0.3175502121448517,1.3467153310775757,1.0756059885025024,2.938307046890259,15.048622131347656,3.1428747177124023,14.0,0.9180115461349488,0.884983479976654,3.733936548233032,1.1284068822860718,3.309033870697021,-0.6678783893585205,0.2333130985498428,0.1008381396532058,-0.1024423092603683,0.8440342545509338,2.643179178237915,1.3275521993637085,35.0,0.5121477246284485,0.1630807816982269,-0.3987556993961334,0.9536110162734984,1.7745068073272705,1.33863365650177
2,Z,Alan,0.2528493404388428,-1.5933164358139038,0.2689223885536194,0.1746214479207992,0.8902594447135925,0.571728527545929,1.7378252744674685,6.459996700286865,1.2497214078903198,6.0,0.592112123966217,0.7609645128250122,2.035639524459839,0.5198227763175964,3.916026115417481,0.5334925055503845,0.0723192542791366,0.0304926484823226,0.0250526051968336,0.7766353487968445,-2.703989028930664,1.149284839630127,35.0,0.2764400243759155,0.0854372605681419,0.0094892345368862,0.6138821840286255,1.1902759075164795,1.1707881689071655
2,Z,Alan,0.0712164863944053,-1.6182217597961426,0.3679977059364319,0.356348842382431,1.110920786857605,0.9911444783210754,2.369837999343872,6.88512659072876,1.7293163537979126,14.0,0.8521044850349426,0.7034532427787781,3.497045993804932,1.0354621410369873,3.377280235290528,-0.4982844889163971,0.1354223191738128,0.126984491944313,-0.0653428137302398,0.6658340096473694,2.388432741165161,1.3075608015060425,35.0,0.6087861061096191,0.1418035179376602,-0.2859483361244201,1.223045825958252,1.238239884376526,1.0393145084381104
2,Z,Alan,0.2508865296840668,-1.5663166046142578,0.325341522693634,0.4897895455360412,0.9259622693061828,1.3699675798416138,3.1217598915100098,28.05978012084961,4.655519008636475,11.0,0.8153037428855896,0.8009682297706604,3.5276317596435547,1.3626693487167358,2.5887656211853027,-0.5861071944236755,0.1058471053838729,0.2398937791585922,-0.0933955162763595,0.7987863421440125,2.044964551925659,1.2186777591705322,35.0,0.4101354479789734,0.0950829833745956,-0.2899901568889618,1.137309193611145,1.4395853281021118,1.1859241724014282
2,Z,Alan,-0.0118778441101312,-1.5386029481887815,0.3765017986297607,0.4748548567295074,1.3049622774124146,1.2372325658798218,2.940531015396118,10.33346176147461,2.493842601776123,12.0,0.7356666922569275,0.8631466031074524,3.805025577545166,1.3679670095443726,2.7815186977386475,-0.6049803495407104,0.1417535990476608,0.2254871279001236,-0.1081606298685073,0.7742346525192261,2.1715352535247803,1.277887225151062,35.0,0.7038012146949768,0.1555832475423813,-0.3109413981437683,1.4620541334152222,1.0325361490249634,0.934948742389679
2,Z,Alan,0.2396937906742096,-1.3744865655899048,0.4819783568382263,0.7874975204467773,1.4455634355545044,2.182851791381836,3.835010528564453,17.03752326965332,4.228937149047852,16.0,1.0101659297943115,0.8758882284164429,6.15485954284668,1.56447434425354,3.934139013290405,-0.5467788577079773,0.2323031276464462,0.6201522946357727,-0.207533597946167,0.7998058199882507,1.9804383516311648,1.905203342437744,35.0,1.7616082429885864,0.2910264730453491,-0.2284921258687973,2.340583086013794,1.5947445631027222,0.8487091064453125
2,Z,Alan,0.0464911386370658,-1.494129300117493,0.3977221250534057,0.4807213842868805,1.3531302213668823,1.6003170013427734,3.515619993209839,11.230381965637209,2.9316482543945312,17.0,0.993693232536316,0.8764013051986694,4.167228698730469,1.6131184101104736,2.5833373069763184,0.4849210679531097,0.1581828743219375,0.2310930490493774,0.0927137732505798,0.677108108997345,0.9727136492729188,1.1948338747024536,35.0,0.5226618051528931,0.1342115849256515,0.1601727753877639,1.049437165260315,1.109653115272522,0.7537644505500793
2,Z,Alan,0.271843284368515,-1.3705394268035889,0.2026279866695404,0.212500661611557,0.7316608428955078,0.6279418468475342,1.2785614728927612,3.96662163734436,0.9075366854667664,10.0,0.6509548425674438,0.5885521173477173,1.692927002906799,0.7997614145278931,2.1167900562286377,-0.4570120275020599,0.041058100759983,0.0451565310359001,-0.0196782890707254,0.6291640996932983,2.3043136596679688,1.3114947080612185,35.0,0.2210808098316192,0.0671578198671341,-0.1855209618806839,0.4748861491680145,1.0098676681518557,0.9811648726463318
2,Z,Alan,0.0748643204569816,-1.412866234779358,0.2700514793395996,0.3088483214378357,0.8486106991767883,0.8351585268974304,2.076168298721313,7.601575374603271,1.84752893447876,12.0,0.8854789137840271,0.956351399421692,2.6903655529022217,0.8782618641853333,3.063284158706665,0.2335186600685119,0.0729277953505516,0.0953872874379158,0.0194766111671924,0.4216464459896087,1.0469071865081787,1.302576184272766,35.0,0.4184246361255646,0.0935351476073265,-0.2030953019857406,0.9312155842781068,0.9831541180610656,0.8320615291595459
2,Z,Alan,0.1878679543733596,-1.576324462890625,0.2841958105564117,0.1910387873649597,0.8316295146942139,0.8095472455024719,2.3034827709198,19.46003150939941,3.398102283477783,12.0,0.796363890171051,0.8613484501838684,2.7926342487335205,0.8091700673103333,3.45123291015625,-0.425186425447464,0.0807672664523124,0.0364958196878433,-0.0230844020843505,0.7059059143066406,2.738405466079712,1.2879397869110107,35.0,0.3116126954555511,0.1103250607848167,-0.2922628819942474,0.7039952874183655,0.9841538667678832,1.4944673776626587
2,Z,Alan,0.2625360488891601,-1.5184365510940552,0.2627341449260711,0.2952035665512085,0.8593792915344238,0.927416205406189,3.420619010925293,16.683435440063477,4.11569356918335,12.0,0.9909639954566956,0.9770166277885436,3.887430667877197,0.8310554623603821,4.677702903747559,0.2519579827785492,0.0690292343497276,0.0871451497077941,0.0195418782532215,0.4323974549770355,1.0024162530899048,1.1986838579177856,35.0,0.3505359888076782,0.0860405936837196,-0.2541763186454773,1.3660070896148682,1.2910882234573364,1.2254605293273926
2,Z,Alan,0.2458932548761367,-1.3654667139053345,0.3445423543453216,0.3165735900402069,1.1080503463745115,1.1401547193527222,2.693090915679932,10.188014030456545,2.3797104358673096,15.0,0.92583966255188,0.7442225217819214,3.621746778488159,1.0452864170074463,3.464836597442627,-0.0444878712296485,0.1187094375491142,0.1002188399434089,-0.004852426238358,0.1741595119237899,2.8999266624450684,1.3041378259658811,35.0,0.3508583903312683,0.0989873111248016,-0.2321720719337463,0.9899988770484924,1.4210224151611328,1.3679697513580322
2,Z,Alan,0.2157259732484817,-1.4774761199951172,0.2993699014186859,0.3388758301734924,1.1217048168182373,1.3033801317214966,3.1290385723114014,15.696629524230955,3.66869068145752,15.0,1.145904541015625,1.0481126308441162,3.814362525939941,1.2858219146728516,2.966477870941162,-0.327006459236145,0.0896223336458206,0.1148368269205093,-0.0331745482981205,0.515388011932373,2.1746089458465576,1.2092299461364746,35.0,0.376055896282196,0.0958273783326149,-0.3290919363498688,1.1969066858291626,1.3952603340148926,1.516701102256775
2,Z,Alan,-0.1919174790382385,-0.9724447727203368,0.5122476816177368,0.7556595206260681,1.5742740631103516,2.382007360458374,5.022242069244385,25.334903717041016,6.797085762023926,19.0,1.3139532804489136,0.967881679534912,8.190959930419922,1.7116997241973877,4.785278797149658,-0.286129355430603,0.2623976767063141,0.5710212588310242,-0.110756330192089,0.6262048482894897,1.8820641040802,1.5492039918899536,35.0,1.949959397315979,0.5463545322418213,-0.3813153207302093,2.4411606788635254,1.383305549621582,2.058829069137573
2,Z,Alan,-0.4986685514450073,-1.1365010738372805,0.3438085615634918,0.4125120937824249,1.0488182306289673,1.1783065795898438,3.658666849136353,13.99841594696045,3.966409683227539,20.0,1.187838077545166,0.8458141684532166,4.299726963043213,1.0724737644195557,4.009167194366455,-0.2721067368984222,0.1182043328881263,0.1701662391424179,-0.038591593503952,0.487891137599945,2.0599286556243896,1.2357393503189087,35.0,0.42570760846138,0.1308659166097641,-0.3456656336784363,1.1059036254882812,0.8754596710205078,1.3331599235534668
2,Z,Alan,0.2805764377117157,-1.436876654624939,0.2964104115962982,0.2174237370491027,0.8624654412269592,0.9647176861763,2.439622640609741,12.083578109741213,2.8564770221710205,13.0,0.877436101436615,0.7288579344749451,3.1655941009521484,0.6672253012657166,4.744415760040283,-0.2922308444976806,0.0878591313958168,0.0472730807960033,-0.0188333019614219,0.5813165903091431,2.767538785934448,1.3063782453536987,35.0,0.3089011907577514,0.1049357280135154,-0.2444013953208923,0.9584769606590272,1.1134719848632812,1.2432024478912354
2,Z,Alan,0.4291681349277496,-1.4518803358078003,0.2476710826158523,0.2266889065504074,0.7088494300842285,0.7324103116989136,2.0491151809692383,10.00854778289795,2.241864919662476,12.0,0.8365061283111572,0.8023582696914673,2.5332701206207275,0.7902345657348633,3.205719232559204,0.3069728910923004,0.0613409616053104,0.0513878650963306,0.0172347743064165,0.4828556180000305,-2.496746778488159,1.2230850458145142,35.0,0.2325876057147979,0.0683793351054191,-0.0532355457544326,0.6899720430374146,1.136626958847046,1.1207391023635864
2,Z,Alan,0.3412374854087829,-1.4305633306503296,0.2592659294605255,0.2264515310525894,0.9217075109481812,0.807741641998291,2.286407232284546,11.549237251281738,2.368851661682129,17.0,1.188520908355713,0.9781064391136168,3.068520784378052,0.9225730299949646,3.326046705245972,0.0605147182941436,0.0672188252210617,0.0512802973389625,0.0035528899170458,0.2567233145236969,-2.9319047927856445,1.2921983003616333,35.0,0.249610036611557,0.0700522735714912,-0.2153650969266891,0.7686075568199158,1.1478949785232544,1.1964596509933472
2,Z,Alan,0.401230901479721,-1.4684436321258545,0.2327073514461517,0.2161785513162613,0.8614560961723328,1.0752460956573486,2.8620896339416504,20.291784286499023,4.475183963775635,15.0,0.8943821787834167,0.8568732738494873,3.718427419662476,0.6851351857185364,5.427289962768555,-0.094468168914318,0.054152712225914,0.0467331707477569,-0.0047523481771349,0.2135177105665207,2.687599897384644,1.2916697263717651,35.0,0.2536844909191131,0.0706599652767181,-0.1949096471071243,0.5496824979782104,1.2812284231185913,1.1808865070343018
2,Z,Alan,0.3275328576564789,-1.5055664777755735,0.2311712503433227,0.1486335545778274,0.6992278099060059,0.3857989311218261,1.8148823976516724,5.7779316902160645,1.4840956926345823,7.0,0.6615914106369019,0.598609447479248,2.1333770751953125,0.6729580163955688,3.1701488494873047,0.2299558669328689,0.0534401498734951,0.0220919325947761,0.0079012382775545,0.6346092820167542,-2.9081335067749023,1.2004088163375854,35.0,0.1923562139272689,0.0586087964475154,-0.1441809087991714,0.5450653433799744,1.1760284900665283,0.9229464530944824
2,Z,Alan,0.1559032648801803,-1.4661831855773926,0.2650892436504364,0.2094574868679046,0.902386486530304,0.576861560344696,1.904826641082764,7.983775615692139,1.6151928901672363,11.0,0.70857834815979,0.6962683200836182,2.2920708656311035,0.7887820601463318,2.9058353900909424,0.0591425560414791,0.0702723115682601,0.0438724346458911,0.0032838860061019,0.3849268853664398,-3.0196774005889893,1.2137844562530518,35.0,0.2464150637388229,0.0631779432296752,-0.215322807431221,0.5548970699310303,1.3654813766479492,1.2802618741989136
2,Z,Alan,0.2804695963859558,-1.480586290359497,0.2437410801649093,0.1477289795875549,0.6996999382972717,0.47427898645401,1.718549132347107,6.789702415466309,1.3493902683258057,8.0,0.6572412848472595,0.7812924385070801,2.019073009490967,0.6408204436302185,3.1507625579833984,0.2098416686058044,0.0594097152352333,0.0218238532543182,0.0075558996759355,0.6654976010322571,-2.9504518508911133,1.1595455408096311,35.0,0.2240913063287735,0.0621686838567256,-0.1942580044269561,0.5821703672409058,1.0788826942443848,0.9191109538078308
2,Z,Alan,0.4038833081722259,-1.4096816778182983,0.2190257459878921,0.2002917975187301,0.6431796550750732,0.6717477440834045,1.775740623474121,8.371438980102539,1.6413909196853638,6.0,0.5564136505126953,0.4261550903320312,2.161009788513184,0.8347390294075012,2.5888445377349854,0.3051307797431946,0.0479722805321216,0.0401168055832386,0.0133858015760779,0.4810837805271148,-2.498901605606079,1.2406736612319946,35.0,0.1900871098041534,0.0564922764897346,-0.1692934781312942,0.4955550730228424,1.021224021911621,1.0994539260864258
2,Z,Alan,0.1510985344648361,-1.5054996013641355,0.2433618009090423,0.1802565306425094,0.7858672142028809,0.6497535705566406,1.6986669301986694,7.037134170532227,1.3666422367095947,5.0,0.53997403383255,0.6899473667144775,2.380644083023072,0.8318749666213989,2.861781120300293,-0.001244974322617,0.0592249669134616,0.0324924141168594,-5.461397813633084e-05,0.4513759315013885,3.139549732208252,1.2802412509918213,35.0,0.3040587306022644,0.073422186076641,-0.2106749713420868,0.5475892424583435,1.1462070941925049,1.4325684309005735
2,Z,Alan,0.240783616900444,-1.8285181522369385,0.1983611285686493,0.1120912283658981,0.6209299564361572,0.2985210120677948,1.4286742210388184,4.625912189483643,1.1295815706253052,11.0,0.725227415561676,0.7448832392692566,1.8054648637771609,0.4526004195213318,3.989092111587525,0.3351077735424042,0.0393471382558345,0.012564443051815,0.0074509680271148,0.742465615272522,-2.8877203464508057,1.2321070432662964,35.0,0.1623732447624206,0.0543318465352058,-0.1442374438047409,0.5105913281440735,1.0465614795684814,1.0069736242294312
2,Z,Alan,0.4318311512470245,-1.6365033388137815,0.1965768188238144,0.1200033500790596,0.7412575483322144,0.3387166857719421,1.3942993879318235,8.651071548461914,1.575060248374939,10.0,0.8718791007995605,0.9238287806510924,1.7468332052230835,0.521200954914093,3.3515541553497314,0.2199142128229141,0.0386424474418163,0.0144008034840226,0.0051877489313483,0.6640989780426025,-2.9393868446350098,1.2567464113235474,35.0,0.2212381809949875,0.0570788495242595,-0.1387183517217636,0.5501061677932739,1.2870748043060305,1.087654948234558
2,Z,Alan,0.2966580688953399,-1.6489132642745972,0.1911246478557586,0.1302681416273117,0.579710066318512,0.4457948207855224,1.4734749794006348,6.055887222290039,1.4110738039016724,9.0,0.6853064298629761,0.6487876176834106,1.8181936740875244,0.5820131301879883,3.123973608016968,0.1769713014364242,0.0365286320447921,0.0169697869569063,0.0044061345979571,0.5724389553070068,-2.929936408996582,1.2295875549316406,35.0,0.2401196658611297,0.0531438887119293,-0.17779640853405,0.5964261889457703,1.0248260498046875,1.0550737380981443
2,Z,Alan,0.101151056587696,-1.56084942817688,0.3716427981853485,0.2517237663269043,1.177746295928955,0.9347548484802246,2.58042573928833,17.335586547851562,3.817767143249512,12.0,0.8339962959289551,0.818854808807373,3.3537654876708984,1.122481346130371,2.987813949584961,-0.3884972035884857,0.1381183713674545,0.0633648559451103,-0.0363444276154041,0.6820434927940369,2.755894660949707,1.2947181463241575,35.0,0.3672887682914734,0.1134300753474235,-0.3495288491249084,0.5778834819793701,1.4781103134155271,1.7176300287246704
2,Z,Alan,0.3559081554412842,-1.6966103315353394,0.2210185378789901,0.1295702457427978,0.9950159788131714,0.375881016254425,1.547712802886963,5.514214515686035,1.176914930343628,6.0,0.7206160426139832,0.8652089834213257,2.335689783096313,0.8824295401573181,2.646885395050049,0.4847568869590759,0.0488491915166378,0.0167884491384029,0.0138821899890899,0.7850431799888611,-2.7847397327423096,1.29980731010437,35.0,0.3230287432670593,0.0664928704500198,-0.3230287432670593,0.5559054017066956,1.5405017137527466,1.383271098136902
2,Z,Alan,-0.4873046875,-1.5489463806152344,0.219641163945198,0.3784123361110687,0.7640723586082458,1.0466673374176023,1.9358174800872805,5.919069290161133,1.5680755376815796,19.0,1.0815842151641846,0.7414682507514954,2.820955753326416,0.895012617111206,3.151861429214477,0.0574626214802265,0.0482422411441803,0.1431958824396133,0.0047760014422237,0.665336549282074,1.5206667184829712,1.326099514961243,35.0,0.3465643525123596,0.0913402885198593,-0.225528672337532,0.6785255074501038,0.9533191919326782,1.2769181728363037
2,Z,Alan,-0.5795199871063232,-1.520973801612854,0.1742113381624221,0.1785826683044433,0.5611351728439331,0.4794144332408905,1.1521421670913696,3.7682950496673584,0.8796504735946655,14.0,0.8603825569152832,0.7304733991622925,1.4162981510162354,0.6810486912727356,2.0795841217041016,-0.5577169060707092,0.0303495917469263,0.0318917669355869,-0.0173512008041143,0.7163820266723633,2.333989143371582,1.2701694965362549,35.0,0.2241961061954498,0.0660225823521614,-0.2038665562868118,0.4248871207237243,0.9061501026153564,0.9868385791778564
2,Z,Alan,-0.465298056602478,-1.6028282642364502,0.2183449566364288,0.1878740042448043,0.6513766050338745,0.4868673682212829,1.4466559886932373,6.715371608734131,1.5379791259765625,21.0,1.3326164484024048,0.991848349571228,2.2144482135772705,0.6728110909461975,3.291337251663208,-0.2737719416618347,0.0476745180785656,0.0352966450154781,-0.0112304929643869,0.4722247421741485,2.608031749725342,1.3312413692474363,35.0,0.3281830251216888,0.0967972949147224,-0.2560711503028869,0.5936523675918579,0.7420571446418762,1.4624836444854736
2,Z,Alan,0.2243799567222595,-1.3946059942245483,0.3276648819446563,0.1571255028247833,0.8993814587593079,0.4973141551017761,1.846636652946472,12.332568168640137,2.6811139583587646,18.0,1.197523832321167,1.0291935205459597,2.590744972229004,0.8084691762924194,3.2045066356658936,-0.6391490697860718,0.1073642820119857,0.0246884208172559,-0.032906275242567,0.8890287280082703,2.805434465408325,1.3848333358764648,35.0,0.3713879287242889,0.127243310213089,-0.2839668989181518,0.4802229106426239,1.0068756341934204,1.4888665676116943
2,Z,Alan,0.3877494037151336,-1.417507529258728,0.2447586059570312,0.2373727113008499,0.7240297794342041,0.9647083878517152,2.268628120422364,21.85856437683105,3.832303524017334,13.0,0.8353179097175598,0.857825517654419,2.6972110271453857,0.8238552212715149,3.273889541625977,-0.2206210941076278,0.0599067769944667,0.0563458055257797,-0.0128178680315613,0.3641886115074157,2.425206184387207,1.2160067558288574,35.0,0.4571609199047088,0.1014974042773246,-0.2400112003087997,0.7537623047828674,1.1461992263793943,1.322268843650818
2,Z,Alan,0.3694541156291961,-1.30699622631073,0.2863957583904266,0.2957708239555359,1.1346296072006226,1.1100784540176392,2.763420343399048,20.600805282592773,3.91713809967041,17.0,1.029077410697937,0.8644095659255981,3.817342758178711,0.8578470349311829,4.449910640716553,-0.5209890604019165,0.082022525370121,0.0874803736805915,-0.0441316850483417,0.6856921911239624,2.3253159523010254,1.2867250442504885,35.0,0.4209456741809845,0.0836560279130935,-0.324641078710556,1.1462174654006958,1.2502257823944092,1.321980357170105
2,Z,Alan,0.2969434857368469,-1.7608838081359863,0.2253373712301254,0.1186087504029274,0.7345587015151978,0.3499217331409454,1.775703191757202,9.38494873046875,1.8961453437805176,12.0,0.8621669411659241,0.8398542404174805,2.219602108001709,0.6822885870933533,3.2531721591949463,-0.058396577835083,0.0507769286632537,0.014068036340177,-0.0015607643872499,0.7246081233024597,3.099177360534668,1.248972773551941,35.0,0.36696457862854,0.0913211926817894,-0.2598735094070434,0.6899449229240417,0.938695192337036,1.2763042449951172
2,Z,Alan,0.086485855281353,-1.76655113697052,0.2874505817890167,0.1252503246068954,1.1977124214172363,0.4459116458892822,1.866063356399536,6.131394863128662,1.7538156509399414,15.0,0.9003434777259827,0.7540911436080933,2.49561095237732,1.096462607383728,2.2760565280914307,-0.4761247932910919,0.0826278403401374,0.0156876426190137,-0.0171420536935329,0.8668400645256042,2.90492844581604,1.2904138565063477,35.0,0.4244769811630249,0.0994416251778602,-0.4080930352210998,0.697383463382721,1.6478832960128784,1.734147548675537
2,Z,Alan,0.1561265587806701,-1.4800796508789062,0.3787067532539367,0.1670450121164322,1.0961288213729858,0.5966233015060425,1.864670753479004,6.848167419433594,1.459486961364746,12.0,0.7379071116447449,0.665431797504425,2.737748861312866,1.0376006364822388,2.638538122177124,-0.3465771079063415,0.1434187889099121,0.0279040355235338,-0.0219248384237289,0.8380178809165955,2.960192918777466,1.3667118549346924,35.0,0.3817315101623535,0.1174362897872924,-0.3193574845790863,0.8290889263153076,1.3852919340133667,1.1978232860565186
2,Z,Alan,0.3562400639057159,-1.5159143209457395,0.2114794999361038,0.1123580336570739,0.6693480014801025,0.4201595485210418,1.6670771837234497,6.758299350738525,1.4566410779953003,13.0,0.8005316257476807,0.7973477840423584,2.169605731964112,0.5698910355567932,3.807053327560425,0.3976138830184936,0.0447235815227031,0.0126243280246853,0.0094478707760572,0.787517786026001,-2.87557053565979,1.2856004238128662,35.0,0.323375254869461,0.0729079246520996,-0.3051847219467163,0.501487672328949,1.23000168800354,1.1224955320358276
2,Z,Alan,0.2619152665138244,-1.7319172620773315,0.1655361652374267,0.1045303866267204,0.5380830764770508,0.3143349289894104,1.126721739768982,3.3618013858795166,0.9684265851974488,14.0,0.8827635049819946,0.8320909142494202,1.441590666770935,0.3053570985794067,4.720999717712402,0.5066912770271301,0.0274022240191698,0.0109266024082899,0.008767562918365,0.7713096141815186,-2.7333226203918457,1.2761404514312744,35.0,0.1446656882762909,0.0479688197374343,-0.1130643710494041,0.379895806312561,0.9417149424552916,1.19248366355896
2,Z,Alan,0.4343697428703308,-1.409982681274414,0.3096652030944824,0.2478319555521011,0.986989974975586,1.1259119510650637,2.7344212532043457,23.535457611083984,4.261950492858887,15.0,0.7634804248809814,0.6833040118217468,3.352594375610352,1.082384467124939,3.0974154472351074,-0.5885425806045532,0.0958925411105156,0.0614206790924072,-0.0451676622033119,0.7613244652748108,2.538466215133667,1.248376488685608,35.0,0.2705323100090027,0.0766669139266014,-0.2142747044563293,0.6971923112869263,1.458893060684204,1.0401058197021484
2,Z,Alan,0.2918339967727661,-1.642131209373474,0.2197275906801223,0.1239385828375816,0.6574122309684753,0.3663459122180938,1.4150450229644775,7.90462064743042,1.4589942693710327,12.0,0.9159042239189148,1.0198508501052856,1.840323090553284,0.6047250032424927,3.04323959350586,-0.1436261236667633,0.0482802130281925,0.0153607716783881,-0.0039113308303058,0.6942374110221863,3.0249409675598145,1.3009490966796875,35.0,0.1779337078332901,0.0566281713545322,-0.1338420212268829,0.4065808653831482,1.1021146774291992,1.0731711387634275
2,Z,Alan,0.2662542164325714,-1.4928407669067385,0.256408542394638,0.283362478017807,0.7766233682632446,1.1109377145767212,2.256321430206299,18.686080932617188,3.1027612686157227,16.0,1.009913682937622,0.9169653654098512,2.853210926055908,0.9874603748321532,2.889443635940552,-0.004814394749701,0.0657453387975692,0.0802942886948585,-0.0003497973375488,0.1813857406377792,1.5948206186294556,1.2835348844528198,35.0,0.2792883515357971,0.0689906999468803,-0.0529293604195117,0.7551727890968323,1.0046147108078003,1.1392412185668943
2,Z,Alan,0.0820004716515541,-1.832202434539795,0.3049340546131134,0.579198956489563,1.0396862030029297,2.546237230300904,3.3059372901916504,21.55852699279785,4.021695137023926,7.0,0.5430671572685242,0.5491019487380981,5.25155782699585,1.2794520854949951,4.104536533355713,0.0995226949453353,0.0929847881197929,0.3354714512825012,0.0175774507224559,0.7276310324668884,1.498809576034546,1.8546282052993768,35.0,2.0946531295776367,0.443537563085556,-1.1584041118621826,1.129919171333313,0.8596945405006409,0.8831139206886292
2,Z,Alan,0.1799972504377365,-1.7063496112823486,0.2478586584329605,0.1909523755311966,0.933512806892395,0.6679127216339111,2.134955406188965,12.24389362335205,2.2594478130340576,9.0,0.6456778645515442,0.6063418984413147,2.579669952392578,1.0747895240783691,2.400162935256958,-0.001419358421117,0.0614339150488376,0.0364628061652183,-6.717709766235203e-05,0.4064757525920868,3.138902425765991,1.2175798416137695,35.0,0.2340780347585678,0.0574927553534507,-0.205833688378334,0.6758121848106384,0.7853138446807861,0.8325695395469666
2,Z,Alan,0.0731225609779357,-1.5815199613571167,0.2098870426416397,0.2821307778358459,0.6424254179000854,0.9822594523429872,1.7318181991577148,6.5098795890808105,1.354493498802185,12.0,0.8258081674575806,0.8810046911239624,2.0540030002593994,0.9848641753196716,2.0855698585510254,0.2409636527299881,0.0440525710582733,0.0795977786183357,0.0142688062041997,0.5387044548988342,1.232556939125061,1.2000466585159302,35.0,0.2127040922641754,0.0570924915373325,0.0601252242922782,0.7039374709129333,0.7962973713874817,0.604938805103302
2,Z,Alan,-0.0453368425369262,-1.7163655757904053,0.2789396345615387,0.1679916232824325,0.8694843053817749,0.6067037582397461,1.629615068435669,8.288900375366211,1.6594146490097046,10.0,0.5798110365867615,0.5762317180633545,2.396665334701538,1.010031819343567,2.37286114692688,-0.4613738059997558,0.0778073146939277,0.0282211881130933,-0.0216197557747364,0.7658143639564514,2.783026218414306,1.3329554796218872,35.0,0.3297899067401886,0.0864793211221695,-0.2807758152484894,0.4891776144504547,1.1741046905517578,1.400422215461731
2,Z,Alan,0.0274726524949073,-1.3163186311721802,0.2548885941505432,1.1859701871871948,1.0887069702148438,3.3178751468658447,10.555219650268556,60.25019073486328,14.486677169799805,16.0,1.104130744934082,0.9455975890159608,15.75055694580078,1.2454447746276855,12.64653205871582,0.187236413359642,0.0649681910872459,1.4065252542495728,0.0565997436642646,0.9555794596672058,1.528706431388855,1.4917473793029783,35.0,1.4859110116958618,0.4448422193527221,-0.0048665036447346,4.007933616638184,1.9558442831039429,2.2440783977508545
2,Z,Alan,-0.461574912071228,-1.2958556413650513,0.4066290557384491,0.8194970488548279,1.3064475059509275,2.608130931854248,8.089010238647461,40.587432861328125,10.62123966217041,20.0,1.319574952125549,0.899387001991272,10.869847297668455,2.3208765983581543,4.683509349822998,0.4440537989139557,0.1653471887111663,0.6715754270553589,0.1479726284742355,0.8239773511886597,1.306283712387085,1.4042142629623413,35.0,1.3989053964614868,0.2481714487075805,0.9982446432113647,2.7302591800689697,1.639682054519653,1.6113606691360474
2,Z,Alan,-0.5469516515731812,-1.553699612617493,0.2707029283046722,0.5623993277549744,0.7914044260978699,2.3349053859710693,2.9081907272338867,20.22087478637696,4.440441608428955,20.0,1.3885678052902222,0.9656885862350464,5.138338088989258,1.0934832096099854,4.699055671691895,0.7213679552078247,0.0732800737023353,0.3162930011749267,0.1098233237862587,0.913536548614502,1.2033278942108154,1.3448951244354248,35.0,2.167754411697388,0.352755606174469,-0.0018765270942822,2.6033875942230225,1.4041115045547483,0.9641858339309692
2,Z,Alan,-0.2007722407579422,-1.3767120838165283,0.3149318993091583,0.8926653265953064,0.9166607856750488,3.027820348739624,4.622103691101074,31.77276611328125,7.455065727233887,17.0,1.1321814060211182,0.9956443309783936,8.15487289428711,1.209605693817139,6.741761207580566,0.0039721140637993,0.0991821065545082,0.7968513369560242,0.0011166755575686,0.8755350112915039,1.5691957473754885,1.4523173570632937,35.0,2.9513087272644043,0.4770877361297607,-0.2013733088970184,2.85183048248291,1.4197258949279783,1.1957976818084717
2,Z,Alan,0.129996195435524,-1.5624605417251587,0.3228149712085724,0.6748649477958679,0.8651357293128967,2.559283494949341,5.129026889801025,23.387582778930664,6.874480724334717,18.0,1.2316126823425293,1.0090316534042358,7.297968864440918,1.2853519916534424,5.677797794342041,-0.0475064218044281,0.1042095124721527,0.4554426968097687,-0.0103495828807353,0.7720122933387756,1.6002286672592163,1.2861669063568115,35.0,1.7151297330856323,0.378968596458435,0.0055162897333502,2.725602865219116,1.55278217792511,1.539531946182251
2,Z,Alan,-0.425515353679657,-1.3915534019470217,0.2566762566566467,0.4847925305366516,0.762801468372345,2.098355531692505,3.156735420227051,27.592079162597656,6.248825550079346,13.0,1.04533052444458,0.959823727607727,4.89472246170044,1.328466773033142,3.684490203857422,-0.0657587125897407,0.0658826977014541,0.2350237965583801,-0.0081826671957969,0.7218243479728699,1.6190239191055298,1.2909910678863523,35.0,0.6464772820472717,0.1272270232439041,0.0336086712777614,0.8183934688568115,0.6725005507469177,1.031447410583496
2,Z,Alan,-0.3871051669120788,-1.5727031230926514,0.3163821399211883,0.4476799368858337,0.8205434083938599,1.304708480834961,2.394766092300415,10.015059471130373,2.4126670360565186,14.0,1.0658079385757446,0.8443291187286377,3.5192739963531494,1.1623470783233645,3.027730703353882,-0.4836405813694,0.10009765625,0.2004173249006271,-0.0685018524527549,0.7220853567123413,2.040175676345825,1.3771772384643557,35.0,0.3845918476581573,0.1337017565965652,-0.3708255290985107,0.8558169603347778,0.9277185797691344,0.9240134358406068
2,Z,Alan,-0.3467815220355987,-1.46652352809906,0.2835285365581512,0.4897255599498749,0.8291277289390564,1.684226393699646,3.692816972732544,28.55742645263672,5.036763668060303,14.0,0.8749025464057922,0.8667887449264526,4.521700382232666,0.9905940890312196,4.564634799957275,-0.324513703584671,0.0803884342312812,0.2398311197757721,-0.0450591072440147,0.7276914119720459,1.8280181884765625,1.2356568574905396,35.0,0.3621827363967895,0.1226080954074859,-0.3186297714710235,0.9702746272087096,0.9082636833190918,0.9915055632591248
2,Z,Alan,0.1184687688946724,-1.5356478691101074,0.4177215993404388,0.5248964428901672,1.279247760772705,1.7550219297409058,4.052863597869873,15.287035942077637,4.105271339416504,20.0,1.236857771873474,0.9206356406211852,5.12353515625,1.350900650024414,3.792680740356445,-0.3888252079486847,0.1744913309812545,0.2755162417888641,-0.0852540358901023,0.6115097999572754,2.088753700256348,1.2690552473068235,35.0,0.6832472085952759,0.1656751781702041,-0.2622031569480896,1.7066516876220703,1.4723700284957886,1.52187180519104
2,Z,Alan,0.2345705777406692,-1.7193537950515747,0.3776234984397888,0.2367253452539444,1.2080975770950315,0.829508900642395,1.909311294555664,7.788505554199219,1.6841464042663574,11.0,0.56500244140625,0.5015291571617126,2.9611306190490723,1.4466084241867063,2.0469470024108887,-0.6477437615394592,0.1425995081663131,0.05603888630867,-0.0579037927091121,0.8425045013427734,2.677128791809082,1.3083219528198242,35.0,0.5161435604095459,0.1417172253131866,-0.5161435604095459,0.6147794127464294,1.4137630462646484,1.5375689268112185
2,Z,Alan,-0.074369840323925,-1.139479160308838,0.5942983031272888,0.8278459906578064,1.931515097618103,2.439227104187012,11.809597969055176,46.57468032836914,13.38703441619873,26.0,1.7838695049285889,0.9470985531806946,15.854897499084473,1.709170699119568,9.276369094848633,-0.3815195262432098,0.3531904816627502,0.6853289604187012,-0.1877028346061706,0.6510661244392395,1.994032979011536,1.411460518836975,35.0,2.020506858825684,0.3590391278266907,-0.3454945981502533,3.1781527996063232,1.9217382669448853,1.882705569267273
2,Z,Alan,-0.2501294016838074,-1.7092063426971436,0.3280277252197265,0.6438271999359131,1.1513680219650269,2.619723558425904,5.742133617401123,27.73624420166016,7.595417022705078,17.0,1.099938154220581,0.8231676816940308,8.247063636779785,0.948608934879303,8.693849563598633,0.0635578483343124,0.1076021939516067,0.4145134687423706,0.0134229846298694,0.7421913146972656,1.527171611785889,1.343535542488098,35.0,1.4692251682281494,0.2662829160690307,-0.1994934380054474,2.562297344207764,1.2759580612182615,1.3662848472595217
2,Z,Alan,0.0047804708592593,-1.8084088563919067,0.3634107410907745,0.2151393741369247,1.1229028701782229,0.6223649382591248,1.859325170516968,6.552094459533691,1.299195647239685,7.0,0.5098431706428528,0.5205650925636292,2.75225567817688,1.1061019897460938,2.4882476329803467,-0.4519211053848266,0.1320673674345016,0.0462849475443363,-0.0353329814970493,0.7678307890892029,2.79705548286438,1.3075361251831057,35.0,0.3915053009986877,0.1205840706825256,-0.3499146401882171,0.667121171951294,1.202639937400818,1.1574053764343262
2,Z,Alan,0.1789956092834472,-1.809652090072632,0.2541380226612091,0.1344262212514877,0.9202821850776672,0.4544778168201446,1.7787013053894043,7.290270805358887,1.5639495849609375,11.0,0.7601004242897034,0.892953097820282,2.520059108734131,0.903745710849762,2.788460493087769,-0.2071482241153717,0.0645861253142356,0.0180704109370708,-0.0070767663419246,0.7407392263412476,2.993906021118164,1.2650331258773804,35.0,0.365757942199707,0.083601988852024,-0.3142976760864258,0.5649052858352661,1.1643333435058594,1.3547617197036743
2,Z,Alan,0.0770568326115608,-1.5436846017837524,0.3220167160034179,1.0287460088729858,1.1304869651794434,3.1865756511688232,8.245556831359863,55.99385833740234,12.66658878326416,17.0,1.25051748752594,1.0037707090377808,11.94935417175293,2.120322704315185,5.635630130767822,-0.2057672888040542,0.103694774210453,1.0583183765411377,-0.0681652352213859,0.9070206880569458,1.6417220830917358,1.3593817949295044,35.0,1.4786003828048706,0.3135817348957062,-0.3030680418014526,1.9394679069519043,1.7338427305221558,1.5096501111984253
2,Z,Alan,-0.0346491299569606,-1.5559898614883425,0.2205315828323364,0.4373188018798828,0.6319107413291931,1.2146456241607666,2.260092258453369,9.491008758544922,2.3780980110168457,17.0,1.2372242212295532,1.0698137283325195,2.92765212059021,1.157470464706421,2.529353618621826,-0.3410050272941589,0.0486341789364814,0.1912477314472198,-0.0328874140977859,0.7913220524787903,1.7868648767471311,1.2872631549835205,35.0,0.1947909891605377,0.0509780906140804,-0.0272972658276557,0.5529413223266602,0.9585686922073364,0.950391948223114
2,Z,Alan,0.1231328547000885,-1.742716908454895,0.3423207700252533,0.2811058163642883,1.094294190406799,0.7791208624839783,2.3762035369873047,8.23169994354248,1.7505123615264893,10.0,0.7106271386146545,0.7296364307403564,3.023237943649292,1.129326105117798,2.677028179168701,-0.5556398630142212,0.1171835213899612,0.0790204852819442,-0.0534683167934417,0.7331310510635376,2.527587652206421,1.2515228986740112,35.0,0.3796021342277527,0.1189267411828041,-0.330296903848648,0.9494760632514954,1.303276538848877,1.1465463638305664
2,Z,Alan,0.0147073725238442,-1.8416342735290527,0.2958166897296905,0.1795028448104858,1.1231757402420044,0.4969502389431,2.0338244438171387,9.513177871704102,1.8935394287109373,8.0,0.6424310803413391,0.8235924243927002,2.5707650184631348,1.0017430782318115,2.5662918090820312,-0.2344725579023361,0.0875075086951255,0.0322212725877761,-0.0124504789710044,0.6723647117614746,2.9299991130828857,1.2783668041229248,35.0,0.3925381600856781,0.0961616188287735,-0.3783573806285858,0.7865633368492126,1.1403720378875732,1.28359854221344
2,Z,Alan,0.1767992526292801,-1.728547215461731,0.2427581250667572,0.4988726377487182,0.9556455016136168,1.9162349700927728,2.4373972415924072,9.526905059814451,2.6150262355804443,19.0,1.0725195407867432,0.7750702500343323,3.127393960952759,2.1377315521240234,1.4629497528076172,-0.739499568939209,0.0589315108954906,0.2488739192485809,-0.0895573794841766,0.9178556799888612,1.948830246925354,1.279422640800476,35.0,0.2465763837099075,0.0546947717666626,-0.1376062333583831,0.7214138507843018,1.34125018119812,1.1935880184173584
2,Z,Alan,-0.4783698916435241,-1.7620376348495483,0.2304021418094635,0.1955990046262741,0.808313250541687,0.5753645896911621,1.4796452522277832,3.577406644821167,0.8180146813392639,10.0,0.697313666343689,0.8691853284835815,1.9232004880905151,0.9325587153434752,2.062283515930176,-0.712772011756897,0.0530851483345031,0.0382589697837829,-0.0321220904588699,0.8384292721748352,2.469598293304444,1.2779686450958252,35.0,0.3744704127311706,0.0988472774624824,-0.3573060631752014,0.5086849927902222,0.8623623847961426,1.086930274963379
2,Z,Alan,-0.6312863230705261,-1.4802745580673218,0.3848587572574615,0.6278138160705566,1.108319878578186,2.4532811641693115,5.082871913909912,34.847530364990234,8.242711067199707,17.0,0.9077739715576172,0.8156904578208923,7.523523807525635,1.2096830606460571,6.219417572021484,-0.1879140585660934,0.148116260766983,0.3941501379013061,-0.0454037226736545,0.6519559621810913,1.7475837469100952,1.3106354475021362,35.0,1.1293929815292358,0.2264733016490936,-0.5145256519317627,1.7333868741989136,0.8501630425453186,1.2440507411956787
2,Z,Alan,0.1573056280612945,-1.523396134376526,0.5439379811286926,0.4903140068054199,1.6925280094146729,1.910986065864563,4.3028340339660645,34.60293197631836,6.080833911895752,17.0,1.0604296922683716,0.8406407237052917,5.917246341705322,1.6981825828552246,3.484458446502685,-0.3960785269737243,0.2958685457706451,0.2404078245162964,-0.1056343093514442,0.5788418650627136,2.4845547676086426,1.3159927129745483,35.0,1.2280306816101074,0.3251708447933197,-0.4876751899719238,2.426121950149536,1.8792073726654053,1.1752066612243652
2,Z,Alan,0.0807216465473175,-1.7623388767242432,0.2315188944339752,0.1784663647413253,0.7598057985305786,0.473103404045105,1.732268214225769,4.976988792419434,1.2238448858261108,9.0,0.6683502793312073,0.7256744503974915,2.24721908569336,0.8422220945358276,2.6682024002075195,-0.2974452674388885,0.053601000458002,0.0318502448499202,-0.0122899431735277,0.5550166368484497,2.7183995246887207,1.2680859565734863,35.0,0.2352068126201629,0.0718483179807663,-0.2154611200094223,0.4969809651374817,0.9496116042137146,0.9827269315719604
2,Z,Alan,0.1892865896224975,-1.7365374565124512,0.2742997705936432,0.19947549700737,0.72862309217453,0.6686797142028809,1.468686819076538,4.445570945739746,1.2468690872192385,13.0,1.007578730583191,0.9573595523834229,1.7878057956695557,0.6265389323234558,2.8534631729125977,-0.0741332173347473,0.075240358710289,0.0397904776036739,-0.0040562790818512,0.4804093539714813,3.029106616973877,1.1990690231323242,35.0,0.2477095425128936,0.0929963588714599,-0.0641701519489288,0.489983469247818,0.8224405646324158,1.0537593364715576
2,Z,Alan,0.120466910302639,-1.754024624824524,0.2837058305740356,0.3005300760269165,0.9244204163551332,0.8344454169273376,2.1481034755706787,8.765915870666504,2.2302825450897217,14.0,0.8665745854377747,0.833136260509491,2.676727533340454,1.073523759841919,2.493403196334839,-0.3188683986663818,0.0804890021681785,0.0903183221817016,-0.0271874014288187,0.4888547360897064,2.266775369644165,1.2483550310134888,35.0,0.4492910206317901,0.1054418981075286,-0.2943494319915771,1.0521321296691897,1.0874298810958862,1.0801690816879272
2,Z,Alan,-0.2403981983661651,-1.8014389276504517,0.3660652339458465,0.3629292249679565,1.089050054550171,1.0067346096038818,2.4325318336486816,6.973668098449707,1.842379570007324,18.0,1.0867702960968018,0.9354248046875,3.240391492843628,1.256011962890625,2.5799050331115723,-0.2858781218528747,0.1340037584304809,0.1317176073789596,-0.0379805602133274,0.44478639960289,2.3712382316589355,1.3277236223220823,35.0,0.5032703876495361,0.1613212674856186,-0.4500361680984497,1.1083818674087524,1.4405208826065063,1.097658395767212
2,Z,Alan,0.0724279284477233,-1.6677342653274536,0.2505677938461303,0.2250085473060608,0.8344948887825012,0.6421059966087341,1.682275891304016,7.053878784179688,1.4446755647659302,9.0,0.7464293241500854,0.852808952331543,2.117395162582397,0.9447627067565918,2.241192579269409,-0.588467538356781,0.0627842172980308,0.0506288483738899,-0.0331777371466159,0.7459349632263184,2.44678282737732,1.2844477891921997,35.0,0.3052157163619995,0.0843681171536445,-0.2814861536026001,0.6175867319107056,0.9438035488128662,1.027177095413208
2,Z,Alan,-0.1151462420821189,-1.654551982879639,0.3219858705997467,0.6025956869125366,0.9724725484848022,1.965182423591613,4.588883399963379,27.88682174682617,6.447396755218506,19.0,1.2271342277526855,0.9048138856887816,6.115475177764893,1.2134857177734375,5.0395941734313965,-0.2823449075222015,0.103674903512001,0.3631215691566467,-0.0547826215624809,0.7525972127914429,1.7705886363983154,1.3108872175216677,35.0,0.540571391582489,0.1334999203681945,-0.312834084033966,1.2208573818206787,1.223732352256775,1.290505051612854
2,Z,Alan,-0.5040251016616821,-1.6052106618881226,0.3053686022758484,0.3568416833877563,0.8043042421340942,1.0625953674316406,2.196818351745605,24.31834602355957,4.185057640075684,13.0,0.9383649826049804,0.822661817073822,2.698122262954712,1.052064061164856,2.56459903717041,-0.5055840015411377,0.0932499766349792,0.1273359805345535,-0.0550925992429256,0.6866873502731323,2.2061872482299805,1.2524354457855225,35.0,0.3857839107513428,0.1365911066532135,-0.3643369376659393,0.7731677889823914,1.1071364879608154,0.7428417801856995
2,Z,Alan,-0.24543297290802,-1.8184772729873653,0.2526642978191376,0.4988494515419006,0.7862792015075684,2.082212209701538,3.5549540519714355,23.239953994750977,4.94901180267334,14.0,1.0783628225326538,0.951287567615509,5.095837593078613,0.9297954440116882,5.480600833892822,-0.2743717133998871,0.063839241862297,0.2488507777452469,-0.0345822051167488,0.7742623090744019,1.749672293663025,1.2661131620407104,35.0,0.4260912239551544,0.1171827390789985,-0.2911942303180694,1.0953718423843384,1.4180718660354614,1.0270342826843262
2,Z,Alan,0.125432088971138,-1.6831625699996948,0.2031040787696838,0.2241261601448059,0.6286011934280396,0.988752543926239,2.395358085632324,13.497358322143556,3.16386342048645,17.0,1.0431981086730957,0.8318986892700195,2.9362213611602783,0.685016393661499,4.286351680755615,0.0031522663775831,0.0412512682378292,0.0502325370907783,0.0001434941223124,0.1788769513368606,1.554824709892273,1.1867449283599854,35.0,0.2036162614822387,0.0573485195636749,-0.1176005899906158,0.8820635080337524,0.7932272553443909,0.939660370349884
2,Z,Alan,0.0819314792752265,-1.6222302913665771,0.3112662136554718,0.5070766806602478,0.9944905638694764,1.989010214805603,3.557264804840088,29.619707107543945,6.297821998596191,17.0,0.9947653412818908,0.9243510365486144,4.784056186676025,1.290327072143555,3.707630395889282,-0.4609841704368591,0.0968866497278213,0.2571267485618591,-0.0727598220109939,0.7588680386543274,1.939442038536072,1.3121556043624878,35.0,0.9855207204818726,0.1896401345729828,-0.4110580086708069,1.4896763563156128,1.1657060384750366,1.5474680662155151
2,Z,Alan,0.0516158379614353,-1.7617835998535156,0.1912386864423751,0.3753474354743957,0.5807616710662842,1.057052731513977,1.835294246673584,10.139927864074709,2.239973545074463,18.0,1.1421756744384766,0.8972630500793457,2.091778039932251,1.050469994544983,1.991278290748596,0.3962914049625397,0.0365722365677356,0.1408856958150863,0.0284461714327335,0.8020820617675781,1.3211448192596436,1.213645577430725,35.0,0.2478778511285781,0.0728272348642349,0.1401411741971969,0.6202034950256348,1.1885641813278198,1.0140057802200315
2,Z,Alan,0.1149583384394645,-1.6217080354690552,0.2694436907768249,0.2315413802862167,1.0447146892547607,0.9275625944137572,2.9501521587371826,22.49538803100586,4.477024078369141,15.0,1.0654674768447876,0.9744024276733398,3.367691993713379,1.0348728895187378,3.254208564758301,-0.4046850800514221,0.0725999027490615,0.0536114126443862,-0.0252472348511219,0.5988826155662537,2.5360403060913086,1.1941934823989868,35.0,0.3263826072216034,0.0826570391654968,-0.2848238050937652,1.054157853126526,1.1560750007629397,1.1648656129837036
2,Z,Alan,-0.2203770577907562,-1.77875554561615,0.3290688693523407,0.5203231573104858,0.9345889687538148,2.3319649696350098,4.150847434997559,40.98394775390625,8.529415130615234,24.0,1.4569764137268066,0.9347538352012634,6.239536762237549,1.0218664407730105,6.106019496917725,-0.1873251646757125,0.108286328613758,0.2707362174987793,-0.0320742204785347,0.6308950781822205,1.7588393688201904,1.330960392951965,35.0,0.6056236028671265,0.1314307898283004,-0.2868385016918182,1.2260886430740356,1.3151512145996094,1.058132886886597
2,Z,Alan,0.1898195445537567,-1.64475417137146,0.320293664932251,0.20786699652671814,1.0221315622329712,0.8845223784446716,3.1735165119171143,24.029600143432617,4.601714611053467,12.0,0.8284425735473633,0.8693723082542419,3.517374277114868,1.0642021894454956,3.3051748275756836,-0.3655201494693756,0.10258802771568298,0.04320869222283363,-0.024335777387022972,0.6899062991142273,2.7982821464538574,1.1869306564331055,35.0,0.4019758105278015,0.11185874789953232,-0.3752704858779907,1.2633416652679443,1.255674958229065,1.0321147441864014
