label,persona,mano,x0,y0,z0,x1,y1,z1,x2,y2,z2,x3,y3,z3,x4,y4,z4,x5,y5,z5,x6,y6,z6,x7,y7,z7,x8,y8,z8,x9,y9,z9,x10,y10,z10,x11,y11,z11,x12,y12,z12,x13,y13,z13,x14,y14,z14,x15,y15,z15,x16,y16,z16,x17,y17,z17,x18,y18,z18,x19,y19,z19,x20,y20,z20
J,Cristhian,Right,0.0,0.0,0.0,0.116167225,-0.09936512,-0.019540893,0.1886926,-0.2500486,-0.021895992,0.25049838,-0.35727274,-0.031040937,0.293942,-0.44734526,-0.039242078,0.044594698,-0.49531114,0.03791291,0.075017296,-0.68819106,0.005855923,0.108541526,-0.8245607,-0.031154942,0.1345508,-0.94072396,-0.057922173,0.014152395,-0.49397415,0.014788107,0.04830935,-0.7007685,-0.01369344,0.08298248,-0.85539025,-0.051661782,0.11298425,-0.9935968,-0.07964527,-0.015923081,-0.47857648,-0.018286033,0.019396445,-0.6752067,-0.049376212,0.05992311,-0.8138787,-0.07392543,0.09397628,-0.9294581,-0.088463366,-0.043529075,-0.45020446,-0.05684512,-0.012225293,-0.6178573,-0.082374506,0.02223925,-0.73131204,-0.09183517,0.058789473,-0.82424706,-0.09676173
J,Cristhian,Right,0.0,0.0,0.0,0.10633932,-0.13204609,-0.0191336,0.14464498,-0.3050615,-0.021985771,0.16119613,-0.43611884,-0.031429864,0.16954681,-0.54857737,-0.03765779,-0.043557227,-0.49549103,0.042919833,-0.016159432,-0.6869215,0.011756743,0.010347303,-0.8306254,-0.023421904,0.031134913,-0.94458294,-0.04777945,-0.07341222,-0.49664193,0.024560468,-0.04065577,-0.71069604,-0.0066644866,-0.010554815,-0.86502534,-0.04220223,0.015307881,-0.9998828,-0.06557202,-0.08456764,-0.48609728,-0.0035374656,-0.05102362,-0.6959828,-0.039720803,-0.019635227,-0.8473558,-0.06592926,0.0063842423,-0.9718844,-0.079501316,-0.081721164,-0.461384,-0.03594541,-0.052797165,-0.63009727,-0.06437319,-0.03123618,-0.74696124,-0.07565148,-0.008448767,-0.8464743,-0.08025471
J,Cristhian,Right,0.0,0.0,0.0,0.10575975,-0.10811154,-0.06670054,0.16236828,-0.3013314,-0.08962628,0.19203284,-0.4483419,-0.10269343,0.20730796,-0.55390066,-0.110570416,-0.038813114,-0.46473312,-0.06034706,-0.017420605,-0.7025554,-0.10205698,0.011903972,-0.86244637,-0.13201617,0.03691451,-0.98050493,-0.14754231,-0.08323918,-0.46623364,-0.045387562,-0.04641597,-0.7133008,-0.083254896,-0.004725582,-0.87468517,-0.1076277,0.03595079,-0.9993536,-0.12031953,-0.10074596,-0.45768458,-0.03685262,-0.056148294,-0.6860961,-0.068736225,-0.015555636,-0.8384325,-0.08145319,0.023435486,-0.95611376,-0.08474967,-0.10435373,-0.43747863,-0.035441097,-0.062770024,-0.631767,-0.057786807,-0.028131915,-0.7651833,-0.06227243,0.006797923,-0.8657987,-0.059915867
J,Cristhian,Right,0.0,0.0,0.0,0.11508573,-0.10998773,-0.030917313,0.1842513,-0.34312093,-0.025165558,0.22748955,-0.49847567,-0.021255627,0.26507312,-0.6102883,-0.013745011,0.03577619,-0.52787024,0.04343114,0.042727206,-0.707395,0.024488335,0.054442756,-0.8468408,-0.00064273085,0.071115494,-0.95857716,-0.019538358,-0.007993287,-0.5178362,0.03335704,0.0054339226,-0.7165157,0.008369112,0.025722718,-0.86157215,-0.020754112,0.053078134,-0.99859035,-0.038345557,-0.04036486,-0.4918267,0.012479254,-0.016795285,-0.67759085,-0.022087533,0.014027145,-0.81826335,-0.039261926,0.046879523,-0.95041865,-0.044324346,-0.068425454,-0.45085466,-0.014354334,-0.03451403,-0.6264792,-0.039910693,-0.011952215,-0.7427684,-0.044593826,0.017056307,-0.8456796,-0.04328974
J,Cristhian,Right,0.0,0.0,0.0,0.1187749,-0.12543504,-0.033074368,0.19001742,-0.3476242,-0.030190887,0.23438989,-0.49907723,-0.030412456,0.27527115,-0.60794926,-0.027698811,0.0352816,-0.53588575,0.047435787,0.039443534,-0.72359943,0.025930483,0.057832155,-0.8581583,-0.0046984865,0.077487156,-0.96954244,-0.027743384,-0.0056411703,-0.52237123,0.03669966,0.00230545,-0.72084767,0.01559748,0.025385376,-0.8679112,-0.017917905,0.055362854,-0.9984663,-0.04105795,-0.038811054,-0.49162,0.014035311,-0.024313707,-0.68354625,-0.014373791,0.003262378,-0.8232308,-0.034941584,0.03384887,-0.94303685,-0.045619156,-0.06574727,-0.4488665,-0.01525536,-0.042813264,-0.61390704,-0.03907666,-0.02055521,-0.7275508,-0.046452172,0.007458975,-0.831182,-0.048899915
J,Cristhian,Right,0.0,0.0,0.0,0.12868562,-0.15836185,-0.011441622,0.18396263,-0.35614452,-0.003204806,0.21843284,-0.48592913,-0.0017421644,0.24161892,-0.5816447,0.0015274552,0.010818816,-0.5171554,0.049139563,0.01148613,-0.713366,0.023970893,0.027801229,-0.8523755,-0.00551164,0.04302319,-0.9651777,-0.02710709,-0.021014655,-0.5111685,0.028746778,-0.020081315,-0.7179681,0.002141217,-0.0013477944,-0.86846846,-0.031966098,0.020567792,-0.99978846,-0.055445984,-0.041149538,-0.49025172,-0.0009087605,-0.037143625,-0.6913593,-0.03453091,-0.0112067135,-0.8368493,-0.060358513,0.015266976,-0.9561585,-0.073806025,-0.051580343,-0.45697176,-0.034272805,-0.04249058,-0.62661153,-0.06330675,-0.023887144,-0.746289,-0.07674069,-0.0017927455,-0.84811956,-0.08342017
J,Cristhian,Right,0.0,0.0,0.0,0.12207171,-0.16062567,-0.01313234,0.17909966,-0.34826162,-0.0052473256,0.20640285,-0.48242432,-0.004798216,0.22459853,-0.5914629,-0.0027592573,0.030701375,-0.5230723,0.064522795,0.032600366,-0.7121783,0.04003624,0.046712596,-0.8512309,0.007451852,0.060482923,-0.9703961,-0.015314214,-0.008315614,-0.51327753,0.044648867,-0.002793878,-0.7120572,0.02229646,0.013931204,-0.8626271,-0.015374899,0.034062937,-0.9994197,-0.0415078,-0.04838046,-0.4963838,0.014398751,-0.041773237,-0.68700165,-0.015607919,-0.021973386,-0.8358731,-0.0446706,-0.0008473483,-0.95960534,-0.06035626,-0.09107564,-0.4661173,-0.01983008,-0.07770332,-0.62646997,-0.04486557,-0.058320075,-0.7416764,-0.0567374,-0.034016397,-0.8442092,-0.06155003
J,Cristhian,Right,0.0,0.0,0.0,0.12356636,-0.15468462,-0.029297108,0.20166187,-0.32541662,-0.037132677,0.2461024,-0.456152,-0.050448522,0.2679561,-0.5792686,-0.061459742,0.055141564,-0.52749556,0.043371055,0.06587016,-0.7173006,0.0077083944,0.0836098,-0.8520966,-0.03326528,0.101457916,-0.9686901,-0.06024865,0.011256442,-0.5221441,0.027746836,0.02620243,-0.72105616,-0.0019330353,0.04717918,-0.8670158,-0.041666355,0.07347609,-0.997297,-0.06864993,-0.033859216,-0.50352037,0.00037782727,-0.013893618,-0.6903367,-0.031870797,0.009693447,-0.83053267,-0.0561573,0.037419494,-0.9458091,-0.06850814,-0.0808732,-0.4666977,-0.03298809,-0.058707125,-0.6253544,-0.057734687,-0.036918856,-0.73735905,-0.06435671,-0.01067969,-0.83234286,-0.064805694
J,Cristhian,Right,0.0,0.0,0.0,0.12818184,-0.14273398,-0.033849373,0.2199091,-0.30563602,-0.048262212,0.27098948,-0.42831936,-0.06668671,0.2918229,-0.5528097,-0.08374272,0.082160294,-0.54234564,0.023733696,0.097294845,-0.726539,-0.017013907,0.11559975,-0.8556842,-0.061001435,0.13561104,-0.9708583,-0.090045266,0.030022599,-0.53443396,0.008685166,0.049974132,-0.7275771,-0.023471883,0.0723781,-0.86775076,-0.06348832,0.10114986,-0.9948712,-0.09145176,-0.021484714,-0.5086262,-0.017153211,0.0049573914,-0.68949825,-0.050078306,0.030816851,-0.81938976,-0.07212415,0.060698107,-0.92841107,-0.08381657,-0.072260104,-0.4605647,-0.049220793,-0.045133457,-0.61548054,-0.07549512,-0.017412612,-0.72278893,-0.08131902,0.015110391,-0.814682,-0.08103418
J,Cristhian,Right,0.0,0.0,0.0,0.12726368,-0.13337344,-0.03316922,0.2177243,-0.28389105,-0.04687508,0.26801524,-0.40418082,-0.064682476,0.28803957,-0.524909,-0.08156088,0.08181072,-0.5218828,0.02283674,0.10460714,-0.70813286,-0.01812624,0.12809598,-0.8366368,-0.060690425,0.14995818,-0.95052576,-0.08852897,0.03238347,-0.5212759,0.0076925107,0.060044475,-0.72226673,-0.026519358,0.08475201,-0.8645626,-0.06631329,0.11170244,-0.9937417,-0.093664,-0.018795898,-0.5037315,-0.018188894,0.014644,-0.69476706,-0.05365302,0.04369194,-0.8327169,-0.0775751,0.07237095,-0.9507225,-0.09018145,-0.07437355,-0.4636981,-0.049667507,-0.040361445,-0.62024754,-0.078106724,-0.008682105,-0.72999084,-0.085276596,0.025209326,-0.8267566,-0.08601039
J,Cristhian,Right,0.0,0.0,0.0,0.12715974,-0.11717182,-0.03825918,0.21665564,-0.27171502,-0.05054221,0.26619506,-0.3937303,-0.06523124,0.27862045,-0.5149998,-0.07864483,0.07506235,-0.5153018,0.016805368,0.09691739,-0.7024408,-0.023877973,0.121101975,-0.8301079,-0.065888464,0.14134842,-0.9409617,-0.09386102,0.025533184,-0.5152661,0.0042906976,0.05310641,-0.72235745,-0.030957228,0.080139674,-0.8650993,-0.06876875,0.10662463,-0.99429935,-0.094605096,-0.024235386,-0.4946977,-0.019617224,0.0057272282,-0.69440216,-0.0565675,0.037413854,-0.8299104,-0.079482704,0.06704842,-0.9425205,-0.0911816,-0.075918585,-0.4514569,-0.049831834,-0.04880977,-0.61562735,-0.08088977,-0.018129777,-0.7231826,-0.090063736,0.015446014,-0.8155719,-0.092603065
J,Cristhian,Right,0.0,0.0,0.0,0.14482673,-0.13087803,-0.03964287,0.24689618,-0.26881468,-0.04980463,0.30549708,-0.39772046,-0.06353272,0.31965148,-0.53269154,-0.07303729,0.118748605,-0.5049524,0.0520319,0.1527298,-0.6841083,0.018709157,0.18695374,-0.81224126,-0.024944259,0.22002329,-0.92833585,-0.053406402,0.06918226,-0.5245595,0.043579947,0.11113282,-0.7102298,0.018311944,0.1490836,-0.8519864,-0.025096886,0.19115889,-0.9815591,-0.05483505,0.016135005,-0.5317502,0.022197085,0.061451994,-0.70128936,-0.00787371,0.10311117,-0.83611155,-0.03680972,0.14608738,-0.94686574,-0.051701125,-0.04240393,-0.51834816,-0.0061270148,-0.0002607436,-0.669164,-0.030325918,0.041249204,-0.77627575,-0.037908953,0.08845507,-0.8647077,-0.037564047
J,Cristhian,Right,0.0,0.0,0.0,0.14684859,-0.09164532,-0.04426612,0.24940291,-0.22675557,-0.05451529,0.30160052,-0.35296547,-0.065411486,0.31708473,-0.48334223,-0.07349491,0.11884302,-0.49522397,0.026832288,0.15883051,-0.6777297,-0.0054408945,0.1884834,-0.800371,-0.042872082,0.21332784,-0.90546197,-0.068521254,0.067712225,-0.512177,0.02132592,0.10908895,-0.71995145,-0.007869611,0.14365175,-0.86212474,-0.04507178,0.17859569,-0.98392254,-0.07123349,0.011909451,-0.5072422,0.0036551035,0.052506946,-0.70110846,-0.031828657,0.09964282,-0.8298431,-0.05933574,0.14340486,-0.93223256,-0.07454569,-0.051404446,-0.47816467,-0.02011145,-0.00941242,-0.6330765,-0.051300064,0.03267801,-0.7318636,-0.06301543,0.074881464,-0.81138915,-0.06772437
J,Cristhian,Right,0.0,0.0,0.0,0.14061204,-0.08012118,-0.049034405,0.24910523,-0.2190665,-0.06137047,0.3084037,-0.34591118,-0.07329596,0.3230959,-0.47736523,-0.08256974,0.118975654,-0.49912986,0.017247839,0.16166005,-0.68715996,-0.01800879,0.19248427,-0.8136584,-0.056386333,0.21715774,-0.92168486,-0.08219449,0.067313425,-0.5153529,0.01344392,0.112174995,-0.720898,-0.01853962,0.14584689,-0.86110044,-0.05658935,0.17772393,-0.9840804,-0.082719125,0.013299904,-0.51072943,-0.002205022,0.056248378,-0.70449543,-0.037345976,0.099634215,-0.832838,-0.061932534,0.13825448,-0.93916005,-0.07509637,-0.047263805,-0.48351827,-0.024619019,-0.0057497607,-0.64137477,-0.054369505,0.032657597,-0.74391097,-0.06382917,0.071537845,-0.83221626,-0.06664216
J,Cristhian,Right,0.0,0.0,0.0,0.13903728,-0.077182636,-0.04351588,0.24387157,-0.21351866,-0.052909635,0.30012625,-0.33447194,-0.06285992,0.32025373,-0.46553382,-0.0707981,0.10446304,-0.5002503,0.025401939,0.15102416,-0.67069316,-0.007591053,0.18643726,-0.79238987,-0.045609713,0.21612568,-0.8988236,-0.07177556,0.05476115,-0.51908654,0.018186456,0.10516604,-0.7153804,-0.011658309,0.14447902,-0.8546032,-0.048916113,0.18311745,-0.98309106,-0.07516451,0.0018140696,-0.5153363,-0.0009964809,0.053073734,-0.7016675,-0.03687816,0.103256896,-0.8298244,-0.06300087,0.148487,-0.94058144,-0.07688102,-0.058604445,-0.48653424,-0.02633479,-0.012243176,-0.6473796,-0.057835605,0.032869246,-0.7512744,-0.06846865,0.078582056,-0.8412322,-0.07201534
J,Cristhian,Right,0.0,0.0,0.0,0.13829252,-0.08108599,-0.047997862,0.2417704,-0.21504955,-0.06079029,0.30187616,-0.33538312,-0.07295391,0.32189694,-0.4659603,-0.082039565,0.10519398,-0.4964412,0.01990661,0.15149793,-0.67705274,-0.01323532,0.18381998,-0.804193,-0.05144027,0.20835756,-0.9143656,-0.077576526,0.056364484,-0.5151801,0.015470484,0.1061795,-0.71820605,-0.013413706,0.14319703,-0.8590039,-0.049046095,0.17714381,-0.984185,-0.07405284,0.0031169257,-0.5133943,-0.0011943997,0.055395264,-0.7041168,-0.034510735,0.10204862,-0.8355295,-0.058677737,0.1426266,-0.94415736,-0.07151094,-0.05680502,-0.48964155,-0.024684625,-0.0068221414,-0.6508513,-0.05355231,0.0365224,-0.75828165,-0.06302014,0.079817444,-0.84940016,-0.0658452
J,Cristhian,Right,0.0,0.0,0.0,0.14779104,-0.0746096,-0.041700017,0.25040248,-0.2044559,-0.048888706,0.30452767,-0.3303344,-0.057241816,0.32849535,-0.46519586,-0.0626559,0.11384513,-0.4836464,0.040553324,0.15836048,-0.6718647,0.012484021,0.19464764,-0.8005292,-0.023094516,0.2229751,-0.9106456,-0.047277793,0.06830859,-0.50431067,0.034378763,0.11827998,-0.711968,0.011139706,0.15937282,-0.8560241,-0.024371086,0.19703513,-0.98039645,-0.049707197,0.018017933,-0.5062453,0.015374765,0.068246506,-0.70582914,-0.013617693,0.117030516,-0.8416913,-0.038111277,0.15876934,-0.9527626,-0.0516152,-0.039900273,-0.48558277,-0.01007016,0.008589135,-0.6506182,-0.035044916,0.053683065,-0.75629,-0.043063372,0.097840786,-0.8470421,-0.045409687
J,Cristhian,Right,0.0,0.0,0.0,0.13724618,-0.07810249,-0.0544461,0.23838595,-0.20843345,-0.0706041,0.3003781,-0.33541167,-0.08599616,0.3211323,-0.4702825,-0.09852382,0.11059836,-0.48956117,0.016319165,0.15721731,-0.6719809,-0.02011571,0.19261876,-0.7953055,-0.06175604,0.21880776,-0.9048998,-0.090406336,0.06255493,-0.5098666,0.013515435,0.111471,-0.713372,-0.01764699,0.14919163,-0.8546559,-0.05634126,0.1821843,-0.9832644,-0.084181085,0.010681434,-0.5081912,-0.0023117766,0.058051724,-0.70004296,-0.037244383,0.103216514,-0.8275543,-0.06277599,0.14243095,-0.9338581,-0.077052146,-0.04835994,-0.48466986,-0.025781829,-0.007862254,-0.6414652,-0.055834446,0.035313267,-0.74525857,-0.06653772,0.08010933,-0.8317733,-0.07091054
J,Cristhian,Right,0.0,0.0,0.0,0.13790593,-0.0769574,-0.051647723,0.23836187,-0.21024911,-0.065330304,0.2997022,-0.33648556,-0.078357235,0.3200592,-0.46732613,-0.08863169,0.108497225,-0.49054256,0.019335246,0.15503839,-0.6718528,-0.014913655,0.1910727,-0.79527533,-0.055242762,0.21815838,-0.90355206,-0.08315228,0.060960706,-0.50995046,0.015948413,0.109272316,-0.71330756,-0.013219845,0.14789203,-0.85491204,-0.051129162,0.18225975,-0.98325044,-0.07856674,0.009694025,-0.5069281,-0.00023101909,0.056514252,-0.7005908,-0.034507487,0.104019895,-0.83063936,-0.06117843,0.1458838,-0.93855673,-0.07629145,-0.04876019,-0.48108134,-0.02362559,-0.00786325,-0.64067596,-0.05409195,0.037021507,-0.7457565,-0.06586125,0.08429032,-0.8329101,-0.07104044
J,Cristhian,Right,0.0,0.0,0.0,0.22321323,-0.111276425,-0.030546485,0.4657069,-0.08350439,-0.0994462,0.6456766,0.033574834,-0.1568694,0.7743111,0.11824432,-0.21572432,0.39541364,-0.21205705,-0.2626651,0.57948357,-0.1260707,-0.36404392,0.72373873,-0.006100293,-0.41472,0.8329826,0.109381974,-0.44277403,0.2686324,-0.07420299,-0.2984334,0.5438108,0.25455728,-0.3893885,0.69242996,0.45952174,-0.39704102,0.7976145,0.60316753,-0.40335053,0.15609328,0.108542025,-0.3248857,0.42506728,0.46254784,-0.39168447,0.56080145,0.6178031,-0.36530885,0.6473941,0.7030538,-0.34519947,0.064279094,0.3060741,-0.35180292,0.2804263,0.57695377,-0.38439158,0.39429805,0.6767692,-0.35285217,0.4689932,0.7226718,-0.32853207
J,Cristhian,Right,0.0,0.0,0.0,0.1631314,-0.11184058,-0.015100396,0.2804396,-0.30811408,-0.014012952,0.3482373,-0.46605054,-0.028996125,0.3164528,-0.58265764,-0.038721655,0.1440341,-0.54252726,0.040306326,0.21975991,-0.6618027,-0.03420004,0.25237957,-0.5069863,-0.07503313,0.25866085,-0.37977728,-0.075301975,0.062965,-0.542383,0.016008724,0.16413571,-0.6286,-0.084239446,0.2055955,-0.43267915,-0.12729472,0.21745507,-0.28623062,-0.12131021,-0.023434177,-0.5311797,-0.021990305,0.08858934,-0.60577476,-0.12535185,0.15186878,-0.4470194,-0.154215,0.18113707,-0.31379235,-0.13130838,-0.11377803,-0.51189166,-0.059476577,-0.06447283,-0.74303627,-0.10599831,-0.016868118,-0.88988507,-0.11693494,0.040027972,-0.99919856,-0.1061561
J,Cristhian,Right,0.0,0.0,0.0,0.14060032,-0.17372051,-0.0096432185,0.1944358,-0.3788827,-0.028134057,0.21893838,-0.528386,-0.060138598,0.24888614,-0.6709821,-0.08756219,-0.06905393,-0.61498076,0.0189331,0.032323677,-0.8012653,-0.024130404,0.08847313,-0.9099375,-0.0536541,0.11938202,-0.9928484,-0.06706167,-0.09415863,-0.5957411,-0.016194556,0.04692271,-0.7933969,-0.075586885,0.112731054,-0.86439216,-0.11024437,0.14690398,-0.92517745,-0.120947935,-0.087088615,-0.54536885,-0.058130343,0.13158897,-0.66473573,-0.14509682,0.22122855,-0.5434982,-0.15572882,0.25628665,-0.44098112,-0.13251315,-0.04429922,-0.47366115,-0.10036716,0.07729372,-0.6294063,-0.14499018,0.13387659,-0.6844563,-0.13775517,0.17284004,-0.71283585,-0.11757294
J,Cristhian,Right,0.0,0.0,0.0,0.13499396,-0.1935669,0.027756318,0.20953812,-0.3862412,0.024318196,0.2556239,-0.532327,-0.005264534,0.27476773,-0.6785342,-0.029307926,0.049429763,-0.6100555,0.07280501,0.18422812,-0.67680895,0.0031306979,0.23720917,-0.5329514,-0.04613996,0.24867654,-0.4148068,-0.05912056,-0.0067670285,-0.6102416,0.021226982,0.1777784,-0.680144,-0.06383529,0.23452534,-0.503427,-0.10196881,0.24810904,-0.36684904,-0.10161522,-0.044846956,-0.59663326,-0.040142443,0.15666574,-0.674472,-0.12766749,0.22804525,-0.52078766,-0.13838279,0.25274515,-0.39218247,-0.11182984,-0.0730322,-0.56746846,-0.09970033,0.00946206,-0.77172196,-0.13490637,0.06809731,-0.8931474,-0.12676129,0.123989955,-0.99228346,-0.10510537
J,Cristhian,Right,0.0,0.0,0.0,0.1552181,-0.10316556,-0.02846911,0.26805592,-0.3152111,-0.03116261,0.32868364,-0.4912767,-0.048516147,0.2979919,-0.6299611,-0.058958877,0.10447415,-0.5490146,0.04256878,0.1713005,-0.6962802,-0.04264191,0.2317538,-0.5640258,-0.09427281,0.25776568,-0.43333802,-0.09951,0.032139957,-0.54678607,0.02333993,0.117579624,-0.66866326,-0.085364856,0.19163541,-0.5004528,-0.14035088,0.22262374,-0.36340562,-0.14066604,-0.047456395,-0.5326271,-0.011952295,0.059086487,-0.62607735,-0.12218577,0.13999887,-0.46733102,-0.15514737,0.1747163,-0.33441293,-0.13240658,-0.13267994,-0.5061643,-0.048303835,-0.072630025,-0.732363,-0.09886047,-0.012087177,-0.8833557,-0.112507366,0.049466174,-0.9987758,-0.10242727
A,Cristhian,Right,0.0,0.0,0.0,0.12579913,-0.059276193,-0.07267056,0.24504118,-0.22014637,-0.101040564,0.32633814,-0.36776134,-0.12439911,0.40731698,-0.46999174,-0.15039003,0.12756753,-0.47539255,-0.061269518,0.14351311,-0.6822116,-0.10747287,0.14657217,-0.81892747,-0.14665547,0.14056295,-0.9389187,-0.17732656,0.03560344,-0.48274982,-0.061979573,0.006186374,-0.7243223,-0.10768742,-0.017308973,-0.8752819,-0.15129775,-0.038373675,-0.99926347,-0.1851166,-0.048305254,-0.45320764,-0.07142451,-0.076005034,-0.67755157,-0.12091899,-0.097755834,-0.8284741,-0.15416269,-0.11751087,-0.9480793,-0.17591187,-0.12815544,-0.39436343,-0.08747129,-0.15938239,-0.5743825,-0.13622966,-0.18306904,-0.7033535,-0.15912068,-0.20189054,-0.81668854,-0.17206186
A,Cristhian,Right,0.0,0.0,0.0,0.121076494,-0.09631581,-0.063200325,0.21278995,-0.25647798,-0.09466988,0.28441763,-0.38636237,-0.12371836,0.35787576,-0.46731943,-0.15517934,0.10524507,-0.5103736,-0.061733086,0.13830477,-0.7109087,-0.11087856,0.15057626,-0.83360815,-0.15333737,0.15550561,-0.94471276,-0.18438478,0.008663432,-0.5237701,-0.06687834,0.0025449211,-0.7477308,-0.10849234,-0.01027542,-0.8844615,-0.14629427,-0.02690489,-0.999638,-0.17429979,-0.07995742,-0.48734248,-0.07960766,-0.101689994,-0.69626075,-0.12072861,-0.11944229,-0.82517844,-0.15133439,-0.13778646,-0.9367423,-0.17253779,-0.16326118,-0.4122881,-0.09856301,-0.20487756,-0.5678175,-0.1379655,-0.23188233,-0.6640672,-0.1547378,-0.25742447,-0.7494951,-0.16395748
A,Cristhian,Right,0.0,0.0,0.0,0.11984433,-0.11716091,-0.062143177,0.20200828,-0.2970659,-0.090880916,0.25563967,-0.437927,-0.11563671,0.3225318,-0.52767915,-0.14185937,0.06943929,-0.5191285,-0.06063845,0.0873561,-0.7204047,-0.10722767,0.08375573,-0.8503271,-0.14691122,0.07468579,-0.96316165,-0.17608118,-0.030637491,-0.5210313,-0.06379402,-0.05368823,-0.7452345,-0.10395488,-0.07874444,-0.8834759,-0.13931735,-0.10494994,-0.9944775,-0.16492373,-0.11642306,-0.4757702,-0.07388057,-0.15629914,-0.68011904,-0.11249049,-0.18544056,-0.8088734,-0.14038183,-0.21193212,-0.9187464,-0.15971759,-0.19381355,-0.3918733,-0.090128146,-0.24533622,-0.5373925,-0.12518027,-0.2762093,-0.63130593,-0.13926141,-0.3027054,-0.7171497,-0.1471223
A,Cristhian,Right,0.0,0.0,0.0,0.12300441,-0.101786904,-0.078331396,0.20779571,-0.27682263,-0.11179831,0.2631808,-0.44284725,-0.13751972,0.3244688,-0.56052154,-0.16155706,0.06841216,-0.53306717,-0.05661941,0.0738346,-0.74860513,-0.0983655,0.059873115,-0.8852603,-0.13487452,0.04113277,-0.9991537,-0.16181675,-0.034122527,-0.53115976,-0.046003766,-0.076750234,-0.7501392,-0.08187702,-0.115166016,-0.8825216,-0.11620792,-0.15536794,-0.98589957,-0.14043051,-0.11694284,-0.48740894,-0.044108633,-0.17299588,-0.6762142,-0.07859367,-0.21012402,-0.790526,-0.10241639,-0.2453724,-0.8865466,-0.11806675,-0.18154497,-0.41014075,-0.050210442,-0.23460974,-0.5504391,-0.08086668,-0.26813453,-0.6393756,-0.09327438,-0.2946023,-0.7205411,-0.0990675
A,Cristhian,Right,0.0,0.0,0.0,0.12575604,-0.10688084,-0.054067362,0.21300566,-0.2747244,-0.08128814,0.27000135,-0.40347105,-0.10770484,0.33323666,-0.49809724,-0.13662182,0.063067846,-0.52699834,-0.0524978,0.09257113,-0.7343809,-0.101203084,0.107947126,-0.86208755,-0.14237309,0.11984428,-0.9671949,-0.17082068,-0.039785683,-0.5335625,-0.060468566,-0.05001088,-0.7596334,-0.09778088,-0.053298987,-0.8929863,-0.13308607,-0.057240274,-0.99836046,-0.15921195,-0.13433586,-0.4894051,-0.07562627,-0.16252993,-0.69932,-0.11148183,-0.18074954,-0.8306841,-0.14178422,-0.19575146,-0.942158,-0.1644359,-0.22262083,-0.39821672,-0.095868826,-0.27888265,-0.54492813,-0.13185218,-0.3096418,-0.64335936,-0.14782391,-0.33393568,-0.732034,-0.15721461
A,Cristhian,Right,0.0,0.0,0.0,0.1093007,-0.15217444,-0.012404173,0.13169743,-0.33826178,-0.0016588507,0.12503128,-0.4662697,0.0036153824,0.10165506,-0.5655519,0.009769836,0.023935487,-0.50068134,0.063158035,0.00073693966,-0.6911496,0.04633011,-0.012113287,-0.8348667,0.01561028,-0.026953632,-0.95335525,-0.008781842,-0.043313228,-0.50730115,0.05198945,-0.06497387,-0.69543946,0.034015074,-0.080791995,-0.8510368,-0.0050172717,-0.09348597,-0.9956206,-0.033201355,-0.10551848,-0.5078513,0.032947652,-0.1296772,-0.6951687,0.011656588,-0.1442975,-0.8396689,-0.013235862,-0.16068761,-0.9647901,-0.027594943,-0.1618225,-0.49123648,0.010221407,-0.18306717,-0.6498765,-0.009301791,-0.20002358,-0.7685987,-0.017645903,-0.21095958,-0.87383133,-0.020422043
F,Cristhian,Left,0.0,0.0,0.0,0.18049799,-0.09341869,-0.043505885,0.3560458,-0.22644185,-0.065146446,0.49061292,-0.31907704,-0.08471962,0.58554125,-0.42005244,-0.110433616,0.262851,-0.41247067,-0.08958186,0.3049654,-0.6189112,-0.14280824,0.32981384,-0.7453082,-0.18434498,0.35686624,-0.8494786,-0.21684262,0.14859976,-0.42241895,-0.1091826,0.15235138,-0.6834073,-0.15843543,0.15932536,-0.84691846,-0.2045664,0.17116272,-0.9852428,-0.24575134,0.032184094,-0.39146188,-0.13092223,0.017928617,-0.635212,-0.19025014,0.014031171,-0.7957607,-0.22813843,0.018755142,-0.9353164,-0.25793397,-0.0772219,-0.3286581,-0.15431842,-0.11245296,-0.5028271,-0.21209292,-0.13331935,-0.6143298,-0.23383404,-0.14729446,-0.7157033,-0.24942787
F,Cristhian,Right,0.0,0.0,0.0,0.14228116,-0.08732486,-0.06171728,0.26385078,-0.22265527,-0.097954534,0.35468343,-0.32913604,-0.13185999,0.43588963,-0.40491048,-0.16767535,0.1324807,-0.4756331,-0.06426792,0.17895806,-0.670815,-0.11416513,0.20164792,-0.7963755,-0.15583073,0.21379331,-0.9082446,-0.1851039,0.03209711,-0.5042314,-0.070684284,0.040650826,-0.7384489,-0.11075315,0.039105564,-0.88120824,-0.14652038,0.02973954,-0.9995577,-0.17268974,-0.06376591,-0.4838669,-0.08393185,-0.07162374,-0.70565253,-0.12154952,-0.078077696,-0.84170437,-0.14960474,-0.085922286,-0.95803374,-0.16896164,-0.15673478,-0.4227215,-0.10298823,-0.1901717,-0.58689344,-0.13726328,-0.20914795,-0.69066226,-0.1496243,-0.22414176,-0.7822036,-0.15574074
F,Cristhian,Right,0.0,0.0,0.0,0.13453259,-0.09389765,-0.061249487,0.23950034,-0.23902482,-0.09149535,0.3270986,-0.35062152,-0.11943787,0.41464838,-0.41339242,-0.1490362,0.11433961,-0.49932975,-0.05912662,0.15290281,-0.69924664,-0.102634735,0.17133856,-0.825116,-0.14015216,0.18173477,-0.9363507,-0.16851631,0.021153836,-0.5200692,-0.06528933,0.024112366,-0.7461728,-0.10049068,0.019163907,-0.8873203,-0.13437371,0.0099336915,-0.99995065,-0.16091315,-0.06705746,-0.48840195,-0.07880184,-0.07876938,-0.7036119,-0.11559829,-0.09397622,-0.8399077,-0.14733098,-0.1080281,-0.95492584,-0.17058097,-0.15265657,-0.41280258,-0.098453574,-0.20177935,-0.5607841,-0.137256,-0.2348189,-0.66431516,-0.15746538,-0.26149306,-0.76186216,-0.1700827
F,Cristhian,Right,0.0,0.0,0.0,0.1390543,-0.07590679,-0.07017814,0.25903845,-0.22467506,-0.10258151,0.34929046,-0.3426253,-0.13074939,0.4312519,-0.41498595,-0.15918224,0.14269571,-0.4899143,-0.0600794,0.18200824,-0.6881032,-0.10505166,0.20040786,-0.81310517,-0.14441025,0.21370332,-0.9225636,-0.17307603,0.037957497,-0.5228001,-0.058373548,0.034524117,-0.74790037,-0.0942098,0.031500023,-0.8868859,-0.12902386,0.026267039,-0.99965495,-0.15480044,-0.05640936,-0.50527674,-0.0647893,-0.0774651,-0.7109666,-0.09895939,-0.08957746,-0.8386142,-0.12802173,-0.10050607,-0.9470386,-0.14887969,-0.14132708,-0.44571534,-0.078419104,-0.18404557,-0.5892009,-0.110353045,-0.21315178,-0.6806006,-0.12537193,-0.23803525,-0.7626433,-0.13407147
F,Cristhian,Right,0.0,0.0,0.0,0.14273828,-0.11125875,-0.044094846,0.24482808,-0.30780548,-0.064200565,0.27710825,-0.50506973,-0.081602,0.3182731,-0.6667191,-0.10288874,0.15419729,-0.44120333,-0.056788716,0.15487619,-0.6776718,-0.103734925,0.14893553,-0.8205781,-0.13540465,0.14638202,-0.93653005,-0.15825462,0.057446122,-0.44591156,-0.07014547,0.06789789,-0.70903194,-0.11434022,0.074220955,-0.8710606,-0.14581397,0.08455227,-0.9964191,-0.16977428,-0.04145452,-0.4171204,-0.089670286,-0.050511967,-0.68285817,-0.14015979,-0.05183347,-0.8495035,-0.1662614,-0.041227728,-0.9877825,-0.18364955,-0.13891634,-0.3591135,-0.111644976,-0.17217833,-0.56553334,-0.16500393,-0.18057588,-0.69642806,-0.18478747,-0.17887785,-0.8163985,-0.19602987
F,Cristhian,Right,0.0,0.0,0.0,0.14185265,-0.10324269,-0.06574914,0.23345725,-0.2940506,-0.09272103,0.2693603,-0.46679285,-0.12069559,0.29920995,-0.61951274,-0.14148591,0.13944602,-0.4654173,-0.010008528,0.17827685,-0.6068094,-0.10195809,0.17177847,-0.5053608,-0.17318857,0.15009554,-0.39364105,-0.2030414,0.055578675,-0.5004513,-0.011921362,0.0870333,-0.71316713,-0.05930113,0.102124356,-0.8528372,-0.1001441,0.11486577,-0.9840627,-0.12700982,-0.029857045,-0.49101543,-0.03377946,-0.014249405,-0.7129294,-0.08470928,-0.00028267846,-0.86526906,-0.115171716,0.01746052,-0.99984753,-0.12970139,-0.119741075,-0.43980002,-0.062735714,-0.11068345,-0.6240704,-0.09530649,-0.09816903,-0.7429044,-0.10055937,-0.08402327,-0.8465333,-0.100560345
F,Cristhian,Right,0.0,0.0,0.0,0.16284673,-0.07427575,-0.05212778,0.28359315,-0.25565836,-0.06284645,0.3375221,-0.4231344,-0.073467694,0.38207522,-0.5556906,-0.08583542,0.26179653,-0.47778863,-0.017450126,0.3190734,-0.66733295,-0.06103659,0.3483908,-0.780991,-0.1027463,0.37169868,-0.877562,-0.13367964,0.17226094,-0.5310017,-0.025961604,0.22204022,-0.74503547,-0.06540441,0.25569972,-0.86641234,-0.10526584,0.287204,-0.9578694,-0.13576645,0.07543895,-0.54313874,-0.045214463,0.11254488,-0.7640559,-0.09236444,0.1413117,-0.8875333,-0.122488804,0.17483379,-0.98230654,-0.14189719,-0.032564983,-0.51788086,-0.07031023,-0.011037719,-0.6954385,-0.11531843,0.0076823737,-0.8025827,-0.13404997,0.035012867,-0.8957756,-0.1454253
F,Cristhian,Right,0.0,0.0,0.0,0.15260942,-0.072094336,-0.055713207,0.25934297,-0.25392234,-0.07578113,0.3259314,-0.4112108,-0.09919314,0.3665738,-0.54686135,-0.11434587,0.20394105,-0.4454442,0.010161841,0.27051893,-0.55389637,-0.07817178,0.25775477,-0.44277164,-0.14996898,0.22139186,-0.3288516,-0.1790623,0.13140656,-0.5104477,0.005333814,0.20535867,-0.7028077,-0.03651137,0.25747064,-0.82427996,-0.0722301,0.3031589,-0.93614113,-0.09458711,0.04579259,-0.53286207,-0.020356089,0.10509066,-0.74376786,-0.06500241,0.15540068,-0.8726276,-0.09029618,0.20351887,-0.979071,-0.10063767,-0.04930694,-0.5184836,-0.05348226,-0.011435314,-0.69975585,-0.07828194,0.02060569,-0.81625956,-0.07772643,0.05544319,-0.9177632,-0.07396659
F,Cristhian,Right,0.0,0.0,0.0,0.15706049,-0.062626354,-0.05686211,0.27668828,-0.2242114,-0.079704605,0.34954897,-0.37317646,-0.10521255,0.40256035,-0.5079203,-0.12298624,0.23632488,-0.41699067,0.005747363,0.2963913,-0.52988935,-0.08035261,0.2782312,-0.4355552,-0.1503569,0.24108042,-0.3327244,-0.17944203,0.16327769,-0.49089733,0.0013291001,0.23858798,-0.6832469,-0.03901937,0.28408322,-0.80165756,-0.07509091,0.32589468,-0.90888673,-0.09822994,0.076767445,-0.52388287,-0.022768768,0.13769883,-0.73601234,-0.06553325,0.18356222,-0.8647846,-0.08934844,0.23198439,-0.9727195,-0.099825725,-0.022630852,-0.5171364,-0.054246493,0.011750279,-0.6975659,-0.078434505,0.041486114,-0.8096337,-0.076864995,0.07618985,-0.9072773,-0.072516836
F,Cristhian,Right,0.0,0.0,0.0,0.15315415,-0.066904135,-0.060936093,0.2758206,-0.26266536,-0.08041347,0.35195893,-0.44695765,-0.10017873,0.37391716,-0.6152789,-0.11326183,0.23976354,-0.45564306,-0.01631266,0.299853,-0.6029298,-0.089942046,0.26018465,-0.54796565,-0.14580016,0.20321538,-0.4740689,-0.16839485,0.15364777,-0.5203592,-0.016459743,0.21129785,-0.7126086,-0.05220305,0.24410668,-0.8486337,-0.07956219,0.27631342,-0.96106756,-0.09891069,0.06039818,-0.5384336,-0.035083067,0.08358557,-0.7443084,-0.07655042,0.09418525,-0.86031526,-0.0949198,0.110294804,-0.935794,-0.10386156,-0.0372348,-0.5177234,-0.061440874,-0.010994073,-0.6928401,-0.09157758,0.010036843,-0.8088229,-0.096094295,0.036680456,-0.9000503,-0.09754716
F,Cristhian,Right,0.0,0.0,0.0,0.13031927,-0.14511979,-0.047590096,0.18253869,-0.36309224,-0.05986406,0.19750236,-0.5369485,-0.074956045,0.19126536,-0.67888635,-0.082817614,0.08140631,-0.4977258,0.0060894075,0.10429182,-0.63359106,-0.06980257,0.12090315,-0.5393348,-0.13076322,0.12149006,-0.42707643,-0.15552562,-0.004817686,-0.5240759,0.000983974,-0.0024910579,-0.7416786,-0.034356024,0.001470842,-0.8795514,-0.068592094,0.0040119635,-0.99999195,-0.09174182,-0.09037572,-0.5052902,-0.021469891,-0.106692724,-0.72927207,-0.060624946,-0.10701777,-0.86978596,-0.087171465,-0.10209133,-0.9888399,-0.100716315,-0.17131846,-0.4461698,-0.049827103,-0.19308418,-0.623825,-0.072561644,-0.20164831,-0.7362457,-0.073702484,-0.20337188,-0.83617574,-0.07241755
F,Cristhian,Right,0.0,0.0,0.0,0.13336037,-0.1358851,-0.045537148,0.19793507,-0.3302174,-0.0602387,0.22307168,-0.4953511,-0.079387195,0.2274427,-0.6362082,-0.09348079,0.11207669,-0.48119417,0.016234031,0.13103536,-0.61483496,-0.057784904,0.13642034,-0.54165953,-0.12226909,0.13023922,-0.4448005,-0.15105668,0.028347194,-0.51440954,0.008542072,0.042538255,-0.73235255,-0.02806747,0.05311945,-0.87511003,-0.06643321,0.062895656,-0.9980201,-0.09234638,-0.05721695,-0.5054731,-0.01666057,-0.063403495,-0.72687036,-0.057155594,-0.0596499,-0.8736851,-0.08613293,-0.04765793,-0.99315137,-0.10054464,-0.1428888,-0.45774135,-0.04798428,-0.15228817,-0.6413153,-0.07194884,-0.15249422,-0.7591154,-0.074389204,-0.1459893,-0.86176074,-0.07371956
F,Cristhian,Right,0.0,0.0,0.0,0.1399951,-0.119037144,-0.05313522,0.21136841,-0.32375816,-0.06961736,0.2340974,-0.49185845,-0.08864719,0.24172449,-0.6231928,-0.10129653,0.1334675,-0.48189735,0.0010645597,0.1494263,-0.6065889,-0.07466341,0.14086139,-0.51666033,-0.1362794,0.1232145,-0.40857548,-0.16249056,0.044315927,-0.51907355,-0.0018110893,0.055516053,-0.7339992,-0.038660735,0.06584782,-0.8718818,-0.07101718,0.080511995,-0.99675363,-0.09225243,-0.04409326,-0.5108627,-0.022469047,-0.048284862,-0.7321254,-0.06417843,-0.04306477,-0.8740238,-0.090200275,-0.02968431,-0.9937345,-0.10263115,-0.12968186,-0.46211424,-0.04959015,-0.13631044,-0.6420333,-0.07462532,-0.13774978,-0.75495493,-0.07603092,-0.13423413,-0.85320836,-0.074536055
F,Cristhian,Right,0.0,0.0,0.0,0.14018288,-0.11777404,-0.055906378,0.21288972,-0.32441434,-0.07141235,0.23799084,-0.4989948,-0.0881353,0.25166538,-0.63827604,-0.09698254,0.12933974,-0.48344636,0.0053575244,0.15021838,-0.6195108,-0.07151852,0.15141496,-0.5285131,-0.1338802,0.14095937,-0.4197666,-0.1594321,0.04255082,-0.51809156,0.004937293,0.054315098,-0.7345327,-0.031093339,0.065650806,-0.8732564,-0.06449969,0.07760277,-0.99698436,-0.086396806,-0.042634636,-0.5091806,-0.014019173,-0.04864476,-0.72613806,-0.052443292,-0.043307368,-0.8655847,-0.076051965,-0.03057559,-0.9823878,-0.0865704,-0.12585753,-0.4621832,-0.040252,-0.13467035,-0.6438344,-0.060752712,-0.137154,-0.7552095,-0.059870165,-0.1339312,-0.85316646,-0.056570828
F,Cristhian,Right,0.0,0.0,0.0,0.14534211,-0.125051,-0.044993155,0.21746878,-0.32783338,-0.056580212,0.24641347,-0.4969918,-0.07167135,0.25889006,-0.63463336,-0.07965447,0.12917331,-0.47848684,0.011113969,0.15240021,-0.607348,-0.065319836,0.15712819,-0.5093771,-0.12747584,0.14767349,-0.3970993,-0.15238686,0.04282364,-0.51374155,0.0055552972,0.05767209,-0.73082745,-0.0305058,0.07108041,-0.8719931,-0.06447524,0.08224282,-0.9966123,-0.086794026,-0.045187946,-0.5084531,-0.01744109,-0.049087364,-0.7314942,-0.05591875,-0.03938129,-0.8733496,-0.08081621,-0.024066426,-0.9916392,-0.09210642,-0.13237609,-0.46471727,-0.046408996,-0.14289078,-0.64903796,-0.0654361,-0.14157665,-0.76175296,-0.06367034,-0.13322894,-0.8585935,-0.05999646
F,Cristhian,Right,0.0,0.0,0.0,0.13840304,-0.116934985,-0.056009613,0.21305716,-0.31467354,-0.07441964,0.23872095,-0.48806137,-0.09462502,0.24758315,-0.63066316,-0.10798279,0.13073248,-0.47525302,0.0027102376,0.1538018,-0.603125,-0.07594055,0.1455948,-0.50797874,-0.13997199,0.12431421,-0.39756286,-0.1666254,0.044359386,-0.51335764,0.0008183827,0.06373211,-0.7289503,-0.036686987,0.07544881,-0.86962724,-0.07005169,0.08649243,-0.99625254,-0.09167444,-0.04248361,-0.5068512,-0.019649405,-0.0407657,-0.72843486,-0.061143864,-0.032209218,-0.87140244,-0.08558337,-0.017163364,-0.99167866,-0.096289195,-0.12866856,-0.45834926,-0.04707841,-0.13527988,-0.6404861,-0.07128902,-0.13357891,-0.7540702,-0.07091864,-0.12725031,-0.85301447,-0.0675361
F,Cristhian,Right,0.0,0.0,0.0,0.13218717,-0.10980534,-0.05919501,0.21937709,-0.308385,-0.07927482,0.2556113,-0.4758336,-0.09965026,0.26061633,-0.619657,-0.11220898,0.12263541,-0.47258624,-0.009634924,0.1521373,-0.6017572,-0.09195437,0.15186054,-0.4947704,-0.15630645,0.13609375,-0.3794006,-0.1820391,0.03895026,-0.51210845,-0.011439194,0.06098001,-0.7242806,-0.052064475,0.07773287,-0.8646545,-0.08619247,0.09214028,-0.995746,-0.10775202,-0.046560254,-0.50554353,-0.031512696,-0.046628166,-0.7287199,-0.07529397,-0.036782615,-0.8708212,-0.1005372,-0.020899707,-0.993727,-0.11123367,-0.13045599,-0.45542756,-0.058516577,-0.14015003,-0.6383598,-0.08385316,-0.13928229,-0.75348204,-0.08372273,-0.13293749,-0.85273683,-0.079947636
F,Cristhian,Right,0.0,0.0,0.0,0.13096605,-0.12363412,-0.043726772,0.20543349,-0.31217033,-0.057945322,0.21957392,-0.4654994,-0.07540581,0.21592526,-0.58474463,-0.092807524,0.11645894,-0.5030007,0.003280763,0.138656,-0.65199643,-0.047595575,0.15369187,-0.68539554,-0.09497332,0.16069278,-0.7009194,-0.122360006,0.028306577,-0.5338077,-0.007699937,0.0447492,-0.7526836,-0.043167405,0.06253596,-0.8853939,-0.08003088,0.081509896,-0.9966725,-0.10516988,-0.060304813,-0.5225193,-0.031918507,-0.05559564,-0.743018,-0.07256282,-0.039398707,-0.8849985,-0.10486075,-0.016853865,-0.9995709,-0.12416703,-0.15234607,-0.47485542,-0.061173778,-0.16181472,-0.6506325,-0.0938387,-0.16207966,-0.76769686,-0.106126264,-0.15393865,-0.87164235,-0.11329725
F,Cristhian,Right,0.0,0.0,0.0,0.14012657,-0.0945231,-0.052756373,0.22478409,-0.290108,-0.07128448,0.27391136,-0.45414865,-0.091960266,0.29859805,-0.59496737,-0.1054297,0.15076615,-0.4537992,-0.0069213463,0.18945745,-0.5848972,-0.08714827,0.18082023,-0.48154917,-0.14922506,0.15371524,-0.3694332,-0.1743092,0.073884584,-0.50328374,-0.010478113,0.11653259,-0.7072096,-0.048254456,0.1468131,-0.8381017,-0.07792394,0.1721708,-0.95653653,-0.09685743,-0.011889965,-0.5082892,-0.032188594,0.0054683755,-0.73217905,-0.07451723,0.02833998,-0.87562466,-0.100298,0.055009324,-0.99848586,-0.112649836,-0.10172526,-0.47089761,-0.059984986,-0.09770912,-0.6479719,-0.087859884,-0.0889333,-0.7651671,-0.09126308,-0.07579603,-0.86827487,-0.09059425
F,Cristhian,Right,0.0,0.0,0.0,0.13756366,-0.09317193,-0.05307928,0.22866139,-0.27693763,-0.07377666,0.28038576,-0.4320496,-0.0981594,0.2927471,-0.5754714,-0.11519544,0.15655525,-0.46396047,0.00803537,0.20194015,-0.58482176,-0.07697827,0.20191619,-0.47786692,-0.14727996,0.18149926,-0.36364374,-0.17585886,0.078030504,-0.5144119,0.0014609239,0.12968664,-0.71975356,-0.03713037,0.16395417,-0.853589,-0.07310418,0.19443804,-0.9757367,-0.095992796,-0.008779148,-0.51988363,-0.024746904,0.017909722,-0.7388376,-0.06643121,0.043574464,-0.8784606,-0.09322564,0.073161356,-0.9973201,-0.10548022,-0.09957663,-0.48152104,-0.05796305,-0.09164292,-0.66125965,-0.08126169,-0.0803658,-0.7764274,-0.08043008,-0.06389287,-0.8786734,-0.07675231
F,Cristhian,Right,0.0,0.0,0.0,0.123981476,-0.11735573,-0.045050696,0.19957054,-0.29709354,-0.059115622,0.2168117,-0.44343352,-0.07428413,0.23850676,-0.55250067,-0.090125345,0.12926424,-0.5128407,-0.009835611,0.15024523,-0.69919467,-0.051361836,0.16079968,-0.8152106,-0.08778679,0.17060204,-0.9117823,-0.112802416,0.04519038,-0.5326431,-0.020070327,0.059148073,-0.75289655,-0.061749607,0.07237676,-0.88574266,-0.097318895,0.08683557,-0.9962227,-0.11987354,-0.038156983,-0.5142646,-0.040608607,-0.0328566,-0.73315614,-0.086521275,-0.018983593,-0.87241846,-0.115604945,-0.0025265226,-0.98690665,-0.13175073,-0.12778905,-0.46133336,-0.06588533,-0.13059045,-0.63168174,-0.106097825,-0.12854902,-0.74667007,-0.12150438,-0.11992576,-0.8533356,-0.12944123
F,Cristhian,Right,0.0,0.0,0.0,0.13243222,-0.13104045,-0.0579957,0.2089929,-0.3219695,-0.08117461,0.23991723,-0.49196807,-0.107002795,0.2515167,-0.6400986,-0.12566748,0.12013636,-0.4831314,0.002888376,0.14151847,-0.61581683,-0.08073988,0.13865823,-0.51613194,-0.14777635,0.12377135,-0.40017706,-0.17529479,0.034965098,-0.51874083,-0.0003760158,0.05430348,-0.7327264,-0.03942937,0.06608264,-0.8695539,-0.07421665,0.077720106,-0.99697524,-0.09668801,-0.052277822,-0.5111487,-0.023159163,-0.056657165,-0.7294547,-0.06570982,-0.050324213,-0.8704488,-0.09049341,-0.03494603,-0.9923798,-0.10139161,-0.14130697,-0.4621824,-0.053278647,-0.15575041,-0.6406393,-0.077559076,-0.15525047,-0.75211287,-0.07659582,-0.14708719,-0.8510804,-0.07254333
F,Cristhian,Right,0.0,0.0,0.0,0.13544844,-0.12932825,-0.06084616,0.20808671,-0.32790452,-0.07468637,0.22359028,-0.50987446,-0.08591231,0.24317619,-0.65483826,-0.09557861,0.09883687,-0.5091541,-0.0013965883,0.096620485,-0.6924763,-0.035505388,0.08505798,-0.81164855,-0.0689618,0.073331274,-0.9152949,-0.09340133,0.017028596,-0.524299,0.00041834588,0.019811092,-0.7366849,-0.03228163,0.028140765,-0.87897074,-0.06373009,0.040856116,-0.99916506,-0.08473487,-0.0620093,-0.5039065,-0.010670447,-0.07044427,-0.71877027,-0.0515818,-0.06310975,-0.85925674,-0.07772074,-0.046244547,-0.9760223,-0.09186475,-0.14573191,-0.44811186,-0.028419513,-0.16847079,-0.6167055,-0.066406965,-0.17362195,-0.7287711,-0.08183343,-0.17060094,-0.83093137,-0.08973829
F,Cristhian,Right,0.0,0.0,0.0,0.14096685,-0.13352996,-0.05422711,0.20780776,-0.34009114,-0.068561286,0.2251744,-0.5238883,-0.08419751,0.2344854,-0.6725679,-0.09335626,0.10636967,-0.47679448,-0.0010469934,0.118865676,-0.62156314,-0.07620529,0.11800552,-0.5311672,-0.1360511,0.107414596,-0.42620715,-0.16143852,0.02113963,-0.50626385,-0.0030698169,0.024296582,-0.7280006,-0.039403006,0.025780886,-0.8729865,-0.07475901,0.025160575,-0.99968344,-0.099617034,-0.064325035,-0.49360782,-0.02259754,-0.07916675,-0.7159404,-0.0653587,-0.07715865,-0.86303896,-0.09522903,-0.06766393,-0.98728204,-0.1113088,-0.15116763,-0.44171962,-0.0481158,-0.17734689,-0.6157395,-0.07761638,-0.18205212,-0.72811604,-0.08480916,-0.1789567,-0.82729536,-0.08761188
F,Cristhian,Right,0.0,0.0,0.0,0.13528134,-0.14659294,-0.052757453,0.19632438,-0.35285014,-0.06293264,0.21083148,-0.53619826,-0.07432948,0.21597649,-0.6847955,-0.08189386,0.08346089,-0.4847854,0.013191089,0.10492402,-0.6289792,-0.04428662,0.126707,-0.6132931,-0.09711662,0.13474843,-0.57360333,-0.12362303,0.001849012,-0.5132576,0.010989737,0.0064153527,-0.73352504,-0.017962638,0.010470989,-0.8806946,-0.052774373,0.013036598,-0.999915,-0.07782733,-0.07868869,-0.49901673,-0.008091108,-0.09179489,-0.71772814,-0.045384757,-0.090351224,-0.86882466,-0.076982066,-0.07970968,-0.9925705,-0.09551206,-0.162128,-0.4465199,-0.03373194,-0.18986458,-0.61630225,-0.06359434,-0.1980356,-0.7307302,-0.07485855,-0.19701633,-0.83296514,-0.08147974
F,Cristhian,Right,0.0,0.0,0.0,0.1348321,-0.1262854,-0.063166976,0.2105727,-0.3130618,-0.08066722,0.22878525,-0.49337423,-0.09611598,0.24330951,-0.6451662,-0.10966955,0.098659076,-0.50911427,-0.010883015,0.105460785,-0.71256095,-0.05089572,0.101610474,-0.84589225,-0.08658089,0.093720295,-0.9634048,-0.111492634,0.021105474,-0.5239257,-0.010713397,0.031932876,-0.74559706,-0.04763958,0.03649166,-0.8836419,-0.08242843,0.040855434,-0.99916506,-0.10536995,-0.055638272,-0.5080553,-0.022757929,-0.054664355,-0.72245663,-0.06455374,-0.050365325,-0.8628532,-0.09089984,-0.042321585,-0.97756016,-0.10498526,-0.13832536,-0.460326,-0.04190004,-0.15708356,-0.6335075,-0.079229854,-0.16131862,-0.74969524,-0.093036585,-0.15951583,-0.8544264,-0.09900568
F,Cristhian,Right,0.0,0.0,0.0,0.14614463,-0.103620335,-0.03950328,0.22817549,-0.2795944,-0.051994257,0.26274866,-0.4370047,-0.06923658,0.27714795,-0.5656027,-0.081756234,0.14311339,-0.45416224,0.0047119264,0.18622616,-0.58824027,-0.069953315,0.18937418,-0.5183146,-0.13168271,0.17530465,-0.43015182,-0.15885203,0.064086765,-0.5043882,-0.006291215,0.10217504,-0.72903436,-0.046248272,0.1282083,-0.863494,-0.0822689,0.15059838,-0.97706485,-0.10569363,-0.024210138,-0.5136713,-0.032875884,-0.010455689,-0.7399893,-0.07689625,0.01119939,-0.8834218,-0.108601406,0.036186524,-0.99934506,-0.12495949,-0.11606843,-0.4846198,-0.06405495,-0.11404891,-0.6667228,-0.09245285,-0.1041631,-0.78529876,-0.098168515,-0.08874535,-0.887878,-0.09982419
F,Cristhian,Right,0.0,0.0,0.0,0.13619173,-0.110649854,-0.050167695,0.21982597,-0.29160413,-0.07224159,0.26322874,-0.4490829,-0.09844738,0.2810618,-0.5948175,-0.11754275,0.14271542,-0.47165534,0.005785244,0.18298246,-0.59388036,-0.07916083,0.1822534,-0.4845431,-0.14799187,0.16190323,-0.36470753,-0.17614517,0.066042885,-0.51499456,-0.0023152307,0.10609445,-0.7287698,-0.04300307,0.13664296,-0.86349773,-0.07823546,0.1652264,-0.98178786,-0.100088134,-0.019195164,-0.51360744,-0.029240552,-0.0036480764,-0.7432553,-0.07467978,0.015750939,-0.883171,-0.10039062,0.040410742,-0.9991832,-0.11090537,-0.10632967,-0.46895012,-0.062210094,-0.10773486,-0.65328753,-0.0890712,-0.102151476,-0.7726596,-0.08759886,-0.090530396,-0.8761295,-0.0825665
F,Cristhian,Right,0.0,0.0,0.0,0.13399227,-0.10670037,-0.049933057,0.22352533,-0.2965303,-0.06878923,0.26108152,-0.46338287,-0.09130665,0.28240865,-0.60767347,-0.1070731,0.14150126,-0.48076892,0.012151035,0.17983635,-0.6034697,-0.070112616,0.17060186,-0.4927912,-0.13998276,0.14234379,-0.3741038,-0.16918638,0.06272616,-0.52376914,0.0063530006,0.10527252,-0.7309272,-0.030127952,0.13058932,-0.8589965,-0.064858586,0.15122369,-0.9716481,-0.08667928,-0.021850703,-0.5225946,-0.018299328,-0.0070817424,-0.74228126,-0.05932513,0.009335493,-0.88160205,-0.08401593,0.029646432,-0.9995605,-0.094598375,-0.10973724,-0.47514978,-0.04934666,-0.1108971,-0.65881836,-0.07146893,-0.10676084,-0.7738347,-0.06710909,-0.09844294,-0.87395984,-0.060535274
F,Cristhian,Right,0.0,0.0,0.0,0.1398698,-0.10110906,-0.059821807,0.22233585,-0.28371096,-0.08297212,0.26126823,-0.4432006,-0.10710326,0.2838069,-0.58303326,-0.12351361,0.1426061,-0.45853984,-0.008639196,0.18567282,-0.5834666,-0.09482313,0.18706468,-0.4845711,-0.16309914,0.16573684,-0.37334153,-0.1914306,0.06653353,-0.5052243,-0.012506428,0.11235271,-0.7229925,-0.058233216,0.13849267,-0.8632019,-0.09817411,0.15853992,-0.98735255,-0.12372777,-0.016676532,-0.5085747,-0.034754124,0.00027494863,-0.72808224,-0.0838879,0.018834159,-0.8695218,-0.113890976,0.04008889,-0.9896972,-0.12721273,-0.1051978,-0.47400096,-0.0636214,-0.10181943,-0.6569093,-0.09262324,-0.09424342,-0.7736399,-0.09454958,-0.0822308,-0.87736285,-0.0922687
F,Cristhian,Right,0.0,0.0,0.0,0.12940699,-0.10863608,-0.05215544,0.2175275,-0.28616607,-0.07305135,0.25154436,-0.45006135,-0.09743411,0.26930338,-0.59755456,-0.117478065,0.13160037,-0.45571283,0.0017618758,0.16526677,-0.588546,-0.075575076,0.15806174,-0.5018331,-0.14149669,0.13200165,-0.3946343,-0.17037427,0.055521693,-0.5014094,-0.0048832465,0.09512527,-0.7236418,-0.03869097,0.116115004,-0.8567006,-0.07275635,0.13398851,-0.96451026,-0.09573963,-0.026137881,-0.502802,-0.02942915,-0.010399733,-0.7345299,-0.06884063,0.0041022664,-0.8810612,-0.0956277,0.023829052,-0.99971604,-0.1095982,-0.11273744,-0.46024686,-0.060476866,-0.11537527,-0.644821,-0.08725134,-0.11260114,-0.7616672,-0.08796381,-0.108132154,-0.8613628,-0.0858427
F,Cristhian,Right,0.0,0.0,0.0,0.13639718,-0.0901571,-0.06192771,0.23159601,-0.2624977,-0.08818212,0.28001076,-0.42041957,-0.115193084,0.31509727,-0.5546586,-0.13537529,0.16581364,-0.45729566,-0.015981656,0.19638522,-0.57275516,-0.10162616,0.17370133,-0.46170792,-0.16928494,0.13799655,-0.34744567,-0.1987115,0.084794246,-0.50762635,-0.019255279,0.11813994,-0.730853,-0.06273867,0.1392847,-0.8648307,-0.09792646,0.16264643,-0.97998697,-0.12064803,-0.0009255802,-0.5096261,-0.040765453,0.014240151,-0.7379867,-0.08942849,0.034023825,-0.87813497,-0.117170915,0.06165602,-0.9980975,-0.13029455,-0.089391105,-0.4670598,-0.06893563,-0.0871155,-0.64691156,-0.10125466,-0.07979242,-0.7608626,-0.10427882,-0.06928728,-0.8624397,-0.1029527
F,Cristhian,Right,0.0,0.0,0.0,0.12136959,-0.108950734,-0.047497466,0.20383586,-0.27402508,-0.06708187,0.24270192,-0.4270918,-0.08840376,0.28178725,-0.5497997,-0.1098228,0.14974219,-0.4660584,-0.008816976,0.20755258,-0.6065971,-0.061395068,0.24867608,-0.68469995,-0.10950277,0.28085774,-0.74906915,-0.13924026,0.071290925,-0.51158077,-0.018735694,0.10258125,-0.7276222,-0.061106868,0.12782158,-0.8653111,-0.09896784,0.14786498,-0.97948337,-0.12302179,-0.011569076,-0.5155981,-0.04018917,0.002961237,-0.74128246,-0.087365076,0.01891646,-0.8835139,-0.116195545,0.03706129,-0.999313,-0.13089742,-0.09949318,-0.4825572,-0.06653358,-0.10106143,-0.65752095,-0.106435366,-0.09648376,-0.77528363,-0.11893243,-0.085398346,-0.8784159,-0.12358295
F,Cristhian,Right,0.0,0.0,0.0,0.14744776,-0.10626432,-0.05212403,0.23764035,-0.2986624,-0.07024536,0.2709075,-0.46146783,-0.09190999,0.2951451,-0.6006292,-0.1058232,0.16225046,-0.46492788,0.009161033,0.19838536,-0.59278536,-0.076687455,0.19429712,-0.49045187,-0.14725992,0.17238277,-0.3742914,-0.17672403,0.082153276,-0.5118068,0.004315225,0.12303726,-0.71378064,-0.038571343,0.1551463,-0.8471202,-0.078044094,0.18380223,-0.9641208,-0.10271865,-0.003628517,-0.5171414,-0.01959633,0.010495242,-0.73900753,-0.06439878,0.032867406,-0.8814798,-0.09163522,0.061328534,-0.9981176,-0.10299722,-0.094103955,-0.48066288,-0.05028219,-0.09309157,-0.6642286,-0.075443335,-0.08500081,-0.77929485,-0.07602606,-0.0712648,-0.87774754,-0.07226454
F,Cristhian,Right,0.0,0.0,0.0,0.1413649,-0.095110096,-0.057907272,0.23615353,-0.28766665,-0.07982567,0.28007957,-0.4489884,-0.10300672,0.30293256,-0.58888793,-0.11843639,0.16097626,-0.46475184,-0.009014916,0.19870694,-0.58110064,-0.096840054,0.18802837,-0.46735352,-0.16503987,0.161023,-0.3489743,-0.19292514,0.079325594,-0.5124182,-0.01250746,0.1202533,-0.7107858,-0.058294617,0.15575826,-0.8446821,-0.094656914,0.18812533,-0.9678397,-0.11713292,-0.0081275785,-0.5130243,-0.034760755,0.0072182748,-0.7327786,-0.08372595,0.031254683,-0.8756322,-0.11127773,0.060691826,-0.99815655,-0.12281053,-0.09744409,-0.4684394,-0.06361411,-0.094294004,-0.6488563,-0.093686335,-0.08441617,-0.76615775,-0.096287906,-0.07046485,-0.86846507,-0.093860105
F,Cristhian,Right,0.0,0.0,0.0,0.115913674,-0.15232876,-0.026260976,0.17682795,-0.3453969,-0.034081537,0.1998996,-0.5036637,-0.0474707,0.20307684,-0.6268715,-0.06265383,0.09957715,-0.494048,0.008439917,0.13590734,-0.6389678,-0.044136714,0.16748714,-0.70767486,-0.09371378,0.1915127,-0.7579809,-0.1230233,0.015883954,-0.51995826,-0.010363809,0.0221533,-0.7447664,-0.05054947,0.033412922,-0.8852109,-0.090170495,0.043665685,-0.9990462,-0.116188705,-0.068306476,-0.50627786,-0.039472,-0.07772198,-0.73173404,-0.082400754,-0.071686015,-0.8764595,-0.112950705,-0.060743805,-0.99251467,-0.12996969,-0.15435109,-0.45720154,-0.07188423,-0.17126347,-0.6331108,-0.10651705,-0.17998296,-0.75540864,-0.117745556,-0.17990912,-0.8641466,-0.123006485
F,Cristhian,Right,0.0,0.0,0.0,0.11590273,-0.14138266,-0.05126103,0.16360109,-0.35733226,-0.070041664,0.17986163,-0.52939284,-0.09184004,0.17664993,-0.66719085,-0.10654038,0.059294544,-0.49873197,-0.002363611,0.07915157,-0.6274194,-0.08487425,0.09840733,-0.5209004,-0.15074551,0.09973147,-0.4011425,-0.17861667,-0.026136624,-0.5183966,-0.0090734465,-0.028313417,-0.73333454,-0.053157836,-0.02483607,-0.87438613,-0.09026521,-0.021504274,-0.99976873,-0.113912314,-0.108043335,-0.49067226,-0.033676,-0.13681284,-0.7159162,-0.08138445,-0.14421283,-0.86197066,-0.11079632,-0.14325157,-0.9885254,-0.12446564,-0.18108565,-0.42120707,-0.06429551,-0.21373743,-0.59784335,-0.09362116,-0.22889297,-0.71292484,-0.097352505,-0.2372682,-0.816388,-0.09683168
F,Cristhian,Right,0.0,0.0,0.0,0.115648426,-0.13872477,-0.051173456,0.17105329,-0.35271797,-0.06838381,0.18824407,-0.52359116,-0.08873885,0.17749907,-0.6612982,-0.101810634,0.069884114,-0.49943215,0.0004427054,0.084429696,-0.62808764,-0.07878004,0.09693433,-0.52066165,-0.14220393,0.09441945,-0.40582773,-0.1689346,-0.01564796,-0.5203504,-0.0066109267,-0.022956118,-0.73083663,-0.047285818,-0.019863425,-0.8704328,-0.0835116,-0.016934482,-0.9998566,-0.107100554,-0.098934785,-0.49545753,-0.031584334,-0.12667724,-0.71331614,-0.07700481,-0.13348335,-0.85840136,-0.10695714,-0.13257247,-0.98672295,-0.12167851,-0.17518036,-0.42908317,-0.06272407,-0.20561734,-0.6021457,-0.09154162,-0.22083837,-0.71471643,-0.09585025,-0.22979167,-0.81673086,-0.09576492
F,Cristhian,Right,0.0,0.0,0.0,0.11837956,-0.13535982,-0.063117415,0.17568694,-0.35027197,-0.08540495,0.18440528,-0.5256194,-0.10794433,0.18343052,-0.66785574,-0.12214975,0.07301734,-0.49383888,-0.010458052,0.07794336,-0.61988103,-0.0953551,0.08362265,-0.5100124,-0.16142239,0.07957119,-0.39513966,-0.18886834,-0.016686905,-0.5156638,-0.010608105,-0.027072543,-0.71825373,-0.054922655,-0.0254199,-0.8624234,-0.09057331,-0.023742441,-0.9997181,-0.1130543,-0.10056533,-0.491516,-0.029760502,-0.13009678,-0.7074275,-0.076523475,-0.13691923,-0.84983146,-0.102746114,-0.13489974,-0.97610015,-0.11382722,-0.17675814,-0.4247262,-0.05635869,-0.21203375,-0.5987925,-0.08432417,-0.22609508,-0.7094327,-0.08670163,-0.23287734,-0.80693114,-0.08440118
F,Cristhian,Right,0.0,0.0,0.0,0.11868289,-0.13988815,-0.059547294,0.17781684,-0.35337117,-0.08057698,0.19172263,-0.52557635,-0.10191867,0.18670091,-0.6647084,-0.11519053,0.076978855,-0.49852195,-0.012828403,0.08093911,-0.6239776,-0.096482575,0.08686645,-0.5096836,-0.16094147,0.08302643,-0.3899236,-0.18711255,-0.014986333,-0.5154866,-0.01465969,-0.02960004,-0.7246912,-0.05735924,-0.032426264,-0.86619025,-0.09168217,-0.035002172,-0.99938726,-0.113711976,-0.10164789,-0.48711196,-0.034687333,-0.13215165,-0.7043667,-0.08060946,-0.1401614,-0.8451039,-0.10699907,-0.14089234,-0.9691379,-0.11848889,-0.18023095,-0.41750863,-0.061471913,-0.21532147,-0.5940631,-0.08844659,-0.23089553,-0.7045268,-0.09021519,-0.2411196,-0.80040115,-0.08789118
F,Cristhian,Right,0.0,0.0,0.0,0.11941911,-0.14275289,-0.05444072,0.17762966,-0.3578733,-0.07181659,0.18282522,-0.52871305,-0.09093518,0.15563665,-0.66393745,-0.1010813,0.07069043,-0.5091095,0.0036681767,0.072036296,-0.6295786,-0.08284673,0.08870079,-0.50920355,-0.15107761,0.09359435,-0.38195366,-0.17739165,-0.019295827,-0.52126336,0.00068713585,-0.03676714,-0.72967273,-0.04088758,-0.037717573,-0.8701983,-0.076841295,-0.03801032,-0.99927735,-0.09921146,-0.103231855,-0.49082288,-0.021610737,-0.13824825,-0.70246136,-0.0661642,-0.14714234,-0.8445131,-0.09309693,-0.14890234,-0.96752787,-0.10421058,-0.17709947,-0.42256355,-0.050654598,-0.2146452,-0.5979362,-0.0746164,-0.23257928,-0.7102311,-0.07519698,-0.24315456,-0.81003493,-0.07181836
F,Cristhian,Right,0.0,0.0,0.0,0.1211359,-0.15342312,-0.052386567,0.16955845,-0.36807105,-0.06851738,0.16821489,-0.5399889,-0.08713348,0.14804572,-0.6792511,-0.09847722,0.07294415,-0.50439817,0.003850812,0.067169376,-0.6383018,-0.07494881,0.07192901,-0.5347818,-0.1387334,0.07151765,-0.41598195,-0.16482748,-0.016633855,-0.51578236,0.0010419724,-0.03559874,-0.72850305,-0.035617433,-0.0421682,-0.8708571,-0.07010483,-0.04664916,-0.9989113,-0.09328396,-0.1003691,-0.48419034,-0.020007793,-0.1372017,-0.69435877,-0.060417265,-0.14869933,-0.83746666,-0.08696596,-0.15036057,-0.9583724,-0.099601746,-0.17688611,-0.41489026,-0.04763788,-0.21389124,-0.5909246,-0.071488485,-0.23118488,-0.70421076,-0.07351604,-0.24089238,-0.8024806,-0.07216966
F,Cristhian,Right,0.0,0.0,0.0,0.12961362,-0.15094328,-0.05768944,0.1769342,-0.3747378,-0.0700261,0.18156481,-0.55868924,-0.084008195,0.15775263,-0.7034961,-0.089899726,0.06818003,-0.5076076,0.012422672,0.0675176,-0.65012825,-0.060778305,0.07107881,-0.5497721,-0.1220226,0.06698815,-0.43016663,-0.14727412,-0.017721053,-0.52192116,0.013357576,-0.035309557,-0.7347482,-0.018135453,-0.047725514,-0.8727646,-0.051667627,-0.058368154,-0.9982951,-0.07525335,-0.09782658,-0.49475303,-0.005312244,-0.13103266,-0.6991356,-0.04113046,-0.144848,-0.83797187,-0.06569747,-0.14925252,-0.9559167,-0.07795124,-0.17416692,-0.43269366,-0.03185534,-0.20652246,-0.6082488,-0.050832365,-0.22133462,-0.7192582,-0.050747667,-0.2274981,-0.81711954,-0.049227912
F,Cristhian,Right,0.0,0.0,0.0,0.13419493,-0.14675725,-0.062199015,0.18808016,-0.36371952,-0.07794651,0.1886777,-0.5457007,-0.09528658,0.17498031,-0.6947308,-0.103248134,0.08673362,-0.50534534,0.013029729,0.080037706,-0.64515847,-0.07107052,0.08150136,-0.5441919,-0.13895501,0.07699168,-0.42604083,-0.16620895,0.00017680212,-0.5159149,0.015969027,-0.020877764,-0.7265437,-0.023821438,-0.037308812,-0.8699454,-0.060497366,-0.05337979,-0.99857426,-0.08406175,-0.07963408,-0.48711076,-0.0022335765,-0.11161374,-0.6885071,-0.043678395,-0.1260489,-0.8260838,-0.065986656,-0.13280156,-0.94366914,-0.0741264,-0.15861599,-0.42527318,-0.029028019,-0.18763226,-0.5982952,-0.05175952,-0.20161612,-0.709362,-0.051965635,-0.20799202,-0.8095535,-0.048306473
F,Cristhian,Right,0.0,0.0,0.0,0.12973578,-0.14795043,-0.045934036,0.18519247,-0.35687357,-0.056699052,0.19134088,-0.5388375,-0.07173667,0.18410829,-0.6837451,-0.078774236,0.09334054,-0.5095733,0.026444865,0.084730975,-0.64947927,-0.045581423,0.08883603,-0.5613512,-0.10740736,0.08861403,-0.4509022,-0.13340999,0.006963715,-0.52312833,0.021575352,-0.015722128,-0.7395811,-0.011739896,-0.03100658,-0.8798052,-0.04744132,-0.044898342,-0.99899155,-0.07088526,-0.07567231,-0.5003109,-0.0017538742,-0.11185315,-0.70673585,-0.039264373,-0.12865402,-0.84362274,-0.06296161,-0.13673893,-0.95621264,-0.072884925,-0.15526241,-0.44423,-0.03174599,-0.18936859,-0.61816716,-0.05131664,-0.20442863,-0.72798705,-0.05102286,-0.21167526,-0.82489437,-0.047810916
F,Cristhian,Right,0.0,0.0,0.0,0.13104369,-0.13951892,-0.053231828,0.1978463,-0.3387497,-0.0707663,0.20812652,-0.5119088,-0.09043551,0.21615353,-0.6579982,-0.10173878,0.09305015,-0.50661945,0.010158351,0.09855481,-0.63752383,-0.064254135,0.09712891,-0.5261777,-0.12648556,0.08306453,-0.39905563,-0.15195274,0.007288961,-0.5253157,0.007196204,-0.0046253707,-0.74496245,-0.025070466,-0.01094255,-0.8839879,-0.057048466,-0.014530377,-0.99989444,-0.07831391,-0.07429672,-0.50568074,-0.014343797,-0.09721753,-0.72086644,-0.050584607,-0.10294462,-0.864508,-0.07329922,-0.099805646,-0.98102677,-0.08312482,-0.15145414,-0.44850898,-0.04301759,-0.17377514,-0.6313996,-0.0630134,-0.1817953,-0.7479386,-0.06139506,-0.18330798,-0.8477233,-0.05721043
F,Cristhian,Right,0.0,0.0,0.0,0.118947685,-0.12084425,-0.06245384,0.18015014,-0.32272008,-0.08634061,0.20409048,-0.49341738,-0.111203104,0.20636913,-0.63683856,-0.12716784,0.10493692,-0.50269604,-0.00610055,0.116566524,-0.633472,-0.09131733,0.11126212,-0.51985687,-0.15857626,0.0931543,-0.3931724,-0.18580192,0.016595753,-0.5241221,-0.007636677,0.012193797,-0.7437053,-0.04808927,0.004759284,-0.88080484,-0.081522316,-0.0005752042,-0.9999998,-0.10297617,-0.067143716,-0.5030464,-0.028922122,-0.083632946,-0.7158661,-0.07023307,-0.09138257,-0.86041737,-0.09376997,-0.091100074,-0.98427,-0.10445183,-0.14539458,-0.44598845,-0.058262274,-0.16050066,-0.62572724,-0.08117279,-0.16786988,-0.7420277,-0.080966376,-0.16898048,-0.8483346,-0.07809602
F,Cristhian,Right,0.0,0.0,0.0,0.12704206,-0.11186241,-0.06832442,0.20417365,-0.29842,-0.094134934,0.22686622,-0.45683485,-0.119796835,0.2300378,-0.5890068,-0.13624889,0.12817547,-0.479725,-0.013845612,0.1483207,-0.61659145,-0.100451015,0.12621641,-0.5009451,-0.16801283,0.093371734,-0.37857777,-0.19618808,0.037991084,-0.51236194,-0.013275438,0.040661465,-0.7309924,-0.059631478,0.037891928,-0.8701374,-0.09810286,0.036546353,-0.99933195,-0.12291089,-0.048157066,-0.4988713,-0.032211006,-0.058122706,-0.7119226,-0.08026169,-0.064565755,-0.8534147,-0.10748689,-0.06612782,-0.9742746,-0.11943382,-0.13011996,-0.45059314,-0.05911363,-0.13802981,-0.63024926,-0.0867955,-0.14259306,-0.74499834,-0.08849843,-0.14423917,-0.84617394,-0.08616921
F,Cristhian,Right,0.0,0.0,0.0,0.13230333,-0.1182834,-0.060313217,0.21033725,-0.31038904,-0.08167057,0.23794982,-0.47510952,-0.10543487,0.23341817,-0.61996853,-0.12048391,0.13249391,-0.49721465,0.0076184534,0.15436794,-0.632094,-0.075757936,0.14024337,-0.5250075,-0.14487186,0.114882246,-0.40142366,-0.17423804,0.04474661,-0.5316246,0.0048515084,0.046365425,-0.7466615,-0.036255784,0.04169491,-0.881351,-0.07432484,0.039093524,-0.9992356,-0.09873777,-0.04016484,-0.51988256,-0.01794901,-0.0493883,-0.72847414,-0.06088523,-0.054289542,-0.86649394,-0.08539924,-0.05374229,-0.98301655,-0.09590993,-0.12081233,-0.47090027,-0.048746027,-0.1279114,-0.646507,-0.072336875,-0.1308667,-0.75842214,-0.07118155,-0.13013384,-0.8592235,-0.066949
F,Cristhian,Right,0.0,0.0,0.0,0.13204277,-0.115948506,-0.06389907,0.21011075,-0.31975603,-0.084038116,0.23976257,-0.48521572,-0.105219305,0.24607046,-0.6214371,-0.1160224,0.13111019,-0.4934577,0.004162339,0.14942366,-0.6250905,-0.08006453,0.13668625,-0.50968474,-0.1478144,0.11358479,-0.38465482,-0.17554201,0.043473188,-0.52509594,0.0051714703,0.04358612,-0.7342374,-0.036805972,0.042565927,-0.8718275,-0.07359604,0.044269085,-0.9990196,-0.09693978,-0.0408063,-0.5117814,-0.014324475,-0.04785857,-0.7162577,-0.057727728,-0.054187894,-0.85319334,-0.08126573,-0.055789534,-0.97255534,-0.09048867,-0.1211467,-0.4628302,-0.04211906,-0.12500367,-0.6377684,-0.06408869,-0.12918624,-0.7476824,-0.06195892,-0.13001035,-0.8474425,-0.056901414
F,Cristhian,Right,0.0,0.0,0.0,0.12706138,-0.12308347,-0.05717989,0.1984546,-0.31124777,-0.07822205,0.22688095,-0.47275877,-0.1009637,0.23065822,-0.6112472,-0.11614882,0.11104468,-0.48719794,-0.0039085755,0.1328464,-0.62619466,-0.08525113,0.14077197,-0.5353345,-0.15005963,0.13799292,-0.42583504,-0.17756721,0.028462337,-0.5179422,-0.008389764,0.030690677,-0.73924327,-0.051619224,0.029674666,-0.8777418,-0.09071544,0.030404942,-0.99953765,-0.116568774,-0.051733043,-0.5039702,-0.030761153,-0.06263326,-0.7182444,-0.07549695,-0.06611503,-0.857351,-0.10224619,-0.062477313,-0.97495645,-0.114775196,-0.128207,-0.4547016,-0.060279623,-0.13674939,-0.6344092,-0.08664958,-0.14151214,-0.7484862,-0.08817245,-0.14113632,-0.84917897,-0.08597871
F,Cristhian,Right,0.0,0.0,0.0,0.12951303,-0.12017909,-0.056149367,0.20090725,-0.3103235,-0.07663195,0.22122434,-0.47143638,-0.099622265,0.2314139,-0.60577667,-0.11270534,0.12915364,-0.49028593,0.0044594454,0.1455014,-0.61980885,-0.08135226,0.13840236,-0.50502753,-0.14765011,0.121999666,-0.37925655,-0.17359483,0.04206986,-0.51752883,-0.0002402728,0.039525036,-0.7372415,-0.04523698,0.0348121,-0.87510204,-0.0817114,0.032032248,-0.99948686,-0.1037933,-0.043031458,-0.50205463,-0.024271747,-0.05771278,-0.712217,-0.07091888,-0.06480218,-0.84752,-0.094010234,-0.066566706,-0.96494806,-0.101920605,-0.123806626,-0.4528652,-0.055475764,-0.13555731,-0.6306762,-0.079701744,-0.14129265,-0.74211806,-0.07761037,-0.1434546,-0.8419933,-0.07196204
F,Cristhian,Right,0.0,0.0,0.0,0.1259299,-0.12594838,-0.056950234,0.19276312,-0.324181,-0.076658785,0.21577775,-0.49357748,-0.098515905,0.21707588,-0.63679147,-0.111637145,0.11031346,-0.5052859,0.0033283962,0.122208126,-0.6464654,-0.08000381,0.12684803,-0.5414127,-0.14669365,0.12083102,-0.4208615,-0.1738927,0.024531528,-0.52810395,-0.00020772772,0.022790127,-0.7459322,-0.041206427,0.01939662,-0.8810436,-0.07757652,0.018783957,-0.9998236,-0.10084807,-0.05717514,-0.50818795,-0.023181992,-0.07341748,-0.7211503,-0.06590953,-0.081010394,-0.8631659,-0.091473915,-0.07969793,-0.98396844,-0.102667056,-0.13493058,-0.45200703,-0.05379353,-0.14876959,-0.6356801,-0.077448085,-0.15678577,-0.7502093,-0.078520924,-0.15892892,-0.851325,-0.076000124
F,Cristhian,Right,0.0,0.0,0.0,0.13363399,-0.121585175,-0.059456456,0.20031089,-0.3287866,-0.07696246,0.21707003,-0.50412256,-0.09546807,0.2163676,-0.64339083,-0.10488795,0.110103756,-0.50353205,-0.0010604891,0.11629691,-0.6344865,-0.08223753,0.11208796,-0.51743823,-0.14576936,0.098678686,-0.39193246,-0.17125446,0.019796377,-0.5239839,-0.0018586052,0.0074516516,-0.7362042,-0.042462654,-0.0023428872,-0.8728509,-0.077687286,-0.010496602,-0.9999449,-0.10046259,-0.06442717,-0.5021744,-0.021733467,-0.08897307,-0.7147209,-0.06558391,-0.100790694,-0.85326105,-0.09096098,-0.10515777,-0.9742697,-0.10168544,-0.14302415,-0.44354603,-0.049026616,-0.1635591,-0.62562126,-0.07365583,-0.17489524,-0.73889923,-0.07551786,-0.18080944,-0.8389146,-0.07349508
F,Cristhian,Right,0.0,0.0,0.0,0.12713714,-0.12650938,-0.056953225,0.19499665,-0.31528917,-0.07884531,0.21749121,-0.48105806,-0.103208125,0.21834052,-0.62045187,-0.11852656,0.114379965,-0.49349937,0.0024592474,0.1324677,-0.6313776,-0.08280853,0.13434017,-0.5271334,-0.14943798,0.1207856,-0.40421745,-0.17462675,0.027731758,-0.5158742,-0.0011354752,0.026770025,-0.7464331,-0.04118942,0.020074518,-0.88327456,-0.07366052,0.014150018,-0.99989986,-0.09254135,-0.056055438,-0.49861836,-0.02410105,-0.07149782,-0.7172703,-0.06442962,-0.07877708,-0.8612505,-0.08429857,-0.07937083,-0.97946495,-0.09024102,-0.13620415,-0.44689196,-0.05490769,-0.14970034,-0.63368106,-0.07459692,-0.15669845,-0.7500708,-0.06964673,-0.15885615,-0.85053545,-0.061730154
F,Cristhian,Right,0.0,0.0,0.0,0.1339909,-0.14207718,-0.056032356,0.20884933,-0.33698964,-0.06932458,0.22271208,-0.51358384,-0.08140276,0.22379932,-0.6604086,-0.091722794,0.10406734,-0.52017045,0.0002930775,0.075462654,-0.7186983,-0.035113353,0.047235925,-0.84777355,-0.069457754,0.022209419,-0.9584613,-0.093164176,0.0210512,-0.5266917,0.0007067385,9.364975e-05,-0.7414341,-0.032761957,-0.01236259,-0.8841659,-0.065712444,-0.019771488,-0.9998045,-0.08666771,-0.059413873,-0.50595814,-0.010595081,-0.08371598,-0.7187986,-0.04658555,-0.09579345,-0.85933775,-0.06773704,-0.099954784,-0.96893406,-0.07753998,-0.14066142,-0.45697814,-0.028908987,-0.16308378,-0.6338451,-0.059162162,-0.17419563,-0.7474278,-0.0684651,-0.1799222,-0.8450435,-0.070661545
F,Cristhian,Right,0.0,0.0,0.0,0.12121253,-0.15103316,-0.050049532,0.18112163,-0.35086396,-0.061503913,0.18650118,-0.5253073,-0.07228419,0.18143696,-0.6660711,-0.08119356,0.07687101,-0.51859707,0.0055450485,0.045420215,-0.69863164,-0.027455233,0.01301382,-0.81369877,-0.0597926,-0.013476727,-0.90889084,-0.08210508,-0.007498836,-0.5201046,0.0034205362,-0.038707756,-0.73469687,-0.029725809,-0.059902746,-0.88002586,-0.0612049,-0.07476881,-0.9972009,-0.08100107,-0.08612866,-0.4943051,-0.010001131,-0.11963268,-0.70364237,-0.04710474,-0.1355706,-0.8451371,-0.06969417,-0.14224544,-0.95571125,-0.080455564,-0.16308688,-0.43987796,-0.029387344,-0.19153191,-0.61081004,-0.059728313,-0.20356584,-0.72350323,-0.06912658,-0.20795384,-0.8228239,-0.07206183
F,Cristhian,Right,0.0,0.0,0.0,0.12557681,-0.11956997,-0.056370623,0.19869013,-0.31177023,-0.07748042,0.22297204,-0.47753656,-0.099857956,0.2247095,-0.6130727,-0.11409835,0.118265145,-0.49607933,-0.009604923,0.13605209,-0.63346887,-0.091109425,0.12851124,-0.5327099,-0.15359975,0.11203677,-0.4156811,-0.1792486,0.026669236,-0.5264796,-0.013082022,0.021098496,-0.7489948,-0.05580234,0.017084062,-0.88153785,-0.08937216,0.014477388,-0.9998952,-0.11030527,-0.060115352,-0.51102257,-0.0339239,-0.0788711,-0.7300329,-0.07885923,-0.08533256,-0.8691901,-0.10324779,-0.08659402,-0.9899694,-0.11388208,-0.13905393,-0.45900983,-0.061324198,-0.15343493,-0.63673323,-0.08840005,-0.15779601,-0.74817413,-0.08905867,-0.15793441,-0.8482723,-0.08571251
F,Cristhian,Right,0.0,0.0,0.0,0.121323675,-0.13330792,-0.06007826,0.18691489,-0.32970753,-0.083199374,0.21649157,-0.49685547,-0.10758872,0.20974164,-0.6385149,-0.12385221,0.09473299,-0.486946,-0.006437923,0.112247124,-0.6333247,-0.08680067,0.11129737,-0.5368882,-0.15118937,0.09784816,-0.42020777,-0.1780045,0.009546076,-0.51738983,-0.007938836,0.0063799093,-0.7366206,-0.045359723,0.0013815325,-0.8752648,-0.07934954,-0.0021159004,-0.99999774,-0.10245614,-0.072960556,-0.50309384,-0.027931519,-0.09144847,-0.715801,-0.06712214,-0.10200636,-0.8555402,-0.09086871,-0.10539439,-0.97173655,-0.10254332,-0.15141769,-0.45052093,-0.0556517,-0.16392562,-0.6280389,-0.07768237,-0.17352045,-0.7397622,-0.0764937,-0.17989334,-0.8360313,-0.07324253
F,Cristhian,Right,0.0,0.0,0.0,0.11780668,-0.1371019,-0.054381892,0.1821296,-0.33933634,-0.074877866,0.21572325,-0.5080625,-0.09831816,0.21058777,-0.6514507,-0.114231974,0.08573526,-0.49452478,0.003947657,0.10780116,-0.6342159,-0.07639492,0.11012977,-0.53560966,-0.14150284,0.09745153,-0.41573274,-0.16783829,0.0017238463,-0.5204859,-0.0009947662,0.0026561732,-0.73875904,-0.037297282,-0.0044920817,-0.8764081,-0.07142999,-0.011759362,-0.99993086,-0.0939724,-0.08096859,-0.5039207,-0.02479097,-0.101175964,-0.7173734,-0.06350165,-0.112245336,-0.8577858,-0.08762552,-0.11540558,-0.9753531,-0.09897725,-0.16174625,-0.44937113,-0.05592337,-0.17885153,-0.62755287,-0.076658435,-0.18729508,-0.7383759,-0.074491,-0.18975575,-0.8334615,-0.07034917
F,Cristhian,Right,0.0,0.0,0.0,0.12320355,-0.1475413,-0.056561843,0.17978415,-0.35498542,-0.07528762,0.18769863,-0.5325991,-0.09558154,0.17625219,-0.6813721,-0.10825138,0.069437735,-0.5103801,0.0016042126,0.067315675,-0.65400076,-0.07474345,0.07997891,-0.55598366,-0.13738908,0.08206074,-0.4425537,-0.16366965,-0.020221889,-0.52387,-0.0009304896,-0.038704455,-0.7450144,-0.03595101,-0.051874448,-0.8805274,-0.071537755,-0.062634304,-0.99803656,-0.09599809,-0.10372587,-0.49676827,-0.021509012,-0.1379971,-0.70912653,-0.05949476,-0.15530774,-0.8505424,-0.08519324,-0.161905,-0.9709939,-0.09814551,-0.18204142,-0.43017647,-0.049432162,-0.21324767,-0.6108628,-0.07052007,-0.22722049,-0.72233045,-0.07033702,-0.23342463,-0.82303476,-0.068003185
F,Cristhian,Right,0.0,0.0,0.0,0.1207256,-0.15249702,-0.053721048,0.17409739,-0.36075902,-0.07254467,0.17930292,-0.5354468,-0.0936113,0.16786145,-0.6836403,-0.106860645,0.07065495,-0.51799154,0.00489811,0.06616079,-0.65976006,-0.07141876,0.07214501,-0.55270696,-0.13462156,0.06709263,-0.43189642,-0.16129419,-0.019676894,-0.53010917,0.0010120985,-0.041185077,-0.7464064,-0.034558777,-0.059199806,-0.8802263,-0.07073193,-0.07824433,-0.99693424,-0.09534414,-0.1054175,-0.50112265,-0.02076483,-0.1437917,-0.7153331,-0.05967448,-0.16517086,-0.85439086,-0.086040914,-0.17847556,-0.97220796,-0.09909286,-0.18426517,-0.43399915,-0.049184173,-0.22040085,-0.61120725,-0.070759304,-0.23820563,-0.7200262,-0.070509635,-0.24956542,-0.8158745,-0.06765735
F,Cristhian,Right,0.0,0.0,0.0,0.13118497,-0.10900241,-0.063388675,0.21878426,-0.2958055,-0.087007925,0.25674152,-0.46019292,-0.11102317,0.26966858,-0.59854996,-0.12606718,0.14706035,-0.48296365,-0.0045781303,0.16946587,-0.6199639,-0.08759495,0.15068214,-0.51056904,-0.15491116,0.12136827,-0.3870671,-0.18295722,0.06012317,-0.5209812,-0.0043172287,0.07406771,-0.740366,-0.043795187,0.078980185,-0.87644446,-0.0790555,0.08525973,-0.99635875,-0.1020402,-0.02549939,-0.5136177,-0.023258166,-0.02749313,-0.72729915,-0.064153865,-0.02386723,-0.8685836,-0.08746455,-0.013084839,-0.98843336,-0.09771761,-0.10983401,-0.4679508,-0.050249286,-0.110581875,-0.6485973,-0.0720973,-0.10729608,-0.76090753,-0.069880396,-0.099263586,-0.86109096,-0.065212496
F,Cristhian,Right,0.0,0.0,0.0,0.13115607,-0.09698573,-0.06775433,0.22370176,-0.27844572,-0.09395542,0.26616293,-0.44453084,-0.119913176,0.28686517,-0.58578396,-0.13761562,0.1532421,-0.46786147,-0.013650728,0.18286061,-0.60832804,-0.09575502,0.16318625,-0.5089161,-0.16133988,0.13057922,-0.3946109,-0.18965892,0.07052169,-0.51585716,-0.012367709,0.09473187,-0.72722936,-0.054061215,0.10493109,-0.8664165,-0.09160041,0.114041224,-0.99347603,-0.11709672,-0.014515977,-0.51777506,-0.030042553,-0.013836795,-0.73478705,-0.074928634,-0.012326822,-0.8767116,-0.10289642,-0.0039318134,-0.9969642,-0.11675097,-0.10067658,-0.48009247,-0.05557464,-0.097304426,-0.6616121,-0.08309495,-0.09314499,-0.773552,-0.08598667,-0.08574328,-0.8717161,-0.085146956
F,Cristhian,Right,0.0,0.0,0.0,0.13345395,-0.10170022,-0.07021126,0.22711428,-0.2787923,-0.09762747,0.27052245,-0.44350544,-0.12408556,0.29150295,-0.58122194,-0.14172603,0.15232123,-0.47496587,-0.01463799,0.1826974,-0.61481696,-0.098213755,0.16028282,-0.5076399,-0.16462128,0.12504534,-0.38872063,-0.19273455,0.06758531,-0.51969963,-0.011851154,0.09391931,-0.7369638,-0.05323992,0.099248685,-0.8710041,-0.08938549,0.10261324,-0.99472135,-0.11333981,-0.017121844,-0.5178007,-0.02821158,-0.012933083,-0.7313646,-0.07148016,-0.011398737,-0.8732692,-0.09694224,-0.004481762,-0.99576855,-0.1088092,-0.10362442,-0.47547862,-0.05285876,-0.098694965,-0.6576073,-0.077726975,-0.094365336,-0.77087843,-0.0774651,-0.088303715,-0.8705532,-0.074055925
F,Cristhian,Right,0.0,0.0,0.0,0.13230853,-0.10821046,-0.06393207,0.2206775,-0.29265392,-0.08824821,0.26377568,-0.45333672,-0.11295695,0.28739557,-0.5854325,-0.12860627,0.14378569,-0.47669798,-0.00995319,0.17693135,-0.61170566,-0.09492155,0.16407974,-0.5019361,-0.16199268,0.13727443,-0.38665965,-0.19039354,0.056878924,-0.51855695,-0.010327538,0.07736742,-0.72836554,-0.05639721,0.08257695,-0.86595696,-0.09656289,0.08513915,-0.99636906,-0.12272092,-0.030435951,-0.5151093,-0.029242981,-0.033517107,-0.72808707,-0.07700236,-0.035987508,-0.86456674,-0.104319535,-0.033450406,-0.98429215,-0.116145186,-0.117241815,-0.47199962,-0.05556676,-0.11751249,-0.65152025,-0.08123288,-0.11534297,-0.7593834,-0.08124588,-0.11066439,-0.8555198,-0.077709295
F,Cristhian,Right,0.0,0.0,0.0,0.13228351,-0.11323178,-0.062319573,0.21309471,-0.29735774,-0.08509897,0.24553257,-0.46516773,-0.10824846,0.25576994,-0.60626566,-0.12328567,0.13203697,-0.47917494,-0.0062657027,0.15319796,-0.61779976,-0.08821097,0.14813769,-0.5109047,-0.15320265,0.12962851,-0.395115,-0.18018518,0.048345726,-0.51616156,-0.0066525773,0.06442768,-0.7321156,-0.04779356,0.0719524,-0.8691875,-0.08534205,0.07780238,-0.9969688,-0.110204734,-0.036889985,-0.5081569,-0.025555983,-0.04594987,-0.7215765,-0.06957384,-0.04710006,-0.8611716,-0.096412584,-0.039841108,-0.9840173,-0.10879811,-0.12198594,-0.4608532,-0.05184556,-0.1273099,-0.64165825,-0.07685781,-0.12600428,-0.7531865,-0.07726155,-0.11961696,-0.8533722,-0.07424018
F,Cristhian,Right,0.0,0.0,0.0,0.12862472,-0.11189521,-0.067773156,0.21371222,-0.29582268,-0.09497762,0.2521163,-0.45461982,-0.12202058,0.260671,-0.591924,-0.14047563,0.1453688,-0.4715566,-0.019116923,0.16516332,-0.5950793,-0.10684099,0.15111549,-0.47709304,-0.17421968,0.12645772,-0.3588183,-0.2017954,0.05563917,-0.50605285,-0.019320805,0.068709865,-0.7156063,-0.06639812,0.0694997,-0.85859895,-0.10673396,0.068320595,-0.99766344,-0.13319716,-0.03458268,-0.4960565,-0.037992682,-0.041694295,-0.7113608,-0.08678775,-0.046821393,-0.85000145,-0.114039585,-0.04574179,-0.97375,-0.125768,-0.12273483,-0.44750628,-0.06425505,-0.12787257,-0.63156545,-0.090995245,-0.12938157,-0.74409825,-0.09084421,-0.12877914,-0.84332514,-0.08696979
F,Cristhian,Right,0.0,0.0,0.0,0.12568505,-0.112964794,-0.068856664,0.20235889,-0.29509357,-0.09777524,0.2398486,-0.45567334,-0.12714437,0.25758845,-0.59181166,-0.14711022,0.12662804,-0.48189425,-0.012290763,0.15152654,-0.6155419,-0.10150509,0.14213109,-0.49734706,-0.1705308,0.118417144,-0.3763343,-0.19870418,0.04128589,-0.51686656,-0.011262588,0.059225686,-0.72729146,-0.057911057,0.06542161,-0.86444527,-0.097579174,0.06864278,-0.9976413,-0.1232719,-0.04619072,-0.50643164,-0.029997068,-0.054267943,-0.71858984,-0.078862734,-0.05976198,-0.85588974,-0.10773272,-0.059515085,-0.9783743,-0.12047982,-0.13318957,-0.45587173,-0.05657232,-0.13923627,-0.6365435,-0.08358434,-0.1413268,-0.7471915,-0.08533205,-0.14075096,-0.8459108,-0.08290518
F,Cristhian,Right,0.0,0.0,0.0,0.12983386,-0.10307478,-0.066703536,0.21528105,-0.2844474,-0.09384789,0.25307888,-0.44861248,-0.12087309,0.26497233,-0.5882056,-0.13992512,0.14188737,-0.47465163,-0.018003255,0.16479336,-0.61001337,-0.10172527,0.15063593,-0.50343037,-0.1662463,0.12645735,-0.38702646,-0.19312392,0.05310648,-0.51425713,-0.017670253,0.06744056,-0.7285942,-0.06093258,0.07444956,-0.8651662,-0.096254386,0.080327876,-0.9967685,-0.119284496,-0.035690464,-0.5061018,-0.035710014,-0.04487755,-0.7252304,-0.08176189,-0.05087525,-0.86402017,-0.1064067,-0.05023354,-0.9866653,-0.116955176,-0.12143201,-0.45627853,-0.061346844,-0.12897328,-0.6404281,-0.08825293,-0.13074747,-0.75305414,-0.08808124,-0.13009904,-0.8523334,-0.084233865
F,Cristhian,Right,0.0,0.0,0.0,0.12950167,-0.10853615,-0.06780804,0.21344362,-0.29401937,-0.09461998,0.25414556,-0.460043,-0.12086306,0.27620164,-0.59984845,-0.13802826,0.13699858,-0.47733352,-0.0198831,0.1629908,-0.6141392,-0.103950426,0.15422529,-0.5007203,-0.16742699,0.13279195,-0.38474202,-0.1937571,0.050854146,-0.5170646,-0.019116525,0.06601837,-0.723862,-0.06656003,0.07428996,-0.8620483,-0.10622205,0.07708408,-0.9970246,-0.13241583,-0.03783396,-0.5101971,-0.03671345,-0.05292373,-0.72788656,-0.08751049,-0.06145258,-0.8686764,-0.11813556,-0.06397487,-0.9944332,-0.132341,-0.12533814,-0.46341372,-0.061427407,-0.13610002,-0.64858246,-0.09086014,-0.1393548,-0.7608516,-0.09495837,-0.13978195,-0.8603434,-0.09447478
F,Cristhian,Right,0.0,0.0,0.0,0.13139948,-0.1031319,-0.067705855,0.21482502,-0.28715402,-0.09485782,0.25457937,-0.45707816,-0.12144881,0.2746276,-0.60050744,-0.14023848,0.13842405,-0.47165146,-0.022280227,0.16021395,-0.6154726,-0.10346183,0.14954448,-0.5176598,-0.16413447,0.13018806,-0.4080566,-0.18939143,0.052617095,-0.5122952,-0.02099763,0.06724545,-0.72414476,-0.064194344,0.07633668,-0.8619176,-0.098658904,0.08361535,-0.9964981,-0.12154914,-0.03483405,-0.5057911,-0.037889794,-0.051098436,-0.72448,-0.08548075,-0.058181446,-0.86718106,-0.11245284,-0.057169564,-0.99268395,-0.12503286,-0.120040625,-0.45914483,-0.062130794,-0.13190912,-0.64240766,-0.09175425,-0.13455215,-0.75570226,-0.09560794,-0.13342796,-0.85582227,-0.09514828
F,Cristhian,Right,0.0,0.0,0.0,0.13315709,-0.10867578,-0.06664867,0.20714892,-0.30224326,-0.08958035,0.24021757,-0.47476062,-0.1120302,0.2547933,-0.61826855,-0.1254406,0.13037336,-0.4786883,-0.007340309,0.14839575,-0.6125043,-0.09166689,0.14033821,-0.5056524,-0.15810107,0.12171472,-0.3888898,-0.1854448,0.04608689,-0.51356685,-0.005118887,0.058464136,-0.7290556,-0.047217935,0.060043897,-0.8699685,-0.08419641,0.06234307,-0.9980548,-0.10845161,-0.037296005,-0.50622314,-0.022399161,-0.04018639,-0.7178359,-0.06638691,-0.040336877,-0.86046296,-0.09247806,-0.033333242,-0.9836053,-0.10414341,-0.1191965,-0.46304595,-0.04773889,-0.11866705,-0.6428084,-0.071906075,-0.115353875,-0.75489175,-0.07257447,-0.10680995,-0.85467756,-0.06987105
F,Cristhian,Right,0.0,0.0,0.0,0.13666788,-0.10905578,-0.06765719,0.21653695,-0.2971486,-0.09201482,0.25179055,-0.46724463,-0.11603818,0.26119965,-0.6105947,-0.13107015,0.14025073,-0.4777483,-0.01264859,0.16364565,-0.6113059,-0.098944865,0.1450277,-0.49702382,-0.16647694,0.115263715,-0.37435848,-0.19399044,0.053087927,-0.5131947,-0.011065989,0.06449001,-0.7347709,-0.053271256,0.06416806,-0.8736226,-0.08918004,0.06641191,-0.9977923,-0.11253161,-0.031587936,-0.50451916,-0.028849294,-0.02867307,-0.7187838,-0.0715348,-0.025181035,-0.8593539,-0.09482326,-0.014485203,-0.9801098,-0.10470547,-0.115012065,-0.45734552,-0.055070326,-0.11292505,-0.6395433,-0.07798112,-0.10778727,-0.75479466,-0.07650491,-0.09853683,-0.85620576,-0.07217681
F,Cristhian,Right,0.0,0.0,0.0,0.14238967,-0.122848555,-0.061363064,0.21715409,-0.30916783,-0.08130022,0.23924589,-0.4875783,-0.102487475,0.25721928,-0.638642,-0.11524126,0.13062865,-0.484872,0.0072846804,0.14425053,-0.62574965,-0.069309026,0.12865943,-0.5172092,-0.13306314,0.10484658,-0.39498678,-0.16005482,0.044844594,-0.51470953,0.0077805063,0.04918011,-0.7371462,-0.02673877,0.04667873,-0.87725776,-0.061808012,0.04672306,-0.99890786,-0.08591802,-0.038674146,-0.50251096,-0.011045949,-0.044855185,-0.71627766,-0.048970606,-0.044661667,-0.8585865,-0.07137229,-0.035919834,-0.9775943,-0.0813895,-0.120794244,-0.45298237,-0.037993815,-0.12576652,-0.6356889,-0.0588817,-0.12283113,-0.74990684,-0.056871504,-0.11506581,-0.8504571,-0.052794304
F,Cristhian,Right,0.0,0.0,0.0,0.13416278,-0.11725528,-0.05951372,0.20311077,-0.3092588,-0.08000277,0.22989134,-0.47822645,-0.10136594,0.2483018,-0.6189637,-0.11405566,0.13082834,-0.47625747,-0.0016688067,0.14941134,-0.6127805,-0.08372325,0.14264895,-0.51344836,-0.14849612,0.124164045,-0.39793316,-0.17489208,0.04688627,-0.5081571,-0.003203677,0.058358178,-0.73278826,-0.04445919,0.05671925,-0.87602186,-0.07962885,0.0556363,-0.9984511,-0.10188177,-0.03558001,-0.5005976,-0.023544304,-0.03523605,-0.7215698,-0.06605621,-0.030710192,-0.86669916,-0.08995628,-0.018915197,-0.98611903,-0.09984502,-0.11802209,-0.45900843,-0.05130504,-0.118730456,-0.6411501,-0.074070014,-0.112718776,-0.7572414,-0.07321276,-0.10078524,-0.85837513,-0.06936435
F,Cristhian,Right,0.0,0.0,0.0,0.13518737,-0.11414896,-0.05885028,0.21025357,-0.3123939,-0.07767927,0.23656265,-0.48024482,-0.09757531,0.23971365,-0.61962116,-0.10896098,0.13312574,-0.49338788,0.00044081637,0.15079866,-0.6182128,-0.08087787,0.14036576,-0.50028545,-0.14661486,0.11538229,-0.37281471,-0.17344885,0.04543806,-0.5205111,-0.001981702,0.04750023,-0.73837125,-0.041026503,0.046369467,-0.8780183,-0.07649134,0.04695648,-0.99889696,-0.099673755,-0.03932628,-0.50520265,-0.023478014,-0.043694925,-0.71680754,-0.06472266,-0.04152208,-0.86002475,-0.08954735,-0.033592246,-0.9815444,-0.10097926,-0.12002407,-0.45425272,-0.05259843,-0.12234653,-0.63437235,-0.07494126,-0.117343284,-0.74933594,-0.07449379,-0.10689909,-0.85253143,-0.071700506
F,Cristhian,Right,0.0,0.0,0.0,0.13851131,-0.10332665,-0.067013144,0.22817329,-0.2862322,-0.08150695,0.26967835,-0.46539623,-0.09273904,0.3011609,-0.6077762,-0.102612734,0.18708898,-0.46854457,-0.004292332,0.18524906,-0.6534731,-0.041862722,0.16770294,-0.7824552,-0.07931499,0.15296842,-0.89645135,-0.10682438,0.10696685,-0.49985266,0.00025379853,0.1146372,-0.7176746,-0.036599558,0.11359235,-0.8667063,-0.07295871,0.118425354,-0.99296296,-0.09730959,0.02736496,-0.49737138,-0.008382979,0.03461415,-0.708509,-0.050100457,0.046188787,-0.8479303,-0.075334154,0.063730136,-0.96009594,-0.08846508,-0.057447325,-0.46792525,-0.024891358,-0.04849295,-0.63759077,-0.058960058,-0.036463737,-0.7459097,-0.07074058,-0.019158144,-0.84412086,-0.07614873
F,Cristhian,Right,0.0,0.0,0.0,0.14311342,-0.09408104,-0.06520894,0.23099762,-0.28221908,-0.08018676,0.2652391,-0.46875575,-0.09507626,0.2877055,-0.6215514,-0.10183599,0.17969018,-0.45420456,0.014075775,0.19330978,-0.598474,-0.055573933,0.16601439,-0.5171549,-0.11515901,0.13673353,-0.41686952,-0.1419962,0.09799311,-0.49492145,0.018062802,0.10753654,-0.7132975,-0.017870693,0.10100308,-0.8636051,-0.057149254,0.09815755,-0.9951709,-0.08395757,0.016396847,-0.49469405,0.002418119,0.021269467,-0.70616746,-0.03889081,0.02867947,-0.84963876,-0.06594,0.04341898,-0.97138363,-0.07910957,-0.066723764,-0.4625446,-0.021361815,-0.062012136,-0.6358808,-0.04566803,-0.05512626,-0.7447059,-0.04889443,-0.042262495,-0.84636027,-0.049103342
F,Cristhian,Right,0.0,0.0,0.0,0.11702116,-0.16478181,-0.054854624,0.14387643,-0.40154383,-0.06690298,0.13508153,-0.58023506,-0.081909224,0.117910974,-0.7201462,-0.088174716,0.03945494,-0.5225889,0.012147814,0.04396678,-0.6641635,-0.07309002,0.06391039,-0.5587839,-0.1416408,0.074130096,-0.4385264,-0.16985096,-0.050694328,-0.52526164,0.009190273,-0.07967747,-0.7314773,-0.032001246,-0.099710874,-0.8659473,-0.07064378,-0.11797778,-0.99301624,-0.096505925,-0.12949957,-0.48477325,-0.013963292,-0.1650125,-0.68907124,-0.057213068,-0.18185613,-0.8248812,-0.083397485,-0.19297706,-0.94574034,-0.095388636,-0.20223868,-0.40932593,-0.04466956,-0.23029998,-0.5844626,-0.067644,-0.2448046,-0.6958639,-0.069535986,-0.25358054,-0.7969819,-0.0685026
F,Cristhian,Right,0.0,0.0,0.0,0.095188536,-0.17327565,-0.04450388,0.08347057,-0.4046682,-0.05379257,0.066236734,-0.578865,-0.06822753,0.045889392,-0.7183268,-0.07707218,-0.033610225,-0.50087494,0.023774981,-0.022776693,-0.65239555,-0.051621642,0.01911966,-0.5999749,-0.1179207,0.04638303,-0.5153812,-0.14840592,-0.10584088,-0.5044662,0.014142276,-0.1296302,-0.72545356,-0.022016982,-0.14789805,-0.8672794,-0.061297424,-0.16360673,-0.98652565,-0.08825394,-0.16854851,-0.463395,-0.014358394,-0.20728607,-0.6789666,-0.05472885,-0.22927177,-0.8281307,-0.0851978,-0.24322642,-0.95484746,-0.10191878,-0.22369431,-0.3875642,-0.049374145,-0.2551029,-0.55635315,-0.07455084,-0.2736089,-0.6703435,-0.07930922,-0.28523606,-0.7748837,-0.08170408
F,Cristhian,Right,0.0,0.0,0.0,0.11059622,-0.15611213,-0.034742642,0.12360542,-0.3848736,-0.03613982,0.10751903,-0.55927753,-0.04381688,0.082875535,-0.6900911,-0.047554106,0.022788933,-0.5161687,0.031310726,0.032877553,-0.65688497,-0.026008949,0.059643902,-0.62614983,-0.079027325,0.07214864,-0.569278,-0.105330475,-0.055825584,-0.5278016,0.018545084,-0.07868163,-0.7459084,-0.01235955,-0.089763075,-0.8820699,-0.048058376,-0.102281615,-0.9947555,-0.07277323,-0.12847073,-0.49623078,-0.010470268,-0.16459903,-0.7084282,-0.05051486,-0.18195291,-0.8545261,-0.08462049,-0.19520722,-0.97642696,-0.10429417,-0.19526802,-0.4318451,-0.04437904,-0.22470923,-0.6014207,-0.07460829,-0.2428435,-0.71731573,-0.08630351,-0.25631648,-0.8235277,-0.093709
F,Cristhian,Right,0.0,0.0,0.0,0.16669913,-0.12519804,-0.04848998,0.25381395,-0.3238089,-0.056666672,0.2812733,-0.5012302,-0.06878361,0.2818645,-0.648322,-0.07427429,0.16223806,-0.47501326,0.027362578,0.18487494,-0.63130754,-0.045961257,0.1748796,-0.5460932,-0.10981636,0.1546742,-0.43110037,-0.13604936,0.072601825,-0.51204807,0.026817733,0.0929177,-0.73466754,-0.0034388383,0.09747489,-0.8747456,-0.038268384,0.1024835,-0.9947347,-0.06190193,-0.016037906,-0.5108141,0.007325681,-0.0047308514,-0.7269423,-0.02374301,0.0068665487,-0.8636754,-0.044532966,0.024476092,-0.97435296,-0.05410802,-0.10904332,-0.47521135,-0.019584531,-0.10001477,-0.65384156,-0.0330827,-0.08739107,-0.7620515,-0.028005075,-0.06837697,-0.855981,-0.022376915
F,Cristhian,Right,0.0,0.0,0.0,0.15672858,-0.12908855,-0.049282927,0.2405386,-0.32708335,-0.057731632,0.26759532,-0.5038653,-0.06923222,0.26442668,-0.65410644,-0.07408602,0.13962413,-0.4760071,0.023259751,0.16451044,-0.6345693,-0.048165124,0.16541484,-0.5572753,-0.10993459,0.1551932,-0.44859093,-0.13492756,0.055036955,-0.51033425,0.021924362,0.0723701,-0.73294973,-0.007453972,0.077906646,-0.875359,-0.04367487,0.08438455,-0.99643326,-0.06862574,-0.028456394,-0.5072902,0.0021476606,-0.020970212,-0.72082,-0.028317029,-0.012475752,-0.86007965,-0.05142797,0.002340349,-0.97107667,-0.06294226,-0.11680725,-0.4700041,-0.025084184,-0.10874475,-0.6503626,-0.038852114,-0.100037806,-0.7628662,-0.036083657,-0.08575427,-0.85886157,-0.032280438
F,Cristhian,Right,0.0,0.0,0.0,0.13496481,-0.12744637,-0.06041648,0.19297871,-0.35296026,-0.065984994,0.20093338,-0.5431799,-0.06872796,0.1982607,-0.68658864,-0.06988826,0.08784794,-0.5155114,0.0061941305,0.08797634,-0.68420804,-0.023204623,0.07670606,-0.78269655,-0.054487873,0.06261571,-0.86932796,-0.07713012,0.0028948553,-0.52502793,0.009905338,-0.0024966807,-0.7330358,-0.019387605,-0.0074273744,-0.8772323,-0.050784864,-0.009438497,-0.9999555,-0.07183301,-0.07593245,-0.49970976,-3.377635e-05,-0.09124182,-0.7081095,-0.04020328,-0.09155024,-0.84966063,-0.07078775,-0.08636667,-0.9654991,-0.08701347,-0.15666333,-0.44512597,-0.016409758,-0.1724647,-0.6169738,-0.053802986,-0.17880018,-0.73124886,-0.07237521,-0.18049975,-0.8321986,-0.08251019
F,Cristhian,Right,0.0,0.0,0.0,0.14115965,-0.13983749,-0.058391336,0.2038362,-0.36721775,-0.06795613,0.21319494,-0.55612403,-0.07858499,0.20890985,-0.7057622,-0.08138538,0.08434094,-0.5005348,0.012033544,0.099350244,-0.63630664,-0.059197586,0.10153506,-0.5453188,-0.119893946,0.08953543,-0.4388539,-0.14639358,-0.001919179,-0.52042216,0.012068569,-0.00535594,-0.7397247,-0.021976603,-0.010815876,-0.88077044,-0.059225675,-0.012740503,-0.9993556,-0.08486766,-0.082942136,-0.4987914,-0.0072052833,-0.105053015,-0.7166199,-0.04903705,-0.11036577,-0.8681693,-0.08207845,-0.10651243,-0.9943114,-0.09975098,-0.16485962,-0.43936038,-0.03356491,-0.18759468,-0.61820936,-0.06145256,-0.19429909,-0.73362124,-0.07007137,-0.19301435,-0.83756876,-0.0742075
F,Cristhian,Right,0.0,0.0,0.0,0.13570423,-0.14247392,-0.059843708,0.19060135,-0.36295795,-0.07278732,0.19608922,-0.5486931,-0.08712204,0.18928285,-0.70073885,-0.09353841,0.075482555,-0.5096583,0.009148147,0.08481524,-0.6491694,-0.060628653,0.0826081,-0.54115564,-0.1197537,0.06847158,-0.4219718,-0.14588852,-0.009063872,-0.5236653,0.009215782,-0.018454213,-0.7430518,-0.02178866,-0.030130623,-0.8809418,-0.05527569,-0.03874193,-0.9992492,-0.07955474,-0.08906292,-0.4943328,-0.010226177,-0.10590346,-0.71387094,-0.05044949,-0.11409215,-0.86044574,-0.07967347,-0.11512192,-0.984165,-0.09585833,-0.16872919,-0.42681408,-0.036865883,-0.19029744,-0.6017655,-0.06646264,-0.1985996,-0.71895546,-0.074403696,-0.20247993,-0.8276222,-0.07823877
F,Cristhian,Right,0.0,0.0,0.0,0.13092838,-0.13563733,-0.05420402,0.20235337,-0.33204097,-0.07584126,0.21849851,-0.50119793,-0.1010898,0.21513115,-0.65358996,-0.119701274,0.09044877,-0.49663314,0.009213973,0.12130356,-0.62258446,-0.077881515,0.11267561,-0.5095632,-0.15262231,0.08493592,-0.38249236,-0.18539897,0.007944108,-0.5186717,0.0012968023,0.016359536,-0.73349804,-0.03943838,0.014232286,-0.8777002,-0.08122467,0.014028999,-0.9999016,-0.10965387,-0.07411405,-0.49910006,-0.026466792,-0.08269211,-0.71084654,-0.07141485,-0.08207783,-0.86300915,-0.10282177,-0.07431064,-0.9896347,-0.11888957,-0.15472837,-0.44139317,-0.061176952,-0.17081091,-0.62047833,-0.089314885,-0.16967961,-0.74460727,-0.09259915,-0.16219947,-0.8504709,-0.091921635
F,Cristhian,Right,0.0,0.0,0.0,0.13992175,-0.11800225,-0.05656179,0.23297223,-0.30381107,-0.07574574,0.26736048,-0.47425905,-0.09720976,0.26597533,-0.6173702,-0.10977397,0.16927499,-0.4812457,0.011485203,0.18759747,-0.6008478,-0.07026081,0.16737452,-0.48534206,-0.13816732,0.13626036,-0.35985005,-0.16563034,0.07990633,-0.5167554,0.007803301,0.0888937,-0.7370593,-0.0290007,0.09370105,-0.8758586,-0.06435325,0.1008778,-0.9948988,-0.08776358,-0.01087383,-0.5136479,-0.015397942,-0.0050851596,-0.730587,-0.055863794,0.0068065603,-0.8728894,-0.079982944,0.023973765,-0.99037576,-0.09075299,-0.10020699,-0.47389886,-0.046032675,-0.09791,-0.6549017,-0.066721804,-0.087610446,-0.76628065,-0.06359508,-0.07395698,-0.8649778,-0.058560908
F,Cristhian,Right,0.0,0.0,0.0,0.13956822,-0.094645925,-0.06803742,0.23809151,-0.2946054,-0.08688484,0.28365362,-0.46530914,-0.10459358,0.29644096,-0.60454744,-0.11009875,0.17550835,-0.47072902,-0.0035569088,0.20321596,-0.5929498,-0.088999264,0.1748431,-0.45899612,-0.15284927,0.137181,-0.3322525,-0.1756528,0.08800762,-0.51094353,0.0007262316,0.107607916,-0.7247616,-0.040614624,0.11721673,-0.862686,-0.071120195,0.12915449,-0.9916245,-0.088730104,-0.0015550914,-0.5060536,-0.015784737,0.0075738495,-0.71604985,-0.058215834,0.020326046,-0.85009885,-0.07657124,0.03675012,-0.96772563,-0.08167108,-0.089378625,-0.46751586,-0.04083929,-0.08106293,-0.64204895,-0.060012877,-0.07093862,-0.74992514,-0.053906318,-0.05777763,-0.847518,-0.045834154
F,Cristhian,Right,0.0,0.0,0.0,0.12062255,-0.14625236,-0.05883255,0.16806222,-0.37088045,-0.07559381,0.17658949,-0.5424851,-0.09422149,0.16270573,-0.6800088,-0.101812154,0.061421275,-0.5155823,0.01341249,0.074329875,-0.6402595,-0.07216718,0.09203791,-0.51914346,-0.14004701,0.09239093,-0.38992068,-0.16642268,-0.02332096,-0.52554214,0.01151644,-0.032149453,-0.73461103,-0.028468518,-0.039848763,-0.87278354,-0.063847184,-0.046540726,-0.9989164,-0.08623662,-0.10205798,-0.49461484,-0.011529093,-0.122130476,-0.7034004,-0.053384684,-0.12970744,-0.8450783,-0.078042865,-0.13214003,-0.97017354,-0.08862994,-0.17267132,-0.4305177,-0.042703036,-0.1902438,-0.6018922,-0.06451826,-0.19857842,-0.71351516,-0.06407428,-0.20139398,-0.8173831,-0.060846563
F,Cristhian,Right,0.0,0.0,0.0,0.13147552,-0.11567131,-0.06576817,0.208044,-0.32330763,-0.08839441,0.23100577,-0.4966888,-0.111898795,0.2257645,-0.6370394,-0.12589252,0.12569667,-0.49423066,-0.001515648,0.14804322,-0.61448336,-0.09034881,0.13737564,-0.4900468,-0.15947387,0.11211423,-0.36016497,-0.1870082,0.03683997,-0.52169603,-0.002486709,0.044972703,-0.7412022,-0.046598397,0.046292786,-0.8767484,-0.08174542,0.05160392,-0.99866766,-0.103096135,-0.0483464,-0.5041553,-0.024458133,-0.053655546,-0.7209513,-0.07178806,-0.051764328,-0.86517423,-0.09818562,-0.04316707,-0.98929214,-0.10918273,-0.12838244,-0.4491847,-0.054485198,-0.13383627,-0.6265929,-0.081235215,-0.13340217,-0.7418193,-0.08219268,-0.12809156,-0.8475217,-0.07942606
F,Cristhian,Right,0.0,0.0,0.0,0.1220582,-0.12493581,-0.053984553,0.18606558,-0.31648996,-0.065045215,0.21566029,-0.48727536,-0.075309835,0.22480442,-0.62287104,-0.08433793,0.103023104,-0.5012015,-0.0015606845,0.109124854,-0.70092964,-0.039641216,0.11278839,-0.83267343,-0.07509932,0.117584005,-0.94210476,-0.098592,0.029723063,-0.51506764,-0.002555855,0.041498393,-0.7363888,-0.038024258,0.054565158,-0.8815823,-0.071262576,0.071026586,-0.99747443,-0.09206894,-0.042215727,-0.49888223,-0.015489288,-0.037928443,-0.7150944,-0.05486517,-0.026421586,-0.8609993,-0.08055235,-0.010310506,-0.9742284,-0.09357249,-0.11777254,-0.45511147,-0.034821305,-0.120666794,-0.6280199,-0.06969223,-0.11773836,-0.7459558,-0.0832036,-0.11035475,-0.8505685,-0.08894243
F,Cristhian,Right,0.0,0.0,0.0,0.11626913,-0.14392254,-0.036789406,0.18255535,-0.3399797,-0.048078775,0.20870997,-0.50780207,-0.06622197,0.19101852,-0.64145905,-0.080991276,0.096674286,-0.5027327,0.031290207,0.1197129,-0.64191353,-0.03868004,0.13450816,-0.6061086,-0.105142325,0.14168018,-0.54107594,-0.1373977,0.019682184,-0.53405666,0.017597126,0.02755074,-0.75673497,-0.015550041,0.04075311,-0.89163125,-0.055674225,0.059259318,-0.9982426,-0.08362412,-0.05726112,-0.52127695,-0.013167704,-0.06376187,-0.73854876,-0.049861204,-0.052250776,-0.88282317,-0.07948678,-0.031998444,-0.9982647,-0.09604402,-0.13349399,-0.47263104,-0.05013516,-0.14649715,-0.6564836,-0.07376411,-0.14569315,-0.7762265,-0.077773996,-0.1376962,-0.8818973,-0.079041846
F,Cristhian,Right,0.0,0.0,0.0,0.14528824,-0.11402487,-0.039366983,0.23394498,-0.312384,-0.046908926,0.2745882,-0.47971562,-0.06075209,0.28404996,-0.61900866,-0.06959147,0.16822696,-0.47494745,0.032700323,0.20254186,-0.5982059,-0.036087893,0.1903091,-0.5284482,-0.09977686,0.16445974,-0.43780085,-0.12947637,0.08760736,-0.5179857,0.021759488,0.115909025,-0.7367148,-0.010168938,0.12961279,-0.8754084,-0.048302744,0.14270571,-0.98976517,-0.075260386,0.0009776505,-0.5188032,-0.006944272,0.017677344,-0.73689145,-0.04608231,0.033895362,-0.87990767,-0.07711945,0.05340061,-0.9977089,-0.094820775,-0.09101598,-0.48354575,-0.041305833,-0.083362326,-0.6584962,-0.067123495,-0.07255797,-0.7699667,-0.071893595,-0.057351828,-0.8718435,-0.07416422
F,Cristhian,Right,0.0,0.0,0.0,0.15587428,-0.086677894,-0.05399927,0.25905234,-0.27414232,-0.067371994,0.31139532,-0.44012818,-0.08309917,0.33748496,-0.5878195,-0.0901992,0.17387925,-0.44466373,0.0137126325,0.2194528,-0.5734167,-0.066485636,0.21803182,-0.46879873,-0.13174295,0.19786794,-0.35714528,-0.15841308,0.10281997,-0.49544296,0.010346431,0.15135737,-0.6979234,-0.02919406,0.19331682,-0.83994293,-0.06804489,0.23155141,-0.97282267,-0.093699805,0.022573564,-0.504876,-0.012810932,0.04806831,-0.71566427,-0.057382792,0.080390446,-0.85787755,-0.08708362,0.114545435,-0.9775271,-0.10065454,-0.06390241,-0.47687703,-0.0429887,-0.041532267,-0.65107584,-0.06925408,-0.022211544,-0.7651677,-0.072315484,0.0006161392,-0.864754,-0.07136418
F,Cristhian,Right,0.0,0.0,0.0,0.14606594,-0.08157741,-0.058559455,0.25127915,-0.2716156,-0.07457669,0.3101501,-0.43474448,-0.092871346,0.33330715,-0.5791519,-0.102987275,0.19179909,-0.4558932,0.008702134,0.23120281,-0.5732309,-0.07370124,0.20670372,-0.46391,-0.14239617,0.16784637,-0.34974742,-0.17183052,0.11535458,-0.5107552,0.005379269,0.16253228,-0.7096899,-0.034369707,0.19275282,-0.8468988,-0.07226962,0.22365387,-0.9746686,-0.097403094,0.032130767,-0.5203998,-0.01809496,0.06873737,-0.7266841,-0.062303007,0.09581859,-0.864794,-0.088641986,0.12633233,-0.98286027,-0.10037154,-0.058267917,-0.4924001,-0.049335826,-0.030526528,-0.66587865,-0.07523415,-0.010796569,-0.7774595,-0.075093694,0.011002958,-0.8750468,-0.071528144
F,Cristhian,Right,0.0,0.0,0.0,0.13692331,-0.11390845,-0.061828308,0.20900832,-0.33277637,-0.081037864,0.23139267,-0.5117021,-0.10132439,0.23541687,-0.659583,-0.11181857,0.11094441,-0.49253476,0.001044933,0.13922559,-0.61997837,-0.0858474,0.14334647,-0.5017151,-0.15310441,0.1283374,-0.37490594,-0.17921953,0.025748378,-0.5208771,0.0003243328,0.04437709,-0.7320594,-0.040612433,0.058242198,-0.87206334,-0.07349904,0.07045786,-0.9975148,-0.09375164,-0.056838807,-0.5032608,-0.021354083,-0.062063105,-0.719921,-0.06617749,-0.054168638,-0.8667891,-0.091302395,-0.041356973,-0.99176455,-0.10171819,-0.1351325,-0.44691995,-0.050835602,-0.14088167,-0.624716,-0.076986015,-0.13947758,-0.74164116,-0.07858318,-0.13169444,-0.84897107,-0.076490276
F,Cristhian,Right,0.0,0.0,0.0,0.13494557,-0.11248613,-0.0638696,0.22052154,-0.3105862,-0.088819265,0.26117307,-0.4840115,-0.11420494,0.27990705,-0.63274056,-0.12996665,0.14911577,-0.4822794,-0.010616977,0.18333432,-0.59939724,-0.10424758,0.1735322,-0.4718446,-0.17443968,0.14727402,-0.34393167,-0.20242675,0.06221774,-0.5172325,-0.013588147,0.08114104,-0.7350659,-0.06339062,0.09617547,-0.86891437,-0.09957736,0.11169313,-0.99140036,-0.12124579,-0.024617817,-0.5059704,-0.03660235,-0.023192344,-0.73030967,-0.088852815,-0.0117814215,-0.8739709,-0.11274267,0.006001206,-0.999982,-0.121144414,-0.10844665,-0.45634812,-0.06705835,-0.10951677,-0.638788,-0.09719194,-0.104195006,-0.75680655,-0.096747555,-0.0942406,-0.86375445,-0.09201309
F,Cristhian,Right,0.0,0.0,0.0,0.13588493,-0.08714485,-0.09108601,0.23187,-0.28000408,-0.1287426,0.27736917,-0.4452327,-0.16275364,0.286274,-0.5964867,-0.1856105,0.15630734,-0.4670378,-0.03570247,0.18699777,-0.58478147,-0.14482471,0.16926035,-0.4554816,-0.22317357,0.13796881,-0.32504594,-0.25289777,0.06681548,-0.5050944,-0.026860064,0.09070568,-0.7107346,-0.08603553,0.11048933,-0.8511971,-0.12633714,0.13199842,-0.9912499,-0.15023142,-0.020425074,-0.49527445,-0.04158539,-0.010524191,-0.71369547,-0.10152724,0.004617636,-0.86221194,-0.13053866,0.024076365,-0.9943352,-0.14177412,-0.105741456,-0.4490563,-0.06612154,-0.09996394,-0.6275517,-0.10327784,-0.09183213,-0.74520266,-0.109268464,-0.08082348,-0.8515003,-0.10842842
G,Cristhian,Left,0.0,0.0,0.0,3.0392199e-05,-0.33412132,0.009944393,-0.13094543,-0.56692964,0.0060227863,-0.2584973,-0.76726514,-0.0024208995,-0.30091316,-0.95365155,-0.016331237,-0.40717936,-0.4651996,-0.031620402,-0.61435735,-0.5246024,-0.023293747,-0.7370123,-0.54068923,-0.017558705,-0.8275536,-0.5567974,-0.020579353,-0.48378187,-0.28836864,-0.034149915,-0.45677322,-0.30850095,-0.0033078638,-0.3711736,-0.28811994,0.025196373,-0.30513856,-0.26668864,0.031868465,-0.4811128,-0.103480496,-0.030629272,-0.43002516,-0.1512683,-0.0047518956,-0.3599423,-0.1357194,0.018405588,-0.297518,-0.11396049,0.019245131,-0.4636035,0.06612304,-0.02642768,-0.41163206,0.021378126,-0.0005123949,-0.34392875,0.023870286,0.022685576,-0.29201204,0.031171633,0.03539199
G,Cristhian,Left,0.0,0.0,0.0,-0.0038259067,-0.3328782,0.005599677,-0.1372652,-0.5649207,0.0020226005,-0.2606999,-0.7677044,-0.00396958,-0.31244588,-0.94993556,-0.015124401,-0.40598762,-0.4713824,-0.036521304,-0.6137817,-0.52355504,-0.027161757,-0.734385,-0.5343922,-0.022237612,-0.82538664,-0.5459653,-0.025835477,-0.48039523,-0.29045352,-0.03566755,-0.47059572,-0.30152288,-0.0043248497,-0.38997614,-0.28228354,0.020825092,-0.32701695,-0.26408902,0.02431643,-0.48056823,-0.103327684,-0.028372142,-0.44337612,-0.14765878,0.0032758594,-0.37838593,-0.1323818,0.028877523,-0.31874746,-0.110820666,0.029809538,-0.46660733,0.06649731,-0.021362875,-0.42709586,0.020768031,0.010667687,-0.36339492,0.024086433,0.037599336,-0.31219748,0.032180496,0.052178677
G,Cristhian,Left,0.0,0.0,0.0,-0.012740132,-0.33869043,0.0026526004,-0.14087433,-0.56726104,-0.0024908818,-0.2560669,-0.76212704,-0.011862512,-0.2885052,-0.94758636,-0.025960322,-0.4125581,-0.4574253,-0.037371922,-0.6202959,-0.5188788,-0.035212446,-0.74570215,-0.53140837,-0.036412146,-0.83930117,-0.5436668,-0.045439083,-0.49108392,-0.27341256,-0.039950453,-0.4527463,-0.3146083,-0.02113846,-0.35943183,-0.29662555,-2.2635291e-05,-0.2909894,-0.2732855,0.0023052557,-0.4879814,-0.08813326,-0.03708293,-0.43268085,-0.15402503,-0.016650207,-0.35886577,-0.13938774,0.011339997,-0.29289576,-0.11234536,0.01562961,-0.46678612,0.083503686,-0.03559911,-0.40671065,0.028079381,-0.01704067,-0.335058,0.024523593,0.0074391817,-0.2775012,0.031758294,0.022476546
G,Cristhian,Left,0.0,0.0,0.0,-0.004941428,-0.33735523,-0.0036114014,-0.13273276,-0.56954575,-0.012777804,-0.24162698,-0.7639465,-0.024834307,-0.27442357,-0.9424626,-0.04253249,-0.41316244,-0.45748433,-0.048705928,-0.6168731,-0.5143591,-0.049399298,-0.7426114,-0.53158486,-0.054869685,-0.83709997,-0.54704994,-0.067325905,-0.48749962,-0.27059662,-0.049477857,-0.45961824,-0.31701517,-0.0374904,-0.36541092,-0.2967263,-0.020573672,-0.2967916,-0.26672283,-0.020032076,-0.486772,-0.08256072,-0.04449558,-0.4460091,-0.15533257,-0.030117461,-0.37159503,-0.13964042,-0.0016563499,-0.30451214,-0.10863884,0.0048111463,-0.46951967,0.09245834,-0.041091345,-0.43045363,0.027282784,-0.027693085,-0.3582495,0.023870775,-0.0022506947,-0.29798448,0.034845617,0.014701575
G,Cristhian,Left,0.0,0.0,0.0,-0.011701939,-0.32271868,-0.0042696353,-0.14562188,-0.5575634,-0.009921629,-0.25210938,-0.7504486,-0.018634686,-0.27570766,-0.9290221,-0.0331326,-0.41786417,-0.460892,-0.039653014,-0.61859745,-0.5167734,-0.033546105,-0.7446231,-0.52879727,-0.03437768,-0.84064245,-0.5415905,-0.045034863,-0.49639377,-0.28478688,-0.039450325,-0.45114225,-0.30545783,-0.024491563,-0.35479465,-0.2858552,-0.011091183,-0.28572452,-0.26453602,-0.012885115,-0.5007635,-0.10394305,-0.0336242,-0.44027936,-0.14934641,-0.014231876,-0.3656168,-0.13791706,0.008701755,-0.2997788,-0.11466997,0.010626222,-0.48711276,0.06896088,-0.030092278,-0.43048233,0.025613068,-0.014409124,-0.35909265,0.017778061,0.0063221394,-0.3004967,0.021843167,0.020226581
G,Cristhian,Left,0.0,0.0,0.0,-0.027076177,-0.32575086,0.007232335,-0.14957675,-0.5694832,-0.0005261122,-0.2456776,-0.77626073,-0.010697241,-0.2819552,-0.95044017,-0.027089424,-0.41140258,-0.4561616,-0.04978859,-0.62557125,-0.50548923,-0.04213287,-0.75250775,-0.51307356,-0.04157178,-0.8521121,-0.5233593,-0.05023024,-0.49028844,-0.2749894,-0.052040882,-0.47708055,-0.30983725,-0.023450993,-0.38380837,-0.29054,0.0016757972,-0.31352696,-0.27173603,0.0033981018,-0.49365216,-0.08540143,-0.046444695,-0.4666202,-0.1560559,-0.01579008,-0.39293793,-0.139609,0.018572181,-0.32518718,-0.11100561,0.024189832,-0.48052773,0.09320882,-0.04129095,-0.4667004,0.027734835,-0.013497884,-0.3959542,0.023228686,0.02067847,-0.3354371,0.03535297,0.04079698
G,Cristhian,Left,0.0,0.0,0.0,-0.035134993,-0.32013056,0.0052118073,-0.17135409,-0.5683313,-0.0037299253,-0.28049934,-0.7736633,-0.014930206,-0.32734752,-0.944904,-0.031074371,-0.4263229,-0.4438293,-0.047589373,-0.6277742,-0.49465963,-0.03905844,-0.7498621,-0.49627572,-0.035844393,-0.8449029,-0.4983301,-0.042012725,-0.49643815,-0.26619622,-0.05106348,-0.48321506,-0.27924314,-0.02541458,-0.39353937,-0.25609532,-0.0027802698,-0.32542858,-0.23657003,-0.0011026032,-0.4968521,-0.08238019,-0.047027286,-0.46178728,-0.12991558,-0.019505125,-0.39202976,-0.11533306,0.009923881,-0.32607058,-0.09109663,0.013850045,-0.48060808,0.086536326,-0.043577846,-0.45335042,0.030903446,-0.013386687,-0.3880825,0.025505114,0.017958282,-0.33009338,0.03414072,0.03598139
G,Cristhian,Left,0.0,0.0,0.0,-0.010369116,-0.35243404,0.046425328,-0.13185309,-0.58838373,0.071990736,-0.2577243,-0.77120185,0.08496624,-0.31972954,-0.9475089,0.08736953,-0.40517488,-0.43041143,0.11084551,-0.6002976,-0.5012182,0.20418595,-0.70635086,-0.51112884,0.25099275,-0.78954226,-0.5230172,0.26936677,-0.47735772,-0.24882045,0.11353379,-0.4583357,-0.32424355,0.23236237,-0.36659807,-0.32306364,0.26406372,-0.29472783,-0.3082033,0.26419973,-0.46598983,-0.07781373,0.124564536,-0.43392268,-0.17198,0.24118589,-0.35000739,-0.16939504,0.25563586,-0.28269634,-0.14977337,0.23316695,-0.4380994,0.06920659,0.13790382,-0.40707716,-0.002413122,0.24078123,-0.3366821,-0.011870897,0.27411926,-0.27577332,-0.0043706317,0.28020692
G,Cristhian,Left,0.0,0.0,0.0,-0.0062263883,-0.34135583,0.037639055,-0.13556957,-0.602535,0.059368715,-0.22980885,-0.7997543,0.069303095,-0.2524039,-0.967622,0.07080397,-0.3956096,-0.4786134,0.04858741,-0.5627418,-0.5503844,0.09374149,-0.6601064,-0.5695321,0.11244643,-0.7351103,-0.59168524,0.11325075,-0.47610494,-0.3154427,0.03720014,-0.44065565,-0.30425057,0.09515698,-0.36225435,-0.2802522,0.10763952,-0.30549815,-0.27015483,0.099674255,-0.47649893,-0.13781466,0.03359853,-0.42338654,-0.14871424,0.084095724,-0.35600138,-0.1359047,0.09391954,-0.30135518,-0.12455754,0.0812359,-0.46036276,0.027897138,0.03226291,-0.41164052,0.019906333,0.07563857,-0.34989274,0.019550547,0.09783225,-0.30075592,0.022142548,0.107133165
G,Cristhian,Left,0.0,0.0,0.0,-0.008732326,-0.37954006,0.08715156,-0.13311243,-0.6224938,0.14833656,-0.24374989,-0.79707754,0.18830326,-0.29217052,-0.95636624,0.21627225,-0.4017765,-0.4603067,0.26369745,-0.5456223,-0.5402796,0.4368802,-0.6151677,-0.56634897,0.52577925,-0.6629608,-0.5867047,0.56926125,-0.4639215,-0.29776606,0.26390338,-0.42784944,-0.36651292,0.4610233,-0.33366078,-0.3696221,0.5087093,-0.26600185,-0.35086012,0.5197232,-0.45323688,-0.12951453,0.2716928,-0.41385534,-0.20685431,0.4535733,-0.32925287,-0.2128221,0.4731026,-0.26251733,-0.1927373,0.45013508,-0.41946512,0.015479304,0.28317443,-0.3993184,-0.040859427,0.4370628,-0.3323479,-0.060869522,0.4833003,-0.28025723,-0.047625355,0.49473715
G,Cristhian,Left,0.0,0.0,0.0,0.012666033,-0.30970946,-0.003715549,-0.090612575,-0.57708913,-0.015410163,-0.15967332,-0.7949669,-0.031917922,-0.16775374,-0.9721005,-0.05569949,-0.36635944,-0.50148994,-0.04705047,-0.56299245,-0.57545114,-0.048064295,-0.6884284,-0.5986411,-0.05334166,-0.7830504,-0.62195826,-0.06563578,-0.45815688,-0.34552962,-0.051461086,-0.40933612,-0.28530353,-0.041872166,-0.3215038,-0.24356353,-0.031684995,-0.26128203,-0.22840822,-0.034943715,-0.47604224,-0.15664929,-0.05056138,-0.40252265,-0.1269676,-0.036553074,-0.33288503,-0.105052635,-0.018640295,-0.27983665,-0.09730813,-0.019083122,-0.48009402,0.030034099,-0.051662788,-0.40863636,0.040932912,-0.034913566,-0.33925003,0.04576811,-0.013856069,-0.28906426,0.044400115,7.855962e-05
G,Cristhian,Left,0.0,0.0,0.0,0.0063656406,-0.2905416,0.032015752,-0.084608674,-0.49704406,0.04500913,-0.1921252,-0.59729105,0.052925453,-0.2525964,-0.6684554,0.05347471,-0.33395624,-0.5058935,-0.022880618,-0.52906495,-0.5919102,-0.012887165,-0.6525569,-0.63157105,-0.008763373,-0.7484279,-0.6632161,-0.01312979,-0.41440794,-0.369667,-0.03520468,-0.4494246,-0.31039962,-0.0011970415,-0.37683502,-0.260131,0.02610591,-0.3092281,-0.25016522,0.030527854,-0.43791902,-0.19511385,-0.03862741,-0.44185385,-0.15068619,-0.0058734454,-0.3793247,-0.11533837,0.02595283,-0.3184902,-0.10636993,0.031133298,-0.44576877,-0.014320375,-0.040216465,-0.45798624,0.0041274177,-0.01508542,-0.3926804,0.021978216,0.016594931,-0.33350804,0.026652513,0.03660412
G,Cristhian,Left,0.0,0.0,0.0,0.044527028,-0.28736255,0.007950877,-0.0011604489,-0.5469102,-0.0012287993,-0.054103848,-0.7631438,-0.01532623,-0.06266295,-0.9304936,-0.036193263,-0.26622865,-0.53081787,-0.03594246,-0.449087,-0.66057545,-0.033557344,-0.5638088,-0.71465176,-0.035206735,-0.6535878,-0.7568507,-0.042281833,-0.36616534,-0.40005478,-0.041136686,-0.36180496,-0.3729896,-0.017146595,-0.29015246,-0.31731278,0.004921154,-0.23652206,-0.28391773,0.007939186,-0.4001957,-0.2241599,-0.040864583,-0.36831173,-0.21303107,-0.02434555,-0.30622846,-0.17007779,-0.003913126,-0.2564178,-0.13766333,-0.0023291062,-0.42381257,-0.04947462,-0.0393348,-0.40444276,-0.043626323,-0.018707199,-0.33930773,-0.023309305,0.009065432,-0.28581113,-0.008763751,0.026409091
G,Cristhian,Left,0.0,0.0,0.0,0.05486497,-0.27624223,0.010328719,0.04285929,-0.5121996,-0.0012625263,0.027118713,-0.717791,-0.018185696,0.04379074,-0.87297505,-0.03911936,-0.20796706,-0.5496946,-0.026757454,-0.3611221,-0.7081324,-0.022224847,-0.4586874,-0.7830308,-0.0210887,-0.53340864,-0.8458577,-0.025764817,-0.32041377,-0.43829885,-0.03225686,-0.29789394,-0.4580142,-0.0040963944,-0.23694357,-0.4009634,0.019770904,-0.19096044,-0.35322627,0.024635682,-0.36717296,-0.28270733,-0.032250192,-0.31956494,-0.3119798,-0.005766686,-0.26532736,-0.26847577,0.017563853,-0.22224551,-0.22282344,0.019969512,-0.39684027,-0.13026042,-0.031565238,-0.35657537,-0.15433975,-0.0018293186,-0.3024679,-0.12464914,0.027331654,-0.2622035,-0.09266071,0.044869434
G,Cristhian,Left,0.0,0.0,0.0,0.06947467,-0.26207414,-0.009064801,0.070114024,-0.486316,-0.03817968,0.079004385,-0.698942,-0.07038174,0.11488356,-0.8575198,-0.105979435,-0.1665358,-0.56015354,-0.060148716,-0.29716998,-0.7286948,-0.07583667,-0.38774478,-0.818028,-0.08704443,-0.458371,-0.8887609,-0.0997473,-0.28165427,-0.4656562,-0.065155864,-0.26126194,-0.498022,-0.05868822,-0.20379394,-0.436812,-0.03806043,-0.16405673,-0.38094226,-0.03243079,-0.33985856,-0.3184948,-0.06651007,-0.289824,-0.3549148,-0.05776481,-0.24386291,-0.3054771,-0.029973315,-0.2074598,-0.24901474,-0.02110525,-0.37830213,-0.17288367,-0.069504924,-0.3340322,-0.20760383,-0.056480467,-0.2846959,-0.17631543,-0.029206688,-0.2513801,-0.13488427,-0.010136331
G,Cristhian,Left,0.0,0.0,0.0,0.08766743,-0.24253629,-0.010993784,0.09530278,-0.46476176,-0.03554008,0.12365437,-0.65638393,-0.0622683,0.17248881,-0.7932864,-0.09307705,-0.11313195,-0.5437487,-0.07901401,-0.22004436,-0.74147314,-0.104615234,-0.29096577,-0.85332936,-0.121584326,-0.34727362,-0.93776387,-0.13781491,-0.23032732,-0.4666878,-0.08518859,-0.20508753,-0.5163865,-0.09447563,-0.15599638,-0.44831356,-0.07851866,-0.12708557,-0.3802629,-0.07608588,-0.29847103,-0.34062675,-0.0874493,-0.24838208,-0.39039642,-0.09294198,-0.20971283,-0.33745706,-0.06170148,-0.18406175,-0.27274,-0.04940194,-0.34574082,-0.21086939,-0.09148071,-0.29966643,-0.25545776,-0.09190824,-0.2546136,-0.21782045,-0.06431054,-0.22885883,-0.16737771,-0.044419073
G,Cristhian,Left,0.0,0.0,0.0,-0.0013465798,-0.339983,0.05077543,-0.121460065,-0.58741117,0.0832614,-0.22195789,-0.79356635,0.107123196,-0.24973829,-0.96364206,0.12362459,-0.401083,-0.5008614,0.07661169,-0.58185726,-0.6046123,0.15931769,-0.67772144,-0.6333165,0.20245007,-0.7519623,-0.6592061,0.22020525,-0.48685852,-0.33613837,0.079254724,-0.45713055,-0.38503227,0.1879698,-0.37100926,-0.36326268,0.2238467,-0.30518615,-0.33312434,0.22777207,-0.4912698,-0.16340365,0.09232567,-0.44623798,-0.22070608,0.19132338,-0.36879233,-0.21260439,0.20595151,-0.30925468,-0.17941393,0.18866162,-0.47972888,-0.0077933003,0.10966205,-0.44696465,-0.05369611,0.1971741,-0.37958276,-0.058310345,0.22965275,-0.32311922,-0.043653406,0.23911849
G,Cristhian,Left,0.0,0.0,0.0,-0.00401405,-0.35673082,0.038894907,-0.13924047,-0.60349256,0.06490215,-0.27122626,-0.7733012,0.0787004,-0.3263724,-0.9452413,0.08308322,-0.41907322,-0.44304723,0.11702654,-0.5898035,-0.51083684,0.20689435,-0.6733253,-0.5204535,0.24346037,-0.74008316,-0.52922916,0.25212255,-0.48953852,-0.27021214,0.11645869,-0.44848576,-0.31966668,0.21953562,-0.3652529,-0.31987613,0.23127668,-0.30330703,-0.30521268,0.21942443,-0.47883058,-0.09804376,0.12368498,-0.43973848,-0.16558295,0.22626755,-0.36561653,-0.17089343,0.23489857,-0.30383253,-0.15218894,0.21195608,-0.44924855,0.056354403,0.13188182,-0.41117153,0.0053040143,0.21867488,-0.34803632,-0.010889995,0.24724036,-0.2946854,-0.0036678787,0.25417367
G,Cristhian,Left,0.0,0.0,0.0,0.00507088,-0.3645931,0.049228467,-0.08479643,-0.6131434,0.08260039,-0.20175327,-0.78965133,0.1000487,-0.2641495,-0.9644818,0.10729425,-0.3582044,-0.46613562,0.22516161,-0.48579383,-0.5748488,0.37994635,-0.55281794,-0.61664355,0.45622346,-0.60070926,-0.6459923,0.4911229,-0.4221227,-0.31167483,0.23504262,-0.37568694,-0.42951554,0.40998584,-0.2861033,-0.43867964,0.44663882,-0.22341824,-0.41330123,0.4516298,-0.4126042,-0.15593337,0.2493298,-0.36261204,-0.26407525,0.41284895,-0.28365776,-0.26731858,0.4260342,-0.22384538,-0.23885167,0.40157047,-0.38281822,-0.022791374,0.26416355,-0.3552502,-0.10746708,0.40569758,-0.29170394,-0.12258661,0.4462448,-0.24259727,-0.098372206,0.454248
G,Cristhian,Left,0.0,0.0,0.0,0.028404435,-0.26525342,0.0026509597,-0.0021360007,-0.50963616,-0.013531865,-0.02535075,-0.7216519,-0.032302428,-0.013139388,-0.88073957,-0.0586816,-0.23057178,-0.49300894,-0.0691804,-0.43605775,-0.63218623,-0.0875864,-0.5583259,-0.7032093,-0.09893861,-0.65363497,-0.75680995,-0.10991336,-0.31771755,-0.36105934,-0.07455391,-0.38912395,-0.3606279,-0.06834538,-0.3236933,-0.30490115,-0.039836023,-0.25643516,-0.27116945,-0.029100355,-0.35671932,-0.18950552,-0.07503714,-0.39239195,-0.19515389,-0.06761959,-0.33500174,-0.15318012,-0.029874302,-0.27476057,-0.123739906,-0.013355879,-0.38185117,-0.017316692,-0.074872814,-0.41495723,-0.045282584,-0.05729842,-0.35357088,-0.018172769,-0.016652003,-0.29891264,0.005250095,0.010370759
G,Cristhian,Left,0.0,0.0,0.0,0.01921584,-0.24694301,0.008692757,-0.00418752,-0.47451025,-0.019572683,-0.012132096,-0.6696262,-0.046081923,0.008211751,-0.81935847,-0.08185742,-0.11196109,-0.4927329,-0.13503732,-0.31420672,-0.6669218,-0.19923064,-0.4382261,-0.76784205,-0.23573194,-0.53997314,-0.84168226,-0.25986817,-0.18115921,-0.37614143,-0.15618718,-0.37413386,-0.43704048,-0.19050433,-0.32690954,-0.35915092,-0.15825795,-0.24824908,-0.31211066,-0.14011516,-0.24332063,-0.22141777,-0.17184992,-0.39762595,-0.27418962,-0.20165397,-0.3511449,-0.21626632,-0.14734222,-0.27933836,-0.1779925,-0.11270524,-0.29474005,-0.06008857,-0.18437721,-0.41992512,-0.13143507,-0.1984219,-0.369082,-0.08891233,-0.15042089,-0.3068499,-0.050504472,-0.11528999
G,Cristhian,Left,0.0,0.0,0.0,0.0562144,-0.24544497,-0.0025123789,0.050203282,-0.47445393,-0.01958291,0.03681438,-0.6692076,-0.037054934,0.04810242,-0.81240964,-0.05879887,-0.16280426,-0.52476543,-0.07744368,-0.31170717,-0.7066228,-0.09138486,-0.40844038,-0.803415,-0.0977189,-0.48318928,-0.87551594,-0.10556678,-0.27505645,-0.4305488,-0.07976518,-0.2896694,-0.42427868,-0.07617926,-0.23904788,-0.35738587,-0.05361981,-0.18933363,-0.30748382,-0.046271212,-0.33840418,-0.28893006,-0.075992614,-0.31527826,-0.27269304,-0.067534685,-0.26800022,-0.22616555,-0.037906025,-0.22194323,-0.18431963,-0.027829157,-0.3848157,-0.14328344,-0.07265769,-0.3567646,-0.1405175,-0.057761583,-0.30584437,-0.10431091,-0.029275922,-0.26680863,-0.07531236,-0.009926609
G,Cristhian,Left,0.0,0.0,0.0,0.0631566,-0.22812706,-0.028412286,0.07266102,-0.4812281,-0.05875876,0.083629034,-0.6810708,-0.08817753,0.11361949,-0.822879,-0.11975601,-0.14263795,-0.54619783,-0.0762659,-0.25397772,-0.7252459,-0.101537935,-0.33813956,-0.8364417,-0.11896147,-0.40364668,-0.91491497,-0.13418718,-0.24529828,-0.46948677,-0.076475665,-0.26586702,-0.46282598,-0.09855161,-0.22024423,-0.39732328,-0.09377511,-0.1745628,-0.3412777,-0.09166772,-0.31647548,-0.3453764,-0.074620895,-0.30302885,-0.33829495,-0.089802206,-0.25992554,-0.29119927,-0.066965066,-0.21506076,-0.24178877,-0.053636044,-0.37200218,-0.21594378,-0.076081425,-0.34795523,-0.22083333,-0.07974719,-0.30398428,-0.1879119,-0.05757518,-0.2692544,-0.15528466,-0.037749417
G,Cristhian,Left,0.0,0.0,0.0,0.035574004,-0.23494126,0.003766638,-0.0024856913,-0.456286,-0.020214478,-0.01850701,-0.6544905,-0.046342824,0.0006334732,-0.804925,-0.079667315,-0.19939291,-0.52590466,-0.07446171,-0.3479736,-0.68762594,-0.09990458,-0.43452272,-0.7911518,-0.116977,-0.49663424,-0.8679599,-0.12848938,-0.29298195,-0.4319869,-0.07998342,-0.34818012,-0.42474425,-0.07596384,-0.301599,-0.36761507,-0.05089819,-0.24746573,-0.3170587,-0.04331477,-0.3542144,-0.28687114,-0.080412164,-0.37577423,-0.28991085,-0.08010027,-0.33770117,-0.25582093,-0.051233478,-0.28884763,-0.20761406,-0.040307693,-0.4010461,-0.14804614,-0.078720324,-0.4079122,-0.15955508,-0.065594964,-0.36300698,-0.12936059,-0.031789873,-0.32420218,-0.09088697,-0.009568802
G,Cristhian,Left,0.0,0.0,0.0,-0.012539998,-0.31650725,-0.0077843047,-0.124102905,-0.5686611,-0.030505005,-0.23072596,-0.77937967,-0.05683013,-0.2674197,-0.96358013,-0.09120694,-0.40598756,-0.46444634,-0.07612096,-0.61166054,-0.5302529,-0.092751406,-0.7310912,-0.55812156,-0.10361859,-0.809841,-0.58151674,-0.115028195,-0.48953223,-0.28834036,-0.07854147,-0.47592023,-0.2551596,-0.0743453,-0.39406347,-0.22736162,-0.056344688,-0.32868665,-0.21387088,-0.05325194,-0.49469942,-0.08848743,-0.07557962,-0.4501213,-0.07752927,-0.069184996,-0.38472426,-0.06804174,-0.044756692,-0.32231122,-0.057411954,-0.03985069,-0.47757536,0.100513704,-0.07348028,-0.42423683,0.09824593,-0.058411706,-0.36159125,0.08669887,-0.03247529,-0.31231782,0.08732116,-0.015564454
G,Cristhian,Left,0.0,0.0,0.0,0.019385336,-0.33548865,0.045530938,-0.07515044,-0.5864342,0.05733781,-0.1778816,-0.7963423,0.059622217,-0.20201409,-0.97938263,0.052197114,-0.34356123,-0.49135375,0.021974722,-0.5486734,-0.5896276,0.06515929,-0.6623651,-0.6248131,0.08882085,-0.73898697,-0.65522426,0.097352505,-0.43714693,-0.32923797,0.018560996,-0.4086122,-0.35459512,0.095371895,-0.32301658,-0.32124925,0.1298074,-0.26088637,-0.289747,0.13425942,-0.45096916,-0.15000206,0.025561834,-0.3981223,-0.1817349,0.10490961,-0.32864314,-0.16868101,0.13012396,-0.27184883,-0.13985045,0.12041167,-0.4522802,0.022273883,0.036026143,-0.40146917,-0.019038694,0.112993136,-0.33685797,-0.019870607,0.14989881,-0.2856573,-0.0012089018,0.16332927
G,Cristhian,Left,0.0,0.0,0.0,-0.013139914,-0.2935253,-0.021347154,-0.10099159,-0.53969973,-0.046954073,-0.17513023,-0.75526005,-0.0713823,-0.21312831,-0.92452073,-0.098913826,-0.33106548,-0.48384452,-0.0764482,-0.5186148,-0.60224205,-0.09366271,-0.640496,-0.65201277,-0.103948936,-0.7330377,-0.680188,-0.11631999,-0.39845225,-0.31330165,-0.07728101,-0.46813262,-0.36073843,-0.0843969,-0.40838587,-0.33724567,-0.07037696,-0.34360132,-0.3064656,-0.06869793,-0.41483006,-0.13649791,-0.074886814,-0.45171016,-0.19969806,-0.073426284,-0.3994498,-0.17837417,-0.041159365,-0.33767062,-0.1440787,-0.029926706,-0.41277674,0.024154376,-0.075475164,-0.43100893,-0.046144407,-0.06670922,-0.3766911,-0.032073364,-0.03690622,-0.32462493,-0.0074297474,-0.017690571
G,Cristhian,Left,0.0,0.0,0.0,-0.0053259362,-0.27034995,-0.002139784,-0.065607,-0.519149,-0.025552038,-0.10964412,-0.7210866,-0.052516464,-0.12594368,-0.87467456,-0.085436344,-0.2859801,-0.49789935,-0.07566373,-0.48306644,-0.61073446,-0.10024059,-0.6088273,-0.66864055,-0.114577115,-0.7066267,-0.7075865,-0.12748285,-0.3616184,-0.35552752,-0.087571576,-0.4183316,-0.36382395,-0.102117345,-0.34719753,-0.32166043,-0.087493785,-0.2756967,-0.28673762,-0.08249399,-0.39203995,-0.18589102,-0.09375376,-0.41893268,-0.19935331,-0.10012114,-0.36031988,-0.16787758,-0.06484558,-0.2935281,-0.13524346,-0.04789435,-0.40563273,-0.020790707,-0.100551,-0.41957316,-0.044248838,-0.0942701,-0.35966337,-0.02491906,-0.058036346,-0.30323812,-0.0021706375,-0.03153934
G,Cristhian,Left,0.0,0.0,0.0,-0.011110096,-0.27988482,0.04012068,-0.079853244,-0.5080324,0.031359844,-0.12835479,-0.7005505,0.013554884,-0.1179961,-0.85515636,-0.015320158,-0.27098107,-0.5031892,-0.061765786,-0.4845283,-0.6114011,-0.08254167,-0.612593,-0.6636813,-0.09167996,-0.7102647,-0.7039347,-0.10035965,-0.34303764,-0.3687606,-0.08523211,-0.4493246,-0.34101856,-0.07934747,-0.38379985,-0.29229033,-0.04379592,-0.30667064,-0.27129826,-0.030587748,-0.37660837,-0.19724168,-0.09918754,-0.4585444,-0.18517888,-0.09326794,-0.39894783,-0.14635992,-0.04607026,-0.32591534,-0.12368134,-0.025643663,-0.39350006,-0.02395379,-0.1083941,-0.46729773,-0.03756921,-0.09281841,-0.4015351,-0.011477793,-0.045271527,-0.33384603,0.0076796426,-0.014701963
G,Cristhian,Left,0.0,0.0,0.0,-0.009530296,-0.2923262,0.0149093885,-0.09638626,-0.5277346,0.007573893,-0.15608713,-0.72484875,-0.0024212925,-0.17391402,-0.8797067,-0.02044293,-0.33196026,-0.48343298,-0.06646263,-0.5509361,-0.56340677,-0.07322975,-0.6818657,-0.59711945,-0.076393925,-0.7822029,-0.62302375,-0.08330797,-0.41093522,-0.32537526,-0.0717482,-0.47694427,-0.30082753,-0.05748046,-0.40376544,-0.2581948,-0.029389402,-0.32601082,-0.23139971,-0.02102939,-0.43869442,-0.14274944,-0.068550214,-0.46903902,-0.13812104,-0.04784438,-0.40865192,-0.110833615,-0.0121490015,-0.33587283,-0.08282228,-0.001453762,-0.4518297,0.033513654,-0.064110935,-0.46948302,0.018830623,-0.043021653,-0.4054878,0.032630604,-0.0105408905,-0.3438262,0.050747104,0.010380857
G,Cristhian,Left,0.0,0.0,0.0,-0.01496009,-0.28842255,0.03138549,-0.1058167,-0.54574937,0.026661618,-0.19351046,-0.74386084,0.013910796,-0.2149277,-0.9235564,-0.008838945,-0.36202028,-0.47208798,-0.02356199,-0.58547616,-0.54387045,-0.012625457,-0.7197818,-0.5589952,-0.0047297403,-0.81892586,-0.5738994,-0.003520209,-0.43249893,-0.31595793,-0.03382373,-0.46665522,-0.25147843,0.0041904757,-0.38470322,-0.21872365,0.037335344,-0.31161037,-0.2202724,0.047138773,-0.44065252,-0.12643746,-0.03529182,-0.4474938,-0.08950709,0.0024963648,-0.3754621,-0.06408804,0.032585986,-0.30791363,-0.06304608,0.036601793,-0.44040626,0.060735628,-0.03367592,-0.4416428,0.06741093,0.009634407,-0.3682384,0.076484226,0.047678933,-0.30756402,0.07224547,0.06906609
G,Cristhian,Left,0.0,0.0,0.0,0.009492136,-0.31076345,0.013909851,-0.0805607,-0.5757034,0.008460804,-0.1640073,-0.79185206,-0.00289025,-0.1908513,-0.97311527,-0.022959482,-0.3599674,-0.49865192,-0.02626697,-0.57451403,-0.5637669,-0.014972661,-0.70492846,-0.5785692,-0.009891697,-0.80097544,-0.59869725,-0.0132743,-0.44511226,-0.34301233,-0.032271642,-0.4355157,-0.27205592,0.0013545484,-0.34982103,-0.23653984,0.024708293,-0.28275397,-0.2353997,0.028050791,-0.45476747,-0.14801246,-0.03172222,-0.41022348,-0.11015319,0.0034601318,-0.34021473,-0.08536742,0.024819765,-0.28020823,-0.08381194,0.02294973,-0.45422047,0.046585426,-0.030851113,-0.4018862,0.067729354,0.0061232797,-0.33132342,0.07571292,0.0332047,-0.28078625,0.070635684,0.047902945
G,Cristhian,Left,0.0,0.0,0.0,0.019517351,-0.32439888,0.023488628,-0.08435053,-0.60146505,0.039665323,-0.17741232,-0.8006569,0.050369214,-0.21062344,-0.9554752,0.0544425,-0.37758482,-0.4917575,0.0145736495,-0.58274114,-0.56754637,0.049882747,-0.7042541,-0.58912426,0.06427839,-0.7944709,-0.6073022,0.063241586,-0.45745826,-0.32568032,0.010921793,-0.4344473,-0.2908191,0.060534623,-0.34800687,-0.25769758,0.075827524,-0.28522232,-0.24749903,0.07099857,-0.46234968,-0.13952115,0.01515064,-0.41017795,-0.11719985,0.06375261,-0.3385722,-0.10464861,0.07799519,-0.28066134,-0.100021996,0.06817203,-0.4564256,0.044957828,0.020326847,-0.40144786,0.054162774,0.06024962,-0.3324271,0.057030585,0.08152738,-0.28273758,0.052233923,0.09137031
G,Cristhian,Left,0.0,0.0,0.0,0.031116992,-0.2848989,-0.0061791292,-0.021088608,-0.54916155,-0.027942061,-0.06590598,-0.7641729,-0.053380743,-0.07365902,-0.9272652,-0.0851233,-0.27942196,-0.51681554,-0.06908978,-0.45686078,-0.6404238,-0.08727573,-0.574955,-0.7004647,-0.101461716,-0.66650146,-0.7455037,-0.116178304,-0.37172258,-0.38781837,-0.07522265,-0.3632909,-0.3336982,-0.07504469,-0.29102328,-0.2861699,-0.059766598,-0.2367428,-0.2626257,-0.058066536,-0.40235415,-0.21192625,-0.07674253,-0.3576548,-0.17278078,-0.072162464,-0.29923892,-0.14446563,-0.050580066,-0.24866372,-0.12977555,-0.046333306,-0.41957742,-0.037371516,-0.07955257,-0.37432465,-0.018801061,-0.06702936,-0.31565288,-0.008331099,-0.04373174,-0.27098015,-0.0045606107,-0.02818626
G,Cristhian,Left,0.0,0.0,0.0,0.022036111,-0.28104234,0.002480252,-0.022393942,-0.52691805,-0.01356545,-0.060821183,-0.7452887,-0.03261021,-0.062434822,-0.9109818,-0.05652158,-0.2608987,-0.5326959,-0.050627425,-0.44405413,-0.65857977,-0.051933516,-0.5537766,-0.7208781,-0.051920533,-0.6357509,-0.7718943,-0.05629003,-0.36245388,-0.4062722,-0.053960346,-0.35986263,-0.3774115,-0.03868752,-0.29275167,-0.32600638,-0.017030606,-0.23313461,-0.29022494,-0.011072358,-0.40421394,-0.2392919,-0.051439557,-0.36806506,-0.22438657,-0.035133466,-0.3110789,-0.18497443,-0.013038427,-0.25925392,-0.15489241,-0.009187134,-0.43193993,-0.07745808,-0.04882908,-0.389778,-0.07287926,-0.027228624,-0.32911143,-0.045742992,-0.0016918139,-0.2846018,-0.027035855,0.015094209
G,Cristhian,Left,0.0,0.0,0.0,0.014992495,-0.28215972,0.0020391063,-0.03789125,-0.53765535,-0.015165306,-0.060853798,-0.75549453,-0.036589485,-0.04980144,-0.9171459,-0.064502686,-0.28378808,-0.53270817,-0.061123036,-0.4666998,-0.6522745,-0.066197194,-0.5813465,-0.7032771,-0.07064565,-0.66714096,-0.7449315,-0.07999606,-0.38812432,-0.3989998,-0.06731618,-0.3718709,-0.35228524,-0.056314696,-0.30408618,-0.2969009,-0.04081618,-0.24504447,-0.267028,-0.04122776,-0.4275371,-0.22359437,-0.06672506,-0.37750342,-0.19188897,-0.052416436,-0.3208892,-0.15660903,-0.031834505,-0.2659939,-0.13082324,-0.030075898,-0.4491373,-0.048967164,-0.066908084,-0.3997005,-0.03129501,-0.050660726,-0.33626646,-0.012254565,-0.027427139,-0.28241193,0.0010520284,-0.011466916
G,Cristhian,Left,0.0,0.0,0.0,0.044158984,-0.2661341,-0.013739871,0.025504969,-0.5143432,-0.041200306,0.016153382,-0.73010075,-0.06976368,0.03769139,-0.88875747,-0.10331644,-0.21833819,-0.54800266,-0.085272714,-0.38099253,-0.694868,-0.1043131,-0.4850012,-0.7686919,-0.11726927,-0.5632253,-0.82630336,-0.1313661,-0.3330742,-0.4273087,-0.08931073,-0.31610507,-0.3972033,-0.09526235,-0.25389123,-0.33317536,-0.081630126,-0.20137079,-0.2848978,-0.080806926,-0.38656074,-0.26046276,-0.088398874,-0.33996156,-0.23833407,-0.092005506,-0.28728488,-0.19547138,-0.06926548,-0.23714925,-0.15746137,-0.06251857,-0.41941056,-0.09473267,-0.08913208,-0.3718912,-0.0849049,-0.08605967,-0.31113085,-0.057826452,-0.062587194,-0.26285973,-0.03411132,-0.044868942
G,Cristhian,Left,0.0,0.0,0.0,0.014675475,-0.2732207,-0.008457408,-0.05151127,-0.52714294,-0.033463333,-0.08892231,-0.73765725,-0.0614003,-0.0850755,-0.8974362,-0.09587767,-0.29484233,-0.54603106,-0.08782287,-0.47773725,-0.6510987,-0.113689736,-0.59887815,-0.6941946,-0.13170469,-0.686125,-0.7274837,-0.15019444,-0.40172437,-0.41146833,-0.09662001,-0.38665494,-0.30564633,-0.111448064,-0.31272152,-0.24421884,-0.103738956,-0.24911967,-0.2297176,-0.10626388,-0.44873303,-0.22007921,-0.099905536,-0.3897244,-0.13164379,-0.10563734,-0.32700062,-0.09814101,-0.08336203,-0.26554665,-0.091626875,-0.077606805,-0.47396022,-0.021312093,-0.10563193,-0.40562007,0.034973975,-0.10970917,-0.33487085,0.055088013,-0.09297497,-0.2804082,0.052847568,-0.07812595
G,Cristhian,Left,0.0,0.0,0.0,0.011870519,-0.32276818,0.0257018,-0.08005624,-0.6079479,0.027768005,-0.15437673,-0.8111062,0.018427724,-0.16005369,-0.9871083,0.0009021107,-0.4129251,-0.5197205,0.019327493,-0.5913684,-0.5443269,0.0477016,-0.7024456,-0.5303206,0.06012559,-0.77918124,-0.5409405,0.057710666,-0.5215773,-0.35105473,0.0049438984,-0.4680429,-0.2446246,0.046519697,-0.38235965,-0.20474224,0.059087697,-0.32045454,-0.22342284,0.054148044,-0.54592943,-0.13969183,-0.0024022397,-0.46578404,-0.076841,0.029320756,-0.392119,-0.055865914,0.039668053,-0.33925352,-0.074209444,0.030337153,-0.5529185,0.07870549,-0.0090498,-0.47793645,0.13388729,0.012993654,-0.39995793,0.13471946,0.028967218,-0.34480813,0.11629231,0.0382713
G,Cristhian,Left,0.0,0.0,0.0,0.033193894,-0.30446607,-0.0070056836,0.0054712663,-0.5829942,-0.039023556,-0.012650936,-0.81482357,-0.07659226,0.0112097785,-0.9999372,-0.12187335,-0.29706806,-0.5671794,-0.068656184,-0.48204154,-0.65535325,-0.08011231,-0.575149,-0.675581,-0.08840798,-0.62390757,-0.6905979,-0.09824466,-0.41495776,-0.41410646,-0.07738961,-0.41096532,-0.3393248,-0.06559044,-0.33361238,-0.27456152,-0.050627712,-0.26779914,-0.25398064,-0.052537855,-0.46580237,-0.21477321,-0.08069313,-0.4244701,-0.16702344,-0.06587639,-0.35696757,-0.12527153,-0.04108354,-0.29478538,-0.11029321,-0.03880282,-0.4963852,-0.014424111,-0.08631049,-0.45283398,0.0193253,-0.06903939,-0.38076866,0.039947066,-0.040417675,-0.32319596,0.047125172,-0.02148648
G,Cristhian,Left,0.0,0.0,0.0,0.06565138,-0.30415803,0.016709859,0.055373963,-0.57357585,0.0016260847,0.03160304,-0.8130231,-0.024143934,0.0585338,-0.9982854,-0.05773666,-0.24097976,-0.5909936,0.00340092,-0.3792457,-0.7398578,0.023134839,-0.45683628,-0.7945457,0.032045685,-0.50909805,-0.84255904,0.031143779,-0.36095777,-0.46122274,-0.0065417136,-0.33490697,-0.46419656,0.03380066,-0.26342404,-0.4015173,0.053679697,-0.20706211,-0.34740916,0.055095945,-0.40820396,-0.28614727,-0.010773201,-0.357462,-0.2996569,0.022523843,-0.291879,-0.25552294,0.03647317,-0.2387155,-0.20578398,0.03138795,-0.43932846,-0.11388604,-0.01364737,-0.3884878,-0.12904382,0.02175724,-0.32385463,-0.10221791,0.046863534,-0.27590194,-0.06689818,0.060465425
G,Cristhian,Left,0.0,0.0,0.0,0.060448352,-0.28495333,0.0058793463,0.050663732,-0.5560151,-0.0066240123,0.027553389,-0.7789107,-0.026621869,0.04377663,-0.94531596,-0.053344462,-0.23362562,-0.5708286,-0.021549866,-0.37384114,-0.7187256,-0.014761258,-0.46723205,-0.7867876,-0.01545892,-0.53467715,-0.8450564,-0.023147421,-0.35625777,-0.4489503,-0.03005779,-0.32725725,-0.41905937,-0.008343925,-0.26125026,-0.35474283,0.003753876,-0.20570813,-0.30738512,0.0010920146,-0.40911415,-0.27816984,-0.033255506,-0.35666263,-0.25368983,-0.015697088,-0.29950717,-0.21192929,-0.00064737635,-0.24826954,-0.17305394,-0.0026665032,-0.44232243,-0.10279489,-0.036506426,-0.3944426,-0.08323955,-0.015150533,-0.33324072,-0.062567934,0.008384234,-0.2841118,-0.040319458,0.023261951
G,Cristhian,Left,0.0,0.0,0.0,0.06613965,-0.26231733,-0.0108859055,0.07516978,-0.5043126,-0.036159635,0.08272839,-0.7181842,-0.06489098,0.118837535,-0.8715636,-0.09841752,-0.19239907,-0.5717981,-0.057918612,-0.3204687,-0.73712945,-0.066171676,-0.4064565,-0.8188893,-0.07369265,-0.4694865,-0.88293964,-0.08483613,-0.31769463,-0.4691922,-0.061576385,-0.2975068,-0.44543877,-0.057312492,-0.23906608,-0.37725094,-0.044722516,-0.18880758,-0.3210788,-0.044559672,-0.38091052,-0.31262544,-0.061169453,-0.33252972,-0.28999656,-0.059886172,-0.2789977,-0.24443929,-0.044631634,-0.23107581,-0.19897069,-0.04260914,-0.42307386,-0.15416758,-0.06187172,-0.37663907,-0.14074239,-0.05601077,-0.3167365,-0.10848276,-0.037258103,-0.26869708,-0.07616195,-0.022895524
G,Cristhian,Left,0.0,0.0,0.0,0.087129116,-0.23178463,-0.013880317,0.11324597,-0.46248353,-0.036865883,0.13289094,-0.66100734,-0.062062312,0.17215712,-0.79779583,-0.09174507,-0.14392422,-0.5544434,-0.06385604,-0.25315416,-0.7417728,-0.07430268,-0.3296829,-0.8428205,-0.083254404,-0.38791275,-0.9216961,-0.09494605,-0.26837894,-0.47532976,-0.0656641,-0.2510775,-0.45376214,-0.064453684,-0.19977757,-0.38002032,-0.052599892,-0.15665641,-0.31996757,-0.052761044,-0.3384005,-0.33766818,-0.06329981,-0.2964571,-0.31278378,-0.06398186,-0.24845336,-0.26216644,-0.0467504,-0.20563251,-0.21249811,-0.042646915,-0.38931644,-0.19571318,-0.062362384,-0.3541825,-0.18549025,-0.05703521,-0.30149353,-0.15028909,-0.03623969,-0.25808334,-0.1128096,-0.020367885
G,Cristhian,Left,0.0,0.0,0.0,0.0717949,-0.23576047,-0.022946002,0.07861937,-0.48307765,-0.05242079,0.083117306,-0.68425083,-0.083264634,0.11311786,-0.82869184,-0.119062044,-0.18743116,-0.55534077,-0.08031133,-0.305651,-0.7254414,-0.10142941,-0.38728958,-0.8205684,-0.119010374,-0.44823104,-0.89391774,-0.13758174,-0.30617023,-0.461062,-0.08408374,-0.28594583,-0.3992306,-0.0997877,-0.2305093,-0.32335284,-0.09651814,-0.18573003,-0.2730973,-0.100792855,-0.369359,-0.30835578,-0.084315844,-0.32185805,-0.25983438,-0.09593503,-0.27090183,-0.21679482,-0.07944929,-0.22607484,-0.17902544,-0.075149685,-0.41194606,-0.15036714,-0.08753736,-0.36414498,-0.12186816,-0.094119534,-0.3073338,-0.09259673,-0.07793074,-0.263827,-0.068620846,-0.06341987
G,Cristhian,Left,0.0,0.0,0.0,0.05873104,-0.29431212,-0.013291495,0.034935668,-0.55532426,-0.036332168,-0.002794375,-0.78273696,-0.06458862,0.005327097,-0.96689355,-0.09868635,-0.2777661,-0.5699794,-0.036927957,-0.42080444,-0.71337265,-0.036505133,-0.5048624,-0.7777256,-0.041052032,-0.5609323,-0.8278617,-0.051702667,-0.39323992,-0.43326908,-0.04024396,-0.36036795,-0.39262715,-0.031349987,-0.28676012,-0.32674798,-0.02345454,-0.22897136,-0.28176758,-0.026991067,-0.43823206,-0.25098497,-0.04064517,-0.38369697,-0.2301889,-0.039532743,-0.3196534,-0.19015647,-0.028194703,-0.2657128,-0.1545018,-0.029152654,-0.46227485,-0.070598535,-0.042403698,-0.41680193,-0.056412175,-0.03884257,-0.3504822,-0.037437882,-0.022382418,-0.29682955,-0.01725292,-0.009103079
G,Cristhian,Left,0.0,0.0,0.0,0.024055706,-0.31087264,0.004557078,-0.033495825,-0.5821908,-0.010159324,-0.09336906,-0.81443775,-0.03420041,-0.096207395,-0.9953613,-0.06461762,-0.3425344,-0.5454899,-0.007607092,-0.49463254,-0.6627333,-0.002983244,-0.57624865,-0.70863706,-0.006672741,-0.6248559,-0.743391,-0.015124618,-0.43917271,-0.3848127,-0.017964251,-0.4114339,-0.34712708,-0.005156184,-0.32827923,-0.2888569,0.0023617584,-0.2627947,-0.2531802,0.00039128098,-0.46668786,-0.19341625,-0.02456162,-0.42141756,-0.17804547,-0.015661567,-0.34994808,-0.14902705,-0.0021414573,-0.28532133,-0.12086352,-0.0016598398,-0.4757104,-0.009092717,-0.031554222,-0.4284133,0.00092479755,-0.018789168,-0.3579661,0.01224947,0.0020648858,-0.30118302,0.02532875,0.01829803
G,Cristhian,Left,0.0,0.0,0.0,0.02765576,-0.30570507,0.016726285,-0.04967746,-0.56558824,0.024430702,-0.12926258,-0.7737131,0.026546083,-0.15104201,-0.9323039,0.024905423,-0.34471455,-0.53157455,0.014625269,-0.4970556,-0.6557278,0.042616025,-0.5897634,-0.7088534,0.05259529,-0.6615678,-0.7498854,0.04950205,-0.43867132,-0.37381053,0.009925524,-0.40318602,-0.4065249,0.046764772,-0.3201418,-0.36689198,0.061135408,-0.26015338,-0.32285753,0.059503503,-0.45695564,-0.19890772,0.011195917,-0.40846956,-0.23885036,0.040286336,-0.33775508,-0.21719758,0.055041146,-0.2803251,-0.17734227,0.05207466,-0.45577678,-0.034508344,0.013576096,-0.41167393,-0.06933554,0.038391896,-0.34522822,-0.06006895,0.058719657,-0.2939766,-0.04063768,0.07094428
G,Cristhian,Left,0.0,0.0,0.0,0.002804452,-0.3190489,0.00756254,-0.11511967,-0.56296027,0.022514237,-0.22106872,-0.74581796,0.030136777,-0.2656553,-0.89787304,0.03325731,-0.39538082,-0.47361815,0.029121155,-0.5658851,-0.5728541,0.056659427,-0.67431444,-0.6141527,0.06383086,-0.7589181,-0.65118605,0.057679195,-0.474194,-0.29599923,0.027372792,-0.4205104,-0.3243939,0.053735267,-0.32576826,-0.29601717,0.05704535,-0.26103714,-0.26160496,0.050479952,-0.47082388,-0.11506466,0.029697891,-0.4260258,-0.14683858,0.045284417,-0.34483936,-0.13410302,0.0556831,-0.28477326,-0.10308585,0.0533473,-0.44908148,0.05497637,0.032582097,-0.41697347,0.03113777,0.045334913,-0.3454061,0.036434297,0.06487115,-0.2908605,0.05173368,0.07907876
G,Cristhian,Left,0.0,0.0,0.0,-0.044558052,-0.3116616,0.0067188907,-0.18562287,-0.5507721,0.009705517,-0.30321786,-0.72123533,0.006322575,-0.35168082,-0.87009484,-0.0021953455,-0.44992715,-0.3979148,-0.022863455,-0.6483294,-0.46601218,-0.017404554,-0.7722089,-0.4864489,-0.018280322,-0.8642983,-0.50297964,-0.027329577,-0.515041,-0.20071581,-0.028801266,-0.46788016,-0.20852153,-0.020626096,-0.37342784,-0.19863379,-0.013080334,-0.3027017,-0.18661156,-0.016086845,-0.49730068,-0.012221973,-0.028596139,-0.43921143,-0.026904443,-0.021734415,-0.36094317,-0.033705786,-0.005322908,-0.2950516,-0.028546948,-0.003880873,-0.4601024,0.1627713,-0.028205313,-0.4053029,0.14866295,-0.018926185,-0.33334708,0.13500534,0.0011847417,-0.27680796,0.1279151,0.01598144
G,Cristhian,Left,0.0,0.0,0.0,-0.08028087,-0.27889743,-0.012113892,-0.24051954,-0.5003704,-0.032313596,-0.3840345,-0.665286,-0.051677573,-0.46967536,-0.8135374,-0.07791685,-0.44789168,-0.3473925,-0.09177811,-0.695185,-0.32621536,-0.11148527,-0.84607846,-0.30089888,-0.11937578,-0.9585626,-0.28488186,-0.12897792,-0.4792677,-0.15488057,-0.09342657,-0.54428285,-0.08194486,-0.103946805,-0.46217883,-0.06751415,-0.08326889,-0.3764652,-0.080328204,-0.07479557,-0.459697,0.04204972,-0.08928812,-0.49607515,0.08126663,-0.095232,-0.42614344,0.09748964,-0.059780214,-0.34678328,0.08996854,-0.0428274,-0.4277383,0.23031752,-0.08592274,-0.46276605,0.260883,-0.083673365,-0.39626518,0.26531753,-0.052427888,-0.33187267,0.25664482,-0.028479394
G,Cristhian,Left,0.0,0.0,0.0,-0.073048,-0.2887174,0.021458788,-0.21186003,-0.50652355,0.014521442,-0.33664384,-0.68405366,0.0038210698,-0.40273786,-0.83775634,-0.016365265,-0.41623345,-0.38279212,-0.06823207,-0.66659653,-0.38969773,-0.080368035,-0.8122959,-0.38398784,-0.08594333,-0.92562824,-0.3784341,-0.09561342,-0.44557905,-0.20023236,-0.08389634,-0.5580938,-0.14482753,-0.07327315,-0.47735056,-0.1319763,-0.038399115,-0.39342302,-0.1408092,-0.026681708,-0.4261601,-0.0075212657,-0.0916352,-0.5116195,0.016559036,-0.07944692,-0.44160554,0.025425296,-0.029458823,-0.36680982,0.021588726,-0.009352129,-0.39260012,0.17862503,-0.09705274,-0.48342836,0.17556031,-0.08016667,-0.41567934,0.17152503,-0.032879863,-0.34914503,0.1651629,-0.00354258
G,Cristhian,Left,0.0,0.0,0.0,-0.07102899,-0.26905453,0.022539841,-0.20955984,-0.48916048,0.018670265,-0.31948206,-0.6686144,0.009823972,-0.36559203,-0.8169622,-0.009321475,-0.38818642,-0.41084632,-0.061007738,-0.6352304,-0.42861924,-0.08645541,-0.7842839,-0.42894435,-0.103068456,-0.90071356,-0.43441352,-0.11830857,-0.40660658,-0.25215724,-0.081218705,-0.5793675,-0.17465174,-0.10412191,-0.54031134,-0.07755091,-0.09301821,-0.46959084,-0.03140717,-0.08558548,-0.39867744,-0.07496569,-0.0928594,-0.54313827,-0.026911303,-0.103408076,-0.49808055,0.041274775,-0.06759355,-0.42413637,0.067461066,-0.045214687,-0.37510902,0.098652944,-0.1017094,-0.5016072,0.1313303,-0.09835031,-0.46387288,0.15814091,-0.060131375,-0.4005205,0.16229047,-0.030180927
G,Cristhian,Left,0.0,0.0,0.0,-0.06920556,-0.2596238,-0.015314767,-0.19110721,-0.46778205,-0.0479794,-0.29249802,-0.63254565,-0.07966701,-0.3531357,-0.76808965,-0.1196663,-0.3706248,-0.36229387,-0.11743952,-0.63458824,-0.38472784,-0.1687237,-0.79232204,-0.40188175,-0.19987027,-0.9125767,-0.4089056,-0.22087578,-0.39176744,-0.17414944,-0.12785989,-0.5713703,-0.13876444,-0.16624147,-0.50019026,-0.12985416,-0.14804444,-0.40150994,-0.12853013,-0.1358486,-0.37712216,0.025705718,-0.13405944,-0.5326361,0.038414326,-0.17060389,-0.46315107,0.045021623,-0.12626621,-0.37627503,0.04922355,-0.09569291,-0.34720343,0.20936976,-0.13894074,-0.49121198,0.19134897,-0.15737775,-0.4206832,0.19119903,-0.110688746,-0.33894244,0.20108075,-0.074199766
G,Cristhian,Left,0.0,0.0,0.0,-0.059410516,-0.22662552,-0.031507663,-0.17794643,-0.4254761,-0.07507446,-0.27205363,-0.5945116,-0.116161935,-0.3219539,-0.7475775,-0.16464984,-0.38605368,-0.33012596,-0.123794876,-0.6496645,-0.33719453,-0.18452215,-0.81309474,-0.3504251,-0.22219718,-0.9331261,-0.35954937,-0.24798366,-0.3994732,-0.15060662,-0.13218752,-0.5847398,-0.05944112,-0.19422756,-0.5037109,-0.05286142,-0.18808669,-0.39136684,-0.07124525,-0.17726697,-0.37667924,0.04433523,-0.13824329,-0.53233767,0.11376404,-0.1996647,-0.46037945,0.11759798,-0.16512927,-0.3652342,0.103544004,-0.13301143,-0.3405703,0.23009916,-0.14352745,-0.47734746,0.2691656,-0.18446879,-0.3992191,0.2642656,-0.14718515,-0.3086032,0.25484288,-0.11132225
G,Cristhian,Left,0.0,0.0,0.0,-0.0794331,-0.2631101,0.0024768452,-0.21768439,-0.47708103,-0.018002795,-0.3179938,-0.66363287,-0.035714887,-0.36543486,-0.81497157,-0.062182747,-0.36593267,-0.38925394,-0.114990465,-0.622958,-0.42325917,-0.15296313,-0.7777734,-0.43659428,-0.17576785,-0.8984738,-0.4390272,-0.19424829,-0.38701952,-0.21429354,-0.12738009,-0.57757956,-0.19527641,-0.14299433,-0.50964797,-0.17770648,-0.111876555,-0.41824695,-0.17502263,-0.096706845,-0.38422558,-0.018806582,-0.1328262,-0.53878987,-0.030896468,-0.14036892,-0.4836235,-0.017850704,-0.088460185,-0.4012957,-0.007231942,-0.06123916,-0.37153563,0.17234796,-0.13686757,-0.5086176,0.13126591,-0.13739516,-0.44925514,0.1321108,-0.09180775,-0.37330064,0.14897709,-0.060816146
G,Cristhian,Left,0.0,0.0,0.0,-0.08301709,-0.25016433,0.0017288771,-0.20539829,-0.4376027,-0.032373272,-0.29911286,-0.6135298,-0.06786361,-0.3608442,-0.7694735,-0.113052726,-0.382051,-0.3549904,-0.10994741,-0.6368528,-0.38795456,-0.15567693,-0.7907476,-0.4069021,-0.18052396,-0.9080856,-0.41878468,-0.19857213,-0.40443757,-0.17579888,-0.12939584,-0.57430065,-0.1185067,-0.16249284,-0.4936154,-0.078747936,-0.14106129,-0.3966738,-0.0756662,-0.12714215,-0.39040032,0.025116326,-0.14211638,-0.5336793,0.051924795,-0.1701319,-0.46155813,0.072165824,-0.11903029,-0.37966353,0.0704993,-0.08546022,-0.35617393,0.21401118,-0.15204234,-0.50366,0.21403648,-0.16171709,-0.43556044,0.21332347,-0.10710526,-0.35882136,0.21178253,-0.06502802
G,Cristhian,Left,0.0,0.0,0.0,-0.05906338,-0.2635639,0.0036196564,-0.17355445,-0.48481977,-0.019934932,-0.2618184,-0.6674054,-0.0439187,-0.3148951,-0.8162533,-0.07661152,-0.34753907,-0.42232132,-0.1045926,-0.6086915,-0.45936203,-0.14391822,-0.75864875,-0.47531217,-0.16691753,-0.87529886,-0.48358232,-0.18547337,-0.37165037,-0.25381896,-0.12142878,-0.55894524,-0.21857812,-0.14182435,-0.4911257,-0.17543721,-0.11653857,-0.401844,-0.16470315,-0.10528875,-0.37084672,-0.060376093,-0.13239186,-0.5322212,-0.06616515,-0.14719361,-0.47637966,-0.026367277,-0.0983714,-0.3930251,-0.009136703,-0.0712599,-0.3604521,0.13032159,-0.14189787,-0.5236798,0.113804325,-0.14967306,-0.488082,0.13608079,-0.10830067,-0.42510128,0.15607099,-0.07860464
G,Cristhian,Left,0.0,0.0,0.0,-0.01793132,-0.2922144,-0.009358519,-0.12634614,-0.55270517,-0.022449736,-0.215509,-0.75083554,-0.03894927,-0.265108,-0.9029122,-0.061127745,-0.38138786,-0.45166144,-0.05903536,-0.59102505,-0.50813365,-0.076629475,-0.7328436,-0.5306309,-0.09014484,-0.8386824,-0.5446208,-0.10415716,-0.44734147,-0.27920476,-0.06407599,-0.45049345,-0.20859826,-0.07553563,-0.36704963,-0.18230802,-0.0668386,-0.29380038,-0.18011753,-0.06628993,-0.44927818,-0.08453597,-0.06490137,-0.42704648,-0.040830478,-0.07878609,-0.35643575,-0.023962997,-0.056374643,-0.29002973,-0.0267019,-0.045176364,-0.43673626,0.101170294,-0.06657049,-0.41287822,0.12711993,-0.07026047,-0.3441914,0.1351083,-0.04462252,-0.28744155,0.12846218,-0.022493321
G,Cristhian,Left,0.0,0.0,0.0,-0.016959542,-0.29448533,0.028396517,-0.1138183,-0.53477097,0.037438482,-0.21019414,-0.73388726,0.03713069,-0.25463074,-0.888965,0.029794244,-0.38723564,-0.4594398,0.02627752,-0.6002698,-0.52380157,0.05373869,-0.72812605,-0.5465995,0.06430421,-0.82358515,-0.5671927,0.06540675,-0.4563689,-0.2886352,0.020728122,-0.45745793,-0.23255281,0.062368035,-0.3746539,-0.20278263,0.08142901,-0.29991764,-0.19418235,0.08486936,-0.45513108,-0.09957093,0.02203336,-0.4353187,-0.07006236,0.060838975,-0.36315534,-0.056233726,0.077925354,-0.2954053,-0.049160033,0.07661752,-0.44497278,0.07920775,0.025547864,-0.41143522,0.094007276,0.06946262,-0.34055316,0.1022718,0.10097602,-0.28290355,0.10324306,0.12009059
G,Cristhian,Left,0.0,0.0,0.0,-0.020291556,-0.2763519,-0.01585362,-0.13202244,-0.52510595,-0.030652018,-0.22433873,-0.7257636,-0.048125777,-0.271197,-0.8820035,-0.07018577,-0.40000853,-0.45442888,-0.052727394,-0.6030305,-0.5129856,-0.06642353,-0.7373079,-0.53142947,-0.080319926,-0.83900136,-0.5441293,-0.09670252,-0.46563202,-0.2786119,-0.054922376,-0.4464536,-0.21410838,-0.06853113,-0.35610446,-0.18482544,-0.065990575,-0.28709185,-0.17743738,-0.06924094,-0.46571624,-0.08216712,-0.05385792,-0.428873,-0.0462189,-0.0639276,-0.35365263,-0.03404593,-0.04432973,-0.28941458,-0.030333184,-0.036681388,-0.4528517,0.1067126,-0.055432737,-0.41205034,0.124594785,-0.057373706,-0.33970037,0.13296561,-0.03628634,-0.28479895,0.13129778,-0.017992519
G,Cristhian,Left,0.0,0.0,0.0,-0.02172824,-0.27301797,0.001966954,-0.13468589,-0.5152647,-0.009034792,-0.23787615,-0.6899558,-0.021616055,-0.2904828,-0.8338298,-0.041682117,-0.37790072,-0.43794096,-0.07088604,-0.60467416,-0.48604116,-0.08564178,-0.7488203,-0.49934533,-0.09428695,-0.85748285,-0.5145126,-0.10625322,-0.4475802,-0.2837498,-0.07792892,-0.49707702,-0.17580314,-0.07876878,-0.4178381,-0.13078251,-0.05855115,-0.34558746,-0.14595509,-0.053318072,-0.4620233,-0.093428545,-0.078495204,-0.47831213,-0.0096563045,-0.075602725,-0.4083406,0.023071738,-0.03968163,-0.33958903,0.007763496,-0.025088336,-0.46032226,0.1013025,-0.07941291,-0.4796526,0.15232697,-0.07322478,-0.40751585,0.16650686,-0.03986141,-0.34298167,0.14939626,-0.014458136
G,Cristhian,Left,0.0,0.0,0.0,-0.03996776,-0.28297386,0.020126969,-0.1650656,-0.5138709,0.019366339,-0.27183604,-0.6936644,0.014424345,-0.31529152,-0.8525149,0.0012957412,-0.39134604,-0.4389098,-0.04847684,-0.61898506,-0.48013702,-0.052308112,-0.76145726,-0.48631397,-0.053942155,-0.8686062,-0.49550298,-0.060799126,-0.45906523,-0.2793388,-0.058795333,-0.51707834,-0.17381734,-0.048833918,-0.43670574,-0.1324573,-0.024849217,-0.3568109,-0.14421216,-0.016772112,-0.4732944,-0.08885305,-0.060829524,-0.49346143,-0.0034669866,-0.04556872,-0.42395055,0.025469098,-0.010227173,-0.35150552,0.011068292,0.0022777882,-0.47159803,0.10122009,-0.06171825,-0.48707455,0.15110245,-0.04524898,-0.4137183,0.16585012,-0.0116724735,-0.34895214,0.15138039,0.012381876
G,Cristhian,Left,0.0,0.0,0.0,-0.019784074,-0.3052144,0.007408789,-0.12804408,-0.54797405,2.4286352e-05,-0.2274732,-0.7411524,-0.009551554,-0.27039537,-0.9021686,-0.02756475,-0.38694042,-0.46537974,-0.060600467,-0.606049,-0.51612616,-0.06035669,-0.74166715,-0.52609926,-0.060704693,-0.84316355,-0.53765714,-0.06821086,-0.466146,-0.29841083,-0.06523602,-0.4795019,-0.21711113,-0.04520147,-0.39687985,-0.17759192,-0.02140004,-0.32421866,-0.17433888,-0.017421762,-0.4770774,-0.101688586,-0.06188876,-0.45699447,-0.056014147,-0.03752959,-0.3882688,-0.034223966,-0.007908028,-0.31985357,-0.031361643,-0.0031380758,-0.4708961,0.09510141,-0.058653325,-0.44123802,0.11941176,-0.03774372,-0.36979726,0.12222808,-0.010047708,-0.31198528,0.11861593,0.008344806
G,Cristhian,Left,0.0,0.0,0.0,-0.00039411237,-0.31890267,0.042332474,-0.10150796,-0.5520242,0.06307408,-0.20308322,-0.743433,0.07786036,-0.2369338,-0.9077383,0.083695054,-0.3871149,-0.45865768,0.011622715,-0.6063254,-0.5323057,0.054729734,-0.73198086,-0.545976,0.081152484,-0.8244106,-0.5659922,0.09173106,-0.46912926,-0.28222936,0.0120909475,-0.45736936,-0.27915603,0.089531474,-0.3718331,-0.24525823,0.13174312,-0.30080473,-0.22696505,0.1418462,-0.4662369,-0.092105255,0.02272815,-0.4302776,-0.114790924,0.0919415,-0.35494685,-0.09637605,0.11523628,-0.28968737,-0.07816375,0.10830206,-0.45433164,0.091171056,0.037651077,-0.4128341,0.064003475,0.09649227,-0.34052607,0.06553809,0.12522233,-0.28432885,0.06885173,0.13705099
G,Cristhian,Left,0.0,0.0,0.0,-0.01486424,-0.2916307,0.02240607,-0.111458614,-0.5364703,0.026696227,-0.2051631,-0.7382578,0.026584782,-0.23337205,-0.90021956,0.018442735,-0.3556679,-0.4617234,-0.02138101,-0.57731706,-0.53185445,-0.010225871,-0.71315,-0.5551196,-0.00556714,-0.81740165,-0.57606816,-0.008139214,-0.42657235,-0.30433008,-0.025022376,-0.47105247,-0.26385066,0.010661567,-0.391863,-0.23262484,0.041317463,-0.31669155,-0.22530058,0.050059054,-0.43756506,-0.12059847,-0.021296775,-0.45535368,-0.098709576,0.01225699,-0.38689417,-0.074838385,0.043647036,-0.31851146,-0.0659922,0.050512772,-0.43522456,0.060749415,-0.015360227,-0.44713038,0.06338223,0.021813067,-0.37985626,0.074791424,0.059023924,-0.32185355,0.07805539,0.080888726
G,Cristhian,Left,0.0,0.0,0.0,-0.016617162,-0.27711347,0.04176631,-0.10881612,-0.503756,0.05611748,-0.19237243,-0.6875995,0.062251974,-0.21678811,-0.83235884,0.0592256,-0.34800503,-0.46327636,-0.01962618,-0.5681346,-0.538733,-0.018287634,-0.7038506,-0.5698012,-0.01747837,-0.8041431,-0.5944358,-0.02171652,-0.4183404,-0.30931887,-0.031311452,-0.48646122,-0.22816028,-0.0112020895,-0.415694,-0.18755057,0.017961735,-0.33672428,-0.18137662,0.02827636,-0.4335017,-0.12514992,-0.034224696,-0.4676697,-0.05078948,-0.012616605,-0.41074333,-0.019973015,0.018837994,-0.3418417,-0.009835737,0.027644068,-0.43118927,0.05631662,-0.033182587,-0.45590633,0.1213018,-0.012439176,-0.40774047,0.15936518,0.015099629,-0.35733235,0.18076739,0.0327996
G,Cristhian,Left,0.0,0.0,0.0,-0.04897796,-0.27038586,-0.015792208,-0.1449096,-0.47824517,-0.056656122,-0.21075985,-0.67596614,-0.09352908,-0.23277205,-0.85088784,-0.13796183,-0.32985514,-0.39951023,-0.11866811,-0.56493574,-0.49536818,-0.15977882,-0.70918596,-0.5471086,-0.19120136,-0.82134014,-0.57043874,-0.21552631,-0.3723834,-0.22034782,-0.12039937,-0.53551406,-0.28858835,-0.12957938,-0.4685249,-0.3034849,-0.10008517,-0.38421556,-0.28517413,-0.08879537,-0.3790941,-0.030226337,-0.11731781,-0.5265029,-0.12226438,-0.118266776,-0.4654713,-0.13752656,-0.06588147,-0.3846768,-0.111237936,-0.04069199,-0.37131077,0.13812761,-0.11456988,-0.5020383,0.043697312,-0.11415923,-0.44072127,0.029187227,-0.067816645,-0.36819762,0.0522683,-0.03683359
G,Cristhian,Left,0.0,0.0,0.0,-0.058470894,-0.26272652,0.011258878,-0.15113334,-0.47350472,-0.028984632,-0.19646998,-0.6739744,-0.068176016,-0.1983525,-0.85336465,-0.1188018,-0.2997677,-0.42187613,-0.14275661,-0.5349848,-0.5206373,-0.19781159,-0.67885745,-0.5808216,-0.23424116,-0.7925468,-0.60981107,-0.25919703,-0.34256327,-0.2538222,-0.16071285,-0.5286574,-0.30008453,-0.17809092,-0.4548426,-0.28263193,-0.14241195,-0.36101913,-0.24470448,-0.12534718,-0.35779715,-0.0597211,-0.16985321,-0.5187769,-0.11570935,-0.17373343,-0.45564836,-0.116789535,-0.11605558,-0.37355945,-0.08877516,-0.087103896,-0.3588637,0.117424615,-0.17518508,-0.5034626,0.051847816,-0.16682914,-0.4428461,0.045283895,-0.10945929,-0.37334034,0.068304576,-0.07299308
G,Cristhian,Left,0.0,0.0,0.0,-0.056673557,-0.26092148,0.017630197,-0.15554829,-0.47581613,-0.009459069,-0.21362768,-0.6495398,-0.030669807,-0.24910767,-0.7807439,-0.061408743,-0.29480097,-0.4188062,-0.17137736,-0.53329575,-0.5115233,-0.24984448,-0.67877746,-0.57896113,-0.3043233,-0.78994906,-0.61317253,-0.33802974,-0.31838176,-0.23781009,-0.18657607,-0.54152477,-0.2558749,-0.21417135,-0.47153434,-0.24985075,-0.17934276,-0.37351048,-0.23151933,-0.1645205,-0.32325754,-0.043548632,-0.1919292,-0.52761316,-0.082121655,-0.20887119,-0.46311525,-0.08958794,-0.14865984,-0.36935675,-0.07618438,-0.114188515,-0.31248984,0.12752956,-0.19147749,-0.49754736,0.074698515,-0.19516735,-0.44678217,0.067377046,-0.13686016,-0.36824328,0.08671213,-0.096897945
G,Cristhian,Left,0.0,0.0,0.0,-0.085816815,-0.21122532,0.017912036,-0.2342579,-0.3805398,0.0040235184,-0.37667894,-0.4272727,-0.015443076,-0.48297614,-0.36464944,-0.04244329,-0.32631326,-0.4594383,-0.06155717,-0.5521547,-0.5403205,-0.095992446,-0.6917083,-0.5757216,-0.11210285,-0.80028313,-0.5996223,-0.12511429,-0.35454524,-0.32008502,-0.09287755,-0.5483441,-0.2809468,-0.13227797,-0.5069874,-0.21415281,-0.12223412,-0.43211868,-0.1929885,-0.113378994,-0.3682445,-0.1492592,-0.11822682,-0.533795,-0.12584652,-0.1443388,-0.49537435,-0.071461745,-0.10399994,-0.42654696,-0.05097759,-0.07713387,-0.37531456,0.027026989,-0.14237496,-0.5120858,0.021333195,-0.15486044,-0.47402254,0.056379993,-0.11761742,-0.41147724,0.0770728,-0.08708855
G,Cristhian,Left,0.0,0.0,0.0,-0.05211454,-0.25405535,0.08129711,-0.16207412,-0.4290485,0.10383057,-0.2840571,-0.56018054,0.1119101,-0.36275473,-0.64325464,0.11078904,-0.2966987,-0.4837075,0.016431624,-0.52589864,-0.57820725,0.03222034,-0.657667,-0.6171843,0.046747867,-0.75884557,-0.65127057,0.053104855,-0.34681636,-0.33937368,-0.01872034,-0.50319046,-0.32667267,0.011258317,-0.43795195,-0.26604906,0.049390793,-0.35962075,-0.25005266,0.0670917,-0.37158826,-0.16552141,-0.04186129,-0.49472287,-0.17247264,-0.0001344228,-0.43450192,-0.122056216,0.050626025,-0.36334908,-0.10013367,0.06825985,-0.38800633,0.013164959,-0.058630597,-0.47625986,-0.007973094,-0.014942371,-0.41935283,0.029921874,0.034852732,-0.35896495,0.0526646,0.064123414
G,Cristhian,Left,0.0,0.0,0.0,-0.048755575,-0.23909636,0.04683962,-0.1550838,-0.43596503,0.054477584,-0.27896255,-0.57350355,0.053882133,-0.36101058,-0.64982814,0.046474442,-0.29372662,-0.47464916,-0.019841334,-0.512684,-0.5812144,-0.029564954,-0.64082193,-0.6291154,-0.03470226,-0.7432404,-0.6690244,-0.041482046,-0.340811,-0.3257348,-0.04767563,-0.508189,-0.33417815,-0.053690005,-0.44046324,-0.2806471,-0.035239838,-0.35991338,-0.25630793,-0.025682788,-0.36581004,-0.1585973,-0.06610716,-0.51128936,-0.17385444,-0.058886226,-0.44845453,-0.13100106,-0.015564691,-0.37108007,-0.107778266,0.0056248712,-0.3817943,0.0044442196,-0.08050691,-0.4952231,-0.021654563,-0.064970195,-0.43926996,0.011664426,-0.021450035,-0.3745754,0.034227807,0.008860625
G,Cristhian,Left,0.0,0.0,0.0,-0.045661755,-0.22766425,-0.0024132647,-0.15681353,-0.45203587,-0.022714715,-0.2548258,-0.63084006,-0.045844298,-0.30043903,-0.7715745,-0.075503975,-0.28933436,-0.46868375,-0.08068471,-0.5110804,-0.56536496,-0.120982036,-0.6521199,-0.6122733,-0.1425067,-0.7615351,-0.6481237,-0.15958749,-0.3324318,-0.32511714,-0.09999505,-0.51463586,-0.29495296,-0.14832981,-0.4561566,-0.23504664,-0.14087482,-0.36819765,-0.21739992,-0.1320535,-0.36041424,-0.15361361,-0.1149473,-0.50857073,-0.12530388,-0.1477271,-0.4574776,-0.07887419,-0.10676034,-0.37750214,-0.061471753,-0.07811194,-0.38001475,0.022232572,-0.13039988,-0.49811772,0.021343691,-0.1477252,-0.4456247,0.05327232,-0.11193066,-0.37346515,0.06856398,-0.081480175
G,Cristhian,Left,0.0,0.0,0.0,-0.04244969,-0.2426694,0.056152143,-0.14150281,-0.445865,0.059426792,-0.22299963,-0.6162468,0.05563008,-0.25018018,-0.7597833,0.042025957,-0.26510108,-0.50757366,-0.0640215,-0.50242233,-0.589542,-0.09718485,-0.64064527,-0.6284311,-0.11713313,-0.7508722,-0.66044754,-0.13330102,-0.3024009,-0.37498018,-0.09766845,-0.5027675,-0.31195587,-0.103459045,-0.4456914,-0.24846148,-0.06798458,-0.36128885,-0.24176855,-0.05407362,-0.32953113,-0.20429808,-0.122035086,-0.49816895,-0.16168804,-0.122683324,-0.4420949,-0.10654549,-0.06716219,-0.36390978,-0.09983434,-0.04096929,-0.3471751,-0.024088873,-0.14039186,-0.49093577,-0.028845271,-0.13551328,-0.43361843,0.01426797,-0.0861475,-0.3640544,0.029951436,-0.05382097
G,Cristhian,Left,0.0,0.0,0.0,-0.05475799,-0.24600492,0.094412915,-0.15699884,-0.45030805,0.11242085,-0.23964263,-0.61535954,0.117763594,-0.2605363,-0.75551575,0.11098666,-0.28679365,-0.5216013,-0.0397166,-0.51215655,-0.60244435,-0.052380495,-0.6443288,-0.62964076,-0.056956597,-0.7473638,-0.664415,-0.06513811,-0.31541097,-0.40249446,-0.089484826,-0.5137951,-0.3157469,-0.067245,-0.4609529,-0.24089687,-0.017175838,-0.377861,-0.23388259,-0.0016076791,-0.33625287,-0.23890716,-0.1266829,-0.49732232,-0.15688242,-0.09488807,-0.43962172,-0.10026434,-0.03541928,-0.3662377,-0.102032654,-0.019564757,-0.3497581,-0.068473905,-0.15596482,-0.48198363,-0.020707803,-0.123333886,-0.42487007,0.018784035,-0.07268449,-0.36162,0.023798253,-0.04933326
G,Cristhian,Left,0.0,0.0,0.0,-0.065721735,-0.28895882,0.05196971,-0.18510707,-0.50760996,0.058049716,-0.27704436,-0.7004041,0.06914801,-0.32221407,-0.8544083,0.072446615,-0.33025184,-0.44350487,-0.10857255,-0.59010804,-0.49223045,-0.14364496,-0.7377926,-0.50707346,-0.16879047,-0.857612,-0.51429725,-0.18720426,-0.35425496,-0.2754532,-0.12497005,-0.551008,-0.2793308,-0.09439522,-0.47289002,-0.25757688,-0.03053883,-0.38405338,-0.24679223,-0.007807349,-0.36069804,-0.08128346,-0.13132726,-0.52470386,-0.115958706,-0.10137312,-0.45053756,-0.10465234,-0.03480372,-0.3668749,-0.090969354,-0.011375746,-0.35905725,0.09956751,-0.13039152,-0.49831274,0.053362407,-0.09705225,-0.43202937,0.051548023,-0.037325125,-0.36080045,0.07013806,-0.008018498
G,Cristhian,Left,0.0,0.0,0.0,-0.064541586,-0.27303988,0.00013902197,-0.19106685,-0.49346513,-0.024734415,-0.28599712,-0.68575144,-0.04675788,-0.33401483,-0.83671695,-0.078270435,-0.3572434,-0.3999533,-0.12020722,-0.6249275,-0.42325008,-0.16448773,-0.781305,-0.43283966,-0.19174296,-0.89910585,-0.43773133,-0.21072474,-0.37722278,-0.21843745,-0.13392709,-0.57450366,-0.19472945,-0.16473456,-0.5231436,-0.13952029,-0.14273936,-0.43437308,-0.108340405,-0.1284245,-0.37014824,-0.02071301,-0.13994937,-0.5323441,-0.02180808,-0.16411288,-0.47255346,0.0048874626,-0.11730261,-0.38503784,0.018513683,-0.0871057,-0.3491381,0.1655659,-0.14359443,-0.48166472,0.14873411,-0.15342645,-0.41520572,0.15428227,-0.10601449,-0.33453628,0.16092691,-0.06970394
G,Cristhian,Left,0.0,0.0,0.0,-0.062289294,-0.2377427,-0.04210929,-0.16512921,-0.4494838,-0.095968865,-0.25865793,-0.6368529,-0.14590795,-0.3041218,-0.81032664,-0.20172684,-0.4018216,-0.32101905,-0.13090959,-0.65958524,-0.33347675,-0.20066798,-0.821233,-0.33880755,-0.2436829,-0.942008,-0.3355903,-0.26932144,-0.42468747,-0.13945147,-0.1296796,-0.57155603,-0.05659809,-0.19374199,-0.47447893,-0.045941114,-0.1853167,-0.35606146,-0.05350376,-0.16764052,-0.40354538,0.052478805,-0.12739584,-0.5024931,0.12396099,-0.18490672,-0.42085668,0.11940909,-0.1511693,-0.32774457,0.09975377,-0.115461946,-0.36693206,0.22372016,-0.12572004,-0.4414791,0.2796652,-0.15150818,-0.36438224,0.26536363,-0.11107389,-0.28688407,0.24164605,-0.07134703
G,Cristhian,Left,0.0,0.0,0.0,-0.09534734,-0.19169463,-0.06131649,-0.2000739,-0.34873703,-0.1443752,-0.26043254,-0.5490127,-0.21230508,-0.30430657,-0.73666316,-0.2867723,-0.38920006,-0.13990963,-0.23336297,-0.6659082,-0.12728819,-0.34849736,-0.851641,-0.11393653,-0.4380655,-0.9959358,-0.090066,-0.49710009,-0.37156564,0.015617199,-0.21294148,-0.57795334,0.076336354,-0.26482892,-0.48613968,0.052957557,-0.23623794,-0.37981996,0.024948483,-0.22161403,-0.32657784,0.16728906,-0.1912499,-0.51273113,0.20147021,-0.22589932,-0.44647652,0.17714007,-0.16941586,-0.3520204,0.14730975,-0.13314888,-0.2847963,0.28837168,-0.171659,-0.45042706,0.30074432,-0.19177993,-0.3941097,0.29116473,-0.14572531,-0.3148435,0.28317887,-0.11187308
G,Cristhian,Left,0.0,0.0,0.0,0.12828073,-0.1398572,-0.013631459,0.19597572,-0.33382198,-0.0013291355,0.21815385,-0.4817842,0.0053379294,0.21456179,-0.61007756,0.011347334,0.09406089,-0.5109479,0.06331764,0.07871031,-0.7078534,0.051094633,0.0723663,-0.8441094,0.022802375,0.068872645,-0.9460754,0.0014790724,0.006931211,-0.5297772,0.05516422,-0.014515478,-0.73212844,0.049157824,-0.026571978,-0.884414,0.016650673,-0.03064206,-0.99953043,-0.008811376,-0.08330274,-0.5328848,0.03916455,-0.10713528,-0.7292077,0.028414838,-0.1124624,-0.8619844,0.009835453,-0.109904766,-0.95872,-0.0036528527,-0.17724393,-0.5090757,0.019555157,-0.1994461,-0.67220336,0.005829367,-0.20963682,-0.77663994,0.0037772916,-0.20911373,-0.860253,0.0047404906
G,Cristhian,Left,0.0,0.0,0.0,-0.273551,0.024585204,-0.064174384,-0.5402571,-0.032787256,-0.08724457,-0.7375586,-0.0880112,-0.105480224,-0.92161226,-0.12548652,-0.12691224,-0.49314913,-0.13716628,-0.013601269,-0.69937956,-0.16040275,-0.048694037,-0.85196906,-0.1655339,-0.09592041,-0.9882077,-0.15311922,-0.1352788,-0.4320436,-0.12549607,-0.0073980056,-0.63797164,-0.14051262,-0.021926528,-0.8011978,-0.14092354,-0.05888136,-0.9352165,-0.14091802,-0.09734027,-0.36868113,-0.08147233,-0.011420568,-0.5546912,-0.09488336,-0.01806086,-0.6952637,-0.101771116,-0.018817954,-0.8150986,-0.11199136,-0.029320013,-0.29737008,-0.011079528,-0.024651587,-0.44695672,-0.020195985,-0.029428158,-0.5505912,-0.042324457,-0.019851917,-0.64076346,-0.052020982,-0.01904802
G,Cristhian,Left,0.0,0.0,0.0,-0.20942605,-0.06419891,-0.021829538,-0.44316348,-0.12368857,-0.05252487,-0.6214889,-0.1769649,-0.08227136,-0.7721141,-0.19115949,-0.11881951,-0.43182543,-0.19658192,-0.121490955,-0.6458594,-0.24109386,-0.22154893,-0.8217271,-0.25061718,-0.29492015,-0.96927553,-0.24597758,-0.34414607,-0.40614232,-0.15657079,-0.15167016,-0.6280528,-0.20274682,-0.24586514,-0.8110264,-0.21076135,-0.3036029,-0.9656985,-0.21152262,-0.34638348,-0.3774873,-0.097483695,-0.18138973,-0.5922645,-0.13716333,-0.26198477,-0.75567484,-0.14356996,-0.29121143,-0.88973933,-0.14900568,-0.30915993,-0.34535447,-0.016368875,-0.21099912,-0.5109113,-0.036690593,-0.27583194,-0.6313789,-0.053663354,-0.29522383,-0.7328758,-0.07182799,-0.30680418
G,Cristhian,Left,0.0,0.0,0.0,0.028083403,-0.24984774,-0.049334235,-0.078367464,-0.49741122,-0.091619015,-0.17234196,-0.70613456,-0.12646969,-0.20950536,-0.89613134,-0.16856286,-0.31462467,-0.46426836,-0.13848254,-0.5437654,-0.51906174,-0.20110726,-0.7060255,-0.54761916,-0.2497448,-0.8260321,-0.563623,-0.28957856,-0.37101692,-0.2891208,-0.14152543,-0.46801662,-0.21970956,-0.18139833,-0.36758852,-0.1619818,-0.17480081,-0.2810669,-0.15151137,-0.17824776,-0.38097978,-0.072169416,-0.14494391,-0.45134878,-0.031694856,-0.18031828,-0.36850506,0.0022543122,-0.14216982,-0.29403836,0.003089713,-0.12247296,-0.37500072,0.12856172,-0.15261889,-0.43813148,0.14239326,-0.17942898,-0.36893886,0.16182356,-0.14625493,-0.3077831,0.16294622,-0.12152468
G,Cristhian,Left,0.0,0.0,0.0,-0.036054414,-0.2879745,0.035854097,-0.1443087,-0.5051805,0.03528367,-0.23719762,-0.6837712,0.025893636,-0.272831,-0.83602303,0.007855598,-0.35624442,-0.48051375,-0.037738156,-0.58146423,-0.54127604,-0.04042562,-0.71736526,-0.5575105,-0.039548438,-0.81980765,-0.57263905,-0.04395315,-0.42316198,-0.33185774,-0.058299437,-0.49108973,-0.25915647,-0.041661564,-0.41955668,-0.21022636,-0.014185869,-0.34609482,-0.20972225,-0.006771822,-0.4390406,-0.14932916,-0.06956082,-0.47379375,-0.095120005,-0.05356562,-0.40766245,-0.05687581,-0.015713243,-0.33812052,-0.05490371,-0.0026066033,-0.43957904,0.034715258,-0.077674635,-0.4817686,0.058729723,-0.05718814,-0.41147617,0.075252354,-0.01561392,-0.3442656,0.07318237,0.01229948
G,Cristhian,Left,0.0,0.0,0.0,-0.013121466,-0.27519625,0.019594831,-0.11155756,-0.49721447,0.010248368,-0.20590109,-0.67346174,-0.0049071517,-0.24152261,-0.8263428,-0.027577722,-0.34624735,-0.48297802,-0.05729541,-0.56906784,-0.5453247,-0.07088774,-0.7086585,-0.5659008,-0.07739469,-0.81277746,-0.5825743,-0.08679617,-0.41780618,-0.336084,-0.07317348,-0.47991568,-0.24826123,-0.07258456,-0.40749973,-0.19618334,-0.050041996,-0.33637518,-0.19623196,-0.04355887,-0.44050202,-0.15074737,-0.08111502,-0.47190112,-0.08599157,-0.07874517,-0.40709013,-0.04570325,-0.040778387,-0.33780947,-0.043648213,-0.024604645,-0.45083243,0.038856663,-0.087570004,-0.48137927,0.07086273,-0.07801126,-0.41017362,0.09075597,-0.040463567,-0.3452504,0.08743385,-0.013057556
G,Cristhian,Left,0.0,0.0,0.0,-0.006036671,-0.28778276,0.024687456,-0.098808,-0.53724366,0.024044538,-0.1939457,-0.72519803,0.015841817,-0.2258227,-0.8815353,-0.0009153899,-0.35901198,-0.48297212,-0.037459537,-0.5737257,-0.55278003,-0.04033554,-0.7095875,-0.5702477,-0.042205147,-0.80755264,-0.58979553,-0.046912905,-0.4454809,-0.32830808,-0.049328152,-0.4421566,-0.24945126,-0.029725,-0.36490017,-0.20555615,-0.005329195,-0.29689422,-0.20109355,0.00043830377,-0.4636152,-0.13781248,-0.05344468,-0.43367583,-0.094157405,-0.040597137,-0.3654102,-0.066169724,-0.012777498,-0.30324835,-0.060633946,-0.0040523894,-0.46563002,0.053647097,-0.055025063,-0.45286423,0.0762018,-0.032043975,-0.38104665,0.08312948,0.0045947847,-0.31962308,0.07941859,0.029630626
G,Cristhian,Left,0.0,0.0,0.0,0.0030736735,-0.30901447,0.01540632,-0.08236517,-0.55326813,0.006493701,-0.17332734,-0.7690315,-0.008122489,-0.19744365,-0.94369835,-0.029298808,-0.35196918,-0.48443785,-0.034401238,-0.56472075,-0.5695512,-0.027604448,-0.6913029,-0.59443456,-0.023783714,-0.7864104,-0.6177044,-0.026174916,-0.43542713,-0.32418394,-0.04007749,-0.42525452,-0.30934426,-0.009776787,-0.3471678,-0.269719,0.018836098,-0.28773874,-0.24600972,0.026319219,-0.44503272,-0.13881186,-0.03881425,-0.40637705,-0.15683661,-0.011645655,-0.34020427,-0.13060549,0.012657641,-0.28637,-0.10856607,0.014853291,-0.44210315,0.038398672,-0.035992578,-0.40834013,0.020293687,-0.00045368017,-0.34549218,0.023132931,0.03108023,-0.29739413,0.026534572,0.048543148
G,Cristhian,Left,0.0,0.0,0.0,-0.0032071618,-0.3164997,0.028217938,-0.08942909,-0.54664123,0.028864149,-0.17687313,-0.7578126,0.024155453,-0.2016413,-0.92985,0.014032028,-0.34964216,-0.48057246,-0.009959294,-0.5636449,-0.5721945,0.01787698,-0.68310654,-0.6042935,0.036720943,-0.7728733,-0.6345604,0.043935332,-0.4356425,-0.3165761,-0.01193632,-0.42755637,-0.36170295,0.043647826,-0.3462743,-0.32941836,0.08185293,-0.28448108,-0.29710463,0.09309289,-0.44552368,-0.14306487,-0.005134875,-0.4141504,-0.20712554,0.048692513,-0.34417978,-0.18305124,0.07750918,-0.2875423,-0.1471576,0.077026635,-0.44283456,0.012316575,0.0041852053,-0.40985355,-0.040711768,0.05887864,-0.3435875,-0.02918262,0.094339356,-0.29276004,-0.009222484,0.111209236
G,Cristhian,Left,0.0,0.0,0.0,-0.00046464833,-0.30482167,0.011427548,-0.084982306,-0.5466335,0.006433789,-0.17046934,-0.7449992,-0.0012031909,-0.19972704,-0.9040093,-0.013306661,-0.34780812,-0.47920817,-0.0396595,-0.5606495,-0.5715383,-0.03132705,-0.6849315,-0.6039856,-0.025089731,-0.7787013,-0.6273948,-0.026031071,-0.42815912,-0.31401333,-0.041014608,-0.42734504,-0.33664533,-0.009553681,-0.34942457,-0.30033815,0.021258837,-0.28695318,-0.2718303,0.029671524,-0.4376898,-0.13659744,-0.03550016,-0.40838584,-0.17550081,-0.0047780005,-0.34182075,-0.15114985,0.02530637,-0.28402707,-0.12259006,0.030055687,-0.43476787,0.030647412,-0.029261032,-0.40421754,-0.008515495,0.0049964315,-0.33946198,0.0011811014,0.03747244,-0.29000142,0.014303706,0.05556059
G,Cristhian,Left,0.0,0.0,0.0,-0.000789108,-0.31066707,0.041761354,-0.082706735,-0.5495272,0.05273267,-0.16130401,-0.7639306,0.057594378,-0.17883863,-0.9257531,0.056448817,-0.34185538,-0.49561593,0.0030393985,-0.55029166,-0.59592164,0.038627654,-0.667374,-0.6269424,0.059956502,-0.7551005,-0.655609,0.068102725,-0.4288053,-0.33644664,-0.0008555075,-0.42322472,-0.36689985,0.06576882,-0.34637386,-0.3267274,0.10502136,-0.2858955,-0.29653558,0.114258625,-0.44270113,-0.16233163,0.005608755,-0.4100728,-0.20935069,0.070329756,-0.34359536,-0.1842887,0.09819288,-0.288091,-0.14997047,0.09440279,-0.4467892,-0.00042827654,0.015734885,-0.41007638,-0.041691,0.07961542,-0.3472264,-0.03006765,0.115781374,-0.29941657,-0.012969595,0.13108194
G,Cristhian,Left,0.0,0.0,0.0,-0.0076438766,-0.30484846,0.018922154,-0.08970234,-0.55045456,0.015615448,-0.17200391,-0.7553948,0.0067984527,-0.20541202,-0.9134631,-0.008228121,-0.36172193,-0.48916453,-0.025625605,-0.5717402,-0.5589516,-0.01487951,-0.69574994,-0.5861214,-0.010836858,-0.78962404,-0.613591,-0.013999693,-0.44514498,-0.3370882,-0.0341755,-0.44280925,-0.28723925,-0.004802687,-0.36398032,-0.24475333,0.018068973,-0.29787353,-0.23204957,0.021957573,-0.4601941,-0.15425836,-0.035110336,-0.42841315,-0.12476501,-0.0069898497,-0.36210963,-0.097142585,0.017504305,-0.30398372,-0.088257395,0.020163257,-0.46077883,0.024002286,-0.034908935,-0.433303,0.041063882,-0.004499326,-0.3643572,0.050034247,0.026769014,-0.31016728,0.047685947,0.046560105
G,Cristhian,Left,0.0,0.0,0.0,0.00082171604,-0.26330513,-0.016883224,-0.068215676,-0.5144159,-0.045998592,-0.10922503,-0.7138084,-0.07608432,-0.1160847,-0.8726843,-0.11201713,-0.31495103,-0.48354173,-0.093136795,-0.5260686,-0.5729083,-0.12083745,-0.6592367,-0.6164635,-0.13757032,-0.7595151,-0.6504896,-0.15231673,-0.39801538,-0.34650904,-0.0974438,-0.41191614,-0.27587548,-0.11308416,-0.33947057,-0.225093,-0.100033194,-0.2757874,-0.2145574,-0.09648365,-0.42637557,-0.17027523,-0.096967354,-0.40491122,-0.12435614,-0.1099292,-0.34127292,-0.087746836,-0.08218584,-0.28138107,-0.08237668,-0.0675243,-0.44058308,0.0045596715,-0.098227136,-0.43134445,0.031994253,-0.10054467,-0.36283433,0.050390758,-0.07024765,-0.304337,0.048435297,-0.04407146
G,Cristhian,Left,0.0,0.0,0.0,0.010344359,-0.26121035,-0.0029561447,-0.04116718,-0.4980557,-0.026293628,-0.07732275,-0.7046655,-0.051732242,-0.07647333,-0.87024456,-0.08393347,-0.29103845,-0.48445594,-0.07703423,-0.49075636,-0.5974807,-0.10029483,-0.61872905,-0.6538838,-0.11794255,-0.7162948,-0.6977978,-0.13281736,-0.38002935,-0.35947046,-0.08033309,-0.39420128,-0.30209613,-0.07655565,-0.3221054,-0.25226575,-0.052867014,-0.257996,-0.23568651,-0.04610286,-0.4098198,-0.18523094,-0.07871601,-0.39712945,-0.14744094,-0.07876912,-0.33687964,-0.11192024,-0.0510358,-0.27657107,-0.09922255,-0.039940648,-0.42643663,-0.012472599,-0.0764926,-0.42607665,0.008681242,-0.06791736,-0.3610045,0.02487072,-0.03552459,-0.30369246,0.028926412,-0.01146871
G,Cristhian,Left,0.0,0.0,0.0,0.0037366392,-0.28995624,0.014358146,-0.07147273,-0.53200394,0.0031269349,-0.13678004,-0.74780226,-0.012287815,-0.15193026,-0.9102331,-0.034133375,-0.33690476,-0.48260853,-0.049461517,-0.5490202,-0.5723294,-0.050502535,-0.6777221,-0.60503423,-0.05170729,-0.77472293,-0.63230085,-0.056100514,-0.42200834,-0.33534583,-0.053425875,-0.4127119,-0.3102001,-0.027648978,-0.33702287,-0.27399647,0.002825059,-0.27463135,-0.25532052,0.012490274,-0.43574557,-0.15809159,-0.049890503,-0.39643794,-0.15672924,-0.02497238,-0.33425468,-0.13081829,0.00042988066,-0.27692744,-0.111028895,0.0044209943,-0.43880996,0.009258032,-0.04481193,-0.3941209,-0.0008817079,-0.011630348,-0.32875788,0.011790907,0.02011733,-0.27896905,0.0191834,0.03881017
G,Cristhian,Left,0.0,0.0,0.0,0.0026628266,-0.30129907,0.023224967,-0.07538889,-0.5317122,0.023634773,-0.1416974,-0.7342664,0.01893648,-0.15436648,-0.8886832,0.008898783,-0.3405474,-0.47847816,-0.031793315,-0.5511779,-0.56948644,-0.023283621,-0.67574847,-0.60568094,-0.019277882,-0.7692591,-0.63893694,-0.021776952,-0.43012404,-0.32240707,-0.03703989,-0.4029208,-0.33613697,-0.004053306,-0.32254702,-0.29914814,0.025729995,-0.25979295,-0.27062255,0.033533268,-0.4402698,-0.14859676,-0.034056872,-0.38782892,-0.17536901,-0.001732567,-0.32169512,-0.15278791,0.025450625,-0.26477206,-0.1252458,0.028727842,-0.43448275,0.014419737,-0.02921686,-0.3845979,-0.016404247,0.0060376334,-0.31771684,-0.006808399,0.03822903,-0.2670422,0.0048630144,0.056715623
G,Cristhian,Left,0.0,0.0,0.0,0.000696326,-0.3009744,0.011443482,-0.0743559,-0.5358711,0.0036645634,-0.12658261,-0.7566948,-0.009135947,-0.1310398,-0.9233901,-0.02716771,-0.34131613,-0.47841397,-0.030989569,-0.5487962,-0.5767773,-0.023015939,-0.6717249,-0.6122546,-0.021033095,-0.76583815,-0.6430334,-0.025997277,-0.4262589,-0.32313758,-0.03328683,-0.3959754,-0.35080045,-0.0022071102,-0.31579232,-0.31734535,0.0226864,-0.25899854,-0.28744164,0.026335172,-0.43497315,-0.1509449,-0.028861722,-0.3829013,-0.1966365,0.002656443,-0.31657982,-0.17464536,0.028011598,-0.2631638,-0.14351095,0.029675348,-0.42925915,0.008297517,-0.024058027,-0.38534743,-0.03470911,0.009748611,-0.3217503,-0.025008753,0.0414204,-0.27108186,-0.009082317,0.059667926
G,Cristhian,Left,0.0,0.0,0.0,-0.024385357,-0.29571706,0.00969998,-0.11840097,-0.5300915,-0.0060764006,-0.1792366,-0.7516989,-0.026392553,-0.18741794,-0.92025036,-0.052118294,-0.37195975,-0.46040767,-0.057762936,-0.5866261,-0.5313283,-0.062769756,-0.71612877,-0.55624557,-0.066164315,-0.81529164,-0.57905054,-0.07248316,-0.45324978,-0.30297711,-0.06312987,-0.43963084,-0.28711125,-0.04371006,-0.36272314,-0.25716966,-0.016527299,-0.29885462,-0.23911738,-0.008736362,-0.46232513,-0.12186241,-0.06105378,-0.41473162,-0.1336571,-0.042429205,-0.35238084,-0.11396593,-0.017187368,-0.29428557,-0.09613736,-0.01158062,-0.456963,0.04712232,-0.057898365,-0.4135295,0.02390229,-0.029407294,-0.35069692,0.030373415,0.0034728488,-0.2989781,0.036577053,0.024561489
G,Cristhian,Left,0.0,0.0,0.0,-0.021849463,-0.29095787,0.012126716,-0.12301609,-0.52173376,-0.0022122157,-0.1961164,-0.7344982,-0.021399137,-0.21630561,-0.8982603,-0.047793057,-0.38130027,-0.44648674,-0.059299845,-0.60940796,-0.49871546,-0.06624686,-0.7458224,-0.5155879,-0.069776535,-0.846961,-0.531655,-0.0750023,-0.45863265,-0.29526913,-0.06427115,-0.4529415,-0.22193533,-0.046528675,-0.37719885,-0.1924086,-0.018061211,-0.30958644,-0.19250149,-0.008191547,-0.46708837,-0.10978883,-0.061869413,-0.42262405,-0.07567682,-0.047108904,-0.35947147,-0.059123706,-0.024881603,-0.29965526,-0.059832897,-0.019881148,-0.46413633,0.06686884,-0.0577041,-0.41509202,0.07648385,-0.031731308,-0.34929472,0.07981228,-0.0022306482,-0.2985845,0.07482656,0.0171411
G,Cristhian,Left,0.0,0.0,0.0,-0.035820633,-0.28622463,0.014614037,-0.12717038,-0.5141727,0.0049290457,-0.19906798,-0.7151339,-0.009850318,-0.21936038,-0.8764426,-0.030926445,-0.38705146,-0.43839267,-0.042907108,-0.613151,-0.4979596,-0.043396916,-0.7459988,-0.51674205,-0.044212323,-0.8468863,-0.53177404,-0.0485375,-0.45715305,-0.2756596,-0.049575914,-0.4716361,-0.23713247,-0.031097913,-0.39119893,-0.20655024,-0.0043492066,-0.32206857,-0.20087044,0.0045832004,-0.4611039,-0.09117762,-0.04913627,-0.44578224,-0.07576916,-0.034877896,-0.37804928,-0.05620066,-0.008382628,-0.31638497,-0.05117249,-1.3200548e-06,-0.4522528,0.08177756,-0.046737492,-0.44203448,0.08404679,-0.022515241,-0.37359592,0.08553299,0.0123128155,-0.31537017,0.07847322,0.03604044
H,Cristhian,Left,0.0,0.0,0.0,-0.058800705,-0.3004707,-0.003860384,-0.17886285,-0.5263296,0.0011997143,-0.28395098,-0.703591,0.006067914,-0.33978564,-0.8525761,0.013014049,-0.42708603,-0.3969672,-0.015542509,-0.67288524,-0.41231707,-0.0042538047,-0.8033712,-0.4043664,0.010576001,-0.9050402,-0.39592814,0.026675675,-0.46525502,-0.20805909,-0.012379294,-0.7079451,-0.2525405,0.0061864913,-0.86159945,-0.27863985,0.014382074,-0.9586801,-0.28448626,0.023886262,-0.45901886,-0.029257415,-0.0046691597,-0.53765804,-0.06850085,0.009674951,-0.45680216,-0.081874095,0.01981628,-0.37259877,-0.07909033,0.03767302,-0.43843567,0.1276387,0.0020160119,-0.4752564,0.06318077,0.030679148,-0.40781036,0.049874056,0.057239376,-0.3399906,0.041931484,0.08407424
H,Cristhian,Left,0.0,0.0,0.0,-0.061842375,-0.28310946,-0.012604822,-0.17686155,-0.49591798,-0.023120513,-0.28292906,-0.6867599,-0.034996595,-0.35399574,-0.83956015,-0.045398895,-0.41505438,-0.36955336,-0.042313173,-0.659444,-0.39645222,-0.047943395,-0.78656244,-0.39530125,-0.04351285,-0.8890431,-0.39203638,-0.034136128,-0.44675907,-0.18935329,-0.045646384,-0.69661754,-0.2364636,-0.049916357,-0.8544228,-0.27035102,-0.053699378,-0.95807445,-0.28651932,-0.051889844,-0.43285346,-0.010803164,-0.043343883,-0.5130343,-0.051193293,-0.04662755,-0.43144658,-0.061974365,-0.03065283,-0.35041064,-0.06429941,-0.0073866444,-0.4001838,0.146968,-0.042586192,-0.44312167,0.082148366,-0.021127727,-0.37175,0.07245566,0.016874067,-0.30502898,0.06707757,0.05202805
H,Cristhian,Left,0.0,0.0,0.0,-0.060670946,-0.25381216,-0.00086543657,-0.17413561,-0.4844589,-0.010373405,-0.26979768,-0.6732944,-0.026920209,-0.3108325,-0.827821,-0.04462199,-0.39332223,-0.39381528,-0.038104717,-0.6223586,-0.41166782,-0.06474311,-0.7571254,-0.40787822,-0.0752136,-0.86420286,-0.40743235,-0.07631031,-0.4266192,-0.24022451,-0.057805955,-0.6717541,-0.26891878,-0.09074865,-0.8379453,-0.28888816,-0.10844942,-0.9540007,-0.29980442,-0.113213666,-0.42354217,-0.07805723,-0.07239533,-0.5355561,-0.055405565,-0.10580488,-0.47016412,-0.036398813,-0.09370712,-0.39334857,-0.026614908,-0.0661416,-0.39997295,0.08156277,-0.08750247,-0.49254918,0.079861686,-0.089541405,-0.44273338,0.086554065,-0.056175467,-0.37953445,0.08302578,-0.020237315
H,Cristhian,Left,0.0,0.0,0.0,-0.072150044,-0.22403581,-0.034482926,-0.17414287,-0.40669632,-0.07673004,-0.24236622,-0.5903923,-0.121029615,-0.30055135,-0.7321977,-0.1659139,-0.39366314,-0.2678117,-0.10260775,-0.6489962,-0.29352126,-0.14951517,-0.7963465,-0.3010542,-0.17029981,-0.9152339,-0.3029634,-0.17814474,-0.40678066,-0.094342075,-0.11900701,-0.677996,-0.13201737,-0.17269546,-0.8585868,-0.15640737,-0.19947286,-0.9874426,-0.15797828,-0.21199737,-0.37714016,0.07897431,-0.130539,-0.52439487,0.112481944,-0.18603335,-0.44351158,0.09074271,-0.17077573,-0.35797513,0.07416845,-0.13904928,-0.32461306,0.23352909,-0.14379968,-0.4452734,0.2345145,-0.16868535,-0.37490636,0.21282771,-0.13017029,-0.2978548,0.20294137,-0.087847814
H,Cristhian,Left,0.0,0.0,0.0,-0.0675187,-0.23379809,-0.05107754,-0.17522185,-0.42713076,-0.10560644,-0.2503013,-0.61677766,-0.1585218,-0.31303063,-0.77128476,-0.21498749,-0.3776511,-0.29260045,-0.13202585,-0.63871163,-0.30976456,-0.1851496,-0.7877982,-0.31139252,-0.20954145,-0.9070422,-0.30405197,-0.21863715,-0.38646868,-0.11507728,-0.14426838,-0.66952324,-0.1488874,-0.19323352,-0.85471934,-0.16848111,-0.21439974,-0.9870665,-0.16031113,-0.2239493,-0.3570137,0.060193546,-0.1533867,-0.52722585,0.08603574,-0.21398474,-0.44855145,0.056118544,-0.20409986,-0.36094004,0.03402218,-0.17580114,-0.3087628,0.21940535,-0.1643673,-0.45513886,0.20955849,-0.19725612,-0.38343713,0.18528959,-0.16124053,-0.29773706,0.1724012,-0.12048947
H,Cristhian,Left,0.0,0.0,0.0,-0.07094373,-0.27019486,-0.018840056,-0.18461871,-0.5048576,-0.040092885,-0.27739453,-0.7022857,-0.063618936,-0.33344743,-0.8558634,-0.08706121,-0.392085,-0.37799,-0.06740854,-0.642272,-0.39035964,-0.09842493,-0.7851135,-0.3868145,-0.10771521,-0.89650106,-0.3843773,-0.106459215,-0.4185159,-0.20270565,-0.08082609,-0.6887257,-0.2329507,-0.11423835,-0.8563608,-0.25499716,-0.12802099,-0.9640772,-0.26562226,-0.12976766,-0.40283504,-0.026898215,-0.08930377,-0.5257284,-0.04365127,-0.12578228,-0.44972956,-0.05511327,-0.10944193,-0.3646987,-0.06453982,-0.07867242,-0.36761966,0.13365252,-0.098840006,-0.44692767,0.095509104,-0.10317961,-0.3767989,0.08382149,-0.0639815,-0.306567,0.07776158,-0.023599314
H,Cristhian,Left,0.0,0.0,0.0,-0.06863561,-0.27660963,0.0019652352,-0.18033735,-0.49084577,-0.006652708,-0.27542275,-0.6867927,-0.018261395,-0.32822254,-0.8429007,-0.028392391,-0.40693358,-0.36422807,-0.051982492,-0.66463286,-0.37235823,-0.06010478,-0.7994933,-0.3616416,-0.050702382,-0.9055769,-0.35694033,-0.037159994,-0.4358982,-0.17672063,-0.06203001,-0.6982006,-0.21115163,-0.07957779,-0.8637057,-0.23728015,-0.081265904,-0.96792597,-0.2512355,-0.0744,-0.42129445,0.002754886,-0.06315943,-0.5084893,-0.03946052,-0.07146897,-0.43014824,-0.04900125,-0.04485272,-0.34979635,-0.050152052,-0.010838393,-0.3875221,0.16083753,-0.06449019,-0.43926013,0.094397515,-0.039716583,-0.3677004,0.0897276,0.007887259,-0.29982725,0.08892591,0.051247783
H,Cristhian,Left,0.0,0.0,0.0,-0.0669299,-0.2815082,-0.013949074,-0.18343164,-0.51171833,-0.0299339,-0.27104235,-0.7121698,-0.047748093,-0.32355553,-0.8707563,-0.063898556,-0.40299663,-0.37050012,-0.06262325,-0.65315056,-0.3866898,-0.082712285,-0.78973085,-0.37610382,-0.08302214,-0.89595085,-0.3677814,-0.07533355,-0.43026656,-0.1804168,-0.07168562,-0.68965137,-0.21948825,-0.095769726,-0.85745054,-0.24685681,-0.10179294,-0.96600455,-0.2585251,-0.09741998,-0.4145585,-0.0022944207,-0.074839965,-0.5041157,-0.045939654,-0.09617232,-0.42826703,-0.061628867,-0.07587491,-0.34768903,-0.0647398,-0.0433624,-0.37704387,0.15471718,-0.0795559,-0.4302139,0.08470744,-0.06688128,-0.3639977,0.07303817,-0.023514375,-0.29749355,0.07111767,0.018754628
H,Cristhian,Left,0.0,0.0,0.0,-0.07190106,-0.2689739,-0.010545524,-0.18765688,-0.49205384,-0.03484436,-0.27662265,-0.6886434,-0.060472384,-0.32749295,-0.8432305,-0.08737304,-0.3791586,-0.37486762,-0.08727347,-0.6303233,-0.3915059,-0.11816672,-0.77121794,-0.38659996,-0.12858501,-0.88529855,-0.37939155,-0.1302063,-0.40097266,-0.19704364,-0.10384854,-0.6770587,-0.23636995,-0.1386682,-0.8498205,-0.25565478,-0.15045065,-0.9660262,-0.25844413,-0.15344892,-0.3857926,-0.019283932,-0.11179603,-0.5338754,-0.054609075,-0.1416914,-0.45678356,-0.073299855,-0.112180196,-0.3685847,-0.077713676,-0.075768374,-0.35317582,0.1397993,-0.120313965,-0.47178948,0.0848793,-0.12074141,-0.4015854,0.06919091,-0.07162347,-0.32432577,0.067067474,-0.025595289
H,Cristhian,Left,0.0,0.0,0.0,-0.070318654,-0.26065636,-0.023494432,-0.18559444,-0.48082265,-0.060727403,-0.26711074,-0.6760729,-0.09632985,-0.31644863,-0.837805,-0.13375255,-0.37069607,-0.35937375,-0.11673521,-0.6396888,-0.37249556,-0.1545193,-0.7817509,-0.368851,-0.16565719,-0.89790416,-0.3635237,-0.16697228,-0.38801318,-0.17640449,-0.13186471,-0.6809458,-0.20601714,-0.16900669,-0.8554153,-0.22000772,-0.17762552,-0.97505325,-0.2219711,-0.17898245,-0.3688644,0.0049728425,-0.1388136,-0.53003234,-0.0113573745,-0.17352137,-0.44797206,-0.023734644,-0.14230487,-0.3606832,-0.033009905,-0.10537236,-0.33201662,0.16618975,-0.14682862,-0.44748822,0.121588394,-0.15295607,-0.37299538,0.114033885,-0.10371157,-0.29934013,0.11266901,-0.057917763
H,Cristhian,Left,0.0,0.0,0.0,-0.067011826,-0.25856265,-0.05113093,-0.16571492,-0.46654823,-0.112406194,-0.23997882,-0.6626232,-0.16934724,-0.30114597,-0.83076954,-0.22888102,-0.37816653,-0.3111619,-0.15124057,-0.64404935,-0.32898775,-0.2011013,-0.7924754,-0.32624078,-0.22342494,-0.9132698,-0.32177475,-0.23319256,-0.39134252,-0.12315647,-0.15939322,-0.67695713,-0.15724035,-0.20207022,-0.85830504,-0.18167667,-0.21674846,-0.98239,-0.18684196,-0.22574702,-0.36485568,0.06365916,-0.16121538,-0.5427798,0.039418608,-0.19997638,-0.46541163,0.002885758,-0.17227471,-0.37371144,-0.01522548,-0.1404143,-0.3221494,0.22554877,-0.16660559,-0.45867002,0.18267074,-0.18307057,-0.38834122,0.14880872,-0.13932362,-0.30700043,0.13918269,-0.09709162
H,Cristhian,Left,0.0,0.0,0.0,-0.06592185,-0.24148338,-0.029292146,-0.15154825,-0.43502134,-0.087423645,-0.21320584,-0.6277408,-0.14470147,-0.2474818,-0.8101665,-0.20540512,-0.40267563,-0.28204995,-0.12428105,-0.65968233,-0.33174697,-0.15901963,-0.8046847,-0.34084642,-0.17545944,-0.9217473,-0.34056917,-0.18378094,-0.4131338,-0.10481329,-0.13266344,-0.6884229,-0.16948712,-0.16073802,-0.86201054,-0.20221122,-0.16676943,-0.9791833,-0.20297788,-0.1732607,-0.38552636,0.07732396,-0.13203467,-0.5697009,0.043135315,-0.13964711,-0.5103367,0.00075219834,-0.10291569,-0.42356288,-0.019827237,-0.07304303,-0.34412464,0.23690143,-0.13433032,-0.48863405,0.19121297,-0.12689056,-0.42997012,0.14878568,-0.08106941,-0.35081777,0.13034624,-0.041758507
H,Cristhian,Left,0.0,0.0,0.0,-0.08990933,-0.24639939,0.03965757,-0.18142627,-0.4311115,0.017183831,-0.24206239,-0.6153408,-0.012973888,-0.26653606,-0.79414105,-0.04147815,-0.39626262,-0.3026403,-0.063842595,-0.64939165,-0.33784205,-0.08299149,-0.79125756,-0.34281257,-0.08323766,-0.900995,-0.33792058,-0.0814105,-0.40550217,-0.13093811,-0.09402113,-0.6859203,-0.1861741,-0.13785194,-0.8616136,-0.21804997,-0.1478209,-0.97626525,-0.21657827,-0.15095629,-0.3802058,0.05399296,-0.10666019,-0.5431763,0.033756632,-0.09581515,-0.46938545,-0.00134294,-0.025324969,-0.39006123,-0.02105145,0.028333515,-0.33642527,0.21034099,-0.11823598,-0.47127706,0.18384288,-0.07338851,-0.40714824,0.1492615,0.0032631534,-0.33735225,0.14051811,0.06263906
H,Cristhian,Right,0.0,0.0,0.0,-0.022253316,-0.100874886,-0.11980958,-0.09127643,-0.22536518,-0.19737674,-0.16714673,-0.37097132,-0.25733784,-0.23161013,-0.49058467,-0.31738412,-0.37273386,-0.076192185,-0.20691174,-0.65721524,-0.09559914,-0.29495046,-0.82567704,-0.11562451,-0.34683168,-0.96393675,-0.12244119,-0.3812398,-0.38728333,-0.10575258,-0.18792945,-0.6640777,-0.14316344,-0.28304243,-0.8414368,-0.16210052,-0.33125186,-0.98665357,-0.16283354,-0.36241287,-0.37972754,-0.11240384,-0.17267884,-0.6243019,-0.16714214,-0.25499883,-0.7929219,-0.20337686,-0.28246495,-0.9256418,-0.2215892,-0.29483113,-0.36645335,-0.112047195,-0.16472183,-0.5488029,-0.18720801,-0.23025566,-0.68884915,-0.237187,-0.24844179,-0.7990435,-0.2735673,-0.25533712
H,Cristhian,Left,0.0,0.0,0.0,-0.08407347,-0.26049018,0.031984434,-0.18371654,-0.4544886,0.020032618,-0.26538274,-0.64047396,-0.0005474002,-0.3112919,-0.7905734,-0.021951092,-0.37133655,-0.39705348,-0.044996127,-0.6194515,-0.42680553,-0.06984571,-0.7564474,-0.43488201,-0.078317426,-0.86719674,-0.44283754,-0.07944593,-0.40470982,-0.24290551,-0.074643016,-0.66323465,-0.28428864,-0.11228547,-0.83169,-0.31235972,-0.12975185,-0.94517744,-0.32655716,-0.13747932,-0.40616515,-0.066304706,-0.091348395,-0.54647815,-0.0513681,-0.10120986,-0.48217237,-0.054517157,-0.06190446,-0.404493,-0.057645522,-0.024515532,-0.38511208,0.10021506,-0.10628298,-0.49473426,0.0962675,-0.08162871,-0.43152496,0.090067744,-0.023625279,-0.36468938,0.08616208,0.025038978
H,Cristhian,Left,0.0,0.0,0.0,-0.0809231,-0.2693549,0.012362416,-0.1807089,-0.48471418,-0.0009998585,-0.25390762,-0.6804119,-0.01608863,-0.28569365,-0.84031785,-0.030470347,-0.37917164,-0.38079652,-0.066604435,-0.6387425,-0.41601977,-0.07862653,-0.7724948,-0.42094773,-0.07199907,-0.87918675,-0.42436975,-0.06046442,-0.41077858,-0.20157246,-0.07961222,-0.68405086,-0.25931388,-0.099342026,-0.8457541,-0.29589683,-0.095765375,-0.94870496,-0.31616274,-0.08694461,-0.40917552,-0.021213863,-0.080989204,-0.543658,-0.08299574,-0.08379617,-0.47403795,-0.0907123,-0.044649255,-0.3948405,-0.08117706,-0.005179496,-0.39012334,0.13657412,-0.08130337,-0.48610094,0.05284235,-0.052278824,-0.41960183,0.046190128,0.0047229594,-0.35012168,0.05569739,0.05356645
H,Cristhian,Left,0.0,0.0,0.0,-0.06932607,-0.27555037,0.0036856732,-0.1748762,-0.48360005,-0.013246094,-0.24351539,-0.6860323,-0.029217543,-0.27176002,-0.8469608,-0.045714397,-0.3784425,-0.40031263,-0.08619774,-0.6355316,-0.42702433,-0.09361912,-0.76209146,-0.4339371,-0.087245986,-0.8691855,-0.4348496,-0.0794097,-0.41209623,-0.21832927,-0.09355955,-0.67911303,-0.28039172,-0.10238228,-0.8362791,-0.31923494,-0.095843494,-0.9416159,-0.33668908,-0.089956924,-0.41416898,-0.03232791,-0.088937774,-0.55483943,-0.106258646,-0.081749715,-0.48340166,-0.12755562,-0.04483118,-0.4013573,-0.12221437,-0.013913695,-0.40076482,0.12243092,-0.08442924,-0.48413768,0.01588682,-0.059229884,-0.41797125,1.8904105e-07,-0.012556281,-0.34628272,0.00014518351,0.025829135
H,Cristhian,Left,0.0,0.0,0.0,-0.0660473,-0.2742767,0.009968832,-0.15842532,-0.4806251,-0.0063219094,-0.2307992,-0.67248636,-0.027621785,-0.26638922,-0.8342034,-0.049773168,-0.39172596,-0.38309768,-0.049298257,-0.64867264,-0.41267002,-0.05756573,-0.7795847,-0.41777277,-0.052629743,-0.88562036,-0.42217562,-0.044172667,-0.42321375,-0.19880964,-0.06618342,-0.6901874,-0.25698268,-0.08020762,-0.84997505,-0.29463312,-0.0811491,-0.9494233,-0.31399903,-0.077762276,-0.41595867,-0.0073341792,-0.07337647,-0.54850215,-0.053050295,-0.07613888,-0.47309768,-0.06699367,-0.045203958,-0.38699192,-0.0689025,-0.01382993,-0.38910747,0.16079447,-0.07996293,-0.47919318,0.09264432,-0.057034403,-0.40657714,0.08203849,-0.0071957987,-0.33021256,0.07975154,0.035848357
H,Cristhian,Left,0.0,0.0,0.0,-0.06792965,-0.25572026,0.008502644,-0.17062606,-0.44387904,-0.007537959,-0.23814858,-0.637119,-0.033132527,-0.27329472,-0.7947903,-0.060529638,-0.4128638,-0.3608229,-0.0159101,-0.66031826,-0.39454684,-0.022683138,-0.79171234,-0.40229428,-0.025858143,-0.9033008,-0.39974046,-0.024417488,-0.4468147,-0.19020556,-0.036451627,-0.69125587,-0.2578809,-0.034294877,-0.84450686,-0.2929672,-0.039286893,-0.9527809,-0.30365857,-0.042277962,-0.44411805,-0.0023753834,-0.052030087,-0.53808826,-0.0077063343,-0.049415145,-0.45763725,-0.0043666987,-0.03667717,-0.37689537,-0.003232934,-0.019270655,-0.42087707,0.1723158,-0.06791752,-0.48749065,0.13208008,-0.042830646,-0.41467187,0.1312111,-0.0027763718,-0.3432153,0.12713973,0.031679105
H,Cristhian,Left,0.0,0.0,0.0,-0.06908676,-0.27221704,0.0064625544,-0.17644002,-0.499899,0.0051755956,-0.25053,-0.6961724,-0.0013834942,-0.27997074,-0.85692805,-0.0075554247,-0.40739265,-0.40025884,-0.010498763,-0.6501823,-0.4364853,-0.0048697754,-0.7768492,-0.4413518,0.0061202217,-0.8775734,-0.44570163,0.018670572,-0.4464433,-0.23178144,-0.021839429,-0.6937971,-0.2851154,-0.01167376,-0.8470405,-0.32099345,-0.006215852,-0.94117504,-0.33791938,0.00017168652,-0.44627488,-0.055097897,-0.028477982,-0.546335,-0.07188021,-0.021587258,-0.46498454,-0.06616834,-0.0042655207,-0.38091215,-0.059224997,0.017652147,-0.42877135,0.10535626,-0.03549905,-0.4865952,0.07011814,-0.012309389,-0.4157039,0.07475842,0.021483373,-0.34729078,0.077176526,0.052625902
H,Cristhian,Left,0.0,0.0,0.0,-0.0775234,-0.30133164,0.022558024,-0.19586626,-0.51476973,0.036817264,-0.26873055,-0.7177933,0.045482468,-0.29735348,-0.8918912,0.054406483,-0.44614756,-0.40380082,0.022857293,-0.6936099,-0.4269219,0.059090193,-0.81130546,-0.4215752,0.091700226,-0.9057181,-0.42388055,0.118586175,-0.4898679,-0.21367082,0.020909006,-0.7193601,-0.2717978,0.06765164,-0.85483146,-0.30249983,0.09122269,-0.93429506,-0.31675255,0.10805493,-0.48714888,-0.027193507,0.024628451,-0.5440974,-0.091839515,0.06868916,-0.45226127,-0.09924409,0.07958721,-0.36508328,-0.09633157,0.09036813,-0.47065783,0.13399443,0.028935537,-0.4819504,0.062135983,0.078124925,-0.40543598,0.05938963,0.10229315,-0.33536488,0.05550799,0.12255297
H,Cristhian,Left,0.0,0.0,0.0,-0.07457383,-0.29449204,0.017631374,-0.19334437,-0.5177692,0.035935014,-0.27610627,-0.7160491,0.05055528,-0.31930697,-0.88787615,0.06796565,-0.44565383,-0.3985295,0.028426066,-0.696098,-0.42379355,0.067441925,-0.81570154,-0.4185097,0.104390316,-0.9077794,-0.41944796,0.13593209,-0.4840675,-0.20379792,0.029368103,-0.7288079,-0.26032317,0.07620214,-0.8669127,-0.2959153,0.101123385,-0.94527507,-0.31319872,0.12167206,-0.47279605,-0.02709081,0.035039984,-0.5394523,-0.1001672,0.07237254,-0.45348644,-0.10842743,0.0791447,-0.37346947,-0.107190125,0.09163242,-0.44924042,0.12442291,0.041694734,-0.47028857,0.04261376,0.088934556,-0.39463013,0.045541856,0.11378377,-0.3254247,0.043338556,0.13641311
H,Cristhian,Left,0.0,0.0,0.0,-0.05137408,-0.2780072,-0.022010911,-0.15994853,-0.51581216,-0.03349564,-0.24594148,-0.70191884,-0.048070624,-0.28160337,-0.85774225,-0.061866406,-0.4233385,-0.39677563,-0.036206916,-0.65054226,-0.43376774,-0.056850057,-0.78418803,-0.44117692,-0.06501725,-0.8902236,-0.44244823,-0.063586526,-0.46707758,-0.22296466,-0.04064303,-0.6887693,-0.27620754,-0.05347264,-0.8444925,-0.3059417,-0.06269494,-0.9504955,-0.31073838,-0.061905716,-0.46567935,-0.048028924,-0.044273514,-0.5094915,-0.04459761,-0.065405734,-0.43117252,-0.0325016,-0.06809106,-0.35202754,-0.02239265,-0.052044075,-0.445121,0.11415857,-0.050607886,-0.4495081,0.12158021,-0.050299868,-0.39118588,0.14738818,-0.03567343,-0.3380172,0.16377911,-0.013403058
H,Cristhian,Left,0.0,0.0,0.0,-0.07286898,-0.2966597,0.056647073,-0.17452739,-0.50354224,0.08488978,-0.25432858,-0.6969231,0.09937219,-0.2843358,-0.8583539,0.11504602,-0.43812278,-0.3967045,0.06459681,-0.6748535,-0.4217012,0.10371576,-0.796801,-0.41714287,0.13544099,-0.8930735,-0.4229115,0.16042592,-0.48220193,-0.21962802,0.046723865,-0.7132171,-0.26816067,0.08123341,-0.8606125,-0.29824102,0.095294595,-0.9492748,-0.31444782,0.10718204,-0.47521508,-0.03717955,0.03804135,-0.5402073,-0.05959037,0.08378788,-0.4585871,-0.063232206,0.104029916,-0.3782389,-0.06789584,0.12152357,-0.44505373,0.12101443,0.031792484,-0.45955107,0.08095073,0.09333752,-0.38466612,0.07358314,0.12985705,-0.31878313,0.06288645,0.15767354
H,Cristhian,Left,0.0,0.0,0.0,-0.038634427,-0.33665487,0.054443788,-0.14750369,-0.56370336,0.10413672,-0.23729569,-0.76228374,0.14363681,-0.2733243,-0.938681,0.18402305,-0.4417694,-0.44345534,0.13281417,-0.67511463,-0.48780975,0.2257587,-0.7858003,-0.4843539,0.28841084,-0.8765675,-0.48127896,0.3324853,-0.49375448,-0.26841006,0.13613605,-0.6959564,-0.34599105,0.24566765,-0.82483745,-0.39147186,0.2895998,-0.90161383,-0.40265518,0.31519017,-0.48593634,-0.09511546,0.14295489,-0.5197725,-0.14538372,0.23885103,-0.4255198,-0.15640078,0.23618942,-0.3432594,-0.1547692,0.22937524,-0.46632764,0.059232786,0.15278852,-0.4498312,-0.0045513283,0.24247007,-0.3753944,-0.010811522,0.25751036,-0.30829725,-0.015404342,0.2631668
H,Cristhian,Left,0.0,0.0,0.0,-0.019380039,-0.37102342,0.077917084,-0.11571957,-0.596556,0.13193145,-0.1908051,-0.7927511,0.1831889,-0.21917957,-0.9756845,0.23654898,-0.42000782,-0.48568964,0.13969007,-0.62241846,-0.55769056,0.27316886,-0.72239923,-0.58033305,0.36479285,-0.8006738,-0.5828641,0.42567065,-0.46708268,-0.31717813,0.17603496,-0.6565307,-0.42621794,0.34467807,-0.74029166,-0.4859178,0.44091198,-0.8120558,-0.5053604,0.49354407,-0.4652497,-0.16200396,0.22319488,-0.53701824,-0.26369214,0.4108546,-0.4402068,-0.3129401,0.4573547,-0.35760748,-0.32080716,0.4604369,-0.46689612,-0.023655523,0.27358535,-0.48215294,-0.12763765,0.43241212,-0.41536918,-0.15523918,0.470417,-0.3461286,-0.16656056,0.47823262
H,Cristhian,Left,0.0,0.0,0.0,-0.013468705,-0.33840626,0.022584682,-0.10992966,-0.5700119,0.052872777,-0.18426986,-0.7834021,0.083909415,-0.20774485,-0.9694857,0.118154585,-0.40883154,-0.47086823,0.08519472,-0.62790054,-0.5490439,0.17840791,-0.73142743,-0.5697976,0.24418429,-0.8163207,-0.57759887,0.28991577,-0.4683798,-0.302899,0.11568908,-0.6606619,-0.42189005,0.22724764,-0.763344,-0.48767078,0.28383675,-0.8375101,-0.5136819,0.3177383,-0.47703418,-0.14491259,0.1506864,-0.5288106,-0.25439855,0.2582541,-0.44097874,-0.28786266,0.27526024,-0.36566395,-0.28149247,0.2792563,-0.47446758,-0.008201825,0.18617636,-0.496582,-0.11522139,0.28772292,-0.43824267,-0.14332476,0.3159244,-0.3727455,-0.15150623,0.32946813
H,Cristhian,Left,0.0,0.0,0.0,-0.043998953,-0.30742484,0.010322439,-0.13687311,-0.5353282,0.030768242,-0.20071107,-0.7381796,0.050958358,-0.22228558,-0.90752983,0.07603289,-0.41016674,-0.41896915,0.043003913,-0.64554375,-0.4673045,0.09893234,-0.7620387,-0.47429827,0.13900605,-0.8543807,-0.48313743,0.16968945,-0.4673105,-0.23515084,0.06005186,-0.68804187,-0.32167444,0.12807004,-0.83112687,-0.37321252,0.15283318,-0.91860944,-0.39516664,0.16927943,-0.4710386,-0.067111544,0.08225491,-0.5252179,-0.14881131,0.14910695,-0.44726107,-0.17282702,0.15401636,-0.37050635,-0.16858025,0.15905526,-0.45770732,0.07081337,0.10384732,-0.47081393,-0.024673564,0.16894802,-0.40401897,-0.049901888,0.19049235,-0.33654895,-0.062241416,0.20820335
H,Cristhian,Left,0.0,0.0,0.0,-0.05553768,-0.2925673,0.013040295,-0.149228,-0.5100084,0.02857574,-0.21400341,-0.7123145,0.04178478,-0.23400275,-0.88479877,0.05898916,-0.43075496,-0.3918608,0.030769924,-0.67206985,-0.42068198,0.07519475,-0.7908319,-0.4219848,0.11205326,-0.8850214,-0.42738664,0.14133413,-0.47934428,-0.20365238,0.03766775,-0.7085529,-0.27403888,0.08850021,-0.8566698,-0.31207246,0.10988733,-0.94524074,-0.3263739,0.1267519,-0.47515187,-0.028803518,0.050129883,-0.52625823,-0.08424576,0.100074925,-0.44155338,-0.10022087,0.10739973,-0.36118355,-0.101531744,0.11769019,-0.45404112,0.11800009,0.06208713,-0.46105173,0.03811753,0.11425642,-0.3859889,0.023866747,0.1356832,-0.3152897,0.01167755,0.15557165
H,Cristhian,Left,0.0,0.0,0.0,-0.05893506,-0.2840035,0.0046469127,-0.16062757,-0.505271,0.012484154,-0.23162718,-0.70805067,0.015920967,-0.2599117,-0.8782403,0.021634668,-0.4258684,-0.38721782,0.02868647,-0.67285544,-0.41282675,0.06434016,-0.794345,-0.411847,0.09155086,-0.88970715,-0.41598934,0.114610456,-0.47381333,-0.20795745,0.031558212,-0.7075022,-0.2658533,0.07986024,-0.8579996,-0.30441776,0.09482747,-0.9466577,-0.32224077,0.106206566,-0.4723679,-0.031651266,0.03761391,-0.54530966,-0.07610945,0.08021147,-0.46021056,-0.08942456,0.08480858,-0.37495017,-0.08989228,0.093260266,-0.4526597,0.11996558,0.042426065,-0.47014827,0.062675394,0.08969175,-0.39661935,0.049669,0.11313056,-0.3263438,0.043066993,0.13460478
H,Cristhian,Left,0.0,0.0,0.0,-0.083805785,-0.25848922,0.03433429,-0.18929762,-0.4428958,0.03534468,-0.25290564,-0.63870394,0.024848541,-0.27374548,-0.8155438,0.01503205,-0.4381062,-0.32694444,0.022840152,-0.69047856,-0.33927003,0.046679176,-0.8197303,-0.33564508,0.06972745,-0.92120916,-0.3332372,0.08809386,-0.45858315,-0.15105449,0.0016446908,-0.71289784,-0.19112314,0.025312304,-0.8752366,-0.21904758,0.034771446,-0.9728385,-0.23148473,0.041602585,-0.43716213,0.03440777,-0.011686605,-0.5398844,0.010845523,0.027600084,-0.4633714,0.00035637734,0.053657714,-0.38445118,-0.006226942,0.07487995,-0.39781702,0.19667454,-0.024650548,-0.46696633,0.15892795,0.030118765,-0.3965009,0.14154756,0.073694535,-0.32854897,0.13059878,0.1073182
H,Cristhian,Left,0.0,0.0,0.0,-0.086571015,-0.2682933,0.030639352,-0.17917125,-0.46169987,0.022723729,-0.24964702,-0.66086006,0.006616481,-0.2833269,-0.8312909,-0.007327902,-0.42544466,-0.3253462,-0.013023022,-0.6863308,-0.3354131,-0.0017925267,-0.8134614,-0.32749063,0.018805882,-0.9158431,-0.32309467,0.03687632,-0.4399772,-0.1470338,-0.034216907,-0.7123405,-0.18132219,-0.036790803,-0.87508863,-0.20733052,-0.031849734,-0.9761215,-0.21722536,-0.024637729,-0.41080838,0.03455821,-0.043772668,-0.53442115,-0.003662646,-0.022188425,-0.45849377,-0.021996262,0.015824875,-0.38196492,-0.03366489,0.048585102,-0.36485398,0.19233225,-0.052030876,-0.45546323,0.14946085,-0.003650958,-0.38779783,0.13203621,0.052522406,-0.31856394,0.12282593,0.096522115
H,Cristhian,Left,0.0,0.0,0.0,-0.065266125,-0.290745,0.0067374934,-0.163428,-0.524847,0.008787829,-0.23707347,-0.7393814,0.0051505812,-0.27397537,-0.9180944,0.0038136928,-0.43770838,-0.38652992,0.02321734,-0.68500984,-0.41431472,0.048658673,-0.81130624,-0.40524837,0.071836025,-0.9117719,-0.40279326,0.09435363,-0.4833314,-0.19606754,0.02518561,-0.7130121,-0.24695581,0.061854277,-0.8639348,-0.2790273,0.07180938,-0.9558457,-0.2938689,0.08146539,-0.47709262,-0.015344578,0.030886076,-0.51850176,-0.07471544,0.06550932,-0.4311235,-0.085038014,0.06406948,-0.34693286,-0.08324152,0.07126217,-0.45901883,0.14368051,0.036086902,-0.46714497,0.0901037,0.08386634,-0.39820576,0.09530092,0.105337635,-0.33335882,0.10221879,0.1262177
H,Cristhian,Left,0.0,0.0,0.0,-0.059604503,-0.315922,0.0044703945,-0.18587385,-0.5499916,0.018679699,-0.27167082,-0.7458901,0.028688652,-0.30780408,-0.92471176,0.041893825,-0.45180362,-0.40485525,0.04036506,-0.6978699,-0.42770833,0.07776711,-0.8175277,-0.42019492,0.108470276,-0.9086043,-0.41765794,0.13535945,-0.49197665,-0.20935357,0.047387023,-0.71619827,-0.26670542,0.10157327,-0.85401845,-0.3052674,0.123616144,-0.93326974,-0.3196647,0.14132436,-0.48055312,-0.029466586,0.054908514,-0.5143931,-0.08887202,0.09772009,-0.4217467,-0.11267029,0.092481956,-0.3364706,-0.12404732,0.09621467,-0.45666933,0.12831016,0.061320864,-0.4377617,0.062118266,0.10996256,-0.3619645,0.053838644,0.12272178,-0.29628786,0.041946538,0.13635397
H,Cristhian,Left,0.0,0.0,0.0,-0.05949265,-0.33212835,0.03520803,-0.18651743,-0.55642337,0.07445279,-0.26688144,-0.7591353,0.103505686,-0.29160562,-0.93758285,0.13440286,-0.45181853,-0.41301173,0.109511375,-0.6945613,-0.44024786,0.17615755,-0.81309247,-0.43491906,0.2268893,-0.90115476,-0.43349755,0.26830262,-0.49766842,-0.2130702,0.11180744,-0.71881765,-0.27366483,0.1968348,-0.8494145,-0.31419373,0.23148347,-0.92101014,-0.3301598,0.25868696,-0.48188445,-0.035565488,0.11468795,-0.51191527,-0.09725295,0.18236782,-0.42009735,-0.10881315,0.16897097,-0.33895466,-0.111818135,0.16537118,-0.45229205,0.11897614,0.11942437,-0.42907155,0.049458988,0.18895185,-0.3532024,0.046240117,0.19973995,-0.2848308,0.04122611,0.20948125
H,Cristhian,Left,0.0,0.0,0.0,-0.0640557,-0.28003022,0.0035704873,-0.19262548,-0.49576214,0.0038322774,-0.26434126,-0.67896795,-0.0049059717,-0.28245497,-0.8379228,-0.014233221,-0.44378623,-0.41553342,0.0005261077,-0.6745967,-0.42864868,-0.0042712567,-0.80277455,-0.42134768,0.0015036523,-0.90177053,-0.4194859,0.013704445,-0.49645504,-0.23330033,-0.01156294,-0.716738,-0.2635133,-0.0050667147,-0.86049056,-0.2845282,-0.0047147106,-0.95621866,-0.29265308,0.0043513933,-0.5017247,-0.040279374,-0.021923479,-0.51490563,-0.012581438,-0.02433972,-0.42642435,0.0016142422,-0.03270606,-0.34253365,0.00014702814,-0.021466518,-0.48698527,0.1444121,-0.033160307,-0.44318035,0.15383458,-0.014789659,-0.36451498,0.15970242,-0.00077869056,-0.29780295,0.14847521,0.020345652
H,Cristhian,Left,0.0,0.0,0.0,-0.031712487,-0.31941816,-0.029774146,-0.14576767,-0.55805033,-0.031112578,-0.22793105,-0.7704367,-0.02847553,-0.27111924,-0.9510352,-0.021247067,-0.41812143,-0.43612316,-0.0031903984,-0.6432018,-0.5054072,0.027251422,-0.75900996,-0.51847464,0.051980194,-0.8509876,-0.5251857,0.07391108,-0.4701991,-0.25068972,0.020543259,-0.66470295,-0.35949528,0.0699783,-0.7934166,-0.42637736,0.087725095,-0.8697454,-0.45941663,0.1008139,-0.47277793,-0.082323804,0.044034563,-0.4978364,-0.19028345,0.08249005,-0.41872007,-0.21421418,0.07354029,-0.33733407,-0.20587641,0.073451504,-0.46102917,0.057636596,0.06360623,-0.43951523,-0.06537773,0.10650678,-0.3721675,-0.078763336,0.114671074,-0.30565736,-0.08242029,0.12464794
H,Cristhian,Left,0.0,0.0,0.0,-0.03369783,-0.33304167,0.0016762146,-0.13863063,-0.5658186,0.026261143,-0.21401516,-0.7748058,0.051024973,-0.2365043,-0.9502865,0.08018921,-0.41686264,-0.41392335,0.059986394,-0.65306866,-0.48731223,0.12095421,-0.76965225,-0.5032674,0.1639665,-0.8593092,-0.51145643,0.19679093,-0.46683794,-0.22934529,0.08702482,-0.68278086,-0.33238828,0.16286762,-0.80885017,-0.40123105,0.19284868,-0.881521,-0.43263963,0.21253721,-0.45926464,-0.072047584,0.11623451,-0.5156015,-0.1839978,0.18760562,-0.4325386,-0.21992911,0.18953235,-0.35141364,-0.22264339,0.19125992,-0.43508518,0.052113846,0.1440045,-0.4419185,-0.062041577,0.21367823,-0.37622494,-0.07837833,0.23088942,-0.30719766,-0.08233321,0.2430864
H,Cristhian,Left,0.0,0.0,0.0,-0.045963638,-0.30997,0.0042820456,-0.13962194,-0.5463098,0.012202698,-0.20778205,-0.7575526,0.015317716,-0.23515801,-0.9305481,0.019854907,-0.41102883,-0.43664995,0.023726067,-0.65057933,-0.48590744,0.053802088,-0.76721144,-0.49776843,0.08027028,-0.85894066,-0.5120752,0.10422739,-0.4606531,-0.25032336,0.027494358,-0.6839437,-0.33534464,0.06951147,-0.8181129,-0.39056045,0.08523568,-0.89519423,-0.4209094,0.0985285,-0.456584,-0.07673799,0.034145493,-0.50656885,-0.16328543,0.06818546,-0.42410716,-0.16519062,0.067686014,-0.3435956,-0.15700483,0.07461291,-0.43782037,0.0695276,0.040219847,-0.43700722,-0.024084916,0.08313771,-0.36456856,-0.018551642,0.10232691,-0.29758582,-0.01690253,0.120932415
H,Cristhian,Left,0.0,0.0,0.0,-0.041844383,-0.31043366,0.04779059,-0.14445601,-0.536395,0.068233036,-0.21946213,-0.7348451,0.08060707,-0.2532181,-0.8927383,0.09006763,-0.41198477,-0.4523028,0.051244434,-0.6392779,-0.49320778,0.09635063,-0.7617258,-0.49979657,0.1206995,-0.8643092,-0.50296086,0.13408166,-0.4565913,-0.27437967,0.034878887,-0.6670765,-0.3460117,0.09525658,-0.76487386,-0.36369234,0.12421032,-0.81982607,-0.34753114,0.1367169,-0.4618909,-0.088176906,0.02576466,-0.5981495,-0.07944958,0.08561297,-0.5178359,-0.07395569,0.12069677,-0.42906132,-0.061797068,0.13700165,-0.44995064,0.08980447,0.018114613,-0.5673746,0.07445787,0.074197434,-0.50672716,0.074292,0.11892106,-0.43153363,0.06919897,0.14771096
H,Cristhian,Left,0.0,0.0,0.0,-0.037244733,-0.28151473,0.042524077,-0.11906516,-0.4848908,0.06366445,-0.1909824,-0.6689885,0.072244436,-0.220999,-0.82185626,0.08118112,-0.39699516,-0.44063106,0.059324685,-0.623503,-0.50049454,0.08608523,-0.7473985,-0.51715267,0.10912711,-0.84594476,-0.5332706,0.12998456,-0.45655826,-0.2780274,0.041447032,-0.6771803,-0.35222602,0.067752406,-0.81858814,-0.39159337,0.077809684,-0.90885913,-0.40667605,0.08919057,-0.46663606,-0.101727694,0.029538283,-0.53306764,-0.06396859,0.05927401,-0.4520218,-0.04223944,0.070477866,-0.37269378,-0.040132448,0.08584378,-0.45234972,0.06633971,0.019350002,-0.47510839,0.09356308,0.06524547,-0.39954737,0.11107913,0.095639504,-0.33110648,0.10529641,0.12203368
H,Cristhian,Left,0.0,0.0,0.0,-0.04421177,-0.29123604,0.035947736,-0.12043259,-0.4908651,0.05027955,-0.18853423,-0.6792863,0.05571756,-0.21383733,-0.8282726,0.06262307,-0.38731858,-0.44000077,0.026847692,-0.61074674,-0.5071989,0.043225627,-0.73703134,-0.5225908,0.057686076,-0.8381217,-0.5383975,0.07219551,-0.44875452,-0.27060804,0.015743876,-0.6629691,-0.36095273,0.030383857,-0.8066763,-0.4123762,0.034874365,-0.9000219,-0.4358446,0.041973997,-0.46127063,-0.09324451,0.013672792,-0.52202886,-0.10786398,0.045111503,-0.45148292,-0.101923555,0.06354073,-0.37470108,-0.09020906,0.08262436,-0.4475238,0.0711918,0.012299985,-0.46740445,0.051019985,0.0628143,-0.4030908,0.05511798,0.098641895,-0.33790934,0.05439683,0.12898943
H,Cristhian,Left,0.0,0.0,0.0,-0.04147222,-0.289331,0.041685153,-0.1101251,-0.4951224,0.05859629,-0.18210499,-0.6796889,0.06253477,-0.21636243,-0.82719034,0.0674026,-0.38953587,-0.43825123,0.051294584,-0.61097306,-0.5105308,0.07125408,-0.7312975,-0.5349401,0.09082749,-0.82705367,-0.562123,0.110178225,-0.4475115,-0.28283292,0.032441027,-0.6632351,-0.36705115,0.04502563,-0.8018193,-0.41991898,0.04647655,-0.8867635,-0.4506743,0.053949352,-0.45629817,-0.11368482,0.021096027,-0.51058036,-0.10162498,0.04292441,-0.44109124,-0.08170674,0.05315579,-0.36928,-0.07481113,0.07020795,-0.44295347,0.046760824,0.011573439,-0.45754245,0.053155027,0.057491105,-0.39123783,0.06766001,0.09023376,-0.32950175,0.06606647,0.11941694
H,Cristhian,Left,0.0,0.0,0.0,-0.043845166,-0.29140756,0.04650627,-0.11008141,-0.4995723,0.067867,-0.18053909,-0.68325686,0.07666981,-0.21087617,-0.8338551,0.0863898,-0.38983253,-0.45357275,0.060425293,-0.61293906,-0.5217351,0.088704884,-0.73153704,-0.5410807,0.11338305,-0.8249943,-0.5643617,0.13651541,-0.45586485,-0.29521623,0.043993574,-0.6662221,-0.38004127,0.0705648,-0.80323213,-0.43275264,0.07851698,-0.88640517,-0.4629102,0.08979809,-0.47028297,-0.1238802,0.035107177,-0.5115546,-0.119644634,0.07111012,-0.4396327,-0.10027011,0.07926562,-0.36649832,-0.093534894,0.09278514,-0.46114424,0.037528995,0.028294396,-0.46523914,0.03869248,0.083748944,-0.3976717,0.052216616,0.11455445,-0.3329395,0.04849748,0.14157274
H,Cristhian,Left,0.0,0.0,0.0,-0.03474936,-0.3208783,0.048790988,-0.12204485,-0.54675186,0.086694725,-0.19644797,-0.7496718,0.113788374,-0.22430031,-0.9211987,0.1408994,-0.43679047,-0.42643687,0.11604689,-0.66625345,-0.4814581,0.19675334,-0.7779323,-0.48705158,0.2554297,-0.8674824,-0.4974678,0.30076346,-0.49349862,-0.24697778,0.12061931,-0.69763845,-0.33507603,0.22067809,-0.8261774,-0.38684696,0.26247102,-0.90192544,-0.40835172,0.29068175,-0.4852948,-0.07256717,0.1293047,-0.50918007,-0.13884705,0.220051,-0.4156997,-0.1379089,0.21276478,-0.334589,-0.13153684,0.2064035,-0.46639302,0.07990767,0.14102034,-0.44089657,0.020317825,0.22939788,-0.36475047,0.02143025,0.2429058,-0.29870912,0.018099168,0.25003946
H,Cristhian,Left,0.0,0.0,0.0,-0.038367335,-0.32701135,0.030239623,-0.1370746,-0.5522846,0.05327017,-0.21675229,-0.7578511,0.066030554,-0.24931669,-0.9338594,0.07923738,-0.4518686,-0.41894338,0.08904956,-0.67897606,-0.47180203,0.15433167,-0.78817356,-0.4748311,0.20213902,-0.8777964,-0.47903383,0.23916318,-0.5015348,-0.23343651,0.09153886,-0.70624673,-0.33081365,0.17512009,-0.8328042,-0.38903657,0.20692144,-0.9059664,-0.41444987,0.22860685,-0.48523057,-0.05679198,0.096920446,-0.5133697,-0.13893749,0.16935815,-0.42220503,-0.14263323,0.16025522,-0.3390851,-0.13575439,0.15525046,-0.4561989,0.093891755,0.103569776,-0.4282628,0.015037356,0.17800364,-0.35066873,0.01109903,0.19137304,-0.28210422,0.008962554,0.20012869
H,Cristhian,Left,0.0,0.0,0.0,-0.037414253,-0.3187507,0.04263283,-0.12463675,-0.54486495,0.06781558,-0.19487822,-0.75057536,0.083190665,-0.22377202,-0.9315942,0.09752006,-0.42810363,-0.42795557,0.091713674,-0.66301996,-0.48810154,0.17005304,-0.7749045,-0.494897,0.2306568,-0.8627037,-0.50570977,0.27738354,-0.4815548,-0.24329326,0.09701209,-0.69863886,-0.33784035,0.19761588,-0.82259333,-0.38931322,0.24492908,-0.89244306,-0.4129977,0.27624503,-0.47119424,-0.06704236,0.10751989,-0.5147254,-0.14822471,0.20232023,-0.42019814,-0.14909849,0.20093188,-0.33583227,-0.1411724,0.19623731,-0.45220205,0.08128049,0.120667465,-0.43924212,0.0054996177,0.21329111,-0.3612585,0.002967193,0.23122866,-0.29149657,0.0039225467,0.24024522
H,Cristhian,Left,0.0,0.0,0.0,-0.034278363,-0.29861003,0.034562502,-0.11396132,-0.519207,0.05484919,-0.17391986,-0.72506434,0.066867374,-0.19762415,-0.8960848,0.07925754,-0.39938447,-0.4377635,0.06091676,-0.6322393,-0.50157654,0.11225189,-0.74717,-0.51167446,0.15332681,-0.840365,-0.526004,0.18686189,-0.45944473,-0.26029384,0.0615281,-0.6780302,-0.36251575,0.1256551,-0.8133083,-0.41759524,0.15102094,-0.8959935,-0.44406718,0.16939558,-0.4624471,-0.08330392,0.068433024,-0.50637317,-0.15475203,0.13346061,-0.41912034,-0.14778763,0.13426776,-0.33971635,-0.13584928,0.1360493,-0.45216307,0.068657495,0.07732783,-0.4468362,-0.0061898963,0.14863431,-0.37137604,-0.0009505857,0.17091855,-0.30698323,0.0032809575,0.18706146
H,Cristhian,Left,0.0,0.0,0.0,-0.035564445,-0.30515125,0.034711313,-0.12426094,-0.53393084,0.058846436,-0.19229475,-0.7253546,0.07417326,-0.22350876,-0.8812093,0.089641124,-0.420098,-0.44550985,0.06171065,-0.6442232,-0.50427544,0.10604828,-0.7570722,-0.5182808,0.1395935,-0.84585947,-0.53340584,0.16625887,-0.47716013,-0.2644092,0.05264438,-0.68605524,-0.3568767,0.10607156,-0.8125412,-0.40420592,0.13116696,-0.88587546,-0.42276785,0.14928457,-0.48287418,-0.08273732,0.047810677,-0.54573476,-0.13145977,0.094985604,-0.46005028,-0.12007152,0.10570854,-0.3776857,-0.10562922,0.1160429,-0.4682646,0.08043004,0.04400307,-0.48083052,0.038139947,0.09447066,-0.40742487,0.047704246,0.11859774,-0.34064573,0.051217165,0.13842525
H,Cristhian,Left,0.0,0.0,0.0,-0.037830804,-0.28553182,0.015972061,-0.119827494,-0.5135893,0.027117794,-0.18220943,-0.7062032,0.028745791,-0.21121219,-0.86391884,0.030243129,-0.41417438,-0.43643063,0.044240445,-0.6341092,-0.49731132,0.06701754,-0.75214875,-0.5156754,0.08636196,-0.8455072,-0.53396404,0.10546196,-0.47002116,-0.27059627,0.035170835,-0.6734592,-0.3474862,0.06522884,-0.8104233,-0.39470845,0.073167995,-0.8952507,-0.41754186,0.08271848,-0.47446433,-0.0920635,0.027966931,-0.5175943,-0.08000893,0.04837353,-0.4325881,-0.05337959,0.045979057,-0.34982178,-0.042301696,0.055011198,-0.46151447,0.076299615,0.021006063,-0.466448,0.093510576,0.053610343,-0.39430344,0.11822008,0.07206314,-0.32970378,0.124385975,0.09219168
H,Cristhian,Left,0.0,0.0,0.0,-0.039920483,-0.29440174,0.036382217,-0.115992926,-0.5122636,0.056508724,-0.17752123,-0.70649076,0.06615782,-0.19716536,-0.87089354,0.0758232,-0.40636176,-0.4607311,0.064061046,-0.6244154,-0.5214873,0.10267775,-0.74189866,-0.5326853,0.1307339,-0.8349211,-0.5503696,0.15442169,-0.47236383,-0.29367355,0.054437187,-0.674065,-0.3706918,0.10213862,-0.8080135,-0.41700178,0.11985294,-0.8901437,-0.4374032,0.13397257,-0.48475078,-0.11237534,0.049545486,-0.5222851,-0.11150758,0.098137595,-0.4382835,-0.09482566,0.10248711,-0.357743,-0.081366114,0.10935562,-0.47623876,0.056690793,0.045530733,-0.47803342,0.07051559,0.10108748,-0.40987173,0.08685609,0.12325535,-0.3464311,0.09224611,0.14206351
H,Cristhian,Left,0.0,0.0,0.0,-0.03740585,-0.28967273,0.010536556,-0.12011102,-0.5080982,0.012249091,-0.18499321,-0.7027528,0.0067729256,-0.2064528,-0.862608,0.0018919456,-0.40918443,-0.44209442,0.011517642,-0.6342646,-0.49412265,0.023105834,-0.7552252,-0.5108305,0.03562764,-0.8500012,-0.5267807,0.05052469,-0.47222888,-0.26743254,0.0041292342,-0.6814694,-0.3398708,0.02667356,-0.8154414,-0.3848579,0.034292508,-0.89963096,-0.40652806,0.04358641,-0.48533645,-0.082710534,0.0009869025,-0.5271499,-0.08924338,0.023865912,-0.44889826,-0.07562756,0.029969582,-0.36876005,-0.06384277,0.042875245,-0.4740132,0.086522646,-0.0030028995,-0.46453175,0.07194083,0.03537775,-0.3943573,0.08491537,0.061678167,-0.3299714,0.09077559,0.08732547
H,Cristhian,Left,0.0,0.0,0.0,-0.015080777,-0.31000352,0.024463248,-0.11142462,-0.53421605,0.052355066,-0.1770147,-0.7265448,0.07036537,-0.19481972,-0.89642495,0.08689689,-0.42815506,-0.45575073,0.091367066,-0.6418408,-0.51152945,0.14692415,-0.75452906,-0.5226784,0.18165451,-0.8438735,-0.5365422,0.20865166,-0.49353838,-0.27522478,0.09028424,-0.6852049,-0.35444027,0.16472144,-0.80839914,-0.40376768,0.18798299,-0.8811772,-0.4264149,0.20442934,-0.49909815,-0.08687183,0.089341424,-0.51954114,-0.11511208,0.14427826,-0.4242156,-0.101459645,0.13061516,-0.33975762,-0.08946188,0.12621386,-0.48780042,0.08338212,0.089099385,-0.458732,0.06791599,0.14032738,-0.37770805,0.07920232,0.1469235,-0.30852848,0.079251416,0.15542889
H,Cristhian,Left,0.0,0.0,0.0,-0.00427302,-0.3089998,0.014317396,-0.10313905,-0.5417623,0.03998363,-0.16896077,-0.7451403,0.05860128,-0.18615976,-0.9166603,0.07639871,-0.42010003,-0.4591771,0.08122374,-0.6379002,-0.51955026,0.1367048,-0.7488542,-0.5338044,0.17303449,-0.8366763,-0.5476977,0.20151857,-0.48449624,-0.27846014,0.08650158,-0.6785598,-0.36901122,0.16341776,-0.7963155,-0.42388216,0.19074245,-0.8678185,-0.44596988,0.21008691,-0.49001485,-0.09578902,0.09081739,-0.5101655,-0.13788922,0.14410263,-0.41756105,-0.12875132,0.12781414,-0.33584663,-0.11541955,0.122194216,-0.48187718,0.06949568,0.09511229,-0.45054826,0.029761853,0.14488935,-0.37339547,0.037082218,0.14823493,-0.30652738,0.036061138,0.15393229
H,Cristhian,Left,0.0,0.0,0.0,-0.004599159,-0.31287423,-0.012575287,-0.092187546,-0.5636997,-0.0042159823,-0.15727842,-0.77887464,0.00013793759,-0.16760325,-0.96334934,0.0066741053,-0.4036259,-0.46002853,0.051168345,-0.6190555,-0.53357583,0.08481081,-0.7309413,-0.5529235,0.10495755,-0.8217588,-0.5698355,0.12301588,-0.46624288,-0.28354728,0.06113578,-0.65928453,-0.38928983,0.11224803,-0.7855785,-0.45854902,0.12505579,-0.8634071,-0.48993173,0.13578889,-0.47382078,-0.107100055,0.06822956,-0.49388105,-0.18709843,0.101449855,-0.4064585,-0.18377139,0.08884047,-0.32860878,-0.16398335,0.0891777,-0.4641511,0.05151937,0.072460234,-0.44332454,-0.021141164,0.11160198,-0.37319404,-0.014785591,0.12172074,-0.31106707,-0.0060856612,0.13417771
H,Cristhian,Left,0.0,0.0,0.0,-0.03106036,-0.33327314,0.004416096,-0.16072352,-0.5697507,0.028006477,-0.25846365,-0.7727348,0.04376813,-0.31319895,-0.94652593,0.06013977,-0.47034904,-0.4080132,0.088595375,-0.6907147,-0.4517473,0.14167711,-0.8016628,-0.45145544,0.17227717,-0.89311713,-0.44982412,0.19542873,-0.5134658,-0.2099922,0.09326675,-0.7079382,-0.2898556,0.16592202,-0.83154905,-0.3419636,0.18151522,-0.907268,-0.36250907,0.19101116,-0.49428904,-0.024637591,0.09526566,-0.5107074,-0.083479546,0.14071208,-0.41720682,-0.09518959,0.12142627,-0.3353474,-0.09757073,0.11434364,-0.45877665,0.13737905,0.096132256,-0.4287163,0.079108,0.14443631,-0.35323036,0.08073435,0.15156157,-0.28949776,0.07623579,0.15910403
H,Cristhian,Left,0.0,0.0,0.0,-0.05164622,-0.313845,0.022029955,-0.16479248,-0.52846295,0.04725105,-0.25242472,-0.7265442,0.06514417,-0.2975805,-0.8959755,0.08264506,-0.4444245,-0.38821173,0.07594248,-0.6820131,-0.43229252,0.133561,-0.7997897,-0.43907624,0.1760952,-0.89349633,-0.44907054,0.21008638,-0.49342352,-0.19810146,0.08266232,-0.7058295,-0.26194683,0.15934315,-0.83813834,-0.29705238,0.1882614,-0.9132904,-0.3104395,0.20891292,-0.4803558,-0.022814652,0.09128045,-0.5152975,-0.08654294,0.15442036,-0.4252119,-0.095013954,0.14254604,-0.34278676,-0.09457927,0.13784629,-0.45384476,0.13075602,0.10108242,-0.4342865,0.073851675,0.16429445,-0.35830715,0.073439606,0.17388716,-0.2910792,0.067997366,0.18273674
H,Cristhian,Left,0.0,0.0,0.0,-0.0476567,-0.3055124,0.014432976,-0.16398335,-0.5120173,0.036405336,-0.24500018,-0.7009238,0.050190225,-0.2670984,-0.86846846,0.064409435,-0.44901294,-0.3941539,0.057552263,-0.66635925,-0.4537563,0.09404151,-0.7786527,-0.47502294,0.12130704,-0.8673304,-0.49773285,0.14480473,-0.49605784,-0.20459525,0.057907324,-0.70328623,-0.26609376,0.10908659,-0.8375626,-0.29700872,0.12635694,-0.92036533,-0.30828607,0.14066131,-0.4829856,-0.026787017,0.059382245,-0.5114288,-0.074556574,0.09814893,-0.42426348,-0.08035058,0.0900706,-0.34379187,-0.0755905,0.09227933,-0.45119354,0.12898533,0.060596373,-0.43371317,0.08227175,0.10471107,-0.36265162,0.08166408,0.11637483,-0.29754674,0.078213364,0.12963216
H,Cristhian,Left,0.0,0.0,0.0,-0.047214072,-0.3208651,0.052818976,-0.15507634,-0.53310573,0.10307711,-0.23158295,-0.7183335,0.14095728,-0.254679,-0.88294214,0.17698386,-0.44157216,-0.4087859,0.1321015,-0.6669411,-0.4614938,0.21051094,-0.7814663,-0.47346172,0.26493257,-0.86992896,-0.49317706,0.30625567,-0.49213645,-0.22077544,0.13442494,-0.6935266,-0.2824554,0.2312932,-0.8235732,-0.31806988,0.26982802,-0.8976469,-0.3339891,0.2959225,-0.4776503,-0.04632477,0.13874325,-0.5099823,-0.087881535,0.22040664,-0.41449222,-0.091639236,0.20822705,-0.3306673,-0.09303094,0.20044678,-0.4528525,0.11227237,0.14660077,-0.43534786,0.08566513,0.21977553,-0.35758615,0.09142164,0.22492415,-0.28943014,0.08590833,0.22846602
H,Cristhian,Left,0.0,0.0,0.0,-0.06212429,-0.31055275,0.06013137,-0.15988405,-0.5237635,0.10433904,-0.22944163,-0.70917314,0.13626215,-0.25813237,-0.8714819,0.16898212,-0.44528046,-0.39508983,0.11621155,-0.6843904,-0.43175963,0.18425332,-0.8061221,-0.42810622,0.23552431,-0.9007334,-0.43437234,0.27544922,-0.49695268,-0.20912747,0.11294837,-0.71292245,-0.26482654,0.18822758,-0.8548626,-0.29345432,0.21822001,-0.9360873,-0.30607137,0.24079931,-0.4894119,-0.03461803,0.11511351,-0.53131026,-0.07636757,0.18549402,-0.43826312,-0.07153661,0.18054032,-0.3540212,-0.06492985,0.17989673,-0.47115266,0.12445429,0.12176493,-0.46765736,0.10608644,0.1873665,-0.39282838,0.115133,0.1969203,-0.32548618,0.11497481,0.20629352
H,Cristhian,Left,0.0,0.0,0.0,-0.05059104,-0.3161132,0.038810086,-0.16518489,-0.52499384,0.08124333,-0.23823237,-0.71296185,0.113510855,-0.25796437,-0.8774381,0.14565457,-0.4586221,-0.39080617,0.09942802,-0.6952026,-0.41877878,0.15863523,-0.81516427,-0.41729727,0.20245638,-0.9056637,-0.42399672,0.23824371,-0.5040128,-0.19585766,0.10050921,-0.72297704,-0.2563606,0.17456715,-0.8613635,-0.2853134,0.20321105,-0.9435693,-0.2947225,0.2254254,-0.48996627,-0.017567452,0.103668444,-0.5258481,-0.06877595,0.16272502,-0.43393806,-0.07063108,0.15235993,-0.3504304,-0.06738284,0.15089631,-0.46243688,0.14062822,0.10905684,-0.450487,0.09181152,0.16494785,-0.37581027,0.09430153,0.17229298,-0.3087571,0.09016644,0.18100092
H,Cristhian,Left,0.0,0.0,0.0,-0.039893523,-0.30921933,0.04460922,-0.14702854,-0.5280979,0.09007553,-0.22265586,-0.715282,0.12441868,-0.2406338,-0.8855835,0.15943387,-0.44482896,-0.4052583,0.120860755,-0.68032455,-0.44248053,0.18973956,-0.79904765,-0.4472096,0.23894894,-0.88972604,-0.45649493,0.27836984,-0.49738497,-0.21713026,0.12227463,-0.70490676,-0.2835308,0.20751,-0.8373503,-0.32763293,0.23897567,-0.91521055,-0.3480312,0.26296106,-0.48931754,-0.04122223,0.12522975,-0.50653386,-0.074830085,0.19442856,-0.41467172,-0.076459065,0.18007985,-0.33522078,-0.08041163,0.1755358,-0.46827233,0.116664775,0.13081476,-0.43749082,0.07513678,0.1997726,-0.3602827,0.076147705,0.20753479,-0.29375547,0.062935114,0.21526429
H,Cristhian,Left,0.0,0.0,0.0,-0.04104818,-0.34817708,0.06363432,-0.14834276,-0.56440765,0.121308275,-0.22592829,-0.761332,0.1646968,-0.25159684,-0.9431472,0.20695727,-0.45545548,-0.40820011,0.18581383,-0.68799305,-0.45405933,0.30060047,-0.8022942,-0.4531763,0.37933546,-0.8903262,-0.45532325,0.43678185,-0.5029046,-0.2118709,0.1959616,-0.70464194,-0.29055437,0.33960202,-0.8300802,-0.33948746,0.39892432,-0.9033415,-0.3606841,0.43595648,-0.48121366,-0.03972746,0.20700172,-0.5132808,-0.111720905,0.32771134,-0.41497505,-0.12630221,0.31232327,-0.33193076,-0.1328862,0.2967613,-0.45240262,0.1143763,0.22214198,-0.4294491,0.037931964,0.32724676,-0.3484519,0.029347884,0.33231372,-0.27827913,0.016501026,0.33015126
H,Cristhian,Left,0.0,0.0,0.0,-0.054171003,-0.3456971,0.051873654,-0.17120492,-0.56789565,0.10132396,-0.24842833,-0.7677912,0.1396761,-0.2717773,-0.94261414,0.17838585,-0.4545963,-0.4084474,0.1381278,-0.69122875,-0.4514122,0.23149131,-0.80160207,-0.45173925,0.29908153,-0.88994026,-0.45607716,0.34859973,-0.4977936,-0.21813098,0.1470787,-0.7030011,-0.29107448,0.25279045,-0.829654,-0.3413899,0.29577938,-0.9018316,-0.36773026,0.32434928,-0.47924536,-0.048279986,0.15912141,-0.51440686,-0.13041095,0.25308618,-0.41602963,-0.13922784,0.24388263,-0.33418337,-0.13971005,0.23621276,-0.4542717,0.10076634,0.17464106,-0.44209823,0.02965378,0.26373172,-0.36580926,0.035768393,0.27302143,-0.29951847,0.033406194,0.2762751
H,Cristhian,Left,0.0,0.0,0.0,-0.068162836,-0.32026428,0.044844974,-0.17811501,-0.5416119,0.084419444,-0.24754381,-0.73917735,0.118255734,-0.27152056,-0.90915835,0.15264313,-0.44856212,-0.3933521,0.092641294,-0.6893822,-0.43721777,0.17954561,-0.8024136,-0.4370968,0.2431973,-0.8951727,-0.44571945,0.29023433,-0.49477717,-0.20238125,0.10640375,-0.71707124,-0.2699037,0.20440906,-0.8487581,-0.31133175,0.24414313,-0.92844623,-0.33422178,0.26963252,-0.4815312,-0.031685356,0.12783174,-0.53059405,-0.12325429,0.21869789,-0.43403733,-0.13676366,0.21341415,-0.35304996,-0.13257293,0.20764713,-0.46388105,0.11403238,0.15336704,-0.4683292,0.030994114,0.23905307,-0.39004508,0.02523141,0.25355107,-0.32107338,0.019233815,0.2616989
H,Cristhian,Left,0.0,0.0,0.0,-0.0840209,-0.31059518,0.051163148,-0.19827883,-0.52297103,0.07373576,-0.2641061,-0.71982235,0.090506375,-0.29270226,-0.88945365,0.10692529,-0.45750666,-0.37403747,0.0409247,-0.7049458,-0.40657628,0.112902075,-0.81930405,-0.39978883,0.1719031,-0.9141722,-0.4053261,0.21591337,-0.49501857,-0.18655336,0.04891219,-0.72404003,-0.24962601,0.12729575,-0.86335295,-0.28679934,0.16319706,-0.94962037,-0.30816936,0.18459196,-0.4804102,-0.010465047,0.07048502,-0.53805196,-0.10415728,0.16912085,-0.43956956,-0.11561588,0.18089008,-0.35645223,-0.112861164,0.18005751,-0.46316582,0.136157,0.09574413,-0.47305152,0.045681793,0.2004673,-0.39721054,0.03656905,0.22979169,-0.32954505,0.03026218,0.24289398
H,Cristhian,Left,0.0,0.0,0.0,-0.060241777,-0.25383288,0.016485278,-0.16018948,-0.4698731,0.017366352,-0.22980152,-0.6617005,0.008520826,-0.25677297,-0.81597,-0.00024392901,-0.3962797,-0.39277506,-0.006936933,-0.6403978,-0.43583104,-0.01526662,-0.7740208,-0.44603935,-0.008803327,-0.87727165,-0.45961186,0.0026575953,-0.43379492,-0.23295261,-0.026858475,-0.6808752,-0.2739882,-0.041520912,-0.84114754,-0.30441096,-0.048048217,-0.9455842,-0.3253776,-0.044895824,-0.42997104,-0.06369319,-0.040756073,-0.5092547,-0.023332829,-0.04923399,-0.43651518,0.0009463086,-0.03485623,-0.35775942,0.0045931796,-0.010280454,-0.40492812,0.0994026,-0.05444227,-0.44359443,0.1400729,-0.035810146,-0.38088125,0.16853788,-0.0029714224,-0.32122186,0.17700593,0.02963064
H,Cristhian,Left,0.0,0.0,0.0,-0.073531635,-0.2670923,0.043970127,-0.16415486,-0.46786517,0.05582685,-0.21836717,-0.6565265,0.053084843,-0.23165162,-0.8051186,0.048966784,-0.4072052,-0.40613875,0.028372858,-0.6330364,-0.45949996,0.02971528,-0.76136184,-0.474168,0.036101002,-0.8641752,-0.49401468,0.04541301,-0.45065844,-0.2576402,0.00089804863,-0.6769937,-0.30119443,-0.003517455,-0.83122826,-0.33385527,-0.009292657,-0.9350424,-0.3545359,-0.008711536,-0.45087987,-0.0909596,-0.018568125,-0.5244975,-0.016708365,-0.009055231,-0.4553089,0.0015176875,0.0039883,-0.379615,-0.0044928244,0.021819117,-0.43103114,0.07697162,-0.036391024,-0.4713585,0.14415912,-0.007329974,-0.4073743,0.16648136,0.023105163,-0.3445253,0.16180004,0.050871037
H,Cristhian,Left,0.0,0.0,0.0,-0.067354985,-0.26966587,0.045688912,-0.15202604,-0.4778072,0.057067692,-0.21303242,-0.66525966,0.053689685,-0.23022856,-0.8158126,0.050215162,-0.3986854,-0.42264155,0.02711235,-0.626146,-0.474777,0.029262977,-0.75543207,-0.49182087,0.037890088,-0.8558608,-0.5157525,0.049606003,-0.44593036,-0.2670812,-0.0003430851,-0.6762873,-0.316281,-0.008361332,-0.82818437,-0.35411388,-0.014388748,-0.9249198,-0.38016227,-0.012322864,-0.44930947,-0.097772256,-0.018405547,-0.5280285,-0.0469702,-0.0070854197,-0.46201164,-0.03178568,0.014216744,-0.38731572,-0.032975115,0.038679987,-0.42675868,0.070599906,-0.034907807,-0.47768968,0.114185825,0.0031279544,-0.4181148,0.12689194,0.044044327,-0.35673532,0.1244479,0.0795001
H,Cristhian,Left,0.0,0.0,0.0,-0.070450656,-0.2841321,0.048785865,-0.14938955,-0.49461764,0.06301229,-0.21063155,-0.6910139,0.063370824,-0.23432633,-0.8467141,0.06372203,-0.41049507,-0.41184238,0.04313667,-0.64225864,-0.46418712,0.06541129,-0.76890653,-0.47548157,0.08640271,-0.868041,-0.49649256,0.10618851,-0.4616929,-0.24397969,0.024396338,-0.6842602,-0.30071738,0.04449614,-0.83246785,-0.3429224,0.050381582,-0.9200426,-0.3715075,0.058333263,-0.46348777,-0.06693287,0.015345325,-0.5187939,-0.07302141,0.055040713,-0.44542283,-0.0621815,0.071603194,-0.36837488,-0.05669014,0.08783538,-0.4443964,0.09779525,0.008216337,-0.46074888,0.098113894,0.06709961,-0.39511046,0.10943461,0.10360219,-0.3332554,0.113012835,0.13321562
H,Cristhian,Left,0.0,0.0,0.0,-0.06136431,-0.28300816,0.024739465,-0.14951411,-0.5033039,0.032963112,-0.20966233,-0.7023657,0.030509211,-0.23617886,-0.8613225,0.027630582,-0.42582366,-0.40350014,0.0343996,-0.6563132,-0.4531775,0.05711141,-0.777283,-0.46697202,0.077741586,-0.8737026,-0.48646042,0.09850678,-0.4754715,-0.23626284,0.024639936,-0.69169277,-0.2866749,0.054688595,-0.8338376,-0.32890427,0.062121697,-0.9183152,-0.35430717,0.07126928,-0.47359908,-0.060312454,0.020466728,-0.50611186,-0.058248855,0.05601824,-0.42989722,-0.047461793,0.056554954,-0.35343415,-0.044599097,0.06409882,-0.4547031,0.10341316,0.016788665,-0.44866633,0.104151286,0.068280086,-0.38044345,0.11528696,0.09312637,-0.3176272,0.116002165,0.11564787
H,Cristhian,Left,0.0,0.0,0.0,-0.06957252,-0.28940323,0.0200768,-0.17097005,-0.5074677,0.02933093,-0.23943456,-0.7109604,0.030863676,-0.26305234,-0.87365204,0.03342435,-0.43142185,-0.39465323,0.021343917,-0.67298335,-0.43126446,0.042393904,-0.7955535,-0.43879664,0.06499049,-0.8913548,-0.45330632,0.087056234,-0.47688368,-0.20969605,0.016547002,-0.7088234,-0.27195507,0.04509952,-0.8517581,-0.3132416,0.05891861,-0.9353233,-0.33664352,0.07263574,-0.47202045,-0.031379152,0.017126886,-0.52837646,-0.07572808,0.049566332,-0.44905123,-0.077240914,0.058825564,-0.3653583,-0.07127847,0.072689936,-0.44972396,0.1235003,0.01772756,-0.4582672,0.07080435,0.065362774,-0.38924938,0.07092248,0.093352616,-0.32323027,0.07183647,0.11823647
H,Cristhian,Left,0.0,0.0,0.0,-0.061584156,-0.30952471,0.05337288,-0.1593845,-0.5236462,0.08750706,-0.22929189,-0.71708536,0.11221937,-0.2556596,-0.8819698,0.137965,-0.4333987,-0.39829418,0.0787488,-0.6741936,-0.44481608,0.14111601,-0.7927228,-0.44997895,0.1901677,-0.8873009,-0.461191,0.22903022,-0.4810424,-0.21209118,0.078532964,-0.7025866,-0.28843468,0.15093459,-0.8441675,-0.32797754,0.1847694,-0.9305441,-0.34100667,0.20853823,-0.473366,-0.035432857,0.0863315,-0.52547437,-0.08959744,0.16447906,-0.4383514,-0.09607154,0.17295024,-0.35985354,-0.09464452,0.17774834,-0.45358115,0.11834899,0.09734784,-0.46036503,0.054289248,0.17943163,-0.3879667,0.05342844,0.20532568,-0.32254878,0.05131905,0.22242242
H,Cristhian,Left,0.0,0.0,0.0,-0.055997,-0.31253222,0.04692857,-0.14539535,-0.52583593,0.07363661,-0.20823401,-0.7252141,0.0908519,-0.23723316,-0.8983945,0.10773527,-0.42626497,-0.4131716,0.07827065,-0.660779,-0.4666273,0.14244515,-0.7783362,-0.47295323,0.19091336,-0.8733191,-0.48714858,0.22829026,-0.4752315,-0.23354128,0.078426644,-0.68666965,-0.31342372,0.15789564,-0.82199055,-0.35481212,0.19496827,-0.9022089,-0.36866128,0.21900441,-0.46894723,-0.05966542,0.08518725,-0.5237408,-0.12575671,0.16401668,-0.43597847,-0.1283336,0.17081146,-0.35342535,-0.11701392,0.17313327,-0.45400017,0.0911236,0.09452579,-0.46378732,0.026290197,0.16890958,-0.38916835,0.027423467,0.18909118,-0.3199262,0.032463856,0.20283116
H,Cristhian,Left,0.0,0.0,0.0,-0.058630515,-0.30742708,0.02741193,-0.159775,-0.53156734,0.0507409,-0.22449848,-0.7352864,0.06780923,-0.24693953,-0.90199417,0.087068826,-0.43827966,-0.39916953,0.053079143,-0.67543787,-0.4471724,0.100445,-0.7899376,-0.45804027,0.13722387,-0.88162386,-0.4719527,0.1673265,-0.48309714,-0.21189705,0.056100797,-0.7033973,-0.29630584,0.110400215,-0.8406013,-0.34595466,0.13221686,-0.9248919,-0.36777523,0.14869416,-0.4771459,-0.03885631,0.064669445,-0.5273845,-0.11600741,0.11711895,-0.4408769,-0.12679523,0.12279759,-0.3597675,-0.11878556,0.13104343,-0.45719263,0.10879567,0.07434217,-0.4682273,0.0216696,0.13457139,-0.3974423,0.016646702,0.15983136,-0.3293617,0.017573701,0.1804078
H,Cristhian,Left,0.0,0.0,0.0,-0.042621717,-0.31526694,0.02276513,-0.15353055,-0.5299903,0.050925825,-0.22557506,-0.7348061,0.074185885,-0.24403168,-0.9042165,0.09849792,-0.43024376,-0.41158447,0.055684615,-0.66919863,-0.45692623,0.11207902,-0.7870979,-0.46569097,0.1539303,-0.8779816,-0.4786944,0.18638131,-0.48099607,-0.22038218,0.06385519,-0.6968678,-0.30117717,0.13517424,-0.8306172,-0.34876025,0.1613055,-0.9058361,-0.37111652,0.17859042,-0.4764419,-0.04559177,0.07679787,-0.5143997,-0.12333129,0.14054275,-0.4256649,-0.13351505,0.1380568,-0.34293208,-0.12421529,0.13780326,-0.4571254,0.102638386,0.0904588,-0.450962,0.019005992,0.15138376,-0.37721863,0.016331678,0.16637878,-0.30936038,0.01810119,0.17884241
H,Cristhian,Left,0.0,0.0,0.0,-0.063285284,-0.3144401,0.06749099,-0.16777179,-0.52363837,0.108009145,-0.23793602,-0.71983546,0.13516845,-0.26492095,-0.88846594,0.16101535,-0.4386259,-0.40417528,0.10984206,-0.68343014,-0.4397062,0.1888483,-0.80068964,-0.4393932,0.24912792,-0.89256066,-0.45092732,0.29431972,-0.4842076,-0.2186645,0.10523293,-0.70592254,-0.2777828,0.1959071,-0.84519285,-0.3115902,0.2364628,-0.92388225,-0.3262502,0.2631115,-0.4712699,-0.03713995,0.10834157,-0.5298918,-0.08073169,0.19883853,-0.4367809,-0.08140377,0.2011149,-0.3530055,-0.08342882,0.19853391,-0.4503718,0.12161156,0.11608493,-0.45235938,0.080251426,0.20116599,-0.37135053,0.08583437,0.21795264,-0.30265477,0.08159748,0.226848
H,Cristhian,Left,0.0,0.0,0.0,-0.061578214,-0.30417326,0.029185489,-0.16681685,-0.52960616,0.045558948,-0.24459895,-0.73853415,0.05248025,-0.2985971,-0.90990984,0.058584362,-0.45686117,-0.38146853,0.072924,-0.6965362,-0.41381183,0.13000612,-0.8143933,-0.41055328,0.17296354,-0.9089123,-0.41698736,0.20724937,-0.4995146,-0.18705088,0.07365605,-0.7112569,-0.2453887,0.14970517,-0.84459,-0.2772044,0.1773703,-0.9170271,-0.29031438,0.19597292,-0.4815045,-0.0030964613,0.07787323,-0.51156515,-0.049554948,0.14407529,-0.41887704,-0.05597922,0.13167244,-0.33216506,-0.057363406,0.12413891,-0.45404285,0.15436764,0.08399796,-0.42920378,0.1177854,0.14834571,-0.34904936,0.12290799,0.1568837,-0.27839562,0.123692416,0.1641901
H,Cristhian,Left,0.0,0.0,0.0,-0.056332186,-0.30064052,-0.010064948,-0.15980525,-0.54041135,-0.013806145,-0.24847199,-0.7471161,-0.020541301,-0.31973,-0.9087662,-0.025303919,-0.45127496,-0.36775297,0.016955873,-0.70217127,-0.38618156,0.045091838,-0.82753587,-0.37810814,0.06897397,-0.9241812,-0.38195428,0.09242877,-0.49160737,-0.16093174,0.025838003,-0.7183934,-0.21231821,0.07382475,-0.85743344,-0.24674715,0.08930935,-0.9319729,-0.26406503,0.10170572,-0.47442272,0.027336352,0.035813976,-0.51748973,-0.036400426,0.07302809,-0.42953345,-0.047692247,0.06731926,-0.34199384,-0.04847115,0.06999563,-0.4437485,0.18529502,0.04405308,-0.43519473,0.114387,0.08904101,-0.35636,0.112535134,0.10609037,-0.2865412,0.110503145,0.12351218
H,Cristhian,Left,0.0,0.0,0.0,-0.05962427,-0.31214967,0.0046233702,-0.17345895,-0.5459161,0.015572262,-0.26023987,-0.75437194,0.020070668,-0.32281438,-0.9156478,0.025053777,-0.46872908,-0.36600143,0.06919362,-0.707507,-0.39236534,0.12314753,-0.82593644,-0.38691142,0.1575171,-0.9195375,-0.39300233,0.18484323,-0.5058748,-0.16615476,0.07827542,-0.7163176,-0.21960789,0.15056382,-0.85324645,-0.25651857,0.1673041,-0.9292633,-0.27756774,0.1774374,-0.48398226,0.017400537,0.087702386,-0.51967865,-0.052735463,0.14468542,-0.4268788,-0.06684064,0.1291828,-0.33922884,-0.07084781,0.121690705,-0.45133096,0.17257829,0.0963562,-0.4407547,0.09881622,0.15469053,-0.36216578,0.090818614,0.16480428,-0.29214436,0.08166809,0.1740109
H,Cristhian,Left,0.0,0.0,0.0,-0.057232376,-0.31181976,0.022534836,-0.16814178,-0.5399879,0.045455642,-0.24886023,-0.75181174,0.062254343,-0.2998532,-0.9221905,0.07888668,-0.45209,-0.37648535,0.07613834,-0.70390517,-0.3994333,0.14272937,-0.824981,-0.3931396,0.19180952,-0.9189427,-0.3943911,0.23028927,-0.4911946,-0.17193973,0.08554129,-0.7194789,-0.2344978,0.175988,-0.85175484,-0.2647926,0.21039462,-0.92344123,-0.27015114,0.2321219,-0.4704737,0.015129152,0.09753251,-0.5182453,-0.04864023,0.17199585,-0.42441672,-0.06420871,0.16029066,-0.33705977,-0.069257826,0.15214267,-0.44270292,0.17118457,0.11092284,-0.43799034,0.09221577,0.1806994,-0.35776752,0.077892266,0.19066049,-0.28473607,0.067247815,0.19758011
H,Cristhian,Left,0.0,0.0,0.0,-0.06541685,-0.30508912,0.0339556,-0.17488231,-0.5283961,0.055267863,-0.25377193,-0.73291135,0.06492158,-0.3139896,-0.89422464,0.0739231,-0.4614775,-0.37142986,0.09539518,-0.70757693,-0.39326113,0.16064887,-0.8273594,-0.38499302,0.2081656,-0.9213421,-0.38875288,0.24569681,-0.5042648,-0.17478621,0.09283936,-0.7206619,-0.216967,0.17841157,-0.8548839,-0.24829704,0.20742546,-0.9257087,-0.2640395,0.22687252,-0.48316607,0.013275746,0.09254872,-0.5124818,-0.017713534,0.16826774,-0.41871372,-0.022172289,0.1549798,-0.3360871,-0.029888209,0.14567176,-0.4521669,0.17817381,0.09390201,-0.43188083,0.14970456,0.17043239,-0.3517322,0.14660692,0.18315811,-0.2837085,0.1357175,0.19136547
H,Cristhian,Left,0.0,0.0,0.0,-0.049969207,-0.30272192,-0.013240654,-0.15903917,-0.53808326,-0.011555951,-0.24021299,-0.7440201,-0.015178398,-0.2865721,-0.9096948,-0.017858995,-0.45918196,-0.3759136,0.036053613,-0.69868267,-0.39551088,0.06663645,-0.82191384,-0.39285687,0.08819983,-0.9186993,-0.39495763,0.109388165,-0.49931225,-0.17628752,0.042395175,-0.71149933,-0.22177134,0.09250672,-0.84970117,-0.2521386,0.10419385,-0.9298707,-0.26034614,0.115119964,-0.48128015,0.009961896,0.04686081,-0.49761802,-0.019480579,0.079976775,-0.40719873,-0.030654257,0.06344509,-0.32522058,-0.03957492,0.061931677,-0.4500398,0.17583817,0.04871129,-0.42287144,0.1349544,0.09107469,-0.34577346,0.1325341,0.10175352,-0.27945173,0.121345885,0.11535727
H,Cristhian,Left,0.0,0.0,0.0,-0.053323776,-0.3159935,0.008706839,-0.15815024,-0.5441681,0.03031646,-0.23999459,-0.7565977,0.04404087,-0.2793825,-0.923999,0.059835322,-0.45044607,-0.36852807,0.07750153,-0.6925082,-0.40760037,0.12610845,-0.8144671,-0.40716866,0.15723947,-0.91155016,-0.41118884,0.18223439,-0.48955083,-0.1669664,0.0809911,-0.71234244,-0.2344877,0.1450096,-0.8523646,-0.26955467,0.16196491,-0.93368155,-0.27954188,0.17327142,-0.46759376,0.012302342,0.08397063,-0.519904,-0.053134684,0.1293732,-0.43257567,-0.070423335,0.1240855,-0.34968427,-0.06932595,0.12638427,-0.4300413,0.16533418,0.08566377,-0.43909764,0.08838867,0.13391419,-0.3643743,0.07881626,0.15118842,-0.2947277,0.07372076,0.16739027
H,Cristhian,Left,0.0,0.0,0.0,-0.05317745,-0.3132171,0.0028423313,-0.15457313,-0.54658407,0.017725747,-0.22208494,-0.7556869,0.02614034,-0.2571255,-0.9179519,0.036836475,-0.43285927,-0.39286238,0.04883331,-0.6793454,-0.4184317,0.0783543,-0.80752015,-0.41703367,0.098791465,-0.9069573,-0.42122248,0.11859917,-0.47528958,-0.19447854,0.05284645,-0.69940877,-0.24936214,0.10073219,-0.8460783,-0.28288156,0.11525171,-0.9351606,-0.2913582,0.12686644,-0.46019772,-0.0153168915,0.056219496,-0.51036566,-0.07372637,0.09256673,-0.43252376,-0.085991606,0.08805269,-0.35855824,-0.082421035,0.09265934,-0.4293282,0.14663917,0.05792389,-0.4349295,0.077885374,0.099935226,-0.37114087,0.08724562,0.11721834,-0.31016952,0.09575643,0.13482852
H,Cristhian,Left,0.0,0.0,0.0,-0.023288831,-0.31315726,-0.0024786107,-0.11560593,-0.5647941,0.009279531,-0.19230287,-0.77126175,0.016843306,-0.22225158,-0.9434511,0.025111753,-0.4065486,-0.42629775,0.03027275,-0.6452687,-0.45906854,0.052016996,-0.7820623,-0.4553956,0.06689754,-0.88607895,-0.4635343,0.081982024,-0.45981604,-0.22739574,0.038499665,-0.6756656,-0.27577847,0.07806369,-0.8267244,-0.30220717,0.087833196,-0.9228094,-0.3091013,0.09566091,-0.4592528,-0.04277487,0.047254357,-0.5069734,-0.06641624,0.07618683,-0.41693577,-0.082160406,0.07207709,-0.32732305,-0.08476808,0.078182355,-0.44238347,0.12546685,0.054063343,-0.44711727,0.09310463,0.08652171,-0.37427968,0.09251159,0.098974675,-0.30451784,0.08781902,0.11496451
H,Cristhian,Left,0.0,0.0,0.0,-0.04426427,-0.30149946,-0.023265526,-0.14550893,-0.54464275,-0.019815907,-0.21489048,-0.75629413,-0.013369155,-0.24453777,-0.9204374,-0.003043885,-0.4098715,-0.41512525,-0.014055435,-0.65558094,-0.44756216,-0.001576536,-0.78633326,-0.45134526,0.010160969,-0.88891715,-0.45806798,0.02421438,-0.46208137,-0.22351703,0.0045208572,-0.6882491,-0.27491468,0.02730667,-0.8375876,-0.31174117,0.03348965,-0.9358991,-0.31892946,0.040922288,-0.46961427,-0.04519979,0.02441563,-0.5248519,-0.10537711,0.03858774,-0.44497594,-0.14329137,0.036840044,-0.36412168,-0.1465769,0.04759856,-0.4622989,0.11007592,0.041618563,-0.4820189,0.023810212,0.064486295,-0.42100215,0.0017055025,0.07989405,-0.35480013,-0.007163306,0.09983992
H,Cristhian,Left,0.0,0.0,0.0,-0.030046541,-0.3110318,-0.049667478,-0.12681378,-0.5737024,-0.065232515,-0.18413098,-0.7868201,-0.07965476,-0.20735173,-0.9567471,-0.09300083,-0.40549284,-0.41263545,-0.035670724,-0.63922054,-0.43723145,-0.062000107,-0.78131944,-0.4384747,-0.08215737,-0.8973831,-0.44125232,-0.08968059,-0.45211458,-0.2109216,-0.026845703,-0.678461,-0.25992563,-0.040318172,-0.8298304,-0.29461873,-0.05592758,-0.93970114,-0.3087221,-0.060093,-0.44243324,-0.023387313,-0.021658147,-0.48566857,-0.03311648,-0.052016858,-0.39210322,-0.046875324,-0.060553797,-0.30584925,-0.0615677,-0.044568952,-0.4129217,0.15007477,-0.02148194,-0.4231986,0.11382237,-0.034092788,-0.34246525,0.11051655,-0.018097803,-0.26583248,0.09410344,0.008579152
H,Cristhian,Left,0.0,0.0,0.0,-0.06167717,-0.25970885,-0.106795184,-0.21847656,-0.45730293,-0.16233076,-0.34669498,-0.59290403,-0.20015922,-0.44650128,-0.743719,-0.24357446,-0.42305818,-0.29983848,-0.1515761,-0.6568102,-0.30126876,-0.21353519,-0.81301457,-0.3051825,-0.2674499,-0.9401497,-0.32133657,-0.31377745,-0.402146,-0.17434722,-0.13789041,-0.631958,-0.1829412,-0.21572372,-0.81513005,-0.1943706,-0.30161056,-0.9791391,-0.20319109,-0.37615314,-0.35136268,-0.058231045,-0.12466063,-0.531723,-0.04038163,-0.20299572,-0.67704254,-0.028029695,-0.26176044,-0.7973524,-0.037492286,-0.308566,-0.28390682,0.043044854,-0.11659224,-0.41866472,0.05621697,-0.18384056,-0.5011755,0.0794173,-0.21223582,-0.57739764,0.08125547,-0.23774838
H,Cristhian,Left,0.0,0.0,0.0,-0.045486856,-0.27985266,-0.17238641,-0.16056316,-0.4531848,-0.25532007,-0.26385412,-0.60065407,-0.28328073,-0.35732266,-0.7498816,-0.30367348,-0.40123707,-0.2290042,-0.31137192,-0.641253,-0.293148,-0.38176593,-0.8049385,-0.3159725,-0.42789972,-0.9328448,-0.32743725,-0.45182326,-0.43574536,-0.09765211,-0.19444703,-0.69261324,-0.12893791,-0.25500327,-0.8568336,-0.1705604,-0.27884164,-0.98104864,-0.19376165,-0.2948105,-0.43934038,0.0041381125,-0.0702277,-0.6431535,-0.004390846,-0.09830879,-0.7746039,-0.044799637,-0.11197012,-0.8637615,-0.082354605,-0.11808797,-0.4387093,0.07657346,0.047306728,-0.6077252,0.07286679,0.039600022,-0.70278835,0.05135696,0.036279384,-0.78153276,0.023924282,0.035373904
H,Cristhian,Left,0.0,0.0,0.0,-0.015710881,-0.24726994,-0.10100127,-0.10605835,-0.47349337,-0.15338245,-0.21324922,-0.64711446,-0.18585008,-0.2869716,-0.78986764,-0.21578155,-0.391685,-0.34734613,-0.13156664,-0.617923,-0.43330657,-0.18250059,-0.7678773,-0.4562879,-0.21801488,-0.8828116,-0.46011388,-0.24016188,-0.43462873,-0.17820965,-0.10277358,-0.6665026,-0.2700148,-0.14482108,-0.82190305,-0.32200477,-0.17302957,-0.937117,-0.34901544,-0.19139169,-0.4370676,-0.027809009,-0.07861339,-0.638328,-0.09666557,-0.10998046,-0.7699371,-0.15715769,-0.13107851,-0.87185615,-0.20179059,-0.14471456,-0.4116052,0.10451132,-0.062023256,-0.55959517,0.09251266,-0.090581775,-0.6562567,0.09146616,-0.101299815,-0.73604053,0.08734213,-0.10393278
H,Cristhian,Left,0.0,0.0,0.0,-0.005450091,-0.26105887,-0.03773495,-0.08634932,-0.51776826,-0.061280437,-0.16277054,-0.68947613,-0.0833271,-0.20354879,-0.82591605,-0.10341617,-0.30805936,-0.4494828,-0.078092046,-0.5224693,-0.5525765,-0.11674289,-0.6492875,-0.6085273,-0.13405621,-0.7478774,-0.6446276,-0.13684043,-0.36626354,-0.29760832,-0.08041638,-0.5888477,-0.41381118,-0.11272734,-0.7346383,-0.49621555,-0.12774114,-0.8391487,-0.5439021,-0.13107494,-0.389291,-0.139601,-0.0810489,-0.47005647,-0.17337567,-0.11506754,-0.40590253,-0.16462456,-0.104828216,-0.33388412,-0.14361247,-0.07984738,-0.39519814,0.018278912,-0.08538466,-0.44608757,-0.03548246,-0.088909,-0.38628462,-0.027945494,-0.055795934,-0.32685322,-0.013235019,-0.020451048
H,Cristhian,Left,0.0,0.0,0.0,-0.013645489,-0.28641847,-0.02393352,-0.089959756,-0.52335876,-0.040355023,-0.18345289,-0.6992874,-0.054312255,-0.2305259,-0.8447484,-0.06436724,-0.33705348,-0.4527957,-0.06649243,-0.55855477,-0.5583954,-0.08181194,-0.6818811,-0.60065943,-0.081391305,-0.77669364,-0.6298786,-0.07256544,-0.40500095,-0.29044002,-0.060906388,-0.6153038,-0.4099157,-0.07009274,-0.7484303,-0.4924964,-0.072263114,-0.8339847,-0.5414385,-0.06764685,-0.43118227,-0.1268447,-0.049911942,-0.47092646,-0.19343327,-0.04912899,-0.39995342,-0.18304281,-0.033216182,-0.3286513,-0.15747398,-0.010938149,-0.4351144,0.025674522,-0.042097338,-0.44158572,-0.04344975,-0.014761524,-0.37983075,-0.03782723,0.019421436,-0.32066005,-0.02352741,0.052053243
H,Cristhian,Left,0.0,0.0,0.0,-0.015358583,-0.29557985,-0.011057404,-0.09266639,-0.52745783,-0.016733317,-0.18141514,-0.7109567,-0.02108404,-0.22086908,-0.8609658,-0.02121306,-0.33861676,-0.46237352,-0.038472585,-0.5655525,-0.55965877,-0.03070394,-0.6864144,-0.5974238,-0.014871003,-0.7798876,-0.6259196,0.0030077386,-0.41161847,-0.29850245,-0.03177781,-0.61888164,-0.41838396,-0.01669567,-0.7509407,-0.49824956,-0.008574324,-0.82930154,-0.5418398,0.0014950009,-0.44014373,-0.13435292,-0.018953055,-0.4737696,-0.20503695,0.0039975927,-0.40622634,-0.19374512,0.017287718,-0.33689988,-0.16283707,0.03407801,-0.4480288,0.015142644,-0.00838805,-0.44290644,-0.059988137,0.036625557,-0.38065174,-0.048747454,0.069734104,-0.32084244,-0.030712113,0.09870575
H,Cristhian,Left,0.0,0.0,0.0,-0.022073653,-0.31782335,0.01285671,-0.11091767,-0.53267944,0.031592723,-0.2074883,-0.71264386,0.049200483,-0.24923109,-0.86542463,0.07129613,-0.3581484,-0.44061226,0.018885013,-0.5953847,-0.5280861,0.059882734,-0.7177377,-0.5581782,0.0969059,-0.81377214,-0.581184,0.12752552,-0.43052727,-0.27275833,0.030065343,-0.6398879,-0.38695994,0.07651905,-0.7734745,-0.45939004,0.096721545,-0.8515393,-0.49551293,0.11361856,-0.44808194,-0.1123023,0.048093293,-0.48070773,-0.19145226,0.099400744,-0.41162676,-0.18969738,0.10614741,-0.34537074,-0.16704753,0.11501398,-0.44857314,0.030735701,0.06637341,-0.4437562,-0.053354897,0.13163142,-0.381926,-0.04929715,0.15885945,-0.3216513,-0.040650174,0.18057416
H,Cristhian,Left,0.0,0.0,0.0,-0.017181544,-0.31032842,-0.011618629,-0.1097119,-0.5397949,-0.012503914,-0.20844448,-0.7200328,-0.0107528,-0.2529606,-0.866647,-0.006428536,-0.3535764,-0.4485092,-0.0444032,-0.58089185,-0.5376132,-0.039899535,-0.70426893,-0.5747523,-0.029772785,-0.8006621,-0.59911615,-0.017351301,-0.41813672,-0.28158578,-0.036595885,-0.63008225,-0.39945868,-0.020952124,-0.7628636,-0.47981122,-0.012601206,-0.8436576,-0.52372915,-0.0048705307,-0.43786365,-0.11578785,-0.022572637,-0.4847308,-0.19189139,0.002055295,-0.4208303,-0.19421278,0.01920614,-0.35006592,-0.16750851,0.0359995,-0.43543658,0.035175532,-0.011380215,-0.4479785,-0.04050119,0.028840391,-0.3902322,-0.042257514,0.06145534,-0.32955414,-0.030145885,0.08913443
H,Cristhian,Left,0.0,0.0,0.0,-0.02617834,-0.30888966,-0.008917449,-0.123677425,-0.53323656,-0.010975029,-0.22684573,-0.72100145,-0.011635332,-0.2754899,-0.87213135,-0.008971891,-0.37079826,-0.45061785,-0.033851944,-0.59557694,-0.53461987,-0.023567397,-0.714507,-0.56567985,-0.010497586,-0.80906904,-0.5877136,0.0030223175,-0.43623292,-0.282472,-0.028880652,-0.6437632,-0.39386827,-0.009736149,-0.7771531,-0.466234,-0.0024737453,-0.85883427,-0.50365436,0.0038969878,-0.45536673,-0.11402476,-0.01770194,-0.5056875,-0.19497673,0.009035936,-0.43918777,-0.19460857,0.025910268,-0.3692528,-0.1658632,0.04168816,-0.45062006,0.038097657,-0.009167158,-0.46804842,-0.038644273,0.034463674,-0.40854076,-0.037286296,0.06866279,-0.3473248,-0.022109242,0.09688459
H,Cristhian,Left,0.0,0.0,0.0,-0.018096456,-0.3150778,0.00087582914,-0.10589619,-0.5355688,0.004278232,-0.21060035,-0.71609247,0.0067644985,-0.2565849,-0.86451733,0.012336612,-0.36051235,-0.45867416,-0.014641605,-0.5853773,-0.54128283,0.0005708435,-0.70695,-0.5719401,0.015287736,-0.8032981,-0.5955771,0.03010172,-0.42990202,-0.2906505,-0.010387609,-0.63105005,-0.39657304,0.01375178,-0.7634637,-0.46661943,0.021440737,-0.8459448,-0.5012971,0.028673861,-0.45012516,-0.122393675,0.000510397,-0.48854885,-0.18181776,0.033029646,-0.42281437,-0.17952864,0.04566247,-0.35379463,-0.15221928,0.05902882,-0.44698328,0.0337298,0.009691486,-0.4516627,-0.032001298,0.060047086,-0.39258894,-0.029960718,0.09283305,-0.3304191,-0.018706491,0.120028004
H,Cristhian,Left,0.0,0.0,0.0,-0.026476935,-0.30683243,0.0023642767,-0.121567935,-0.5338999,0.008867153,-0.2193374,-0.71732914,0.011795032,-0.26669195,-0.8647132,0.016825853,-0.37475497,-0.46027437,0.0007555654,-0.59628457,-0.5361664,0.017999101,-0.71280706,-0.5676258,0.033917766,-0.80593485,-0.59200424,0.049925778,-0.44077072,-0.29887602,0.00019508282,-0.64242065,-0.39388338,0.026227282,-0.77180445,-0.4612993,0.032102197,-0.85057664,-0.496564,0.038673483,-0.45985568,-0.12737624,0.004400153,-0.4897014,-0.16211069,0.031409588,-0.41853052,-0.15338553,0.036852095,-0.3473797,-0.1348968,0.04707576,-0.4581071,0.033440612,0.0072099105,-0.45315245,-0.008903725,0.050896727,-0.38818777,-0.004703636,0.07848009,-0.3265169,0.002295528,0.10283538
H,Cristhian,Left,0.0,0.0,0.0,-0.021796487,-0.3178558,0.023085989,-0.10708585,-0.53715676,0.03583085,-0.20985731,-0.71234334,0.04381006,-0.26090744,-0.8525502,0.053893052,-0.3639787,-0.4657016,0.0073313853,-0.5850948,-0.5435611,0.025338015,-0.707108,-0.57110286,0.03994418,-0.8035101,-0.59529114,0.05385727,-0.43331835,-0.30243927,0.0041656215,-0.6345154,-0.40162295,0.026349941,-0.767887,-0.46930492,0.03248637,-0.8508342,-0.5060487,0.038627144,-0.4544052,-0.1317616,0.009969752,-0.4942372,-0.18173018,0.049488556,-0.43143663,-0.17619519,0.0692038,-0.36595863,-0.15305842,0.08604338,-0.45065418,0.031155858,0.015481204,-0.45954984,-0.022925658,0.07398291,-0.4004365,-0.020285303,0.11274425,-0.3410452,-0.012119922,0.1432593
I,Cristhian,Right,0.0,0.0,0.0,0.17174557,-0.0595398,-0.02605571,0.31424323,-0.2142083,-0.033143587,0.3771325,-0.36940223,-0.0479276,0.30062294,-0.4524749,-0.056966532,0.20276748,-0.47109482,0.0061663943,0.2667114,-0.5509106,-0.05705719,0.27193308,-0.3961586,-0.08876159,0.26195142,-0.27697125,-0.09104243,0.12266446,-0.49201882,-0.009941294,0.19144553,-0.5845853,-0.09960882,0.20223345,-0.38823208,-0.13474478,0.19167146,-0.23852067,-0.13010176,0.030423068,-0.5083178,-0.03737215,0.10585585,-0.5814333,-0.13071322,0.15804449,-0.40817788,-0.15933229,0.17621267,-0.26817673,-0.14494051,-0.06313296,-0.5122777,-0.06457554,-0.049806554,-0.7351078,-0.11248756,-0.033771332,-0.8797313,-0.13511093,-0.014727865,-0.9998915,-0.13987836
I,Cristhian,Right,0.0,0.0,0.0,0.17548563,-0.042911544,-0.03635338,0.33574602,-0.18625279,-0.044497427,0.39727566,-0.35063502,-0.05861724,0.31234977,-0.44170034,-0.068016596,0.21504384,-0.44898495,0.0076514697,0.26646098,-0.55793655,-0.050893698,0.27567574,-0.41110334,-0.08339354,0.26186016,-0.2808248,-0.0851275,0.13513413,-0.4713636,-0.00079420116,0.18983528,-0.58293355,-0.08233883,0.2026435,-0.39963734,-0.12361458,0.1882645,-0.24542324,-0.12404352,0.04260698,-0.49164852,-0.020375345,0.108802535,-0.5739495,-0.10822448,0.14601715,-0.4045122,-0.14000738,0.14787316,-0.2601517,-0.12739913,-0.05753366,-0.5049998,-0.040328838,-0.04813322,-0.7329602,-0.081288114,-0.034213085,-0.87850314,-0.09923302,-0.02023273,-0.9997953,-0.10011874
I,Cristhian,Right,0.0,0.0,0.0,0.16900574,-0.061084256,-0.028565977,0.31544033,-0.1927925,-0.043146998,0.3805412,-0.33483464,-0.06469452,0.3272957,-0.44212347,-0.081328295,0.22115351,-0.4566613,-0.006007259,0.28190303,-0.54103345,-0.07391726,0.27888757,-0.39405388,-0.11444885,0.2601341,-0.2832498,-0.123399146,0.13866714,-0.4811791,-0.01957207,0.20068605,-0.56020886,-0.10074033,0.20485544,-0.38227305,-0.13524312,0.18545316,-0.25035393,-0.13611361,0.045375604,-0.49728665,-0.04362617,0.10712506,-0.5716306,-0.121656336,0.14087114,-0.4204407,-0.14120919,0.14335212,-0.29370782,-0.12764896,-0.05081984,-0.5034924,-0.06870657,-0.03362213,-0.7363886,-0.112541944,-0.010669139,-0.8822124,-0.13075191,0.012230883,-0.9999252,-0.13287918
I,Cristhian,Right,0.0,0.0,0.0,0.16679354,-0.044726957,-0.014732291,0.30538946,-0.18075062,-0.02042818,0.36390847,-0.31641933,-0.036071222,0.32495642,-0.41972128,-0.05029034,0.23650561,-0.4157846,0.0014958675,0.27357432,-0.52435434,-0.05582118,0.28916505,-0.41523737,-0.08999153,0.29018712,-0.3017162,-0.09357376,0.1576521,-0.44770914,-0.018027568,0.21857189,-0.518652,-0.09966654,0.2348845,-0.34429428,-0.13910682,0.21841744,-0.19419041,-0.14062469,0.069643535,-0.478496,-0.044872086,0.13824913,-0.55694747,-0.12551627,0.17747307,-0.4082192,-0.15148823,0.17965427,-0.27995518,-0.13995226,-0.023422293,-0.5017804,-0.07046087,0.003223906,-0.7446551,-0.106531665,0.040195666,-0.88587904,-0.11594584,0.077116236,-0.9970221,-0.11200074
I,Cristhian,Right,0.0,0.0,0.0,0.15997165,-0.04079852,-0.019453133,0.290477,-0.18255173,-0.02328801,0.36434802,-0.31935644,-0.037157577,0.3252971,-0.42650104,-0.046177734,0.21228738,-0.4170796,0.013179587,0.24679221,-0.5152289,-0.04097296,0.24086754,-0.39959845,-0.06880557,0.22729048,-0.30364898,-0.068975,0.1485036,-0.44133005,-0.00435138,0.22307637,-0.52893734,-0.08633437,0.23576091,-0.34420496,-0.12000392,0.21790852,-0.1998753,-0.11625779,0.07411404,-0.46447462,-0.03123853,0.1610573,-0.5625142,-0.120110564,0.1996026,-0.39423653,-0.1411517,0.19708145,-0.25636777,-0.122012004,-0.0063084634,-0.48774153,-0.05735056,0.03490363,-0.72746754,-0.10163034,0.07628085,-0.8741773,-0.11477128,0.11587316,-0.993264,-0.11138122
I,Cristhian,Right,0.0,0.0,0.0,0.16344944,-0.06759565,-0.020016138,0.28988796,-0.21745342,-0.022082813,0.34059784,-0.36184028,-0.033620954,0.309135,-0.47455958,-0.04471319,0.22571349,-0.44095477,0.011614574,0.25844893,-0.59641206,-0.022123778,0.2760209,-0.6223836,-0.0355706,0.27937365,-0.6263117,-0.03260047,0.14740908,-0.47091797,-0.005382993,0.21640123,-0.5455619,-0.08839401,0.22783574,-0.38343066,-0.12358431,0.20784442,-0.24083854,-0.11972586,0.063106164,-0.49325776,-0.028881583,0.1356065,-0.56581455,-0.11802108,0.16995941,-0.42137122,-0.141465,0.17363419,-0.29679912,-0.124243915,-0.025993196,-0.51269954,-0.05149842,0.00313887,-0.744811,-0.093557715,0.04210703,-0.88351506,-0.102555566,0.08368843,-0.99649197,-0.09692243
I,Cristhian,Right,0.0,0.0,0.0,0.16531755,-0.0384474,-0.03159902,0.31105447,-0.1683321,-0.04607083,0.37495518,-0.3069658,-0.069285706,0.32403895,-0.41064996,-0.09001444,0.24886635,-0.4475899,-0.003377429,0.2874383,-0.59546167,-0.056803346,0.31599137,-0.5344698,-0.08361977,0.3253895,-0.44909534,-0.082930796,0.16422182,-0.47019812,-0.018573383,0.23047912,-0.5202383,-0.11186103,0.23522587,-0.3347483,-0.15278095,0.21248253,-0.18864423,-0.1502844,0.074896395,-0.48864502,-0.04254914,0.1424015,-0.54478806,-0.13858297,0.18241878,-0.38012335,-0.16814466,0.19006635,-0.2490753,-0.15320404,-0.01529036,-0.5028494,-0.066244066,0.011022499,-0.7391753,-0.10783504,0.04115381,-0.87851477,-0.11713576,0.071756236,-0.9974222,-0.111109786
I,Cristhian,Right,0.0,0.0,0.0,0.1724025,-0.024438575,-0.030833315,0.32635862,-0.15192002,-0.04105877,0.38657716,-0.29191607,-0.05722311,0.33572698,-0.40488645,-0.073940754,0.2724643,-0.42115405,-0.0125892265,0.31058893,-0.61799777,-0.043594863,0.3374459,-0.7338284,-0.053231586,0.3508109,-0.8178563,-0.05175658,0.18274751,-0.45706147,-0.028362442,0.24967955,-0.50803024,-0.12677228,0.24758025,-0.33159104,-0.16534857,0.21925436,-0.19109024,-0.16002116,0.08798232,-0.48266172,-0.048602138,0.15445684,-0.5438399,-0.15026252,0.18730344,-0.3828323,-0.17446305,0.18921651,-0.25201175,-0.15571368,-0.007883052,-0.5031691,-0.06825555,0.020001417,-0.74778545,-0.11871191,0.054377295,-0.88464725,-0.12967043,0.08844861,-0.99608076,-0.1246681
I,Cristhian,Right,0.0,0.0,0.0,0.1361854,-0.105211474,-0.006413659,0.22325487,-0.26841894,-0.0058723423,0.26898208,-0.40365028,-0.020027654,0.24259913,-0.5136815,-0.028642254,0.12612173,-0.45190337,0.037093773,0.17482959,-0.5428466,-0.020487651,0.20727918,-0.41483307,-0.053665902,0.2137611,-0.30057797,-0.053870358,0.06954092,-0.4692378,0.013252127,0.14543404,-0.5675395,-0.06700387,0.18200481,-0.40497658,-0.10380782,0.17990528,-0.2702422,-0.10098223,0.00620002,-0.4896509,-0.020476842,0.0941068,-0.6010724,-0.10313213,0.14795975,-0.4498156,-0.12248444,0.15493615,-0.3167381,-0.10110005,-0.06608064,-0.50396127,-0.05330386,-0.04672576,-0.73725104,-0.08780558,-0.017054528,-0.88041955,-0.09260567,0.012834211,-0.9999176,-0.0823192
I,Cristhian,Right,0.0,0.0,0.0,0.13391367,-0.109519966,-0.008275702,0.20936827,-0.27887297,-0.008894011,0.243183,-0.41735172,-0.02183574,0.21390389,-0.52176756,-0.029353403,0.11585619,-0.4445489,0.027350599,0.1655597,-0.5303841,-0.024952443,0.19262318,-0.40430236,-0.054034647,0.19618998,-0.29390046,-0.05430927,0.060184047,-0.4655041,0.0064612725,0.13733147,-0.56251395,-0.07140165,0.16047873,-0.38785282,-0.10387321,0.1505863,-0.24436687,-0.09969316,-0.0064820005,-0.48982713,-0.023172323,0.07581027,-0.61458504,-0.10399744,0.12324225,-0.460003,-0.12082395,0.1286972,-0.3218626,-0.100093186,-0.08454376,-0.50637156,-0.051637065,-0.07305652,-0.73520344,-0.0877222,-0.04928954,-0.87782687,-0.094280295,-0.0233023,-0.99972844,-0.087103754
I,Cristhian,Right,0.0,0.0,0.0,0.14010318,-0.11021225,-0.008098411,0.2259568,-0.27208227,-0.008765024,0.2659486,-0.4094502,-0.023436394,0.23396511,-0.5188173,-0.03287179,0.13349314,-0.46143568,0.034387693,0.17882317,-0.5361441,-0.02206655,0.20379189,-0.39739147,-0.054487333,0.21012451,-0.28929827,-0.05558574,0.07291301,-0.4769047,0.012464691,0.14924394,-0.5552769,-0.06658916,0.17494889,-0.38153383,-0.10150758,0.16851485,-0.24674599,-0.09864062,0.004359091,-0.49563885,-0.01934542,0.08841852,-0.58612996,-0.10369422,0.13706566,-0.43260938,-0.12533976,0.1440235,-0.30343047,-0.106019594,-0.07177461,-0.50724345,-0.049802188,-0.060047124,-0.7394557,-0.08576418,-0.041679982,-0.88210064,-0.092201196,-0.021026026,-0.9997789,-0.08356097
I,Cristhian,Right,0.0,0.0,0.0,0.14562552,-0.091295645,-0.022799823,0.26216668,-0.23963435,-0.037728906,0.31730673,-0.37859088,-0.06318764,0.26800075,-0.4829254,-0.083827265,0.18321338,-0.4633099,0.010262694,0.23977377,-0.5357474,-0.046658542,0.2425188,-0.40213892,-0.078727685,0.22936435,-0.29236108,-0.08276359,0.10538842,-0.48570955,-0.008911729,0.1781217,-0.5628939,-0.089357734,0.18028222,-0.37809068,-0.12292728,0.15729037,-0.23329867,-0.11942567,0.022091165,-0.50476635,-0.037926573,0.101734795,-0.59697044,-0.117649056,0.146358,-0.4380054,-0.13509673,0.15455472,-0.29896104,-0.116796,-0.06597368,-0.512125,-0.06754767,-0.052111782,-0.73686653,-0.10263963,-0.030436749,-0.87975925,-0.110791996,-0.0044822535,-0.9999899,-0.10604279
I,Cristhian,Right,0.0,0.0,0.0,0.13905264,-0.15544215,0.016121877,0.19388473,-0.31909934,0.010009845,0.23243794,-0.44088316,-0.018721092,0.22882228,-0.540727,-0.040371973,-0.048307635,-0.5336199,0.04040364,0.090133,-0.6333609,-0.03032102,0.17575143,-0.51333797,-0.075829804,0.20144624,-0.4090373,-0.0881957,-0.08747514,-0.5305125,-0.0010562502,0.10822642,-0.6176761,-0.08476235,0.18885706,-0.4542126,-0.114282675,0.19885513,-0.3333609,-0.11243545,-0.09739191,-0.5221734,-0.051409546,0.095512986,-0.6371154,-0.13642642,0.1730273,-0.4784764,-0.13678029,0.18490851,-0.3449304,-0.10606691,-0.08674817,-0.5072528,-0.10163365,-0.019240122,-0.7315737,-0.14654748,0.023763085,-0.87447053,-0.1457107,0.060035076,-0.99819624,-0.12939857
I,Cristhian,Right,0.0,0.0,0.0,-0.13444974,-0.107740745,0.00082387927,-0.21883546,-0.2708654,-0.01967786,-0.20558317,-0.43929794,-0.040158257,-0.14327486,-0.52017206,-0.055822868,-0.2724985,-0.44511494,-0.06887178,-0.15649895,-0.6091299,-0.097384624,-0.10859622,-0.51818967,-0.11314769,-0.121131696,-0.43119735,-0.12535575,-0.19164848,-0.49054268,-0.08708134,-0.07193265,-0.6324786,-0.10670097,-0.034897354,-0.5356352,-0.11161923,-0.05273098,-0.45348892,-0.12107642,-0.073631056,-0.50541955,-0.099957325,0.023772085,-0.6425634,-0.12161376,0.039703377,-0.5527292,-0.11354308,0.015153439,-0.46392247,-0.10936653,0.05373357,-0.5009556,-0.11051642,0.12779938,-0.7449003,-0.13454694,0.17133848,-0.8762852,-0.13284828,0.19189285,-0.98141587,-0.12872818
I,Cristhian,Right,0.0,0.0,0.0,-0.18357919,-0.16256802,0.011854943,-0.27331242,-0.34672457,0.00059878035,-0.25115982,-0.530415,-0.011519034,-0.15802509,-0.6150048,-0.014930816,-0.2655457,-0.50838435,-0.043747425,-0.19372226,-0.6679339,-0.047631085,-0.1539618,-0.58382756,-0.03376773,-0.16235937,-0.49008396,-0.02441151,-0.13867646,-0.54216504,-0.06261291,-0.07375167,-0.64556575,-0.05472375,-0.04489145,-0.55125046,-0.042077098,-0.05841003,-0.46968874,-0.042571202,-0.0055747526,-0.54680896,-0.07591859,0.041004572,-0.6376503,-0.08525212,0.05117193,-0.54552805,-0.0704116,0.031074943,-0.450564,-0.06322451,0.12254116,-0.5315343,-0.08565774,0.1685701,-0.7453083,-0.10095778,0.20333764,-0.8721827,-0.09476063,0.21801521,-0.97594535,-0.08898276
I,Cristhian,Left,0.0,0.0,0.0,0.13231106,-0.15775026,-0.035534423,0.15486139,-0.3755069,-0.053207766,0.12257421,-0.54098845,-0.06252289,0.07336991,-0.5918717,-0.07601867,0.058038015,-0.51192564,-0.08028821,0.13845687,-0.7166501,-0.10931676,0.19476652,-0.8571342,-0.13659737,0.23644292,-0.97164536,-0.15941688,-0.07571431,-0.5217016,-0.06870021,-0.027324496,-0.6221739,-0.08279685,-0.004797063,-0.5650455,-0.08911253,-0.009033799,-0.49722168,-0.100705236,-0.18093331,-0.47731104,-0.05464977,-0.14909033,-0.5809981,-0.056509063,-0.109271735,-0.54346466,-0.041058358,-0.095680825,-0.47951433,-0.03914808,-0.2609597,-0.41201597,-0.043287545,-0.25103143,-0.52336377,-0.044418503,-0.20948249,-0.50269693,-0.024738006,-0.19030316,-0.44271252,-0.011012755
I,Cristhian,Right,0.0,0.0,0.0,-0.18417688,-0.1007686,0.007980754,-0.30714694,-0.2764775,0.0011455705,-0.31929067,-0.47122008,-0.0048905234,-0.25489146,-0.58274174,-0.0037172255,-0.2729523,-0.44005623,-0.049074695,-0.2289714,-0.60646886,-0.056310948,-0.19658794,-0.5166544,-0.049435884,-0.20134693,-0.4322164,-0.04755766,-0.15113853,-0.4819206,-0.06390191,-0.11843058,-0.6236462,-0.059983812,-0.085757375,-0.5262133,-0.045854803,-0.08470034,-0.4466541,-0.04509025,-0.027762255,-0.4970978,-0.07409755,-0.0032865934,-0.6189256,-0.08071422,0.01081127,-0.52689,-0.061850924,0.0030417365,-0.43162918,-0.05342729,0.09068398,-0.49448958,-0.08136561,0.108941585,-0.72984844,-0.10299965,0.12507014,-0.8732351,-0.1048914,0.13211186,-0.99123484,-0.10576657
I,Cristhian,Right,0.0,0.0,0.0,-0.17983517,-0.16475599,0.026775945,-0.28139699,-0.3377519,0.024227858,-0.26994836,-0.50846213,0.017794153,-0.18347292,-0.5894202,0.015366138,-0.2783388,-0.5071445,-0.035955213,-0.19363068,-0.62937796,-0.026858494,-0.15091117,-0.54441726,-0.006736548,-0.15946591,-0.4526762,0.0041240077,-0.16354218,-0.5509226,-0.06285152,-0.07452657,-0.6278808,-0.04551955,-0.042047802,-0.5352138,-0.03469531,-0.054987073,-0.45646572,-0.03706718,-0.03540322,-0.55516654,-0.08024888,0.03190183,-0.62708986,-0.08380741,0.04919767,-0.53416884,-0.07112058,0.028591096,-0.44759643,-0.06463897,0.09475589,-0.5301923,-0.092357256,0.10218234,-0.7603008,-0.104235776,0.12043805,-0.88912255,-0.09066297,0.13188446,-0.9912651,-0.077602185
I,Cristhian,Left,0.0,0.0,0.0,0.14199197,-0.17656705,-0.045793917,0.17371821,-0.38576183,-0.08078486,0.13765936,-0.56029725,-0.10361392,0.080016516,-0.63734335,-0.13200334,0.04367502,-0.52462476,-0.128585,0.11087645,-0.74205697,-0.17458536,0.14969708,-0.8752592,-0.2120588,0.17760321,-0.9841022,-0.24178535,-0.09135874,-0.5380077,-0.11311866,-0.040399905,-0.6263712,-0.14424682,-0.018888256,-0.5454654,-0.15137397,-0.021658558,-0.47014534,-0.16246355,-0.19961186,-0.497359,-0.09345774,-0.14778867,-0.5827446,-0.10887125,-0.116498865,-0.5189956,-0.08466352,-0.1088615,-0.44119462,-0.07560273,-0.2804795,-0.43892637,-0.07646882,-0.24413091,-0.5180169,-0.08819513,-0.2091261,-0.46189064,-0.065399,-0.19968541,-0.3945233,-0.047290407
I,Cristhian,Right,0.0,0.0,0.0,0.0987438,-0.15893774,-0.020971356,0.11286315,-0.364785,-0.023479775,0.0706278,-0.515727,-0.032409526,0.0054579605,-0.56190056,-0.038527075,-0.04421348,-0.5723564,-0.006674202,-0.008926202,-0.69214046,-0.066699125,-0.004212294,-0.6097917,-0.10783584,-0.022701845,-0.54000735,-0.121724635,-0.11119489,-0.5944352,-0.019325942,-0.05673522,-0.62704617,-0.071537785,-0.021710414,-0.51222813,-0.0984365,-0.01978343,-0.43264705,-0.10852802,-0.15453522,-0.56151533,-0.039411552,-0.07738991,-0.61036026,-0.10434159,-0.03859172,-0.48403975,-0.11217754,-0.034535114,-0.39213803,-0.097999245,-0.16651191,-0.5042341,-0.059808526,-0.06628974,-0.7429737,-0.09930804,0.011891721,-0.88294965,-0.09694664,0.068051696,-0.9976818,-0.08465613
I,Cristhian,Left,0.0,0.0,0.0,0.12093316,-0.15264939,-0.057084274,0.13933365,-0.38747373,-0.07086387,0.099503934,-0.5707734,-0.07538673,0.048131485,-0.6668353,-0.08069956,0.040379275,-0.504755,-0.06690305,0.0620557,-0.7302513,-0.10493275,0.09553499,-0.8823891,-0.1332306,0.12535204,-0.99211234,-0.15132327,-0.07165831,-0.48458558,-0.045390792,-0.067392126,-0.6050266,-0.08496786,-0.029895471,-0.55422324,-0.099358685,-0.010254694,-0.47211653,-0.10368713,-0.16215652,-0.43123606,-0.027256206,-0.14971466,-0.5341065,-0.06162163,-0.104299575,-0.48487848,-0.055548485,-0.082486846,-0.40329948,-0.04522202,-0.22850509,-0.3593303,-0.013302197,-0.21393761,-0.45734203,-0.037076723,-0.17451501,-0.4253938,-0.028922975,-0.15712596,-0.36029655,-0.016482938
I,Cristhian,Right,0.0,0.0,0.0,-0.08722731,-0.11974822,0.031823285,-0.12356334,-0.3155569,0.041540287,-0.086733155,-0.48590884,0.044569936,-0.026571468,-0.5692631,0.051159848,-0.19546746,-0.4908374,-0.007344803,-0.12848628,-0.66739637,-0.008835415,-0.08897417,-0.60281235,0.01041947,-0.08392628,-0.5240246,0.03279188,-0.10827438,-0.524596,-0.028586728,-0.036355343,-0.6826176,-0.02273684,-0.008182316,-0.5928871,-0.0076571787,-0.019070776,-0.50774056,0.002015091,-0.003657914,-0.5186435,-0.045392077,0.048552983,-0.6752798,-0.054499976,0.06655132,-0.57408553,-0.049854748,0.052099414,-0.48307344,-0.04396368,0.11286162,-0.49584532,-0.055040784,0.1803859,-0.7338398,-0.063182905,0.21036685,-0.86052793,-0.060714893,0.21663414,-0.97625285,-0.058197055
I,Cristhian,Right,0.0,0.0,0.0,-0.21599792,-0.11073553,-0.014793975,-0.3447569,-0.34179574,-0.057013806,-0.32845655,-0.57861775,-0.09757166,-0.23837122,-0.72193503,-0.1299885,-0.29872504,-0.5142992,-0.12037247,-0.30250221,-0.7912361,-0.17416207,-0.27448648,-0.72121024,-0.18610506,-0.26437443,-0.6481263,-0.18200418,-0.16351724,-0.5618269,-0.139287,-0.14705779,-0.86118,-0.18017998,-0.13819374,-0.8683808,-0.18289475,-0.1416604,-0.8669206,-0.18202953,-0.030155715,-0.57413507,-0.15202975,-0.05753281,-0.82870376,-0.20503916,-0.07533363,-0.7617637,-0.19134897,-0.08324292,-0.67843574,-0.16588676,0.08621018,-0.5763651,-0.1594143,0.085669056,-0.87175065,-0.18559264,0.07809072,-0.9483137,-0.16147311,0.077028915,-0.9970289,-0.13335307
I,Cristhian,Right,0.0,0.0,0.0,-0.1892526,-0.09968884,0.014177665,-0.30394638,-0.29462364,0.012477645,-0.30374515,-0.4903096,0.013507928,-0.21825792,-0.5714388,0.022234118,-0.30739194,-0.4373109,-0.0540245,-0.2576806,-0.6157045,-0.049697552,-0.21582255,-0.53177655,-0.02784575,-0.2166886,-0.44656596,-0.013607805,-0.17409344,-0.48754513,-0.06765612,-0.13838859,-0.6255066,-0.052088503,-0.105261534,-0.53413624,-0.027103323,-0.10511337,-0.45461246,-0.01765805,-0.042268377,-0.5094797,-0.07412028,-0.02103646,-0.6152315,-0.074152,-0.0065186596,-0.5306231,-0.054612756,-0.012692844,-0.44015977,-0.04413408,0.07774877,-0.51650107,-0.07607451,0.08202365,-0.7479697,-0.08434916,0.090822875,-0.8859828,-0.07771729,0.092929944,-0.99567264,-0.07254179
I,Cristhian,Right,0.0,0.0,0.0,-0.19529574,-0.122186504,0.040668868,-0.2996066,-0.29983032,0.052603062,-0.28861266,-0.48329434,0.063454814,-0.20620969,-0.5658336,0.08060024,-0.3154691,-0.4509409,-0.012298215,-0.23723835,-0.62534136,0.020226063,-0.19142741,-0.54314244,0.055267125,-0.19157837,-0.44654247,0.074935265,-0.18548569,-0.5086928,-0.02978751,-0.12325926,-0.63272876,0.01544283,-0.0893545,-0.5422776,0.041093446,-0.08788042,-0.4570092,0.045123648,-0.051991474,-0.5321268,-0.03629037,-0.01678604,-0.6277548,-0.0068859225,-0.002414255,-0.5400508,0.012072759,-0.010366788,-0.4481723,0.014172347,0.07385226,-0.5302748,-0.036062356,0.08982123,-0.7606822,-0.025874075,0.107877724,-0.8900055,-0.0138275195,0.11546168,-0.99331194,-0.007560746
I,Cristhian,Right,0.0,0.0,0.0,-0.18038878,-0.15396279,0.026663112,-0.2899934,-0.33957168,0.029258685,-0.2783978,-0.5176491,0.026218465,-0.18374695,-0.5847707,0.028730042,-0.26640946,-0.4966811,-0.0010756376,-0.18003613,-0.6426076,0.008053188,-0.14102241,-0.5539599,0.019374946,-0.15145357,-0.46288776,0.024962345,-0.14617014,-0.53305906,-0.02348507,-0.067607336,-0.64354753,-0.005361345,-0.03564165,-0.5553259,0.0031242145,-0.04295513,-0.474155,0.0017989699,-0.020108167,-0.53988254,-0.040171605,0.037596982,-0.63552684,-0.03692605,0.053563654,-0.5517825,-0.025497634,0.038053337,-0.4623873,-0.019336864,0.10645306,-0.52724075,-0.0525046,0.13058814,-0.7500255,-0.05312738,0.14738037,-0.88273734,-0.041479677,0.15165435,-0.9884336,-0.031786665
I,Cristhian,Right,0.0,0.0,0.0,-0.116147496,-0.16286781,0.0062428964,-0.15811315,-0.34765542,-0.013955485,-0.10702046,-0.49339047,-0.037629843,-0.02620183,-0.54614425,-0.05838287,-0.1913639,-0.5175168,-0.05826711,-0.018212609,-0.63378984,-0.0893918,0.03144849,-0.5624346,-0.10975946,0.021394718,-0.50152576,-0.12307299,-0.11687966,-0.56096274,-0.08251102,0.05037593,-0.63498974,-0.11249708,0.08369445,-0.53862065,-0.12542947,0.056738853,-0.460122,-0.13400885,-0.007870111,-0.5729308,-0.101212546,0.13235417,-0.67331386,-0.1293185,0.15133265,-0.58630687,-0.123485066,0.12347304,-0.5110268,-0.1145719,0.11566026,-0.5700559,-0.117646284,0.2162768,-0.7686676,-0.13453035,0.2688495,-0.87151605,-0.12315794,0.2920029,-0.95641744,-0.10970112
I,Cristhian,Right,0.0,0.0,0.0,0.1628298,-0.035761744,-0.010670454,0.30460706,-0.14045267,-0.016721744,0.3802329,-0.2577381,-0.03693944,0.34941888,-0.36087462,-0.053572215,0.2555447,-0.40003833,0.026730752,0.3028017,-0.45701745,-0.03015301,0.28856906,-0.3200853,-0.060437605,0.26613706,-0.21712641,-0.059551984,0.19582887,-0.43740824,0.0030907732,0.28632617,-0.47509053,-0.07894022,0.2597045,-0.2835656,-0.11057392,0.21132904,-0.1515256,-0.10307845,0.13229169,-0.4766798,-0.02972993,0.23237795,-0.53530586,-0.11686722,0.23722094,-0.35142982,-0.13215965,0.21324989,-0.21643099,-0.10656115,0.061007295,-0.5111407,-0.061808072,0.1431387,-0.7309684,-0.098728225,0.20950307,-0.85832417,-0.10169963,0.27273053,-0.9620905,-0.08949941
I,Cristhian,Right,0.0,0.0,0.0,0.16861306,0.043303717,-0.041624207,0.35721332,-0.008566256,-0.06211504,0.45433316,-0.12972687,-0.08860948,0.41387925,-0.26995584,-0.105952345,0.3520552,-0.36326224,-0.023209255,0.42216504,-0.42114785,-0.10029526,0.36435783,-0.24945202,-0.1323615,0.3087686,-0.13585317,-0.12943146,0.27107173,-0.42275047,-0.03560603,0.34825125,-0.45514745,-0.13765392,0.2860866,-0.24248126,-0.17065655,0.2244724,-0.11032966,-0.16077626,0.17739993,-0.4752577,-0.05927524,0.25229505,-0.49859992,-0.16367316,0.2271964,-0.28699338,-0.18209727,0.18995899,-0.14696224,-0.15562268,0.077309676,-0.5171185,-0.08360209,0.15011889,-0.72534937,-0.13530369,0.20647436,-0.8522302,-0.15058212,0.26149017,-0.96520615,-0.14500165
I,Cristhian,Right,0.0,0.0,0.0,0.17515212,0.07776871,-0.06186883,0.3736345,0.059668902,-0.09534817,0.4882578,-0.045848146,-0.1348023,0.4435122,-0.18216027,-0.16213326,0.4157878,-0.32108313,-0.03408344,0.49339134,-0.35165498,-0.13207035,0.40166032,-0.18515237,-0.17512028,0.33693948,-0.08377274,-0.17693982,0.32547396,-0.40380323,-0.044445455,0.3972757,-0.4007576,-0.16937923,0.3006227,-0.18649748,-0.20578194,0.23266125,-0.06062108,-0.19266959,0.22098875,-0.46857843,-0.07020228,0.28159517,-0.45564154,-0.19480106,0.22428437,-0.23750164,-0.21043643,0.1777577,-0.099475175,-0.17550696,0.11600556,-0.51784575,-0.09882912,0.19611484,-0.7120963,-0.15496439,0.254354,-0.8355377,-0.16592355,0.3157473,-0.9488433,-0.15466759
I,Cristhian,Right,0.0,0.0,0.0,0.19435304,-0.024284134,-0.016790407,0.35896412,-0.11698566,-0.036670312,0.4748463,-0.18019237,-0.070459016,0.56270236,-0.1957403,-0.09152025,0.37735525,-0.43714568,-0.021168128,0.4972293,-0.40507472,-0.11006067,0.43029892,-0.22445558,-0.14278294,0.35783324,-0.13734688,-0.14398311,0.29184338,-0.48557818,-0.054855093,0.41006875,-0.39153987,-0.16336806,0.34331283,-0.17246166,-0.18439877,0.28714103,-0.08717144,-0.17153399,0.18164815,-0.48900935,-0.10052976,0.280733,-0.40832204,-0.22807352,0.23933305,-0.1781115,-0.23565105,0.19654398,-0.065563716,-0.2005053,0.07717562,-0.4662839,-0.14444813,0.13378681,-0.66975987,-0.23095159,0.16831768,-0.82294726,-0.25541204,0.1981941,-0.9801628,-0.25260335
I,Cristhian,Right,0.0,0.0,0.0,0.16695021,-0.034552228,-0.04997003,0.33594683,-0.14357792,-0.07704871,0.405928,-0.2817711,-0.11165977,0.33475336,-0.3978709,-0.13695475,0.25788093,-0.47829306,-0.01851839,0.33095706,-0.55332595,-0.10528822,0.31225514,-0.38032776,-0.14561178,0.29068524,-0.257805,-0.14681606,0.15915884,-0.50526094,-0.031334464,0.23524037,-0.5498111,-0.14220822,0.22166987,-0.323361,-0.18111673,0.20159155,-0.17224367,-0.17371021,0.049846865,-0.5112446,-0.058356892,0.11920327,-0.53833085,-0.17334399,0.13827717,-0.32680872,-0.19775282,0.13925225,-0.18315446,-0.17250371,-0.057778258,-0.502229,-0.086681075,-0.045479897,-0.7179876,-0.14106113,-0.037504304,-0.86439145,-0.15689808,-0.027438875,-0.9996235,-0.15133522
I,Cristhian,Right,0.0,0.0,0.0,0.17007887,-0.07615474,-0.051673826,0.31221873,-0.29564673,-0.06011555,0.3240651,-0.5060886,-0.07215141,0.20821549,-0.57415915,-0.07531601,0.16964762,-0.55490947,0.010104516,0.19016467,-0.6773931,-0.054436788,0.19446762,-0.52208287,-0.086056635,0.19717252,-0.41235194,-0.087903105,0.07143855,-0.5506078,0.0056894557,0.09234259,-0.6804432,-0.086059354,0.117827915,-0.48294052,-0.12257744,0.12828915,-0.343722,-0.11536559,-0.034731206,-0.5327886,-0.013001631,-0.016289352,-0.6295842,-0.10880465,0.042582538,-0.45231733,-0.13272287,0.07317139,-0.32098463,-0.112599924,-0.14326201,-0.50554377,-0.0338136,-0.18920119,-0.7134545,-0.07544321,-0.21751784,-0.84770256,-0.089018136,-0.24276692,-0.97008467,-0.08566139
I,Cristhian,Right,0.0,0.0,0.0,0.16470209,-0.069905445,-0.06816919,0.3188957,-0.23145445,-0.09544591,0.33489507,-0.419627,-0.12760217,0.23573877,-0.52120626,-0.14861313,0.22145022,-0.5465812,-0.0038907505,0.24151191,-0.6345893,-0.09603549,0.22744903,-0.48309723,-0.14193904,0.21807714,-0.3745025,-0.14862622,0.10904793,-0.5572933,-0.011111651,0.1249876,-0.641641,-0.13394076,0.13847995,-0.42462674,-0.18109348,0.14342223,-0.2854171,-0.17629142,-0.0055813664,-0.53956413,-0.036514547,0.009551707,-0.59861887,-0.16661295,0.05559561,-0.39440498,-0.19395429,0.08047709,-0.25995058,-0.16781482,-0.12102408,-0.5034164,-0.065031834,-0.15703146,-0.7085171,-0.12901519,-0.18276964,-0.842781,-0.14675993,-0.2035136,-0.9790721,-0.14102899
I,Cristhian,Right,0.0,0.0,0.0,0.16487545,-0.02389218,-0.06606008,0.34151095,-0.12615818,-0.09763651,0.4000426,-0.28322887,-0.1347218,0.32460237,-0.4027326,-0.16186427,0.2693162,-0.47303572,-0.011546246,0.31784648,-0.56488466,-0.10218726,0.31453493,-0.43451568,-0.14719823,0.31020415,-0.3268074,-0.15115221,0.16706154,-0.501773,-0.018840795,0.21874517,-0.56832534,-0.14234622,0.21508215,-0.34947813,-0.19157362,0.20909049,-0.20103392,-0.1854869,0.057083216,-0.51193285,-0.0426213,0.105618805,-0.53487843,-0.17254202,0.12376104,-0.32502308,-0.20489968,0.12687966,-0.18625031,-0.1786949,-0.052418344,-0.5098355,-0.068692744,-0.041527558,-0.7190179,-0.13078381,-0.039859433,-0.86233586,-0.14856225,-0.03794584,-0.9992798,-0.14085546
I,Cristhian,Right,0.0,0.0,0.0,0.15917577,-0.0129945725,-0.07011369,0.3243136,-0.107815474,-0.10591532,0.38571414,-0.26225218,-0.14560768,0.31233507,-0.38195938,-0.17350054,0.28668064,-0.44771487,-0.024304645,0.33023518,-0.53057617,-0.12077234,0.30082726,-0.38376743,-0.16658014,0.27407902,-0.27254444,-0.17062996,0.18364298,-0.48711544,-0.029060131,0.22615947,-0.5620032,-0.155659,0.19962128,-0.33715042,-0.19978309,0.17692512,-0.19072153,-0.19017941,0.07424606,-0.509507,-0.05090229,0.10804509,-0.54411864,-0.17782149,0.11165206,-0.3344875,-0.20502764,0.105202764,-0.19709449,-0.17732482,-0.034887027,-0.5189992,-0.07589866,-0.027246688,-0.7265794,-0.13609141,-0.024762487,-0.864361,-0.15447973,-0.020180814,-0.99979633,-0.14814821
I,Cristhian,Right,0.0,0.0,0.0,0.1633288,-0.018392524,-0.07672382,0.3258102,-0.1197963,-0.11587925,0.37737492,-0.28124171,-0.15743779,0.28885838,-0.3750474,-0.18912585,0.2714775,-0.45127064,-0.032563165,0.31225437,-0.5401345,-0.12422388,0.30006954,-0.41822094,-0.16894957,0.28909433,-0.31595156,-0.17561951,0.16819917,-0.49169654,-0.034526017,0.2125645,-0.55294305,-0.16128933,0.19197619,-0.33037722,-0.20632336,0.1712502,-0.18148997,-0.19884877,0.061304644,-0.51294774,-0.053140327,0.094440654,-0.54778075,-0.18149313,0.1001134,-0.33746564,-0.21049757,0.094309196,-0.19612019,-0.184756,-0.044035506,-0.5192034,-0.07564736,-0.03991668,-0.7261433,-0.13733494,-0.037733413,-0.86410785,-0.15802892,-0.034738135,-0.99939644,-0.15481892
I,Cristhian,Right,0.0,0.0,0.0,0.17112409,-0.0019272134,-0.05318186,0.34375572,-0.11118345,-0.07402526,0.40901902,-0.27196324,-0.09903252,0.33093113,-0.39086396,-0.11420434,0.29763502,-0.4458422,-0.015883798,0.34812,-0.523836,-0.09514773,0.30658174,-0.36624837,-0.13230821,0.2743274,-0.25553823,-0.13529634,0.19813131,-0.4839316,-0.02470417,0.25841713,-0.56073314,-0.1290852,0.22274257,-0.35092348,-0.16562873,0.19203754,-0.21283923,-0.15816045,0.08971406,-0.50541186,-0.04745723,0.13522683,-0.5396819,-0.16006902,0.13468492,-0.34246784,-0.1861828,0.12524755,-0.21147107,-0.1641746,-0.017642194,-0.5160906,-0.071242206,-0.00045861866,-0.7298389,-0.12657352,0.006391475,-0.8696179,-0.14286332,0.012808472,-0.999918,-0.13875176
I,Cristhian,Right,0.0,0.0,0.0,0.16914952,0.001572262,-0.056546655,0.35121852,-0.09197628,-0.081799045,0.4328091,-0.24397181,-0.11156943,0.36420277,-0.36578092,-0.13089517,0.31404305,-0.41564927,-0.02042337,0.37340218,-0.49762264,-0.105506875,0.332806,-0.3345394,-0.14446428,0.29738858,-0.21708886,-0.14546913,0.22053522,-0.46105722,-0.028985165,0.2833806,-0.5212827,-0.13966309,0.24878259,-0.31470558,-0.18044935,0.21769413,-0.17500131,-0.17395784,0.11696149,-0.4947977,-0.05206386,0.17085835,-0.5275968,-0.16566943,0.17421223,-0.33335674,-0.19580112,0.16671602,-0.19946438,-0.1755555,0.013237378,-0.5179839,-0.0768179,0.04035858,-0.7301987,-0.12842202,0.054662842,-0.87068254,-0.14536579,0.070472844,-0.9975137,-0.14162867
I,Cristhian,Right,0.0,0.0,0.0,0.17279147,0.0066435602,-0.047452137,0.34731692,-0.08612246,-0.068338186,0.4300854,-0.22603981,-0.0958175,0.3707746,-0.34983227,-0.11322837,0.31029707,-0.40542233,-0.014333032,0.3776785,-0.49364316,-0.09828163,0.33757615,-0.33030108,-0.13575833,0.29582432,-0.20984787,-0.13467307,0.22154664,-0.45189357,-0.024921509,0.28795964,-0.50729203,-0.13431922,0.24951774,-0.29588407,-0.17275415,0.21475744,-0.15421769,-0.16430756,0.11972305,-0.48979005,-0.049429733,0.17501305,-0.52675474,-0.16045849,0.1727321,-0.32763344,-0.18559137,0.16166757,-0.18890788,-0.1617312,0.01569676,-0.5177715,-0.07525258,0.047082346,-0.73144895,-0.12753466,0.0663662,-0.87045735,-0.14376202,0.08945896,-0.9959905,-0.13863635
I,Cristhian,Right,0.0,0.0,0.0,0.17104068,0.012934256,-0.056763697,0.34801653,-0.07063214,-0.08462731,0.42830592,-0.2193763,-0.116751,0.36634925,-0.3500628,-0.13775024,0.31694254,-0.38835028,-0.02896802,0.3794963,-0.47968677,-0.11860197,0.3326846,-0.3113758,-0.15888621,0.29051128,-0.19452478,-0.16005577,0.22565521,-0.434571,-0.038326923,0.28931275,-0.5131168,-0.15550555,0.2544373,-0.30478746,-0.19782315,0.22061552,-0.16572483,-0.19117184,0.124706335,-0.47684154,-0.061882693,0.17635114,-0.53108686,-0.17755756,0.1804033,-0.3331938,-0.20658305,0.17236301,-0.19770099,-0.18514232,0.022652829,-0.5111561,-0.08723407,0.052552816,-0.726057,-0.14062253,0.07449121,-0.86600083,-0.15927334,0.09712218,-0.99527246,-0.1564608
I,Cristhian,Right,0.0,0.0,0.0,0.16409539,0.007934656,-0.041709695,0.33784086,-0.066633515,-0.06289666,0.42149493,-0.189266,-0.09136208,0.37690425,-0.31054318,-0.11041839,0.30596077,-0.39825517,-0.018268945,0.36390775,-0.4550943,-0.099191725,0.3236004,-0.29064533,-0.1368884,0.29248962,-0.17445262,-0.13770726,0.22230184,-0.44334045,-0.03192545,0.2930872,-0.4667556,-0.13680112,0.25924072,-0.25888443,-0.17390712,0.22750749,-0.12254966,-0.16718477,0.12652104,-0.47534907,-0.05781625,0.19071221,-0.49130273,-0.16674808,0.18965927,-0.2976051,-0.19180156,0.17740731,-0.16474421,-0.16904646,0.0296557,-0.49552482,-0.08424938,0.06689564,-0.7150746,-0.13746296,0.090694785,-0.86554205,-0.15466142,0.11305441,-0.9935888,-0.15015253
I,Cristhian,Right,0.0,0.0,0.0,0.17343222,0.021421913,-0.055325326,0.355183,-0.05315637,-0.08519709,0.44135645,-0.18605797,-0.121253386,0.38141277,-0.30654785,-0.1464248,0.3400242,-0.40171057,-0.02430379,0.40281945,-0.45887738,-0.117518865,0.34529626,-0.29285988,-0.16225426,0.30058008,-0.18162622,-0.16651668,0.24134791,-0.45493895,-0.03698706,0.30777436,-0.475948,-0.15846205,0.25909585,-0.2634012,-0.20283143,0.21838494,-0.12723242,-0.19696511,0.13359742,-0.49062747,-0.06424315,0.18826935,-0.49845806,-0.18464339,0.17886208,-0.29502726,-0.21326263,0.16304727,-0.15876554,-0.1898795,0.029308178,-0.510051,-0.09336732,0.067808814,-0.71638864,-0.14911383,0.09111047,-0.8609756,-0.16666375,0.11568811,-0.9932856,-0.16183671
I,Cristhian,Right,0.0,0.0,0.0,0.1662485,-0.07033851,-0.038144127,0.31819028,-0.20362824,-0.05700316,0.3799628,-0.34918547,-0.08210904,0.3120663,-0.4483225,-0.10118831,0.2249816,-0.4738006,-0.012496754,0.2838543,-0.5453921,-0.08230699,0.2924048,-0.40255964,-0.12113045,0.28851834,-0.29766917,-0.1282448,0.13477771,-0.49314713,-0.028563585,0.20314385,-0.55920357,-0.11870593,0.22396806,-0.39227802,-0.16195746,0.22122855,-0.26548606,-0.16737348,0.03428471,-0.49950632,-0.056103792,0.10457847,-0.54425526,-0.15502854,0.15344414,-0.3832841,-0.19282046,0.1688629,-0.25764528,-0.18690602,-0.06472175,-0.49253136,-0.083906926,-0.06519127,-0.7115358,-0.13397554,-0.06394435,-0.86491823,-0.157074,-0.0638373,-0.9979603,-0.16341168
I,Cristhian,Right,0.0,0.0,0.0,0.14759204,-0.09550119,-0.04200556,0.2549703,-0.27359647,-0.061056852,0.2913903,-0.43611228,-0.085007116,0.21500446,-0.512987,-0.10230421,0.1422854,-0.4973339,-0.014943487,0.18872236,-0.5698689,-0.079185076,0.20000444,-0.4347475,-0.11310092,0.20186923,-0.3330273,-0.11926047,0.051798988,-0.50138026,-0.025785644,0.11174987,-0.57739246,-0.11186652,0.1373257,-0.39949656,-0.14573374,0.1459152,-0.26798552,-0.14500391,-0.046791144,-0.49236274,-0.048632808,0.016645065,-0.5845195,-0.14099123,0.08902241,-0.442597,-0.16883571,0.12990445,-0.31591403,-0.15840988,-0.14167473,-0.47002673,-0.072683856,-0.17807956,-0.6960724,-0.12363407,-0.20469882,-0.84754634,-0.14775051,-0.22045147,-0.97539794,-0.15542707
I,Cristhian,Right,0.0,0.0,0.0,0.13352996,-0.12447801,-0.016973954,0.21391235,-0.33473265,-0.01984386,0.23904139,-0.48970738,-0.032346215,0.17169069,-0.5505786,-0.039147887,0.06290619,-0.54041606,0.011209414,0.09112065,-0.6485813,-0.04599316,0.14548874,-0.5157932,-0.07572202,0.17593952,-0.403744,-0.0767572,-0.011271245,-0.51881695,-0.008783961,0.04521229,-0.61863214,-0.09108342,0.11323977,-0.43882233,-0.1256181,0.14211516,-0.2993172,-0.122703105,-0.093093954,-0.4906492,-0.0386871,-0.028210388,-0.5850182,-0.12826246,0.0652448,-0.44680297,-0.1553334,0.11192774,-0.32732806,-0.1407829,-0.17503229,-0.4542342,-0.0672848,-0.21385731,-0.68556964,-0.11316238,-0.23384103,-0.8366126,-0.13086842,-0.24757554,-0.9688686,-0.13170454
I,Cristhian,Right,0.0,0.0,0.0,0.12511538,-0.13760607,-0.009658029,0.18311375,-0.3756335,-0.006576539,0.19685467,-0.5503522,-0.0148796905,0.1217714,-0.60673267,-0.018705042,0.020946018,-0.5469328,0.015358974,0.03432551,-0.67252576,-0.037781954,0.10683786,-0.55067366,-0.063502125,0.15150449,-0.44722325,-0.061276946,-0.049468353,-0.5174963,-0.007809031,-0.0004593445,-0.6340519,-0.08810696,0.09063121,-0.47269323,-0.121378064,0.13361664,-0.34219933,-0.11617391,-0.12554932,-0.47978714,-0.039226517,-0.06433906,-0.5949908,-0.12820561,0.04796048,-0.47368664,-0.15290716,0.10663262,-0.36220416,-0.13493368,-0.20576893,-0.43559042,-0.068253316,-0.2587267,-0.6699274,-0.110091664,-0.27912676,-0.82331395,-0.12050548,-0.28972727,-0.9571093,-0.11471426
I,Cristhian,Right,0.0,0.0,0.0,0.103999786,-0.17879553,0.006919677,0.13304633,-0.40193322,0.013300976,0.13817935,-0.55315053,0.0034474984,0.08677029,-0.62315136,-0.0008407801,-0.040521383,-0.5618942,0.034071434,-0.016413158,-0.66605175,-0.021616135,0.06395897,-0.5511527,-0.048004035,0.114943966,-0.43950105,-0.043252967,-0.09747329,-0.5250315,0.0028122377,-0.03357575,-0.64513856,-0.080638364,0.06675594,-0.49874848,-0.11395588,0.112853535,-0.3664329,-0.10767714,-0.15690166,-0.4819178,-0.03635662,-0.082719535,-0.62117016,-0.12805945,0.029756898,-0.49632367,-0.14744624,0.08217789,-0.37197936,-0.12421784,-0.21789013,-0.42751485,-0.07249391,-0.2787079,-0.6511165,-0.12028195,-0.30549115,-0.80799663,-0.13210991,-0.32449728,-0.9458866,-0.12515628
I,Cristhian,Right,0.0,0.0,0.0,0.16179313,-0.12647448,-0.052488435,0.19736198,-0.35834843,-0.07893103,0.15687144,-0.5585654,-0.10275915,0.07278938,-0.6524358,-0.1256078,0.08314129,-0.55477446,-0.0778218,0.013421393,-0.6819787,-0.158511,0.009170629,-0.60340255,-0.20512664,0.01563441,-0.5459618,-0.22227696,-0.028833397,-0.56885076,-0.0802376,-0.099515006,-0.67473453,-0.1572007,-0.0689826,-0.5986998,-0.18149227,-0.054546755,-0.5398836,-0.18750401,-0.12484255,-0.55068845,-0.090835564,-0.16760117,-0.69178843,-0.16703765,-0.111426875,-0.60388535,-0.1687869,-0.07768653,-0.5198477,-0.15159784,-0.18976815,-0.5115602,-0.10420356,-0.14387196,-0.7555739,-0.1530793,-0.06968916,-0.8926778,-0.15383585,-0.014917346,-0.9998887,-0.1442699
I,Cristhian,Right,0.0,0.0,0.0,-0.18166533,-0.11712694,0.007202362,-0.2776647,-0.28805846,-0.009735107,-0.2601651,-0.46028185,-0.02584026,-0.17893168,-0.54428995,-0.03340967,-0.30505446,-0.43487465,-0.07024151,-0.23037015,-0.6201875,-0.08230933,-0.18007104,-0.53092164,-0.07114924,-0.18757918,-0.43029845,-0.063017905,-0.18350805,-0.4780217,-0.08860239,-0.113221936,-0.6169711,-0.08825503,-0.073306866,-0.51940244,-0.07309344,-0.08618266,-0.43856937,-0.071258105,-0.05183646,-0.4939177,-0.10069946,0.0016877486,-0.60741836,-0.112353355,0.020547006,-0.5092438,-0.09235079,0.003664939,-0.4112713,-0.08123084,0.07659443,-0.49732208,-0.10951392,0.09897649,-0.735276,-0.12821953,0.12346381,-0.87654835,-0.12240935,0.13527168,-0.99080855,-0.1168055
I,Cristhian,Right,0.0,0.0,0.0,-0.18847479,-0.11869925,0.027559305,-0.29267615,-0.2848256,0.027640568,-0.29658505,-0.46591905,0.031326108,-0.22125177,-0.5651175,0.043534648,-0.28953087,-0.43779433,-0.07424685,-0.25208044,-0.6241784,-0.062227122,-0.21223351,-0.54714173,-0.021521313,-0.20965311,-0.4528401,0.0052977987,-0.15793413,-0.48634604,-0.08977796,-0.13653664,-0.64063066,-0.06883176,-0.10292926,-0.5491491,-0.029733272,-0.095453866,-0.46690384,-0.013052719,-0.027177867,-0.506716,-0.09414402,-0.019936357,-0.6197732,-0.08579429,-0.0109687075,-0.5305732,-0.05480344,-0.014263534,-0.43631727,-0.04178317,0.09139938,-0.5050767,-0.09228554,0.10341386,-0.7439792,-0.10943863,0.11739286,-0.8823555,-0.107295915,0.12344664,-0.99235123,-0.10534545
I,Cristhian,Right,0.0,0.0,0.0,-0.20220017,-0.07574215,0.018800482,-0.3390289,-0.22217597,0.013311632,-0.38736963,-0.41114038,0.024292573,-0.3354882,-0.5118892,0.046126846,-0.2905887,-0.40012646,-0.14786012,-0.283897,-0.5868444,-0.11117546,-0.25555503,-0.49404958,-0.04409828,-0.24666885,-0.40922502,-0.008816326,-0.15097497,-0.45799038,-0.14978178,-0.1766181,-0.60896134,-0.10573381,-0.16029412,-0.5104432,-0.039518237,-0.1454109,-0.42663598,-0.015360286,-0.030624079,-0.4852883,-0.1338668,-0.07053392,-0.59240884,-0.09298989,-0.06515364,-0.5021345,-0.04255259,-0.04979202,-0.40796944,-0.032836422,0.070713535,-0.49811727,-0.1123657,0.06451394,-0.73282224,-0.13241814,0.06478455,-0.88290817,-0.14451025,0.06636717,-0.9977953,-0.1602403
I,Cristhian,Left,0.0,0.0,0.0,0.11715767,-0.20642164,-0.009267676,0.112762265,-0.4225475,-0.01048745,0.044097792,-0.5478825,-0.008021348,-0.037850983,-0.5722367,-0.011764769,-0.038036495,-0.531938,-0.0352578,0.08295704,-0.7454528,-0.05547041,0.14277193,-0.8815327,-0.08078455,0.17056306,-0.98534673,-0.10258636,-0.14815657,-0.5228286,-0.030380592,-0.08492905,-0.6460992,-0.034529008,-0.05186127,-0.58436334,-0.038152903,-0.05934476,-0.5105485,-0.046884213,-0.21640463,-0.4720699,-0.021982983,-0.1704476,-0.6005143,-0.0247108,-0.12052263,-0.5499083,-0.002987645,-0.110010706,-0.47493508,0.007944485,-0.25192547,-0.40732762,-0.01331754,-0.2290042,-0.5328625,-0.021131212,-0.17585881,-0.5054581,0.0014762379,-0.15303144,-0.44383883,0.02195246
I,Cristhian,Right,0.0,0.0,0.0,0.1435961,-0.10066386,-0.0037253117,0.22388674,-0.2539728,-0.008651515,0.28159046,-0.3611594,-0.030722298,0.29693258,-0.46643323,-0.0508584,0.10197604,-0.5002176,0.024087047,0.14624073,-0.65660006,-0.0055578575,0.1649366,-0.7387846,-0.01503649,0.16878785,-0.8059382,-0.013885949,0.05111941,-0.5131071,-0.008685051,0.20112357,-0.5715366,-0.10165041,0.24053332,-0.39956164,-0.12884365,0.23521504,-0.2734134,-0.11622532,0.004332275,-0.51306003,-0.04672524,0.15996131,-0.5817334,-0.14432487,0.20349507,-0.40932295,-0.14625774,0.19947387,-0.28576595,-0.10891027,-0.036047146,-0.5073701,-0.08465722,0.034327332,-0.73398006,-0.13582468,0.079666704,-0.87089103,-0.13268586,0.11808502,-0.9930035,-0.11081912
I,Cristhian,Right,0.0,0.0,0.0,0.15134004,-0.059321057,-0.032781363,0.2609007,-0.19295384,-0.05316126,0.32221463,-0.3193375,-0.082893975,0.2889346,-0.42735952,-0.111806065,0.1981039,-0.45891723,-0.012843138,0.21132703,-0.7025929,-0.052124828,0.2229114,-0.8574172,-0.06420706,0.22979625,-0.97323877,-0.0629314,0.12959878,-0.465485,-0.033568818,0.2230989,-0.5164508,-0.14525439,0.21849969,-0.32999834,-0.17774121,0.19401754,-0.19644928,-0.1615544,0.063270934,-0.46538463,-0.060863305,0.15215419,-0.5060348,-0.17361823,0.18132356,-0.34506065,-0.18373302,0.18129708,-0.22724801,-0.14839692,-0.0043597873,-0.46039551,-0.08913143,0.018162468,-0.6861128,-0.14249946,0.04921653,-0.8149232,-0.142284,0.08487918,-0.9233211,-0.12422851
I,Cristhian,Right,0.0,0.0,0.0,0.16891558,0.008646769,-0.041710347,0.3523449,-0.09887195,-0.055212054,0.4305473,-0.24322036,-0.07469581,0.37705585,-0.36439103,-0.08430622,0.29993737,-0.41261283,-0.009161552,0.356482,-0.48958093,-0.08414054,0.32232904,-0.31501985,-0.1138205,0.28442663,-0.19133285,-0.1076627,0.21683142,-0.45454875,-0.018836748,0.2800568,-0.5089418,-0.12225096,0.2480812,-0.29567814,-0.15830576,0.20950092,-0.15381995,-0.14758316,0.12316546,-0.49101618,-0.04107698,0.18508781,-0.53280526,-0.14567909,0.19383784,-0.33070174,-0.17125027,0.18201269,-0.19025111,-0.14807354,0.024706366,-0.5182608,-0.06383895,0.061559975,-0.73450834,-0.11266399,0.08846549,-0.870956,-0.12976918,0.11535999,-0.99332374,-0.12535733
I,Cristhian,Right,0.0,0.0,0.0,0.1721516,0.014896689,-0.044789117,0.35603142,-0.08259631,-0.060820356,0.4396886,-0.2258356,-0.082936935,0.3879111,-0.3504437,-0.09424569,0.30988976,-0.4077206,-0.013765963,0.36724877,-0.49229282,-0.094869204,0.32821566,-0.31162512,-0.1274858,0.2901755,-0.18678805,-0.122761115,0.22378834,-0.44812226,-0.024234539,0.2885597,-0.51068425,-0.13247323,0.25517902,-0.29470435,-0.1683336,0.22013633,-0.15372176,-0.157705,0.12742434,-0.48191357,-0.048045788,0.18726209,-0.52753,-0.15798542,0.18638074,-0.3217298,-0.18080217,0.17162186,-0.18210275,-0.15502056,0.02792632,-0.50737417,-0.07308636,0.07119744,-0.72275335,-0.12600939,0.10157984,-0.8645658,-0.14375,0.13177058,-0.99128026,-0.13928352
I,Cristhian,Right,0.0,0.0,0.0,0.1751211,0.03146482,-0.062184192,0.3638871,-0.038209226,-0.09153188,0.45527026,-0.17378011,-0.12521698,0.40033183,-0.3077015,-0.14679006,0.34118646,-0.38577685,-0.030389957,0.41048643,-0.45332012,-0.12170966,0.3559225,-0.28285512,-0.16007374,0.3068699,-0.1623421,-0.15774709,0.25061834,-0.44298995,-0.03600698,0.31544322,-0.46999136,-0.1567883,0.2626746,-0.25547767,-0.1975588,0.21544948,-0.11586287,-0.18770806,0.14970776,-0.48414415,-0.056464683,0.2053536,-0.5046028,-0.17575862,0.18838269,-0.29797393,-0.20092149,0.16424856,-0.15881103,-0.1738009,0.048463885,-0.5115807,-0.079601154,0.09500329,-0.7199869,-0.13492094,0.12800707,-0.8599257,-0.15262373,0.16119967,-0.9869218,-0.14659543
I,Cristhian,Right,0.0,0.0,0.0,0.16833462,0.035596546,-0.056682292,0.3528697,-0.02294324,-0.083338946,0.43816242,-0.15783653,-0.11362693,0.39704603,-0.3016497,-0.13308008,0.34313422,-0.35820186,-0.034545343,0.4043997,-0.42895612,-0.12306449,0.3446416,-0.25829798,-0.15975745,0.29187053,-0.14269948,-0.15772626,0.25427336,-0.41572616,-0.04140429,0.31622642,-0.47101095,-0.15614024,0.26014593,-0.25609562,-0.19260457,0.21063389,-0.11761592,-0.18237375,0.15321404,-0.46517223,-0.061923675,0.20522955,-0.50469774,-0.17727506,0.18535589,-0.29537112,-0.19931181,0.1599758,-0.15550973,-0.17277329,0.047561683,-0.5043585,-0.08407604,0.09551589,-0.71734065,-0.1420628,0.12828662,-0.85680646,-0.16052198,0.16177289,-0.986828,-0.15598558
I,Cristhian,Right,0.0,0.0,0.0,0.17656142,0.047001354,-0.046892848,0.36382136,-0.026747737,-0.059666723,0.45043623,-0.17698403,-0.07818294,0.4051446,-0.32039988,-0.08764331,0.36021918,-0.3378407,0.002195529,0.42214248,-0.41698837,-0.078427926,0.35624942,-0.2753709,-0.11675293,0.29674834,-0.16307694,-0.11722347,0.27578217,-0.40712723,-0.005686213,0.33962035,-0.4925367,-0.112973265,0.2713551,-0.29986772,-0.15218735,0.21502943,-0.16033798,-0.14240049,0.1772714,-0.46688575,-0.027988352,0.22524005,-0.5266279,-0.13639715,0.19400567,-0.33051506,-0.15776497,0.16438086,-0.19134851,-0.1307273,0.071773335,-0.51497954,-0.05178904,0.1262587,-0.72269595,-0.10314841,0.15844867,-0.85744226,-0.11728463,0.19225009,-0.98134595,-0.11018226
I,Cristhian,Right,0.0,0.0,0.0,0.17057782,0.032849655,-0.0598528,0.35829484,-0.059559625,-0.078512795,0.44474438,-0.22064984,-0.097584724,0.3865039,-0.35850865,-0.10598298,0.31971884,-0.40889025,-0.02203075,0.39103696,-0.46334967,-0.09588585,0.33468655,-0.30164695,-0.12532249,0.28503346,-0.19432393,-0.123166345,0.229264,-0.4629784,-0.024705797,0.30383128,-0.513459,-0.122030325,0.24428049,-0.31235433,-0.1520146,0.19546945,-0.18514122,-0.14233148,0.12597382,-0.50433904,-0.04232004,0.18998495,-0.53464097,-0.14734952,0.16775624,-0.3332242,-0.1686925,0.13962969,-0.19411153,-0.14716177,0.018833676,-0.5304444,-0.062465556,0.069076605,-0.7367915,-0.11855702,0.10568179,-0.8731964,-0.14130576,0.13894792,-0.9902997,-0.14372398
I,Cristhian,Right,0.0,0.0,0.0,0.16198914,-0.086085334,-0.044640962,0.2957337,-0.25739652,-0.06436913,0.33851403,-0.42546076,-0.08924117,0.2518891,-0.51273525,-0.107762665,0.16481887,-0.5052642,-0.016559733,0.20920306,-0.59686744,-0.08903438,0.2224194,-0.43680352,-0.12785439,0.21673839,-0.31284717,-0.13234174,0.075974874,-0.5150925,-0.025148839,0.1282241,-0.60716647,-0.117943846,0.15278314,-0.412379,-0.15762842,0.1562804,-0.26271498,-0.15675461,-0.022414286,-0.5133671,-0.045388743,0.02852758,-0.6055469,-0.13878407,0.08797379,-0.44304505,-0.16646464,0.11640646,-0.3058227,-0.1519421,-0.12377116,-0.49595913,-0.06701444,-0.14422983,-0.7214463,-0.11134175,-0.1585396,-0.86648077,-0.12886187,-0.16790853,-0.9858026,-0.12918095
I,Cristhian,Right,0.0,0.0,0.0,0.15513423,-0.115998715,-0.041435484,0.26339185,-0.32563126,-0.053877674,0.2733497,-0.50066435,-0.07241625,0.17485566,-0.5672888,-0.085264966,0.09736185,-0.5352735,-0.0010141634,0.12993072,-0.639427,-0.07080663,0.1667274,-0.49725074,-0.11039654,0.18345371,-0.37038532,-0.11525704,0.0071797264,-0.5267803,-0.009975105,0.051176757,-0.6329765,-0.10186413,0.09810871,-0.4506439,-0.1442951,0.11906064,-0.29824802,-0.14354314,-0.09256474,-0.50414705,-0.031544685,-0.0472867,-0.5994474,-0.12922785,0.029360058,-0.4494512,-0.16261779,0.07267086,-0.31589988,-0.148432,-0.19290513,-0.46472883,-0.05381733,-0.2429507,-0.68767196,-0.10361025,-0.27692476,-0.8330965,-0.12584946,-0.30075443,-0.9537016,-0.12762554
I,Cristhian,Right,0.0,0.0,0.0,0.15699434,-0.090404786,-0.047332518,0.28412217,-0.2809483,-0.06395692,0.31381413,-0.4561408,-0.08742568,0.2250133,-0.5453508,-0.102514386,0.16048497,-0.55731535,-0.005971719,0.19132449,-0.6681348,-0.0849445,0.20297171,-0.49115434,-0.12375576,0.2016682,-0.36212167,-0.12473959,0.06000635,-0.5479966,-0.015157797,0.09729751,-0.6366725,-0.11403554,0.12510963,-0.4178901,-0.15031688,0.12901564,-0.26967248,-0.14315352,-0.048176363,-0.5169057,-0.03846737,-0.013091271,-0.5943872,-0.14105141,0.044047114,-0.4063487,-0.16127753,0.071566075,-0.26734614,-0.13651875,-0.15501224,-0.47293845,-0.06317806,-0.19094653,-0.70084006,-0.11113489,-0.21212824,-0.8441298,-0.12320978,-0.22891161,-0.9734472,-0.116052315
I,Cristhian,Right,0.0,0.0,0.0,0.1656175,-0.089662954,-0.06428727,0.31371716,-0.27088785,-0.09550484,0.35313034,-0.44912082,-0.13282022,0.2532073,-0.5190908,-0.15965344,0.1610213,-0.5684803,-0.025417874,0.20719992,-0.6736311,-0.12143868,0.21903718,-0.49545547,-0.16773689,0.21421896,-0.36277446,-0.17143099,0.055149186,-0.5589273,-0.033711802,0.10486407,-0.6420747,-0.15560175,0.13940728,-0.4087034,-0.19864622,0.14737323,-0.25011116,-0.1909775,-0.05470689,-0.52487576,-0.05840023,-0.00514215,-0.5814931,-0.18209581,0.05736062,-0.37284392,-0.20733,0.082610674,-0.22680691,-0.17957596,-0.1603699,-0.47900352,-0.08605326,-0.19448932,-0.6954223,-0.14374784,-0.21651076,-0.8360835,-0.16071533,-0.23814955,-0.9712285,-0.15496095
I,Cristhian,Right,0.0,0.0,0.0,0.16521598,-0.08100233,-0.03194327,0.3108749,-0.25355357,-0.04524171,0.36783943,-0.4177628,-0.06793247,0.2910603,-0.5073403,-0.08248768,0.1677642,-0.53885067,-0.0037898729,0.22262067,-0.63586843,-0.07657133,0.23609124,-0.46151116,-0.11227278,0.22949933,-0.32933465,-0.11293154,0.07991379,-0.5377856,-0.019580243,0.13440853,-0.6215993,-0.11366323,0.16782409,-0.41032532,-0.14880732,0.1719085,-0.2593111,-0.14258455,-0.01996657,-0.5179972,-0.0471073,0.03883267,-0.5737036,-0.14444742,0.096429706,-0.39060432,-0.1676363,0.113718405,-0.2546719,-0.14665905,-0.120714396,-0.48524904,-0.07499364,-0.14204647,-0.706441,-0.124156535,-0.15697674,-0.8559315,-0.1417145,-0.17206097,-0.9850863,-0.13895525
I,Cristhian,Right,0.0,0.0,0.0,0.15397215,-0.06090331,-0.04123486,0.30219883,-0.22175348,-0.0594427,0.3507557,-0.38503554,-0.084814124,0.27686387,-0.49560663,-0.10153827,0.18632376,-0.5262684,-0.012500783,0.22619808,-0.6324745,-0.08751192,0.23135573,-0.45600662,-0.121527016,0.22527643,-0.32143006,-0.12040338,0.09408644,-0.52731204,-0.026306266,0.14267276,-0.62144905,-0.12567526,0.16624935,-0.4079578,-0.1628977,0.1682005,-0.25193712,-0.15680428,-0.008075422,-0.516065,-0.052378695,0.045178507,-0.58522815,-0.15438578,0.096604526,-0.39246267,-0.17939755,0.1167224,-0.2507885,-0.1588699,-0.11227848,-0.49308437,-0.07913756,-0.124053836,-0.7135176,-0.12682831,-0.12603287,-0.8599841,-0.142961,-0.1263252,-0.9919889,-0.14005736
I,Cristhian,Right,0.0,0.0,0.0,0.15607935,-0.04215957,-0.04527422,0.31360847,-0.18952753,-0.064875,0.37267685,-0.34464806,-0.09166221,0.30456293,-0.45815352,-0.10890091,0.2180385,-0.488939,-0.015527055,0.26262942,-0.5880473,-0.10129704,0.25466752,-0.40505368,-0.13859327,0.23870805,-0.2684343,-0.13602419,0.12590942,-0.50562817,-0.026704898,0.18356109,-0.5861014,-0.13885687,0.18518604,-0.35953403,-0.17464133,0.16922203,-0.20161481,-0.16221535,0.023346081,-0.5100799,-0.051869996,0.08083657,-0.5773114,-0.16222388,0.117111705,-0.3777474,-0.18385191,0.12687494,-0.23488608,-0.1561908,-0.08190664,-0.50250363,-0.07838319,-0.075481445,-0.72503245,-0.1312952,-0.06760379,-0.868967,-0.14875077,-0.05759935,-0.9983398,-0.14332046
I,Cristhian,Right,0.0,0.0,0.0,0.1607694,-0.033871118,-0.042915862,0.31719455,-0.17249787,-0.059327938,0.3796818,-0.32486197,-0.083137654,0.32053658,-0.44249427,-0.09837161,0.24499002,-0.4648071,-0.011323446,0.29323342,-0.5740014,-0.091097824,0.27763805,-0.42383865,-0.12703568,0.2552232,-0.30250055,-0.12508485,0.14963053,-0.4940967,-0.022597596,0.20515235,-0.56398153,-0.12918541,0.20102671,-0.34981623,-0.16572417,0.18469004,-0.19463275,-0.15517607,0.042906985,-0.5092115,-0.047032185,0.10008393,-0.5577475,-0.15530555,0.12721583,-0.36285853,-0.17796566,0.13347165,-0.22034334,-0.15129331,-0.065973885,-0.51096666,-0.07234272,-0.05320747,-0.7360938,-0.123720914,-0.04350046,-0.87772465,-0.13765754,-0.027999949,-0.9996079,-0.12934391
I,Cristhian,Right,0.0,0.0,0.0,0.16646332,-0.04087445,-0.04336814,0.32035252,-0.17724434,-0.058918346,0.37682295,-0.32870075,-0.0805834,0.32207134,-0.44842902,-0.09343775,0.23310816,-0.46401134,-0.010101246,0.27719262,-0.5621894,-0.09042709,0.26715332,-0.38813135,-0.12764668,0.24625795,-0.25226867,-0.12545808,0.14363877,-0.487548,-0.019135226,0.1975188,-0.5747633,-0.120770015,0.19411238,-0.36749545,-0.15769143,0.17813629,-0.21547553,-0.14841838,0.0418572,-0.50417614,-0.04164287,0.098042555,-0.56337875,-0.14588153,0.12949541,-0.375995,-0.17278543,0.13919736,-0.23451929,-0.15000087,-0.06360311,-0.5099766,-0.06488173,-0.04777366,-0.7357527,-0.11556149,-0.03308554,-0.87922084,-0.13385858,-0.014316513,-0.99989754,-0.12951997
I,Cristhian,Right,0.0,0.0,0.0,0.16444016,-0.04399185,-0.039538834,0.3112437,-0.19425514,-0.04761842,0.37820792,-0.33576646,-0.06343289,0.37159488,-0.47719815,-0.07015779,0.2277443,-0.4693598,0.00064287323,0.26560333,-0.56992656,-0.07780764,0.26543757,-0.40486225,-0.115560435,0.2537856,-0.26939085,-0.11348549,0.13721566,-0.4907726,-0.008561793,0.18375753,-0.575684,-0.1097724,0.19281372,-0.3782644,-0.14848855,0.18642065,-0.22883992,-0.14092448,0.03559095,-0.5058248,-0.031730436,0.083661355,-0.5736011,-0.13414402,0.12060116,-0.38965857,-0.15960613,0.13545181,-0.2476385,-0.1365556,-0.06906396,-0.5117013,-0.055982944,-0.056991637,-0.73743206,-0.10670235,-0.043727156,-0.88143456,-0.124453045,-0.024936369,-0.99968904,-0.11916126
I,Cristhian,Right,0.0,0.0,0.0,0.16454104,-0.039590873,-0.041668475,0.31770062,-0.1994607,-0.04979008,0.38346875,-0.36160925,-0.06407737,0.35335952,-0.49968186,-0.069412306,0.23220685,-0.46864542,-0.005099686,0.27670455,-0.5747758,-0.08562369,0.26802054,-0.4111027,-0.12145775,0.24821067,-0.27919972,-0.11729917,0.13956913,-0.49386048,-0.01350332,0.19316687,-0.58942485,-0.11634016,0.19271524,-0.3869017,-0.15090987,0.17835595,-0.23604885,-0.13828543,0.036315855,-0.51184994,-0.035960123,0.08995239,-0.5709721,-0.14103512,0.12142793,-0.37858623,-0.16247281,0.13215874,-0.23535752,-0.13435495,-0.071044974,-0.51924545,-0.05929965,-0.054576818,-0.74515384,-0.10913473,-0.03376163,-0.8839097,-0.123028286,-0.005880089,-0.9999827,-0.1142551
I,Cristhian,Right,0.0,0.0,0.0,0.2010331,-0.063758306,-0.05168825,0.3823611,-0.2766918,-0.06062597,0.44927257,-0.4755305,-0.08225722,0.4386341,-0.6644962,-0.09359819,0.2692917,-0.6234613,0.014822383,0.32878208,-0.76887876,-0.09271413,0.31828165,-0.5704076,-0.14324477,0.29421374,-0.39532727,-0.13845062,0.14326517,-0.64587533,0.001337114,0.22310281,-0.79673266,-0.13590765,0.22923115,-0.5497193,-0.18676737,0.2196561,-0.3430324,-0.16948663,0.0069262795,-0.64691305,-0.03029607,0.0780523,-0.70032096,-0.17248204,0.112062916,-0.4321897,-0.19604611,0.13101979,-0.22984578,-0.15156041,-0.13161701,-0.63043964,-0.06335092,-0.10572895,-0.86986476,-0.12667857,-0.023562988,-0.95449185,-0.1276343,0.07304452,-0.9973287,-0.099039644
I,Cristhian,Right,0.0,0.0,0.0,0.18435958,-0.047070567,-0.045542203,0.35194898,-0.24658677,-0.050589543,0.42542154,-0.4265518,-0.06536118,0.4133972,-0.5958092,-0.07303895,0.25683796,-0.5559953,0.0048053325,0.3151487,-0.69617563,-0.08484988,0.326255,-0.55651903,-0.12558258,0.3222472,-0.41883355,-0.12050562,0.13831109,-0.5726674,-0.008116825,0.21072935,-0.68302613,-0.13610364,0.22611955,-0.4437188,-0.18247253,0.22374803,-0.2526124,-0.16613993,0.010957875,-0.57218486,-0.035991643,0.07968282,-0.61369234,-0.1651521,0.11393804,-0.37818706,-0.1854732,0.13004474,-0.20424822,-0.14494178,-0.11882071,-0.559944,-0.06483559,-0.0894081,-0.7886047,-0.12355773,-0.03125136,-0.9070495,-0.12718554,0.039572254,-0.99921674,-0.10451778
I,Cristhian,Right,0.0,0.0,0.0,0.16842017,-0.040082242,-0.042601403,0.31248862,-0.21974659,-0.049087256,0.38687402,-0.37657583,-0.062390663,0.4394321,-0.51150435,-0.06691926,0.22058517,-0.46846,-0.0062268986,0.27342084,-0.5701399,-0.08230507,0.27300367,-0.4402312,-0.1152672,0.26083657,-0.32894662,-0.11235364,0.12776034,-0.49237356,-0.01398662,0.19949703,-0.5478631,-0.1233803,0.2113964,-0.33528358,-0.15871993,0.2026368,-0.18322779,-0.14664456,0.027810609,-0.50437516,-0.035612267,0.09490137,-0.5278376,-0.15327041,0.11818134,-0.32091728,-0.17033273,0.11662342,-0.18061028,-0.13604559,-0.07453481,-0.50753695,-0.057816025,-0.047650807,-0.73476774,-0.12375586,-0.015780352,-0.87396723,-0.13856125,0.018943831,-0.99982053,-0.12688175
I,Cristhian,Right,0.0,0.0,0.0,0.16478834,-0.040679988,-0.0316121,0.28810447,-0.21666251,-0.034129653,0.34772748,-0.35582972,-0.046072878,0.4166287,-0.4344784,-0.04800646,0.20074715,-0.48010057,0.00468118,0.26690033,-0.5743373,-0.06810345,0.26831976,-0.40106186,-0.09657963,0.25295463,-0.262499,-0.08927314,0.11383838,-0.49559847,-0.0070459456,0.18533891,-0.5608691,-0.106776446,0.20112543,-0.3550905,-0.13671245,0.19773252,-0.20918627,-0.12312409,0.016045116,-0.5038369,-0.031922117,0.07929751,-0.538819,-0.1380429,0.11052423,-0.33614945,-0.15477417,0.11490548,-0.19186118,-0.12337916,-0.0851661,-0.50755286,-0.05690984,-0.059665814,-0.73487514,-0.11485923,-0.027185421,-0.8758269,-0.13061303,0.008445937,-0.99996436,-0.12201847
I,Cristhian,Right,0.0,0.0,0.0,0.16326794,-0.05416865,-0.039250266,0.2979512,-0.23348479,-0.047009967,0.36780113,-0.38976085,-0.06228388,0.4189712,-0.5263506,-0.06820934,0.20574431,-0.47928917,-0.00321336,0.26126525,-0.5775757,-0.076816045,0.26517242,-0.42418647,-0.10782586,0.2526069,-0.29476652,-0.10280031,0.11543502,-0.4991906,-0.012788731,0.18390252,-0.5616514,-0.11431894,0.20317458,-0.3631225,-0.14860767,0.19770147,-0.21801285,-0.1387885,0.01587702,-0.50964564,-0.035837866,0.080453545,-0.5564137,-0.14429894,0.12387829,-0.3649587,-0.16552542,0.13580783,-0.2244333,-0.13864122,-0.088434815,-0.5115184,-0.059216205,-0.07643868,-0.7353569,-0.11731863,-0.05283751,-0.87490374,-0.13306393,-0.024794064,-0.99969256,-0.12536408
I,Cristhian,Right,0.0,0.0,0.0,0.16467744,-0.04181339,-0.04265099,0.3160202,-0.19858737,-0.051896073,0.37561467,-0.3550524,-0.06794142,0.33762747,-0.48812443,-0.07537834,0.22021466,-0.46790284,-0.003693846,0.2711287,-0.5555454,-0.08727419,0.2747445,-0.38387322,-0.12689304,0.26980764,-0.2514586,-0.12566102,0.12889671,-0.49054253,-0.013142712,0.18685636,-0.56711316,-0.11956829,0.20108943,-0.36035132,-0.15747838,0.20473889,-0.21072465,-0.14778937,0.02455114,-0.5004736,-0.037264455,0.08393073,-0.5500288,-0.14844804,0.1190862,-0.3572342,-0.17475371,0.13463928,-0.216405,-0.14879961,-0.08113634,-0.50112635,-0.062281884,-0.060982224,-0.72748256,-0.120409414,-0.04486112,-0.8760043,-0.14098838,-0.022420263,-0.99974865,-0.1359474
I,Cristhian,Right,0.0,0.0,0.0,0.16027386,-0.04262078,-0.038464345,0.30613297,-0.21008018,-0.044490222,0.36315307,-0.36765936,-0.05698047,0.32758802,-0.49785465,-0.060485918,0.21710269,-0.4707719,-0.004224908,0.2630883,-0.5619016,-0.08098394,0.27017334,-0.39156294,-0.114353746,0.26672068,-0.2588746,-0.109351374,0.12839955,-0.48972338,-0.014021409,0.18611597,-0.56843096,-0.113266155,0.20094578,-0.36382583,-0.1468421,0.20333286,-0.21581765,-0.13544603,0.026573699,-0.50030565,-0.03705588,0.08683968,-0.55018646,-0.14148335,0.12123436,-0.3577763,-0.1638275,0.13404562,-0.21830548,-0.13699414,-0.077872105,-0.50464666,-0.06057708,-0.059128776,-0.73062336,-0.11239708,-0.042008545,-0.877424,-0.12772997,-0.018668061,-0.9998257,-0.1201281
I,Cristhian,Right,0.0,0.0,0.0,0.16398448,-0.0064071193,-0.04323064,0.33400527,-0.14634894,-0.04741614,0.4082991,-0.30009422,-0.05630806,0.39949635,-0.44210887,-0.054028485,0.2739902,-0.44111142,-0.007997528,0.3287094,-0.470886,-0.080019645,0.2983064,-0.28936604,-0.10737698,0.2724341,-0.17487851,-0.10088033,0.18348587,-0.48288235,-0.012467109,0.24333839,-0.49088648,-0.106808655,0.21777691,-0.27984822,-0.13090043,0.19447081,-0.1511663,-0.116089575,0.08280143,-0.50657517,-0.03073083,0.13741407,-0.5042263,-0.13742012,0.12916411,-0.29242292,-0.14949809,0.11161178,-0.15261263,-0.11665143,-0.016992653,-0.5155583,-0.049936228,0.019699475,-0.7273549,-0.110977516,0.041722875,-0.8727003,-0.12751304,0.06696011,-0.99775565,-0.11918317
I,Cristhian,Right,0.0,0.0,0.0,0.17304356,-0.005907728,-0.037119824,0.34597254,-0.13496049,-0.043536093,0.42234328,-0.27078378,-0.05684034,0.4207363,-0.39769608,-0.058915105,0.2973483,-0.4348519,-0.0047103744,0.38265827,-0.45443752,-0.08036235,0.35350144,-0.27517843,-0.11263843,0.32648075,-0.15985774,-0.11061095,0.20984915,-0.48704255,-0.016014721,0.29495427,-0.47666922,-0.11554482,0.26424396,-0.26439822,-0.14255248,0.23661357,-0.13093065,-0.12865876,0.109648995,-0.5169016,-0.041188687,0.18183628,-0.48949093,-0.15217583,0.17112806,-0.28008524,-0.16730748,0.15139902,-0.14543232,-0.13543496,0.013906481,-0.53259313,-0.067012474,0.060391918,-0.7328581,-0.12868538,0.0894752,-0.86916167,-0.1441177,0.12216272,-0.9925101,-0.13514474
I,Cristhian,Right,0.0,0.0,0.0,0.09631496,-0.21464425,0.04946218,0.07807554,-0.408063,0.073167294,0.057321213,-0.5374227,0.069924355,0.034273222,-0.63103837,0.068453304,-0.09446694,-0.48638386,0.085900865,-0.022239879,-0.61839855,0.03275424,0.07863306,-0.5177201,-0.0035390998,0.1347272,-0.40025526,-0.0070353304,-0.13265961,-0.47498092,0.035868283,-0.013404242,-0.6183708,-0.037387267,0.08834203,-0.4793361,-0.07117811,0.13493815,-0.34552604,-0.069566995,-0.16542873,-0.46040136,-0.02184519,-0.044479467,-0.61235404,-0.10168321,0.061123654,-0.4881728,-0.1212733,0.104161695,-0.3571798,-0.102228604,-0.19753954,-0.43790874,-0.074553676,-0.22935198,-0.6772998,-0.116119064,-0.23812088,-0.8357086,-0.12851658,-0.24355969,-0.9698859,-0.12530115
I,Cristhian,Right,0.0,0.0,0.0,-0.061375465,-0.16757815,0.115601264,-0.13847709,-0.32271492,0.14511801,-0.13322297,-0.46883342,0.14509231,-0.10837123,-0.5430805,0.14205001,-0.28689346,-0.44152588,0.057440747,-0.09917445,-0.6188395,0.024179172,0.019689897,-0.53439474,-5.4623062e-05,0.0645761,-0.41028708,-0.009654988,-0.2524907,-0.45361638,-0.020851213,-0.0387322,-0.63412726,-0.051812336,0.08219937,-0.5184652,-0.052722916,0.13960466,-0.39317718,-0.047325596,-0.18573393,-0.45503047,-0.09278953,0.023737887,-0.644609,-0.11657654,0.12234327,-0.5188337,-0.088314295,0.16369267,-0.38184795,-0.060652327,-0.09961353,-0.45420676,-0.15652098,-0.09322452,-0.7048016,-0.1830673,-0.09032617,-0.86054987,-0.17645484,-0.08506019,-0.9963758,-0.16481584
I,Cristhian,Right,0.0,0.0,0.0,-0.09987288,-0.17866985,0.10631583,-0.1793912,-0.35344556,0.1358165,-0.16288379,-0.51471347,0.14311177,-0.10734367,-0.56824183,0.14768527,-0.31167027,-0.45377785,0.020758918,-0.13155171,-0.64827865,-0.0013014869,-0.0414237,-0.55801827,-0.0053905416,-0.027954394,-0.45978254,-0.00730029,-0.23838007,-0.44992158,-0.05137001,-0.04834166,-0.661696,-0.08083427,0.05727138,-0.5334328,-0.067897834,0.09147176,-0.42009977,-0.05256828,-0.13744318,-0.43742007,-0.11386049,0.041440077,-0.6347835,-0.1401286,0.13065027,-0.5019386,-0.10276917,0.16032217,-0.37884966,-0.06777005,-0.020807652,-0.42707196,-0.16692527,-0.006305123,-0.69795954,-0.2005678,0.012494974,-0.8563914,-0.19358405,0.031349495,-0.9995085,-0.17982908
I,Cristhian,Right,0.0,0.0,0.0,0.10027042,-0.16050059,0.024968904,0.10312389,-0.33639672,0.038061574,0.122158416,-0.45390272,0.026903084,0.11825095,-0.54711914,0.018040711,-0.08880376,-0.49982914,0.07391277,-0.06295923,-0.689439,0.030579103,-0.015804844,-0.73338455,0.0022696455,0.023147715,-0.7238265,-0.00058157626,-0.116356775,-0.4852241,0.030589622,0.0065839756,-0.61270136,-0.05599557,0.11347425,-0.49284825,-0.0970579,0.17190976,-0.37750977,-0.095541604,-0.1361098,-0.47090715,-0.020135717,-0.0032883012,-0.59707123,-0.108460225,0.094389156,-0.48025233,-0.12780082,0.1376313,-0.3631227,-0.10470157,-0.15361908,-0.4580305,-0.068969816,-0.15038165,-0.6984522,-0.10919154,-0.14191465,-0.8570468,-0.11346905,-0.129228,-0.9916149,-0.10111854
I,Cristhian,Right,0.0,0.0,0.0,0.14550062,-0.08175645,-0.009825642,0.24754669,-0.25547063,-0.0034803357,0.29528862,-0.39359415,-0.010829611,0.27808315,-0.51101655,-0.012648372,0.17521681,-0.46754977,0.03458639,0.21506701,-0.5578535,-0.02244819,0.24545251,-0.42099544,-0.050751515,0.26249793,-0.31179154,-0.045941517,0.10308411,-0.48154485,0.014056543,0.16086344,-0.5574017,-0.06823819,0.19457072,-0.38472033,-0.10263421,0.20294207,-0.25347674,-0.095497295,0.022262193,-0.4960088,-0.016879518,0.084554076,-0.5676702,-0.10370661,0.13989304,-0.41068888,-0.12880807,0.16181286,-0.2871953,-0.10842978,-0.063267216,-0.5095967,-0.04642953,-0.048763726,-0.7415361,-0.083619066,-0.025496315,-0.8845321,-0.0922983,0.004027428,-0.9999919,-0.082728796
I,Cristhian,Right,0.0,0.0,0.0,0.18530355,0.018343737,-0.04678589,0.36878312,-0.09123035,-0.050157163,0.45526743,-0.23960999,-0.058202025,0.4225305,-0.37507975,-0.05744568,0.30776742,-0.38253632,0.0031288308,0.36787593,-0.4724465,-0.06760857,0.3275757,-0.32210395,-0.09906744,0.28159526,-0.19441475,-0.094225965,0.21766719,-0.44241866,0.0012647188,0.2754804,-0.5270842,-0.09557223,0.23541053,-0.33692145,-0.13061184,0.19327365,-0.18950085,-0.119470805,0.11611623,-0.48605636,-0.014391613,0.15879437,-0.5421419,-0.11427646,0.13744858,-0.34786776,-0.13265091,0.111824945,-0.20275407,-0.10316675,0.010893781,-0.52390933,-0.032141738,0.065007985,-0.74320585,-0.0859519,0.103895895,-0.87659943,-0.10270726,0.14453049,-0.98950034,-0.095169805
I,Cristhian,Right,0.0,0.0,0.0,0.17930108,0.045124087,-0.06457578,0.36460397,-0.051995292,-0.07424276,0.45355183,-0.20533893,-0.08542952,0.4362268,-0.3498444,-0.083828285,0.3361719,-0.35499793,-0.016552562,0.38484097,-0.44662115,-0.10421598,0.3263878,-0.29396164,-0.13818072,0.27121148,-0.16623977,-0.13201693,0.24410734,-0.41874415,-0.012133105,0.29113984,-0.50361323,-0.13156198,0.2330746,-0.3105066,-0.16743803,0.1841712,-0.17116958,-0.1522205,0.14318454,-0.46786073,-0.02465218,0.17262425,-0.5259334,-0.14789422,0.13295662,-0.3263279,-0.16578348,0.09863704,-0.18614231,-0.13048959,0.0409626,-0.51411057,-0.040449265,0.09595455,-0.7248405,-0.110193886,0.13759056,-0.8590914,-0.1331463,0.18200804,-0.98329705,-0.12723896
I,Cristhian,Right,0.0,0.0,0.0,0.17357168,0.059809607,-0.10636359,0.3630145,0.014382193,-0.15522122,0.45508122,-0.12818654,-0.19991514,0.41255665,-0.28506786,-0.22835545,0.39378345,-0.39605525,-0.069707826,0.38112903,-0.39837,-0.1894047,0.29381704,-0.22407664,-0.2521073,0.2417909,-0.09817147,-0.26269826,0.28416786,-0.49229124,-0.055658937,0.25708598,-0.46574923,-0.19229563,0.1787175,-0.25037754,-0.23775327,0.13843325,-0.109839514,-0.23063321,0.15939878,-0.53356147,-0.060469665,0.123406686,-0.50685155,-0.19853158,0.06333312,-0.28949964,-0.21309927,0.03101383,-0.13953179,-0.17383964,0.03742521,-0.5471236,-0.07200456,0.067676276,-0.73715466,-0.14230531,0.08286773,-0.8723037,-0.1526474,0.10111304,-0.99487495,-0.1345671
I,Cristhian,Right,0.0,0.0,0.0,0.12660132,0.07661132,-0.109787665,0.275609,0.07545123,-0.16419372,0.29367882,-0.08134306,-0.2123177,0.19788593,-0.21209425,-0.24389021,0.3828254,-0.36847624,-0.071316876,0.2645753,-0.32550302,-0.16929515,0.1670887,-0.19621097,-0.22819637,0.12934439,-0.09610687,-0.2454342,0.29171047,-0.49821955,-0.06081288,0.13496572,-0.40234464,-0.1701035,0.06304203,-0.22436015,-0.22052209,0.04042199,-0.10839611,-0.22859526,0.17579111,-0.54755026,-0.065950416,0.041549712,-0.46350563,-0.19427022,-0.016520845,-0.27545625,-0.22391169,-0.039315227,-0.148892,-0.20260276,0.05461847,-0.5568533,-0.07718427,0.037506536,-0.73913854,-0.15191391,0.022567341,-0.8821051,-0.164537,0.012298228,-0.99992436,-0.14898935
I,Cristhian,Right,0.0,0.0,0.0,0.1470546,0.0685035,-0.15245046,0.2761213,0.015365616,-0.22871804,0.23905173,-0.20336851,-0.2867584,0.14123014,-0.36920175,-0.32534882,0.3917364,-0.46090883,-0.12513566,0.16850315,-0.4966969,-0.25847998,0.033780035,-0.41062284,-0.3436691,-0.021817757,-0.34191716,-0.37655854,0.2958796,-0.61315995,-0.09939114,0.025408676,-0.5595673,-0.2612588,-0.045804393,-0.3011071,-0.32642394,-0.058221135,-0.120337844,-0.32895997,0.18221544,-0.67636317,-0.09135359,-0.04740712,-0.6280995,-0.26639056,-0.07035402,-0.37144274,-0.29419893,-0.061157238,-0.19985014,-0.25798815,0.07111847,-0.68481183,-0.09172017,-0.019531395,-0.86753047,-0.20902999,-0.050841935,-0.92998,-0.22085334,-0.06738282,-0.9977272,-0.1902321
I,Cristhian,Right,0.0,0.0,0.0,0.011706434,0.09038018,-0.22469473,0.005008843,0.046647914,-0.33697549,-0.0636047,-0.11745088,-0.40929928,-0.14695416,-0.25267598,-0.4547593,0.14350832,-0.3417459,-0.29186422,-0.09723825,-0.35261303,-0.4150025,-0.1953463,-0.21566716,-0.45412704,-0.20014642,-0.1274199,-0.4610492,0.10258824,-0.478087,-0.22420834,-0.16706443,-0.43381032,-0.36619243,-0.23611987,-0.23513155,-0.39885828,-0.23251438,-0.11856714,-0.39793855,0.031944904,-0.52988356,-0.1722709,-0.20785595,-0.51160073,-0.3250179,-0.25058183,-0.3188737,-0.34662184,-0.24241914,-0.18297029,-0.32456422,-0.046094365,-0.5441508,-0.13329983,-0.13480514,-0.7251836,-0.24306406,-0.18661617,-0.8647312,-0.27867243,-0.22830434,-0.97358984,-0.27978426
I,Cristhian,Right,0.0,0.0,0.0,0.116164684,0.08687845,-0.18356898,0.22230688,0.062929355,-0.27514535,0.18985078,-0.11811932,-0.34166983,0.116694756,-0.25751054,-0.38257727,0.38114944,-0.34644002,-0.18036552,0.19036019,-0.37535852,-0.31041583,0.06751206,-0.29512596,-0.37497044,0.009641376,-0.21730338,-0.39494696,0.29970148,-0.48265406,-0.14054693,0.05107575,-0.45241565,-0.3031329,-0.019450167,-0.24604902,-0.36277753,-0.03590675,-0.104830354,-0.36721358,0.19537024,-0.54251945,-0.11938344,-0.015088716,-0.5214874,-0.28757688,-0.04992846,-0.32284048,-0.31696844,-0.056973517,-0.18011698,-0.28898355,0.08833696,-0.55579984,-0.110030346,0.022513783,-0.7517129,-0.22195666,-0.011012781,-0.88615686,-0.24946043,-0.03806809,-0.99927515,-0.23728196
I,Cristhian,Right,0.0,0.0,0.0,0.16434202,-0.0047091865,-0.100217685,0.3183794,-0.12514144,-0.13878553,0.37919077,-0.29691747,-0.17550589,0.32273614,-0.4273921,-0.19713782,0.27263388,-0.44453937,-0.054220438,0.26487976,-0.5154391,-0.17862849,0.22330755,-0.3389002,-0.23838992,0.20042866,-0.21339919,-0.24329029,0.16364211,-0.4903532,-0.040267833,0.14692675,-0.5348795,-0.18569928,0.12176203,-0.30925974,-0.22933204,0.11303752,-0.17709742,-0.21547411,0.053164013,-0.50588155,-0.047772307,0.021079829,-0.5314075,-0.19690797,0.02345423,-0.31626928,-0.2211447,0.03418695,-0.1730592,-0.18281823,-0.055108994,-0.5059377,-0.06033748,-0.06019994,-0.7240627,-0.13703007,-0.06913997,-0.86610097,-0.15708472,-0.07466088,-0.99720895,-0.14427881
I,Cristhian,Right,0.0,0.0,0.0,0.16488065,-0.07432861,-0.03421164,0.30094296,-0.25924742,-0.037260633,0.34882158,-0.4140573,-0.04823921,0.30113274,-0.51957417,-0.05185145,0.17275825,-0.51046324,0.013150283,0.22595535,-0.5942007,-0.058417335,0.24210872,-0.4336149,-0.09597079,0.24358107,-0.30519164,-0.096124135,0.084424935,-0.5158114,0.00293028,0.14541239,-0.58941084,-0.08861695,0.173433,-0.39842936,-0.12609053,0.18465349,-0.2568543,-0.12048123,-0.013974203,-0.50632006,-0.020829966,0.039717842,-0.5589707,-0.119545184,0.09031129,-0.388553,-0.14833295,0.11584478,-0.25839916,-0.12864266,-0.112426646,-0.48898563,-0.04502618,-0.1211128,-0.71229845,-0.09587972,-0.13317087,-0.86320764,-0.11569841,-0.13944574,-0.9902297,-0.11306491
I,Cristhian,Right,0.0,0.0,0.0,0.15146315,-0.0875195,-0.037486278,0.27619746,-0.26365015,-0.04875287,0.32809618,-0.41450557,-0.06640742,0.28438917,-0.5324563,-0.076178715,0.1606122,-0.4990208,-9.856942e-05,0.21994716,-0.5785268,-0.07801765,0.2350275,-0.4342834,-0.12113822,0.23930377,-0.31867033,-0.12772548,0.07145867,-0.5077679,-0.012984684,0.13991769,-0.59659326,-0.11301366,0.16896237,-0.41161,-0.15402244,0.18392274,-0.2697602,-0.15161976,-0.027343176,-0.5029375,-0.03962223,0.03806977,-0.5699123,-0.14190029,0.098365255,-0.41692874,-0.17261855,0.13189492,-0.29317045,-0.1570597,-0.123544075,-0.4849889,-0.06709905,-0.13362952,-0.707897,-0.122121274,-0.14709616,-0.85948193,-0.1455869,-0.15421289,-0.98803765,-0.14791323
I,Cristhian,Right,0.0,0.0,0.0,0.13000888,-0.121618494,-0.015321795,0.21205346,-0.32171804,-0.014570774,0.24570341,-0.4686385,-0.024096161,0.20840864,-0.5770529,-0.02784285,0.09270207,-0.5238853,0.019143041,0.13525254,-0.6069951,-0.03542778,0.17889945,-0.4751428,-0.06479742,0.20553654,-0.3715094,-0.0655627,0.014870832,-0.5128064,-0.00069426844,0.07272718,-0.58971804,-0.08220603,0.12879325,-0.4183407,-0.11864505,0.15578412,-0.28368014,-0.11672535,-0.06920221,-0.49389005,-0.030482328,-0.011402708,-0.57435143,-0.11931935,0.07827633,-0.44109532,-0.14953253,0.12958637,-0.3236749,-0.13629301,-0.15277927,-0.46487638,-0.05893173,-0.18060757,-0.69410163,-0.10564912,-0.20113668,-0.8475576,-0.124842115,-0.2146456,-0.976692,-0.12516661
I,Cristhian,Right,0.0,0.0,0.0,0.13883244,-0.12353829,-0.011325231,0.21539459,-0.33874273,-0.005842512,0.2439322,-0.49231037,-0.011399567,0.19734955,-0.58471817,-0.010922676,0.0773142,-0.53353053,0.021748846,0.11857298,-0.62733835,-0.034393504,0.1707657,-0.48017594,-0.0624993,0.20110947,-0.3661823,-0.06068177,0.0028557621,-0.51549333,0.0009925812,0.062650345,-0.60829777,-0.0813468,0.13137235,-0.43428943,-0.1146534,0.16452318,-0.29979652,-0.109758236,-0.07930215,-0.49011487,-0.029728021,-0.016500423,-0.5793142,-0.119655654,0.07944773,-0.44169083,-0.14733215,0.12910308,-0.32398665,-0.13138768,-0.16386755,-0.4578204,-0.058715098,-0.19912201,-0.6878428,-0.10519812,-0.21603313,-0.8421909,-0.123296805,-0.22621211,-0.97407806,-0.12271617
I,Cristhian,Right,0.0,0.0,0.0,0.13735518,-0.108633645,-0.019094877,0.22307232,-0.32324147,-0.0175605,0.25489855,-0.48257065,-0.025065547,0.21060537,-0.594787,-0.025357459,0.09120823,-0.5305353,0.014062204,0.12986451,-0.62466645,-0.044755135,0.17381576,-0.4753034,-0.07580622,0.20070708,-0.35936347,-0.076436535,0.009305285,-0.5191762,-0.0034228808,0.063145384,-0.6094333,-0.085641645,0.12518033,-0.4315843,-0.118769534,0.15868418,-0.2958634,-0.11441697,-0.08032098,-0.49566612,-0.031760383,-0.025203815,-0.5840131,-0.117761284,0.0658297,-0.44626802,-0.14274368,0.1175752,-0.32824478,-0.12712546,-0.16920483,-0.4615682,-0.059756592,-0.20306328,-0.6889488,-0.10500481,-0.22666113,-0.8425836,-0.12323901,-0.24199408,-0.9702777,-0.12337301
I,Cristhian,Right,0.0,0.0,0.0,0.16837762,-0.041081302,-0.04196115,0.32756373,-0.20968752,-0.046720978,0.38654822,-0.3778776,-0.057569414,0.33230993,-0.50079715,-0.059662364,0.21572495,-0.47485638,0.0042803474,0.26441172,-0.57451755,-0.06858141,0.257323,-0.40620455,-0.100871034,0.2447876,-0.27302444,-0.09688609,0.1267063,-0.49446246,-0.002289084,0.17720895,-0.59026945,-0.09991731,0.18046866,-0.3858091,-0.13382964,0.17567171,-0.23315923,-0.12232539,0.026568778,-0.5023193,-0.02299241,0.07304931,-0.56745607,-0.12578966,0.10474005,-0.37454394,-0.14924279,0.118066005,-0.2331311,-0.123265065,-0.07690607,-0.5033442,-0.044848893,-0.06553776,-0.7279973,-0.09671971,-0.059356634,-0.8730839,-0.115393445,-0.048889812,-0.99880415,-0.11071936
J,Cristhian,Right,0.0,0.0,0.0,0.18303241,-0.03722173,-0.074275866,0.35610205,-0.17919588,-0.102763996,0.40841943,-0.37018347,-0.13246797,0.32249543,-0.4820068,-0.15199478,0.2529579,-0.4801043,-0.03749204,0.2653243,-0.6124633,-0.13508965,0.23636076,-0.45714375,-0.18287094,0.21643952,-0.31877032,-0.18751366,0.14225551,-0.5007302,-0.035495855,0.15064393,-0.60993123,-0.16072363,0.14002424,-0.39783514,-0.20455578,0.13395315,-0.24173744,-0.1967185,0.031949393,-0.5039121,-0.049667172,0.029770268,-0.5804876,-0.17169727,0.04782816,-0.3878169,-0.19686139,0.060077984,-0.24638008,-0.17059577,-0.07936265,-0.49818507,-0.067503266,-0.1094217,-0.7206418,-0.12557012,-0.13219538,-0.85741913,-0.14227884,-0.14989313,-0.9887022,-0.13603424
J,Cristhian,Right,0.0,0.0,0.0,0.18459523,-0.028988613,-0.07234026,0.3595621,-0.17242333,-0.100028016,0.41832516,-0.3622016,-0.12871927,0.33584198,-0.47483683,-0.14637227,0.26279408,-0.47866186,-0.04100264,0.27598596,-0.6057837,-0.13997228,0.24736041,-0.44052178,-0.1864129,0.22535236,-0.29644573,-0.18878657,0.15032779,-0.5044423,-0.039130043,0.16058858,-0.611483,-0.16496421,0.14686581,-0.39482516,-0.20692244,0.13573563,-0.23547669,-0.19679236,0.03927268,-0.5140335,-0.053049684,0.0376439,-0.58173877,-0.1743825,0.054729883,-0.38324428,-0.19854696,0.065156505,-0.23950839,-0.1713026,-0.07134105,-0.51454335,-0.07041523,-0.09966816,-0.7316446,-0.124985464,-0.12006389,-0.8641647,-0.1398771,-0.13407722,-0.9909709,-0.1325126
J,Cristhian,Right,0.0,0.0,0.0,0.18083422,-0.02015282,-0.080402054,0.3490222,-0.16259275,-0.11610449,0.41734293,-0.34430134,-0.1524816,0.33380923,-0.45388606,-0.17735174,0.26583225,-0.4787522,-0.057114184,0.28956458,-0.61022514,-0.16653745,0.2532988,-0.48361528,-0.21817303,0.22175863,-0.3780841,-0.22554646,0.15116727,-0.51013786,-0.054602943,0.16775306,-0.5906195,-0.1958124,0.14812165,-0.35742617,-0.23714516,0.13147421,-0.2062191,-0.22501639,0.03822602,-0.51940817,-0.06903156,0.03845434,-0.57897997,-0.20498464,0.048539337,-0.37102133,-0.22334448,0.05129689,-0.23449856,-0.18967429,-0.07206793,-0.51839685,-0.087521166,-0.09592618,-0.7371016,-0.15415439,-0.11520262,-0.8638224,-0.16882281,-0.13176914,-0.99128044,-0.15901096
J,Cristhian,Right,0.0,0.0,0.0,0.17668965,-0.0042105485,-0.0884539,0.34367448,-0.10848928,-0.12957133,0.4215954,-0.27019244,-0.17030045,0.3573614,-0.3901731,-0.19651209,0.30007616,-0.44422743,-0.06286057,0.3202063,-0.5540601,-0.17306082,0.26636612,-0.38241246,-0.22028881,0.2301488,-0.2491873,-0.22215305,0.18823037,-0.4847997,-0.057715114,0.20326121,-0.5536314,-0.19808277,0.16480538,-0.33086807,-0.23923354,0.14180446,-0.19003244,-0.22699504,0.075881824,-0.5046301,-0.07049098,0.07821078,-0.54815066,-0.20669574,0.07345222,-0.34113434,-0.22983323,0.07145885,-0.20072342,-0.19855933,-0.030022476,-0.5156614,-0.08769872,-0.034361117,-0.7354184,-0.15448517,-0.04499462,-0.8704702,-0.17332108,-0.05301682,-0.9985936,-0.1657566
J,Cristhian,Right,0.0,0.0,0.0,0.180528,-0.0273515,-0.07208014,0.3468446,-0.15888272,-0.1018099,0.41446593,-0.33020467,-0.13345186,0.34770963,-0.44927695,-0.15279064,0.2681578,-0.4644068,-0.0424522,0.2940989,-0.5882358,-0.14332235,0.25554982,-0.42188466,-0.18861191,0.22422716,-0.28129813,-0.19003087,0.15548393,-0.49194777,-0.043452278,0.1786504,-0.59338963,-0.17498544,0.15494996,-0.37401253,-0.21825384,0.13758409,-0.21576266,-0.20770174,0.043005373,-0.5058776,-0.060615793,0.049388222,-0.5694368,-0.18754163,0.06092522,-0.3680134,-0.21341632,0.069664486,-0.22285199,-0.18555902,-0.0642973,-0.5134754,-0.081156775,-0.0792759,-0.735475,-0.1399446,-0.09442566,-0.86958617,-0.15681654,-0.104162686,-0.9945603,-0.1501243
J,Cristhian,Right,0.0,0.0,0.0,0.15982161,-0.08148078,-0.040398538,0.2810265,-0.28078684,-0.05238382,0.3048902,-0.45610514,-0.06843677,0.2205005,-0.5374186,-0.08656598,0.15021555,-0.5141603,-0.030999267,0.15003268,-0.73947525,-0.06953445,0.15984246,-0.87541544,-0.0871383,0.16558588,-0.9861954,-0.09436046,0.04539509,-0.50368136,-0.043228243,0.094903626,-0.6014135,-0.14655937,0.125055,-0.4247103,-0.18469585,0.12939657,-0.2857897,-0.18036883,-0.05609217,-0.47426856,-0.059925396,-0.02382225,-0.5506486,-0.16534045,0.028189797,-0.4022308,-0.18268864,0.051681586,-0.28591812,-0.1605603,-0.15587775,-0.439325,-0.07718673,-0.2066512,-0.65633345,-0.13604926,-0.2298103,-0.7853763,-0.1477,-0.24977075,-0.90270865,-0.14280021
J,Cristhian,Right,0.0,0.0,0.0,0.09674409,-0.21021253,0.0347109,0.10111199,-0.4437861,0.048352696,0.10498951,-0.62448126,0.03316471,0.10040827,-0.78011894,0.023280129,-0.110504314,-0.5016113,0.10174714,-0.028545214,-0.61367416,0.04520631,0.057888135,-0.5183292,0.005859753,0.10346724,-0.4025949,0.00190111,-0.15908286,-0.49149287,0.05547679,-0.045692705,-0.61690855,-0.021780362,0.047277555,-0.48259228,-0.063776076,0.090351455,-0.34941065,-0.0635155,-0.19485988,-0.48180738,-0.00050555705,-0.0816288,-0.633002,-0.08256121,0.02429874,-0.5018832,-0.09756944,0.07607418,-0.36561394,-0.0710374,-0.22198583,-0.464185,-0.053476553,-0.23394443,-0.6941902,-0.08500299,-0.24686068,-0.8406771,-0.082185425,-0.2549748,-0.9669477,-0.06468154
J,Cristhian,Left,0.0,0.0,0.0,0.15306966,-0.11802903,0.0036600844,0.18446311,-0.31347987,0.016306218,0.15137523,-0.453783,0.03321642,0.08703035,-0.5183784,0.046951864,0.122889444,-0.48813578,-0.019757848,0.17384823,-0.71143144,-0.016245699,0.20019859,-0.8639059,-0.023709059,0.22041973,-0.9754051,-0.034535285,0.010617796,-0.51783156,-0.012898487,0.043931298,-0.58296496,0.021225885,0.052960828,-0.49955177,0.03785645,0.053824883,-0.4298618,0.03457164,-0.086947285,-0.49962327,-0.00371764,-0.036305305,-0.5666013,0.037500817,-0.013404992,-0.4842373,0.057730358,-0.016212275,-0.4163041,0.05350182,-0.17032222,-0.4599275,0.0051135127,-0.12065694,-0.53378505,0.041566085,-0.085982285,-0.4723622,0.06654244,-0.08714241,-0.40192977,0.07547426
J,Cristhian,Right,0.0,0.0,0.0,0.13094854,-0.05974533,-0.02063171,0.23301908,-0.22128126,-0.02397141,0.2791362,-0.36239487,-0.03403771,0.2590681,-0.47459662,-0.037838668,0.13559777,-0.49144444,0.01699207,0.20832935,-0.5427722,-0.03232482,0.22482087,-0.40280986,-0.06791833,0.2137421,-0.29612425,-0.07786318,0.073677935,-0.5095492,0.0030168898,0.16893083,-0.5682167,-0.061413523,0.19000955,-0.41307452,-0.097486295,0.1727264,-0.28808558,-0.10403647,0.006644058,-0.51872414,-0.020986883,0.10988268,-0.5752041,-0.093663074,0.1510303,-0.4324329,-0.12036052,0.14275956,-0.31390646,-0.114418276,-0.059879974,-0.5113941,-0.04517415,-0.020028235,-0.729798,-0.08970871,0.017883638,-0.8763695,-0.1114425,0.045367178,-0.9989704,-0.118261345
J,Cristhian,Right,0.0,0.0,0.0,0.18136448,-0.0053523583,-0.05850284,0.36254758,-0.11379642,-0.08147525,0.43778127,-0.2802696,-0.106297486,0.37112725,-0.40468457,-0.123225264,0.2913234,-0.4043662,-0.031310745,0.3353285,-0.5241486,-0.11171793,0.29656646,-0.3695571,-0.15110229,0.25184092,-0.23592222,-0.15178256,0.19103742,-0.44633284,-0.03368365,0.2306988,-0.5503139,-0.13932502,0.19865584,-0.35926276,-0.18118629,0.16008562,-0.2048657,-0.1752403,0.084824815,-0.47853455,-0.04824055,0.112770796,-0.5628223,-0.14813375,0.11207645,-0.40256563,-0.17372358,0.10150368,-0.2731337,-0.15250371,-0.023011694,-0.50881886,-0.06494391,-0.0032530543,-0.73656726,-0.10591776,0.01700577,-0.87890035,-0.11571766,0.035607144,-0.99936587,-0.10751428
J,Cristhian,Right,0.0,0.0,0.0,0.17050757,0.0337603,-0.09184119,0.36197156,-0.027857417,-0.1285182,0.44148296,-0.18239665,-0.16452323,0.38063413,-0.3099043,-0.18430415,0.35575682,-0.3675783,-0.043353107,0.3650645,-0.46679893,-0.15513839,0.28903526,-0.30819556,-0.20403251,0.24847499,-0.18302573,-0.20392296,0.24860267,-0.43761247,-0.03478137,0.24331643,-0.49370372,-0.17346352,0.17966932,-0.2951048,-0.21301515,0.15723236,-0.17159913,-0.19693208,0.14069301,-0.48423734,-0.046020858,0.117059745,-0.5247456,-0.18393613,0.081492506,-0.3294577,-0.20342855,0.07461014,-0.1965328,-0.16491161,0.03717114,-0.5207614,-0.062426932,0.076880746,-0.73304754,-0.12493514,0.092718415,-0.8704804,-0.13475467,0.11259779,-0.99364066,-0.11687393
J,Cristhian,Right,0.0,0.0,0.0,0.18014139,0.007097156,-0.059911054,0.36003453,-0.096278906,-0.08051592,0.44852588,-0.2449066,-0.1020313,0.383799,-0.33137155,-0.11229379,0.31387782,-0.4137692,-0.04129354,0.33589682,-0.49639767,-0.1221706,0.28565758,-0.33373153,-0.15906873,0.25269818,-0.22616807,-0.16282405,0.21690066,-0.461881,-0.041906778,0.22643673,-0.5161833,-0.13835517,0.18732536,-0.3171862,-0.16312736,0.16597904,-0.21209621,-0.15406844,0.10924103,-0.48815393,-0.05609469,0.11203129,-0.53171885,-0.15575369,0.09666389,-0.33970118,-0.16311108,0.083445795,-0.21426038,-0.13466851,0.0027767702,-0.50322706,-0.07347366,0.018462336,-0.7260416,-0.124656595,0.03178704,-0.8667372,-0.13472843,0.04844341,-0.9988259,-0.12713037
J,Cristhian,Right,0.0,0.0,0.0,0.19258147,0.000841117,-0.04707218,0.38413355,-0.10318211,-0.06113883,0.47121847,-0.24878742,-0.08132159,0.41004908,-0.3549634,-0.09500257,0.29677975,-0.4185244,-0.013540161,0.36122864,-0.49635133,-0.09248677,0.33241212,-0.3347717,-0.13158585,0.29741272,-0.21011819,-0.13242549,0.19774082,-0.46025243,-0.022318602,0.26676282,-0.52081704,-0.120666,0.2442938,-0.32779065,-0.15836431,0.21131413,-0.18491031,-0.15342474,0.09005109,-0.49151397,-0.04458812,0.142617,-0.5246823,-0.14883345,0.15354045,-0.3409709,-0.17787741,0.14885038,-0.20514818,-0.15920821,-0.016551545,-0.5168673,-0.06793172,0.02261395,-0.73838884,-0.113939084,0.048650235,-0.8766686,-0.12753046,0.073924415,-0.99726385,-0.12302143
J,Cristhian,Right,0.0,0.0,0.0,0.18368614,0.008729391,-0.04921274,0.36787274,-0.09869128,-0.06227602,0.45182443,-0.25768438,-0.07927723,0.39429024,-0.3789427,-0.08822245,0.28775382,-0.39310774,-0.020940822,0.35373342,-0.5053483,-0.09816549,0.3182792,-0.34672529,-0.1328415,0.28142744,-0.22299145,-0.1331196,0.19188465,-0.4359638,-0.029067494,0.25775832,-0.5357689,-0.13169445,0.22985023,-0.33920264,-0.1693641,0.19978435,-0.19475818,-0.16433439,0.08795642,-0.46971416,-0.05049804,0.13503498,-0.5359514,-0.15629072,0.14409,-0.3474849,-0.18508682,0.14279853,-0.20936747,-0.16795889,-0.018087791,-0.49962437,-0.07361015,0.009205965,-0.72016615,-0.12591769,0.024556626,-0.865353,-0.14730626,0.04181901,-0.9991252,-0.14976093
J,Cristhian,Right,0.0,0.0,0.0,0.18290634,-0.0017610893,-0.058702063,0.36614868,-0.0983982,-0.08076398,0.4499405,-0.25184762,-0.10580756,0.39530057,-0.38508517,-0.12176197,0.27749255,-0.41053435,-0.025576018,0.3448749,-0.5133906,-0.10684709,0.31547716,-0.354707,-0.14517203,0.28154194,-0.23129784,-0.1476262,0.18673441,-0.45351994,-0.029825458,0.251007,-0.5496015,-0.13322785,0.22502203,-0.35064048,-0.1719447,0.1990075,-0.20748825,-0.16798979,0.08460408,-0.48405382,-0.048385706,0.13252215,-0.54851276,-0.15577057,0.1430494,-0.35954064,-0.18377596,0.14414558,-0.22209692,-0.16591156,-0.021029843,-0.5079073,-0.0693609,-0.0027066742,-0.72151077,-0.124960855,0.006220361,-0.8654408,-0.14716949,0.018002557,-0.99983793,-0.14911157
J,Cristhian,Right,0.0,0.0,0.0,0.17685077,-0.057372354,-0.030241705,0.33336028,-0.1820376,-0.04152355,0.41082954,-0.3048793,-0.06212975,0.38594955,-0.4003945,-0.07882028,0.23404461,-0.4551654,-0.0010057423,0.31160992,-0.5457709,-0.06791164,0.3355989,-0.42049316,-0.10908598,0.34658054,-0.31368405,-0.11829977,0.14500295,-0.48740292,-0.017356722,0.21870862,-0.56142753,-0.0988326,0.21914631,-0.38429648,-0.1336672,0.2102463,-0.2512568,-0.1342652,0.044820804,-0.50693613,-0.04524141,0.11536334,-0.5571713,-0.12990406,0.1359612,-0.38815385,-0.14874983,0.13708328,-0.25460467,-0.13158998,-0.057763346,-0.50992185,-0.07517569,-0.05513781,-0.73605865,-0.11538401,-0.05051827,-0.88069326,-0.12586762,-0.040657196,-0.99917316,-0.12238738
J,Cristhian,Right,0.0,0.0,0.0,0.10726763,-0.1351206,0.008361255,0.14203353,-0.32135153,0.017315017,0.14809708,-0.46142572,0.009414399,0.12168765,-0.5680778,0.0057480065,0.028018944,-0.46827728,0.038872458,0.043402914,-0.57168996,-0.006459813,0.10098949,-0.49114057,-0.030028068,0.14359927,-0.39962843,-0.024405235,-0.031779245,-0.47163072,0.010471134,0.026448423,-0.55914015,-0.061289623,0.104251705,-0.43444994,-0.09710272,0.14775807,-0.31870738,-0.09439204,-0.09733934,-0.47398788,-0.024796713,-0.030050699,-0.57407546,-0.10568814,0.06535664,-0.46268582,-0.1342089,0.11275258,-0.35274512,-0.118896775,-0.1690443,-0.46709803,-0.05617282,-0.22210313,-0.6943386,-0.08779109,-0.24113706,-0.84320074,-0.09203058,-0.25213,-0.9676934,-0.08119411
J,Cristhian,Right,0.0,0.0,0.0,-0.019254627,-0.19691035,0.240791,-0.039199542,-0.37052736,0.31690162,0.007903082,-0.531501,0.3419208,0.061605245,-0.69314164,0.3591256,-0.29411158,-0.40640527,0.16224854,-0.17059964,-0.57474035,0.19505276,-0.07237951,-0.50685257,0.20948415,-0.03639159,-0.42943352,0.20126383,-0.2530107,-0.41770387,0.018510027,-0.12159242,-0.595744,0.045674205,0.004307321,-0.48857382,0.07350651,0.054183558,-0.40757242,0.074008934,-0.19035947,-0.43065876,-0.10955834,-0.056251302,-0.6168875,-0.09048338,0.06491612,-0.50254405,-0.03518188,0.12306183,-0.40244037,-0.016686432,-0.11865147,-0.45989668,-0.22139159,-0.12671469,-0.6737315,-0.27192947,-0.13240357,-0.83127767,-0.29155713,-0.1490127,-0.9888353,-0.31124496
J,Cristhian,Right,0.0,0.0,0.0,-0.07884917,-0.18142593,0.29932418,-0.13093619,-0.32229707,0.41924602,-0.114099815,-0.44902274,0.4869649,-0.09254941,-0.5563925,0.54332757,-0.28114614,-0.4114189,0.21229115,-0.16331382,-0.5744711,0.30701932,-0.07194765,-0.5042356,0.3618133,-0.041779526,-0.43332875,0.37204152,-0.2284681,-0.43328863,0.06720385,-0.10459368,-0.6191792,0.1702289,0.0114832735,-0.48196605,0.23041219,0.04393517,-0.39664492,0.23675917,-0.154563,-0.45815936,-0.05267276,-0.023808014,-0.64149165,0.038833104,0.071043186,-0.49791837,0.11037898,0.10356422,-0.37512755,0.11756776,-0.071180634,-0.49514672,-0.15213339,-0.06429556,-0.7057293,-0.16719103,-0.050527588,-0.8528742,-0.18291654,-0.051904455,-0.99865204,-0.20972012
J,Cristhian,Right,0.0,0.0,0.0,0.30267957,0.098398484,-0.09087859,0.6887654,-0.06661266,-0.11126402,0.87927276,-0.36300296,-0.13135436,0.7867308,-0.6172962,-0.13918634,0.61587846,-0.5881682,-0.054784425,0.7401214,-0.86484563,-0.1710297,0.6657546,-0.5838935,-0.22765169,0.5860443,-0.36268955,-0.24714567,0.4473857,-0.6967462,-0.068524174,0.59423864,-0.939962,-0.21576427,0.52144814,-0.57239,-0.26395682,0.4380267,-0.34754792,-0.26204845,0.26226053,-0.7772887,-0.100479566,0.4250372,-0.9841648,-0.26698068,0.3708189,-0.59330416,-0.2730714,0.29807827,-0.35264942,-0.23347765,0.048576996,-0.8306024,-0.13725056,0.20436779,-0.9418512,-0.2687544,0.2063289,-0.665585,-0.2764437,0.16958615,-0.4656636,-0.2522477
J,Cristhian,Right,0.0,0.0,0.0,0.16970053,0.049862556,-0.08603799,0.35535195,0.010424415,-0.121827655,0.45644748,-0.121254146,-0.15835674,0.4119812,-0.24592836,-0.17957401,0.38274392,-0.3303839,-0.038474016,0.41073507,-0.42329794,-0.1452839,0.3289115,-0.27742383,-0.19326788,0.27789953,-0.16069318,-0.19641423,0.28747177,-0.4164715,-0.03349579,0.30188546,-0.47116926,-0.16567235,0.22002596,-0.27992487,-0.2032084,0.18279077,-0.1678817,-0.18955684,0.18427639,-0.47279295,-0.04799678,0.1785845,-0.51086175,-0.1818543,0.12379656,-0.32095602,-0.19843122,0.09962404,-0.20055889,-0.1617233,0.08122017,-0.5130732,-0.06756873,0.12734623,-0.7274564,-0.13383396,0.14876832,-0.8607563,-0.14635469,0.17438307,-0.9846779,-0.13201725
J,Cristhian,Right,0.0,0.0,0.0,0.17375737,0.056657642,-0.07906011,0.36168188,0.013681001,-0.112166524,0.4720318,-0.10735091,-0.14665401,0.4347384,-0.23362754,-0.1655173,0.37282836,-0.33538756,-0.04643583,0.4170905,-0.4317516,-0.15038006,0.33284402,-0.2748776,-0.19312346,0.27845362,-0.16422763,-0.19269693,0.27326953,-0.4223875,-0.04373359,0.30010873,-0.4783312,-0.17267147,0.22316594,-0.27349195,-0.20655185,0.18507427,-0.15957777,-0.19175331,0.16870359,-0.4815135,-0.05857363,0.16917388,-0.5173577,-0.18860066,0.120884776,-0.317874,-0.20455973,0.0974526,-0.19703968,-0.16925801,0.06856891,-0.52784437,-0.077433586,0.11548428,-0.733733,-0.13905549,0.14026211,-0.8603034,-0.14999294,0.16608855,-0.98611087,-0.136373
J,Cristhian,Right,0.0,0.0,0.0,0.16835904,0.01658689,-0.072141945,0.35151014,-0.05724058,-0.10443001,0.44722855,-0.19275169,-0.13697039,0.38890663,-0.29303998,-0.15548505,0.3390052,-0.3978574,-0.03948572,0.3712837,-0.4765549,-0.1307533,0.30335635,-0.31108317,-0.17219287,0.2611011,-0.19382495,-0.17576645,0.23614763,-0.46300516,-0.04060133,0.26265574,-0.50537264,-0.16087244,0.20362757,-0.29957703,-0.198029,0.16693623,-0.17656295,-0.18765344,0.128373,-0.5011068,-0.057394464,0.14226583,-0.5567352,-0.17353348,0.10995231,-0.3956029,-0.19538935,0.08517993,-0.29105172,-0.16960807,0.024891347,-0.5223128,-0.0779967,0.05179226,-0.7325635,-0.13114193,0.06766434,-0.86810535,-0.14546157,0.08025674,-0.9967742,-0.13843612
J,Cristhian,Right,0.0,0.0,0.0,0.17250344,-0.006897111,-0.050377257,0.3314777,-0.13092355,-0.063786395,0.40416333,-0.28850535,-0.08244403,0.3550229,-0.40824035,-0.09061064,0.2879297,-0.42019486,0.00070863275,0.3145751,-0.5421908,-0.07649121,0.26587692,-0.39412984,-0.11139442,0.2304119,-0.271668,-0.10922084,0.18752158,-0.4618335,-0.0035768102,0.21050535,-0.5597386,-0.10895665,0.17743582,-0.38216224,-0.14595775,0.15290463,-0.2559927,-0.13438924,0.08125137,-0.49308303,-0.022753308,0.10178222,-0.58089226,-0.1261128,0.09640145,-0.4358956,-0.14921848,0.08775776,-0.33330876,-0.124245666,-0.021088097,-0.5202816,-0.043693908,-0.009920736,-0.7385709,-0.08846435,-0.005997443,-0.87695235,-0.0986819,-0.0038897058,-0.99999243,-0.08830546
J,Cristhian,Right,0.0,0.0,0.0,0.18344036,-0.009668749,-0.06598832,0.36851463,-0.12569661,-0.08825751,0.4463137,-0.2963029,-0.112043925,0.3856877,-0.4173047,-0.123709515,0.30168888,-0.42402828,-0.026605027,0.3323351,-0.5580604,-0.116546385,0.28775138,-0.3997736,-0.15668744,0.25084153,-0.26591596,-0.15550613,0.19535221,-0.46164587,-0.026384087,0.21555397,-0.5833745,-0.14513041,0.18913539,-0.39043608,-0.18794502,0.17237803,-0.24785408,-0.17914715,0.08710072,-0.4873774,-0.04111113,0.08989569,-0.57430166,-0.15599826,0.087834515,-0.38462487,-0.18096538,0.08865044,-0.24335264,-0.15467206,-0.019912621,-0.50981104,-0.058838554,-0.026766768,-0.7329608,-0.10869706,-0.030410266,-0.87280667,-0.12177182,-0.03019069,-0.99954414,-0.11328265
J,Cristhian,Right,0.0,0.0,0.0,0.18052989,-0.0033771005,-0.065665126,0.367083,-0.11400386,-0.09061712,0.4503799,-0.2811081,-0.11817665,0.38959852,-0.4076311,-0.13352856,0.3102845,-0.42214403,-0.029633338,0.34632048,-0.5478865,-0.12085189,0.29280972,-0.38990045,-0.16042066,0.2511105,-0.26080495,-0.15931082,0.20331569,-0.4656902,-0.031447228,0.23121072,-0.5741803,-0.15240613,0.1944997,-0.3809027,-0.19362059,0.17123055,-0.24135828,-0.18330541,0.094930656,-0.49497643,-0.04810663,0.102889046,-0.57160753,-0.16529322,0.08998721,-0.3788548,-0.18748583,0.084348105,-0.2389944,-0.1583888,-0.010138304,-0.51842654,-0.06793815,-0.0035968593,-0.73779875,-0.119450934,-0.0017602443,-0.8753134,-0.13133033,0.0036285603,-0.99999344,-0.12114918
J,Cristhian,Right,0.0,0.0,0.0,0.1860646,-0.05321622,-0.05031764,0.35773483,-0.20153874,-0.066321835,0.41866362,-0.3821013,-0.086869255,0.34034386,-0.48417383,-0.09985845,0.25408557,-0.47030893,-0.012991499,0.27265435,-0.5948834,-0.09335329,0.2482179,-0.44471353,-0.13308515,0.22457944,-0.30500203,-0.13414446,0.14756986,-0.49514842,-0.019066365,0.16191764,-0.61070585,-0.12795365,0.15075506,-0.41573027,-0.17071998,0.13636687,-0.25622338,-0.16463368,0.038833138,-0.5048406,-0.038013786,0.043618392,-0.5936457,-0.14276037,0.06602408,-0.40951326,-0.16873622,0.078852996,-0.26337123,-0.1469047,-0.07133713,-0.5047575,-0.059050936,-0.098854795,-0.72781444,-0.10326465,-0.11039278,-0.86645705,-0.1168757,-0.11471781,-0.99339813,-0.11171949
J,Cristhian,Right,0.0,0.0,0.0,0.16094972,-0.13107812,-0.03701172,0.28659874,-0.31692028,-0.05297216,0.31025815,-0.48766932,-0.07574339,0.220123,-0.56234163,-0.09427578,0.11796549,-0.5328848,-0.011229971,0.14794129,-0.6448793,-0.08204976,0.17690688,-0.50716025,-0.12154024,0.1824625,-0.38079894,-0.12591428,0.019119555,-0.5238422,-0.025171421,0.055162568,-0.6470291,-0.11724216,0.10408525,-0.4773491,-0.15913334,0.11761239,-0.32574105,-0.1594441,-0.084979415,-0.5032032,-0.04974587,-0.042033933,-0.59533405,-0.14742407,0.03331084,-0.43994963,-0.17592989,0.06790105,-0.30872944,-0.16007324,-0.1908066,-0.47067463,-0.07450236,-0.23949713,-0.6961569,-0.11841056,-0.2532132,-0.83820134,-0.12993146,-0.26283976,-0.9648395,-0.1258982
J,Cristhian,Right,0.0,0.0,0.0,0.14103468,-0.14118999,-0.027001366,0.21588248,-0.33603352,-0.03857205,0.21890756,-0.48698106,-0.060387705,0.15775537,-0.58090913,-0.0769824,0.052846365,-0.52823085,0.010205431,0.07618809,-0.65040714,-0.06296111,0.13064058,-0.5209413,-0.10859466,0.15860339,-0.38292837,-0.11459972,-0.02865319,-0.5221997,-0.006201486,0.0074726893,-0.6604294,-0.098488785,0.076406874,-0.5020936,-0.14422397,0.106175825,-0.341786,-0.14520392,-0.11945391,-0.5066606,-0.034278166,-0.07484001,-0.6314416,-0.122877225,0.015201393,-0.4994575,-0.14966562,0.059162527,-0.36174443,-0.13291755,-0.21504615,-0.47403005,-0.062666155,-0.26676348,-0.6984116,-0.09844994,-0.28409228,-0.8385755,-0.106507175,-0.296937,-0.9548971,-0.099294566
J,Cristhian,Right,0.0,0.0,0.0,-0.14341539,-0.10707578,-0.030653754,-0.21396965,-0.34081122,-0.040290203,-0.18423451,-0.5038605,-0.05930538,-0.10989254,-0.57205176,-0.074952014,-0.05657132,-0.49817875,0.013085945,-0.08753107,-0.6113865,-0.033162694,-0.10655674,-0.54589874,-0.064530194,-0.10368623,-0.47700873,-0.07614551,0.04017529,-0.49309444,-0.0023885677,-0.004729336,-0.585699,-0.062020883,-0.028757863,-0.5015447,-0.10122142,-0.029882504,-0.43807948,-0.11571268,0.12546857,-0.46660933,-0.02812481,0.09111687,-0.5770373,-0.10282646,0.06266869,-0.48518085,-0.13284439,0.047539756,-0.40156147,-0.13108617,0.21436188,-0.4306799,-0.05441525,0.25518665,-0.667544,-0.106422015,0.27476853,-0.8253284,-0.12360123,0.2917283,-0.95650125,-0.12438236
J,Cristhian,Right,0.0,0.0,0.0,-0.18393028,-0.16577597,0.021607317,-0.2844185,-0.37097946,0.021194782,-0.26930004,-0.59554327,0.022443632,-0.19598003,-0.7205794,0.032291602,-0.23997928,-0.55738914,-0.0436579,-0.14432274,-0.70841974,-0.020192731,-0.12241834,-0.6083801,0.017918859,-0.13958862,-0.5185738,0.0412149,-0.10939592,-0.58060706,-0.058146328,-0.027198778,-0.65742695,-0.028290302,-0.018225422,-0.5540259,-0.006193537,-0.034495633,-0.4699615,-0.0025386885,0.025771873,-0.5615124,-0.061929908,0.07400881,-0.61919415,-0.05230892,0.070038036,-0.52473515,-0.03352166,0.04394442,-0.4389272,-0.027198348,0.15503807,-0.5169921,-0.059212208,0.19762062,-0.7437345,-0.06549375,0.22686134,-0.8687224,-0.052587572,0.24045907,-0.97065926,-0.04161968
J,Cristhian,Right,0.0,0.0,0.0,-0.14973135,-0.18679895,0.04793965,-0.21059208,-0.37281877,0.05055971,-0.16612741,-0.5384224,0.048961844,-0.082530074,-0.6034311,0.05176828,-0.23935771,-0.49344766,-0.052881375,-0.1128515,-0.6795828,-0.046767723,-0.07169641,-0.59912586,-0.016400121,-0.09210118,-0.50934714,0.0014295604,-0.12555522,-0.5130915,-0.08646292,-0.00851726,-0.66763175,-0.07616098,0.018631235,-0.5686082,-0.050580885,-0.005213355,-0.48852995,-0.04298788,0.0015019674,-0.49959028,-0.108506605,0.08797829,-0.61845315,-0.107774474,0.09714253,-0.51338685,-0.08071039,0.06780202,-0.42586696,-0.06937953,0.12821576,-0.46194756,-0.12354822,0.19330852,-0.7114269,-0.14600548,0.24347855,-0.84531265,-0.14410873,0.27397048,-0.9617381,-0.14185768
J,Cristhian,Right,0.0,0.0,0.0,-0.15416963,-0.16660738,0.049343232,-0.21097063,-0.3509621,0.053825796,-0.17197183,-0.506772,0.048810888,-0.09901201,-0.5685129,0.046194065,-0.2567752,-0.4847254,-0.010495681,-0.11838447,-0.647968,-0.00935363,-0.07269863,-0.5701991,0.0029080461,-0.08526149,-0.4877432,0.008008382,-0.15709051,-0.5226671,-0.049073312,-0.023752108,-0.6394081,-0.046046045,0.010818096,-0.5399977,-0.039879885,-0.004860209,-0.4595306,-0.042753406,-0.035972245,-0.5262355,-0.07889415,0.06867077,-0.6334397,-0.08845707,0.08558556,-0.52615345,-0.077366054,0.061307937,-0.43972474,-0.07168237,0.091433324,-0.50135535,-0.10185087,0.16463561,-0.73537636,-0.122469,0.220547,-0.86058867,-0.119364224,0.25704932,-0.9663983,-0.113742985
J,Cristhian,Right,0.0,0.0,0.0,-0.11109484,-0.19378196,0.10732039,-0.1557805,-0.38367572,0.13216762,-0.11880795,-0.55000967,0.13564779,-0.059473973,-0.62524235,0.13760163,-0.25466582,-0.4974211,0.043482885,-0.09246207,-0.6527851,0.055950034,-0.041734174,-0.55696464,0.06284459,-0.05544578,-0.48387715,0.05829849,-0.17903759,-0.52485424,-0.024564618,-0.0131453695,-0.6592166,-0.0063921926,0.02783495,-0.5354384,0.0040565487,0.013375347,-0.45003653,-0.0015647842,-0.07451889,-0.5208065,-0.08042631,0.073265746,-0.6490899,-0.06522025,0.09365387,-0.52794904,-0.043103896,0.068236105,-0.43857378,-0.041131496,0.045735143,-0.49441913,-0.12673904,0.1380135,-0.72444063,-0.12927608,0.20226279,-0.85252,-0.12041686,0.24813709,-0.9687249,-0.11902131
J,Cristhian,Right,0.0,0.0,0.0,0.14586034,-0.09812555,-0.02362617,0.24543746,-0.27206802,-0.030682154,0.28887323,-0.41085634,-0.05016654,0.25025803,-0.5139352,-0.05973801,0.12864384,-0.5306392,0.0065565365,0.20079781,-0.6289845,-0.063027136,0.22344449,-0.45460814,-0.088480026,0.21116553,-0.32313624,-0.07973289,0.065978125,-0.5263966,-0.011653345,0.16436191,-0.5877071,-0.102379836,0.17851953,-0.3796827,-0.12661327,0.15413605,-0.23980097,-0.111595854,0.0002984591,-0.5112942,-0.0414109,0.10180712,-0.55938363,-0.14185965,0.12992597,-0.36795986,-0.15013954,0.11758087,-0.2345988,-0.11420066,-0.06747397,-0.49388275,-0.07109,-0.045383334,-0.7272114,-0.11928688,-0.020381639,-0.87393236,-0.12132268,0.00254276,-0.9999968,-0.10291995
J,Cristhian,Right,0.0,0.0,0.0,0.17819797,-0.002395166,-0.039127287,0.34892577,-0.13485447,-0.04881151,0.43627417,-0.27896506,-0.06631517,0.3893545,-0.38682386,-0.07553663,0.27074072,-0.44002855,-0.010964927,0.3400166,-0.53184795,-0.09081471,0.3160293,-0.3617353,-0.12736319,0.2823777,-0.23502108,-0.12808096,0.17808941,-0.4767,-0.021231238,0.24780563,-0.53761685,-0.12346693,0.21622561,-0.3226485,-0.15408218,0.17812337,-0.18380557,-0.14347152,0.07593148,-0.49446824,-0.04474993,0.13926202,-0.5402024,-0.15050153,0.1297301,-0.33335298,-0.16347104,0.106368475,-0.19540264,-0.13338812,-0.027575346,-0.50316405,-0.06986567,-0.004902794,-0.7206338,-0.12877293,0.016512083,-0.8620709,-0.14675723,0.04181383,-0.9991254,-0.14275536
J,Cristhian,Right,0.0,0.0,0.0,0.18622242,0.015780276,-0.0481657,0.36773276,-0.09404137,-0.060967516,0.45407394,-0.24063963,-0.08007179,0.40874547,-0.36070916,-0.08914229,0.30537814,-0.42411107,-0.012624169,0.37006706,-0.51002395,-0.09247322,0.32787836,-0.3459806,-0.12515043,0.2834493,-0.22832088,-0.12241179,0.20921017,-0.4706815,-0.020967193,0.26835153,-0.5404995,-0.124653436,0.2274325,-0.33606395,-0.15679306,0.18980007,-0.20888342,-0.14595655,0.10369201,-0.49706003,-0.043268632,0.15642284,-0.5380594,-0.1550759,0.13799144,-0.33144328,-0.17233099,0.113204874,-0.20099661,-0.14320245,-0.0037843308,-0.5150876,-0.06718181,0.025557576,-0.7309814,-0.12704767,0.045917295,-0.8655961,-0.14336136,0.068686135,-0.99763834,-0.13719866
J,Cristhian,Right,0.0,0.0,0.0,0.18583755,0.009742117,-0.049488686,0.36714074,-0.09639241,-0.06664044,0.45448866,-0.24680693,-0.09079169,0.40542707,-0.37292853,-0.10523444,0.30724937,-0.42832908,-0.012520331,0.37221196,-0.52276844,-0.10053206,0.32677034,-0.35723543,-0.14076765,0.27774426,-0.2333505,-0.14174399,0.20675564,-0.47234172,-0.024096197,0.2700938,-0.55863345,-0.13869454,0.22744192,-0.34378517,-0.17816186,0.18440293,-0.20021364,-0.16901615,0.09959477,-0.49993953,-0.050396144,0.14408995,-0.5438003,-0.16799155,0.12793472,-0.3362729,-0.18975621,0.10562057,-0.20280017,-0.16130047,-0.008136972,-0.5218779,-0.07836948,0.015866246,-0.740386,-0.13574234,0.033880364,-0.8713831,-0.1501913,0.051641118,-0.9986657,-0.14277323
J,Cristhian,Right,0.0,0.0,0.0,0.17813392,-0.036427017,-0.048890073,0.34517077,-0.18260713,-0.062843665,0.4077857,-0.3459925,-0.0812983,0.34977576,-0.45026097,-0.08968338,0.24629165,-0.46913943,-0.013018866,0.28837937,-0.58447385,-0.090416156,0.26653877,-0.4202336,-0.12483466,0.23989828,-0.2856755,-0.122935385,0.14395638,-0.49411556,-0.018464798,0.1854799,-0.60443956,-0.119585544,0.16967972,-0.4019674,-0.15219861,0.14842522,-0.25204265,-0.1404607,0.037973553,-0.50108415,-0.037092652,0.06956851,-0.577001,-0.13781263,0.07358633,-0.38519478,-0.1516343,0.06757133,-0.24768916,-0.12088143,-0.06600231,-0.49954015,-0.05817048,-0.056945324,-0.7244039,-0.10691481,-0.05004006,-0.8671304,-0.11785538,-0.044037998,-0.9990299,-0.108095236
J,Cristhian,Right,0.0,0.0,0.0,0.16692407,-0.10118097,-0.057380576,0.30401075,-0.28567454,-0.077217534,0.34034824,-0.47357985,-0.10207635,0.2563415,-0.56512797,-0.11722657,0.1694885,-0.54626495,-0.0060715065,0.17251052,-0.6701199,-0.09493084,0.16981901,-0.51630586,-0.1400753,0.16715865,-0.3734919,-0.14251353,0.061580233,-0.5430146,-0.010303148,0.06551295,-0.6610915,-0.12862536,0.080093294,-0.4609683,-0.17531723,0.087623745,-0.30329147,-0.16729909,-0.04781739,-0.52293825,-0.029778378,-0.051554915,-0.6045403,-0.14436437,-0.012433531,-0.42387047,-0.1720201,0.014007843,-0.28605628,-0.14579323,-0.15740712,-0.49156952,-0.051686127,-0.20851557,-0.7042712,-0.10314299,-0.24216507,-0.83776945,-0.11750974,-0.26951957,-0.96299493,-0.10844996
J,Cristhian,Right,0.0,0.0,0.0,0.16912086,-0.101993665,-0.059828103,0.3085947,-0.29538706,-0.081167005,0.34677464,-0.48894635,-0.107900076,0.25822613,-0.5783973,-0.124524094,0.17408596,-0.5669189,-0.007139645,0.17323217,-0.70818496,-0.09800635,0.16803779,-0.54511106,-0.1460247,0.16466644,-0.3938137,-0.15087911,0.06151662,-0.55729127,-0.012398559,0.05610163,-0.688153,-0.1301253,0.07173066,-0.48463818,-0.1773953,0.08499096,-0.32456738,-0.17096546,-0.05120007,-0.52857494,-0.03353171,-0.05955949,-0.60851306,-0.14715734,-0.020372247,-0.42275095,-0.17284155,0.008651807,-0.28335688,-0.14639898,-0.16209242,-0.49352202,-0.057906616,-0.21956703,-0.7046948,-0.107889466,-0.25644627,-0.834734,-0.11974566,-0.28564504,-0.95833546,-0.11010759
J,Cristhian,Right,0.0,0.0,0.0,0.13858926,-0.078832634,-0.0693981,0.25748911,-0.25576675,-0.099615425,0.27339232,-0.4390741,-0.12774128,0.18132688,-0.51783717,-0.15484376,0.16411208,-0.51380014,-0.053112555,0.17089804,-0.73470557,-0.09870776,0.16558577,-0.87320536,-0.11618473,0.16045009,-0.987044,-0.124259695,0.050358377,-0.5104162,-0.053526226,0.050757926,-0.6353465,-0.16784248,0.061787672,-0.44781968,-0.20358536,0.07189343,-0.30533597,-0.19298828,-0.057436943,-0.48436278,-0.060726415,-0.062872276,-0.5747296,-0.17302501,-0.029326776,-0.40334395,-0.18271226,-0.0050568897,-0.27712783,-0.15169501,-0.16104926,-0.44525588,-0.07190607,-0.22151996,-0.6338607,-0.13584185,-0.25644413,-0.7520035,-0.14917968,-0.28538617,-0.874546,-0.14312308
J,Cristhian,Right,0.0,0.0,0.0,0.15620752,-0.104668535,-0.07296388,0.28399903,-0.30916718,-0.10306803,0.28794053,-0.51974213,-0.13424623,0.17325214,-0.56696045,-0.15376075,0.18615496,-0.5800861,-0.012996265,0.18376987,-0.7114313,-0.10229592,0.16587819,-0.55855715,-0.1518167,0.15944126,-0.42760172,-0.16297199,0.07069355,-0.57967216,-0.014790258,0.06393168,-0.7231134,-0.13262346,0.073373176,-0.5183587,-0.18057653,0.08105316,-0.36827192,-0.17567347,-0.0426497,-0.5547045,-0.032999363,-0.054199744,-0.6459607,-0.14764874,-0.013945899,-0.45751205,-0.17244597,0.011237698,-0.3186112,-0.14775251,-0.15165794,-0.51379627,-0.05565858,-0.21105964,-0.7072407,-0.10598133,-0.24848232,-0.8322501,-0.11948923,-0.28059056,-0.95982754,-0.11335363
J,Cristhian,Right,0.0,0.0,0.0,0.1554625,-0.10099286,-0.06571232,0.2874011,-0.31288558,-0.09006129,0.28389257,-0.5315811,-0.11584788,0.16182116,-0.5703169,-0.13245367,0.17777093,-0.5735007,-0.010720945,0.17381807,-0.72226,-0.08674073,0.16586292,-0.5829021,-0.12805164,0.16601032,-0.46142903,-0.13627198,0.068164505,-0.5702871,-0.012795321,0.059234105,-0.7205189,-0.11895677,0.07513269,-0.5187029,-0.16403052,0.08306114,-0.36300397,-0.16026382,-0.039723247,-0.5459344,-0.02869692,-0.051687326,-0.6554425,-0.13412893,-0.011787008,-0.46658826,-0.15735053,0.009936884,-0.32134575,-0.13448377,-0.14650908,-0.5081697,-0.048172247,-0.20808087,-0.70736235,-0.093934506,-0.2402636,-0.8343962,-0.106555566,-0.26896405,-0.9631502,-0.10158447
J,Cristhian,Right,0.0,0.0,0.0,0.1495297,-0.10552733,-0.07792083,0.27374548,-0.30656385,-0.109207176,0.26321626,-0.52258885,-0.13921233,0.1510749,-0.598688,-0.15907611,0.19988091,-0.55849516,-0.023389833,0.20109119,-0.7033557,-0.11333524,0.17308576,-0.5669236,-0.16304344,0.15617289,-0.44024983,-0.1734564,0.07911287,-0.56331563,-0.020281052,0.07178453,-0.7098996,-0.13405724,0.073229864,-0.5122766,-0.18077187,0.0762185,-0.36273497,-0.17711605,-0.038327917,-0.5410071,-0.032934137,-0.04739634,-0.64218813,-0.14544436,-0.01925982,-0.4554275,-0.1664331,-0.0030073982,-0.31328562,-0.14072415,-0.15534842,-0.50251913,-0.049947556,-0.2108996,-0.70424604,-0.09898449,-0.2465665,-0.8312095,-0.10684467,-0.27793768,-0.9605991,-0.09684977
J,Cristhian,Right,0.0,0.0,0.0,0.15647905,-0.07943258,-0.06699599,0.28890124,-0.26348987,-0.091566466,0.28975353,-0.47258452,-0.11666774,0.18065025,-0.56089437,-0.13701458,0.24188885,-0.52461606,-0.02489311,0.2685292,-0.70125616,-0.08473105,0.26220614,-0.7116301,-0.112075634,0.25714165,-0.71084785,-0.11799564,0.12671545,-0.5417393,-0.025352838,0.13014083,-0.67096746,-0.13434862,0.122902796,-0.47300676,-0.17513593,0.12455943,-0.32947588,-0.16843086,0.016198218,-0.532785,-0.03617739,0.012416142,-0.6117822,-0.1528358,0.021478252,-0.426315,-0.17180544,0.024923263,-0.2977191,-0.14375876,-0.09370918,-0.51569235,-0.049301863,-0.12095596,-0.73039955,-0.10655253,-0.13556288,-0.85996455,-0.113211446,-0.14866783,-0.9888872,-0.10147898
J,Cristhian,Right,0.0,0.0,0.0,0.16011155,-0.016496986,-0.086992905,0.31725037,-0.16589247,-0.11758948,0.35397938,-0.3567731,-0.14654066,0.2646011,-0.4591853,-0.16742387,0.3016394,-0.44939438,-0.031140562,0.3243228,-0.6332829,-0.10378293,0.30711877,-0.6764968,-0.13693416,0.29071307,-0.69473433,-0.14253728,0.19151978,-0.49025068,-0.02258261,0.1964856,-0.5873048,-0.1525431,0.16276446,-0.3947277,-0.19948745,0.14654352,-0.25722048,-0.18968801,0.08343131,-0.5113799,-0.02810267,0.070175804,-0.584691,-0.16083674,0.064735115,-0.4083113,-0.18615386,0.06663092,-0.28176248,-0.15525454,-0.02119051,-0.52856797,-0.03780385,-0.016002292,-0.73922217,-0.10042269,-0.01409518,-0.871817,-0.11164374,-0.008532006,-0.9999636,-0.09939448
J,Cristhian,Right,0.0,0.0,0.0,0.15622556,-0.0015206621,-0.07602921,0.32446063,-0.13252819,-0.10202825,0.37837896,-0.31591037,-0.12662332,0.28987724,-0.40444118,-0.14380153,0.31813213,-0.41255298,-0.021674195,0.34100318,-0.5604951,-0.08678578,0.31935897,-0.57307124,-0.12096275,0.2982938,-0.56962,-0.12980661,0.21830408,-0.4721552,-0.016935665,0.22461388,-0.5708838,-0.13329491,0.17845286,-0.38210422,-0.17724675,0.14778617,-0.24221893,-0.16916387,0.1132939,-0.50932276,-0.025289876,0.10185772,-0.5860256,-0.14370243,0.08213468,-0.4055225,-0.16624877,0.06970789,-0.27478737,-0.1378681,0.0077042724,-0.53686863,-0.037583493,0.015625725,-0.74217755,-0.093056284,0.020101579,-0.8722737,-0.10336507,0.028728368,-0.99958724,-0.09307341
J,Cristhian,Right,0.0,0.0,0.0,0.150699,-0.0011192834,-0.08397096,0.31274983,-0.11227346,-0.11942879,0.3654031,-0.29578495,-0.15244159,0.2833564,-0.40776113,-0.17844188,0.31167263,-0.40385565,-0.02911595,0.3342217,-0.5533621,-0.09461072,0.32357106,-0.6236471,-0.12585913,0.31015942,-0.6695823,-0.13481599,0.2116505,-0.46547404,-0.023080368,0.2192231,-0.5699085,-0.14187022,0.17695495,-0.381317,-0.18169302,0.16025141,-0.25756377,-0.17068382,0.10867627,-0.5020442,-0.030572914,0.1002744,-0.57912827,-0.15463151,0.07832918,-0.3948216,-0.1701109,0.06674193,-0.27005082,-0.13656741,0.0033555275,-0.5258506,-0.042978425,0.008527111,-0.73096746,-0.108219065,0.011131755,-0.8658549,-0.12028856,0.017665306,-0.99984396,-0.10982162
J,Cristhian,Right,0.0,0.0,0.0,0.16443509,-0.01787527,-0.076756746,0.34045294,-0.14973839,-0.10483212,0.38153878,-0.34510487,-0.13390897,0.27421445,-0.4255451,-0.1517413,0.31182343,-0.45493683,-0.011338965,0.33314174,-0.58799314,-0.097553924,0.29390112,-0.48833445,-0.14124997,0.26313546,-0.39839542,-0.14753722,0.20693634,-0.5003268,-0.009831108,0.21414094,-0.6073064,-0.13179243,0.1778809,-0.3965735,-0.17789058,0.15687008,-0.25899512,-0.16892868,0.099331886,-0.521325,-0.025184672,0.08679804,-0.58691514,-0.15089759,0.07433335,-0.38826585,-0.17652635,0.065176375,-0.26025823,-0.14684999,-0.01004802,-0.5338961,-0.04418651,-0.0141521,-0.7411376,-0.09875883,-0.013347333,-0.86909574,-0.107847854,-0.009381021,-0.999956,-0.09489013
J,Cristhian,Right,0.0,0.0,0.0,0.1607333,-0.010301484,-0.05999523,0.33453396,-0.1583205,-0.07569187,0.37091732,-0.35487154,-0.09146953,0.26251858,-0.4346859,-0.10674907,0.28196743,-0.4435281,-0.0030728471,0.29152015,-0.59342283,-0.041058,0.2923463,-0.69497573,-0.062109813,0.28797963,-0.7680127,-0.071028374,0.1804643,-0.48623973,-0.005830605,0.18849953,-0.599171,-0.113536045,0.15997283,-0.40165126,-0.15818979,0.13753869,-0.24611849,-0.14965098,0.075407185,-0.5043618,-0.016765544,0.06957055,-0.57889044,-0.13110472,0.056846526,-0.39587572,-0.15198022,0.04494309,-0.26264882,-0.12232253,-0.036051717,-0.5143816,-0.029726144,-0.048740894,-0.72692394,-0.08965199,-0.04983379,-0.8625367,-0.1013149,-0.047694054,-0.99886197,-0.09184825
J,Cristhian,Right,0.0,0.0,0.0,0.1713171,-0.19042295,-0.04543809,0.2962229,-0.47333577,-0.058939632,0.28672287,-0.7001894,-0.083055526,0.16354673,-0.77267045,-0.10369858,0.07118721,-0.6802948,0.017640678,0.08083938,-0.86207646,-0.065540075,0.14391463,-0.71824527,-0.12436642,0.17448646,-0.5596295,-0.13703999,-0.039804615,-0.6516037,0.0050371825,-0.0308998,-0.84751034,-0.092177115,0.048226118,-0.6498737,-0.14848201,0.08537345,-0.45482463,-0.15267634,-0.15631188,-0.6040107,-0.021612477,-0.12527075,-0.7659098,-0.12195925,-0.03299769,-0.5735947,-0.14487286,0.014169753,-0.38374335,-0.1186629,-0.27724293,-0.53004813,-0.050979037,-0.30834368,-0.7895558,-0.09173276,-0.31281924,-0.89619654,-0.08752755,-0.32263318,-0.9465241,-0.066810966
J,Cristhian,Right,0.0,0.0,0.0,0.20097199,0.054570593,-0.039843325,0.34277362,-0.098076686,-0.070726335,0.35399288,-0.3140087,-0.09354292,0.29573935,-0.50839233,-0.12399036,0.3757413,-0.3303412,-0.12536287,0.42846608,-0.5993612,-0.17299342,0.45360303,-0.7537106,-0.21340182,0.4687676,-0.8833215,-0.24542707,0.25012967,-0.40415734,-0.12881745,0.2452534,-0.53169405,-0.15169685,0.19262056,-0.40462628,-0.15044934,0.16593933,-0.30850986,-0.1596145,0.11912355,-0.44156724,-0.13025445,0.13084091,-0.5577416,-0.1513015,0.10080157,-0.4170805,-0.12836915,0.0884909,-0.32179514,-0.12160944,0.0006558037,-0.45084664,-0.13415226,0.018601324,-0.5560909,-0.15657008,0.0022961562,-0.4452171,-0.12887503,-0.0140857715,-0.35829198,-0.110560425
J,Cristhian,Right,0.0,0.0,0.0,-0.15753777,-0.17095825,0.0326678,-0.23583631,-0.35813695,0.025418611,-0.21977814,-0.5410103,0.016824072,-0.14180836,-0.648611,0.017367002,-0.2507744,-0.4748193,-0.07089038,-0.18749507,-0.69461787,-0.07475706,-0.14675935,-0.6188988,-0.044962626,-0.16115697,-0.5189431,-0.020745566,-0.12368427,-0.4981855,-0.094305195,-0.07260947,-0.679045,-0.07876087,-0.03771502,-0.60038716,-0.04555497,-0.047084957,-0.52301407,-0.033388656,0.012407519,-0.4965376,-0.10729978,0.044364307,-0.64612323,-0.102991946,0.057238925,-0.56612265,-0.06868651,0.038241617,-0.47394052,-0.051554076,0.1426381,-0.47728306,-0.114326365,0.16709235,-0.7332979,-0.12196553,0.19210705,-0.8719683,-0.107691176,0.20385015,-0.9790021,-0.09688119
J,Cristhian,Right,0.0,0.0,0.0,-0.1590393,-0.18764707,0.04753689,-0.23101196,-0.37829217,0.06048351,-0.2177912,-0.56844944,0.06829077,-0.1573752,-0.6778441,0.08242942,-0.22357677,-0.5328268,-0.012936543,-0.14657332,-0.68878263,0.010500115,-0.113914184,-0.6133081,0.04796752,-0.12516889,-0.52780855,0.07353977,-0.104252875,-0.5571441,-0.038950633,-0.026554616,-0.6506729,-0.0026520442,-0.0039802617,-0.56610256,0.021314941,-0.016102703,-0.49437624,0.026040273,0.02617881,-0.5418759,-0.053883694,0.07789301,-0.611644,-0.038644597,0.08138927,-0.5306256,-0.01997906,0.05708573,-0.4568616,-0.014733889,0.15203393,-0.49715215,-0.06103326,0.19831261,-0.7347801,-0.06341824,0.23136257,-0.86270976,-0.049679708,0.24880952,-0.9685524,-0.038370658
J,Cristhian,Right,0.0,0.0,0.0,0.13978349,-0.072967775,-0.03765145,0.24311423,-0.2306055,-0.05988292,0.31801343,-0.38034877,-0.0909429,0.29713157,-0.4886504,-0.11260875,0.07087972,-0.47009188,-0.02752471,0.17988433,-0.539831,-0.10604517,0.22870515,-0.39164284,-0.14406273,0.22333838,-0.2843533,-0.1483467,0.025345553,-0.48730585,-0.04124432,0.18018189,-0.5478482,-0.1408431,0.2134904,-0.3604341,-0.1706596,0.18441448,-0.23785588,-0.1638319,-0.015377078,-0.5030915,-0.06557706,0.1315879,-0.5725789,-0.17550804,0.17308415,-0.3889502,-0.18641017,0.1516718,-0.26001632,-0.15421024,-0.05722764,-0.50781804,-0.090806596,-0.026447484,-0.7310686,-0.15091032,0.007832845,-0.87564087,-0.15840939,0.033686165,-0.99943244,-0.14374453
J,Cristhian,Right,0.0,0.0,0.0,0.16516836,-0.047996808,-0.03386255,0.32102183,-0.18251863,-0.051686805,0.39908317,-0.32002002,-0.07888389,0.33254275,-0.39554927,-0.09876459,0.20370995,-0.49368986,-0.0058460813,0.28305385,-0.5850881,-0.0801644,0.28217176,-0.4111954,-0.11348496,0.2622333,-0.28325224,-0.11286384,0.12156744,-0.5065197,-0.021450851,0.20711629,-0.57796925,-0.117503904,0.20229189,-0.36064366,-0.14755192,0.1758799,-0.21543793,-0.13704534,0.030387968,-0.503064,-0.049663726,0.11808384,-0.55736536,-0.14921363,0.1400573,-0.35677394,-0.16711213,0.13099237,-0.21532972,-0.14134455,-0.061097533,-0.48904592,-0.07905664,-0.04363299,-0.71475685,-0.1319581,-0.02465761,-0.8639319,-0.15224293,-0.0061539654,-0.99998105,-0.15139137
J,Cristhian,Right,0.0,0.0,0.0,0.16568312,-0.02483634,-0.04093869,0.32360935,-0.14366935,-0.057626292,0.3983253,-0.27258465,-0.08116646,0.35454187,-0.36040756,-0.09433004,0.24347514,-0.45836285,-0.01539803,0.31608814,-0.55980104,-0.09309665,0.2972489,-0.38875803,-0.12381625,0.2623717,-0.2651131,-0.11975289,0.15388204,-0.48470736,-0.027161065,0.2270034,-0.56352425,-0.12722248,0.20820731,-0.35374832,-0.15678276,0.17488836,-0.22257023,-0.14520022,0.054654814,-0.49608082,-0.052037515,0.12595491,-0.5473078,-0.15787527,0.13283385,-0.34428287,-0.17582683,0.116862945,-0.21192819,-0.14853576,-0.044102594,-0.4991307,-0.07799336,-0.027160138,-0.71962446,-0.13534966,-0.012677867,-0.8608602,-0.15507145,0.001726159,-0.9999985,-0.15240203
J,Cristhian,Right,0.0,0.0,0.0,0.174939,-0.017939521,-0.04189299,0.33937338,-0.14174907,-0.05861838,0.41195086,-0.2798116,-0.08296556,0.34695107,-0.34854734,-0.09816056,0.2616652,-0.46901456,-0.013132307,0.33584097,-0.56227225,-0.09441244,0.30741996,-0.3901431,-0.1305046,0.2647262,-0.27024853,-0.13050555,0.16555558,-0.4959148,-0.026830275,0.23350453,-0.5661517,-0.12986185,0.2111164,-0.3538447,-0.16275266,0.17581795,-0.2215865,-0.15331057,0.062008053,-0.5033056,-0.054043323,0.12518752,-0.54544777,-0.1610429,0.12929004,-0.34140435,-0.18070027,0.111689426,-0.20962718,-0.15464546,-0.040519398,-0.5011511,-0.08275138,-0.026093503,-0.7200173,-0.13715029,-0.009944298,-0.86099786,-0.15504996,0.006048494,-0.9999817,-0.15197995
J,Cristhian,Right,0.0,0.0,0.0,0.17591406,-0.016230306,-0.05896295,0.34313786,-0.12513709,-0.08727049,0.40591928,-0.2850555,-0.11978124,0.32945183,-0.38607383,-0.14106366,0.27271524,-0.46267712,-0.027130391,0.33949953,-0.56795734,-0.11232552,0.29869172,-0.3975807,-0.15132767,0.251958,-0.2867859,-0.15419285,0.17371976,-0.49929598,-0.034535058,0.2318278,-0.5854656,-0.14025334,0.20015629,-0.3712447,-0.17703648,0.16451025,-0.24400052,-0.17037271,0.06995486,-0.5159986,-0.056104876,0.115529425,-0.55724865,-0.1656882,0.11448525,-0.35106373,-0.18721895,0.096495904,-0.22243261,-0.16283303,-0.035159044,-0.5207917,-0.08018678,-0.031137254,-0.73568636,-0.13283339,-0.021838356,-0.8678635,-0.14771946,-0.013862855,-0.9999039,-0.142634
J,Cristhian,Right,0.0,0.0,0.0,0.17442232,-0.010400886,-0.06041945,0.34464216,-0.12814175,-0.08641059,0.41118088,-0.29290047,-0.11705347,0.33217806,-0.39106825,-0.13708323,0.2739963,-0.4687586,-0.020781886,0.32854903,-0.5799364,-0.10605655,0.29148394,-0.4131349,-0.146266,0.25399193,-0.2966574,-0.14963923,0.17233731,-0.5019452,-0.027868811,0.21953064,-0.5981941,-0.1365108,0.19637354,-0.38673532,-0.17577876,0.16995047,-0.2537948,-0.16947511,0.0645457,-0.5166981,-0.04972779,0.103342086,-0.5762426,-0.16072787,0.10772552,-0.3682425,-0.18258362,0.096104234,-0.23288687,-0.15746354,-0.04399628,-0.5214725,-0.07446136,-0.04345592,-0.7360799,-0.12643205,-0.040087067,-0.8673927,-0.14035241,-0.036660876,-0.9993278,-0.13436261
J,Cristhian,Right,0.0,0.0,0.0,0.16765235,-0.011893304,-0.062622145,0.33601522,-0.13360666,-0.08947235,0.39790735,-0.3048628,-0.12024077,0.31614012,-0.40041944,-0.14053942,0.26642346,-0.47419465,-0.017216528,0.30640414,-0.5890009,-0.10138913,0.2801097,-0.4341261,-0.14249684,0.25214994,-0.3141598,-0.14673162,0.16499293,-0.5083247,-0.021986103,0.20110409,-0.60246456,-0.1323743,0.18556303,-0.38387027,-0.17402865,0.16172208,-0.24252273,-0.16823661,0.059427623,-0.52195674,-0.041621182,0.08798275,-0.58598626,-0.15336622,0.09644864,-0.3764671,-0.17589197,0.08711116,-0.23877099,-0.15065984,-0.048518043,-0.52154744,-0.06436655,-0.053999744,-0.731541,-0.11658856,-0.052332312,-0.8635192,-0.13144518,-0.05023845,-0.9987373,-0.12561505
J,Cristhian,Right,0.0,0.0,0.0,0.16724119,-0.008200399,-0.060901236,0.3357818,-0.12629224,-0.086332224,0.3994354,-0.29171857,-0.11608564,0.3242224,-0.3858557,-0.13611338,0.27834278,-0.46292582,-0.011548933,0.31847233,-0.58611363,-0.095255546,0.29266784,-0.45334834,-0.13844734,0.26580453,-0.332843,-0.14364642,0.17508186,-0.50222373,-0.01649005,0.21380451,-0.59847623,-0.12713687,0.18833804,-0.3816421,-0.16971397,0.16103274,-0.23195112,-0.16309784,0.06722509,-0.52225024,-0.03637939,0.095075965,-0.58578116,-0.14769451,0.092337474,-0.37745917,-0.16988881,0.080362596,-0.23568365,-0.14312601,-0.042375024,-0.5283477,-0.05927124,-0.04388004,-0.7408264,-0.10895757,-0.04237311,-0.8700755,-0.120244786,-0.037477445,-0.9992975,-0.111352645
J,Cristhian,Right,0.0,0.0,0.0,0.17280483,-0.013031825,-0.04052229,0.32981297,-0.1365261,-0.05405733,0.38838318,-0.29431328,-0.07356384,0.3144435,-0.37723824,-0.08663753,0.24856694,-0.4371479,-0.013970208,0.310545,-0.54442185,-0.08446282,0.28022408,-0.39264464,-0.11844808,0.24296483,-0.27077752,-0.12015844,0.15752988,-0.47044572,-0.024048291,0.21455677,-0.5686584,-0.11336039,0.19043647,-0.3812991,-0.14647952,0.15729211,-0.24241184,-0.14141296,0.05521124,-0.49066725,-0.045650676,0.10093603,-0.5580505,-0.13777989,0.10478424,-0.376313,-0.15890872,0.09060709,-0.24227302,-0.13948059,-0.050449863,-0.5056037,-0.06861426,-0.04736775,-0.7300884,-0.1148053,-0.034690697,-0.8713566,-0.13139124,-0.020657707,-0.9997866,-0.13061792
J,Cristhian,Right,0.0,0.0,0.0,0.18075082,-0.008679946,-0.054564584,0.35769594,-0.110512435,-0.07836724,0.43494353,-0.2665221,-0.10686354,0.36432475,-0.38999113,-0.12617607,0.28678614,-0.43425193,-0.017691014,0.3585173,-0.5476392,-0.09601199,0.31816873,-0.38464287,-0.13285957,0.274253,-0.26810062,-0.13491772,0.19318397,-0.4714631,-0.026353408,0.25848207,-0.58517003,-0.12591027,0.22840536,-0.38518786,-0.16374893,0.19230163,-0.24675478,-0.15944624,0.08894227,-0.49591506,-0.04878103,0.14754656,-0.5727349,-0.15097077,0.14676933,-0.37536386,-0.17173158,0.13028783,-0.23910673,-0.14937496,-0.018033506,-0.5146912,-0.07375556,0.0008428759,-0.7338098,-0.11936632,0.021375591,-0.86964643,-0.13154241,0.041436367,-0.99914116,-0.12737203
J,Cristhian,Right,0.0,0.0,0.0,0.18036032,-0.010604916,-0.055339947,0.35811692,-0.110016495,-0.081663564,0.43286327,-0.26551935,-0.112354666,0.36164623,-0.38735154,-0.13370879,0.28446347,-0.4374295,-0.022023614,0.35378352,-0.54669416,-0.102693215,0.312414,-0.382683,-0.14123142,0.26735345,-0.2634109,-0.14407599,0.19150457,-0.47608066,-0.030183107,0.25590283,-0.58682996,-0.13227755,0.21995248,-0.3820287,-0.17015891,0.1784355,-0.23794661,-0.16443361,0.088010386,-0.5007256,-0.051922746,0.14133021,-0.5738808,-0.15428755,0.13942865,-0.37654045,-0.17497252,0.12317037,-0.23714411,-0.15148136,-0.017945722,-0.51675546,-0.076328464,-0.0003595137,-0.7353604,-0.12314912,0.018785572,-0.87145466,-0.13684781,0.037354417,-0.9993021,-0.13269866
J,Cristhian,Right,0.0,0.0,0.0,0.18353917,-0.0051935553,-0.061589602,0.36059594,-0.09882638,-0.09066093,0.4340534,-0.25566962,-0.12399559,0.35892954,-0.37908164,-0.14780994,0.28449214,-0.42565432,-0.025721956,0.3502345,-0.5391381,-0.11427116,0.31071767,-0.37416205,-0.15801246,0.26741177,-0.2506109,-0.16258827,0.18738236,-0.4679307,-0.031845838,0.24522328,-0.5776275,-0.14040747,0.21513055,-0.37024236,-0.1812894,0.18058695,-0.2243416,-0.17679127,0.08075032,-0.49392352,-0.052995633,0.12738772,-0.5640085,-0.16251574,0.13085292,-0.36313775,-0.18574508,0.12003004,-0.22239459,-0.16226886,-0.027547399,-0.51150244,-0.077195786,-0.009646718,-0.72934395,-0.12813927,0.0057832506,-0.86696446,-0.14367333,0.020310385,-0.9997937,-0.14004034
J,Cristhian,Right,0.0,0.0,0.0,0.17922826,0.013246015,-0.06601179,0.35854217,-0.067098685,-0.097668186,0.43917084,-0.21545038,-0.13340162,0.3714516,-0.33455697,-0.15895851,0.3093344,-0.40510747,-0.02699138,0.38160005,-0.5104576,-0.11979057,0.33352363,-0.35375664,-0.16705418,0.28079975,-0.23369777,-0.172604,0.21505311,-0.45369568,-0.032506917,0.27715734,-0.5579623,-0.14514521,0.23951018,-0.3619267,-0.18946116,0.20158894,-0.21920776,-0.18593912,0.11099685,-0.48903006,-0.0537102,0.1607971,-0.5501513,-0.16535464,0.14960237,-0.3555747,-0.19139849,0.13005047,-0.21747544,-0.16852884,0.0064934758,-0.5174046,-0.07862973,0.035802808,-0.7323984,-0.1284249,0.055572603,-0.86923766,-0.14358494,0.07466668,-0.99720854,-0.13910028
J,Cristhian,Right,0.0,0.0,0.0,0.17459808,-0.073981434,-0.03434724,0.3291631,-0.25742453,-0.04125489,0.38256085,-0.43237615,-0.05511573,0.30974892,-0.5259305,-0.06402463,0.20255904,-0.5250725,0.0073850006,0.25380468,-0.6466811,-0.055170037,0.26876068,-0.4937441,-0.091293216,0.2605442,-0.36081916,-0.09298087,0.10909152,-0.5352046,-0.0034676471,0.16130899,-0.64743376,-0.07987596,0.18036546,-0.4641813,-0.11666986,0.17708103,-0.31209135,-0.11523399,0.005551317,-0.53416127,-0.025720403,0.06286322,-0.6010058,-0.108487025,0.091023855,-0.42307717,-0.13184837,0.09358891,-0.27911586,-0.1140649,-0.10252517,-0.5212572,-0.04914633,-0.10906201,-0.74517745,-0.082483046,-0.106763564,-0.8843627,-0.089784004,-0.10175642,-0.9948093,-0.08272263
J,Cristhian,Right,0.0,0.0,0.0,0.17334159,-0.052684195,-0.04094911,0.31431615,-0.23550798,-0.04943039,0.36324707,-0.41271964,-0.06451198,0.29055873,-0.50626975,-0.072253235,0.18059486,-0.49555126,0.0007610716,0.2230887,-0.62382597,-0.067750424,0.23356321,-0.46513724,-0.10141375,0.22338206,-0.3287257,-0.101198785,0.090758525,-0.5071654,-0.0072458372,0.13551782,-0.6292822,-0.09968674,0.15221512,-0.43629307,-0.13788462,0.1454727,-0.2798499,-0.13243648,-0.008239682,-0.5056378,-0.027649581,0.037124638,-0.5929024,-0.12301286,0.07409514,-0.40872684,-0.14560655,0.08278401,-0.26145282,-0.122918434,-0.11022174,-0.49715304,-0.04955296,-0.116008595,-0.7174572,-0.09684501,-0.113712385,-0.8647507,-0.1137332,-0.111833684,-0.9937269,-0.11054166
J,Cristhian,Right,0.0,0.0,0.0,0.19419046,-0.12842742,-0.05081817,0.34544995,-0.30884823,-0.08049998,0.4102426,-0.5014474,-0.1190732,0.35272175,-0.66509855,-0.1528771,0.16883616,-0.63304776,-0.0022417363,0.21294993,-0.776676,-0.08699876,0.2404742,-0.64405215,-0.14716128,0.2429802,-0.49560374,-0.16624343,0.0575275,-0.6554269,-0.016412968,0.10615945,-0.8310617,-0.12187,0.14992796,-0.6541315,-0.18474345,0.16253276,-0.4685574,-0.19824944,-0.06695699,-0.6535988,-0.043364096,-0.021581238,-0.85943276,-0.13455524,0.05216398,-0.7134459,-0.1673459,0.100303836,-0.55382335,-0.16168864,-0.1979728,-0.61976904,-0.07389279,-0.26581573,-0.83254653,-0.11779328,-0.23407748,-0.928902,-0.13181056,-0.17501256,-0.9845662,-0.13063869
J,Cristhian,Right,0.0,0.0,0.0,0.17469925,-0.091488674,-0.04680284,0.30815017,-0.25379786,-0.06404885,0.3729317,-0.41261727,-0.08787462,0.38722703,-0.56564254,-0.10325068,0.15643732,-0.50090396,0.001049993,0.20313765,-0.625247,-0.06897401,0.23628719,-0.5064333,-0.10665949,0.23904265,-0.3815922,-0.10788016,0.069696516,-0.5188638,-0.0051338905,0.124411665,-0.63073415,-0.10456789,0.17280938,-0.47287336,-0.15324035,0.1827027,-0.32897884,-0.1547916,-0.023590066,-0.5269065,-0.024137301,0.023766465,-0.63461894,-0.118016645,0.098759115,-0.49820852,-0.14845617,0.13241787,-0.37256378,-0.13409324,-0.120875746,-0.52236646,-0.045346458,-0.1388015,-0.7358221,-0.089377,-0.14230692,-0.8705909,-0.104193054,-0.14883715,-0.98886174,-0.09991721
J,Cristhian,Right,0.0,0.0,0.0,0.16773376,-0.079663485,-0.054210287,0.2990075,-0.26373488,-0.07174763,0.34063503,-0.44409484,-0.09024407,0.29081652,-0.5802816,-0.10042671,0.17240769,-0.4983563,-0.012902472,0.21650718,-0.606195,-0.08150513,0.22491331,-0.47177026,-0.11715987,0.21972068,-0.35678026,-0.1195178,0.07928221,-0.5182019,-0.013839869,0.13116515,-0.6318753,-0.1108174,0.15440401,-0.45804137,-0.15370774,0.15679632,-0.31260994,-0.15109317,-0.02137203,-0.52854,-0.027261311,0.022148376,-0.6371499,-0.11437167,0.08715263,-0.50038207,-0.1411046,0.12257375,-0.376404,-0.12687205,-0.12513089,-0.525061,-0.043188732,-0.13831879,-0.74135137,-0.07841861,-0.14220782,-0.8744277,-0.08949703,-0.14743789,-0.9890713,-0.085478365
J,Cristhian,Right,0.0,0.0,0.0,0.15447459,-0.08965923,-0.044022325,0.2727516,-0.2846184,-0.055324636,0.30752525,-0.4621481,-0.069776714,0.25757,-0.5913022,-0.07779796,0.12455895,-0.500621,-0.0040838597,0.15989381,-0.6163809,-0.057258554,0.19576868,-0.5009652,-0.08597011,0.21171713,-0.39505228,-0.08753272,0.037001017,-0.5109991,-0.009074254,0.08327666,-0.62453806,-0.09194094,0.13346756,-0.47409022,-0.13522515,0.15224782,-0.3384028,-0.13742696,-0.05655513,-0.5137124,-0.024285061,-0.0114284605,-0.63186467,-0.10450627,0.07465302,-0.51187265,-0.13552094,0.12239052,-0.39437163,-0.12700465,-0.15196665,-0.5035364,-0.04094819,-0.17089672,-0.72534364,-0.07611624,-0.17600995,-0.86572146,-0.08976848,-0.18136185,-0.98341644,-0.08902125
J,Cristhian,Right,0.0,0.0,0.0,0.09179933,-0.17955843,0.0089266775,0.102855586,-0.37932956,0.017778937,0.08625611,-0.5239758,0.010114261,0.05515341,-0.6351058,0.006870143,-0.01281847,-0.49472597,0.03625213,-0.006727477,-0.5924049,-0.0014816974,0.033936843,-0.5644177,-0.017774474,0.06777295,-0.5412382,-0.014642785,-0.07426674,-0.48333585,0.0043248585,-0.014789046,-0.5618673,-0.078831166,0.07730991,-0.45496562,-0.11534466,0.13741112,-0.3556793,-0.11379279,-0.14100954,-0.46996054,-0.034819998,-0.07809984,-0.55740076,-0.13023575,0.042996142,-0.48333636,-0.16480681,0.12041704,-0.40807134,-0.15486847,-0.20994003,-0.4529869,-0.069967255,-0.279683,-0.66838026,-0.1181295,-0.32252908,-0.8117454,-0.1361192,-0.35378915,-0.9353252,-0.13721049
J,Cristhian,Right,0.0,0.0,0.0,-0.047745816,-0.1721416,0.24710165,-0.09772377,-0.3156091,0.3492759,-0.06852722,-0.4474588,0.40213308,-0.025181951,-0.55848265,0.4460949,-0.31320137,-0.42,0.20655887,-0.13672085,-0.5876073,0.24864039,-0.023665238,-0.5301046,0.2557356,0.019150654,-0.45787337,0.2492226,-0.26101604,-0.43364784,0.07640121,-0.07641281,-0.6302573,0.12203319,0.045885302,-0.52934754,0.13323173,0.10115838,-0.4281965,0.12570775,-0.18670028,-0.44861585,-0.035355538,-0.009219863,-0.6484655,0.002263031,0.10243743,-0.5298189,0.040378157,0.15176438,-0.41921967,0.052083485,-0.09885392,-0.47905594,-0.1286546,-0.109823674,-0.7056326,-0.14038163,-0.113951705,-0.85075146,-0.13820969,-0.124838635,-0.99217707,-0.14031738
J,Cristhian,Left,0.0,0.0,0.0,-0.18557589,-0.10201331,0.046011195,-0.272935,-0.2856791,0.06694196,-0.2380142,-0.4350522,0.078350164,-0.14279062,-0.5021398,0.09143498,-0.2062871,-0.4532293,0.031625,-0.21376668,-0.52182615,0.026083348,-0.18377304,-0.43281883,0.01878595,-0.15286212,-0.36962816,0.01580027,-0.10907743,-0.4781372,0.0018297313,-0.105036765,-0.5402013,-0.0046169013,-0.078710794,-0.4069748,-0.0146813,-0.056779426,-0.31538555,-0.023555836,-0.011890207,-0.4871948,-0.025596948,-0.0002624723,-0.5498901,-0.028542692,0.007229093,-0.41135678,-0.03169642,0.01659351,-0.29393932,-0.03630067,0.097657286,-0.48523837,-0.0480232,0.11797816,-0.7213443,-0.067372315,0.12376191,-0.8680715,-0.08494997,0.12481998,-0.9921794,-0.09814808
J,Cristhian,Right,0.0,0.0,0.0,-0.17060718,-0.11401469,0.066358075,-0.2603959,-0.2770665,0.09119382,-0.24223804,-0.43701792,0.104513235,-0.1697338,-0.5197802,0.117654115,-0.26976377,-0.4643767,0.031592585,-0.19540459,-0.59647423,0.060779016,-0.1473637,-0.52693677,0.0805267,-0.14376946,-0.44652417,0.09188579,-0.16186999,-0.54122025,0.00066329486,-0.079918854,-0.61306614,0.046606496,-0.045230087,-0.51661843,0.056306954,-0.050530925,-0.43684798,0.05129388,-0.035695747,-0.5666413,-0.01805368,0.020507779,-0.6391126,0.008675555,0.038582753,-0.5448581,0.019123973,0.03112257,-0.46269262,0.019497665,0.09460763,-0.55977684,-0.027959015,0.11643744,-0.7730756,-0.011508171,0.13433023,-0.89495724,0.0092185475,0.14176218,-0.98990077,0.024761239
J,Cristhian,Right,0.0,0.0,0.0,-0.18869779,-0.09512965,0.03468448,-0.30889624,-0.22761077,0.040159278,-0.3101559,-0.3857307,0.036443256,-0.24893242,-0.4802122,0.034022536,-0.30691153,-0.4700618,-0.0007112601,-0.22904085,-0.5652826,0.0073983883,-0.18440965,-0.48739502,0.014301036,-0.1865091,-0.39659026,0.01639022,-0.19625519,-0.5461557,-0.03188553,-0.1124443,-0.57730144,-0.01108881,-0.08220002,-0.48256552,-0.01415857,-0.0871215,-0.39568886,-0.026720488,-0.068576254,-0.56997657,-0.055215016,-0.0063647893,-0.59784025,-0.059040703,0.013471076,-0.48896527,-0.056983575,0.0036603995,-0.3976098,-0.05691427,0.061869796,-0.5548372,-0.07254929,0.065815896,-0.7707066,-0.08690397,0.077424094,-0.8967522,-0.07547568,0.085578635,-0.9963314,-0.06264695
J,Cristhian,Right,0.0,0.0,0.0,-0.19172889,-0.099144906,0.031416964,-0.32278886,-0.23625472,0.039356966,-0.3579207,-0.39712864,0.04525629,-0.31870332,-0.48518735,0.054386288,-0.3021412,-0.5107629,-0.015316566,-0.20878863,-0.58344424,0.016096197,-0.164195,-0.50214577,0.042796012,-0.16750324,-0.41067395,0.05467706,-0.17011827,-0.580288,-0.038139634,-0.0933662,-0.605725,0.00014036908,-0.06254673,-0.5135216,0.007868521,-0.061440293,-0.42521757,0.0001562215,-0.03357026,-0.59518117,-0.04893992,0.0148167135,-0.61874896,-0.037318196,0.03520354,-0.5134388,-0.02747873,0.031103363,-0.41773278,-0.026574899,0.101117015,-0.56768584,-0.0529325,0.10018651,-0.781337,-0.057320833,0.10942914,-0.9016171,-0.040446796,0.112249695,-0.99368006,-0.026034148
J,Cristhian,Right,0.0,0.0,0.0,-0.11113492,-0.21955906,0.06630991,-0.1410006,-0.41417304,0.08075174,-0.08845167,-0.5509636,0.07402665,-0.014441422,-0.6263583,0.061185338,-0.17036574,-0.55171907,0.03907356,-0.077810004,-0.7580347,0.043218464,-0.046762265,-0.868741,0.05605194,-0.046810005,-0.9493793,0.06466549,-0.08468701,-0.58477896,-0.010942676,0.05310278,-0.6373607,-0.02566181,0.077821404,-0.51713157,-0.029141678,0.053502116,-0.43634614,-0.02574386,0.023972133,-0.57204133,-0.052897945,0.13647495,-0.63307744,-0.092314914,0.1559697,-0.49863136,-0.08226151,0.13042887,-0.417434,-0.0596415,0.14361262,-0.5291847,-0.08576283,0.20146583,-0.7606034,-0.10633704,0.2492686,-0.86840755,-0.08394424,0.27878928,-0.9603523,-0.05653275
J,Cristhian,Right,0.0,0.0,0.0,0.16454303,-0.050470963,-0.030672787,0.3126852,-0.19759531,-0.041291807,0.38951305,-0.3376035,-0.06088091,0.3456859,-0.4417978,-0.07518425,0.20542502,-0.4696918,-0.0057953126,0.27641997,-0.5533498,-0.079561196,0.28845817,-0.39148134,-0.11986101,0.28081104,-0.26780817,-0.1236377,0.123741664,-0.48766655,-0.021150796,0.20540328,-0.56073266,-0.110476784,0.2246958,-0.37382993,-0.14785618,0.21968879,-0.23135841,-0.14632216,0.033851326,-0.49313492,-0.04834412,0.117705666,-0.5448749,-0.1410493,0.16415821,-0.3807795,-0.17004846,0.17811145,-0.25058392,-0.15526903,-0.05676979,-0.49218732,-0.075930856,-0.027897183,-0.72989744,-0.122655146,-0.00667113,-0.88078135,-0.14167947,0.016288081,-0.9998673,-0.14167328
J,Cristhian,Right,0.0,0.0,0.0,0.18010567,-0.034272566,-0.057368208,0.3537467,-0.15525317,-0.07884511,0.4259825,-0.30695534,-0.104418404,0.37541774,-0.42494294,-0.11954501,0.27087322,-0.45323962,-0.016260957,0.31142896,-0.54435927,-0.10380116,0.29155627,-0.37841478,-0.14477384,0.26914108,-0.24324645,-0.14517587,0.1697626,-0.4827788,-0.020641217,0.20795144,-0.56332904,-0.13487737,0.1970701,-0.36081588,-0.17682822,0.18420933,-0.2122228,-0.17008898,0.06434884,-0.49993536,-0.040109906,0.093128726,-0.5705331,-0.15173844,0.11331701,-0.3829078,-0.17745826,0.12317586,-0.24446242,-0.15415618,-0.04008526,-0.50700897,-0.062399343,-0.037648257,-0.72404885,-0.11485295,-0.037851952,-0.8660887,-0.13202113,-0.03339373,-0.9994423,-0.12750632
J,Cristhian,Right,0.0,0.0,0.0,0.17967242,-0.024820892,-0.062307622,0.34938088,-0.1432149,-0.08818833,0.41284657,-0.30613422,-0.11727309,0.35008737,-0.41780052,-0.13522217,0.26607475,-0.45255008,-0.028389059,0.29666552,-0.548724,-0.11636553,0.26131877,-0.37387478,-0.15700236,0.232033,-0.2364317,-0.15912746,0.16069171,-0.48996907,-0.030613184,0.18518962,-0.56100917,-0.14477786,0.16358688,-0.35239783,-0.1834651,0.14625843,-0.20581533,-0.17650828,0.052970503,-0.5064753,-0.04737811,0.06793667,-0.5757828,-0.15634824,0.07511791,-0.37501758,-0.17289954,0.07834863,-0.22833548,-0.14548251,-0.053130597,-0.50722003,-0.06815663,-0.05855608,-0.7228957,-0.121889696,-0.062326558,-0.8640241,-0.13759936,-0.059417173,-0.99823326,-0.13221924
J,Cristhian,Right,0.0,0.0,0.0,0.17143376,-0.032409534,-0.07624362,0.323348,-0.14395666,-0.11437683,0.37565112,-0.30187982,-0.15373556,0.3127554,-0.4208851,-0.1802704,0.25006196,-0.44962615,-0.042551786,0.26821068,-0.54530334,-0.141139,0.23628171,-0.37389356,-0.189764,0.2097021,-0.23982407,-0.1959697,0.1447844,-0.48735085,-0.039937623,0.15896134,-0.56212735,-0.16068707,0.13986929,-0.35621837,-0.20300213,0.12463368,-0.21445541,-0.19820587,0.037787765,-0.5045312,-0.053102512,0.04974583,-0.5825451,-0.16419275,0.053003307,-0.38566476,-0.17790647,0.051809277,-0.2393513,-0.14855663,-0.06534628,-0.5066766,-0.071879335,-0.08019473,-0.72479767,-0.12612486,-0.08267031,-0.8653689,-0.13980126,-0.07863041,-0.99690384,-0.13223715
J,Cristhian,Right,0.0,0.0,0.0,0.17296408,-0.030839484,-0.09070123,0.3328761,-0.14780354,-0.13816088,0.38321787,-0.3180985,-0.18412004,0.30831409,-0.44038397,-0.21667528,0.26016876,-0.47650942,-0.06728063,0.27103084,-0.57743317,-0.1774252,0.23413768,-0.3984046,-0.2308779,0.20549624,-0.25389358,-0.23822576,0.14524718,-0.5076238,-0.06050569,0.15521608,-0.58917737,-0.19316088,0.12906976,-0.37677902,-0.23839782,0.112927854,-0.22583339,-0.23286091,0.033567168,-0.5151703,-0.070147336,0.040506154,-0.59528154,-0.19184297,0.035993222,-0.39499348,-0.20723602,0.03484117,-0.24223292,-0.17560941,-0.07249097,-0.50711066,-0.08608758,-0.08530726,-0.7282387,-0.14467137,-0.09545517,-0.8685366,-0.15822992,-0.10087849,-0.99489874,-0.1486958
J,Cristhian,Right,0.0,0.0,0.0,0.1660892,-0.025826156,-0.08960448,0.32636017,-0.16162185,-0.1328886,0.37649766,-0.33957696,-0.17098905,0.28750545,-0.4302168,-0.19902997,0.26346332,-0.47709486,-0.055920787,0.25674868,-0.5683151,-0.14453086,0.2090703,-0.40753943,-0.1969456,0.1851215,-0.27941716,-0.21543303,0.15504245,-0.52299,-0.046436816,0.15127634,-0.5897716,-0.15720707,0.123666964,-0.41596466,-0.19928405,0.11227715,-0.27893865,-0.19802915,0.046280507,-0.5399749,-0.05436413,0.04773873,-0.6938997,-0.14693432,0.056110132,-0.68666434,-0.17934504,0.06902392,-0.6704489,-0.17572351,-0.058915373,-0.5322344,-0.068288825,-0.08444042,-0.7427169,-0.11682906,-0.104341954,-0.876142,-0.13802835,-0.12228873,-0.9924946,-0.14205451
J,Cristhian,Right,0.0,0.0,0.0,0.16587906,-0.037163753,-0.088130444,0.32287714,-0.1820553,-0.122494966,0.36269185,-0.3717666,-0.15334861,0.266437,-0.45493755,-0.17243889,0.242329,-0.49358392,-0.04531922,0.23344605,-0.5802945,-0.1343678,0.20166153,-0.41140613,-0.18207592,0.18380904,-0.28029153,-0.18935312,0.1351339,-0.52086186,-0.033700608,0.12656073,-0.582154,-0.14190292,0.11076765,-0.38194174,-0.18464519,0.101327084,-0.24553275,-0.18134211,0.02901212,-0.52438205,-0.03765646,0.009616484,-0.58985287,-0.14418806,0.010246472,-0.41957116,-0.16985616,0.010826687,-0.28801617,-0.14877453,-0.075325646,-0.5126086,-0.046586253,-0.10409219,-0.7327213,-0.095100895,-0.12387612,-0.87462527,-0.10913567,-0.14184305,-0.98988914,-0.101986244
J,Cristhian,Right,0.0,0.0,0.0,0.162242,-0.08070703,-0.09381738,0.29423153,-0.2726599,-0.13330677,0.31637737,-0.46522024,-0.17289265,0.2147709,-0.5400299,-0.200104,0.20141912,-0.57387686,-0.045732263,0.2012871,-0.68784255,-0.15549117,0.17420036,-0.5335916,-0.21279518,0.16201568,-0.40115067,-0.22356984,0.07374579,-0.58019125,-0.039418273,0.06615524,-0.66468346,-0.1807291,0.06251057,-0.43238628,-0.22858936,0.070655406,-0.2688973,-0.21837614,-0.04921156,-0.55467194,-0.052378736,-0.06989866,-0.59045076,-0.18930593,-0.046269868,-0.37899303,-0.20891139,-0.021053955,-0.23141128,-0.17321743,-0.16172202,-0.5125045,-0.071495436,-0.20490861,-0.7157085,-0.132089,-0.24120952,-0.84398794,-0.14020051,-0.26836857,-0.9633163,-0.12525973
J,Cristhian,Right,0.0,0.0,0.0,0.16185401,-0.034789495,-0.068273135,0.32643765,-0.21648066,-0.10131902,0.3812145,-0.4013501,-0.1299072,0.27298063,-0.47603598,-0.14939515,0.23429519,-0.5015529,-0.0142244,0.24683502,-0.59761864,-0.07968579,0.20759244,-0.44432172,-0.12909305,0.17928475,-0.31705287,-0.15423286,0.1306028,-0.54123396,-0.016594917,0.15421927,-0.6521688,-0.117440134,0.12760688,-0.43701142,-0.15846168,0.11590372,-0.2583457,-0.15308645,0.019684859,-0.55502886,-0.035411626,0.05000727,-0.77036154,-0.111926265,0.06396218,-0.8830059,-0.14830016,0.078338675,-0.9804064,-0.1540325,-0.09673397,-0.5336215,-0.05771109,-0.1287026,-0.7430906,-0.09402311,-0.16010524,-0.8632112,-0.10441834,-0.19032067,-0.981722,-0.10639131
J,Cristhian,Right,0.0,0.0,0.0,0.17024617,-0.023206571,-0.05737176,0.33224878,-0.1539285,-0.0801847,0.39520636,-0.31229678,-0.106864974,0.3438896,-0.42586014,-0.123993784,0.24316381,-0.46888894,-0.024912443,0.28336707,-0.55756223,-0.10838139,0.25234848,-0.39519817,-0.14932726,0.21668665,-0.25609642,-0.15134433,0.1434327,-0.49951735,-0.027767971,0.17962943,-0.5763905,-0.13012898,0.15930982,-0.37711984,-0.16746229,0.13856582,-0.22468087,-0.1615928,0.03444832,-0.5126865,-0.044437364,0.06251112,-0.57362837,-0.14417781,0.07101043,-0.386865,-0.16436125,0.070950136,-0.24307717,-0.14163277,-0.07646314,-0.51182884,-0.06423578,-0.08243541,-0.7251261,-0.11224832,-0.09056862,-0.8672489,-0.12705,-0.0947314,-0.9955029,-0.12234333
J,Cristhian,Right,0.0,0.0,0.0,0.17163955,-0.0012310741,-0.06676891,0.34618014,-0.10679584,-0.09332645,0.42618132,-0.25788522,-0.12180711,0.3853878,-0.39442557,-0.13817209,0.2893929,-0.42802733,-0.025498865,0.34004694,-0.51559436,-0.112024665,0.29652357,-0.35362476,-0.15303867,0.25657666,-0.22955905,-0.15547763,0.19443963,-0.4732075,-0.027152956,0.24241939,-0.5579602,-0.1351793,0.21229644,-0.3627454,-0.1747752,0.18805002,-0.22229782,-0.16935083,0.09005973,-0.50310135,-0.04466039,0.12897828,-0.5679689,-0.14979662,0.13634574,-0.3892425,-0.17491391,0.13674678,-0.2567851,-0.15507479,-0.01475632,-0.522994,-0.065971166,-0.0019509994,-0.7341466,-0.11515015,0.00057207,-0.8732716,-0.13250676,0.0064456,-0.9999792,-0.13031375
J,Cristhian,Right,0.0,0.0,0.0,0.16912352,-0.012322709,-0.057203006,0.34540465,-0.17390832,-0.06541205,0.41414586,-0.3571426,-0.07459917,0.3436661,-0.4641822,-0.0729765,0.23860312,-0.45372713,-0.009844714,0.2947239,-0.5536529,-0.07602957,0.2779489,-0.38880342,-0.102583356,0.25723925,-0.2803768,-0.097167134,0.15347518,-0.48452815,-0.005604442,0.20313874,-0.56866956,-0.09142585,0.19038668,-0.36946827,-0.11834476,0.17324537,-0.24894394,-0.106953256,0.059942067,-0.5072847,-0.014950434,0.09947434,-0.57618743,-0.10559455,0.09693638,-0.38732308,-0.118025646,0.07834643,-0.2601466,-0.09036437,-0.038390722,-0.52770954,-0.026959866,-0.01577049,-0.7435845,-0.06711956,0.005907624,-0.8781778,-0.074562065,0.023240346,-0.99972993,-0.06449613
J,Cristhian,Right,0.0,0.0,0.0,0.16889432,-0.03168462,-0.0699811,0.3372871,-0.20997073,-0.08807085,0.3914647,-0.40621644,-0.105926,0.31038466,-0.5155347,-0.11157103,0.23567434,-0.49278134,-0.015891189,0.26129702,-0.6166014,-0.09598444,0.2390364,-0.44926545,-0.13094057,0.21589865,-0.31147814,-0.12588498,0.13665871,-0.51447487,-0.010227311,0.15660335,-0.63005394,-0.11879507,0.14756389,-0.43044716,-0.15764336,0.1356471,-0.27899507,-0.14343719,0.033462394,-0.52472854,-0.019538363,0.05116918,-0.6130897,-0.12207384,0.059076477,-0.4249324,-0.13857602,0.058601916,-0.28030643,-0.10477723,-0.07216441,-0.53239626,-0.032856625,-0.049451802,-0.7544049,-0.07116841,-0.023332639,-0.8895271,-0.0748165,0.0021318253,-0.99999774,-0.057732068
J,Cristhian,Right,0.0,0.0,0.0,0.1712533,-0.020935172,-0.06784373,0.35060295,-0.18110843,-0.08766172,0.41178328,-0.3782561,-0.10983531,0.32756132,-0.5031887,-0.12134879,0.25860113,-0.47108328,-0.008696362,0.29167524,-0.58276296,-0.094043165,0.2574412,-0.4185017,-0.13498859,0.22645347,-0.28792956,-0.13388243,0.15900625,-0.5079615,-0.005088797,0.18747273,-0.6131831,-0.116903685,0.15850683,-0.39610577,-0.15658095,0.13070215,-0.23778778,-0.14214462,0.054085214,-0.52704763,-0.016952455,0.0801973,-0.6110522,-0.124417245,0.061820924,-0.4005159,-0.1365169,0.04259429,-0.24376655,-0.0975483,-0.056405406,-0.53606534,-0.032848187,-0.022751054,-0.75413877,-0.07400555,0.013006424,-0.8881468,-0.07688805,0.048181355,-0.9988386,-0.058182366
J,Cristhian,Right,0.0,0.0,0.0,0.18200979,-0.047854804,-0.071064785,0.35323521,-0.22518858,-0.08927227,0.40455905,-0.43646526,-0.10848247,0.3176766,-0.5641912,-0.11708878,0.23881932,-0.5014229,0.004145043,0.2677832,-0.6139746,-0.07888924,0.24459961,-0.4522331,-0.121941544,0.21679315,-0.31341416,-0.12023871,0.13857186,-0.52577776,0.01356143,0.1675456,-0.6412474,-0.09694382,0.15203117,-0.4366032,-0.14514688,0.12775636,-0.274951,-0.13471544,0.03634676,-0.5412504,0.0075219786,0.061665658,-0.63250375,-0.095301,0.05876015,-0.4327118,-0.11535143,0.044023648,-0.27954262,-0.08127994,-0.07279891,-0.54799753,-0.0025240316,-0.053289633,-0.7661582,-0.03679164,-0.02609284,-0.8943926,-0.038431134,-0.0016911038,-0.99999857,-0.018148592
J,Cristhian,Right,0.0,0.0,0.0,0.17260002,-0.070668906,-0.0717746,0.33401275,-0.25998297,-0.09559418,0.36291218,-0.4751536,-0.120302856,0.26245365,-0.5764441,-0.13429676,0.21790381,-0.5223607,-0.00043714876,0.2331513,-0.6429889,-0.07877201,0.21660285,-0.4842309,-0.11889793,0.19914415,-0.35507482,-0.1184297,0.11449297,-0.54288155,0.0052744965,0.13354762,-0.65161604,-0.10044863,0.12508036,-0.4458921,-0.1451725,0.10548543,-0.29221734,-0.13424735,0.009324835,-0.55058616,-0.00402017,0.031693485,-0.66600794,-0.10188795,0.04924183,-0.47760972,-0.119576186,0.049897704,-0.32449332,-0.08695193,-0.10080506,-0.54439026,-0.017360799,-0.09634837,-0.7612004,-0.048967376,-0.080967374,-0.8879119,-0.048217185,-0.06686103,-0.9977623,-0.027982416
J,Cristhian,Right,0.0,0.0,0.0,0.1796209,-0.09780305,-0.058029104,0.32284284,-0.30383256,-0.06891885,0.35236284,-0.5280339,-0.08313256,0.26013818,-0.63697934,-0.08891433,0.20044208,-0.53103364,0.013923075,0.20979737,-0.6778789,-0.063486814,0.20442286,-0.532372,-0.10651888,0.19838066,-0.39420715,-0.10921906,0.09633371,-0.53919226,0.016321523,0.09878315,-0.69445604,-0.089016005,0.105995506,-0.50832987,-0.13868238,0.10837708,-0.35463092,-0.1338307,-0.008006394,-0.5321145,0.0045485552,-0.0060006697,-0.65552545,-0.09756936,0.009820534,-0.47167385,-0.11887403,0.017691245,-0.32281572,-0.089492425,-0.11917274,-0.5146898,-0.010068893,-0.12427057,-0.73605555,-0.05042581,-0.11780955,-0.8752837,-0.056406807,-0.11006868,-0.99392396,-0.04185456
J,Cristhian,Right,0.0,0.0,0.0,0.18754245,-0.0855633,-0.06357922,0.3347813,-0.28482136,-0.07525062,0.3621083,-0.5050096,-0.08999841,0.26068825,-0.6095639,-0.09600694,0.2013491,-0.5198649,0.012404446,0.21453084,-0.66348046,-0.06469097,0.2045071,-0.5286222,-0.105560996,0.19605222,-0.4078722,-0.108414166,0.10050275,-0.5277183,0.016646039,0.11158729,-0.6714218,-0.091965355,0.11388902,-0.4760088,-0.14106026,0.1112903,-0.32726845,-0.13556819,-0.0025960288,-0.52139825,0.005839273,0.009857305,-0.6432673,-0.102278695,0.018506996,-0.4485752,-0.123268984,0.018298382,-0.29736295,-0.09237663,-0.11612928,-0.50743294,-0.0080796555,-0.12077246,-0.7276499,-0.05429148,-0.11689171,-0.8707463,-0.063712895,-0.114043124,-0.9934758,-0.05097363
J,Cristhian,Right,0.0,0.0,0.0,0.17580125,-0.09028522,-0.07231498,0.32068214,-0.29016083,-0.08792683,0.34642985,-0.51197517,-0.104571074,0.24890225,-0.6218542,-0.11001049,0.1943691,-0.5281164,0.008839384,0.2015788,-0.6641883,-0.07530927,0.18786088,-0.5072331,-0.11881118,0.1771923,-0.3636013,-0.11865962,0.09133104,-0.5421584,0.018171087,0.090814665,-0.68149257,-0.0922724,0.08862179,-0.48796356,-0.13993189,0.08599507,-0.33487085,-0.13044971,-0.012434697,-0.5375929,0.010692775,-0.021454778,-0.6358468,-0.09685179,-0.0070978655,-0.44443962,-0.11652886,0.0036515384,-0.29576653,-0.08224773,-0.12407372,-0.5220109,-0.0008818455,-0.12367139,-0.73893684,-0.043281138,-0.11553614,-0.8759162,-0.048523024,-0.105185665,-0.9944526,-0.030713458
K,Cristhian,Right,0.0,0.0,0.0,0.08466025,-0.21634275,-0.0037698199,0.086748704,-0.40501964,-0.022145567,0.062168427,-0.5301898,-0.05559731,0.04521211,-0.66622937,-0.08563844,-0.10996228,-0.5457187,0.0014169787,-0.09763557,-0.74922675,-0.054163918,-0.09077709,-0.88243866,-0.088260055,-0.08711238,-0.9961985,-0.10956366,-0.15233137,-0.5060722,-0.0343917,-0.026678557,-0.7025147,-0.11639949,0.078993805,-0.80962694,-0.14828296,0.15728764,-0.8903791,-0.15535197,-0.16396418,-0.4396703,-0.07496878,0.031325042,-0.54842794,-0.15991466,0.08517345,-0.40299737,-0.14484583,0.0877904,-0.30706552,-0.11099198,-0.14613421,-0.3579669,-0.1181695,0.015118108,-0.44343477,-0.16972254,0.05208751,-0.34343883,-0.14818646,0.03827671,-0.2738839,-0.11776304
K,Cristhian,Right,0.0,0.0,0.0,0.08502078,-0.2146622,-0.0065839416,0.08634268,-0.3928218,-0.025503436,0.053356938,-0.50235415,-0.059037827,0.011811544,-0.61734587,-0.08919731,-0.117978014,-0.5528322,-0.004181048,-0.1091827,-0.7511201,-0.05724732,-0.10586015,-0.8801198,-0.08908894,-0.10462055,-0.9945122,-0.10915738,-0.16590682,-0.5160804,-0.038267322,-0.035832897,-0.7107535,-0.118732564,0.06742522,-0.8230624,-0.14960553,0.14542831,-0.9049433,-0.15567221,-0.18470395,-0.44807616,-0.07709881,0.01359361,-0.54781324,-0.15900904,0.06509153,-0.39958793,-0.14719854,0.06909685,-0.2990112,-0.11584024,-0.1725065,-0.36264274,-0.11896144,-0.008560016,-0.43965977,-0.17043442,0.03016592,-0.33903313,-0.15341182,0.020366756,-0.26824316,-0.1258555
K,Cristhian,Right,0.0,0.0,0.0,0.07530862,-0.2270072,-0.0058744554,0.075165704,-0.43219632,-0.026380878,0.05729163,-0.56899774,-0.061233237,0.06127265,-0.7062994,-0.09313419,-0.12233637,-0.5602073,-0.0034956199,-0.116545744,-0.75270265,-0.051388137,-0.12505363,-0.8785044,-0.08324484,-0.13778321,-0.9904624,-0.10729249,-0.16433492,-0.5155372,-0.0374304,-0.018673303,-0.7105181,-0.11323984,0.09913354,-0.8137769,-0.14476262,0.1842343,-0.88839304,-0.15613505,-0.1757106,-0.4415212,-0.075457014,0.022192279,-0.55164564,-0.15212819,0.06081468,-0.41170177,-0.13886936,0.0478628,-0.31886372,-0.11286608,-0.15632658,-0.35447752,-0.11645512,0.005371306,-0.44944206,-0.1664477,0.0390755,-0.35358435,-0.14800225,0.018989595,-0.2835222,-0.12347813
K,Cristhian,Right,0.0,0.0,0.0,0.07704293,-0.2300139,-1.2845425e-05,0.07150209,-0.4310246,-0.021401387,0.046624336,-0.5572826,-0.057616312,0.031410616,-0.68493664,-0.091275744,-0.11575908,-0.54756075,-0.018557847,-0.090201244,-0.7492818,-0.071492255,-0.093173325,-0.8795466,-0.104603186,-0.10168191,-0.99481696,-0.12901685,-0.15305257,-0.50108886,-0.055973273,0.033158492,-0.6912345,-0.13732594,0.15568703,-0.7859331,-0.1661035,0.24168341,-0.86173797,-0.17581867,-0.15348901,-0.43278816,-0.09580627,0.0747237,-0.5338364,-0.16641772,0.105157375,-0.39713618,-0.14676617,0.08882575,-0.3092884,-0.11964781,-0.12147834,-0.3568329,-0.13937585,0.053484663,-0.43695593,-0.18203586,0.079157114,-0.34375304,-0.1607879,0.057389814,-0.28166702,-0.1364331
K,Cristhian,Right,0.0,0.0,0.0,0.06478687,-0.23021637,0.0012877751,0.054282904,-0.43323284,-0.018491607,0.02830648,-0.56182903,-0.05311199,0.022547694,-0.6879836,-0.086447336,-0.12971336,-0.53848696,-0.018114872,-0.10635725,-0.7417639,-0.075527355,-0.109912515,-0.8745019,-0.113397904,-0.1177722,-0.9930406,-0.14039993,-0.16896763,-0.49079975,-0.05536344,0.008546387,-0.66382813,-0.1371738,0.12346828,-0.76042944,-0.1684881,0.20578972,-0.83718866,-0.18051691,-0.17064513,-0.41886955,-0.09465974,0.045998294,-0.506666,-0.1682519,0.07810138,-0.36780006,-0.14985318,0.064296365,-0.27739152,-0.12248762,-0.14196694,-0.33944157,-0.1372465,0.025184141,-0.40865755,-0.18204,0.054304298,-0.31379527,-0.16028155,0.036104158,-0.24935012,-0.1341661
K,Cristhian,Right,0.0,0.0,0.0,0.08096904,-0.200744,-0.004830344,0.07964905,-0.37175477,-0.026120653,0.043367606,-0.477077,-0.06291964,0.014319382,-0.5835392,-0.09687686,-0.10869448,-0.54569805,-0.0035195292,-0.108219795,-0.74665076,-0.05213249,-0.12140935,-0.87674785,-0.080445856,-0.13469878,-0.99088657,-0.10072011,-0.1594133,-0.5062598,-0.039133854,-0.019995626,-0.7002035,-0.11795333,0.087038875,-0.7990413,-0.14571387,0.16565078,-0.8726114,-0.15163581,-0.18193442,-0.43686593,-0.079154894,0.013197822,-0.549094,-0.15914309,0.051025044,-0.4003907,-0.14433509,0.04115829,-0.3027772,-0.114445984,-0.17185153,-0.3507159,-0.12187279,-0.009628551,-0.43359575,-0.17384791,0.024650227,-0.3322332,-0.15528223,0.007036292,-0.2626917,-0.12883015
K,Cristhian,Right,0.0,0.0,0.0,0.085607134,-0.19572671,-0.00897229,0.09137812,-0.38683903,-0.02674076,0.05692165,-0.5118087,-0.0586562,0.019593881,-0.62620914,-0.08679805,-0.095032565,-0.54136956,0.003744451,-0.09121741,-0.74897057,-0.043793928,-0.09434703,-0.88285595,-0.06813066,-0.099669464,-0.9950206,-0.0837803,-0.14765537,-0.5052894,-0.027560905,-0.006250892,-0.723678,-0.1058922,0.10072133,-0.81573516,-0.1319244,0.17255495,-0.8846604,-0.1337537,-0.17576751,-0.44188178,-0.064732365,0.01721227,-0.55809915,-0.15023847,0.05408257,-0.40252113,-0.13866211,0.036802027,-0.3079278,-0.10775539,-0.17172669,-0.3596924,-0.10386906,-0.007884211,-0.44909173,-0.16037862,0.027995588,-0.34240544,-0.1437329,0.005480833,-0.27412486,-0.11730427
K,Cristhian,Right,0.0,0.0,0.0,0.012323282,-0.22832179,-0.0018299054,-0.019300869,-0.41974348,-0.023176761,-0.049101047,-0.55758715,-0.055166,-0.08121086,-0.6673528,-0.0834485,-0.22273143,-0.46394995,-0.022859452,-0.1970558,-0.7082135,-0.07382909,-0.19744147,-0.85783815,-0.107390895,-0.20562784,-0.97863024,-0.13038197,-0.22022618,-0.42262614,-0.055290435,-0.07438392,-0.6778348,-0.12958324,0.028008897,-0.8096793,-0.15651362,0.1008619,-0.90124816,-0.16593486,-0.18058115,-0.3752364,-0.08876956,0.013624689,-0.54468864,-0.15255998,0.057065655,-0.43638209,-0.13272753,0.055571184,-0.34626406,-0.10549535,-0.11448188,-0.33031386,-0.12550959,0.039469626,-0.46017262,-0.16179444,0.072243415,-0.37347785,-0.13831045,0.06617299,-0.2965658,-0.11160259
K,Cristhian,Right,0.0,0.0,0.0,0.006267574,-0.22421771,-0.0063002426,-0.01578322,-0.4353165,-0.028066395,-0.032232214,-0.58413994,-0.05956382,-0.043172065,-0.70618904,-0.08764828,-0.19721152,-0.5028711,-0.032040447,-0.18189788,-0.724436,-0.08148038,-0.18248208,-0.86471474,-0.11250078,-0.18777049,-0.98221296,-0.13419949,-0.19207032,-0.45385256,-0.06290081,-0.03988855,-0.6762232,-0.1326629,0.05824132,-0.80532855,-0.15785764,0.13015507,-0.9016825,-0.16890806,-0.15347353,-0.39141434,-0.095248796,0.046748117,-0.54751056,-0.15962188,0.07297646,-0.44474915,-0.14646298,0.057010807,-0.36372942,-0.12592535,-0.08948574,-0.3296386,-0.13081472,0.070428334,-0.4623687,-0.17123388,0.092675015,-0.37384403,-0.15470253,0.0751039,-0.2975607,-0.13428476
K,Cristhian,Right,0.0,0.0,0.0,0.12403013,-0.100778565,-0.062019736,0.19976726,-0.32271343,-0.07606815,0.18947226,-0.49007848,-0.092064984,0.1503884,-0.6198537,-0.10317592,0.10231995,-0.50853676,-0.027058965,0.12955567,-0.7269737,-0.06992096,0.14828038,-0.86536837,-0.088152535,0.17074266,-0.9853157,-0.0947558,0.021215022,-0.5031697,-0.027836105,0.06921011,-0.6595992,-0.0976673,0.13363643,-0.7648106,-0.124619976,0.19493344,-0.85418504,-0.12799765,-0.07106876,-0.46937144,-0.038882755,-0.0032881796,-0.54404473,-0.15273625,0.02436413,-0.35506418,-0.15629807,0.035348848,-0.21833089,-0.12026057,-0.1618404,-0.41641933,-0.05279788,-0.10166166,-0.50421304,-0.13837762,-0.062121935,-0.38251972,-0.13117407,-0.047482517,-0.28027195,-0.10139864
K,Cristhian,Right,0.0,0.0,0.0,0.14208731,-0.061679106,-0.072259255,0.2564856,-0.26956362,-0.08402083,0.26393285,-0.4483681,-0.09308581,0.23549284,-0.5874466,-0.099147074,0.21014933,-0.4508443,-0.04348203,0.27215412,-0.67005503,-0.08450853,0.30544809,-0.81543595,-0.10481426,0.33528304,-0.94211745,-0.114864215,0.110559784,-0.47138423,-0.039276775,0.14400537,-0.6101672,-0.11416809,0.17882936,-0.69885856,-0.14919585,0.21126959,-0.7734128,-0.15798207,0.0028875116,-0.4650651,-0.04381289,0.038137835,-0.5298669,-0.15918574,0.03415369,-0.3515466,-0.16996114,0.026909038,-0.22498809,-0.14003254,-0.10528232,-0.43682674,-0.05157942,-0.06262863,-0.5234224,-0.1398883,-0.046725992,-0.39650023,-0.1361291,-0.043504644,-0.29228306,-0.10943473
K,Cristhian,Right,0.0,0.0,0.0,0.16413175,-0.0629642,-0.0827142,0.29022908,-0.26092184,-0.10093499,0.29692262,-0.45499504,-0.117904104,0.25444907,-0.61505973,-0.13082351,0.24654114,-0.44385752,-0.022532377,0.31742415,-0.6460882,-0.07651619,0.3588329,-0.79182875,-0.110238284,0.39550576,-0.91846347,-0.13040425,0.14145178,-0.4721348,-0.019075764,0.16314976,-0.6137318,-0.12626293,0.17344052,-0.7001192,-0.18346179,0.18608351,-0.7764396,-0.19999808,0.031216335,-0.47266528,-0.027797025,0.061531857,-0.53693056,-0.175389,0.050466504,-0.3361213,-0.19470282,0.042817626,-0.2086782,-0.16105944,-0.08106953,-0.4613335,-0.040405355,-0.043097697,-0.521362,-0.15685709,-0.030740919,-0.37459603,-0.16446039,-0.025454374,-0.28229386,-0.13937387
K,Cristhian,Right,0.0,0.0,0.0,0.1321873,-0.10367021,-0.06539464,0.22165628,-0.31201926,-0.07873423,0.22475572,-0.47424164,-0.09403681,0.184333,-0.6037694,-0.105905995,0.15510629,-0.48970494,-0.018906264,0.20683853,-0.7033651,-0.06758909,0.24024506,-0.84206766,-0.09364047,0.27058834,-0.9626951,-0.104193054,0.058802444,-0.49514794,-0.019773647,0.08827651,-0.6708553,-0.10432553,0.114707604,-0.7583543,-0.14611383,0.13809219,-0.8223921,-0.15324126,-0.04547848,-0.47517014,-0.030505741,0.0030796353,-0.54366416,-0.15362296,0.021849079,-0.35047808,-0.16423462,0.029336594,-0.21219145,-0.12764472,-0.15071236,-0.43565995,-0.044218134,-0.10127037,-0.5113187,-0.13166521,-0.06857751,-0.37870687,-0.124586865,-0.05597778,-0.2765757,-0.09235978
K,Cristhian,Right,0.0,0.0,0.0,0.08003762,-0.15956698,-0.033800248,0.09950747,-0.34014505,-0.06055122,0.0790148,-0.46722376,-0.09570925,0.035378143,-0.59371805,-0.12610072,-0.059499674,-0.54743385,-0.03132937,-0.06449143,-0.7501249,-0.08892723,-0.06841875,-0.8797627,-0.12089636,-0.07316054,-0.9973202,-0.13983124,-0.13025875,-0.5097894,-0.05385046,-0.03611368,-0.6634494,-0.13658808,0.05686768,-0.7455423,-0.16547106,0.12404932,-0.81012905,-0.17001271,-0.18307671,-0.43399316,-0.083792545,-0.02505967,-0.4929938,-0.17915161,0.029621236,-0.3370385,-0.1729383,0.032896683,-0.24275142,-0.14237988,-0.21145447,-0.3374135,-0.117495246,-0.07225292,-0.38909712,-0.18323375,-0.03038458,-0.28307378,-0.17220496,-0.04235808,-0.21503848,-0.14689492
K,Cristhian,Right,0.0,0.0,0.0,0.04434606,-0.24257791,0.0037089654,0.025115632,-0.43919092,-0.022252375,0.003614678,-0.5720494,-0.065279186,-0.0044181123,-0.71557415,-0.10737642,-0.18933317,-0.5040655,-0.019138942,-0.19017477,-0.71651095,-0.084479764,-0.20385148,-0.85694003,-0.12878664,-0.22027847,-0.97543705,-0.15904832,-0.21727139,-0.44222486,-0.06330537,-0.089772604,-0.66046596,-0.15654382,0.009771594,-0.7830833,-0.19467333,0.08178341,-0.86674166,-0.20843989,-0.20559537,-0.366649,-0.10944968,-0.00993908,-0.5119227,-0.1957659,0.048968844,-0.3873054,-0.17924762,0.051613875,-0.2946187,-0.14921191,-0.16495372,-0.28898227,-0.15806617,-0.007399351,-0.41341048,-0.21091345,0.03515922,-0.3242071,-0.1880612,0.024412284,-0.24910954,-0.15889823
K,Cristhian,Right,0.0,0.0,0.0,-0.006052584,-0.23985356,0.0014637872,-0.03913422,-0.4429355,-0.03582278,-0.037061587,-0.59529215,-0.087836646,-0.028203469,-0.7384889,-0.13942799,-0.2657619,-0.4414088,-0.04972302,-0.27243558,-0.6662177,-0.12474071,-0.29405993,-0.8190597,-0.17838502,-0.31589562,-0.94879395,-0.21726438,-0.26679048,-0.37090552,-0.09714284,-0.12903535,-0.6377157,-0.19444495,-0.03091439,-0.7828063,-0.23254623,0.035430342,-0.88564026,-0.25200117,-0.22224182,-0.29931816,-0.1445914,-0.028303795,-0.5113294,-0.22394808,0.028785566,-0.39763248,-0.20031802,0.027254857,-0.29639316,-0.1737407,-0.15207115,-0.2311749,-0.19594006,0.0018779063,-0.40431914,-0.24511391,0.047543436,-0.32572624,-0.21970065,0.041395325,-0.24751078,-0.19330107
K,Cristhian,Right,0.0,0.0,0.0,-0.052525967,-0.18939662,0.032295927,-0.08538254,-0.3872783,-0.0092827985,-0.06926806,-0.5392744,-0.06903583,-0.056694854,-0.6779176,-0.1294046,-0.2699944,-0.3939296,-0.07589096,-0.28354508,-0.65881187,-0.14685221,-0.3088833,-0.81292707,-0.19958992,-0.33623496,-0.9417781,-0.24107568,-0.23977286,-0.34740773,-0.1396312,-0.12333776,-0.6332937,-0.22167094,-0.021590002,-0.79490364,-0.24945521,0.04893382,-0.90165436,-0.2713446,-0.17627887,-0.30987036,-0.196607,-0.028772146,-0.52433646,-0.23868117,0.025209088,-0.4251102,-0.1886531,0.028127057,-0.32739633,-0.1612592,-0.09643028,-0.28917122,-0.2569779,0.01904728,-0.4522889,-0.27386895,0.053055126,-0.36766475,-0.22712046,0.051172767,-0.28917,-0.19579987
K,Cristhian,Right,0.0,0.0,0.0,0.00028639354,-0.23232993,0.03269984,-0.036774114,-0.42390078,0.02049357,-0.047579177,-0.5710757,-0.011973967,-0.032801736,-0.69806,-0.043825578,-0.23962994,-0.45560876,0.009464852,-0.22598979,-0.6973421,-0.032913648,-0.23565315,-0.84567606,-0.064030886,-0.25033313,-0.96815974,-0.08823043,-0.23615432,-0.41844156,-0.041588645,-0.09510751,-0.6828808,-0.104349114,-0.0019976778,-0.8144924,-0.1270842,0.059830047,-0.9060693,-0.13825676,-0.19294891,-0.37791163,-0.091595806,-0.024016611,-0.5683552,-0.1471102,0.026174685,-0.461618,-0.12271464,0.032875594,-0.3725868,-0.09667725,-0.12521721,-0.34236622,-0.14206477,0.0012715264,-0.49932897,-0.16959608,0.043517128,-0.41416132,-0.13775077,0.055225577,-0.3387834,-0.10876486
K,Cristhian,Right,0.0,0.0,0.0,0.037024092,-0.26442105,0.02791924,0.0016177704,-0.46422398,0.03085255,-0.033890896,-0.5952369,0.012121737,-0.048888676,-0.7160246,-0.0052548065,-0.20193452,-0.5279582,0.057331007,-0.17788015,-0.73699075,0.030391583,-0.17388053,-0.87152827,0.012942411,-0.17941484,-0.9837735,0.00070496753,-0.2243376,-0.4979857,0.015344176,-0.07267009,-0.74628514,-0.042651843,0.037459135,-0.8636138,-0.06350777,0.116863504,-0.9339907,-0.06351698,-0.21056466,-0.4506212,-0.030232847,-0.015062524,-0.6046953,-0.094173744,0.038025327,-0.45591652,-0.086235665,0.04534154,-0.34187782,-0.059784755,-0.1651414,-0.39310226,-0.07560407,-0.009813434,-0.5283788,-0.1141478,0.041135754,-0.422537,-0.09734911,0.050940394,-0.32970515,-0.07232325
K,Cristhian,Right,0.0,0.0,0.0,0.0012846866,-0.21606712,0.025618957,-0.02701283,-0.4069579,0.016841378,-0.041958857,-0.542747,-0.008257969,-0.04808657,-0.6470572,-0.031591464,-0.2060409,-0.48111603,0.011123445,-0.14820893,-0.7304099,-0.01574177,-0.13883205,-0.87253183,-0.0327978,-0.13947357,-0.9902258,-0.047314286,-0.20190941,-0.47363883,-0.027714849,-0.020194633,-0.70751685,-0.076634474,0.092671685,-0.81087714,-0.09581866,0.16923176,-0.8786583,-0.1028886,-0.15762466,-0.45221564,-0.064564936,0.043286163,-0.58578306,-0.102209605,0.07324019,-0.45699525,-0.08793234,0.05997506,-0.35889417,-0.07090459,-0.08728375,-0.4298744,-0.10202191,0.06456913,-0.527433,-0.11656383,0.08858863,-0.42885688,-0.09489516,0.07644746,-0.351783,-0.074616596
K,Cristhian,Right,0.0,0.0,0.0,-0.1137992,-0.17698601,0.021844925,-0.13882306,-0.36975133,0.0036928358,-0.09651715,-0.53279024,-0.020210098,-0.041912083,-0.64438426,-0.043462873,-0.1983439,-0.44129154,-0.07467721,-0.17522666,-0.71178436,-0.10839778,-0.17632718,-0.8617672,-0.12178939,-0.18267156,-0.98317397,-0.13098831,-0.11461906,-0.44817486,-0.10209739,-0.006136557,-0.6659491,-0.1240257,0.07301725,-0.76544213,-0.122974016,0.12053055,-0.8300477,-0.1267515,-0.008290414,-0.4368061,-0.120324425,0.097686924,-0.5443338,-0.12139253,0.10928197,-0.46586573,-0.08500766,0.09098929,-0.39346054,-0.065555386,0.09867279,-0.4128944,-0.13943894,0.17796615,-0.4895937,-0.12351974,0.17654698,-0.41570607,-0.08375192,0.15955554,-0.35228184,-0.056024104
K,Cristhian,Right,0.0,0.0,0.0,-0.11497781,-0.17395306,0.03434313,-0.14816046,-0.35791346,0.018777993,-0.12109786,-0.5269994,-0.0003864886,-0.06318202,-0.63184696,-0.023427004,-0.16303703,-0.43070555,-0.094529636,-0.15913276,-0.7080242,-0.13329567,-0.15426046,-0.8690936,-0.15068237,-0.15596324,-0.98776287,-0.1584467,-0.060588498,-0.43054536,-0.11618907,-0.0060058287,-0.66989225,-0.12903269,0.036138743,-0.7665096,-0.114575624,0.052600157,-0.82009107,-0.106907174,0.05578895,-0.41505036,-0.12396766,0.07081761,-0.55535775,-0.10303194,0.064172395,-0.5179834,-0.050874352,0.051561352,-0.45431486,-0.021115832,0.1575375,-0.37923926,-0.13043128,0.16260779,-0.5090998,-0.09002198,0.14144136,-0.4705466,-0.031354062,0.13269715,-0.40724018,0.0096589895
K,Cristhian,Right,0.0,0.0,0.0,-0.1140368,-0.15382114,0.019943602,-0.14919782,-0.34590882,-0.003378255,-0.115546204,-0.5304397,-0.025243197,-0.05539855,-0.65150875,-0.049581792,-0.17038852,-0.40022478,-0.12215015,-0.16924177,-0.6895975,-0.16377346,-0.16108367,-0.8586379,-0.17953683,-0.16256626,-0.9866976,-0.1872916,-0.06584043,-0.40281218,-0.14095029,-0.026196634,-0.65854603,-0.15577906,-0.0024499109,-0.7116781,-0.13340345,-0.0022143975,-0.72223294,-0.1210968,0.049614575,-0.38577583,-0.14724977,0.063112214,-0.54475594,-0.13522433,0.05915776,-0.49880183,-0.08121234,0.04797894,-0.42671612,-0.04985888,0.15188648,-0.35401815,-0.15213373,0.15062349,-0.50334156,-0.12090543,0.13334037,-0.46179268,-0.06436546,0.12468809,-0.39803034,-0.025741268
K,Cristhian,Right,0.0,0.0,0.0,-0.099456064,-0.16558857,0.016332693,-0.136971,-0.35975525,-0.008523579,-0.10484183,-0.5310782,-0.0407511,-0.05446599,-0.6574409,-0.07206707,-0.1968812,-0.45235455,-0.0797398,-0.16486712,-0.7176282,-0.12684694,-0.15296964,-0.8669652,-0.14925198,-0.14905497,-0.9888289,-0.16334166,-0.1224856,-0.43207973,-0.11240753,0.001847791,-0.66704404,-0.15010317,0.08927677,-0.7613378,-0.15176554,0.13924342,-0.8267141,-0.15630293,-0.025479479,-0.39788455,-0.1382993,0.10049221,-0.5467357,-0.15833324,0.11323585,-0.46876904,-0.11959497,0.0907767,-0.3995161,-0.09542142,0.07665609,-0.3587219,-0.16511708,0.17418914,-0.49160266,-0.16332282,0.17163558,-0.41852385,-0.12168032,0.14463301,-0.35238597,-0.09155983
K,Cristhian,Right,0.0,0.0,0.0,-0.06331392,-0.17465448,0.03112521,-0.07805581,-0.3756902,0.013700815,-0.038538985,-0.5294032,-0.016804125,0.0014166237,-0.6425787,-0.04723119,-0.16192593,-0.488612,-0.047089916,-0.11263186,-0.7362147,-0.087495185,-0.10015046,-0.8785021,-0.11149507,-0.09713791,-0.9952709,-0.12981223,-0.12529446,-0.45876598,-0.09067057,0.04616916,-0.6820492,-0.1329766,0.15742972,-0.7768155,-0.14425011,0.2287864,-0.84523416,-0.15451832,-0.059565697,-0.40993893,-0.12745695,0.120811515,-0.54122937,-0.14947347,0.13342795,-0.44817764,-0.11883031,0.102318145,-0.38079464,-0.10134135,0.02150139,-0.35798186,-0.16495067,0.16629584,-0.47033137,-0.16695282,0.16816513,-0.38454735,-0.1312447,0.13498846,-0.3192183,-0.10622116
K,Cristhian,Right,0.0,0.0,0.0,-0.036707666,-0.19923855,0.053017527,-0.04092373,-0.39204234,0.028012156,-0.014117711,-0.5289924,-0.014962334,0.020635016,-0.6398003,-0.058931753,-0.15623523,-0.49332973,-0.058642283,-0.11282931,-0.7355771,-0.10532697,-0.105057485,-0.8770344,-0.13340467,-0.10300914,-0.9946804,-0.15627432,-0.13059868,-0.44438392,-0.12101439,0.034797,-0.66704094,-0.17111245,0.14819846,-0.75906926,-0.1758256,0.22166471,-0.829847,-0.18353765,-0.0755401,-0.38266122,-0.17362642,0.103515245,-0.5276734,-0.19130835,0.11541311,-0.43014267,-0.13856576,0.082845904,-0.35938424,-0.11177701,-0.0009781108,-0.31995374,-0.22672446,0.14296898,-0.43913805,-0.22255264,0.14218092,-0.35590273,-0.17175286,0.109073326,-0.2886693,-0.13971022
K,Cristhian,Right,0.0,0.0,0.0,0.05059189,-0.24960302,0.0047734566,0.032841295,-0.45052227,-0.016500277,0.0034105566,-0.58804786,-0.050927307,-0.022019252,-0.7170506,-0.083029196,-0.1839037,-0.515977,-0.023086956,-0.13707015,-0.7306442,-0.079690605,-0.11905222,-0.87295616,-0.11939865,-0.10786756,-0.9941653,-0.14833882,-0.19119275,-0.46896747,-0.06265885,-0.0077212565,-0.6731826,-0.14087804,0.114405245,-0.7782967,-0.16976762,0.20087406,-0.8594041,-0.18323293,-0.15807989,-0.40535635,-0.10302338,0.055392016,-0.54082066,-0.17025511,0.08642824,-0.41683906,-0.1464857,0.07017234,-0.3235677,-0.12008919,-0.09633209,-0.33604112,-0.14661558,0.074489854,-0.4469004,-0.1881728,0.09937863,-0.35179776,-0.1634893,0.08058686,-0.27227074,-0.13758314
K,Cristhian,Right,0.0,0.0,0.0,0.0508871,-0.23269333,0.0015626439,0.03953807,-0.4294932,-0.01885206,0.013203952,-0.5697121,-0.053385865,-0.005262088,-0.7025715,-0.08587072,-0.16915925,-0.5211889,-0.0150908325,-0.13633552,-0.73440903,-0.07153342,-0.12239874,-0.8748596,-0.11046489,-0.115389876,-0.9933203,-0.13696899,-0.19081818,-0.47281942,-0.05177137,-0.020669647,-0.670674,-0.13342382,0.095479056,-0.783616,-0.16606377,0.17809044,-0.8666796,-0.1790829,-0.17452306,-0.40617317,-0.09026739,0.043010596,-0.5320671,-0.16637583,0.08109305,-0.39877963,-0.14820136,0.06944123,-0.29938284,-0.11986598,-0.12902336,-0.3318629,-0.13150544,0.041734625,-0.44443506,-0.17892924,0.074399896,-0.35040697,-0.15627997,0.05888735,-0.27124572,-0.12823804
K,Cristhian,Right,0.0,0.0,0.0,0.086360015,-0.22727217,-0.00071253063,0.07963923,-0.4270966,-0.016261103,0.045589134,-0.5642479,-0.04529652,0.019379035,-0.7034616,-0.071566716,-0.12916173,-0.52973294,-0.0059688576,-0.10419726,-0.7416012,-0.058572948,-0.09410293,-0.879486,-0.09178155,-0.09008424,-0.9959341,-0.11469549,-0.16664967,-0.48946774,-0.04092792,-0.019038584,-0.6899393,-0.12199563,0.094797544,-0.79415995,-0.15153293,0.17656441,-0.8665284,-0.15985963,-0.1657044,-0.42440888,-0.07888983,0.037084296,-0.5458363,-0.15579338,0.087605536,-0.4093551,-0.13560914,0.08310399,-0.31337386,-0.104282804,-0.13156839,-0.3466854,-0.11979453,0.031058012,-0.4515096,-0.16901146,0.0664596,-0.3517002,-0.14716458,0.04944625,-0.27325296,-0.119059205
K,Cristhian,Right,0.0,0.0,0.0,0.096128576,-0.1354636,-0.044534862,0.1262982,-0.36311367,-0.057531606,0.09318324,-0.5293464,-0.07796209,0.053158294,-0.67406946,-0.09172127,-0.003201686,-0.55384403,-0.00097601337,0.0014334413,-0.7601044,-0.042497545,0.0037554342,-0.887736,-0.05796635,0.0058992305,-0.9999826,-0.06273284,-0.06949951,-0.54244995,-0.010763793,0.0028725683,-0.7131376,-0.0803062,0.08383825,-0.8232621,-0.100710735,0.15063205,-0.9077711,-0.09702999,-0.13512954,-0.49748757,-0.03243882,0.0007717453,-0.56845003,-0.1376886,0.04702306,-0.38186693,-0.13823374,0.058118545,-0.25222337,-0.10195444,-0.18811446,-0.4277936,-0.05696298,-0.06931411,-0.49676177,-0.13205223,-0.030816743,-0.3781059,-0.12631217,-0.03312102,-0.2873806,-0.09980096
K,Cristhian,Right,0.0,0.0,0.0,0.13697489,-0.1236825,-0.06597886,0.19308421,-0.35636592,-0.07979729,0.16055542,-0.52592003,-0.09787566,0.11946683,-0.6654597,-0.1108676,0.08459144,-0.5395489,-0.0049210237,0.110025205,-0.73529434,-0.052520886,0.13049491,-0.8666851,-0.08060131,0.15276913,-0.9882619,-0.09525887,0.0066964068,-0.5304023,-0.0061403,0.061291397,-0.67191356,-0.08563627,0.12694715,-0.7843863,-0.124893345,0.18642789,-0.87933844,-0.13548468,-0.07808722,-0.49190316,-0.021435142,0.019071752,-0.54995805,-0.14492317,0.058887802,-0.35887825,-0.16014364,0.071923405,-0.22421171,-0.12905507,-0.1576573,-0.44256702,-0.040349793,-0.06601375,-0.51513803,-0.13291419,-0.02682424,-0.39302602,-0.13615881,-0.022530548,-0.29598305,-0.11313142
K,Cristhian,Right,0.0,0.0,0.0,0.14947776,-0.09991306,-0.050457157,0.23913403,-0.34390604,-0.04969398,0.22490525,-0.5290867,-0.055212066,0.1641091,-0.6518058,-0.05701932,0.1485118,-0.53596675,0.0142923985,0.18406397,-0.7352417,-0.018605338,0.2027474,-0.86495155,-0.036570355,0.22409411,-0.97456753,-0.04086122,0.060104165,-0.53379923,0.0069113276,0.09871289,-0.67797166,-0.057491582,0.15317652,-0.7793857,-0.09855532,0.21037686,-0.8768746,-0.11001375,-0.034995742,-0.5059041,-0.0117383525,0.018873645,-0.5584005,-0.1179868,0.038389694,-0.3739801,-0.1322528,0.042737618,-0.24775116,-0.1008821,-0.13098983,-0.4633528,-0.033569597,-0.13818389,-0.62955546,-0.09472541,-0.13616599,-0.7077098,-0.09202966,-0.1313508,-0.78439313,-0.07152669
K,Cristhian,Right,0.0,0.0,0.0,0.17871605,-0.090939954,-0.07232359,0.27251258,-0.31140912,-0.08483625,0.25830328,-0.4898263,-0.10049908,0.21478088,-0.62655956,-0.11215107,0.20121954,-0.4880279,-0.012099102,0.25786394,-0.68473613,-0.07444038,0.29285222,-0.8250968,-0.12235189,0.32474616,-0.9458012,-0.15081532,0.101004265,-0.49146467,-0.019902837,0.13623552,-0.6238823,-0.13068436,0.18950324,-0.72590846,-0.20229834,0.23596069,-0.8150723,-0.23168153,-0.0031808072,-0.47254956,-0.041555773,0.038400896,-0.5170753,-0.18707298,0.050884757,-0.33403814,-0.21716796,0.052479755,-0.21194318,-0.19179913,-0.111042604,-0.45597956,-0.06800395,-0.10255764,-0.5670181,-0.16334778,-0.09830058,-0.5641824,-0.1741979,-0.09575529,-0.58028954,-0.15891983
K,Cristhian,Right,0.0,0.0,0.0,0.14410822,-0.080573566,-0.06528132,0.23944177,-0.30567625,-0.07693836,0.23027459,-0.48071462,-0.091137886,0.18789998,-0.6118852,-0.101255774,0.16220634,-0.50641024,-0.018604519,0.20913635,-0.7121681,-0.064489834,0.2373341,-0.85024554,-0.09105081,0.26502463,-0.9642416,-0.10107902,0.07351436,-0.5081095,-0.021730663,0.114256024,-0.6367661,-0.100853786,0.17508328,-0.73202837,-0.14639339,0.23876937,-0.82326734,-0.15985027,-0.020557238,-0.48040286,-0.03629603,0.02652956,-0.5062693,-0.14880611,0.041075062,-0.32349935,-0.1619661,0.047098856,-0.20362626,-0.13042232,-0.11532967,-0.43864357,-0.055565543,-0.12018747,-0.588821,-0.121857636,-0.121273085,-0.6701994,-0.12139931,-0.1196124,-0.7580853,-0.10267884
K,Cristhian,Right,0.0,0.0,0.0,0.12947394,-0.09673409,-0.062411822,0.20955762,-0.31167337,-0.077925704,0.20270805,-0.47811452,-0.09614296,0.16369444,-0.60606444,-0.108488776,0.1169537,-0.5160286,-0.029011827,0.1483401,-0.73631305,-0.0766775,0.16623816,-0.86984026,-0.09898313,0.18922956,-0.9819329,-0.10746545,0.03498145,-0.5093378,-0.030150644,0.08629216,-0.6456652,-0.10572661,0.14253917,-0.7508322,-0.13971744,0.20215553,-0.84557605,-0.14717324,-0.052300207,-0.47900435,-0.04144105,0.030006949,-0.5058103,-0.1496146,0.048302613,-0.33246005,-0.15276954,0.05280514,-0.20852023,-0.11755918,-0.13713062,-0.42740437,-0.057308372,-0.080631435,-0.49422356,-0.13255838,-0.052475438,-0.43483022,-0.12742881,-0.04162088,-0.3889809,-0.100807026
K,Cristhian,Right,0.0,0.0,0.0,0.13948391,-0.109446265,-0.07031066,0.20590675,-0.3388233,-0.08765945,0.18431549,-0.5062415,-0.108554184,0.1394114,-0.63907784,-0.124293,0.0986508,-0.5264629,-0.021676576,0.12903884,-0.7332365,-0.07439935,0.1568797,-0.8665132,-0.102811694,0.18710141,-0.9823406,-0.11664605,0.018458923,-0.5161175,-0.023881696,0.07235065,-0.673503,-0.10648038,0.14403982,-0.7846695,-0.14250195,0.20976685,-0.87766546,-0.15136665,-0.07155504,-0.47741368,-0.040149923,0.019197628,-0.5473331,-0.16854224,0.0501588,-0.35130504,-0.17893703,0.059470136,-0.21256572,-0.14470966,-0.16050844,-0.4282325,-0.060740504,-0.08538642,-0.50857604,-0.15795468,-0.046531096,-0.392917,-0.1608795,-0.035405386,-0.30004826,-0.13785294
K,Cristhian,Right,0.0,0.0,0.0,0.15017773,-0.13652553,-0.048770014,0.20041235,-0.37511483,-0.050406992,0.15945175,-0.55157226,-0.06264594,0.10606075,-0.67956567,-0.07195508,0.087703414,-0.53476775,0.03919728,0.11292523,-0.7303636,-0.0075049363,0.13780831,-0.8651239,-0.03870332,0.16666462,-0.98601365,-0.055215035,0.0089250365,-0.5302342,0.02989705,0.06453935,-0.69099844,-0.05084039,0.13566858,-0.8085344,-0.09578845,0.20153415,-0.90764385,-0.1095692,-0.08363536,-0.4980406,0.005026041,0.009460012,-0.58385795,-0.12786174,0.046518072,-0.3824106,-0.14860398,0.06274552,-0.23369281,-0.11755417,-0.17947435,-0.4572864,-0.0217798,-0.094554216,-0.53725225,-0.121877015,-0.050499365,-0.40491253,-0.12849799,-0.03440267,-0.29577482,-0.106074706
K,Cristhian,Right,0.0,0.0,0.0,0.102317534,-0.13347337,-0.06000652,0.14254473,-0.34665078,-0.083402745,0.108998895,-0.5060839,-0.112985276,0.060749274,-0.64339197,-0.13765854,0.020919524,-0.54080343,-0.015054036,0.038735926,-0.74654615,-0.07578814,0.066751555,-0.880397,-0.10988027,0.098732755,-0.99511397,-0.12377276,-0.05163384,-0.5233202,-0.021729127,0.004459229,-0.7003342,-0.106443055,0.08325548,-0.80949885,-0.14099424,0.14992453,-0.89531016,-0.14599733,-0.13282403,-0.4783524,-0.041926965,-0.024204982,-0.5670785,-0.16748607,0.024999395,-0.37775448,-0.17367733,0.039772153,-0.23281991,-0.13489252,-0.21277958,-0.4129942,-0.065145954,-0.10969442,-0.5120074,-0.15393229,-0.061164152,-0.39821357,-0.14703365,-0.0574601,-0.29558647,-0.11572473
K,Cristhian,Right,0.0,0.0,0.0,0.08027968,-0.22113775,-0.0017603398,0.073765546,-0.4165346,-0.017544277,0.03612477,-0.53933185,-0.047990505,0.01117129,-0.6710949,-0.07575621,-0.12851158,-0.5352658,-0.001725913,-0.12327941,-0.7388021,-0.054730993,-0.12897526,-0.87387097,-0.087598234,-0.13721295,-0.9905416,-0.1098256,-0.17414099,-0.49384984,-0.03741272,-0.04449704,-0.6886477,-0.12103127,0.0636331,-0.787852,-0.15327883,0.14292002,-0.8574972,-0.1607064,-0.1862242,-0.42676234,-0.07670764,0.0034660362,-0.5411936,-0.16080381,0.05448765,-0.3976369,-0.14542244,0.053411767,-0.30336523,-0.11321869,-0.16650674,-0.3468532,-0.11823569,-0.009588938,-0.4409453,-0.17080954,0.027830195,-0.33910072,-0.14964008,0.0143949855,-0.26611286,-0.12011703
K,Cristhian,Right,0.0,0.0,0.0,0.03862783,-0.25400937,0.0012107417,0.008289569,-0.45105162,-0.021249576,-0.03002777,-0.5857243,-0.05776481,-0.057119112,-0.720533,-0.092409045,-0.2070013,-0.49326703,-0.02489762,-0.18949507,-0.7167832,-0.08652853,-0.19297086,-0.85995793,-0.12506002,-0.20012243,-0.9797709,-0.15002836,-0.22354953,-0.44099063,-0.063163124,-0.07366328,-0.6747122,-0.14990541,0.029292198,-0.7926305,-0.18067952,0.10149756,-0.8760843,-0.18971892,-0.20136894,-0.37605396,-0.102975786,-0.0029852223,-0.5350989,-0.18399622,0.04712277,-0.4115604,-0.16535915,0.047626592,-0.31514764,-0.13451293,-0.15132658,-0.30712008,-0.1451556,0.003092126,-0.4383764,-0.1950744,0.047568485,-0.3527758,-0.17188056,0.04723985,-0.27687788,-0.1423318
K,Cristhian,Right,0.0,0.0,0.0,0.043339454,-0.25158212,0.00492931,0.008220331,-0.43708962,-0.012496179,-0.03389401,-0.56551015,-0.045665897,-0.05060785,-0.69238526,-0.077012315,-0.20111929,-0.4947393,-0.007707423,-0.1880471,-0.71510327,-0.06143691,-0.19559379,-0.85948366,-0.0945096,-0.20567101,-0.9786212,-0.1158153,-0.21778329,-0.4474981,-0.044319395,-0.07740879,-0.6906428,-0.12124699,0.01667469,-0.8133771,-0.14751771,0.08175965,-0.9011462,-0.15346785,-0.1951751,-0.39059713,-0.083118096,-2.3898814e-05,-0.5433472,-0.15732682,0.047850877,-0.42097223,-0.13916136,0.050579563,-0.32543585,-0.10805019,-0.14376345,-0.33012322,-0.12413376,0.011041088,-0.4548546,-0.16737074,0.053323377,-0.36766335,-0.14362276,0.052779935,-0.29333666,-0.114126526
K,Cristhian,Right,0.0,0.0,0.0,0.037530232,-0.25237715,-0.016152263,0.0067708152,-0.44934696,-0.05195145,-0.009772766,-0.6032842,-0.10096058,-0.01594039,-0.77993727,-0.14759983,-0.24914536,-0.48275444,-0.009781808,-0.25597024,-0.6883631,-0.073932245,-0.26956496,-0.8362041,-0.11875811,-0.28387505,-0.9588613,-0.14881366,-0.28016406,-0.4290366,-0.043087356,-0.17165257,-0.671481,-0.1285416,-0.07360639,-0.796997,-0.16416731,-0.003945449,-0.8781731,-0.17506735,-0.26584265,-0.3603727,-0.08228336,-0.0830801,-0.5284818,-0.1633461,-0.0117397,-0.41274744,-0.1527662,-0.0018339247,-0.32268775,-0.1266682,-0.21830224,-0.29490983,-0.12569444,-0.070523076,-0.42638886,-0.17488329,-0.013282686,-0.34531584,-0.15766914,-0.014731445,-0.27464867,-0.13282815
K,Cristhian,Right,0.0,0.0,0.0,0.029622568,-0.2508365,-0.011003516,-0.008806894,-0.47199208,-0.03586666,-0.049148995,-0.61048204,-0.07519342,-0.062508725,-0.7614081,-0.112913944,-0.22884865,-0.5233266,-0.015474065,-0.2501523,-0.7109967,-0.07940427,-0.2696533,-0.8403,-0.12040612,-0.28726745,-0.9578504,-0.14691082,-0.27731252,-0.44999394,-0.04882484,-0.1628859,-0.63816005,-0.13218574,-0.07834097,-0.75965136,-0.1629504,-0.022672711,-0.8579422,-0.17253435,-0.28435665,-0.35372978,-0.08775315,-0.09828207,-0.49752453,-0.1758409,-0.0099669555,-0.38285872,-0.16294844,0.016184574,-0.29910687,-0.13276143,-0.26075986,-0.25500187,-0.13003603,-0.118939936,-0.37521663,-0.18534762,-0.05720395,-0.30055633,-0.1686115,-0.054398213,-0.23429786,-0.14205195
K,Cristhian,Right,0.0,0.0,0.0,0.06581322,-0.22491543,-0.011761723,0.060950242,-0.39898756,-0.036709286,0.02584845,-0.49399135,-0.073355034,-0.02994564,-0.5803388,-0.107047126,-0.15458775,-0.5383856,-0.019745963,-0.15691614,-0.7377305,-0.07448181,-0.16306831,-0.87147343,-0.110591546,-0.17025045,-0.9854008,-0.13509145,-0.1980055,-0.4850544,-0.052905165,-0.0754632,-0.6807874,-0.12866707,0.019885672,-0.7922335,-0.16039285,0.08802321,-0.87878674,-0.17187673,-0.20522618,-0.40870038,-0.090243116,-0.0114501985,-0.52003187,-0.1598862,0.033147827,-0.39222357,-0.1480725,0.02507947,-0.3110036,-0.1255104,-0.17834738,-0.3202071,-0.13188723,-0.026839964,-0.41040495,-0.17461823,0.0095103765,-0.32755792,-0.15799774,-0.005826617,-0.27339336,-0.13644
K,Cristhian,Right,0.0,0.0,0.0,0.0637917,-0.22892869,-0.004839014,0.0452696,-0.42707956,-0.021832906,0.0042464403,-0.5538097,-0.05341698,-0.022049865,-0.67963177,-0.08212184,-0.14665988,-0.53972036,-0.0053845164,-0.13327965,-0.7413282,-0.06100879,-0.12775372,-0.8757893,-0.09527196,-0.12536371,-0.99211085,-0.1167768,-0.19210589,-0.4895648,-0.038163785,-0.050792072,-0.6766111,-0.12241977,0.059441604,-0.78549725,-0.15223114,0.13999023,-0.8655719,-0.15815073,-0.2042119,-0.4150208,-0.07538928,-0.0017939673,-0.52696097,-0.16012889,0.054666337,-0.38514754,-0.14383979,0.0599496,-0.28598204,-0.110110074,-0.18735686,-0.3272713,-0.11548952,-0.0243003,-0.42372394,-0.16821699,0.016476732,-0.32784465,-0.1481311,0.0049842224,-0.25451538,-0.11871225
K,Cristhian,Right,0.0,0.0,0.0,0.08570384,-0.2030704,-0.013063039,0.0816817,-0.38867146,-0.035024803,0.03307588,-0.4949795,-0.069401726,-0.020792821,-0.59384114,-0.10093974,-0.10442571,-0.55730945,-0.017822184,-0.08884452,-0.7530842,-0.072761,-0.08123057,-0.8815236,-0.107524745,-0.07505259,-0.99717957,-0.13125312,-0.15907967,-0.52101344,-0.048807997,-0.008365526,-0.6966345,-0.13161464,0.10850095,-0.7804958,-0.16339843,0.1932594,-0.8395034,-0.17177452,-0.18403514,-0.45203787,-0.08420457,0.014448672,-0.53882504,-0.16407584,0.054953754,-0.39109826,-0.15212087,0.0466666,-0.2960823,-0.124634996,-0.17917547,-0.36516204,-0.12307689,-0.01586086,-0.4326223,-0.17467104,0.018439995,-0.33329952,-0.15850095,0.0004520906,-0.2686748,-0.13376538
K,Cristhian,Right,0.0,0.0,0.0,0.089727655,-0.20701593,-0.011176757,0.08834557,-0.40519986,-0.030101584,0.042674344,-0.5276655,-0.061507866,0.00012855945,-0.6440437,-0.090248376,-0.10050447,-0.5567017,-0.014445443,-0.08227038,-0.7547816,-0.06740766,-0.07044291,-0.88299763,-0.09951359,-0.06281955,-0.9980249,-0.1206287,-0.1554226,-0.5211876,-0.04442108,-0.011902886,-0.70423216,-0.12283611,0.10412179,-0.7928419,-0.15098535,0.19047816,-0.8476816,-0.15713204,-0.18286847,-0.45460236,-0.07907363,0.009362566,-0.54529005,-0.15929788,0.050185412,-0.3963094,-0.14817375,0.043314274,-0.29679674,-0.12075669,-0.18086974,-0.37309155,-0.11667409,-0.01749379,-0.4478612,-0.16981028,0.017129647,-0.34171638,-0.1547919,-0.00019648985,-0.26708332,-0.13036893
K,Cristhian,Right,0.0,0.0,0.0,0.0937419,-0.14985737,-0.043328695,0.11654985,-0.3727758,-0.059019137,0.07814678,-0.5248716,-0.082353,0.039865173,-0.6584655,-0.1003336,-0.00486799,-0.5553007,-0.011869548,0.006010878,-0.75952685,-0.06137389,0.01717924,-0.88375723,-0.085265175,0.02867672,-0.9995887,-0.095959775,-0.07449454,-0.52942085,-0.022722516,0.009458798,-0.68357706,-0.098527245,0.09629671,-0.77570987,-0.12161845,0.16768096,-0.85123074,-0.121029854,-0.14234978,-0.4729444,-0.044555437,-0.014730988,-0.53544384,-0.15291204,0.027172219,-0.34516364,-0.14979403,0.036296066,-0.21827687,-0.11263866,-0.20285983,-0.39644325,-0.069276854,-0.08821697,-0.46092623,-0.14754952,-0.04985232,-0.33734915,-0.13919017,-0.05553991,-0.24989706,-0.11106208
K,Cristhian,Right,0.0,0.0,0.0,0.13530871,-0.10485816,-0.06906251,0.21310866,-0.32834813,-0.0878122,0.19047327,-0.51176536,-0.10938231,0.15247358,-0.66425,-0.1275961,0.1275296,-0.51791066,-0.022608774,0.15841302,-0.7190971,-0.078116715,0.17589965,-0.8567194,-0.10933354,0.19708815,-0.9803858,-0.12368533,0.04106641,-0.5089093,-0.022472303,0.07976149,-0.6605575,-0.10579263,0.13433553,-0.75471634,-0.14277518,0.18803231,-0.834456,-0.15057187,-0.055535626,-0.47008473,-0.034255877,0.010936331,-0.5466587,-0.15774573,0.033775736,-0.35146883,-0.16091579,0.042911313,-0.20778689,-0.12184684,-0.1538492,-0.41474006,-0.049670864,-0.09142228,-0.5017318,-0.13838185,-0.056393094,-0.37647012,-0.12818485,-0.047489498,-0.2734274,-0.09462884
K,Cristhian,Right,0.0,0.0,0.0,0.14196722,-0.08715263,-0.082455255,0.23375928,-0.30574808,-0.103918985,0.22253361,-0.48645735,-0.12272962,0.17079642,-0.6225478,-0.13828802,0.16384129,-0.48199126,-0.049976375,0.20611446,-0.7018787,-0.10450266,0.22600439,-0.84154516,-0.13461645,0.24855062,-0.9686189,-0.1509304,0.06729685,-0.4875558,-0.043785088,0.09148797,-0.63853085,-0.13379951,0.121319994,-0.72639906,-0.17734006,0.15415578,-0.8017931,-0.19137008,-0.03617002,-0.46617556,-0.047784686,0.011041865,-0.5339933,-0.1734747,0.024012828,-0.34376466,-0.17926107,0.031170651,-0.20590208,-0.14454174,-0.14123294,-0.4272385,-0.05672415,-0.0980218,-0.50079244,-0.14964266,-0.07004251,-0.37285596,-0.14504686,-0.059065983,-0.2747445,-0.11750696
K,Cristhian,Right,0.0,0.0,0.0,0.14609416,-0.08024008,-0.09832651,0.24478315,-0.2767423,-0.13009636,0.23443982,-0.46063918,-0.15694207,0.18746388,-0.61004835,-0.17968224,0.17954661,-0.44946137,-0.070260964,0.23296894,-0.6764955,-0.137228,0.25623992,-0.8255664,-0.17532925,0.28079766,-0.959767,-0.19707522,0.07869458,-0.4561722,-0.061060462,0.09958505,-0.60059536,-0.17537412,0.11431464,-0.69474125,-0.23245218,0.13400425,-0.77669114,-0.25258735,-0.024785733,-0.43452787,-0.062377196,0.012193176,-0.49429926,-0.20634995,0.016709497,-0.30958447,-0.2158496,0.020778269,-0.18295167,-0.17996767,-0.12966809,-0.40127012,-0.069684654,-0.09785584,-0.47302312,-0.17492259,-0.07057684,-0.34917888,-0.1732378,-0.057226073,-0.26313254,-0.14517175
K,Cristhian,Right,0.0,0.0,0.0,0.13394785,-0.027645279,-0.12762456,0.2540706,-0.17371954,-0.185617,0.2778443,-0.3513806,-0.2318098,0.25559643,-0.52253616,-0.27484268,0.25487706,-0.42235896,-0.12050296,0.3371647,-0.6266889,-0.21417637,0.37955114,-0.77968633,-0.27053046,0.4120083,-0.9111801,-0.30177188,0.14126633,-0.45013967,-0.10595273,0.14356573,-0.6511379,-0.2526385,0.12563153,-0.640733,-0.3120277,0.12289227,-0.61413646,-0.31687188,0.030041728,-0.44185758,-0.10269683,0.023788929,-0.4821025,-0.26394707,0.012860738,-0.28915843,-0.26873642,0.01838717,-0.17094636,-0.22183801,-0.072943844,-0.41750562,-0.107176244,-0.07733352,-0.46974307,-0.21687865,-0.06797128,-0.3229175,-0.20590676,-0.05021675,-0.23303169,-0.16611277
K,Cristhian,Right,0.0,0.0,0.0,0.13941726,-0.021737734,-0.1242773,0.24436013,-0.166723,-0.18712443,0.24666516,-0.3516983,-0.23631193,0.2069821,-0.53361624,-0.28484696,0.30227792,-0.411647,-0.1458278,0.34905115,-0.62619436,-0.23969099,0.37419567,-0.77680373,-0.298852,0.39537078,-0.9185216,-0.3369237,0.193363,-0.45460743,-0.12886329,0.111992605,-0.5760051,-0.2720594,0.03491375,-0.6448484,-0.3392305,-0.014266204,-0.7197599,-0.36011836,0.087355085,-0.46545678,-0.12046703,-0.0048753466,-0.47416958,-0.2818985,-0.030470982,-0.30472285,-0.30223724,-0.032022044,-0.18322448,-0.27274403,-0.0099848155,-0.44961408,-0.11914212,-0.072074525,-0.44280317,-0.2480792,-0.0778718,-0.28600872,-0.25860938,-0.06408209,-0.17194767,-0.23208363
K,Cristhian,Right,0.0,0.0,0.0,0.12735572,0.009595523,-0.19129494,0.22373416,-0.10762368,-0.29111478,0.21156467,-0.3005615,-0.36237738,0.1560108,-0.4759096,-0.4265994,0.28817835,-0.39583796,-0.22663875,0.30147713,-0.63606936,-0.35689527,0.30413085,-0.80022556,-0.43794566,0.31115684,-0.95035857,-0.4891186,0.18208964,-0.46415624,-0.17638484,0.07916641,-0.49363425,-0.36002976,0.013580962,-0.3122493,-0.4101368,-0.011889429,-0.18373284,-0.40963727,0.07574145,-0.50054526,-0.14436698,-0.0206141,-0.5154072,-0.3114269,-0.051857572,-0.33624968,-0.31064323,-0.06091357,-0.2067059,-0.27234197,-0.014465686,-0.5159516,-0.12802275,-0.08306723,-0.5596955,-0.2565988,-0.11793413,-0.44909483,-0.27129745,-0.13792105,-0.37299004,-0.25217387
K,Cristhian,Right,0.0,0.0,0.0,0.12654546,0.02134108,-0.15314357,0.23846716,-0.09945022,-0.22218132,0.21066374,-0.3196092,-0.27264938,0.17264912,-0.5178077,-0.3161449,0.3586846,-0.38838327,-0.14617833,0.36118737,-0.6003538,-0.2590824,0.34897804,-0.7693001,-0.32784346,0.33682618,-0.920857,-0.3629441,0.2579989,-0.4870919,-0.11816196,0.30085087,-0.65736157,-0.25553045,0.31926855,-0.80661696,-0.31821254,0.33452645,-0.9423864,-0.3337803,0.14930582,-0.53734076,-0.10715041,0.049505502,-0.56945074,-0.28720826,-0.007877138,-0.3610085,-0.31548125,-0.026807342,-0.19134822,-0.27871063,0.033776447,-0.55482066,-0.10470656,-0.0459361,-0.59055233,-0.24158771,-0.10148857,-0.45371172,-0.25317943,-0.12678184,-0.35308573,-0.22466533
K,Cristhian,Right,0.0,0.0,0.0,0.11014422,-0.0748399,-0.15650472,0.18541937,-0.25992256,-0.20678799,0.15354456,-0.476468,-0.23575051,0.096075125,-0.65691596,-0.25667936,0.26473388,-0.47292238,-0.09070482,0.28883395,-0.68927556,-0.17098072,0.27292398,-0.83809996,-0.22434336,0.25568706,-0.9667596,-0.25854442,0.15691054,-0.5187235,-0.053483903,0.1238274,-0.7426301,-0.15461054,0.06988529,-0.86916244,-0.21077678,0.04038474,-0.9982733,-0.23159064,0.05234775,-0.51078975,-0.035932094,-0.018074194,-0.65226203,-0.18284804,-0.037270486,-0.4990448,-0.21677278,-0.017210077,-0.40612048,-0.20015095,-0.045035966,-0.4749527,-0.028801247,-0.114656374,-0.5179515,-0.1666244,-0.106408454,-0.38010138,-0.20085062,-0.06390511,-0.2902936,-0.19445091
K,Cristhian,Right,0.0,0.0,0.0,0.12558933,-0.11706571,-0.091089316,0.19689715,-0.32527688,-0.12654097,0.16445678,-0.51958406,-0.16071524,0.09943094,-0.6699819,-0.19206835,0.17510907,-0.53682303,-0.038782056,0.19284946,-0.7305353,-0.11024229,0.18351614,-0.8683255,-0.16253445,0.16071585,-0.9870007,-0.19635783,0.064169064,-0.53401256,-0.035996933,-0.0017400533,-0.6867669,-0.14045584,-0.07420563,-0.77410436,-0.20192474,-0.14097437,-0.87967527,-0.22509784,-0.036686245,-0.4841655,-0.045248467,-0.0776973,-0.5402035,-0.17398365,-0.04534658,-0.3784586,-0.18672593,-0.020328084,-0.28379157,-0.15913077,-0.12963219,-0.41026327,-0.061244275,-0.14436893,-0.46180308,-0.15858285,-0.1068526,-0.3421844,-0.1562193,-0.075866975,-0.26165897,-0.12887342
K,Cristhian,Right,0.0,0.0,0.0,0.09071915,-0.15488413,-0.06517652,0.10705545,-0.3571164,-0.09653584,0.06678094,-0.47597215,-0.13101938,0.022422453,-0.57142866,-0.16081642,-0.020422513,-0.5319444,-0.060590975,-0.022490889,-0.7419356,-0.12992634,-0.027625374,-0.87741077,-0.17082414,-0.029306164,-0.9995705,-0.19340643,-0.10827019,-0.4878193,-0.06661845,-0.07868632,-0.58452725,-0.1711324,-0.033331126,-0.6558824,-0.21356246,0.00860599,-0.72103626,-0.22385907,-0.18345727,-0.41808963,-0.081108145,-0.0853209,-0.45165125,-0.19865029,-0.02440906,-0.29537335,-0.19352926,0.008500165,-0.18124326,-0.1556162,-0.24614313,-0.32439277,-0.10203945,-0.15613705,-0.361223,-0.18213885,-0.10196767,-0.26271513,-0.17246918,-0.08031424,-0.18676774,-0.14254974
K,Cristhian,Right,0.0,0.0,0.0,0.068256706,-0.18826242,-0.029933533,0.07489425,-0.38452262,-0.057431743,0.047249425,-0.5197315,-0.09358926,0.014910419,-0.64090884,-0.12599567,-0.10161272,-0.55027074,-0.03103449,-0.09845804,-0.74862075,-0.090025686,-0.09976706,-0.8770884,-0.12509076,-0.10352301,-0.99462706,-0.14744134,-0.16751482,-0.5003016,-0.05396083,-0.060849726,-0.64346707,-0.13117665,0.02741234,-0.72013384,-0.15907522,0.08476528,-0.7887948,-0.16795792,-0.20641583,-0.4161302,-0.083937146,-0.033127286,-0.47660494,-0.17037176,0.0152462,-0.33677903,-0.1631967,0.008847894,-0.25361267,-0.13814509,-0.22017498,-0.3150315,-0.11801342,-0.0772479,-0.3699786,-0.17674084,-0.038871247,-0.27754885,-0.16636431,-0.058981907,-0.21713336,-0.14534591
K,Cristhian,Right,0.0,0.0,0.0,0.038776863,-0.2548471,0.010478847,0.009964712,-0.44955447,-0.014627808,-0.02551293,-0.5710421,-0.05445001,-0.0418391,-0.69106597,-0.09474891,-0.19814415,-0.50049186,-0.04161789,-0.17382164,-0.72279847,-0.10279173,-0.17446525,-0.8653542,-0.14130081,-0.17723744,-0.9841681,-0.16831535,-0.21874511,-0.4364399,-0.08568769,-0.055477615,-0.6583718,-0.1676663,0.050997697,-0.77157176,-0.192861,0.11953689,-0.86045426,-0.20269401,-0.1956123,-0.36249772,-0.1285769,0.0073615927,-0.5230092,-0.19941238,0.05738291,-0.40435702,-0.17189077,0.05062163,-0.31394437,-0.1422624,-0.14358462,-0.28847775,-0.17355269,0.0159137,-0.42124006,-0.21726279,0.05794438,-0.33502948,-0.18847102,0.04729966,-0.25942793,-0.15876488
K,Cristhian,Right,0.0,0.0,0.0,-0.012233313,-0.22592066,0.013075209,-0.039301913,-0.4351754,-0.016751429,-0.051309653,-0.59000856,-0.05898929,-0.0650591,-0.7255256,-0.10048908,-0.2257015,-0.4611614,-0.057770126,-0.19141002,-0.70249116,-0.117914245,-0.19261831,-0.8529199,-0.15802594,-0.19856615,-0.98008746,-0.1882292,-0.21731436,-0.40542033,-0.10305701,-0.052902073,-0.6403048,-0.17880347,0.0566068,-0.7594066,-0.20349379,0.1325337,-0.8481529,-0.21858789,-0.16914737,-0.34665316,-0.1446295,0.026801275,-0.5162042,-0.19672893,0.057841644,-0.4190886,-0.1643967,0.041540567,-0.340324,-0.1409399,-0.09900212,-0.2948189,-0.18939076,0.05380086,-0.4298918,-0.2176871,0.07675339,-0.3528339,-0.1872485,0.05928083,-0.2861839,-0.16214179
K,Cristhian,Right,0.0,0.0,0.0,-0.048590124,-0.17970835,0.01585072,-0.072964996,-0.38739768,-0.011616028,-0.043225423,-0.5443027,-0.050688513,-0.0068449248,-0.6685464,-0.08915087,-0.24364468,-0.44055957,-0.05540711,-0.2210532,-0.6963899,-0.10698265,-0.2322047,-0.846339,-0.14356253,-0.24719441,-0.9689659,-0.17281869,-0.21725446,-0.39801362,-0.09797704,-0.07388769,-0.6528526,-0.16064113,0.026370378,-0.774322,-0.18404745,0.094091184,-0.84984756,-0.20107377,-0.15700984,-0.3536444,-0.13588566,0.009311829,-0.536132,-0.17515281,0.042198684,-0.4528432,-0.14887206,0.030771786,-0.3763519,-0.13197531,-0.08287476,-0.31576365,-0.17625117,0.046261247,-0.46122232,-0.19272369,0.069768056,-0.38539267,-0.16343428,0.05885724,-0.32030538,-0.14205165
K,Cristhian,Right,0.0,0.0,0.0,-0.10448905,-0.1616088,0.026311003,-0.13989933,-0.36713085,-0.011684181,-0.099636704,-0.546983,-0.060998842,-0.04589466,-0.6834137,-0.111636795,-0.26860827,-0.40826148,-0.09523767,-0.26138166,-0.68312675,-0.14595579,-0.26992825,-0.8338867,-0.17281197,-0.28273496,-0.95919806,-0.19397505,-0.20785266,-0.38272032,-0.14407088,-0.08099197,-0.6705156,-0.19164002,0.0072002457,-0.77304065,-0.19361587,0.05553932,-0.84213144,-0.20116957,-0.11898978,-0.35834333,-0.18396851,0.017532129,-0.5566267,-0.20356564,0.035850544,-0.46357125,-0.15660521,0.012184854,-0.38222808,-0.13318719,-0.019779397,-0.34043926,-0.22528759,0.07926872,-0.49872735,-0.21948421,0.08833362,-0.41563186,-0.17166549,0.06633333,-0.34094998,-0.14253141
K,Cristhian,Right,0.0,0.0,0.0,-0.14233015,-0.11434771,0.0030274647,-0.20832396,-0.3298387,-0.031037562,-0.18343368,-0.5437699,-0.06526582,-0.12676029,-0.6974279,-0.09948382,-0.2874134,-0.34196723,-0.1208075,-0.33176318,-0.6291917,-0.16192149,-0.35519522,-0.797402,-0.17471786,-0.37728012,-0.9260992,-0.18338408,-0.19560261,-0.36053035,-0.14649852,-0.12834871,-0.6267065,-0.1809371,-0.07615772,-0.6491359,-0.16607079,-0.06507424,-0.63266855,-0.15868738,-0.0823374,-0.3764006,-0.1635577,-0.022431737,-0.557441,-0.1793255,-0.0031999198,-0.48906282,-0.13277406,-0.014814532,-0.4109412,-0.10520698,0.029544178,-0.38769862,-0.18094061,0.056296777,-0.53355616,-0.16831051,0.0691191,-0.45920148,-0.11792986,0.06807949,-0.3845773,-0.08480775
K,Cristhian,Right,0.0,0.0,0.0,-0.16458285,-0.10934846,0.049888175,-0.24342008,-0.28876725,0.047349773,-0.24570051,-0.4784903,0.04142066,-0.19682881,-0.6051185,0.031695966,-0.27708176,-0.37287918,-0.07310896,-0.33325216,-0.6536674,-0.08031696,-0.36000228,-0.8043037,-0.07270819,-0.37941995,-0.92522454,-0.06683098,-0.17705342,-0.42838427,-0.09485414,-0.14767592,-0.6767509,-0.076361254,-0.11477788,-0.71214586,-0.04563475,-0.097014494,-0.7040249,-0.030877778,-0.05761961,-0.458965,-0.10043693,-0.040654525,-0.5568827,-0.04740394,-0.038393743,-0.49042863,0.002341644,-0.039143045,-0.41388872,0.020702481,0.04995844,-0.4653769,-0.10343046,0.046639774,-0.5247655,-0.035055343,0.04161911,-0.46166244,0.021330928,0.04395011,-0.3969061,0.053217847
K,Cristhian,Right,0.0,0.0,0.0,-0.17180248,-0.118084274,0.031491265,-0.2532434,-0.29524976,0.024826365,-0.23648624,-0.4654244,0.012085612,-0.16269356,-0.5650682,-0.003993913,-0.28340724,-0.41379344,-0.05279421,-0.3164696,-0.68405116,-0.064834446,-0.33116207,-0.8248186,-0.061766326,-0.34578547,-0.9383136,-0.061295047,-0.18107395,-0.47056863,-0.07918432,-0.11866209,-0.6971476,-0.08402976,-0.084773354,-0.65029556,-0.06104515,-0.081500456,-0.57711846,-0.0438653,-0.06024456,-0.4910832,-0.095769875,-0.019696571,-0.58143824,-0.07973679,-0.0087787025,-0.50157493,-0.041041892,-0.014761334,-0.42248455,-0.020155521,0.051665034,-0.48753127,-0.11098651,0.06251348,-0.53939253,-0.07464726,0.064419314,-0.46788222,-0.028729215,0.0616456,-0.39985833,0.0016992353
K,Cristhian,Right,0.0,0.0,0.0,-0.12544836,-0.1315848,0.060884528,-0.16999632,-0.3303791,0.08106603,-0.12870714,-0.49995828,0.09431999,-0.06200527,-0.588002,0.10988974,-0.19464438,-0.43616936,-0.0015999497,-0.19591317,-0.70043486,0.00020106035,-0.20577,-0.8559355,-0.00063032866,-0.20678356,-0.9783867,-0.0012107001,-0.10548672,-0.44216943,-0.021508915,0.011240013,-0.6929604,0.007585856,0.09549721,-0.8050419,0.015360671,0.15633936,-0.87880075,0.010679006,-0.0022143333,-0.42563915,-0.030864373,0.11374944,-0.5711007,0.011840863,0.10917341,-0.47592092,0.025959669,0.090494916,-0.38338897,0.02545975,0.11091849,-0.4049209,-0.034889918,0.18226673,-0.49542585,0.0071735983,0.1680519,-0.414489,0.03128495,0.15240544,-0.337309,0.044510763
K,Cristhian,Right,0.0,0.0,0.0,-0.086862974,-0.15792501,-0.005467444,-0.13667393,-0.38657206,-0.030910116,-0.12614048,-0.5770571,-0.06366427,-0.109991424,-0.71572244,-0.09186366,-0.2534511,-0.43593386,-0.05027571,-0.23340689,-0.69564015,-0.095692895,-0.23900937,-0.8444984,-0.12324096,-0.24858755,-0.96860945,-0.1455883,-0.2033936,-0.40247294,-0.081353515,-0.071617916,-0.6668106,-0.14141166,0.023415936,-0.7920068,-0.15964632,0.090329304,-0.87943816,-0.1725575,-0.13197073,-0.3623162,-0.11218402,0.028884413,-0.568643,-0.16067861,0.047612745,-0.48413828,-0.1400242,0.022709116,-0.4100161,-0.12348355,-0.04784096,-0.32711238,-0.14630699,0.07627336,-0.509166,-0.17495333,0.0903103,-0.43690825,-0.15487538,0.06451656,-0.36563587,-0.1383785
K,Cristhian,Right,0.0,0.0,0.0,-0.06949052,-0.18168782,0.047566064,-0.10549068,-0.37507582,0.023960479,-0.11154974,-0.53430486,-0.017574599,-0.11233713,-0.66858065,-0.060948096,-0.24894011,-0.4291188,-0.047303803,-0.223798,-0.69641817,-0.09317582,-0.23222554,-0.8463857,-0.120583266,-0.24479005,-0.9695761,-0.14262979,-0.21370806,-0.4035632,-0.10636206,-0.07532438,-0.6711354,-0.15512416,0.027402278,-0.78567296,-0.16362642,0.09413755,-0.8608621,-0.17328349,-0.14453766,-0.37296915,-0.15730552,0.014639113,-0.5572987,-0.17801969,0.04806683,-0.47047088,-0.13548656,0.03573023,-0.39458832,-0.114299625,-0.059770744,-0.348642,-0.2087056,0.06174849,-0.4946614,-0.20821896,0.08044368,-0.41886055,-0.1660123,0.065963246,-0.35001424,-0.13940056
K,Cristhian,Right,0.0,0.0,0.0,-0.07721706,-0.1724509,0.031744312,-0.12125577,-0.37661052,0.014347739,-0.12454226,-0.5524248,-0.015056808,-0.11531336,-0.69121104,-0.044393495,-0.25046274,-0.43484035,-0.04919691,-0.22744115,-0.70271224,-0.086441636,-0.23345716,-0.84823304,-0.10727662,-0.24583308,-0.9693122,-0.1247096,-0.2113593,-0.41532984,-0.09422604,-0.06676255,-0.6782732,-0.1382895,0.033112686,-0.79107034,-0.14714724,0.09804315,-0.86436677,-0.15570359,-0.14112791,-0.38897184,-0.13204145,0.024581093,-0.5610317,-0.15386997,0.051254835,-0.47245458,-0.120816514,0.033630513,-0.3999207,-0.10272557,-0.05670201,-0.3662725,-0.17084774,0.07176518,-0.50485456,-0.17201884,0.08679022,-0.42334476,-0.13700956,0.06831991,-0.35392243,-0.113687135
K,Cristhian,Right,0.0,0.0,0.0,-0.13156122,-0.13875395,0.010644536,-0.19029249,-0.34894648,-0.019199427,-0.17040212,-0.5554835,-0.05387341,-0.13848223,-0.711101,-0.08750798,-0.2689995,-0.37002644,-0.09326595,-0.28618282,-0.65472984,-0.14035729,-0.3052725,-0.81705123,-0.16212314,-0.32569602,-0.94547457,-0.17646596,-0.18277375,-0.37669373,-0.12580617,-0.11510818,-0.66984373,-0.16700639,-0.059360977,-0.79498756,-0.1670557,-0.034919735,-0.872646,-0.17055681,-0.07556839,-0.37836224,-0.15124273,0.003305655,-0.59201986,-0.17890677,0.02375015,-0.5074866,-0.13721463,0.009719084,-0.41526064,-0.108336315,0.03434638,-0.3790079,-0.17691897,0.08110289,-0.56435937,-0.18113951,0.09047627,-0.48964915,-0.13539077,0.078091994,-0.40571418,-0.1010167
K,Cristhian,Right,0.0,0.0,0.0,-0.114665866,-0.14654791,-0.0026482127,-0.17792714,-0.35242227,-0.03130163,-0.17464623,-0.5466778,-0.06387435,-0.15284076,-0.69440264,-0.094103456,-0.2744348,-0.3947456,-0.08043454,-0.28072324,-0.6717374,-0.122361004,-0.28953895,-0.8275648,-0.14529337,-0.29933366,-0.9541485,-0.16250667,-0.189836,-0.40054485,-0.107547246,-0.09929342,-0.668213,-0.15129742,-0.02591866,-0.80309373,-0.16167705,0.019287508,-0.8911145,-0.17134053,-0.08363379,-0.39600268,-0.12957543,0.014441833,-0.5824716,-0.15843065,0.03179898,-0.506065,-0.12836833,0.014143088,-0.4218518,-0.108189516,0.023533981,-0.387832,-0.1539542,0.09133915,-0.55099505,-0.16592366,0.1014434,-0.4799361,-0.13308197,0.08713979,-0.40112302,-0.107143804
K,Cristhian,Right,0.0,0.0,0.0,-0.14898871,-0.1143467,0.0043176147,-0.21901736,-0.33010307,-0.027383754,-0.21453436,-0.55031145,-0.05511475,-0.18672204,-0.71687543,-0.08407192,-0.26112133,-0.32909375,-0.13524549,-0.30721745,-0.63043827,-0.1792123,-0.32522562,-0.8078147,-0.19228369,-0.34200108,-0.93969953,-0.19947128,-0.1522857,-0.35413632,-0.15685923,-0.13103317,-0.6244566,-0.19242941,-0.11126257,-0.5804579,-0.16667238,-0.11779186,-0.49570924,-0.14814453,-0.028323382,-0.36762923,-0.16892077,-0.02726119,-0.5679699,-0.18411343,-0.012728159,-0.4983246,-0.12645866,-0.01557422,-0.41384315,-0.08937646,0.08806194,-0.37177798,-0.17987208,0.066267364,-0.5477555,-0.16564704,0.06897809,-0.48260778,-0.10704257,0.07092155,-0.4065147,-0.06755777
K,Cristhian,Right,0.0,0.0,0.0,-0.071906514,-0.20672457,0.06629888,-0.12253444,-0.4048548,0.041337665,-0.15409808,-0.5493979,-0.0074039195,-0.1914021,-0.6676013,-0.060658436,-0.28459388,-0.43500444,-0.025656587,-0.27331322,-0.68092024,-0.073862575,-0.27633905,-0.8283727,-0.10585546,-0.28265122,-0.95922273,-0.13145249,-0.24902669,-0.4013962,-0.10173085,-0.12886164,-0.6755784,-0.1472628,-0.03661276,-0.7853197,-0.15274566,0.019540694,-0.8622686,-0.16186953,-0.18073256,-0.3588231,-0.17127632,-0.027343214,-0.54684436,-0.19198994,0.004183493,-0.44029686,-0.15207271,-0.014031997,-0.36496472,-0.13560213,-0.09776352,-0.3298233,-0.23970447,0.019035943,-0.46909598,-0.24010253,0.03785966,-0.3784884,-0.20197481,0.01583629,-0.30889088,-0.1815182
K,Cristhian,Right,0.0,0.0,0.0,0.107078224,-0.1436642,-0.06726928,0.14432734,-0.37275437,-0.08621953,0.099199496,-0.5200946,-0.107316665,0.03311569,-0.61159873,-0.124220915,0.011231402,-0.52288544,-0.031795144,0.010062512,-0.73970026,-0.08272837,0.009262822,-0.87842995,-0.108246036,0.012374289,-0.9999234,-0.11897309,-0.07107091,-0.492271,-0.028998464,-0.054890584,-0.6217793,-0.10735784,-0.016110586,-0.7212232,-0.13769606,0.023814458,-0.807034,-0.14196314,-0.15334707,-0.43398288,-0.037504688,-0.07806974,-0.48825842,-0.14811985,-0.023917554,-0.32102233,-0.15133269,0.006383185,-0.19292125,-0.116788015,-0.23136352,-0.3544054,-0.050872013,-0.16628146,-0.4300911,-0.12974513,-0.1128132,-0.3343433,-0.12499692,-0.08909398,-0.24629833,-0.09831982
K,Cristhian,Right,0.0,0.0,0.0,0.14186433,-0.094298445,-0.09296609,0.22307685,-0.31609875,-0.12896876,0.1940503,-0.48451683,-0.16147545,0.12153229,-0.6008958,-0.1898939,0.12968658,-0.4783827,-0.09794685,0.15882778,-0.7037718,-0.17746674,0.16763493,-0.8552338,-0.22430713,0.17597635,-0.9843944,-0.25074416,0.028948622,-0.4611008,-0.098386906,0.033361815,-0.57957137,-0.2377655,0.04929858,-0.64418185,-0.30773538,0.06754965,-0.7084223,-0.33236715,-0.06816434,-0.41623577,-0.10863394,-0.033295922,-0.4580904,-0.25821444,-0.009408961,-0.29159635,-0.27349114,0.00039737366,-0.18332763,-0.24130747,-0.16069569,-0.36883637,-0.12627423,-0.17369859,-0.5291804,-0.2232924,-0.17418267,-0.6189923,-0.23675331,-0.17429794,-0.7146812,-0.22616279
K,Cristhian,Right,0.0,0.0,0.0,0.123391494,-0.058454294,-0.10438131,0.23346601,-0.23368819,-0.14808585,0.23770383,-0.4057896,-0.18394549,0.17994998,-0.5439159,-0.2178354,0.20063908,-0.46470138,-0.112630166,0.2456478,-0.6783103,-0.19798246,0.27120742,-0.822445,-0.24736074,0.2911582,-0.95667493,-0.2753125,0.09021269,-0.47947434,-0.10180808,0.061058626,-0.5677021,-0.23242107,0.029035289,-0.59677035,-0.28256756,0.009602902,-0.65018797,-0.29081017,-0.015147693,-0.46424603,-0.10107208,-0.04845298,-0.4613808,-0.24705857,-0.032499574,-0.2713985,-0.2487817,-0.010736395,-0.15502617,-0.2071146,-0.112310976,-0.43390507,-0.10751213,-0.12858209,-0.4573448,-0.20932102,-0.10793216,-0.32977015,-0.20288981,-0.08301159,-0.25234735,-0.1694234
K,Cristhian,Right,0.0,0.0,0.0,0.13773437,-0.05500276,-0.13312046,0.24197169,-0.21836923,-0.20679022,0.24152447,-0.40052342,-0.26946256,0.17539796,-0.54854953,-0.3284672,0.22725937,-0.47857195,-0.15199038,0.2643361,-0.68741876,-0.25382617,0.2895733,-0.82856137,-0.30767733,0.30757758,-0.951523,-0.3353241,0.10338118,-0.4993319,-0.13325115,0.05710793,-0.5019582,-0.29999006,0.016726583,-0.3393629,-0.3411636,-0.0023550158,-0.25407356,-0.32943112,-0.012360498,-0.4859061,-0.12884581,-0.05127599,-0.46917662,-0.29052797,-0.0419186,-0.2787779,-0.28704488,-0.02954454,-0.16315469,-0.23898837,-0.11188402,-0.4557218,-0.13464653,-0.1460358,-0.5896352,-0.23528899,-0.14378269,-0.61653477,-0.23720141,-0.13053875,-0.654462,-0.21221462
K,Cristhian,Right,0.0,0.0,0.0,0.15677191,-0.048837207,-0.1983253,0.24985355,-0.20047133,-0.31458217,0.24674663,-0.38078576,-0.4082646,0.18867782,-0.5463814,-0.49286175,0.25683248,-0.47324398,-0.23158549,0.27783868,-0.6720143,-0.379602,0.30140173,-0.8144463,-0.44888964,0.3243648,-0.9459321,-0.48115057,0.12181915,-0.49909484,-0.19205281,0.039771073,-0.51862687,-0.39354083,-0.0020275067,-0.30841684,-0.41130894,0.0010886096,-0.21257013,-0.3758989,-0.0045692595,-0.4901319,-0.1793779,-0.0732545,-0.48897982,-0.37428018,-0.064147465,-0.27582785,-0.35498852,-0.03488485,-0.16462952,-0.29122794,-0.10846919,-0.46752936,-0.18370491,-0.158858,-0.5963805,-0.31333634,-0.16562285,-0.6232475,-0.32765746,-0.14949258,-0.6786686,-0.30930638
K,Cristhian,Right,0.0,0.0,0.0,0.10816114,-0.13336866,-0.0717692,0.15390727,-0.347128,-0.098282345,0.109613396,-0.5005347,-0.1232755,0.032222427,-0.5856919,-0.14529178,0.043710016,-0.5017976,-0.06489377,0.034825966,-0.72966397,-0.122699276,0.023857377,-0.872352,-0.15222487,0.01922426,-0.9998152,-0.1670565,-0.053153448,-0.47314525,-0.06262195,-0.060722552,-0.6011261,-0.15588105,-0.038725372,-0.6653423,-0.19292499,-0.010912946,-0.7092965,-0.19876137,-0.14359646,-0.41340208,-0.06782229,-0.09633524,-0.45035478,-0.18356542,-0.039442822,-0.29767355,-0.18587033,-0.0018840892,-0.17618503,-0.15087701,-0.22295745,-0.3271164,-0.07798938,-0.1817936,-0.376284,-0.15988193,-0.12252199,-0.28527698,-0.15412796,-0.08643808,-0.20182289,-0.12614508
K,Cristhian,Right,0.0,0.0,0.0,0.07162885,-0.21034923,-0.038255546,0.056610923,-0.41461906,-0.06418718,-0.0018883463,-0.5370571,-0.095495634,-0.068658166,-0.6542989,-0.122237176,-0.12077334,-0.54117435,-0.04717313,-0.1326184,-0.74296135,-0.10963376,-0.14602815,-0.8684484,-0.14272028,-0.16486931,-0.9863154,-0.16357951,-0.19029246,-0.48398378,-0.066569306,-0.09745211,-0.6400842,-0.15126406,-0.0089431545,-0.7131003,-0.17628291,0.051821582,-0.7716581,-0.17979239,-0.22823383,-0.39083442,-0.093311,-0.055180967,-0.46910205,-0.18776079,0.008122286,-0.32819194,-0.17802277,0.010876867,-0.242516,-0.14847408,-0.2358957,-0.28593805,-0.12452533,-0.08929788,-0.35758203,-0.1903475,-0.043025337,-0.261763,-0.18084162,-0.05858455,-0.19748095,-0.15877704
K,Cristhian,Right,0.0,0.0,0.0,0.069556594,-0.22232108,-0.017825821,0.06734973,-0.402293,-0.046022538,0.028920028,-0.5033618,-0.084858164,-0.027848281,-0.5994201,-0.120510556,-0.15390383,-0.5282332,-0.037975583,-0.15980314,-0.7310512,-0.10118758,-0.16591421,-0.8641323,-0.14050645,-0.17292781,-0.9849345,-0.16636817,-0.20307222,-0.47287357,-0.07111139,-0.06581423,-0.65470356,-0.15195547,0.034752432,-0.7367362,-0.17884314,0.09906261,-0.80336857,-0.18656254,-0.21480298,-0.3926325,-0.10911442,-0.019528983,-0.5087445,-0.189124,0.0409641,-0.3762731,-0.17428026,0.03754773,-0.29242775,-0.14755985,-0.19282193,-0.3055518,-0.15137726,-0.03447662,-0.39647287,-0.20059921,0.013063684,-0.3092136,-0.18071365,0.0016033249,-0.24356093,-0.15503854
K,Cristhian,Right,0.0,0.0,0.0,0.04021874,-0.2610395,-0.006778588,0.006099521,-0.44940677,-0.031818755,-0.035153467,-0.57928616,-0.069951706,-0.0643473,-0.7123079,-0.10609248,-0.21356946,-0.48840082,-0.025929,-0.19634557,-0.7137294,-0.08566199,-0.20694782,-0.8573546,-0.124042325,-0.22205915,-0.9750332,-0.14888805,-0.23703566,-0.43395102,-0.058814008,-0.10146359,-0.66193503,-0.14362161,-0.0019386037,-0.7921084,-0.17565268,0.06918874,-0.88131815,-0.18551646,-0.21982059,-0.36817017,-0.093875825,-0.024895145,-0.5275937,-0.17606966,0.040502254,-0.40846586,-0.15770824,0.056437682,-0.31098205,-0.12482823,-0.17333038,-0.30103052,-0.13178304,-0.020314768,-0.4355745,-0.18219237,0.032301348,-0.35552087,-0.15829462,0.03918917,-0.28177416,-0.12666327
K,Cristhian,Right,0.0,0.0,0.0,0.03118489,-0.28827408,0.0036798387,-0.01306527,-0.51410526,-0.013084715,-0.06428761,-0.66712207,-0.04388974,-0.10557986,-0.8215064,-0.07235811,-0.2309097,-0.5091864,-0.008708955,-0.22135441,-0.7153028,-0.066040024,-0.2306591,-0.8544741,-0.10456148,-0.24209756,-0.9702519,-0.13117221,-0.25053564,-0.44836906,-0.04675988,-0.108222365,-0.66803026,-0.1254875,-0.0063467254,-0.78462535,-0.1547909,0.061503008,-0.8730097,-0.16695984,-0.22803283,-0.376213,-0.087559246,-0.033952158,-0.5481047,-0.1626925,0.028159916,-0.43053663,-0.1405872,0.03628743,-0.34307167,-0.111121364,-0.17344986,-0.30693564,-0.13116708,-0.019219572,-0.45661643,-0.17691015,0.025385762,-0.37001023,-0.15265508,0.019746222,-0.2950744,-0.12508395
K,Cristhian,Right,0.0,0.0,0.0,0.018057086,-0.2554161,-0.00042378413,-0.012422928,-0.45468172,-0.027207498,-0.024677357,-0.6144733,-0.06842595,-0.0244107,-0.77308923,-0.10732174,-0.24541613,-0.46374622,-0.014423158,-0.24540678,-0.6869744,-0.07147452,-0.26218998,-0.8396906,-0.110192634,-0.27991658,-0.96002436,-0.13540076,-0.2601167,-0.41358802,-0.051967006,-0.12846906,-0.6612615,-0.13108934,-0.03950352,-0.80188286,-0.16072382,0.018778952,-0.89878726,-0.17045134,-0.23062979,-0.35733053,-0.091812514,-0.042442475,-0.5432393,-0.1719946,0.030014245,-0.42951915,-0.15304925,0.05312228,-0.32891724,-0.12024915,-0.17199437,-0.30261433,-0.13408974,-0.029660037,-0.46059996,-0.18341383,0.036209628,-0.38277698,-0.15741006,0.06077764,-0.3050433,-0.1243793
K,Cristhian,Right,0.0,0.0,0.0,0.012261516,-0.24972251,-0.0039023766,-0.022610787,-0.45578843,-0.03289276,-0.032374796,-0.62463105,-0.07477822,-0.028971154,-0.78599745,-0.11413644,-0.25473627,-0.4510738,-0.021714408,-0.25568944,-0.6846418,-0.07671176,-0.27410257,-0.83529514,-0.11350115,-0.29573816,-0.95526904,-0.13828547,-0.2623555,-0.40487203,-0.056758165,-0.13849357,-0.66432136,-0.13296378,-0.055105213,-0.81111735,-0.1615509,-0.00047798903,-0.9130569,-0.17199798,-0.22856982,-0.35553497,-0.09386245,-0.048996024,-0.549851,-0.17103916,0.017307354,-0.43806517,-0.15465881,0.03447727,-0.33917233,-0.12534295,-0.16764897,-0.31066015,-0.1333897,-0.030729605,-0.47322324,-0.18014427,0.030512495,-0.3934719,-0.15645137,0.04946118,-0.31432483,-0.12683843
K,Cristhian,Right,0.0,0.0,0.0,-0.005295677,-0.24679132,0.0061111613,-0.038437616,-0.45418563,-0.020788267,-0.034839466,-0.6205375,-0.06232776,-0.019636007,-0.77716607,-0.101302974,-0.25670856,-0.4521848,-0.016018614,-0.25942412,-0.68815744,-0.06556799,-0.27641717,-0.8363139,-0.09959027,-0.29720515,-0.95481366,-0.12468153,-0.25910994,-0.40541095,-0.05580349,-0.1312041,-0.66834706,-0.12621391,-0.0414607,-0.81493753,-0.1522701,0.016541779,-0.91735953,-0.16424133,-0.21964441,-0.3564828,-0.09660524,-0.04005337,-0.56553155,-0.16215739,0.021624804,-0.45778897,-0.14292961,0.030295156,-0.36502928,-0.11755463,-0.15434848,-0.31661516,-0.13965558,-0.014839301,-0.48279145,-0.17693965,0.03498578,-0.39854765,-0.15211849,0.04190231,-0.32319242,-0.12595882
K,Cristhian,Right,0.0,0.0,0.0,-0.0025742836,-0.25484297,0.01779957,-0.046534587,-0.47540492,-0.0013789455,-0.065177865,-0.6530654,-0.036518466,-0.07115843,-0.81702334,-0.07040546,-0.25310057,-0.44913653,-0.009114803,-0.25785816,-0.682952,-0.057350308,-0.27445933,-0.835829,-0.08870089,-0.29196906,-0.95642775,-0.11137753,-0.25340548,-0.40767792,-0.053320646,-0.12265419,-0.66832376,-0.11977811,-0.032542013,-0.8050954,-0.14247529,0.02226643,-0.8996496,-0.15276746,-0.21372996,-0.36279026,-0.09763748,-0.037256446,-0.565246,-0.16211593,0.024249898,-0.457311,-0.14176889,0.032178447,-0.36500767,-0.11603666,-0.14997092,-0.32245195,-0.1427215,-0.011229274,-0.4872875,-0.1791521,0.036693826,-0.3984943,-0.15283455,0.04188201,-0.31560475,-0.12587038
K,Cristhian,Right,0.0,0.0,0.0,-0.062066063,-0.19875479,0.05516007,-0.09768397,-0.4151789,0.03383853,-0.08176738,-0.59338075,-0.00948038,-0.055620342,-0.7436467,-0.054935455,-0.26647675,-0.41926965,-0.020193914,-0.27306896,-0.6782182,-0.0596492,-0.29306978,-0.8278105,-0.08563656,-0.3150729,-0.9490675,-0.10809047,-0.23897153,-0.3930269,-0.084874175,-0.12633662,-0.66831183,-0.12787032,-0.03876146,-0.80393547,-0.13863663,0.017414592,-0.8900817,-0.15053235,-0.17751777,-0.363149,-0.14303406,-0.032452933,-0.55830944,-0.16085099,0.0076781115,-0.4727273,-0.12538406,0.0037643842,-0.39217973,-0.10894002,-0.09865974,-0.3469584,-0.20136373,0.015942536,-0.50137645,-0.19766186,0.04279646,-0.42516986,-0.15956801,0.039810535,-0.35533592,-0.1370943
K,Cristhian,Right,0.0,0.0,0.0,-0.08971452,-0.19507891,0.015382901,-0.12502605,-0.45125246,-0.029342104,-0.08820042,-0.67392033,-0.08448555,-0.05132866,-0.8434185,-0.13993777,-0.27647248,-0.40590662,-0.10839373,-0.2843085,-0.6677364,-0.16855489,-0.30235252,-0.8215981,-0.20179133,-0.3197352,-0.94750696,-0.2285468,-0.2200731,-0.35791963,-0.16107617,-0.11224937,-0.65440524,-0.22316208,-0.033663686,-0.759348,-0.2274903,0.0014673024,-0.8298297,-0.23683704,-0.13417166,-0.31561095,-0.20768566,-0.0029976864,-0.5617867,-0.24837781,0.025818875,-0.4783547,-0.20503601,0.0038330555,-0.3952611,-0.18140337,-0.03489533,-0.2876742,-0.25604728,0.060147345,-0.5059649,-0.26976225,0.0742661,-0.43418953,-0.22858608,0.052533332,-0.34819323,-0.20376047
K,Cristhian,Right,0.0,0.0,0.0,-0.11534746,-0.15693069,0.015808875,-0.1636511,-0.37605125,-0.021737482,-0.15718672,-0.5814153,-0.066006236,-0.14377056,-0.7377381,-0.110432476,-0.27587774,-0.37030324,-0.1185275,-0.2844695,-0.65829736,-0.17502536,-0.29984862,-0.81799644,-0.20198154,-0.31743464,-0.94828016,-0.22198617,-0.19803186,-0.3566729,-0.16325225,-0.10717838,-0.65432376,-0.21279846,-0.040733308,-0.75189143,-0.20973913,-0.012338302,-0.8072155,-0.2149088,-0.09435462,-0.34357774,-0.20004077,0.008073498,-0.5628861,-0.23123865,0.03234411,-0.4820008,-0.18241958,0.014197188,-0.40083683,-0.15523304,0.016205557,-0.33486086,-0.23767729,0.08153231,-0.5307494,-0.24616323,0.09473562,-0.46043387,-0.19946425,0.07960768,-0.38019997,-0.16906878
K,Cristhian,Right,0.0,0.0,0.0,-0.1329927,-0.11844451,0.008140407,-0.20356642,-0.31438276,-0.027431104,-0.20213838,-0.5051209,-0.066956155,-0.18235625,-0.6465005,-0.10666892,-0.2775014,-0.35041898,-0.13062502,-0.30255225,-0.63843966,-0.19328192,-0.32568166,-0.8048529,-0.22396742,-0.34596238,-0.9382484,-0.24350993,-0.18701604,-0.34405455,-0.1650315,-0.1240032,-0.6450185,-0.22024849,-0.068066485,-0.79208857,-0.22249639,-0.037896786,-0.89166677,-0.22760797,-0.07382046,-0.339767,-0.19031116,-0.0063678557,-0.5715251,-0.22494867,0.012393177,-0.49354026,-0.17562777,0.0037507948,-0.40461954,-0.14197616,0.04119284,-0.33608952,-0.21639721,0.07768622,-0.54608744,-0.22770874,0.086337335,-0.47580522,-0.17806908,0.079602614,-0.38950658,-0.14018646
K,Cristhian,Right,0.0,0.0,0.0,-0.13103366,-0.12427215,0.0070934496,-0.19993144,-0.3220502,-0.02919967,-0.20479739,-0.518545,-0.06947539,-0.19025534,-0.6716283,-0.11026001,-0.27480194,-0.33737516,-0.12533836,-0.30242372,-0.6326371,-0.1851589,-0.32719526,-0.80217695,-0.2117865,-0.35092512,-0.9364035,-0.22861977,-0.18793246,-0.34076437,-0.15954731,-0.12471389,-0.63542664,-0.2101743,-0.071295395,-0.7381953,-0.20551175,-0.052228794,-0.79636014,-0.20584096,-0.07540298,-0.3428552,-0.18581375,-0.0071842154,-0.5587496,-0.21875475,0.016779335,-0.48776123,-0.1686244,0.006498907,-0.4063784,-0.13565956,0.041375533,-0.3436361,-0.21280237,0.07707729,-0.5401938,-0.2203789,0.091652304,-0.47521365,-0.17029606,0.08556226,-0.3951332,-0.13392165
K,Cristhian,Right,0.0,0.0,0.0,-0.07747866,-0.18253799,0.05348405,-0.12782556,-0.3926876,0.04451433,-0.13960816,-0.5717146,0.01616418,-0.13978674,-0.71436095,-0.013264078,-0.2675042,-0.4331536,-0.012145319,-0.25666934,-0.6945712,-0.046003528,-0.26679522,-0.8388949,-0.06651314,-0.28328952,-0.95903444,-0.083800875,-0.2362306,-0.41552284,-0.06958686,-0.10650499,-0.6822723,-0.113296986,-0.003973761,-0.81270975,-0.12590553,0.06504048,-0.8969029,-0.13565612,-0.16914648,-0.39031294,-0.11981829,-0.012826546,-0.58088297,-0.14525583,0.034232963,-0.48450568,-0.112840876,0.034020957,-0.4019824,-0.09234904,-0.0823907,-0.37032944,-0.16914645,0.03937155,-0.5274382,-0.17269291,0.070277385,-0.4405879,-0.13547456,0.06680867,-0.36327735,-0.1087661
K,Cristhian,Right,0.0,0.0,0.0,0.0006170342,-0.22335625,0.013794912,-0.038440544,-0.4073591,0.0017242816,-0.07208716,-0.53448224,-0.02360483,-0.08874241,-0.63881946,-0.047842707,-0.23604842,-0.46386358,-0.0097786505,-0.20556939,-0.7115216,-0.04700388,-0.20694453,-0.8567871,-0.07357924,-0.21497713,-0.97661906,-0.09414919,-0.22780485,-0.4416964,-0.045539185,-0.0800782,-0.67837507,-0.096681096,0.011830622,-0.7911244,-0.11837233,0.071362466,-0.86731863,-0.12980852,-0.18066831,-0.40959233,-0.079974435,-0.011174569,-0.5576902,-0.12214389,0.026201073,-0.4527754,-0.10541691,0.021853147,-0.36819032,-0.0879201,-0.11055806,-0.37593997,-0.11613106,0.019152122,-0.48882484,-0.13734087,0.05186094,-0.40687168,-0.11396424,0.051133193,-0.33878475,-0.091834046
K,Cristhian,Right,0.0,0.0,0.0,0.034236368,-0.26493442,0.00019210529,-0.013327211,-0.46833932,-0.015051264,-0.070745096,-0.5904975,-0.046085816,-0.11739427,-0.7224866,-0.07439006,-0.23956266,-0.5188146,0.0028359417,-0.24129462,-0.7182763,-0.05405945,-0.24491017,-0.8517905,-0.091685496,-0.25303233,-0.96745783,-0.11643524,-0.2690472,-0.46050537,-0.03431419,-0.14388385,-0.687176,-0.1210407,-0.037487846,-0.80491644,-0.15273425,0.03944608,-0.8831551,-0.15978378,-0.26144055,-0.38855973,-0.0762962,-0.07606093,-0.55759704,-0.16407882,-0.0010455939,-0.4249013,-0.1504225,0.013451795,-0.32614097,-0.11913896,-0.22309498,-0.31380457,-0.12082524,-0.07332322,-0.45683122,-0.1770856,-0.018141987,-0.36231458,-0.15969868,-0.019604407,-0.28138492,-0.13278753
K,Cristhian,Right,0.0,0.0,0.0,0.05121026,-0.2463132,-0.0006041507,0.027849097,-0.450049,-0.009386551,-0.019423727,-0.56693953,-0.035199575,-0.072133936,-0.6791295,-0.057393774,-0.2035553,-0.53316534,0.0281628,-0.21865143,-0.7276715,-0.0168299,-0.22397938,-0.85991937,-0.044877514,-0.2296689,-0.9732688,-0.061936103,-0.24284011,-0.4855699,-0.0058596493,-0.12768947,-0.71485454,-0.08338862,-0.028555404,-0.83992946,-0.113968745,0.043933082,-0.9256029,-0.11815176,-0.25747538,-0.42189455,-0.046728753,-0.06614761,-0.5588393,-0.13557728,0.0044329823,-0.4085368,-0.1308115,0.013381376,-0.30210254,-0.10064826,-0.2442441,-0.3482374,-0.08918887,-0.091586374,-0.47462356,-0.1462834,-0.03243196,-0.36864707,-0.13174662,-0.031870686,-0.28384554,-0.10458774
K,Cristhian,Right,0.0,0.0,0.0,0.06668083,-0.20150657,-0.007869966,0.05456293,-0.4006072,-0.01470125,0.0033216018,-0.5278452,-0.037572116,-0.058604162,-0.64455354,-0.055949654,-0.13430804,-0.540476,0.027284592,-0.15363187,-0.74370146,-0.012410375,-0.16318682,-0.8724763,-0.032329846,-0.17033352,-0.9853865,-0.04266707,-0.18729419,-0.5053789,-0.0040723067,-0.0972638,-0.71675897,-0.07491193,-0.00751406,-0.82725877,-0.09960781,0.058712117,-0.9001756,-0.09950133,-0.22939616,-0.4438573,-0.044124283,-0.066490546,-0.5701181,-0.13501441,-0.005563429,-0.40341973,-0.13177358,0.0003818875,-0.28421402,-0.100407176,-0.25174817,-0.36345145,-0.08554248,-0.11569749,-0.48005548,-0.14648573,-0.062869504,-0.37342906,-0.13384977,-0.0623772,-0.2875876,-0.107086316
K,Cristhian,Right,0.0,0.0,0.0,0.06522084,-0.19406027,-0.027802171,0.053660206,-0.40040675,-0.037688427,-4.274541e-05,-0.52315354,-0.05858044,-0.05744994,-0.63861233,-0.07462834,-0.11871098,-0.54461515,0.013771622,-0.13369861,-0.7452649,-0.026503043,-0.13957383,-0.87436837,-0.048464894,-0.14672065,-0.98917794,-0.058688764,-0.17853242,-0.506907,-0.004900153,-0.10757894,-0.69047135,-0.07337702,-0.021984885,-0.7984219,-0.09911741,0.04869319,-0.8701589,-0.09860737,-0.22611645,-0.4403852,-0.03362515,-0.082612865,-0.5328451,-0.1270829,-0.009812507,-0.3712375,-0.1279814,0.018684939,-0.2515934,-0.095593,-0.25562415,-0.3553903,-0.065218024,-0.13906543,-0.4574577,-0.12923904,-0.0777763,-0.36080113,-0.11947694,-0.05885318,-0.27370676,-0.09173842
K,Cristhian,Right,0.0,0.0,0.0,-0.073136955,-0.17598325,0.054145236,-0.11892056,-0.36609316,0.04041085,-0.12621126,-0.5202309,0.00954053,-0.118102424,-0.643104,-0.023221029,-0.25838733,-0.42366242,-0.04077809,-0.23635612,-0.6957533,-0.079289116,-0.24407506,-0.84286696,-0.103020675,-0.2568953,-0.96643925,-0.122814395,-0.2212233,-0.40209416,-0.09823589,-0.08236682,-0.67364675,-0.14064874,0.019008605,-0.7913127,-0.14941317,0.088825695,-0.8670511,-0.15938579,-0.15116341,-0.37624294,-0.14601077,0.0121086305,-0.5616725,-0.16076589,0.05146336,-0.47402862,-0.120337404,0.046780244,-0.39577052,-0.10009712,-0.067142256,-0.35467625,-0.19357482,0.05830593,-0.4995297,-0.18712667,0.083130985,-0.41865113,-0.14417474,0.07635342,-0.3457564,-0.11678107
L,Cristhian,Right,0.0,0.0,0.0,0.12902851,-0.05536879,-0.13503142,0.25419796,-0.17073433,-0.19928028,0.38630062,-0.21689478,-0.2472003,0.49882543,-0.24730684,-0.2850891,0.18990687,-0.4901925,-0.119866215,0.2264805,-0.69470716,-0.20477194,0.23933797,-0.8289745,-0.23955004,0.24487866,-0.9695537,-0.25827494,0.083571054,-0.49048737,-0.09298999,0.06760627,-0.54077256,-0.18693058,0.06458102,-0.34361067,-0.17810722,0.07080196,-0.3339124,-0.14936462,-0.023581538,-0.47158724,-0.08667332,-0.035229232,-0.4870723,-0.1985229,-0.012247532,-0.30570057,-0.17068979,0.0050501223,-0.3286419,-0.12543966,-0.121172,-0.44047943,-0.09207427,-0.1237457,-0.45597205,-0.1646245,-0.0898009,-0.3271959,-0.1428046,-0.08000826,-0.31433907,-0.10963522
L,Cristhian,Right,0.0,0.0,0.0,0.1283481,-0.042624883,-0.12491857,0.26029682,-0.14195827,-0.19615225,0.3924566,-0.17075625,-0.25581154,0.5049576,-0.1749364,-0.3084042,0.20370294,-0.47346616,-0.12235829,0.24932294,-0.6778722,-0.210856,0.2678321,-0.8176677,-0.24999729,0.27620527,-0.9610987,-0.27304325,0.09801266,-0.48498034,-0.101433106,0.067783095,-0.5392142,-0.20132256,0.060416076,-0.33753115,-0.19484141,0.07727109,-0.32365093,-0.16848254,-0.0075474153,-0.47239044,-0.09818609,-0.039374333,-0.49851558,-0.20436388,-0.021895438,-0.3215475,-0.16556863,0.003521791,-0.33098912,-0.11599392,-0.10657891,-0.44411063,-0.106663145,-0.12783457,-0.47185692,-0.1741505,-0.09937238,-0.34109688,-0.14423674,-0.08014206,-0.31981164,-0.10587442
L,Cristhian,Right,0.0,0.0,0.0,0.13077533,-0.036904912,-0.10939442,0.27238154,-0.13199376,-0.1716649,0.39989147,-0.14963064,-0.2248341,0.5163452,-0.14192683,-0.27434504,0.21318878,-0.46999708,-0.104725696,0.26417997,-0.684565,-0.1757522,0.29522347,-0.8232736,-0.20686309,0.32122993,-0.9470012,-0.22768842,0.104644544,-0.48349705,-0.090871386,0.09752537,-0.5744654,-0.19073378,0.075908594,-0.3813941,-0.19803615,0.071475334,-0.31553385,-0.1786288,-0.0022529904,-0.4622303,-0.09054728,0.0025610733,-0.49297082,-0.20142557,0.000114115865,-0.31742176,-0.17968962,0.0059010573,-0.297727,-0.13633367,-0.10369798,-0.4243344,-0.09841947,-0.08738682,-0.46546096,-0.16946478,-0.07482502,-0.33654505,-0.14729808,-0.07308463,-0.31562522,-0.113160595
L,Cristhian,Right,0.0,0.0,0.0,0.14980963,-0.018960457,-0.11127427,0.30465347,-0.11047464,-0.1628918,0.43743262,-0.13663118,-0.20331661,0.5437692,-0.13592541,-0.23611803,0.25105512,-0.4430824,-0.10516849,0.31450027,-0.65638083,-0.18454185,0.34815985,-0.7928391,-0.21804842,0.37379768,-0.92751026,-0.23756106,0.13908604,-0.4671034,-0.089374304,0.13860048,-0.51892984,-0.17923172,0.11149982,-0.3159943,-0.17186908,0.11515737,-0.295597,-0.1476166,0.02680198,-0.46585622,-0.090509474,0.021074038,-0.5062382,-0.19626385,0.02111515,-0.31490427,-0.16235016,0.03553673,-0.3119166,-0.1159555,-0.079561286,-0.44256186,-0.10162148,-0.08432619,-0.47605264,-0.17145444,-0.061928537,-0.33797067,-0.14365618,-0.05523944,-0.30788025,-0.107001185
L,Cristhian,Right,0.0,0.0,0.0,0.1406045,-0.036613457,-0.100968495,0.2867567,-0.13376617,-0.16284972,0.42179224,-0.16851087,-0.21961473,0.5342088,-0.16119686,-0.27322114,0.22711584,-0.45739678,-0.10234851,0.28695923,-0.6695455,-0.17695561,0.31982327,-0.8121479,-0.21130154,0.34014788,-0.94037193,-0.23427498,0.115760155,-0.47682887,-0.09315775,0.11965042,-0.5317307,-0.18810557,0.09543299,-0.3342857,-0.18668333,0.090200834,-0.29989392,-0.166011,0.006719131,-0.4637123,-0.097612955,0.009437145,-0.5037178,-0.19868466,0.013663416,-0.32915965,-0.1632592,0.016679008,-0.31335586,-0.117596045,-0.09639543,-0.42989466,-0.11145094,-0.086031966,-0.46485862,-0.17806701,-0.06594488,-0.33833247,-0.14942001,-0.066384636,-0.3083461,-0.113113895
L,Cristhian,Right,0.0,0.0,0.0,0.12955937,-0.050888505,-0.12425649,0.26027134,-0.16308323,-0.18642755,0.38689795,-0.21315816,-0.23540886,0.49796334,-0.22885618,-0.27580407,0.18867843,-0.49697185,-0.10906109,0.22820263,-0.70252585,-0.18528134,0.24505146,-0.83687973,-0.21216989,0.25354007,-0.9673249,-0.22607206,0.08054772,-0.49236518,-0.086348906,0.062412348,-0.55739975,-0.17385319,0.06361928,-0.35317203,-0.16128674,0.07722663,-0.331208,-0.1301153,-0.023256546,-0.4662076,-0.08202552,-0.035943504,-0.48897505,-0.18651728,-0.014404417,-0.3056488,-0.15309976,0.0037331071,-0.31604496,-0.10432945,-0.11832802,-0.42516842,-0.08859263,-0.12521245,-0.45646802,-0.15520586,-0.093328,-0.32669502,-0.12855326,-0.08249835,-0.3079977,-0.09199949
L,Cristhian,Right,0.0,0.0,0.0,0.1256294,-0.06294826,-0.116526924,0.24683511,-0.18242294,-0.17659853,0.37075555,-0.24325867,-0.22503571,0.47882417,-0.26979783,-0.26506928,0.16624168,-0.50253916,-0.103177495,0.19017015,-0.7186369,-0.17584121,0.20271331,-0.8515296,-0.20010002,0.20726724,-0.97828436,-0.21232992,0.06483094,-0.48967835,-0.08449787,0.047847096,-0.5624838,-0.16629618,0.053806502,-0.35965297,-0.15065768,0.0652752,-0.33711433,-0.118812576,-0.03358696,-0.45746392,-0.08359034,-0.042223025,-0.49976712,-0.18566686,-0.016873203,-0.31394756,-0.14936645,-0.0027373605,-0.31673473,-0.099384226,-0.12491934,-0.41010728,-0.09274861,-0.12787558,-0.45901564,-0.15905824,-0.089869216,-0.3270956,-0.12951963,-0.08004012,-0.30040655,-0.09125979
L,Cristhian,Right,0.0,0.0,0.0,0.12847272,-0.061059423,-0.12659408,0.24747254,-0.17229156,-0.18474323,0.3745831,-0.23390698,-0.2265278,0.48259804,-0.26927912,-0.25598183,0.17510821,-0.49743485,-0.10940953,0.20642786,-0.7051216,-0.19198978,0.2205496,-0.8358214,-0.22303751,0.22617838,-0.9740859,-0.23702799,0.0743419,-0.4858031,-0.082309924,0.050541475,-0.5551011,-0.1618524,0.05742561,-0.34856898,-0.1410953,0.07232524,-0.335026,-0.10591565,-0.026520476,-0.46057424,-0.07593063,-0.041424718,-0.5009988,-0.17933822,-0.016389951,-0.31104583,-0.14359212,0.0016658352,-0.32695052,-0.09322464,-0.11674952,-0.4222807,-0.08024635,-0.12688407,-0.4628498,-0.14216805,-0.09045299,-0.33320725,-0.11157786,-0.07967321,-0.31267,-0.07314788
L,Cristhian,Right,0.0,0.0,0.0,0.12371645,-0.051642835,-0.1261314,0.24806638,-0.15851414,-0.19061528,0.36747208,-0.21597557,-0.24131764,0.47759494,-0.2442689,-0.2821123,0.17710981,-0.49725997,-0.10969004,0.21195213,-0.70590466,-0.1855401,0.2293051,-0.8394421,-0.20955391,0.2387248,-0.9710873,-0.22130786,0.070825905,-0.49433392,-0.08712611,0.052049533,-0.5664331,-0.17423022,0.05520706,-0.36481142,-0.16096568,0.06462376,-0.34170586,-0.12834395,-0.0307869,-0.46674702,-0.08321324,-0.03239459,-0.48566517,-0.1940936,-0.008262057,-0.29954475,-0.1634782,0.00638262,-0.31454223,-0.1137163,-0.1219907,-0.4248364,-0.089301296,-0.115938395,-0.4532333,-0.15985806,-0.0829237,-0.32239562,-0.13460197,-0.07681568,-0.3120494,-0.09792046
L,Cristhian,Right,0.0,0.0,0.0,0.13011113,-0.063874334,-0.12484533,0.25434786,-0.17491357,-0.18614183,0.3799385,-0.23062372,-0.23314452,0.48750725,-0.26283187,-0.26966286,0.1710587,-0.50350016,-0.10698579,0.19573091,-0.7119218,-0.18506202,0.20920907,-0.84293914,-0.21447091,0.21628407,-0.97633046,-0.22925393,0.06527566,-0.48737365,-0.08384355,0.05582657,-0.55227244,-0.16526888,0.06516082,-0.35058323,-0.1519621,0.07338002,-0.33779216,-0.122780606,-0.03638763,-0.45298186,-0.08008873,-0.035461694,-0.48858166,-0.18446293,-0.009653329,-0.30428508,-0.1538411,-0.0010184231,-0.3225889,-0.107916534,-0.12893522,-0.4059665,-0.086755164,-0.12121359,-0.45047247,-0.15245658,-0.085389234,-0.32298073,-0.12522532,-0.08485234,-0.3057373,-0.08954429
L,Cristhian,Right,0.0,0.0,0.0,0.12880631,-0.06172658,-0.122735545,0.25016633,-0.17698373,-0.18531755,0.37336114,-0.236597,-0.23517556,0.48191172,-0.2662095,-0.2760707,0.16900343,-0.5027635,-0.10780661,0.190133,-0.7193828,-0.18108119,0.19974501,-0.85364676,-0.20379046,0.20411842,-0.9789462,-0.21441667,0.06480488,-0.49031368,-0.08631294,0.043409877,-0.5587832,-0.17314096,0.05251861,-0.35495093,-0.15958348,0.06887473,-0.32633457,-0.12744163,-0.035347555,-0.45684198,-0.08321344,-0.047701128,-0.48686996,-0.19109003,-0.019372543,-0.30221266,-0.15909289,0.00024249851,-0.30639884,-0.11025222,-0.12758455,-0.41067055,-0.090361126,-0.13633513,-0.45032504,-0.16132057,-0.09740788,-0.31802773,-0.13623291,-0.08321782,-0.2933286,-0.10007724
L,Cristhian,Right,0.0,0.0,0.0,0.13103546,-0.06664096,-0.115761764,0.25107592,-0.18717544,-0.17368826,0.36758044,-0.24963126,-0.21982895,0.47657427,-0.2831214,-0.2587688,0.1625646,-0.50820345,-0.09711853,0.18816918,-0.718378,-0.16429259,0.19697051,-0.8524235,-0.18880807,0.19688262,-0.9804271,-0.2033686,0.057318483,-0.49156678,-0.079152144,0.046243947,-0.5745251,-0.16439648,0.055880655,-0.37565818,-0.1588897,0.061869122,-0.34005368,-0.13292709,-0.0432914,-0.45151898,-0.077843636,-0.043918002,-0.49160635,-0.18514922,-0.019015554,-0.30737928,-0.15942201,-0.010669631,-0.31053278,-0.11441326,-0.13684227,-0.4002198,-0.08543716,-0.13095139,-0.4523391,-0.15612972,-0.094000675,-0.3212698,-0.13228792,-0.08851209,-0.29925355,-0.09752129
L,Cristhian,Right,0.0,0.0,0.0,0.13910256,-0.09155444,-0.106172495,0.24456015,-0.2521548,-0.148556,0.34208325,-0.3459049,-0.17869556,0.4356381,-0.39392745,-0.2012204,0.10919534,-0.52901536,-0.0897739,0.114275426,-0.74215376,-0.15871151,0.10441823,-0.87246555,-0.18489064,0.08464248,-0.9964114,-0.2002984,0.005898403,-0.48555413,-0.07599945,0.0008276068,-0.5640757,-0.15984118,0.03635558,-0.37301895,-0.15140411,0.041176133,-0.35453418,-0.12467433,-0.092663765,-0.4213932,-0.0792099,-0.09411219,-0.46094626,-0.18090811,-0.043571036,-0.2906374,-0.15234159,-0.041956406,-0.30734318,-0.10898887,-0.18232231,-0.34207216,-0.09158945,-0.18415192,-0.37742504,-0.15784892,-0.12759127,-0.267419,-0.13367882,-0.12616938,-0.25317022,-0.10138922
L,Cristhian,Right,0.0,0.0,0.0,0.11300646,-0.132677,-0.035862576,0.16363078,-0.34202468,-0.0464977,0.1957126,-0.46707454,-0.057724997,0.22818607,-0.53008133,-0.06731993,-0.007212394,-0.54699534,-0.042712595,-0.040618632,-0.7591966,-0.0863418,-0.058092985,-0.886384,-0.10882299,-0.08265294,-0.9965784,-0.12732092,-0.08722545,-0.4991113,-0.055444904,0.0010249402,-0.5746447,-0.1266134,0.058742292,-0.42518938,-0.13460514,0.04126126,-0.3538531,-0.12567888,-0.15054356,-0.41844743,-0.07404777,-0.045812845,-0.4634101,-0.15790804,0.007571332,-0.31840116,-0.14331175,-0.021122243,-0.27898127,-0.11576799,-0.20411707,-0.32071546,-0.094714105,-0.11218869,-0.36594555,-0.1530608,-0.057786535,-0.2745153,-0.13750997,-0.07854067,-0.23468699,-0.11468369
L,Cristhian,Right,0.0,0.0,0.0,-0.12497371,-0.09594421,0.013001399,-0.22352795,-0.24376105,-0.014700134,-0.31611782,-0.34944052,-0.045469765,-0.4071637,-0.3800612,-0.0803671,-0.16448301,-0.444696,-0.1037214,-0.1450679,-0.71300733,-0.14408115,-0.13259338,-0.8732031,-0.16660346,-0.11964527,-0.9928167,-0.18235879,-0.074763075,-0.47023103,-0.12190183,0.033602577,-0.56116414,-0.13504173,0.039099295,-0.49655014,-0.10990623,0.0179205,-0.42874822,-0.09975648,0.03785665,-0.43369624,-0.13229653,0.11201801,-0.48084024,-0.13216566,0.10785769,-0.43254516,-0.09402177,0.08841262,-0.37008953,-0.078733146,0.1476522,-0.3843757,-0.14079224,0.19204205,-0.412444,-0.12655428,0.18005429,-0.35851926,-0.088865295,0.15748748,-0.30509418,-0.06593936
L,Cristhian,Right,0.0,0.0,0.0,-0.1581975,-0.08022494,0.008102433,-0.270243,-0.23309048,-0.016657425,-0.38266766,-0.34698167,-0.04527353,-0.50002575,-0.37325907,-0.079322845,-0.1536481,-0.48452547,-0.07512951,-0.13215551,-0.733776,-0.09334343,-0.11959622,-0.88694245,-0.10585709,-0.111678146,-0.99374443,-0.11731798,-0.05074138,-0.5293888,-0.08516068,-0.0058561317,-0.48102266,-0.08775156,-0.009903702,-0.40713277,-0.07451978,-0.017276604,-0.34937826,-0.07243394,0.060717173,-0.48154762,-0.0867879,0.06442981,-0.40837967,-0.085526586,0.06174387,-0.3526551,-0.06732469,0.05345477,-0.30088443,-0.06305962,0.16031213,-0.42005584,-0.085460424,0.16093402,-0.35138038,-0.06889849,0.14762254,-0.29690412,-0.03954976,0.13248149,-0.252227,-0.019972824
L,Cristhian,Right,0.0,0.0,0.0,-0.17019793,-0.08592974,0.0032304088,-0.28453887,-0.22968872,-0.026889605,-0.40738246,-0.33178443,-0.061769865,-0.51711726,-0.36387902,-0.10285631,-0.15905844,-0.48692086,-0.065693274,-0.14913914,-0.7277437,-0.08185739,-0.14298147,-0.87936836,-0.09383122,-0.13611645,-0.99069285,-0.105931416,-0.046699263,-0.52192414,-0.07694658,-0.041069828,-0.4801014,-0.07530903,-0.048463892,-0.40055653,-0.062290784,-0.04719753,-0.34192982,-0.061816446,0.06676811,-0.46785948,-0.08132922,0.042232815,-0.4180903,-0.07326364,0.037839066,-0.3532031,-0.04959523,0.03929568,-0.2960409,-0.043265168,0.16183549,-0.3971342,-0.08470467,0.14677894,-0.36356485,-0.0630281,0.13042109,-0.30493662,-0.02930174,0.12707186,-0.2521858,-0.0075074825
L,Cristhian,Right,0.0,0.0,0.0,-0.16775604,-0.083497025,0.0046424484,-0.29557613,-0.23158956,-0.021913838,-0.42082447,-0.33408284,-0.05318756,-0.5322306,-0.36597613,-0.090806626,-0.17247197,-0.5110842,-0.053893626,-0.16739494,-0.73877937,-0.059829004,-0.1664817,-0.88127255,-0.06482525,-0.16526379,-0.9862494,-0.073096104,-0.0589916,-0.54941505,-0.0638761,-0.053965926,-0.5034946,-0.05428101,-0.062610686,-0.4174098,-0.039108355,-0.057412386,-0.35503536,-0.03775663,0.051784452,-0.49979705,-0.0669579,0.034944955,-0.44439313,-0.05487081,0.02671871,-0.3753686,-0.033371612,0.026988132,-0.31483716,-0.029081227,0.14362441,-0.43403503,-0.068795316,0.13411142,-0.39520285,-0.04545124,0.11874194,-0.33139306,-0.014174519,0.1166546,-0.27565154,0.005337835
L,Cristhian,Right,0.0,0.0,0.0,-0.06358162,-0.14278698,0.04052635,-0.10411364,-0.30543768,0.027811829,-0.1295486,-0.43673903,0.0022384075,-0.18065219,-0.5006955,-0.026595553,-0.060994424,-0.48233947,-0.047672234,0.00037963118,-0.72575116,-0.08541445,0.041598428,-0.88190246,-0.10447509,0.06993448,-0.99755156,-0.11568285,-0.008521093,-0.4711775,-0.08659763,0.15575367,-0.565323,-0.11754266,0.17442256,-0.4841241,-0.101684935,0.14457752,-0.41674036,-0.0883972,0.06240571,-0.4139194,-0.11872199,0.21130715,-0.46559384,-0.13929929,0.21167575,-0.39409614,-0.105927244,0.17453235,-0.33603048,-0.08419457,0.13467014,-0.34194687,-0.14758942,0.24985325,-0.37007487,-0.14508104,0.24091838,-0.30193025,-0.10988673,0.19893984,-0.25140527,-0.08439297
L,Cristhian,Right,0.0,0.0,0.0,0.123428285,-0.10596598,-0.02158231,0.20320891,-0.28004947,-0.046945594,0.24584943,-0.40201753,-0.07966847,0.27362773,-0.46878368,-0.11232294,0.07629623,-0.54915845,-0.051966146,0.11033448,-0.748404,-0.11116327,0.13501966,-0.8755889,-0.14629687,0.15292843,-0.98823726,-0.1723736,-0.01734927,-0.53783983,-0.076540574,0.12675893,-0.522547,-0.15668708,0.14166772,-0.3631305,-0.16863528,0.10329463,-0.3066822,-0.16543035,-0.08985383,-0.47098076,-0.10460495,0.064150475,-0.42492783,-0.18324561,0.07101306,-0.28968862,-0.16434857,0.029216379,-0.26359752,-0.13958605,-0.15194786,-0.37492844,-0.13535899,-0.021894317,-0.34819826,-0.18491323,-0.0031487495,-0.25178137,-0.16624485,-0.038924143,-0.22399257,-0.14343396
L,Cristhian,Right,0.0,0.0,0.0,0.13713533,-0.07764611,-0.097146556,0.2717324,-0.20503215,-0.14273739,0.39624912,-0.2566072,-0.1801392,0.5101762,-0.27742732,-0.21427678,0.19073379,-0.5171687,-0.07435688,0.23167813,-0.71723056,-0.13251923,0.25258446,-0.84270513,-0.15858681,0.26820934,-0.96336067,-0.17698091,0.083910175,-0.51142126,-0.064838484,0.06745734,-0.6338176,-0.1473935,0.073716745,-0.4517081,-0.15498072,0.08660561,-0.384344,-0.13885416,-0.021917084,-0.46682385,-0.06889612,-0.029627912,-0.52992076,-0.17308906,-0.009500901,-0.349383,-0.15597019,0.009723004,-0.32260334,-0.11592152,-0.121805176,-0.40629756,-0.07963526,-0.122825764,-0.48254564,-0.1487678,-0.094405875,-0.3495121,-0.12696142,-0.08171887,-0.30875307,-0.0934027
L,Cristhian,Right,0.0,0.0,0.0,0.11631973,-0.054685403,-0.14656632,0.22766115,-0.17844138,-0.21942882,0.35786468,-0.23719834,-0.27553576,0.4733544,-0.27684966,-0.32039425,0.18004657,-0.5042547,-0.12668507,0.2185774,-0.70658773,-0.22358164,0.2379483,-0.8357484,-0.26303157,0.2518689,-0.96776134,-0.28247297,0.076265074,-0.4944334,-0.09642758,0.04063548,-0.5727916,-0.2051103,0.03964436,-0.37169507,-0.19693874,0.0620659,-0.36069363,-0.16370608,-0.027376695,-0.46867967,-0.08897871,-0.06292165,-0.50046676,-0.20825249,-0.040610727,-0.32009467,-0.17314439,-0.009232588,-0.3414582,-0.11999987,-0.11996401,-0.43047455,-0.095052704,-0.14760554,-0.46168503,-0.16970965,-0.11775104,-0.3352237,-0.14494137,-0.09560512,-0.3207047,-0.10801771
L,Cristhian,Right,0.0,0.0,0.0,0.120659694,-0.051772214,-0.18521164,0.23083279,-0.16593501,-0.28281698,0.36889023,-0.22245637,-0.35805178,0.4938949,-0.27347144,-0.4215462,0.18658267,-0.49691626,-0.16901167,0.2179529,-0.69635314,-0.28027424,0.23258305,-0.8379827,-0.32519612,0.24621363,-0.9692156,-0.34618467,0.07796391,-0.4894794,-0.12647142,0.036251634,-0.578909,-0.25906035,0.027574623,-0.37181133,-0.25125474,0.04992,-0.33924225,-0.20947494,-0.028585708,-0.46627092,-0.11120598,-0.06552643,-0.4923549,-0.25484064,-0.045906365,-0.30727187,-0.22482914,-0.011795682,-0.32043862,-0.16718112,-0.11976866,-0.4370384,-0.1121369,-0.14708707,-0.45295608,-0.2047972,-0.122589864,-0.32678047,-0.18947963,-0.09740547,-0.31574193,-0.15575378
L,Cristhian,Right,0.0,0.0,0.0,0.11806133,-0.047878817,-0.15349905,0.24002206,-0.16765723,-0.22579806,0.37720472,-0.22418882,-0.2779549,0.49210727,-0.27068585,-0.32082093,0.2085074,-0.47782,-0.13597362,0.24719557,-0.68271005,-0.22501887,0.26155224,-0.8273864,-0.2673722,0.27032772,-0.9627684,-0.29276505,0.109711245,-0.48429883,-0.10104683,0.06697083,-0.5746369,-0.20977162,0.046698146,-0.37884173,-0.20805933,0.06594023,-0.32559565,-0.17956652,0.0074580335,-0.4688473,-0.08771876,-0.03228291,-0.51364493,-0.20599703,-0.022948094,-0.33455756,-0.17699964,0.010641337,-0.32189468,-0.12829499,-0.08498096,-0.43953708,-0.08825646,-0.11399985,-0.47583067,-0.16936699,-0.095398456,-0.3464831,-0.15200482,-0.06959919,-0.31771335,-0.11997941
L,Cristhian,Right,0.0,0.0,0.0,0.12657797,-0.08285925,-0.106604256,0.24952754,-0.2500852,-0.1495264,0.36476964,-0.33847538,-0.18143848,0.46598977,-0.38912883,-0.20557994,0.14931327,-0.51971406,-0.07701679,0.1742624,-0.7207753,-0.1467482,0.18266222,-0.8527822,-0.17618169,0.1864467,-0.9824651,-0.1939524,0.039659448,-0.50441414,-0.062305637,0.028538192,-0.579954,-0.14942257,0.039809767,-0.3810815,-0.14552183,0.04791789,-0.35043323,-0.12003256,-0.066304214,-0.4616793,-0.06522081,-0.080285445,-0.49613404,-0.1671453,-0.04603988,-0.32037002,-0.13900003,-0.032266438,-0.32989126,-0.094621636,-0.16307983,-0.39922732,-0.07768918,-0.17308043,-0.43348947,-0.1398731,-0.13052286,-0.31236717,-0.112500645,-0.12236635,-0.29215825,-0.07707503
L,Cristhian,Right,0.0,0.0,0.0,0.110606216,-0.12885319,-0.06296682,0.18512301,-0.3404497,-0.08881201,0.25898448,-0.46381694,-0.11231839,0.33198336,-0.5274458,-0.13217624,0.03289586,-0.5356057,-0.05006381,0.03293507,-0.752798,-0.10406624,0.030764831,-0.8851153,-0.12467603,0.011132429,-0.999938,-0.13931854,-0.065267146,-0.49144608,-0.057328176,-0.02829842,-0.57809883,-0.13535768,0.02119945,-0.3829996,-0.130758,-5.5038952e-05,-0.3369297,-0.10822455,-0.1546992,-0.41717002,-0.07621045,-0.11749892,-0.47028124,-0.17578557,-0.054602735,-0.301116,-0.14842342,-0.07955874,-0.28558123,-0.1064564,-0.23779821,-0.3160431,-0.0994523,-0.20539215,-0.37018412,-0.16463587,-0.13546774,-0.26850694,-0.1357468,-0.14924394,-0.23482774,-0.10046452
L,Cristhian,Right,0.0,0.0,0.0,0.110948995,-0.13795784,-0.05088582,0.17655264,-0.3597181,-0.065622054,0.23867172,-0.48493043,-0.079464346,0.30562422,-0.5471903,-0.09154361,0.01270784,-0.54587156,-0.039976515,0.0111164665,-0.7606935,-0.08789899,0.0044032354,-0.8908107,-0.106150605,-0.014751193,-0.9998912,-0.12023819,-0.08443775,-0.49797386,-0.04827429,-0.0406697,-0.57215714,-0.1234238,0.01116138,-0.38771498,-0.12216792,-0.0070243697,-0.33166325,-0.10300018,-0.1703948,-0.41557065,-0.06653631,-0.121873856,-0.45225927,-0.16485114,-0.05645362,-0.29200557,-0.14451265,-0.07672878,-0.26883075,-0.10767483,-0.24854422,-0.3091088,-0.087586805,-0.208655,-0.35307905,-0.15678552,-0.13610008,-0.25686148,-0.13628557,-0.14211516,-0.22265956,-0.10668546
L,Cristhian,Right,0.0,0.0,0.0,0.023912715,-0.24599957,-0.009440402,0.0059888167,-0.44436705,-0.05067621,0.008630894,-0.595797,-0.103770435,0.014629906,-0.7402578,-0.15533224,-0.2108841,-0.48630482,-0.06056179,-0.21097751,-0.70133126,-0.13065203,-0.22175775,-0.8534992,-0.17405841,-0.2363589,-0.9716658,-0.20328678,-0.22628441,-0.4078919,-0.096154496,-0.039418526,-0.5839459,-0.18217836,0.02010293,-0.5028343,-0.193656,0.005389733,-0.4337338,-0.1914539,-0.18773887,-0.32070947,-0.13356286,0.01713838,-0.48442236,-0.20850533,0.05502166,-0.39986068,-0.18202455,0.026465312,-0.34070718,-0.15448394,-0.12045136,-0.23855038,-0.17409395,0.049651984,-0.37226665,-0.21420537,0.07539621,-0.31190532,-0.19098403,0.044281527,-0.25972763,-0.16808112
L,Cristhian,Right,0.0,0.0,0.0,-0.1470437,-0.11237476,0.0048059965,-0.24769087,-0.26451665,-0.023869142,-0.34325773,-0.3796218,-0.055223323,-0.4444819,-0.41142064,-0.09109113,-0.15385881,-0.47258902,-0.092345595,-0.124244064,-0.72552055,-0.11962866,-0.10723881,-0.8804324,-0.13440232,-0.099278845,-0.99505967,-0.14758195,-0.053804997,-0.4934379,-0.10936673,0.041001763,-0.5570419,-0.11871118,0.043908123,-0.48868132,-0.10084323,0.016576622,-0.42123744,-0.09685891,0.063986346,-0.4424046,-0.11852933,0.11385446,-0.47424555,-0.12339727,0.11596445,-0.4217514,-0.09210902,0.09485799,-0.35953835,-0.079996,0.17649508,-0.3736524,-0.12557845,0.2060496,-0.40879917,-0.11720661,0.1952482,-0.35757035,-0.08000167,0.16974264,-0.29977712,-0.0559834
L,Cristhian,Right,0.0,0.0,0.0,-0.15515867,-0.10112913,0.010093783,-0.26177278,-0.23265783,-0.0222629,-0.37483293,-0.33280513,-0.05806754,-0.4798658,-0.36103123,-0.098504625,-0.17198709,-0.4677799,-0.08411427,-0.14105622,-0.72508657,-0.10676687,-0.12889352,-0.87856966,-0.11621369,-0.12157902,-0.9925818,-0.12486412,-0.05581154,-0.50813407,-0.09788916,-0.00364638,-0.5552666,-0.09516078,-0.007105459,-0.47470105,-0.06784495,-0.019327143,-0.40127817,-0.058088467,0.06300211,-0.47269285,-0.10414421,0.0726169,-0.4621321,-0.09447073,0.0675424,-0.39647278,-0.05929549,0.054281138,-0.33049056,-0.047140818,0.1711092,-0.42066997,-0.10822333,0.1646409,-0.40459853,-0.08663083,0.14983666,-0.34373567,-0.048408397,0.13048412,-0.2882581,-0.02518841
L,Cristhian,Right,0.0,0.0,0.0,-0.14655083,-0.112336226,0.002138506,-0.25185826,-0.25247452,-0.029805329,-0.35014063,-0.3524581,-0.065537125,-0.44376642,-0.39112872,-0.104962096,-0.1365662,-0.49702662,-0.07873511,-0.10093301,-0.73872805,-0.10264431,-0.083459556,-0.8882645,-0.112641774,-0.072504565,-0.9973681,-0.1224216,-0.026585612,-0.5210001,-0.094124585,0.03806745,-0.56900954,-0.10636915,0.03190044,-0.47397345,-0.0896378,0.015412982,-0.3938545,-0.08214652,0.085017115,-0.4775389,-0.103428856,0.11111969,-0.4724296,-0.106060885,0.1016121,-0.3946212,-0.07415024,0.08161341,-0.3214843,-0.059726708,0.18720788,-0.41630146,-0.11216872,0.19688399,-0.4034221,-0.10204491,0.17893457,-0.33554694,-0.068474874,0.15533967,-0.2795057,-0.04505739
L,Cristhian,Right,0.0,0.0,0.0,-0.10834405,-0.20182917,0.04089715,-0.12645133,-0.40587163,0.04180158,-0.08329625,-0.55591357,0.035024982,-0.019952917,-0.6207393,0.026101016,-0.11573031,-0.51351786,-0.031768758,-0.061531343,-0.77241457,-0.035659827,-0.033097714,-0.90338635,-0.032326214,-0.019431086,-0.9998112,-0.03291401,-0.017370727,-0.51356566,-0.057472214,0.1020827,-0.6294789,-0.04668923,0.11114272,-0.56319815,-0.0267291,0.084222764,-0.5050338,-0.019313496,0.09459895,-0.45978108,-0.073588535,0.16611835,-0.52840376,-0.047290687,0.16390531,-0.4742591,-0.014687946,0.13876899,-0.4173652,-0.0049593947,0.19569474,-0.38660485,-0.08684224,0.23884167,-0.4414844,-0.047410026,0.2271079,-0.4012809,-0.008480918,0.19797651,-0.34907797,0.013534014
L,Cristhian,Right,0.0,0.0,0.0,0.1290944,-0.085181974,-0.14169025,0.23748769,-0.2402826,-0.20325018,0.34969598,-0.33020684,-0.24610531,0.44892043,-0.38987377,-0.27703696,0.11715673,-0.5172683,-0.12694447,0.13485776,-0.72120124,-0.22644529,0.13296813,-0.85352886,-0.26694733,0.12719077,-0.9918783,-0.2860107,0.01018335,-0.48516354,-0.09803419,-0.009752217,-0.5313403,-0.20713818,0.020604616,-0.335328,-0.19779576,0.03293478,-0.33373946,-0.16396181,-0.095135316,-0.43417227,-0.092433274,-0.11379341,-0.43263912,-0.21727218,-0.05742415,-0.2672738,-0.19119439,-0.040398836,-0.3078805,-0.14339973,-0.18562345,-0.3734236,-0.09891808,-0.19917555,-0.36746836,-0.17536329,-0.14126095,-0.25880966,-0.15552926,-0.12586679,-0.25803715,-0.12303215
L,Cristhian,Right,0.0,0.0,0.0,0.12052965,-0.10018454,-0.08368426,0.2294355,-0.28716138,-0.13244812,0.3494416,-0.39206135,-0.1765967,0.4446423,-0.45786342,-0.22288243,0.098121375,-0.49964482,-0.08772281,0.091740355,-0.73028487,-0.15020871,0.0913637,-0.8705168,-0.19364837,0.081311956,-0.9966887,-0.22772437,0.0005583047,-0.4775423,-0.08156059,-0.026974535,-0.57711905,-0.17279546,-0.011725791,-0.43374088,-0.20262465,-0.016550602,-0.36555895,-0.20833331,-0.08952263,-0.42329234,-0.08314345,-0.11474433,-0.49560714,-0.1642251,-0.08675885,-0.3675639,-0.1444405,-0.08065306,-0.30734542,-0.114794485,-0.16957498,-0.3527213,-0.092186384,-0.18735759,-0.41679227,-0.1418296,-0.16204734,-0.32775617,-0.11707982,-0.1516704,-0.27552897,-0.08780441
L,Cristhian,Right,0.0,0.0,0.0,0.12180926,-0.07258451,-0.10507162,0.22220932,-0.21737841,-0.17002767,0.33151805,-0.3026428,-0.2265553,0.4266615,-0.37126392,-0.28063983,0.10933644,-0.4827268,-0.11686458,0.10349075,-0.71458244,-0.20274374,0.09270258,-0.86446756,-0.2429876,0.07558501,-0.99713933,-0.26632306,0.011888201,-0.469197,-0.10284236,-0.028904866,-0.51352334,-0.20178263,0.00010403752,-0.3423076,-0.20223688,0.019800384,-0.3168795,-0.18089867,-0.08422721,-0.42102385,-0.103117034,-0.11292177,-0.4331129,-0.20738606,-0.06762776,-0.28573892,-0.17592272,-0.04386664,-0.28243852,-0.13001633,-0.16818804,-0.35802138,-0.1121909,-0.18989119,-0.37127125,-0.17849918,-0.14013153,-0.2629285,-0.14977641,-0.11016317,-0.23849805,-0.110885985
L,Cristhian,Right,0.0,0.0,0.0,0.13193749,-0.074405566,-0.11507174,0.25412464,-0.22408359,-0.17341249,0.36407384,-0.32013106,-0.22150974,0.46453342,-0.36934084,-0.26182416,0.13967134,-0.5068253,-0.1029708,0.16554645,-0.7125329,-0.18451147,0.17711127,-0.84940046,-0.21705359,0.17892915,-0.983862,-0.23443827,0.025215853,-0.48611736,-0.086644284,0.0275448,-0.5383991,-0.18075347,0.04854312,-0.34308243,-0.17364042,0.049206942,-0.3341471,-0.14594133,-0.0794783,-0.44216928,-0.0876367,-0.077398516,-0.46043155,-0.19855817,-0.036076915,-0.2850534,-0.16663733,-0.03056689,-0.30196804,-0.11865612,-0.17198077,-0.38242444,-0.09837232,-0.16710104,-0.39988637,-0.16709527,-0.11995682,-0.2771235,-0.13796927,-0.1165402,-0.25798124,-0.09978138
L,Cristhian,Right,0.0,0.0,0.0,0.14984523,-0.06774778,-0.14733627,0.2653223,-0.21087006,-0.21466407,0.37756622,-0.30268148,-0.2632495,0.4806671,-0.36491093,-0.29737544,0.16432309,-0.51092285,-0.1335299,0.17740023,-0.7163416,-0.2374659,0.18033308,-0.84806645,-0.27517,0.17837012,-0.9839635,-0.29034388,0.045807786,-0.4753125,-0.10488857,0.043158073,-0.5346151,-0.21145692,0.063933626,-0.32917187,-0.19237141,0.06913711,-0.3508366,-0.15318108,-0.064404145,-0.4306789,-0.101677775,-0.07148771,-0.46122456,-0.23395625,-0.02648374,-0.2753125,-0.20154586,-0.01655374,-0.32633618,-0.14997487,-0.16088076,-0.38186693,-0.11066624,-0.16656148,-0.39680123,-0.19277012,-0.11615233,-0.2724459,-0.16985264,-0.11073089,-0.2704677,-0.13687661
L,Cristhian,Right,0.0,0.0,0.0,0.14765806,-0.06381172,-0.15666723,0.26070496,-0.20349997,-0.22841786,0.37747762,-0.29228577,-0.28027374,0.48165214,-0.36530817,-0.31780344,0.16226664,-0.50761175,-0.1330096,0.17700714,-0.70952845,-0.23866923,0.17993163,-0.8472039,-0.27951914,0.17888477,-0.98387,-0.29657385,0.04743945,-0.4714264,-0.10017135,0.044464186,-0.5317593,-0.21208939,0.06234021,-0.3252092,-0.19585505,0.0668885,-0.33363813,-0.15528814,-0.061398875,-0.42517477,-0.09430413,-0.068533726,-0.44368136,-0.23072995,-0.023857838,-0.2625451,-0.2012819,-0.01584287,-0.31082708,-0.14884345,-0.15620224,-0.3751585,-0.10138532,-0.1594365,-0.38428313,-0.18606435,-0.10932287,-0.26348716,-0.16511984,-0.10507501,-0.26266822,-0.13192509
L,Cristhian,Right,0.0,0.0,0.0,0.13615292,-0.07285705,-0.15129197,0.25124624,-0.21776477,-0.2162554,0.3671984,-0.31449977,-0.26012337,0.4649114,-0.39151737,-0.2891848,0.15155815,-0.5161307,-0.13051052,0.17070024,-0.7151537,-0.23050134,0.17504533,-0.8468432,-0.2681348,0.17303708,-0.9849153,-0.28329393,0.036969222,-0.4875268,-0.096387945,0.026680388,-0.5512262,-0.19622873,0.05079678,-0.34869072,-0.17712076,0.05857967,-0.35539648,-0.13742639,-0.07361528,-0.44553497,-0.08765567,-0.08344482,-0.46416098,-0.21278858,-0.037622593,-0.28429255,-0.18242589,-0.027931765,-0.3296582,-0.13147907,-0.16859128,-0.39262003,-0.091537215,-0.17319895,-0.40417358,-0.16753076,-0.12268553,-0.28290355,-0.14382303,-0.11952158,-0.27661613,-0.1092635
L,Cristhian,Right,0.0,0.0,0.0,0.14452529,-0.06648076,-0.16075435,0.25451025,-0.20569691,-0.23541561,0.36759436,-0.2965886,-0.28831163,0.47150528,-0.3691145,-0.3262252,0.1557879,-0.50459707,-0.14777587,0.16997746,-0.70595604,-0.25792322,0.1706155,-0.8443502,-0.29929247,0.1675477,-0.985864,-0.31578806,0.04089609,-0.4733419,-0.112611115,0.039372638,-0.52997804,-0.22502418,0.05723761,-0.33109328,-0.20582983,0.05938024,-0.3443729,-0.16352475,-0.06828286,-0.42951846,-0.10440911,-0.07210635,-0.43743885,-0.24420218,-0.029431593,-0.26291358,-0.21666668,-0.024400689,-0.3205491,-0.1650678,-0.16010334,-0.38113025,-0.10880935,-0.15940453,-0.3797818,-0.1947197,-0.111140326,-0.26163295,-0.17501482,-0.11060515,-0.26544073,-0.14291823
L,Cristhian,Right,0.0,0.0,0.0,0.13519347,-0.074935675,-0.14064823,0.24261092,-0.21516745,-0.20596817,0.34755903,-0.30392832,-0.2534707,0.4461661,-0.36797783,-0.2881543,0.13879766,-0.5070709,-0.1327665,0.15539603,-0.7178077,-0.229401,0.1592751,-0.85383666,-0.26438016,0.15569198,-0.98780566,-0.27878973,0.028937306,-0.47515213,-0.10460487,0.02458307,-0.52168643,-0.209368,0.04732696,-0.32970846,-0.19462705,0.051245626,-0.33361465,-0.15811768,-0.07544277,-0.4300285,-0.09939625,-0.07807689,-0.42987207,-0.22552828,-0.034600932,-0.2602637,-0.19982971,-0.026935989,-0.30550054,-0.15272784,-0.16317646,-0.37766436,-0.10549297,-0.1607041,-0.37566683,-0.18201594,-0.113290206,-0.26149166,-0.16236871,-0.110017605,-0.26148218,-0.13141589
L,Cristhian,Right,0.0,0.0,0.0,0.1343271,-0.073918626,-0.12556845,0.24368739,-0.2238623,-0.18036649,0.3420756,-0.31641933,-0.21930659,0.4319351,-0.3872021,-0.24824524,0.13493037,-0.50302947,-0.12238424,0.14879069,-0.7213477,-0.21012458,0.1480315,-0.85574865,-0.24659853,0.1414803,-0.98994106,-0.2659778,0.030855682,-0.4763526,-0.10062048,0.019914294,-0.5222592,-0.2075072,0.03850367,-0.33458036,-0.2053116,0.046062447,-0.31237638,-0.17870775,-0.070606366,-0.4303008,-0.09800268,-0.07928273,-0.43207544,-0.22075623,-0.036913455,-0.261539,-0.1992173,-0.021279745,-0.28180963,-0.1559772,-0.1578865,-0.3750406,-0.105361305,-0.15924686,-0.37352118,-0.18323526,-0.11086588,-0.25567743,-0.16592021,-0.09796986,-0.24674949,-0.13611288
L,Cristhian,Right,0.0,0.0,0.0,0.12708853,-0.08552237,-0.1266982,0.2364538,-0.24308823,-0.17977595,0.33691844,-0.33751398,-0.21711871,0.42353758,-0.41312954,-0.24349767,0.12665924,-0.5287552,-0.11152045,0.13948052,-0.73469126,-0.19419777,0.1337055,-0.86000514,-0.22549233,0.12240832,-0.9924798,-0.241263,0.021172019,-0.49611932,-0.08877587,0.004270532,-0.5475251,-0.18713957,0.029551208,-0.35111955,-0.17933172,0.042459212,-0.33909744,-0.14980488,-0.08108663,-0.4455312,-0.08603246,-0.10150316,-0.45686117,-0.20458545,-0.049651727,-0.27342042,-0.177355,-0.02645782,-0.2924782,-0.13075109,-0.17289637,-0.38432547,-0.093674235,-0.18576774,-0.39399582,-0.1687935,-0.13056132,-0.26736063,-0.14673206,-0.11184416,-0.24840903,-0.11337035
L,Cristhian,Right,0.0,0.0,0.0,0.13302135,-0.089370616,-0.14941853,0.24002868,-0.2389553,-0.2186762,0.34372735,-0.3381258,-0.26855084,0.4396467,-0.42615762,-0.30534247,0.134708,-0.5270523,-0.13676792,0.14787452,-0.7258691,-0.2384701,0.14101546,-0.85819685,-0.2780595,0.13065568,-0.9914278,-0.2954134,0.024466103,-0.4917848,-0.10461775,0.008950894,-0.5504096,-0.21599849,0.033421475,-0.3487492,-0.20141485,0.047998145,-0.3419087,-0.16256592,-0.081774004,-0.44226453,-0.09689996,-0.099820666,-0.44850618,-0.22951604,-0.04890828,-0.26831967,-0.20009273,-0.026331905,-0.30056593,-0.14812906,-0.17447586,-0.38998199,-0.1012968,-0.18504116,-0.38637984,-0.1823075,-0.1311804,-0.26610652,-0.16176258,-0.111542605,-0.2588822,-0.12892868
L,Cristhian,Right,0.0,0.0,0.0,0.12780872,-0.08153831,-0.15632702,0.23091598,-0.23278788,-0.23332621,0.33669752,-0.3336393,-0.28945062,0.4299586,-0.43044025,-0.3324814,0.12906277,-0.52228814,-0.15407777,0.12805304,-0.72192466,-0.26392958,0.11317485,-0.8565713,-0.30899736,0.094816856,-0.9954947,-0.33039188,0.018897697,-0.48066258,-0.12163966,0.0030588252,-0.5317648,-0.23706672,0.028976355,-0.3311177,-0.22230518,0.041837353,-0.33465078,-0.18585871,-0.08795596,-0.4276427,-0.11434349,-0.10927831,-0.4422006,-0.25128978,-0.054921564,-0.25936747,-0.2161925,-0.030807652,-0.29202113,-0.16250966,-0.18120931,-0.37212154,-0.119714074,-0.19467525,-0.38611567,-0.207756,-0.13887964,-0.25848836,-0.18481846,-0.118507475,-0.24378367,-0.1505615
L,Cristhian,Right,0.0,0.0,0.0,0.13516642,-0.07754687,-0.17625682,0.23277996,-0.20439813,-0.2710476,0.33121282,-0.2931702,-0.34125578,0.42231584,-0.3870152,-0.3974083,0.13114414,-0.5035832,-0.2029011,0.13567317,-0.707123,-0.33802047,0.12199023,-0.8502858,-0.39543414,0.104324244,-0.9945433,-0.42270923,0.023921456,-0.45822307,-0.16502742,0.0032677718,-0.49874,-0.2975361,0.029372012,-0.29253,-0.274751,0.041465383,-0.3045567,-0.23022677,-0.07951539,-0.40366796,-0.15517603,-0.10084163,-0.39422145,-0.30358875,-0.04616073,-0.21841975,-0.26311707,-0.028029613,-0.26552573,-0.2051683,-0.16611372,-0.35078245,-0.16026498,-0.17768624,-0.32562134,-0.25500292,-0.12316587,-0.20949796,-0.23482917,-0.105466016,-0.21211772,-0.203021
L,Cristhian,Right,0.0,0.0,0.0,0.13206364,-0.084020324,-0.14715439,0.22894411,-0.2322447,-0.21865909,0.3298692,-0.33535254,-0.2701303,0.41964972,-0.42378053,-0.30877963,0.12632872,-0.5065998,-0.15578263,0.13091913,-0.7149483,-0.2652105,0.11993543,-0.8546425,-0.30953962,0.10133055,-0.99485284,-0.33008274,0.016001645,-0.47272864,-0.12582666,0.0032504513,-0.5223542,-0.23860174,0.026184876,-0.32227647,-0.22027874,0.03179649,-0.32261547,-0.18062857,-0.09085331,-0.42375743,-0.11964917,-0.10081486,-0.42675793,-0.2520974,-0.052214563,-0.2540609,-0.21936974,-0.03861555,-0.2940699,-0.16692834,-0.18019857,-0.3699608,-0.12519248,-0.18266577,-0.3719183,-0.20760359,-0.12942833,-0.25849566,-0.18585607,-0.116884574,-0.2566946,-0.15263835
L,Cristhian,Right,0.0,0.0,0.0,0.12843138,-0.08027013,-0.14614096,0.22405063,-0.22491688,-0.21859922,0.32398698,-0.32865468,-0.271357,0.41281378,-0.42069823,-0.31108767,0.12604721,-0.4999327,-0.15552653,0.1293665,-0.71037763,-0.26686403,0.11692458,-0.8526756,-0.31225932,0.097023994,-0.99528205,-0.33331758,0.0155339325,-0.4693087,-0.12614036,0.008526824,-0.51523703,-0.24005188,0.028378729,-0.32075933,-0.2221288,0.028758144,-0.32368684,-0.182972,-0.09154717,-0.42132595,-0.120725274,-0.09631691,-0.41766894,-0.25565517,-0.05144801,-0.2508303,-0.22574623,-0.043727733,-0.29643422,-0.1751901,-0.17893326,-0.3680882,-0.12657231,-0.1775405,-0.3644866,-0.21000318,-0.12767941,-0.25420406,-0.18993285,-0.120768495,-0.25751534,-0.15840586
L,Cristhian,Right,0.0,0.0,0.0,0.12693387,-0.08043039,-0.13196033,0.23322034,-0.23206012,-0.18827215,0.33788562,-0.3345126,-0.22609204,0.42925757,-0.41461438,-0.25120464,0.12849188,-0.51405114,-0.12097577,0.14572039,-0.7150618,-0.21208176,0.14955595,-0.8455186,-0.24798147,0.14538188,-0.9893756,-0.26472133,0.01922227,-0.4874986,-0.09475889,0.014540432,-0.54594874,-0.18859138,0.037935574,-0.34562048,-0.17356199,0.039363556,-0.33803502,-0.13905722,-0.08722429,-0.44281104,-0.090084374,-0.083624385,-0.4574481,-0.20844632,-0.03955889,-0.27676246,-0.18100895,-0.03577006,-0.3115314,-0.1331049,-0.17685854,-0.386708,-0.09559865,-0.16527922,-0.4110248,-0.16614406,-0.11487515,-0.28976712,-0.1404272,-0.11696445,-0.2773646,-0.104656786
L,Cristhian,Right,0.0,0.0,0.0,0.1367086,-0.08093579,-0.1296358,0.2438268,-0.22964826,-0.18721089,0.3424775,-0.33080888,-0.22815788,0.43242925,-0.40704867,-0.25697476,0.13991585,-0.5057652,-0.12319894,0.15678921,-0.711414,-0.22027431,0.15974338,-0.84468734,-0.25921643,0.15676774,-0.9876355,-0.27774122,0.028075043,-0.4768903,-0.09917361,0.022820298,-0.5309278,-0.20312415,0.042127766,-0.33342835,-0.19151749,0.044979908,-0.3277968,-0.15762953,-0.07760054,-0.4309686,-0.09670381,-0.08116136,-0.4380263,-0.22345205,-0.03902587,-0.26128054,-0.19851339,-0.029337354,-0.29945314,-0.1509413,-0.16738036,-0.37870508,-0.10402862,-0.16744679,-0.38386405,-0.18193246,-0.11974458,-0.26517972,-0.16143352,-0.113152936,-0.263135,-0.12878242
L,Cristhian,Right,0.0,0.0,0.0,0.07532448,-0.17033862,-0.044380937,0.07986689,-0.37213224,-0.08138564,0.073285855,-0.52137876,-0.12108999,0.08146528,-0.65300894,-0.15943083,-0.11435218,-0.5180665,-0.09022858,-0.14828046,-0.7275073,-0.16972287,-0.16486901,-0.86942047,-0.21353191,-0.18990244,-0.98180294,-0.24259077,-0.20763327,-0.44816127,-0.10949095,-0.082353756,-0.5219362,-0.21050757,-0.00025914726,-0.38230133,-0.22262397,-0.011327826,-0.30341452,-0.21379168,-0.25889197,-0.333017,-0.13437366,-0.10824601,-0.36147216,-0.2370235,-0.04047682,-0.24581957,-0.21660985,-0.06638465,-0.1997871,-0.18353167,-0.2834781,-0.19602232,-0.1629947,-0.15780294,-0.21163559,-0.22998649,-0.09297344,-0.15767479,-0.21282367,-0.11263943,-0.1270596,-0.18645178
L,Cristhian,Right,0.0,0.0,0.0,0.035124563,-0.25283834,-0.014957847,-0.005468252,-0.4752005,-0.04838227,-0.03634245,-0.6406309,-0.092291184,-0.047719974,-0.8008118,-0.13694867,-0.21265617,-0.5002316,-0.068596594,-0.22924407,-0.6951859,-0.1513997,-0.25004792,-0.8389368,-0.20148021,-0.27194571,-0.9623126,-0.23487282,-0.2675353,-0.40839177,-0.101657,-0.06781599,-0.5440368,-0.20979658,0.017007796,-0.43282157,-0.22618774,0.018978301,-0.34148425,-0.22084089,-0.2640628,-0.2881682,-0.13800362,-0.04836844,-0.39894816,-0.2402106,0.010028009,-0.2926324,-0.22081266,-0.00903882,-0.225361,-0.18957841,-0.229712,-0.16337706,-0.17654559,-0.058193535,-0.2484966,-0.24085629,-0.007594753,-0.19608934,-0.22652097,-0.027207427,-0.15136996,-0.20355953
L,Cristhian,Right,0.0,0.0,0.0,-0.09250056,-0.14341876,0.011235679,-0.17092787,-0.3200238,-0.01844059,-0.2279739,-0.46153438,-0.055229813,-0.30073935,-0.5342549,-0.09285733,-0.19875245,-0.4244946,-0.096641295,-0.19390239,-0.6896327,-0.16167131,-0.19403777,-0.8536184,-0.19150105,-0.1968195,-0.9804397,-0.20811626,-0.1456972,-0.38844934,-0.1333677,0.013173733,-0.6012775,-0.2096557,0.054615043,-0.52181554,-0.2042206,0.036513306,-0.44155768,-0.18959871,-0.059617743,-0.33654562,-0.16483796,0.09945306,-0.50862604,-0.22788475,0.11318937,-0.42540866,-0.19386567,0.077529386,-0.3611044,-0.16104527,0.036753766,-0.2820756,-0.19405432,0.15896085,-0.42511973,-0.221282,0.1601389,-0.35307875,-0.18828627,0.12181437,-0.29111335,-0.15918611
L,Cristhian,Right,0.0,0.0,0.0,-0.13435337,-0.12376346,0.00021917273,-0.23211706,-0.28952408,-0.023602152,-0.3205361,-0.40961555,-0.04924341,-0.4082716,-0.45751145,-0.078093864,-0.15414806,-0.4617569,-0.0874658,-0.13251038,-0.7161476,-0.12035675,-0.113291755,-0.8764905,-0.13665514,-0.10026929,-0.9949603,-0.14970493,-0.05438964,-0.47420287,-0.10308314,0.031685967,-0.55534047,-0.1239296,0.038876917,-0.4909112,-0.109732956,0.015049608,-0.42682466,-0.10509559,0.061194025,-0.42956302,-0.11271862,0.11152527,-0.4674476,-0.12377543,0.11202595,-0.41803414,-0.09144626,0.090462364,-0.3587904,-0.076411754,0.17130336,-0.3663616,-0.12182132,0.20034583,-0.3959135,-0.11872201,0.18754491,-0.3437764,-0.08530651,0.16199768,-0.28762084,-0.062463444
L,Cristhian,Right,0.0,0.0,0.0,-0.13626163,-0.1430751,0.015837343,-0.20412026,-0.33754912,0.0047525833,-0.27325392,-0.48609555,-0.01198197,-0.36485574,-0.5492817,-0.034291185,-0.09885022,-0.5326677,-0.051920038,-0.033077076,-0.7557486,-0.065406434,0.0072959648,-0.8949345,-0.075297244,0.034195684,-0.99941516,-0.0873184,0.007941025,-0.5480784,-0.070347324,0.07849146,-0.52430713,-0.07378353,0.06446489,-0.44917437,-0.064334854,0.03496348,-0.3952626,-0.06564962,0.12265229,-0.47700498,-0.08103815,0.14384231,-0.4390471,-0.08103075,0.13641417,-0.377077,-0.057674076,0.11451612,-0.3270247,-0.050834347,0.22467063,-0.38749784,-0.08959569,0.238935,-0.36263174,-0.07837885,0.22033003,-0.31058878,-0.048295993,0.1975959,-0.26682892,-0.028576706
L,Cristhian,Right,0.0,0.0,0.0,-0.14781637,-0.12868685,0.016961575,-0.2209643,-0.31324664,0.0024819411,-0.28588495,-0.46621287,-0.016842563,-0.37174615,-0.533472,-0.041054558,-0.10013663,-0.5212605,-0.06896934,-0.030753696,-0.75199205,-0.08675507,0.014704624,-0.89362097,-0.099654,0.046439547,-0.9989211,-0.11208443,0.009288226,-0.5387848,-0.08538763,0.08768582,-0.48165548,-0.08490087,0.07714051,-0.411913,-0.07061538,0.05135513,-0.3615973,-0.07146641,0.12392869,-0.45982587,-0.093199216,0.15582824,-0.4089016,-0.093599886,0.14822024,-0.35878775,-0.07115483,0.12535897,-0.31069985,-0.065745,0.22679175,-0.3681088,-0.097545296,0.25395846,-0.33477393,-0.08393622,0.23694217,-0.29109585,-0.052486997,0.20986503,-0.24906525,-0.03249309
L,Cristhian,Right,0.0,0.0,0.0,-0.17589402,-0.09078423,0.005344435,-0.29782102,-0.24077033,-0.021446133,-0.40656275,-0.35602295,-0.05273442,-0.5149987,-0.4064698,-0.08957706,-0.17787583,-0.49755466,-0.07197706,-0.17156923,-0.72865045,-0.09531988,-0.17081682,-0.87706167,-0.11142159,-0.17059863,-0.9853406,-0.12542441,-0.061088722,-0.5395031,-0.08522449,-0.048530262,-0.4949984,-0.090651415,-0.05495137,-0.40690082,-0.0764972,-0.05420412,-0.34171057,-0.07458883,0.058273695,-0.4896113,-0.09186067,0.042780682,-0.43775442,-0.09740183,0.03777625,-0.36992002,-0.072586,0.034367755,-0.3088852,-0.063301474,0.1636687,-0.42103332,-0.09615375,0.1483507,-0.38644806,-0.084352456,0.12849969,-0.32225445,-0.049331404,0.11637757,-0.26731372,-0.02595377
L,Cristhian,Right,0.0,0.0,0.0,-0.1682502,-0.09289187,0.0057505947,-0.28226522,-0.25226527,-0.01772719,-0.39127138,-0.37533423,-0.044585027,-0.50106347,-0.4238663,-0.07606311,-0.17981492,-0.49047643,-0.07453322,-0.16574454,-0.7363518,-0.0998725,-0.15925786,-0.8828184,-0.11563312,-0.15550157,-0.98783565,-0.12770548,-0.06813057,-0.53686416,-0.084972784,-0.035913434,-0.5032546,-0.08950783,-0.03979315,-0.4270989,-0.073594965,-0.04286585,-0.36541095,-0.0696902,0.052064616,-0.49397266,-0.08855933,0.050028473,-0.44318616,-0.09189612,0.046454046,-0.38390723,-0.06836665,0.040403444,-0.3286425,-0.059570573,0.16030848,-0.43118787,-0.08964544,0.15848495,-0.38773096,-0.076571524,0.14078487,-0.33195412,-0.04411984,0.1272214,-0.284264,-0.021879107
L,Cristhian,Right,0.0,0.0,0.0,0.030308044,-0.17705807,-0.02281834,0.06337941,-0.38290554,-0.046163972,0.10791755,-0.5149461,-0.074314006,0.12862256,-0.593221,-0.10498666,0.04613833,-0.5355488,-0.057779044,0.07422315,-0.73465,-0.117905974,0.095460035,-0.87479454,-0.16473629,0.108917594,-0.9940508,-0.20053783,0.04145588,-0.48212582,-0.08171507,0.04103922,-0.49716252,-0.1508544,0.024464468,-0.41172373,-0.16893308,0.012127351,-0.3618877,-0.17757575,0.024142662,-0.3749355,-0.10928233,0.013559419,-0.37405458,-0.17037474,-0.006766874,-0.3034245,-0.15307891,-0.016275445,-0.26454273,-0.13585126,0.0003466934,-0.25013694,-0.14067866,-0.015433078,-0.24783087,-0.1800607,-0.028281575,-0.19706717,-0.16400574,-0.030354774,-0.16935503,-0.14692546
L,Cristhian,Right,0.0,0.0,0.0,0.12451559,-0.11023463,-0.06700044,0.20712431,-0.32484818,-0.09497793,0.27959573,-0.46333152,-0.12244703,0.35477883,-0.54184866,-0.14847577,0.07019987,-0.5329697,-0.056574207,0.08557993,-0.7509675,-0.12088244,0.09135699,-0.8786603,-0.1523048,0.08094828,-0.9967183,-0.17466876,-0.034594063,-0.49402243,-0.061499123,-0.016384993,-0.56379443,-0.15992182,0.029290749,-0.3712067,-0.17025156,0.020865038,-0.32005298,-0.15553221,-0.13241401,-0.4188716,-0.0773069,-0.11801327,-0.47254294,-0.19005904,-0.048439536,-0.29322672,-0.1637028,-0.048426706,-0.25783813,-0.11962591,-0.22592151,-0.31946796,-0.09767068,-0.20622577,-0.3692754,-0.17572863,-0.13202752,-0.25568497,-0.15201096,-0.1205275,-0.21540208,-0.117237404
L,Cristhian,Right,0.0,0.0,0.0,0.17038633,-0.11676279,-0.052519903,0.31560746,-0.26036227,-0.08495917,0.43404555,-0.3589073,-0.12203697,0.52977335,-0.42764255,-0.16030103,0.21387024,-0.5538738,-0.016268453,0.2438815,-0.74587154,-0.066866644,0.24551272,-0.86805826,-0.09756698,0.23736836,-0.9714197,-0.12001644,0.09566311,-0.5594707,-0.030269774,0.09710757,-0.7142824,-0.11908138,0.10857569,-0.51296127,-0.13823438,0.1174047,-0.41019005,-0.12728246,-0.02625018,-0.5145988,-0.05278078,-0.022146355,-0.64913356,-0.15666968,0.002329766,-0.44767904,-0.1278003,0.007320043,-0.36646542,-0.079074405,-0.15336797,-0.43777838,-0.07816885,-0.13968223,-0.56679463,-0.14658213,-0.10260978,-0.42397538,-0.110401906,-0.09622245,-0.35131654,-0.06513195
L,Cristhian,Right,0.0,0.0,0.0,0.15853925,-0.09392518,-0.061486494,0.30430645,-0.25226188,-0.09197465,0.4168713,-0.34421754,-0.12314336,0.50571686,-0.406826,-0.15606374,0.19620882,-0.51834106,-0.0433949,0.22836502,-0.7242241,-0.09758626,0.2356787,-0.85541016,-0.13457768,0.23444751,-0.9721288,-0.16236535,0.08047729,-0.5178486,-0.04949835,0.0820238,-0.66292965,-0.14289412,0.09975058,-0.48107475,-0.16943501,0.10974129,-0.36429203,-0.16519195,-0.0357026,-0.47509652,-0.062933035,-0.040899966,-0.5996448,-0.16316494,-0.006876876,-0.42142585,-0.1442005,0.0063607176,-0.31994617,-0.104279235,-0.15379478,-0.4088934,-0.08029582,-0.14530303,-0.52938664,-0.1500137,-0.10497505,-0.40408227,-0.124428235,-0.09097348,-0.3185631,-0.0871262
L,Cristhian,Right,0.0,0.0,0.0,0.12200099,-0.09126968,-0.09084161,0.22946002,-0.269817,-0.13844231,0.32857403,-0.3883436,-0.18053102,0.41846722,-0.45160338,-0.21774493,0.10269098,-0.51769954,-0.106314115,0.11201868,-0.7295384,-0.1849811,0.11425032,-0.86049914,-0.2205372,0.10738094,-0.99421793,-0.24495055,-0.012314234,-0.5151094,-0.09694026,-0.015382153,-0.4854203,-0.18842593,0.020959413,-0.30803666,-0.18732366,0.02486124,-0.30090642,-0.17210214,-0.11999297,-0.46546656,-0.10041145,-0.116978414,-0.39537692,-0.19343723,-0.06318661,-0.2530206,-0.16248834,-0.050596923,-0.26636425,-0.12685704,-0.21580352,-0.39230955,-0.11335481,-0.20107226,-0.32858855,-0.17476954,-0.14623177,-0.2255512,-0.15620534,-0.13190593,-0.21752894,-0.13037924
L,Cristhian,Right,0.0,0.0,0.0,0.14074351,-0.106553994,-0.1401841,0.25924924,-0.3070189,-0.23516294,0.37811086,-0.46078202,-0.3137444,0.49568126,-0.5568512,-0.3918052,0.07311268,-0.49126214,-0.25654846,0.031663626,-0.6887603,-0.39679834,0.005033851,-0.83397233,-0.47686648,-0.03121903,-0.99951255,-0.533557,-0.07004574,-0.51852435,-0.23154612,-0.11797525,-0.36733902,-0.3696212,-0.05060846,-0.19668572,-0.3674517,-0.011673883,-0.2016907,-0.35476264,-0.20150073,-0.4749756,-0.21956217,-0.23168717,-0.28275967,-0.34063855,-0.15110531,-0.15734775,-0.29336897,-0.09755909,-0.17634478,-0.24962832,-0.31299946,-0.4039183,-0.22271071,-0.32908064,-0.23634043,-0.3113681,-0.2512481,-0.12967281,-0.29711276,-0.1901885,-0.13637514,-0.2741254
L,Cristhian,Right,0.0,0.0,0.0,0.12801544,-0.11428529,-0.0783552,0.22794603,-0.307004,-0.11984286,0.3291604,-0.41963056,-0.15892763,0.4219319,-0.49089324,-0.19855246,0.08942543,-0.52510405,-0.06922081,0.10040128,-0.73767215,-0.13159075,0.10479304,-0.8742847,-0.17095059,0.09539432,-0.9954396,-0.19968018,-0.015746683,-0.50195485,-0.06470876,-0.020178637,-0.5771875,-0.15474936,0.011347265,-0.40738913,-0.1724591,0.014419352,-0.3366472,-0.1655148,-0.11630861,-0.44203135,-0.07010697,-0.10930905,-0.48662105,-0.15899095,-0.06649278,-0.33696947,-0.13659482,-0.0592624,-0.29545704,-0.100692615,-0.21096197,-0.36568162,-0.08239178,-0.19523083,-0.41299996,-0.13660918,-0.15117987,-0.31005365,-0.11090365,-0.1411355,-0.27216038,-0.07829281
L,Cristhian,Right,0.0,0.0,0.0,0.14881526,-0.07212048,-0.076619126,0.27753344,-0.26766962,-0.099785544,0.3786942,-0.38810953,-0.118154414,0.46902984,-0.44251364,-0.13167578,0.16528983,-0.5272216,-0.039176606,0.20150204,-0.7300961,-0.08703694,0.21606499,-0.8570471,-0.103057936,0.22419065,-0.9745453,-0.11376357,0.06132054,-0.51333106,-0.03505428,0.074934416,-0.59463793,-0.11170085,0.08208714,-0.3835273,-0.10809871,0.076139115,-0.33020416,-0.08226696,-0.04522576,-0.47200677,-0.044443093,-0.031713422,-0.5281572,-0.13881178,-0.007326133,-0.33790392,-0.110597245,-0.013464959,-0.32160798,-0.065568775,-0.15387712,-0.41104016,-0.060072947,-0.1357384,-0.4680938,-0.11859857,-0.09632472,-0.3405854,-0.09006723,-0.10119463,-0.30734903,-0.053510454
L,Cristhian,Right,0.0,0.0,0.0,0.1507531,-0.078527555,-0.059980523,0.2816257,-0.24383515,-0.084531344,0.37982348,-0.34327725,-0.11119847,0.45961246,-0.38371313,-0.13446766,0.18753767,-0.52532226,-0.032195836,0.22477287,-0.7208994,-0.079991475,0.25247747,-0.8474948,-0.09193589,0.2701338,-0.9628228,-0.09593874,0.07577287,-0.5280824,-0.03608852,0.09708761,-0.61594725,-0.12100405,0.09945107,-0.39835036,-0.11985349,0.094498605,-0.34121984,-0.090740636,-0.027124444,-0.4942272,-0.051806003,-0.025153916,-0.5515532,-0.15512316,-0.0041426443,-0.36142623,-0.13501242,-0.0055643283,-0.32426813,-0.08932944,-0.13196087,-0.4483969,-0.07159914,-0.16638842,-0.61152005,-0.13856415,-0.1697167,-0.65786374,-0.13091917,-0.18630223,-0.7538104,-0.108550645
L,Cristhian,Right,0.0,0.0,0.0,0.15835404,-0.06328164,-0.072538756,0.2920033,-0.23521496,-0.08845704,0.391104,-0.33495152,-0.09964439,0.4728052,-0.37534624,-0.10483246,0.19413479,-0.5095257,-0.036352627,0.23466185,-0.72048587,-0.09197408,0.2615944,-0.8411286,-0.10877009,0.28357407,-0.95895034,-0.11701873,0.090219855,-0.505775,-0.036217693,0.12518358,-0.6016288,-0.12095263,0.11886881,-0.38426208,-0.116458915,0.10242017,-0.3366588,-0.0864797,-0.01741837,-0.48356214,-0.051167246,0.006175765,-0.54612,-0.16000308,0.021407029,-0.3380109,-0.13441621,0.011509919,-0.32179072,-0.08555287,-0.13209912,-0.44352835,-0.07135988,-0.11421162,-0.5182642,-0.14264804,-0.074478015,-0.37921032,-0.11794013,-0.07993296,-0.33510503,-0.08092377
L,Cristhian,Right,0.0,0.0,0.0,0.15130766,-0.059230767,-0.07658804,0.29277524,-0.2133285,-0.11156202,0.4031103,-0.3019258,-0.14477792,0.49947113,-0.33603945,-0.17502308,0.18842238,-0.50712717,-0.04726944,0.23138662,-0.71299446,-0.10111297,0.254889,-0.84501827,-0.122372694,0.2713248,-0.9624878,-0.1361798,0.078194745,-0.50344557,-0.04474368,0.098787405,-0.57045025,-0.1266103,0.09115356,-0.37443942,-0.1272976,0.07890642,-0.33940974,-0.105146736,-0.028067783,-0.46780524,-0.05463143,-0.013266353,-0.5134054,-0.14942963,-0.00038883922,-0.3371639,-0.120799124,-0.008766711,-0.33033016,-0.07676695,-0.13469464,-0.41410324,-0.07089426,-0.11553049,-0.45652935,-0.13044591,-0.087035224,-0.33412683,-0.10132761,-0.09454231,-0.3116091,-0.06404247
L,Cristhian,Right,0.0,0.0,0.0,0.13877243,-0.06245589,-0.106253356,0.2691959,-0.22051083,-0.14597191,0.37579778,-0.31255645,-0.17325635,0.46725747,-0.35622194,-0.19142891,0.1741327,-0.504191,-0.08648034,0.2038039,-0.7170695,-0.15846653,0.21707417,-0.8462028,-0.18531898,0.22833316,-0.97358304,-0.19937466,0.06667238,-0.49034125,-0.07010625,0.064735405,-0.56514025,-0.15413795,0.066850334,-0.35619777,-0.14081162,0.07393946,-0.32563722,-0.109243445,-0.03936226,-0.45655447,-0.07147739,-0.041946318,-0.49921206,-0.1724266,-0.016773801,-0.3041968,-0.13526392,-0.0044693463,-0.2973717,-0.084137574,-0.14098589,-0.40267497,-0.08266157,-0.1401527,-0.44446725,-0.14605266,-0.10292424,-0.31322372,-0.116078824,-0.09953357,-0.28357252,-0.0777827
L,Cristhian,Right,0.0,0.0,0.0,0.1077362,-0.10282723,-0.043397628,0.18624356,-0.3156566,-0.06038591,0.24263823,-0.44185814,-0.07779502,0.2999941,-0.51155657,-0.09351725,0.02955761,-0.53333443,-0.056123156,0.041234292,-0.7561305,-0.10658772,0.054542523,-0.88131326,-0.12822884,0.053602073,-0.9985624,-0.14576581,-0.06914057,-0.50445575,-0.06816247,0.009149052,-0.57590914,-0.1509979,0.057241872,-0.39632618,-0.15771106,0.038545713,-0.31708756,-0.14601724,-0.15436782,-0.43373206,-0.08636828,-0.05608173,-0.45921838,-0.18434992,-0.008189435,-0.29440752,-0.1653025,-0.03294004,-0.2510438,-0.1311411,-0.23102361,-0.34275588,-0.106437415,-0.14109123,-0.3757841,-0.17295797,-0.087459594,-0.26986375,-0.15426314,-0.107980944,-0.23277976,-0.12726457
L,Cristhian,Right,0.0,0.0,0.0,0.13235413,-0.095629916,-0.060881816,0.2234492,-0.3030051,-0.08219901,0.29427406,-0.42825082,-0.10199266,0.3687164,-0.4940341,-0.11989685,0.08512429,-0.5241,-0.053338546,0.10089876,-0.7440381,-0.11058557,0.11831811,-0.8745292,-0.13680105,0.12112415,-0.99263734,-0.15626694,-0.01757925,-0.4964287,-0.060242634,0.03433341,-0.5693821,-0.15424412,0.071549036,-0.37233412,-0.16475092,0.04980111,-0.30480933,-0.14981943,-0.11236068,-0.43057716,-0.07685735,-0.06272678,-0.46502763,-0.18726487,-0.010626755,-0.28607464,-0.16836058,-0.026352469,-0.25868973,-0.12888436,-0.20265488,-0.34226727,-0.09670504,-0.15909764,-0.3811817,-0.17145246,-0.09422575,-0.2671519,-0.15030846,-0.096664645,-0.23431963,-0.11814138
L,Cristhian,Right,0.0,0.0,0.0,0.11377472,-0.103820644,-0.08031872,0.21422392,-0.302977,-0.12084211,0.30352005,-0.42227098,-0.15786405,0.39008257,-0.49611717,-0.1924533,0.085288785,-0.53807527,-0.075329766,0.1031166,-0.74640864,-0.14491293,0.10950224,-0.87969095,-0.1796428,0.103667006,-0.99461204,-0.202815,-0.025808783,-0.5046858,-0.07385725,-0.01668112,-0.5803322,-0.16907342,0.012942,-0.3861422,-0.17255084,0.013420443,-0.33405185,-0.15361883,-0.12969664,-0.4402571,-0.084894314,-0.114962645,-0.48073736,-0.19047713,-0.06859494,-0.31095693,-0.15994917,-0.065969065,-0.28464204,-0.115277626,-0.22589171,-0.35829294,-0.10246505,-0.19913197,-0.40488085,-0.17295806,-0.14599852,-0.28813997,-0.14664695,-0.14180519,-0.2553408,-0.111700505
L,Cristhian,Right,0.0,0.0,0.0,0.11909508,-0.101656094,-0.07918347,0.22963394,-0.2773496,-0.12944686,0.32940778,-0.37961662,-0.17789757,0.41708374,-0.45109642,-0.2243149,0.119773045,-0.5393849,-0.07398583,0.13775763,-0.7503541,-0.13819274,0.14426531,-0.8750685,-0.16820872,0.14418587,-0.98955065,-0.18720023,0.010987131,-0.52035755,-0.07189471,0.018631555,-0.5780075,-0.16253963,0.03503675,-0.38417655,-0.16834177,0.03369559,-0.33753517,-0.15127383,-0.09097006,-0.46719778,-0.08052676,-0.077608384,-0.49968347,-0.18028791,-0.047802467,-0.32678133,-0.15099251,-0.046582155,-0.2999957,-0.10705724,-0.18912418,-0.39679042,-0.09498988,-0.16731368,-0.4516828,-0.15920168,-0.12660342,-0.32493657,-0.12847002,-0.1204988,-0.28177658,-0.08879246
L,Cristhian,Right,0.0,0.0,0.0,0.13631761,-0.08097651,-0.058757838,0.2637991,-0.2551128,-0.09495211,0.37401113,-0.34115148,-0.1342104,0.46613622,-0.40059325,-0.17320147,0.15882434,-0.54203445,-0.043739166,0.19900784,-0.7437439,-0.09568322,0.21467647,-0.8640303,-0.122758016,0.2287262,-0.9734908,-0.14380951,0.052112125,-0.539461,-0.05099235,0.08818303,-0.61920166,-0.13569702,0.086081564,-0.42986187,-0.14714547,0.07794038,-0.36607954,-0.13781685,-0.05913565,-0.49428564,-0.067436345,-0.035504345,-0.6025761,-0.15317456,-0.026380185,-0.4461742,-0.12630048,-0.034717772,-0.4010104,-0.09145473,-0.17521748,-0.4262684,-0.08916859,-0.14573672,-0.50196755,-0.14817089,-0.11145255,-0.38793305,-0.123552255,-0.10666256,-0.3363819,-0.09308783
L,Cristhian,Right,0.0,0.0,0.0,0.1459693,-0.06253618,-0.07188003,0.2769605,-0.2366817,-0.102750465,0.38232523,-0.34220704,-0.1315606,0.47280765,-0.3899688,-0.15760137,0.1845355,-0.50295496,-0.046849582,0.22284909,-0.7147172,-0.10196432,0.2545774,-0.8470113,-0.12454798,0.274968,-0.9614534,-0.13985002,0.08184216,-0.5020887,-0.050670154,0.12287125,-0.60822207,-0.1404244,0.12215755,-0.39933673,-0.142861,0.102101356,-0.33703238,-0.11864997,-0.021283686,-0.46988806,-0.06666057,0.006125254,-0.5294433,-0.17377014,0.02209414,-0.3354728,-0.14621438,0.0067138276,-0.30647722,-0.09826513,-0.13105337,-0.42085323,-0.087763436,-0.108490564,-0.48180625,-0.15529181,-0.07007801,-0.34792715,-0.12603089,-0.07592005,-0.31051174,-0.08795968
L,Cristhian,Right,0.0,0.0,0.0,0.14468925,-0.07328059,-0.0821481,0.26290855,-0.25554386,-0.10661764,0.35758594,-0.36724722,-0.123646915,0.4412244,-0.42524156,-0.13423404,0.15906619,-0.5190008,-0.056977604,0.19368984,-0.7276116,-0.11627684,0.21262297,-0.85462576,-0.13839872,0.2220049,-0.97504556,-0.15151465,0.054734,-0.5010284,-0.05238521,0.075436294,-0.5725793,-0.12971704,0.08313417,-0.37023517,-0.12253603,0.07209644,-0.34311718,-0.09669264,-0.04826145,-0.4571386,-0.06284117,-0.034099955,-0.50155747,-0.16202302,-0.0047161407,-0.313672,-0.13250645,-0.011785141,-0.31591675,-0.08758482,-0.14945619,-0.39048395,-0.07998765,-0.13971636,-0.44224352,-0.14310052,-0.09372231,-0.31761786,-0.11346652,-0.09909473,-0.28948236,-0.07664247
L,Cristhian,Right,0.0,0.0,0.0,0.13127229,-0.09369792,-0.07799018,0.23370948,-0.2908587,-0.10680474,0.31415245,-0.41373357,-0.13021527,0.39028794,-0.49067235,-0.14875099,0.11099383,-0.5361451,-0.06344209,0.13198261,-0.74759495,-0.12991393,0.14415477,-0.8703961,-0.15792415,0.14283402,-0.98974663,-0.176039,0.0012869012,-0.5067311,-0.06568297,0.027227394,-0.5716334,-0.15857364,0.06330361,-0.36984956,-0.16383669,0.051305283,-0.33109906,-0.14529307,-0.102301106,-0.4417288,-0.08122947,-0.07657272,-0.47735858,-0.19418752,-0.02320593,-0.2909103,-0.17114206,-0.032111224,-0.285737,-0.1287157,-0.1979312,-0.34930345,-0.10202221,-0.17493172,-0.38990456,-0.17765766,-0.10799093,-0.26759148,-0.15242586,-0.10466138,-0.24013412,-0.11664711
L,Cristhian,Right,0.0,0.0,0.0,0.10805787,-0.13902192,-0.045147814,0.163252,-0.35125354,-0.0702164,0.19592649,-0.49390253,-0.09575127,0.2323975,-0.5910885,-0.11883949,-0.0032646472,-0.53462905,-0.071538895,0.009783014,-0.74592525,-0.14100963,0.023296658,-0.8816136,-0.17875558,0.017059278,-0.9998545,-0.2052025,-0.10569209,-0.5013835,-0.08803404,0.0049586818,-0.5430814,-0.18278031,0.054293577,-0.3664066,-0.19210328,0.02187046,-0.2972657,-0.18033181,-0.18122438,-0.41447625,-0.11149522,-0.054660123,-0.40731007,-0.21291445,-0.010477477,-0.2567131,-0.1927585,-0.047250554,-0.23094822,-0.15856197,-0.23700517,-0.30029622,-0.13829513,-0.1354634,-0.28710878,-0.20575404,-0.083961554,-0.20109792,-0.18781854,-0.11044161,-0.18243329,-0.16064897
L,Cristhian,Right,0.0,0.0,0.0,0.08279338,-0.16623817,-0.045536526,0.08948547,-0.3620587,-0.08221531,0.07201726,-0.5065647,-0.12228485,0.060604576,-0.6197485,-0.15946381,-0.106325954,-0.53704596,-0.06272226,-0.12251255,-0.7384906,-0.1378844,-0.13253018,-0.8762443,-0.18072322,-0.15077387,-0.9885683,-0.2094053,-0.19676697,-0.46679902,-0.08041547,-0.07137354,-0.5473757,-0.17950146,0.012776013,-0.3935998,-0.19221026,-0.00089295034,-0.3212633,-0.18155806,-0.24591094,-0.3636199,-0.10599252,-0.0916675,-0.40864784,-0.20860288,-0.024459666,-0.28059408,-0.18739003,-0.055598706,-0.23837066,-0.15187061,-0.26883122,-0.23901707,-0.13571358,-0.14277922,-0.28537,-0.20433693,-0.08808964,-0.20466918,-0.18594384,-0.11961583,-0.1645345,-0.15724708
L,Cristhian,Right,0.0,0.0,0.0,0.0680809,-0.21106328,-0.03131485,0.056802887,-0.4216378,-0.06297996,0.018087646,-0.55084693,-0.10186748,-0.016834138,-0.64688766,-0.13794294,-0.16777161,-0.5468407,-0.042818666,-0.17866127,-0.7265898,-0.11834083,-0.18958345,-0.86143214,-0.16666947,-0.20028889,-0.97973686,-0.19944927,-0.24165213,-0.47595626,-0.06532269,-0.07630778,-0.57558584,-0.16855888,0.004853904,-0.44372103,-0.19116706,0.0037104117,-0.36208484,-0.18753341,-0.26911327,-0.37299424,-0.094842255,-0.08074953,-0.43718618,-0.19229098,-0.024756862,-0.31886783,-0.18078223,-0.0500474,-0.26880917,-0.15387553,-0.2661487,-0.25909543,-0.12831473,-0.110970065,-0.30671844,-0.18836258,-0.06607119,-0.22936705,-0.17858818,-0.09408595,-0.19058976,-0.15861273
L,Cristhian,Right,0.0,0.0,0.0,0.13045615,-0.10286211,-0.0642713,0.21221556,-0.31846842,-0.08378682,0.27370507,-0.44670144,-0.09937877,0.3413177,-0.52359635,-0.11201687,0.06864294,-0.53302455,-0.04815314,0.09227269,-0.74799925,-0.10551801,0.110910825,-0.87392735,-0.13442355,0.1117145,-0.9937403,-0.15557352,-0.030987725,-0.4982982,-0.05294819,0.018051084,-0.5840596,-0.14814125,0.057536088,-0.3812156,-0.16201092,0.03483422,-0.30628338,-0.14834711,-0.1250168,-0.42894766,-0.06806826,-0.070601106,-0.48625904,-0.18067096,-0.017185805,-0.29962447,-0.16336171,-0.040731072,-0.26910487,-0.12366975,-0.21398446,-0.33495072,-0.08633107,-0.16456948,-0.39700204,-0.16323222,-0.102189176,-0.27655986,-0.140853,-0.114382654,-0.23823743,-0.10693171
L,Cristhian,Right,0.0,0.0,0.0,0.13819711,-0.07419595,-0.07246482,0.2647986,-0.25294563,-0.10386072,0.3610724,-0.36520007,-0.13216437,0.44529602,-0.42096943,-0.15414354,0.1728019,-0.5282832,-0.050814904,0.2087099,-0.72874224,-0.11195169,0.22838986,-0.85145795,-0.13240004,0.2412977,-0.9704511,-0.1438807,0.06229456,-0.52169365,-0.050998922,0.078867875,-0.57895243,-0.13287409,0.08163966,-0.3642118,-0.12425598,0.074453324,-0.33867726,-0.09644433,-0.043735597,-0.48486933,-0.064602494,-0.028876549,-0.5225298,-0.1641128,-0.0068998765,-0.33033195,-0.12787409,-0.011855331,-0.32729742,-0.078715324,-0.14934653,-0.42507133,-0.08421898,-0.13190854,-0.45741576,-0.14684764,-0.095556885,-0.32714227,-0.11515047,-0.09985671,-0.30592364,-0.075969175
L,Cristhian,Right,0.0,0.0,0.0,0.15625799,-0.042997304,-0.12519044,0.289704,-0.18732569,-0.17206277,0.41426185,-0.28046203,-0.20165004,0.52108634,-0.34247103,-0.217345,0.23114714,-0.47382215,-0.10737823,0.2784239,-0.67433584,-0.20314723,0.3011002,-0.80631536,-0.24440952,0.32140264,-0.9469426,-0.26483998,0.11569774,-0.46780285,-0.08509445,0.12040061,-0.5488855,-0.18463227,0.10085662,-0.33743712,-0.17130841,0.100590184,-0.33306223,-0.13690378,0.0015244546,-0.45199382,-0.0853309,-0.0017241789,-0.50719243,-0.20545721,0.007477937,-0.31082192,-0.17271863,0.019212332,-0.3415933,-0.12166288,-0.10263997,-0.42657906,-0.09627057,-0.10614503,-0.46141854,-0.1680763,-0.078316085,-0.3291482,-0.14058919,-0.07652935,-0.31902605,-0.10419816
L,Cristhian,Right,0.0,0.0,0.0,0.14794986,-0.051232044,-0.10380125,0.28440967,-0.21162528,-0.13803726,0.39982343,-0.3159206,-0.15902193,0.49627674,-0.3770184,-0.16799818,0.21282965,-0.49118432,-0.08052399,0.25733978,-0.697934,-0.154563,0.27669027,-0.8235117,-0.18129109,0.29374754,-0.955883,-0.19463213,0.10392968,-0.4912228,-0.066162996,0.09912482,-0.5678714,-0.15278324,0.08278533,-0.35733995,-0.14174321,0.084837824,-0.33831882,-0.11162296,-0.0052351635,-0.4771442,-0.07010874,-0.012506033,-0.536497,-0.17288381,-0.004556821,-0.33498695,-0.136042,0.006141505,-0.34052163,-0.0857141,-0.11007802,-0.4417334,-0.083869584,-0.11386221,-0.48371518,-0.14543018,-0.08523708,-0.3480176,-0.1142455,-0.08198084,-0.32429418,-0.075450584
L,Cristhian,Right,0.0,0.0,0.0,0.16006675,-0.060648277,-0.12326005,0.2875573,-0.22732401,-0.16041218,0.39419302,-0.33627093,-0.17922428,0.48838136,-0.414395,-0.18502955,0.19532318,-0.49818003,-0.093100555,0.23049034,-0.7002096,-0.17834704,0.23958974,-0.8272348,-0.21427901,0.24864987,-0.9685934,-0.23170409,0.08308,-0.4786264,-0.06919772,0.08556295,-0.5680997,-0.16695772,0.081520334,-0.3639164,-0.16196631,0.07929786,-0.3450653,-0.13170326,-0.027957626,-0.4487039,-0.06678788,-0.026137926,-0.5029403,-0.18844596,-0.006411922,-0.3060638,-0.16491288,0.000111839516,-0.3329998,-0.117333435,-0.1296309,-0.4112212,-0.073797256,-0.11992754,-0.4614262,-0.14753398,-0.08927762,-0.3240891,-0.122677386,-0.09297868,-0.3066291,-0.08661786
L,Cristhian,Right,0.0,0.0,0.0,0.14969261,-0.077873595,-0.116808355,0.26503676,-0.24951531,-0.15156226,0.36974305,-0.35709113,-0.16902989,0.46466088,-0.43106887,-0.17311364,0.17660162,-0.5182051,-0.08161522,0.20697941,-0.7138743,-0.16294155,0.21974279,-0.83964974,-0.19618051,0.232054,-0.9727029,-0.21193416,0.06967198,-0.49031058,-0.06140031,0.06449146,-0.59683007,-0.15588477,0.06776788,-0.39084136,-0.14976558,0.07386897,-0.3650809,-0.11818444,-0.03660455,-0.45362696,-0.06258725,-0.042868614,-0.5155424,-0.18089525,-0.017968496,-0.32014543,-0.15740417,-0.005813687,-0.34186828,-0.10958845,-0.13331491,-0.4083763,-0.073127255,-0.13331701,-0.46171466,-0.14584875,-0.09904264,-0.3283554,-0.12268363,-0.09794054,-0.30989575,-0.08763581
L,Cristhian,Right,0.0,0.0,0.0,0.13556765,-0.09503406,-0.15656133,0.21883833,-0.27999654,-0.2259147,0.3059818,-0.42649177,-0.2728732,0.39389807,-0.54334587,-0.30642262,0.078011625,-0.5316255,-0.15161355,0.05138391,-0.7346667,-0.25978437,0.028278306,-0.8665692,-0.30383825,-0.0013262997,-0.9999991,-0.32413903,-0.029893057,-0.48530287,-0.1145099,-0.05245504,-0.5233534,-0.2275037,-0.009069144,-0.32335386,-0.20939246,-0.005523702,-0.32382792,-0.16867909,-0.13213357,-0.4238584,-0.102876216,-0.14723429,-0.4124088,-0.23578139,-0.07926179,-0.24921069,-0.20351279,-0.06903399,-0.29441437,-0.15049441,-0.21937093,-0.35942024,-0.103991315,-0.22779962,-0.35265774,-0.18925427,-0.16105026,-0.243304,-0.17012127,-0.14687671,-0.24157752,-0.13732193
L,Cristhian,Right,0.0,0.0,0.0,0.13147712,-0.114448994,-0.13980857,0.20801467,-0.30421355,-0.19924738,0.2865528,-0.45352158,-0.23909459,0.36505324,-0.5751576,-0.265901,0.057911735,-0.5437459,-0.12791064,0.027566582,-0.740815,-0.22701219,-0.0025415416,-0.8672601,-0.26860574,-0.039111625,-0.99923486,-0.28881136,-0.045943365,-0.49072945,-0.09732947,-0.06608106,-0.51132727,-0.19902907,-0.013907639,-0.32551256,-0.18583043,-0.009654713,-0.33397508,-0.15224187,-0.14526905,-0.4211919,-0.09020205,-0.15092549,-0.40022072,-0.2114836,-0.078275606,-0.24581438,-0.18467698,-0.0719996,-0.29713774,-0.1388819,-0.2302729,-0.3482681,-0.09481676,-0.23012792,-0.33435827,-0.171886,-0.16000399,-0.23092252,-0.15381847,-0.14583965,-0.23301072,-0.12343675
L,Cristhian,Right,0.0,0.0,0.0,0.10859512,-0.1260349,-0.08670495,0.18376172,-0.33019948,-0.13143909,0.25229985,-0.49176794,-0.17161718,0.31422374,-0.6122835,-0.20477529,0.041338053,-0.5340852,-0.07927607,0.0132252,-0.7503931,-0.1599556,-0.0027194177,-0.8762519,-0.1957834,-0.029132284,-0.99957556,-0.21638186,-0.06015071,-0.48109755,-0.07256182,-0.07614888,-0.5270987,-0.16386873,-0.015856206,-0.33672485,-0.15560074,-0.0077107977,-0.32651892,-0.12935375,-0.15091197,-0.40218914,-0.080983385,-0.16556092,-0.4295125,-0.1791765,-0.0869799,-0.27216822,-0.13381861,-0.06889906,-0.27275366,-0.0812169,-0.22916317,-0.30702838,-0.097879745,-0.2414663,-0.32742754,-0.15637201,-0.16563584,-0.22925487,-0.11919928,-0.1393093,-0.20763844,-0.077110454
L,Cristhian,Right,0.0,0.0,0.0,0.13059539,-0.091370806,-0.07347048,0.20991322,-0.328847,-0.08838115,0.26980004,-0.49533582,-0.09878562,0.33798805,-0.5946395,-0.10190518,0.075743206,-0.5358716,-0.03574193,0.06996083,-0.75269496,-0.08900712,0.06534994,-0.8763936,-0.10493102,0.055130884,-0.9984791,-0.11498806,-0.020929454,-0.49962637,-0.032005187,-0.00954277,-0.5661928,-0.11603464,0.031497385,-0.36876813,-0.11343015,0.031791266,-0.3387111,-0.08796681,-0.112572946,-0.43807003,-0.042753056,-0.10319443,-0.47203165,-0.14244437,-0.048433065,-0.29639572,-0.11334417,-0.04687757,-0.29682,-0.06826707,-0.2000441,-0.3574163,-0.059895445,-0.19102381,-0.38452673,-0.123122364,-0.13149996,-0.2697924,-0.098808154,-0.12333756,-0.24487892,-0.06530064
L,Cristhian,Right,0.0,0.0,0.0,0.12556726,-0.1055196,-0.055789124,0.20483328,-0.3321757,-0.077721216,0.2620485,-0.48180744,-0.10095723,0.3287589,-0.5642819,-0.122069485,0.06176133,-0.5410272,-0.03372448,0.07801747,-0.7462921,-0.086066365,0.08751908,-0.8812755,-0.10849977,0.08512413,-0.9963704,-0.12441755,-0.035166144,-0.50926214,-0.04083327,0.0062981048,-0.5929334,-0.13154772,0.045260016,-0.39525852,-0.13604179,0.031413,-0.32449862,-0.11454523,-0.12462233,-0.44733447,-0.058417052,-0.076468945,-0.49741155,-0.16098559,-0.030660614,-0.32386586,-0.13578878,-0.049895514,-0.2861658,-0.091980025,-0.21324278,-0.36236322,-0.08002847,-0.16631861,-0.41155523,-0.14663276,-0.11376444,-0.3000476,-0.123912685,-0.12586634,-0.26351514,-0.09107245
L,Cristhian,Right,0.0,0.0,0.0,0.10152105,-0.1348706,-0.027213901,0.14092171,-0.33408767,-0.051615592,0.14247338,-0.462231,-0.083508655,0.15760413,-0.54974675,-0.11382921,-0.0049852086,-0.561618,-0.03144998,0.01595882,-0.7587405,-0.08612999,0.038017165,-0.88467604,-0.11783317,0.046931207,-0.99889815,-0.14192872,-0.094727844,-0.5338275,-0.051878344,0.032501932,-0.5833699,-0.1360186,0.08516695,-0.42375693,-0.15067832,0.06191025,-0.34632364,-0.14550352,-0.15660307,-0.4603915,-0.0776199,-0.008544556,-0.479879,-0.16442546,0.032684196,-0.33376342,-0.14670846,-0.0038041177,-0.27873492,-0.11754092,-0.20361683,-0.35704055,-0.10600627,-0.07084473,-0.36687207,-0.16379058,-0.028417923,-0.2728403,-0.14945705,-0.060924124,-0.2352593,-0.12713583
L,Cristhian,Right,0.0,0.0,0.0,-0.06754983,-0.17046988,0.024149537,-0.104318425,-0.3819781,0.0064986423,-0.1348744,-0.5604135,-0.020572107,-0.17500362,-0.6830847,-0.04850228,-0.10372466,-0.4703349,-0.062007524,-0.04445921,-0.72758806,-0.109325424,-0.013071207,-0.87794703,-0.12727349,0.0047175195,-0.99998885,-0.13739939,-0.059054695,-0.4389266,-0.0997648,0.11588971,-0.6319005,-0.15973711,0.12726106,-0.53627485,-0.14854936,0.086255185,-0.45389712,-0.13001195,0.013952614,-0.37998283,-0.13199894,0.18428919,-0.52530336,-0.17968577,0.17854086,-0.4387608,-0.14311798,0.13397944,-0.38106152,-0.110673696,0.09714004,-0.30983284,-0.16124664,0.23110603,-0.4316096,-0.17655438,0.2202307,-0.36005443,-0.14186996,0.17499968,-0.30792195,-0.11347992
L,Cristhian,Right,0.0,0.0,0.0,-0.10125223,-0.14922372,0.011676546,-0.18315944,-0.3359123,-0.017951652,-0.25167826,-0.48083588,-0.052081425,-0.33813724,-0.5561789,-0.08849874,-0.10855912,-0.45501465,-0.10210588,-0.055958226,-0.7261036,-0.15665129,-0.020040967,-0.8833899,-0.1809839,0.007493458,-0.9999719,-0.19342919,-0.016991002,-0.42388546,-0.12682883,0.09649703,-0.5840732,-0.17452781,0.08443626,-0.49520734,-0.15221013,0.04063972,-0.39716104,-0.13052543,0.08412889,-0.35111928,-0.14531805,0.18048881,-0.4817592,-0.18950786,0.16421138,-0.40341505,-0.1480823,0.12555732,-0.31687137,-0.11353489,0.18349601,-0.27192837,-0.15883435,0.24878919,-0.3833081,-0.1746522,0.2258246,-0.31537,-0.13041735,0.18764287,-0.24124351,-0.0943756
L,Cristhian,Right,0.0,0.0,0.0,-0.12401223,-0.1429469,0.010944519,-0.20083587,-0.32173482,-0.0154440915,-0.27225083,-0.46590516,-0.04523202,-0.3512814,-0.5473449,-0.07777363,-0.1203508,-0.45940727,-0.09336311,-0.07093494,-0.73234206,-0.12925476,-0.035342492,-0.8850447,-0.14222905,-0.010028577,-0.9999497,-0.14969401,-0.021628773,-0.45283478,-0.110789634,0.07993179,-0.58050936,-0.12990025,0.08170038,-0.508479,-0.104195386,0.048885416,-0.42813823,-0.088843696,0.0897697,-0.3970777,-0.120987006,0.15726836,-0.47571868,-0.12394542,0.15370128,-0.41589186,-0.0809327,0.12622306,-0.3483376,-0.058512263,0.19470833,-0.32803103,-0.12934534,0.2422382,-0.39699948,-0.11212113,0.22455283,-0.3427233,-0.06803521,0.19378568,-0.2839913,-0.039420526
L,Cristhian,Right,0.0,0.0,0.0,-0.1411137,-0.120131046,0.00467624,-0.23203707,-0.2854918,-0.019575028,-0.30700362,-0.42347425,-0.048093252,-0.39035177,-0.50197923,-0.078576595,-0.15476781,-0.48405755,-0.07891012,-0.122677974,-0.734885,-0.10216877,-0.099983044,-0.8852469,-0.11294971,-0.0888105,-0.99604857,-0.12351497,-0.05140762,-0.51543915,-0.09595756,0.020378321,-0.5273689,-0.112145685,0.025714446,-0.4565671,-0.10316047,0.0032179495,-0.39500898,-0.10153914,0.06445118,-0.4745275,-0.10571635,0.1000467,-0.44564116,-0.108405374,0.101236805,-0.3906303,-0.08240367,0.08291208,-0.3366221,-0.07252502,0.17067349,-0.41358083,-0.1157359,0.20051087,-0.38965896,-0.10697622,0.1876606,-0.33659312,-0.079495564,0.16217503,-0.285715,-0.059862666
L,Cristhian,Right,0.0,0.0,0.0,-0.17335467,-0.10930448,0.0057376255,-0.2747298,-0.27746797,-0.010261604,-0.36591336,-0.41885167,-0.02980709,-0.4586993,-0.48857746,-0.052607056,-0.16382656,-0.50507903,-0.0557182,-0.13356547,-0.7428116,-0.07047795,-0.117363594,-0.8874628,-0.07902134,-0.10824807,-0.99412394,-0.088179454,-0.050391506,-0.5448889,-0.06659546,-0.0075026876,-0.5139214,-0.06782516,-0.010494597,-0.44559184,-0.056555394,-0.018992856,-0.3857523,-0.05552697,0.073166996,-0.49575737,-0.07119567,0.079610504,-0.44089,-0.06950706,0.07688826,-0.38402355,-0.049358822,0.069488086,-0.33145773,-0.043358088,0.18296175,-0.42435816,-0.074533984,0.20087281,-0.3803272,-0.061983284,0.18578258,-0.3296036,-0.035799403,0.17492123,-0.2836254,-0.017298296
L,Cristhian,Right,0.0,0.0,0.0,-0.16965872,-0.106489316,0.010148259,-0.266703,-0.26647526,-0.007081892,-0.3554933,-0.405469,-0.028844612,-0.44950408,-0.47844854,-0.05474577,-0.1517068,-0.5030969,-0.053949554,-0.12429213,-0.7440076,-0.065786324,-0.10477877,-0.8886368,-0.07290281,-0.08984335,-0.9959559,-0.080977,-0.037835456,-0.54194725,-0.06543182,0.0013812761,-0.5004456,-0.061559863,-0.005625989,-0.42482272,-0.048685085,-0.016307376,-0.36488953,-0.04753583,0.08458484,-0.4886317,-0.069886446,0.084817596,-0.42391476,-0.06327697,0.08087134,-0.36236846,-0.042060077,0.07218749,-0.31116247,-0.036332924,0.19184442,-0.41336337,-0.072319,0.20062962,-0.3713417,-0.054064114,0.1852019,-0.3186583,-0.02401854,0.17248593,-0.271956,-0.0034369326
L,Cristhian,Right,0.0,0.0,0.0,-0.09954489,-0.16838148,0.035407186,-0.12648046,-0.3419431,0.021767296,-0.08680567,-0.46418792,-0.005353335,-0.0076138047,-0.52278686,-0.033376265,-0.14534082,-0.48648596,-0.02967308,-0.104795426,-0.7296456,-0.05967341,-0.0711678,-0.8831065,-0.07505709,-0.04829248,-0.99883324,-0.08779293,-0.08650246,-0.49800164,-0.06820237,0.07640871,-0.62805665,-0.09422623,0.123453155,-0.5517758,-0.08470161,0.10988661,-0.48098594,-0.07603096,0.0014788505,-0.46486422,-0.10145964,0.15468644,-0.54111433,-0.10714483,0.17589487,-0.472847,-0.07364209,0.15175422,-0.41215038,-0.055081796,0.0953108,-0.40770197,-0.134769,0.21968848,-0.45038748,-0.12197299,0.22389634,-0.38621834,-0.08928855,0.1925493,-0.33146322,-0.066939235
A,Cristhian,Left,0.0,0.0,0.0,-0.06504468,0.27285314,-0.19099791,-0.15123259,0.5421559,-0.3564021,-0.18945983,0.76510304,-0.49207735,-0.15011093,0.98866916,-0.6450106,-0.1981066,0.20508584,-0.5043602,-0.411785,0.21103443,-0.724714,-0.49312025,0.25980416,-0.8978445,-0.55254537,0.29400787,-1.0195044,-0.26232225,-0.048200585,-0.5010806,-0.43980047,-0.021044,-0.69392896,-0.5470067,0.044790767,-0.8110029,-0.60735154,0.09659458,-0.9298271,-0.2945465,-0.2526741,-0.49165168,-0.46389848,-0.25794697,-0.6716848,-0.5600988,-0.20825036,-0.7119696,-0.634202,-0.17607583,-0.7582297,-0.3190802,-0.40604317,-0.49266955,-0.45505214,-0.45756567,-0.6357694,-0.5407824,-0.4102666,-0.6583355,-0.60560286,-0.3731461,-0.691603
A,Cristhian,Right,0.0,0.0,0.0,0.11602646,0.12542325,-0.15045637,0.1551225,0.3140302,-0.28126922,0.119314775,0.48999402,-0.36768866,0.08642038,0.6458026,-0.45380434,0.16871573,0.05711827,-0.51877135,0.12212523,0.47665608,-0.6735469,0.086915866,0.7795259,-0.72270554,0.066882364,0.9878041,-0.7413341,0.018840285,-0.0047324393,-0.4911332,-0.0096244635,0.4581295,-0.6586202,-0.012867088,0.7870319,-0.6745025,-0.013281508,0.9999118,-0.67333454,-0.13053067,0.0020858594,-0.45164302,-0.16318013,0.4314502,-0.5876189,-0.16748236,0.7253183,-0.5814409,-0.15516116,0.9201507,-0.55939263,-0.25678977,0.047546465,-0.41436303,-0.26413682,0.37444767,-0.5058527,-0.24843577,0.5988964,-0.50026786,-0.22121271,0.7490249,-0.48432538
A,Cristhian,Right,0.0,0.0,0.0,0.18404303,0.094467685,-0.07498523,0.3288976,0.26985648,-0.15959103,0.36648628,0.47254923,-0.23037893,0.3637761,0.64284956,-0.30481204,0.3395096,0.09269265,-0.26951772,0.36686388,0.45841938,-0.38407665,0.3712559,0.6970329,-0.44551712,0.3664209,0.896576,-0.4808772,0.19900137,0.051667407,-0.2821441,0.22735402,0.46809185,-0.40300727,0.24204206,0.7515276,-0.44541168,0.2452001,0.96947247,-0.47283638,0.06578117,0.06724499,-0.2910256,0.10152972,0.4802529,-0.39006108,0.13414833,0.7508083,-0.4097868,0.15664455,0.9464996,-0.41654748,-0.037941568,0.1203927,-0.30217427,-0.012767379,0.4516843,-0.3658933,0.029639455,0.66319084,-0.379238,0.066392735,0.8240139,-0.38764212
A,Cristhian,Right,0.0,0.0,0.0,0.23480256,0.043616068,-0.12136999,0.43641362,0.13675989,-0.2678189,0.55868345,0.30639136,-0.39586985,0.66081905,0.49418852,-0.5290313,0.60221267,-0.23513535,-0.38773757,0.6736544,0.17911437,-0.5924726,0.69762766,0.47926083,-0.72136027,0.7006439,0.7125207,-0.8008196,0.47570586,-0.2738385,-0.40767255,0.5686088,0.21151349,-0.60610914,0.607429,0.5350959,-0.67944527,0.62068236,0.78406215,-0.7301073,0.33532023,-0.21829809,-0.4289926,0.4470068,0.25206694,-0.6004035,0.5027794,0.5515588,-0.6265816,0.5383371,0.797149,-0.6360222,0.1996357,-0.10800777,-0.45672783,0.29780558,0.27418292,-0.5808447,0.37106955,0.5239844,-0.6085585,0.43502548,0.7345759,-0.62230426
A,Cristhian,Right,0.0,0.0,0.0,0.21857378,0.025968982,-0.05254321,0.42829594,0.11500989,-0.12189206,0.55728173,0.2531099,-0.19140238,0.61997795,0.4072337,-0.26414979,0.546099,-0.18022881,-0.16736871,0.65871626,0.21376313,-0.29084247,0.68726754,0.5209436,-0.37276146,0.68217856,0.7311856,-0.42178556,0.42627525,-0.17121954,-0.19722633,0.528789,0.29597184,-0.2939173,0.56215847,0.6027438,-0.3313432,0.5877661,0.8013347,-0.36420068,0.28527948,-0.09840486,-0.22999322,0.38421664,0.3533202,-0.32786468,0.43206608,0.6164302,-0.32811433,0.45604733,0.7969439,-0.32311913,0.14054789,0.019907495,-0.26716533,0.23547556,0.36717469,-0.33833095,0.3007922,0.57957935,-0.32999122,0.35223708,0.74490947,-0.31636983
A,Cristhian,Right,0.0,0.0,0.0,0.17447637,0.10212064,-0.16052799,0.24960087,0.27656686,-0.29183125,0.25116444,0.45183066,-0.38162664,0.23691213,0.58196795,-0.4764522,0.18965219,0.013812648,-0.5040797,0.22201404,0.41057032,-0.6519847,0.22384818,0.66612595,-0.7029146,0.21379283,0.8581791,-0.7292185,0.021205708,0.0020811511,-0.47721907,0.036463417,0.5108219,-0.61799747,0.05599592,0.80689394,-0.63745767,0.077393584,0.99700063,-0.654474,-0.13090578,0.047879916,-0.44129726,-0.11595495,0.5128565,-0.567662,-0.07976967,0.79688627,-0.57865584,-0.04422017,0.99283046,-0.58123904,-0.2502562,0.125805,-0.4092756,-0.22815834,0.47510153,-0.50565094,-0.17374618,0.68677056,-0.51848555,-0.119465135,0.829476,-0.5264917
A,Cristhian,Right,0.0,0.0,0.0,0.23441282,0.03069678,-0.1356339,0.47373652,0.16538039,-0.28855392,0.6346278,0.2576008,-0.4271858,0.77258575,0.33678105,-0.5883687,0.26556095,0.33425897,-0.45619482,0.35145542,0.5686119,-0.65711325,0.4285689,0.6912933,-0.80275905,0.47904566,0.78851956,-0.8908198,0.06512201,0.454781,-0.46264005,0.17168999,0.6943609,-0.6259898,0.25792605,0.8422108,-0.6753482,0.3239683,0.9460679,-0.7241955,-0.10045112,0.50645095,-0.45952198,-0.021043828,0.74730146,-0.60388917,0.06278549,0.8827297,-0.578032,0.122627094,0.98350966,-0.5596902,-0.23383099,0.51459825,-0.46631768,-0.20745447,0.73269576,-0.5634907,-0.14049079,0.8300553,-0.5218679,-0.07907088,0.90103596,-0.49262232
A,Cristhian,Left,0.0,0.0,0.0,-0.024835145,-0.3335534,-0.039074067,0.091513574,-0.66135406,-0.05897022,0.23858693,-0.8383432,-0.084800184,0.38003835,-0.92497075,-0.10441494,0.33671573,-0.551098,0.016525658,0.49574196,-0.6456609,-0.049010195,0.517201,-0.72395664,-0.10872498,0.49672893,-0.77694136,-0.14562298,0.4076247,-0.38544437,-0.0018555963,0.5449043,-0.48744822,-0.05493681,0.5599683,-0.5679138,-0.10141903,0.53692067,-0.6122826,-0.13073379,0.44890127,-0.20268404,-0.03370227,0.5793014,-0.29202363,-0.084432796,0.59744304,-0.37076643,-0.0927278,0.5847559,-0.42098433,-0.09233777,0.46068856,-0.0084700035,-0.071646914,0.5837792,-0.068207435,-0.110752605,0.6288422,-0.13251926,-0.10948157,0.6454963,-0.18735802,-0.10206327
A,Cristhian,Left,0.0,0.0,0.0,-0.27988902,0.15170494,-0.09265444,-0.5227168,0.23008117,-0.19069822,-0.67561513,0.35813212,-0.28358433,-0.7535639,0.55414397,-0.38681298,-0.7908383,-0.3095328,-0.2219293,-0.81359255,0.11204569,-0.38686875,-0.7361292,0.45879272,-0.51317954,-0.66778255,0.7443564,-0.5822262,-0.6032859,-0.5025959,-0.26439822,-0.54492676,0.053676877,-0.40200827,-0.4933567,0.4909196,-0.47379428,-0.45628542,0.8416114,-0.5141405,-0.36412728,-0.56807005,-0.3120293,-0.2874835,-0.0052625197,-0.45025855,-0.25078627,0.4085512,-0.47616443,-0.2176273,0.72263503,-0.47826153,-0.11554967,-0.53836906,-0.3653662,-0.05188845,-0.040476628,-0.47553706,-0.038176112,0.3303631,-0.46572122,-0.034188513,0.616265,-0.43832862
A,Cristhian,Right,0.0,0.0,0.0,0.17095235,0.09231094,-0.1611298,0.26979384,0.24241707,-0.30933022,0.29542375,0.42021456,-0.44093138,0.28685293,0.6130086,-0.5787695,0.16617332,-0.084256835,-0.37362355,0.16486694,0.37912518,-0.54913944,0.16389513,0.68376577,-0.6545306,0.16275638,0.9007461,-0.70758164,-0.01678218,-0.07374373,-0.36385563,-0.0024279275,0.43789747,-0.52420783,0.02016061,0.76359004,-0.55450535,0.035636764,0.9993648,-0.5673493,-0.16049235,-0.011241164,-0.35601124,-0.13137853,0.44359118,-0.5018445,-0.089045435,0.7206084,-0.48667088,-0.057263874,0.9195753,-0.4544106,-0.2605093,0.08153822,-0.36140928,-0.22474448,0.4294796,-0.44557592,-0.16396426,0.6244289,-0.42029938,-0.11769502,0.76791954,-0.39014363
A,Cristhian,Right,0.0,0.0,0.0,0.22738019,-0.14150052,-0.14862922,0.3663573,-0.065115534,-0.32485157,0.4197937,0.2158921,-0.50018036,0.4374097,0.5445398,-0.7,0.24636023,-0.55918497,-0.34457883,0.35178986,0.040922165,-0.6157786,0.42061484,0.47017884,-0.8307962,0.48861295,0.7886454,-0.9549448,-0.012121214,-0.41160306,-0.38354775,0.094724014,0.15792958,-0.62626815,0.17220373,0.6357143,-0.731209,0.22543244,0.9742588,-0.7793805,-0.23404205,-0.16815604,-0.43022305,-0.11593112,0.37439948,-0.65328246,-0.0053114463,0.7540834,-0.65545017,0.062450677,0.9931529,-0.612327,-0.38965395,0.11159355,-0.4868308,-0.28697458,0.48621827,-0.614459,-0.18371259,0.7362976,-0.5625007,-0.11567902,0.8999734,-0.4963276
A,Cristhian,Right,0.0,0.0,0.0,0.14858799,0.11532785,-0.16300471,0.22077781,0.2940943,-0.2839717,0.18927217,0.4464967,-0.35842952,0.11675153,0.5318305,-0.4283645,0.062132284,0.11422486,-0.44397143,0.094475634,0.50911814,-0.5679202,0.12284701,0.75408775,-0.6006215,0.14186296,0.9269522,-0.6125734,-0.08635479,0.13467701,-0.39575434,-0.03556159,0.5618767,-0.5205534,0.010219022,0.8207449,-0.53518146,0.04402288,0.99903053,-0.5409961,-0.19291979,0.19578837,-0.33964086,-0.11229388,0.5781874,-0.44163802,-0.05969393,0.81613386,-0.4433101,-0.023192348,0.99017924,-0.4381471,-0.2574468,0.2794468,-0.28878847,-0.17995101,0.5689986,-0.36322656,-0.117349416,0.7301192,-0.36848712,-0.075479925,0.8509592,-0.36675206
A,Cristhian,Right,0.0,0.0,0.0,0.0011935442,0.12521662,-0.0960768,-0.026378226,0.34375057,-0.16957176,-0.06819881,0.56924003,-0.20915465,-0.091266476,0.70524716,-0.2477309,-0.03531551,0.12035449,-0.3420119,-0.09817308,0.5360506,-0.43026266,-0.1233073,0.7654519,-0.44423214,-0.14431767,0.9387883,-0.44145647,-0.033500668,0.08761639,-0.31522694,-0.038080033,0.5526781,-0.40076238,-0.033487916,0.82056683,-0.40658012,-0.03834254,0.99926466,-0.40410003,-0.02798438,0.113359235,-0.2769575,0.01079824,0.5288585,-0.34339163,0.029891584,0.7746258,-0.34801462,0.03699749,0.94540447,-0.3422578,-0.02482659,0.18741524,-0.23812322,0.0020037696,0.49393713,-0.29369417,0.015574099,0.68688357,-0.305036,0.021841748,0.83668506,-0.30419195
A,Cristhian,Right,0.0,0.0,0.0,0.15739639,0.07955194,-0.09269442,0.24840845,0.2788765,-0.1725723,0.23266366,0.47610328,-0.22242433,0.19659896,0.6271986,-0.2729316,0.21702287,0.13006718,-0.30582702,0.25235155,0.45410368,-0.40478146,0.24532646,0.7013501,-0.45361465,0.22959365,0.8874529,-0.47776332,0.050589267,0.12763676,-0.29037967,0.06759636,0.51506627,-0.3781904,0.079470634,0.78824013,-0.40215474,0.09262192,0.9957014,-0.41775462,-0.09009932,0.15447482,-0.26492986,-0.08110965,0.5198002,-0.33051035,-0.036786865,0.73485833,-0.32591757,0.0018318574,0.8665808,-0.31703612,-0.18946908,0.20722781,-0.24099673,-0.1559938,0.49606216,-0.2872007,-0.09988816,0.65248,-0.27687374,-0.051366564,0.74859875,-0.2644001
A,Cristhian,Right,0.0,0.0,0.0,0.14968573,0.11341749,-0.05081951,0.19912274,0.3203934,-0.1127285,0.16006464,0.5180556,-0.15184334,0.11194788,0.65206105,-0.19479032,0.17063928,0.26322892,-0.27202275,0.17282121,0.5917374,-0.34498373,0.16728729,0.78818816,-0.365933,0.16156623,0.9359455,-0.37244493,0.035045225,0.2372235,-0.27399725,0.0394779,0.608199,-0.3542605,0.04170149,0.8394353,-0.37679815,0.045895476,0.99894625,-0.3895052,-0.08857447,0.22706455,-0.26106974,-0.08316627,0.5768902,-0.32788047,-0.05589009,0.7906912,-0.35088366,-0.0339031,0.9349606,-0.36213246,-0.18485029,0.23726302,-0.24281526,-0.15355553,0.48687804,-0.28780252,-0.0950815,0.58810055,-0.29049453,-0.049713735,0.64376396,-0.28922662
A,Cristhian,Right,0.0,0.0,0.0,0.15054543,0.11156104,-0.05615817,0.21319522,0.3252462,-0.12072288,0.18181449,0.5304205,-0.16007271,0.13259766,0.6742056,-0.20031254,0.19965915,0.24600786,-0.2793546,0.18981615,0.60197407,-0.34568405,0.17715885,0.7964394,-0.35632488,0.16439754,0.94316924,-0.35685587,0.049361467,0.21827532,-0.27711177,0.058826264,0.61093456,-0.36107162,0.060674597,0.83928275,-0.38078505,0.064792216,0.99789876,-0.3909437,-0.08313924,0.21795262,-0.2592683,-0.07091347,0.5866849,-0.33092725,-0.042117935,0.80100995,-0.35016263,-0.017346106,0.9479151,-0.35846046,-0.18094291,0.24904022,-0.23564743,-0.12110222,0.50701547,-0.27963012,-0.048855048,0.5743262,-0.27531394,0.0007398957,0.5979275,-0.27004132
A,Cristhian,Right,0.0,0.0,0.0,0.15857208,0.10205841,-0.05036059,0.23390819,0.31003016,-0.11585211,0.21713816,0.5124755,-0.15878697,0.18176319,0.6496758,-0.20236598,0.22483584,0.2288945,-0.27460334,0.22494474,0.58044213,-0.35154435,0.21113977,0.79016966,-0.3739395,0.19499952,0.94649065,-0.37975088,0.07264284,0.20639624,-0.2759148,0.08925828,0.5936272,-0.36190382,0.093313344,0.82946426,-0.37678534,0.0983829,0.99514866,-0.38297498,-0.056315985,0.21651831,-0.26331177,-0.040534995,0.58142024,-0.3281211,-0.012236795,0.79486567,-0.33435044,0.010520354,0.9366539,-0.33240917,-0.14942536,0.25227672,-0.24726938,-0.09748997,0.5309477,-0.27672976,-0.038298707,0.622326,-0.26412654,0.0016708567,0.6664723,-0.25347626
A,Cristhian,Right,0.0,0.0,0.0,0.15475379,0.10781783,-0.05394497,0.22244556,0.31523904,-0.12777764,0.19654544,0.5145281,-0.17532708,0.15309925,0.64882946,-0.22412083,0.21817689,0.22112985,-0.31031844,0.21701688,0.5846542,-0.38920745,0.20610201,0.7944985,-0.40796283,0.19110394,0.95087814,-0.4108076,0.062575154,0.19566524,-0.30852497,0.08773209,0.60105354,-0.39971974,0.09414949,0.83558124,-0.41075173,0.09620478,0.99536157,-0.41336855,-0.07379816,0.20598638,-0.28909925,-0.049085397,0.59857184,-0.3576136,-0.015174315,0.8097793,-0.3564445,0.0052300333,0.94549835,-0.34886488,-0.17401604,0.24563277,-0.2648013,-0.10607665,0.5333911,-0.29165706,-0.035489388,0.6008285,-0.26751322,0.0049611693,0.6189509,-0.24870703
A,Cristhian,Right,0.0,0.0,0.0,0.15833881,0.08715438,-0.054481845,0.24366577,0.29220238,-0.1215955,0.23676255,0.4941097,-0.16368878,0.20624055,0.63618916,-0.20679316,0.22821526,0.21332982,-0.28399026,0.2314838,0.566269,-0.3571586,0.22543553,0.7722958,-0.37552983,0.21848339,0.92868835,-0.37884703,0.07148333,0.19632164,-0.28110164,0.09881021,0.59153605,-0.36815712,0.108319774,0.8260513,-0.38361353,0.11823323,0.99298584,-0.38959444,-0.06102428,0.21042997,-0.26245475,-0.03685486,0.5903321,-0.33057126,-0.0010262096,0.80759406,-0.33625233,0.027166752,0.952702,-0.33267188,-0.15345705,0.25301924,-0.23912393,-0.078067355,0.5324183,-0.26619723,-0.008666708,0.61183804,-0.24776576,0.03385694,0.64489645,-0.23339409
A,Cristhian,Right,0.0,0.0,0.0,0.16090214,0.08191032,-0.05993732,0.2596404,0.29119992,-0.12697367,0.26807386,0.49974996,-0.16768804,0.24371536,0.6434763,-0.21003368,0.22438885,0.18728118,-0.28964218,0.23614646,0.5405842,-0.36055148,0.23052688,0.76053876,-0.38080385,0.2189816,0.9252317,-0.38618064,0.06424783,0.1768498,-0.2824916,0.09288311,0.57422847,-0.3566438,0.106284894,0.8221745,-0.3681982,0.11544933,0.9933134,-0.3767127,-0.06454364,0.19603838,-0.26041007,-0.041042693,0.58085316,-0.31398788,0.0004933737,0.807627,-0.3200834,0.028120609,0.95190746,-0.32262406,-0.14909008,0.24378529,-0.23536351,-0.080686204,0.5314219,-0.25746202,-0.01287853,0.61607325,-0.24567662,0.02925665,0.6470611,-0.23962529
A,Cristhian,Right,0.0,0.0,0.0,0.16933243,0.089305334,-0.059675828,0.27117053,0.28709635,-0.13501927,0.26798335,0.4931442,-0.18395388,0.23190694,0.64176667,-0.23368704,0.23680805,0.18350956,-0.30608165,0.23532277,0.5385779,-0.38774112,0.22679815,0.75888085,-0.41423184,0.21342082,0.9254157,-0.42348585,0.0765371,0.17097484,-0.30051973,0.10010162,0.55986124,-0.39039993,0.11167715,0.8125981,-0.40708968,0.11945818,0.9928392,-0.41714108,-0.053517554,0.19150002,-0.27897802,-0.031237302,0.567535,-0.34257424,0.0043123877,0.8010929,-0.3484965,0.029827021,0.95498985,-0.34856546,-0.1410107,0.24560373,-0.25437042,-0.07629103,0.5289222,-0.28149685,-0.007592192,0.6368092,-0.27198172,0.038621094,0.69867504,-0.2660697
A,Cristhian,Right,0.0,0.0,0.0,0.1707273,0.08809938,-0.04382663,0.2621995,0.29478157,-0.101435766,0.26236632,0.50536346,-0.13728958,0.23993137,0.6484742,-0.17323026,0.23697938,0.22301647,-0.25281858,0.24400674,0.5641175,-0.31929398,0.23855962,0.7673612,-0.33523124,0.22972311,0.9185069,-0.33674085,0.08899934,0.21416953,-0.25212115,0.113234535,0.5913317,-0.3291361,0.12359313,0.8248512,-0.34018385,0.13255365,0.99117583,-0.3433687,-0.03463094,0.22863846,-0.23695138,-0.0107176285,0.5847094,-0.2944205,0.021703264,0.8019461,-0.2969314,0.04586797,0.94632506,-0.29182723,-0.1227613,0.26436645,-0.21787798,-0.05875942,0.5378987,-0.23920645,0.005327491,0.6413694,-0.22360936,0.047821548,0.6979909,-0.21094732
A,Cristhian,Right,0.0,0.0,0.0,0.16277699,0.0827121,-0.05731761,0.24320166,0.2960291,-0.1271758,0.22696613,0.50699466,-0.16910347,0.18138295,0.646639,-0.21195053,0.2155426,0.19656017,-0.30245182,0.22251205,0.564897,-0.37272608,0.21595444,0.7735568,-0.38468942,0.20495774,0.92787707,-0.38374245,0.06150365,0.1767657,-0.29777896,0.092411205,0.5972708,-0.38278657,0.10638196,0.83415514,-0.3921247,0.11613488,0.99323344,-0.3929326,-0.070620716,0.19074725,-0.27599534,-0.040809248,0.5909725,-0.34490418,-0.0016574303,0.81503624,-0.3517301,0.025435135,0.96410334,-0.3495576,-0.16682103,0.2326064,-0.2483656,-0.09152415,0.514266,-0.27900487,-0.01972469,0.57167405,-0.25976667,0.022696469,0.58133006,-0.24479915
A,Cristhian,Right,0.0,0.0,0.0,0.17133772,0.08391159,-0.05398938,0.2602011,0.30023655,-0.11791215,0.25204185,0.5163314,-0.15524217,0.21508212,0.66488737,-0.19288254,0.2337095,0.21230946,-0.28695726,0.23593178,0.57558936,-0.3522101,0.22922929,0.78257227,-0.3640855,0.22183059,0.9383717,-0.36429334,0.07104983,0.19721961,-0.28026545,0.104580835,0.59654856,-0.3605622,0.11716286,0.829783,-0.37301645,0.12832764,0.9917318,-0.37846252,-0.0638805,0.21464984,-0.25640866,-0.02790113,0.60347676,-0.3227257,0.0149334185,0.82325923,-0.33254993,0.04505472,0.96502084,-0.33331752,-0.15359616,0.26415163,-0.2266872,-0.06539029,0.54361707,-0.25596863,0.01330086,0.60235447,-0.24076402,0.05858624,0.61474043,-0.2294923
A,Cristhian,Right,0.0,0.0,0.0,0.1562772,0.098924235,-0.055310946,0.22646095,0.31333986,-0.123574674,0.21347436,0.5185772,-0.16613416,0.18419683,0.6536134,-0.20952353,0.19653434,0.22392094,-0.29303935,0.20465314,0.5718055,-0.36709416,0.19931285,0.77657545,-0.38254145,0.19109023,0.93137354,-0.38228312,0.045169383,0.2094803,-0.2874183,0.071971335,0.5993373,-0.37647894,0.08336286,0.8313292,-0.38624358,0.09171558,0.99578524,-0.3863107,-0.078715295,0.22237544,-0.26585022,-0.05689091,0.5846218,-0.3305658,-0.021067476,0.80256236,-0.33077013,0.0039766175,0.94890237,-0.322225,-0.16325471,0.2605317,-0.24038993,-0.101422064,0.54363203,-0.26064923,-0.040462013,0.6475814,-0.24064715,-0.0048316964,0.70252985,-0.22528261
A,Cristhian,Right,0.0,0.0,0.0,0.17134386,0.0765768,-0.056308985,0.26135722,0.2844075,-0.1269889,0.252423,0.4959088,-0.16982885,0.21150976,0.6437723,-0.2133757,0.23415646,0.20059516,-0.30660573,0.24351345,0.5714895,-0.37662023,0.23880322,0.7773093,-0.38603166,0.23039043,0.931306,-0.38364616,0.077850975,0.18301688,-0.30223146,0.111269586,0.5955296,-0.39171308,0.12360962,0.83029956,-0.40260777,0.13279478,0.9911436,-0.40496308,-0.05438549,0.19793725,-0.28022143,-0.02625917,0.58852535,-0.35311997,0.01042587,0.8153028,-0.36094654,0.03775285,0.96551585,-0.35925683,-0.14631884,0.24383956,-0.25203198,-0.06631172,0.5302076,-0.28404903,0.002138487,0.6008056,-0.26653028,0.0430276,0.62105775,-0.25328693
A,Cristhian,Right,0.0,0.0,0.0,0.17167284,0.08117655,-0.054351088,0.27547795,0.28707975,-0.12447642,0.28263506,0.5017672,-0.1692749,0.25484,0.65028256,-0.21612623,0.2391502,0.181022,-0.30139312,0.24412465,0.5502087,-0.37749973,0.23716491,0.76604515,-0.3977035,0.22640188,0.924103,-0.4026051,0.07758867,0.1673263,-0.2980668,0.10584802,0.56877446,-0.38191462,0.119869515,0.81910014,-0.3939034,0.12762155,0.99182296,-0.4013447,-0.05321375,0.18606788,-0.2784259,-0.024631977,0.57861406,-0.3376573,0.019099513,0.808449,-0.34223974,0.048571788,0.9544691,-0.34237164,-0.1399447,0.23882309,-0.25524062,-0.07057994,0.534481,-0.28143746,-0.0029275005,0.65484434,-0.27328753,0.038954537,0.72492516,-0.268514
A,Cristhian,Right,0.0,0.0,0.0,0.16883643,0.08085807,-0.05094584,0.2604265,0.28136444,-0.1123459,0.25753108,0.4898232,-0.15076998,0.2229845,0.64115906,-0.19034173,0.21538448,0.2256841,-0.26520997,0.2185523,0.57517266,-0.3354151,0.21401627,0.77403176,-0.35148036,0.21121624,0.9225432,-0.35412657,0.06451116,0.21295193,-0.26383573,0.085287966,0.5931721,-0.34375745,0.09528599,0.8258695,-0.35959443,0.10893373,0.994049,-0.3669921,-0.06275257,0.22210766,-0.24846853,-0.03423993,0.574129,-0.31225216,-0.003823959,0.7997884,-0.32431713,0.0223162,0.9558682,-0.32650432,-0.15302062,0.25911492,-0.22866933,-0.084725834,0.52561206,-0.2658529,-0.02135555,0.64808667,-0.2635453,0.024732178,0.7246508,-0.25925162
M,Cristhian,Right,0.0,0.0,0.0,0.15500273,0.09744553,-0.07141463,0.22343913,0.32005584,-0.14104627,0.1965988,0.52828884,-0.18192357,0.15536387,0.664684,-0.22474594,0.19488639,0.22426368,-0.29042912,0.20731972,0.59100413,-0.35896716,0.20308997,0.79652715,-0.3760319,0.19462301,0.9560505,-0.3809483,0.040482976,0.21048604,-0.27947035,0.06807046,0.61003137,-0.36149624,0.08481931,0.8365378,-0.3840071,0.096647575,0.99531865,-0.39613646,-0.09342271,0.22004221,-0.25271934,-0.055366043,0.6133643,-0.32195434,-0.012011423,0.83014953,-0.33960387,0.01426382,0.97699493,-0.34683946,-0.18918477,0.25985226,-0.22131687,-0.09945977,0.52565897,-0.26409104,-0.016281778,0.56701446,-0.25371942,0.030147338,0.56210744,-0.2435382
M,Cristhian,Right,0.0,0.0,0.0,0.15754433,0.08582425,-0.073379554,0.23424265,0.29379925,-0.14751425,0.21054587,0.48806772,-0.19336028,0.16598965,0.62094396,-0.24006647,0.20927574,0.16897546,-0.30045545,0.22120087,0.5481371,-0.37618417,0.21435969,0.7713988,-0.39645037,0.20669474,0.937075,-0.400845,0.04881095,0.14627211,-0.29268163,0.066611655,0.5725499,-0.38134435,0.07670363,0.82351506,-0.40084732,0.09341107,0.99562764,-0.4090842,-0.085522816,0.16291124,-0.26976013,-0.06321397,0.57858807,-0.34061643,-0.02283935,0.8031751,-0.3470086,0.014628091,0.950798,-0.34426776,-0.17783697,0.21001044,-0.2433644,-0.10569538,0.50099385,-0.2777053,-0.03047596,0.5613938,-0.25586343,0.023626937,0.568678,-0.23797956
M,Cristhian,Right,0.0,0.0,0.0,0.17597692,0.10449374,-0.06696239,0.2755236,0.30754948,-0.1475058,0.24551782,0.52567023,-0.20269766,0.18501885,0.6797913,-0.2597585,0.2484717,0.16226155,-0.30847043,0.23459,0.5578249,-0.3899879,0.2102805,0.79575866,-0.4224993,0.18136534,0.97192746,-0.43859914,0.078254625,0.113508314,-0.30371994,0.06795713,0.5473363,-0.39357957,0.06511973,0.8203512,-0.41334757,0.056969978,0.9983759,-0.4294038,-0.06962183,0.11632763,-0.28493854,-0.07497816,0.5543228,-0.3460735,-0.04732865,0.82734525,-0.3539491,-0.024716973,0.99003285,-0.35962445,-0.16857718,0.16721033,-0.26494974,-0.1233872,0.49153993,-0.29317367,-0.060766954,0.63481873,-0.28695732,-0.010488895,0.71695894,-0.28672507
M,Cristhian,Right,0.0,0.0,0.0,0.14606245,0.12528144,-0.05634031,0.19830287,0.34834468,-0.12776154,0.14693482,0.54635,-0.17171091,0.08004461,0.67407084,-0.21726511,0.18477447,0.22651553,-0.30913556,0.14847197,0.5916599,-0.38589838,0.10679626,0.8133761,-0.4077621,0.07391345,0.97390145,-0.41411898,0.03000161,0.16374446,-0.3048356,-0.008995511,0.5698042,-0.39698675,-0.03593433,0.8260947,-0.41704762,-0.04571818,0.99895436,-0.4289194,-0.099605426,0.14333963,-0.28237692,-0.14644107,0.53375936,-0.35173815,-0.13884242,0.778116,-0.36242795,-0.122266896,0.93245226,-0.36529094,-0.19221266,0.16922568,-0.25462553,-0.17059423,0.4651313,-0.28319457,-0.111588,0.55527,-0.26782408,-0.068355076,0.5934224,-0.25845385
M,Cristhian,Right,0.0,0.0,0.0,0.14310564,0.14715326,-0.04434483,0.15913732,0.36207002,-0.09863611,0.07787055,0.5443905,-0.12669575,-0.005694051,0.6473194,-0.15859354,0.13441099,0.30597576,-0.2647915,0.100645564,0.6465187,-0.31220263,0.07926483,0.83809596,-0.31255522,0.05911295,0.97707355,-0.30762327,-0.008904412,0.26484323,-0.25795883,-0.029717509,0.64751625,-0.31370342,-0.03807083,0.86159337,-0.31989315,-0.04988388,0.99875504,-0.32435814,-0.13419971,0.24122508,-0.23314342,-0.15146805,0.6251913,-0.28726026,-0.1303939,0.82148314,-0.30497056,-0.1291355,0.93599755,-0.31535158,-0.22722457,0.2399761,-0.20057078,-0.18251038,0.48702794,-0.23778433,-0.11175596,0.48995712,-0.22835116,-0.08627721,0.43744102,-0.21904619
M,Cristhian,Right,0.0,0.0,0.0,0.13914391,0.12082345,-0.05946622,0.18756898,0.3464828,-0.13022675,0.13739587,0.5425773,-0.17628524,0.07037406,0.6750741,-0.22341755,0.18427722,0.2512022,-0.28581014,0.14752828,0.61958057,-0.36166814,0.11789159,0.83313096,-0.38305902,0.09538159,0.9898299,-0.38757885,0.03333331,0.19520457,-0.28398395,0.00786486,0.59372276,-0.36977977,-0.006694158,0.8337241,-0.38323116,-0.009764468,0.9999523,-0.38728076,-0.098035365,0.1753807,-0.26778135,-0.12065181,0.5555214,-0.33274025,-0.110368446,0.77160764,-0.3309166,-0.0961473,0.9111868,-0.32220647,-0.19547907,0.19240694,-0.24848978,-0.16245428,0.47851136,-0.2750658,-0.10597251,0.5668101,-0.25103864,-0.065397166,0.5987353,-0.23182164
M,Cristhian,Right,0.0,0.0,0.0,0.1607789,0.0905094,-0.023729218,0.2559819,0.28525126,-0.07631789,0.25453103,0.48791885,-0.11916969,0.22974415,0.63261455,-0.16518088,0.2848247,0.2472251,-0.21139704,0.28856725,0.5810822,-0.28303632,0.2792953,0.77705765,-0.30993286,0.27009988,0.92331535,-0.32085288,0.15726304,0.2273422,-0.23312353,0.17785637,0.587574,-0.31248596,0.18596607,0.820241,-0.32860595,0.19478136,0.9808467,-0.33610064,0.033545148,0.23422872,-0.24425624,0.044493135,0.57983834,-0.30330437,0.06690878,0.78906614,-0.3059764,0.09617004,0.9292688,-0.302554,-0.071572885,0.25965017,-0.25299585,-0.048081923,0.55097544,-0.27880237,-0.025483588,0.6666694,-0.26449692,-0.007395609,0.7337235,-0.25289434
M,Cristhian,Right,0.0,0.0,0.0,0.17240588,0.09876286,-0.029980145,0.27409723,0.28372523,-0.0904678,0.27355993,0.4780135,-0.14172147,0.24891841,0.6115189,-0.1966653,0.31091058,0.25184265,-0.21805036,0.31199977,0.5846892,-0.29462263,0.2974902,0.78225285,-0.32953495,0.28580403,0.93475837,-0.34840128,0.18535434,0.22108698,-0.24092463,0.20023952,0.5817661,-0.32520157,0.198849,0.81420535,-0.3455807,0.19364344,0.98107195,-0.35808632,0.05719044,0.21659906,-0.25450844,0.056795213,0.5644191,-0.31588936,0.073488995,0.78540725,-0.32200688,0.09393044,0.9384996,-0.3232286,-0.05553241,0.23550668,-0.26696107,-0.02800526,0.5056934,-0.29089534,0.0045591663,0.5844675,-0.27725163,0.028219324,0.62070936,-0.2696656
M,Cristhian,Right,0.0,0.0,0.0,0.16425484,0.11231697,-0.045770362,0.21853451,0.3271765,-0.10193943,0.18451954,0.5284025,-0.13240494,0.13459784,0.65972024,-0.16497146,0.17033371,0.25352538,-0.2693012,0.16779104,0.5969008,-0.3312764,0.1651887,0.7911878,-0.341179,0.16265085,0.9380017,-0.34020922,0.021392183,0.22442308,-0.26566568,0.0338762,0.6153917,-0.3367299,0.045020252,0.84294057,-0.34824947,0.055855695,0.99843884,-0.35397074,-0.10287159,0.22240391,-0.2458721,-0.09497882,0.5957027,-0.30506152,-0.061943028,0.817346,-0.3181331,-0.036699932,0.9654218,-0.3228851,-0.1863821,0.24780072,-0.21970618,-0.1321094,0.5194327,-0.25303486,-0.063791335,0.62167585,-0.24563184,-0.016287996,0.6773819,-0.23890664
M,Cristhian,Right,0.0,0.0,0.0,0.15637742,0.101268984,-0.070256956,0.22298944,0.32169127,-0.13919093,0.20002204,0.535094,-0.17987247,0.15688334,0.6862698,-0.222466,0.16866222,0.23960975,-0.2928561,0.17578146,0.6004111,-0.36739066,0.17111635,0.80452675,-0.38542074,0.16229478,0.9588107,-0.39020547,0.01865575,0.22225745,-0.28445753,0.028702362,0.6180066,-0.36217156,0.03633564,0.84345734,-0.3783389,0.042450838,0.99909854,-0.38746664,-0.1069056,0.22263122,-0.26273632,-0.086982705,0.59900916,-0.32713267,-0.05271383,0.81997615,-0.34299552,-0.025661595,0.9710659,-0.3513586,-0.19426656,0.24361321,-0.23747069,-0.14110187,0.5083721,-0.28476992,-0.07394468,0.61978126,-0.28612998,-0.023499742,0.6802458,-0.28446493
M,Cristhian,Right,0.0,0.0,0.0,0.15229805,0.10861131,-0.08312705,0.20613907,0.32053897,-0.15185718,0.16080521,0.5193807,-0.19025107,0.09615652,0.636633,-0.2292596,0.13282336,0.24053976,-0.29321474,0.13754794,0.5922659,-0.36229122,0.13742834,0.7977535,-0.37680873,0.13349962,0.9460663,-0.37970197,-0.014510292,0.2300423,-0.27552557,0.0047898446,0.61825466,-0.3476789,0.023884054,0.8452752,-0.36141464,0.036103595,0.99934804,-0.36777228,-0.13397905,0.23399153,-0.24527457,-0.10194078,0.6057108,-0.30466592,-0.06407578,0.8153368,-0.31597698,-0.041778583,0.9512699,-0.319989,-0.21238707,0.2547906,-0.21351838,-0.152781,0.49934563,-0.2624877,-0.072294734,0.59925765,-0.26386774,-0.01811318,0.6473743,-0.25925827
M,Cristhian,Right,0.0,0.0,0.0,0.17566828,0.081395775,-0.08079459,0.2481169,0.2924437,-0.14234173,0.21146707,0.5076718,-0.1736366,0.1488929,0.63372445,-0.20397793,0.13365352,0.24323308,-0.28681844,0.16777825,0.5981717,-0.35090652,0.17789662,0.78927964,-0.35355765,0.18157719,0.92967606,-0.34664333,-0.009559857,0.269367,-0.26356027,0.04624426,0.64838296,-0.33197853,0.07981935,0.85564184,-0.33256182,0.101669714,0.9948182,-0.32815433,-0.112047404,0.30431613,-0.22951154,-0.04432902,0.6413825,-0.27909,0.0032391876,0.8361734,-0.28198636,0.036421385,0.96610415,-0.2796314,-0.16576171,0.34524956,-0.1952397,-0.09847986,0.59055007,-0.23056272,-0.04769513,0.7362569,-0.23331657,-0.01655573,0.84120333,-0.23106173
M,Cristhian,Right,0.0,0.0,0.0,0.16984373,0.119506195,-0.12853917,0.23655191,0.36076328,-0.19755545,0.19084144,0.57394564,-0.22454573,0.1333812,0.69570696,-0.24667175,0.045753844,0.23197842,-0.32889003,0.10067763,0.57897854,-0.39192703,0.12516983,0.76028913,-0.39468786,0.13249028,0.9067533,-0.3942293,-0.08570798,0.26638523,-0.27683672,-0.019163493,0.64410555,-0.3443892,0.02354026,0.84849966,-0.34158114,0.048919447,0.9988027,-0.33980373,-0.16319892,0.31514582,-0.21651816,-0.07211489,0.6416973,-0.26948914,-0.015370244,0.8286331,-0.26741406,0.021738948,0.955455,-0.26535225,-0.19502737,0.37063915,-0.1612387,-0.10091089,0.59922534,-0.2115608,-0.035557058,0.7286277,-0.22421727,0.0017483137,0.8225303,-0.23006785
M,Cristhian,Right,0.0,0.0,0.0,0.14379679,0.11335706,-0.15516314,0.18912932,0.34626618,-0.23749173,0.14450298,0.56104755,-0.27324525,0.08757897,0.6941061,-0.30287156,-0.005276306,0.24968901,-0.35361248,0.04304656,0.6180693,-0.42667425,0.067150734,0.8086889,-0.43452194,0.071041815,0.9506877,-0.43389538,-0.10901988,0.26370108,-0.29088563,-0.06765255,0.64393985,-0.37303057,-0.03911271,0.8502097,-0.3747744,-0.023433968,0.9997254,-0.37154615,-0.17099945,0.30507606,-0.22280118,-0.112238064,0.64002216,-0.29006064,-0.073306456,0.8322655,-0.29200166,-0.049862362,0.96741986,-0.28761563,-0.2018118,0.3609882,-0.16120097,-0.14502892,0.6153823,-0.21886812,-0.102748886,0.75474894,-0.23179828,-0.083579935,0.85512763,-0.2346425
M,Cristhian,Right,0.0,0.0,0.0,0.15418088,0.12557445,-0.101755165,0.20178847,0.3692307,-0.14668483,0.15361999,0.5790365,-0.16101135,0.0878066,0.6889316,-0.17105864,0.019407716,0.33267295,-0.22235528,0.020543778,0.6601058,-0.26944983,0.02551418,0.8243233,-0.27613148,0.023146491,0.9523862,-0.2768422,-0.0942967,0.33947802,-0.18004134,-0.09884931,0.68739,-0.22869627,-0.081052825,0.87082964,-0.2284839,-0.06296187,0.99801594,-0.22525078,-0.16181532,0.35155714,-0.13471164,-0.15471432,0.66020036,-0.1742308,-0.12609784,0.8282717,-0.17747822,-0.10070866,0.93761504,-0.17542356,-0.18836813,0.3751979,-0.09386389,-0.1768209,0.60852486,-0.12909646,-0.1489596,0.7402416,-0.1386868,-0.12855323,0.82540166,-0.14054875
M,Cristhian,Right,0.0,0.0,0.0,0.14959683,0.10677177,-0.11219836,0.20240058,0.3380058,-0.16095366,0.16411956,0.5491346,-0.17531313,0.1117215,0.66465205,-0.1844312,0.002137523,0.31886518,-0.24889746,0.03876584,0.654101,-0.29701623,0.060098782,0.82526135,-0.30257684,0.06595303,0.9611904,-0.3027337,-0.10658044,0.34934732,-0.19963686,-0.05655823,0.69140553,-0.24686752,-0.01384427,0.87201196,-0.23970467,0.017782155,0.99984187,-0.2322367,-0.16614965,0.38615444,-0.1466432,-0.084463485,0.6776057,-0.1834797,-0.023483181,0.80829406,-0.17649558,0.013740879,0.8852568,-0.16821653,-0.18333203,0.42627412,-0.09985591,-0.11972827,0.6377921,-0.13456754,-0.057519566,0.7222532,-0.13798597,-0.021315157,0.7636889,-0.13455871
M,Cristhian,Right,0.0,0.0,0.0,0.15355651,0.13790262,-0.124969415,0.17892729,0.37345,-0.18152297,0.106309064,0.5878028,-0.19717395,0.046654433,0.7162338,-0.20732056,-0.02538763,0.28439242,-0.28900802,-0.025579436,0.63727,-0.34051433,-0.024225598,0.8157648,-0.34320444,-0.029961832,0.9549737,-0.340321,-0.14660214,0.28901803,-0.2300387,-0.15011661,0.65605444,-0.2862968,-0.12369229,0.85423666,-0.27802014,-0.100132145,0.99497414,-0.2678452,-0.21012966,0.30760038,-0.16451429,-0.1751121,0.61193204,-0.20460956,-0.11624197,0.7632977,-0.19395478,-0.074321,0.84517896,-0.18111464,-0.22564285,0.33977288,-0.104759715,-0.18418337,0.56172115,-0.13812818,-0.12436521,0.66801995,-0.13854553,-0.08757306,0.7158583,-0.13224807
M,Cristhian,Right,0.0,0.0,0.0,0.13541257,0.1361537,-0.0611789,0.16875844,0.3561819,-0.122347295,0.11225132,0.5509522,-0.15729353,0.05103834,0.6743895,-0.1911673,0.15640427,0.24730334,-0.26513582,0.13141842,0.6107818,-0.33836555,0.10649187,0.816902,-0.35624468,0.08495581,0.9693141,-0.3586073,0.015498614,0.20718963,-0.25873405,-0.00854405,0.6078409,-0.33395806,-0.022943975,0.83544827,-0.34991157,-0.030946257,0.9995211,-0.35609755,-0.10130261,0.20109083,-0.2398011,-0.113530636,0.5816921,-0.30016506,-0.10436132,0.8105107,-0.31114915,-0.089503475,0.97126424,-0.3125363,-0.1788302,0.22345598,-0.21734537,-0.14752351,0.4993447,-0.25560474,-0.10798529,0.6574093,-0.25182644,-0.072074085,0.7714869,-0.24400036
M,Cristhian,Right,0.0,0.0,0.0,0.1445064,0.12204217,-0.035646286,0.21589206,0.32906353,-0.089732155,0.19796252,0.53793705,-0.12932624,0.16512091,0.67742044,-0.17045428,0.24875018,0.2620117,-0.21571597,0.21498342,0.6150526,-0.2845356,0.1870511,0.81754667,-0.31110948,0.16006291,0.969658,-0.32185495,0.11005681,0.2250517,-0.22601803,0.09232587,0.5964165,-0.29832345,0.0774398,0.8319109,-0.31783995,0.06360329,0.9979753,-0.33078513,-0.01303085,0.22535238,-0.22619766,-0.020622334,0.582421,-0.2761183,-0.01406624,0.8034961,-0.28409046,-0.008064772,0.95273316,-0.28746754,-0.10544654,0.26209015,-0.22498083,-0.06820977,0.54323494,-0.24865164,-0.027655955,0.68525964,-0.24474037,0.0005070956,0.7867373,-0.24203847
M,Cristhian,Right,0.0,0.0,0.0,0.15356492,0.12427638,-0.057345208,0.24147439,0.330277,-0.13494249,0.20781185,0.5434141,-0.19695748,0.16042724,0.68568027,-0.26345658,0.28009617,0.23071454,-0.27571914,0.25123253,0.5731869,-0.37200063,0.21747471,0.7886308,-0.4218631,0.18810682,0.9581734,-0.45034444,0.14242886,0.17666176,-0.2881472,0.111824244,0.54979414,-0.39536944,0.09039307,0.80787706,-0.4316158,0.07286963,0.99734145,-0.45567057,0.009831495,0.16821283,-0.29123214,-0.016886624,0.5462103,-0.37053788,-0.018329578,0.8034494,-0.39281496,-0.018572599,0.97535735,-0.4031728,-0.09320884,0.20084034,-0.29455632,-0.079896264,0.505468,-0.33750677,-0.045038585,0.67044497,-0.3461119,-0.021829756,0.786402,-0.35302678
M,Cristhian,Right,0.0,0.0,0.0,0.14907558,0.12485498,-0.06923346,0.23475416,0.32307974,-0.15665554,0.20369522,0.53729224,-0.22709066,0.15529248,0.6809872,-0.301931,0.28851387,0.23709255,-0.2846816,0.24934727,0.56820977,-0.39050338,0.2070644,0.7785777,-0.45363972,0.17185763,0.9410426,-0.4921877,0.15833014,0.17211878,-0.29362023,0.10964097,0.5620371,-0.4108701,0.08071057,0.81639314,-0.4549173,0.061517283,0.998106,-0.4858615,0.028378697,0.15697917,-0.29473767,-0.005541103,0.5385358,-0.3825744,-0.008988532,0.77914715,-0.40281007,-0.0107876845,0.9337003,-0.41142616,-0.0730074,0.18069716,-0.29758152,-0.06518741,0.49016443,-0.3398483,-0.033103455,0.6291679,-0.34146658,-0.009169508,0.71197873,-0.34473777
M,Cristhian,Right,0.0,0.0,0.0,0.15974876,0.12923639,-0.056250792,0.2525047,0.32351866,-0.14123926,0.2164212,0.5388276,-0.21537003,0.15701857,0.6863626,-0.29523388,0.31490272,0.2292482,-0.26092166,0.27728197,0.5685583,-0.37054443,0.23718101,0.7857562,-0.4362915,0.2007699,0.95981115,-0.47664955,0.18499507,0.15744902,-0.28299704,0.15746891,0.5455563,-0.39936292,0.12997015,0.8045421,-0.4385141,0.10592178,0.99437445,-0.463835,0.050353512,0.13005936,-0.29885915,0.023490984,0.5121172,-0.3846633,0.017011434,0.7558174,-0.3957059,0.015858144,0.92664987,-0.39724755,-0.06488739,0.14328724,-0.31698963,-0.06659995,0.4457077,-0.35478437,-0.04668,0.5929496,-0.34775516,-0.033899788,0.68982977,-0.34426323
M,Cristhian,Right,0.0,0.0,0.0,0.17277856,0.13359334,-0.04374589,0.27422512,0.32900044,-0.13180356,0.27312195,0.5412052,-0.2135412,0.25238192,0.7037816,-0.30521548,0.35846886,0.23754045,-0.2730576,0.32882887,0.57103574,-0.40151975,0.30356365,0.7797666,-0.47685534,0.28209805,0.9507727,-0.5254641,0.24309069,0.15108338,-0.31431815,0.22271173,0.5463159,-0.4453231,0.19910933,0.7958749,-0.49255228,0.1798325,0.98369724,-0.5259112,0.10835739,0.11257131,-0.34959698,0.07703668,0.4828146,-0.45699728,0.058710665,0.7202873,-0.47575533,0.056984607,0.8928645,-0.4844731,-0.018519593,0.1087686,-0.38537133,-0.027131079,0.37704659,-0.45204318,-0.020797912,0.539359,-0.45983353,-0.009275976,0.6653711,-0.46609715
M,Cristhian,Right,0.0,0.0,0.0,0.16013138,0.19840696,-0.05656593,0.25806686,0.38937828,-0.1726876,0.28985375,0.56254625,-0.2815419,0.30159977,0.7166931,-0.402547,0.42153463,0.22199145,-0.33379593,0.407936,0.5733683,-0.49938768,0.37522852,0.7838358,-0.5947754,0.3430167,0.9393293,-0.6542423,0.31910676,0.11283924,-0.386947,0.31514433,0.53158784,-0.55801153,0.2853309,0.7844865,-0.6214076,0.26114225,0.9646297,-0.6643584,0.18275274,0.06285009,-0.43387634,0.1779592,0.44994494,-0.58334893,0.15893427,0.69780946,-0.61069894,0.15864724,0.8680309,-0.6237495,0.05030733,0.05084423,-0.47969922,0.043717824,0.33421105,-0.57594,0.033910625,0.4941119,-0.58305275,0.033371642,0.6038454,-0.58790535
M,Cristhian,Right,0.0,0.0,0.0,0.07269926,0.2511005,-0.023930626,0.1384767,0.39031395,-0.08279811,0.1689018,0.491032,-0.14604916,0.14722385,0.5505489,-0.21387477,0.4436648,0.26236278,-0.099457,0.4297138,0.55409324,-0.18169756,0.43370402,0.74771535,-0.25674024,0.43315163,0.90053445,-0.31107873,0.40813583,0.19405355,-0.14051402,0.4115213,0.5422835,-0.21231487,0.41847268,0.7536116,-0.26654428,0.42396727,0.9056775,-0.30877727,0.31592312,0.15595675,-0.18096657,0.3291211,0.49216005,-0.25309533,0.33308464,0.6919608,-0.28276882,0.35195845,0.82147884,-0.30332437,0.20598228,0.14915702,-0.2226371,0.1924538,0.41853535,-0.26670265,0.14751545,0.48450062,-0.2596157,0.11443979,0.48888803,-0.25532982
M,Cristhian,Right,0.0,0.0,0.0,0.05928069,0.27020603,0.013491146,0.114381656,0.41017032,-0.032126926,0.13847134,0.518076,-0.09613421,0.17620039,0.56631935,-0.16335444,0.3948707,0.2927633,-0.059900306,0.42216882,0.5585725,-0.14777902,0.4466425,0.7364636,-0.2209641,0.45676064,0.87913066,-0.27286795,0.38602632,0.2335481,-0.12563004,0.40333918,0.54160035,-0.22134086,0.41294912,0.7558871,-0.28528246,0.41866377,0.9081413,-0.33264193,0.33334628,0.18809742,-0.18928222,0.30847114,0.4674088,-0.27654788,0.23046066,0.5377544,-0.28042477,0.18212022,0.54586357,-0.27690247,0.2506576,0.16810511,-0.25380713,0.25495017,0.39163858,-0.31345445,0.18568225,0.44968736,-0.29783326,0.12699224,0.44831342,-0.28103486
M,Cristhian,Right,0.0,0.0,0.0,0.06718831,0.23765153,-0.009962765,0.12582198,0.37872592,-0.05398408,0.15808736,0.48374662,-0.10387069,0.1710997,0.5512508,-0.15613577,0.4310896,0.25034654,-0.06601512,0.43664134,0.5354416,-0.1343877,0.45114523,0.71958005,-0.19655696,0.46085495,0.8648725,-0.23944683,0.40707475,0.19344161,-0.108084194,0.4326908,0.53452975,-0.16063327,0.4480841,0.7375434,-0.19996513,0.45829636,0.8887994,-0.23011695,0.32699034,0.16022046,-0.15054066,0.35844678,0.4896906,-0.21110275,0.36274248,0.6871496,-0.23486234,0.3731478,0.8186701,-0.24926971,0.21822502,0.15444322,-0.19303502,0.22075643,0.41081333,-0.22932577,0.1823931,0.49106187,-0.2191789,0.14608945,0.5120784,-0.21075332
M,Cristhian,Right,0.0,0.0,0.0,0.21777053,0.11017912,-0.013030009,0.3664318,0.27068236,-0.10253859,0.443688,0.4252651,-0.19078949,0.48142743,0.57631195,-0.2919203,0.4750428,0.16465661,-0.2975917,0.49534136,0.49209994,-0.44862005,0.47198614,0.7123416,-0.53001803,0.44233245,0.8785265,-0.5802697,0.3614062,0.09895457,-0.3647013,0.39274174,0.49880472,-0.5147696,0.38896137,0.7441069,-0.568584,0.3810066,0.9245723,-0.61008555,0.22158113,0.07909429,-0.42150292,0.25258854,0.4504008,-0.5571614,0.25368464,0.6932432,-0.58767647,0.2636341,0.8725144,-0.60643345,0.08383167,0.088801004,-0.47327867,0.1050573,0.34326816,-0.5691735,0.11005477,0.50970113,-0.5842161,0.12125373,0.6428578,-0.59465563
M,Cristhian,Right,0.0,0.0,0.0,0.19730939,0.120867565,-0.056795098,0.3096328,0.28728712,-0.1685715,0.32026199,0.4837874,-0.26911974,0.31605008,0.63553923,-0.37991843,0.38001207,0.16171242,-0.35122612,0.38317508,0.49714205,-0.50094867,0.3808603,0.7169747,-0.58826345,0.3825981,0.8921225,-0.6448261,0.24570498,0.08567254,-0.39086372,0.25480694,0.49619505,-0.5637079,0.26226074,0.769167,-0.6296748,0.26681617,0.96374744,-0.6727696,0.0973369,0.07637775,-0.41839403,0.10675156,0.4668487,-0.55484295,0.12504368,0.723552,-0.5783774,0.14607002,0.89055,-0.5861506,-0.026128296,0.10088339,-0.44495848,-0.0079760775,0.38342664,-0.5237949,0.02581424,0.55601937,-0.5293765,0.05705235,0.6793391,-0.5331258
M,Cristhian,Right,0.0,0.0,0.0,0.18877484,0.0901784,-0.08190418,0.30473956,0.27277628,-0.18414485,0.29300043,0.5140865,-0.2715616,0.24782531,0.6897003,-0.36563557,0.2827503,0.0911938,-0.3168624,0.30021393,0.45692182,-0.4344131,0.30591282,0.71194154,-0.50756794,0.30144837,0.92177147,-0.55415916,0.11738848,0.047892217,-0.33025894,0.14053135,0.47378558,-0.45604715,0.16605264,0.768012,-0.49684823,0.17970048,0.9837214,-0.5271482,-0.03240842,0.07599411,-0.33623153,0.0005791587,0.49812883,-0.43053168,0.046741623,0.7632452,-0.43533808,0.06979354,0.9286098,-0.43313104,-0.14446175,0.14035748,-0.34703818,-0.08684291,0.4726781,-0.3911979,-0.025948016,0.6248434,-0.37959695,0.008044331,0.7119633,-0.374279
M,Cristhian,Right,0.0,0.0,0.0,0.14978212,0.073491514,-0.088022426,0.26197913,0.2786897,-0.18586503,0.24702165,0.51617295,-0.2554499,0.20250227,0.6786127,-0.32702774,0.23319837,0.096292704,-0.3611562,0.24860537,0.47295058,-0.4746076,0.24788937,0.7321168,-0.5242418,0.23622757,0.9380303,-0.5489787,0.09974241,0.08212988,-0.35700083,0.12715344,0.4874078,-0.4756134,0.15162452,0.77305186,-0.5064235,0.16223823,0.9867516,-0.526834,-0.016264189,0.11753763,-0.34063905,0.022026261,0.5309492,-0.42595783,0.07564242,0.8018007,-0.44501656,0.11009186,0.9893754,-0.45356303,-0.100927584,0.18655305,-0.32472426,-0.051379927,0.5166155,-0.37717333,0.009138792,0.72385544,-0.39084154,0.049345005,0.8894957,-0.40054953
M,Cristhian,Right,0.0,0.0,0.0,0.14699301,0.08162509,-0.13440228,0.23053087,0.3013505,-0.21686542,0.2220534,0.5092287,-0.2565356,0.19438471,0.6560446,-0.29177067,0.09333493,0.1402218,-0.3655402,0.12961867,0.53309757,-0.46095347,0.15017073,0.7624639,-0.48336846,0.15627699,0.93574244,-0.49051654,-0.041306484,0.17871433,-0.3238553,0.004838426,0.58154184,-0.41667762,0.041331235,0.8259826,-0.42981043,0.059242897,0.9982436,-0.43460304,-0.13165927,0.24443497,-0.27463278,-0.06785868,0.5968082,-0.34874967,-0.031377994,0.821362,-0.36145025,-0.0065597906,0.9817521,-0.36407414,-0.17933723,0.3291716,-0.22890864,-0.11464788,0.59150684,-0.29577443,-0.07748902,0.7554098,-0.31360564,-0.05201097,0.88066375,-0.31863666
M,Cristhian,Right,0.0,0.0,0.0,0.14333656,0.13218433,-0.18068217,0.15984152,0.355828,-0.28112444,0.09422532,0.5510343,-0.3271646,0.038311813,0.6704432,-0.36796194,-0.049142696,0.18162291,-0.4171304,-0.034360558,0.55136234,-0.51814115,-0.028059091,0.7530574,-0.5496599,-0.031318042,0.9130877,-0.5660981,-0.17380786,0.21689555,-0.34146714,-0.1575722,0.618486,-0.44138587,-0.12933485,0.8379062,-0.45203167,-0.10342,0.9946378,-0.4579927,-0.24433455,0.27679944,-0.25900903,-0.190893,0.6278196,-0.33426198,-0.15083675,0.83549106,-0.33531246,-0.12119692,0.9801927,-0.33438915,-0.26754776,0.35158253,-0.18508062,-0.21720856,0.6004523,-0.24626118,-0.16531529,0.7414204,-0.259569,-0.13399146,0.84165525,-0.26516032
M,Cristhian,Right,0.0,0.0,0.0,0.0833961,0.12882033,-0.1583814,0.10168561,0.35431147,-0.24934015,0.065250516,0.558078,-0.3004441,0.0116347475,0.6844748,-0.34440643,-0.14845963,0.15548216,-0.29415357,-0.16547339,0.5155241,-0.39036405,-0.15450166,0.7463278,-0.44567603,-0.14182153,0.91555816,-0.47885618,-0.24462533,0.16681685,-0.23954381,-0.24507527,0.5614665,-0.3178703,-0.22257985,0.8028653,-0.34333673,-0.1961117,0.9805816,-0.36441785,-0.28898528,0.21653366,-0.18573463,-0.27035365,0.5684152,-0.24757846,-0.24255104,0.75253963,-0.24616022,-0.21671735,0.8858239,-0.24625652,-0.2965153,0.27782893,-0.1419198,-0.27516255,0.5454842,-0.19866668,-0.23633657,0.6875128,-0.20059946,-0.21133871,0.7868576,-0.19569422
M,Cristhian,Right,0.0,0.0,0.0,0.077990524,0.14814961,-0.16876577,0.069650665,0.41663873,-0.26735714,0.005910558,0.6284051,-0.31965166,-0.07708949,0.7368379,-0.36704475,-0.14274354,0.16935039,-0.3472423,-0.20700866,0.5405015,-0.44541398,-0.23205864,0.7639751,-0.49358672,-0.2441608,0.94579947,-0.52252746,-0.24532036,0.14928418,-0.2835093,-0.2962426,0.5335841,-0.37508947,-0.29774705,0.7722038,-0.40308627,-0.28516418,0.9584787,-0.42470846,-0.30210444,0.18062103,-0.21622416,-0.32232895,0.5306516,-0.28834763,-0.324395,0.72879064,-0.29698378,-0.31996363,0.87883216,-0.30455256,-0.32882136,0.23172416,-0.1568284,-0.3375551,0.49212584,-0.22033693,-0.31881592,0.63050056,-0.22869892,-0.3062067,0.72667676,-0.22961617
M,Cristhian,Left,0.0,0.0,0.0,-0.21633735,-0.052290745,-0.056622896,-0.38694847,0.04323918,-0.14042774,-0.4775911,0.24175897,-0.2127847,-0.49189603,0.43061247,-0.30041143,-0.4232176,-0.15604709,-0.27037215,-0.5001812,0.23411602,-0.38367358,-0.5349099,0.512731,-0.43711323,-0.552657,0.73849165,-0.4674056,-0.27739495,-0.12204683,-0.30169672,-0.36166704,0.30917758,-0.4196329,-0.4150438,0.6406114,-0.46702957,-0.44710815,0.89447993,-0.50661284,-0.12746291,-0.013853128,-0.3237574,-0.21277435,0.4233017,-0.4390066,-0.28880817,0.69906193,-0.46031576,-0.33162743,0.8745891,-0.47082636,0.0064878818,0.1378206,-0.34187487,-0.08640224,0.4809006,-0.43900496,-0.176671,0.6642404,-0.45026848,-0.24051537,0.7811698,-0.45219228
M,Cristhian,Right,0.0,0.0,0.0,-0.015462595,0.09293891,-0.10395575,-0.044501502,0.30831936,-0.17567691,-0.08718442,0.5147688,-0.2190313,-0.12466086,0.6601644,-0.26511753,0.0070930137,0.07892789,-0.3250939,-0.05038559,0.48255244,-0.43100417,-0.09534117,0.75161713,-0.47077116,-0.1239406,0.9571188,-0.49086267,-0.023540394,0.056054894,-0.31206265,-0.08125267,0.47349393,-0.42021158,-0.11462974,0.76824635,-0.45408812,-0.14001939,0.9901488,-0.4746124,-0.052127052,0.06968381,-0.29215893,-0.09327535,0.45104507,-0.38655478,-0.112854,0.73738736,-0.414987,-0.12734231,0.9667214,-0.42684445,-0.08086972,0.12267717,-0.27299574,-0.102398135,0.40801543,-0.36259085,-0.12016192,0.6288018,-0.39325824,-0.13273695,0.8119342,-0.4062127
M,Cristhian,Right,0.0,0.0,0.0,0.07861458,0.111497715,-0.15015772,0.07165015,0.3382649,-0.24031846,0.011122799,0.5575596,-0.2881289,-0.030271059,0.70155567,-0.3337928,0.01694294,0.13008894,-0.3851787,-0.008090651,0.5316698,-0.49603257,-0.027127212,0.7901507,-0.53650266,-0.04747146,0.9879873,-0.55470276,-0.07312099,0.120359465,-0.34052065,-0.09829863,0.49983114,-0.44796556,-0.10608421,0.7862937,-0.4731887,-0.1158425,0.9932676,-0.48560274,-0.15279397,0.14589491,-0.29012102,-0.1735456,0.4910296,-0.37491217,-0.1724444,0.73841727,-0.3910444,-0.16083689,0.9121787,-0.39316565,-0.21629487,0.20498902,-0.24574867,-0.22867812,0.46998224,-0.31993023,-0.2211705,0.65875375,-0.33960065,-0.20888597,0.79862785,-0.34359184
M,Cristhian,Right,0.0,0.0,0.0,0.07943114,0.1162037,-0.10428115,0.13250099,0.29732862,-0.20859154,0.144382,0.47953078,-0.28688043,0.1390211,0.6305156,-0.37279555,0.083019644,0.10069109,-0.36539575,0.03836653,0.48623228,-0.48933506,0.016124686,0.747993,-0.54242665,0.005272557,0.94686794,-0.57043594,-0.046009693,0.054431785,-0.34996635,-0.05435756,0.49995968,-0.47171205,-0.05149895,0.78814495,-0.5147797,-0.04853199,0.9988216,-0.54894006,-0.16141388,0.059313737,-0.3230074,-0.1706725,0.48104757,-0.4361425,-0.150914,0.7457766,-0.46876904,-0.11754867,0.93020517,-0.4858894,-0.25982097,0.09395805,-0.2942037,-0.2567949,0.43042246,-0.37423652,-0.21869378,0.62628174,-0.38726696,-0.17468965,0.75886834,-0.3942927
M,Cristhian,Right,0.0,0.0,0.0,0.19837818,0.055435773,-0.17591132,0.3064322,0.24116096,-0.3458178,0.2579735,0.47298717,-0.4902896,0.17425863,0.6935547,-0.64511555,0.23315492,0.008103686,-0.4477167,0.19956404,0.46779424,-0.68484294,0.18689716,0.7658946,-0.8300649,0.19616659,0.98057055,-0.90241253,0.011887485,-0.0037683982,-0.43238857,0.011452358,0.4587331,-0.62613267,0.016329514,0.78940535,-0.679195,0.025975872,0.9976165,-0.7037572,-0.17499004,0.05631074,-0.41845086,-0.16943999,0.50861776,-0.57642156,-0.12027303,0.75577927,-0.56739855,-0.072945125,0.8881767,-0.54341847,-0.3190981,0.1513581,-0.415845,-0.3195404,0.50380397,-0.5123578,-0.25241518,0.6682709,-0.48982513,-0.18589027,0.748823,-0.46039093
M,Cristhian,Left,0.0,0.0,0.0,-0.13432421,0.06318308,-0.15129733,-0.21071094,0.22251782,-0.30140767,-0.21432395,0.45591164,-0.42819953,-0.17363673,0.6630422,-0.5569514,-0.28600654,0.0663354,-0.43029916,-0.2924103,0.484688,-0.60497737,-0.26141655,0.7167102,-0.6932976,-0.23337221,0.9095753,-0.74605554,-0.15400499,0.05234173,-0.42489743,-0.15244593,0.51992387,-0.5944061,-0.14125213,0.7934759,-0.6293413,-0.12558058,0.99208343,-0.65603894,-0.012961694,0.091216676,-0.41912916,-0.0136253275,0.5510996,-0.5567424,-0.014176124,0.7774397,-0.565915,-0.02126903,0.92580014,-0.56806433,0.12461158,0.1711083,-0.4246216,0.11244484,0.5312583,-0.51342875,0.08630267,0.70066583,-0.52567774,0.061517462,0.81366414,-0.5350016
M,Cristhian,Right,0.0,0.0,0.0,0.111126825,0.15472838,-0.1642892,0.14791954,0.32273918,-0.33745217,0.08814193,0.5206778,-0.4784597,0.042619556,0.65058476,-0.62559575,0.14158976,0.09566466,-0.49499726,0.07165055,0.50389916,-0.67414796,0.035447992,0.769204,-0.7817636,0.0024111716,0.974693,-0.8540696,0.018442959,0.02359014,-0.4859311,-0.046750866,0.4774507,-0.6893305,-0.071309544,0.77219397,-0.7747585,-0.08562503,0.99632746,-0.8413114,-0.10685954,0.016667133,-0.46600133,-0.15925276,0.4651893,-0.6238366,-0.14621982,0.739663,-0.65778846,-0.14692587,0.9379156,-0.67840964,-0.21391283,0.05146635,-0.45237356,-0.23529099,0.42269447,-0.54920775,-0.19482562,0.6437476,-0.56998104,-0.16941008,0.8054849,-0.591283
M,Cristhian,Right,0.0,0.0,0.0,0.16443357,0.13512594,-0.11800111,0.2294073,0.32625067,-0.24607769,0.15515693,0.5301695,-0.3472811,0.09004035,0.65510106,-0.45277762,0.21696477,0.1321256,-0.39535987,0.18602102,0.5234143,-0.52466094,0.15462203,0.778457,-0.59321845,0.120900124,0.96741885,-0.6351966,0.05492016,0.05278672,-0.39161804,0.005541704,0.5152936,-0.53908443,-0.0026673116,0.80105543,-0.5855282,-0.009495071,0.99995494,-0.61781156,-0.09569995,0.03376489,-0.3784411,-0.13449085,0.49322385,-0.4813205,-0.106340714,0.77196646,-0.49518263,-0.07816731,0.9433369,-0.5023272,-0.2045894,0.06272103,-0.37046626,-0.2301571,0.41103917,-0.42563304,-0.1752079,0.5872421,-0.4283275,-0.1296901,0.68880117,-0.43468088
M,Cristhian,Left,0.0,0.0,0.0,-0.25188765,0.082502425,-0.061757833,-0.45572972,0.23359036,-0.1384327,-0.5676582,0.46649492,-0.20976405,-0.61281043,0.683488,-0.2882281,-0.62822825,-0.2539231,-0.17878182,-0.69267046,0.2123566,-0.29341933,-0.6648711,0.5313484,-0.35746345,-0.64246917,0.70528233,-0.3874722,-0.4626445,-0.310819,-0.20879498,-0.5354165,0.27639434,-0.2936396,-0.548168,0.6334567,-0.33162603,-0.5553455,0.83161974,-0.3582651,-0.28121713,-0.26856872,-0.23872066,-0.35891545,0.32993308,-0.32534546,-0.37870932,0.6511104,-0.33864173,-0.39021632,0.80100507,-0.34202233,-0.097180724,-0.16824748,-0.27069104,-0.17988546,0.31745332,-0.34946096,-0.22963318,0.55931926,-0.34448725,-0.25695586,0.6770482,-0.3256138
M,Cristhian,Left,0.0,0.0,0.0,-0.17349558,0.08907426,-0.052506134,-0.31258112,0.2541156,-0.13051204,-0.37542284,0.46163228,-0.1965565,-0.38969696,0.6450815,-0.2750356,-0.38415042,0.02463793,-0.2805677,-0.42672625,0.42602926,-0.3779406,-0.41261405,0.69176716,-0.4191059,-0.38549393,0.88890666,-0.4455548,-0.25852314,-0.019496705,-0.3117345,-0.29942858,0.42193255,-0.40754104,-0.28742978,0.7437752,-0.44477823,-0.26659232,0.9638094,-0.48668984,-0.11450029,-0.0040479098,-0.3327471,-0.14998432,0.42730993,-0.42552218,-0.15443914,0.714273,-0.44662738,-0.14225768,0.87651426,-0.47085544,0.024994504,0.05642777,-0.35085282,-0.013858557,0.39500263,-0.44897527,-0.045641173,0.6165879,-0.47007737,-0.05740341,0.7474123,-0.4854638
M,Cristhian,Right,0.0,0.0,0.0,0.2414449,0.084613785,-0.10081874,0.3812979,0.21122786,-0.22911783,0.40848216,0.38239715,-0.348166,0.37610665,0.51893246,-0.47367403,0.45363945,-0.039465867,-0.3258136,0.42884317,0.40893486,-0.51217914,0.38400218,0.7075271,-0.6230614,0.37248096,0.91484314,-0.6865063,0.2862271,-0.09567737,-0.3536516,0.28328213,0.3956065,-0.5303283,0.2887358,0.72504544,-0.5772434,0.31276685,0.94982994,-0.60447156,0.118762,-0.091270044,-0.38470694,0.12814127,0.38962135,-0.5438291,0.1633031,0.69093585,-0.5530616,0.19962317,0.8868444,-0.54086053,-0.023796955,-0.0403058,-0.42176506,-0.0072072856,0.3281899,-0.5171023,0.0332285,0.53415126,-0.5126722,0.076788105,0.6700225,-0.5000361
M,Cristhian,Right,0.0,0.0,0.0,0.15706117,0.12077387,-0.10954817,0.24832115,0.31201285,-0.23796,0.21500684,0.5259826,-0.33984628,0.17237954,0.6697783,-0.44508833,0.2785334,0.15829816,-0.41044733,0.28495783,0.5308472,-0.5492677,0.26106107,0.7652923,-0.6191524,0.23315935,0.93760216,-0.6597922,0.14671229,0.08973025,-0.41361228,0.14017765,0.5257852,-0.5683586,0.13723806,0.8045451,-0.61370504,0.12745537,0.9918443,-0.6416465,0.008610332,0.09222989,-0.40706277,0.013894437,0.51836896,-0.51683766,0.040061668,0.7807535,-0.5333636,0.061314486,0.9432898,-0.54034615,-0.09775009,0.14751059,-0.40492886,-0.08070342,0.483332,-0.46668902,-0.027133543,0.6451897,-0.4745609,0.013604441,0.7453714,-0.4824299
M,Cristhian,Right,0.0,0.0,0.0,0.15686232,0.1167948,-0.083168596,0.25241467,0.317286,-0.18520068,0.22864376,0.5262284,-0.26737186,0.18985708,0.66229725,-0.3547575,0.28429148,0.18888588,-0.34756738,0.2786437,0.55555385,-0.47045615,0.25537795,0.7806629,-0.53155965,0.23657641,0.9477631,-0.56569165,0.14390203,0.13093255,-0.35930097,0.13812752,0.5382765,-0.494641,0.13573037,0.80648655,-0.53887665,0.13241076,0.9911949,-0.5667112,0.004478609,0.12551664,-0.36164072,0.000974044,0.53106844,-0.46135044,0.025794627,0.7896626,-0.48635587,0.050545935,0.95617604,-0.4984123,-0.10743874,0.16736437,-0.36583805,-0.08465281,0.49734193,-0.42298704,-0.03181574,0.6675293,-0.4359429,0.0074873096,0.77714276,-0.44654563
M,Cristhian,Right,0.0,0.0,0.0,0.16001877,0.11381565,-0.10361358,0.24761489,0.31263146,-0.22941546,0.20823127,0.52355945,-0.32977313,0.14993994,0.6716074,-0.43624333,0.27245608,0.17903602,-0.40865397,0.27010158,0.5462642,-0.54795337,0.24108289,0.7799095,-0.6191193,0.20723692,0.95601827,-0.66128266,0.13101536,0.13007611,-0.41353002,0.12114674,0.5304569,-0.5729184,0.11652595,0.80453295,-0.62530386,0.1084073,0.9941066,-0.65888065,-0.009003867,0.13267338,-0.40713796,-0.012940512,0.5258137,-0.52275205,0.012370605,0.7837935,-0.5503201,0.033248555,0.9499519,-0.5641826,-0.1187361,0.17788576,-0.40309772,-0.09546077,0.48846447,-0.4675594,-0.043583173,0.65068424,-0.48182532,-0.0046775136,0.7599798,-0.49483964
M,Cristhian,Right,0.0,0.0,0.0,0.15221706,0.12743941,-0.023476312,0.21837126,0.3271615,-0.07602293,0.18187355,0.5118336,-0.117245175,0.1350486,0.63290155,-0.1605493,0.2505396,0.30233482,-0.2143718,0.21796492,0.63490915,-0.28480616,0.18857527,0.8165285,-0.31357276,0.17047806,0.9537791,-0.3264952,0.12617706,0.25085005,-0.23082165,0.10696928,0.60807174,-0.31811383,0.0921941,0.83464694,-0.34659278,0.08597191,0.99629754,-0.36220792,0.0048026666,0.23378138,-0.23401994,-0.014929197,0.57950574,-0.29831782,-0.010116394,0.79554033,-0.31076545,0.005635988,0.93625593,-0.31186512,-0.09288968,0.25229475,-0.2334955,-0.07539365,0.53995925,-0.2570871,-0.038712062,0.64949054,-0.24465348,-0.008245419,0.7104027,-0.23450574
M,Cristhian,Right,0.0,0.0,0.0,0.1549671,0.12313735,-0.015659772,0.20742999,0.33707088,-0.05106023,0.16498123,0.53228486,-0.07355951,0.11961759,0.65561074,-0.09783711,0.22629268,0.31811082,-0.17723358,0.18470672,0.6424207,-0.22473674,0.15466633,0.8225695,-0.23669975,0.13253316,0.9538868,-0.23897891,0.09039889,0.28852674,-0.18774407,0.0740279,0.63340884,-0.2397161,0.060105544,0.84702367,-0.25277424,0.05143899,0.9986761,-0.26223814,-0.028710978,0.28477833,-0.18614735,-0.037809994,0.60678786,-0.22486888,-0.028128179,0.8054319,-0.23632218,-0.018216044,0.9392743,-0.24297217,-0.11822337,0.3072191,-0.18032485,-0.08013321,0.54456395,-0.19708176,-0.033777036,0.63172936,-0.19063261,-0.0034234999,0.68529963,-0.1859347
M,Cristhian,Right,0.0,0.0,0.0,0.15344335,0.12552752,-0.023519732,0.20644517,0.3416057,-0.06425511,0.16579437,0.5363937,-0.09230007,0.11474339,0.6643073,-0.12143494,0.2286233,0.311443,-0.1891982,0.19597891,0.6357476,-0.2441572,0.16550025,0.8151327,-0.26020443,0.14154272,0.94803494,-0.26540795,0.09710561,0.2691324,-0.20234177,0.084178425,0.62262857,-0.2665765,0.06776975,0.84357965,-0.2876805,0.05855674,0.9982841,-0.30185777,-0.022807563,0.2599606,-0.20401722,-0.035006758,0.59636366,-0.2551871,-0.030091707,0.7961798,-0.2723602,-0.01980214,0.92896396,-0.2809561,-0.116935425,0.28110647,-0.20187432,-0.08504916,0.54458034,-0.22760606,-0.04104002,0.6313392,-0.22320151,-0.006654255,0.67562073,-0.21929139
M,Cristhian,Left,0.0,0.0,0.0,-0.09627195,0.08362392,-0.15475138,-0.1668248,0.24187219,-0.32062444,-0.19996831,0.45322883,-0.46131766,-0.18736751,0.62834394,-0.60592395,-0.21789667,0.046534304,-0.46280658,-0.24987493,0.4702481,-0.6608987,-0.2384923,0.71264136,-0.7658226,-0.22851989,0.91468006,-0.830415,-0.11930525,0.004877885,-0.46490973,-0.14364465,0.5013074,-0.66517663,-0.15579529,0.7801161,-0.71651524,-0.16490972,0.9863087,-0.7515594,-0.02535176,0.03052498,-0.4656235,-0.056115072,0.51957786,-0.6304965,-0.076219134,0.7721638,-0.6451632,-0.090529755,0.94997376,-0.64620054,0.058463942,0.11763601,-0.47573233,0.019963728,0.50496984,-0.5823323,-0.014999252,0.7110532,-0.59675664,-0.040259246,0.8576053,-0.606411
M,Cristhian,Right,0.0,0.0,0.0,0.17403573,0.1299547,-0.11374065,0.25848958,0.32680586,-0.24306093,0.22045872,0.5034905,-0.34201962,0.1703916,0.6315691,-0.44208673,0.28351855,0.12929131,-0.43124267,0.22006306,0.5486273,-0.56765974,0.17835921,0.78263414,-0.6275337,0.14688776,0.96153563,-0.65944844,0.09704953,0.05966966,-0.42730418,0.06334141,0.5015102,-0.58644855,0.050930876,0.79347974,-0.6354328,0.045832437,0.99894917,-0.6669408,-0.06592318,0.05822616,-0.40873244,-0.08751197,0.49211738,-0.5239386,-0.068331376,0.76229095,-0.5416422,-0.043137666,0.9346836,-0.54758495,-0.18345216,0.12245044,-0.39211348,-0.16311932,0.45245045,-0.4542769,-0.107027896,0.6151316,-0.4578949,-0.056819294,0.7167185,-0.4619161
M,Cristhian,Right,0.0,0.0,0.0,0.13723925,0.13055567,-0.09120907,0.21338324,0.35119513,-0.19180118,0.15153366,0.5721695,-0.2692436,0.07910558,0.7087417,-0.34911576,0.20094708,0.113457374,-0.33188245,0.18487757,0.49605754,-0.438469,0.15975803,0.75637716,-0.49166524,0.1287012,0.9552929,-0.5220184,0.061473906,0.058514196,-0.33130234,0.02819568,0.5027978,-0.45236543,0.020516532,0.7897793,-0.48501375,0.016524892,0.99986345,-0.5067907,-0.059927035,0.062495887,-0.3214101,-0.07308419,0.52501607,-0.40988928,-0.04739562,0.8030893,-0.42078367,-0.029622465,0.98787844,-0.4232634,-0.15200515,0.11148726,-0.31427088,-0.13858114,0.46996632,-0.35957012,-0.09610875,0.660374,-0.35829484,-0.066036075,0.79408485,-0.3600709
M,Cristhian,Right,0.0,0.0,0.0,0.16381475,0.11506169,-0.05741482,0.24480294,0.32473505,-0.13291585,0.2144882,0.5201404,-0.18929403,0.16942632,0.6501355,-0.24851932,0.25961888,0.23712666,-0.2831877,0.22468677,0.57724863,-0.37028965,0.19415994,0.78516954,-0.40903986,0.16580479,0.94752,-0.42905828,0.1066479,0.19596793,-0.28910533,0.08656579,0.55958927,-0.39289364,0.077818274,0.81446093,-0.43006292,0.07175126,0.9974226,-0.4546025,-0.02856385,0.19213124,-0.28195164,-0.045953237,0.5580869,-0.3600662,-0.02835235,0.80248094,-0.38489205,-0.008279955,0.95887005,-0.39644736,-0.12505683,0.23174287,-0.27300972,-0.093694314,0.5289491,-0.31390056,-0.041000307,0.68140686,-0.320968,-0.0005587933,0.7788067,-0.326388
M,Cristhian,Right,0.0,0.0,0.0,0.18149655,0.074425206,-0.1281449,0.25460216,0.28815454,-0.20492971,0.20579782,0.5089358,-0.23857307,0.13404305,0.631957,-0.26598436,0.09486861,0.18860404,-0.34930378,0.13302016,0.5885407,-0.41314822,0.1522976,0.79772776,-0.4089346,0.15888622,0.9477768,-0.39907807,-0.049410053,0.22604905,-0.30019355,0.0029768085,0.6385294,-0.36561996,0.03795476,0.85262555,-0.3569939,0.05978095,0.9982115,-0.34805056,-0.14691848,0.28537703,-0.24122427,-0.06064752,0.6354932,-0.2918039,-0.003980986,0.8030133,-0.28430215,0.031646438,0.8994542,-0.2761287,-0.19916196,0.35582444,-0.1863824,-0.10863877,0.58775914,-0.23470238,-0.0371719,0.68525153,-0.2382542,0.005933113,0.7374438,-0.23439105
M,Cristhian,Right,0.0,0.0,0.0,0.14545812,0.123196766,-0.15698622,0.18453443,0.3595076,-0.24551404,0.13115945,0.56436986,-0.28576103,0.0640632,0.6612451,-0.31922856,-0.028143032,0.20602652,-0.3672577,0.003626217,0.5659698,-0.457562,0.027377851,0.7668622,-0.48271593,0.041949958,0.9174646,-0.49499732,-0.15165545,0.24329865,-0.30205926,-0.10861428,0.6335309,-0.39115375,-0.06563934,0.84886485,-0.39701998,-0.03274958,0.9994636,-0.39931446,-0.21869403,0.29894105,-0.2305954,-0.13972476,0.6409391,-0.2967905,-0.083199635,0.8284028,-0.28852415,-0.044748433,0.95491964,-0.2807212,-0.23512827,0.36213836,-0.1670872,-0.16107099,0.6015246,-0.22008328,-0.10082738,0.72786224,-0.22583298,-0.064542934,0.8132277,-0.22552268
M,Cristhian,Right,0.0,0.0,0.0,0.169541,0.07557216,-0.08986713,0.28309572,0.26602536,-0.18874949,0.26791522,0.4722531,-0.2579679,0.22146864,0.6258476,-0.33055976,0.24420677,0.08287538,-0.3740819,0.25877762,0.44913933,-0.4888061,0.25813708,0.71391016,-0.5425225,0.24540767,0.92457706,-0.5707319,0.080686234,0.06902374,-0.36815897,0.10287646,0.48150074,-0.4876131,0.12229872,0.77613556,-0.52789706,0.13335653,0.9907912,-0.5576153,-0.058917616,0.10825836,-0.34720784,-0.030997595,0.5388737,-0.43513244,0.02166647,0.81770545,-0.46206102,0.058046166,0.9983139,-0.47756988,-0.1575817,0.18231426,-0.32539615,-0.10848495,0.5264355,-0.37769827,-0.045090698,0.73190933,-0.39245623,-0.0012919302,0.8825628,-0.40529513
M,Cristhian,Right,0.0,0.0,0.0,0.2078911,0.08980857,-0.07044399,0.3228278,0.25482586,-0.18240565,0.30805275,0.47290125,-0.27953333,0.2692919,0.6342361,-0.38460875,0.3426899,0.108008794,-0.3481868,0.34212264,0.45583874,-0.49037465,0.3347705,0.69499457,-0.5782756,0.3296367,0.88503176,-0.63407606,0.19076726,0.053061035,-0.37299442,0.20259576,0.47063363,-0.53117037,0.21548648,0.76359063,-0.59252363,0.2244655,0.97448206,-0.6327174,0.03963014,0.06496408,-0.38622728,0.06343751,0.45832676,-0.5013585,0.095039725,0.7287511,-0.5179718,0.11727456,0.90496475,-0.5213888,-0.07850566,0.11447185,-0.401257,-0.040064618,0.4122365,-0.4578098,0.015035546,0.58704954,-0.45498523,0.054481965,0.71173775,-0.4538809
M,Cristhian,Right,0.0,0.0,0.0,0.19263126,0.08476203,-0.033218857,0.32254896,0.24896519,-0.11114842,0.37017015,0.4269004,-0.18373561,0.40886408,0.54203594,-0.26723635,0.41112074,0.16064647,-0.2535082,0.4167465,0.48471025,-0.3784257,0.41936612,0.6975284,-0.4549861,0.42391226,0.8719949,-0.50226766,0.29025328,0.09460979,-0.29694566,0.31661695,0.48274672,-0.41979396,0.32685626,0.7431276,-0.46777853,0.33670834,0.94160897,-0.50077844,0.14834233,0.080235414,-0.3334569,0.16628796,0.46188864,-0.44263288,0.17772892,0.70866734,-0.46427292,0.19839859,0.88484377,-0.4719565,0.018077528,0.09627388,-0.36819363,0.044378255,0.37174222,-0.43503723,0.064224,0.5258384,-0.43698382,0.08190291,0.6389082,-0.43669897
M,Cristhian,Right,0.0,0.0,0.0,0.21340626,0.07904667,-0.01921629,0.36500368,0.2195304,-0.096654594,0.44847557,0.3625374,-0.17338066,0.51252156,0.46754435,-0.2610873,0.4679467,0.121316396,-0.25022236,0.49699718,0.45923033,-0.38769028,0.5126272,0.67487925,-0.47108036,0.5253061,0.8450583,-0.5211439,0.34906387,0.05762399,-0.3055436,0.39707312,0.4615864,-0.43888226,0.4234167,0.7124574,-0.4919,0.44349337,0.89627767,-0.52913386,0.20477378,0.04917604,-0.3538824,0.24694389,0.43383116,-0.47890007,0.2687955,0.6815411,-0.5086508,0.29779688,0.84494275,-0.5213585,0.07321453,0.06997639,-0.3986671,0.114774615,0.36588454,-0.4786255,0.123759724,0.5092426,-0.48457345,0.13005601,0.5932275,-0.48653504
M,Cristhian,Right,0.0,0.0,0.0,0.20337695,0.09496109,-0.025001742,0.34543404,0.26668134,-0.088768624,0.41690847,0.42703813,-0.1488474,0.48259014,0.5167184,-0.21711254,0.42635396,0.18717657,-0.21775286,0.43480542,0.5166756,-0.32873255,0.43216842,0.72594607,-0.3993059,0.43604842,0.8937244,-0.44418782,0.30636644,0.117924474,-0.2569302,0.31237212,0.50955105,-0.3695916,0.31157434,0.75744826,-0.41542447,0.32241777,0.94659746,-0.45030317,0.16668542,0.09964781,-0.28974125,0.1656093,0.4969969,-0.3939909,0.17092076,0.73761195,-0.41727316,0.18539834,0.903048,-0.42733258,0.04211173,0.115519784,-0.3204724,0.06157987,0.40681297,-0.382839,0.077011265,0.52540725,-0.38596055,0.09501236,0.5950922,-0.38795322
M,Cristhian,Right,0.0,0.0,0.0,0.20348544,0.06770497,-0.025901442,0.34092322,0.22800496,-0.09449112,0.40600717,0.3823512,-0.15821803,0.4583935,0.47329527,-0.22998334,0.42685696,0.17476292,-0.23441371,0.41879475,0.5150449,-0.34810907,0.41401932,0.724412,-0.4152742,0.41568005,0.8912217,-0.45534337,0.31022394,0.09925398,-0.27413276,0.31723508,0.5004097,-0.3910525,0.32377678,0.74953264,-0.4343789,0.3357858,0.94193834,-0.46415287,0.16900991,0.07730297,-0.30600184,0.16694418,0.48004496,-0.41447067,0.17313084,0.7141395,-0.43483135,0.19174923,0.87378025,-0.4396295,0.04061806,0.08936804,-0.33514002,0.06458435,0.3974692,-0.39669278,0.07896581,0.5061385,-0.39342216,0.08990769,0.562507,-0.38906872
M,Cristhian,Right,0.0,0.0,0.0,0.20123862,0.10803068,-0.04571765,0.33151892,0.28566304,-0.122766316,0.35190728,0.49073124,-0.19237392,0.33766806,0.632274,-0.2698703,0.3707391,0.17839563,-0.24754825,0.36852196,0.48576412,-0.35698363,0.36232582,0.70361936,-0.4262334,0.36138305,0.8871302,-0.47102386,0.24111831,0.105030514,-0.2765106,0.23106024,0.4969877,-0.39023212,0.23326653,0.76310647,-0.43175146,0.2481197,0.9687294,-0.46166918,0.09990987,0.08677851,-0.29881114,0.09467443,0.47390795,-0.39217073,0.10902507,0.72855806,-0.4034076,0.1253144,0.90415287,-0.40409464,-0.024838114,0.10458073,-0.32256874,0.004921355,0.38855183,-0.36911008,0.03667718,0.5204659,-0.3607474,0.05763042,0.6045759,-0.3548969
M,Cristhian,Right,0.0,0.0,0.0,0.19117813,0.08466854,-0.10284803,0.3036831,0.24324688,-0.2270001,0.29415348,0.46480998,-0.32861412,0.2632473,0.6145086,-0.43606016,0.30774856,0.05926371,-0.3905967,0.3054464,0.4325696,-0.53829944,0.30006716,0.6979837,-0.6231306,0.29204082,0.9026699,-0.67580813,0.16046521,0.026853774,-0.39830583,0.16333768,0.47187912,-0.56139433,0.17690317,0.7675917,-0.61269146,0.19152892,0.981487,-0.647689,0.019214457,0.056049824,-0.39659497,0.034052778,0.48946023,-0.5218631,0.077958666,0.76057,-0.5298871,0.108283184,0.9511393,-0.52707446,-0.09862045,0.11793559,-0.39900836,-0.051635854,0.437539,-0.46554625,0.014207874,0.61433905,-0.46109635,0.05937895,0.7487766,-0.4582414
M,Cristhian,Left,0.0,0.0,0.0,-0.12395569,0.116685726,-0.069604985,-0.1886231,0.3455676,-0.1229869,-0.18042083,0.559655,-0.16130917,-0.12337335,0.7030886,-0.200614,-0.17933743,0.31044227,-0.18347798,-0.14583541,0.6334104,-0.26283905,-0.11325051,0.83879256,-0.29704654,-0.07581177,0.9832414,-0.3095751,-0.08634868,0.27903503,-0.17785211,-0.07020644,0.61777925,-0.24877672,-0.04749375,0.83540654,-0.27276978,-0.02454164,0.9996988,-0.28451264,0.009368494,0.27372,-0.17045976,0.01650543,0.57933235,-0.22173153,0.02795109,0.7823891,-0.22528519,0.039844733,0.9344861,-0.22286776,0.10479692,0.2884412,-0.16597064,0.11140527,0.5268961,-0.19833389,0.1099263,0.6898,-0.19465683,0.10792798,0.81485426,-0.18749978
M,Cristhian,Right,0.0,0.0,0.0,0.14463219,0.12936091,-0.050646648,0.19162469,0.34128746,-0.11794904,0.14214894,0.5325166,-0.15963103,0.08885251,0.6620625,-0.20174724,0.18653904,0.2699053,-0.29366812,0.13842292,0.6129321,-0.36621016,0.1071523,0.8079211,-0.3816221,0.080499835,0.9545679,-0.38287842,0.039171234,0.21849969,-0.28870067,0.005534781,0.6000561,-0.37660617,-0.015363407,0.83369863,-0.3904589,-0.03095685,0.9995207,-0.39633694,-0.08667426,0.20527452,-0.2665909,-0.10668345,0.5592135,-0.32564175,-0.097287364,0.76796216,-0.32510817,-0.09437499,0.9062101,-0.32024997,-0.17446414,0.2283884,-0.24076729,-0.13986208,0.49900788,-0.26437294,-0.08707001,0.6162692,-0.25040317,-0.05488745,0.6914867,-0.23996347
M,Cristhian,Right,0.0,0.0,0.0,0.15563555,0.1312278,-0.028612163,0.20839195,0.3408993,-0.07395541,0.1663629,0.5359802,-0.0999515,0.11297719,0.66236997,-0.12613477,0.18322738,0.31359825,-0.22069807,0.12899475,0.635119,-0.27906755,0.09167688,0.8200096,-0.29456633,0.06249318,0.95391095,-0.2963865,0.046383202,0.26342502,-0.22181818,0.011432189,0.6187696,-0.281484,-0.013542945,0.84183806,-0.2919764,-0.031071138,0.9995172,-0.29854208,-0.06867969,0.24961792,-0.20936377,-0.08589837,0.5751374,-0.25179535,-0.08274435,0.78283924,-0.26039305,-0.08438819,0.9250107,-0.2640058,-0.15008073,0.27009663,-0.19262937,-0.10997921,0.51949894,-0.21004604,-0.06556688,0.63106996,-0.20258608,-0.042887643,0.70758736,-0.19678451
M,Cristhian,Right,0.0,0.0,0.0,0.15593614,0.12873432,-0.028655652,0.20492852,0.34571666,-0.073441416,0.15661827,0.541019,-0.10031039,0.10307827,0.66297567,-0.12808971,0.19556165,0.31685463,-0.21624452,0.14658184,0.64332336,-0.27353585,0.10994094,0.8314763,-0.28956947,0.08069892,0.96704715,-0.29307932,0.058418475,0.268567,-0.21960688,0.028107768,0.6187368,-0.28505206,0.0035889014,0.8412641,-0.3020373,-0.012878661,0.9999171,-0.31279406,-0.057994016,0.2541573,-0.20923384,-0.078470565,0.5820759,-0.2579643,-0.07639241,0.79094696,-0.2707951,-0.0767135,0.9331372,-0.27654955,-0.13921677,0.27309045,-0.1944705,-0.101144835,0.5258232,-0.21636394,-0.05145672,0.62938774,-0.21080989,-0.023128062,0.69720626,-0.20625058
M,Cristhian,Right,0.0,0.0,0.0,0.15221249,0.12940283,-0.029955411,0.19702023,0.34313318,-0.07766019,0.14722194,0.53657323,-0.10871643,0.09325925,0.66038424,-0.14200163,0.1974783,0.3179041,-0.2192451,0.14077917,0.6465148,-0.28022274,0.097585246,0.83180153,-0.2973468,0.06593134,0.9633417,-0.29969049,0.06397826,0.26477763,-0.22439952,0.021619776,0.62231183,-0.28799796,-0.0075693955,0.84469116,-0.30048823,-0.025554802,0.9996734,-0.30723003,-0.054458216,0.24438843,-0.21699141,-0.08081033,0.5771647,-0.26053876,-0.0812726,0.7891699,-0.26694113,-0.083117284,0.93366283,-0.26843747,-0.14086808,0.25628105,-0.20639913,-0.11744954,0.52632886,-0.22503175,-0.082253546,0.66165966,-0.21713452,-0.06466474,0.75671214,-0.21014996
M,Cristhian,Right,0.0,0.0,0.0,0.14782347,0.1406735,-0.03662573,0.19586757,0.35546634,-0.08864299,0.14959665,0.55108654,-0.12078788,0.09061443,0.67691994,-0.15363088,0.18750873,0.32297423,-0.23796462,0.1257525,0.6508022,-0.3030842,0.08263751,0.8386726,-0.32051188,0.04954191,0.97450495,-0.32317466,0.05105534,0.26139185,-0.24011737,0.004060811,0.6209529,-0.30891302,-0.026728729,0.8416633,-0.3227121,-0.04424707,0.99902064,-0.329664,-0.07100863,0.2364549,-0.22853117,-0.1008121,0.5719833,-0.27975675,-0.102327116,0.78627956,-0.28830475,-0.10003191,0.93176246,-0.29028004,-0.16182931,0.24648492,-0.21296148,-0.12909962,0.51472765,-0.23745568,-0.08668438,0.64369076,-0.22904824,-0.060491618,0.7289368,-0.22083375
M,Cristhian,Right,0.0,0.0,0.0,0.13788316,0.1614495,-0.04245176,0.17455368,0.377578,-0.09973517,0.12407694,0.5648869,-0.13181135,0.06398219,0.6818248,-0.16577648,0.13632086,0.33315754,-0.26951218,0.057451803,0.6614124,-0.3299091,0.011589704,0.8425543,-0.34025133,-0.021922817,0.9754894,-0.33853573,-0.0015203091,0.26490378,-0.26218328,-0.06484269,0.6303068,-0.33010608,-0.09659297,0.8448187,-0.33816728,-0.11523239,0.9933386,-0.3410335,-0.121642046,0.22999044,-0.23696437,-0.16705751,0.5687538,-0.28152642,-0.16635843,0.7761788,-0.2805187,-0.16718188,0.9139866,-0.2773086,-0.20431887,0.22930461,-0.20704332,-0.1812869,0.49267808,-0.22103396,-0.13281965,0.6076686,-0.20151113,-0.110126905,0.67273074,-0.18679531
M,Cristhian,Right,0.0,0.0,0.0,0.14062524,0.13940613,-0.027981546,0.16975102,0.35163608,-0.07236861,0.115181416,0.53985924,-0.0970559,0.06111022,0.66661036,-0.12290755,0.18038738,0.32593548,-0.22050543,0.13972242,0.6495645,-0.27262947,0.11274852,0.82629126,-0.27858222,0.091610715,0.95386463,-0.27393347,0.04808711,0.28498408,-0.22206654,0.020958364,0.6511982,-0.27892247,0.008489624,0.8571643,-0.2851397,0.0041938,0.9999912,-0.28636348,-0.07112813,0.27078718,-0.20887694,-0.087083176,0.6027849,-0.24997513,-0.07478477,0.79569215,-0.25257692,-0.06573843,0.9300338,-0.25184718,-0.15972967,0.27810335,-0.1906063,-0.11525613,0.51709884,-0.20298734,-0.061390065,0.599707,-0.1849339,-0.031508658,0.6475722,-0.17136635
M,Cristhian,Right,0.0,0.0,0.0,0.14710146,0.118879795,-0.026375607,0.19352551,0.32863644,-0.067580916,0.15527478,0.52663517,-0.09138619,0.109884135,0.6679538,-0.11601732,0.19743016,0.3152644,-0.2058985,0.16515759,0.64876485,-0.25799215,0.13667548,0.83270746,-0.26564306,0.11474901,0.964525,-0.2615065,0.066215955,0.2886987,-0.20859411,0.046380423,0.64627415,-0.26299667,0.03183857,0.8546449,-0.26761165,0.024978153,0.99968797,-0.26810634,-0.04990455,0.28543594,-0.19867218,-0.06222906,0.6042886,-0.23589525,-0.052110307,0.7955494,-0.2380659,-0.043664988,0.92831975,-0.23745577,-0.13498807,0.2977002,-0.18478353,-0.09178794,0.5335048,-0.1958748,-0.04771815,0.6270306,-0.18097064,-0.02429998,0.6864017,-0.16945307
M,Cristhian,Right,0.0,0.0,0.0,0.14327176,0.123399965,-0.02560462,0.18516988,0.33378616,-0.068394475,0.14840737,0.52970964,-0.0939636,0.10794112,0.6628154,-0.121077575,0.19335365,0.30454746,-0.21207362,0.15211017,0.6292297,-0.26780483,0.11732721,0.81359327,-0.27927756,0.08931168,0.94652975,-0.2777412,0.059125755,0.2656992,-0.216459,0.036962736,0.6239933,-0.2730582,0.020590331,0.8446166,-0.2811357,0.01154959,0.9999333,-0.28553373,-0.057959482,0.25697246,-0.20788403,-0.07243583,0.5818686,-0.24868995,-0.06462878,0.7846655,-0.25513345,-0.057950746,0.9252452,-0.25741017,-0.14316039,0.27329707,-0.19506639,-0.10850876,0.5234769,-0.21060757,-0.06899892,0.63135046,-0.20047149,-0.04763613,0.70546764,-0.1927358
M,Cristhian,Right,0.0,0.0,0.0,0.1402036,0.116258785,-0.025322923,0.19143745,0.32260308,-0.06663153,0.16178294,0.5174565,-0.0921076,0.12072878,0.65180564,-0.11896776,0.19396645,0.30377904,-0.19892402,0.16048485,0.62305313,-0.2543521,0.12946528,0.80636543,-0.26753923,0.10483957,0.94155645,-0.26742357,0.06707903,0.2724776,-0.20390134,0.0434715,0.6258666,-0.25792816,0.02742742,0.84384894,-0.26748815,0.01897381,0.99982,-0.27282947,-0.045846004,0.2643187,-0.19702789,-0.060559798,0.58348763,-0.23560649,-0.053411726,0.783565,-0.24357432,-0.046589036,0.9216894,-0.24698128,-0.1295874,0.27715325,-0.18631177,-0.09529544,0.5242959,-0.2032929,-0.058757175,0.64260155,-0.19666882,-0.038063087,0.7257006,-0.19078825
M,Cristhian,Right,0.0,0.0,0.0,0.15206937,0.10964582,-0.01581091,0.21473387,0.31094733,-0.05373816,0.19412176,0.5039822,-0.07742285,0.16056769,0.63889194,-0.10346157,0.21642622,0.30464968,-0.1873031,0.18020155,0.6318886,-0.2363753,0.15108626,0.8163529,-0.24665652,0.13004498,0.94952714,-0.24558945,0.08784572,0.27467263,-0.19523424,0.0651145,0.6321537,-0.24468005,0.05147757,0.84762824,-0.25073728,0.04516482,0.99897957,-0.25445628,-0.025363678,0.26621774,-0.19053268,-0.041414857,0.59679246,-0.2263234,-0.031938475,0.8013522,-0.23090361,-0.022839313,0.9402315,-0.23241948,-0.109442435,0.27822298,-0.1811616,-0.072350994,0.5309799,-0.1958938,-0.03467452,0.64743775,-0.18672541,-0.012960711,0.7287579,-0.17945725
M,Cristhian,Right,0.0,0.0,0.0,0.15357113,0.10988872,-0.031014575,0.21845062,0.31652373,-0.07797272,0.20093223,0.51917624,-0.10702221,0.1676787,0.6669463,-0.1372513,0.21042651,0.29451838,-0.223427,0.17982192,0.63269436,-0.28457725,0.14752525,0.8200427,-0.29779053,0.11915793,0.95411396,-0.29672194,0.07754071,0.2640322,-0.22642572,0.06072165,0.62867683,-0.29133126,0.046550415,0.8474293,-0.30111971,0.037195273,0.999308,-0.30463853,-0.038652975,0.26073897,-0.21633336,-0.045653086,0.59332454,-0.2615211,-0.035294674,0.7957578,-0.2654334,-0.027001776,0.9330819,-0.264659,-0.1213173,0.2799657,-0.20246959,-0.0791503,0.53691673,-0.22181834,-0.040030234,0.658743,-0.212138,-0.020084823,0.74113804,-0.20314007
M,Cristhian,Right,0.0,0.0,0.0,0.14292632,0.11534544,-0.032670446,0.19379835,0.3308518,-0.07821004,0.16205236,0.53251404,-0.1068288,0.11868184,0.6705968,-0.13652101,0.19655989,0.29988232,-0.21141176,0.16223629,0.62894815,-0.26856163,0.13152026,0.81541353,-0.2802768,0.10675611,0.95182806,-0.27931374,0.06686473,0.26664332,-0.21535765,0.04488616,0.62307036,-0.2734487,0.030205743,0.8430061,-0.28223738,0.022281546,0.99975175,-0.28719547,-0.04732952,0.25792688,-0.20813724,-0.062027965,0.58854073,-0.25163502,-0.056918547,0.7928119,-0.26083112,-0.050038204,0.9316151,-0.26470125,-0.1316059,0.27374324,-0.19761653,-0.09821845,0.5340298,-0.21991,-0.06132352,0.6564601,-0.21671948,-0.037404273,0.7396146,-0.21338676
M,Cristhian,Right,0.0,0.0,0.0,0.1444843,0.12236464,-0.027439367,0.19397415,0.33748618,-0.07138157,0.16096742,0.541206,-0.09937515,0.11937836,0.67915106,-0.12839887,0.2064308,0.29794502,-0.20421225,0.17076474,0.6284529,-0.26153427,0.13895796,0.8163447,-0.2746659,0.11316784,0.9539891,-0.27423242,0.07431212,0.26794747,-0.20942697,0.056546487,0.62508374,-0.26688722,0.04351734,0.84491915,-0.27569473,0.035532773,0.9993685,-0.28007263,-0.04305145,0.26351315,-0.20275909,-0.053222794,0.59532154,-0.24303262,-0.04535958,0.8008635,-0.24668978,-0.037506513,0.9381097,-0.24633436,-0.12947391,0.2833659,-0.19281776,-0.089585714,0.54259366,-0.20913434,-0.048192777,0.6683858,-0.19967522,-0.023328232,0.75343114,-0.19152701
M,Cristhian,Right,0.0,0.0,0.0,0.13826427,0.12361185,-0.03149664,0.18247454,0.34113312,-0.07665378,0.14191781,0.5410722,-0.10573097,0.09709685,0.6693001,-0.13566642,0.19800189,0.30290544,-0.20520398,0.15991661,0.6270001,-0.26329732,0.12534696,0.8135674,-0.2781649,0.09765229,0.95078653,-0.27949062,0.06628258,0.26516408,-0.21072033,0.044555634,0.6193683,-0.26933536,0.028001316,0.8417773,-0.2810244,0.018646592,0.99982613,-0.2883899,-0.049810085,0.2581048,-0.20561756,-0.06533847,0.58091587,-0.24910556,-0.062226743,0.78899723,-0.26041228,-0.05713708,0.9314123,-0.26577067,-0.13561092,0.2800234,-0.19764279,-0.09880468,0.53675914,-0.21699408,-0.061547764,0.65270054,-0.2124384,-0.03970874,0.7309617,-0.20893417
M,Cristhian,Right,0.0,0.0,0.0,0.14042483,0.11848037,-0.028118704,0.18373224,0.33162832,-0.07077408,0.14511971,0.5289009,-0.09657518,0.104979716,0.6614806,-0.12355536,0.19452834,0.3075072,-0.20480777,0.15595114,0.63319695,-0.2590766,0.122740164,0.81714517,-0.27084413,0.096704796,0.95028645,-0.27003798,0.062158573,0.27507842,-0.20874123,0.039588694,0.62800324,-0.26575935,0.023533707,0.84561473,-0.2750552,0.015025935,0.9998871,-0.27996546,-0.053921774,0.2679803,-0.20072699,-0.068597965,0.58584875,-0.24226715,-0.061377604,0.787892,-0.25006223,-0.05491532,0.9274683,-0.25300133,-0.13866816,0.28448936,-0.18893471,-0.09936017,0.5266016,-0.20439741,-0.05646866,0.625514,-0.1944068,-0.032347124,0.6899413,-0.18699868
M,Cristhian,Right,0.0,0.0,0.0,0.14776844,0.11506894,-0.027206479,0.20028074,0.3295276,-0.06857731,0.16706163,0.5323649,-0.0944084,0.12521845,0.67064196,-0.121512376,0.20687479,0.30388653,-0.20010404,0.17076175,0.6322882,-0.25678593,0.13647158,0.8196606,-0.27080923,0.109993584,0.9555943,-0.27150223,0.076480485,0.2703006,-0.20586248,0.053676125,0.6266157,-0.2613197,0.036796965,0.84629345,-0.27253613,0.027680574,0.9996168,-0.2799519,-0.03924643,0.2636769,-0.20047368,-0.05435072,0.5892504,-0.2410017,-0.048121925,0.7947114,-0.25177184,-0.040741187,0.93303996,-0.257493,-0.124318056,0.28318998,-0.19171394,-0.09001516,0.5398262,-0.21196048,-0.05401658,0.66441613,-0.20912935,-0.03273394,0.7503199,-0.20609473
M,Cristhian,Right,0.0,0.0,0.0,0.14132111,0.12110517,-0.028781462,0.19071087,0.33002806,-0.07241917,0.15567137,0.5271439,-0.09820036,0.10917837,0.66568327,-0.12481102,0.1972914,0.31108156,-0.2095103,0.15689641,0.63973045,-0.2652982,0.12876925,0.8239503,-0.2758472,0.10705413,0.9565675,-0.2743559,0.06582493,0.2763459,-0.21397828,0.03889478,0.6400671,-0.26991573,0.02398595,0.8515119,-0.2774097,0.016559884,0.99986285,-0.28035995,-0.053645693,0.26654384,-0.20603117,-0.06756079,0.5997316,-0.24839449,-0.05856999,0.79683846,-0.25423795,-0.05161456,0.9342393,-0.25607237,-0.1459491,0.2759516,-0.19376151,-0.101619385,0.5181405,-0.21383609,-0.055357497,0.61433923,-0.20322476,-0.029351642,0.67568904,-0.19398022
M,Cristhian,Right,0.0,0.0,0.0,0.13784534,0.12971197,-0.030423144,0.17635438,0.3441024,-0.076057985,0.13126189,0.53462064,-0.10481858,0.08396582,0.65964484,-0.13537368,0.19148172,0.3093772,-0.21053524,0.15279105,0.63062525,-0.2673429,0.11987351,0.8153527,-0.2816648,0.095565155,0.952141,-0.28342336,0.0565457,0.2706667,-0.21572964,0.03499817,0.6193304,-0.27568427,0.016259454,0.8396537,-0.28997934,0.007908357,0.9999687,-0.2993799,-0.06218727,0.26092172,-0.20884725,-0.07523502,0.5792922,-0.25468633,-0.072623536,0.78623664,-0.2680994,-0.06703961,0.931378,-0.27519512,-0.1493153,0.27912402,-0.19799006,-0.10656275,0.5242205,-0.21784727,-0.06467401,0.6281848,-0.21175012,-0.041059196,0.69741,-0.20758025
M,Cristhian,Right,0.0,0.0,0.0,0.1398653,0.12848033,-0.031153718,0.18060042,0.33921218,-0.07823445,0.14439116,0.5320112,-0.10837599,0.10914987,0.6596173,-0.14055265,0.19009142,0.3126846,-0.21771476,0.14502002,0.6427658,-0.27718958,0.11057383,0.8266102,-0.292091,0.08757825,0.9606803,-0.29303414,0.054500382,0.2737779,-0.22139044,0.027269257,0.62980336,-0.28262034,0.008395112,0.84874237,-0.29372782,-0.0022421582,0.9999975,-0.30003354,-0.0631514,0.26406994,-0.21268527,-0.078936554,0.5863036,-0.25548103,-0.07331889,0.79390854,-0.2627062,-0.068047285,0.9354229,-0.2651722,-0.14581807,0.2825432,-0.20081918,-0.113743074,0.5368339,-0.21874985,-0.07604252,0.6632056,-0.2115435,-0.055462364,0.75070804,-0.20563723
M,Cristhian,Right,0.0,0.0,0.0,0.14155169,0.124684475,-0.032649167,0.19176213,0.3318912,-0.07926663,0.16577412,0.5244155,-0.107992396,0.1319484,0.65774894,-0.13739786,0.19608703,0.3050771,-0.2175561,0.15984854,0.6369907,-0.27554363,0.12889905,0.8219867,-0.2871432,0.10507492,0.95566726,-0.2856664,0.061505176,0.26826534,-0.2205845,0.0396229,0.62788916,-0.28162923,0.022672966,0.8458535,-0.2915475,0.014578822,0.9998937,-0.2961223,-0.057094477,0.2619169,-0.2113262,-0.07096602,0.586484,-0.25653088,-0.06442316,0.78871787,-0.26455626,-0.056262515,0.9285766,-0.26717594,-0.14377968,0.28056332,-0.1983032,-0.10110046,0.52639794,-0.21731159,-0.05973119,0.63118386,-0.20814754,-0.036037475,0.69913715,-0.20048878
M,Cristhian,Right,0.0,0.0,0.0,0.13738094,0.12348032,-0.03415009,0.18313855,0.33722594,-0.08216292,0.14999554,0.5372867,-0.112018906,0.10859854,0.67517626,-0.14313373,0.19063988,0.30254853,-0.22306125,0.15136805,0.63689524,-0.28134698,0.12033383,0.8233384,-0.29287472,0.09739293,0.9587593,-0.29159695,0.056800667,0.2685048,-0.22492976,0.033339947,0.6246734,-0.28513697,0.017202104,0.8439372,-0.29516578,0.010898109,0.99994063,-0.3009428,-0.0602278,0.26377594,-0.21437928,-0.07373979,0.5886662,-0.2588232,-0.06853107,0.7928962,-0.26757848,-0.05974301,0.932659,-0.27141172,-0.1451037,0.28473505,-0.2001856,-0.10482552,0.5369874,-0.22097225,-0.06407252,0.65603507,-0.21554527,-0.039209887,0.735941,-0.21081877
M,Cristhian,Right,0.0,0.0,0.0,0.14212912,0.11271433,-0.026655763,0.1972221,0.32113627,-0.069691464,0.16704367,0.518901,-0.09644598,0.13194773,0.6512017,-0.12536494,0.20802015,0.3041066,-0.2082669,0.16905227,0.62886906,-0.2661064,0.13356996,0.81522876,-0.28212562,0.10608042,0.951477,-0.28460908,0.077730365,0.2671952,-0.2131388,0.051704217,0.6207004,-0.26979402,0.03270345,0.84269303,-0.2813212,0.021582121,0.99976707,-0.2894971,-0.039032858,0.25734314,-0.20603025,-0.056125067,0.5788616,-0.24801363,-0.050952002,0.788875,-0.25937948,-0.04649306,0.9335939,-0.26567057,-0.12580319,0.2758724,-0.1950678,-0.09046471,0.5293924,-0.21596685,-0.0545378,0.65633965,-0.21360445,-0.036077395,0.74841815,-0.21143739
M,Cristhian,Right,0.0,0.0,0.0,0.13820526,0.121514484,-0.030609531,0.18229327,0.33262375,-0.07848406,0.14504805,0.5311406,-0.11013575,0.10247529,0.66803616,-0.14370833,0.18934809,0.30065486,-0.21775933,0.14990187,0.62843835,-0.27999017,0.117209665,0.81537664,-0.29482675,0.09107004,0.95168555,-0.29560372,0.060577706,0.26777893,-0.22374918,0.03615326,0.6210546,-0.28744966,0.01878741,0.8424891,-0.29856673,0.009023866,0.9999593,-0.3043856,-0.054493293,0.25999835,-0.21817048,-0.06929841,0.5818643,-0.26517949,-0.0658415,0.78827304,-0.27535686,-0.060028896,0.9307775,-0.27949753,-0.1418502,0.27767298,-0.2091434,-0.110054836,0.53071505,-0.23515013,-0.076718345,0.66681427,-0.23487157,-0.057494514,0.76463044,-0.23300402
M,Cristhian,Right,0.0,0.0,0.0,0.14112608,0.11687223,-0.032727554,0.19030286,0.3294459,-0.07824915,0.15668026,0.5302805,-0.1072718,0.115419805,0.6680917,-0.13701051,0.19686356,0.30120665,-0.20718297,0.15756966,0.6329785,-0.2656106,0.12321726,0.8179922,-0.27917647,0.095789045,0.9517375,-0.27902323,0.06641022,0.2710256,-0.21097213,0.042918313,0.6296518,-0.2682479,0.025242567,0.84721595,-0.27717248,0.014239173,0.9998986,-0.28202862,-0.048649188,0.26651317,-0.20420462,-0.06097669,0.5917246,-0.24605475,-0.058217283,0.7934208,-0.25397348,-0.05509776,0.93136823,-0.2572893,-0.13405721,0.2858299,-0.1945567,-0.09838247,0.5387005,-0.21435876,-0.06198751,0.6553138,-0.20907238,-0.040573344,0.7347341,-0.20449835
M,Cristhian,Right,0.0,0.0,0.0,0.14821231,0.114756174,-0.022228021,0.1994459,0.31977186,-0.06299913,0.16479471,0.51687044,-0.086861424,0.12556764,0.65219605,-0.11183776,0.2025148,0.2991433,-0.2049967,0.16143396,0.6317096,-0.26015955,0.12529083,0.8200321,-0.27249733,0.09641287,0.95502406,-0.27132592,0.06861257,0.2692803,-0.20841874,0.048453074,0.63268554,-0.26162335,0.030156365,0.85065776,-0.26864997,0.01769741,0.99984336,-0.27293742,-0.047730666,0.26937544,-0.1989077,-0.05935096,0.59654653,-0.23508382,-0.052040223,0.7977393,-0.23927587,-0.04936432,0.93390626,-0.24087079,-0.13130361,0.2944709,-0.18525098,-0.088862486,0.5436326,-0.19663344,-0.047730573,0.6519095,-0.18535084,-0.028412841,0.7279508,-0.17742015
M,Cristhian,Right,0.0,0.0,0.0,0.14022404,0.11910845,-0.028213046,0.18686195,0.33269408,-0.0721467,0.15149276,0.5335206,-0.09957795,0.11039774,0.6689681,-0.12768745,0.19856828,0.29831344,-0.20803961,0.16021563,0.62779033,-0.26613316,0.12563841,0.814427,-0.2786491,0.0962827,0.9493786,-0.27742183,0.068363406,0.26512185,-0.21264043,0.04546835,0.6221098,-0.27417946,0.027126567,0.8433159,-0.2841691,0.015821232,0.99987483,-0.28836364,-0.04645197,0.26070136,-0.20536812,-0.059555855,0.58401835,-0.24970149,-0.055806644,0.7895449,-0.25667205,-0.05152595,0.9301133,-0.25756887,-0.13132039,0.28092435,-0.19451003,-0.094705954,0.5359593,-0.2115497,-0.057522573,0.65508384,-0.20290297,-0.037352365,0.7353882,-0.19548912
M,Cristhian,Right,0.0,0.0,0.0,0.14283457,0.11805713,-0.027080286,0.19055495,0.3294368,-0.070548415,0.1532659,0.52594423,-0.09746179,0.1129297,0.65729326,-0.12530957,0.19620375,0.30499756,-0.20778735,0.15572739,0.63494164,-0.2638958,0.118950844,0.81898105,-0.27537256,0.08939515,0.95101917,-0.27346623,0.06378982,0.2724735,-0.2121901,0.03982959,0.63023585,-0.27153575,0.020992516,0.8479216,-0.27961385,0.009406487,0.9999558,-0.28242084,-0.052528877,0.26530665,-0.20432404,-0.068760246,0.58571965,-0.24647032,-0.06258009,0.7871495,-0.25176662,-0.058129113,0.9250234,-0.2519139,-0.1379549,0.28268492,-0.19262035,-0.10130814,0.5304651,-0.20674852,-0.06318139,0.6411971,-0.19515882,-0.044431426,0.7156634,-0.18611766
M,Cristhian,Right,0.0,0.0,0.0,0.14424255,0.11917824,-0.035330262,0.19353339,0.33074126,-0.08386457,0.15898862,0.5274735,-0.11461609,0.117345825,0.66011715,-0.14579372,0.20488447,0.2952498,-0.21654993,0.1750426,0.6293474,-0.27700716,0.1482826,0.8213042,-0.2919284,0.12352716,0.9586246,-0.29179195,0.068073526,0.26870358,-0.21889351,0.049813207,0.6332023,-0.27720433,0.037840478,0.8500086,-0.28576908,0.028794257,0.99958533,-0.28959805,-0.05195965,0.27017075,-0.20951423,-0.059376165,0.6048861,-0.24823204,-0.047115635,0.7985382,-0.24900717,-0.039538883,0.9268316,-0.24755289,-0.13848145,0.2911856,-0.19777092,-0.09717278,0.5430695,-0.21002293,-0.05691011,0.6535296,-0.1953387,-0.037132066,0.72530043,-0.18410416
M,Cristhian,Right,0.0,0.0,0.0,0.15843192,0.09223471,-0.02617958,0.24781775,0.28886864,-0.07798945,0.24661456,0.48116797,-0.11861655,0.22874306,0.6157407,-0.16260965,0.27901858,0.26115546,-0.20855336,0.26859695,0.60074157,-0.27586833,0.2548929,0.7900969,-0.29980195,0.24457076,0.93493634,-0.30962038,0.14855951,0.24057662,-0.22560063,0.1544687,0.596489,-0.30394283,0.15952861,0.82269204,-0.32418296,0.1650511,0.98628503,-0.33539844,0.025547218,0.24313518,-0.23164167,0.027020793,0.5823126,-0.28965157,0.054099455,0.7937593,-0.29993656,0.08298928,0.93781734,-0.3022366,-0.07529276,0.26828864,-0.23477139,-0.034001585,0.53363377,-0.26100466,0.006934204,0.66210204,-0.25507715,0.03321816,0.7500351,-0.24990512
M,Cristhian,Right,0.0,0.0,0.0,0.15140261,0.096695095,-0.028909924,0.24436817,0.29287884,-0.080730364,0.25495622,0.4792688,-0.12088625,0.24986652,0.6147487,-0.1641916,0.2750578,0.262335,-0.2076928,0.26386297,0.59959924,-0.27648273,0.24721485,0.7909103,-0.30182135,0.23284991,0.93774056,-0.31256437,0.14711961,0.24034107,-0.22421914,0.147498,0.6015894,-0.2982109,0.14760612,0.82618624,-0.3168254,0.14961779,0.9887439,-0.32826382,0.02462866,0.23836707,-0.23062272,0.020303449,0.58043456,-0.2859261,0.041391272,0.7882939,-0.2948785,0.065087855,0.93114156,-0.2980542,-0.07867213,0.25592953,-0.23447502,-0.046262346,0.51877844,-0.2616098,-0.012700589,0.6472393,-0.25616828,0.009380429,0.7346475,-0.25195134
M,Cristhian,Right,0.0,0.0,0.0,0.1539022,0.09793952,-0.022331474,0.23605663,0.2956681,-0.07217256,0.22676751,0.4857897,-0.11179909,0.2005126,0.61941993,-0.15418968,0.27774975,0.2759396,-0.20032811,0.26311848,0.61919487,-0.26600972,0.24344747,0.8060749,-0.28838074,0.22783662,0.94731706,-0.29655907,0.14997882,0.2452877,-0.21904175,0.1489588,0.60820526,-0.29405087,0.14635316,0.8307722,-0.30987713,0.14514068,0.98941106,-0.31745487,0.02636439,0.23843366,-0.22714463,0.020982165,0.5804524,-0.28162658,0.03902425,0.7849309,-0.2856244,0.060311303,0.9225466,-0.2833,-0.0782331,0.25457394,-0.23250313,-0.04418996,0.52468884,-0.25393167,-0.010791649,0.6465849,-0.24103896,0.010111765,0.72623473,-0.23060687
M,Cristhian,Right,0.0,0.0,0.0,0.14920592,0.10466457,-0.02783301,0.22811073,0.30175975,-0.07849911,0.22380091,0.48656735,-0.11704589,0.20731917,0.6156819,-0.15754426,0.26322317,0.27243397,-0.20689163,0.24530941,0.6127193,-0.2750937,0.22362463,0.804292,-0.29787216,0.20657413,0.9472824,-0.30467883,0.13311434,0.24263144,-0.2218609,0.13095513,0.60924494,-0.29539976,0.12691675,0.8337842,-0.31018475,0.1271564,0.9918827,-0.31677708,0.010915801,0.23821262,-0.22628051,0.005970196,0.58037883,-0.28007394,0.025372898,0.7866421,-0.2833814,0.049529754,0.92456126,-0.28031245,-0.08959148,0.25466186,-0.2282752,-0.053478006,0.52518225,-0.24952492,-0.01692734,0.6433471,-0.23538509,0.007496795,0.71524,-0.2233944
N,Cristhian,Right,0.0,0.0,0.0,0.12875938,0.14477141,-0.051894266,0.13372853,0.37136304,-0.117087446,0.03963784,0.57324237,-0.16166806,-0.048664827,0.70117486,-0.2042031,0.14892389,0.31940743,-0.25598925,0.11644671,0.6583087,-0.31893954,0.09339942,0.8410385,-0.33230844,0.06670254,0.98240185,-0.33503526,0.022582743,0.2805705,-0.25496104,0.0011979034,0.6483988,-0.31323755,-0.005199868,0.8555809,-0.3124312,-0.018454608,0.9998297,-0.3139085,-0.09875191,0.25745687,-0.24052233,-0.08941999,0.58125097,-0.28159186,-0.03622042,0.55977863,-0.24470969,-0.007238877,0.47918928,-0.21331263,-0.20075102,0.25190717,-0.22716692,-0.15461929,0.4942288,-0.24662526,-0.10034932,0.47297025,-0.21116804,-0.08491252,0.40156388,-0.18086158
N,Cristhian,Right,0.0,0.0,0.0,0.12562494,0.15381683,-0.0718348,0.11631079,0.40003598,-0.14389218,-0.0059755514,0.58271194,-0.19324616,-0.12275263,0.67549783,-0.2396365,0.11930228,0.28034258,-0.28052408,0.07509332,0.64862674,-0.35627174,0.047871936,0.83999157,-0.3719903,0.011102741,0.98500943,-0.37432235,-0.01800675,0.22826242,-0.2750571,-0.050555732,0.62694466,-0.35089242,-0.058119003,0.8431183,-0.355108,-0.08515061,0.9963681,-0.35623825,-0.14905356,0.19605027,-0.25772855,-0.14844742,0.5530458,-0.32739943,-0.0930154,0.5004988,-0.2922159,-0.069751784,0.3901125,-0.2519581,-0.25708,0.18970402,-0.24186131,-0.22615483,0.46899435,-0.2868512,-0.17589663,0.42338312,-0.25403616,-0.17062604,0.31972387,-0.21974516
N,Cristhian,Right,0.0,0.0,0.0,0.13674265,0.15186799,-0.07966968,0.1379974,0.3993822,-0.16537364,0.0055758115,0.56076527,-0.22554243,-0.12362094,0.6222796,-0.28315517,0.14251953,0.2446152,-0.32719263,0.08877853,0.63535494,-0.41122043,0.056702215,0.83902675,-0.43588606,0.015827674,0.9973709,-0.4475491,-0.00016316188,0.17347528,-0.32130656,-0.03957921,0.5967267,-0.40781206,-0.055760663,0.8309294,-0.41745922,-0.08653338,0.99624896,-0.4268812,-0.13259144,0.14475648,-0.30000892,-0.14516658,0.55660665,-0.35851848,-0.08305413,0.52512187,-0.30829486,-0.049590398,0.4142351,-0.26508126,-0.24103104,0.15800278,-0.28257194,-0.22249486,0.4697049,-0.30829605,-0.16764161,0.44331592,-0.26061535,-0.15201305,0.3415048,-0.222253
N,Cristhian,Right,0.0,0.0,0.0,0.10778451,0.14284647,-0.06513866,0.10902407,0.37575373,-0.15212362,-0.0073968223,0.5282697,-0.2181446,-0.12043106,0.621878,-0.2801481,0.17879258,0.25250542,-0.31372488,0.13792464,0.62215996,-0.41454914,0.10526529,0.82161254,-0.45418882,0.06615546,0.98096234,-0.4759141,0.055315033,0.18108721,-0.32320186,0.017644316,0.5922368,-0.43514508,-0.0048491275,0.8206152,-0.4601284,-0.033404183,0.9994419,-0.47669896,-0.07565952,0.14189023,-0.31669572,-0.11478922,0.53948784,-0.3946618,-0.071643196,0.4777437,-0.33520916,-0.040145777,0.36518502,-0.28188285,-0.1946087,0.13561112,-0.31355697,-0.18823993,0.43251753,-0.3463895,-0.15179704,0.38824013,-0.28739366,-0.14314845,0.2921352,-0.2391266
N,Cristhian,Right,0.0,0.0,0.0,0.12973152,0.13787863,-0.03634572,0.16250426,0.35535067,-0.1076339,0.0707252,0.53386784,-0.16853699,-0.024843866,0.6501046,-0.2293047,0.21204108,0.29424214,-0.24882677,0.17794204,0.64344645,-0.33110133,0.14873588,0.83731955,-0.36890104,0.117382854,0.99308676,-0.390902,0.08686153,0.22770238,-0.27077982,0.056672983,0.6137174,-0.35730112,0.041710343,0.8379806,-0.372179,0.023917705,0.99958307,-0.38432437,-0.041421797,0.18743199,-0.27942416,-0.06293986,0.5595288,-0.3309856,-0.030911844,0.5382084,-0.28479764,-0.0047821486,0.45207852,-0.24872547,-0.15981618,0.17621814,-0.29097036,-0.14570463,0.4615187,-0.31108686,-0.10357259,0.43529013,-0.2639487,-0.08034841,0.34582353,-0.2271703
N,Cristhian,Right,0.0,0.0,0.0,0.12411642,0.16355452,-0.03594015,0.1325709,0.38783407,-0.09439702,0.04229605,0.5781815,-0.13550945,-0.036707066,0.7012771,-0.17556275,0.14344089,0.34294805,-0.24125332,0.09741583,0.6699149,-0.30660135,0.06667995,0.84987473,-0.3266158,0.0408111,0.9865115,-0.33505437,0.016791366,0.29767433,-0.24854435,-0.023856334,0.65900165,-0.30541903,-0.04004282,0.857887,-0.30678555,-0.050946996,0.99870133,-0.31094405,-0.103432044,0.2630608,-0.24132487,-0.10540092,0.5846406,-0.27727956,-0.054687466,0.5804671,-0.2386482,-0.018292656,0.52060515,-0.20983344,-0.20280923,0.23989321,-0.23430063,-0.16890213,0.47900444,-0.25302672,-0.11419673,0.46668935,-0.21657062,-0.090752386,0.4074236,-0.1865684
N,Cristhian,Right,0.0,0.0,0.0,0.119403645,0.14189762,-0.086941555,0.11639767,0.38802248,-0.1835388,-0.0028950877,0.5581582,-0.2513278,-0.105303824,0.64776176,-0.31535572,0.14120804,0.2245107,-0.3649089,0.11073056,0.6006989,-0.465489,0.08729501,0.804262,-0.49909633,0.051998172,0.96448064,-0.5162436,0.007546348,0.16147272,-0.3598247,-0.018274466,0.590769,-0.46519884,-0.025357757,0.8240491,-0.4788408,-0.05431208,0.998524,-0.49001345,-0.12480327,0.13545462,-0.33807603,-0.14017977,0.53448796,-0.40737718,-0.07709912,0.48825306,-0.34681466,-0.047287967,0.37728935,-0.2972981,-0.23543362,0.14442198,-0.32139006,-0.22508262,0.4485449,-0.35546404,-0.17381409,0.4104104,-0.30298153,-0.16463313,0.30564874,-0.26131675
N,Cristhian,Right,0.0,0.0,0.0,0.14556031,0.15220834,-0.108599134,0.18073396,0.38253465,-0.18856975,0.10300374,0.553149,-0.2337397,0.007618212,0.63069355,-0.27595407,0.065896556,0.21295212,-0.35220686,0.05696076,0.5998433,-0.43373218,0.0538351,0.8043988,-0.44067487,0.04486819,0.9626379,-0.4387882,-0.07741843,0.2028613,-0.32021445,-0.06459166,0.6413461,-0.3992889,-0.036268257,0.853839,-0.38799068,-0.03079937,0.9995256,-0.37718517,-0.18345955,0.21317248,-0.27673748,-0.103670426,0.5908758,-0.34428954,-0.032353822,0.5478938,-0.3059574,-0.009289244,0.44574183,-0.26593286,-0.24897715,0.23835094,-0.2372895,-0.16494277,0.5252246,-0.29482237,-0.10673504,0.5041699,-0.2773937,-0.09879653,0.41977328,-0.25306973
N,Cristhian,Right,0.0,0.0,0.0,0.13450378,0.1406558,-0.10150429,0.14984347,0.3833146,-0.17653021,0.049497277,0.58166045,-0.21816319,-0.058549874,0.69515556,-0.25553465,0.09948194,0.21163064,-0.3395307,0.077603996,0.6103022,-0.42412245,0.06437731,0.81731683,-0.43697056,0.046649735,0.9819821,-0.43980992,-0.05279871,0.19629835,-0.31506982,-0.05114536,0.63947076,-0.392139,-0.044605974,0.8475432,-0.3835542,-0.05641566,0.99840736,-0.37744913,-0.17560722,0.19308674,-0.2795239,-0.13031225,0.56607664,-0.3492619,-0.06794383,0.5132472,-0.30541644,-0.039247982,0.4058638,-0.26278168,-0.25572148,0.2107053,-0.24776721,-0.2017142,0.49165958,-0.3061189,-0.14453691,0.46047336,-0.28191918,-0.1295648,0.36868453,-0.25412264
N,Cristhian,Right,0.0,0.0,0.0,0.14260557,0.10453918,-0.073788986,0.17524776,0.33102444,-0.17781934,0.065954275,0.5289151,-0.25409833,-0.049440302,0.65225327,-0.32929912,0.19009224,0.13644876,-0.37662834,0.19273217,0.533484,-0.48115218,0.17915763,0.7761334,-0.52874124,0.15408756,0.96204877,-0.5561761,0.04180525,0.09176301,-0.3754307,0.043486234,0.54163283,-0.48626542,0.059476558,0.81343997,-0.5041418,0.060102493,0.9981922,-0.5193418,-0.09695572,0.092430934,-0.3531899,-0.10269387,0.5195902,-0.40240183,-0.041505113,0.54134136,-0.33807534,-0.0019261751,0.4597681,-0.2926671,-0.20771852,0.12688689,-0.33642903,-0.18158567,0.45544368,-0.35384405,-0.12020925,0.48878545,-0.29987255,-0.084485106,0.43077293,-0.25991777
N,Cristhian,Right,0.0,0.0,0.0,0.14321572,0.10850979,-0.08296316,0.16245523,0.33081108,-0.19902603,0.024655627,0.5065266,-0.28664413,-0.10888834,0.63043606,-0.37086418,0.18782283,0.118887804,-0.41631466,0.18215665,0.53765553,-0.530799,0.16326004,0.77575785,-0.58076054,0.13193396,0.9697215,-0.61188257,0.039349366,0.049382385,-0.41800454,0.027918924,0.5255013,-0.5498173,0.035316363,0.80178076,-0.57392365,0.0235521,0.9997226,-0.59483135,-0.109563746,0.03775007,-0.39691243,-0.1332269,0.5164459,-0.46168268,-0.07063607,0.50520635,-0.38943237,-0.029470801,0.38797504,-0.33786258,-0.22928147,0.07018799,-0.3826696,-0.21631081,0.42673573,-0.4066067,-0.15189014,0.4340777,-0.3479066,-0.12018871,0.33928552,-0.30630374
N,Cristhian,Right,0.0,0.0,0.0,0.14932264,0.10622405,-0.080147274,0.16316059,0.33760387,-0.19494624,0.013339216,0.53286105,-0.28572783,-0.11822219,0.66108096,-0.3762126,0.17722553,0.12727927,-0.38215128,0.1643468,0.54531395,-0.4884197,0.15121417,0.786971,-0.5400226,0.1253205,0.9863155,-0.57280475,0.01173504,0.06228273,-0.38962668,-0.0069800876,0.5284104,-0.5084389,0.00648508,0.8048219,-0.5279706,0.0020354756,0.9999979,-0.54778004,-0.13619387,0.049175225,-0.37791687,-0.14436883,0.5219609,-0.43051827,-0.07130189,0.5139684,-0.36177427,-0.02629538,0.4035875,-0.31719,-0.25081187,0.080632396,-0.37454787,-0.22028732,0.44052574,-0.38795543,-0.14515106,0.44577745,-0.32745105,-0.10646596,0.35225224,-0.28806806
N,Cristhian,Right,0.0,0.0,0.0,0.12987196,0.11238936,-0.07513341,0.1479474,0.3478954,-0.16388305,0.03357093,0.5447466,-0.22527447,-0.08232237,0.65706736,-0.28209355,0.1579876,0.17669122,-0.34301817,0.15644535,0.55413365,-0.4368427,0.14636894,0.77177,-0.4756301,0.12202164,0.94625264,-0.49942002,0.019880272,0.14034678,-0.33788642,0.021981888,0.5640518,-0.43756315,0.03441184,0.81435615,-0.4585971,0.021551061,0.9997677,-0.4788534,-0.10716632,0.14370544,-0.31413946,-0.102306,0.5504616,-0.3662472,-0.036593672,0.508514,-0.30580592,-0.008708628,0.3909606,-0.26143938,-0.20797683,0.17987195,-0.2955825,-0.16757934,0.47704452,-0.31731567,-0.11345294,0.44525963,-0.26527694,-0.10346682,0.3438633,-0.22611926
N,Cristhian,Right,0.0,0.0,0.0,0.14799991,0.12993163,-0.101090856,0.15646493,0.39832383,-0.16808924,0.03985139,0.6124049,-0.20542935,-0.079027064,0.72913766,-0.23770775,0.11585328,0.20654243,-0.30147433,0.114602186,0.60284877,-0.38382354,0.098960094,0.81261826,-0.39844692,0.08070772,0.9834833,-0.40174082,-0.031319194,0.20351411,-0.2797716,-0.024407128,0.6359021,-0.35730267,-0.011234677,0.8441427,-0.35461468,-0.014751045,0.9998912,-0.3512384,-0.1530473,0.20717573,-0.25029555,-0.106800064,0.5660169,-0.33228624,-0.05077804,0.4889317,-0.2965894,-0.029111478,0.36879417,-0.25352794,-0.23577513,0.22477625,-0.22480962,-0.18599081,0.5000986,-0.29027858,-0.13359462,0.44600976,-0.2693988,-0.12566109,0.33871165,-0.24233952
N,Cristhian,Right,0.0,0.0,0.0,0.15288852,0.117856115,-0.1218741,0.2025923,0.35719186,-0.20454924,0.1252937,0.5497816,-0.2507337,0.02259306,0.6209027,-0.2925087,0.08789986,0.21921365,-0.34734294,0.06697244,0.59223324,-0.43457317,0.049702838,0.8019661,-0.45548797,0.031572565,0.96504825,-0.46582276,-0.058015287,0.21299995,-0.31075102,-0.07305627,0.6069756,-0.39789438,-0.05981753,0.832795,-0.40546766,-0.05871345,0.99827486,-0.4103205,-0.16614679,0.22130702,-0.2641689,-0.11416447,0.5681226,-0.33787295,-0.040962953,0.52722627,-0.30517504,-0.00447627,0.42955282,-0.26956287,-0.23514345,0.24456258,-0.22376241,-0.17522505,0.4996136,-0.2895419,-0.11094189,0.47816542,-0.27966017,-0.08834043,0.3995712,-0.26068005
N,Cristhian,Right,0.0,0.0,0.0,0.14331387,0.15000714,-0.12432038,0.17129666,0.38290858,-0.20702621,0.08339887,0.5446391,-0.25079408,-0.012808515,0.5914554,-0.2912582,0.04546315,0.2191389,-0.3649284,0.03083535,0.59236175,-0.45086637,0.022346433,0.7947031,-0.46628922,0.010272708,0.9519627,-0.47171876,-0.09302546,0.21821931,-0.32029504,-0.093606375,0.620896,-0.4089058,-0.07137833,0.84410644,-0.41105658,-0.06392582,0.99795467,-0.40947375,-0.19411209,0.23788619,-0.26410922,-0.11762632,0.56379867,-0.33181202,-0.042937513,0.5366799,-0.3021025,-0.008085451,0.44898894,-0.26930684,-0.2546427,0.27534828,-0.2141883,-0.16887437,0.5208252,-0.27263117,-0.10398695,0.50899494,-0.26540467,-0.087487265,0.44001257,-0.2489992
N,Cristhian,Right,0.0,0.0,0.0,0.1438618,0.1549958,-0.13583986,0.17046708,0.38040364,-0.22439525,0.081413396,0.53325546,-0.2705536,-0.01503473,0.5726204,-0.31324595,0.007672155,0.20654249,-0.38492155,0.006526368,0.5778621,-0.46663097,0.009053846,0.78366417,-0.47905323,0.0060505774,0.94109255,-0.4863774,-0.12659255,0.213676,-0.3350494,-0.10627282,0.61804473,-0.42217284,-0.07521722,0.84539646,-0.42193615,-0.059532877,0.99822634,-0.42339572,-0.21615547,0.24099638,-0.27332723,-0.13334522,0.57043284,-0.33508942,-0.053945906,0.5468892,-0.29937437,-0.01330703,0.4615105,-0.26947588,-0.26670834,0.28088292,-0.21960424,-0.1788733,0.5263243,-0.28150928,-0.10795776,0.51443374,-0.27590278,-0.08310724,0.44901368,-0.26303527
N,Cristhian,Right,0.0,0.0,0.0,0.13451262,0.15828213,-0.13874269,0.16077596,0.3742102,-0.23639596,0.082612425,0.5117375,-0.29082897,-0.007494743,0.55345416,-0.3428005,0.03667301,0.18667737,-0.4126928,0.019373465,0.5672767,-0.5070874,0.011357104,0.7851962,-0.5241051,-0.0006819765,0.9522166,-0.5319489,-0.110389575,0.18271461,-0.36586404,-0.10714307,0.6017484,-0.4622464,-0.07918637,0.84053063,-0.457289,-0.06474578,0.9979018,-0.45314953,-0.21569799,0.21043849,-0.307238,-0.13595633,0.5525236,-0.37494,-0.05539563,0.5452985,-0.33691987,-0.013745229,0.46856037,-0.30405706,-0.2761907,0.25790954,-0.2565476,-0.19194983,0.5207528,-0.31848663,-0.11708421,0.5264409,-0.30779576,-0.08574793,0.4715699,-0.29115883
N,Cristhian,Right,0.0,0.0,0.0,0.14388543,0.15554284,-0.14032395,0.1723624,0.3752001,-0.2353125,0.09603109,0.5301804,-0.2882198,0.009590368,0.6023655,-0.33770084,0.052064493,0.13638379,-0.40443456,0.030947175,0.53137505,-0.5098437,0.020332796,0.7689535,-0.53804564,0.0056301015,0.94942445,-0.5504367,-0.10206942,0.14038233,-0.3602887,-0.10734074,0.56710875,-0.4629135,-0.08690106,0.8235161,-0.46546614,-0.0839657,0.99646866,-0.4634089,-0.21527493,0.17669173,-0.30582243,-0.1405597,0.5401642,-0.38465726,-0.06002078,0.5364629,-0.35080066,-0.01922232,0.45624867,-0.31412327,-0.28474522,0.23427342,-0.25908658,-0.20753747,0.5134866,-0.32643357,-0.13689332,0.5200245,-0.3125993,-0.111954816,0.45674008,-0.28971455
N,Cristhian,Right,0.0,0.0,0.0,0.17477486,0.080479145,-0.21279062,0.20643495,0.22062421,-0.37261167,0.12570767,0.43432868,-0.48135892,0.042007454,0.6305508,-0.5937747,0.06597965,-0.11187528,-0.49963644,0.05470194,0.40492493,-0.6481443,0.04550364,0.7108165,-0.7116548,0.03686433,0.9228285,-0.7402847,-0.11987259,-0.13322632,-0.44238126,-0.11580831,0.4526613,-0.57590336,-0.09107018,0.78453374,-0.60224015,-0.061037924,0.99813545,-0.612925,-0.25947332,-0.08994398,-0.37510654,-0.23015213,0.45849335,-0.4749308,-0.15257059,0.6881537,-0.45847788,-0.09283775,0.8098678,-0.44102207,-0.3396627,-0.004242902,-0.32020125,-0.29559818,0.38824534,-0.400286,-0.21107645,0.5691033,-0.37819657,-0.14684738,0.6531584,-0.34634718
N,Cristhian,Right,0.0,0.0,0.0,0.14451036,0.09244133,-0.16137168,0.18903355,0.3063104,-0.3227479,0.10776842,0.5508565,-0.46052098,-0.0018262118,0.74308735,-0.5976338,0.16132863,0.06261703,-0.39852482,0.13617697,0.54396677,-0.62626094,0.11202892,0.8129075,-0.76908964,0.10786215,0.99416584,-0.83841985,-0.03522401,0.054677952,-0.38711068,-0.04081135,0.5863452,-0.59593475,-0.013718133,0.826075,-0.6190412,-0.0103293825,0.9571483,-0.60435474,-0.19147465,0.106670484,-0.3833426,-0.14882348,0.58396035,-0.5226824,-0.050734792,0.6274346,-0.45886955,0.016946169,0.5706276,-0.38499373,-0.28976655,0.18636627,-0.39733696,-0.24486704,0.5226969,-0.46569154,-0.16418171,0.54241,-0.4110089,-0.101671875,0.48326004,-0.35092726
N,Cristhian,Right,0.0,0.0,0.0,0.1358435,0.11675691,-0.11459192,0.17037132,0.3514272,-0.20565799,0.092543766,0.5542184,-0.26119572,-0.0078514675,0.67175204,-0.31430256,0.11215693,0.16682576,-0.38361746,0.082338415,0.593424,-0.49390844,0.06273761,0.824533,-0.5264626,0.043028828,0.9990738,-0.53920525,-0.04202627,0.15288296,-0.35864368,-0.04566919,0.613822,-0.46134466,-0.027485348,0.8348056,-0.45711038,-0.031096093,0.977001,-0.44929427,-0.16839002,0.15877186,-0.3228714,-0.13431895,0.5317452,-0.40658593,-0.076346375,0.49284706,-0.3554373,-0.051272694,0.38799435,-0.3041725,-0.25329673,0.18491913,-0.29219255,-0.2118344,0.4744739,-0.35347146,-0.16007653,0.44310495,-0.3167242,-0.14784393,0.33895528,-0.27729312
N,Cristhian,Right,0.0,0.0,0.0,0.13568528,0.121906124,-0.09779992,0.1673669,0.3641611,-0.19100386,0.08036107,0.5734472,-0.25153723,-0.031986065,0.7085671,-0.30598637,0.16317756,0.14936334,-0.3878899,0.16218923,0.5941242,-0.48768106,0.15277365,0.82120794,-0.5022385,0.1415904,0.9899253,-0.50180745,0.008017454,0.12627959,-0.37439206,0.017328847,0.6198742,-0.47136366,0.031591833,0.8402801,-0.45738405,0.027699102,0.9912037,-0.44574273,-0.13276945,0.13455223,-0.346609,-0.10117557,0.56829077,-0.4244148,-0.050771862,0.5137289,-0.35962242,-0.029448802,0.3959025,-0.30146247,-0.23949547,0.16839422,-0.32243022,-0.1979916,0.4984004,-0.36700568,-0.15030088,0.45499936,-0.31613788,-0.14247751,0.34186986,-0.27179378
N,Cristhian,Right,0.0,0.0,0.0,0.15136375,0.101362705,-0.04750458,0.20200858,0.3186707,-0.14291461,0.09799016,0.5464712,-0.23080336,0.02098184,0.6951017,-0.31972423,0.25698122,0.16499087,-0.29515386,0.29735428,0.53629166,-0.39644226,0.305592,0.74787647,-0.45252863,0.31345442,0.935972,-0.49043378,0.115427956,0.10416197,-0.3279624,0.15519464,0.5489587,-0.4388884,0.19242832,0.78893405,-0.46685433,0.21194236,0.97728217,-0.492011,-0.039878257,0.1020656,-0.3456706,0.002837123,0.5586779,-0.39974278,0.01673258,0.51236343,-0.33191404,0.019928852,0.38415638,-0.2872701,-0.16676933,0.15092233,-0.37152055,-0.12169585,0.501727,-0.39161518,-0.0932171,0.46668667,-0.33073804,-0.08529069,0.35244942,-0.28873235
N,Cristhian,Right,0.0,0.0,0.0,0.1826907,0.06912407,-0.08323643,0.25537956,0.23403934,-0.23279123,0.1711643,0.4748855,-0.37128982,0.11738483,0.6271744,-0.5134221,0.38416407,0.13835895,-0.39632472,0.4235851,0.5081035,-0.5421525,0.4330092,0.7098143,-0.63550085,0.45031008,0.8717923,-0.7032672,0.2288597,0.06550933,-0.42969635,0.27988553,0.50744456,-0.6116422,0.31418353,0.751711,-0.6878388,0.34208873,0.93966764,-0.74672025,0.06360428,0.070942104,-0.44355625,0.105640195,0.5063972,-0.5395727,0.102256484,0.5112219,-0.4895556,0.093535714,0.41833475,-0.46097985,-0.06194629,0.115673274,-0.46707436,-0.01847603,0.45669714,-0.5089897,-5.3328462e-05,0.45592964,-0.45484713,0.0040049194,0.35890257,-0.4207767
N,Cristhian,Right,0.0,0.0,0.0,0.16612427,0.10188867,-0.10989282,0.22491102,0.2754634,-0.2451314,0.15408075,0.5210205,-0.36172953,0.08129216,0.68832415,-0.4839194,0.21985006,0.044761997,-0.34738514,0.25032035,0.4581026,-0.47414657,0.25387836,0.70844984,-0.5599358,0.24964459,0.91656893,-0.6179418,0.045065887,0.006218668,-0.3503651,0.087121576,0.49126607,-0.4796011,0.12322237,0.7741719,-0.5197073,0.14157435,0.98992765,-0.55449796,-0.10710793,0.042778805,-0.34599593,-0.032221284,0.51442266,-0.42435977,0.046440896,0.7246032,-0.39910057,0.08597807,0.8330354,-0.38522658,-0.20675792,0.10597455,-0.35196057,-0.139645,0.43506485,-0.38641664,-0.06523576,0.53189075,-0.35257167,-0.021441434,0.5474398,-0.33434877
N,Cristhian,Right,0.0,0.0,0.0,0.121778764,0.12945572,-0.12204982,0.1545115,0.36892897,-0.2052445,0.1071177,0.54839826,-0.24797629,0.037986446,0.6244232,-0.2875419,0.055371262,0.12016301,-0.36130494,0.06628221,0.5014776,-0.4432454,0.0850101,0.72829854,-0.46066016,0.09341637,0.89435095,-0.47130546,-0.08832032,0.13979097,-0.31792232,-0.038604178,0.5435485,-0.38971394,-4.1970947e-05,0.8163445,-0.38701135,0.038962364,0.9992407,-0.3950909,-0.1925414,0.19420324,-0.26439843,-0.10593965,0.5700244,-0.3108476,-0.04664118,0.67102575,-0.28587198,-0.00081040047,0.6961625,-0.27670002,-0.26528552,0.26700702,-0.21735598,-0.17090893,0.5564564,-0.26612985,-0.10361132,0.62359697,-0.26091784,-0.06267321,0.6310511,-0.256861
N,Cristhian,Right,0.0,0.0,0.0,0.14021857,0.14889479,-0.14254701,0.17299251,0.3642968,-0.2322882,0.0899192,0.5169263,-0.27536488,0.0001413012,0.56079733,-0.31314895,-0.01313018,0.14629708,-0.39178595,0.0013802744,0.51061296,-0.47323918,0.02402301,0.7285673,-0.4871839,0.037185203,0.9007141,-0.4958507,-0.15335009,0.17709196,-0.33595634,-0.10393714,0.576128,-0.41033846,-0.055565313,0.82337826,-0.4000512,-0.013948981,0.9999027,-0.39815208,-0.24209903,0.23235108,-0.26941645,-0.12802407,0.55841863,-0.3119604,-0.056009557,0.6218285,-0.27662116,-0.008371434,0.62234086,-0.25654513,-0.28478584,0.30017054,-0.2127369,-0.17607984,0.53974706,-0.26038444,-0.09997975,0.6015721,-0.2562111,-0.056016177,0.61796486,-0.24924143
N,Cristhian,Right,0.0,0.0,0.0,0.12021142,0.104417264,-0.17457838,0.16084209,0.31546727,-0.27481833,0.13054481,0.5136172,-0.3227627,0.11798923,0.6531913,-0.3668225,-0.094785154,0.17804256,-0.3965933,-0.087529466,0.54089296,-0.48623994,-0.07551963,0.75393885,-0.5212259,-0.06999787,0.9266624,-0.543665,-0.22689345,0.20202446,-0.32236087,-0.19423656,0.5935723,-0.3998247,-0.15631005,0.8218356,-0.40561587,-0.12253481,0.99246424,-0.41397786,-0.29701152,0.25131992,-0.24015869,-0.20354876,0.580963,-0.28450224,-0.14429083,0.70946735,-0.26377156,-0.10406873,0.780612,-0.2557085,-0.3135449,0.31473154,-0.1701774,-0.22511807,0.53705734,-0.2167048,-0.1573196,0.6338273,-0.21679547,-0.11758327,0.6848663,-0.2130957
N,Cristhian,Right,0.0,0.0,0.0,0.07853162,0.10979725,-0.13101877,0.13090864,0.29983833,-0.21945119,0.1600891,0.47930947,-0.2720799,0.18924028,0.6054105,-0.32422352,-0.118064895,0.24844112,-0.2989447,-0.12532741,0.5785293,-0.3724043,-0.123755485,0.77285486,-0.40816757,-0.13112001,0.929867,-0.43154645,-0.22756507,0.24211226,-0.24668653,-0.2105737,0.61596215,-0.31052646,-0.18547729,0.8292039,-0.32446262,-0.16751906,0.9858688,-0.33713305,-0.28604987,0.25730145,-0.18631884,-0.21768886,0.5852396,-0.21957842,-0.1675489,0.7034023,-0.20458695,-0.134275,0.7649543,-0.19880752,-0.2990962,0.28774074,-0.13552034,-0.22783357,0.50851136,-0.1645471,-0.17151125,0.59088933,-0.156401,-0.13903894,0.6242301,-0.14734003
N,Cristhian,Right,0.0,0.0,0.0,0.10378122,0.1479506,-0.1374946,0.084330484,0.3821008,-0.20185052,-0.02238292,0.55890703,-0.22816712,-0.10877272,0.6508257,-0.24816944,-0.16977024,0.22004141,-0.27850217,-0.16590838,0.56010854,-0.3498542,-0.16294439,0.76630145,-0.3802076,-0.16717857,0.9324246,-0.40140936,-0.2674998,0.2427777,-0.22180246,-0.23393203,0.6022164,-0.2889188,-0.19808066,0.8227801,-0.29660362,-0.1743627,0.9846815,-0.30394563,-0.3114713,0.2796865,-0.1622322,-0.22245285,0.5783692,-0.21250072,-0.13998987,0.5759747,-0.18783604,-0.08987322,0.5273366,-0.16616325,-0.31174168,0.3258665,-0.113535665,-0.23160134,0.5305791,-0.16374427,-0.15776707,0.550127,-0.16113208,-0.120223165,0.52487636,-0.15016592
N,Cristhian,Right,0.0,0.0,0.0,0.095313184,0.15431595,-0.14337222,0.07062544,0.38110697,-0.2092775,-0.027442431,0.5506222,-0.23552287,-0.095594585,0.67356753,-0.25422326,-0.20361283,0.21700937,-0.26185364,-0.20616364,0.561775,-0.33191964,-0.20966882,0.776247,-0.36763468,-0.2181645,0.93970984,-0.39303055,-0.29747063,0.22423047,-0.20432766,-0.2639827,0.58441186,-0.2692772,-0.24363665,0.8084325,-0.28695422,-0.22333209,0.9747424,-0.3030117,-0.34055957,0.26046848,-0.14676155,-0.28001016,0.58674175,-0.19242647,-0.24099433,0.764126,-0.19164132,-0.20782012,0.8910109,-0.19500475,-0.34022686,0.30346707,-0.100261696,-0.28793558,0.5374706,-0.15032022,-0.24291193,0.665531,-0.16372144,-0.2144629,0.7564908,-0.16864085
N,Cristhian,Right,0.0,0.0,0.0,0.09561395,0.15780537,-0.15829645,0.076114774,0.37818265,-0.24592507,-0.024429007,0.53399557,-0.28343922,-0.110723056,0.6220462,-0.31547534,-0.10138245,0.20537983,-0.36542234,-0.1244166,0.56784093,-0.44115284,-0.13400277,0.7755835,-0.4601733,-0.14708216,0.9271334,-0.47119606,-0.21011204,0.19221748,-0.29742125,-0.2123818,0.57574844,-0.3721182,-0.20100866,0.81238925,-0.37354696,-0.19272573,0.9812527,-0.37709236,-0.2742303,0.21171346,-0.2211459,-0.21915779,0.5506661,-0.26875395,-0.17070638,0.6378967,-0.2409657,-0.14247432,0.6592031,-0.22427677,-0.29901302,0.25345737,-0.15510795,-0.2339153,0.5009102,-0.20470484,-0.1742498,0.56748956,-0.19849448,-0.14982237,0.5778542,-0.18843076
N,Cristhian,Right,0.0,0.0,0.0,0.11782002,0.15712263,-0.14086515,0.12960313,0.37689525,-0.23611188,0.043427914,0.532937,-0.28840896,-0.04876505,0.5884443,-0.3360431,-0.006627791,0.19732717,-0.40013427,-0.045206584,0.57266986,-0.48589528,-0.06328769,0.7897569,-0.4996573,-0.08115833,0.95638084,-0.5071912,-0.13332419,0.18669486,-0.3490138,-0.13519152,0.5926243,-0.44682294,-0.12437567,0.8323665,-0.4533231,-0.12032256,0.99273485,-0.4585419,-0.22097379,0.20595235,-0.28486088,-0.16325752,0.55590767,-0.35410038,-0.08738913,0.54961663,-0.3176077,-0.036584266,0.47153345,-0.28563282,-0.2754262,0.24969006,-0.22878909,-0.20414233,0.5185599,-0.29462117,-0.1316598,0.5248164,-0.28708413,-0.09611314,0.46487725,-0.27118263
N,Cristhian,Right,0.0,0.0,0.0,0.13920355,0.13564953,-0.114094146,0.1839233,0.36077094,-0.19731736,0.121682726,0.54171616,-0.24606265,0.027915971,0.6257829,-0.29170546,0.07438487,0.20045252,-0.35250685,0.040519897,0.60739833,-0.4424373,0.020968165,0.82164073,-0.4599221,0.0003185145,0.981162,-0.46411687,-0.07485469,0.19323249,-0.31947502,-0.08630004,0.6198314,-0.4080436,-0.07314297,0.8425797,-0.4062006,-0.07445171,0.9972246,-0.3999969,-0.18444176,0.20657457,-0.27607426,-0.1278359,0.55096877,-0.34969646,-0.057072237,0.518212,-0.31542605,-0.02178946,0.42922926,-0.27631003,-0.25038403,0.24162684,-0.23737483,-0.1862179,0.50960237,-0.2987078,-0.1275634,0.49238473,-0.28066468,-0.10950341,0.4150721,-0.25362873
N,Cristhian,Right,0.0,0.0,0.0,0.15652668,0.114931166,-0.1049795,0.21611364,0.36106908,-0.21001872,0.12830715,0.5631912,-0.27907786,0.016897585,0.68132454,-0.3455625,0.19594514,0.13432269,-0.4073016,0.18215106,0.53489876,-0.5156669,0.15952988,0.782541,-0.5669035,0.11847646,0.9709623,-0.5980098,0.031562556,0.07841483,-0.38874704,0.016832376,0.53534806,-0.50182545,0.021085301,0.8157083,-0.52779096,0.0020978085,0.9999978,-0.55103886,-0.11875798,0.08088093,-0.35087872,-0.11323852,0.5370808,-0.4060835,-0.039778356,0.5781048,-0.35580286,-0.0051072715,0.5058056,-0.3215724,-0.23059478,0.13293847,-0.31954476,-0.18337221,0.46239102,-0.3448235,-0.115324415,0.47179848,-0.30108908,-0.092607416,0.3889464,-0.2697516
N,Cristhian,Right,0.0,0.0,0.0,0.19856204,0.0771356,-0.16062722,0.31109607,0.20088848,-0.31905532,0.32744423,0.36986956,-0.454195,0.2776087,0.5177189,-0.58804727,0.3466057,-0.06438046,-0.3917652,0.32578102,0.41950154,-0.6057163,0.28799063,0.733256,-0.7436524,0.2686528,0.9632371,-0.8205291,0.1521091,-0.12898627,-0.39214796,0.13519405,0.4171518,-0.6046365,0.13714744,0.7412965,-0.6576651,0.14554627,0.96605843,-0.6778878,-0.025818521,-0.12090486,-0.39868802,-0.014941953,0.40713096,-0.5522825,0.0401139,0.581688,-0.5298683,0.07951469,0.6579193,-0.49421984,-0.1634773,-0.06650029,-0.4212536,-0.13600071,0.30167082,-0.5070632,-0.074206635,0.37116733,-0.48597825,-0.027534684,0.36032066,-0.45912585
N,Cristhian,Right,0.0,0.0,0.0,0.19534416,0.11779447,-0.13871878,0.3088037,0.2735218,-0.2919845,0.31057262,0.47884348,-0.4231427,0.29286814,0.60053563,-0.5586401,0.31335405,0.04415523,-0.4076285,0.3212424,0.4485904,-0.58264273,0.30443445,0.7101614,-0.69497937,0.2941585,0.92323416,-0.76570946,0.12626025,-0.028063823,-0.41425294,0.14218289,0.48206705,-0.5941232,0.16216004,0.772203,-0.6490749,0.17709413,0.9841939,-0.68664336,-0.04823779,-0.016001917,-0.417009,-0.010166383,0.48041102,-0.5401975,0.06409573,0.675327,-0.5115828,0.10681036,0.77076685,-0.4866797,-0.1799881,0.03329871,-0.43198466,-0.12560035,0.40887812,-0.49734813,-0.039895277,0.51554894,-0.4652814,0.014561401,0.537613,-0.4414044
N,Cristhian,Right,0.0,0.0,0.0,0.22466557,0.08878645,-0.13338262,0.35355622,0.24198565,-0.28353095,0.3892557,0.4390925,-0.4168502,0.38079268,0.58962023,-0.5537383,0.34789893,-0.014389028,-0.38177088,0.37640896,0.4208401,-0.5879602,0.35582218,0.720086,-0.72116494,0.33966067,0.93215954,-0.7996578,0.15816548,-0.07063408,-0.4007704,0.19562009,0.45316234,-0.61247134,0.22675705,0.76253664,-0.68106943,0.24734893,0.9689265,-0.72041965,-0.013705684,-0.05719582,-0.42140144,0.033653278,0.45889488,-0.57973623,0.09078618,0.63832724,-0.5675401,0.11823201,0.70300615,-0.54509133,-0.14193971,-0.0022892982,-0.4537087,-0.10212044,0.36702743,-0.5518174,-0.027451234,0.47500864,-0.5349615,0.025692048,0.48737952,-0.5136548
N,Cristhian,Right,0.0,0.0,0.0,0.20273454,0.12654105,-0.108097866,0.3008397,0.29927906,-0.24619919,0.2844655,0.5021897,-0.37166917,0.26821002,0.61985445,-0.5014272,0.31661516,0.07364489,-0.3328936,0.2951155,0.49282324,-0.48984677,0.26382127,0.74789757,-0.5925565,0.2412681,0.955028,-0.65652484,0.13485359,-0.016338993,-0.35077032,0.12896298,0.49817935,-0.5202258,0.13242586,0.78239715,-0.5712709,0.13974887,0.990187,-0.601431,-0.036682453,-0.024000406,-0.36415324,-0.011426118,0.47333986,-0.47703588,0.041690663,0.6532059,-0.42983553,0.07267581,0.7264765,-0.38739,-0.1638896,0.0054321536,-0.38875154,-0.12920097,0.37195203,-0.4437758,-0.06144244,0.4834903,-0.39435634,-0.017933493,0.5042322,-0.352818
N,Cristhian,Right,0.0,0.0,0.0,0.12567315,0.13224117,-0.07224542,0.14249451,0.36810765,-0.16593075,0.037824214,0.55201703,-0.23235208,-0.062062215,0.6772942,-0.29523054,0.16870941,0.22512211,-0.35240045,0.15275057,0.58227897,-0.44587535,0.14521165,0.77574146,-0.4736081,0.1232612,0.9308987,-0.48692954,0.039798994,0.17871118,-0.34965563,0.0328056,0.5953716,-0.45615247,0.040956926,0.8235962,-0.47254935,0.024670204,0.99969566,-0.4851142,-0.08538423,0.16916758,-0.32690454,-0.0834304,0.55604047,-0.38909444,-0.031149603,0.5001814,-0.32527348,-0.015400362,0.38870686,-0.274184,-0.19014877,0.18811722,-0.3078064,-0.15659307,0.48461327,-0.33104417,-0.116106406,0.44859388,-0.27401707,-0.11828035,0.35453135,-0.2297024
N,Cristhian,Right,0.0,0.0,0.0,0.14866109,0.12401267,-0.06174071,0.18179189,0.35605314,-0.15782285,0.06426281,0.5654175,-0.23309413,-0.04198431,0.6920361,-0.30653644,0.20985982,0.18458235,-0.33618733,0.20366618,0.5701562,-0.4265581,0.19370496,0.7821558,-0.46401584,0.17632174,0.9630908,-0.48877844,0.06745821,0.1341976,-0.3457504,0.07050004,0.55640846,-0.44765815,0.08151124,0.80829364,-0.4656481,0.07235603,0.9973789,-0.48680726,-0.07090951,0.12489541,-0.33622855,-0.0638422,0.55124706,-0.38427782,-0.016254442,0.50732785,-0.32138562,0.0048842244,0.38452688,-0.28108165,-0.18638095,0.15507357,-0.3326715,-0.1516254,0.482386,-0.35087955,-0.10552229,0.4531945,-0.29857448,-0.08923732,0.3451823,-0.26352796
N,Cristhian,Right,0.0,0.0,0.0,0.1426332,0.12832406,-0.077719025,0.1770111,0.36630422,-0.19005609,0.061674967,0.565033,-0.27541596,-0.050834894,0.68970305,-0.35813493,0.20264848,0.19109407,-0.39221883,0.20271012,0.5734076,-0.49848628,0.19017835,0.79087543,-0.54354984,0.16363023,0.9753595,-0.5726256,0.06229775,0.13978973,-0.395206,0.066605635,0.568842,-0.5164011,0.07743282,0.81590205,-0.53845257,0.06277458,0.99802774,-0.5602276,-0.07322395,0.13013893,-0.37629294,-0.07667875,0.55982095,-0.4343602,-0.023618907,0.50562537,-0.3616934,-0.0038343237,0.37121266,-0.31215104,-0.18563296,0.15703993,-0.36382583,-0.15371013,0.48593542,-0.38341942,-0.10447557,0.4558671,-0.32240593,-0.094798855,0.34072706,-0.27986702
N,Cristhian,Right,0.0,0.0,0.0,0.11906763,0.1473163,-0.07940607,0.11675789,0.40486956,-0.16053034,0.00499729,0.6070311,-0.21389204,-0.11128032,0.7280042,-0.26364467,0.12124522,0.23474024,-0.3293153,0.10326154,0.59638244,-0.41706914,0.08296447,0.7962186,-0.43627095,0.055660862,0.9530165,-0.4423996,-0.016676035,0.19352822,-0.32202664,-0.024173142,0.61286306,-0.4127711,-0.020047618,0.83536404,-0.41234857,-0.038513012,0.9992581,-0.41096345,-0.14640737,0.17587614,-0.30049807,-0.13089812,0.5517219,-0.36937103,-0.07603038,0.49276012,-0.3105711,-0.05420909,0.37746286,-0.2568522,-0.25224417,0.1808608,-0.2821862,-0.21247363,0.47037777,-0.32151204,-0.16635682,0.4288029,-0.27365586,-0.1654803,0.32731184,-0.23091607
N,Cristhian,Right,0.0,0.0,0.0,0.1261725,0.1235164,-0.08279207,0.14199992,0.37676555,-0.1574022,0.044664223,0.5934112,-0.20584394,-0.059119448,0.72251064,-0.25159323,0.13530162,0.21930875,-0.30543217,0.11896971,0.6057847,-0.3903509,0.094689675,0.81010085,-0.4081606,0.06417783,0.96732813,-0.41057014,-0.013500314,0.191259,-0.2939082,-0.020686435,0.6280817,-0.37827596,-0.023250736,0.8455657,-0.37580565,-0.04415663,0.9990246,-0.3691036,-0.14870034,0.18543735,-0.27125147,-0.11448886,0.55817837,-0.34606,-0.07096293,0.502409,-0.30011618,-0.05863927,0.39031425,-0.25013888,-0.25307593,0.20586401,-0.25083357,-0.1990111,0.49181873,-0.29776672,-0.15753053,0.44269532,-0.25837317,-0.15997139,0.33912054,-0.21837024
N,Cristhian,Right,0.0,0.0,0.0,0.12623718,0.14085473,-0.08181248,0.16451253,0.36658198,-0.14964873,0.11410079,0.56087697,-0.19253783,0.037435815,0.67647094,-0.23366854,0.09762679,0.26130426,-0.27817425,0.06608757,0.6147909,-0.3590242,0.039988518,0.8041294,-0.37953883,0.01482894,0.95299727,-0.38444978,-0.03896147,0.23332615,-0.26055357,-0.057857856,0.6317852,-0.33600822,-0.06283252,0.8398242,-0.3380774,-0.07472872,0.9972039,-0.33444214,-0.15479122,0.2147347,-0.23309188,-0.119210355,0.5517497,-0.3060321,-0.065832175,0.50234675,-0.27207616,-0.04333042,0.40065876,-0.22964297,-0.23416677,0.21391265,-0.20751838,-0.18782917,0.46365464,-0.2610433,-0.1388019,0.4324397,-0.23578025,-0.12886071,0.34544602,-0.20358421
N,Cristhian,Right,0.0,0.0,0.0,0.13816014,0.1355453,-0.07135669,0.1944199,0.34265032,-0.13232005,0.1404534,0.5256144,-0.17455445,0.056015894,0.6166625,-0.21626915,0.113018446,0.27347073,-0.24568607,0.11742717,0.6329722,-0.32035634,0.109316036,0.8212767,-0.33780527,0.09540665,0.9657682,-0.33990923,-0.025662193,0.26668996,-0.23279287,-0.009854629,0.66020197,-0.3002456,-0.0020609398,0.85790825,-0.3014234,-0.0071227932,0.9999746,-0.29677546,-0.1425735,0.2653437,-0.2120113,-0.087533124,0.59691,-0.28129312,-0.042662784,0.54837185,-0.25804934,-0.0262727,0.44818416,-0.22263783,-0.22544253,0.27896842,-0.19239323,-0.17425878,0.53758925,-0.24489364,-0.12371399,0.50742805,-0.22597213,-0.1091624,0.42262754,-0.19735514
N,Cristhian,Right,0.0,0.0,0.0,0.13157278,0.13631901,-0.07785215,0.17626949,0.36279583,-0.14498848,0.1259971,0.55656576,-0.18802592,0.052108113,0.6658227,-0.22957899,0.12095685,0.2697328,-0.2848391,0.1299316,0.60589767,-0.36576825,0.12818557,0.7903471,-0.38602686,0.12117147,0.9386271,-0.3926014,-0.011198085,0.26017278,-0.27097398,0.01303363,0.6446142,-0.3481709,0.02921793,0.8468901,-0.35142156,0.03290893,0.9994584,-0.35106826,-0.12749352,0.25636235,-0.24653076,-0.06445515,0.59111446,-0.31886834,-0.013633052,0.5367299,-0.28780487,0.00432523,0.43314874,-0.24981439,-0.21154642,0.26427397,-0.22407463,-0.14504807,0.5116091,-0.27477446,-0.08998571,0.48223704,-0.25246271,-0.077840686,0.4003492,-0.22463962
N,Cristhian,Right,0.0,0.0,0.0,0.13444869,0.11457129,-0.09521494,0.18298407,0.33040854,-0.17759077,0.12588553,0.52245677,-0.22978982,0.035078205,0.6335857,-0.27945977,0.11971932,0.22845913,-0.33132392,0.13056797,0.57871294,-0.42396823,0.1266562,0.7717908,-0.4509876,0.11738883,0.9231683,-0.46225813,-0.01459726,0.22601211,-0.30845392,0.017646039,0.62201273,-0.3966595,0.03546245,0.83527076,-0.40284702,0.037278134,0.99930495,-0.4051864,-0.12639745,0.23864599,-0.27388167,-0.05460074,0.5807627,-0.34713683,-0.002750501,0.52985954,-0.30941895,0.011933012,0.43015486,-0.26858264,-0.20209196,0.267232,-0.24291548,-0.1288191,0.51549596,-0.29530704,-0.07712849,0.4821581,-0.27132544,-0.07240198,0.39868638,-0.24294262
N,Cristhian,Right,0.0,0.0,0.0,0.13078643,0.14397112,-0.09080691,0.17740124,0.3564034,-0.15907471,0.12173779,0.53791434,-0.20090672,0.04338025,0.63054943,-0.24032667,0.07220597,0.24065804,-0.28806105,0.07687374,0.6032293,-0.36619133,0.075070605,0.7935729,-0.38334402,0.0674251,0.94315165,-0.3876341,-0.06431139,0.24232297,-0.26364827,-0.04201029,0.63035613,-0.33809665,-0.017765462,0.84365106,-0.3421317,-0.008251107,0.99996597,-0.34134424,-0.16949138,0.25017446,-0.22954261,-0.09723878,0.582316,-0.29580072,-0.033371713,0.55028796,-0.26993653,-0.0035962723,0.45857576,-0.23649262,-0.23496138,0.27139378,-0.19879955,-0.16116013,0.5207172,-0.25373685,-0.10161286,0.5119419,-0.24062163,-0.08273364,0.43991596,-0.21756256
N,Cristhian,Right,0.0,0.0,0.0,0.13077489,0.106001034,-0.107198685,0.19987619,0.3159599,-0.18718146,0.17244737,0.52245206,-0.23570484,0.11995683,0.655777,-0.28190535,0.11775884,0.1812232,-0.34609768,0.13672918,0.58905494,-0.44283167,0.14405967,0.80403334,-0.46798548,0.14542426,0.96906424,-0.47482926,-0.029098138,0.1972609,-0.31743145,0.0097523425,0.6362071,-0.404021,0.04443585,0.8510677,-0.40329984,0.05580842,0.9984415,-0.3979876,-0.14705156,0.22693221,-0.27884275,-0.07438526,0.58135283,-0.3522609,-0.012598324,0.5525545,-0.3195549,0.015311505,0.4607509,-0.2807886,-0.22275938,0.27210394,-0.24428727,-0.16077405,0.5556433,-0.301731,-0.09740886,0.55641866,-0.28114435,-0.06674732,0.48740867,-0.25260913
N,Cristhian,Right,0.0,0.0,0.0,0.13137652,0.14172123,-0.08262197,0.15304123,0.3919745,-0.1509572,0.057578668,0.61345214,-0.19230473,-0.05621755,0.7359484,-0.22928989,0.13376667,0.22248386,-0.2974051,0.14121407,0.59547645,-0.37527102,0.14060412,0.798531,-0.38745287,0.13100906,0.959773,-0.38753432,-0.011724365,0.21367247,-0.2829745,0.021581579,0.6299093,-0.3584009,0.04834642,0.8431785,-0.35705507,0.053475365,0.9985692,-0.35481972,-0.14377128,0.22452919,-0.25698176,-0.07891816,0.59612393,-0.3278681,-0.03357894,0.5391334,-0.28989264,-0.02178978,0.42360172,-0.247833,-0.23996839,0.25240675,-0.23336552,-0.16706559,0.53224593,-0.28059655,-0.11966245,0.48764038,-0.25036836,-0.12147112,0.3851909,-0.21822774
N,Cristhian,Right,0.0,0.0,0.0,0.14852573,0.087486245,-0.07051948,0.21332034,0.32437024,-0.17613234,0.13177739,0.54740465,-0.25803986,0.05414915,0.7107935,-0.33772108,0.24290612,0.14722654,-0.37374988,0.2839403,0.51804125,-0.48175564,0.29274267,0.7300595,-0.52484363,0.28974333,0.9112031,-0.55106753,0.10696839,0.124669194,-0.38357508,0.15077461,0.5567202,-0.499855,0.17802134,0.79599816,-0.515718,0.18595192,0.98255885,-0.5323378,-0.024824278,0.14065503,-0.37424412,0.013957812,0.56182516,-0.4368474,0.04132243,0.48968816,-0.36362264,0.043244004,0.35946488,-0.3124225,-0.13815582,0.18620124,-0.37068486,-0.079646945,0.49877545,-0.3938855,-0.049578834,0.44985038,-0.3322641,-0.055150032,0.34230387,-0.28894132
N,Cristhian,Right,0.0,0.0,0.0,0.13286288,0.12562627,-0.06627824,0.15383014,0.3736308,-0.1422205,0.06337505,0.580527,-0.19590685,-0.02842382,0.7127757,-0.24676213,0.17085074,0.23678157,-0.29368904,0.17579907,0.60310996,-0.37642,0.1791163,0.8026439,-0.39844224,0.16625889,0.96156406,-0.4062689,0.03496351,0.2089372,-0.2928879,0.0565185,0.6254421,-0.37565818,0.07644308,0.83699244,-0.3778137,0.06330067,0.9979945,-0.3783347,-0.096141405,0.20801744,-0.27869463,-0.05672611,0.57712924,-0.34029293,-0.006884356,0.51270133,-0.28604016,-0.0005156635,0.3983605,-0.2365307,-0.20425248,0.2304642,-0.26761207,-0.149538,0.5116927,-0.2987526,-0.1096696,0.46639192,-0.25178608,-0.12139165,0.37193865,-0.21095663
N,Cristhian,Right,0.0,0.0,0.0,0.13515067,0.13210689,-0.0835774,0.14127897,0.39198452,-0.16281551,0.032433964,0.59605116,-0.21298385,-0.08475208,0.6970561,-0.26029465,0.14121096,0.23668143,-0.3275891,0.123011254,0.60154504,-0.40410823,0.10783926,0.7951118,-0.4149481,0.08723423,0.94458205,-0.41494495,-0.00084437086,0.20053391,-0.31420654,-0.0064143604,0.60895634,-0.3918417,0.0056238193,0.83550423,-0.3887049,-0.00034620395,0.99999994,-0.38652217,-0.13269055,0.19024806,-0.2865292,-0.10491564,0.5479101,-0.34978944,-0.05395613,0.5014305,-0.30482987,-0.03522527,0.39369416,-0.26147044,-0.23744118,0.2066379,-0.2613051,-0.18711098,0.49244732,-0.29959884,-0.14042673,0.45315132,-0.26139826,-0.14030074,0.35225675,-0.22610922
N,Cristhian,Right,0.0,0.0,0.0,0.12982972,0.14951764,-0.08075358,0.13261925,0.39932787,-0.14606494,0.028695637,0.6091366,-0.1854756,-0.0744374,0.7373047,-0.22022179,0.11846305,0.2596363,-0.28524527,0.09820874,0.6405222,-0.3554119,0.08044704,0.8372478,-0.35868204,0.061032187,0.9899674,-0.35240123,-0.025271388,0.23418498,-0.27171296,-0.03748014,0.6450819,-0.3389151,-0.03248584,0.851673,-0.32947505,-0.037671402,0.99929017,-0.32118365,-0.15435085,0.21577378,-0.24814127,-0.1354771,0.572422,-0.3155401,-0.09050194,0.52209634,-0.27935052,-0.0690886,0.41831428,-0.23905124,-0.25193155,0.21502072,-0.22657691,-0.2182905,0.4899581,-0.27549225,-0.17171082,0.4553232,-0.2496916,-0.16181684,0.362496,-0.22019339
N,Cristhian,Right,0.0,0.0,0.0,0.1249736,0.14464554,-0.086216584,0.12763827,0.39472333,-0.16842759,0.023537835,0.5935896,-0.22052072,-0.08768518,0.7059988,-0.26971495,0.12460802,0.24079062,-0.33513677,0.106131755,0.614002,-0.41892356,0.089021735,0.8082303,-0.43490645,0.066742934,0.9592554,-0.43838626,-0.015042194,0.2086756,-0.32058138,-0.019864092,0.6233071,-0.40298185,-0.0157647,0.84005713,-0.40113986,-0.029603759,0.9995617,-0.39969853,-0.14403768,0.19680433,-0.29201582,-0.11242731,0.5568917,-0.35891542,-0.063273646,0.50360304,-0.3125732,-0.04581513,0.39522636,-0.26858547,-0.24375543,0.20802644,-0.26611596,-0.19145855,0.48336688,-0.3091316,-0.14558272,0.44634137,-0.27323,-0.14531787,0.34987906,-0.2393342
N,Cristhian,Right,0.0,0.0,0.0,0.12792556,0.1370437,-0.08403207,0.13997762,0.38279688,-0.15759559,0.047181223,0.58932495,-0.2030191,-0.0551867,0.70951396,-0.2452924,0.13329457,0.24313353,-0.31161347,0.11638866,0.62669235,-0.38820383,0.09735422,0.8273518,-0.39808965,0.07687796,0.98498094,-0.3971199,-0.013378867,0.21648324,-0.2973334,-0.018068379,0.6330067,-0.37407693,-0.015518638,0.8445814,-0.37034068,-0.02428466,0.9997051,-0.365124,-0.14636451,0.20331378,-0.27023974,-0.11146405,0.5588615,-0.3404142,-0.06595312,0.50914806,-0.30039173,-0.045880556,0.40544623,-0.25698847,-0.2467599,0.21054907,-0.24494204,-0.19634193,0.48525053,-0.29358828,-0.15015848,0.44657704,-0.2613216,-0.14467943,0.34990162,-0.22671326
N,Cristhian,Right,0.0,0.0,0.0,0.1268267,0.14800063,-0.069484286,0.13865028,0.39274994,-0.13617209,0.043915477,0.5989607,-0.17927454,-0.06445883,0.7249022,-0.21764794,0.14407103,0.24401633,-0.28507757,0.13129085,0.61667395,-0.36188915,0.11932411,0.8157495,-0.37136924,0.103141606,0.972489,-0.36934415,0.0038641656,0.21992002,-0.27954698,0.0030544994,0.6379202,-0.35415176,0.01698283,0.84822947,-0.34565735,0.01824226,0.9998336,-0.33703384,-0.12610029,0.20979442,-0.26262656,-0.08997385,0.56932175,-0.32846013,-0.04714036,0.5164112,-0.2823498,-0.030386569,0.41380933,-0.23600934,-0.22525233,0.21585302,-0.24768476,-0.17666371,0.4963775,-0.28602538,-0.13355084,0.4592363,-0.2484579,-0.13108084,0.3686301,-0.2127192
N,Cristhian,Right,0.0,0.0,0.0,0.124898575,0.13103932,-0.064595886,0.13934913,0.3721376,-0.14251006,0.04817238,0.56831634,-0.19793211,-0.040419247,0.6959228,-0.2502977,0.16745591,0.25283924,-0.29676834,0.1624083,0.60326225,-0.37797076,0.1557439,0.79633415,-0.40275857,0.13873091,0.9542003,-0.4150962,0.03662951,0.21680799,-0.29728863,0.04084951,0.6113542,-0.38103136,0.051083192,0.82943237,-0.3906835,0.03985729,0.9992054,-0.39933082,-0.08970403,0.20802778,-0.28292063,-0.06842004,0.5738667,-0.34166488,-0.014780334,0.5174322,-0.2905749,0.003422847,0.40843552,-0.24638247,-0.19606137,0.22386096,-0.2716028,-0.14825964,0.50139165,-0.30073562,-0.10410015,0.46348748,-0.255755,-0.10757367,0.37157133,-0.2180147
N,Cristhian,Right,0.0,0.0,0.0,0.13650723,0.12378776,-0.07368021,0.16300586,0.37432826,-0.15218426,0.06914039,0.5838337,-0.20473836,-0.030272884,0.7210831,-0.25340787,0.1748045,0.21939309,-0.3144398,0.17613421,0.59256065,-0.3982451,0.1739331,0.79768,-0.42019415,0.15745702,0.963359,-0.42881307,0.03234406,0.19337982,-0.306867,0.051992893,0.6117992,-0.39411253,0.071771994,0.83249646,-0.39867052,0.061605252,0.9981006,-0.40191755,-0.10100769,0.20091684,-0.28447217,-0.058041126,0.5817201,-0.34708074,-0.003963942,0.5208553,-0.29317653,0.006285957,0.4029972,-0.24462135,-0.2089787,0.23692876,-0.26536393,-0.14253624,0.5219062,-0.2983359,-0.09842155,0.4775007,-0.254044,-0.10807874,0.3812247,-0.21543491
N,Cristhian,Right,0.0,0.0,0.0,0.14398828,0.13525087,-0.08407652,0.18367252,0.37439722,-0.15627874,0.11945323,0.5785355,-0.20187591,0.032926753,0.6980134,-0.24551627,0.12224491,0.2703625,-0.29605988,0.10890608,0.6213847,-0.37708008,0.09551685,0.8150106,-0.39886975,0.07720921,0.96935314,-0.40824315,-0.018509027,0.24969713,-0.2799225,-0.014448907,0.64335304,-0.35711208,-0.0043714736,0.8454911,-0.3584571,-0.0116518615,0.9999321,-0.3579883,-0.13593762,0.2374805,-0.2528449,-0.083957195,0.5855727,-0.31971508,-0.025400724,0.5364875,-0.27860993,-0.007465233,0.4322999,-0.23619436,-0.21969907,0.24244434,-0.22880326,-0.16262047,0.50202984,-0.27795783,-0.108959615,0.47336513,-0.25071707,-0.101928666,0.3854608,-0.22044517
N,Cristhian,Right,0.0,0.0,0.0,0.14306377,0.12618113,-0.076460615,0.19335108,0.34391838,-0.1444503,0.13691157,0.5284219,-0.18721907,0.049484786,0.6224777,-0.22870386,0.10444274,0.2733358,-0.28760213,0.10117519,0.61899555,-0.3689788,0.08879087,0.80418307,-0.3921117,0.07436982,0.94661295,-0.40148637,-0.024618622,0.2653271,-0.26990288,-0.011060416,0.65316755,-0.3461361,4.993248e-05,0.852449,-0.34819424,-0.0021521854,0.9999977,-0.3469672,-0.1282504,0.262375,-0.24075696,-0.07491176,0.596805,-0.29844463,-0.015457018,0.5627756,-0.25834158,0.008017503,0.47695845,-0.21795478,-0.19896318,0.26831588,-0.2147387,-0.13798231,0.51340395,-0.25581715,-0.082498744,0.49922472,-0.22985311,-0.06983306,0.4281887,-0.20026687
N,Cristhian,Right,0.0,0.0,0.0,0.1293059,0.13512285,-0.1016683,0.13384727,0.39412272,-0.19467054,0.031903293,0.59277844,-0.2504061,-0.072000846,0.72895855,-0.3005285,0.12939177,0.15561119,-0.40947917,0.10731555,0.56862324,-0.51710075,0.079190984,0.7888231,-0.53979945,0.05667925,0.95861465,-0.5466439,-0.022274187,0.12424991,-0.38995075,-0.026783256,0.60269904,-0.49682483,-0.025430344,0.83563095,-0.48807436,-0.036236655,0.9993432,-0.4798913,-0.15491703,0.124473885,-0.35439497,-0.12331821,0.5369732,-0.43113792,-0.071646325,0.4993922,-0.36274764,-0.04688436,0.39773303,-0.3032702,-0.25093916,0.15220714,-0.32296103,-0.20863001,0.46940532,-0.36869183,-0.1603593,0.4435927,-0.31944337,-0.15241024,0.34648767,-0.27642453
N,Cristhian,Right,0.0,0.0,0.0,0.14403363,0.10588924,-0.08638498,0.17934093,0.3523484,-0.18169692,0.07530203,0.5588563,-0.24433482,-0.039863344,0.68693256,-0.30082682,0.16727656,0.13012859,-0.38337904,0.16022585,0.51319176,-0.48455778,0.14761364,0.7408092,-0.5260625,0.121120766,0.92328376,-0.5525342,0.021028116,0.08898288,-0.37222326,0.018854177,0.5415187,-0.47563392,0.024287153,0.8078372,-0.49393296,0.0036383548,0.9999934,-0.51545626,-0.11179702,0.10063321,-0.34061348,-0.11302908,0.54095995,-0.38606498,-0.04837087,0.50300765,-0.31451312,-0.02433664,0.38074183,-0.2667176,-0.21665351,0.15181668,-0.3160122,-0.18261923,0.47730708,-0.3326486,-0.12992522,0.45549902,-0.27784076,-0.12035278,0.35317296,-0.2397107
N,Cristhian,Right,0.0,0.0,0.0,0.13567212,0.13266598,-0.082543306,0.14413482,0.3938176,-0.17336224,0.033603456,0.61106795,-0.23205568,-0.07247404,0.76366144,-0.2863413,0.15217882,0.19704469,-0.37399548,0.14575517,0.5854537,-0.47424158,0.13344355,0.80679744,-0.50637984,0.10661938,0.9792048,-0.5222827,0.0043654596,0.16222523,-0.36374113,0.009103314,0.60082513,-0.46824804,0.020448186,0.83355117,-0.47717634,-0.0025959206,0.9999966,-0.4856114,-0.1344659,0.1655399,-0.33510822,-0.117914945,0.5752188,-0.3976805,-0.04868136,0.5350065,-0.33159855,-0.027685363,0.41970897,-0.27915505,-0.24711448,0.2022422,-0.31066436,-0.19416912,0.51114285,-0.34383464,-0.13697898,0.48318043,-0.29317722,-0.1354527,0.38171238,-0.25165516
N,Cristhian,Right,0.0,0.0,0.0,0.1376723,0.11123721,-0.080492765,0.1715169,0.3602292,-0.18057214,0.07522117,0.56199455,-0.25029725,-0.02514104,0.6876895,-0.31602898,0.19203131,0.17603692,-0.3841214,0.19877267,0.5390759,-0.48850664,0.20461378,0.7470828,-0.52439,0.19564182,0.9177844,-0.54464644,0.052573472,0.14128345,-0.3808646,0.07309623,0.5825704,-0.49875328,0.10205518,0.81622773,-0.5168492,0.09754686,0.9952309,-0.5302646,-0.083074585,0.14369419,-0.3561222,-0.070355706,0.55244774,-0.4233739,-0.015484463,0.49164954,-0.34882867,-0.0015689661,0.37228495,-0.28971875,-0.19838536,0.17369549,-0.33582178,-0.15920006,0.48624805,-0.3603823,-0.122105084,0.44222188,-0.29397276,-0.13220325,0.33856794,-0.24256216
N,Cristhian,Right,0.0,0.0,0.0,0.15136509,0.099364944,-0.106898196,0.22051132,0.31001112,-0.22987483,0.14044544,0.4944337,-0.32348448,0.05587414,0.62747943,-0.41468155,0.15401113,0.042833496,-0.41770554,0.11082645,0.5006684,-0.5345854,0.08915028,0.7545289,-0.5827775,0.061518233,0.96575123,-0.61041707,-0.01614147,-0.006363606,-0.4097955,-0.055658113,0.512768,-0.53797257,-0.055734716,0.8026647,-0.54361814,-0.07545783,0.997149,-0.55074173,-0.15773152,0.0010675929,-0.38457692,-0.14179422,0.47286704,-0.44077343,-0.07045865,0.4649682,-0.35364965,-0.03135987,0.36308685,-0.2950422,-0.25178218,0.037946668,-0.37074086,-0.19726558,0.3968664,-0.38356975,-0.11814192,0.40794766,-0.31686464,-0.07024662,0.32104635,-0.27357253
N,Cristhian,Right,0.0,0.0,0.0,0.11441239,0.1878048,-0.13631079,0.11929631,0.4051381,-0.22691041,0.028783519,0.5336472,-0.27407447,-0.052595228,0.5883702,-0.31843722,0.005823764,0.1735947,-0.38853934,-0.037506916,0.53362244,-0.47707745,-0.062051456,0.75011075,-0.4973441,-0.08590769,0.91820174,-0.50837964,-0.13366805,0.15072213,-0.3399442,-0.1474981,0.55610675,-0.42698225,-0.14544562,0.81294346,-0.42551187,-0.14466262,0.98948103,-0.42659187,-0.23679434,0.16356394,-0.28135258,-0.19424194,0.52702373,-0.33784696,-0.14055298,0.6651732,-0.31393746,-0.09850504,0.7136677,-0.29885957,-0.2998157,0.20202707,-0.23093425,-0.24593581,0.46878317,-0.28727353,-0.17995699,0.556497,-0.28692782,-0.13684568,0.57977194,-0.28262857
N,Cristhian,Right,0.0,0.0,0.0,0.12536602,0.15556353,-0.13544928,0.149191,0.37179068,-0.22945613,0.07627464,0.51641905,-0.28265217,-0.009226442,0.5717322,-0.33319047,0.032813977,0.16008542,-0.3918183,0.008780647,0.5366297,-0.4844264,-0.0037423437,0.7587043,-0.503931,-0.021718035,0.930238,-0.5143766,-0.10800887,0.15849374,-0.34718752,-0.09878046,0.58420193,-0.4438304,-0.07701998,0.8343203,-0.44608304,-0.06951052,0.99758124,-0.4473929,-0.21184583,0.18570954,-0.29130742,-0.14048713,0.5331454,-0.36487222,-0.062304307,0.5275637,-0.33343711,-0.017305564,0.45171967,-0.30320886,-0.28018034,0.2339658,-0.24276672,-0.20187435,0.5029413,-0.31207055,-0.13028558,0.5047211,-0.30551845,-0.10027311,0.44505948,-0.29013708
N,Cristhian,Right,0.0,0.0,0.0,0.13592644,0.12660855,-0.102137245,0.18947203,0.3453079,-0.18432894,0.13486661,0.5227819,-0.23400344,0.04375356,0.6122536,-0.28134724,0.10275668,0.1799962,-0.3492863,0.088885896,0.5767727,-0.44430292,0.07391194,0.78697544,-0.46697053,0.054391537,0.9507659,-0.47396114,-0.049425215,0.1782726,-0.32456663,-0.03735794,0.6234019,-0.41081163,-0.017309813,0.84199667,-0.4089759,-0.016321076,0.9998668,-0.40339786,-0.1662768,0.19437511,-0.28808096,-0.09219923,0.5566946,-0.3635484,-0.031787694,0.5085693,-0.32636535,-0.009646564,0.4087843,-0.28385794,-0.23835784,0.22977068,-0.254656,-0.16465808,0.50741094,-0.3139231,-0.10890998,0.479498,-0.28952664,-0.09811478,0.39181596,-0.25808156
N,Cristhian,Right,0.0,0.0,0.0,0.1330967,0.1348988,-0.1067128,0.16987996,0.355035,-0.19089442,0.113397256,0.5479293,-0.23934387,0.033906866,0.66522056,-0.28576967,0.088115305,0.19048667,-0.3708837,0.0835273,0.60529757,-0.4682432,0.07889711,0.82059616,-0.49005002,0.06716536,0.9852304,-0.49531782,-0.064230055,0.18523498,-0.3403429,-0.05409298,0.63009715,-0.42790687,-0.029908694,0.8483629,-0.41869122,-0.023188924,0.9997311,-0.40799996,-0.18234554,0.19791082,-0.297743,-0.12613389,0.57038563,-0.36904785,-0.06442249,0.5383934,-0.32522455,-0.037974752,0.44362926,-0.28019148,-0.25363967,0.22716856,-0.25873837,-0.19538583,0.5103043,-0.31448892,-0.13625234,0.4983582,-0.28730884,-0.1191837,0.41604942,-0.25466684
N,Cristhian,Right,0.0,0.0,0.0,0.122980446,0.15043537,-0.09112986,0.14669788,0.37326655,-0.16254482,0.079142526,0.5630882,-0.20485757,-0.0067844903,0.66678184,-0.2447496,0.08180067,0.23968671,-0.3146519,0.070694104,0.5939895,-0.40875682,0.06420007,0.79079944,-0.43349737,0.05319315,0.9430956,-0.44117174,-0.057854593,0.22610807,-0.29302686,-0.051870413,0.63488394,-0.3787377,-0.038206365,0.8461807,-0.37670067,-0.03968427,0.99921227,-0.36936086,-0.17312917,0.21882355,-0.26177824,-0.12401809,0.5557798,-0.33746982,-0.06828974,0.5259716,-0.3022329,-0.045330565,0.43949896,-0.25950286,-0.25037768,0.22151427,-0.23363665,-0.2023972,0.4861119,-0.28802428,-0.14683546,0.47696123,-0.2641702,-0.13149473,0.3988407,-0.23292741
N,Cristhian,Right,0.0,0.0,0.0,0.1176698,0.1543279,-0.094267145,0.14307356,0.3709492,-0.17132983,0.08481661,0.55526304,-0.21853869,0.0037762024,0.6632376,-0.2631851,0.07230765,0.24594419,-0.3297763,0.06325744,0.6065984,-0.42667082,0.05363075,0.8056166,-0.45036742,0.03811476,0.9559413,-0.45603833,-0.06463847,0.22493342,-0.30642843,-0.062187366,0.64101267,-0.395794,-0.052344467,0.85184103,-0.39107037,-0.057293598,0.99835736,-0.38071457,-0.17603062,0.21397255,-0.27312857,-0.13308105,0.55621,-0.34845325,-0.07710668,0.5293189,-0.30910164,-0.054472517,0.44636506,-0.26360542,-0.25045413,0.21340486,-0.24300589,-0.21017677,0.48069516,-0.29312262,-0.15414697,0.47611633,-0.26489896,-0.13673283,0.40387696,-0.23103555
N,Cristhian,Right,0.0,0.0,0.0,0.12949327,0.15216546,-0.08481038,0.16012141,0.3842761,-0.15531012,0.089037955,0.55934256,-0.1992702,0.00074790104,0.6578968,-0.24187344,0.09298308,0.270767,-0.3056499,0.0710198,0.62197495,-0.39799467,0.05009971,0.81249446,-0.4271806,0.025567304,0.96350294,-0.4396117,-0.044663105,0.24063978,-0.2885999,-0.052769303,0.64215636,-0.37320194,-0.05084977,0.8469998,-0.37575164,-0.059062243,0.9982543,-0.37381673,-0.15869954,0.21754701,-0.2614392,-0.12697574,0.57348824,-0.3357763,-0.07236227,0.5340153,-0.29887372,-0.04693761,0.43752846,-0.25632048,-0.2386098,0.20968206,-0.23715971,-0.20341516,0.4791811,-0.29170862,-0.14829558,0.46548882,-0.26746893,-0.1296525,0.3861455,-0.23672879
N,Cristhian,Right,0.0,0.0,0.0,0.11754133,0.16985387,-0.077036485,0.12922624,0.3971377,-0.1386363,0.051082876,0.5683201,-0.17718412,-0.03818118,0.6561171,-0.21457234,0.056339003,0.28945184,-0.26220018,0.026428957,0.6294487,-0.33783528,0.0069717816,0.8099938,-0.3587112,-0.012474798,0.95531064,-0.36615193,-0.079056755,0.25991097,-0.24593793,-0.094356395,0.6468884,-0.31351054,-0.09134757,0.8447245,-0.31377903,-0.09849064,0.995138,-0.31085518,-0.19001584,0.23345861,-0.22066809,-0.15986294,0.5755931,-0.2853647,-0.09986305,0.536987,-0.25465366,-0.072419934,0.43983677,-0.21668093,-0.26689333,0.22040284,-0.19793421,-0.23347892,0.47520912,-0.24717456,-0.17717628,0.46290416,-0.22660862,-0.15954287,0.38430586,-0.19877642
N,Cristhian,Right,0.0,0.0,0.0,0.13506743,0.12343971,-0.10781835,0.17992836,0.36282083,-0.21011,0.10975065,0.54471976,-0.27301365,0.02245219,0.6556891,-0.33424798,0.1409359,0.16648595,-0.43704408,0.10350483,0.58586395,-0.559387,0.07446427,0.81160784,-0.6033764,0.046263907,0.9838664,-0.6268334,-0.015533238,0.12595792,-0.41368812,-0.03852386,0.6020173,-0.531676,-0.03754092,0.8366958,-0.5392788,-0.051130958,0.998692,-0.54415226,-0.15028532,0.116503805,-0.37221313,-0.12911849,0.52660525,-0.4523037,-0.06988842,0.4871869,-0.38757133,-0.04145013,0.3764649,-0.33194667,-0.2447657,0.13604183,-0.33495626,-0.20452109,0.44759268,-0.3919774,-0.15579797,0.42283854,-0.34742635,-0.14786333,0.32137248,-0.30513802
N,Cristhian,Right,0.0,0.0,0.0,0.13794939,0.13334905,-0.1563677,0.18725021,0.3466389,-0.3277377,0.10912357,0.5777802,-0.47147664,0.05147706,0.7213905,-0.6191032,0.15959094,0.061788805,-0.46800706,0.12932976,0.48009408,-0.6384577,0.0992538,0.7495599,-0.7438148,0.06383109,0.97600687,-0.8116993,-0.01629568,-0.011672779,-0.45932418,-0.03977314,0.49587196,-0.63835305,-0.03586028,0.791482,-0.68596655,-0.041710258,0.9991298,-0.7243956,-0.16940174,-0.00315758,-0.44056997,-0.14801584,0.4827139,-0.5415775,-0.09542995,0.56087536,-0.47706074,-0.08046916,0.5283132,-0.43446335,-0.27247822,0.04482054,-0.4379823,-0.22920144,0.42497882,-0.4837703,-0.15710624,0.49595687,-0.4316787,-0.12225462,0.45506534,-0.39861602
N,Cristhian,Right,0.0,0.0,0.0,0.1344639,0.15234843,-0.13576761,0.18065226,0.36737883,-0.24395585,0.130816,0.53435314,-0.31116596,0.047589403,0.62158805,-0.3766612,0.11032852,0.10486688,-0.44079855,0.07736546,0.52862555,-0.56433225,0.06438644,0.78870887,-0.60053706,0.050633937,0.98905903,-0.61722034,-0.058995247,0.08039338,-0.4031344,-0.08484974,0.5683889,-0.51272964,-0.053820014,0.8328291,-0.50958544,-0.03204922,0.99948627,-0.50652283,-0.19575918,0.10134363,-0.35351843,-0.14439826,0.5396613,-0.44007105,-0.06898487,0.5376707,-0.39794555,-0.026948018,0.45277452,-0.35788625,-0.2929076,0.15926576,-0.31026742,-0.2260709,0.4964085,-0.37988862,-0.15244067,0.51185924,-0.3599754,-0.12014271,0.44628608,-0.33541954
N,Cristhian,Right,0.0,0.0,0.0,0.14104247,0.118310064,-0.10617671,0.187964,0.3496459,-0.20643583,0.12004152,0.53086096,-0.26693386,0.030684995,0.6548822,-0.32400525,0.14741987,0.14292803,-0.42921513,0.10675844,0.56920105,-0.54836696,0.07606886,0.80195796,-0.5930344,0.049914606,0.97941023,-0.6158318,-0.014765825,0.103477545,-0.40433198,-0.031971328,0.59534913,-0.5090167,-0.022236677,0.835813,-0.50864416,-0.03112345,0.99951553,-0.50933546,-0.15251276,0.105660275,-0.36189875,-0.13209417,0.5295499,-0.425824,-0.061064918,0.51999676,-0.35391405,-0.027574625,0.42203552,-0.29633868,-0.24773937,0.14217672,-0.324661,-0.21128753,0.46774265,-0.36679658,-0.15157545,0.46585074,-0.313895,-0.13581298,0.3761781,-0.26756337
N,Cristhian,Right,0.0,0.0,0.0,0.13278784,0.13778368,-0.10491407,0.14514251,0.40633658,-0.19442718,0.042736847,0.6243203,-0.24623811,-0.060818754,0.76592344,-0.29223245,0.13946722,0.17113471,-0.4017214,0.11407895,0.6028911,-0.505515,0.088056415,0.8276339,-0.5248777,0.06302085,0.9938721,-0.5288527,-0.020153487,0.13810346,-0.38182727,-0.031643014,0.6313931,-0.48380217,-0.018918617,0.8542576,-0.4702407,-0.02850162,0.99959373,-0.4572527,-0.16177864,0.1321567,-0.34724566,-0.14132278,0.5563208,-0.42565238,-0.084559195,0.5128966,-0.35885796,-0.06262476,0.39575908,-0.29886013,-0.26470676,0.1518828,-0.31690073,-0.23278628,0.4767038,-0.37043628,-0.18058299,0.44505247,-0.32383075,-0.17471986,0.33246723,-0.27976692
N,Cristhian,Right,0.0,0.0,0.0,0.26685527,-0.0095740985,-0.08106983,0.4135973,0.07616388,-0.22358811,0.46653092,0.24488126,-0.36346757,0.46761608,0.38416192,-0.5096948,0.46586826,-0.2066313,-0.32301474,0.5298447,0.27062565,-0.52399856,0.5506096,0.58862555,-0.6610913,0.5831813,0.812342,-0.7480778,0.2586035,-0.22935341,-0.3706164,0.3520418,0.30271986,-0.58771384,0.42470214,0.63174975,-0.67634124,0.4964156,0.8449261,-0.7332281,0.059541877,-0.18912365,-0.4138169,0.14345725,0.28998503,-0.57059246,0.18427679,0.42076722,-0.5749981,0.19721165,0.43601024,-0.5695171,-0.1010105,-0.113774136,-0.46468785,-0.032590497,0.25760496,-0.549462,0.014489188,0.32275453,-0.53562444,0.027267918,0.27349582,-0.5230198
N,Cristhian,Right,0.0,0.0,0.0,0.1750139,0.061895702,-0.13561384,0.27153367,0.22874294,-0.2783157,0.2932805,0.4297483,-0.40439713,0.2520907,0.6211999,-0.5349905,0.20364937,-0.0028226897,-0.35312882,0.23256584,0.5068234,-0.53498656,0.24443775,0.7821552,-0.6550849,0.25950152,0.9657427,-0.7253349,0.016308792,-0.0010772129,-0.357836,0.08385849,0.5142445,-0.5316854,0.14396037,0.7881461,-0.5746932,0.18774693,0.9741734,-0.60050327,-0.13067767,0.041773003,-0.36516842,-0.036392357,0.56332475,-0.5021893,0.040622495,0.71137524,-0.49026912,0.08696507,0.77715904,-0.46908146,-0.2312305,0.1193246,-0.38556078,-0.13425781,0.48911723,-0.46519485,-0.04908158,0.57117224,-0.45034412,0.00474743,0.5804039,-0.43622625
N,Cristhian,Right,0.0,0.0,0.0,0.13733089,0.025561629,-0.19610912,0.13812947,0.17084463,-0.324311,0.09443999,0.39769542,-0.39336315,0.050994255,0.59527105,-0.4647778,0.01068532,-0.09693289,-0.47309333,0.06524788,0.4029083,-0.57132006,0.07763842,0.68843144,-0.59307164,0.07951936,0.8673696,-0.6027341,-0.15519936,-0.090769656,-0.40987015,-0.08755332,0.4793242,-0.49052447,-0.030658392,0.8074452,-0.49616206,0.008311721,0.9999654,-0.5081239,-0.28133097,-0.02415865,-0.33443627,-0.19703272,0.4980407,-0.40425816,-0.10855087,0.71117663,-0.3992403,-0.061415043,0.822642,-0.40298438,-0.34449247,0.064069234,-0.26781994,-0.26093078,0.44672403,-0.335843,-0.16291614,0.60787886,-0.32253423,-0.10039632,0.6920406,-0.30642977
N,Cristhian,Right,0.0,0.0,0.0,0.16466793,0.033629674,-0.12553528,0.27948862,0.23426813,-0.2257613,0.26666448,0.47612062,-0.2834817,0.2083757,0.66223365,-0.33928964,0.1780783,0.0033119645,-0.40896803,0.1891073,0.45218948,-0.51258403,0.1834111,0.7321203,-0.5466893,0.1705715,0.93612874,-0.55683386,0.003784909,0.014368744,-0.37178877,0.04062166,0.5100041,-0.4542917,0.06317928,0.79738927,-0.44809857,0.06946363,0.99758446,-0.4474852,-0.1226307,0.06922649,-0.32194236,-0.08574914,0.51583713,-0.3684554,-0.02608524,0.7279843,-0.3357293,0.0065733953,0.8496284,-0.31410447,-0.1877612,0.14027384,-0.27774844,-0.12839891,0.48703742,-0.29795638,-0.06745479,0.63819045,-0.27249947,-0.029557798,0.7185162,-0.25730896
N,Cristhian,Right,0.0,0.0,0.0,0.15672801,0.0933412,-0.119979896,0.24044211,0.303489,-0.2138287,0.21675667,0.4985668,-0.26901993,0.14627504,0.6127982,-0.32196838,0.1308537,0.12682612,-0.39764884,0.15275636,0.5545833,-0.49618164,0.16762272,0.7852702,-0.516631,0.17042112,0.9613417,-0.5225939,-0.024863012,0.15716046,-0.36441517,0.020546507,0.60936105,-0.45347062,0.064943925,0.8371491,-0.44811317,0.08445547,0.99642724,-0.44298172,-0.14718904,0.20431833,-0.3180173,-0.047966644,0.5694958,-0.38911325,0.0077447123,0.51733065,-0.34696722,0.02533798,0.41023818,-0.30641156,-0.22418635,0.26436648,-0.27652156,-0.12836727,0.540106,-0.33697382,-0.076975904,0.5016997,-0.31286496,-0.07234273,0.40731347,-0.2840272
N,Cristhian,Right,0.0,0.0,0.0,0.17345302,0.09086892,-0.09653603,0.22780195,0.3123052,-0.21007541,0.11620705,0.5297187,-0.2894949,-0.014917201,0.6829933,-0.3628842,0.20597705,0.013665572,-0.4307024,0.23325194,0.44540298,-0.55671424,0.23657754,0.73223853,-0.626173,0.21444048,0.9640698,-0.672154,0.03363048,-0.033152685,-0.4238795,0.06078226,0.4960321,-0.5522669,0.093279436,0.7954775,-0.5798094,0.08359497,0.99649984,-0.608185,-0.12515767,-0.005076206,-0.39460704,-0.10243568,0.52718544,-0.44970813,-0.028045444,0.50854856,-0.36336276,-0.0064105024,0.3664454,-0.3061843,-0.24174297,0.06835643,-0.3748001,-0.19068876,0.4510016,-0.3877399,-0.12888384,0.43616244,-0.313931,-0.12076428,0.31456688,-0.26417372
N,Cristhian,Right,0.0,0.0,0.0,0.14838547,0.10862805,-0.095820785,0.1715935,0.32476926,-0.24491271,0.027128214,0.55357575,-0.36722714,-0.07622107,0.71140665,-0.4925552,0.18431272,0.10365524,-0.46612564,0.2028736,0.5036095,-0.6064442,0.19910963,0.7481722,-0.6825403,0.18628547,0.95716554,-0.73301136,0.023086848,0.062160984,-0.4736135,0.03683013,0.51537097,-0.6364224,0.06571629,0.7969191,-0.67622113,0.07587617,0.9971172,-0.71136564,-0.12735379,0.078260936,-0.45703208,-0.0967818,0.5309256,-0.5258068,-0.043554556,0.5288945,-0.44694564,-0.019518757,0.42312437,-0.40035555,-0.23538785,0.1311227,-0.45047742,-0.1860182,0.4677199,-0.46761042,-0.12242413,0.47078234,-0.39939487,-0.09005764,0.3874613,-0.35796213
N,Cristhian,Right,0.0,0.0,0.0,0.1430798,0.12893127,-0.07768359,0.16771771,0.38966358,-0.17360118,0.058336962,0.5926704,-0.23508532,-0.054224875,0.7055483,-0.29103145,0.17032821,0.19427903,-0.39546508,0.16972832,0.5796383,-0.493101,0.16801974,0.7952575,-0.5232719,0.15073581,0.962449,-0.54031694,0.020280018,0.14799008,-0.38688526,0.031561438,0.5950216,-0.50186336,0.06308648,0.8298747,-0.5155669,0.05614437,0.9984227,-0.52645576,-0.11700888,0.1467415,-0.35428247,-0.10357531,0.56734574,-0.40970302,-0.03563688,0.5194214,-0.32566026,-0.01535724,0.40724173,-0.26246205,-0.22903344,0.17811489,-0.32595992,-0.18022104,0.49398303,-0.33954263,-0.12883283,0.45933795,-0.26632977,-0.13233402,0.36100924,-0.210858
N,Cristhian,Right,0.0,0.0,0.0,0.12630582,0.13792574,-0.07603954,0.13892396,0.38914636,-0.14879201,0.041498948,0.5919626,-0.19345815,-0.062060032,0.71574295,-0.23296623,0.13473265,0.21696325,-0.32091197,0.13481647,0.59716916,-0.4043586,0.12777716,0.79770786,-0.4173958,0.11450268,0.9556772,-0.41856846,-0.008014584,0.19204701,-0.31265384,0.009078722,0.6288548,-0.39367047,0.030152239,0.84168917,-0.38354987,0.029938303,0.9995518,-0.37563536,-0.13753633,0.18791632,-0.29114437,-0.09876155,0.5798104,-0.35750875,-0.04796896,0.5295157,-0.30194676,-0.03077472,0.42381945,-0.25108194,-0.23551102,0.20079197,-0.2722679,-0.18980438,0.50037676,-0.31196845,-0.14039308,0.46560127,-0.2691611,-0.13874541,0.37010673,-0.2305077
N,Cristhian,Right,0.0,0.0,0.0,0.1355053,0.13270906,-0.08203651,0.1511537,0.3876751,-0.1535702,0.055269297,0.6069741,-0.19403443,-0.049752682,0.74592274,-0.22835396,0.13685268,0.19192965,-0.33555037,0.13925894,0.6004055,-0.41708013,0.1313989,0.8113013,-0.42420772,0.12073453,0.9721363,-0.42083967,-0.016621508,0.17535181,-0.3224854,0.0036935515,0.6318248,-0.4017021,0.030384526,0.8472144,-0.38623255,0.035629902,0.99936503,-0.37394965,-0.1504783,0.17922235,-0.29556656,-0.10317639,0.5747975,-0.35744968,-0.046690006,0.5402863,-0.29897234,-0.026636042,0.44211632,-0.24704549,-0.24566859,0.20159383,-0.2715464,-0.19294888,0.5103485,-0.31107768,-0.13939619,0.48654196,-0.2680637,-0.13392991,0.39226425,-0.22886385
N,Cristhian,Right,0.0,0.0,0.0,0.14576581,0.115838595,-0.078987725,0.17571194,0.3815425,-0.16437748,0.07552284,0.6055909,-0.21800888,-0.03232679,0.7502526,-0.26628163,0.16640854,0.17774534,-0.37314126,0.16982123,0.5846448,-0.47591218,0.15939857,0.81195945,-0.5077251,0.1404499,0.98876405,-0.52325916,0.0115116285,0.1502745,-0.3645572,0.03430142,0.62206715,-0.47007945,0.059522394,0.84053224,-0.47115663,0.048413664,0.9988274,-0.4716612,-0.12644544,0.15988126,-0.33819032,-0.09101171,0.5806317,-0.4058881,-0.022361089,0.52603537,-0.33363175,-0.00477089,0.40352398,-0.27310815,-0.23124637,0.19800128,-0.3155365,-0.17800291,0.5201426,-0.35177243,-0.121646225,0.4843955,-0.29741377,-0.12295909,0.37783027,-0.25139877
N,Cristhian,Right,0.0,0.0,0.0,0.13473347,0.120755225,-0.07858885,0.15074058,0.371433,-0.15852928,0.053718865,0.5868354,-0.20698187,-0.046421833,0.7257779,-0.2492799,0.14657627,0.1804318,-0.3492793,0.15210578,0.57977515,-0.43758917,0.14584953,0.794373,-0.45730555,0.12949842,0.9614149,-0.46352318,-0.0008582229,0.15418877,-0.33835143,0.0153602315,0.5961567,-0.4322285,0.03573184,0.8281747,-0.43159804,0.026540339,0.99964774,-0.4304878,-0.13539176,0.16136633,-0.3104852,-0.0987403,0.552315,-0.3716383,-0.037883688,0.52178174,-0.30776373,-0.019719288,0.42290628,-0.253395,-0.24006772,0.19435681,-0.28604916,-0.18408556,0.49717167,-0.31665105,-0.12969376,0.47306558,-0.26392,-0.12744182,0.3789506,-0.21918674
N,Cristhian,Right,0.0,0.0,0.0,0.13423774,0.109280735,-0.08127686,0.1574561,0.35644114,-0.15890878,0.067794554,0.5771668,-0.20618196,-0.02646095,0.721754,-0.24780194,0.14711742,0.1844073,-0.33753306,0.16424437,0.59180236,-0.4189266,0.16255528,0.7977078,-0.4288771,0.15285024,0.955273,-0.42611772,0.0015183709,0.16653295,-0.32513726,0.028373556,0.6109428,-0.4109475,0.048206195,0.83497816,-0.40364447,0.04554062,0.99896246,-0.39525443,-0.13103956,0.1755905,-0.2974823,-0.08992737,0.5599032,-0.3606956,-0.036554713,0.5241848,-0.30255938,-0.017637428,0.4273487,-0.2490201,-0.23376927,0.2054407,-0.27244687,-0.17977983,0.5036992,-0.30372402,-0.13033575,0.47813305,-0.25274906,-0.12733912,0.3863646,-0.20761162
N,Cristhian,Right,0.0,0.0,0.0,0.1378759,0.08611562,-0.049978413,0.19081412,0.31592852,-0.12381682,0.14150362,0.53688407,-0.17903914,0.10683319,0.6964669,-0.22911416,0.22915928,0.20688315,-0.27987754,0.2782751,0.5537325,-0.36151814,0.30310166,0.7406843,-0.3845563,0.31729686,0.89072174,-0.3939912,0.10058278,0.20634744,-0.2916465,0.172743,0.5904001,-0.38017282,0.21523608,0.8024727,-0.38717955,0.23853484,0.97113395,-0.39163548,-0.026756853,0.23401912,-0.28877965,0.04119969,0.5938974,-0.3472346,0.06838029,0.53403753,-0.29033986,0.06756914,0.43749252,-0.24263246,-0.13736607,0.27828023,-0.28878048,-0.059154384,0.5403936,-0.31154042,-0.0313557,0.49305725,-0.25898623,-0.047441505,0.41308972,-0.21629538
N,Cristhian,Right,0.0,0.0,0.0,0.15243699,0.09317059,-0.09719273,0.22932552,0.30470458,-0.1764549,0.18905558,0.48918843,-0.22553088,0.1111059,0.595454,-0.2733459,0.13433628,0.1682525,-0.33380175,0.16145767,0.5588296,-0.42702898,0.17622612,0.76738364,-0.45237514,0.18159972,0.93227434,-0.46046486,-0.013149959,0.18880813,-0.31171513,0.03535819,0.6153281,-0.39694095,0.07909798,0.8328051,-0.39659944,0.10066108,0.9949208,-0.39159754,-0.13039705,0.22173046,-0.278485,-0.0355819,0.57217807,-0.35161623,0.015363908,0.5127576,-0.31216303,0.022424992,0.40494707,-0.26723483,-0.20241728,0.26603827,-0.24870312,-0.11376811,0.52422273,-0.3010587,-0.06525642,0.484011,-0.2723088,-0.069464855,0.39257315,-0.23864697
N,Cristhian,Right,0.0,0.0,0.0,0.16265064,0.13012736,-0.1381994,0.21769023,0.34440142,-0.23058027,0.15349942,0.5032946,-0.28070506,0.065529354,0.5708168,-0.32896927,0.050890297,0.1526635,-0.38452682,0.09561153,0.54933846,-0.47574127,0.13554387,0.787644,-0.50058717,0.15859959,0.9650207,-0.51416034,-0.088097565,0.19380291,-0.33606002,-0.020954393,0.6103066,-0.41957304,0.04107665,0.84495825,-0.41915438,0.077511206,0.99699146,-0.42045715,-0.18195097,0.24773347,-0.27706456,-0.05026752,0.56431586,-0.3362531,0.025637068,0.5397661,-0.3040025,0.059518076,0.44890714,-0.27619106,-0.23588505,0.31147054,-0.22585757,-0.12115802,0.5591821,-0.281698,-0.050653975,0.5502136,-0.26788834,-0.023542164,0.4814002,-0.24879135
N,Cristhian,Right,0.0,0.0,0.0,0.15234444,0.059848886,-0.077992216,0.22543883,0.29008138,-0.18056448,0.16250627,0.52309024,-0.25723726,0.08564029,0.67695457,-0.33295843,0.22976042,0.115368955,-0.36706176,0.29632762,0.46807826,-0.46491966,0.33512145,0.6715608,-0.4996718,0.35349265,0.84902024,-0.5201706,0.08903994,0.12881707,-0.37009645,0.16638146,0.535864,-0.4843138,0.23716739,0.77301097,-0.5095111,0.27112314,0.9625447,-0.530958,-0.041408338,0.17458802,-0.35246697,0.03456465,0.5648506,-0.41788363,0.07537461,0.48967713,-0.35574603,0.07286254,0.36714056,-0.30826986,-0.1450579,0.24437174,-0.33963186,-0.053969983,0.52878004,-0.36481518,-0.025577355,0.4782168,-0.30602708,-0.047865823,0.37973127,-0.26198056
N,Cristhian,Right,0.0,0.0,0.0,0.18181819,0.040280614,-0.03678446,0.29467875,0.23626027,-0.11600626,0.26605782,0.49855387,-0.19136854,0.22771609,0.6490339,-0.2683259,0.3670436,0.117554516,-0.23880976,0.44930193,0.4480563,-0.33104795,0.48287433,0.64875376,-0.38814583,0.51342213,0.8140374,-0.4265854,0.23229507,0.10856692,-0.27176955,0.32471213,0.4982567,-0.36591622,0.38922974,0.72881633,-0.39515233,0.4286421,0.9034744,-0.42141253,0.08601504,0.15167288,-0.2943451,0.17793001,0.54137707,-0.34785384,0.18171237,0.5252796,-0.30830133,0.16431116,0.42717892,-0.281879,-0.03641862,0.22697912,-0.32275587,0.055601493,0.5378069,-0.351756,0.076828994,0.51253146,-0.3142368,0.06760954,0.41613853,-0.28657654
N,Cristhian,Right,0.0,0.0,0.0,0.19176236,-0.005838891,-0.032310497,0.3255137,0.1657681,-0.11832519,0.32461032,0.43778023,-0.20103031,0.29940408,0.61461806,-0.2873486,0.41286847,0.044475768,-0.25222522,0.5149033,0.38834316,-0.34638724,0.56460637,0.58948076,-0.40448922,0.6080617,0.74957126,-0.4453671,0.27359897,0.060688123,-0.29041687,0.40180662,0.44227818,-0.38590878,0.4853952,0.6713137,-0.41600147,0.5401102,0.84159434,-0.44558907,0.12907627,0.12882546,-0.31640306,0.2564066,0.5055525,-0.37041858,0.24748921,0.5056722,-0.3278041,0.21609624,0.42302093,-0.30214494,0.011213939,0.22169875,-0.34720594,0.13425088,0.50866044,-0.3739406,0.14253032,0.49277928,-0.33173764,0.11872262,0.41003814,-0.30293104
Q,Cristhian,Right,0.0,0.0,0.0,0.024815917,0.20577033,-0.27387634,-0.0067905374,0.4483779,-0.36703953,-0.012731186,0.6670556,-0.37905487,-0.048654824,0.8603926,-0.36400592,-0.3960683,0.22969419,-0.3553679,-0.57484466,0.47378013,-0.4014915,-0.5729917,0.6961691,-0.39207548,-0.528328,0.8490403,-0.37199405,-0.41702133,0.18204239,-0.19906993,-0.41197824,0.5460533,-0.23430519,-0.2785873,0.568624,-0.20530401,-0.21264675,0.4684597,-0.17903493,-0.41165912,0.19873141,-0.05471192,-0.37469253,0.5198352,-0.10269009,-0.26056615,0.5004881,-0.10761849,-0.22990134,0.42778093,-0.104622096,-0.40541586,0.22703406,0.07410022,-0.3853627,0.4410699,0.024063515,-0.2892991,0.44237137,0.007718086,-0.23730403,0.39708745,0.006442743
Q,Cristhian,Right,0.0,0.0,0.0,-0.0016172428,0.21945924,-0.22436358,-0.06734491,0.46364713,-0.3001284,-0.08650875,0.68105453,-0.30770937,-0.11316605,0.8514461,-0.29475486,-0.43573916,0.21304844,-0.3263069,-0.6167028,0.46696228,-0.36206913,-0.61732924,0.6763401,-0.34727493,-0.57708097,0.8166869,-0.32789737,-0.4574333,0.14004716,-0.19646937,-0.46533966,0.5008229,-0.21396632,-0.34062198,0.54828894,-0.178399,-0.27299443,0.48206583,-0.15588462,-0.44413632,0.13684644,-0.073194794,-0.4176166,0.47342774,-0.10255171,-0.30313766,0.49153042,-0.100271046,-0.25012007,0.44763502,-0.100810215,-0.42207924,0.1588766,0.037371583,-0.37954137,0.40558755,-0.0075060176,-0.28372574,0.45145613,-0.025174415,-0.22330748,0.44182134,-0.030515723
Q,Cristhian,Right,0.0,0.0,0.0,0.0072197746,0.2163282,-0.24616268,-0.048467655,0.457515,-0.3467688,-0.07444293,0.68102217,-0.38126078,-0.10793911,0.87140137,-0.39469504,-0.43389308,0.20290785,-0.34351942,-0.6168497,0.4535711,-0.3991586,-0.6254854,0.66107917,-0.39760238,-0.58853525,0.80847156,-0.3855621,-0.46697938,0.13608514,-0.2160673,-0.46469417,0.49166095,-0.26129514,-0.34617314,0.5353292,-0.23654169,-0.2834695,0.46720535,-0.21610281,-0.46275318,0.13491042,-0.09834773,-0.43723044,0.4563825,-0.15443419,-0.32960266,0.47456613,-0.15017702,-0.28107658,0.42900568,-0.14160174,-0.44962892,0.15303999,0.004341014,-0.43697637,0.37481415,-0.056495976,-0.34420243,0.41439342,-0.0688072,-0.28600177,0.40246457,-0.06508305
Q,Cristhian,Right,0.0,0.0,0.0,-0.06301872,0.205909,-0.14307775,-0.18823339,0.38582882,-0.19603752,-0.2965719,0.51131386,-0.20762783,-0.40037566,0.58958536,-0.20603079,-0.44151193,0.19980267,-0.22949898,-0.6094915,0.43232924,-0.29200372,-0.62669647,0.6438636,-0.30885753,-0.60595053,0.7955023,-0.3135886,-0.4322852,0.13532582,-0.16140695,-0.42799044,0.48767048,-0.21024755,-0.32151386,0.5213897,-0.1962575,-0.26438853,0.4635042,-0.185354,-0.38471484,0.12642099,-0.100151725,-0.3473846,0.46632123,-0.16109464,-0.25053066,0.48702374,-0.15655589,-0.20159897,0.45320433,-0.14891952,-0.32448062,0.13647346,-0.046771787,-0.25771117,0.43256027,-0.11608727,-0.17561884,0.51850855,-0.13305901,-0.12967776,0.5434382,-0.13373028
Q,Cristhian,Right,0.0,0.0,0.0,0.067532346,0.21168557,-0.24856068,0.05444146,0.46318236,-0.37214285,0.036295824,0.7027363,-0.43617177,0.019671908,0.9088853,-0.4802001,-0.3242883,0.19785966,-0.36216503,-0.5228334,0.45100304,-0.4862516,-0.5493782,0.67459077,-0.53724855,-0.5392957,0.84211653,-0.5556245,-0.3885511,0.16821843,-0.2553323,-0.3745459,0.55423015,-0.3542065,-0.22863029,0.5540957,-0.33016282,-0.20107247,0.43980178,-0.29904544,-0.41366413,0.19360384,-0.16609871,-0.37558287,0.53378135,-0.26838452,-0.25110042,0.50234157,-0.23836227,-0.24093278,0.40662727,-0.20150682,-0.42812148,0.23078805,-0.09401784,-0.4065897,0.4633443,-0.17330255,-0.30569288,0.44708005,-0.15979761,-0.26738495,0.37306476,-0.1316904
Q,Cristhian,Left,0.0,0.0,0.0,-0.15509106,0.017058646,-0.12944902,-0.26275736,0.18461376,-0.23850736,-0.26774627,0.40750077,-0.31400573,-0.23221153,0.5711895,-0.38730818,-0.29366085,0.03973807,-0.3592926,-0.44454446,0.4050254,-0.50775534,-0.48183325,0.67106414,-0.5832473,-0.46821037,0.88361704,-0.627413,-0.18740456,0.13855357,-0.34151623,-0.32710552,0.49547192,-0.47987163,-0.29249856,0.55956984,-0.4983106,-0.26775777,0.5611983,-0.49880886,-0.07630361,0.2504611,-0.3227208,-0.14619295,0.59145397,-0.4268687,-0.1079792,0.5133414,-0.37742206,-0.10787188,0.3954099,-0.3307377,0.017345885,0.35200328,-0.3119552,0.019402884,0.5793746,-0.3859358,0.038528126,0.53668624,-0.35622004,0.028878253,0.46835792,-0.3250209
Q,Cristhian,Right,0.0,0.0,0.0,0.21440011,0.09318222,-0.28629938,0.39659956,0.28085342,-0.5081828,0.5131337,0.54209584,-0.67775846,0.5603829,0.82823366,-0.84668946,0.065137446,-0.01715349,-0.64466745,-0.11033518,0.4490928,-0.8818187,-0.07507101,0.76077765,-1.0112181,-0.025087224,0.9977917,-1.0743517,-0.14025107,0.019340122,-0.5737144,-0.29553008,0.53748286,-0.77548754,-0.20820758,0.73426473,-0.8301638,-0.13336867,0.82310075,-0.871662,-0.2879426,0.06416759,-0.4987534,-0.3655238,0.55610347,-0.6551114,-0.26092744,0.6569251,-0.6562125,-0.15515147,0.67519474,-0.6506901,-0.3760578,0.11065048,-0.4473109,-0.42355114,0.48174617,-0.557631,-0.34645775,0.599403,-0.552984,-0.25530714,0.6570627,-0.5420944
Q,Cristhian,Right,0.0,0.0,0.0,0.13256408,0.15721653,-0.121154875,0.23306765,0.4367622,-0.21354052,0.32126734,0.6970868,-0.28803846,0.38567024,0.9226367,-0.359551,-0.12590085,0.5101364,-0.1793402,-0.09785841,0.75104934,-0.28068873,-0.033615887,0.8926501,-0.35818768,0.012031104,0.990243,-0.4064197,-0.24543792,0.47826833,-0.15101895,-0.14987771,0.6720212,-0.2165583,-0.042685926,0.7199805,-0.24396008,0.018755129,0.7486168,-0.2672874,-0.31369293,0.42096356,-0.13111547,-0.20772588,0.576939,-0.1924963,-0.1021874,0.59838986,-0.19618228,-0.040275156,0.6199737,-0.19887145,-0.34658265,0.35067537,-0.12001388,-0.26925322,0.4844355,-0.16767743,-0.17870735,0.5078901,-0.16247691,-0.11654558,0.53519666,-0.1525043
Q,Cristhian,Left,0.0,0.0,0.0,0.35850498,-0.13256095,-0.24898969,0.5918661,-0.12591605,-0.49743396,0.72741646,0.19427425,-0.7097512,0.760567,0.64925945,-0.9315966,0.2144307,-1.1450837,-0.52702034,0.031063708,-0.7871182,-0.7816054,0.01578521,-0.39459607,-0.9634427,0.08494739,-0.109037936,-1.0644314,-0.20017399,-1.1679422,-0.48112828,-0.35566223,-0.7228127,-0.64720225,-0.33723137,-0.2825107,-0.72063637,-0.2587397,0.03193724,-0.7724314,-0.54568624,-1.0243448,-0.43518004,-0.64339846,-0.6061679,-0.5469317,-0.57028747,-0.23289971,-0.5453503,-0.4594216,0.009446724,-0.54254335,-0.81936246,-0.83054376,-0.40884066,-0.89145344,-0.48036692,-0.48328647,-0.81497335,-0.15287876,-0.4475337,-0.7183085,0.041994803,-0.40424028
Q,Cristhian,Left,0.0,0.0,0.0,-0.04961404,0.13419263,0.09926915,-0.14081506,0.25407195,0.15689744,-0.20297945,0.41397446,0.18180881,-0.23759699,0.5479004,0.19661324,-0.4104007,0.09536856,0.19940001,-0.4446093,0.41732284,0.23896568,-0.37511396,0.6173056,0.24271818,-0.30011678,0.721143,0.24694215,-0.43598208,0.09053818,0.13154916,-0.4222426,0.48278594,0.16276461,-0.2815368,0.5833339,0.13701123,-0.16651438,0.58214426,0.11972527,-0.4497019,0.13081546,0.06300397,-0.49484792,0.5234544,0.055722505,-0.38883182,0.6462498,0.024320513,-0.3056646,0.6736086,0.0122814,-0.44394267,0.21672934,0.0045828447,-0.6180728,0.49831176,-0.010766198,-0.6431523,0.6601834,-0.0057970136,-0.640851,0.76766527,0.005116583
Q,Cristhian,Right,0.0,0.0,0.0,-0.09327783,0.1262693,-0.124222904,-0.1620676,0.34153095,-0.17864758,-0.1562175,0.57221943,-0.20285545,-0.15288596,0.7401406,-0.21504074,-0.44463292,0.2351271,-0.17231478,-0.5931291,0.51549757,-0.23024526,-0.5916473,0.7067062,-0.2530792,-0.55461174,0.8321093,-0.26364812,-0.36961567,0.2560043,-0.12134027,-0.35947394,0.57324904,-0.17761138,-0.2838341,0.55462927,-0.18401314,-0.26835108,0.4694226,-0.18445958,-0.26739645,0.29518446,-0.079273574,-0.24370264,0.5748641,-0.15152568,-0.1824689,0.54229146,-0.16804871,-0.1784009,0.48841393,-0.16822453,-0.17421092,0.3424858,-0.04287521,-0.14536707,0.5670404,-0.12631842,-0.11370731,0.6536224,-0.16351211,-0.11928318,0.7132735,-0.17635617
Q,Cristhian,Right,0.0,0.0,0.0,-0.060364943,0.19285801,-0.15042932,-0.13783883,0.39698657,-0.18108836,-0.16762072,0.5900901,-0.17258744,-0.18276376,0.73553014,-0.14509173,-0.44448975,0.2657593,-0.11126652,-0.59655863,0.5123226,-0.1418389,-0.59012145,0.7059994,-0.15600458,-0.54814553,0.836383,-0.15849324,-0.3895309,0.2634122,-0.028176505,-0.39689878,0.5374415,-0.062255245,-0.31405523,0.5670412,-0.07829798,-0.2700043,0.5272659,-0.080307014,-0.31207585,0.28924567,0.040933426,-0.29366478,0.55349886,-0.014869375,-0.22668359,0.55476815,-0.054197397,-0.20153993,0.5244007,-0.06469255,-0.24102809,0.3270491,0.10216374,-0.19763783,0.5825346,0.03784404,-0.15330717,0.7004172,-0.007894131,-0.14232704,0.7710036,-0.025270768
Q,Cristhian,Right,0.0,0.0,0.0,-0.119603574,0.15050972,-0.13017651,-0.24447918,0.31859165,-0.1393429,-0.33646497,0.4691557,-0.10929271,-0.39046627,0.56335115,-0.058026765,-0.47566164,0.23759863,-0.100107715,-0.6250888,0.4768222,-0.1329343,-0.62846065,0.6724498,-0.13954498,-0.595231,0.80355465,-0.13809024,-0.39791578,0.24531035,-0.025431784,-0.37838992,0.5421643,-0.06661035,-0.29029378,0.533523,-0.06656445,-0.26805237,0.45991904,-0.055779226,-0.30119732,0.27864206,0.03465887,-0.2821802,0.55627877,-0.0328632,-0.21749727,0.53026307,-0.059057083,-0.21131538,0.47691682,-0.058853064,-0.2129307,0.32155174,0.087771185,-0.1720936,0.5637922,-0.0014080072,-0.14159867,0.6997101,-0.062115908,-0.15355083,0.80212003,-0.08808607
Q,Cristhian,Right,0.0,0.0,0.0,-0.16984397,0.06448011,-0.04758683,-0.2902849,0.25446814,-0.08335576,-0.35302535,0.4554644,-0.10213297,-0.3692712,0.61024964,-0.11560889,-0.44340518,0.22054932,-0.17833498,-0.59516186,0.4975489,-0.24860631,-0.59943867,0.6873884,-0.2703741,-0.5638027,0.8259095,-0.28203678,-0.34625196,0.257089,-0.17149952,-0.3533024,0.5749891,-0.23637111,-0.2953932,0.5284058,-0.22654194,-0.2883829,0.432428,-0.22204864,-0.22232449,0.31070814,-0.16516471,-0.23108818,0.60628927,-0.24374293,-0.20095947,0.54483134,-0.23684455,-0.20247833,0.45985076,-0.22654277,-0.105567925,0.37382334,-0.15732633,-0.10592501,0.6466754,-0.25122783,-0.1067844,0.7496168,-0.28251645,-0.12891077,0.8212007,-0.29576135
Q,Cristhian,Right,0.0,0.0,0.0,-0.054871313,0.20674182,-0.1749414,-0.12448691,0.41769147,-0.2093611,-0.15315646,0.6081689,-0.18861492,-0.18041688,0.76748806,-0.1473455,-0.44067445,0.24830401,-0.1736239,-0.585713,0.49841434,-0.17477316,-0.5847341,0.69870347,-0.15702811,-0.5487712,0.8359726,-0.1419196,-0.40536416,0.21939856,-0.06361881,-0.40472123,0.5368326,-0.0541593,-0.30791673,0.554676,-0.03276204,-0.26832417,0.4891728,-0.023091983,-0.3453267,0.2363734,0.03578389,-0.3348241,0.5284299,0.02115669,-0.25237766,0.51785254,0.004200608,-0.22529109,0.473103,-0.008857784,-0.28648707,0.26371208,0.12545985,-0.24160096,0.5004392,0.08697059,-0.17738417,0.57162756,0.05324578,-0.14704776,0.5993743,0.03442565
Q,Cristhian,Right,0.0,0.0,0.0,-0.047252964,0.17234997,-0.18241537,-0.13682415,0.3745267,-0.22082734,-0.18856713,0.56617874,-0.2152533,-0.22999504,0.71484303,-0.1918338,-0.4598972,0.21652827,-0.13283211,-0.6118943,0.4709367,-0.15896812,-0.6159874,0.6720398,-0.16370137,-0.5809148,0.81396437,-0.16081542,-0.4397645,0.22573236,-0.036897227,-0.43468368,0.55456877,-0.07230198,-0.32252702,0.5706694,-0.07765867,-0.2625275,0.5005868,-0.068351135,-0.38455352,0.25436676,0.042655166,-0.36185315,0.53564334,-0.018317029,-0.2707072,0.5356744,-0.047906388,-0.23687375,0.50216645,-0.049391795,-0.3284746,0.28258562,0.11087619,-0.29050332,0.48171517,0.037708182,-0.22066486,0.5490924,-0.0017471701,-0.1919465,0.58041215,-0.010345064
Q,Cristhian,Right,0.0,0.0,0.0,-0.00488869,0.17265351,-0.2560765,-0.04218262,0.39298946,-0.3298108,-0.023086024,0.6212026,-0.3329958,-0.025412628,0.8082526,-0.30829304,-0.42008117,0.2211951,-0.26758954,-0.57243127,0.47444704,-0.31399706,-0.5723791,0.6965796,-0.31276894,-0.5355017,0.84453416,-0.3010237,-0.40746397,0.22395791,-0.1327484,-0.3735219,0.57619524,-0.17031443,-0.24017051,0.5537266,-0.14836064,-0.20438156,0.42706332,-0.12197058,-0.37241584,0.26686049,-0.017142091,-0.3162789,0.5714255,-0.07278504,-0.21001722,0.504926,-0.08196523,-0.20688322,0.41003567,-0.07588267,-0.33695093,0.30838075,0.079947814,-0.2855501,0.49606898,0.0041623414,-0.1941566,0.46833098,-0.026818192,-0.15716566,0.4138391,-0.02977584
Q,Cristhian,Right,0.0,0.0,0.0,0.01763208,0.20726244,-0.22029215,-0.029566007,0.44606268,-0.29069734,-0.05011484,0.66115355,-0.29795137,-0.07606919,0.8279721,-0.28436342,-0.40081424,0.23875496,-0.2866955,-0.57578236,0.4936435,-0.33414012,-0.5733542,0.7024911,-0.33512166,-0.5420074,0.8403737,-0.3251152,-0.42838722,0.16817334,-0.16044089,-0.43583918,0.50884974,-0.19102427,-0.30844423,0.54879737,-0.16261226,-0.25168905,0.47606182,-0.13886586,-0.41765037,0.15952936,-0.044288926,-0.40042222,0.46669063,-0.08891012,-0.2897398,0.47090837,-0.08727104,-0.2502933,0.41102764,-0.07821568,-0.40014473,0.17097607,0.058765016,-0.39056858,0.3780276,0.0031157043,-0.3053627,0.3881517,-0.013016896,-0.2557373,0.34185973,-0.009866193
Q,Cristhian,Right,0.0,0.0,0.0,0.07195456,0.21120137,-0.31264117,0.055761367,0.44912887,-0.46639884,0.0081481915,0.6649483,-0.539833,-0.013630346,0.86210155,-0.5897204,-0.3559206,0.097155675,-0.47866473,-0.5690051,0.3950356,-0.61286116,-0.5943365,0.63982505,-0.6645193,-0.5774814,0.81640387,-0.6828161,-0.4129762,0.08712689,-0.33886614,-0.446874,0.5254362,-0.44559243,-0.2953771,0.5472723,-0.4204025,-0.23776962,0.43473187,-0.39081597,-0.44022366,0.14490612,-0.21594164,-0.45083448,0.516334,-0.32383716,-0.32479063,0.48408967,-0.30069497,-0.29388157,0.3868832,-0.27117482,-0.45967343,0.20876153,-0.11372228,-0.47784477,0.45410028,-0.2043832,-0.37836868,0.42455024,-0.20033768,-0.32772163,0.3482359,-0.1800956
Q,Cristhian,Right,0.0,0.0,0.0,0.30828953,0.0016596025,-0.29225776,0.5099246,0.10190078,-0.5531233,0.62649393,0.32563144,-0.7803186,0.6639745,0.54602945,-0.9977841,0.27705777,-0.31246287,-0.5911562,0.46854734,0.22033003,-0.8810112,0.62310874,0.50800407,-1.052271,0.7119519,0.70222825,-1.1423519,0.00086888426,-0.22413367,-0.5584889,0.21841961,0.42531896,-0.7623645,0.23309514,0.38723925,-0.77164,0.20018311,0.19187805,-0.78843004,-0.1909905,-0.059163637,-0.5436537,0.033642482,0.52741027,-0.68306327,0.061988685,0.44437492,-0.58456886,0.04426859,0.28060466,-0.5175243,-0.32284126,0.106019534,-0.5680558,-0.13979185,0.56047666,-0.6632167,-0.10881115,0.49121907,-0.6090211,-0.14031889,0.34933576,-0.5616719
Q,Cristhian,Right,0.0,0.0,0.0,0.31235874,-0.052627385,-0.19082583,0.5543218,-0.02135164,-0.380199,0.7365813,0.18431574,-0.5651847,0.8420813,0.35088372,-0.7410135,0.43418962,-0.5687585,-0.37111852,0.68261564,-0.1853977,-0.66551995,0.8406957,0.10409786,-0.87009555,0.9402317,0.34053543,-0.9772747,0.21216676,-0.4936034,-0.38439617,0.44740668,0.17129993,-0.59350735,0.39345005,0.13359208,-0.63393277,0.32129508,-0.0395278,-0.65694207,0.004362388,-0.31771582,-0.42326567,0.23973452,0.31122708,-0.5621001,0.19484057,0.19750121,-0.47287986,0.12901443,0.020187361,-0.39913377,-0.18200244,-0.13251054,-0.4965275,0.012826962,0.3429667,-0.5928287,-0.008226898,0.24169455,-0.5419597,-0.07392229,0.07283043,-0.4817065
Q,Cristhian,Right,0.0,0.0,0.0,0.29836294,0.014041825,-0.044671368,0.53673005,0.13057713,-0.22926515,0.6985191,0.34351742,-0.4105776,0.8566906,0.48514503,-0.59474736,0.52603644,-0.29325223,-0.5188369,0.7712736,-0.10077023,-0.73219997,0.8922237,0.1014504,-0.8175624,0.95344853,0.30155584,-0.86061865,0.34340727,-0.2553108,-0.60552216,0.60511434,0.26678804,-0.7721479,0.56018883,0.32098153,-0.71037626,0.53566444,0.25688097,-0.6760054,0.17036577,-0.122380115,-0.68069494,0.40598857,0.3825232,-0.7771987,0.33913472,0.31999794,-0.61600477,0.27963045,0.17827737,-0.525002,0.022280497,0.026741965,-0.7666786,0.21360573,0.38596553,-0.81878585,0.18185055,0.3174137,-0.7104659,0.124907225,0.17539434,-0.63955194
Q,Cristhian,Right,0.0,0.0,0.0,0.33677208,-0.014100258,-0.059030417,0.552813,0.10454114,-0.26823673,0.6862355,0.30914208,-0.4664376,0.81033206,0.4601079,-0.662989,0.5280611,-0.30862793,-0.5783575,0.7618962,-0.09950273,-0.7947282,0.8916109,0.10055883,-0.8591395,0.9533419,0.30189273,-0.8800762,0.34493688,-0.2500593,-0.65751976,0.5715643,0.22115996,-0.7863823,0.4790663,0.21536139,-0.6464879,0.41357943,0.10565775,-0.5585346,0.17204246,-0.11810902,-0.7322228,0.38972977,0.34888655,-0.7921415,0.32369015,0.27326497,-0.57800025,0.26535743,0.12083774,-0.4575559,0.025997952,0.034130923,-0.8227985,0.2022854,0.35273352,-0.85367507,0.17251389,0.28584105,-0.727997,0.1109225,0.14512593,-0.6478412
Q,Cristhian,Right,0.0,0.0,0.0,0.28974226,-0.022579119,-0.032026652,0.5258824,0.065764196,-0.18202166,0.67268723,0.2892743,-0.33765754,0.79872227,0.44254404,-0.4984175,0.51871586,-0.31431073,-0.3936843,0.770934,-0.13740651,-0.59731406,0.89039934,0.07606745,-0.71801776,0.9579745,0.28685346,-0.7911209,0.34041974,-0.27460468,-0.48172122,0.60130334,0.17816487,-0.6688155,0.6581434,0.30134788,-0.6842538,0.70070356,0.3334418,-0.6992089,0.16549699,-0.14295417,-0.5583527,0.40260562,0.33664647,-0.66425914,0.36788577,0.30617562,-0.5479086,0.3130737,0.18906432,-0.47780776,0.020056913,0.007463437,-0.64598113,0.21594675,0.35710108,-0.70415694,0.20548284,0.31737447,-0.6106123,0.15626603,0.19292846,-0.54229224
Q,Cristhian,Right,0.0,0.0,0.0,0.27213463,-0.034793846,-0.029731091,0.50279474,0.041424807,-0.18457946,0.64962304,0.24256453,-0.34696504,0.77346456,0.39301172,-0.51525396,0.526272,-0.34172115,-0.38311934,0.76083386,-0.18928978,-0.5833242,0.8939877,-0.0018392886,-0.6980151,0.9800724,0.19864075,-0.76914155,0.3571647,-0.28984442,-0.47586644,0.6289514,0.15075444,-0.6542843,0.6306473,0.26174083,-0.65380675,0.63775826,0.26311547,-0.6573793,0.19753692,-0.15238701,-0.5603746,0.44403327,0.30909103,-0.6614686,0.37803325,0.2835082,-0.5417932,0.31652468,0.16485964,-0.4727257,0.058993492,0.0005550175,-0.6563978,0.26351875,0.33726013,-0.70408136,0.21967047,0.29716575,-0.6076741,0.15319276,0.1779574,-0.54278857
Q,Cristhian,Right,0.0,0.0,0.0,0.3177888,-0.07928764,-0.16426256,0.5752312,-0.0084543945,-0.35043806,0.76724577,0.27358967,-0.5420563,0.8620998,0.5067385,-0.7297235,0.41706562,-0.5420575,-0.34989506,0.6754758,-0.08741735,-0.6535221,0.8061925,0.21349235,-0.8672271,0.8890398,0.43055776,-0.9809901,0.165345,-0.44372767,-0.38552454,0.4393425,0.20438918,-0.5941057,0.40799794,0.16887592,-0.6374141,0.3424753,-0.025764393,-0.66394883,-0.052853063,-0.25219896,-0.44441,0.2190537,0.35182425,-0.5868712,0.19903198,0.255937,-0.49570006,0.13586219,0.06054821,-0.41730878,-0.23079146,-0.047810614,-0.53490233,-0.008955316,0.42145932,-0.62877303,0.0004350387,0.34202868,-0.56305814,-0.05587527,0.17566621,-0.4904055
Q,Cristhian,Right,0.0,0.0,0.0,0.26798883,-0.024740433,-0.20114045,0.51064134,-0.043671638,-0.37990338,0.7305517,0.18875745,-0.54127234,0.9082569,0.418413,-0.6781192,0.14513305,-0.74378484,-0.38193887,0.237642,-0.13473096,-0.66703594,0.3060252,0.2772232,-0.82231796,0.36068365,0.54709446,-0.8788468,-0.16999328,-0.66994685,-0.3664021,0.020129625,0.10439799,-0.5134845,0.1158306,0.13593462,-0.49255893,0.1545193,0.028481668,-0.472619,-0.39782754,-0.4682161,-0.3767467,-0.15020128,0.25065675,-0.46168703,-0.08227944,0.20066303,-0.33066988,-0.086986706,0.023522776,-0.22792287,-0.5547472,-0.22710966,-0.42366374,-0.34344646,0.29136693,-0.47953466,-0.2580487,0.26819816,-0.4031095,-0.25909168,0.110565916,-0.32007885
Q,Cristhian,Right,0.0,0.0,0.0,0.30020303,0.02995193,-0.33467543,0.5304467,0.07002309,-0.59294266,0.671991,0.3148435,-0.8029642,0.76397765,0.6452427,-1.0064757,0.08079659,-0.6546024,-0.56002694,-0.04456364,-0.110725,-0.8133182,-0.0068042427,0.20859185,-0.95407915,0.07802664,0.3983963,-1.0181671,-0.22087394,-0.622235,-0.4799101,-0.2692119,0.119365394,-0.71889895,-0.17407277,0.49346048,-0.79496306,-0.077156596,0.7049131,-0.8149472,-0.43239087,-0.499939,-0.41059917,-0.4424166,0.12560718,-0.58419377,-0.3081733,0.31687573,-0.5839778,-0.1821636,0.38712665,-0.55209017,-0.5690949,-0.34386346,-0.3706393,-0.5625689,0.07479935,-0.47810018,-0.43725654,0.26690975,-0.45588493,-0.323403,0.33940002,-0.4062537
Q,Cristhian,Left,0.0,0.0,0.0,-0.12768851,0.20733975,-0.13043465,-0.18618092,0.4740993,-0.26542872,-0.07814797,0.7669839,-0.37538776,0.063142955,0.9903425,-0.4915762,-0.17526431,0.2128387,-0.39808264,-0.024362285,0.55739725,-0.520645,0.0024856422,0.79909205,-0.5879099,0.024629612,0.9996967,-0.62468934,0.022380909,0.13313778,-0.38942787,0.20860873,0.4789236,-0.46234292,0.18035834,0.5167457,-0.45605755,0.1492596,0.5474829,-0.46422923,0.19918515,0.11693829,-0.3726453,0.37058955,0.4286269,-0.42238793,0.33661836,0.44664654,-0.36454323,0.29399332,0.4415337,-0.32987264,0.33300817,0.13198322,-0.36909112,0.46895775,0.39213267,-0.4328164,0.43980023,0.44231784,-0.39132226,0.4027909,0.45416725,-0.35136575
Q,Cristhian,Right,0.0,0.0,0.0,-0.07029945,-0.024852583,-0.17521258,-0.1281547,0.0032546823,-0.28842103,-0.093299404,0.07517184,-0.3817309,-0.020359961,0.17433952,-0.4735623,-0.2686241,0.35540545,-0.25313544,-0.31694824,0.59006417,-0.42571384,-0.30234396,0.7934759,-0.54162544,-0.27221924,0.9622353,-0.6115815,-0.1366112,0.44122687,-0.2311972,-0.11507763,0.63639796,-0.40895066,-0.043882567,0.5408086,-0.46819937,-0.01243445,0.47960427,-0.47637615,-0.0076829707,0.46150255,-0.22505012,0.065932326,0.5397957,-0.38642302,0.10924986,0.33969885,-0.37374806,0.09372379,0.22774266,-0.32698572,0.11420197,0.43639416,-0.23350763,0.18108144,0.46743995,-0.3428491,0.19079736,0.32252288,-0.32472435,0.15696035,0.23360834,-0.28475314
Q,Cristhian,Right,0.0,0.0,0.0,0.060084134,0.03641777,-0.21015696,0.094861306,0.182616,-0.32321334,0.116989724,0.3748445,-0.39009976,0.1345522,0.56345236,-0.4428061,-0.24623996,0.27771595,-0.3362672,-0.36859468,0.56394404,-0.4757713,-0.35295656,0.77172244,-0.54737926,-0.32714668,0.9449736,-0.5904311,-0.23121373,0.35210374,-0.2753968,-0.16178891,0.6114964,-0.40434748,-0.024921004,0.5233559,-0.40851554,-0.017947063,0.4250001,-0.3951198,-0.17132385,0.41601032,-0.22962415,-0.09488538,0.6200305,-0.35617825,0.010841209,0.51411444,-0.3297618,-0.0015882921,0.4310459,-0.29225612,-0.122716166,0.45731527,-0.19773763,-0.021796385,0.5830967,-0.2982681,0.06048667,0.50501925,-0.2870682,0.06000563,0.43172696,-0.25934508
Q,Cristhian,Left,0.0,0.0,0.0,-0.057346147,0.16331676,0.021691099,-0.060998973,0.36629304,0.027827376,-0.05282602,0.4939949,0.01793363,-0.037215076,0.57579607,0.014015256,0.05256839,0.5563482,0.06763441,0.015567266,0.74896026,0.051303662,-0.012027432,0.8874992,0.031315,-0.018652262,0.999826,0.014445216,0.07987539,0.56780624,0.038744368,0.004899116,0.6653052,0.0047949944,-0.021663763,0.5753253,-0.010649732,-0.016033089,0.51004684,-0.014887404,0.09111607,0.5687441,0.0065597096,0.02030448,0.66330326,-0.0178736,-0.005029891,0.5789342,-0.005593512,-0.0028548313,0.5130897,0.007452773,0.09285748,0.5689565,-0.027027039,0.017964384,0.64280444,-0.02418201,-0.007102161,0.5745971,-0.00086564955,0.0020858708,0.5109769,0.0165984
Q,Cristhian,Right,0.0,0.0,0.0,-0.018127473,0.13187264,-0.16472098,-0.081600025,0.3551924,-0.25040343,-0.064928986,0.5956734,-0.3027745,-0.04481545,0.77309614,-0.35289255,-0.45536554,0.18809517,-0.22540715,-0.529889,0.5225022,-0.25990164,-0.5373662,0.7243234,-0.28049,-0.5263905,0.850243,-0.2971149,-0.46534836,0.18069434,-0.1593342,-0.40431714,0.5458731,-0.20032343,-0.27364525,0.55184466,-0.21752048,-0.18597431,0.48874244,-0.23026222,-0.43165916,0.20376043,-0.095752895,-0.35836098,0.51832056,-0.13326032,-0.24495406,0.48632765,-0.14871123,-0.17402789,0.42588827,-0.15975423,-0.38136843,0.22020298,-0.045007613,-0.35003987,0.4406811,-0.09309788,-0.26973197,0.45386943,-0.10573924,-0.20643072,0.4471005,-0.10668131
Q,Cristhian,Left,0.0,0.0,0.0,-0.00601705,0.21323854,-0.04280074,-0.01588799,0.4730278,-0.0517613,-0.009738873,0.6731668,-0.05708609,-0.011296206,0.8178947,-0.06236672,-0.13674662,0.46547776,-0.00061314367,-0.08005951,0.7104201,-0.033792846,-0.04486529,0.8737916,-0.0730174,-0.020373855,0.99979246,-0.1010993,-0.10945695,0.4435488,-0.0010527117,-0.057531364,0.68245673,-0.022471124,-0.021366134,0.8564761,-0.057207637,0.00044406598,0.9975956,-0.086239144,-0.061944548,0.42150548,-0.0099934675,-0.01534997,0.6527637,-0.04198323,0.017893378,0.82767254,-0.0710082,0.03617897,0.96547085,-0.0899335,0.007898791,0.3996,-0.022523781,0.04366915,0.5961227,-0.057619445,0.059873126,0.7289733,-0.07157166,0.06795672,0.8354056,-0.0780542
Q,Cristhian,Left,0.0,0.0,0.0,-0.044983156,0.11031702,-0.013967146,-0.042690203,0.28378978,-0.02575962,-0.009372152,0.40797448,-0.040435027,0.023400655,0.5097163,-0.050942697,-0.043455537,0.426652,-0.0023481348,-0.028464613,0.63127935,-0.03831616,-0.02428306,0.79622984,-0.07095115,-0.016613215,0.9284372,-0.094030984,-0.0036872106,0.44830862,-0.01701855,0.018300861,0.65428215,-0.048472688,0.02715933,0.81191725,-0.07566211,0.03048352,0.96408606,-0.09360721,0.038653612,0.47891143,-0.03521588,0.068794474,0.6796789,-0.05759691,0.074305944,0.84091246,-0.06469916,0.073558524,0.9972909,-0.06834762,0.08310965,0.5059529,-0.05698549,0.10500732,0.6853134,-0.073187195,0.111415245,0.81942236,-0.07036933,0.106834434,0.9431152,-0.06575897
Q,Cristhian,Left,0.0,0.0,0.0,-0.093413964,0.15340133,0.006126238,-0.14976692,0.3573068,-0.0012778932,-0.1580071,0.52646923,-0.015526985,-0.13855016,0.6515344,-0.033936225,-0.1955956,0.4447192,-0.012137868,-0.20998476,0.67716384,-0.062228233,-0.1946733,0.84082925,-0.10779918,-0.16241947,0.96558934,-0.13590564,-0.1603912,0.4505647,-0.03922406,-0.16684967,0.68935525,-0.07585915,-0.1489926,0.857543,-0.10890538,-0.116142556,0.99323255,-0.1340252,-0.10443758,0.44469476,-0.06846571,-0.105979145,0.67817676,-0.1015693,-0.08797193,0.84291184,-0.12649468,-0.06054617,0.9707432,-0.14400744,-0.03410126,0.42659128,-0.096645184,-0.02707349,0.6021551,-0.12970303,-0.0164986,0.7288284,-0.1428039,0.008447114,0.8356351,-0.14929666
Q,Cristhian,Right,0.0,0.0,0.0,-0.012769039,0.25356647,-0.1338695,-0.0986073,0.48055044,-0.183139,-0.14559902,0.64511085,-0.20003335,-0.19201347,0.75704235,-0.21423197,-0.41674218,0.313366,-0.14794879,-0.4718812,0.61300665,-0.15295777,-0.4705252,0.7899689,-0.16053328,-0.45483455,0.89057595,-0.16716799,-0.41554314,0.20892414,-0.07681126,-0.35621125,0.5616119,-0.06963206,-0.24845871,0.58982956,-0.07511495,-0.17671196,0.54040295,-0.08833081,-0.3815829,0.15072909,-0.007696056,-0.31197542,0.47355497,-0.0063602813,-0.21328011,0.48761347,-0.015064595,-0.14988925,0.4503494,-0.028422745,-0.3371394,0.11435361,0.05224818,-0.33018202,0.36345294,0.03987509,-0.2653244,0.40639073,0.041290555,-0.20992993,0.40270224,0.045376047
Q,Cristhian,Right,0.0,0.0,0.0,0.023029724,0.19830868,-0.1929089,-0.030531697,0.45304164,-0.27240744,-0.052109357,0.69362664,-0.3020172,-0.06855551,0.8729397,-0.31935486,-0.369267,0.23240508,-0.24255206,-0.477446,0.5549161,-0.27105302,-0.4884235,0.74577636,-0.2745262,-0.4935624,0.8697104,-0.27695763,-0.408104,0.16690229,-0.14194238,-0.40275443,0.5181543,-0.17832161,-0.28831214,0.53526044,-0.16982329,-0.23505385,0.46221268,-0.16143814,-0.41217792,0.15933156,-0.047125418,-0.394192,0.48301917,-0.08864009,-0.28905618,0.4813588,-0.080617405,-0.2483271,0.42129818,-0.07129716,-0.40996155,0.17961055,0.035849355,-0.4113136,0.40938774,-0.011822738,-0.3260952,0.41655394,-0.01688417,-0.28414753,0.36923385,-0.009986551
Q,Cristhian,Right,0.0,0.0,0.0,0.013117065,0.19960341,-0.18538272,-0.032119643,0.44373155,-0.25912365,-0.035281975,0.67819554,-0.287323,-0.037690066,0.8734982,-0.30435762,-0.3768673,0.25722268,-0.19458707,-0.46776018,0.568072,-0.20759968,-0.47611022,0.74889493,-0.20791426,-0.48277667,0.8757435,-0.20981836,-0.418718,0.19681293,-0.0937161,-0.3922517,0.5508101,-0.124283195,-0.2687905,0.57438505,-0.12577969,-0.20476359,0.5071687,-0.1220626,-0.42035395,0.18576415,0.00091073546,-0.38494515,0.5013025,-0.03398054,-0.27394348,0.50627685,-0.041523248,-0.22352709,0.45012093,-0.040661156,-0.41562167,0.19587097,0.084174946,-0.4039131,0.41930845,0.043054804,-0.3166059,0.43619043,0.028587839,-0.26728165,0.3931872,0.028976852
Q,Cristhian,Right,0.0,0.0,0.0,0.025608553,0.17271373,-0.17311586,-0.0012095603,0.42830914,-0.25122926,0.004885607,0.6675845,-0.2837088,0.014867845,0.8553844,-0.30497703,-0.33212128,0.2635584,-0.24338816,-0.42324528,0.5942609,-0.27806607,-0.42558837,0.7817113,-0.27858153,-0.4192231,0.9078832,-0.27664027,-0.38055706,0.22339,-0.15417063,-0.33925226,0.5836576,-0.19308281,-0.22480959,0.5929018,-0.17725946,-0.17404781,0.51975024,-0.1637424,-0.38795066,0.22839358,-0.069227755,-0.34467584,0.54036134,-0.11205288,-0.2452507,0.5288745,-0.10129556,-0.2050484,0.47128955,-0.09065825,-0.38160905,0.24986795,0.0054009417,-0.3629637,0.46961853,-0.044561706,-0.2766412,0.4667441,-0.049726717,-0.23144272,0.4208197,-0.04326501
Q,Cristhian,Right,0.0,0.0,0.0,0.054902863,0.18952616,-0.15576674,0.04371533,0.44571328,-0.22945303,0.046284594,0.6705781,-0.2608874,0.067975454,0.8488457,-0.28203878,-0.27976334,0.28487954,-0.23224187,-0.377553,0.61107016,-0.27790588,-0.38437167,0.7942529,-0.29372212,-0.38578856,0.9225872,-0.30163836,-0.3444907,0.2436106,-0.15411401,-0.2991167,0.585731,-0.18804283,-0.18496889,0.57822996,-0.16713604,-0.14810936,0.49884635,-0.1524713,-0.36348104,0.25151068,-0.08082874,-0.3097942,0.54596925,-0.11663757,-0.21452788,0.5209657,-0.0978196,-0.1904497,0.45981503,-0.08474564,-0.36297256,0.27845526,-0.017649047,-0.3383429,0.48440376,-0.054842398,-0.25681898,0.46577698,-0.047534946,-0.22054854,0.41242507,-0.035307784
Q,Cristhian,Right,0.0,0.0,0.0,0.054384638,0.17284247,-0.1487569,0.035656523,0.43236697,-0.2279316,0.024396447,0.65924394,-0.26881018,0.023845084,0.84675825,-0.30140677,-0.2976141,0.2621988,-0.24188517,-0.39838916,0.58500034,-0.297444,-0.40980607,0.77543086,-0.31894913,-0.407064,0.91339964,-0.33001992,-0.3567301,0.20851813,-0.17402709,-0.355497,0.5500097,-0.22713743,-0.24578448,0.57140887,-0.21851616,-0.19219898,0.51907563,-0.20922858,-0.371398,0.20774223,-0.108550206,-0.36359414,0.51889765,-0.15896696,-0.26501873,0.52237576,-0.13673824,-0.22060174,0.4783791,-0.11697012,-0.36606804,0.2397269,-0.051672928,-0.3784623,0.4677942,-0.09681511,-0.30302054,0.47935107,-0.085789174,-0.26258653,0.4437379,-0.06871441
Q,Cristhian,Right,0.0,0.0,0.0,0.06992988,0.1785844,-0.14144549,0.081632406,0.42879224,-0.2323651,0.09150892,0.64660406,-0.28680226,0.11090295,0.82279164,-0.33470586,-0.23137236,0.26601788,-0.26378992,-0.35857692,0.586378,-0.32495725,-0.37709594,0.7847693,-0.34647998,-0.37768912,0.92593247,-0.35751,-0.3021845,0.19968282,-0.2008637,-0.31717992,0.5243211,-0.2548385,-0.20702682,0.56337,-0.24006909,-0.15453388,0.5284561,-0.22696379,-0.32911402,0.19247493,-0.13842854,-0.31727648,0.49430358,-0.17710766,-0.22369292,0.5060536,-0.14624725,-0.18159318,0.46409217,-0.12510014,-0.3365737,0.22630258,-0.084482186,-0.3334478,0.45510852,-0.11893752,-0.26155204,0.47357202,-0.102036245,-0.22374737,0.43897367,-0.08288801
Q,Cristhian,Right,0.0,0.0,0.0,0.09165415,0.18383005,-0.14975335,0.09140343,0.43968195,-0.22974777,0.08063719,0.6539121,-0.27103448,0.09861886,0.8212587,-0.30419135,-0.2440445,0.2442628,-0.2591879,-0.35277116,0.5920633,-0.31456363,-0.3633972,0.79258645,-0.32938918,-0.3648475,0.9310673,-0.33779597,-0.32370523,0.19614905,-0.19356917,-0.31012404,0.5582584,-0.2476746,-0.19417675,0.56820977,-0.23072797,-0.15670465,0.49816623,-0.21688269,-0.35252553,0.20225479,-0.13031329,-0.31954062,0.5292033,-0.1762017,-0.22039156,0.52174187,-0.14692026,-0.19398902,0.4592053,-0.12679765,-0.35722113,0.24296872,-0.07704648,-0.34728956,0.47435668,-0.1238631,-0.26841718,0.47628772,-0.11387489,-0.23613003,0.42533532,-0.09903986
Q,Cristhian,Right,0.0,0.0,0.0,0.07600431,0.12567784,-0.16313238,0.12956761,0.32100943,-0.26768923,0.16094743,0.50192326,-0.3342415,0.17662196,0.6518195,-0.3953122,-0.118401416,0.28297567,-0.3071352,-0.2173709,0.5802059,-0.4179803,-0.24612965,0.7982382,-0.4805062,-0.24968717,0.96832657,-0.5120543,-0.21282622,0.2617422,-0.24562043,-0.26268542,0.5732161,-0.32940724,-0.2594166,0.78789026,-0.34905553,-0.23945266,0.9495376,-0.35588995,-0.2646954,0.27545914,-0.18774895,-0.2681493,0.5752617,-0.24899109,-0.26094124,0.763179,-0.250409,-0.24396831,0.9026658,-0.24470782,-0.28244078,0.3175973,-0.13983276,-0.2705195,0.5565312,-0.18604963,-0.26129276,0.7019317,-0.18555176,-0.25120282,0.8126511,-0.17559798
Q,Cristhian,Right,0.0,0.0,0.0,0.1028503,0.16253577,-0.17246029,0.13277744,0.34027272,-0.2686984,0.11163341,0.45846918,-0.3257308,0.08875256,0.5576254,-0.37595123,-0.107320674,0.2760146,-0.29575408,-0.19084111,0.55516547,-0.3997484,-0.23059843,0.7782124,-0.45817736,-0.2485353,0.9534403,-0.49055052,-0.19532022,0.24550007,-0.23564671,-0.24310024,0.5489654,-0.32887655,-0.25104916,0.7899694,-0.36091128,-0.25245294,0.96760917,-0.37465504,-0.24885514,0.25545862,-0.18029378,-0.24497958,0.5719692,-0.25100124,-0.23920955,0.790006,-0.26032215,-0.23959488,0.94404495,-0.25832173,-0.26487935,0.2928487,-0.13701673,-0.24599792,0.55892164,-0.19412458,-0.24084446,0.729579,-0.20208357,-0.24438834,0.8497638,-0.19692676
Q,Cristhian,Right,0.0,0.0,0.0,0.06405139,0.17215969,-0.1279939,0.10169114,0.378823,-0.22143869,0.14227423,0.54871637,-0.28575456,0.17547403,0.6875142,-0.34455737,-0.18953305,0.26189888,-0.2622898,-0.30227593,0.5947573,-0.34591302,-0.30903,0.8047358,-0.38591653,-0.300592,0.9537528,-0.40774545,-0.2683136,0.20429753,-0.21511939,-0.23454683,0.5092894,-0.28705853,-0.123608276,0.51618856,-0.27988005,-0.078150205,0.45838568,-0.2699484,-0.29781637,0.200334,-0.17004868,-0.2393941,0.49083078,-0.21867505,-0.15378289,0.48652503,-0.18854855,-0.12348462,0.4374751,-0.16667828,-0.30669013,0.23077582,-0.1335117,-0.2682293,0.45568255,-0.16976212,-0.20390803,0.460296,-0.14743283,-0.17449293,0.41917142,-0.12400913
Q,Cristhian,Right,0.0,0.0,0.0,0.022632098,0.17465101,-0.18139403,-0.003645954,0.41679046,-0.26925945,-0.0025488315,0.65376776,-0.31356275,-0.007261001,0.8395107,-0.34633318,-0.34291753,0.24137653,-0.24219932,-0.42838368,0.5752363,-0.29273042,-0.43179777,0.76663005,-0.3117263,-0.4286048,0.9034921,-0.32206333,-0.38712236,0.21247464,-0.15573247,-0.3484162,0.5666841,-0.21643841,-0.2365079,0.56336427,-0.21699053,-0.1822157,0.48356763,-0.21129388,-0.39112136,0.22632317,-0.0753844,-0.3572533,0.5297964,-0.13650924,-0.25983208,0.51207715,-0.13103016,-0.21305062,0.44577911,-0.11885718,-0.38468292,0.2581745,-0.0062539093,-0.38093987,0.46856663,-0.067096725,-0.2994325,0.46013352,-0.07397904,-0.25120705,0.40378675,-0.06588255
Q,Cristhian,Right,0.0,0.0,0.0,0.018880486,0.1562759,-0.19670035,-0.011389998,0.40018368,-0.27367947,-0.011615085,0.6400546,-0.30019915,-0.018115213,0.8379657,-0.31273386,-0.34471878,0.269712,-0.23087357,-0.42624098,0.5881455,-0.2702747,-0.42173406,0.7757358,-0.2824502,-0.41216114,0.911111,-0.28791428,-0.37762776,0.24748634,-0.12916563,-0.35151443,0.57396084,-0.17638403,-0.2468499,0.5680349,-0.17660914,-0.1937787,0.49355868,-0.16983822,-0.3717013,0.26479822,-0.035699856,-0.34857762,0.54812616,-0.0925613,-0.25909314,0.52200824,-0.097007595,-0.21927802,0.464665,-0.08967111,-0.35846847,0.29505455,0.046240754,-0.35287398,0.49777174,-0.015146284,-0.27564868,0.4782084,-0.02902555,-0.23234074,0.42196044,-0.024898907
Q,Cristhian,Right,0.0,0.0,0.0,-0.021510191,0.14466701,-0.22282368,-0.07463568,0.38596654,-0.2879762,-0.081094936,0.6221241,-0.29478475,-0.093242094,0.80289954,-0.28229,-0.41924125,0.2355422,-0.2121752,-0.47960675,0.556296,-0.25216872,-0.47676632,0.7479579,-0.27283368,-0.47819203,0.8782553,-0.28410232,-0.41077518,0.22209,-0.09749546,-0.3604268,0.56395733,-0.15391995,-0.25104603,0.5395173,-0.16527602,-0.21084304,0.4318357,-0.1599928,-0.3738974,0.25495064,0.0024363806,-0.32304782,0.54848695,-0.07047982,-0.23361996,0.5009843,-0.09322582,-0.21807961,0.41570193,-0.08874821,-0.341325,0.28604922,0.088114545,-0.32293123,0.48413658,0.014651329,-0.25460616,0.4537484,-0.012695485,-0.22659762,0.3865194,-0.012625112
Q,Cristhian,Right,0.0,0.0,0.0,-0.057618294,0.16929497,-0.19424842,-0.12681527,0.40201968,-0.21744964,-0.14432311,0.6268419,-0.19043326,-0.17709792,0.802039,-0.14278774,-0.448426,0.22876647,-0.07397868,-0.52152973,0.5322615,-0.070971265,-0.52352536,0.7186338,-0.08085077,-0.5279189,0.8492948,-0.08739472,-0.41667226,0.21941577,0.041674405,-0.39819953,0.5305118,0.014462296,-0.2891911,0.516891,-0.018434726,-0.23101598,0.41849336,-0.02519075,-0.3681421,0.2524459,0.13973233,-0.35776696,0.50759345,0.08903437,-0.2648017,0.48063153,0.030295344,-0.23170532,0.4085058,0.0143990265,-0.33089834,0.2776233,0.22614916,-0.3294673,0.45091575,0.16465636,-0.25897047,0.44028345,0.11455326,-0.21904223,0.38020363,0.10067745
Q,Cristhian,Right,0.0,0.0,0.0,-0.027536275,0.14636803,-0.20968838,-0.081019714,0.39447245,-0.25471577,-0.090209514,0.62792987,-0.24265385,-0.10484888,0.78985804,-0.20892078,-0.4171603,0.2223169,-0.1785522,-0.4923492,0.5378867,-0.20542334,-0.49190113,0.73277456,-0.21757953,-0.49338228,0.8698126,-0.2236475,-0.39777258,0.22137025,-0.06458292,-0.34998402,0.5527475,-0.10659259,-0.2380996,0.5286064,-0.115992755,-0.19845232,0.41833982,-0.11022072,-0.35086027,0.26158902,0.034136187,-0.3095185,0.5398535,-0.031168848,-0.21664533,0.50141853,-0.06209508,-0.19778194,0.42263702,-0.06252674,-0.3114621,0.29166192,0.119847864,-0.29251087,0.4736477,0.050434865,-0.22575691,0.45458952,0.01604242,-0.19586407,0.39623192,0.010926184
Q,Cristhian,Right,0.0,0.0,0.0,-0.0035535034,0.14410852,-0.24623002,-0.03305242,0.3858316,-0.3331072,-0.015813118,0.6357936,-0.3599834,-0.02285771,0.85211587,-0.36567283,-0.4045378,0.25235555,-0.24816076,-0.48620597,0.5722226,-0.2933839,-0.45760366,0.77015615,-0.3105139,-0.4202527,0.9074071,-0.31846687,-0.397788,0.2489732,-0.12560785,-0.34837842,0.59791225,-0.18425871,-0.24048331,0.5647962,-0.19615294,-0.20638569,0.44782606,-0.19537114,-0.35879862,0.28200388,-0.018765513,-0.30800584,0.5784242,-0.08800731,-0.21914878,0.5121821,-0.10798884,-0.20883723,0.41635424,-0.10794255,-0.31941354,0.31469628,0.071339816,-0.29743177,0.5104471,-0.0030923255,-0.22059794,0.47715086,-0.03171174,-0.18571256,0.406256,-0.035853826
Q,Cristhian,Right,0.0,0.0,0.0,0.01398784,0.122694746,-0.30070502,0.013816965,0.34690177,-0.39923528,0.052413166,0.5826146,-0.41431734,0.055454,0.7957503,-0.40106806,-0.3677143,0.20826587,-0.3529042,-0.47257018,0.51599807,-0.43058765,-0.45126876,0.7494679,-0.45404038,-0.41011894,0.91203207,-0.45652813,-0.36493537,0.22965899,-0.19644782,-0.30570868,0.58049345,-0.2702348,-0.17602327,0.5371064,-0.2685871,-0.1353305,0.39903596,-0.25180027,-0.33600608,0.29358155,-0.05867827,-0.27298823,0.5785754,-0.14307263,-0.1822241,0.48876452,-0.16394867,-0.18571281,0.38581473,-0.15947887,-0.30740684,0.35249627,0.059992444,-0.2870343,0.522492,-0.021679118,-0.21224815,0.4635192,-0.050558005,-0.18023394,0.38421422,-0.05268558
Q,Cristhian,Right,0.0,0.0,0.0,0.061649088,0.13231225,-0.2688467,0.07433452,0.3595339,-0.40037072,0.0973867,0.61058086,-0.46683237,0.10420917,0.8271431,-0.5120157,-0.31506535,0.20592685,-0.37961334,-0.4366888,0.54588836,-0.46596226,-0.418,0.7757527,-0.4859753,-0.37830535,0.9256809,-0.48868683,-0.35413003,0.21673039,-0.25590122,-0.30974928,0.58746743,-0.33389178,-0.17593254,0.567985,-0.31542045,-0.13404934,0.45909646,-0.29439136,-0.35746592,0.26889855,-0.14461556,-0.30987856,0.5861882,-0.22333384,-0.20252502,0.5240998,-0.20530443,-0.17412171,0.42747283,-0.18438973,-0.34785387,0.33492073,-0.05202603,-0.34014973,0.54866326,-0.12911029,-0.24646123,0.5153458,-0.13165885,-0.19505276,0.44271553,-0.11848984
Q,Cristhian,Right,0.0,0.0,0.0,0.025800139,0.12975365,-0.19723323,0.040299863,0.35530508,-0.32553592,0.08148472,0.5894162,-0.40907478,0.10675045,0.79554194,-0.48024395,-0.31489107,0.17067207,-0.34366918,-0.43637386,0.49776575,-0.45559,-0.42128927,0.74796474,-0.5077243,-0.39047047,0.92061543,-0.5357335,-0.3163211,0.16873512,-0.27369308,-0.24833523,0.55259234,-0.3697327,-0.13478914,0.5531011,-0.36694756,-0.11545571,0.4578317,-0.3606618,-0.27863777,0.21671413,-0.21179202,-0.1967759,0.5576395,-0.29491162,-0.11577177,0.49560952,-0.26759902,-0.11422349,0.39904064,-0.24479353,-0.23109902,0.27990544,-0.16441149,-0.18146485,0.5162911,-0.23969476,-0.09926568,0.48169047,-0.22514087,-0.066064216,0.41303697,-0.20237239
Q,Cristhian,Right,0.0,0.0,0.0,0.03936949,0.1090931,-0.24169217,0.042641934,0.33709568,-0.36773047,0.07670914,0.5910479,-0.43466765,0.11573225,0.79628694,-0.48356986,-0.3484499,0.1607295,-0.36385807,-0.471943,0.500095,-0.460464,-0.45037344,0.74825907,-0.49102643,-0.4111767,0.91155565,-0.50294757,-0.3650027,0.18432596,-0.26182643,-0.297652,0.573323,-0.34975716,-0.1659424,0.5506775,-0.33564678,-0.14645608,0.4381944,-0.3164465,-0.34181094,0.25595737,-0.17060415,-0.25040627,0.5903262,-0.2494193,-0.15012696,0.52343,-0.22208837,-0.14654267,0.42686868,-0.19620647,-0.30598745,0.33445895,-0.097568646,-0.2458779,0.5575956,-0.17430684,-0.15218621,0.5055439,-0.16602357,-0.11771339,0.42781055,-0.14411095
Q,Cristhian,Right,0.0,0.0,0.0,0.07994491,0.12605876,-0.21778964,0.09405725,0.30470365,-0.32783923,0.074008785,0.48242715,-0.38869712,0.062938176,0.6108599,-0.4338003,-0.22904819,0.24119477,-0.3217108,-0.31817594,0.59570366,-0.42905116,-0.28975445,0.82572734,-0.47255477,-0.24951869,0.96836996,-0.489632,-0.2756783,0.2609758,-0.23432024,-0.21538962,0.6241256,-0.32686356,-0.09175145,0.6204527,-0.3148249,-0.07400045,0.5278458,-0.29312268,-0.28212348,0.30952144,-0.16078736,-0.20470172,0.61830837,-0.24374723,-0.1022442,0.5967839,-0.21689795,-0.0872477,0.51052207,-0.18657933,-0.27316916,0.36529773,-0.10440897,-0.21423613,0.5729904,-0.17833179,-0.13235025,0.5574055,-0.17362696,-0.09880993,0.47869167,-0.15343457
Q,Cristhian,Right,0.0,0.0,0.0,0.078560345,0.13984862,-0.24586119,0.08146969,0.39945853,-0.35877913,0.09824218,0.6451148,-0.40645963,0.124889545,0.8253599,-0.43742698,-0.27673182,0.22744489,-0.37664685,-0.39776823,0.5606059,-0.44216612,-0.38171336,0.7858485,-0.4467112,-0.35095817,0.9363911,-0.44519496,-0.3204268,0.21314314,-0.25771725,-0.27035165,0.5908478,-0.32372126,-0.14762269,0.58786273,-0.30050904,-0.12633142,0.49203566,-0.27955502,-0.31504762,0.2513795,-0.14509125,-0.22930741,0.5892588,-0.20099832,-0.14070351,0.54588807,-0.17234024,-0.14258045,0.4500279,-0.15157594,-0.29201078,0.30397305,-0.04994273,-0.23458348,0.53756934,-0.108708955,-0.15154609,0.5053578,-0.10278952,-0.12395929,0.42768833,-0.08860677
Q,Cristhian,Right,0.0,0.0,0.0,-0.0026225985,0.14832011,-0.18635727,-0.029635083,0.39196455,-0.29300147,-0.018009435,0.6358438,-0.35083973,0.007369079,0.8206818,-0.39826542,-0.3261583,0.19423567,-0.3349864,-0.43231502,0.5220014,-0.41479915,-0.4110534,0.76276267,-0.43663722,-0.3749502,0.9270449,-0.44952038,-0.30079913,0.20148213,-0.26080152,-0.24970135,0.55466866,-0.33673704,-0.16631253,0.5916416,-0.32645202,-0.15867715,0.5515592,-0.32041767,-0.22752887,0.25682968,-0.19017166,-0.15007676,0.58438164,-0.25384048,-0.09650421,0.58474374,-0.21966532,-0.10009729,0.5489798,-0.19740696,-0.14754155,0.3307246,-0.13197866,-0.08471046,0.57050526,-0.19482625,-0.036334403,0.5712425,-0.18160039,-0.030136067,0.5425103,-0.16467373
Q,Cristhian,Right,0.0,0.0,0.0,0.10263748,0.17451128,-0.17557162,0.13279825,0.44281635,-0.2814957,0.14042847,0.68198436,-0.3415541,0.15270875,0.883273,-0.39174566,-0.25081772,0.25234377,-0.33284527,-0.3206012,0.5982067,-0.4128068,-0.287859,0.81733924,-0.4379688,-0.23748715,0.97139066,-0.45006248,-0.3093291,0.22583733,-0.25883237,-0.24889243,0.5862772,-0.3347565,-0.13073981,0.5914412,-0.3210093,-0.087320775,0.5269335,-0.3096768,-0.31857103,0.2506736,-0.18571785,-0.23677261,0.5874922,-0.24934785,-0.14172794,0.55497456,-0.21179909,-0.1100302,0.48154402,-0.18560044,-0.3068776,0.29562607,-0.12314974,-0.25620607,0.55082685,-0.18598245,-0.17306374,0.53087926,-0.16933231,-0.14213723,0.46793815,-0.14733434
Q,Cristhian,Right,0.0,0.0,0.0,0.06160634,0.15209071,-0.18545742,0.083089344,0.42814913,-0.2955235,0.09328728,0.6855113,-0.35881162,0.11085076,0.8906883,-0.41189253,-0.26315618,0.22257046,-0.3434265,-0.36509103,0.5502319,-0.43698367,-0.34825018,0.7866198,-0.47644818,-0.31129524,0.95031327,-0.5001174,-0.2667569,0.22421771,-0.27492943,-0.22982438,0.59211236,-0.34933522,-0.1338315,0.59499013,-0.33699018,-0.11771459,0.5109178,-0.33063594,-0.23137721,0.2658933,-0.21157685,-0.17233652,0.6078237,-0.27279317,-0.0961645,0.5761632,-0.23343615,-0.08913816,0.4951664,-0.20997028,-0.18429172,0.31740248,-0.16174477,-0.13297845,0.57152826,-0.22260068,-0.0620346,0.5575711,-0.20404445,-0.03586592,0.4918596,-0.18440774
Q,Cristhian,Right,0.0,0.0,0.0,-0.0049499334,0.11174055,-0.19284424,-0.055174693,0.3279896,-0.2975039,-0.11856993,0.5461055,-0.34655103,-0.1790452,0.7096516,-0.38368097,-0.30559942,0.19060305,-0.3764958,-0.42471403,0.549047,-0.47876236,-0.39761862,0.78141636,-0.50873107,-0.35832977,0.93359506,-0.52052736,-0.31707704,0.18569279,-0.29579118,-0.29276252,0.57499653,-0.38168228,-0.1886692,0.59085333,-0.36225197,-0.15898095,0.5241115,-0.34723005,-0.27789092,0.2344106,-0.218562,-0.21544088,0.5876471,-0.29552507,-0.13052803,0.5496605,-0.2550535,-0.105115056,0.47020605,-0.2250671,-0.22498924,0.29529172,-0.1529326,-0.15900081,0.5508732,-0.22738332,-0.07910413,0.5327132,-0.21616665,-0.044605926,0.47793537,-0.19769168
Q,Cristhian,Right,0.0,0.0,0.0,0.05035115,0.13233553,-0.23384053,0.05107029,0.37459713,-0.35350123,0.05985741,0.6329033,-0.4150479,0.072372064,0.8475944,-0.458419,-0.3205124,0.20186584,-0.36294833,-0.4461013,0.5359442,-0.4422071,-0.42348948,0.7689074,-0.45819983,-0.38262203,0.92390496,-0.4628487,-0.3599183,0.20469,-0.26046756,-0.322199,0.5717111,-0.3359298,-0.20698729,0.55598646,-0.32028872,-0.17220415,0.45995688,-0.3066892,-0.3588502,0.2491915,-0.16538364,-0.31832153,0.5700613,-0.23294276,-0.22586712,0.5169728,-0.20599748,-0.19759434,0.43271485,-0.18566573,-0.34424016,0.30396995,-0.087096445,-0.33983827,0.526611,-0.15806337,-0.25798565,0.4887594,-0.15415245,-0.21342298,0.42099702,-0.13965376
Q,Cristhian,Right,0.0,0.0,0.0,0.049571652,0.16495596,-0.2509796,0.035805494,0.425643,-0.35841948,0.031789828,0.67674035,-0.40026134,0.04889055,0.86189073,-0.41979015,-0.33043444,0.2380458,-0.35373485,-0.4706615,0.5635959,-0.4281963,-0.45082608,0.7758207,-0.4403291,-0.40547338,0.91410685,-0.4386854,-0.38502043,0.21813291,-0.23216592,-0.3560927,0.5799628,-0.2977349,-0.2308669,0.57618266,-0.27445218,-0.18753143,0.47878024,-0.2532735,-0.39735204,0.24959129,-0.12242374,-0.36434147,0.5637001,-0.18818744,-0.2602615,0.53245056,-0.17153364,-0.22412276,0.458533,-0.15453668,-0.39426115,0.292801,-0.030553764,-0.38922313,0.49814102,-0.097311154,-0.30362388,0.48723078,-0.10449576,-0.2516322,0.44279012,-0.097665735
Q,Cristhian,Right,0.0,0.0,0.0,0.026658095,0.1711764,-0.20591722,0.0033401605,0.39615956,-0.31546846,-0.004683056,0.63693744,-0.38030168,-0.009127306,0.85275114,-0.43115783,-0.37473413,0.20245144,-0.252716,-0.5104141,0.5417403,-0.32101443,-0.4993382,0.7500962,-0.3577642,-0.46525905,0.8851746,-0.37404406,-0.42306885,0.16836438,-0.15331253,-0.4826313,0.53193444,-0.22654001,-0.3812552,0.63475716,-0.25174692,-0.28822014,0.64390695,-0.25902575,-0.433508,0.18529807,-0.06154064,-0.4819824,0.5024369,-0.12566353,-0.38881248,0.5848016,-0.1429553,-0.3063209,0.5992971,-0.14271931,-0.43693584,0.22683817,0.01831183,-0.4710526,0.4623461,-0.040948614,-0.40450412,0.5291426,-0.059708003,-0.34456268,0.53938013,-0.0585626
Q,Cristhian,Right,0.0,0.0,0.0,-0.00030432545,0.14704406,-0.21287124,-0.031421605,0.37892082,-0.31707475,-0.026776241,0.63234913,-0.37406996,-0.03340327,0.85383934,-0.41666588,-0.39589548,0.18739337,-0.26016852,-0.5187568,0.516983,-0.32348916,-0.506728,0.73056537,-0.34921032,-0.477148,0.878823,-0.35897508,-0.4177598,0.17264643,-0.15595536,-0.39969417,0.55085593,-0.23062524,-0.27258307,0.5770242,-0.24385706,-0.20336536,0.5085368,-0.24167046,-0.40019822,0.1996368,-0.06048465,-0.36332586,0.52079785,-0.13371474,-0.25300276,0.5135207,-0.14225343,-0.19492103,0.45264056,-0.13316676,-0.37847272,0.24440372,0.022082305,-0.36696556,0.4652018,-0.04839693,-0.27779108,0.4696818,-0.063973926,-0.22410959,0.42173633,-0.056899633
Q,Cristhian,Right,0.0,0.0,0.0,-0.022031039,0.11942358,-0.19814543,-0.07070912,0.3489738,-0.2876652,-0.06915704,0.6157617,-0.3336302,-0.07196342,0.83818835,-0.3650328,-0.41213357,0.18628946,-0.21903268,-0.5404338,0.49831113,-0.28946412,-0.53712565,0.7123821,-0.32225126,-0.5125594,0.85865176,-0.3362375,-0.40850264,0.20016173,-0.12855846,-0.38530904,0.54982156,-0.21176231,-0.26237607,0.5687838,-0.23120117,-0.20493197,0.49938652,-0.2283134,-0.3727925,0.24786815,-0.050409697,-0.32224917,0.5456673,-0.1417381,-0.21759474,0.5294415,-0.15811996,-0.17396013,0.4693799,-0.14685419,-0.33876058,0.29899448,0.016322961,-0.30339932,0.5139793,-0.06787159,-0.21607062,0.50965023,-0.08590008,-0.1694229,0.45915455,-0.07552088
Q,Cristhian,Right,0.0,0.0,0.0,-0.009073971,0.1268407,-0.22417015,-0.055420928,0.36113012,-0.33081084,-0.064476535,0.6202548,-0.38632473,-0.075655945,0.8409131,-0.4264082,-0.41367325,0.15153946,-0.27183864,-0.54019254,0.4890176,-0.33869994,-0.5390552,0.70833766,-0.36622757,-0.51932245,0.8545784,-0.3768144,-0.42643037,0.1509082,-0.16465753,-0.41119364,0.5380667,-0.24141888,-0.28344813,0.56585,-0.2517423,-0.21092504,0.49230358,-0.24607714,-0.40573356,0.18979938,-0.06783259,-0.38191846,0.5150392,-0.14728841,-0.2743665,0.50732416,-0.15585245,-0.22071339,0.4472021,-0.14497791,-0.38702852,0.23431677,0.015543067,-0.38641056,0.46375915,-0.05952869,-0.2993044,0.47146088,-0.07324548,-0.2468586,0.4295823,-0.06354643
Q,Cristhian,Right,0.0,0.0,0.0,-0.009818451,0.11975644,-0.21903047,-0.042305853,0.34294823,-0.33129895,-0.025274964,0.60782576,-0.39505967,-0.025344726,0.83243835,-0.44507986,-0.40390033,0.15194383,-0.2766722,-0.5236582,0.49467224,-0.3428442,-0.5159226,0.7164655,-0.37509432,-0.49077052,0.87128884,-0.39210445,-0.4316936,0.15127407,-0.17284857,-0.4134024,0.53662467,-0.25031927,-0.28705615,0.550569,-0.26887342,-0.21210286,0.4753794,-0.27292654,-0.4213719,0.19009313,-0.07703192,-0.38958856,0.51333666,-0.14140198,-0.28266963,0.50220907,-0.14930616,-0.22269629,0.4419495,-0.14608471,-0.40503418,0.24483965,0.0037680042,-0.3894822,0.46117902,-0.059864093,-0.30407542,0.4696858,-0.07705312,-0.24877667,0.42681092,-0.07542376
Q,Cristhian,Right,0.0,0.0,0.0,0.044619206,0.13976221,-0.24813294,0.0444821,0.36878484,-0.38060015,0.051298782,0.6382415,-0.45625186,0.042731777,0.8692748,-0.51686865,-0.31853992,0.14103092,-0.35813484,-0.46428153,0.48421097,-0.45422882,-0.4692281,0.71961904,-0.50178415,-0.4532305,0.89139336,-0.5269757,-0.38678434,0.12859061,-0.24821913,-0.3930863,0.50545055,-0.34269616,-0.275949,0.5277164,-0.35642695,-0.19989875,0.46168783,-0.35915187,-0.418627,0.16857232,-0.14785141,-0.4269615,0.49516737,-0.22600299,-0.3231867,0.5005694,-0.22329083,-0.2494078,0.4539349,-0.21491098,-0.43948567,0.23431256,-0.06472899,-0.4577676,0.45586762,-0.13764468,-0.38134158,0.4779538,-0.14993168,-0.31395605,0.45260027,-0.14629959
Q,Cristhian,Right,0.0,0.0,0.0,0.024167562,0.14857626,-0.22933483,-0.003220929,0.37780747,-0.3353478,-0.0018896303,0.627746,-0.38634315,-0.0072208187,0.845999,-0.42011827,-0.3549723,0.18527701,-0.3003084,-0.4903825,0.5170461,-0.36709175,-0.48655882,0.7327948,-0.39138702,-0.46641988,0.88456345,-0.40189642,-0.39983618,0.17288291,-0.19072662,-0.4012333,0.53412986,-0.2589878,-0.28006947,0.5485793,-0.26168257,-0.2158148,0.46920407,-0.25837648,-0.40859488,0.2030851,-0.090778425,-0.41532075,0.5100467,-0.1517023,-0.3094552,0.50045127,-0.14780927,-0.2535398,0.44039258,-0.13987908,-0.4064895,0.24877433,-0.0069470005,-0.42700502,0.45189732,-0.07087063,-0.34450758,0.45615283,-0.08345826,-0.28682882,0.4113875,-0.08055006
Q,Cristhian,Right,0.0,0.0,0.0,0.035649322,0.15433262,-0.26817116,0.022376131,0.39029232,-0.41332906,0.020320937,0.6676729,-0.49842548,0.006452155,0.90688676,-0.56276715,-0.3908036,0.1216681,-0.37491474,-0.54317105,0.4662312,-0.46993777,-0.525115,0.7148643,-0.5007345,-0.48619017,0.873853,-0.5103686,-0.42966062,0.110205404,-0.2553448,-0.40958723,0.54423463,-0.34883553,-0.26211697,0.56657255,-0.3430098,-0.19571504,0.46693137,-0.3276687,-0.4349517,0.15310545,-0.1478656,-0.3936983,0.52804416,-0.23288463,-0.2766154,0.5008374,-0.21843807,-0.22809093,0.40637565,-0.19822468,-0.43721193,0.22086288,-0.059567604,-0.42550215,0.47655666,-0.1441797,-0.32612857,0.48217842,-0.14968765,-0.2641096,0.42667016,-0.13415205
Q,Cristhian,Right,0.0,0.0,0.0,0.002313319,0.014260733,-0.30190337,-0.024777135,0.16791561,-0.47069034,-0.037323546,0.4470569,-0.57398707,-0.03822756,0.6963562,-0.658433,-0.43952787,0.0066629807,-0.41198474,-0.5716841,0.34794074,-0.5567435,-0.571605,0.6300803,-0.63029164,-0.53982645,0.8417763,-0.66941917,-0.4530192,0.1196811,-0.29657295,-0.38154095,0.51622707,-0.42356282,-0.22737227,0.46567488,-0.4232173,-0.20177995,0.33744696,-0.40778905,-0.43339732,0.25713098,-0.20226327,-0.32806975,0.5846785,-0.30980542,-0.22030695,0.4856184,-0.27412567,-0.21636596,0.3702631,-0.23872669,-0.4035069,0.391782,-0.13329199,-0.33616665,0.6154043,-0.22641164,-0.23274173,0.5568895,-0.21171759,-0.19349709,0.4762231,-0.18135941
Q,Cristhian,Right,0.0,0.0,0.0,-0.006987654,-0.03681447,-0.20868622,-0.0015003001,0.04917277,-0.32236835,0.056598596,0.20772435,-0.38844243,0.08839626,0.3691427,-0.44431144,-0.30355594,0.22854546,-0.3411868,-0.39160836,0.4935332,-0.5045508,-0.39574778,0.7298224,-0.62379086,-0.37623307,0.92652506,-0.6928599,-0.28073862,0.3433741,-0.2628268,-0.15569429,0.56473476,-0.37872535,-0.029829292,0.48290202,-0.40872765,0.012373971,0.37111604,-0.41854924,-0.22785695,0.4323706,-0.1977325,-0.08135974,0.57118756,-0.2757136,0.0049772193,0.46090928,-0.25724527,0.016980445,0.3562681,-0.23606627,-0.17020592,0.4875986,-0.15200432,-0.054906532,0.57995796,-0.2145329,0.013115667,0.49903354,-0.20083572,0.033388484,0.41412306,-0.1750722
Q,Cristhian,Right,0.0,0.0,0.0,0.18910739,-0.16962464,-0.082438305,0.29999673,-0.49675864,-0.1330318,0.35212857,-0.76814,-0.1827612,0.32093933,-0.94709975,-0.2173838,0.017910764,-1.0087813,-0.015330783,0.26689574,-1.1053075,-0.1352019,0.3392752,-0.9246701,-0.23065263,0.30167124,-0.7940547,-0.29081282,-0.091490254,-0.9764055,-0.030104628,0.1634806,-1.0309503,-0.11781499,0.23348011,-0.8354077,-0.15893859,0.1852228,-0.72592735,-0.18500704,-0.17498414,-0.8755452,-0.06619108,0.068578154,-0.90418565,-0.14898106,0.12889257,-0.7117928,-0.12914431,0.07107694,-0.5927653,-0.11066563,-0.2367877,-0.7131322,-0.115841985,-0.018776469,-0.7513328,-0.16183044,0.04356852,-0.6067128,-0.14106742,0.0029356147,-0.51248735,-0.11951555
Q,Cristhian,Right,0.0,0.0,0.0,0.013960623,0.2444322,-0.17898324,-0.07519087,0.42459503,-0.28854626,-0.17212936,0.51681316,-0.36466214,-0.26369008,0.5779597,-0.43414477,-0.32562032,0.05591877,-0.32112113,-0.4680489,0.40651426,-0.45609775,-0.4896616,0.6691915,-0.54577434,-0.47426292,0.88038325,-0.60091233,-0.35689554,0.02439429,-0.27513766,-0.46099764,0.45399314,-0.40490937,-0.41899827,0.6389401,-0.4621893,-0.36256114,0.75769186,-0.49853423,-0.35918576,0.057205126,-0.2353529,-0.39972603,0.49155438,-0.35270214,-0.29584703,0.61413944,-0.37112042,-0.20576634,0.6664253,-0.3720897,-0.33633888,0.13256717,-0.20761505,-0.43858096,0.47056612,-0.32443917,-0.46032906,0.67054886,-0.35872576,-0.46444723,0.82074815,-0.36898983
Q,Cristhian,Right,0.0,0.0,0.0,-0.04530775,0.10152875,-0.21804106,-0.13669272,0.29588687,-0.29760244,-0.16330066,0.53012294,-0.32626957,-0.17546147,0.72087103,-0.33889908,-0.491165,0.12495945,-0.22843418,-0.6350992,0.39584327,-0.26559263,-0.64481896,0.62147814,-0.2886074,-0.6267126,0.77925044,-0.30146378,-0.47974285,0.14018151,-0.11690632,-0.46378702,0.47032377,-0.14532831,-0.33303407,0.46634904,-0.15606657,-0.24691948,0.3730785,-0.1618153,-0.43568432,0.18677793,-0.016309517,-0.39822972,0.4836647,-0.04563014,-0.28787974,0.41935736,-0.06799507,-0.228203,0.32102072,-0.08050776,-0.38589686,0.23455936,0.06642036,-0.36065865,0.44350982,0.011663727,-0.2766463,0.42613024,-0.014328192,-0.21666889,0.37645265,-0.018613156
Q,Cristhian,Right,0.0,0.0,0.0,-0.046041742,0.1483863,-0.18106498,-0.10470249,0.3718599,-0.25026193,-0.10152249,0.60284454,-0.27792326,-0.10492219,0.78770715,-0.29137817,-0.44366732,0.22022377,-0.17638174,-0.5586412,0.5031311,-0.22172426,-0.56397676,0.69799376,-0.24534059,-0.5517434,0.83401394,-0.25997633,-0.41037875,0.23337543,-0.090416886,-0.41408044,0.56606543,-0.14252967,-0.3168356,0.56140155,-0.1525244,-0.27460954,0.47292528,-0.15034546,-0.3423636,0.26122817,-0.017577762,-0.33264288,0.5531344,-0.08176031,-0.24594706,0.52382743,-0.09786342,-0.21869712,0.46044827,-0.095254794,-0.27454835,0.28362325,0.0436123,-0.24309601,0.50426203,-0.030168395,-0.17661941,0.56017935,-0.062097274,-0.14588057,0.576718,-0.06912796
Q,Cristhian,Right,0.0,0.0,0.0,-0.01030847,0.1173812,-0.26337427,-0.05345961,0.33550084,-0.37058827,-0.05380705,0.5820448,-0.4170577,-0.073629886,0.78320104,-0.442287,-0.41875014,0.14049193,-0.2821485,-0.56330395,0.44273758,-0.3502274,-0.57819885,0.6604991,-0.38022855,-0.5736178,0.8191231,-0.39423466,-0.41909334,0.16384475,-0.15512414,-0.40197182,0.5298799,-0.23494306,-0.2805474,0.5133059,-0.24832027,-0.23491926,0.4027713,-0.24302548,-0.39298612,0.2215711,-0.044619877,-0.36775294,0.5205469,-0.12510225,-0.2736011,0.4656716,-0.13875419,-0.25385913,0.37349436,-0.13090608,-0.36942345,0.28118554,0.046931252,-0.36237004,0.46139085,-0.030370517,-0.28538793,0.4245006,-0.052916285,-0.25121927,0.3489406,-0.04972798
Q,Cristhian,Right,0.0,0.0,0.0,-0.011591929,0.13533871,-0.27478933,-0.050615326,0.34954497,-0.3550463,-0.042332936,0.58176017,-0.36282006,-0.06869937,0.7712767,-0.34316048,-0.42947668,0.14302996,-0.2616589,-0.5676903,0.4490419,-0.3043081,-0.57811254,0.66486377,-0.318761,-0.5779162,0.8160961,-0.3216417,-0.42701507,0.14698617,-0.11492718,-0.40695956,0.51329803,-0.1656597,-0.2760811,0.5063252,-0.17706548,-0.22744338,0.39022326,-0.17247908,-0.40361395,0.20165497,0.0133019695,-0.37619308,0.50624037,-0.048733205,-0.26961607,0.46163434,-0.082159005,-0.25370818,0.37135023,-0.088005036,-0.3861781,0.25453174,0.12289322,-0.38624704,0.432188,0.0577187,-0.30875596,0.4041871,0.02256357,-0.26721072,0.3384656,0.016369235
Q,Cristhian,Right,0.0,0.0,0.0,-0.05272739,0.1178049,-0.21816897,-0.103266284,0.33571228,-0.28227237,-0.096773505,0.57935333,-0.29278678,-0.09891804,0.77479476,-0.28322658,-0.44842288,0.17073879,-0.18957803,-0.57755417,0.462842,-0.22956902,-0.58364546,0.6685763,-0.24520947,-0.57339823,0.8192768,-0.25137278,-0.4188695,0.18796937,-0.07958921,-0.38514853,0.5246551,-0.13628763,-0.2790806,0.5044317,-0.15253095,-0.24947384,0.39789844,-0.1498715,-0.3577085,0.23991244,0.0136462115,-0.3157146,0.5283205,-0.063683264,-0.23334818,0.48008716,-0.097584106,-0.227194,0.39646962,-0.09888325,-0.30321375,0.28358254,0.093251206,-0.28248858,0.47039422,0.012196678,-0.21876709,0.4466429,-0.024312114,-0.19354916,0.38489294,-0.029007064
Q,Cristhian,Right,0.0,0.0,0.0,-0.028923556,0.1412857,-0.23384964,-0.06825595,0.36991197,-0.30235025,-0.05849538,0.6084523,-0.31302035,-0.07441294,0.79625213,-0.30220038,-0.417635,0.19751032,-0.19773912,-0.5418537,0.48991475,-0.23345155,-0.548999,0.6925724,-0.24918948,-0.54458874,0.8387032,-0.25700167,-0.392873,0.21627644,-0.07603087,-0.37646767,0.55308557,-0.1280029,-0.26108336,0.53184813,-0.14484687,-0.22016463,0.41563672,-0.14366543,-0.3452815,0.26374972,0.028048234,-0.31835887,0.5419197,-0.034390412,-0.22647059,0.48735714,-0.066564746,-0.21303454,0.39808387,-0.07164947,-0.30497333,0.299707,0.11613811,-0.28310066,0.471172,0.047555484,-0.21298839,0.44662297,0.009462675,-0.18341896,0.38337448,0.00034900903
Q,Cristhian,Right,0.0,0.0,0.0,-0.016565425,0.12074153,-0.25051278,-0.0535312,0.33633807,-0.32771033,-0.04532036,0.58038425,-0.3403379,-0.06497128,0.7792407,-0.3276455,-0.4245061,0.1651294,-0.24034357,-0.55791384,0.4561442,-0.2985514,-0.56756014,0.6713789,-0.3259346,-0.56321543,0.8263101,-0.33710262,-0.41044956,0.18862323,-0.11213139,-0.3854826,0.5341883,-0.17255814,-0.2617042,0.5100402,-0.18430561,-0.22239785,0.3898864,-0.17932433,-0.37501898,0.24706699,-0.0031613593,-0.33955714,0.53440076,-0.07248886,-0.23832692,0.47418448,-0.09765399,-0.23043397,0.38020915,-0.09736001,-0.34562087,0.29779044,0.08819699,-0.32466644,0.47388667,0.020058945,-0.24913721,0.43245384,-0.009796268,-0.21867542,0.3601498,-0.012339018
Q,Cristhian,Right,0.0,0.0,0.0,-0.007947567,0.12480263,-0.25307146,-0.04834937,0.3454428,-0.34516302,-0.044393115,0.5890462,-0.37398735,-0.05885946,0.7910367,-0.38059062,-0.41051486,0.1621316,-0.2779286,-0.55422467,0.4621988,-0.3360559,-0.56042486,0.6811016,-0.35392264,-0.55070627,0.8346991,-0.35953596,-0.41770557,0.1666568,-0.1498159,-0.39112416,0.5301273,-0.21214473,-0.26429176,0.5179859,-0.21146338,-0.2266083,0.40554997,-0.2004907,-0.39492488,0.21362558,-0.037636165,-0.36117056,0.52297616,-0.10730557,-0.25849742,0.47245324,-0.11644235,-0.24609295,0.37993798,-0.10900781,-0.3727023,0.2599611,0.056981213,-0.3557871,0.4520465,-0.014101799,-0.274192,0.4187706,-0.035511155,-0.24070616,0.3459818,-0.033675265
Q,Cristhian,Right,0.0,0.0,0.0,-0.023426093,0.122836605,-0.24012256,-0.068444714,0.3455207,-0.317081,-0.05828111,0.59199154,-0.3321087,-0.06747076,0.79026747,-0.3237661,-0.42339277,0.16236068,-0.24519822,-0.55741704,0.45301938,-0.3040353,-0.5684556,0.6699753,-0.33113915,-0.56400716,0.8257699,-0.34359953,-0.41678128,0.19059888,-0.124890715,-0.39634216,0.54268116,-0.18162277,-0.27737728,0.51854265,-0.18870248,-0.23624787,0.3980981,-0.18352748,-0.38270625,0.25002152,-0.021886786,-0.3502453,0.53800195,-0.084570594,-0.25525868,0.47422472,-0.103328854,-0.2462713,0.37868446,-0.10316687,-0.3449886,0.29921955,0.06336671,-0.3210135,0.47505507,-0.0026368692,-0.24835865,0.43172482,-0.02894553,-0.21763372,0.35905033,-0.031616945
Q,Cristhian,Right,0.0,0.0,0.0,-0.027912857,0.13587418,-0.23319787,-0.07032131,0.3576272,-0.29767305,-0.058503617,0.60288477,-0.3030271,-0.07117041,0.8105964,-0.28506783,-0.4284612,0.18875353,-0.19095047,-0.5510386,0.4782888,-0.22831476,-0.556053,0.68681735,-0.247662,-0.5466702,0.837348,-0.25639,-0.4086493,0.21055044,-0.0696449,-0.39090106,0.54281676,-0.11794153,-0.27359048,0.5191288,-0.13593593,-0.23385207,0.4047633,-0.13617197,-0.364934,0.2701565,0.03337592,-0.33456138,0.5481127,-0.028744454,-0.23967952,0.4806998,-0.06350367,-0.23004259,0.38376632,-0.07046056,-0.32637313,0.31846496,0.12052306,-0.3109822,0.4927243,0.05174249,-0.23651442,0.44619292,0.016647005,-0.20143531,0.36697114,0.00996435
Q,Cristhian,Right,0.0,0.0,0.0,-0.011018603,0.13313657,-0.24337296,-0.04926242,0.36149707,-0.32362607,-0.04296935,0.6059528,-0.3404784,-0.061595228,0.8035986,-0.335405,-0.40422103,0.17271455,-0.25756285,-0.5418944,0.46896294,-0.3080661,-0.5519712,0.6849051,-0.330014,-0.547528,0.83678734,-0.3412614,-0.40110552,0.18408872,-0.13336536,-0.3936254,0.5318019,-0.18236758,-0.28605136,0.5099868,-0.1884342,-0.2508296,0.39414877,-0.18657061,-0.36902335,0.23589359,-0.02433535,-0.34669757,0.53381586,-0.07861424,-0.25840446,0.47298995,-0.093755186,-0.2525795,0.3787354,-0.09579389,-0.334208,0.28419143,0.0670513,-0.3176529,0.47549787,0.0065248813,-0.24588643,0.43058234,-0.015346298,-0.21747035,0.35152265,-0.017874293
Q,Cristhian,Right,0.0,0.0,0.0,0.0006499897,0.11745715,-0.3090397,-0.046166565,0.34141505,-0.4076254,-0.02516319,0.5820341,-0.42233473,-0.03919954,0.78714347,-0.40937296,-0.40983856,0.14343265,-0.36176932,-0.5486188,0.4459707,-0.43825215,-0.560295,0.6699493,-0.4613636,-0.55041414,0.83489174,-0.46606314,-0.4073301,0.15090257,-0.20441204,-0.37757173,0.5222732,-0.27903107,-0.24591017,0.48014832,-0.2742466,-0.20407918,0.3447395,-0.25664926,-0.38796803,0.20866813,-0.067055486,-0.35057995,0.51094186,-0.1525144,-0.2450031,0.42749885,-0.1708761,-0.24544585,0.32535732,-0.1662375,-0.37303555,0.26082948,0.04963765,-0.3559914,0.43960238,-0.034585074,-0.2729302,0.37668198,-0.0649414,-0.23997304,0.29598376,-0.068375595
Q,Cristhian,Right,0.0,0.0,0.0,-0.011545844,0.14400458,-0.24749085,-0.05055619,0.3657427,-0.33341536,-0.050979484,0.5987582,-0.35879055,-0.065139025,0.78917843,-0.36304826,-0.40979677,0.16024777,-0.2513495,-0.549418,0.46453753,-0.30214357,-0.5608805,0.68074745,-0.31935486,-0.55310106,0.83311415,-0.32529283,-0.41319427,0.1619513,-0.12501031,-0.4001943,0.5265581,-0.18833067,-0.27903992,0.5184259,-0.19449803,-0.23126411,0.4036216,-0.1859345,-0.388675,0.20689085,-0.015158811,-0.3704432,0.51204306,-0.088622615,-0.27172446,0.47188026,-0.108196005,-0.24659222,0.38328078,-0.10431118,-0.3659388,0.24945438,0.07791795,-0.36587688,0.4328147,-0.00028856614,-0.2871837,0.41493198,-0.032711383,-0.24586366,0.3532404,-0.036932513
Q,Cristhian,Right,0.0,0.0,0.0,-0.012933304,0.10976731,-0.23565514,-0.061813075,0.3413131,-0.3199274,-0.04526098,0.6086713,-0.34372267,-0.046792377,0.8157619,-0.34590915,-0.40607962,0.17758039,-0.2696607,-0.5476925,0.4612227,-0.33621252,-0.55568653,0.6860437,-0.3616444,-0.53949815,0.8419868,-0.37239975,-0.4007865,0.19672035,-0.15656549,-0.36379287,0.5489749,-0.21301349,-0.25350615,0.51064813,-0.20847799,-0.23268038,0.38384128,-0.19803505,-0.366952,0.25101742,-0.059671637,-0.31144673,0.54780495,-0.121284805,-0.22742765,0.4697117,-0.123599134,-0.23531769,0.3698132,-0.11628152,-0.3254913,0.30107304,0.019135062,-0.28871495,0.4961466,-0.04778551,-0.2158462,0.43889084,-0.06078137,-0.18786323,0.3606757,-0.055013485
Q,Cristhian,Right,0.0,0.0,0.0,-0.0020408705,0.12784325,-0.2437142,-0.04411327,0.35620385,-0.34118146,-0.044159655,0.59976256,-0.37820652,-0.057742145,0.79657197,-0.39609578,-0.4015314,0.16089061,-0.30256793,-0.5464435,0.46820834,-0.37100446,-0.55584866,0.6844886,-0.392787,-0.5458382,0.8378906,-0.40109584,-0.41331384,0.15511456,-0.18433069,-0.39065978,0.5263633,-0.25688308,-0.2707497,0.515382,-0.25510862,-0.23068987,0.40289173,-0.24406296,-0.3908328,0.19230786,-0.079362914,-0.35763264,0.51010543,-0.15798454,-0.25991008,0.469205,-0.16079953,-0.2380929,0.3803883,-0.14900501,-0.36515844,0.23215343,0.009225646,-0.35363492,0.4347566,-0.07017259,-0.2735394,0.41400844,-0.089076474,-0.23704582,0.34993276,-0.08530018
Q,Cristhian,Right,0.0,0.0,0.0,-0.016128967,0.11498699,-0.24010588,-0.060650244,0.34216177,-0.32762235,-0.053908214,0.5970565,-0.3568549,-0.058113802,0.81198657,-0.36642662,-0.40974912,0.1752548,-0.24444471,-0.54754585,0.4651499,-0.30072796,-0.5594859,0.6815657,-0.32733208,-0.5502238,0.8350172,-0.34029248,-0.40548396,0.20758912,-0.12571388,-0.40165186,0.5482104,-0.18943,-0.28464875,0.52564794,-0.20114866,-0.23646966,0.40818745,-0.19625054,-0.37249595,0.26964533,-0.022745742,-0.35250247,0.5532726,-0.08915641,-0.26286504,0.49274725,-0.10581984,-0.24595734,0.39760503,-0.10265792,-0.33860376,0.32388917,0.06311437,-0.3214738,0.5073476,-0.0016142041,-0.24854662,0.4633894,-0.022523424,-0.21448067,0.38308832,-0.02136592
Q,Cristhian,Right,0.0,0.0,0.0,-0.00038421605,0.11523913,-0.25614747,-0.04080409,0.33795923,-0.35501406,-0.040887088,0.59099376,-0.3903416,-0.06533007,0.79266065,-0.40440387,-0.40451536,0.1452896,-0.30340937,-0.55838025,0.45241612,-0.37366349,-0.5675824,0.6747342,-0.40001175,-0.5575287,0.8301577,-0.41121203,-0.41674006,0.16003352,-0.17775387,-0.41305807,0.5170593,-0.24363227,-0.29550046,0.50337785,-0.24259768,-0.255108,0.39237818,-0.23402451,-0.39763966,0.21474108,-0.067260586,-0.3845837,0.5193723,-0.13488889,-0.2880422,0.46826637,-0.13615897,-0.27238205,0.37833616,-0.12756747,-0.37453404,0.27078235,0.024592405,-0.36470082,0.46173397,-0.045743156,-0.28570062,0.42109442,-0.061813556,-0.25404748,0.34410638,-0.05840805
Q,Cristhian,Right,0.0,0.0,0.0,-0.0019077159,0.101176426,-0.25976905,-0.03870612,0.31916252,-0.36834955,-0.025262319,0.58351845,-0.4130922,-0.04149268,0.8071679,-0.437853,-0.4008157,0.1508492,-0.3164029,-0.53748363,0.46110836,-0.3892673,-0.5424804,0.6909709,-0.41725636,-0.5240339,0.8516974,-0.42981356,-0.3974501,0.18126076,-0.19126283,-0.3706081,0.54149246,-0.2623567,-0.25360358,0.50878733,-0.26415333,-0.21495283,0.38879988,-0.25627443,-0.36529905,0.24780777,-0.0804629,-0.32095426,0.54851085,-0.15096109,-0.22948675,0.47219187,-0.15347299,-0.22070135,0.37108266,-0.14560609,-0.33047634,0.31783873,0.0115072485,-0.29887453,0.510684,-0.06268382,-0.21805279,0.45569274,-0.078627266,-0.1848109,0.3719724,-0.07453027
Q,Cristhian,Right,0.0,0.0,0.0,0.009839963,0.14559366,-0.23353308,-0.03268215,0.37141556,-0.32687074,-0.034478568,0.6164373,-0.35664234,-0.05344771,0.82301354,-0.36791986,-0.38834056,0.18039149,-0.3141185,-0.53353685,0.4657976,-0.38673502,-0.5406454,0.68957835,-0.41382387,-0.526551,0.85014355,-0.42387518,-0.4212607,0.15557095,-0.19457527,-0.39222386,0.50149924,-0.25341192,-0.26648343,0.5040875,-0.24312215,-0.21947184,0.41276208,-0.23054846,-0.4136345,0.18406215,-0.08593484,-0.3677345,0.48338166,-0.14826763,-0.25934267,0.4573426,-0.14264886,-0.23072441,0.3886229,-0.1313813,-0.396553,0.22752951,0.007375032,-0.36745927,0.4246523,-0.058351774,-0.27695322,0.41316617,-0.0685445,-0.23322576,0.36305857,-0.06166669
Q,Cristhian,Right,0.0,0.0,0.0,-0.0032240509,0.13289355,-0.23564292,-0.056240514,0.36585343,-0.32546753,-0.062166598,0.6147328,-0.35851842,-0.07011256,0.8183072,-0.3732839,-0.4093271,0.17399865,-0.25386184,-0.5469627,0.4726516,-0.30585602,-0.5583406,0.6871612,-0.32395157,-0.5463109,0.83758247,-0.33155832,-0.41150388,0.17855974,-0.13672091,-0.39422542,0.5362382,-0.19617595,-0.2817852,0.51750517,-0.19869594,-0.23933291,0.40521955,-0.19032073,-0.3809,0.21904805,-0.033746827,-0.3492466,0.52217746,-0.10107371,-0.2586349,0.47345185,-0.11109366,-0.2371775,0.38539204,-0.10503639,-0.35121757,0.26120985,0.05293753,-0.33623257,0.4563334,-0.019775573,-0.2540391,0.42834818,-0.041918788,-0.21359225,0.35917407,-0.041137945
Q,Cristhian,Right,0.0,0.0,0.0,0.0035086547,0.13237998,-0.268884,-0.033878118,0.36457545,-0.36838922,-0.033209957,0.6090132,-0.39798853,-0.058737222,0.8045092,-0.40506575,-0.39761293,0.15442222,-0.3306222,-0.54293257,0.4531287,-0.40405872,-0.55660355,0.67502016,-0.42642587,-0.547452,0.8368371,-0.43218413,-0.4206354,0.14506349,-0.19605789,-0.40250972,0.52137864,-0.2670015,-0.26953235,0.52694273,-0.26002914,-0.21161547,0.41942617,-0.24484217,-0.41150022,0.18783213,-0.07728746,-0.39289382,0.5006498,-0.15824533,-0.28314683,0.47264776,-0.1645078,-0.25020158,0.39075637,-0.15417464,-0.3971138,0.23191823,0.023542635,-0.39687967,0.41989678,-0.05858211,-0.31020007,0.40608767,-0.08269553,-0.2608038,0.3508218,-0.08245551
Q,Cristhian,Right,0.0,0.0,0.0,0.0023756546,0.119157605,-0.28601336,-0.040626775,0.3394407,-0.40060785,-0.03457047,0.5968112,-0.44415218,-0.04941462,0.8125596,-0.46646976,-0.40748274,0.15732396,-0.32780096,-0.54439425,0.45780206,-0.39300984,-0.55484587,0.68359977,-0.41514614,-0.5413349,0.840807,-0.42363292,-0.41349965,0.1596202,-0.1844589,-0.3935301,0.5401125,-0.25333887,-0.26382983,0.5180031,-0.25450262,-0.21661398,0.398542,-0.24320254,-0.39071542,0.21139987,-0.056834593,-0.34872016,0.52995247,-0.12710525,-0.24624023,0.4714699,-0.13678254,-0.23001812,0.3743516,-0.13106366,-0.36587346,0.27632397,0.050837405,-0.33681723,0.47368434,-0.021457545,-0.24881697,0.43818882,-0.0435937,-0.20743829,0.36520928,-0.043387536
Q,Cristhian,Right,0.0,0.0,0.0,-0.029060902,0.10138709,-0.2514619,-0.08451418,0.31955722,-0.3345886,-0.07531846,0.57062453,-0.3546791,-0.08746041,0.7621997,-0.35046056,-0.43589756,0.16794005,-0.25883976,-0.56939566,0.45337614,-0.32764912,-0.5713083,0.67441493,-0.3520108,-0.5527323,0.8333589,-0.3602513,-0.41467205,0.19189483,-0.14042918,-0.3746869,0.54244596,-0.21007235,-0.2580346,0.5027384,-0.20938765,-0.23638102,0.3734776,-0.19367991,-0.3639355,0.24937786,-0.042342205,-0.3104822,0.5463061,-0.12993406,-0.22422643,0.47298834,-0.14241631,-0.23359658,0.37640452,-0.1301334,-0.31394464,0.29615974,0.03790342,-0.27831808,0.48460478,-0.051280078,-0.2078276,0.4474468,-0.076367036,-0.18550244,0.38900632,-0.072175376
X,Cristhian,Right,0.0,0.0,0.0,0.07510976,-0.47714266,-0.24326551,0.09608042,-0.9590931,-0.40666732,0.21889609,-1.1414813,-0.5411342,0.3083405,-0.95127606,-0.6582266,-0.34718144,-0.6364897,-0.47298884,0.10568129,-0.5400267,-0.7504433,0.27849564,-0.6034213,-0.89112335,0.33475637,-0.6751954,-0.9502752,-0.40915865,-0.11885907,-0.4393141,0.30060095,-0.048162118,-0.6229592,0.3404781,-0.15379293,-0.609565,0.23676892,-0.21068606,-0.6004555,-0.36146462,0.3187744,-0.42876476,0.32399863,0.35540923,-0.5455356,0.30940622,0.24436751,-0.427509,0.14894424,0.17498647,-0.3419254,-0.26959637,0.69284093,-0.45859987,0.23654763,0.7051907,-0.5516027,0.22225745,0.62205255,-0.5065223,0.08038544,0.5894057,-0.4557796
X,Cristhian,Right,0.0,0.0,0.0,0.10303481,-0.43185514,-0.23940316,0.18928881,-0.8785177,-0.41559577,0.27451757,-1.1047769,-0.56387013,0.3126096,-0.9498817,-0.69705856,-0.26540965,-0.59710705,-0.49719986,0.24431401,-0.49396262,-0.76123405,0.3942573,-0.57831967,-0.89100844,0.41030556,-0.65190315,-0.9474217,-0.32570124,-0.10616865,-0.47131386,0.3989696,-0.049044084,-0.64823884,0.43462226,-0.15524346,-0.6272817,0.32082495,-0.19328268,-0.6182876,-0.28693944,0.30955195,-0.46335638,0.40248153,0.33201808,-0.57542074,0.3877918,0.20714833,-0.4475896,0.23442811,0.1406557,-0.35978955,-0.2053472,0.6558012,-0.49517858,0.30151045,0.64649117,-0.5747782,0.29733816,0.55405456,-0.51564497,0.18046288,0.53060615,-0.45947823
X,Cristhian,Right,0.0,0.0,0.0,0.122293055,-0.35898766,-0.054511447,0.357004,-0.62397736,-0.20191193,0.61087614,-0.62251204,-0.34898,0.7805398,-0.5733326,-0.49626637,0.14725041,-0.8535105,-0.3822576,0.45339662,-0.94615704,-0.53156334,0.6347787,-0.83514494,-0.58819807,0.7096924,-0.70451164,-0.6204582,0.08089417,-0.55893064,-0.4573759,0.63146883,-0.4538543,-0.5894378,0.6912166,-0.31792724,-0.55816275,0.6404982,-0.30146152,-0.54590434,0.06950522,-0.21024369,-0.52540743,0.6318223,-0.09141338,-0.60609186,0.64810145,-0.047184523,-0.4852176,0.57035923,-0.085327186,-0.41834626,0.08680203,0.13729092,-0.6045827,0.56407696,0.1966391,-0.6501086,0.6278619,0.18965474,-0.5567086,0.5913295,0.14761782,-0.49526018
X,Cristhian,Right,0.0,0.0,0.0,0.12924863,-0.4248411,-0.12631282,0.39855307,-0.73756677,-0.27109557,0.62810814,-0.7392054,-0.3746758,0.7783778,-0.5489962,-0.47219607,0.2044282,-0.5320662,-0.49874598,0.5794408,-0.41779876,-0.6554154,0.7642631,-0.42944297,-0.7308473,0.8960005,-0.44405305,-0.7812872,0.16109945,-0.175422,-0.499166,0.72143865,-0.075038515,-0.65134186,0.71926,-0.1443767,-0.6252361,0.6208632,-0.20102814,-0.6028969,0.15951869,0.13524584,-0.48476458,0.70714134,0.20782301,-0.5623145,0.6850079,0.10430675,-0.45740938,0.5545448,0.030480515,-0.38473764,0.17168722,0.38043588,-0.4805716,0.60781974,0.40860653,-0.5077016,0.6079804,0.31147552,-0.43544364,0.5003236,0.2505391,-0.38898325
X,Cristhian,Right,0.0,0.0,0.0,0.047305573,-0.4656998,-0.10408981,0.1035788,-0.81438494,-0.21677594,0.22655605,-0.9455205,-0.33311763,0.36883247,-0.9294959,-0.44530267,-0.30605975,-0.91934234,-0.22124654,0.09260308,-0.7868255,-0.40555614,0.30649492,-0.74549514,-0.5306474,0.3988986,-0.75472564,-0.61090994,-0.37896836,-0.53329265,-0.2608876,0.21938717,-0.37254778,-0.40750864,0.330687,-0.3464293,-0.4534164,0.2692053,-0.38135433,-0.49564093,-0.36842084,-0.13845004,-0.31286827,0.21191053,-0.016942907,-0.42740554,0.27743295,-0.05859817,-0.3943134,0.1881076,-0.13635874,-0.3729164,-0.3161691,0.21332444,-0.38398895,0.14121284,0.25786212,-0.4584208,0.21403581,0.18883021,-0.43107355,0.1475475,0.12072725,-0.40526962
X,Cristhian,Right,0.0,0.0,0.0,0.096399024,-0.40970677,-0.23238952,0.12393176,-0.84494865,-0.39551508,0.15665948,-1.1082131,-0.5423726,0.09364452,-0.9956057,-0.66042846,-0.4729035,-0.7645033,-0.3463686,-0.16875796,-0.6729753,-0.6117102,-0.0025210427,-0.67000276,-0.7458371,0.050300103,-0.6849366,-0.7987327,-0.5168172,-0.34617358,-0.33013055,0.14138721,-0.2645521,-0.5298913,0.19866571,-0.29795173,-0.5279122,0.04244289,-0.35750684,-0.50748986,-0.4554686,0.034521602,-0.34810305,0.17412668,0.072995745,-0.4928098,0.1631572,0.0013762282,-0.3851419,0.0065962453,-0.061211135,-0.2903485,-0.3631971,0.37348625,-0.40389684,0.10737285,0.34865415,-0.51410854,0.1165957,0.26082957,-0.47636735,0.0045395615,0.20319468,-0.41577303
X,Cristhian,Right,0.0,0.0,0.0,0.09559714,-0.4044439,-0.21546403,0.10070132,-0.86289835,-0.36716148,0.1355986,-1.1282078,-0.5045232,0.078708194,-0.9968977,-0.6248509,-0.52716744,-0.62295556,-0.3598518,-0.37126654,-0.5843667,-0.61569387,-0.24780282,-0.57538205,-0.77909005,-0.1493671,-0.5650435,-0.85648453,-0.5980252,-0.17288302,-0.34708437,0.039693654,-0.10106474,-0.5321125,0.07573125,-0.18473834,-0.5576191,0.035862118,-0.2228848,-0.5634894,-0.530276,0.23210423,-0.3609897,0.10720916,0.26447746,-0.4698148,0.06931099,0.1554328,-0.36518627,-0.041156534,0.0867906,-0.28049546,-0.41529137,0.59549797,-0.41404366,0.039362624,0.5654923,-0.5054934,0.030807834,0.44271022,-0.4557336,-0.078006424,0.34095418,-0.38739082
X,Cristhian,Right,0.0,0.0,0.0,0.0644372,-0.41023552,-0.24274372,0.012920084,-0.8576132,-0.41330865,0.016581345,-1.0873331,-0.56672597,-0.046765503,-0.9989059,-0.69224036,-0.56784314,-0.63755393,-0.41092557,-0.65699846,-0.5811721,-0.69584805,-0.47177133,-0.48573044,-0.84831846,-0.23163396,-0.39489716,-0.9025403,-0.6806897,-0.22489025,-0.3755166,-0.10354147,-0.12541501,-0.60976106,0.08772865,-0.14935905,-0.637905,0.11546815,-0.18301669,-0.6302869,-0.6398426,0.15317641,-0.3701461,-0.023962038,0.23358826,-0.52180225,0.07029494,0.1784834,-0.44400975,0.03353251,0.123590305,-0.37344906,-0.5455371,0.49217632,-0.4011902,-0.095703624,0.53591,-0.5094971,0.028909517,0.47265118,-0.47322154,0.012829547,0.40884048,-0.4136768
X,Cristhian,Right,0.0,0.0,0.0,-0.011642368,-0.2457963,-0.21027614,-0.094777524,-0.52183545,-0.3448237,-0.23265308,-0.5447359,-0.45853028,-0.35508007,-0.39686206,-0.55562824,-0.55620366,-0.4908832,-0.2370531,-0.7294736,-0.46416196,-0.43887886,-0.84507227,-0.41554213,-0.54771876,-0.9322306,-0.36186475,-0.6043946,-0.6376808,-0.20139754,-0.21282212,-0.53376776,-0.09072591,-0.395426,-0.301829,-0.10755595,-0.40673894,-0.2966893,-0.17829272,-0.38255647,-0.6186034,0.06892945,-0.21999355,-0.4557738,0.19840045,-0.38878196,-0.27507868,0.12546052,-0.3393268,-0.29146042,0.03888228,-0.2797259,-0.5507648,0.313517,-0.25152186,-0.3921543,0.41044912,-0.358817,-0.24659024,0.31055892,-0.33059904,-0.24080709,0.21670881,-0.28773895
X,Cristhian,Right,0.0,0.0,0.0,-0.060926054,-0.25013718,-0.10409032,-0.21176878,-0.47297692,-0.15716381,-0.3888096,-0.53380907,-0.2089675,-0.5100811,-0.40306842,-0.25295928,-0.53742826,-0.40722814,-0.038101256,-0.71352893,-0.45019177,-0.11746823,-0.8254209,-0.44109648,-0.15520698,-0.9136383,-0.4065281,-0.1777402,-0.54579896,-0.19505988,-0.038191997,-0.65195066,-0.14938258,-0.14379252,-0.44464082,-0.16629945,-0.14534184,-0.3967591,-0.21055524,-0.11682415,-0.50908834,-0.0034782162,-0.05655452,-0.58773416,0.056972884,-0.17702012,-0.40393788,0.0015632105,-0.12413926,-0.3642057,-0.04225314,-0.059081905,-0.43920135,0.18717006,-0.0861772,-0.4982442,0.22054796,-0.16583382,-0.36951658,0.14833231,-0.12287673,-0.3244931,0.100511655,-0.07140839
X,Cristhian,Right,0.0,0.0,0.0,-0.053075906,-0.25777185,-0.1405367,-0.21605276,-0.5192514,-0.21945865,-0.4215274,-0.57353425,-0.2931694,-0.5464683,-0.39045927,-0.34811875,-0.59073347,-0.39969447,-0.072519116,-0.7928726,-0.4139179,-0.20791303,-0.88224864,-0.40420687,-0.26378974,-0.9266317,-0.37597033,-0.28075042,-0.59909904,-0.15128931,-0.06380741,-0.6472047,-0.14521234,-0.19921052,-0.4230086,-0.16578937,-0.19310069,-0.44156373,-0.1760809,-0.14997657,-0.56504613,0.05385385,-0.08294394,-0.5714989,0.08897771,-0.22324973,-0.387641,0.028658075,-0.1616516,-0.41743925,0.0059796534,-0.086180344,-0.50464344,0.26032162,-0.118180655,-0.48210448,0.27963325,-0.19509323,-0.35436624,0.19230318,-0.14383963,-0.3522215,0.15683223,-0.082726486
X,Cristhian,Right,0.0,0.0,0.0,-0.043092232,-0.24364437,-0.15592349,-0.17996629,-0.4981416,-0.25771457,-0.36366308,-0.563818,-0.35515228,-0.4939952,-0.42100817,-0.4342266,-0.5794758,-0.40628397,-0.11161962,-0.8057179,-0.4042229,-0.2715625,-0.89647454,-0.3974036,-0.33733854,-0.92543113,-0.3789159,-0.35562047,-0.5911051,-0.14061555,-0.10022465,-0.6279807,-0.1160333,-0.2565886,-0.39268842,-0.13591072,-0.24667932,-0.406396,-0.15893473,-0.19633208,-0.5579763,0.08120258,-0.118826985,-0.53498834,0.13268486,-0.2737898,-0.34788188,0.069989435,-0.20138207,-0.37755498,0.0333564,-0.115378395,-0.49718475,0.29502493,-0.1551105,-0.45097148,0.33606127,-0.23958643,-0.31429687,0.25049934,-0.18206573,-0.3134903,0.20358986,-0.11357128
X,Cristhian,Right,0.0,0.0,0.0,0.040738642,-0.46113688,-0.19998053,0.03878132,-0.9264379,-0.3423922,0.091230385,-1.1697114,-0.467854,0.13540451,-0.9907904,-0.5743537,-0.49686155,-0.68452924,-0.34462216,-0.118112,-0.6230211,-0.5837187,0.0732032,-0.67216545,-0.7213105,0.09424097,-0.7461363,-0.79519767,-0.5114352,-0.23266204,-0.34236804,0.16289915,-0.2237701,-0.5172447,0.22908162,-0.29525328,-0.54184896,0.09753293,-0.33779407,-0.565885,-0.4307527,0.16732197,-0.36360154,0.23471344,0.12099925,-0.4818725,0.23840158,0.03749898,-0.4161075,0.07522618,-0.022681622,-0.3731541,-0.31899926,0.5023749,-0.41860133,0.1925245,0.44155195,-0.49945349,0.20834567,0.36050895,-0.4752503,0.08543457,0.3306693,-0.44886813
X,Cristhian,Right,0.0,0.0,0.0,0.08746411,-0.31245968,-0.068214,0.29503664,-0.61088973,-0.12400541,0.5001495,-0.7191229,-0.1493803,0.62442607,-0.6181152,-0.17179278,0.29729962,-0.42273587,-0.25789788,0.57969743,-0.45160982,-0.33758458,0.7389865,-0.48355883,-0.37998393,0.86846554,-0.4957495,-0.41219705,0.33409706,-0.15449043,-0.2566442,0.7058105,-0.22107919,-0.34999722,0.6283757,-0.24947412,-0.33445463,0.49264112,-0.2449056,-0.30381775,0.3606816,0.081110924,-0.24420857,0.6776418,-0.004988904,-0.29736328,0.5912791,-0.030508246,-0.22632402,0.46820885,-0.021098688,-0.16432323,0.37013337,0.2761983,-0.23538086,0.6143462,0.17624263,-0.25657827,0.5374338,0.14269239,-0.19634636,0.42906597,0.16430199,-0.14665045
X,Cristhian,Right,0.0,0.0,0.0,0.08279038,-0.3258391,0.026170937,0.25566968,-0.5607576,0.0081813615,0.46367875,-0.6380655,0.005038156,0.5921058,-0.5386691,0.0032990244,0.37964663,-0.44136575,-0.18610154,0.6950537,-0.43985078,-0.19548248,0.83249956,-0.43630013,-0.16155156,0.9057609,-0.42378917,-0.13654593,0.42699638,-0.1985359,-0.19677383,0.69314456,-0.2313947,-0.1739103,0.63626856,-0.264193,-0.08488849,0.53977656,-0.2721098,-0.031271428,0.43757084,0.020197922,-0.18908751,0.6564636,-0.043739587,-0.15769383,0.5952678,-0.07463291,-0.07262961,0.49949577,-0.07397047,-0.029216975,0.42793992,0.20367011,-0.17494293,0.5783662,0.1140481,-0.14311877,0.5238686,0.080197714,-0.08066311,0.44427007,0.08572701,-0.042138677
X,Cristhian,Right,0.0,0.0,0.0,0.08903983,-0.31633058,0.0022095295,0.27167916,-0.5361032,-0.015070233,0.45641035,-0.5999903,-0.021396918,0.57081664,-0.53278553,-0.028597474,0.37448576,-0.4075484,-0.14465582,0.66463614,-0.40552607,-0.18000586,0.80904573,-0.4123795,-0.18663259,0.9125152,-0.40904275,-0.19175152,0.40979767,-0.17620724,-0.15178852,0.6748017,-0.22156948,-0.17251903,0.62568367,-0.26087,-0.13154596,0.53604823,-0.26301384,-0.101427175,0.4188906,0.024070524,-0.14751247,0.6420112,-0.053719297,-0.14923505,0.59446734,-0.0933305,-0.087473035,0.5082666,-0.08533362,-0.048548065,0.40976155,0.1851689,-0.14116374,0.580184,0.083599605,-0.13558702,0.5344186,0.037984453,-0.09012317,0.4563887,0.050939236,-0.05691667
X,Cristhian,Right,0.0,0.0,0.0,0.052846756,-0.38384774,-0.25359562,0.06327828,-0.7650208,-0.43437845,0.1698181,-0.95986253,-0.5831916,0.30445132,-0.9525279,-0.71293896,-0.42815542,-0.56590635,-0.4268521,0.07779905,-0.507492,-0.6581477,0.20918861,-0.53306156,-0.7762823,0.1226628,-0.5626504,-0.84852135,-0.45103356,-0.13550307,-0.39649555,0.20210257,-0.11199132,-0.5875429,0.29746005,-0.1748877,-0.61327326,0.13027641,-0.19194604,-0.6387002,-0.38660744,0.2351319,-0.38750827,0.23213153,0.21691532,-0.5294504,0.28733426,0.12682636,-0.48149326,0.122135706,0.11286885,-0.45258412,-0.2879343,0.53951573,-0.41193163,0.16599123,0.49868152,-0.50810957,0.23574966,0.435633,-0.496312,0.14313379,0.4471326,-0.48426333
X,Cristhian,Right,0.0,0.0,0.0,0.074092515,-0.43890187,-0.22031118,0.067961484,-0.9312117,-0.42540768,0.07308855,-1.1817689,-0.62862116,0.081148826,-0.996702,-0.7934114,-0.5693466,-0.81787646,-0.40868506,-0.9355641,-0.7760236,-0.7205616,-0.7708771,-0.77564144,-0.8373973,-0.5076396,-0.7173667,-0.8589553,-0.6900841,-0.41325882,-0.40887442,-0.25157002,-0.38494256,-0.71224564,0.055010732,-0.36089444,-0.7142057,0.045374304,-0.34392112,-0.65835583,-0.65893865,-0.02023362,-0.44118246,-0.07340628,0.010717287,-0.6614648,0.08101459,-0.05538169,-0.5630836,-0.011413042,-0.099673465,-0.45612794,-0.5604229,0.300891,-0.5048276,-0.08412562,0.300873,-0.62850326,0.056637548,0.2633922,-0.5691398,-0.009254284,0.27583995,-0.48640367
X,Cristhian,Right,0.0,0.0,0.0,0.034807917,-0.31826743,-0.21655728,-0.021506988,-0.68595433,-0.3895398,-0.1416162,-0.7816545,-0.55497867,-0.2593421,-0.59382474,-0.69806826,-0.613651,-0.6070827,-0.25712562,-0.8948218,-0.5232271,-0.5072117,-0.94860697,-0.48426315,-0.6303138,-0.8863774,-0.46296334,-0.6749628,-0.71644473,-0.25774235,-0.23845164,-0.50234383,-0.17941491,-0.47120762,-0.23391168,-0.1961262,-0.487688,-0.20771615,-0.2637502,-0.4464269,-0.69321465,0.065306745,-0.25504458,-0.3593425,0.13599898,-0.44640064,-0.19084449,0.06452544,-0.37832394,-0.22059691,-0.018220982,-0.2927327,-0.6266526,0.35433593,-0.2996358,-0.3536511,0.39027092,-0.4167274,-0.19837447,0.28966233,-0.37643263,-0.20262666,0.19581562,-0.3097071
X,Cristhian,Right,0.0,0.0,0.0,-0.013856354,-0.24667874,-0.16555008,-0.096457556,-0.5450727,-0.2685276,-0.2383637,-0.61678535,-0.35570234,-0.35006213,-0.46009877,-0.4281768,-0.5269657,-0.50859225,-0.17401585,-0.69435006,-0.49463016,-0.33275378,-0.81231153,-0.45774367,-0.41412887,-0.91474855,-0.40402362,-0.45670775,-0.60732096,-0.24504213,-0.15804581,-0.5475188,-0.17203528,-0.29691464,-0.31575072,-0.19587426,-0.2899685,-0.31204417,-0.23870502,-0.25509804,-0.59422344,0.0077584223,-0.1675995,-0.45752937,0.10215444,-0.3001711,-0.28176603,0.03181221,-0.2401143,-0.30291456,-0.01932069,-0.17495522,-0.53370696,0.24346605,-0.19677013,-0.39016443,0.30389345,-0.2718816,-0.25975537,0.22054325,-0.2273368,-0.26595125,0.17779301,-0.17549767
X,Cristhian,Right,0.0,0.0,0.0,-0.029392473,-0.24808742,-0.1475682,-0.12886298,-0.5177524,-0.24870266,-0.27665952,-0.58222,-0.3450017,-0.3948568,-0.4201673,-0.4261104,-0.5540711,-0.4667952,-0.13162087,-0.75938135,-0.45895845,-0.28842568,-0.86004514,-0.4368501,-0.36121204,-0.9146602,-0.40422362,-0.39154994,-0.59182304,-0.20048118,-0.12668563,-0.59650844,-0.14323275,-0.2711709,-0.3609016,-0.17552906,-0.26420045,-0.35032186,-0.2379915,-0.22523183,-0.5584726,0.035568353,-0.1483944,-0.50235224,0.12260296,-0.28840408,-0.31499773,0.048362788,-0.22241174,-0.32219714,-0.020877108,-0.14957426,-0.48867396,0.2571136,-0.18797992,-0.40465796,0.32913944,-0.26441008,-0.26885808,0.2343777,-0.21288092,-0.26043808,0.1608836,-0.15500583
X,Cristhian,Right,0.0,0.0,0.0,-0.026735947,-0.2577415,-0.14907195,-0.124109335,-0.5154006,-0.2490858,-0.26461995,-0.59847003,-0.34457794,-0.38414595,-0.47672412,-0.42013407,-0.5520705,-0.47175005,-0.124383904,-0.77763945,-0.46946073,-0.29044843,-0.86766285,-0.4633178,-0.36321118,-0.8946348,-0.44679815,-0.38484457,-0.59714496,-0.21766916,-0.11393131,-0.5678906,-0.18540598,-0.26261085,-0.339433,-0.19785085,-0.2525964,-0.3440447,-0.24470218,-0.20519741,-0.5763699,0.009376467,-0.13267082,-0.4813708,0.07211284,-0.27970013,-0.30043656,0.012749328,-0.21657187,-0.32479015,-0.052049194,-0.13835844,-0.52456653,0.22208475,-0.16906317,-0.41193056,0.2802672,-0.24538897,-0.2746324,0.19104616,-0.1934904,-0.2714121,0.12274592,-0.12983818
X,Cristhian,Right,0.0,0.0,0.0,-0.017170189,-0.24037395,-0.17305163,-0.10356477,-0.5115675,-0.29719412,-0.24950142,-0.59104943,-0.41557267,-0.36769918,-0.45113072,-0.5170485,-0.55507064,-0.47911417,-0.16022924,-0.7568591,-0.4642743,-0.33650142,-0.8597478,-0.45060766,-0.41457376,-0.90338033,-0.42884028,-0.44316468,-0.61959594,-0.20815055,-0.14810266,-0.56853896,-0.15202002,-0.31342804,-0.33427414,-0.17418464,-0.30714706,-0.3398511,-0.22848883,-0.25995204,-0.5967995,0.036717035,-0.165789,-0.46656024,0.12037538,-0.32473683,-0.2861743,0.0449162,-0.260533,-0.30795464,-0.028436385,-0.18079196,-0.5366108,0.26699138,-0.20371312,-0.39570972,0.3306076,-0.29360256,-0.25915146,0.23547055,-0.2484045,-0.26209015,0.15709108,-0.1880381
X,Cristhian,Right,0.0,0.0,0.0,0.049347546,-0.33854142,-0.2690615,0.0065673613,-0.7263417,-0.4917714,-0.11387205,-0.8555633,-0.7089758,-0.2449544,-0.6721,-0.8920376,-0.6948543,-0.6696909,-0.33370823,-1.0304841,-0.600469,-0.6478755,-1.0211711,-0.5338564,-0.7929404,-0.87288845,-0.4879198,-0.8377636,-0.80052704,-0.2596291,-0.30911157,-0.49960032,-0.1349636,-0.5889509,-0.20197916,-0.16299953,-0.59095263,-0.21774998,-0.25151435,-0.53352493,-0.76885086,0.12317454,-0.33121806,-0.35387766,0.23890442,-0.53855795,-0.18440151,0.13447867,-0.4306321,-0.25084227,0.03596577,-0.32154095,-0.6868581,0.45586672,-0.39165175,-0.34775254,0.5347998,-0.5109899,-0.19452584,0.42995077,-0.45243055,-0.22882959,0.3366086,-0.3712842
X,Cristhian,Right,0.0,0.0,0.0,0.065847345,-0.48051435,-0.22975445,0.0445179,-0.97279793,-0.3992375,0.13861425,-1.1900301,-0.5555221,0.2523939,-0.9676246,-0.68015534,-0.6090588,-0.7639133,-0.33406615,-0.4151185,-0.71564853,-0.6029338,-0.1861953,-0.7436762,-0.73251027,-0.0818717,-0.79029816,-0.78424305,-0.64224243,-0.33325356,-0.32358947,-0.004432397,-0.29336056,-0.52848184,0.12443391,-0.4080228,-0.53265554,0.0077532316,-0.50472337,-0.51771027,-0.5535546,0.062441133,-0.3486626,0.10360597,0.045820564,-0.4791423,0.14457433,-0.08040395,-0.3816604,0.0047326204,-0.15494534,-0.29929635,-0.42641488,0.401393,-0.41370687,0.075510755,0.3740715,-0.4985773,0.12215764,0.2768624,-0.460287,0.0077888514,0.22978638,-0.4072334
X,Cristhian,Right,0.0,0.0,0.0,0.04087493,-0.43964398,-0.17608169,0.023879318,-0.84739596,-0.31799087,0.08536071,-1.0936977,-0.455877,0.13541277,-0.9907893,-0.56961685,-0.5830104,-0.7358574,-0.2544558,-0.35195133,-0.70101947,-0.4726913,-0.15745087,-0.7189751,-0.5884942,-0.09822245,-0.7468687,-0.64391136,-0.62303334,-0.35260704,-0.2625223,-0.057792448,-0.32988438,-0.42363033,0.05867312,-0.38699126,-0.4390668,-0.05021653,-0.43010613,-0.4444234,-0.550911,0.0023036287,-0.29827073,0.01717348,-0.027559841,-0.40579283,0.060866762,-0.09874751,-0.34041134,-0.0692593,-0.13064563,-0.29157168,-0.43148547,0.31025442,-0.36527494,0.005888582,0.25967973,-0.4313906,0.051962562,0.18621139,-0.40328896,-0.045125425,0.15617311,-0.3690285
X,Cristhian,Right,0.0,0.0,0.0,0.045271453,-0.43778643,-0.0981653,0.059457153,-0.7906294,-0.1995457,0.18424182,-0.95563805,-0.30655664,0.32075438,-0.9471624,-0.40187863,-0.4053278,-0.86304295,-0.17820524,-0.23240726,-0.93045354,-0.35283163,-0.037497923,-0.9362565,-0.4609141,0.10249908,-0.8968059,-0.5164888,-0.45037633,-0.5682937,-0.21135376,0.09385738,-0.55503345,-0.35667887,0.1842792,-0.4811011,-0.38600227,0.116863124,-0.43439323,-0.3987252,-0.3979753,-0.2381772,-0.262402,0.16124183,-0.2585583,-0.37005532,0.17942032,-0.2284746,-0.33324376,0.07442212,-0.2149089,-0.29846781,-0.30319795,0.067199305,-0.33320504,0.12878767,0.014261537,-0.40848964,0.1541359,0.041061085,-0.3828263,0.070157886,0.07322289,-0.3457042
X,Cristhian,Right,0.0,0.0,0.0,0.046507254,-0.3842749,-0.12546529,0.040737227,-0.7000836,-0.24928673,0.06552307,-0.8875217,-0.37470257,0.12685272,-0.99192154,-0.48739037,-0.52392286,-0.8395005,-0.15956882,-0.21490581,-0.90236855,-0.37756768,0.0050284,-0.88203514,-0.53177404,0.11725483,-0.87018603,-0.6176625,-0.5495404,-0.53538597,-0.18604966,-0.061770532,-0.5891239,-0.35337508,0.08215206,-0.49202546,-0.4261854,0.03894838,-0.43995556,-0.4742237,-0.49175996,-0.21812841,-0.235404,-0.0062881233,-0.29752377,-0.37576133,0.09190731,-0.23632728,-0.36981854,0.02049531,-0.19675294,-0.356647,-0.39610443,0.08006113,-0.3027023,-0.035126712,-0.033266045,-0.3818017,0.054634795,-0.0023749932,-0.36085093,-0.0037191818,0.044626147,-0.33419666
X,Cristhian,Right,0.0,0.0,0.0,0.063549355,-0.5336013,-0.20853473,0.013579646,-1.0440383,-0.3600038,0.14087003,-1.2607479,-0.499357,0.2571028,-0.96638405,-0.60832196,-0.58864427,-0.7903201,-0.31926492,-0.3105778,-0.6924848,-0.59846795,-0.06651696,-0.676137,-0.7465519,0.034559157,-0.67188364,-0.8115858,-0.6564104,-0.36453763,-0.3180957,0.018520981,-0.2695691,-0.52232856,0.1311691,-0.33014524,-0.53355294,-0.008477749,-0.37448063,-0.52588034,-0.5895871,0.023353094,-0.35097733,0.11511691,0.034956206,-0.48238376,0.14623643,-0.058648475,-0.39034685,-0.026452009,-0.115677945,-0.31273383,-0.46147335,0.33802056,-0.42270976,0.08592819,0.2888241,-0.5147739,0.12948288,0.21833448,-0.48210785,0.007818075,0.18885668,-0.43400878
X,Cristhian,Right,0.0,0.0,0.0,0.0044222274,-0.42453584,-0.22050156,-0.09304277,-0.8449078,-0.36270472,-0.21190238,-1.0392864,-0.48764944,-0.36326277,-0.9316867,-0.5805768,-0.7184618,-0.62583715,-0.31797713,-0.5920307,-0.60043216,-0.5886154,-0.42034334,-0.58304167,-0.75001407,-0.2792406,-0.5825481,-0.81867236,-0.76169974,-0.20124643,-0.2944435,-0.11387832,-0.16476932,-0.5035038,-0.055644047,-0.22965877,-0.53603184,-0.14631757,-0.2785173,-0.53375924,-0.6727315,0.17726953,-0.30409238,-0.016305806,0.18738528,-0.43543744,-0.033854123,0.08701414,-0.34841803,-0.17175613,0.019400505,-0.27060282,-0.53899604,0.50090426,-0.35198182,-0.047578976,0.49946824,-0.45698905,-0.039880104,0.41277796,-0.42908496,-0.16986822,0.35560095,-0.3713552
X,Cristhian,Right,0.0,0.0,0.0,0.044295743,-0.6466646,-0.51147807,-0.13805696,-1.4159445,-0.866711,-0.2372011,-1.3336805,-1.1721792,-0.3300015,-0.8956053,-1.3997418,-1.2570009,-1.0521911,-0.8494367,-1.5858846,-0.9557023,-1.5184724,-1.2451277,-0.7033162,-1.8864269,-0.839667,-0.4762167,-2.03675,-1.4672706,-0.10301819,-0.76895887,-0.20487697,0.0435637,-1.3373002,0.06740312,-0.24086292,-1.3910184,-0.05565701,-0.43172237,-1.350615,-1.3309263,0.72058994,-0.7684092,0.042802453,0.8018532,-1.1331235,0.085850865,0.42357257,-0.920841,-0.1796335,0.16153684,-0.7236188,-1.0852814,1.3922745,-0.8462748,-0.0797914,1.3985436,-1.1264265,0.040480424,1.1526186,-1.0485115,-0.17816746,0.9840002,-0.9032145
X,Cristhian,Right,0.0,0.0,0.0,0.06509482,-0.35917473,-0.29434544,0.035812736,-0.75585884,-0.5373459,-0.06757581,-0.89889604,-0.7676604,-0.22703496,-0.7332078,-0.96299756,-0.7328607,-0.7345594,-0.41189885,-1.0789912,-0.64978546,-0.7688671,-1.0507697,-0.53109175,-0.946576,-0.8997568,-0.43639168,-1.0121025,-0.8563334,-0.30250624,-0.38418773,-0.5204098,-0.13122323,-0.71578896,-0.19966161,-0.16462886,-0.7426185,-0.18942529,-0.28016487,-0.6986546,-0.83414835,0.11344756,-0.40331528,-0.36558712,0.2570798,-0.6497992,-0.16526556,0.14030336,-0.5516364,-0.20810924,0.0014568502,-0.4437394,-0.7482655,0.46863332,-0.46225128,-0.38170493,0.57251304,-0.6135726,-0.2067146,0.44818646,-0.56296253,-0.23269449,0.31604627,-0.4815927
X,Cristhian,Right,0.0,0.0,0.0,0.012789004,-0.25006217,-0.21112327,-0.04902664,-0.5327436,-0.36557806,-0.1711966,-0.55409294,-0.5057398,-0.29495326,-0.4023942,-0.6309877,-0.56600225,-0.4920383,-0.24315904,-0.76653004,-0.45650443,-0.45199332,-0.8836855,-0.41430515,-0.56262887,-0.92807174,-0.37240148,-0.61489534,-0.64590234,-0.18234234,-0.22267884,-0.5177088,-0.116183765,-0.4153075,-0.29128134,-0.14189203,-0.43263426,-0.2796828,-0.20551011,-0.40798742,-0.617221,0.09839677,-0.2326809,-0.42651346,0.18737543,-0.40800372,-0.2555788,0.1037981,-0.35688975,-0.26615176,0.017387053,-0.29275975,-0.54216784,0.3503342,-0.2668572,-0.36305588,0.41096497,-0.38100716,-0.21780601,0.3072371,-0.34917155,-0.20933092,0.21332864,-0.298707
X,Cristhian,Right,0.0,0.0,0.0,-0.05159558,-0.21561214,-0.14598595,-0.16908538,-0.44414124,-0.24550414,-0.3235877,-0.48746708,-0.33838862,-0.43528867,-0.3178863,-0.4186144,-0.5718198,-0.37307063,-0.11556636,-0.73450655,-0.3720975,-0.24186756,-0.85299104,-0.3582815,-0.29968956,-0.94362414,-0.3310189,-0.32661378,-0.5790881,-0.11971247,-0.10675209,-0.6070042,-0.08428295,-0.233363,-0.38435465,-0.10964251,-0.2259561,-0.38528684,-0.13882902,-0.18844013,-0.53683704,0.09168116,-0.12107365,-0.5360859,0.1529419,-0.2513736,-0.35236645,0.0846053,-0.18785445,-0.35780817,0.046090737,-0.11636386,-0.46092772,0.2898341,-0.1511466,-0.44861254,0.33311468,-0.2243349,-0.31977755,0.24404605,-0.17008162,-0.30466923,0.19429904,-0.110280156
X,Cristhian,Right,0.0,0.0,0.0,-0.053860057,-0.22594972,-0.1389914,-0.18467602,-0.46541166,-0.2307843,-0.3639078,-0.5145964,-0.3192607,-0.4690122,-0.32757363,-0.39444062,-0.57394826,-0.36885378,-0.088396996,-0.7622383,-0.37566555,-0.21042295,-0.87183034,-0.36657763,-0.26077697,-0.9413353,-0.3374727,-0.28182846,-0.5803603,-0.122756876,-0.082351044,-0.63954467,-0.09851088,-0.21247067,-0.41034162,-0.13360856,-0.2031342,-0.40338242,-0.16466138,-0.1609758,-0.5392339,0.08106184,-0.10079346,-0.5504556,0.13903466,-0.23248169,-0.36637464,0.06636457,-0.16655344,-0.372985,0.027507404,-0.09194716,-0.46768084,0.28152114,-0.135131,-0.4499512,0.32298303,-0.20753717,-0.3245221,0.2335262,-0.15588564,-0.31617758,0.18265256,-0.09841066
X,Cristhian,Right,0.0,0.0,0.0,-0.05623722,-0.22684182,-0.14412498,-0.19359122,-0.47021168,-0.23005371,-0.37397343,-0.5126864,-0.30851156,-0.47821543,-0.325168,-0.37390575,-0.5712784,-0.35381988,-0.09305609,-0.74768907,-0.35163504,-0.20564273,-0.858043,-0.3395271,-0.2497887,-0.9494728,-0.31384933,-0.2699022,-0.5835701,-0.113639556,-0.08350199,-0.6386632,-0.08442046,-0.20676537,-0.41134986,-0.11869946,-0.19726169,-0.40704256,-0.14504385,-0.15547213,-0.54636014,0.09045873,-0.09771497,-0.5438844,0.1479306,-0.23268813,-0.35942003,0.07718892,-0.17672858,-0.3748764,0.043240324,-0.10682867,-0.47965336,0.29038674,-0.12688743,-0.45640385,0.33308768,-0.20533435,-0.33020493,0.23649502,-0.16067955,-0.326614,0.18431,-0.107088014
X,Cristhian,Right,0.0,0.0,0.0,-0.026448483,-0.25309452,-0.16390663,-0.1420762,-0.5355265,-0.28317186,-0.31564206,-0.59242594,-0.39827964,-0.41276038,-0.39880213,-0.49738353,-0.5833311,-0.43054834,-0.15168405,-0.80858696,-0.39808944,-0.3237764,-0.9062613,-0.38464952,-0.39913443,-0.93564934,-0.352931,-0.42657888,-0.6307774,-0.15166655,-0.14444746,-0.595996,-0.11880177,-0.31263375,-0.35624078,-0.14873007,-0.3101172,-0.3586396,-0.18638773,-0.26466736,-0.6004372,0.08453777,-0.16532788,-0.4674801,0.14374526,-0.3194648,-0.2941486,0.06295256,-0.25439954,-0.32544824,0.0016237804,-0.17618617,-0.5361102,0.30616015,-0.20596008,-0.39202866,0.34403154,-0.2854235,-0.26162854,0.24427482,-0.23512623,-0.27313128,0.17490597,-0.1741323
X,Cristhian,Right,0.0,0.0,0.0,0.01753792,-0.3122311,-0.21651438,-0.037331197,-0.64478666,-0.3969147,-0.1654129,-0.71941185,-0.57353634,-0.2763902,-0.53646797,-0.7264116,-0.6236709,-0.5650404,-0.2579741,-0.8995253,-0.5135292,-0.5149332,-0.94574445,-0.4987195,-0.63471305,-0.87884533,-0.47710675,-0.6715077,-0.70538044,-0.22031611,-0.23990226,-0.5358536,-0.17635949,-0.46248227,-0.2805687,-0.20702197,-0.45984593,-0.2771234,-0.26332137,-0.40458953,-0.67293614,0.08396783,-0.25945714,-0.3951907,0.14656156,-0.4478789,-0.22611244,0.039991688,-0.3688148,-0.25940087,-0.045855083,-0.27373064,-0.5966383,0.3459195,-0.30743966,-0.34971708,0.4043058,-0.41454777,-0.21240667,0.3433216,-0.3688748,-0.22781843,0.30592915,-0.2992264
X,Cristhian,Right,0.0,0.0,0.0,0.04618872,-0.33955503,-0.2623938,-0.025272144,-0.7230708,-0.47240463,-0.16458204,-0.81377906,-0.6750857,-0.28141853,-0.60192686,-0.84707385,-0.7001273,-0.62525123,-0.3214627,-1.0416198,-0.5244272,-0.62744075,-1.0361897,-0.4796035,-0.76559657,-0.8871242,-0.4615308,-0.8035874,-0.79469573,-0.21965972,-0.29673347,-0.5691152,-0.12619235,-0.5843758,-0.2705208,-0.17133048,-0.59454846,-0.25188568,-0.25908267,-0.53275186,-0.76449704,0.14489296,-0.31610394,-0.41692197,0.22952265,-0.55117065,-0.21972778,0.11112983,-0.46094903,-0.24703822,-0.006631186,-0.34663334,-0.68773085,0.45557955,-0.36936045,-0.40389785,0.50636894,-0.5106169,-0.22843413,0.38798004,-0.45977712,-0.23073474,0.27155355,-0.37330943
X,Cristhian,Right,0.0,0.0,0.0,0.08165317,-0.39858615,-0.27457622,0.014218945,-0.88850063,-0.48975986,-0.10994121,-0.965154,-0.6977361,-0.24131143,-0.7023603,-0.8606403,-0.80074465,-0.7083588,-0.3582008,-1.1623322,-0.61447656,-0.70863354,-1.0336776,-0.5972829,-0.855929,-0.80005383,-0.5999282,-0.88581413,-0.92044306,-0.22158341,-0.3362536,-0.48461145,-0.18797472,-0.6674037,-0.16085723,-0.26117995,-0.6749103,-0.16970031,-0.34226263,-0.59997195,-0.86936945,0.22052348,-0.36360905,-0.28762668,0.23878288,-0.6165058,-0.106230974,0.102319375,-0.5018813,-0.18741167,-0.0008613139,-0.36311257,-0.75481695,0.5952237,-0.4289087,-0.30123702,0.5967739,-0.5887346,-0.13524534,0.46619427,-0.53113586,-0.18324703,0.36989442,-0.42513916
X,Cristhian,Right,0.0,0.0,0.0,0.087213255,-0.4660434,-0.28467634,0.049685597,-1.0215031,-0.5148364,-0.016861971,-1.1781211,-0.739339,-0.10271185,-0.916894,-0.9152914,-0.7916429,-0.84277904,-0.40944704,-1.1665921,-0.77908474,-0.8078141,-0.95658576,-0.7714937,-0.99217194,-0.6540092,-0.7564866,-1.038969,-0.93557423,-0.3149672,-0.39746842,-0.4391988,-0.2656993,-0.7528479,-0.12705725,-0.3531317,-0.76596665,-0.13560753,-0.42633086,-0.695634,-0.87558043,0.17884786,-0.43853134,-0.21970159,0.20038079,-0.69078416,-0.06914641,0.045706835,-0.55703706,-0.18113682,-0.06231353,-0.40589103,-0.7459224,0.5919132,-0.52312225,-0.23161831,0.60171944,-0.67269135,-0.09722633,0.4753284,-0.5981487,-0.19019052,0.39042383,-0.47998893
X,Cristhian,Right,0.0,0.0,0.0,0.066233896,-0.465586,-0.28650242,0.039771963,-0.97577995,-0.5312254,0.047776595,-1.1930618,-0.7741584,0.026080484,-0.99965984,-0.9674454,-0.72956806,-0.8760678,-0.42457134,-1.1015517,-0.8518108,-0.8308302,-0.89561766,-0.8515152,-1.0047601,-0.5697885,-0.8184378,-1.0363755,-0.86958003,-0.36323446,-0.41291335,-0.36871397,-0.35775995,-0.7784038,-0.03240807,-0.46865723,-0.7666303,-0.020428048,-0.56202114,-0.66615885,-0.8245214,0.12037455,-0.45625418,-0.16873477,0.11085599,-0.72156125,-0.008297131,-0.083162986,-0.56675154,-0.100447886,-0.22458947,-0.38733128,-0.710464,0.52305526,-0.54377216,-0.20502962,0.50606084,-0.70592797,-0.064139955,0.3619671,-0.6215022,-0.13293372,0.25428006,-0.4849427
X,Cristhian,Right,0.0,0.0,0.0,0.07294138,-0.4833605,-0.28702968,0.029180946,-1.0201823,-0.5095155,0.034905225,-1.23785,-0.7254208,0.015834296,-0.99987465,-0.89055586,-0.7394882,-0.7846419,-0.45100445,-1.0390264,-0.80742043,-0.8437187,-0.77002317,-0.81297517,-1.0231166,-0.4374766,-0.7946951,-1.0669633,-0.87307155,-0.25727645,-0.43666476,-0.2409304,-0.31701943,-0.7856343,0.029060593,-0.45833924,-0.7857601,0.030111851,-0.5492551,-0.71067464,-0.78905207,0.23331082,-0.47323117,-0.05314362,0.1335394,-0.7077851,0.038710825,-0.056896023,-0.55338836,-0.07993076,-0.17375726,-0.38922668,-0.63647175,0.6293559,-0.55727625,-0.08526798,0.5435845,-0.71660453,-0.0010266652,0.42369565,-0.6454219,-0.10667673,0.3669929,-0.5239371
X,Cristhian,Right,0.0,0.0,0.0,0.078378804,-0.4519489,-0.26513675,0.04431762,-0.9539335,-0.45279822,0.09223576,-1.1477861,-0.6281675,0.06723186,-0.9977374,-0.75877553,-0.6414352,-0.7256008,-0.40918544,-0.77376485,-0.7177856,-0.76518923,-0.5262516,-0.76234394,-0.92566216,-0.26640952,-0.7981543,-0.9617203,-0.76230246,-0.25788403,-0.38587543,-0.13694249,-0.2644576,-0.6816657,0.048229016,-0.40309656,-0.6725151,-0.0053229355,-0.49052757,-0.6015014,-0.6877383,0.16204078,-0.40930602,-0.013237419,0.11938636,-0.6075517,0.049225472,-0.03973316,-0.45560515,-0.069041215,-0.14143637,-0.29729497,-0.55933315,0.5217053,-0.4780083,-0.045835428,0.47227332,-0.63234305,0.021174707,0.36025462,-0.5776885,-0.081301026,0.29245278,-0.4689943
X,Cristhian,Right,0.0,0.0,0.0,0.09455009,-0.5032542,-0.29886082,0.06997344,-1.0644835,-0.50629884,0.18411884,-1.2314233,-0.69134593,0.2811926,-0.95965135,-0.83557403,-0.65156215,-0.7972405,-0.47433755,-0.45638335,-0.74789727,-0.84966,-0.16616875,-0.78024757,-1.0210028,0.002952048,-0.8200035,-1.0757644,-0.7494368,-0.27285808,-0.450354,-0.034737747,-0.2197819,-0.74951136,0.18822652,-0.3981315,-0.74479336,0.13064836,-0.53226227,-0.6988153,-0.6756958,0.20056573,-0.4728118,0.07744894,0.18054628,-0.6879146,0.19498944,0.018572826,-0.5626669,0.07550046,-0.079615116,-0.4347311,-0.5477044,0.6094894,-0.54147553,0.02770735,0.55177474,-0.68811333,0.12832229,0.43364027,-0.64890635,0.030859701,0.36883605,-0.573129
X,Cristhian,Right,0.0,0.0,0.0,0.114159234,-0.4711293,-0.30877507,0.11298684,-1.0050591,-0.51076114,0.20228347,-1.1906395,-0.6750858,0.21864054,-0.97580546,-0.801425,-0.6141354,-0.7494624,-0.50781786,-0.2716644,-0.6990386,-0.8290572,-0.038424358,-0.7418559,-0.9707057,0.010670625,-0.8010094,-1.027359,-0.6976225,-0.24986413,-0.46569455,0.0059078727,-0.1936414,-0.7167558,0.15927702,-0.3508616,-0.7121929,0.055777177,-0.46361807,-0.69063395,-0.63788676,0.19177121,-0.4598288,0.059479043,0.18450995,-0.63454247,0.12604462,0.04435052,-0.5219377,-0.029023843,-0.034574397,-0.42677015,-0.52833045,0.5797423,-0.49867702,-0.0009918923,0.51651275,-0.6316329,0.069550395,0.39892364,-0.60441977,-0.051630065,0.33407262,-0.55349773
X,Cristhian,Right,0.0,0.0,0.0,0.10228775,-0.512223,-0.275834,0.10864785,-1.035431,-0.45368555,0.25190032,-1.1790904,-0.5934947,0.3467376,-0.9379622,-0.7061283,-0.51366377,-0.7965299,-0.52021575,0.055308327,-0.653509,-0.78548694,0.27372706,-0.68356186,-0.89623255,0.22825673,-0.7444827,-0.95190185,-0.6098249,-0.26494977,-0.49228445,0.18757544,-0.1601079,-0.6875482,0.31711113,-0.281262,-0.6800019,0.15742312,-0.38179842,-0.6816004,-0.5741246,0.21701945,-0.48545185,0.20232944,0.24551405,-0.63047624,0.2883511,0.10452397,-0.52784026,0.1240655,0.0110240085,-0.45560244,-0.49141434,0.6327873,-0.51883686,0.08283086,0.60676706,-0.6303016,0.17591977,0.47917098,-0.5944356,0.081096165,0.41145068,-0.55436057
X,Cristhian,Right,0.0,0.0,0.0,0.14008309,-0.4249669,-0.28767106,0.24437273,-0.8991934,-0.48127013,0.42210516,-1.0547738,-0.6310636,0.50427014,-0.86354595,-0.7604038,-0.27918786,-0.67999244,-0.578843,0.34310886,-0.5153894,-0.85674083,0.4943669,-0.5878685,-0.98101234,0.38724232,-0.6956214,-1.047643,-0.3713824,-0.17574263,-0.5406433,0.43431282,-0.050627835,-0.7449455,0.5040488,-0.1787984,-0.73341596,0.3055614,-0.2804505,-0.73845094,-0.3597441,0.27085978,-0.52108073,0.3983603,0.32916534,-0.67721087,0.4374513,0.19422415,-0.5555803,0.24557637,0.101067066,-0.47269747,-0.31115562,0.6459669,-0.54282475,0.23972292,0.6605694,-0.6744159,0.29354033,0.52579397,-0.6356929,0.18457195,0.44371665,-0.59372777
X,Cristhian,Right,0.0,0.0,0.0,0.14685133,-0.5444481,-0.2927393,0.16524835,-1.2087358,-0.516461,0.2562855,-1.3180106,-0.72463876,0.26090005,-0.9653658,-0.88617355,-0.7095386,-0.9505493,-0.493297,-0.8413182,-0.9072905,-0.9101325,-0.49847203,-0.87163514,-1.1236647,-0.19635585,-0.8436493,-1.1938539,-0.8888849,-0.37780365,-0.4773545,-0.13879824,-0.20635264,-0.81234074,0.11912602,-0.36090577,-0.84302706,0.09330725,-0.4798286,-0.81458414,-0.84827423,0.16856581,-0.50694346,-0.031292327,0.29102397,-0.70788085,0.09622416,0.113475464,-0.5657061,-0.0179288,-0.0019679454,-0.43515578,-0.7375823,0.6448305,-0.58655953,-0.09436379,0.71138155,-0.726945,0.05134632,0.5813716,-0.66133064,-0.03658556,0.4890006,-0.5594957
X,Cristhian,Right,0.0,0.0,0.0,0.086524576,-0.44262713,-0.31083485,0.07857296,-0.9354577,-0.57200414,0.060011555,-1.1140393,-0.8234769,-0.0086971605,-0.9153591,-1.0242422,-0.83470166,-0.9338122,-0.47826266,-1.2089891,-0.8359648,-0.8993748,-1.0050337,-0.7519787,-1.1022493,-0.70251524,-0.71166867,-1.1645775,-1.0065091,-0.3990379,-0.45758665,-0.41799867,-0.2419507,-0.8383046,-0.05923091,-0.31480315,-0.8534064,-0.044635154,-0.43364957,-0.7884835,-0.9679853,0.12537086,-0.49019596,-0.25627086,0.25417462,-0.7553181,-0.06016783,0.09751785,-0.6159876,-0.13510579,-0.058453225,-0.46560526,-0.85380656,0.56241083,-0.5691474,-0.32535458,0.6440997,-0.729896,-0.14850509,0.54248804,-0.6513453,-0.20602344,0.43933424,-0.53055346
X,Cristhian,Right,0.0,0.0,0.0,0.06254631,-0.36947927,-0.25385356,-0.0016644087,-0.8099775,-0.4516153,-0.12261813,-0.88041854,-0.64148134,-0.25474033,-0.6867193,-0.78993523,-0.78989494,-0.6822905,-0.31351164,-1.1374815,-0.5897946,-0.62829596,-1.0457551,-0.5549835,-0.7661677,-0.82845235,-0.56005955,-0.8001214,-0.91397494,-0.2275129,-0.29048333,-0.5341229,-0.1471193,-0.58818805,-0.22735101,-0.19739322,-0.6028386,-0.22556362,-0.2718577,-0.5453709,-0.88071823,0.19880538,-0.3127524,-0.37548888,0.2695269,-0.53814673,-0.18044041,0.14504106,-0.44175315,-0.23367529,0.038410977,-0.3275611,-0.78085095,0.5680594,-0.37004253,-0.3776592,0.6173394,-0.5077786,-0.2079579,0.4987312,-0.45870593,-0.24935603,0.39510018,-0.37056383
X,Cristhian,Right,0.0,0.0,0.0,0.01659892,-0.31258762,-0.22412363,-0.051431403,-0.6408296,-0.40865734,-0.16008478,-0.70719105,-0.5874694,-0.26114163,-0.5188478,-0.7423596,-0.68304694,-0.582421,-0.27884063,-0.9773671,-0.49820918,-0.5528336,-1.0080293,-0.4376574,-0.69013685,-0.92018527,-0.39148316,-0.7401191,-0.77063715,-0.22930558,-0.2638412,-0.5612969,-0.11396315,-0.5161332,-0.28700984,-0.15632214,-0.53542054,-0.26409188,-0.24299377,-0.49480245,-0.7422777,0.10480923,-0.28647697,-0.43505675,0.21570781,-0.49050012,-0.24344952,0.10236751,-0.41307378,-0.2585234,-0.018206075,-0.32026398,-0.6686071,0.39616236,-0.3395112,-0.40405008,0.46620375,-0.46426034,-0.23334663,0.34567285,-0.41930252,-0.2324502,0.22281764,-0.34706023
X,Cristhian,Right,0.0,0.0,0.0,0.0010228312,-0.28044593,-0.20779148,-0.08020271,-0.5520705,-0.3713417,-0.20351455,-0.649811,-0.53422743,-0.3118966,-0.49957764,-0.6731614,-0.62665683,-0.5438531,-0.20049162,-0.9274059,-0.47705716,-0.4364327,-0.97965884,-0.45376217,-0.53987783,-0.90362996,-0.42831397,-0.563115,-0.6880439,-0.24959467,-0.18007143,-0.6040963,-0.16474047,-0.39123106,-0.35229382,-0.1778649,-0.3880253,-0.35276893,-0.24894716,-0.32808095,-0.6717019,0.02165854,-0.19912928,-0.48738673,0.13338251,-0.38889536,-0.29955575,0.046569888,-0.31909364,-0.3195655,-0.059090942,-0.22446984,-0.6266118,0.26906383,-0.24407147,-0.44776043,0.34560588,-0.3495026,-0.28666785,0.24483325,-0.3012895,-0.2757091,0.13764602,-0.22806051
X,Cristhian,Right,0.0,0.0,0.0,-0.022327308,-0.26199913,-0.17504449,-0.114052534,-0.52072847,-0.2981541,-0.26261583,-0.5748998,-0.41267705,-0.37503982,-0.40173897,-0.5020653,-0.58866477,-0.47525176,-0.16030225,-0.85598296,-0.4393764,-0.3502578,-0.9262338,-0.4467835,-0.4308175,-0.8992476,-0.43743998,-0.44908157,-0.6246104,-0.20376259,-0.14099133,-0.6092384,-0.18487675,-0.31459287,-0.3649125,-0.19349247,-0.3058208,-0.35890636,-0.2308439,-0.2515018,-0.60333437,0.034102272,-0.15366836,-0.50974584,0.08772298,-0.31316906,-0.32277396,0.023276407,-0.24055272,-0.3411365,-0.05044537,-0.15123366,-0.54904795,0.25264272,-0.18662922,-0.43781003,0.30474702,-0.26071152,-0.29700175,0.20280251,-0.19815534,-0.29376063,0.121291265,-0.12439129
X,Cristhian,Right,0.0,0.0,0.0,-0.016149698,-0.25822178,-0.17653683,-0.106933355,-0.5293079,-0.30991364,-0.25486454,-0.59170914,-0.4394996,-0.3652004,-0.41856328,-0.547463,-0.5813667,-0.4694304,-0.16273454,-0.8433173,-0.4249025,-0.36267915,-0.9218338,-0.42762637,-0.44801584,-0.9082614,-0.41840315,-0.46970645,-0.6246622,-0.19161056,-0.14767687,-0.59700406,-0.1584204,-0.32985887,-0.34937346,-0.18142392,-0.3191021,-0.3550498,-0.22373523,-0.26074755,-0.6032233,0.0480335,-0.1662246,-0.48510846,0.11234895,-0.33419663,-0.30192164,0.03823861,-0.26011088,-0.3370657,-0.029607266,-0.1682255,-0.55421525,0.27376288,-0.20572299,-0.41526362,0.32402274,-0.28897548,-0.27579117,0.2303257,-0.23165338,-0.28552866,0.15787755,-0.16000314
X,Cristhian,Right,0.0,0.0,0.0,-0.002609746,-0.29811114,-0.1906428,-0.10134791,-0.6144083,-0.3310512,-0.25936362,-0.6465097,-0.46445283,-0.36397073,-0.40968257,-0.57782054,-0.5913358,-0.52498335,-0.19585748,-0.8796587,-0.49432296,-0.41246462,-0.9429203,-0.4689233,-0.51047313,-0.9045758,-0.4263127,-0.53865975,-0.64442736,-0.23900498,-0.17713045,-0.61788404,-0.18471538,-0.3695932,-0.36024028,-0.18019958,-0.36631125,-0.34949774,-0.22436024,-0.31620693,-0.6264255,0.016373906,-0.19241379,-0.51604235,0.10047331,-0.3646399,-0.32370538,0.04550632,-0.29084677,-0.34504873,-0.02523672,-0.20370948,-0.5791732,0.26068762,-0.22999863,-0.44517747,0.32304165,-0.3135279,-0.29682457,0.23818432,-0.25286973,-0.2966385,0.15857016,-0.18230684
X,Cristhian,Right,0.0,0.0,0.0,-0.012786524,-0.2970565,-0.19710132,-0.11542627,-0.5989265,-0.36006108,-0.24873042,-0.66536295,-0.52419174,-0.338958,-0.44348884,-0.6672985,-0.6830195,-0.49195686,-0.21218652,-0.9804975,-0.41410846,-0.45270762,-1.0210646,-0.3923165,-0.5637439,-0.9251932,-0.3794964,-0.5931783,-0.7216415,-0.17027286,-0.19940087,-0.62287974,-0.10299386,-0.41325164,-0.3643247,-0.15587313,-0.4172127,-0.3546564,-0.23263448,-0.3661505,-0.6801529,0.11359325,-0.22280926,-0.49915248,0.2051592,-0.41176194,-0.30211332,0.08356982,-0.33856297,-0.30935255,-0.03452041,-0.2455534,-0.6074671,0.36337137,-0.2705715,-0.4313539,0.4135997,-0.37725085,-0.26568082,0.28716776,-0.32097003,-0.25195608,0.1630099,-0.24252562
X,Cristhian,Right,0.0,0.0,0.0,0.010189932,-0.34084272,-0.26568994,-0.06572715,-0.69218725,-0.4836261,-0.19677377,-0.8039107,-0.6939861,-0.31129664,-0.60585093,-0.8748056,-0.7348341,-0.5588133,-0.32226166,-1.0746735,-0.43985936,-0.633034,-1.067556,-0.42117292,-0.7781401,-0.9028199,-0.43001896,-0.8188342,-0.7975647,-0.18035005,-0.29241812,-0.59865034,-0.09865194,-0.57445604,-0.30302715,-0.15668108,-0.58114964,-0.28137058,-0.25311,-0.51946896,-0.7546234,0.16235177,-0.30850685,-0.44208735,0.23531249,-0.5384193,-0.24730504,0.107113965,-0.44998765,-0.26638287,-0.017137319,-0.34023827,-0.67302555,0.46146488,-0.35905635,-0.39259645,0.50674725,-0.50299966,-0.21597263,0.36782527,-0.45956963,-0.20909306,0.23090766,-0.38025555
X,Cristhian,Right,0.0,0.0,0.0,0.062060375,-0.40318468,-0.31086782,0.01695257,-0.81955683,-0.56019735,-0.05990055,-1.0465157,-0.79774386,-0.19914481,-0.9531495,-0.9906205,-0.76582956,-0.72403204,-0.4390945,-1.1453779,-0.57942975,-0.8421016,-1.0173506,-0.5854724,-1.0225366,-0.78650826,-0.61757976,-1.0687977,-0.8769732,-0.23861049,-0.4079185,-0.49157566,-0.18597044,-0.77874154,-0.15493876,-0.27401802,-0.78752446,-0.15239798,-0.3473874,-0.71023625,-0.82345194,0.20359056,-0.4314819,-0.28473967,0.2252409,-0.7188765,-0.092433825,0.068741694,-0.5983608,-0.16696599,-0.049549762,-0.44866037,-0.71052283,0.56710297,-0.4958899,-0.2816085,0.5755346,-0.67337304,-0.117245,0.4392408,-0.6149876,-0.169868,0.33372304,-0.5060082
X,Cristhian,Right,0.0,0.0,0.0,0.04944188,-0.4708786,-0.28896797,-0.008303742,-0.9541168,-0.5202631,-0.01608726,-1.1285437,-0.7451739,-0.06264389,-0.99049205,-0.91921127,-0.8525805,-0.78191113,-0.42131975,-1.2210288,-0.6638032,-0.8288178,-1.0234648,-0.6674003,-1.0255476,-0.7222685,-0.6916127,-1.0789589,-0.98406166,-0.22720395,-0.40566063,-0.39529502,-0.2245916,-0.77453595,-0.087706566,-0.41557854,-0.79842985,-0.08151336,-0.55470324,-0.7294518,-0.90486693,0.28098497,-0.44274434,-0.17705844,0.23558289,-0.70859444,-0.026313487,-0.020007772,-0.5789618,-0.12647879,-0.211598,-0.419786,-0.75759476,0.6867305,-0.5235896,-0.22210978,0.6479858,-0.68689203,-0.07861008,0.47751772,-0.60786676,-0.15117821,0.35040015,-0.47477072
X,Cristhian,Right,0.0,0.0,0.0,0.088440195,-0.41303995,-0.27649742,0.06013369,-0.86431587,-0.46940476,0.087296315,-1.0843508,-0.6474323,0.0038004115,-0.9999928,-0.77558345,-0.6006218,-0.623591,-0.4295273,-0.82683,-0.58205205,-0.78581476,-0.58486086,-0.63479006,-0.94607866,-0.30417848,-0.67715883,-0.97978586,-0.7109171,-0.18149765,-0.39200827,-0.13421172,-0.21971959,-0.69686174,0.06318909,-0.38978052,-0.69357145,0.036129095,-0.49136922,-0.6237249,-0.63851976,0.21988922,-0.4005606,0.0072120368,0.15566635,-0.6080175,0.06854712,-0.037382174,-0.46695936,-0.031385403,-0.15599863,-0.31317216,-0.513893,0.553474,-0.45305872,-0.02523315,0.48442626,-0.61654234,0.042692326,0.37455523,-0.5674055,-0.0381742,0.32856163,-0.45920646
X,Cristhian,Right,0.0,0.0,0.0,0.060041532,-0.39429432,-0.23210354,-0.012945643,-0.91420215,-0.39103267,0.10762411,-1.148414,-0.53642356,0.23923716,-0.97096115,-0.65059,-0.49171606,-0.6140795,-0.37801167,-0.5298189,-0.5999293,-0.6756069,-0.29169405,-0.6353515,-0.81834537,-0.061250456,-0.66362005,-0.86436486,-0.5577207,-0.16236392,-0.35921463,-0.12199046,-0.20932525,-0.5966525,0.049247213,-0.30113974,-0.594614,0.07410209,-0.34371656,-0.56248176,-0.48146242,0.21722627,-0.37723556,-0.010930036,0.1321878,-0.5273879,0.07499336,0.0682336,-0.41610172,0.032961596,0.05519163,-0.31570536,-0.3642312,0.5490692,-0.4338259,0.009399705,0.45472428,-0.53817856,0.06599783,0.41530523,-0.49729785,0.006395988,0.41862753,-0.43621004
X,Cristhian,Right,0.0,0.0,0.0,0.03502775,-0.4061827,-0.26153257,-0.035668682,-0.8671825,-0.44940916,0.08553499,-1.095522,-0.6138634,0.24232602,-0.9701949,-0.7512734,-0.50623316,-0.56164217,-0.4971103,-0.331703,-0.588755,-0.8332423,-0.0004019235,-0.6281997,-0.9902209,0.1878993,-0.6562438,-1.0496494,-0.53538465,-0.06875987,-0.48070568,-0.099574514,-0.107592486,-0.74501544,0.16379435,-0.19898117,-0.7409697,0.2152594,-0.24488465,-0.7155193,-0.44328666,0.33951017,-0.49759516,0.03147112,0.27230516,-0.6819208,0.21198665,0.16630854,-0.57281643,0.20211509,0.11973495,-0.4786842,-0.31346208,0.6709684,-0.5524416,0.07690306,0.6161808,-0.6642445,0.18994759,0.5630462,-0.6190888,0.15559365,0.5689214,-0.56797224
X,Cristhian,Right,0.0,0.0,0.0,0.12704983,-0.42778188,-0.1429559,0.41908723,-0.7194034,-0.3353572,0.6802426,-0.6869702,-0.48642015,0.8494933,-0.5275994,-0.62575,0.17916998,-0.61051893,-0.64733213,0.69097245,-0.53637785,-0.80616724,0.7858243,-0.55078775,-0.82058614,0.74856514,-0.5866004,-0.8162862,0.13551886,-0.19696583,-0.66009617,0.80679727,-0.17492202,-0.82117444,0.76317585,-0.21316732,-0.7456218,0.6015224,-0.25898862,-0.6949601,0.15350384,0.14971676,-0.6525778,0.7970368,0.113443464,-0.71725655,0.723712,0.03700802,-0.5644733,0.5600888,0.00017263404,-0.47527403,0.1943374,0.42355007,-0.65866995,0.69030756,0.3624042,-0.6664064,0.653648,0.304662,-0.5645298,0.5106731,0.30394122,-0.5067751
X,Cristhian,Right,0.0,0.0,0.0,0.06733809,-0.3426561,-0.19880861,0.05401885,-0.7645432,-0.35089418,0.17264153,-0.9879693,-0.49960068,0.26042575,-0.96549386,-0.6159195,-0.4506123,-0.6620368,-0.32169804,-0.5591058,-0.65464145,-0.59514654,-0.3525188,-0.6528392,-0.7188002,-0.14178321,-0.64638036,-0.7491888,-0.5633976,-0.29567522,-0.30866852,-0.08486911,-0.2116785,-0.5311058,0.09426906,-0.26926467,-0.5241338,0.07227385,-0.3339918,-0.47971225,-0.5424947,0.07022768,-0.3294868,-0.017725479,0.13296853,-0.47701317,0.061079994,0.072351396,-0.36889142,-0.009923059,0.03857167,-0.26238626,-0.47466406,0.39674905,-0.3845595,-0.06997709,0.43238512,-0.4869332,0.0030267548,0.39938113,-0.4396129,-0.05772279,0.4030092,-0.36244738
X,Cristhian,Right,0.0,0.0,0.0,0.038271792,-0.34362245,-0.27085775,0.015559403,-0.71311814,-0.48552123,-0.07199647,-0.92530984,-0.6907479,-0.20461798,-0.87229854,-0.85910857,-0.6649764,-0.71341074,-0.32128686,-1.0057864,-0.6987337,-0.6189232,-0.9850234,-0.6503575,-0.73426646,-0.8173784,-0.5761012,-0.7473154,-0.77349645,-0.35447678,-0.27808425,-0.59140265,-0.27013493,-0.5373308,-0.2880663,-0.2696634,-0.51373833,-0.26555607,-0.330485,-0.42602992,-0.77737355,-0.011309937,-0.2816808,-0.46886387,0.06784663,-0.50094986,-0.27247527,-0.015665889,-0.39970556,-0.29558554,-0.09882795,-0.27435586,-0.73475057,0.29332656,-0.31839693,-0.46296996,0.3255688,-0.4458017,-0.28640273,0.23795618,-0.38788205,-0.28167364,0.16010292,-0.29418096
X,Cristhian,Right,0.0,0.0,0.0,-0.009164586,-0.30951202,-0.17223208,-0.07497905,-0.63578475,-0.31104887,-0.17869565,-0.7719688,-0.4519829,-0.27999496,-0.6265266,-0.57232296,-0.6037509,-0.6114873,-0.17976058,-0.90527356,-0.6079568,-0.38117757,-0.9388212,-0.6012952,-0.46268573,-0.83194536,-0.55485755,-0.47581506,-0.6730578,-0.31493208,-0.16784242,-0.61778694,-0.2739159,-0.35429534,-0.3726188,-0.2507276,-0.353848,-0.34084025,-0.2938403,-0.30425358,-0.6670467,-0.038692445,-0.1870143,-0.51186955,0.04514601,-0.35052475,-0.321312,-0.0068125012,-0.29023254,-0.31287277,-0.08366716,-0.21159822,-0.62861675,0.22313717,-0.22779861,-0.44872722,0.288206,-0.31352207,-0.2838517,0.22281545,-0.2674508,-0.25647795,0.14787301,-0.2037283
X,Cristhian,Right,0.0,0.0,0.0,-0.012195009,-0.3041917,-0.19089413,-0.09489702,-0.6334656,-0.329104,-0.24505281,-0.75841403,-0.46086764,-0.36493576,-0.5683504,-0.56580627,-0.62015593,-0.5835373,-0.18762636,-0.9117858,-0.5809055,-0.39714795,-0.9369557,-0.56343836,-0.47884378,-0.8559474,-0.5170629,-0.4915542,-0.6746582,-0.28351936,-0.16572127,-0.6509958,-0.2561818,-0.35178334,-0.397718,-0.24116029,-0.34504107,-0.40557706,-0.2846455,-0.29426178,-0.65889597,-0.009327056,-0.17792845,-0.557745,0.04888874,-0.34585485,-0.36082387,-0.007829635,-0.2748323,-0.38057706,-0.080877885,-0.19037363,-0.6086074,0.24501616,-0.21252775,-0.48694432,0.2885952,-0.2917631,-0.33183053,0.20308644,-0.23250389,-0.3228646,0.13532032,-0.16284963
X,Cristhian,Right,0.0,0.0,0.0,-0.0057835258,-0.2891846,-0.21286327,-0.086920194,-0.61267245,-0.36037648,-0.2353404,-0.74036705,-0.49768347,-0.36908966,-0.6138738,-0.6085314,-0.58487165,-0.5735685,-0.19165635,-0.86963254,-0.5621654,-0.39734071,-0.9146565,-0.5600085,-0.47607848,-0.8546372,-0.5192256,-0.48874697,-0.6411152,-0.29072338,-0.16032009,-0.6425864,-0.28430057,-0.35972682,-0.3969589,-0.27003378,-0.3588698,-0.3932819,-0.31043756,-0.3048109,-0.63824475,-0.036916375,-0.16585194,-0.53898674,0.006352537,-0.35058168,-0.34750625,-0.04084545,-0.29113406,-0.37012613,-0.113376655,-0.20682234,-0.6113685,0.20840171,-0.19444764,-0.4929448,0.22770526,-0.29405242,-0.34077534,0.15086849,-0.25302887,-0.34586972,0.073224135,-0.19152991
X,Cristhian,Right,0.0,0.0,0.0,-0.022522295,-0.30456242,-0.19861701,-0.094683506,-0.6275299,-0.34059948,-0.23591962,-0.8035909,-0.4743094,-0.3640537,-0.67523414,-0.5789236,-0.5879175,-0.60956806,-0.16154529,-0.8863063,-0.61618423,-0.35372627,-0.9126063,-0.6159417,-0.42389295,-0.8170099,-0.57662356,-0.42794898,-0.6258223,-0.3319088,-0.12696213,-0.6607275,-0.35000598,-0.31149557,-0.4124174,-0.33869514,-0.30393115,-0.3934993,-0.36427253,-0.24938568,-0.61371475,-0.075035624,-0.12756959,-0.57004356,-0.069718346,-0.29094845,-0.37929386,-0.10528085,-0.21374133,-0.37484932,-0.15164046,-0.12210365,-0.5774312,0.16823564,-0.15049657,-0.51662326,0.17000368,-0.2256954,-0.3661088,0.094162166,-0.16183624,-0.34223428,0.037011743,-0.08824466
X,Cristhian,Right,0.0,0.0,0.0,0.0002063612,-0.3029838,-0.16411895,-0.09457579,-0.62217736,-0.29942444,-0.23077819,-0.77172464,-0.4362419,-0.33224523,-0.59278303,-0.5540824,-0.6427601,-0.57275325,-0.15284584,-0.9681315,-0.54189366,-0.33837855,-0.99624586,-0.54484713,-0.42382106,-0.85698473,-0.51534176,-0.44270366,-0.68658775,-0.29030856,-0.144663,-0.68285197,-0.2967236,-0.33242518,-0.43195358,-0.27945533,-0.3496676,-0.3676736,-0.28693378,-0.3121048,-0.67279273,-0.02468478,-0.16493079,-0.5911311,-0.0055399574,-0.32788327,-0.39972463,-0.040773775,-0.2752589,-0.36662805,-0.06463516,-0.20004076,-0.63264465,0.23740667,-0.2046267,-0.55896944,0.23520768,-0.29207304,-0.40153295,0.18712756,-0.23947236,-0.36366618,0.1646744,-0.17049824
X,Cristhian,Right,0.0,0.0,0.0,0.026999768,-0.34552106,-0.3150377,-0.0037358936,-0.66736877,-0.5590683,-0.053014703,-0.8984051,-0.7797825,-0.16675614,-0.91932243,-0.971166,-0.6681403,-0.7178169,-0.44436288,-1.0263422,-0.62981826,-0.78512204,-1.0214202,-0.5680282,-0.9535249,-0.87534344,-0.4835016,-1.0081166,-0.8001262,-0.37255037,-0.38681144,-0.6220623,-0.22202533,-0.6981164,-0.3067367,-0.20911337,-0.71484977,-0.20916572,-0.26414776,-0.6591654,-0.814991,-0.01656,-0.37478292,-0.48675933,0.13227992,-0.6167465,-0.2698685,0.072977304,-0.5437932,-0.24188013,-0.019350193,-0.44248974,-0.77726984,0.30452728,-0.39974338,-0.47698238,0.4069771,-0.54405594,-0.28726107,0.3497499,-0.5089299,-0.2595986,0.2675649,-0.43678
X,Cristhian,Right,0.0,0.0,0.0,0.027757376,-0.37743106,-0.27789846,-0.017419856,-0.78660506,-0.5153927,-0.09154505,-1.0518304,-0.74336565,-0.17762513,-0.94108933,-0.9381571,-0.7515479,-0.72135216,-0.37196976,-1.1298809,-0.6712479,-0.68658745,-1.0784906,-0.58556247,-0.8241486,-0.8704786,-0.49220634,-0.85620904,-0.8716392,-0.29297337,-0.33393303,-0.61415756,-0.23412481,-0.61732405,-0.25273064,-0.25546673,-0.6116886,-0.20491843,-0.32305878,-0.5450482,-0.87110484,0.11275792,-0.34122986,-0.45831913,0.14988029,-0.5535278,-0.25978735,0.055609237,-0.46233135,-0.29366893,-0.014373519,-0.3590024,-0.8126313,0.4657535,-0.38433996,-0.47683868,0.4701356,-0.49516717,-0.2936463,0.38688406,-0.43516293,-0.29865298,0.35426134,-0.35226238
X,Cristhian,Right,0.0,0.0,0.0,0.07181246,-0.40782264,-0.29889005,0.052805074,-0.81997633,-0.5262402,0.109419964,-1.0607944,-0.7367,0.1248988,-0.9921695,-0.90675163,-0.57971,-0.60164654,-0.47579736,-0.75926876,-0.5944229,-0.8350313,-0.534461,-0.6190464,-0.9934667,-0.25573748,-0.5925719,-1.0271969,-0.6638272,-0.17626989,-0.43460876,-0.13621108,-0.21509688,-0.73066145,0.09829393,-0.30775148,-0.71288735,0.089734904,-0.3433826,-0.6388018,-0.5907144,0.22032881,-0.43961424,0.013922027,0.18337508,-0.6611581,0.0963875,0.055379905,-0.53751814,0.0073115807,0.001518714,-0.3985107,-0.46644896,0.54353535,-0.4862478,-0.008865055,0.51267964,-0.6462921,0.08152884,0.45911306,-0.5945833,0.02745011,0.4849193,-0.49505234
X,Cristhian,Right,0.0,0.0,0.0,0.10772654,-0.37429535,-0.25548708,0.10806553,-0.8162787,-0.4374438,0.20161861,-1.063204,-0.6078668,0.20259126,-0.97926337,-0.74023706,-0.47804877,-0.64800507,-0.40820664,-0.56140554,-0.7265602,-0.73216856,-0.32599843,-0.7509012,-0.89091045,-0.06449304,-0.7326157,-0.9374818,-0.5910488,-0.23643245,-0.38513267,-0.052449077,-0.2892916,-0.64940447,0.12227559,-0.36374792,-0.6517595,0.13428429,-0.39250052,-0.6120142,-0.5295823,0.15653922,-0.40457004,0.03909055,0.100049004,-0.59285253,0.089968055,0.057160214,-0.48929545,0.024628408,0.07521363,-0.3811632,-0.4109978,0.4962921,-0.46364483,0.019642701,0.43794417,-0.6168797,0.05853827,0.4454379,-0.59341156,-0.009375552,0.5231665,-0.5259794
X,Cristhian,Right,0.0,0.0,0.0,0.10849484,-0.46201062,-0.29293653,0.10998296,-1.0055454,-0.48681432,0.2650227,-1.1883355,-0.65334415,0.3398638,-0.9404747,-0.7868857,-0.5853036,-0.81405795,-0.49244484,-0.25787762,-0.7646551,-0.82598794,0.013597029,-0.7771731,-0.97412497,0.0929346,-0.8030566,-1.0306314,-0.6895227,-0.2828007,-0.4669525,-0.0118312435,-0.23609376,-0.7293849,0.19198854,-0.3206894,-0.7221668,0.10599431,-0.378561,-0.6963989,-0.6351694,0.19900341,-0.4787252,0.0119641,0.20618948,-0.68011695,0.14960937,0.11836459,-0.5680241,0.0431271,0.07695236,-0.46469006,-0.5223425,0.63640976,-0.53143734,-0.062006585,0.6154441,-0.6779102,0.04565728,0.54255474,-0.638821,-0.019231495,0.51831555,-0.57667136
X,Cristhian,Right,0.0,0.0,0.0,0.04761489,-0.4466507,-0.11396752,0.08597073,-0.85745853,-0.20936356,0.18582189,-1.0547942,-0.30468255,0.29273,-0.9561951,-0.38945556,-0.27393192,-0.70935005,-0.19843066,0.020420402,-0.7551222,-0.36091638,0.2336354,-0.7284046,-0.45261627,0.32091188,-0.6808297,-0.49958453,-0.3049702,-0.39316347,-0.2219348,0.2306843,-0.41450238,-0.35265133,0.3231364,-0.38166848,-0.38745198,0.2258428,-0.36824748,-0.41294378,-0.26042584,-0.09064159,-0.2596934,0.26978952,-0.14354548,-0.36930934,0.30826834,-0.17313845,-0.3503659,0.19192256,-0.22160698,-0.33175817,-0.18646698,0.16566703,-0.31484967,0.24130774,0.052094184,-0.3802296,0.2946166,0.009069107,-0.35609266,0.22498524,-0.013055453,-0.33085382
X,Cristhian,Right,0.0,0.0,0.0,0.09986647,-0.3314313,-0.0871999,0.28801703,-0.5628457,-0.23242016,0.50846833,-0.61506283,-0.36525348,0.6662541,-0.6757914,-0.5020771,0.05177586,-0.6553021,-0.41416278,0.30657795,-0.72407484,-0.58864015,0.4771903,-0.79170823,-0.6849933,0.5833842,-0.8121963,-0.74166006,0.014907125,-0.38060924,-0.46285194,0.49212444,-0.45303315,-0.61021507,0.5540156,-0.4229674,-0.5982157,0.49263102,-0.4019127,-0.5930239,0.041137107,-0.09687593,-0.5062844,0.50008386,-0.20366506,-0.6138991,0.54552853,-0.2003583,-0.51171905,0.4680735,-0.1808272,-0.44255835,0.085295014,0.15711938,-0.5612573,0.45036098,0.03931447,-0.62659895,0.5291013,-0.012489879,-0.5460735,0.5042364,-0.016490757,-0.48542354
X,Cristhian,Right,0.0,0.0,0.0,0.1419274,-0.35963497,-0.12318254,0.36640194,-0.5734535,-0.29915366,0.5929921,-0.5554562,-0.4542149,0.7611084,-0.519286,-0.614013,0.09738778,-0.5832258,-0.50044036,0.34784362,-0.64176226,-0.71046937,0.560128,-0.6850394,-0.83907974,0.7360845,-0.67688966,-0.91516876,0.03716859,-0.25132233,-0.5368224,0.56795436,-0.23665181,-0.7281977,0.6955743,-0.22898188,-0.73242915,0.7233464,-0.23218758,-0.73521286,0.05230474,0.06201243,-0.56780344,0.5824561,0.055405572,-0.6989292,0.67423934,0.021797264,-0.5967151,0.6643696,0.00849947,-0.52163434,0.09293435,0.32612523,-0.61370045,0.52495056,0.2801803,-0.6812808,0.6291877,0.21737729,-0.5987688,0.63764334,0.20315486,-0.53610957
X,Cristhian,Right,0.0,0.0,0.0,0.12968867,-0.43084696,-0.2528406,0.17458811,-0.950021,-0.4678203,0.24009763,-1.163693,-0.6838944,0.21627492,-0.9763325,-0.85883015,-0.65499973,-1.0061127,-0.37078574,-0.9572346,-1.087881,-0.72846717,-0.6982702,-1.0164901,-0.90667826,-0.39787775,-0.91520447,-0.9640869,-0.8458176,-0.541335,-0.3712233,-0.34372497,-0.390599,-0.690408,0.010384705,-0.40474382,-0.7294559,0.06944802,-0.47716102,-0.7063643,-0.85449183,-0.048396856,-0.4174097,-0.21369718,0.08525474,-0.6315105,-0.008960392,-0.009611015,-0.54793763,-0.058709994,-0.119666986,-0.457683,-0.77949595,0.39049736,-0.5029984,-0.2793672,0.45640767,-0.6163254,-0.100216545,0.38105288,-0.5599836,-0.13859689,0.30979446,-0.47966835
X,Cristhian,Right,0.0,0.0,0.0,0.10550715,-0.33315712,-0.3029733,0.12316819,-0.76050836,-0.5446614,0.063919835,-0.93532264,-0.7757253,-0.062606424,-0.7948008,-0.95874274,-0.65507334,-0.83699286,-0.35379162,-0.993751,-0.8084259,-0.6919041,-0.90040505,-0.7646279,-0.8157591,-0.69283855,-0.7210927,-0.827018,-0.8111263,-0.42608368,-0.3105045,-0.5090574,-0.31437364,-0.6157581,-0.1908243,-0.3160345,-0.59434336,-0.22159122,-0.3907579,-0.49855313,-0.82729983,-0.031904615,-0.32194054,-0.40257317,0.08423953,-0.5595473,-0.20102645,-0.007870659,-0.43436217,-0.27127185,-0.09788209,-0.2890316,-0.78482795,0.32338583,-0.373244,-0.43710658,0.39937675,-0.51852494,-0.26406506,0.31456566,-0.4597916,-0.30052605,0.23336539,-0.35671782
X,Cristhian,Right,0.0,0.0,0.0,0.024311177,-0.29736167,-0.20966157,-0.0026293064,-0.6175014,-0.38533935,-0.09342028,-0.77487475,-0.55685073,-0.22030683,-0.66643333,-0.7028905,-0.5905065,-0.6820821,-0.22105509,-0.8806108,-0.72731364,-0.4245796,-0.89640826,-0.72309166,-0.5021957,-0.7512634,-0.6600025,-0.50880724,-0.6775631,-0.38636452,-0.19477719,-0.5867219,-0.3614103,-0.3730733,-0.34411106,-0.3229531,-0.36368307,-0.3128666,-0.35013738,-0.31044543,-0.6853467,-0.096526764,-0.20263034,-0.5076724,-0.037764832,-0.35807356,-0.3248291,-0.0683358,-0.29277575,-0.31847745,-0.10675014,-0.21379243,-0.6601949,0.17807621,-0.23582135,-0.5060168,0.20913953,-0.31966934,-0.3492234,0.18611674,-0.26920834,-0.32584363,0.17409386,-0.20231235
X,Cristhian,Right,0.0,0.0,0.0,0.0032456552,-0.27174777,-0.1911903,-0.072561085,-0.5910621,-0.33970025,-0.20581278,-0.6670199,-0.48390535,-0.32588395,-0.4992198,-0.60682803,-0.59576905,-0.58686835,-0.17683548,-0.90427125,-0.62786174,-0.3664407,-0.95225996,-0.6112056,-0.44779274,-0.84002346,-0.54255,-0.46401548,-0.63919836,-0.30576786,-0.15825383,-0.6604449,-0.31961852,-0.3449755,-0.42195326,-0.29612634,-0.35468924,-0.37210837,-0.30825642,-0.3126972,-0.6311696,-0.05239646,-0.17157152,-0.5816864,-0.019975523,-0.33461678,-0.39719266,-0.048917193,-0.27290672,-0.3762956,-0.07937753,-0.19343947,-0.5970718,0.20285772,-0.20675018,-0.5441576,0.21899341,-0.2964123,-0.39672846,0.17871687,-0.2414642,-0.36837474,0.15002519,-0.1714589
X,Cristhian,Right,0.0,0.0,0.0,-0.0012967441,-0.2103593,-0.17100321,-0.090867005,-0.48591074,-0.30019194,-0.25400105,-0.538684,-0.42458767,-0.38890108,-0.3559926,-0.5301473,-0.55123985,-0.5015234,-0.13316837,-0.80387074,-0.5279069,-0.3000622,-0.90990824,-0.51160187,-0.37326148,-0.89193356,-0.4521664,-0.39323592,-0.5898539,-0.24738197,-0.11830018,-0.66196746,-0.25678596,-0.28131855,-0.4138158,-0.20967913,-0.27163404,-0.36670485,-0.2394716,-0.21848314,-0.58140826,-0.025679918,-0.13357297,-0.6174592,-0.007850943,-0.28280917,-0.41985118,-0.0054585123,-0.19010225,-0.38892528,-0.046197638,-0.090329655,-0.5420385,0.20138606,-0.16889675,-0.5587734,0.21526286,-0.24616271,-0.41627,0.18089764,-0.16871955,-0.38594022,0.13902918,-0.08488929
X,Cristhian,Right,0.0,0.0,0.0,0.06060695,-0.27723926,-0.22258493,0.053505536,-0.6413017,-0.40657467,-0.048175327,-0.80286294,-0.5860816,-0.17171544,-0.6531182,-0.7413058,-0.553529,-0.676793,-0.24353744,-0.81499946,-0.71207833,-0.48529375,-0.82120353,-0.7267555,-0.59141564,-0.7074521,-0.7067613,-0.6179414,-0.6587958,-0.36035776,-0.2242536,-0.5182084,-0.31811538,-0.4331114,-0.26180205,-0.29272646,-0.43068928,-0.26352552,-0.33123288,-0.38085297,-0.65741366,-0.050903436,-0.24331622,-0.43700376,0.027503159,-0.41907075,-0.24796815,-0.020608459,-0.34295195,-0.26952338,-0.08388829,-0.25859007,-0.60933024,0.23395322,-0.2896918,-0.40033907,0.29888332,-0.3841271,-0.23443198,0.22367388,-0.33047915,-0.22400841,0.14289838,-0.26188487
X,Cristhian,Right,0.0,0.0,0.0,0.05490655,-0.3017525,-0.17841442,0.042065267,-0.62513006,-0.3327138,-0.05991781,-0.79254633,-0.48904565,-0.16185632,-0.6249202,-0.62206894,-0.5295093,-0.7157071,-0.19697937,-0.80727124,-0.7556999,-0.40469623,-0.7993022,-0.7732353,-0.4871481,-0.6800183,-0.7331951,-0.5007244,-0.6334068,-0.43256536,-0.18690912,-0.5192889,-0.38809144,-0.36626008,-0.27380773,-0.32838684,-0.35065112,-0.2700871,-0.35006407,-0.29530978,-0.64205515,-0.15244494,-0.20937847,-0.469552,-0.074033804,-0.36172742,-0.28180385,-0.097571574,-0.28265902,-0.2909826,-0.15180553,-0.19632809,-0.6123544,0.11061958,-0.25544873,-0.44385335,0.18198206,-0.33068737,-0.29327032,0.1382844,-0.27479264,-0.28457588,0.08406398,-0.20719284
X,Cristhian,Right,0.0,0.0,0.0,0.052003812,-0.31050277,-0.19908383,0.029932693,-0.6401144,-0.37115782,-0.072409704,-0.810319,-0.54231,-0.18180987,-0.64660984,-0.6912601,-0.552228,-0.720861,-0.24418435,-0.81104964,-0.73689836,-0.48298106,-0.8258275,-0.73138237,-0.59138453,-0.73613644,-0.6768332,-0.62487,-0.6711897,-0.41173053,-0.23763822,-0.5314731,-0.364845,-0.44949734,-0.27639523,-0.31756264,-0.44403085,-0.2635241,-0.3466726,-0.39530107,-0.679461,-0.10768489,-0.26657638,-0.46764788,-0.03893414,-0.44685963,-0.27286792,-0.06346125,-0.36746168,-0.27887034,-0.116088845,-0.2802355,-0.6395274,0.16990615,-0.32193324,-0.44040063,0.23496723,-0.42069608,-0.2846528,0.18352242,-0.3733918,-0.2759826,0.11482005,-0.31172198
X,Cristhian,Right,0.0,0.0,0.0,0.031592906,-0.2985498,-0.19024743,-0.033652652,-0.62192506,-0.34705213,-0.16207743,-0.7333003,-0.5067666,-0.26524487,-0.55077744,-0.6458909,-0.6140567,-0.6444445,-0.19368683,-0.92985165,-0.63807636,-0.42249998,-0.95073634,-0.6128644,-0.5250909,-0.81960475,-0.5729294,-0.54873586,-0.6891399,-0.3333772,-0.18050182,-0.5982255,-0.27660164,-0.38536417,-0.33727562,-0.2390215,-0.38346428,-0.31019014,-0.2925073,-0.33025616,-0.6840305,-0.039772294,-0.20370495,-0.5087139,0.05569012,-0.38337278,-0.31345952,0.026552536,-0.31240955,-0.31424654,-0.04907364,-0.22390552,-0.64820945,0.23465326,-0.2507509,-0.4889122,0.3224618,-0.34407336,-0.325098,0.2639474,-0.288535,-0.30587813,0.17706758,-0.21596049
X,Cristhian,Right,0.0,0.0,0.0,0.045024008,-0.30572206,-0.21515672,0.03375533,-0.6268162,-0.39602348,-0.059930317,-0.78071517,-0.57315177,-0.18312003,-0.63795465,-0.7274753,-0.5327985,-0.7047732,-0.25539896,-0.8153006,-0.69952935,-0.5014497,-0.8412401,-0.6981487,-0.6157667,-0.74752915,-0.66422904,-0.65020543,-0.6484709,-0.41435716,-0.23652402,-0.5104947,-0.3393398,-0.45301655,-0.2616043,-0.29257384,-0.45180666,-0.23990181,-0.3324109,-0.4027297,-0.65927684,-0.11987924,-0.25483334,-0.43722323,-0.013347384,-0.44413662,-0.25072515,-0.04496921,-0.37527615,-0.25190437,-0.11436574,-0.2909455,-0.63017774,0.15234923,-0.29967842,-0.42195815,0.24970338,-0.4077475,-0.26404124,0.20024408,-0.36759043,-0.24839371,0.12480302,-0.30707777
X,Cristhian,Right,0.0,0.0,0.0,0.115439385,-0.43873388,-0.165707,0.16622873,-0.8637479,-0.31136072,0.25776482,-1.107412,-0.45872578,0.2760496,-0.9611434,-0.580283,-0.4230432,-0.84763604,-0.26455632,-0.43356836,-0.9113221,-0.51020455,-0.20532796,-0.9146255,-0.6326577,-0.027459938,-0.87833285,-0.67478913,-0.5229568,-0.5135752,-0.2811236,-0.060074653,-0.48718706,-0.4772804,0.099834226,-0.4985527,-0.47666708,0.057442576,-0.51937646,-0.4495701,-0.48910916,-0.15517944,-0.32900366,0.021716597,-0.14286382,-0.457708,0.07096452,-0.1812477,-0.3670814,-0.033547662,-0.20505339,-0.28494933,-0.3942649,0.16070874,-0.40801394,0.012983953,0.16030344,-0.49225855,0.055239763,0.11470254,-0.45091686,-0.03773688,0.09705202,-0.3924769
X,Cristhian,Right,0.0,0.0,0.0,0.03436572,-0.4368762,-0.1129583,0.14114203,-0.79956084,-0.23870611,0.33176583,-0.9559233,-0.3673134,0.51797676,-0.8553947,-0.4937517,-0.22493076,-0.7262992,-0.28071257,0.17517701,-0.7731062,-0.4829994,0.3842816,-0.76954025,-0.6167494,0.48118588,-0.7541542,-0.6970343,-0.2497206,-0.35789928,-0.32233942,0.3511209,-0.38521114,-0.4707569,0.40656546,-0.40041795,-0.5040101,0.32297036,-0.39912987,-0.5389191,-0.195534,0.0011915806,-0.37579006,0.38929155,-0.034879673,-0.47558397,0.37106344,-0.094295785,-0.42479247,0.24496995,-0.13415383,-0.39187554,-0.11377966,0.30617908,-0.45239547,0.33379182,0.2467587,-0.51823044,0.32308263,0.16088995,-0.483903,0.21737461,0.123102754,-0.45307612
X,Cristhian,Right,0.0,0.0,0.0,0.057350885,-0.40864593,-0.073665656,0.20690969,-0.71128833,-0.1962476,0.40685222,-0.83628845,-0.31159732,0.5309619,-0.8473957,-0.4268479,-0.00027091923,-0.6987374,-0.348472,0.333304,-0.75122446,-0.46723974,0.50631946,-0.7645023,-0.49882138,0.611919,-0.7455061,-0.51107615,-0.008287913,-0.41903713,-0.39022127,0.47231558,-0.44847772,-0.47274408,0.50253564,-0.40316913,-0.4076997,0.45452252,-0.38579023,-0.36829585,0.030603401,-0.13992164,-0.42910668,0.48776945,-0.16651241,-0.47536197,0.468449,-0.18443377,-0.3535434,0.39232832,-0.19741896,-0.2779543,0.088077866,0.112582155,-0.48280102,0.44289154,0.07253042,-0.50439966,0.4363232,0.012972701,-0.4264035,0.37028155,-0.013643453,-0.36992335
X,Cristhian,Right,0.0,0.0,0.0,0.027735475,-0.39791602,-0.044085506,0.17954956,-0.7254256,-0.14727755,0.3683139,-0.8788088,-0.24739847,0.48542657,-0.8742774,-0.34676212,0.0047226874,-0.68804544,-0.31193668,0.30338845,-0.7761441,-0.42736182,0.4721869,-0.76162714,-0.46051067,0.5762263,-0.70919555,-0.47701776,-0.00040381658,-0.42223957,-0.36629188,0.4126818,-0.50964487,-0.47107014,0.51349217,-0.46465614,-0.43658054,0.5316596,-0.4274624,-0.41810012,0.030738901,-0.15814537,-0.41322482,0.43256164,-0.2364642,-0.4919664,0.4533263,-0.21667545,-0.4101144,0.397109,-0.18846317,-0.35665935,0.083419904,0.081547715,-0.46633932,0.39737317,-0.01175559,-0.50656354,0.4084757,-0.040979106,-0.4459709,0.34809256,-0.03615782,-0.4043983
X,Cristhian,Right,0.0,0.0,0.0,0.07812282,-0.4508637,-0.14434604,0.15886077,-0.8444175,-0.29330918,0.32482946,-1.0542194,-0.44517213,0.4178447,-0.90851843,-0.5804146,-0.35675517,-0.8393642,-0.3112553,-0.17592768,-0.901805,-0.56978875,0.048203032,-0.9179528,-0.7063571,0.20618653,-0.89467,-0.76077527,-0.4182696,-0.46019918,-0.34479278,0.17029183,-0.46250668,-0.5347383,0.29783165,-0.46130717,-0.53300244,0.2268881,-0.46236628,-0.5144595,-0.35910434,-0.07129061,-0.4021455,0.24495956,-0.111853436,-0.5293833,0.2577747,-0.15315352,-0.42747393,0.11758855,-0.17616841,-0.3401603,-0.25085953,0.26189488,-0.48846245,0.20546083,0.20938565,-0.5755225,0.22720127,0.13791782,-0.5202443,0.11924714,0.1123538,-0.45210055
X,Cristhian,Right,0.0,0.0,0.0,0.14000304,-0.4617951,-0.21837524,0.22599892,-0.9153022,-0.40838072,0.3723754,-1.1369876,-0.5961243,0.39225018,-0.9198586,-0.7504001,-0.44327846,-0.91100323,-0.37781522,-0.42087895,-0.9768867,-0.70461553,-0.17848644,-0.9766558,-0.8655835,0.024937911,-0.9385314,-0.9193136,-0.57192534,-0.49373102,-0.38991812,0.070904255,-0.44505656,-0.6574498,0.24607462,-0.48831362,-0.6452646,0.1918793,-0.5398247,-0.5937193,-0.5261531,-0.060985293,-0.44180325,0.15727061,-0.053796146,-0.6223826,0.1928738,-0.12398871,-0.4812569,0.05207361,-0.16624947,-0.34677562,-0.41132468,0.32011172,-0.53395456,0.1261064,0.32163435,-0.6700793,0.15013139,0.2437563,-0.61736983,0.016144522,0.20189174,-0.52913964
X,Cristhian,Right,0.0,0.0,0.0,0.113074064,-0.4393838,-0.22712947,0.16372418,-0.923347,-0.43260318,0.20569064,-1.1799848,-0.6411518,0.1350887,-0.9908335,-0.8074475,-0.5453768,-0.9294991,-0.37524828,-0.7960309,-1.0273277,-0.71634847,-0.53444624,-0.98958325,-0.85391885,-0.26929593,-0.9036762,-0.87586373,-0.7010577,-0.52417547,-0.38000298,-0.2384134,-0.4884175,-0.6650302,0.05099872,-0.47654516,-0.6397614,0.02772702,-0.5096382,-0.5598584,-0.68271095,-0.10411285,-0.42676583,-0.12681435,-0.07595426,-0.6266097,0.017516728,-0.14357562,-0.47176892,-0.07729997,-0.19560647,-0.31879744,-0.5995257,0.2548464,-0.5115261,-0.1609251,0.27962306,-0.6365006,-0.04399874,0.2039106,-0.555445,-0.112834305,0.1572431,-0.4409573
X,Cristhian,Right,0.0,0.0,0.0,0.093310565,-0.37846774,-0.269634,0.09860977,-0.81886595,-0.4912505,0.057598665,-1.0108312,-0.70998234,-0.069185644,-0.9026521,-0.88484067,-0.6982726,-0.8190202,-0.36013654,-1.0432663,-0.7942914,-0.71363336,-0.88152397,-0.7911937,-0.8583409,-0.6344839,-0.7729361,-0.8811876,-0.8371718,-0.35738403,-0.34151316,-0.4572761,-0.33801657,-0.65933144,-0.13159657,-0.36710387,-0.6575497,-0.14335306,-0.39962074,-0.5757382,-0.8092086,0.07928052,-0.37257186,-0.2929967,0.10773236,-0.6170542,-0.098108605,-0.019127304,-0.49648488,-0.16876903,-0.09992184,-0.34930995,-0.7127225,0.4515243,-0.44025525,-0.30709693,0.46847072,-0.5852987,-0.14795819,0.3540717,-0.5172031,-0.19137475,0.2755522,-0.40180755
X,Cristhian,Right,0.0,0.0,0.0,0.07660974,-0.32532075,-0.29414266,0.053084932,-0.75180113,-0.5334208,-0.05477321,-0.86300325,-0.76241666,-0.18766792,-0.676287,-0.9460533,-0.71835476,-0.73283404,-0.35894406,-1.0516895,-0.66807157,-0.70519865,-0.9651962,-0.6621193,-0.8361287,-0.7533292,-0.6576436,-0.85342723,-0.8368968,-0.2921574,-0.32689023,-0.5393038,-0.2436038,-0.6519558,-0.19994327,-0.28535444,-0.63869756,-0.21703926,-0.33709717,-0.5447251,-0.8099348,0.114059225,-0.34704137,-0.3924091,0.18445657,-0.6073762,-0.16825819,0.053609055,-0.48215052,-0.2250553,-0.03336901,-0.3318012,-0.7205887,0.47314072,-0.40439954,-0.37774685,0.5272208,-0.55812234,-0.20608403,0.41371182,-0.49359846,-0.2490537,0.3317159,-0.38524047
X,Cristhian,Right,0.0,0.0,0.0,0.0462848,-0.30542386,-0.2752502,0.0045328573,-0.6700224,-0.5002807,-0.12290239,-0.79169387,-0.7162395,-0.2673142,-0.62655437,-0.8981497,-0.6994502,-0.64949363,-0.32856902,-1.0120596,-0.6183318,-0.633394,-0.9722,-0.6221972,-0.7551453,-0.8053947,-0.59273887,-0.7779629,-0.7849431,-0.2534813,-0.30164245,-0.6264095,-0.25451154,-0.57941216,-0.31633177,-0.28321996,-0.5729187,-0.32107636,-0.315447,-0.498379,-0.7488176,0.10365771,-0.3204274,-0.48052996,0.13215062,-0.5569341,-0.25630593,0.021751987,-0.45642984,-0.28866318,-0.05097978,-0.33344442,-0.6588715,0.41680518,-0.37177354,-0.4152781,0.42780784,-0.50891256,-0.2359929,0.30396378,-0.44673386,-0.24173827,0.21322316,-0.3534488
X,Cristhian,Right,0.0,0.0,0.0,-0.0027481262,-0.29519653,-0.20042737,-0.08575089,-0.6307653,-0.36009791,-0.2406432,-0.70070446,-0.51594305,-0.36480784,-0.49514806,-0.6456906,-0.6483956,-0.55167824,-0.21710734,-0.95802647,-0.53312665,-0.44274276,-0.96178174,-0.55042076,-0.52690834,-0.84936595,-0.5278044,-0.53789514,-0.6952048,-0.23372538,-0.19839059,-0.6387677,-0.23701757,-0.40899462,-0.3668574,-0.24402454,-0.40443894,-0.3820077,-0.2609157,-0.34896323,-0.66581935,0.043942366,-0.2137956,-0.53884244,0.09184,-0.40155458,-0.32999608,0.017894682,-0.32559687,-0.3640037,-0.044229925,-0.2336855,-0.6050831,0.30651104,-0.25110018,-0.45482922,0.33989075,-0.34562972,-0.28999093,0.22946253,-0.28419152,-0.29116252,0.14348048,-0.20897906
Z,Cristhian,Right,0.0,0.0,0.0,0.10237,-0.07249459,-0.076003894,0.20190327,-0.20984264,-0.12884773,0.19182773,-0.32791725,-0.1782568,0.110666774,-0.39343402,-0.22399786,0.122117825,-0.5163474,-0.10285493,0.13079631,-0.73293036,-0.18030654,0.13098495,-0.86704946,-0.22060844,0.11953528,-0.99283,-0.25035113,0.0038704115,-0.5155067,-0.106206685,0.012089724,-0.49656156,-0.19787411,0.04547474,-0.31001532,-0.20425864,0.058244053,-0.2945971,-0.19495085,-0.09670373,-0.45943636,-0.11824138,-0.08459504,-0.3861966,-0.20690548,-0.03532964,-0.24043335,-0.17258771,-0.018202566,-0.24549499,-0.13698046,-0.1879464,-0.37767187,-0.13885167,-0.16421469,-0.28641087,-0.19732054,-0.10980567,-0.18217725,-0.17348813,-0.0911863,-0.18565045,-0.14532316
Z,Cristhian,Right,0.0,0.0,0.0,0.10680037,-0.06375613,-0.071591586,0.21249814,-0.19772324,-0.11927669,0.20103288,-0.30927226,-0.16375248,0.11590682,-0.37211674,-0.20644243,0.13728279,-0.5023497,-0.10372659,0.15769391,-0.72300065,-0.17675377,0.16466017,-0.8569221,-0.21980456,0.15996532,-0.98712265,-0.25227323,0.019778801,-0.51906735,-0.10733873,0.034529317,-0.45713267,-0.20055164,0.053248547,-0.28943402,-0.21991578,0.05620703,-0.26249078,-0.2209653,-0.08452237,-0.46859398,-0.11716985,-0.06560716,-0.36440074,-0.20416276,-0.026543384,-0.23254707,-0.18341902,-0.01122684,-0.23463939,-0.15781057,-0.177075,-0.39241168,-0.13432316,-0.14813575,-0.28325132,-0.18894494,-0.1004524,-0.18163309,-0.16899209,-0.08088791,-0.18177722,-0.14403495
Z,Cristhian,Right,0.0,0.0,0.0,0.11368512,-0.059118055,-0.079931304,0.21745382,-0.18973173,-0.13051371,0.21655995,-0.31333464,-0.17702742,0.13085881,-0.38322046,-0.22065401,0.1358827,-0.5043167,-0.09596474,0.1506013,-0.72609043,-0.16965193,0.15438814,-0.865551,-0.20852877,0.14637816,-0.9892287,-0.23566313,0.025535641,-0.49932423,-0.09575593,0.0344179,-0.5126731,-0.19202638,0.05702515,-0.3317464,-0.2044263,0.0698489,-0.29338476,-0.19441615,-0.07294721,-0.44932845,-0.10430197,-0.057635736,-0.4007009,-0.19869004,-0.020526879,-0.25679055,-0.17192867,-0.005045824,-0.25064108,-0.13624133,-0.16492373,-0.3791626,-0.120434456,-0.1398909,-0.31809396,-0.18005797,-0.09519398,-0.21423478,-0.1568256,-0.078493394,-0.21032272,-0.1269413
Z,Cristhian,Right,0.0,0.0,0.0,0.10261452,-0.079553574,-0.07992441,0.20073614,-0.21433984,-0.13341351,0.199331,-0.33826122,-0.1833349,0.115845755,-0.40632197,-0.22871101,0.11319541,-0.5169235,-0.09878056,0.1203787,-0.7353352,-0.17264068,0.122500226,-0.87364715,-0.20721745,0.113995284,-0.9934813,-0.23047444,-0.0025092,-0.51636916,-0.09908812,0.017459527,-0.50751394,-0.20080344,0.044509195,-0.33461592,-0.21366768,0.051401906,-0.29459745,-0.20147012,-0.09856868,-0.46530327,-0.1081801,-0.061849367,-0.3683849,-0.20656176,-0.025209095,-0.23532762,-0.1871728,-0.019092476,-0.23702194,-0.15435241,-0.18284091,-0.392506,-0.12510616,-0.13626659,-0.2847263,-0.1872005,-0.09182374,-0.1903319,-0.1744344,-0.083762944,-0.1995806,-0.15108004
Z,Cristhian,Right,0.0,0.0,0.0,0.098079056,-0.08200679,-0.079437986,0.18108936,-0.23077543,-0.13467415,0.16400369,-0.35536933,-0.18713062,0.07460007,-0.4164031,-0.23622167,0.071541555,-0.5221337,-0.10002721,0.05520186,-0.741488,-0.17442355,0.045762923,-0.87903273,-0.20969534,0.027707567,-0.9996161,-0.23354125,-0.038372017,-0.4974494,-0.10146281,-0.017493946,-0.50080055,-0.19946168,0.024755333,-0.32399225,-0.20738432,0.03140279,-0.29561928,-0.19414039,-0.1265017,-0.42883632,-0.111491814,-0.095896885,-0.38098046,-0.20778796,-0.04287896,-0.24209872,-0.17707162,-0.03428649,-0.23630346,-0.13820544,-0.20669404,-0.34130552,-0.12945253,-0.16598299,-0.28237265,-0.19032851,-0.10965077,-0.18884057,-0.16725928,-0.09934877,-0.1866509,-0.13708088
Z,Cristhian,Right,0.0,0.0,0.0,0.09882624,-0.08474177,-0.07040862,0.18206185,-0.23111972,-0.1200193,0.1699585,-0.35360336,-0.16822037,0.08465707,-0.4204454,-0.21456225,0.109389134,-0.5215001,-0.0889128,0.1230265,-0.7392764,-0.15890652,0.12649691,-0.8753076,-0.1951821,0.1157045,-0.9932837,-0.22123757,0.00011368681,-0.5044496,-0.0947682,0.011171372,-0.52588475,-0.1904061,0.0379635,-0.34136233,-0.20094758,0.040536925,-0.3005585,-0.19034018,-0.095946744,-0.44291508,-0.108427905,-0.078457855,-0.41453987,-0.2032922,-0.03454835,-0.26311105,-0.17369847,-0.02778133,-0.24650598,-0.13572581,-0.18663698,-0.36059055,-0.12872534,-0.16139206,-0.32690415,-0.18845464,-0.11246935,-0.22286063,-0.16265506,-0.10311242,-0.21194077,-0.13115911
Z,Cristhian,Right,0.0,0.0,0.0,0.097912125,-0.075383425,-0.081849076,0.18316379,-0.22181904,-0.13541728,0.1685031,-0.34831235,-0.18485203,0.08610766,-0.43124706,-0.23083867,0.09708948,-0.51800406,-0.097065195,0.111055925,-0.7368264,-0.17185357,0.115959056,-0.87135774,-0.20863292,0.10720953,-0.99423647,-0.23360583,-0.009468507,-0.49729717,-0.098075286,-0.0021050111,-0.51956725,-0.19223376,0.028113276,-0.33454627,-0.1991551,0.033730127,-0.30746323,-0.18668489,-0.10205358,-0.4328545,-0.108460486,-0.09037258,-0.4212796,-0.20416288,-0.043998096,-0.26717728,-0.16881144,-0.033678923,-0.26066375,-0.12745611,-0.18920344,-0.34654596,-0.12668523,-0.16813138,-0.32118845,-0.18791422,-0.116353646,-0.21669123,-0.15828001,-0.105201356,-0.20792574,-0.123633884
Z,Cristhian,Right,0.0,0.0,0.0,0.109254986,-0.1118536,-0.034357265,0.18717285,-0.27716383,-0.07659989,0.20174816,-0.41242868,-0.12570311,0.13118845,-0.4286301,-0.17465705,0.022035437,-0.53941464,-0.06968486,0.028694764,-0.74057245,-0.13431625,0.036340997,-0.8784385,-0.1735028,0.036146574,-0.9993465,-0.20223069,-0.076095365,-0.5168341,-0.09252464,0.05067834,-0.49908578,-0.17694989,0.080282964,-0.3567967,-0.19332676,0.054598823,-0.30542588,-0.19355509,-0.13881505,-0.43811774,-0.11820377,0.01108283,-0.39384937,-0.1929904,0.031199409,-0.27790603,-0.17279741,0.0011553938,-0.24938844,-0.14914843,-0.18090639,-0.33445153,-0.14914389,-0.047574818,-0.29728383,-0.19349842,-0.031864244,-0.21501502,-0.1758143,-0.067113735,-0.19038135,-0.15483508
Z,Cristhian,Right,0.0,0.0,0.0,-0.053782076,-0.1711116,0.0058170725,-0.063778885,-0.35386765,-0.026690401,-0.02111038,-0.47502995,-0.06887254,0.042836588,-0.5327246,-0.11208492,-0.109189324,-0.47552755,-0.082066126,-0.06851245,-0.7138223,-0.14872119,-0.056387927,-0.8706435,-0.18952176,-0.049994506,-0.9987495,-0.2181087,-0.07706902,-0.4388612,-0.11929606,0.115804605,-0.54174155,-0.19384044,0.15234657,-0.46103635,-0.20155314,0.13282554,-0.40745074,-0.2004141,-0.014859055,-0.37083456,-0.15293713,0.16374081,-0.43255794,-0.20579474,0.1655673,-0.34938052,-0.1750217,0.1269503,-0.30539587,-0.15000795,0.0572889,-0.29302555,-0.18854631,0.19928831,-0.34881663,-0.21048321,0.18840368,-0.27161533,-0.17972006,0.14624615,-0.22299132,-0.15413846
Z,Cristhian,Right,0.0,0.0,0.0,0.12458014,-0.0846205,-0.053369947,0.22028457,-0.25595868,-0.07961849,0.20982057,-0.38546523,-0.10642932,0.15577185,-0.45406398,-0.13183095,0.10732083,-0.52011263,-0.053669248,0.13140963,-0.7384088,-0.10575963,0.14687452,-0.8723624,-0.13660456,0.15461448,-0.9879749,-0.15952048,0.00719407,-0.49855217,-0.061009247,0.034580816,-0.55014056,-0.14322679,0.07405463,-0.42637685,-0.1658313,0.090261705,-0.3561583,-0.16682395,-0.077847056,-0.4384629,-0.0741864,-0.034870096,-0.45308203,-0.15562353,0.0071149473,-0.33278602,-0.14295936,0.016611472,-0.27941555,-0.11821683,-0.1568148,-0.35389245,-0.09219835,-0.102880314,-0.36990455,-0.14546317,-0.06183759,-0.28708017,-0.12982032,-0.052965708,-0.24989696,-0.106476404
Z,Cristhian,Right,0.0,0.0,0.0,0.102889396,-0.08260334,-0.091713995,0.19314073,-0.2441941,-0.14398637,0.16790827,-0.37780428,-0.18914737,0.08128103,-0.45595646,-0.229908,0.09436494,-0.5277834,-0.092622235,0.09673157,-0.74006516,-0.1626147,0.093176015,-0.8768565,-0.19279882,0.07719851,-0.9970157,-0.21165086,-0.011451012,-0.4872168,-0.08970584,-0.0129024815,-0.5630549,-0.18399352,0.026591163,-0.36798173,-0.1880085,0.035668686,-0.3320659,-0.16849646,-0.10078724,-0.41831532,-0.09739143,-0.09981606,-0.45617053,-0.20301715,-0.04494994,-0.28082955,-0.16760364,-0.03722682,-0.26021504,-0.11934869,-0.19139431,-0.33007908,-0.11241227,-0.17991123,-0.3591548,-0.18134636,-0.11993925,-0.24127622,-0.14945956,-0.10893265,-0.21485022,-0.110037096
Z,Cristhian,Right,0.0,0.0,0.0,0.11407728,-0.083357714,-0.083992936,0.20654806,-0.26258156,-0.12798972,0.19881019,-0.42081168,-0.16708061,0.10176318,-0.48499274,-0.20082144,0.09170308,-0.5285096,-0.08088246,0.08788622,-0.74311507,-0.15270737,0.081519574,-0.8739522,-0.1809642,0.064343914,-0.9979278,-0.19823039,-0.016844787,-0.49335325,-0.0805224,-0.020505344,-0.55125195,-0.17519447,0.022012923,-0.3533762,-0.17369545,0.030340139,-0.33357042,-0.15079463,-0.10976901,-0.42607415,-0.09164211,-0.10907679,-0.4401158,-0.19394886,-0.05248762,-0.27065986,-0.15213382,-0.043528087,-0.26639843,-0.10141498,-0.2009481,-0.3401959,-0.11069651,-0.19120502,-0.34031492,-0.17288598,-0.13205495,-0.22774947,-0.13786432,-0.12048625,-0.21024974,-0.097788066
Z,Cristhian,Right,0.0,0.0,0.0,0.1052458,-0.105648264,-0.06837447,0.17339697,-0.29940218,-0.105897896,0.15306552,-0.45080668,-0.14141119,0.05262229,-0.49226287,-0.17500795,0.04372412,-0.5159588,-0.072828606,0.025425237,-0.7437501,-0.13632411,0.0137784295,-0.8841427,-0.1645539,-0.011685138,-0.99993175,-0.18292977,-0.058171835,-0.46185723,-0.07598903,-0.058288436,-0.5439752,-0.16767076,0.00011647324,-0.36199948,-0.17072846,0.0074424143,-0.3145704,-0.15171836,-0.14451367,-0.38236505,-0.087237805,-0.13872434,-0.416821,-0.18480991,-0.07112017,-0.2646299,-0.14745463,-0.06430194,-0.23737156,-0.09994254,-0.22897987,-0.28745028,-0.10411803,-0.21319327,-0.32126158,-0.1628368,-0.14750074,-0.22024205,-0.12723349,-0.1373948,-0.18535493,-0.08728721
Z,Cristhian,Right,0.0,0.0,0.0,0.10207232,-0.10279293,-0.07472979,0.17901729,-0.2833588,-0.122144565,0.16735499,-0.42380935,-0.16740695,0.07234213,-0.46845025,-0.20962659,0.045715746,-0.5384993,-0.08563566,0.02364754,-0.7496389,-0.16671264,0.0033287595,-0.8809655,-0.20677525,-0.030688692,-0.999529,-0.23184372,-0.062214535,-0.4884239,-0.09052428,-0.05035619,-0.5337658,-0.19172397,0.016222449,-0.3500723,-0.1967475,0.023350064,-0.31871575,-0.17920877,-0.15179104,-0.40183043,-0.10544864,-0.13212858,-0.4076274,-0.20945571,-0.058388438,-0.25846687,-0.16983652,-0.052084107,-0.24310432,-0.121388905,-0.23281682,-0.293591,-0.12730949,-0.2010015,-0.29149094,-0.19065431,-0.13082165,-0.19637819,-0.15542717,-0.122237645,-0.17581685,-0.11508689
Z,Cristhian,Right,0.0,0.0,0.0,0.10957525,-0.07763212,-0.09794297,0.21084347,-0.23005034,-0.1486868,0.1957913,-0.36542928,-0.19018847,0.11184184,-0.4459669,-0.22503978,0.13381793,-0.5266771,-0.09458509,0.15388486,-0.7358636,-0.1675668,0.1606479,-0.8678059,-0.19852805,0.15362157,-0.98812973,-0.21699831,0.019389456,-0.5127566,-0.08626246,0.019244626,-0.54208094,-0.1780913,0.04152997,-0.34722346,-0.17950207,0.043247916,-0.3304699,-0.15915659,-0.08257043,-0.46373096,-0.090717874,-0.080398284,-0.4378945,-0.19099937,-0.038384747,-0.27099,-0.15957288,-0.032771062,-0.28122017,-0.11673609,-0.17987521,-0.39162588,-0.10402023,-0.16781925,-0.3604721,-0.16574001,-0.116457716,-0.24429512,-0.13743474,-0.10880166,-0.236327,-0.1020345
Z,Cristhian,Right,0.0,0.0,0.0,0.11191828,-0.073352024,-0.07277658,0.21724105,-0.23901883,-0.10895927,0.19440666,-0.3656571,-0.14013623,0.10567406,-0.43445104,-0.16979878,0.11706362,-0.514003,-0.0755673,0.1400868,-0.73008424,-0.14238423,0.14725098,-0.86608,-0.18137518,0.14021347,-0.9901213,-0.20853561,0.012298082,-0.49005216,-0.07519773,0.014001035,-0.5409609,-0.16337444,0.03918225,-0.3548135,-0.17560351,0.046650693,-0.30479723,-0.16698015,-0.08265869,-0.42986888,-0.08319721,-0.0847166,-0.4567737,-0.17754905,-0.04256967,-0.2902956,-0.14794284,-0.029882982,-0.25993288,-0.10833041,-0.17745268,-0.3480248,-0.096811175,-0.16700637,-0.38023695,-0.1567319,-0.115993276,-0.2618849,-0.123990156,-0.10265387,-0.22308956,-0.08630499
Z,Cristhian,Right,0.0,0.0,0.0,0.14128822,-0.045109265,-0.047756422,0.26398233,-0.1728796,-0.08684746,0.31397206,-0.30803376,-0.12938033,0.25663352,-0.36444613,-0.17105064,0.18215327,-0.49794614,-0.07388554,0.22789,-0.70645595,-0.13801435,0.26076314,-0.84340394,-0.1737331,0.2785762,-0.9604141,-0.19895606,0.07564319,-0.51850766,-0.08893387,0.15989721,-0.5025611,-0.18536434,0.17205806,-0.33394566,-0.20176764,0.15243909,-0.26052156,-0.19464363,-0.01794943,-0.48021966,-0.10838182,0.080676116,-0.40583995,-0.19330236,0.08537608,-0.26911026,-0.17146376,0.062069044,-0.23004127,-0.13929197,-0.099095725,-0.41121522,-0.13359165,-0.010013192,-0.3367032,-0.180479,0.003743974,-0.24672471,-0.16128373,-0.016611293,-0.2291299,-0.1361554
Z,Cristhian,Right,0.0,0.0,0.0,0.14074595,-0.047743645,-0.05129198,0.25622994,-0.20775813,-0.07968736,0.28712592,-0.35982135,-0.10912842,0.22413671,-0.43444675,-0.1378079,0.15409727,-0.5013305,-0.06624395,0.18797389,-0.72293353,-0.12606491,0.21093464,-0.8565558,-0.16111158,0.22357306,-0.97468716,-0.18634185,0.046295945,-0.5088135,-0.077532545,0.112332985,-0.55019706,-0.17682484,0.13721879,-0.3915578,-0.2009676,0.12764905,-0.29800087,-0.19730635,-0.051913608,-0.46362585,-0.09315336,0.033972614,-0.44233775,-0.18507576,0.049925093,-0.29443786,-0.16864185,0.02902854,-0.23477572,-0.13731109,-0.14347897,-0.39046118,-0.11365467,-0.057838924,-0.3546744,-0.16917413,-0.0337356,-0.25520197,-0.15186615,-0.05121638,-0.22058935,-0.12627088
Z,Cristhian,Right,0.0,0.0,0.0,0.12511732,-0.07607957,-0.059688024,0.21732788,-0.25861475,-0.09073741,0.23770453,-0.40675607,-0.12069508,0.17886986,-0.46418875,-0.148629,0.08489397,-0.5196788,-0.060915515,0.09848143,-0.7470991,-0.117016286,0.11154763,-0.8798932,-0.14304343,0.10944758,-0.99399257,-0.1613245,-0.016786696,-0.49114427,-0.070447035,0.049354296,-0.6112731,-0.1704044,0.09546673,-0.41658655,-0.18330592,0.082416974,-0.32655767,-0.16630374,-0.10582028,-0.4326303,-0.08685234,-0.027670534,-0.48206142,-0.1907458,0.01026743,-0.304614,-0.16630189,-0.018076573,-0.25491935,-0.12314329,-0.19127508,-0.35335603,-0.10733682,-0.112673946,-0.39943185,-0.1697704,-0.07074115,-0.2818106,-0.1419196,-0.09740863,-0.23814523,-0.1070741
Z,Cristhian,Right,0.0,0.0,0.0,0.12429514,-0.084927656,-0.056191806,0.22123294,-0.25504038,-0.09102139,0.24846004,-0.40243226,-0.12587753,0.18212985,-0.47122455,-0.15914704,0.10820672,-0.52448004,-0.05817466,0.12301061,-0.7480396,-0.111234784,0.13933544,-0.8785942,-0.13445294,0.14073634,-0.9900471,-0.15064491,0.0067890137,-0.50088125,-0.069009304,0.059700616,-0.6053447,-0.15956017,0.09730741,-0.41659623,-0.16917528,0.085313946,-0.347459,-0.15369765,-0.08271179,-0.4420703,-0.08607679,-0.023031626,-0.48185596,-0.18284687,0.012953726,-0.31676322,-0.15624987,-0.009154903,-0.27866158,-0.114853926,-0.17195803,-0.36210328,-0.10692477,-0.116300374,-0.40461192,-0.16598397,-0.06989429,-0.29127908,-0.13646205,-0.08421671,-0.2516519,-0.10145017
Z,Cristhian,Right,0.0,0.0,0.0,0.13138382,-0.055789035,-0.06914921,0.23855789,-0.20081665,-0.1121113,0.26446125,-0.33515677,-0.15532166,0.19427261,-0.4090086,-0.19676276,0.15782714,-0.50709975,-0.07529591,0.17202726,-0.73275316,-0.14214782,0.18488924,-0.8638579,-0.16887735,0.18858005,-0.9820578,-0.1835523,0.048215427,-0.4911026,-0.07884097,0.06965108,-0.5312454,-0.17064427,0.08629707,-0.33339807,-0.17173035,0.08734685,-0.30141547,-0.15037207,-0.050719287,-0.44261834,-0.091394655,-0.033272844,-0.43130127,-0.18772021,-0.001323773,-0.25960085,-0.15243708,0.005452081,-0.23713192,-0.10580054,-0.15135472,-0.38015035,-0.1102116,-0.12948908,-0.3661191,-0.16710693,-0.084418535,-0.23654439,-0.13414505,-0.071759865,-0.19809967,-0.09478097
Z,Cristhian,Right,0.0,0.0,0.0,0.11309545,-0.076565094,-0.0722412,0.2089146,-0.22425784,-0.12165894,0.21338153,-0.36115575,-0.17113402,0.13095203,-0.41732004,-0.21930356,0.114413716,-0.5199996,-0.08450254,0.12316468,-0.7380246,-0.15319577,0.12528586,-0.877793,-0.1859952,0.11379273,-0.9935045,-0.20813775,0.0005438573,-0.4939203,-0.08996526,0.006829098,-0.5324853,-0.18903907,0.039832696,-0.35047662,-0.200007,0.04988745,-0.3072955,-0.18659057,-0.0968585,-0.4304925,-0.10324675,-0.08271688,-0.40558288,-0.20117992,-0.03466172,-0.25611323,-0.17205127,-0.022887586,-0.23193014,-0.13153039,-0.18881299,-0.3462747,-0.123422585,-0.16372342,-0.31248474,-0.18254922,-0.10600166,-0.20887735,-0.15614088,-0.084994785,-0.18818967,-0.122807756
Z,Cristhian,Right,0.0,0.0,0.0,0.09477954,-0.08869074,-0.09578539,0.17693695,-0.25058222,-0.15131931,0.15161735,-0.37895128,-0.20008633,0.05256814,-0.4417863,-0.24348253,0.062347982,-0.52977055,-0.09880305,0.053437408,-0.7459023,-0.17577754,0.041624222,-0.88200814,-0.2077877,0.019187488,-0.9998159,-0.22593601,-0.04386637,-0.48503616,-0.090420365,-0.06308256,-0.5313513,-0.18811506,-0.013862457,-0.34141055,-0.18787695,0.002359356,-0.3233287,-0.16386212,-0.13302031,-0.416101,-0.09409654,-0.1485026,-0.40019137,-0.19324148,-0.08138123,-0.24892701,-0.15381902,-0.05950356,-0.25361314,-0.10433822,-0.21703912,-0.3303139,-0.10684851,-0.21867542,-0.31407294,-0.16603176,-0.15376891,-0.21094218,-0.13285488,-0.13132046,-0.19856107,-0.09297528
Z,Cristhian,Right,0.0,0.0,0.0,0.09470319,-0.097243205,-0.07869829,0.17361994,-0.2700424,-0.13066143,0.15158457,-0.39797294,-0.17991593,0.05260905,-0.44297817,-0.22682865,0.043157145,-0.5325703,-0.08981842,0.02339977,-0.74972445,-0.16107976,0.009839542,-0.8866565,-0.19289851,-0.015527222,-0.9998794,-0.21284921,-0.06270561,-0.4797596,-0.091212995,-0.072779424,-0.5334896,-0.19024162,-0.013587552,-0.34612057,-0.19563964,0.00096410315,-0.30885372,-0.17643869,-0.1501632,-0.39911386,-0.10130299,-0.15476085,-0.4001366,-0.20208046,-0.08226037,-0.25009397,-0.16514307,-0.0654117,-0.23455404,-0.11737445,-0.2331757,-0.30088714,-0.118167765,-0.22476624,-0.3043015,-0.17840078,-0.15649407,-0.20396148,-0.14381896,-0.13869798,-0.18219014,-0.10340239
Z,Cristhian,Right,0.0,0.0,0.0,0.12562707,-0.0733299,-0.064268075,0.2205841,-0.22660643,-0.10338917,0.23792501,-0.35580635,-0.14244427,0.16749224,-0.40385354,-0.1809973,0.10759256,-0.52743983,-0.07569447,0.10226465,-0.74475515,-0.13955177,0.09949308,-0.87860715,-0.17435177,0.08875959,-0.9960531,-0.19893314,-9.067152e-05,-0.50402695,-0.08170312,0.020376615,-0.51973313,-0.17680071,0.06367035,-0.35178208,-0.19408542,0.07937377,-0.29268542,-0.1872215,-0.09541156,-0.43449688,-0.09446335,-0.062235378,-0.38810942,-0.18451346,-0.015738893,-0.2495631,-0.1624108,-0.003762015,-0.21860969,-0.12849322,-0.18394046,-0.34497872,-0.11378105,-0.14692704,-0.29390246,-0.1658075,-0.09635058,-0.19328497,-0.14319849,-0.08157842,-0.16894498,-0.114228435
Z,Cristhian,Right,0.0,0.0,0.0,0.12924246,-0.0749522,-0.067869216,0.22883154,-0.2232296,-0.11774722,0.2521804,-0.35782632,-0.16815153,0.17481703,-0.41011906,-0.21604803,0.11831614,-0.53165126,-0.08678286,0.119679354,-0.7435315,-0.15758567,0.12312338,-0.8762183,-0.18739544,0.11436126,-0.99343926,-0.20721921,-0.002685948,-0.50941825,-0.09755632,0.036932357,-0.5256443,-0.19743983,0.07776205,-0.33271736,-0.20219702,0.0752775,-0.3023979,-0.185055,-0.10239259,-0.43910345,-0.11647436,-0.04830403,-0.39867005,-0.21800113,-0.0033330463,-0.24207826,-0.18438359,-0.009894694,-0.23345746,-0.14073719,-0.19310513,-0.34901837,-0.14188156,-0.14104848,-0.30787608,-0.20425114,-0.088632055,-0.20078255,-0.17618972,-0.089811526,-0.18829367,-0.14184245
Z,Cristhian,Right,0.0,0.0,0.0,0.12774986,-0.07625423,-0.06485422,0.23995768,-0.22523122,-0.11511353,0.272223,-0.36557102,-0.16714898,0.19523868,-0.40761825,-0.2169249,0.12209967,-0.5392622,-0.07723043,0.1326435,-0.7436704,-0.14292781,0.14342599,-0.8772715,-0.1697285,0.14041519,-0.9900927,-0.18754908,0.0035741904,-0.5286681,-0.0884746,0.05313009,-0.5321737,-0.17963804,0.08679905,-0.33881095,-0.18040086,0.080932185,-0.30463982,-0.16035609,-0.09342331,-0.46442857,-0.10790266,-0.02746268,-0.4013494,-0.19989966,0.008026556,-0.24864146,-0.16531132,-0.0027698267,-0.23826379,-0.122102626,-0.18091594,-0.37757936,-0.13439095,-0.11941506,-0.30685258,-0.18832733,-0.072469346,-0.20478699,-0.16007431,-0.07402463,-0.1970165,-0.1262135
Z,Cristhian,Right,0.0,0.0,0.0,0.12910046,-0.06034396,-0.066924654,0.23884292,-0.20941982,-0.11597756,0.26661718,-0.35608712,-0.1665563,0.18459423,-0.41004598,-0.21500573,0.13181184,-0.52286816,-0.08101581,0.14194618,-0.7391549,-0.14897029,0.15172742,-0.872222,-0.17601952,0.1484473,-0.98892033,-0.19387737,0.014109382,-0.5108541,-0.09163551,0.05927548,-0.52601886,-0.18981975,0.08618872,-0.33017635,-0.19435465,0.07485351,-0.30154243,-0.17638858,-0.08420956,-0.45052356,-0.11005949,-0.026748143,-0.41384393,-0.21054263,0.008751159,-0.25145715,-0.17628036,-0.0038493308,-0.23655277,-0.13183948,-0.17683192,-0.36805472,-0.13503937,-0.119499795,-0.31717482,-0.1974178,-0.07113094,-0.20931467,-0.17030482,-0.074525915,-0.19545399,-0.1360202
Z,Cristhian,Right,0.0,0.0,0.0,0.12532006,-0.06689693,-0.061846692,0.22698534,-0.22416791,-0.10575467,0.2495828,-0.36471936,-0.15180844,0.1696874,-0.4192384,-0.19702014,0.11855965,-0.5137528,-0.07131447,0.13128164,-0.7379135,-0.13552247,0.14472422,-0.8733295,-0.16161036,0.14545397,-0.98936504,-0.17786731,0.007945543,-0.489329,-0.0824057,0.047373064,-0.55512714,-0.18139307,0.07739137,-0.35953355,-0.18688653,0.07103752,-0.30987057,-0.16739358,-0.08994082,-0.43037003,-0.10095491,-0.04551278,-0.44891286,-0.20414856,-0.005931492,-0.27886975,-0.16902426,-0.011535155,-0.2431628,-0.12073526,-0.18730152,-0.3543037,-0.12461037,-0.14496602,-0.3713069,-0.18690895,-0.09410416,-0.25516003,-0.15419681,-0.09047329,-0.21832506,-0.11501801
Z,Cristhian,Right,0.0,0.0,0.0,0.12820314,-0.06858838,-0.060394585,0.2303356,-0.2316307,-0.09869508,0.24848083,-0.37379733,-0.13734837,0.17026356,-0.4292169,-0.17639586,0.12403175,-0.50601864,-0.075392775,0.13195808,-0.7381025,-0.13626891,0.13962525,-0.8741242,-0.16554736,0.13506727,-0.99083644,-0.18532433,0.014140367,-0.4768981,-0.08466377,0.04181308,-0.55495834,-0.1806163,0.07501262,-0.36652687,-0.19112273,0.07561003,-0.29795685,-0.17747448,-0.08698649,-0.4142424,-0.099897735,-0.055285722,-0.45650053,-0.19753845,-0.013448774,-0.29141632,-0.16529025,-0.012377246,-0.24061653,-0.121059775,-0.19012564,-0.33616513,-0.119785644,-0.15890738,-0.37671676,-0.1775778,-0.10504389,-0.2614651,-0.14367662,-0.09441465,-0.21251109,-0.10525072
Z,Cristhian,Right,0.0,0.0,0.0,0.12476743,-0.080515295,-0.06750552,0.21175095,-0.24083036,-0.11041181,0.22170871,-0.3804601,-0.15272619,0.15025881,-0.43933302,-0.19144168,0.097347625,-0.5342758,-0.075704,0.09232059,-0.7485535,-0.13984835,0.09307891,-0.8813423,-0.16648155,0.08200627,-0.9966318,-0.18463384,-0.014802061,-0.5086009,-0.08120079,0.009900687,-0.5374974,-0.1709279,0.052289195,-0.34737223,-0.17211172,0.052119114,-0.31584114,-0.15294336,-0.10813724,-0.4410207,-0.095408015,-0.07749936,-0.4154887,-0.18593913,-0.02668402,-0.26164657,-0.15096281,-0.026939083,-0.25330114,-0.10841467,-0.19382031,-0.35355106,-0.116829835,-0.15842836,-0.30352777,-0.1725343,-0.10162743,-0.20367652,-0.1465441,-0.09367655,-0.19633822,-0.11483547
Z,Cristhian,Right,0.0,0.0,0.0,0.122659676,-0.0817714,-0.06824161,0.21012436,-0.24255446,-0.11424194,0.22107962,-0.38315973,-0.16018571,0.13599616,-0.43774256,-0.20430695,0.09774194,-0.52922076,-0.07780573,0.090097286,-0.74424356,-0.14343828,0.08811003,-0.8832275,-0.17359026,0.07516188,-0.99717134,-0.1935731,-0.010760085,-0.49664173,-0.08384242,0.011197278,-0.5302474,-0.17894287,0.049636103,-0.34592736,-0.18564375,0.049874466,-0.3075815,-0.16857469,-0.102162495,-0.4266286,-0.0979817,-0.07763436,-0.41454586,-0.19340962,-0.028897574,-0.26580355,-0.16249959,-0.027199807,-0.25106823,-0.12064548,-0.18710811,-0.34066573,-0.118682325,-0.15510958,-0.3110097,-0.17833254,-0.10017769,-0.21072498,-0.15258767,-0.09019207,-0.19630122,-0.11970252
Z,Cristhian,Right,0.0,0.0,0.0,0.10964129,-0.103404626,-0.083503425,0.18629427,-0.2900768,-0.13179928,0.15490368,-0.4296199,-0.17466275,0.058627848,-0.45574468,-0.21117319,0.013252695,-0.54113024,-0.1014534,-0.03291583,-0.7594015,-0.17903402,-0.06000195,-0.8790841,-0.21213225,-0.09726155,-0.99525887,-0.23374872,-0.09887456,-0.48866144,-0.100577496,-0.08307946,-0.4916781,-0.19510195,-0.006522403,-0.3189969,-0.19448009,0.0026857753,-0.3126302,-0.17613241,-0.18208326,-0.39982963,-0.110203065,-0.14945903,-0.3535479,-0.20493707,-0.06744597,-0.22486684,-0.16916327,-0.060094543,-0.23804933,-0.12792362,-0.25292227,-0.29155448,-0.12887368,-0.2063714,-0.22833593,-0.18786749,-0.13196288,-0.14799227,-0.1638055,-0.12418327,-0.15079747,-0.13404724
Z,Cristhian,Right,0.0,0.0,0.0,0.12049801,-0.080446735,-0.068182684,0.21012811,-0.24023268,-0.11500766,0.21787113,-0.38147917,-0.16204105,0.14125058,-0.4343085,-0.20746796,0.08051334,-0.5242111,-0.08318633,0.060532734,-0.7503193,-0.14913014,0.052240554,-0.88475335,-0.17614189,0.033332195,-0.9994443,-0.19314924,-0.02617834,-0.48347124,-0.089361675,-0.006373585,-0.5272138,-0.18729086,0.043328777,-0.34365934,-0.19277623,0.047740478,-0.30484346,-0.17469929,-0.11610963,-0.40891019,-0.10299744,-0.08937095,-0.4046262,-0.20260718,-0.030565344,-0.25305948,-0.16881363,-0.023579754,-0.22857617,-0.12343837,-0.20304303,-0.31710663,-0.12265283,-0.17013693,-0.3029783,-0.18347408,-0.10493621,-0.19862252,-0.15390202,-0.088931754,-0.1708226,-0.11718379
Z,Cristhian,Right,0.0,0.0,0.0,0.1253625,-0.08010438,-0.06324748,0.22900285,-0.2199695,-0.11903497,0.26184052,-0.36099082,-0.17816581,0.18524627,-0.39469633,-0.23466362,0.11841191,-0.5291119,-0.08807755,0.12063525,-0.7365646,-0.16270675,0.12467353,-0.87476677,-0.19617002,0.116976745,-0.9931347,-0.21905656,-0.003800136,-0.52345395,-0.10221899,0.05935573,-0.5006172,-0.2075458,0.09233633,-0.31521547,-0.21572016,0.084094636,-0.28380468,-0.1995284,-0.100217886,-0.46294168,-0.123717055,-0.017508766,-0.36792606,-0.22183499,0.0142138805,-0.22881469,-0.19177563,-0.0002343107,-0.22600855,-0.15173791,-0.18178755,-0.3807577,-0.15277341,-0.10421361,-0.27388072,-0.21096015,-0.06227746,-0.18184115,-0.18983492,-0.06982715,-0.18667552,-0.1609662
Z,Cristhian,Right,0.0,0.0,0.0,0.12163735,-0.087267764,-0.045838956,0.2241924,-0.2150963,-0.09809367,0.272607,-0.33168715,-0.15629928,0.2593754,-0.38475904,-0.21260548,0.09499809,-0.52439415,-0.088487156,0.10761167,-0.7290724,-0.16584355,0.12105129,-0.8730233,-0.21051432,0.12493524,-0.9921649,-0.24102814,-0.015390302,-0.5196231,-0.108090736,0.09052376,-0.48174927,-0.20177326,0.11933137,-0.32651407,-0.2116372,0.10256642,-0.2750758,-0.20459928,-0.10059684,-0.45419517,-0.13298784,0.025586335,-0.35994297,-0.21263887,0.044319723,-0.2481123,-0.18665323,0.018643225,-0.23036331,-0.15745628,-0.16556284,-0.35803533,-0.16482611,-0.05165889,-0.26882654,-0.2085355,-0.03325519,-0.1943125,-0.18801343,-0.06244747,-0.18551968,-0.16474947
Z,Cristhian,Right,0.0,0.0,0.0,0.12898862,-0.07140809,-0.050649878,0.24150084,-0.19064227,-0.09876345,0.33048725,-0.27585253,-0.15198284,0.40995365,-0.33453637,-0.20385371,0.15644519,-0.4947453,-0.07733338,0.18255843,-0.7081004,-0.14804415,0.20368789,-0.85691094,-0.19336101,0.21560624,-0.97648036,-0.22622216,0.06064032,-0.49322507,-0.09212297,0.13264076,-0.4843639,-0.1857479,0.1715458,-0.34564325,-0.2060747,0.17625554,-0.27925426,-0.20704037,-0.025136657,-0.44001198,-0.11295971,0.051145006,-0.37050068,-0.18687004,0.07031588,-0.26244086,-0.16213603,0.05192209,-0.23337826,-0.13537872,-0.10087168,-0.3568535,-0.141701,-0.030147593,-0.28202784,-0.18432029,-0.009869505,-0.21378915,-0.16453554,-0.028327432,-0.20411064,-0.14198153
Z,Cristhian,Right,0.0,0.0,0.0,0.12916416,-0.07129194,-0.08048858,0.232066,-0.23076299,-0.12719217,0.24537377,-0.38215095,-0.1702387,0.16578571,-0.4511914,-0.20933281,0.1251021,-0.5116079,-0.08066504,0.12987946,-0.7338424,-0.14760184,0.1353327,-0.87100106,-0.17105953,0.12897478,-0.9916479,-0.18394479,0.019694958,-0.48108268,-0.082691945,0.043755054,-0.56232136,-0.17818977,0.0721846,-0.35867018,-0.17545055,0.07006763,-0.32048115,-0.14910643,-0.07358605,-0.4225104,-0.09517477,-0.049737133,-0.45469838,-0.19971165,-0.01092888,-0.2799434,-0.16008668,-0.012845166,-0.26447612,-0.107607946,-0.16865401,-0.34944406,-0.114354566,-0.14864899,-0.3784874,-0.17581654,-0.097917676,-0.25956452,-0.13915022,-0.09293187,-0.22977214,-0.09709105
Z,Cristhian,Right,0.0,0.0,0.0,0.12601833,-0.06723844,-0.059117828,0.2285809,-0.22882684,-0.096198685,0.24913234,-0.37209615,-0.13435581,0.1806271,-0.4334553,-0.17178638,0.11714232,-0.50622696,-0.06691072,0.12297264,-0.7396991,-0.12664743,0.12885071,-0.877042,-0.15411545,0.12146069,-0.99259627,-0.17216626,0.020301543,-0.47256687,-0.07607622,0.043840848,-0.5578414,-0.16829173,0.075738095,-0.3729834,-0.17646456,0.07467702,-0.31554452,-0.16162696,-0.06843287,-0.41558975,-0.09181604,-0.046782598,-0.46902213,-0.18662106,-0.0075695636,-0.297014,-0.14947928,-0.008681563,-0.24553505,-0.102512054,-0.16121888,-0.34342968,-0.11267502,-0.13764305,-0.38869828,-0.16893673,-0.09280809,-0.26920772,-0.13243334,-0.08757414,-0.21867658,-0.09221947
Z,Cristhian,Right,0.0,0.0,0.0,0.12790407,-0.06334492,-0.06746467,0.22886862,-0.2082385,-0.11451842,0.24815063,-0.3426098,-0.16260858,0.17611349,-0.4092439,-0.21073781,0.120246574,-0.50834703,-0.08069952,0.11766351,-0.74333054,-0.14359583,0.119277045,-0.8829703,-0.16945691,0.112443745,-0.99365807,-0.18439122,0.014939975,-0.47168487,-0.088295415,0.031616703,-0.5463295,-0.18525295,0.062922336,-0.35759574,-0.1912276,0.071968846,-0.29436404,-0.17185101,-0.07924995,-0.4072769,-0.10308582,-0.06157906,-0.44345146,-0.2024905,-0.017539658,-0.27472386,-0.16728376,-0.0077825407,-0.21976583,-0.118636,-0.17471674,-0.32761675,-0.12350776,-0.16054124,-0.35874358,-0.1833098,-0.1045667,-0.24193923,-0.14917637,-0.086194314,-0.18990055,-0.10833101
Z,Cristhian,Right,0.0,0.0,0.0,0.12632242,-0.07551317,-0.08159321,0.23326723,-0.21888933,-0.14394973,0.2443122,-0.35744858,-0.20612998,0.15570393,-0.39964113,-0.26541966,0.111566134,-0.5300625,-0.10043437,0.10005581,-0.7462346,-0.17886616,0.09226772,-0.8786691,-0.20945928,0.07732062,-0.9970063,-0.2277767,-0.0066429605,-0.50232834,-0.10576565,0.020122604,-0.5140782,-0.21069603,0.06470517,-0.31653035,-0.21080607,0.07168918,-0.30064753,-0.18822058,-0.10352519,-0.4347636,-0.120907284,-0.07237436,-0.39701435,-0.22300239,-0.019068584,-0.23961902,-0.18015195,-0.011714455,-0.23386084,-0.1299984,-0.19652158,-0.3508541,-0.14478134,-0.1628844,-0.3003666,-0.20460336,-0.102196924,-0.19229224,-0.17181635,-0.08644756,-0.17986412,-0.1336389
Z,Cristhian,Right,0.0,0.0,0.0,0.124375,-0.08172683,-0.07690759,0.22109412,-0.22719757,-0.13361673,0.23291546,-0.36249235,-0.18963802,0.1509918,-0.40938964,-0.2422544,0.10445527,-0.5294226,-0.09902689,0.09100727,-0.74530673,-0.17531042,0.08413697,-0.88171035,-0.20604047,0.06883777,-0.99762785,-0.22471845,-0.014175475,-0.5007513,-0.10483803,0.013112076,-0.51388466,-0.21013099,0.058884017,-0.32147974,-0.21314631,0.065983504,-0.29122743,-0.19166179,-0.11022995,-0.43156508,-0.119653255,-0.07239647,-0.3754508,-0.2219477,-0.021188231,-0.22338943,-0.18670551,-0.017597245,-0.2150735,-0.14045092,-0.19720036,-0.34534055,-0.14241354,-0.15721525,-0.2779715,-0.20328586,-0.10165761,-0.17238513,-0.17662862,-0.09494454,-0.16217369,-0.14248027
Z,Cristhian,Right,0.0,0.0,0.0,0.12348877,-0.07737581,-0.075208195,0.21932189,-0.22599265,-0.13055414,0.23222847,-0.36570358,-0.18639295,0.14672278,-0.41257283,-0.24026127,0.101063095,-0.52214634,-0.091567375,0.08433302,-0.7473518,-0.16544013,0.077358894,-0.88243586,-0.19668649,0.0602492,-0.99818337,-0.21609177,-0.010485452,-0.4853375,-0.0977046,0.0027936336,-0.5237314,-0.20226707,0.051456552,-0.33455414,-0.20679466,0.061246693,-0.30005217,-0.18670237,-0.1051073,-0.41427258,-0.112675294,-0.08776257,-0.3960861,-0.21560736,-0.03128588,-0.24213341,-0.17808469,-0.021305753,-0.22412467,-0.12993334,-0.19498123,-0.32797617,-0.13504657,-0.17022848,-0.29628825,-0.19661963,-0.10837054,-0.19108383,-0.16601023,-0.09104091,-0.17193651,-0.12882082
Z,Cristhian,Right,0.0,0.0,0.0,0.12282283,-0.07211082,-0.07571999,0.22524387,-0.2229894,-0.12902269,0.23959407,-0.3631339,-0.1822501,0.15265302,-0.40217477,-0.23341274,0.10321826,-0.5193787,-0.09080773,0.088479176,-0.7438557,-0.16341369,0.0844734,-0.879878,-0.18987788,0.07365413,-0.9972838,-0.20436272,-0.012569694,-0.4896356,-0.0969712,0.010770151,-0.52906764,-0.20376812,0.0543205,-0.33026662,-0.20675014,0.06066791,-0.28841794,-0.1824519,-0.111992985,-0.4233085,-0.112062715,-0.077047,-0.39468187,-0.21854104,-0.027792126,-0.23221092,-0.18210837,-0.025425924,-0.21215054,-0.13120496,-0.20880957,-0.3418172,-0.13415033,-0.17865361,-0.32431993,-0.19470353,-0.12099618,-0.211919,-0.1615656,-0.11240493,-0.18397331,-0.12102874
Z,Cristhian,Right,0.0,0.0,0.0,0.12652843,-0.0712131,-0.06870278,0.22902289,-0.21896476,-0.1253263,0.25518265,-0.36825067,-0.18456039,0.166261,-0.40276483,-0.24174711,0.1106093,-0.5265061,-0.09010571,0.10519117,-0.746188,-0.16433239,0.10590441,-0.8807973,-0.19334053,0.095191464,-0.99545896,-0.21125531,-0.007137002,-0.50238025,-0.10295009,0.03816198,-0.519026,-0.20748568,0.07623161,-0.32192582,-0.20828828,0.07006763,-0.2945527,-0.18556514,-0.10258299,-0.43384603,-0.12403063,-0.04773941,-0.3980435,-0.22620651,-0.003724871,-0.241039,-0.18561052,-0.011686618,-0.22746257,-0.13617207,-0.19158432,-0.34658754,-0.15250102,-0.13867113,-0.29574162,-0.2134438,-0.0819488,-0.19103555,-0.18171921,-0.0770162,-0.17825718,-0.14398639
Z,Cristhian,Right,0.0,0.0,0.0,0.11390649,-0.078630306,-0.0760228,0.21084386,-0.23296937,-0.12846023,0.2127832,-0.37275073,-0.18011938,0.12188709,-0.4193987,-0.22815095,0.096474625,-0.53621334,-0.08705985,0.08237594,-0.7535416,-0.15893267,0.074063316,-0.8834998,-0.18509038,0.05789641,-0.9983226,-0.19922602,-0.016859716,-0.51050836,-0.08990326,0.0027181846,-0.522613,-0.1863717,0.040931236,-0.3285086,-0.18515551,0.040519167,-0.31240782,-0.16087773,-0.1108198,-0.4460639,-0.10230009,-0.086420305,-0.39589614,-0.19938052,-0.03439448,-0.24310634,-0.16210116,-0.030389583,-0.24377862,-0.114399284,-0.20004044,-0.3646648,-0.122295626,-0.1693872,-0.31609523,-0.17668907,-0.11206134,-0.20939612,-0.14369035,-0.10299672,-0.19449595,-0.10449766
Z,Cristhian,Right,0.0,0.0,0.0,0.12858175,-0.066310786,-0.060719293,0.2401464,-0.20395596,-0.10518039,0.2659484,-0.32939535,-0.15192367,0.19711521,-0.38632637,-0.19901496,0.11990749,-0.50548536,-0.08270434,0.12718998,-0.7322949,-0.14970395,0.13408594,-0.86844784,-0.18721066,0.1310528,-0.9913754,-0.21346413,0.009726698,-0.4877195,-0.09260541,0.054252286,-0.5053516,-0.18779054,0.08568201,-0.34308288,-0.20533898,0.08392263,-0.29059064,-0.20041473,-0.08468072,-0.4270265,-0.10830402,-0.03257313,-0.39814407,-0.19648997,0.004425676,-0.26113203,-0.17209882,0.0031066078,-0.22858565,-0.13866116,-0.16956829,-0.34850678,-0.13043906,-0.11545586,-0.3182134,-0.18158637,-0.06797854,-0.22226672,-0.15591042,-0.059552647,-0.19421463,-0.1254406
Z,Cristhian,Right,0.0,0.0,0.0,0.13706914,-0.06420354,-0.07150935,0.24658939,-0.19411367,-0.12882093,0.27714762,-0.32074365,-0.18752639,0.20890464,-0.36768198,-0.2440758,0.13865025,-0.5209545,-0.0941602,0.15149978,-0.72928566,-0.1728783,0.16542034,-0.8706997,-0.21231455,0.16751206,-0.98587,-0.2383632,0.018455468,-0.5164238,-0.104506455,0.08911176,-0.5031697,-0.21979289,0.118125685,-0.32101163,-0.23886162,0.11062052,-0.26862773,-0.22698379,-0.078820944,-0.46079648,-0.12263989,0.010353719,-0.3636944,-0.22744438,0.036193516,-0.22415836,-0.20699508,0.02098938,-0.21019481,-0.17007378,-0.16173136,-0.38350555,-0.14858434,-0.07917532,-0.27630624,-0.21075214,-0.039928287,-0.1833131,-0.19519073,-0.04566481,-0.1843496,-0.168634
Z,Cristhian,Right,0.0,0.0,0.0,0.12818192,-0.07067358,-0.06550207,0.2400387,-0.21318278,-0.11625103,0.27269366,-0.35588413,-0.1696107,0.20357901,-0.38548347,-0.2228275,0.14012958,-0.5159707,-0.08308242,0.1491546,-0.73365337,-0.15001237,0.15582001,-0.8686539,-0.18218914,0.15177636,-0.9884149,-0.20459008,0.025236344,-0.50055075,-0.09365544,0.073845446,-0.52262396,-0.19089645,0.1022645,-0.33935466,-0.20087236,0.097756915,-0.29600158,-0.187408,-0.07326548,-0.44357666,-0.110816106,-0.020280425,-0.418418,-0.20305762,0.016615309,-0.2683133,-0.17094801,0.0138359135,-0.2399564,-0.12971297,-0.16498385,-0.36755657,-0.13505428,-0.1104179,-0.3340348,-0.18869182,-0.06113574,-0.22880076,-0.15928902,-0.05348604,-0.20247726,-0.12462147
Z,Cristhian,Right,0.0,0.0,0.0,0.12625188,-0.07632697,-0.08640694,0.23178676,-0.21171458,-0.15474439,0.25345448,-0.3416183,-0.22290789,0.17038327,-0.3931939,-0.2873022,0.120269984,-0.5267193,-0.104620434,0.11106428,-0.7443667,-0.18687457,0.106957555,-0.8797412,-0.21526551,0.09602827,-0.9953786,-0.23008446,-0.0015955485,-0.49868146,-0.110510364,0.02763523,-0.52919,-0.22580555,0.06495379,-0.32055297,-0.22526537,0.06766749,-0.29731712,-0.1974752,-0.10229957,-0.43669224,-0.12712069,-0.06762951,-0.40449145,-0.24006248,-0.021517375,-0.23583981,-0.19587097,-0.020298015,-0.2286929,-0.13987842,-0.20135121,-0.3618021,-0.15228717,-0.16756055,-0.3240451,-0.21762417,-0.11049099,-0.20667844,-0.18254852,-0.100404084,-0.19163857,-0.14030327
Z,Cristhian,Right,0.0,0.0,0.0,0.120892294,-0.06668814,-0.07835732,0.22267482,-0.21435913,-0.13190036,0.23838381,-0.35618383,-0.18634392,0.15325406,-0.40327656,-0.23798504,0.11386077,-0.514104,-0.08975184,0.10457518,-0.744984,-0.16181292,0.09984146,-0.8811406,-0.18428455,0.090266064,-0.9959177,-0.19365235,0.001638753,-0.47994798,-0.09311643,0.016366685,-0.52215874,-0.2011187,0.050735317,-0.3235895,-0.20019981,0.061019212,-0.28399688,-0.17205891,-0.09763471,-0.41896236,-0.10687213,-0.080383405,-0.4142488,-0.21797733,-0.035273414,-0.24875593,-0.18202515,-0.02652923,-0.22239695,-0.12809764,-0.19583449,-0.35018826,-0.12717228,-0.18760882,-0.39466286,-0.18979979,-0.14494689,-0.29844528,-0.15763123,-0.14121175,-0.26703078,-0.11597775
Z,Cristhian,Right,0.0,0.0,0.0,0.12148082,-0.082316115,-0.07295598,0.2201839,-0.21394521,-0.13547482,0.24801262,-0.34485778,-0.19979715,0.17353109,-0.39777926,-0.26177734,0.10774331,-0.52849174,-0.09117619,0.10560355,-0.7421572,-0.16332038,0.10618451,-0.88269025,-0.19149269,0.09754301,-0.99523133,-0.2081224,-0.009660636,-0.5019529,-0.10093316,0.02510405,-0.52543914,-0.20246525,0.06040595,-0.32621804,-0.20327929,0.058219764,-0.29273555,-0.18053891,-0.1070195,-0.43566993,-0.11906039,-0.06359651,-0.41187865,-0.22109771,-0.01994283,-0.2518772,-0.18071517,-0.023208577,-0.23224197,-0.13034004,-0.19960545,-0.35161057,-0.144332,-0.16174008,-0.32522935,-0.20524454,-0.10503875,-0.21761319,-0.17120454,-0.09647628,-0.19778667,-0.13074823
Z,Cristhian,Right,0.0,0.0,0.0,0.12453799,-0.08281468,-0.07119548,0.23030318,-0.21827385,-0.1296356,0.25823647,-0.3534646,-0.19004756,0.17401582,-0.40440398,-0.24777596,0.11650745,-0.5299925,-0.08127541,0.116671965,-0.7394625,-0.15156265,0.12006391,-0.87886864,-0.17824003,0.113480866,-0.99354017,-0.19338548,0.00023763788,-0.50583434,-0.09005914,0.035336256,-0.5255332,-0.18522137,0.06888763,-0.327285,-0.1830429,0.06476304,-0.30298322,-0.158792,-0.097210355,-0.44130674,-0.10800838,-0.059177883,-0.41747576,-0.20629224,-0.016864542,-0.25746897,-0.16506654,-0.020648226,-0.24720828,-0.1147742,-0.19145162,-0.35875803,-0.13300724,-0.15620495,-0.33104214,-0.19066305,-0.10139765,-0.22509246,-0.15543042,-0.093744874,-0.21003194,-0.1145981
Z,Cristhian,Right,0.0,0.0,0.0,0.12304602,-0.07316415,-0.07313756,0.2177529,-0.21903695,-0.12702829,0.23692979,-0.35525727,-0.18138704,0.16160665,-0.41755947,-0.23269665,0.10610166,-0.52328926,-0.08360048,0.1008313,-0.7421078,-0.15612566,0.10160837,-0.8802594,-0.18411195,0.09553793,-0.99542576,-0.19997662,-0.006525227,-0.49258512,-0.091311485,0.02305323,-0.5272577,-0.19116898,0.053464275,-0.3278704,-0.1903432,0.052983157,-0.30123857,-0.16665801,-0.10369595,-0.42774826,-0.10899026,-0.0676498,-0.42187294,-0.21120042,-0.029058907,-0.26107243,-0.16961011,-0.030400487,-0.2530971,-0.11885134,-0.19756989,-0.34552684,-0.13370824,-0.16979943,-0.34619004,-0.19409725,-0.11749121,-0.23554978,-0.15744899,-0.10767971,-0.21525787,-0.115790516
Z,Cristhian,Right,0.0,0.0,0.0,0.114467256,-0.06914803,-0.08026964,0.21115199,-0.2102499,-0.13546789,0.23594384,-0.34127954,-0.19007146,0.16636226,-0.42122018,-0.24104536,0.112486176,-0.51996136,-0.0889728,0.108839944,-0.7392737,-0.16397226,0.104151376,-0.8781142,-0.18969442,0.09444769,-0.99552983,-0.2012361,-0.002408589,-0.48921895,-0.09101295,0.013763725,-0.546743,-0.19574699,0.04393459,-0.3412543,-0.19355464,0.052178938,-0.303683,-0.16485013,-0.10476871,-0.43109986,-0.1037605,-0.083599955,-0.4345701,-0.2131861,-0.04210919,-0.2617368,-0.17242333,-0.034687143,-0.23872809,-0.1161048,-0.2054273,-0.3601841,-0.12316261,-0.18975359,-0.3958443,-0.18551876,-0.140207,-0.28222123,-0.14751105,-0.12975754,-0.24731463,-0.10151473
Z,Cristhian,Right,0.0,0.0,0.0,0.12305,-0.06687749,-0.08638964,0.2299962,-0.20490484,-0.15281156,0.24192065,-0.33795142,-0.21846989,0.1500165,-0.38096246,-0.28183737,0.11382248,-0.5188329,-0.1076573,0.108417906,-0.73522896,-0.19059275,0.1063337,-0.87543523,-0.22274336,0.09883774,-0.99510354,-0.24042222,-0.0052683786,-0.48804003,-0.112324476,0.020705538,-0.51324606,-0.2287533,0.056758113,-0.31005433,-0.2318185,0.06122571,-0.28201917,-0.20686828,-0.10477735,-0.42610785,-0.12704268,-0.077440344,-0.39509058,-0.240396,-0.033512205,-0.2307882,-0.19833884,-0.029770706,-0.22248214,-0.14376281,-0.20406081,-0.3527229,-0.14991751,-0.18132582,-0.3338425,-0.21516126,-0.12447765,-0.2194527,-0.17931278,-0.10893923,-0.20192276,-0.13657033
Z,Cristhian,Right,0.0,0.0,0.0,0.12103998,-0.06734977,-0.10601841,0.22917055,-0.19543892,-0.18399057,0.24171185,-0.319482,-0.25824714,0.14927508,-0.37200087,-0.32880998,0.11499317,-0.51301104,-0.12990412,0.10725709,-0.7276978,-0.2233064,0.101817094,-0.87248117,-0.25837344,0.092372276,-0.99572456,-0.27522883,-0.004775909,-0.4808572,-0.12618187,0.014475871,-0.4923422,-0.24697001,0.048147194,-0.29075682,-0.24514553,0.05514255,-0.27679542,-0.21550138,-0.10499985,-0.41882136,-0.13554521,-0.08524359,-0.38347334,-0.25629926,-0.040392797,-0.22523482,-0.21486793,-0.033380795,-0.2312363,-0.15891802,-0.2032373,-0.34883952,-0.15450074,-0.18199629,-0.3332469,-0.22575647,-0.13028358,-0.22343677,-0.19277205,-0.12105904,-0.20874806,-0.15092902
Z,Cristhian,Right,0.0,0.0,0.0,0.12041815,-0.06055702,-0.121759914,0.22554758,-0.18101588,-0.20988867,0.24536416,-0.3021242,-0.2926646,0.16063586,-0.36865115,-0.36993808,0.12285702,-0.5108248,-0.1414625,0.112899505,-0.7311106,-0.24408683,0.10742189,-0.8732077,-0.28096697,0.098536976,-0.9951334,-0.29710194,0.004266444,-0.47484607,-0.13264465,0.012620157,-0.4953611,-0.2664091,0.04727577,-0.2860991,-0.2638319,0.06140239,-0.27719235,-0.23000182,-0.094805606,-0.41564694,-0.13949548,-0.09197956,-0.39073336,-0.2689459,-0.04245333,-0.22305638,-0.22074513,-0.024270203,-0.22965822,-0.15793663,-0.19272149,-0.3506844,-0.1579147,-0.18256316,-0.32472962,-0.23297393,-0.12868534,-0.20766684,-0.19785973,-0.10881647,-0.19433294,-0.1532485
Z,Cristhian,Right,0.0,0.0,0.0,0.1142006,-0.07216923,-0.10976992,0.21903479,-0.2087451,-0.18577912,0.22311759,-0.33909738,-0.256333,0.11920992,-0.3802203,-0.3224562,0.1111614,-0.5283979,-0.1268998,0.097620286,-0.7406216,-0.22182517,0.08726796,-0.8776231,-0.26108244,0.07016703,-0.9975352,-0.2807786,-0.0074065137,-0.4963577,-0.119627215,-0.0018038687,-0.5098771,-0.24285169,0.036307238,-0.30343905,-0.2448021,0.047473084,-0.28305453,-0.21586432,-0.1061011,-0.43500578,-0.12584144,-0.10635955,-0.40002748,-0.24544561,-0.049513105,-0.2362117,-0.20540343,-0.02880673,-0.23508699,-0.14981605,-0.19978522,-0.36180487,-0.14224729,-0.1904272,-0.32113388,-0.21040136,-0.12971085,-0.20934385,-0.17738451,-0.104386225,-0.19720776,-0.13525476
Z,Cristhian,Right,0.0,0.0,0.0,0.11501777,-0.06600069,-0.101576075,0.21902925,-0.20307009,-0.17161393,0.21959767,-0.33922684,-0.23733301,0.12505917,-0.3959431,-0.29886287,0.11091356,-0.5142251,-0.11658057,0.10391672,-0.7337626,-0.20495585,0.09869743,-0.8766532,-0.23977275,0.08850607,-0.99607563,-0.2577684,-0.007857748,-0.4881635,-0.1121204,-0.00799434,-0.5171781,-0.22871639,0.026399925,-0.31340757,-0.22773096,0.04167812,-0.28374708,-0.19816862,-0.10742199,-0.42886686,-0.1202297,-0.10717248,-0.40512753,-0.23452634,-0.055543523,-0.23848121,-0.19037467,-0.033752337,-0.22859317,-0.13298057,-0.20187148,-0.35191205,-0.13811281,-0.19366148,-0.3200157,-0.20479383,-0.13645633,-0.20957352,-0.1702361,-0.112078175,-0.19602533,-0.12697911
Z,Cristhian,Right,0.0,0.0,0.0,0.10969879,-0.069603205,-0.09420374,0.21686986,-0.20806794,-0.16209914,0.20801128,-0.34197158,-0.2263044,0.11022479,-0.38699093,-0.28752258,0.10493934,-0.5146977,-0.117254,0.10052512,-0.7330491,-0.20091608,0.097071946,-0.8753805,-0.23511279,0.08401437,-0.99646455,-0.25402617,-0.01397936,-0.4928848,-0.113511294,-0.00898737,-0.4936419,-0.2195181,0.026839197,-0.29603928,-0.21797673,0.03408405,-0.27630225,-0.19261548,-0.11162006,-0.4337423,-0.120312974,-0.10481948,-0.38680065,-0.22565235,-0.05151592,-0.22977783,-0.18394011,-0.0369098,-0.22603254,-0.13219078,-0.20482841,-0.35875955,-0.13603663,-0.18836495,-0.3152218,-0.19747102,-0.13280404,-0.20743087,-0.1633786,-0.11578612,-0.19555458,-0.1223611
Z,Cristhian,Right,0.0,0.0,0.0,0.11535367,-0.07431717,-0.08773858,0.2125262,-0.21754146,-0.14978191,0.21449324,-0.33787337,-0.21035537,0.1269715,-0.37098303,-0.27093548,0.09325063,-0.5209168,-0.106531106,0.0918285,-0.7361756,-0.18218277,0.08686169,-0.8828742,-0.21777384,0.074023,-0.9972565,-0.23918119,-0.020188408,-0.49151555,-0.10543383,-0.017567918,-0.49395895,-0.20946041,0.019715436,-0.31048182,-0.21664621,0.03554645,-0.26864457,-0.19810107,-0.11609664,-0.42536694,-0.11339086,-0.113413,-0.3884378,-0.21349183,-0.061259225,-0.24048452,-0.178491,-0.038652748,-0.218917,-0.13202119,-0.20583147,-0.34361762,-0.12991992,-0.1967769,-0.3158797,-0.18691853,-0.14101349,-0.21216953,-0.15355809,-0.115066476,-0.18918295,-0.11393893
Z,Cristhian,Right,0.0,0.0,0.0,0.12153009,-0.06589761,-0.10217902,0.22599564,-0.1885878,-0.18102683,0.24299523,-0.3145431,-0.25707543,0.15589377,-0.36440384,-0.33005658,0.12386063,-0.5151582,-0.1285438,0.12009172,-0.7298298,-0.22073549,0.11740252,-0.87340987,-0.25764394,0.10842371,-0.99410474,-0.27739036,0.0015390206,-0.48875627,-0.12746242,0.022923216,-0.49908823,-0.24995723,0.05503164,-0.29760596,-0.2526926,0.0605179,-0.2790939,-0.22630155,-0.10102127,-0.4285514,-0.1380986,-0.075746715,-0.38137215,-0.25519836,-0.03220245,-0.22343765,-0.21357045,-0.025293145,-0.22605479,-0.15899983,-0.20073482,-0.35750628,-0.15861046,-0.17486247,-0.31195185,-0.22707707,-0.12203853,-0.20073968,-0.19476302,-0.10867577,-0.19440097,-0.15410559
Z,Cristhian,Right,0.0,0.0,0.0,0.12205446,-0.069598064,-0.076731354,0.22983131,-0.19804877,-0.13873841,0.24874839,-0.33047262,-0.20115688,0.16507688,-0.37416458,-0.2623811,0.12413594,-0.5099086,-0.10246306,0.12372888,-0.73121667,-0.1789978,0.12433143,-0.8736804,-0.21137151,0.11699688,-0.9931323,-0.23146336,0.004797056,-0.48906863,-0.110196285,0.02573802,-0.5050059,-0.21643686,0.059172,-0.3131372,-0.22096662,0.06671122,-0.27637634,-0.2010151,-0.097012356,-0.4253702,-0.12611291,-0.07374094,-0.38264415,-0.22593169,-0.02915302,-0.23137176,-0.18636477,-0.020147242,-0.21680231,-0.13828836,-0.1928398,-0.3441562,-0.14994685,-0.17070435,-0.29455164,-0.2051764,-0.11749169,-0.18955506,-0.17083296,-0.10327794,-0.17746334,-0.13201107
Z,Cristhian,Right,0.0,0.0,0.0,0.12782095,-0.06534239,-0.091393255,0.24020116,-0.18363225,-0.16628689,0.2652438,-0.31756088,-0.24001016,0.17369929,-0.3735548,-0.30962056,0.13795978,-0.50667053,-0.11947679,0.13414831,-0.7324148,-0.2093795,0.13417685,-0.8698723,-0.2427207,0.124623105,-0.9922041,-0.2604725,0.015254795,-0.4818869,-0.12302738,0.03664622,-0.5058173,-0.24158847,0.06847007,-0.29752627,-0.2399479,0.07149152,-0.28563172,-0.21226925,-0.086189315,-0.4180685,-0.1372566,-0.05754641,-0.3887712,-0.2508362,-0.0138840685,-0.22428209,-0.20330405,-0.010683068,-0.22828874,-0.14679402,-0.18406661,-0.3416574,-0.16053386,-0.15514092,-0.28593427,-0.22723652,-0.10071985,-0.17907779,-0.19295517,-0.09008071,-0.18208157,-0.15209323
Z,Cristhian,Right,0.0,0.0,0.0,0.1189261,-0.0614861,-0.11732,0.22453547,-0.18744028,-0.19876572,0.23759913,-0.3181553,-0.2733885,0.14510359,-0.37031588,-0.34151432,0.1185245,-0.51384324,-0.13970919,0.110141814,-0.7322271,-0.23933001,0.10363634,-0.86837244,-0.2747766,0.09199332,-0.9957596,-0.29119468,-0.00080310524,-0.4852005,-0.13094024,0.013755859,-0.49396214,-0.25718507,0.04881806,-0.28725126,-0.25299263,0.05590943,-0.2898279,-0.22031604,-0.099269964,-0.42717263,-0.13698453,-0.086781316,-0.37753314,-0.26014358,-0.037414644,-0.21536222,-0.21463528,-0.027060982,-0.23568812,-0.15602896,-0.19393277,-0.36101016,-0.15427776,-0.17751281,-0.30218723,-0.2245416,-0.12130789,-0.1895052,-0.19115494,-0.10646685,-0.1875504,-0.14919887
Z,Cristhian,Right,0.0,0.0,0.0,0.113737375,-0.073586024,-0.08583556,0.21350817,-0.20573533,-0.15066856,0.2194567,-0.32504264,-0.21459693,0.13166408,-0.3702741,-0.27648517,0.110330015,-0.5167811,-0.10496473,0.10700075,-0.73455715,-0.18543316,0.10529948,-0.8790663,-0.21970873,0.09547399,-0.9954319,-0.23863617,-0.007174424,-0.48638362,-0.10588025,0.0033233517,-0.5068993,-0.21404521,0.034225076,-0.30984983,-0.2157947,0.043288503,-0.27462092,-0.19121061,-0.10490054,-0.42561844,-0.1170952,-0.09505949,-0.40042788,-0.22223909,-0.046619933,-0.24133821,-0.18333781,-0.030682798,-0.22591195,-0.13231365,-0.19597806,-0.34978905,-0.13660322,-0.17864572,-0.32121164,-0.195301,-0.12483589,-0.21267337,-0.16138218,-0.104668595,-0.19463117,-0.12099331
Z,Cristhian,Right,0.0,0.0,0.0,0.10568883,-0.07687549,-0.1035169,0.19212894,-0.23052776,-0.16651495,0.15795045,-0.35807136,-0.22294071,0.046166502,-0.40135345,-0.27517393,0.0667726,-0.5235341,-0.11460186,0.040622637,-0.74752754,-0.19341312,0.01787486,-0.88336444,-0.22877456,-0.009798697,-0.999952,-0.24982174,-0.038122457,-0.48490337,-0.10543058,-0.05928125,-0.5027979,-0.21392171,-0.013509928,-0.33119702,-0.2227215,0.014525251,-0.2980789,-0.20449981,-0.1253134,-0.4176446,-0.10757959,-0.14446205,-0.39122987,-0.20960253,-0.08348782,-0.25285676,-0.17581518,-0.0500351,-0.24205357,-0.13019156,-0.20406708,-0.33419964,-0.120207146,-0.20779826,-0.3079023,-0.1794398,-0.14999092,-0.21282658,-0.15069662,-0.11850069,-0.1974113,-0.11417551
Z,Cristhian,Right,0.0,0.0,0.0,0.11612968,-0.07964494,-0.08018191,0.20889173,-0.24883802,-0.1270964,0.16978088,-0.37933224,-0.17024226,0.058504116,-0.41578338,-0.21289316,0.08082114,-0.5485958,-0.084611475,0.057755318,-0.76394844,-0.14547251,0.02981913,-0.8899312,-0.18207784,0.0023538389,-0.99999726,-0.20788005,-0.024949154,-0.51113075,-0.083873585,-0.031095935,-0.54596806,-0.18139651,0.010812643,-0.3912361,-0.20970911,0.036342323,-0.3132373,-0.2090806,-0.114555515,-0.43724942,-0.08941531,-0.11102987,-0.46255687,-0.18433805,-0.05719897,-0.31659678,-0.16970174,-0.03282719,-0.2513965,-0.13807693,-0.19674225,-0.34177673,-0.10164438,-0.18128684,-0.3762643,-0.16511749,-0.12169474,-0.2743332,-0.1459862,-0.09002344,-0.22091235,-0.11593034
Z,Cristhian,Right,0.0,0.0,0.0,0.12788193,-0.07952445,-0.058121387,0.23046105,-0.24514873,-0.09536216,0.26219946,-0.39971733,-0.13270709,0.20599926,-0.47667992,-0.16813447,0.1192517,-0.52321064,-0.0623519,0.14125893,-0.7381591,-0.120086856,0.1602538,-0.87142724,-0.14486787,0.1621606,-0.9867644,-0.16135028,0.01861461,-0.5123345,-0.07250095,0.09503547,-0.60279936,-0.16343968,0.12394868,-0.40667456,-0.1697698,0.09841173,-0.33935153,-0.1511204,-0.06802285,-0.4659621,-0.089577645,0.017627986,-0.49198207,-0.1893284,0.045149524,-0.3171779,-0.16179477,0.013326817,-0.27786362,-0.11839446,-0.15126894,-0.3972758,-0.11081903,-0.06982479,-0.4176819,-0.17372073,-0.031341586,-0.30005613,-0.1465413,-0.05598875,-0.2636956,-0.111573525
Z,Cristhian,Right,0.0,0.0,0.0,0.12068797,-0.11956682,-0.031286463,0.1933494,-0.30334994,-0.06710358,0.21429862,-0.4632051,-0.11045156,0.15744184,-0.5220013,-0.15167913,0.042068616,-0.56043404,-0.037369248,0.0535951,-0.74832255,-0.092368595,0.06935352,-0.8843035,-0.119572245,0.068308234,-0.9976643,-0.14055203,-0.044231534,-0.5444926,-0.061735082,0.08106728,-0.62513024,-0.14426708,0.12769534,-0.4529087,-0.14907867,0.0902646,-0.39148572,-0.13517886,-0.10326585,-0.49174556,-0.09201389,0.04560515,-0.52282506,-0.1813045,0.07734668,-0.36443597,-0.15602641,0.025548145,-0.3234117,-0.12101201,-0.14614399,-0.41208735,-0.12548812,-0.0076003745,-0.42242563,-0.1845433,0.01915515,-0.31454945,-0.16653214,-0.030741222,-0.28043377,-0.1423205
Z,Cristhian,Right,0.0,0.0,0.0,0.11094203,-0.11612838,-0.04411663,0.18098634,-0.28714752,-0.087505825,0.20757055,-0.44085917,-0.13542767,0.1613597,-0.51572263,-0.1815629,0.042725626,-0.5504685,-0.055443328,0.05375192,-0.7473364,-0.11408583,0.06882185,-0.8849242,-0.14316383,0.06816001,-0.9976744,-0.16425191,-0.052055176,-0.5231506,-0.07430422,0.05156505,-0.60371596,-0.15503292,0.09931832,-0.42501727,-0.15695618,0.068196796,-0.36797133,-0.14236645,-0.12118904,-0.46106505,-0.09977545,0.0014753541,-0.49762022,-0.18608397,0.038146757,-0.34538412,-0.1548184,-0.0065769637,-0.3085135,-0.11760931,-0.177488,-0.37340498,-0.12972705,-0.06283387,-0.40333676,-0.18737149,-0.029009538,-0.30009988,-0.16266513,-0.07190504,-0.26391637,-0.1338339
Z,Cristhian,Right,0.0,0.0,0.0,0.13429675,-0.14818574,-0.023131512,0.1827432,-0.29952925,-0.061130837,0.19861244,-0.41396594,-0.10991313,0.19535552,-0.494121,-0.15574154,0.0013279512,-0.5670882,-0.034378167,0.02262871,-0.75543493,-0.09503759,0.04145784,-0.8861017,-0.13494381,0.053761575,-0.9985538,-0.16438404,-0.06447866,-0.54173774,-0.064242825,0.11497625,-0.59591794,-0.15252957,0.14487217,-0.45838398,-0.17229018,0.108242586,-0.38800997,-0.17100468,-0.094078526,-0.47324115,-0.09891499,0.09686163,-0.48574984,-0.1772767,0.11119745,-0.36301124,-0.15935859,0.07213992,-0.316956,-0.13365899,-0.097272374,-0.38272887,-0.1380629,0.061228167,-0.3826457,-0.18177153,0.07384992,-0.2964669,-0.16428035,0.03705468,-0.26259223,-0.14317103
Z,Cristhian,Right,0.0,0.0,0.0,-0.08773341,-0.16231413,0.010425566,-0.12333672,-0.35032716,-0.017723817,-0.07348639,-0.47931898,-0.05536751,0.0078177005,-0.53384185,-0.09368774,-0.16997598,-0.46079195,-0.06239884,-0.17100386,-0.714428,-0.108224556,-0.17135188,-0.86304736,-0.13151304,-0.17008658,-0.9854291,-0.14977863,-0.11044726,-0.46232677,-0.09820896,0.04380787,-0.6162598,-0.15285791,0.06897361,-0.52663636,-0.1516742,0.04123819,-0.461821,-0.14466178,-0.023107775,-0.43334815,-0.13028076,0.12635893,-0.52837825,-0.16331977,0.12896356,-0.44395626,-0.13126615,0.09304368,-0.39556178,-0.10876782,0.07069027,-0.39197937,-0.1640616,0.18817626,-0.4584061,-0.16974522,0.18387456,-0.37748557,-0.13701414,0.14915194,-0.33025366,-0.11281933
Z,Cristhian,Right,0.0,0.0,0.0,-0.15068227,-0.1184499,0.012660445,-0.22468007,-0.2845015,-0.0008571754,-0.21647853,-0.4225652,-0.017669225,-0.17367518,-0.4794298,-0.038328916,-0.16059703,-0.4711422,-0.07549567,-0.16236086,-0.72235596,-0.09486802,-0.15953185,-0.87635046,-0.104904145,-0.15644017,-0.9876874,-0.11460729,-0.04357605,-0.5033332,-0.09026476,-0.0298933,-0.50389093,-0.0970163,-0.040048882,-0.43536648,-0.081568,-0.047555987,-0.37210348,-0.07619926,0.065140344,-0.46351308,-0.09674915,0.045067895,-0.4318949,-0.096391544,0.037193816,-0.3794472,-0.06975865,0.030780777,-0.32064083,-0.05860905,0.15264378,-0.4077358,-0.10233493,0.13657786,-0.38470444,-0.08903056,0.11944554,-0.33282885,-0.05656665,0.10660731,-0.28029078,-0.033558093
Z,Cristhian,Right,0.0,0.0,0.0,-0.16395326,-0.10591379,0.022257267,-0.26221803,-0.2756444,0.023827344,-0.28114682,-0.42299113,0.020664053,-0.25172347,-0.48210105,0.013667495,-0.16371971,-0.51434624,-0.033645008,-0.16637275,-0.7424932,-0.031935066,-0.17298497,-0.88286203,-0.030263115,-0.18006961,-0.98365384,-0.03316647,-0.036595233,-0.5433672,-0.048193086,-0.052158345,-0.51335657,-0.03649817,-0.06820486,-0.43226555,-0.019334588,-0.07065095,-0.36378384,-0.0129382,0.07094132,-0.49115238,-0.055049945,0.027900912,-0.44052425,-0.044363454,0.013301072,-0.3745234,-0.02453606,0.011500947,-0.31234998,-0.017455073,0.14827017,-0.4213977,-0.059566345,0.11340668,-0.38614863,-0.03841157,0.09330736,-0.3309623,-0.009119412,0.08745418,-0.27637872,0.011503324
Z,Cristhian,Right,0.0,0.0,0.0,-0.054600015,-0.19047305,0.031136714,-0.045869652,-0.3800386,0.019142732,0.019962367,-0.47751158,-0.0061833016,0.09746626,-0.50970936,-0.032240104,-0.07461568,-0.5265507,-0.017040117,-0.037162166,-0.7523617,-0.04334058,-0.01683076,-0.88902485,-0.059088077,-0.0010062063,-0.9999995,-0.07387132,-0.0076460065,-0.5173701,-0.05640822,0.14251678,-0.5903414,-0.0873302,0.14967078,-0.5000903,-0.0873796,0.11409345,-0.44428518,-0.08558031,0.0746504,-0.46605211,-0.09098345,0.20502304,-0.4949484,-0.10336565,0.1919427,-0.41134107,-0.07655904,0.14944027,-0.37085965,-0.0624512,0.15670852,-0.40047055,-0.12599295,0.25748208,-0.41186514,-0.11602052,0.23863614,-0.33315763,-0.08404813,0.1961661,-0.29514533,-0.063191995
Z,Cristhian,Right,0.0,0.0,0.0,0.12103019,-0.11371079,-0.028376428,0.19650309,-0.26008067,-0.0692761,0.23796889,-0.37687993,-0.11948575,0.21902859,-0.43400228,-0.16857591,0.05208405,-0.5501796,-0.04829578,0.06687505,-0.7465081,-0.11068679,0.08495351,-0.8847857,-0.14379413,0.09176605,-0.9957806,-0.16721223,-0.03884476,-0.5329814,-0.075304,0.10198758,-0.56712407,-0.16131523,0.13667555,-0.39246324,-0.16795556,0.099207535,-0.33702758,-0.15610422,-0.101036124,-0.4740427,-0.10750635,0.053835787,-0.45646697,-0.19328819,0.06863265,-0.30751833,-0.1672618,0.01707246,-0.2796222,-0.13327931,-0.14944226,-0.3873846,-0.14344653,-0.017951662,-0.37030765,-0.1957809,0.00033579324,-0.26898846,-0.17330806,-0.04639534,-0.24516794,-0.1461829
Z,Cristhian,Right,0.0,0.0,0.0,0.11757079,-0.08585222,-0.0637658,0.2043079,-0.24155664,-0.11128895,0.2275178,-0.3798572,-0.15912318,0.1573323,-0.4282094,-0.20371975,0.093981154,-0.5302407,-0.08179277,0.08964934,-0.74877155,-0.14974944,0.090400085,-0.88534147,-0.17707428,0.077691816,-0.99697745,-0.19335502,-0.016321128,-0.501342,-0.091492385,0.026682135,-0.5557605,-0.18635374,0.066984914,-0.35777292,-0.18577677,0.05495745,-0.31746358,-0.16275845,-0.10735595,-0.43784776,-0.10901128,-0.055406418,-0.43718743,-0.20581861,-0.010372428,-0.28003865,-0.16987485,-0.027302004,-0.26175764,-0.12309684,-0.19272509,-0.35559043,-0.13242573,-0.14182404,-0.35122424,-0.18933779,-0.09179591,-0.24927363,-0.15693429,-0.10429788,-0.22566848,-0.119041555
Z,Cristhian,Right,0.0,0.0,0.0,0.11832902,-0.08225051,-0.07397299,0.20902623,-0.25071925,-0.11917541,0.20802027,-0.39406022,-0.16268468,0.11248828,-0.44140846,-0.202733,0.090351015,-0.5316113,-0.075367846,0.07914895,-0.75066507,-0.1442188,0.072186574,-0.8839155,-0.17424645,0.053904872,-0.99854606,-0.19345275,-0.013500877,-0.48901948,-0.07941773,-0.023332054,-0.5502722,-0.17676826,0.024749529,-0.3569862,-0.18095593,0.03801043,-0.32329935,-0.16140813,-0.102615185,-0.4171526,-0.09299755,-0.11309514,-0.43846515,-0.19258504,-0.050104283,-0.27489614,-0.1533578,-0.033772063,-0.25391597,-0.10431154,-0.1894214,-0.32812914,-0.11362651,-0.1894804,-0.33934385,-0.17478187,-0.12705024,-0.23226576,-0.14130794,-0.10720972,-0.20680532,-0.102123775
Z,Cristhian,Right,0.0,0.0,0.0,0.10609541,-0.08723503,-0.10601627,0.18791127,-0.24549279,-0.1659619,0.14172238,-0.3563327,-0.21777949,0.034033686,-0.385611,-0.2669801,0.056806516,-0.529334,-0.11478548,0.034242656,-0.7525369,-0.18806173,0.01106534,-0.8907155,-0.22567405,-0.019563606,-0.9998086,-0.25058132,-0.040963177,-0.47632346,-0.104266346,-0.07995293,-0.5150941,-0.21979111,-0.031990238,-0.35075727,-0.2428812,0.005390228,-0.2885395,-0.23266314,-0.12135911,-0.39866027,-0.10360006,-0.15123245,-0.3860677,-0.21318632,-0.08643159,-0.24853222,-0.19432515,-0.04580246,-0.21722491,-0.15511617,-0.19346315,-0.30863225,-0.112152055,-0.20599926,-0.30099612,-0.18145382,-0.1474822,-0.2084436,-0.16347063,-0.1116675,-0.1908682,-0.1327436
Z,Cristhian,Right,0.0,0.0,0.0,0.10552918,-0.094341956,-0.10229337,0.1832751,-0.26700014,-0.15252139,0.13422479,-0.36753026,-0.19267546,0.040500183,-0.40439403,-0.22907872,0.027544314,-0.52932835,-0.10950126,-0.012734937,-0.75110346,-0.18218113,-0.03927458,-0.8857651,-0.21719483,-0.07177513,-0.99742085,-0.23905252,-0.06447864,-0.4678954,-0.09735745,-0.10373578,-0.48999193,-0.20164214,-0.03897985,-0.33072618,-0.21722268,0.004316084,-0.28918552,-0.20382969,-0.1400595,-0.38396594,-0.09602233,-0.17246531,-0.35217142,-0.2047994,-0.09147451,-0.2196682,-0.18617785,-0.044224333,-0.21251611,-0.14703785,-0.2069281,-0.2876658,-0.10284274,-0.22620775,-0.2701032,-0.17488079,-0.15186167,-0.1757674,-0.15552263,-0.10801064,-0.16336451,-0.122565106
Z,Cristhian,Right,0.0,0.0,0.0,0.10662138,-0.046180833,-0.11146497,0.20391871,-0.16156118,-0.18551974,0.19873172,-0.27275372,-0.25351024,0.107135125,-0.33269987,-0.31906888,0.12421585,-0.4970918,-0.13195398,0.13066235,-0.7294156,-0.21662207,0.13432181,-0.87764955,-0.25654355,0.12517111,-0.99213517,-0.2796545,0.0152682,-0.4707016,-0.121474616,-0.00700032,-0.48553064,-0.24518745,0.018956626,-0.29885867,-0.26016593,0.04187771,-0.24342999,-0.24160367,-0.07849479,-0.41810858,-0.12205428,-0.10300809,-0.3848692,-0.23697597,-0.055278312,-0.22899094,-0.20688802,-0.021576436,-0.19602206,-0.15868025,-0.16407944,-0.35263377,-0.13290784,-0.17084439,-0.32410932,-0.20345458,-0.122339845,-0.21005052,-0.17735977,-0.089189485,-0.17954323,-0.13892326
Z,Cristhian,Right,0.0,0.0,0.0,0.11600066,-0.021461109,-0.10078606,0.23105417,-0.12774505,-0.16184936,0.23755018,-0.24629946,-0.21761274,0.15912166,-0.32187718,-0.2704285,0.17246872,-0.47462767,-0.11498018,0.19998974,-0.70906794,-0.1945733,0.21343951,-0.852936,-0.23191217,0.2130536,-0.9770405,-0.2537629,0.06376292,-0.47622016,-0.106249295,0.03971852,-0.47817856,-0.21898898,0.052216947,-0.29316604,-0.232532,0.07316562,-0.2448664,-0.21605906,-0.033494726,-0.44398716,-0.10788638,-0.063966244,-0.38966513,-0.21504109,-0.031745043,-0.2300593,-0.18629451,-0.00066650455,-0.20171055,-0.1410803,-0.123650774,-0.39679286,-0.11913966,-0.13656992,-0.3506885,-0.18408388,-0.10128432,-0.22604708,-0.15696989,-0.07163143,-0.19015692,-0.11822272
Z,Cristhian,Right,0.0,0.0,0.0,0.12761052,-0.03086045,-0.077738196,0.2455034,-0.1395323,-0.13018444,0.26218167,-0.25238124,-0.1796584,0.18573211,-0.3192708,-0.22953846,0.17865106,-0.4556656,-0.11630406,0.2089578,-0.701439,-0.19166602,0.22761147,-0.8457288,-0.23353334,0.2306953,-0.97302604,-0.2632181,0.06586056,-0.44366032,-0.11967266,0.057097174,-0.481602,-0.23105747,0.07194728,-0.30089265,-0.25276366,0.08785912,-0.2357979,-0.24818835,-0.035047222,-0.39756358,-0.12857188,-0.046366133,-0.3904441,-0.23205519,-0.014216348,-0.22866882,-0.20568703,0.010618872,-0.18072946,-0.16699201,-0.12919731,-0.3376163,-0.14425538,-0.13915454,-0.32672882,-0.21220094,-0.09342395,-0.20579718,-0.18781911,-0.058622118,-0.1632914,-0.15459304
Z,Cristhian,Right,0.0,0.0,0.0,0.13063917,-0.026071599,-0.07522912,0.2552427,-0.13052441,-0.13478631,0.28318384,-0.2525486,-0.19568834,0.20598882,-0.30991966,-0.25557715,0.19670819,-0.46429303,-0.10434093,0.23115258,-0.7017319,-0.18215667,0.2533201,-0.8421675,-0.2143217,0.25722846,-0.9663506,-0.23543753,0.07612118,-0.46078563,-0.11271973,0.084689625,-0.4844513,-0.22145785,0.095674776,-0.27818245,-0.22432044,0.1051649,-0.24832898,-0.2044345,-0.02905001,-0.4220056,-0.12936352,-0.025545523,-0.39397085,-0.23315258,0.0023287795,-0.2173809,-0.18856356,0.013732589,-0.19865729,-0.13762842,-0.13000672,-0.3679632,-0.15403505,-0.12559554,-0.32159835,-0.21652678,-0.08292486,-0.19595659,-0.18231471,-0.06058201,-0.17782152,-0.14345878
Z,Cristhian,Right,0.0,0.0,0.0,0.13318148,-0.017969348,-0.08481313,0.25885743,-0.1315151,-0.14094974,0.27940413,-0.26290837,-0.19573578,0.1916837,-0.31775382,-0.2491781,0.1906647,-0.47368988,-0.101741746,0.21511444,-0.7101486,-0.17650458,0.22897436,-0.85076207,-0.2084826,0.22872876,-0.9734902,-0.229609,0.075407565,-0.46209738,-0.10488341,0.07256148,-0.49298403,-0.21547416,0.09139547,-0.29356313,-0.22381327,0.11011373,-0.24978174,-0.20595504,-0.025064377,-0.41633725,-0.11727713,-0.03299356,-0.3995373,-0.22576109,0.0029676906,-0.22539659,-0.19040596,0.024469933,-0.19369845,-0.14277864,-0.123198375,-0.3555851,-0.1380475,-0.12296139,-0.32301065,-0.20701899,-0.07812648,-0.19933225,-0.18001619,-0.051328864,-0.17121825,-0.14427276
Z,Cristhian,Right,0.0,0.0,0.0,0.13475432,-0.029648101,-0.08519064,0.26579303,-0.14640653,-0.13976432,0.27284572,-0.2756479,-0.1904623,0.18685265,-0.33629188,-0.23946625,0.17763945,-0.46454245,-0.11176336,0.19743548,-0.71340173,-0.18915811,0.21163152,-0.8521637,-0.22433992,0.21577772,-0.9764425,-0.24702422,0.0639031,-0.45715538,-0.112305224,0.06329189,-0.49505743,-0.2210984,0.08083772,-0.30542377,-0.23076785,0.099235445,-0.25130168,-0.2151785,-0.036983665,-0.41299608,-0.12124745,-0.038997408,-0.3894175,-0.22314057,-0.0065091783,-0.22696958,-0.1873869,0.016962307,-0.19475299,-0.1413845,-0.13286376,-0.35306463,-0.13856618,-0.13250424,-0.31839657,-0.19906351,-0.08843241,-0.20160936,-0.16880113,-0.060431696,-0.1771501,-0.13211294
Z,Cristhian,Right,0.0,0.0,0.0,0.12507044,-0.042709786,-0.0864298,0.24585731,-0.1602682,-0.14945757,0.25842047,-0.2945016,-0.2113697,0.16882995,-0.34132284,-0.27051684,0.16168156,-0.49777982,-0.10021595,0.17009564,-0.72755337,-0.17634,0.17569667,-0.8668326,-0.206322,0.16984402,-0.98547095,-0.22481541,0.046186812,-0.48625994,-0.10266221,0.0507827,-0.48986155,-0.20944509,0.07259088,-0.28848368,-0.21281573,0.083757035,-0.26470783,-0.1910671,-0.053869467,-0.43539345,-0.11529391,-0.04893224,-0.39154476,-0.21820624,-0.009477478,-0.23055246,-0.18037075,0.006330859,-0.22200122,-0.13284187,-0.15060788,-0.36601722,-0.13711789,-0.13958102,-0.2942033,-0.2009322,-0.091594145,-0.18215713,-0.17438686,-0.069955684,-0.17451869,-0.13955688
Z,Cristhian,Right,0.0,0.0,0.0,0.11783976,-0.04527607,-0.11950744,0.22456297,-0.16072348,-0.1953048,0.22946557,-0.27796102,-0.26297006,0.14241435,-0.3455043,-0.327244,0.14143263,-0.49346274,-0.1391651,0.1441248,-0.72269446,-0.22864968,0.14235196,-0.869884,-0.26945442,0.13160266,-0.99130255,-0.29309916,0.030202907,-0.4757985,-0.12675649,0.0146513255,-0.47840032,-0.24842334,0.035893213,-0.2918126,-0.2584884,0.056094233,-0.25510296,-0.23827675,-0.0651917,-0.4274086,-0.12756783,-0.08492694,-0.37352276,-0.24141994,-0.04383449,-0.22232367,-0.20950349,-0.015009485,-0.21112478,-0.1627537,-0.15274741,-0.36742732,-0.14015003,-0.16178977,-0.31175297,-0.21089488,-0.11467918,-0.19888785,-0.18655595,-0.0826659,-0.18053988,-0.15123329
Z,Cristhian,Right,0.0,0.0,0.0,0.12751226,-0.045961548,-0.08372084,0.24681234,-0.16895646,-0.1400535,0.25196016,-0.28754547,-0.1937155,0.16395283,-0.32923603,-0.24741839,0.15130143,-0.48728648,-0.11554703,0.16347663,-0.72777456,-0.18872495,0.16895528,-0.8675008,-0.22375235,0.1644126,-0.98639166,-0.24587017,0.03642596,-0.46506557,-0.116537556,0.038809747,-0.48464322,-0.22633898,0.06269531,-0.30680418,-0.24264681,0.07782239,-0.24250829,-0.23130028,-0.06242796,-0.40918478,-0.12421346,-0.06310796,-0.38509825,-0.2282741,-0.021185149,-0.22860564,-0.20314796,0.0019111328,-0.17919959,-0.16219015,-0.15702344,-0.34149334,-0.13912614,-0.15090477,-0.32269526,-0.20085692,-0.103947304,-0.20848513,-0.17486887,-0.07824518,-0.16557014,-0.13997205
Z,Cristhian,Right,0.0,0.0,0.0,0.13043408,-0.042824928,-0.08186685,0.24789913,-0.16570236,-0.14228493,0.26246312,-0.29684308,-0.20111576,0.17178977,-0.3515394,-0.25742877,0.15850039,-0.48111957,-0.11300676,0.16470262,-0.7286846,-0.1935165,0.17132628,-0.8647902,-0.2232301,0.16523652,-0.986254,-0.24076015,0.044750728,-0.45938334,-0.11719296,0.048908576,-0.49015027,-0.22531222,0.076230176,-0.28635046,-0.22265424,0.09116988,-0.26179233,-0.19840957,-0.05117066,-0.40407193,-0.13101637,-0.04790073,-0.38415492,-0.23584054,-0.005412963,-0.21647774,-0.19109614,0.011319862,-0.20355092,-0.13949393,-0.14550035,-0.33375746,-0.15318398,-0.13953757,-0.29587132,-0.21747841,-0.086081974,-0.18026377,-0.18563093,-0.06246014,-0.16372156,-0.14831664
Z,Cristhian,Right,0.0,0.0,0.0,-0.055875886,-0.20236,0.0125959525,-0.038469657,-0.38488042,-0.0038471466,0.03758966,-0.47443402,-0.027670765,0.124443546,-0.47608453,-0.051689602,-0.04186499,-0.5159119,-0.039363034,0.00797557,-0.748808,-0.062108524,0.034559682,-0.88995093,-0.07355395,0.054561492,-0.9985104,-0.08499891,0.047356572,-0.49516007,-0.06619514,0.17235692,-0.5615267,-0.09194304,0.169934,-0.47962043,-0.08727879,0.13657029,-0.42298797,-0.08245582,0.1383696,-0.4316889,-0.08819798,0.22621495,-0.45605448,-0.09458358,0.20637983,-0.38724884,-0.06420381,0.16841722,-0.34190792,-0.047532108,0.2165682,-0.35785085,-0.11205573,0.27747974,-0.36963487,-0.096888185,0.25386155,-0.30831778,-0.060769323,0.21874231,-0.2689568,-0.036205344
Z,Cristhian,Right,0.0,0.0,0.0,-0.1524988,-0.14048113,0.011703367,-0.20925261,-0.3271637,0.0057956176,-0.15970829,-0.4457755,-0.0047140527,-0.08448482,-0.4802606,-0.019600403,-0.11387884,-0.5243505,-0.03970997,-0.09157303,-0.75718,-0.04068014,-0.07506898,-0.89768726,-0.040324084,-0.059528932,-0.9982266,-0.045121413,0.012305757,-0.5300327,-0.05233249,-0.004118003,-0.53452957,-0.04586707,-0.031064799,-0.4621448,-0.03251738,-0.03832111,-0.3934951,-0.029157802,0.1124846,-0.46851182,-0.058727488,0.06592994,-0.44998184,-0.05164305,0.044066187,-0.38926828,-0.03168621,0.03753728,-0.3237076,-0.024543913,0.18232942,-0.396002,-0.06454118,0.14546078,-0.3943037,-0.04919366,0.122324064,-0.34006497,-0.020031106,0.11319903,-0.28048584,0.00105323
Z,Cristhian,Right,0.0,0.0,0.0,-0.1352425,-0.16010877,0.027217958,-0.17441565,-0.3413511,0.025331158,-0.12534052,-0.44498265,0.015890107,-0.05755826,-0.46275246,0.0010421708,-0.08587237,-0.54232526,-0.029446164,-0.05269543,-0.766399,-0.024529273,-0.028425114,-0.9028211,-0.021610308,-0.0071556885,-0.99997437,-0.02505986,0.03734618,-0.5376773,-0.048370104,0.03969454,-0.535523,-0.03264207,0.013147662,-0.46553466,-0.01649712,0.00141805,-0.3996196,-0.013163354,0.1365163,-0.4620321,-0.059236024,0.10384697,-0.44258317,-0.040657833,0.081567615,-0.38513207,-0.019389395,0.07002703,-0.32337728,-0.014640152,0.2061699,-0.37808168,-0.06847873,0.17817889,-0.37186188,-0.041460197,0.15332863,-0.3228469,-0.009390367,0.1377677,-0.26838118,0.011109944
Z,Cristhian,Right,0.0,0.0,0.0,-0.116661936,-0.16630514,0.011838445,-0.14875402,-0.3450988,-0.008673669,-0.11133642,-0.44827133,-0.03771989,-0.038453843,-0.480411,-0.07037005,-0.1664993,-0.4968816,-0.05353246,-0.18427323,-0.72164965,-0.08141984,-0.18846512,-0.8691756,-0.103461854,-0.19105491,-0.98157936,-0.123533815,-0.06609352,-0.53483844,-0.07937753,-0.006884796,-0.53089195,-0.105849706,-0.003575309,-0.45548984,-0.114248656,-0.02239331,-0.39703247,-0.1217376,0.04793601,-0.5052255,-0.098572314,0.07703764,-0.47238278,-0.10705623,0.075727664,-0.40864313,-0.08789358,0.058243036,-0.3541165,-0.079469286,0.15095231,-0.45792726,-0.119283214,0.1718114,-0.43598065,-0.10919522,0.16242822,-0.37518084,-0.0790088,0.14321196,-0.32161343,-0.05651917
Z,Cristhian,Right,0.0,0.0,0.0,-0.12441391,-0.152819,0.012435797,-0.17815706,-0.33587602,-0.0063227965,-0.14202043,-0.45609584,-0.036434043,-0.064559326,-0.50442594,-0.06814736,-0.20939589,-0.48482576,-0.028201355,-0.21547666,-0.71871656,-0.05995257,-0.21437429,-0.8699899,-0.085854284,-0.2161149,-0.97636795,-0.10785688,-0.11707501,-0.5348174,-0.058771867,-0.016706867,-0.5949217,-0.10110482,0.00535262,-0.50977314,-0.11875825,-0.018176546,-0.43489227,-0.12638664,-0.0039366777,-0.53645736,-0.08511342,0.07622247,-0.55613905,-0.1119782,0.08576902,-0.47376576,-0.09838788,0.061271492,-0.4062119,-0.08731105,0.10598912,-0.51596355,-0.112682186,0.17911215,-0.5187552,-0.11912747,0.17724799,-0.43972006,-0.096331134,0.15208681,-0.3746612,-0.07517636
Z,Cristhian,Right,0.0,0.0,0.0,-0.16746688,-0.09076351,-0.0043922514,-0.23888023,-0.25389192,-0.018464928,-0.2111622,-0.37352225,-0.03333249,-0.15829761,-0.4239678,-0.05195979,-0.14481434,-0.48708352,-0.06368175,-0.14244804,-0.7195509,-0.08868329,-0.14116558,-0.8764647,-0.10946348,-0.13869807,-0.9903347,-0.12698063,-0.013667861,-0.51383734,-0.07272602,-0.035508055,-0.49380928,-0.08722123,-0.05353011,-0.40888622,-0.078863345,-0.05014218,-0.33732608,-0.07453513,0.09163966,-0.46028826,-0.078117184,0.049231414,-0.42305553,-0.09268708,0.031732064,-0.3538482,-0.072467074,0.030514227,-0.2872185,-0.0596206,0.16955756,-0.3832635,-0.08370387,0.13352098,-0.3499303,-0.08579925,0.11320886,-0.29173154,-0.058327876,0.106857136,-0.23955257,-0.034623835
Z,Cristhian,Right,0.0,0.0,0.0,-0.15102974,-0.12371881,0.02061992,-0.229466,-0.29785228,0.018276084,-0.210156,-0.41309223,0.011453506,-0.13857482,-0.43512738,-0.0016680087,-0.10184946,-0.5194004,-0.040261064,-0.059843343,-0.7515119,-0.040082976,-0.032968912,-0.8974544,-0.040603984,-0.014466734,-0.99989533,-0.0453181,0.019681703,-0.5212016,-0.05017528,-0.005001147,-0.52774954,-0.035727058,-0.033054613,-0.45984742,-0.016592294,-0.038275238,-0.39313582,-0.010273516,0.110521235,-0.45218647,-0.05188297,0.05440398,-0.44061857,-0.03604937,0.03261049,-0.3863206,-0.016196338,0.026744712,-0.3212207,-0.010472088,0.16908988,-0.37440962,-0.05129193,0.12292783,-0.3681232,-0.029472485,0.102151446,-0.31665924,-0.0012863463,0.09697619,-0.2601275,0.01819585
Z,Cristhian,Right,0.0,0.0,0.0,-0.054262,-0.19164626,0.0063204346,-0.04299113,-0.39219406,-0.023376966,0.038766786,-0.5083747,-0.062133975,0.13227496,-0.5536363,-0.09974787,-0.09697555,-0.49455604,-0.06128566,-0.07290274,-0.73039806,-0.107506506,-0.066174395,-0.8756279,-0.13276629,-0.06010447,-0.9981921,-0.1533264,-0.039097033,-0.46968588,-0.097711205,0.1180836,-0.5784242,-0.15486512,0.1256601,-0.49278185,-0.15974742,0.09132626,-0.43480194,-0.15730351,0.03903241,-0.40895954,-0.13050358,0.18116732,-0.47045135,-0.16297758,0.16891457,-0.3926847,-0.13132665,0.12999313,-0.35361114,-0.109476775,0.120142825,-0.3365078,-0.16609384,0.23187996,-0.37320754,-0.16821165,0.21540183,-0.30378956,-0.13479012,0.1799289,-0.2702297,-0.111427106
