label,persona,mano,x0,y0,z0,x1,y1,z1,x2,y2,z2,x3,y3,z3,x4,y4,z4,x5,y5,z5,x6,y6,z6,x7,y7,z7,x8,y8,z8,x9,y9,z9,x10,y10,z10,x11,y11,z11,x12,y12,z12,x13,y13,z13,x14,y14,z14,x15,y15,z15,x16,y16,z16,x17,y17,z17,x18,y18,z18,x19,y19,z19,x20,y20,z20
C,Karol,Right,0.0,0.0,0.0,-0.1833553,0.09048354,-0.2138829,-0.39443898,0.042795226,-0.34460998,-0.56942093,-0.021767203,-0.43397453,-0.7103735,-0.09774324,-0.51884556,-0.22473028,-0.34279656,-0.35706154,-0.39629397,-0.6255815,-0.49106434,-0.55915296,-0.7043969,-0.57403266,-0.68867564,-0.70402175,-0.6159011,-0.16314428,-0.4424467,-0.2815637,-0.36662376,-0.7223094,-0.40996194,-0.5523961,-0.7620928,-0.46967107,-0.6805973,-0.7166202,-0.4994083,-0.13108091,-0.5009684,-0.21274614,-0.310324,-0.7790745,-0.31340075,-0.48817313,-0.8150546,-0.35971642,-0.6187788,-0.78556526,-0.38078758,-0.11757654,-0.5250983,-0.15540342,-0.27151313,-0.7273452,-0.2366521,-0.41031843,-0.7780419,-0.27321592,-0.517115,-0.7739367,-0.28915766
C,Karol,Left,0.0,0.0,0.0,-0.215073,-0.0016291472,0.016205506,-0.42282516,-0.11700502,0.01709217,-0.5774434,-0.17308277,-0.008607223,-0.71381456,-0.19108413,-0.031599186,-0.39576077,-0.5130231,0.12803847,-0.5192206,-0.7160103,0.0725237,-0.63227344,-0.72842807,0.005292178,-0.7135591,-0.6748423,-0.035823938,-0.33812982,-0.5710807,0.06850019,-0.4630546,-0.8512153,0.005608497,-0.6046729,-0.8349215,-0.05753162,-0.6926419,-0.72128165,-0.08985509,-0.2712648,-0.5958694,-0.007730475,-0.38869876,-0.88703537,-0.060034093,-0.5471715,-0.8510727,-0.101634905,-0.64467895,-0.73760396,-0.11933967,-0.20391881,-0.5843363,-0.088104285,-0.32455096,-0.7930065,-0.12552787,-0.45455518,-0.7757682,-0.14629136,-0.5423947,-0.6912785,-0.15629339
C,Karol,Left,0.0,0.0,0.0,-0.21730386,0.0029617576,0.016417518,-0.4273458,-0.10774434,0.010064761,-0.58886296,-0.1554411,-0.023092145,-0.73499954,-0.16059121,-0.05370072,-0.40901384,-0.5109886,0.12062336,-0.5306597,-0.7097912,0.062211566,-0.63983315,-0.7210449,-0.006897896,-0.72508407,-0.67276895,-0.050988566,-0.35061246,-0.565745,0.0565805,-0.4704278,-0.8458957,-0.01091211,-0.6070303,-0.829356,-0.073975354,-0.69652855,-0.71752906,-0.1066756,-0.27957714,-0.58761704,-0.02387654,-0.39788505,-0.8770893,-0.07877938,-0.5545868,-0.83803225,-0.11609702,-0.6565267,-0.72711813,-0.13134377,-0.20690161,-0.5734117,-0.1088712,-0.33221442,-0.7805178,-0.14736882,-0.46369073,-0.7709083,-0.16715628,-0.5579205,-0.7011245,-0.17719837
C,Karol,Left,0.0,0.0,0.0,-0.23217192,-0.00032540204,0.025074307,-0.44163024,-0.104378976,0.01928114,-0.6072121,-0.14872676,-0.017854204,-0.7602865,-0.15824997,-0.052325483,-0.4196202,-0.50422037,0.14149849,-0.5385879,-0.70942014,0.082576804,-0.65357244,-0.7109082,0.011617888,-0.73397183,-0.6478739,-0.033425424,-0.36523005,-0.56437415,0.07048458,-0.49513727,-0.8405758,0.004125135,-0.6426932,-0.8106925,-0.0603331,-0.72846234,-0.68508583,-0.09523044,-0.29855552,-0.59064126,-0.01816399,-0.42319766,-0.87174046,-0.072013825,-0.5886807,-0.8204059,-0.11130114,-0.68681073,-0.69601405,-0.12931968,-0.22930013,-0.581193,-0.11131453,-0.35679534,-0.78060424,-0.14873484,-0.4917367,-0.75724673,-0.16902207,-0.581443,-0.6703381,-0.18018183
C,Karol,Left,0.0,0.0,0.0,-0.22113319,0.007375562,0.0201312,-0.43258703,-0.10139525,0.017342856,-0.5944229,-0.15390301,-0.013581935,-0.7420811,-0.17173876,-0.041753735,-0.4142473,-0.5054667,0.13123353,-0.53356034,-0.7030531,0.07686682,-0.6458555,-0.7092994,0.011368575,-0.72862834,-0.654424,-0.029753737,-0.35818803,-0.5648159,0.06632391,-0.48100773,-0.8426147,0.008006795,-0.6192198,-0.8239425,-0.04776904,-0.70406425,-0.7101363,-0.07695365,-0.29007328,-0.58964956,-0.01569807,-0.40782538,-0.8751159,-0.063792855,-0.56295544,-0.84058553,-0.09659146,-0.65982753,-0.7308696,-0.11075149,-0.22082855,-0.58061135,-0.10241134,-0.34786358,-0.7795718,-0.13723096,-0.4782797,-0.7631721,-0.15412904,-0.56831694,-0.6847478,-0.16264431
C,Karol,Left,0.0,0.0,0.0,-0.22543828,-0.004153225,0.021451086,-0.42463082,-0.109134294,0.013861312,-0.58125633,-0.15351433,-0.02403344,-0.7285218,-0.18643518,-0.058881853,-0.39708045,-0.52841985,0.1381414,-0.50487673,-0.74413174,0.08071936,-0.6162465,-0.7517616,0.010496046,-0.6970862,-0.69088876,-0.033414777,-0.3388961,-0.58205473,0.06891626,-0.45257434,-0.87014616,0.0058901473,-0.5918024,-0.85527426,-0.058630276,-0.6750771,-0.7377472,-0.093495674,-0.27185345,-0.60220563,-0.018000202,-0.38377804,-0.89483625,-0.07150913,-0.53980815,-0.8578019,-0.11229485,-0.63357383,-0.7416599,-0.13051465,-0.20522547,-0.5884534,-0.109309554,-0.3265584,-0.79823357,-0.1475706,-0.45430684,-0.7794231,-0.1670938,-0.5389201,-0.69284743,-0.1766106
C,Karol,Left,0.0,0.0,0.0,-0.21924798,0.012870004,0.0067678075,-0.41491124,-0.07318071,-0.006103522,-0.5658237,-0.12177249,-0.045206856,-0.7027924,-0.18794848,-0.07828726,-0.3922613,-0.5169686,0.11467381,-0.49004722,-0.75069547,0.056300305,-0.60045385,-0.7615127,-0.009174065,-0.67571133,-0.7055762,-0.048925087,-0.33585128,-0.5716381,0.05564976,-0.44229236,-0.87751037,-0.008502266,-0.5846997,-0.8592512,-0.063970886,-0.66587275,-0.7460653,-0.09090108,-0.27267504,-0.5946685,-0.021476425,-0.3738461,-0.89769727,-0.07398405,-0.52751386,-0.85325867,-0.10730729,-0.6155224,-0.735742,-0.11947652,-0.20800363,-0.58590674,-0.10443235,-0.31459466,-0.8014566,-0.14151588,-0.43938643,-0.7771186,-0.15858026,-0.5189433,-0.68603736,-0.16504909
C,Karol,Left,0.0,0.0,0.0,-0.22011462,0.009491941,0.017118635,-0.4180012,-0.07780466,0.01509857,-0.56473947,-0.13071485,-0.013967646,-0.69910526,-0.1937994,-0.038797986,-0.3898017,-0.51172656,0.13622813,-0.48268342,-0.7456144,0.0866787,-0.5864377,-0.7611915,0.021414379,-0.66835004,-0.70588434,-0.019118866,-0.32925355,-0.5691374,0.07587628,-0.42539158,-0.8729663,0.01962889,-0.5559645,-0.8688302,-0.042378545,-0.64048475,-0.7679709,-0.07620353,-0.26528135,-0.59463936,-0.0015423425,-0.35871375,-0.89502686,-0.050724115,-0.4972783,-0.85972923,-0.09254392,-0.5832237,-0.7482504,-0.11148081,-0.20074344,-0.5861305,-0.08308552,-0.3061689,-0.7966161,-0.11856541,-0.42410633,-0.7742989,-0.13853683,-0.50434643,-0.6866123,-0.14827505
C,Karol,Left,0.0,0.0,0.0,-0.21054487,0.0110326065,0.0020128423,-0.4138593,-0.08184749,-0.0086756935,-0.5698092,-0.1348321,-0.043484274,-0.7106334,-0.18685728,-0.0739663,-0.3883775,-0.5095644,0.10904146,-0.48815638,-0.7258141,0.05150534,-0.59417063,-0.74697703,-0.016526936,-0.68052554,-0.7015351,-0.059171982,-0.33103812,-0.5661752,0.0546402,-0.43297145,-0.85802484,-0.009931896,-0.56769997,-0.8526785,-0.07025656,-0.6582433,-0.7528053,-0.10155193,-0.26556563,-0.5906848,-0.017408175,-0.36800295,-0.8880724,-0.07282451,-0.5157892,-0.8536018,-0.11088879,-0.6116521,-0.7446324,-0.12563041,-0.19835274,-0.5813475,-0.094879985,-0.30694526,-0.80217546,-0.13542129,-0.42894349,-0.7892231,-0.15585028,-0.51593655,-0.7082035,-0.16483574
C,Karol,Left,0.0,0.0,0.0,-0.21903864,0.021757128,0.023815323,-0.42587996,-0.07374547,0.026776291,-0.5763974,-0.13157706,0.0020329917,-0.7123058,-0.1860317,-0.01988326,-0.4090363,-0.49417847,0.13373761,-0.5159207,-0.70561945,0.08621566,-0.6232467,-0.72861034,0.026065359,-0.7043747,-0.68131584,-0.011826483,-0.35236242,-0.5533615,0.06993926,-0.4622238,-0.8437552,0.014263137,-0.5977505,-0.836468,-0.040706858,-0.6838688,-0.72960496,-0.06822838,-0.28846294,-0.5796394,-0.009979753,-0.39690757,-0.8761449,-0.05666133,-0.545485,-0.8517747,-0.09085512,-0.64193,-0.74764216,-0.104953595,-0.22365032,-0.571799,-0.093933806,-0.3384151,-0.77483195,-0.13125116,-0.46679074,-0.77233297,-0.15151143,-0.5616091,-0.708208,-0.16102897
C,Karol,Left,0.0,0.0,0.0,-0.22885151,-0.00080833957,0.043360192,-0.43855017,-0.09988051,0.058418144,-0.59440327,-0.15761754,0.03963583,-0.7369068,-0.19013292,0.023733746,-0.4369614,-0.48551878,0.17837,-0.54733074,-0.6832423,0.14727305,-0.65105605,-0.70288956,0.10082463,-0.72908044,-0.67148644,0.07018292,-0.39225495,-0.5512063,0.10634904,-0.5107921,-0.8321455,0.06173621,-0.6439322,-0.8098385,0.019562826,-0.7209939,-0.69259065,0.0029280828,-0.34007785,-0.5812199,0.017346876,-0.45103836,-0.8635307,-0.016687725,-0.5961451,-0.83487266,-0.03541588,-0.6838084,-0.7296616,-0.038586736,-0.2829873,-0.57884777,-0.07630644,-0.38940966,-0.7866439,-0.09832811,-0.50625956,-0.80886596,-0.10835104,-0.5881309,-0.7670779,-0.11120443
C,Karol,Left,0.0,0.0,0.0,-0.22456892,0.0050682668,0.03144014,-0.4377886,-0.11339162,0.041279636,-0.59288543,-0.17721383,0.020032614,-0.7344272,-0.20937021,0.0038691736,-0.43108854,-0.5052174,0.15952627,-0.5348255,-0.7112681,0.12285989,-0.63982636,-0.72827935,0.07512466,-0.7120906,-0.6864548,0.045476634,-0.38456059,-0.56466997,0.09367767,-0.49488226,-0.84592986,0.050488245,-0.62768096,-0.82648903,0.013509043,-0.70177674,-0.712397,-0.00047737575,-0.33034855,-0.5879675,0.009955919,-0.43677285,-0.8745272,-0.02505048,-0.58499813,-0.84313005,-0.041464966,-0.67156523,-0.7346551,-0.043366417,-0.2751018,-0.57923687,-0.079225756,-0.38125783,-0.786569,-0.1037449,-0.5004168,-0.7916246,-0.112527706,-0.57885015,-0.7290065,-0.11372592
C,Karol,Left,0.0,0.0,0.0,-0.22002839,0.011130989,0.023788452,-0.43085104,-0.10227348,0.031504,-0.58096087,-0.17439108,0.010872191,-0.7135499,-0.23476534,-0.0041047568,-0.42623967,-0.5021207,0.14910682,-0.5266861,-0.7029993,0.110888496,-0.62875473,-0.72220147,0.061258473,-0.70078117,-0.6812441,0.030588437,-0.3774576,-0.56101274,0.08861288,-0.48639625,-0.8360853,0.046374984,-0.61600035,-0.82536495,0.0074967495,-0.6907237,-0.71692616,-0.008758332,-0.32215273,-0.5861682,0.010437293,-0.42244104,-0.86992323,-0.024348313,-0.56667167,-0.85635996,-0.04331233,-0.65302396,-0.7573373,-0.04735199,-0.26582283,-0.58030033,-0.073408276,-0.36923516,-0.7824292,-0.100525364,-0.4894119,-0.7985008,-0.11239785,-0.5721149,-0.7440199,-0.11514916
C,Karol,Left,0.0,0.0,0.0,-0.22512564,0.015494312,0.03336936,-0.43651488,-0.080562554,0.04557968,-0.58609873,-0.1451508,0.029580135,-0.71423143,-0.21252654,0.016686266,-0.4225324,-0.48663428,0.14478824,-0.52709997,-0.6982692,0.10875602,-0.6256413,-0.72247607,0.057508323,-0.7079583,-0.6790366,0.024763031,-0.36591628,-0.5423879,0.08276172,-0.48033935,-0.8162697,0.038902495,-0.60794973,-0.8158182,-0.007892938,-0.6958932,-0.71814525,-0.03154901,-0.30415097,-0.5680431,0.0059054624,-0.41966692,-0.8444094,-0.029602436,-0.55608517,-0.8370493,-0.056133,-0.6488698,-0.74561024,-0.06721402,-0.24199323,-0.56548786,-0.07417346,-0.35790628,-0.7555172,-0.1016582,-0.4729145,-0.7747219,-0.11544717,-0.5616014,-0.7298046,-0.121527076
C,Karol,Left,0.0,0.0,0.0,-0.22377107,0.0012333776,0.023836128,-0.41127563,-0.100406826,0.027031425,-0.55279946,-0.16605592,-0.00038408654,-0.6832029,-0.23811635,-0.024162058,-0.37664554,-0.5041418,0.14810911,-0.4766864,-0.7151575,0.09871088,-0.58869374,-0.7347342,0.034228157,-0.68175274,-0.69095904,-0.006977435,-0.32237223,-0.55721056,0.08198783,-0.42721245,-0.84335434,0.023905728,-0.5723601,-0.84053314,-0.04040797,-0.6705099,-0.74190056,-0.0760238,-0.2619202,-0.57991844,-0.00139235,-0.36745295,-0.86737907,-0.054306798,-0.52936864,-0.8292412,-0.09852049,-0.63130987,-0.7185707,-0.11811167,-0.20625329,-0.56487733,-0.088596925,-0.31864068,-0.776129,-0.12699388,-0.44494352,-0.75174713,-0.14784609,-0.5267377,-0.661383,-0.15773237
C,Karol,Left,0.0,0.0,0.0,-0.21782699,0.004238129,0.0125615,-0.4120719,-0.096743956,0.007008151,-0.5591461,-0.15958564,-0.024978263,-0.6896674,-0.24485585,-0.051856443,-0.3746314,-0.507312,0.121038914,-0.48093316,-0.72442406,0.06376361,-0.5918056,-0.7457867,-0.003596355,-0.6807208,-0.70543265,-0.044889003,-0.31824502,-0.563467,0.060895573,-0.42386848,-0.8644003,-0.0053387857,-0.56653893,-0.85574895,-0.06665649,-0.65904784,-0.752101,-0.096155465,-0.2568358,-0.5874698,-0.015881397,-0.35929757,-0.88337976,-0.06868697,-0.514533,-0.8462144,-0.10529406,-0.6119891,-0.7385131,-0.118135504,-0.1965383,-0.5737768,-0.09773808,-0.3018472,-0.78708524,-0.13387595,-0.43070433,-0.7733314,-0.15188693,-0.51936626,-0.6940269,-0.15835992
C,Karol,Left,0.0,0.0,0.0,-0.22333577,0.0018121885,0.0070929555,-0.42349145,-0.11030177,-0.00064355036,-0.57310796,-0.1830889,-0.03385703,-0.7064782,-0.26085016,-0.061383817,-0.38507986,-0.5293764,0.1136469,-0.48816246,-0.76729083,0.04944763,-0.6008116,-0.7745954,-0.020368591,-0.6855985,-0.7119754,-0.060462087,-0.3236075,-0.5836505,0.055983633,-0.43026498,-0.8888565,-0.010342181,-0.57283324,-0.8663935,-0.07144643,-0.6604999,-0.7508261,-0.101596914,-0.25618687,-0.60659087,-0.01908052,-0.35342714,-0.9186208,-0.073825374,-0.50991803,-0.8738228,-0.11034816,-0.6045613,-0.7577719,-0.12334329,-0.1891539,-0.5910753,-0.09929272,-0.29707932,-0.8194496,-0.13669983,-0.42382863,-0.79815507,-0.15292978,-0.5052581,-0.70776725,-0.1576565
C,Karol,Left,0.0,0.0,0.0,-0.2204838,0.00021075332,0.003686016,-0.4171821,-0.11160054,-0.0055962466,-0.56537133,-0.18490773,-0.038882006,-0.7033405,-0.25570306,-0.06678054,-0.3844787,-0.53200215,0.110710815,-0.48476955,-0.75968033,0.048916303,-0.59517854,-0.7720338,-0.021985646,-0.68146837,-0.7206492,-0.06508661,-0.3247808,-0.5848656,0.05540128,-0.42467946,-0.88866705,-0.011241511,-0.56232107,-0.8711699,-0.07374194,-0.6481363,-0.7615244,-0.10574623,-0.25910065,-0.6054164,-0.017130626,-0.35096067,-0.9128452,-0.06901667,-0.50444525,-0.8807588,-0.10598659,-0.6004282,-0.7756752,-0.121539935,-0.19023985,-0.5888781,-0.09546615,-0.29110816,-0.8108813,-0.13060169,-0.4178672,-0.8003086,-0.14814624,-0.5048264,-0.7235868,-0.15576272
C,Karol,Left,0.0,0.0,0.0,-0.21268034,0.015435267,0.009229494,-0.4136324,-0.086257644,0.00441622,-0.565113,-0.16096963,-0.024109282,-0.69696784,-0.23386802,-0.046857264,-0.38093072,-0.4960918,0.107816696,-0.47127247,-0.73042405,0.051891968,-0.585151,-0.7484228,-0.0075776903,-0.6719789,-0.69957167,-0.041590314,-0.32345492,-0.54761845,0.052479316,-0.4114435,-0.8689532,-0.010270177,-0.5544086,-0.8617206,-0.05704788,-0.64479613,-0.7643546,-0.07531378,-0.26096472,-0.56905144,-0.019870423,-0.3597722,-0.87697375,-0.073976174,-0.51846033,-0.8489454,-0.101804666,-0.61924154,-0.7518102,-0.10703041,-0.19906618,-0.5613687,-0.09697351,-0.3156015,-0.7781281,-0.13669984,-0.4494025,-0.7699895,-0.15210819,-0.5422968,-0.7005571,-0.15542176
C,Karol,Left,0.0,0.0,0.0,-0.22097345,-0.0050433623,0.044025134,-0.4216497,-0.122684285,0.05534744,-0.5697502,-0.19530791,0.032273702,-0.7069807,-0.25980425,0.0127756735,-0.40689406,-0.5067966,0.16805144,-0.50416726,-0.72294956,0.1315078,-0.6099094,-0.73961,0.08271009,-0.6858266,-0.70665514,0.050073676,-0.35561892,-0.5616529,0.09113031,-0.4599233,-0.86388296,0.040703572,-0.59901494,-0.83694345,-0.0037614494,-0.67910856,-0.7230721,-0.022927942,-0.2986402,-0.5814844,-0.002635756,-0.40182677,-0.88716763,-0.045146137,-0.5599365,-0.85502106,-0.0694038,-0.65715533,-0.75375515,-0.07710541,-0.24273603,-0.56664103,-0.100272864,-0.3549736,-0.7783789,-0.1326849,-0.48246962,-0.77937645,-0.14804071,-0.5694715,-0.7203195,-0.15525682
C,Karol,Left,0.0,0.0,0.0,-0.22654907,-0.008173907,0.04278886,-0.4303595,-0.12492323,0.054359134,-0.57855266,-0.19950692,0.031581946,-0.71348274,-0.26733452,0.013157048,-0.415853,-0.50907093,0.17180398,-0.51556283,-0.71128345,0.13603991,-0.61824334,-0.7310701,0.08690333,-0.694553,-0.6966535,0.055093598,-0.36516118,-0.56606054,0.097475104,-0.46922496,-0.85201275,0.05400544,-0.6047345,-0.83600444,0.013163033,-0.6860434,-0.72756064,-0.0045652254,-0.3090809,-0.5868029,0.0057807267,-0.4078023,-0.88198715,-0.030761527,-0.56095654,-0.8566766,-0.050058383,-0.65540075,-0.753645,-0.054767642,-0.25304842,-0.5724548,-0.090537086,-0.35546815,-0.7836655,-0.11943706,-0.47982085,-0.7891321,-0.13164873,-0.5658055,-0.72632,-0.13574779
C,Karol,Left,0.0,0.0,0.0,-0.15657789,0.009760163,0.038362216,-0.28792074,-0.044911135,0.028279351,-0.3904499,-0.053059213,0.00080956536,-0.48724315,-0.05078796,-0.034045424,-0.31308156,-0.38416347,0.0300273,-0.43963507,-0.568456,0.00869725,-0.5064714,-0.6894682,-0.016660908,-0.5537552,-0.7927661,-0.034745656,-0.27423385,-0.42090508,-0.020024559,-0.4210704,-0.6172196,-0.027976219,-0.4997103,-0.7361617,-0.047771007,-0.55168617,-0.8340518,-0.06751591,-0.23585598,-0.4146589,-0.070779145,-0.37517837,-0.5827922,-0.07440295,-0.4553056,-0.6818198,-0.0828868,-0.5076701,-0.75693953,-0.096409075,-0.20559964,-0.37857524,-0.11993734,-0.3137567,-0.47487164,-0.121102974,-0.38561705,-0.5374258,-0.11618538,-0.44127786,-0.5876593,-0.1166538
C,Karol,Right,0.0,0.0,0.0,0.22404498,0.022464462,0.013186482,0.39062202,-0.05240517,0.0061711567,0.534035,-0.09592817,-0.017981349,0.6704636,-0.13161081,-0.043037757,0.29529124,-0.4119394,0.076234296,0.40853894,-0.637705,0.046832718,0.53636354,-0.70544744,0.008676488,0.63999605,-0.73453027,-0.0190769,0.2662602,-0.46719864,0.032342266,0.3928641,-0.70340365,0.006741885,0.5414514,-0.75761664,-0.033158384,0.6500993,-0.7585066,-0.063539304,0.24728289,-0.49677032,-0.020407522,0.37933612,-0.7242471,-0.04460667,0.51894313,-0.7770687,-0.061499212,0.62149173,-0.78342074,-0.07301577,0.24287303,-0.48845723,-0.07622069,0.3596515,-0.6673996,-0.09366457,0.47162962,-0.72086304,-0.09392165,0.5586766,-0.733483,-0.09371947
C,Karol,Right,0.0,0.0,0.0,0.21549964,-0.02431454,0.040996112,0.39827263,-0.11465908,0.04112237,0.5563419,-0.13042818,0.0083965715,0.701212,-0.14571364,-0.025669776,0.37726876,-0.5331983,0.14554673,0.48141465,-0.7356969,0.11905735,0.5857475,-0.7563357,0.07627337,0.66907763,-0.7170471,0.047702774,0.33681944,-0.57501674,0.074205086,0.44531277,-0.82448727,0.045409054,0.57129544,-0.8333458,3.6551126e-05,0.6608398,-0.75052696,-0.026681181,0.2885348,-0.58988565,-0.009580224,0.40433648,-0.8358281,-0.03888894,0.53952056,-0.83078086,-0.06377952,0.6383001,-0.74462414,-0.07610521,0.24287924,-0.56545156,-0.096803345,0.34851834,-0.7546489,-0.124351434,0.45476502,-0.79429066,-0.13352554,0.5450173,-0.76681715,-0.13501716
C,Karol,Right,0.0,0.0,0.0,0.24271207,-0.02609507,0.06025501,0.41745943,-0.10146812,0.07349748,0.5583845,-0.13214879,0.051705427,0.69524693,-0.14722334,0.029287957,0.40694436,-0.50819284,0.17518544,0.5052873,-0.68418795,0.16206475,0.59970415,-0.7142094,0.12474858,0.6835387,-0.697938,0.09543699,0.35434082,-0.5582253,0.09723769,0.47246313,-0.7869336,0.07733657,0.58359754,-0.8074601,0.03414141,0.6646438,-0.7471603,0.0046827057,0.30270138,-0.5713018,0.007945806,0.4347779,-0.786858,-0.018885978,0.5541683,-0.7933322,-0.04347387,0.644061,-0.7311236,-0.05779881,0.26435718,-0.5392948,-0.082951434,0.40031466,-0.68832403,-0.10538441,0.50976074,-0.72837347,-0.11368538,0.60643053,-0.719559,-0.11806677
C,Karol,Right,0.0,0.0,0.0,0.2558438,-0.03432402,0.05171032,0.43660003,-0.11036143,0.05341709,0.5893611,-0.1281557,0.015610037,0.74058366,-0.1564095,-0.027631167,0.41873273,-0.53245026,0.19362278,0.5303678,-0.71164644,0.17386036,0.62820226,-0.72559464,0.11404708,0.70603186,-0.69121206,0.065254055,0.3520189,-0.57976073,0.10591043,0.47752458,-0.80941963,0.072484285,0.5897981,-0.8198123,-0.015101004,0.6708391,-0.74160296,-0.08000193,0.28530192,-0.59986085,0.0052607586,0.41420674,-0.80291784,-0.026897745,0.5373073,-0.8083509,-0.08918736,0.626991,-0.7325533,-0.13525476,0.22783968,-0.56742156,-0.0983232,0.3503581,-0.73131174,-0.123688,0.44992116,-0.7858563,-0.15104194,0.5384029,-0.7762062,-0.17603953
C,Karol,Right,0.0,0.0,0.0,0.25045118,-0.042886272,0.043913223,0.42750347,-0.11324779,0.037275918,0.5726423,-0.13533679,-0.0058341725,0.71904993,-0.17370659,-0.05465255,0.39562503,-0.5283027,0.15864155,0.49262196,-0.7200077,0.12929232,0.59292585,-0.7506306,0.06959928,0.6790322,-0.73410845,0.02281032,0.32826844,-0.57593226,0.07605757,0.43592054,-0.8333946,0.028669557,0.5578191,-0.8425799,-0.05513308,0.6468208,-0.75355464,-0.112124115,0.2591506,-0.5952295,-0.017795926,0.37383118,-0.855787,-0.06445889,0.502968,-0.86988896,-0.12609059,0.59952295,-0.7911149,-0.16529058,0.20177606,-0.5662373,-0.113172136,0.33427054,-0.7470724,-0.15161315,0.45078185,-0.7969253,-0.18245935,0.5498297,-0.7802562,-0.20473026
C,Karol,Right,0.0,0.0,0.0,0.27592275,-0.02506756,0.09105481,0.4467456,-0.094718374,0.101930805,0.5923887,-0.11624327,0.061869733,0.7449217,-0.15448484,0.011404398,0.4137187,-0.49823388,0.22561972,0.5231861,-0.6813264,0.21036448,0.6282662,-0.71111315,0.15216799,0.7136332,-0.692541,0.100517586,0.34494117,-0.5460881,0.10834397,0.47142172,-0.79355735,0.06934654,0.59857553,-0.80389845,-0.0264823,0.69068307,-0.7231576,-0.09850046,0.27581322,-0.57355213,-0.019536372,0.40793467,-0.8131206,-0.061231654,0.5441526,-0.8173469,-0.1363102,0.63931686,-0.7393755,-0.19193916,0.22066173,-0.55491817,-0.1462857,0.36070004,-0.7251463,-0.18500324,0.48055348,-0.770141,-0.22611059,0.58050233,-0.756594,-0.2624729
C,Karol,Right,0.0,0.0,0.0,0.26944894,-0.03707994,0.07988465,0.44171837,-0.10547157,0.0881076,0.5880034,-0.1290044,0.049461495,0.73666686,-0.16895778,0.002286423,0.40498614,-0.5074095,0.21199675,0.5111027,-0.6913249,0.19589841,0.6150907,-0.72283155,0.14031525,0.70314974,-0.7110418,0.09285615,0.34001204,-0.55629003,0.10684293,0.4615634,-0.7984271,0.07236581,0.58789057,-0.8132539,-0.012556435,0.6786072,-0.73448706,-0.075230174,0.2725688,-0.58242804,-0.00914816,0.40148497,-0.82554495,-0.045461796,0.53496975,-0.83202696,-0.10876527,0.62882644,-0.75169796,-0.15394479,0.21756394,-0.56141114,-0.12498404,0.35546955,-0.73811996,-0.15737608,0.47189718,-0.7769903,-0.1884564,0.56566936,-0.74922216,-0.21453474
C,Karol,Right,0.0,0.0,0.0,0.23675647,-0.029226074,0.023923466,0.4287478,-0.10493244,0.01811934,0.5807034,-0.13217078,-0.015248615,0.7196008,-0.17107151,-0.049533013,0.4015626,-0.53256154,0.13063665,0.51488346,-0.72798204,0.09316899,0.6126886,-0.7465608,0.034112696,0.6918193,-0.7125161,-0.0070756315,0.33941475,-0.57791793,0.06946302,0.46836057,-0.8080346,0.025235394,0.5853772,-0.8210679,-0.0485824,0.6654561,-0.746437,-0.09780212,0.2733447,-0.5992006,-0.0035199968,0.40386403,-0.8227038,-0.041163586,0.52575755,-0.83560544,-0.09172109,0.61412925,-0.76729196,-0.12373485,0.21275008,-0.5848043,-0.07991382,0.33179694,-0.74666786,-0.109619476,0.43811128,-0.7948473,-0.1333954,0.53342247,-0.78576154,-0.14887726
C,Karol,Right,0.0,0.0,0.0,0.21277833,-0.0029444657,-0.018257393,0.41049698,-0.051384408,-0.035864495,0.5726647,-0.07946078,-0.0676835,0.7133536,-0.13182412,-0.09551321,0.41105992,-0.50790006,0.08677806,0.53073204,-0.7083988,0.048328698,0.6296692,-0.7342253,-0.006677841,0.7087979,-0.7054116,-0.04231885,0.35293272,-0.56642973,0.05545229,0.4894776,-0.8022889,0.0153976735,0.60139847,-0.81315255,-0.044483554,0.6744477,-0.73731905,-0.08197614,0.29116416,-0.5931659,0.010329836,0.4245305,-0.8290329,-0.026956426,0.5412491,-0.84429085,-0.066080004,0.62705755,-0.7765531,-0.08751757,0.23058723,-0.5821254,-0.040954947,0.35196495,-0.7448438,-0.070127755,0.45285916,-0.79407203,-0.08649691,0.54245013,-0.78350586,-0.093576655
C,Karol,Right,0.0,0.0,0.0,0.22790805,0.0043135667,-0.0034780735,0.41917035,-0.026807806,-0.019067973,0.5652556,-0.049870677,-0.05516238,0.70383734,-0.114579976,-0.08966252,0.41786516,-0.4845709,0.114562735,0.53211486,-0.66292495,0.08145462,0.63519126,-0.69577974,0.028112205,0.7188089,-0.68414354,-0.0070936414,0.3658765,-0.5506602,0.07038936,0.4975794,-0.774246,0.03571543,0.6168022,-0.78376746,-0.022515777,0.6927058,-0.70866996,-0.058957253,0.30548668,-0.5916093,0.0118767135,0.43601733,-0.82785565,-0.019240469,0.5602424,-0.83834803,-0.05526115,0.6460512,-0.76329404,-0.07458172,0.24466047,-0.59798265,-0.05275199,0.36325872,-0.7880736,-0.07893878,0.4753208,-0.82444537,-0.092690244,0.5661275,-0.78530586,-0.097153224
C,Karol,Right,0.0,0.0,0.0,0.23467244,0.015211771,0.026012974,0.42594972,-0.025937669,0.028183376,0.5829317,-0.046294414,0.0029836788,0.725427,-0.108031385,-0.021680314,0.43223786,-0.48256993,0.17187329,0.551726,-0.6564105,0.16793056,0.6516684,-0.689254,0.1277294,0.7328457,-0.6803949,0.094978556,0.3772022,-0.54508615,0.11358426,0.5156044,-0.76405805,0.09790819,0.6356895,-0.77395815,0.039837435,0.7128536,-0.6980309,0.00017187952,0.3212178,-0.58130693,0.042184994,0.45971057,-0.8025656,0.023889981,0.59022415,-0.80272573,-0.014994506,0.68383056,-0.7275234,-0.040267292,0.2717433,-0.5751658,-0.03360228,0.40779084,-0.73485255,-0.05079774,0.521381,-0.7649166,-0.0646023,0.61861104,-0.73672396,-0.073345706
C,Karol,Right,0.0,0.0,0.0,0.23031275,-0.00535916,-0.0117064025,0.43076092,-0.049670137,-0.02900782,0.58175164,-0.07387556,-0.06293455,0.71666676,-0.14445437,-0.09574058,0.43491262,-0.5011264,0.09500205,0.5527763,-0.6917423,0.06032032,0.6438693,-0.71783316,0.0052541643,0.7189778,-0.695033,-0.032328665,0.3698807,-0.5583037,0.056397337,0.49357656,-0.78648645,0.016555155,0.6028883,-0.805669,-0.049965963,0.6762759,-0.73496544,-0.09299173,0.2974074,-0.5868174,0.004630182,0.42153078,-0.8046281,-0.030748194,0.5384651,-0.8273999,-0.074527994,0.6285288,-0.77326447,-0.10094778,0.22472596,-0.57315487,-0.052952684,0.33654448,-0.7402226,-0.081091926,0.43718162,-0.79746693,-0.09845685,0.53061205,-0.7967491,-0.10805486
C,Karol,Right,0.0,0.0,0.0,0.2487246,-0.015816556,0.013528142,0.43964034,-0.06193531,0.0023087135,0.58594847,-0.08644808,-0.03626324,0.7241181,-0.15823984,-0.07526096,0.43118012,-0.5095162,0.14707512,0.5373307,-0.70742846,0.11594783,0.631227,-0.73391473,0.05605721,0.7064621,-0.7077509,0.013754848,0.36589324,-0.5684446,0.08998646,0.4886176,-0.80139065,0.050391916,0.6017174,-0.814637,-0.02815173,0.6779924,-0.7322409,-0.08058106,0.29395914,-0.6068479,0.018999938,0.41903472,-0.8342375,-0.016526554,0.5392192,-0.8456651,-0.07048984,0.62407726,-0.7636461,-0.10391446,0.22204347,-0.60566324,-0.05666233,0.34346774,-0.77323914,-0.086148374,0.44827065,-0.8149025,-0.10998223,0.5378705,-0.7850633,-0.12423466
C,Karol,Right,0.0,0.0,0.0,0.22526471,-0.014056785,-0.019356772,0.42047822,-0.06447847,-0.044754002,0.5712329,-0.08597059,-0.086805016,0.7054464,-0.15476713,-0.12739234,0.41829243,-0.5167679,0.07790853,0.52615285,-0.7198131,0.029746134,0.6236146,-0.74338394,-0.033110242,0.6996916,-0.7076359,-0.072873875,0.354251,-0.5774948,0.041463677,0.47694936,-0.8199697,-0.009570846,0.59068537,-0.83181137,-0.08217312,0.66711885,-0.7449513,-0.12705311,0.28169587,-0.6098409,-0.008305975,0.4044071,-0.8552467,-0.053072892,0.5236079,-0.87006927,-0.104253896,0.6096685,-0.78747857,-0.132645,0.20512359,-0.60258985,-0.06372012,0.32150668,-0.78240585,-0.10001314,0.4266991,-0.83163756,-0.12418603,0.5160944,-0.8026994,-0.13578227
C,Karol,Right,0.0,0.0,0.0,0.20772074,0.00032532823,-0.033005353,0.41117805,-0.053142484,-0.05388502,0.5716281,-0.09113211,-0.08407874,0.71272004,-0.14966366,-0.109243445,0.41073552,-0.50771344,0.06745244,0.529033,-0.69782495,0.024351534,0.62192875,-0.7255074,-0.031776525,0.6988673,-0.7006587,-0.06707115,0.3496974,-0.5658758,0.04682766,0.47624987,-0.78965014,0.008702813,0.57993454,-0.81193185,-0.0452481,0.6563538,-0.75445324,-0.07934053,0.28289098,-0.59051096,0.011679105,0.40483144,-0.80812764,-0.025074014,0.5123069,-0.84010726,-0.057721864,0.5989839,-0.7926098,-0.07466141,0.21313432,-0.5762113,-0.030700043,0.32339516,-0.72770333,-0.058050796,0.41568992,-0.7872393,-0.06958281,0.50101894,-0.79109514,-0.07260805
C,Karol,Right,0.0,0.0,0.0,0.22979923,0.010188532,0.008164311,0.4161774,-0.030795315,0.0031169283,0.5648272,-0.051934596,-0.025248496,0.6978625,-0.10900262,-0.05165255,0.4105035,-0.5000246,0.14225875,0.5236934,-0.6705121,0.117254995,0.62633216,-0.70157295,0.0649237,0.7100275,-0.6890787,0.028234577,0.35974583,-0.5637497,0.09441316,0.49305755,-0.77984816,0.064130835,0.6117371,-0.790654,0.004049424,0.69061947,-0.7159861,-0.035360925,0.30258906,-0.6040842,0.031773888,0.44030818,-0.8237207,0.0029070985,0.56663066,-0.8309122,-0.03606305,0.65665096,-0.7541946,-0.0588769,0.24646685,-0.60876006,-0.036470518,0.37448543,-0.7707084,-0.061395206,0.48431465,-0.81037104,-0.07698416,0.57709754,-0.78380835,-0.08438012
C,Karol,Right,0.0,0.0,0.0,0.23294733,0.019395204,0.008507928,0.42675546,-0.020341026,0.0046540876,0.5773701,-0.041391652,-0.023719067,0.722018,-0.08798179,-0.050315887,0.4170762,-0.48892355,0.14836524,0.5342291,-0.6627036,0.12571369,0.6463667,-0.6935656,0.07606025,0.7344616,-0.6786502,0.041598327,0.37169114,-0.5564495,0.09861421,0.51383036,-0.7726111,0.06993418,0.6431308,-0.7779234,0.010633351,0.720416,-0.6903029,-0.026886834,0.31889263,-0.5990843,0.033809327,0.4651742,-0.82261264,0.005230002,0.5996489,-0.8174862,-0.03392857,0.6872664,-0.7256698,-0.05507332,0.26712224,-0.6087558,-0.036704533,0.3936155,-0.7941,-0.06391723,0.5089611,-0.82133466,-0.08088931,0.6008755,-0.770237,-0.08732274
C,Karol,Right,0.0,0.0,0.0,0.21803878,0.024113435,-0.016898198,0.41998303,0.0035278946,-0.02841269,0.58042604,-0.014502634,-0.05741139,0.7175725,-0.08435087,-0.08318912,0.4372646,-0.46842113,0.124567986,0.56348944,-0.64605975,0.097571395,0.6650513,-0.66445214,0.0455768,0.738133,-0.6369237,0.011892253,0.3941726,-0.54277813,0.09191767,0.53954726,-0.7500262,0.06911615,0.6562332,-0.7593611,0.012044097,0.7234404,-0.68371105,-0.02539417,0.3394566,-0.59697646,0.042810723,0.48135498,-0.8100405,0.019875865,0.5995751,-0.81586736,-0.013969591,0.67409897,-0.738641,-0.03297834,0.27598828,-0.62031674,-0.013970222,0.3898159,-0.8015684,-0.033846814,0.48417208,-0.8373742,-0.041511167,0.5574124,-0.8011097,-0.041663572
C,Karol,Right,0.0,0.0,0.0,0.21674755,0.038185716,-0.017120935,0.41065556,0.014130571,-0.022673288,0.5661597,-0.013245558,-0.04387786,0.7026216,-0.076578714,-0.061438095,0.40543476,-0.43917638,0.12945074,0.5220984,-0.6030604,0.10910294,0.6234911,-0.6400606,0.06466957,0.70272356,-0.6374295,0.035531495,0.36469203,-0.5173985,0.101775736,0.5031541,-0.70892227,0.085809425,0.6203262,-0.7359335,0.038385827,0.6964451,-0.68674713,0.0081475135,0.31075248,-0.5762965,0.057040963,0.44704485,-0.7746085,0.036792375,0.5668981,-0.80186784,0.009315783,0.65198445,-0.7582323,-0.004252922,0.24804705,-0.6084449,0.0048233764,0.36272788,-0.7761663,-0.0137246875,0.46439314,-0.8208222,-0.020205993,0.55252963,-0.80456465,-0.019030293
C,Karol,Right,0.0,0.0,0.0,0.21403971,0.023666149,0.0038079417,0.4092611,-0.035046358,-0.001363416,0.5554907,-0.059404563,-0.029197648,0.69051504,-0.11655454,-0.056449383,0.39898,-0.5233545,0.12660706,0.5140378,-0.72014314,0.098051116,0.6226701,-0.7330778,0.04728165,0.7025036,-0.6901638,0.014169349,0.35523733,-0.57231057,0.07838318,0.48728693,-0.8112921,0.04736257,0.6172075,-0.80462795,-0.011875277,0.69336337,-0.7052551,-0.047959533,0.30244815,-0.60494184,0.016015219,0.4411005,-0.85405856,-0.01337769,0.5741174,-0.8436112,-0.04798161,0.65968615,-0.7515412,-0.06506519,0.244324,-0.6061955,-0.052158237,0.36740637,-0.811789,-0.07902719,0.47621334,-0.8454004,-0.08983667,0.5571387,-0.8048122,-0.09112874
C,Karol,Right,0.0,0.0,0.0,0.26181608,-0.024988566,0.07424681,0.43420196,-0.07330327,0.09329523,0.57237476,-0.09811625,0.069597594,0.705198,-0.15725286,0.04287074,0.40359166,-0.50433457,0.23690012,0.51141703,-0.6855131,0.23856622,0.6157135,-0.7206599,0.19672824,0.7005196,-0.7136331,0.16061509,0.35105023,-0.5592972,0.14571135,0.48205227,-0.7870638,0.12876476,0.6100008,-0.7976783,0.06028903,0.6887186,-0.71035707,0.01193757,0.2962226,-0.59202737,0.04212058,0.43286866,-0.8165336,0.019973626,0.5668066,-0.80715793,-0.02970655,0.6561879,-0.71521115,-0.06290338,0.24954888,-0.58161974,-0.06265693,0.38753322,-0.74842703,-0.085543305,0.49969614,-0.7717428,-0.10664018,0.5905258,-0.73196805,-0.12162522
C,Karol,Right,0.0,0.0,0.0,0.27018526,-0.02731618,0.0977021,0.43867183,-0.08106617,0.12671597,0.5739824,-0.10469973,0.10733081,0.7000711,-0.16825323,0.0830933,0.3928699,-0.5030889,0.26288316,0.50093913,-0.6876661,0.26978517,0.6071542,-0.72230846,0.23053446,0.6943572,-0.7144219,0.19519138,0.34194487,-0.5546895,0.15851599,0.47216865,-0.7881511,0.14648324,0.60537225,-0.80604064,0.07783777,0.68787545,-0.72582877,0.027274743,0.2885079,-0.5863856,0.042563856,0.42684639,-0.8139071,0.022997467,0.56803143,-0.8043616,-0.027525578,0.65869075,-0.71594673,-0.063012384,0.24434678,-0.57328016,-0.07271107,0.3859893,-0.74728143,-0.09446848,0.5019596,-0.7656046,-0.11543323,0.59177923,-0.7232353,-0.13182856
C,Karol,Right,0.0,0.0,0.0,0.24272881,-0.04034615,0.054850288,0.4074758,-0.11388098,0.066625886,0.54432815,-0.15531367,0.04259385,0.66965586,-0.23245606,0.017787917,0.36685595,-0.5374465,0.19635819,0.46368408,-0.7261527,0.18817796,0.56171113,-0.75767446,0.1476749,0.63987637,-0.74799407,0.115933366,0.3205479,-0.58148074,0.12196497,0.43920743,-0.81763566,0.10466344,0.55451447,-0.84100866,0.0488138,0.63045865,-0.7762228,0.010002916,0.27248478,-0.6045106,0.035055693,0.3920079,-0.8386198,0.0168576,0.516078,-0.84883267,-0.018116606,0.6040099,-0.77995837,-0.04130255,0.23332001,-0.58996147,-0.05441319,0.3559537,-0.7639144,-0.0703847,0.4622448,-0.80039924,-0.08106332,0.549802,-0.775713,-0.08804897
C,Karol,Right,0.0,0.0,0.0,0.28119242,-0.013935768,0.17141743,0.4385244,-0.085095115,0.23671459,0.57265055,-0.11646052,0.2328283,0.70227414,-0.16992272,0.21798302,0.3840446,-0.4958735,0.4023679,0.50224435,-0.64251304,0.4554648,0.620587,-0.6797332,0.43962613,0.7064674,-0.68008876,0.41513863,0.35088813,-0.55328697,0.26301178,0.4922667,-0.7736391,0.2876934,0.62797433,-0.7859012,0.22818853,0.7097973,-0.703156,0.18361738,0.32431832,-0.5895616,0.11299927,0.45871928,-0.8188843,0.13098398,0.6086322,-0.80276823,0.08777862,0.7047546,-0.7094512,0.051266998,0.31301603,-0.58206135,-0.03344724,0.45278648,-0.76175135,-0.028327165,0.5834924,-0.7736817,-0.04353987,0.686427,-0.7229424,-0.061046306
C,Karol,Right,0.0,0.0,0.0,0.28190443,-0.0035920965,0.16904691,0.44028375,-0.07369368,0.23431666,0.5773513,-0.09502925,0.22986534,0.71069574,-0.15055978,0.21468872,0.39467105,-0.4779675,0.41587907,0.51381034,-0.61732215,0.47695276,0.63796157,-0.65824187,0.4636689,0.7278471,-0.65626204,0.43990007,0.35876033,-0.53975314,0.27775285,0.5002326,-0.7539751,0.31477153,0.6383467,-0.7632969,0.2573462,0.72529256,-0.67629474,0.21206069,0.33308548,-0.58250695,0.1280259,0.4700943,-0.81202346,0.15461965,0.62247825,-0.7919744,0.112572834,0.71947086,-0.6945226,0.07504963,0.32164204,-0.57816225,-0.018756868,0.46827134,-0.74643713,-0.0075570294,0.5965616,-0.7484761,-0.020426344,0.6930026,-0.69381416,-0.037071366
C,Karol,Right,0.0,0.0,0.0,0.28506947,0.0077672433,0.16678682,0.44363964,-0.06095673,0.22929958,0.5810778,-0.08333102,0.22200736,0.7201221,-0.13849118,0.20365146,0.40327752,-0.46190175,0.41308746,0.5199211,-0.602038,0.47572038,0.6444128,-0.6466977,0.4642011,0.7340868,-0.64741445,0.4411669,0.36614442,-0.52612644,0.27513075,0.50784755,-0.74209,0.3147166,0.6444433,-0.7512871,0.25880682,0.73569804,-0.67183113,0.2137469,0.34013456,-0.5717062,0.12532216,0.47715163,-0.8009176,0.15326564,0.629403,-0.7789944,0.11021888,0.7285938,-0.684946,0.0706955,0.3297129,-0.57204777,-0.021541748,0.4776937,-0.7346554,-0.01036826,0.6067718,-0.73493236,-0.02511464,0.7054776,-0.68396664,-0.044197727
C,Karol,Right,0.0,0.0,0.0,0.28051162,0.0071971817,0.16867627,0.44054022,-0.06218804,0.23521195,0.5799845,-0.084421046,0.23256172,0.7126223,-0.13581432,0.21913938,0.40012598,-0.459953,0.41251394,0.5166759,-0.60027236,0.47491947,0.6403215,-0.646708,0.4624879,0.73033047,-0.6517038,0.43831775,0.3628781,-0.52381426,0.27452067,0.5088413,-0.7379104,0.31211504,0.6456317,-0.7488135,0.2533196,0.7333448,-0.6708755,0.20601624,0.33598098,-0.56926775,0.12541448,0.47534692,-0.79644775,0.15231971,0.62853336,-0.77817935,0.10685059,0.7271171,-0.6865134,0.06560303,0.3242514,-0.5692482,-0.020474771,0.47247604,-0.73197556,-0.010026804,0.6019151,-0.7340941,-0.026154887,0.7011721,-0.68374944,-0.046414364
C,Karol,Right,0.0,0.0,0.0,0.27508563,-0.0030146546,0.13588782,0.43633753,-0.05685902,0.1864368,0.5775033,-0.075283036,0.17884225,0.7077455,-0.13931055,0.16400737,0.40925753,-0.4803262,0.3339708,0.5243265,-0.65163976,0.37061617,0.62771714,-0.6837579,0.34725326,0.7102307,-0.6774474,0.3172199,0.36036694,-0.53829443,0.21087354,0.5022835,-0.76195306,0.22226997,0.62574387,-0.7799502,0.15914369,0.7063309,-0.7078818,0.10880268,0.31702203,-0.5764803,0.076636046,0.45780987,-0.7919914,0.07507894,0.5990759,-0.7825339,0.02692114,0.694567,-0.7025504,-0.012059293,0.28650147,-0.56450087,-0.055194184,0.44033858,-0.71445745,-0.065765865,0.56029755,-0.72748446,-0.08540342,0.6575073,-0.6889125,-0.10546849
C,Karol,Right,0.0,0.0,0.0,0.22103678,-0.014981005,-0.012615993,0.4184797,-0.074688725,-0.028360346,0.56838155,-0.11745063,-0.059866104,0.70674425,-0.17031823,-0.08791211,0.4032378,-0.5274854,0.09109689,0.50326264,-0.72545415,0.051640823,0.5990611,-0.7540285,-0.003106481,0.6805655,-0.7326873,-0.038889397,0.34357283,-0.58219016,0.056528006,0.4606616,-0.8135148,0.013447028,0.5747541,-0.8242909,-0.04615504,0.65560526,-0.7533992,-0.08276878,0.27780503,-0.6100546,0.008556308,0.398511,-0.8311221,-0.031761494,0.52047575,-0.8406478,-0.07125172,0.6148478,-0.7710953,-0.09190298,0.20992209,-0.6027987,-0.045126326,0.32217768,-0.76364374,-0.07703677,0.42675984,-0.80204946,-0.09405186,0.52183115,-0.78004366,-0.100600906
C,Karol,Right,0.0,0.0,0.0,0.23750846,-0.020809244,-0.0009601319,0.42561647,-0.07616135,-0.018276235,0.5759614,-0.1077242,-0.058331005,0.71331394,-0.18110314,-0.09867069,0.4160007,-0.51815957,0.1148615,0.5155421,-0.715064,0.07529112,0.609681,-0.74961877,0.013520441,0.6839486,-0.7295302,-0.028194232,0.35094163,-0.58081985,0.06629586,0.4689324,-0.8183916,0.019770747,0.5800722,-0.832919,-0.05668377,0.6550496,-0.7523978,-0.10590693,0.27771744,-0.61764055,0.004137977,0.39486435,-0.8550173,-0.036718264,0.512934,-0.87135994,-0.09119778,0.59762716,-0.7919744,-0.12366355,0.20334847,-0.61458075,-0.06310682,0.31687528,-0.7969784,-0.097465806,0.42498934,-0.84507245,-0.124069564,0.52008945,-0.81723666,-0.13922392
C,Karol,Right,0.0,0.0,0.0,0.24124041,-0.018831016,0.014559443,0.42782417,-0.074679054,0.005141457,0.5755391,-0.10816874,-0.03039065,0.7089159,-0.17840432,-0.067036875,0.42048526,-0.5074532,0.13284883,0.5193553,-0.7055987,0.09883293,0.6132709,-0.74106663,0.040408567,0.6890584,-0.72470576,-0.00041651563,0.3546623,-0.57054794,0.07587528,0.47278094,-0.80975413,0.032231756,0.58449894,-0.82521224,-0.043838054,0.65954536,-0.7481661,-0.09350919,0.28141496,-0.6087062,0.006046915,0.3974772,-0.8473018,-0.0340876,0.5174079,-0.8641287,-0.09036774,0.60336304,-0.7859553,-0.12465776,0.20782396,-0.6073135,-0.06754171,0.31869778,-0.78954774,-0.101887874,0.4240438,-0.8354248,-0.12931938,0.5160916,-0.8062713,-0.14592215
C,Karol,Right,0.0,0.0,0.0,0.2290539,-0.008224441,-0.020827688,0.42583734,-0.0469601,-0.040676977,0.57201785,-0.08372438,-0.07557425,0.7003794,-0.1608138,-0.10897646,0.42242047,-0.4947837,0.08432523,0.52619284,-0.7031103,0.0444033,0.61788493,-0.7355491,-0.013679739,0.69520706,-0.710976,-0.05182022,0.35604107,-0.55895716,0.05223317,0.4656687,-0.805945,0.008870957,0.57556856,-0.82798207,-0.060175106,0.65574694,-0.7536022,-0.104649775,0.2833685,-0.5928038,0.0064543327,0.3955117,-0.84175515,-0.03527466,0.513673,-0.86692375,-0.088035196,0.60455245,-0.79656535,-0.11846584,0.20899251,-0.58826363,-0.044874847,0.32164046,-0.7757856,-0.08167407,0.4256348,-0.8197136,-0.10719336,0.5166616,-0.78771406,-0.12004613
C,Karol,Right,0.0,0.0,0.0,0.23870216,-0.01466981,-0.0075273807,0.42888337,-0.06302489,-0.023133224,0.5734374,-0.096440725,-0.05933655,0.6938846,-0.18912168,-0.094844975,0.42445025,-0.5050378,0.114563435,0.5274057,-0.706321,0.08028005,0.61700475,-0.7412256,0.02348609,0.6893159,-0.72446084,-0.015397798,0.35644937,-0.5649076,0.07052997,0.47673604,-0.79823166,0.025468515,0.5842015,-0.8087956,-0.04886337,0.65852386,-0.7305127,-0.09581957,0.28171676,-0.60390675,0.012015399,0.40328324,-0.8369537,-0.030125141,0.51829547,-0.8523986,-0.084482774,0.6015474,-0.7795456,-0.11573159,0.20515549,-0.60489833,-0.051938023,0.32403538,-0.7828006,-0.08683423,0.42797488,-0.83017725,-0.11270269,0.5190985,-0.80570054,-0.12712108
C,Karol,Right,0.0,0.0,0.0,0.2233725,-0.01336751,-0.026576461,0.41896728,-0.06299128,-0.048412494,0.5691174,-0.1001862,-0.08286079,0.6919276,-0.18589655,-0.11396232,0.42094284,-0.5107336,0.07378759,0.52422935,-0.7182742,0.030979745,0.6098578,-0.7518724,-0.026279524,0.6808151,-0.7324553,-0.06303287,0.35166392,-0.5696573,0.04507956,0.4675399,-0.8081713,-0.0032462992,0.5691771,-0.8225392,-0.068654016,0.6422897,-0.7505952,-0.10860703,0.27497658,-0.6021571,0.0022796604,0.3910758,-0.83486724,-0.04218158,0.5004244,-0.8554348,-0.08800263,0.5866843,-0.7912452,-0.11267907,0.19491754,-0.59858465,-0.046792537,0.3058422,-0.7694342,-0.081759855,0.40123683,-0.8212623,-0.10257547,0.48946723,-0.8070381,-0.11205099
C,Karol,Right,0.0,0.0,0.0,0.21274191,-0.0119089475,-0.04104336,0.4180793,-0.0634523,-0.06970167,0.56086034,-0.099562444,-0.10655443,0.68436456,-0.17393057,-0.13938716,0.40694204,-0.52782047,0.033574108,0.49939534,-0.76124364,-0.021114875,0.5862567,-0.7874471,-0.08233944,0.6587446,-0.75236666,-0.11877126,0.3289053,-0.58202225,0.01254875,0.427535,-0.84769416,-0.04283724,0.52696306,-0.8615792,-0.10503123,0.60164213,-0.78101337,-0.1410995,0.24471612,-0.6060899,-0.021691792,0.34983918,-0.8563198,-0.074241586,0.45574963,-0.86505735,-0.11702438,0.54156184,-0.7864517,-0.13657857,0.15555702,-0.5968158,-0.06272614,0.26397732,-0.7730492,-0.107816905,0.3576415,-0.80798596,-0.12933066,0.4399605,-0.77439654,-0.13543475
C,Karol,Right,0.0,0.0,0.0,0.15128955,0.0115939565,-0.06248071,0.30540708,0.0040196422,-0.09790761,0.4135864,0.011423423,-0.13383868,0.48013538,-0.017567609,-0.16802876,0.34550855,-0.41339844,-0.001448834,0.45543474,-0.5732217,-0.03940974,0.52851564,-0.65881705,-0.08768972,0.59877956,-0.72472906,-0.123006314,0.2883671,-0.47321022,-0.00912062,0.3933621,-0.66629404,-0.038691692,0.47283354,-0.76860327,-0.0868591,0.5515009,-0.8341743,-0.12379127,0.22277822,-0.49461764,-0.029087842,0.32010275,-0.6825794,-0.05905498,0.3994452,-0.77551776,-0.094924554,0.47633594,-0.835684,-0.12024643,0.15253621,-0.47698894,-0.057798155,0.24283926,-0.61827326,-0.080735214,0.29882416,-0.70089823,-0.09266921,0.3525251,-0.7614477,-0.1011675
C,Karol,Left,0.0,0.0,0.0,-0.22453284,0.11093655,-0.023284215,-0.45245835,0.08532111,-0.03356771,-0.62763387,0.014816274,-0.049852304,-0.7809633,-0.05080639,-0.064957,-0.46472296,-0.2840668,0.039505932,-0.601443,-0.48153663,0.025252413,-0.707763,-0.57068455,0.005181161,-0.78155124,-0.62216043,-0.007372369,-0.40384904,-0.39406264,0.027796702,-0.55324805,-0.6009774,0.033362307,-0.66082513,-0.6573022,0.025627038,-0.7355036,-0.6775208,0.014834058,-0.34137797,-0.47034094,0.0060961563,-0.48569003,-0.67792666,0.012104473,-0.5872182,-0.71791553,0.021688186,-0.66131973,-0.7122186,0.023794001,-0.27789184,-0.52425617,-0.021608802,-0.40374702,-0.70593995,-0.01820183,-0.50567645,-0.7552173,-0.006081037,-0.5793422,-0.7590966,0.0022871327
C,Karol,Left,0.0,0.0,0.0,-0.24979867,0.04486746,0.051512916,-0.47798768,-0.0302432,0.06699714,-0.6455854,-0.08604735,0.0443811,-0.790711,-0.16233644,0.026381018,-0.48244044,-0.45996338,0.19758366,-0.6106211,-0.6786414,0.1539328,-0.722235,-0.67088026,0.09213328,-0.7905045,-0.58447355,0.05468716,-0.4323259,-0.52915764,0.11754483,-0.58941513,-0.7812229,0.06684157,-0.72900206,-0.74361974,0.0043883687,-0.794131,-0.6077466,-0.028885478,-0.36903426,-0.56976414,0.019570896,-0.52869827,-0.8207154,-0.025153428,-0.68182534,-0.7492054,-0.06351949,-0.7589046,-0.60718113,-0.0803894,-0.29536542,-0.5865457,-0.08131086,-0.4426339,-0.7763902,-0.12010578,-0.57245785,-0.73664325,-0.14217968,-0.6484307,-0.6324835,-0.15163507
C,Karol,Left,0.0,0.0,0.0,-0.24207856,0.028090725,0.05392412,-0.4800738,-0.06124237,0.0719514,-0.64795315,-0.12411448,0.05155733,-0.79508793,-0.17548558,0.035101928,-0.486149,-0.45886505,0.19177462,-0.62907326,-0.6517834,0.14917916,-0.74509585,-0.6227711,0.08820876,-0.8229868,-0.5341411,0.049356014,-0.4384181,-0.52665573,0.11020915,-0.606195,-0.77192086,0.061470997,-0.7511089,-0.7059193,0.0045069274,-0.82549167,-0.5644143,-0.02694726,-0.38239634,-0.56161827,0.011063466,-0.55110794,-0.7908615,-0.03142067,-0.7035384,-0.69999784,-0.0680598,-0.78213525,-0.55611145,-0.086833805,-0.3233426,-0.5703384,-0.09092983,-0.4839785,-0.71746093,-0.12030707,-0.6111414,-0.65163,-0.13639195,-0.6843351,-0.5370796,-0.1461595
C,Karol,Left,0.0,0.0,0.0,-0.24848138,0.021330079,0.0649054,-0.4743224,-0.06262732,0.085330136,-0.638217,-0.11719168,0.06467557,-0.78945017,-0.16673802,0.046252795,-0.4915622,-0.448988,0.21117343,-0.6320582,-0.6305574,0.17407754,-0.7471912,-0.61757255,0.11451479,-0.82411844,-0.53843474,0.076278314,-0.44288275,-0.5173303,0.12292713,-0.6034242,-0.7608996,0.08029404,-0.74696,-0.71605635,0.025591098,-0.81807584,-0.5751104,-0.004394293,-0.3858075,-0.54929805,0.016947817,-0.5435981,-0.79191047,-0.017928414,-0.6977594,-0.722991,-0.047304746,-0.7787468,-0.58718354,-0.061795853,-0.32728496,-0.54991585,-0.09191565,-0.4797474,-0.7091933,-0.11920731,-0.60783666,-0.6597689,-0.13222022,-0.68646485,-0.55755717,-0.13881008
C,Karol,Left,0.0,0.0,0.0,-0.25084594,0.026424466,0.05747695,-0.47917712,-0.06273461,0.06896093,-0.64689356,-0.11676053,0.040102106,-0.8013325,-0.15591261,0.01478933,-0.50121176,-0.46077007,0.18872468,-0.64825904,-0.6605801,0.13767487,-0.7650116,-0.6269258,0.074353956,-0.83072525,-0.5243345,0.038167626,-0.4527853,-0.5248693,0.10164703,-0.61893976,-0.7843734,0.05195051,-0.76513183,-0.7183588,0.0028011296,-0.8270856,-0.5620759,-0.020478897,-0.39254913,-0.55340606,-0.0039562904,-0.5572675,-0.8095297,-0.044142436,-0.71425986,-0.7141992,-0.06737175,-0.7848825,-0.561146,-0.07505127,-0.33129013,-0.55070394,-0.11318439,-0.49149546,-0.7205868,-0.14255328,-0.6184486,-0.6517898,-0.15185203,-0.6832616,-0.52945745,-0.1534535
C,Karol,Left,0.0,0.0,0.0,-0.24792409,0.034408804,0.055128664,-0.48015198,-0.057957586,0.06805193,-0.6481952,-0.1121302,0.041942038,-0.80103165,-0.1467677,0.019473959,-0.50265753,-0.45198455,0.18559468,-0.6469738,-0.6418298,0.1368744,-0.7670365,-0.6124965,0.07557782,-0.83622605,-0.5192598,0.039049108,-0.45923892,-0.51793116,0.100824244,-0.6288565,-0.76996285,0.049549695,-0.7756825,-0.7036154,0.00017061352,-0.8357751,-0.54907197,-0.023535104,-0.40319183,-0.5479687,-0.0022316044,-0.56923664,-0.7960278,-0.04223314,-0.7292274,-0.7045211,-0.06781725,-0.80185133,-0.55521923,-0.0779247,-0.34414005,-0.547373,-0.109109,-0.50248784,-0.7137665,-0.13717696,-0.6355903,-0.65955687,-0.14981121,-0.7087385,-0.5517843,-0.15529986
C,Karol,Left,0.0,0.0,0.0,-0.24205944,0.03283721,0.027610764,-0.4767312,-0.058726102,0.032352403,-0.64471,-0.11905885,0.006120291,-0.7915537,-0.16103768,-0.014463067,-0.49334997,-0.46424478,0.1564977,-0.6302712,-0.6606726,0.102864884,-0.74438787,-0.6374697,0.036930636,-0.8178755,-0.5477346,-0.0019991605,-0.44862172,-0.52983946,0.09277001,-0.60763687,-0.77903,0.036968052,-0.74556077,-0.7219271,-0.019114148,-0.8147006,-0.57988185,-0.04694945,-0.39230052,-0.5629488,0.010754859,-0.54699093,-0.80984753,-0.031176697,-0.6970512,-0.7339333,-0.06308229,-0.7747699,-0.59171695,-0.07628246,-0.32957476,-0.5651623,-0.07622861,-0.47404054,-0.73371214,-0.10139275,-0.5992093,-0.696502,-0.11520599,-0.674022,-0.5984402,-0.12116427
C,Karol,Left,0.0,0.0,0.0,-0.21560208,-0.010525396,0.016238166,-0.43566066,-0.13779016,0.011807543,-0.60543644,-0.21515359,-0.018398706,-0.756914,-0.23889507,-0.042842876,-0.42990392,-0.5270995,0.12274982,-0.5757381,-0.7332732,0.06178645,-0.69681096,-0.7141664,-0.0041612955,-0.77582484,-0.63094836,-0.04075421,-0.38202757,-0.58390504,0.06938476,-0.5430059,-0.82253265,0.01474927,-0.6796914,-0.77425706,-0.03574015,-0.75585544,-0.6523519,-0.059629627,-0.32668895,-0.61296487,-8.504044e-05,-0.4759512,-0.8519461,-0.038167246,-0.62125605,-0.8063553,-0.056959983,-0.7094483,-0.69442314,-0.061001696,-0.26504406,-0.61262476,-0.07480431,-0.39666805,-0.788895,-0.092318155,-0.5134755,-0.8139688,-0.09520915,-0.5969869,-0.77859473,-0.09265898
C,Karol,Left,0.0,0.0,0.0,-0.1935082,-0.010417974,-0.009627579,-0.40898848,-0.15164998,-0.03293822,-0.58006734,-0.24079554,-0.07531755,-0.7309188,-0.29995275,-0.111979686,-0.36711925,-0.5369224,0.04731893,-0.50377554,-0.75480783,-0.03241985,-0.6469596,-0.7329956,-0.09895704,-0.7328228,-0.6423476,-0.13386942,-0.31402713,-0.5860802,-0.0015220066,-0.46637952,-0.87011194,-0.07121985,-0.6324956,-0.8144182,-0.11453317,-0.72573966,-0.68796945,-0.13226613,-0.2523693,-0.60260004,-0.06610829,-0.40854776,-0.89031035,-0.12952614,-0.589372,-0.828853,-0.1539263,-0.69630444,-0.7068437,-0.15825692,-0.1945368,-0.5779081,-0.13527313,-0.36273032,-0.7547236,-0.18623926,-0.511054,-0.7259139,-0.20314367,-0.6055304,-0.6407648,-0.2060512
C,Karol,Left,0.0,0.0,0.0,-0.22384241,-0.037425727,0.013471757,-0.43220192,-0.18055879,-0.0032769372,-0.5916326,-0.2646199,-0.04739369,-0.73989314,-0.32498953,-0.086963974,-0.38366157,-0.5530505,0.08833282,-0.53530735,-0.7771785,0.001828868,-0.67458,-0.7432442,-0.07559446,-0.7573814,-0.6458949,-0.11835169,-0.3262263,-0.5962095,0.0222378,-0.4925301,-0.88904816,-0.06572365,-0.6569498,-0.8170734,-0.13062224,-0.74094397,-0.67156684,-0.15994617,-0.2584071,-0.6032852,-0.060148824,-0.42064062,-0.89484507,-0.13212234,-0.5997418,-0.8163109,-0.17032565,-0.69559103,-0.6812034,-0.18246903,-0.19422516,-0.5705143,-0.14604488,-0.35943726,-0.7596339,-0.1968015,-0.51031935,-0.7296523,-0.21910857,-0.60427445,-0.6487767,-0.22725546
C,Karol,Left,0.0,0.0,0.0,-0.21340199,-0.04575955,-0.00275458,-0.41973343,-0.19202009,-0.027124548,-0.58596873,-0.2753537,-0.07517671,-0.73820037,-0.33675414,-0.118895076,-0.37571228,-0.5549919,0.06568651,-0.5275299,-0.7770438,-0.026728991,-0.66391873,-0.7481032,-0.10767106,-0.75386107,-0.65703386,-0.15295012,-0.31793252,-0.5924349,0.006940287,-0.4899239,-0.87992424,-0.091886126,-0.64967,-0.80685,-0.1632712,-0.73984426,-0.6592429,-0.19550525,-0.24883276,-0.595337,-0.068078764,-0.417026,-0.8806196,-0.15054516,-0.5918953,-0.8048382,-0.19396102,-0.6934578,-0.66985667,-0.20726126,-0.18286441,-0.560014,-0.14706947,-0.3575987,-0.74487764,-0.20515482,-0.50694144,-0.71815807,-0.23218732,-0.60624295,-0.640618,-0.24288367
C,Karol,Left,0.0,0.0,0.0,-0.21723583,-0.040904358,-0.0021930337,-0.42407086,-0.18392947,-0.028625522,-0.5902685,-0.2668021,-0.07826821,-0.74498063,-0.3258894,-0.12304436,-0.3754295,-0.55669034,0.06181984,-0.5276123,-0.7794056,-0.03234783,-0.66863286,-0.7448564,-0.113099426,-0.75782716,-0.6505249,-0.1575653,-0.3145806,-0.59606224,0.0027288783,-0.4857317,-0.8855852,-0.093948595,-0.65233237,-0.8097296,-0.15974848,-0.7439111,-0.66827863,-0.1883036,-0.24480212,-0.5973327,-0.07295125,-0.41538513,-0.88006586,-0.15474828,-0.59800506,-0.8001802,-0.19199221,-0.70244414,-0.6707357,-0.2011538,-0.18138492,-0.559095,-0.15254863,-0.35740048,-0.7415398,-0.2108132,-0.51048917,-0.7071188,-0.2335274,-0.6104844,-0.62888414,-0.24050188
C,Karol,Left,0.0,0.0,0.0,-0.22727323,-0.03435602,0.022299906,-0.45083648,-0.18927933,0.0132205,-0.60649127,-0.25191733,-0.01971723,-0.7465646,-0.27125785,-0.05204595,-0.3903304,-0.5392864,0.07151329,-0.54755557,-0.7070064,-0.0043034316,-0.6712146,-0.68118554,-0.07321497,-0.76810306,-0.6145988,-0.112454794,-0.33828577,-0.5860818,0.007134423,-0.50567436,-0.8333134,-0.06911861,-0.6570677,-0.77555764,-0.12053599,-0.7524487,-0.65865093,-0.14232163,-0.28159252,-0.57170606,-0.069817565,-0.44403073,-0.8050146,-0.13828869,-0.61235785,-0.7459196,-0.16685759,-0.72747797,-0.65159637,-0.17318828,-0.23119819,-0.5112583,-0.14754508,-0.3800628,-0.68045264,-0.19355838,-0.5110183,-0.6685634,-0.20463778,-0.61044157,-0.6172329,-0.20608103
C,Karol,Left,0.0,0.0,0.0,-0.26644602,-0.074127354,0.094669126,-0.4654185,-0.22542085,0.106698096,-0.62365776,-0.28023484,0.08082991,-0.7590324,-0.3154408,0.05613758,-0.3144671,-0.6624591,0.12142506,-0.5467428,-0.84092253,0.08094073,-0.69603556,-0.7425062,0.041647572,-0.7659368,-0.61975855,0.019606704,-0.28048646,-0.6801174,0.032982502,-0.56576484,-0.87703073,0.008755036,-0.7252987,-0.75452214,-0.014094556,-0.78245586,-0.62270606,-0.032399077,-0.2749822,-0.63045216,-0.05991458,-0.55659926,-0.85349655,-0.086436525,-0.7142714,-0.7245906,-0.089500494,-0.7764308,-0.5819889,-0.09342724,-0.31113356,-0.5254023,-0.14748867,-0.5384077,-0.70691437,-0.17002179,-0.6700221,-0.63059103,-0.16412564,-0.73530453,-0.512662,-0.15991321
C,Karol,Left,0.0,0.0,0.0,-0.25178194,-0.12016474,0.15910242,-0.4092078,-0.2541256,0.18749167,-0.55738944,-0.3130223,0.16712989,-0.6855131,-0.349641,0.14050847,-0.25905532,-0.6696536,0.16899055,-0.50706553,-0.8323971,0.15875496,-0.647195,-0.75211614,0.13939066,-0.717115,-0.64370126,0.12988497,-0.240659,-0.6829074,0.057138182,-0.5436725,-0.8714151,0.060442302,-0.69412434,-0.7781344,0.048724275,-0.75641954,-0.65408677,0.03532009,-0.2523627,-0.61980075,-0.050026864,-0.53948164,-0.8271347,-0.04345515,-0.681628,-0.7434774,-0.03209187,-0.74607456,-0.6284429,-0.031714886,-0.30072072,-0.5074049,-0.14599717,-0.5305605,-0.69258356,-0.13727632,-0.651176,-0.6634968,-0.11312593,-0.7179584,-0.5796396,-0.09895408
C,Karol,Left,0.0,0.0,0.0,-0.23469022,-0.11300971,0.10198865,-0.40737516,-0.26092657,0.124388486,-0.5609248,-0.3207069,0.121290736,-0.6898814,-0.34542927,0.11770821,-0.28210667,-0.6637158,0.09042269,-0.5314979,-0.81084305,0.087319806,-0.6612834,-0.7288454,0.079880476,-0.7332333,-0.6265381,0.07875745,-0.26564944,-0.6906658,0.028752992,-0.5645212,-0.85147464,0.036064133,-0.69841,-0.76572275,0.031943854,-0.76252276,-0.6469614,0.022303129,-0.27680013,-0.6397549,-0.026478197,-0.55804807,-0.8151289,-0.012913735,-0.68146425,-0.73760265,-0.006598225,-0.7417877,-0.6240947,-0.01213579,-0.32102612,-0.54476655,-0.07306719,-0.5339353,-0.68890965,-0.06434735,-0.64112955,-0.6641371,-0.05392239,-0.70598584,-0.59223366,-0.050474882
C,Karol,Left,0.0,0.0,0.0,-0.23748234,-0.109503016,0.15524377,-0.39552742,-0.24126476,0.19021882,-0.5411164,-0.29092237,0.18344282,-0.66997397,-0.31920654,0.17116348,-0.29081774,-0.64966774,0.13473405,-0.52866423,-0.8131579,0.123308465,-0.66084725,-0.72842467,0.10974976,-0.72736114,-0.62374157,0.10349214,-0.26595894,-0.6663884,0.03001166,-0.5564684,-0.8551263,0.030492185,-0.695646,-0.77260673,0.023338582,-0.75270677,-0.65835595,0.010943361,-0.27195835,-0.60099864,-0.06768734,-0.5546086,-0.8263233,-0.06498233,-0.69029427,-0.74934703,-0.052494608,-0.75561285,-0.6403839,-0.05354183,-0.315576,-0.48276755,-0.15310845,-0.5399329,-0.6684074,-0.15796821,-0.6511204,-0.6546533,-0.1440703,-0.713782,-0.58974034,-0.13742736
C,Karol,Left,0.0,0.0,0.0,-0.24542168,-0.059133153,0.16600367,-0.39210558,-0.19504899,0.20273693,-0.53117114,-0.24452206,0.18910116,-0.6629418,-0.2802525,0.1683091,-0.2753998,-0.65852386,0.17034818,-0.49119467,-0.88254005,0.1478108,-0.63956064,-0.7935967,0.12062868,-0.70218813,-0.66793096,0.106161006,-0.24704744,-0.67855084,0.048940364,-0.5254262,-0.90325344,0.046907764,-0.68000996,-0.794149,0.034917988,-0.725005,-0.6650906,0.019266838,-0.2559351,-0.63332474,-0.07083296,-0.5210514,-0.8968599,-0.0710017,-0.6747761,-0.8015504,-0.062479027,-0.7367139,-0.6762046,-0.06769424,-0.30513182,-0.5497029,-0.18005964,-0.5105166,-0.7643468,-0.18733557,-0.6266242,-0.73556656,-0.17543073,-0.68682694,-0.6481501,-0.17152628
C,Karol,Left,0.0,0.0,0.0,-0.24460328,-0.026460838,0.30554783,-0.39341143,-0.14407519,0.41613516,-0.52983505,-0.2002594,0.4430295,-0.672809,-0.23372671,0.4535228,-0.2690578,-0.6375109,0.40499613,-0.4664592,-0.8250201,0.4553611,-0.6052447,-0.76326764,0.46165878,-0.6733023,-0.6493326,0.4618303,-0.25219795,-0.68193084,0.21885958,-0.501463,-0.901036,0.28533658,-0.6580824,-0.80706286,0.2904694,-0.7200788,-0.68090165,0.28143808,-0.2678071,-0.66198987,0.037211116,-0.5156162,-0.9005446,0.090772234,-0.6661346,-0.80285764,0.11691973,-0.7420565,-0.6703374,0.11461034,-0.32610428,-0.6010457,-0.126717,-0.52675223,-0.78298354,-0.1003043,-0.64140564,-0.7320311,-0.073174424,-0.70978844,-0.63571995,-0.06382875
C,Karol,Left,0.0,0.0,0.0,-0.23956248,-0.036988594,0.19584894,-0.38988093,-0.16843101,0.24648899,-0.5301753,-0.21809974,0.23630914,-0.6677681,-0.24843264,0.21601273,-0.27193287,-0.6405391,0.24887432,-0.464622,-0.8481284,0.24971858,-0.60414225,-0.78986293,0.22944918,-0.67754054,-0.6815473,0.2161535,-0.24741922,-0.6822532,0.10988858,-0.5017167,-0.90421623,0.12953053,-0.6578209,-0.8173827,0.119414546,-0.7194953,-0.6873822,0.10309327,-0.25839323,-0.6568264,-0.028996076,-0.50711685,-0.90161306,-0.011053599,-0.6579915,-0.8148864,-0.00054685626,-0.7291222,-0.6843835,-0.007975687,-0.3113755,-0.58923924,-0.15750118,-0.5038401,-0.7858984,-0.14590299,-0.61623114,-0.752893,-0.12703125,-0.6832662,-0.6620402,-0.12265244
C,Karol,Left,0.0,0.0,0.0,-0.24032092,-0.032698322,0.25893196,-0.38408697,-0.16363455,0.35125062,-0.51667655,-0.21915604,0.3681475,-0.655104,-0.2672303,0.37131634,-0.25648454,-0.6517323,0.36553788,-0.46431926,-0.82148427,0.40619838,-0.60480607,-0.7663192,0.40465537,-0.67349136,-0.6659755,0.40093404,-0.24166432,-0.70032096,0.2017795,-0.4973577,-0.90367186,0.26483747,-0.6559755,-0.8183541,0.26594806,-0.71530503,-0.69371367,0.25345218,-0.26093596,-0.6803336,0.039298065,-0.5150559,-0.9074066,0.086321086,-0.66895914,-0.805245,0.10237737,-0.7384008,-0.6743621,0.09507569,-0.32467315,-0.6176301,-0.1088136,-0.5335349,-0.80374897,-0.082441896,-0.65181524,-0.73826075,-0.056554634,-0.71635276,-0.62406427,-0.04779756
C,Karol,Left,0.0,0.0,0.0,-0.25115407,-0.07307903,0.24279153,-0.410801,-0.18806142,0.3166085,-0.5526351,-0.23080435,0.32389647,-0.68412566,-0.255749,0.3180372,-0.32468894,-0.63349044,0.2538667,-0.52821785,-0.84307474,0.23712501,-0.6591237,-0.77370703,0.21373622,-0.7147945,-0.6556389,0.20076284,-0.2845061,-0.6592945,0.08761995,-0.5536403,-0.88791305,0.07321857,-0.7009194,-0.79439634,0.061788943,-0.75130534,-0.65364283,0.053091433,-0.2730814,-0.62152576,-0.07562915,-0.53837407,-0.8622078,-0.0877237,-0.6857428,-0.77639437,-0.07078194,-0.75065535,-0.660694,-0.064694904,-0.2938365,-0.5532442,-0.22340836,-0.485586,-0.76594216,-0.24936427,-0.60194325,-0.77583766,-0.24667095,-0.6717435,-0.7333006,-0.24678046
C,Karol,Left,0.0,0.0,0.0,-0.2673142,-0.038569827,0.32403764,-0.4340613,-0.1267499,0.441174,-0.5763449,-0.16569169,0.47646415,-0.72264224,-0.21025309,0.4977658,-0.33889607,-0.62224287,0.35103896,-0.55238354,-0.801602,0.37137663,-0.6946668,-0.72090656,0.3839155,-0.73886955,-0.59980893,0.3990957,-0.31107497,-0.6467468,0.15286149,-0.5822537,-0.8801389,0.1574267,-0.7349312,-0.76145077,0.17452466,-0.7723432,-0.6180148,0.19893715,-0.30964693,-0.61644334,-0.036837064,-0.5690672,-0.8634415,-0.041853577,-0.7258001,-0.7624665,0.010162102,-0.77716494,-0.62929696,0.055136535,-0.34090674,-0.5493313,-0.20391572,-0.5612243,-0.76028174,-0.22366397,-0.690792,-0.7388708,-0.191881,-0.7392049,-0.66341746,-0.15749635
C,Karol,Left,0.0,0.0,0.0,-0.24064915,0.024134597,0.34505814,-0.41804892,-0.0607121,0.49972114,-0.5669543,-0.1096246,0.5618373,-0.717646,-0.1669042,0.6104355,-0.333492,-0.5690662,0.54658383,-0.53098136,-0.73726517,0.63652724,-0.66557604,-0.674712,0.6575622,-0.730364,-0.5657658,0.6693608,-0.32811645,-0.6352535,0.35066462,-0.56774825,-0.83755934,0.45069122,-0.72149837,-0.72657,0.4575181,-0.7738671,-0.58389086,0.45631245,-0.34557304,-0.6555419,0.15484144,-0.5815036,-0.86198425,0.23631607,-0.7324034,-0.749744,0.27148244,-0.7889474,-0.6117002,0.28207517,-0.38849634,-0.6459933,-0.02249602,-0.59803337,-0.8124806,0.02814782,-0.72179776,-0.73964787,0.069125205,-0.7770773,-0.6294052,0.09351868
C,Karol,Left,0.0,0.0,0.0,-0.24038982,0.043380905,0.34929895,-0.41264814,-0.03471949,0.51239353,-0.5631072,-0.08023168,0.5828945,-0.7159965,-0.119605355,0.6418484,-0.33593097,-0.54508674,0.5782562,-0.5319299,-0.71173453,0.6827987,-0.6651707,-0.6408521,0.7134098,-0.72172713,-0.52673686,0.7325267,-0.3305235,-0.62359864,0.38904884,-0.5751321,-0.82074773,0.5048639,-0.72769433,-0.70028394,0.5239995,-0.7774136,-0.55800056,0.53214777,-0.34908277,-0.6511773,0.1985907,-0.58648425,-0.8536258,0.29449505,-0.7398903,-0.7414433,0.34145442,-0.79269856,-0.6025349,0.36024025,-0.39124992,-0.6477903,0.025811758,-0.59984434,-0.8087565,0.09126692,-0.7212032,-0.7407169,0.14160627,-0.77291256,-0.6345125,0.172722
C,Karol,Left,0.0,0.0,0.0,-0.23366627,0.061058555,0.3348979,-0.39724877,0.017456166,0.50630397,-0.53543043,-0.0260987,0.5901456,-0.67502165,-0.084244125,0.6672873,-0.34055606,-0.47133693,0.58505106,-0.50723225,-0.63790643,0.6915717,-0.63390654,-0.6223918,0.7283584,-0.6981592,-0.5402181,0.7551277,-0.33418486,-0.55205554,0.40635487,-0.52972066,-0.77892697,0.51455534,-0.67875564,-0.71274,0.54001427,-0.7461716,-0.581423,0.56209534,-0.35350564,-0.60120416,0.22254264,-0.54618263,-0.81910515,0.30367267,-0.6963898,-0.7463114,0.35657644,-0.76278514,-0.62381226,0.39255506,-0.38978127,-0.6259258,0.054820426,-0.5741417,-0.78417027,0.10569269,-0.6963992,-0.7366246,0.15310541,-0.76303625,-0.6463557,0.19146758
C,Karol,Left,0.0,0.0,0.0,-0.22037591,0.08126114,0.34499216,-0.39310786,0.03331275,0.5122574,-0.54007953,-0.01110799,0.5856974,-0.6902755,-0.06419266,0.6497585,-0.3391814,-0.48506,0.5944914,-0.52123755,-0.6512366,0.70346266,-0.65575385,-0.6034801,0.7406945,-0.71123147,-0.5024313,0.76577413,-0.343693,-0.5701176,0.40522996,-0.5690936,-0.79225445,0.5195644,-0.72360075,-0.6855661,0.54691935,-0.7744251,-0.5488736,0.566317,-0.367836,-0.615405,0.21133855,-0.59293157,-0.8385504,0.30144325,-0.7438479,-0.727115,0.35743752,-0.79289764,-0.58840656,0.3893328,-0.40732017,-0.6272452,0.033390675,-0.6156214,-0.7942084,0.09531833,-0.74124944,-0.7188604,0.1494919,-0.7940207,-0.60789067,0.18756993
C,Karol,Left,0.0,0.0,0.0,-0.22304453,-0.058440235,0.30269077,-0.3682507,-0.18399982,0.42133516,-0.48870957,-0.23154855,0.46194255,-0.6106675,-0.27291858,0.48900166,-0.27404627,-0.6570182,0.3812728,-0.4488926,-0.8626693,0.42053884,-0.5753296,-0.8144618,0.43059242,-0.629317,-0.70834935,0.44017363,-0.25679225,-0.6835706,0.20035025,-0.48384723,-0.9189446,0.24471618,-0.6193115,-0.8337352,0.26048246,-0.66102666,-0.71267486,0.27180764,-0.2669533,-0.6613101,0.023475854,-0.4936957,-0.91216695,0.05559825,-0.62895614,-0.83823776,0.09342666,-0.6822413,-0.7311271,0.11411099,-0.3085985,-0.6095945,-0.13482398,-0.49747992,-0.8334101,-0.1252581,-0.60363954,-0.82024676,-0.09594966,-0.65193886,-0.7538648,-0.07477908
C,Karol,Left,0.0,0.0,0.0,-0.23072942,-0.06528028,0.17744114,-0.36523739,-0.198536,0.22742087,-0.49203566,-0.24991336,0.22645162,-0.60583997,-0.30138564,0.21783742,-0.22797409,-0.6559184,0.20287931,-0.44398522,-0.8697498,0.19909056,-0.58608913,-0.8012871,0.17938416,-0.65657395,-0.6860588,0.1684313,-0.19951351,-0.68217975,0.08285253,-0.46551707,-0.90851474,0.09814064,-0.6213607,-0.8296844,0.08747818,-0.68639815,-0.7141077,0.071199924,-0.21883993,-0.64393514,-0.034328535,-0.47158793,-0.91354185,-0.0226824,-0.62093323,-0.83508354,-0.013281239,-0.6938861,-0.7200848,-0.018107722,-0.28683162,-0.567607,-0.13990644,-0.47937676,-0.7871344,-0.14094275,-0.59191287,-0.76717985,-0.12672232,-0.66012365,-0.6895034,-0.12110676
C,Karol,Right,0.0,0.0,0.0,0.23649882,0.029810144,-0.06007616,0.45718643,-0.049835403,-0.083743185,0.6319168,-0.07872266,-0.102590166,0.78102326,-0.101866335,-0.1198944,0.35667175,-0.42656523,-0.018621515,0.47619116,-0.6522927,-0.042444862,0.5745991,-0.71957046,-0.07132088,0.6590209,-0.7521246,-0.09409978,0.283997,-0.48686507,-0.01177164,0.3932193,-0.71287245,-0.026018789,0.5048542,-0.76832646,-0.056327406,0.59434676,-0.76916546,-0.08569354,0.22088805,-0.5066914,-0.014828212,0.3279309,-0.71981865,-0.032500055,0.43434003,-0.78426313,-0.051147684,0.5163838,-0.7980074,-0.06775987,0.1766077,-0.48597318,-0.025305388,0.26625368,-0.6655501,-0.039922684,0.35231543,-0.7493858,-0.045673575,0.42245066,-0.7952345,-0.052193556
C,Karol,Right,0.0,0.0,0.0,0.23911463,0.025266703,0.06387588,0.42746964,-0.055709284,0.08799948,0.5888058,-0.069067255,0.07420726,0.7275807,-0.0592742,0.057422414,0.41365355,-0.47241205,0.2120759,0.53025794,-0.63788205,0.21358503,0.63418937,-0.68300354,0.18038005,0.7209867,-0.683226,0.15154292,0.36579198,-0.5335122,0.13162468,0.50165516,-0.7304915,0.12294634,0.62476176,-0.75546634,0.076151535,0.71326405,-0.6916695,0.044481847,0.31119075,-0.5725127,0.038263623,0.45476004,-0.7773577,0.023021497,0.5855909,-0.7919222,-0.003598115,0.68325484,-0.73017997,-0.020118816,0.26015872,-0.5737707,-0.057798304,0.4022687,-0.7409354,-0.07641898,0.51136863,-0.790451,-0.08533044,0.6048465,-0.7795521,-0.089814775
C,Karol,Right,0.0,0.0,0.0,0.24952419,-0.0024003868,0.08430317,0.42453218,-0.07400963,0.11397971,0.5724712,-0.08890562,0.102025434,0.71158606,-0.10133462,0.08662239,0.4125487,-0.477722,0.22596084,0.53138393,-0.647365,0.23261583,0.631129,-0.6862198,0.20341827,0.71621305,-0.6840698,0.17633413,0.36129108,-0.53300554,0.13330367,0.49975353,-0.7383409,0.12900928,0.6221956,-0.76364064,0.08612835,0.7076668,-0.7065463,0.05496491,0.30575827,-0.5632214,0.028579978,0.45008987,-0.7728001,0.012676169,0.5807008,-0.7881425,-0.014163025,0.6781509,-0.73386556,-0.03207242,0.258009,-0.5545004,-0.07689615,0.4038042,-0.7187714,-0.09839191,0.51576555,-0.7533528,-0.1087782,0.6107015,-0.73337585,-0.11499621
C,Karol,Right,0.0,0.0,0.0,0.20694701,-0.00826571,-0.05362714,0.41469046,-0.0780295,-0.077788234,0.58888996,-0.105154656,-0.10527997,0.7390267,-0.11156533,-0.12709574,0.40724978,-0.49393526,0.051253192,0.519714,-0.68678373,0.016223574,0.61332184,-0.7257072,-0.033636235,0.6945449,-0.71944934,-0.06688918,0.3429886,-0.54666793,0.044940833,0.46926787,-0.7476095,0.01701915,0.5730861,-0.7800135,-0.028878326,0.6600366,-0.7492942,-0.05974838,0.27674213,-0.56319094,0.022730457,0.4065185,-0.75548536,-0.008070426,0.509613,-0.79857576,-0.034431085,0.6005743,-0.7777836,-0.048188493,0.2112314,-0.5425495,-0.008913026,0.32643935,-0.68378407,-0.030375896,0.41111475,-0.7518717,-0.036291543,0.49366716,-0.7730856,-0.036667746
C,Karol,Right,0.0,0.0,0.0,0.25024098,-0.04459672,0.08833575,0.4217319,-0.12696932,0.102755666,0.5669521,-0.1493394,0.0702413,0.7010955,-0.18340895,0.03421647,0.37000817,-0.5495522,0.21693031,0.4599029,-0.74584067,0.2108043,0.5593147,-0.7781636,0.17613797,0.6443386,-0.7610293,0.14715931,0.31309173,-0.5823567,0.11119895,0.41717383,-0.8382578,0.089787625,0.5419556,-0.8544439,0.040810715,0.6329047,-0.7742297,0.009383972,0.25914055,-0.59123003,-0.0062248297,0.38066214,-0.81564957,-0.036001455,0.50885516,-0.8105401,-0.05820704,0.5963725,-0.733106,-0.06935727,0.22044691,-0.558369,-0.124787614,0.34489843,-0.7269288,-0.15700011,0.45402807,-0.77378756,-0.16903555,0.54507935,-0.76413995,-0.17445794
C,Karol,Right,0.0,0.0,0.0,0.25042245,-0.03583062,0.102286145,0.4204588,-0.10755306,0.12640214,0.5744969,-0.13519065,0.09966887,0.71645945,-0.16900516,0.06910773,0.3771884,-0.5232381,0.2715353,0.47538096,-0.7055204,0.28767654,0.57552004,-0.7454912,0.26246545,0.6607267,-0.7395416,0.23703621,0.33136803,-0.5669747,0.16451171,0.4479911,-0.79868567,0.16408312,0.573269,-0.8202657,0.120254606,0.6613649,-0.75006425,0.08992882,0.28767407,-0.5928829,0.044859976,0.4140121,-0.8200866,0.035626136,0.5555279,-0.8188529,0.016314607,0.6533381,-0.73969233,0.0032581347,0.2562877,-0.5779769,-0.075775094,0.39007717,-0.7427191,-0.09002695,0.50931084,-0.77212185,-0.09469332,0.6075734,-0.74336886,-0.09762162
C,Karol,Right,0.0,0.0,0.0,0.20980048,-0.019889895,-0.05535224,0.40418753,-0.09101214,-0.08982152,0.5652042,-0.1397085,-0.1312345,0.7081887,-0.19102202,-0.16980019,0.41845313,-0.5030599,0.03494264,0.523457,-0.6985715,-0.0198299,0.6043976,-0.7400742,-0.081997,0.6764919,-0.7364501,-0.12268736,0.3502287,-0.57084954,0.022562554,0.46704012,-0.7772175,-0.028814204,0.5535063,-0.8102669,-0.08816227,0.63206655,-0.7732368,-0.1261712,0.2686905,-0.6092493,-0.005718542,0.38676378,-0.8168237,-0.053417973,0.4755712,-0.85761535,-0.089885466,0.5572259,-0.82083505,-0.10884786,0.17467433,-0.61912644,-0.042795073,0.28379047,-0.77744174,-0.08145103,0.36913323,-0.8315259,-0.09869952,0.45107234,-0.8260394,-0.1046895
C,Karol,Right,0.0,0.0,0.0,0.21216102,0.00288237,-0.050119717,0.41433933,-0.06348107,-0.079488985,0.5838915,-0.10518491,-0.11658138,0.7343479,-0.14925624,-0.15109183,0.4305474,-0.4711353,0.041044734,0.54724157,-0.6582914,-0.018370189,0.6393459,-0.69016045,-0.084449194,0.71640146,-0.6737789,-0.12658615,0.3708147,-0.5448205,0.02418765,0.506803,-0.737944,-0.029460097,0.60667926,-0.76662326,-0.09195727,0.6864748,-0.7271536,-0.13244633,0.29376462,-0.58954436,-0.009128237,0.4301361,-0.7825197,-0.057132445,0.5272475,-0.82138485,-0.09527944,0.6100995,-0.7914149,-0.11673444,0.2002528,-0.6066658,-0.051050067,0.31530917,-0.76121783,-0.088621,0.40848187,-0.82986736,-0.107592925,0.5000385,-0.85032296,-0.11695952
C,Karol,Right,0.0,0.0,0.0,0.26978606,-0.024853637,0.21482766,0.4202697,-0.08947665,0.29283446,0.55502516,-0.102490135,0.29712707,0.6920534,-0.13688126,0.291332,0.36070496,-0.5004229,0.42339966,0.49170646,-0.64954615,0.49221572,0.6148122,-0.68156385,0.49905106,0.7073495,-0.6693441,0.4912152,0.33201736,-0.5442637,0.26805523,0.4899228,-0.75059116,0.3148156,0.6269064,-0.7490203,0.29140174,0.7191232,-0.6657642,0.2727581,0.3229658,-0.56158453,0.105591886,0.4808281,-0.76755685,0.14121692,0.6354491,-0.7509834,0.14277872,0.73732233,-0.6755411,0.13717052,0.3363179,-0.5314543,-0.050600402,0.496794,-0.68335605,-0.030347703,0.6258089,-0.69856286,-0.017015005,0.7213977,-0.6719589,-0.011896095
C,Karol,Right,0.0,0.0,0.0,0.24711384,-0.0839654,0.23887622,0.38386768,-0.17844272,0.3367447,0.49556458,-0.20707133,0.3678033,0.6130992,-0.23004213,0.38997087,0.2568073,-0.6218561,0.37926286,0.38512167,-0.78242236,0.43544132,0.5178994,-0.7976446,0.43730995,0.61634773,-0.76959646,0.4272543,0.23271063,-0.6411506,0.22678514,0.41235912,-0.86292106,0.24759746,0.56102574,-0.83884484,0.22151361,0.64459115,-0.7381754,0.20659302,0.23618044,-0.6308712,0.076051354,0.40794152,-0.854306,0.096691474,0.56292385,-0.83620083,0.10024815,0.6547836,-0.7558164,0.10075985,0.28147706,-0.5659967,-0.06322681,0.43698314,-0.7361117,-0.05249503,0.55729467,-0.766689,-0.04355808,0.64031917,-0.74171174,-0.03921971
C,Karol,Right,0.0,0.0,0.0,0.24653023,-0.07834301,0.2452557,0.38174286,-0.17803915,0.3476247,0.49273562,-0.20694399,0.38109806,0.616976,-0.22997114,0.40454516,0.25843924,-0.61645555,0.40231177,0.38082492,-0.7747713,0.47173494,0.5112195,-0.79869133,0.480622,0.60816383,-0.7775614,0.4738458,0.23362745,-0.64201343,0.24900772,0.39731959,-0.8615005,0.28768,0.54594576,-0.85041356,0.2655421,0.63501674,-0.75511646,0.24936393,0.2337941,-0.63779366,0.09728591,0.3935071,-0.8628007,0.13150945,0.5474832,-0.84813505,0.13584343,0.6427223,-0.7660992,0.13310638,0.27558452,-0.5778862,-0.04278222,0.42275953,-0.75278676,-0.023342846,0.5438643,-0.77934635,-0.012023212,0.6295325,-0.7495374,-0.008140486
C,Karol,Right,0.0,0.0,0.0,0.26108256,-0.052421715,0.22884692,0.40436274,-0.13727523,0.3208698,0.5269914,-0.15557063,0.33962092,0.6607968,-0.1844569,0.34673122,0.30780607,-0.58274084,0.42745212,0.42862132,-0.74344593,0.50379217,0.5555396,-0.76982224,0.51458895,0.6503839,-0.7513648,0.5089029,0.27997822,-0.6243308,0.27424023,0.43458626,-0.8338952,0.32684273,0.5820297,-0.82447106,0.30481252,0.6743283,-0.72824687,0.28617293,0.27434638,-0.6395569,0.11720217,0.4290359,-0.84938705,0.16080129,0.58597565,-0.82370806,0.16281423,0.68042284,-0.73281974,0.15706556,0.29682508,-0.60234493,-0.03159317,0.44878587,-0.7714453,-0.0041597704,0.5757615,-0.78106076,0.011459518,0.6621998,-0.7350728,0.018084774
C,Karol,Right,0.0,0.0,0.0,0.26256427,-0.032788802,0.14906858,0.42334303,-0.1117539,0.20302658,0.56379145,-0.13421147,0.19614984,0.7013553,-0.1677516,0.18256025,0.36771652,-0.5264913,0.3539857,0.48891315,-0.70442957,0.40258393,0.6042566,-0.73550457,0.38803253,0.6924203,-0.7214944,0.36502805,0.33098942,-0.5720921,0.22806627,0.47205344,-0.7781612,0.26058838,0.6045221,-0.7838228,0.21535228,0.6915011,-0.6914984,0.1777931,0.3037951,-0.5974691,0.09201749,0.44535637,-0.8038875,0.1183988,0.58768946,-0.79713804,0.10039932,0.68578696,-0.7198591,0.078760535,0.29316205,-0.57341576,-0.043069124,0.43945268,-0.74222,-0.029309615,0.5570321,-0.76352274,-0.02468221,0.6475232,-0.72942716,-0.02728274
G,Karol,Left,0.0,0.0,0.0,-0.038525652,-0.30225325,-0.03055821,-0.1513995,-0.5813028,-0.06912662,-0.2488904,-0.7835762,-0.10655376,-0.32313216,-0.94635385,-0.15186772,-0.21984942,-0.51885515,-0.10741189,-0.46037588,-0.5538698,-0.16508599,-0.6085538,-0.56791055,-0.20415881,-0.7263751,-0.5925375,-0.23545262,-0.25540027,-0.34949538,-0.1267315,-0.49011523,-0.3540676,-0.17309324,-0.43709674,-0.29566404,-0.1761751,-0.36282417,-0.267936,-0.18700218,-0.283947,-0.1615766,-0.14468876,-0.493208,-0.17576282,-0.19035162,-0.41796377,-0.13585714,-0.15665518,-0.33272514,-0.11539847,-0.1388877,-0.30249485,0.0069671026,-0.16382763,-0.4584028,-0.012454534,-0.19912937,-0.395255,0.009785953,-0.16767673,-0.31836784,0.025851656,-0.14453004
G,Karol,Left,0.0,0.0,0.0,-0.074717686,-0.22094189,0.010658933,-0.22447698,-0.4345396,-0.00622667,-0.3490016,-0.60230434,-0.026592122,-0.39837924,-0.76380044,-0.05279937,-0.33296463,-0.4325454,-0.06968268,-0.58860916,-0.4714973,-0.10681644,-0.74398184,-0.4878235,-0.1216321,-0.8660788,-0.49990755,-0.13430421,-0.35737103,-0.29489636,-0.09355774,-0.5659161,-0.21065192,-0.13639203,-0.5047413,-0.14283188,-0.12053499,-0.42143953,-0.14288957,-0.10728106,-0.37484878,-0.13044469,-0.11257032,-0.55254567,-0.06724561,-0.14299187,-0.49476454,-0.014516947,-0.093182966,-0.4216429,-0.021625211,-0.05919736,-0.38569704,0.03848225,-0.13078447,-0.5332551,0.051226992,-0.14317086,-0.48162553,0.089817256,-0.100359716,-0.41590062,0.09616301,-0.0664236
G,Karol,Left,0.0,0.0,0.0,-0.07618329,-0.19948015,-0.0055117877,-0.23979229,-0.39809328,-0.03269713,-0.36044934,-0.5704126,-0.059119776,-0.40514243,-0.7292446,-0.09164459,-0.33125064,-0.416609,-0.109816335,-0.5963171,-0.4532951,-0.16263263,-0.7555537,-0.46488413,-0.18813604,-0.8810594,-0.47300562,-0.20807299,-0.34401974,-0.2716098,-0.13132973,-0.57838625,-0.17143615,-0.19599622,-0.508084,-0.09830295,-0.1844551,-0.4119502,-0.10083775,-0.17041205,-0.3564442,-0.09611825,-0.14815453,-0.56195503,-0.02182104,-0.19973943,-0.49428856,0.0347907,-0.14796758,-0.4077241,0.027236294,-0.10737846,-0.36426663,0.083652794,-0.16454421,-0.53466254,0.10035573,-0.19677174,-0.47371528,0.14102417,-0.15525188,-0.39604568,0.14585905,-0.11868131
G,Karol,Left,0.0,0.0,0.0,-0.08144107,-0.21810378,0.018134795,-0.24699223,-0.41448367,0.0044153654,-0.37329414,-0.57220936,-0.013260248,-0.42930853,-0.7244627,-0.03836495,-0.35619554,-0.41228613,-0.076647416,-0.6141943,-0.44958177,-0.11513856,-0.7647881,-0.46079358,-0.13080522,-0.88233113,-0.47062916,-0.14315577,-0.37141758,-0.27225745,-0.103781596,-0.5886093,-0.18487675,-0.14528106,-0.5311243,-0.11024639,-0.12721673,-0.447554,-0.106508315,-0.112733945,-0.37930775,-0.10389864,-0.12435405,-0.577203,-0.049781606,-0.1580128,-0.514907,0.008511707,-0.107099436,-0.43493122,0.0066050705,-0.07119602,-0.3768668,0.068195924,-0.14230785,-0.5460312,0.065779716,-0.1604441,-0.4908027,0.10728464,-0.115043744,-0.41539794,0.1189033,-0.077707194
G,Karol,Left,0.0,0.0,0.0,-0.047420792,-0.25822112,0.015251693,-0.18306077,-0.45335338,0.0019470558,-0.3121786,-0.6033338,-0.012612991,-0.37414035,-0.7447207,-0.0341471,-0.33889544,-0.46270555,-0.077555105,-0.5886781,-0.48270506,-0.11510928,-0.74514544,-0.49358535,-0.13898407,-0.8693184,-0.49425247,-0.15690272,-0.38292217,-0.3036953,-0.091749474,-0.5482774,-0.22842003,-0.12330642,-0.47409543,-0.19226484,-0.1094344,-0.38591534,-0.1854366,-0.0967467,-0.40589687,-0.124219835,-0.09783917,-0.53024065,-0.078695245,-0.115510345,-0.46110108,-0.054292507,-0.07289003,-0.3825543,-0.052098118,-0.04305366,-0.42203557,0.047277577,-0.10164779,-0.5152549,0.0312253,-0.105121784,-0.44729716,0.05876571,-0.064673446,-0.37873396,0.070127204,-0.030201396
G,Karol,Left,0.0,0.0,0.0,-0.066453174,-0.27167028,-0.0073413374,-0.19956025,-0.47559184,-0.019558202,-0.34432292,-0.6409292,-0.034405965,-0.4328794,-0.7914977,-0.051593557,-0.37757578,-0.4740483,-0.036750812,-0.6357186,-0.4748152,-0.058414813,-0.7785563,-0.4639485,-0.06407988,-0.8906283,-0.4547321,-0.06167398,-0.42755136,-0.32016334,-0.044578686,-0.66322684,-0.277227,-0.06511116,-0.772282,-0.22566782,-0.07604928,-0.83039796,-0.18007037,-0.07508532,-0.45389473,-0.14866643,-0.049132705,-0.5481792,-0.030534847,-0.07153594,-0.48116076,0.0129098715,-0.07161725,-0.4005811,0.020381916,-0.057688087,-0.47301212,0.019906064,-0.05399841,-0.5346509,0.09977924,-0.053041637,-0.4827045,0.14260474,-0.0344345,-0.4258907,0.15532535,-0.010463675
G,Karol,Left,0.0,0.0,0.0,-0.05845186,-0.26485446,-0.004057641,-0.19876114,-0.46320006,-0.02728993,-0.34349406,-0.62532085,-0.053177256,-0.411791,-0.78847694,-0.084085405,-0.36767897,-0.46949655,-0.08039801,-0.62402695,-0.46827823,-0.11476167,-0.7819518,-0.45231727,-0.13004677,-0.89763963,-0.4407302,-0.14227112,-0.42060754,-0.3241625,-0.09115087,-0.5001652,-0.17323062,-0.13058206,-0.42613155,-0.13781643,-0.1253351,-0.34313747,-0.1576294,-0.11915663,-0.4434089,-0.14154685,-0.09656736,-0.4660559,-0.021229127,-0.1216976,-0.40163934,0.011761494,-0.09394915,-0.33219978,-0.0050466675,-0.07542734,-0.45847964,0.041764993,-0.103231594,-0.45960876,0.12131086,-0.11179999,-0.38501436,0.16089359,-0.08760518,-0.32108524,0.16116925,-0.064250536
G,Karol,Left,0.0,0.0,0.0,-0.05892445,-0.2550073,0.006127483,-0.19471183,-0.44584733,-0.00629483,-0.32490334,-0.6145112,-0.02301734,-0.39428675,-0.75694525,-0.042823493,-0.36900836,-0.46160242,-0.050079264,-0.6273835,-0.48268998,-0.07173205,-0.7735292,-0.4788832,-0.07767732,-0.88001984,-0.47493696,-0.08169815,-0.42369244,-0.31005794,-0.06164789,-0.55152154,-0.21465723,-0.08942698,-0.5011166,-0.16434906,-0.08598623,-0.42747527,-0.15108441,-0.07880919,-0.4483651,-0.1341415,-0.067493826,-0.49219754,-0.06743912,-0.08433189,-0.4277849,-0.04316693,-0.06418417,-0.35515153,-0.043413002,-0.048667483,-0.4660625,0.03335463,-0.07306626,-0.477578,0.061911464,-0.07551231,-0.40659395,0.08420756,-0.0545916,-0.34322155,0.08579058,-0.03284708
G,Karol,Left,0.0,0.0,0.0,-0.054528333,-0.25764245,0.010975632,-0.18552713,-0.44884402,-0.0009504852,-0.31719047,-0.6123878,-0.018420836,-0.38869166,-0.7615684,-0.03948564,-0.35536537,-0.4786439,-0.04319525,-0.609362,-0.50102234,-0.06241439,-0.75806457,-0.49817845,-0.06725283,-0.8671329,-0.4980768,-0.07184453,-0.4073901,-0.344677,-0.057966452,-0.49993294,-0.20632333,-0.08064715,-0.42871368,-0.17164427,-0.07017013,-0.3513224,-0.19784069,-0.062139623,-0.43371275,-0.17271785,-0.06752457,-0.47607,-0.07455727,-0.08155449,-0.41251996,-0.04037448,-0.052561797,-0.3498532,-0.061300285,-0.03484755,-0.45549813,-0.005669621,-0.07706033,-0.47965348,0.03574352,-0.07750545,-0.40957588,0.07416107,-0.04878598,-0.35059848,0.07608897,-0.023409043
G,Karol,Left,0.0,0.0,0.0,-0.053834338,-0.25426176,0.020673444,-0.19076267,-0.44623896,0.012847582,-0.33019245,-0.6153319,-9.143701e-05,-0.39030117,-0.777834,-0.017970147,-0.36195397,-0.4756448,-0.040367376,-0.6192876,-0.48977503,-0.052289765,-0.7678082,-0.4835305,-0.05298677,-0.8763444,-0.48168507,-0.054524,-0.41994354,-0.3385115,-0.053412206,-0.5120221,-0.21698274,-0.06107748,-0.4412397,-0.18207788,-0.044190012,-0.3602044,-0.19871667,-0.033262484,-0.44759825,-0.16533615,-0.05916112,-0.4801886,-0.07553176,-0.057643298,-0.4179483,-0.0434545,-0.028134188,-0.35462847,-0.05970099,-0.012589368,-0.46957108,0.003743174,-0.06352854,-0.4814271,0.035140652,-0.048023615,-0.4083819,0.0639313,-0.015818365,-0.34864533,0.060105067,0.009515238
G,Karol,Left,0.0,0.0,0.0,-0.05662357,-0.2629467,0.017024796,-0.19120681,-0.4569242,0.006530588,-0.32962385,-0.62803006,-0.008483371,-0.3986683,-0.78996706,-0.027736522,-0.3603934,-0.47868198,-0.043497685,-0.6227234,-0.48957816,-0.061008092,-0.7703061,-0.4799928,-0.06434992,-0.87882566,-0.47714296,-0.066141374,-0.4134938,-0.3328402,-0.056222804,-0.5304529,-0.23699991,-0.06878599,-0.45566934,-0.19762003,-0.049674056,-0.36918792,-0.20834282,-0.035717357,-0.4390482,-0.15639324,-0.06287643,-0.49482584,-0.08767118,-0.06782946,-0.43063116,-0.051410157,-0.03388437,-0.36200634,-0.06152178,-0.01301168,-0.45988464,0.010273296,-0.0680051,-0.49596825,0.025867293,-0.05565679,-0.42251128,0.05833918,-0.01917357,-0.3578788,0.060043663,0.009892885
G,Karol,Left,0.0,0.0,0.0,-0.05637794,-0.2571427,0.008404989,-0.19089879,-0.44604215,-0.0065323305,-0.3276725,-0.6138791,-0.023785952,-0.39766565,-0.76958615,-0.044890884,-0.35180146,-0.48182186,-0.060732655,-0.6055102,-0.4909697,-0.09017137,-0.75579786,-0.4911824,-0.1021721,-0.87069166,-0.4918293,-0.109659255,-0.4040837,-0.34180686,-0.072911516,-0.5299217,-0.25084847,-0.101910554,-0.4554033,-0.21034369,-0.08649088,-0.3662939,-0.20960072,-0.07164194,-0.43137434,-0.1702938,-0.079910964,-0.5035914,-0.102091,-0.10150314,-0.43929923,-0.06574229,-0.069378234,-0.36712027,-0.06658085,-0.045725364,-0.45373943,-0.0077351746,-0.08572165,-0.49958864,0.015262185,-0.0895005,-0.42631158,0.04869511,-0.05794709,-0.36142284,0.05542761,-0.02977073
G,Karol,Left,0.0,0.0,0.0,-0.04499922,-0.25918618,-0.006822908,-0.17222312,-0.4546945,-0.028569037,-0.30316567,-0.6244553,-0.050404537,-0.37194538,-0.77278495,-0.07593164,-0.33271247,-0.46868682,-0.09033298,-0.58583313,-0.49866983,-0.13254684,-0.74211276,-0.5069462,-0.15210934,-0.86094266,-0.508702,-0.16373289,-0.38398066,-0.3174674,-0.09764457,-0.5103529,-0.25379628,-0.14056684,-0.4400281,-0.2173934,-0.12884769,-0.34809026,-0.20450783,-0.1138957,-0.40868592,-0.14681952,-0.100052044,-0.46966687,-0.11094513,-0.13109869,-0.4050996,-0.08312473,-0.09944976,-0.32875445,-0.06730438,-0.07352513,-0.42687386,0.014398814,-0.102929205,-0.44667158,0.01673008,-0.11477497,-0.37493598,0.045686387,-0.087769695,-0.3111824,0.058904912,-0.06102924
G,Karol,Left,0.0,0.0,0.0,-0.043379623,-0.25657865,0.0097146565,-0.17265834,-0.4573913,-0.0038861912,-0.30854252,-0.6328531,-0.01675184,-0.36911753,-0.7873422,-0.035082318,-0.31175563,-0.46243015,-0.08943355,-0.5804671,-0.5014054,-0.1243486,-0.73785967,-0.5098838,-0.13760841,-0.8588469,-0.5122323,-0.14467686,-0.3646204,-0.30517066,-0.098103724,-0.5277864,-0.26113445,-0.12038201,-0.45934096,-0.21713537,-0.09111059,-0.3671644,-0.20196989,-0.07026751,-0.394401,-0.13119802,-0.10044397,-0.50077826,-0.10652677,-0.11516186,-0.43469396,-0.06759967,-0.07164602,-0.3577854,-0.054787815,-0.043967243,-0.41525736,0.031871516,-0.10036355,-0.48933735,0.013509873,-0.09470405,-0.4162457,0.04482098,-0.052244034,-0.34604448,0.05756382,-0.020692889
G,Karol,Left,0.0,0.0,0.0,-0.042481672,-0.26134315,0.015223434,-0.17093004,-0.46094346,0.004524104,-0.3052721,-0.6327527,-0.006739138,-0.36998618,-0.78337663,-0.023047144,-0.31513676,-0.4665904,-0.07783538,-0.5779443,-0.50616807,-0.103833325,-0.7310331,-0.5166125,-0.11124016,-0.8512666,-0.5247334,-0.11626547,-0.372678,-0.3158412,-0.08841847,-0.51804507,-0.27652943,-0.10026107,-0.45265147,-0.2310227,-0.07022814,-0.36822444,-0.22009037,-0.05150498,-0.40519837,-0.14654952,-0.09163496,-0.48808452,-0.12650625,-0.08991503,-0.43004,-0.084285356,-0.042648662,-0.36013514,-0.07130614,-0.017369417,-0.428358,0.016277727,-0.09368472,-0.47805145,-0.0077598025,-0.07690154,-0.41240728,0.026489928,-0.03393858,-0.34992543,0.04084013,-0.0037506302
G,Karol,Left,0.0,0.0,0.0,-0.042824566,-0.27370116,0.016593546,-0.16650127,-0.46398643,0.0026347928,-0.29271564,-0.6420024,-0.011162533,-0.3613814,-0.788322,-0.030155106,-0.32705623,-0.47920927,-0.08969261,-0.5830688,-0.50161713,-0.12583835,-0.73782444,-0.5087207,-0.14401464,-0.8588766,-0.5121826,-0.15456317,-0.38283512,-0.32288927,-0.09854994,-0.5036112,-0.27024326,-0.10926614,-0.4326482,-0.22891928,-0.07432359,-0.34317905,-0.21672656,-0.053021163,-0.40801558,-0.14340796,-0.1003067,-0.4722021,-0.121325985,-0.103574336,-0.4132899,-0.086039275,-0.059318546,-0.3388603,-0.06851687,-0.034666114,-0.42446923,0.022869552,-0.099582925,-0.4540337,0.014732139,-0.08628146,-0.3841799,0.04552224,-0.045032587,-0.32162815,0.05897377,-0.015362246
G,Karol,Left,0.0,0.0,0.0,-0.034294132,-0.25097626,-0.00544428,-0.15919398,-0.4471634,-0.026225593,-0.29573625,-0.616736,-0.045757417,-0.361384,-0.76955765,-0.06934668,-0.31300467,-0.4540424,-0.09733584,-0.57049537,-0.5000151,-0.13168164,-0.7252812,-0.5216281,-0.14132424,-0.84473246,-0.5351888,-0.14627221,-0.37327668,-0.31163308,-0.0990774,-0.49002057,-0.24902032,-0.13220875,-0.41727796,-0.21122189,-0.109773695,-0.32634696,-0.20049073,-0.08767773,-0.40462404,-0.14478701,-0.0947126,-0.4539148,-0.098913416,-0.1176707,-0.3906577,-0.068319276,-0.08432361,-0.3164199,-0.05880249,-0.058016498,-0.43005726,0.012226369,-0.089758955,-0.44062552,0.016964229,-0.09198108,-0.36817247,0.046057187,-0.06327891,-0.30693984,0.056943927,-0.036503647
G,Karol,Left,0.0,0.0,0.0,-0.024910826,-0.27882573,0.006537947,-0.13751104,-0.47273955,-0.0075893044,-0.27067918,-0.64434034,-0.020838004,-0.33966196,-0.79361993,-0.03956829,-0.31560802,-0.47428104,-0.08637225,-0.56835634,-0.51509994,-0.10757852,-0.7163776,-0.53929794,-0.112608775,-0.8295216,-0.5584746,-0.11554342,-0.38251087,-0.32399476,-0.086954586,-0.47606483,-0.28142223,-0.091944724,-0.41161284,-0.24611618,-0.06260864,-0.3299523,-0.22851498,-0.04445318,-0.40950623,-0.15222117,-0.07937732,-0.4498416,-0.13816594,-0.07632656,-0.39355433,-0.10637075,-0.03928017,-0.32640356,-0.085166834,-0.019242035,-0.42997575,0.010902068,-0.070358485,-0.44587773,-0.008807817,-0.0549243,-0.37964034,0.019813806,-0.020400466,-0.32128724,0.03900991,0.005713569
G,Karol,Left,0.0,0.0,0.0,-0.022687797,-0.27954817,0.0030598694,-0.13774642,-0.47742525,-0.012473739,-0.26777104,-0.65728843,-0.027785545,-0.33769125,-0.8057529,-0.047194898,-0.31321645,-0.49202505,-0.08203521,-0.5742112,-0.5251417,-0.107057065,-0.7266842,-0.53593034,-0.11539092,-0.8410606,-0.540941,-0.11982004,-0.38429302,-0.34011742,-0.08382943,-0.48031324,-0.29394886,-0.10191137,-0.41700995,-0.25910196,-0.083133474,-0.33342996,-0.24053106,-0.06865987,-0.4221314,-0.165756,-0.07833431,-0.46110412,-0.13771172,-0.08620944,-0.4050042,-0.103800215,-0.056773014,-0.33424208,-0.08190006,-0.0379994,-0.45385933,-0.0076957615,-0.0718337,-0.4680762,-0.010432144,-0.063708425,-0.40154904,0.021355007,-0.034508,-0.33815145,0.036873862,-0.009714933
G,Karol,Left,0.0,0.0,0.0,-0.023098715,-0.265529,-0.004186884,-0.14200982,-0.47765747,-0.02365313,-0.27658358,-0.65333223,-0.04240843,-0.34290814,-0.8125131,-0.06607773,-0.3258675,-0.4911123,-0.08159029,-0.5808517,-0.52352715,-0.111556366,-0.7337337,-0.5294106,-0.12457012,-0.84662557,-0.532189,-0.13302092,-0.38811657,-0.3466152,-0.0854448,-0.49169397,-0.26264545,-0.11168079,-0.42082638,-0.2216038,-0.09581977,-0.33641914,-0.21982601,-0.08321917,-0.42095205,-0.1711068,-0.08381677,-0.48204347,-0.11567284,-0.10506221,-0.41934407,-0.07343075,-0.07363052,-0.34590283,-0.066342995,-0.051536765,-0.4481175,-0.004733765,-0.081411384,-0.48625928,0.003893693,-0.08561258,-0.4115004,0.042012658,-0.054233737,-0.34348392,0.0542039,-0.026373418
G,Karol,Left,0.0,0.0,0.0,-0.02622443,-0.2715531,-0.014634306,-0.14789553,-0.46993074,-0.0354476,-0.28145722,-0.63400453,-0.054343835,-0.3539073,-0.773105,-0.07636175,-0.32637092,-0.4872174,-0.095471084,-0.5571128,-0.53031677,-0.1309235,-0.7080725,-0.55121857,-0.14844054,-0.82829887,-0.56028646,-0.16244343,-0.3895327,-0.3363352,-0.09935398,-0.47600096,-0.31739187,-0.13800348,-0.40505072,-0.28931266,-0.12946819,-0.32354355,-0.26661277,-0.11857641,-0.4137302,-0.16722175,-0.09734101,-0.4401351,-0.16940004,-0.120458126,-0.3814489,-0.14728986,-0.08859528,-0.31329185,-0.12103831,-0.06579147,-0.42797562,-0.005396571,-0.09750193,-0.42022794,-0.0324702,-0.10906448,-0.35372213,-0.011195672,-0.08636661,-0.29709786,0.008283737,-0.0631534
G,Karol,Right,0.0,0.0,0.0,0.0014628156,-0.26923072,0.06477508,0.068209246,-0.50155425,0.033032138,0.12783058,-0.6807239,-0.0015519515,0.17059557,-0.8374839,-0.047130793,0.26424092,-0.49855268,-0.15689495,0.49541864,-0.5943179,-0.23126149,0.6413118,-0.636665,-0.2851432,0.7509216,-0.66039133,-0.3160065,0.3325651,-0.3121364,-0.18181922,0.5006978,-0.39102396,-0.17192419,0.41627946,-0.35568422,-0.1119282,0.3302001,-0.31730744,-0.08656548,0.36540425,-0.13313344,-0.19233121,0.51208377,-0.23959869,-0.1669146,0.43909317,-0.20923424,-0.097122,0.35422206,-0.16499476,-0.06941784,0.39232087,0.026450798,-0.19128022,0.51274925,-0.08549113,-0.14884485,0.44535312,-0.072751686,-0.07690117,0.3698946,-0.0424937,-0.037620742
G,Karol,Right,0.0,0.0,0.0,0.0101895435,-0.23303577,0.025885683,0.09846387,-0.47325823,0.0068409517,0.17157558,-0.67268485,-0.016979309,0.14517507,-0.82945675,-0.04765998,0.3079626,-0.45708826,-0.08941549,0.56018627,-0.5204796,-0.13389665,0.7163898,-0.55061525,-0.15405044,0.8302913,-0.55732965,-0.16237624,0.380901,-0.3158975,-0.101711,0.5152109,-0.25343162,-0.12471266,0.43129322,-0.22326788,-0.087190375,0.33487096,-0.20427115,-0.05748304,0.40558487,-0.15154018,-0.105422415,0.46450847,-0.120125204,-0.12647745,0.39698803,-0.09494726,-0.0882163,0.3130298,-0.07794934,-0.060775742,0.4251889,-0.0024760247,-0.101367064,0.43694222,-0.0048718746,-0.09250398,0.36998484,0.021790175,-0.045433585,0.30445522,0.02938963,-0.01055383
G,Karol,Right,0.0,0.0,0.0,-0.0033281192,-0.23847306,0.026218092,0.07651225,-0.49013743,0.007636182,0.155332,-0.68949974,-0.015476834,0.12961732,-0.84739596,-0.045517843,0.30413568,-0.47586864,-0.09322066,0.5555848,-0.5353768,-0.13229933,0.71231663,-0.5613514,-0.15242851,0.82255465,-0.56868607,-0.16400212,0.39043438,-0.34804976,-0.10664013,0.47768825,-0.24935211,-0.1150249,0.39873463,-0.21997534,-0.07723402,0.32095304,-0.21519527,-0.05529736,0.41752654,-0.1848788,-0.11097759,0.43191513,-0.118581265,-0.11728106,0.36915547,-0.09517578,-0.079337634,0.2977737,-0.086594954,-0.059972,0.43822867,-0.031676024,-0.109213494,0.40815854,0.0034479029,-0.09916943,0.34382904,0.029683579,-0.058767438,0.28625333,0.027963884,-0.029951183
G,Karol,Right,0.0,0.0,0.0,0.012527639,-0.2670611,0.03374774,0.10615954,-0.4941537,0.020043015,0.17673275,-0.67846924,-0.0014479073,0.15956439,-0.8300476,-0.02829473,0.34177315,-0.47675136,-0.06798269,0.5818553,-0.51780665,-0.09769917,0.7330197,-0.5385245,-0.1123726,0.83812517,-0.545478,-0.12045361,0.41995516,-0.34605768,-0.086656295,0.4539319,-0.25499696,-0.08821489,0.3806451,-0.23457685,-0.057041783,0.31199935,-0.22809047,-0.040643964,0.43306157,-0.17657962,-0.09553378,0.4155409,-0.13991685,-0.093398154,0.3617083,-0.12167075,-0.05996119,0.29863605,-0.11338947,-0.04435493,0.43436283,-0.017841017,-0.09895489,0.39197755,-0.0035415331,-0.078755185,0.33813685,0.010358923,-0.037396733,0.28491193,0.0075688045,-0.007908654
G,Karol,Right,0.0,0.0,0.0,0.03084878,-0.25983977,0.012674814,0.13634582,-0.4818386,-0.004725443,0.2128078,-0.66990155,-0.025844207,0.19877137,-0.818937,-0.05244346,0.34121,-0.45620283,-0.07667498,0.5750938,-0.52734905,-0.1144064,0.72217125,-0.5515727,-0.13280578,0.82894284,-0.5593334,-0.14247885,0.41845807,-0.3057655,-0.08627095,0.5006953,-0.28615955,-0.099956475,0.4324908,-0.2711866,-0.07073198,0.355354,-0.2585156,-0.05098967,0.4358202,-0.13965999,-0.089277655,0.45188108,-0.1530069,-0.099321425,0.3967492,-0.1348993,-0.066840835,0.32953033,-0.11864318,-0.047126822,0.43584645,0.008916256,-0.088370405,0.41937402,-0.019724239,-0.075539224,0.36462137,-0.0016987966,-0.035257615,0.3072745,0.010088244,-0.0057431585
G,Karol,Right,0.0,0.0,0.0,-0.0013215299,-0.2429896,0.02103399,0.09033773,-0.4782612,0.0023801362,0.16716637,-0.6797481,-0.02198661,0.13456322,-0.8320993,-0.052793637,0.31759933,-0.46159497,-0.07832534,0.5530923,-0.539347,-0.11099875,0.7038215,-0.57087976,-0.12855041,0.81236404,-0.5831506,-0.13978593,0.3969576,-0.35436544,-0.09260537,0.48697844,-0.24731001,-0.09907151,0.4178337,-0.21116972,-0.06954913,0.34656265,-0.20791869,-0.05496939,0.42353958,-0.19018216,-0.09837214,0.46337387,-0.12683691,-0.10908633,0.41227484,-0.09891507,-0.0769559,0.345535,-0.091159195,-0.06035977,0.44284472,-0.028397469,-0.09833445,0.45829722,-0.0046092914,-0.0863038,0.40495938,0.021663746,-0.042281635,0.3457437,0.02306847,-0.011529338
G,Karol,Right,0.0,0.0,0.0,0.004684069,-0.23997557,0.02670579,0.09554361,-0.46489722,0.0102173835,0.17488909,-0.66055405,-0.011904537,0.15583809,-0.8141086,-0.04032058,0.32811445,-0.45822173,-0.077907,0.5717082,-0.5221623,-0.10737507,0.72192633,-0.5499908,-0.12097478,0.8277393,-0.5611129,-0.12892683,0.40386897,-0.33625326,-0.09218956,0.5056734,-0.2345975,-0.09643843,0.4277932,-0.20325255,-0.061681155,0.34434387,-0.19915426,-0.04230025,0.42586493,-0.17104305,-0.09739558,0.47337082,-0.108779676,-0.10253532,0.416466,-0.08226827,-0.066795036,0.34131715,-0.072481215,-0.04839185,0.44219884,-0.013099796,-0.09646941,0.45907974,0.016606666,-0.08198279,0.40216053,0.045146246,-0.03878892,0.33965027,0.049421996,-0.008585189
G,Karol,Right,0.0,0.0,0.0,0.009531959,-0.2463947,0.02960198,0.10474777,-0.47466806,0.015205546,0.18495123,-0.6643547,-0.008361964,0.1733827,-0.81777847,-0.03893266,0.33780426,-0.4672796,-0.0653517,0.56638145,-0.53621304,-0.10006094,0.7127849,-0.5608625,-0.12058257,0.81989485,-0.5725141,-0.13366091,0.41198716,-0.3541522,-0.0868283,0.49193668,-0.2552065,-0.09845341,0.41925085,-0.21987428,-0.072138764,0.34296086,-0.21384113,-0.057517715,0.43034053,-0.19148947,-0.10040863,0.45490462,-0.12582038,-0.11119767,0.39999512,-0.09965558,-0.079893015,0.3322652,-0.09152083,-0.06344805,0.43858173,-0.033096194,-0.10890978,0.44291145,0.0089804055,-0.09602594,0.3869206,0.03127302,-0.054899126,0.32916507,0.030623384,-0.026238956
G,Karol,Right,0.0,0.0,0.0,0.031246861,-0.26296178,0.03494637,0.13301666,-0.51032543,0.030192472,0.21541381,-0.7163275,0.01677477,0.20755382,-0.8727543,-0.001955628,0.34651813,-0.5162584,-0.026893621,0.5804435,-0.5698729,-0.028741922,0.7163171,-0.5822347,-0.025269687,0.8120528,-0.583584,-0.025759114,0.4221935,-0.3863558,-0.04788714,0.5449923,-0.3034024,-0.03709425,0.4718794,-0.25388202,-0.010261084,0.38706356,-0.24352778,0.0022116038,0.45781863,-0.21435447,-0.059938304,0.54064286,-0.16911581,-0.04576464,0.4796966,-0.13463084,-0.010907141,0.39669007,-0.1266444,0.0027291875,0.48079833,-0.05000256,-0.067210905,0.5386314,-0.04451555,-0.044389177,0.4856121,-0.0119836675,-0.0037135186,0.41566497,-0.0044734306,0.02336084
G,Karol,Right,0.0,0.0,0.0,0.017620035,-0.2556346,0.028115077,0.112666026,-0.48664376,0.016684547,0.19146696,-0.6817538,-0.0029397875,0.17316562,-0.8310842,-0.028525019,0.32073638,-0.49282563,-0.054975882,0.5587176,-0.55466735,-0.07785103,0.7121152,-0.56872034,-0.09061734,0.82039344,-0.57179946,-0.099260986,0.3987689,-0.37179613,-0.07459448,0.49909547,-0.27970797,-0.079725385,0.42575982,-0.24398185,-0.056126837,0.33891088,-0.2387625,-0.043533023,0.42738062,-0.20119157,-0.08534462,0.48096532,-0.14892018,-0.09054518,0.42596906,-0.11366309,-0.058102712,0.34994626,-0.10075147,-0.04045219,0.44359678,-0.035897728,-0.091088206,0.49102163,-0.005604295,-0.07878101,0.4478148,0.02983165,-0.035789065,0.3891685,0.04213819,-0.0037102052
G,Karol,Right,0.0,0.0,0.0,0.0033398308,-0.26444063,0.022815822,0.101640895,-0.49231088,0.007958954,0.17992748,-0.6887397,-0.013433118,0.16069935,-0.8390138,-0.04134682,0.31705368,-0.50259376,-0.067189254,0.5543401,-0.5688603,-0.09589563,0.7017999,-0.58739823,-0.111954026,0.8065227,-0.59120303,-0.12308865,0.4025627,-0.3712426,-0.08368542,0.45793915,-0.3075424,-0.091719255,0.38641033,-0.2815645,-0.067700736,0.3154275,-0.27062348,-0.05575972,0.43030614,-0.20328315,-0.09166943,0.42621118,-0.18416429,-0.09348592,0.37437397,-0.16020209,-0.059712615,0.31089208,-0.14448771,-0.04365994,0.4444276,-0.04979824,-0.096045315,0.4228516,-0.0541661,-0.080695234,0.3711769,-0.031986363,-0.03925555,0.317583,-0.02093748,-0.009414605
G,Karol,Right,0.0,0.0,0.0,-0.004493431,-0.2668893,0.019848144,0.08514438,-0.48935586,-0.00490041,0.1525948,-0.6903007,-0.035160735,0.12741819,-0.8458829,-0.0738743,0.2980812,-0.49065524,-0.090667896,0.5438929,-0.55206466,-0.13949051,0.7037129,-0.57354534,-0.16984451,0.8181591,-0.5749919,-0.18644586,0.38489076,-0.35043713,-0.10396709,0.4502381,-0.3167348,-0.118801065,0.37991515,-0.29483232,-0.087773666,0.30383402,-0.27086896,-0.06962142,0.41127136,-0.17798403,-0.10968404,0.41910675,-0.1805484,-0.12186115,0.3667658,-0.15727407,-0.08389653,0.29691446,-0.13074763,-0.06237007,0.4271619,-0.018928528,-0.11038227,0.41118285,-0.03631172,-0.09915302,0.35509527,-0.012106462,-0.0525198,0.29644328,0.0050015743,-0.018698396
G,Karol,Right,0.0,0.0,0.0,-0.004234109,-0.28242254,0.011649146,0.09270993,-0.5163482,-0.013079905,0.17257173,-0.7148581,-0.040249288,0.1456262,-0.8729209,-0.075431414,0.30312592,-0.4779322,-0.10433544,0.5476865,-0.5595501,-0.15230377,0.70386654,-0.579779,-0.18169264,0.8140989,-0.58072627,-0.19891824,0.39627245,-0.31936613,-0.11155503,0.441275,-0.31792477,-0.12517293,0.3752649,-0.29930243,-0.094110094,0.30953982,-0.27414495,-0.07711102,0.4184444,-0.14528748,-0.1107714,0.40372214,-0.18606837,-0.12021222,0.35703376,-0.1656843,-0.08499967,0.29855514,-0.13611923,-0.06664035,0.42315125,0.004907925,-0.10555039,0.3900225,-0.041922644,-0.092414275,0.34094566,-0.022926304,-0.048833914,0.29182395,-0.002893905,-0.018185807
G,Karol,Right,0.0,0.0,0.0,0.0077589536,-0.25687736,0.011493871,0.11300575,-0.49625546,-0.0133829685,0.20329393,-0.694717,-0.040775098,0.17688595,-0.85148686,-0.07566253,0.30971366,-0.46220058,-0.09760226,0.5631988,-0.5268766,-0.1516588,0.73276925,-0.53234655,-0.1816342,0.8541538,-0.5200205,-0.19555366,0.38942415,-0.30085668,-0.103128895,0.50205433,-0.30744758,-0.12822457,0.42662933,-0.29147962,-0.09352814,0.34136435,-0.26956123,-0.06627287,0.41601786,-0.12972422,-0.10214181,0.4531024,-0.16714546,-0.1215759,0.3963342,-0.1478796,-0.08382753,0.32365957,-0.12332657,-0.056956813,0.43104857,0.023775104,-0.09571518,0.4384035,-0.032417323,-0.08265801,0.37911668,-0.013884731,-0.03448092,0.32040635,0.00050044415,0.0010010522
G,Karol,Right,0.0,0.0,0.0,0.020744167,-0.2358025,0.026808439,0.13927649,-0.46663105,0.006469576,0.23313154,-0.6617235,-0.01751491,0.20288557,-0.8240711,-0.05105397,0.3175613,-0.44510892,-0.10692168,0.5753642,-0.48776063,-0.16645995,0.74816555,-0.4959428,-0.20346807,0.87301403,-0.48769507,-0.22211829,0.39207482,-0.297286,-0.119335815,0.5278544,-0.21981011,-0.14621432,0.44526112,-0.18904759,-0.11003556,0.34393492,-0.17875867,-0.08218872,0.41305348,-0.12086711,-0.12220736,0.47907427,-0.07763164,-0.14750274,0.4164532,-0.056154214,-0.10601126,0.32989317,-0.047113873,-0.07656932,0.4239424,0.03938276,-0.116524704,0.45367453,0.05138618,-0.105660945,0.38144326,0.07149399,-0.049579702,0.30892327,0.068954505,-0.009594298
G,Karol,Right,0.0,0.0,0.0,0.02658075,-0.21838307,0.04152089,0.14199866,-0.4685696,0.025163224,0.24948327,-0.6625197,0.003749398,0.22846843,-0.8234206,-0.026980663,0.31078202,-0.4553829,-0.10887474,0.5681047,-0.4995792,-0.17000546,0.7348832,-0.51483166,-0.20850705,0.8571233,-0.51511127,-0.22909255,0.37462422,-0.30844167,-0.1293199,0.54214156,-0.2177702,-0.15830553,0.45760754,-0.17125931,-0.12174689,0.35196167,-0.1635352,-0.095454484,0.39900434,-0.13192092,-0.13816825,0.50875103,-0.068578765,-0.1652235,0.43602058,-0.0407363,-0.11888941,0.33977398,-0.037835356,-0.08714161,0.41614974,0.0268613,-0.13662207,0.4865644,0.05408376,-0.12786174,0.4074558,0.081149556,-0.06885182,0.32625332,0.07889051,-0.027670078
G,Karol,Right,0.0,0.0,0.0,0.015909992,-0.2250212,0.033315834,0.11520603,-0.4847442,0.015578646,0.20164125,-0.6824639,-0.004741558,0.17016591,-0.83378416,-0.03414853,0.27549687,-0.47653702,-0.11382396,0.529177,-0.5408809,-0.16861324,0.6951819,-0.56917,-0.19965224,0.8144062,-0.5802952,-0.21536526,0.34927297,-0.3353564,-0.12766643,0.52017695,-0.28185987,-0.14931224,0.44391578,-0.23693359,-0.10759186,0.3439081,-0.21725559,-0.07864541,0.38616487,-0.16209067,-0.13050783,0.50305086,-0.13261303,-0.1498315,0.43950674,-0.10448613,-0.10359611,0.34734002,-0.08647429,-0.0730675,0.41496265,0.001870366,-0.12385567,0.48410273,-0.0064240997,-0.11191005,0.41580316,0.023461614,-0.056748956,0.33984786,0.033005908,-0.01883846
G,Karol,Right,0.0,0.0,0.0,0.025732588,-0.26614702,0.035547223,0.13620125,-0.50906885,0.0207831,0.20772217,-0.7116815,0.004247418,0.17905332,-0.84854215,-0.0213702,0.27701095,-0.47454178,-0.097242154,0.51986575,-0.5527255,-0.14534616,0.6771285,-0.5920292,-0.16898818,0.79600775,-0.6052864,-0.17815858,0.35448086,-0.31647485,-0.108241744,0.52380145,-0.35137418,-0.119503014,0.45485717,-0.33225083,-0.0733961,0.35666704,-0.29816306,-0.039317355,0.39258733,-0.14180967,-0.108345926,0.49572575,-0.20026234,-0.106613144,0.44230282,-0.17999269,-0.05700731,0.36386856,-0.14321314,-0.025266122,0.4148611,0.014821286,-0.10079312,0.48127428,-0.05883489,-0.06958985,0.42342436,-0.040635727,-0.012390199,0.360863,-0.010076705,0.025630739
G,Karol,Right,0.0,0.0,0.0,0.017337607,-0.22982515,0.024822254,0.11767431,-0.49294305,0.004134243,0.20629597,-0.6964995,-0.017610585,0.17214493,-0.8460308,-0.04706169,0.2797332,-0.46815854,-0.113102525,0.53583795,-0.53594965,-0.16772205,0.7030717,-0.5614978,-0.19611958,0.8238045,-0.566874,-0.20789364,0.35387713,-0.3150287,-0.12343386,0.53786,-0.2858527,-0.15515675,0.4590683,-0.24731882,-0.11715736,0.35140046,-0.21967916,-0.0841871,0.3918701,-0.14344555,-0.12339996,0.50635505,-0.1365913,-0.14998975,0.44712716,-0.1100944,-0.10846028,0.356505,-0.084244296,-0.075743884,0.42274588,0.012976308,-0.11416635,0.4896054,-0.016199406,-0.10103873,0.42246124,0.009931542,-0.045607693,0.35004652,0.02207449,-0.0056431023
G,Karol,Right,0.0,0.0,0.0,0.02193796,-0.21435046,0.054309417,0.12616107,-0.4602646,0.04531936,0.21195334,-0.65826344,0.028448332,0.18158044,-0.8102678,0.0022722166,0.29635087,-0.46463385,-0.08574987,0.5425816,-0.5284181,-0.13648823,0.70400995,-0.5553836,-0.16637896,0.82329875,-0.56760824,-0.18070965,0.36230108,-0.32604086,-0.1107968,0.53572595,-0.25037876,-0.13009791,0.45095134,-0.19625022,-0.089424066,0.34540188,-0.1754072,-0.06047747,0.39272517,-0.1535557,-0.12405318,0.5078361,-0.087958135,-0.14213234,0.43686098,-0.0580661,-0.098299354,0.34444577,-0.046648126,-0.070028156,0.4165378,0.0033122846,-0.12581402,0.48370337,0.037796002,-0.10714432,0.40823346,0.0658822,-0.05039408,0.33327946,0.06288876,-0.013494826
G,Karol,Right,0.0,0.0,0.0,0.01211181,-0.22371186,0.06273041,0.11185813,-0.47216552,0.057545688,0.20112947,-0.6745239,0.044623762,0.17297794,-0.8285591,0.022431446,0.2788672,-0.48409957,-0.08241551,0.53943,-0.54147613,-0.123227224,0.70246524,-0.56468433,-0.14398926,0.8208509,-0.5711425,-0.151373,0.3556112,-0.34624073,-0.103720054,0.52106583,-0.26818448,-0.11010934,0.4359723,-0.2151342,-0.06258617,0.32876238,-0.19221616,-0.030059073,0.39469078,-0.1755469,-0.11139843,0.4970185,-0.1178458,-0.11751537,0.42707297,-0.08083805,-0.07430127,0.3323034,-0.061357945,-0.04805679,0.42990273,-0.022411756,-0.10623499,0.48398754,0.0064555393,-0.07948384,0.4112471,0.04324885,-0.023494406,0.33434087,0.048715018,0.013005148
G,Karol,Right,0.0,0.0,0.0,0.017788246,-0.2274701,0.045065697,0.13017069,-0.47482705,0.03736608,0.22809754,-0.66853684,0.024935516,0.19961679,-0.8168553,0.0023007602,0.30516174,-0.46669343,-0.09037109,0.5581427,-0.5174754,-0.13021523,0.72003275,-0.53916717,-0.15271899,0.83783895,-0.54591745,-0.16439047,0.38723415,-0.32363054,-0.10610426,0.52829194,-0.24752308,-0.112344116,0.44393823,-0.20700303,-0.067309916,0.3404611,-0.19151805,-0.038324896,0.4192062,-0.15063688,-0.109979555,0.49697724,-0.10172052,-0.112461925,0.4283309,-0.07560255,-0.06716924,0.33762342,-0.06450895,-0.04211162,0.44068632,0.005322895,-0.10436047,0.47360283,0.022398919,-0.079315946,0.40343216,0.05008482,-0.02509466,0.3315444,0.052810367,0.009259538
G,Karol,Right,0.0,0.0,0.0,0.01566743,-0.25017893,0.02852083,0.13213563,-0.49914292,0.009988234,0.23076583,-0.6978388,-0.011916913,0.19700861,-0.8561209,-0.042799946,0.3152179,-0.46178746,-0.099854164,0.5691534,-0.5114325,-0.14076445,0.7300732,-0.52546585,-0.16234595,0.85057247,-0.52585787,-0.17443052,0.38902664,-0.3074016,-0.11384317,0.5280374,-0.24425544,-0.12744963,0.4547525,-0.2135378,-0.09023967,0.3645742,-0.198682,-0.06555739,0.41104108,-0.12203926,-0.11665988,0.48753902,-0.09816393,-0.12575158,0.43137452,-0.07626841,-0.08515273,0.3512968,-0.060511164,-0.061351497,0.42377123,0.052119862,-0.11148427,0.46228865,0.046155144,-0.08927077,0.4058331,0.06873384,-0.03635329,0.3420064,0.07353413,-0.0017125553
G,Karol,Right,0.0,0.0,0.0,0.028065223,-0.24096374,0.031396735,0.14432022,-0.48119128,0.010740821,0.24504742,-0.6787339,-0.011825057,0.22794294,-0.8405902,-0.0432181,0.30948153,-0.45210326,-0.11177638,0.5754057,-0.4860573,-0.16882509,0.74793094,-0.4983757,-0.19850262,0.8715883,-0.49023858,-0.2099423,0.38644558,-0.27511227,-0.12049762,0.5555924,-0.25733423,-0.14896023,0.4720844,-0.24502724,-0.10815035,0.35694712,-0.22259344,-0.072209276,0.41730317,-0.08940478,-0.11795644,0.50746626,-0.10663682,-0.13768913,0.4455876,-0.09317785,-0.09748253,0.35296142,-0.06607144,-0.06633277,0.44112694,0.07276899,-0.105516724,0.47707525,0.025756348,-0.086476445,0.41067246,0.043474846,-0.03341063,0.3416217,0.060398627,0.004702532
G,Karol,Right,0.0,0.0,0.0,0.06981022,-0.26096892,0.05495377,0.19155413,-0.48378974,0.02384125,0.28563917,-0.68680406,-0.013669955,0.2767612,-0.8529414,-0.06156842,0.32091564,-0.4387063,-0.12575334,0.5939095,-0.47034237,-0.18555832,0.7558493,-0.4813657,-0.21135466,0.8777945,-0.4790373,-0.21823911,0.37123567,-0.27162293,-0.14992636,0.57954836,-0.2501048,-0.1582588,0.5071224,-0.2335023,-0.095475204,0.39872852,-0.23387967,-0.052865542,0.3875448,-0.08918619,-0.15998325,0.5385848,-0.09066019,-0.15725408,0.47263116,-0.06994121,-0.08977159,0.37533498,-0.059460454,-0.0481725,0.3953915,0.08153953,-0.15930137,0.50715005,0.045895755,-0.11866258,0.44014364,0.05660704,-0.041541535,0.35575014,0.061483987,0.008277815
G,Karol,Right,0.0,0.0,0.0,0.05607967,-0.26384044,0.08390501,0.16564626,-0.5010033,0.05941709,0.24391486,-0.68493026,0.028563486,0.23109393,-0.85598063,-0.014827099,0.29768372,-0.45842367,-0.13549319,0.56179863,-0.49619782,-0.19587013,0.73006785,-0.5157991,-0.2378473,0.85446113,-0.5195153,-0.26028103,0.34035534,-0.2894561,-0.164467,0.553998,-0.2600183,-0.1415993,0.46586728,-0.21329387,-0.06833212,0.36870918,-0.20486256,-0.035869632,0.3632453,-0.10350718,-0.17538477,0.5415683,-0.10453364,-0.13965918,0.4564756,-0.07497621,-0.058859076,0.3579413,-0.059652053,-0.027432442,0.38543633,0.063803926,-0.1725623,0.50617594,0.03392881,-0.1111491,0.42122483,0.04726768,-0.024067096,0.33541998,0.047471695,0.020960843
G,Karol,Right,0.0,0.0,0.0,0.034965005,-0.24308439,0.059585534,0.15633823,-0.4932853,0.05355749,0.2607125,-0.68521535,0.040924728,0.24740382,-0.8353836,0.020441763,0.31466466,-0.46496832,-0.07424558,0.5664801,-0.49812576,-0.12750615,0.73660934,-0.5115524,-0.16367373,0.8591411,-0.5117388,-0.18049537,0.37208262,-0.30144268,-0.09733372,0.5638591,-0.2588087,-0.1129026,0.48357365,-0.2229088,-0.072175026,0.3715377,-0.20869496,-0.04171957,0.39586017,-0.119224906,-0.10820881,0.54366636,-0.10545297,-0.124832146,0.47015473,-0.07979975,-0.07877124,0.36978248,-0.06354155,-0.0451606,0.41302153,0.048913646,-0.1059686,0.5159187,0.025161564,-0.08481544,0.43639815,0.048183557,-0.019586096,0.35376856,0.05560119,0.025817001
G,Karol,Right,0.0,0.0,0.0,0.034883093,-0.26730102,0.027562406,0.14968328,-0.4861644,0.010204154,0.23498237,-0.6769976,-0.011689763,0.23572725,-0.8413237,-0.03996515,0.33908725,-0.46833402,-0.07681745,0.59559375,-0.48881787,-0.10905405,0.7564349,-0.49579638,-0.122261986,0.87045413,-0.49224958,-0.12741143,0.41292164,-0.31268695,-0.08926315,0.5058728,-0.25871727,-0.09502338,0.42943463,-0.23614495,-0.059172515,0.34330574,-0.22425626,-0.036885135,0.4344233,-0.13189682,-0.092499495,0.4728862,-0.120197654,-0.097879894,0.41290516,-0.10077446,-0.060837407,0.33346915,-0.08961329,-0.03964022,0.44658667,0.03061416,-0.088851914,0.45651987,0.0084091965,-0.071795225,0.39542276,0.028230058,-0.025925344,0.3308521,0.032310553,0.006887526
G,Karol,Right,0.0,0.0,0.0,0.03625391,-0.2682822,0.024776716,0.1536609,-0.488729,0.0078521585,0.23622945,-0.6852201,-0.012930432,0.22846714,-0.8435782,-0.04179541,0.3374822,-0.4588648,-0.08183036,0.5913849,-0.49490747,-0.11426539,0.7499179,-0.5062867,-0.12874717,0.86171365,-0.5073949,-0.13631767,0.41411582,-0.3052361,-0.091995366,0.48995107,-0.2819902,-0.09278075,0.41916585,-0.26330292,-0.055290725,0.3401721,-0.24614775,-0.03453037,0.43334448,-0.1334493,-0.09323754,0.44338572,-0.14584236,-0.086877294,0.3897045,-0.12531964,-0.048064757,0.318896,-0.10671295,-0.030749263,0.44004944,0.019826783,-0.089515515,0.41876632,-0.008585396,-0.06635406,0.36308712,0.0120937005,-0.02367401,0.3043219,0.022323556,0.0042514135
G,Karol,Right,0.0,0.0,0.0,0.03589396,-0.27325752,0.03830172,0.15188351,-0.48054036,0.022094429,0.22843991,-0.670946,1.2464999e-05,0.22688057,-0.82920295,-0.029555945,0.33566934,-0.4932088,-0.07829773,0.59708214,-0.499863,-0.10874605,0.75309104,-0.50413656,-0.11998394,0.8655178,-0.50087816,-0.123934686,0.40893942,-0.34254786,-0.09595406,0.52015793,-0.2724764,-0.09215694,0.44285843,-0.25364605,-0.05048653,0.36139008,-0.25082085,-0.027242325,0.43178236,-0.16216767,-0.10262863,0.48275942,-0.1460795,-0.09071721,0.42143694,-0.12731145,-0.04363097,0.34689793,-0.11849105,-0.021300508,0.44225186,-0.0024240238,-0.10339941,0.4515326,-0.012430418,-0.07128421,0.39034596,0.007898872,-0.019428667,0.32952052,0.013075955,0.014167842
G,Karol,Right,0.0,0.0,0.0,0.042825874,-0.26681215,0.08274391,0.15318197,-0.47240838,0.0914365,0.23524393,-0.6610199,0.086123236,0.23368914,-0.8058185,0.07030182,0.35178342,-0.4826429,-0.025730899,0.60774374,-0.5048784,-0.023879375,0.7499352,-0.50896627,-0.01562499,0.85950094,-0.51113415,-0.010584944,0.4169912,-0.3458991,-0.056150246,0.55967516,-0.25671,-0.007998092,0.52292657,-0.20436352,0.042766865,0.477112,-0.18350036,0.061508402,0.4335124,-0.1744712,-0.07114071,0.48830244,-0.13113256,-0.017897768,0.4281249,-0.107658416,0.03079229,0.36252815,-0.10742432,0.042721536,0.44031638,-0.021294203,-0.07760262,0.46550986,-0.009146513,-0.01850856,0.40190512,0.012421885,0.035568506,0.34125876,0.010398659,0.06372583
G,Karol,Right,0.0,0.0,0.0,0.042911172,-0.25487718,0.05637698,0.15852745,-0.46520182,0.056000948,0.23774467,-0.6543078,0.04422907,0.23849824,-0.8094035,0.023592317,0.3596037,-0.48065683,-0.036227215,0.60454226,-0.5047652,-0.049868513,0.7529909,-0.5076879,-0.05325337,0.8614238,-0.5078869,-0.05497919,0.43017057,-0.33934873,-0.06088903,0.52585274,-0.27187443,-0.048982114,0.4435099,-0.24197142,-0.014243748,0.35260567,-0.23789667,0.0041182484,0.44937426,-0.16600761,-0.0738024,0.4872453,-0.14043815,-0.053305566,0.42320186,-0.11785243,-0.012641169,0.34178638,-0.11598268,0.004402995,0.45272782,-0.009762035,-0.07993599,0.46718553,-0.0053073256,-0.047872964,0.4048855,0.015921488,-0.0022783286,0.33632562,0.0144251045,0.02783574
G,Karol,Right,0.0,0.0,0.0,0.03779636,-0.223526,0.06263335,0.16606499,-0.45444942,0.057790082,0.2700586,-0.64006925,0.04359368,0.25479093,-0.80428034,0.019711737,0.33794978,-0.45613375,-0.08156394,0.59504527,-0.48904097,-0.12482574,0.7548771,-0.49371842,-0.14559714,0.8722415,-0.4890754,-0.15265772,0.40200317,-0.31187057,-0.106518626,0.5460924,-0.20644628,-0.11735995,0.45835537,-0.1700119,-0.072658874,0.3560265,-0.1682789,-0.042214707,0.42292622,-0.13410155,-0.11826169,0.5068764,-0.05753704,-0.12953109,0.43374828,-0.027632436,-0.08513994,0.34474567,-0.0231951,-0.05743968,0.4387006,0.025813363,-0.11794164,0.48718077,0.064268604,-0.093309924,0.41489512,0.09435521,-0.034855925,0.34112576,0.09036756,0.00389989
G,Karol,Right,0.0,0.0,0.0,0.030495143,-0.21339788,0.08816546,0.15051435,-0.4535175,0.09727067,0.25214517,-0.6395492,0.09350127,0.23477332,-0.79996496,0.07970363,0.31983185,-0.47434157,-0.048545405,0.5714866,-0.5167533,-0.08342854,0.72924405,-0.5284252,-0.107601486,0.8483171,-0.52948856,-0.119228505,0.37172884,-0.33468905,-0.08313896,0.55285853,-0.23230815,-0.08494958,0.46269372,-0.17658724,-0.043849677,0.35321972,-0.16601072,-0.018229969,0.3948963,-0.16288564,-0.102821045,0.517147,-0.08487509,-0.10129435,0.43385482,-0.046004653,-0.058748048,0.33832502,-0.03566723,-0.037092995,0.4219484,-0.01053643,-0.10819171,0.49333933,0.031292863,-0.07333728,0.4071729,0.06796218,-0.01386972,0.32801786,0.06790565,0.021474477
G,Karol,Right,0.0,0.0,0.0,0.03653452,-0.2334668,0.13150793,0.15790503,-0.46732098,0.14800075,0.2484586,-0.6448836,0.1450163,0.22602506,-0.8083861,0.12789266,0.32839218,-0.48639953,-0.038380112,0.58428997,-0.512165,-0.05090972,0.73601323,-0.51918566,-0.0635411,0.8533052,-0.5214117,-0.073526666,0.38134986,-0.35531345,-0.09122625,0.53769773,-0.21983548,-0.05472433,0.44162607,-0.16461274,0.0010022875,0.34771672,-0.16814114,0.020188212,0.40314302,-0.18226933,-0.123799965,0.50829554,-0.073052555,-0.079391256,0.41942632,-0.035520796,-0.02950661,0.33449548,-0.039370105,-0.023902426,0.4348158,-0.029950008,-0.13989322,0.49108556,0.0456646,-0.07641205,0.40119424,0.07851412,-0.016046947,0.3282959,0.06408531,0.0068555227
G,Karol,Right,0.0,0.0,0.0,0.046332598,-0.20370552,0.052167967,0.1845798,-0.43489972,0.049813457,0.28056207,-0.6194786,0.0376488,0.25175795,-0.77511173,0.017513327,0.3389842,-0.46589053,-0.06730047,0.5934943,-0.48435405,-0.1027832,0.7511315,-0.4941858,-0.11905133,0.8690517,-0.4947213,-0.1285187,0.39232647,-0.34548447,-0.09871522,0.5570724,-0.1733833,-0.12640305,0.47050527,-0.116632864,-0.09976233,0.37158287,-0.1264307,-0.07903519,0.4145368,-0.17538045,-0.11842275,0.51832134,-0.03132699,-0.14021187,0.44262248,0.0036836509,-0.10474437,0.35859165,-0.014740657,-0.08240871,0.43152082,-0.015136965,-0.12940675,0.4936817,0.08294921,-0.120565996,0.41422194,0.1150424,-0.07722703,0.3403021,0.09074715,-0.048178304
G,Karol,Right,0.0,0.0,0.0,0.056235433,-0.2252364,0.12427727,0.1868008,-0.43872082,0.14307329,0.2719872,-0.60786045,0.13983168,0.25550577,-0.7662338,0.12257098,0.3467375,-0.47379187,-0.018265976,0.5942571,-0.49725717,-0.020975804,0.74131817,-0.5090216,-0.02500129,0.8544537,-0.5195276,-0.0315127,0.39017034,-0.35909095,-0.07604586,0.54536974,-0.18667963,-0.048531447,0.45536354,-0.12564327,-0.007005581,0.3663932,-0.14187153,0.00555515,0.4066443,-0.19303027,-0.11446688,0.5110189,-0.052316,-0.07585812,0.42375088,-0.014493911,-0.03121598,0.34534943,-0.037336446,-0.0263521,0.42587203,-0.04449291,-0.13909777,0.4822831,0.055728942,-0.08151613,0.39582658,0.08598712,-0.025952421,0.32425326,0.06318215,-0.003939216
G,Karol,Right,0.0,0.0,0.0,0.07544374,-0.20950298,0.08906785,0.20386083,-0.42546093,0.088966765,0.297255,-0.60124296,0.07190508,0.28390774,-0.7505755,0.04544394,0.33198208,-0.46606186,-0.065143324,0.58869076,-0.5077321,-0.104694895,0.7407778,-0.51615626,-0.124129966,0.8547931,-0.518969,-0.13548882,0.36900485,-0.33268908,-0.11833422,0.5561146,-0.18701713,-0.14391018,0.47274733,-0.1286673,-0.11490826,0.37702358,-0.14030278,-0.098235674,0.39153254,-0.1612926,-0.15570967,0.5216663,-0.034556746,-0.1666721,0.44042766,-0.00057968876,-0.11859784,0.3535976,-0.022048157,-0.09506673,0.41293108,-0.0047846683,-0.18211211,0.49277866,0.08289018,-0.15730174,0.41039017,0.112716906,-0.100175284,0.33279932,0.092421085,-0.06700825
G,Karol,Right,0.0,0.0,0.0,0.079717115,-0.20994768,0.113973096,0.19390981,-0.44245398,0.10765119,0.2723191,-0.618944,0.08513203,0.22275151,-0.7688303,0.05017529,0.29481378,-0.47395504,-0.09632144,0.55872566,-0.51564765,-0.13755554,0.71742827,-0.53789014,-0.16251142,0.834696,-0.550711,-0.17927802,0.3281311,-0.3302443,-0.15337668,0.54271054,-0.19990969,-0.14813511,0.45254135,-0.13131422,-0.09004261,0.36380014,-0.14152959,-0.06569972,0.35375538,-0.15643592,-0.19078733,0.52169245,-0.037899174,-0.1707128,0.43401355,-0.00029940554,-0.10729654,0.34756362,-0.017234474,-0.088405326,0.38838696,0.0004469267,-0.21327046,0.494858,0.082095265,-0.16639362,0.40450397,0.114942156,-0.10039594,0.3266165,0.09368948,-0.07200943
G,Karol,Right,0.0,0.0,0.0,0.061266188,-0.22440621,0.085260145,0.19028153,-0.45648956,0.08938436,0.27829513,-0.6340347,0.079609275,0.24298942,-0.78292984,0.060532887,0.3209908,-0.48387492,-0.056725997,0.5719599,-0.5128503,-0.092167415,0.7275095,-0.5299576,-0.1145317,0.84306693,-0.5378086,-0.12724239,0.36648688,-0.35231283,-0.100231186,0.5497,-0.21700525,-0.10999023,0.46722105,-0.15731509,-0.07475598,0.36990115,-0.1600419,-0.05477629,0.3887107,-0.17836808,-0.1286268,0.52485585,-0.07200677,-0.13651234,0.4470089,-0.033775706,-0.0943334,0.3599571,-0.043189883,-0.07270729,0.4089274,-0.02040965,-0.1439155,0.5040533,0.04485292,-0.11912073,0.42455462,0.07910671,-0.061949097,0.3472846,0.06819814,-0.028107405
G,Karol,Right,0.0,0.0,0.0,0.06707915,-0.2512107,0.07536722,0.19309442,-0.44593844,0.077282794,0.27581623,-0.6256465,0.06561599,0.2653574,-0.7793434,0.044318035,0.3948729,-0.45460048,-0.029018687,0.64997876,-0.4413211,-0.030255917,0.79989994,-0.43141523,-0.025294265,0.90777206,-0.4194638,-0.02401268,0.4543719,-0.31721213,-0.06604486,0.5770215,-0.18850449,-0.044143245,0.49700674,-0.15980873,-0.0024946074,0.40772006,-0.17400053,0.016938165,0.46370393,-0.1385522,-0.088967964,0.5345762,-0.058513172,-0.05861818,0.4689854,-0.038410775,-0.012599382,0.3879237,-0.05275667,0.0023039533,0.46124184,0.028283397,-0.103671476,0.49458775,0.06399577,-0.06301028,0.43085474,0.08398524,-0.013681959,0.36159065,0.068698965,0.013918039
G,Karol,Right,0.0,0.0,0.0,0.03820206,-0.25854993,0.03980507,0.16901885,-0.4681715,0.029294614,0.2550603,-0.65440553,0.007580537,0.2425142,-0.82112515,-0.022442168,0.416646,-0.44229758,-0.045178518,0.65969443,-0.4304601,-0.066012405,0.81118983,-0.41190687,-0.08172079,0.9189173,-0.39445022,-0.09422278,0.49838048,-0.29559705,-0.071318366,0.49860016,-0.20744784,-0.06967568,0.40825924,-0.19207065,-0.047774393,0.33582574,-0.20234469,-0.040393826,0.50604856,-0.11515136,-0.08796343,0.47680858,-0.082600184,-0.0836687,0.4074863,-0.071286984,-0.053454142,0.3376238,-0.08221165,-0.04224958,0.4997973,0.047368918,-0.09922605,0.47009826,0.05091562,-0.079088025,0.4069231,0.065836266,-0.037008066,0.3458497,0.05867661,-0.008044654
G,Karol,Right,0.0,0.0,0.0,0.05305148,-0.26848722,0.03413785,0.18629281,-0.46448186,0.025784846,0.26887453,-0.6461984,0.006355837,0.2687581,-0.8101731,-0.020936267,0.43227115,-0.45512798,-0.034235567,0.6710706,-0.42854822,-0.04096494,0.815395,-0.40453994,-0.04707099,0.9230714,-0.38462874,-0.056220416,0.50789005,-0.30730867,-0.058959655,0.51254493,-0.22275412,-0.051272236,0.42294303,-0.20456582,-0.038867738,0.35531247,-0.21210875,-0.03948044,0.5170099,-0.12524281,-0.073346145,0.50456494,-0.10088868,-0.06314761,0.4356207,-0.089448445,-0.037162773,0.36983055,-0.10030987,-0.029104471,0.50892895,0.036565505,-0.083658986,0.528148,0.035469603,-0.0644012,0.47719905,0.050256945,-0.025591392,0.41940442,0.048250932,0.0028675287
G,Karol,Right,0.0,0.0,0.0,0.04573799,-0.27378353,0.031703677,0.17243533,-0.4787068,0.020994788,0.25381446,-0.6627795,-0.0024520175,0.24960375,-0.8308081,-0.033698417,0.4385005,-0.4516774,-0.026252499,0.67024106,-0.42944363,-0.034938954,0.8159917,-0.40265542,-0.048290856,0.92576545,-0.37809825,-0.0643426,0.51498276,-0.31094453,-0.055328928,0.4986201,-0.21383408,-0.05251043,0.40838072,-0.19335286,-0.047943346,0.34457076,-0.20108312,-0.05486305,0.5224164,-0.13044827,-0.075321876,0.49276006,-0.09290097,-0.06772478,0.42266443,-0.08124293,-0.043142404,0.35907492,-0.09245253,-0.037364487,0.51201123,0.03516537,-0.092963934,0.5108535,0.04955354,-0.076585285,0.452175,0.060942918,-0.03853657,0.39188418,0.059512503,-0.010907179
G,Karol,Right,0.0,0.0,0.0,0.03014397,-0.26608297,0.009768412,0.15122347,-0.4556005,-0.0146217095,0.24223487,-0.6278774,-0.04784903,0.257764,-0.79406154,-0.08808039,0.4295361,-0.43848774,-0.06338866,0.6603223,-0.42297652,-0.09926335,0.8114772,-0.40459982,-0.12779628,0.9229384,-0.3849477,-0.15023755,0.50981176,-0.28090632,-0.08594631,0.48324278,-0.19404027,-0.112255916,0.39104638,-0.1879273,-0.10767431,0.32173637,-0.19732055,-0.10801025,0.51260275,-0.09908521,-0.10285137,0.46355307,-0.063660204,-0.12262751,0.3934022,-0.06301675,-0.095998935,0.32812366,-0.076576464,-0.082231544,0.49448806,0.0607898,-0.11914888,0.4477041,0.0808844,-0.12120415,0.38014522,0.07945123,-0.08814392,0.32272235,0.06628401,-0.06101398
G,Karol,Right,0.0,0.0,0.0,0.022057652,-0.26479936,0.019407874,0.15021333,-0.47551566,-0.001198622,0.24246094,-0.6625416,-0.028651655,0.25454056,-0.8354216,-0.063029826,0.42386732,-0.47592825,-0.071508795,0.6733576,-0.43708315,-0.097085565,0.82068604,-0.4116262,-0.11341695,0.9218295,-0.38759553,-0.12620835,0.5061684,-0.3146023,-0.09164625,0.4993338,-0.20737438,-0.09772257,0.40867957,-0.19402686,-0.07677212,0.3403169,-0.20586555,-0.068847485,0.50833136,-0.12169419,-0.10344327,0.4629371,-0.076959774,-0.10407245,0.3962134,-0.0623056,-0.07290237,0.33329648,-0.06985785,-0.060833108,0.49137932,0.048364446,-0.11232062,0.43072903,0.063921586,-0.09631524,0.36646137,0.07563801,-0.058426857,0.31300488,0.06763283,-0.031215603
G,Karol,Right,0.0,0.0,0.0,0.06529175,-0.28225598,0.014992004,0.20309798,-0.50803584,-0.0017661941,0.30250633,-0.7036376,-0.024440235,0.31449574,-0.88366526,-0.05251,0.442173,-0.43904495,-0.046178132,0.6741182,-0.4452722,-0.07034292,0.81121516,-0.4282645,-0.08690108,0.911483,-0.41133776,-0.09837683,0.50994045,-0.26968995,-0.056642182,0.5265784,-0.2476292,-0.05329754,0.44999725,-0.24247333,-0.031696353,0.37964484,-0.2356403,-0.021601204,0.5029441,-0.09538292,-0.06113803,0.46457547,-0.1063984,-0.053767946,0.40711528,-0.10242414,-0.029539704,0.34027538,-0.1004989,-0.021440672,0.4760077,0.05204086,-0.0631427,0.41542763,0.036571573,-0.04302129,0.3582405,0.039955795,-0.010685334,0.30250812,0.036889356,0.012048863
G,Karol,Right,0.0,0.0,0.0,0.053340197,-0.2892498,-0.0144688105,0.18476841,-0.49918163,-0.04477204,0.2857419,-0.6924539,-0.07372264,0.28988525,-0.8639547,-0.10498552,0.42900997,-0.40635777,-0.065004334,0.6779856,-0.3990992,-0.08957709,0.82256615,-0.38798472,-0.104664065,0.9253385,-0.37914193,-0.10937586,0.47887737,-0.2415865,-0.052603833,0.6800226,-0.2412237,-0.03200675,0.7610522,-0.2864021,-0.007333661,0.79136574,-0.33317438,0.0046805874,0.48120755,-0.08012182,-0.036288735,0.56739753,-0.10029948,0.009357013,0.54295427,-0.14094631,0.04419308,0.47701335,-0.17238894,0.05900188,0.46558142,0.057550874,-0.023875779,0.488524,0.032389518,0.025510551,0.45334172,0.009818443,0.06252613,0.3998026,-0.014097084,0.087558664
G,Karol,Right,0.0,0.0,0.0,0.03622395,-0.3039869,0.011341931,0.16064185,-0.5131909,-0.018711096,0.27161252,-0.7122847,-0.049484897,0.29836258,-0.89049476,-0.08611208,0.42129064,-0.41315597,-0.0855012,0.66824204,-0.42522708,-0.11584053,0.81457114,-0.4076647,-0.12896156,0.92115396,-0.3891984,-0.13235681,0.48938286,-0.23412049,-0.07920991,0.60374373,-0.28291467,-0.05490462,0.54914135,-0.31363025,-0.0041307155,0.4760064,-0.3092156,0.023657959,0.487562,-0.07212645,-0.065115996,0.5356129,-0.13061042,-0.033776373,0.4808781,-0.14644548,0.008477362,0.40475938,-0.13705762,0.025592964,0.47080544,0.058726493,-0.047823444,0.47081485,0.015065831,-0.0009982565,0.41266653,0.0075616613,0.04362931,0.35309803,0.0048937155,0.07074273
G,Karol,Right,0.0,0.0,0.0,0.010039243,-0.30749628,-0.02690984,0.12523322,-0.54740167,-0.06614945,0.2207714,-0.75944024,-0.10342588,0.23624878,-0.9456347,-0.14494662,0.41925478,-0.43543097,-0.085385896,0.647753,-0.45433035,-0.11778375,0.7973052,-0.44751295,-0.14110613,0.9036892,-0.42818904,-0.15752062,0.49916902,-0.26193306,-0.07771548,0.46604493,-0.2551039,-0.093062215,0.37750992,-0.25993702,-0.079195276,0.31026903,-0.24126667,-0.071776636,0.49706265,-0.09584218,-0.0666011,0.44726568,-0.1228701,-0.078607604,0.3815997,-0.12583679,-0.055986386,0.31594837,-0.118568696,-0.043621853,0.4775518,0.04176222,-0.05622847,0.4292759,0.021680288,-0.051469464,0.3670536,0.018728685,-0.02204016,0.31227094,0.017027462,0.0032675972
G,Karol,Right,0.0,0.0,0.0,0.011012419,-0.30752623,-0.016484257,0.12836914,-0.5485175,-0.05185568,0.23148368,-0.7714782,-0.08662813,0.2623199,-0.94630975,-0.12758468,0.44670153,-0.4344516,-0.07135681,0.66812396,-0.4406929,-0.09221391,0.8085647,-0.43250424,-0.11032271,0.9097946,-0.41505876,-0.12287516,0.5328698,-0.24896964,-0.060104825,0.49197707,-0.24169406,-0.05217648,0.41005057,-0.25183025,-0.028296676,0.33543125,-0.22998674,-0.017222473,0.52310956,-0.069549195,-0.0441616,0.46368903,-0.096988834,-0.03932524,0.40051726,-0.09952005,-0.017728185,0.33411184,-0.08340077,-0.008293942,0.4952106,0.07898761,-0.027306125,0.44463387,0.05878171,-0.007942955,0.38053724,0.047389578,0.023024714,0.32357675,0.050044544,0.046599332
G,Karol,Right,0.0,0.0,0.0,0.00372711,-0.29782918,-0.05797625,0.12163934,-0.54002696,-0.106559,0.23079495,-0.74982876,-0.14323808,0.26310197,-0.9362573,-0.1815557,0.41332796,-0.4150132,-0.12870511,0.6446934,-0.45096648,-0.17375496,0.7971768,-0.4438781,-0.19932406,0.90477324,-0.4258937,-0.21365274,0.49505147,-0.23636192,-0.10120052,0.5234958,-0.29875898,-0.11819735,0.44386426,-0.3179052,-0.09167139,0.3699,-0.29434487,-0.07477428,0.50172126,-0.080464624,-0.07303292,0.49877253,-0.14970629,-0.086581856,0.4372361,-0.16345395,-0.056159135,0.3676567,-0.14991838,-0.038283814,0.48588926,0.04552875,-0.047917917,0.46247086,0.0006289417,-0.04210815,0.40329444,-0.0064958944,-0.011652744,0.34974203,-0.001664066,0.012989204
G,Karol,Right,0.0,0.0,0.0,0.029438423,-0.28415993,-0.020523716,0.16119327,-0.507087,-0.058301967,0.26681384,-0.7035267,-0.0972401,0.27938446,-0.882533,-0.14166279,0.40602663,-0.40645012,-0.09132981,0.6448867,-0.42608082,-0.14270112,0.80101556,-0.4194684,-0.17693356,0.9143244,-0.4049826,-0.1993269,0.47151548,-0.24008867,-0.09349661,0.4660681,-0.26277077,-0.123853855,0.38531497,-0.26021734,-0.107549615,0.32207346,-0.23667394,-0.09714575,0.4659895,-0.07882528,-0.093885526,0.4330566,-0.11952247,-0.12020078,0.3712708,-0.11753637,-0.09251134,0.30896604,-0.10366161,-0.07453957,0.44189402,0.055573653,-0.09481074,0.40905315,0.023863612,-0.09846302,0.3449814,0.021889608,-0.06582412,0.2902979,0.028235681,-0.03812161
G,Karol,Right,0.0,0.0,0.0,0.03135783,-0.25809845,-0.0075284885,0.14335893,-0.478497,-0.04400776,0.22262254,-0.6786642,-0.079443514,0.20969348,-0.8389045,-0.121088885,0.32768404,-0.42861494,-0.11155462,0.568423,-0.5064708,-0.17216255,0.725548,-0.53427094,-0.20532314,0.8406453,-0.54158604,-0.22123475,0.39957887,-0.25226977,-0.11397897,0.5260504,-0.28027484,-0.14704765,0.45386314,-0.2816892,-0.112224326,0.3593966,-0.2614479,-0.081180565,0.41296926,-0.08580708,-0.11261289,0.48495466,-0.12826762,-0.13489592,0.42631844,-0.120583944,-0.095759206,0.34670454,-0.09488131,-0.06539089,0.41041893,0.05588408,-0.10857682,0.44116658,0.014872473,-0.10436195,0.38257235,0.024742767,-0.063909076,0.32225722,0.042384174,-0.031640008
G,Karol,Right,0.0,0.0,0.0,0.037875388,-0.2500009,0.0049891793,0.15275533,-0.4680328,-0.029480295,0.22066599,-0.66803545,-0.06210736,0.19903558,-0.82622045,-0.1024387,0.31915677,-0.4209003,-0.12116258,0.56830984,-0.4995795,-0.17387709,0.7226862,-0.5320064,-0.19968496,0.83970845,-0.54303753,-0.21169542,0.38523975,-0.25024772,-0.12252267,0.54163045,-0.28527942,-0.1372036,0.47018874,-0.29140696,-0.08842368,0.37786984,-0.27414122,-0.053476926,0.4013936,-0.087352484,-0.116630256,0.51035523,-0.13530003,-0.11790607,0.44748086,-0.13531692,-0.06471987,0.36518583,-0.11459295,-0.031793877,0.40283936,0.05062258,-0.10703584,0.46205914,0.00090870884,-0.087586,0.39888328,0.00858101,-0.037286323,0.33710772,0.025891012,-0.002699478
G,Karol,Right,0.0,0.0,0.0,0.041913237,-0.26077935,0.013923569,0.15524451,-0.4712648,-0.02346663,0.21530694,-0.67757195,-0.0557882,0.19657448,-0.8360595,-0.09853649,0.3121053,-0.41615582,-0.15042932,0.5673483,-0.49823174,-0.2042225,0.72109765,-0.5347234,-0.23276296,0.8350563,-0.5501645,-0.24530877,0.3838524,-0.23913257,-0.13916568,0.5405816,-0.32695636,-0.124747716,0.46313184,-0.3496582,-0.051112022,0.37214214,-0.32970417,-0.0072755576,0.39531347,-0.0783478,-0.117979795,0.51933724,-0.17125618,-0.09319586,0.4564145,-0.18076368,-0.029770574,0.37361297,-0.15301043,0.0017763035,0.395439,0.047723535,-0.09039005,0.4692546,-0.028016763,-0.05185949,0.40623555,-0.033870157,0.003727247,0.33934337,-0.013620096,0.03511923
G,Karol,Right,0.0,0.0,0.0,0.0015038069,-0.25771108,-0.14241065,0.11564874,-0.4976282,-0.21574199,0.18573189,-0.7136865,-0.25590467,0.16955307,-0.8705371,-0.29394647,0.34030944,-0.3594988,-0.21787332,0.58105266,-0.46957844,-0.29576617,0.7438262,-0.49770325,-0.34378213,0.8678693,-0.49679258,-0.36601958,0.39583352,-0.21332283,-0.14259845,0.58848023,-0.32750052,-0.16790578,0.66234046,-0.38978434,-0.15213075,0.7151435,-0.41479126,-0.14044428,0.41969508,-0.09491155,-0.07470654,0.59447557,-0.20399639,-0.09337721,0.6747845,-0.293806,-0.0826281,0.73249054,-0.34370822,-0.0722293,0.4333494,-0.007117525,-0.015421577,0.5777775,-0.09051534,-0.020483939,0.64532745,-0.14833269,-0.008088884,0.6953359,-0.18289028,0.003303059
G,Karol,Right,0.0,0.0,0.0,0.01624157,-0.24846028,-0.1306081,0.10832885,-0.46601447,-0.24044994,0.15751562,-0.66095924,-0.308878,0.15043263,-0.8435678,-0.38149902,0.3102204,-0.3493531,-0.35799944,0.56045395,-0.43902877,-0.49206877,0.7406855,-0.46943778,-0.5831928,0.882088,-0.47108462,-0.6325161,0.35347906,-0.16796772,-0.28051108,0.5059283,-0.24040961,-0.32563472,0.38842258,-0.27335435,-0.26543215,0.28922284,-0.26943985,-0.22457184,0.35623562,-0.024665896,-0.20368174,0.48649886,-0.0884744,-0.23212942,0.38765594,-0.12070695,-0.176048,0.29931632,-0.109678894,-0.14022918,0.3599761,0.08810547,-0.12987635,0.45228985,0.04831639,-0.13320112,0.3667648,0.020885427,-0.089454815,0.28909084,0.021300612,-0.06078041
G,Karol,Right,0.0,0.0,0.0,0.037698794,-0.26592335,0.031061102,0.15642348,-0.46328646,0.016915606,0.2345089,-0.6459,-0.0028156613,0.2209079,-0.7920016,-0.03061921,0.33217174,-0.44570008,-0.0717111,0.56789124,-0.50835866,-0.113474175,0.7217665,-0.53964406,-0.13501981,0.83525705,-0.5498597,-0.14407031,0.4012693,-0.28947997,-0.084456,0.48249206,-0.29670957,-0.09177212,0.40809837,-0.28477597,-0.052293688,0.3256834,-0.25917765,-0.026253803,0.41683397,-0.11614883,-0.08966066,0.44295695,-0.15501937,-0.09352866,0.38472435,-0.13688079,-0.053212464,0.31189367,-0.10735116,-0.029304363,0.41931885,0.038733736,-0.088993736,0.4203521,-0.007641409,-0.067775905,0.35989136,0.005559101,-0.020998847,0.30156755,0.02288842,0.01136409
G,Karol,Right,0.0,0.0,0.0,0.054673694,-0.24683532,0.061649963,0.18458448,-0.4314094,0.06582059,0.2643587,-0.5966374,0.05840836,0.24645929,-0.74092907,0.04234556,0.3869756,-0.47325495,-0.019329993,0.6281227,-0.47802186,-0.018754935,0.7735493,-0.47772768,-0.017758694,0.87845635,-0.47782257,-0.0209143,0.45610258,-0.33565432,-0.051148813,0.5565178,-0.20918593,-0.031103255,0.47357184,-0.17793983,-0.002023886,0.38734773,-0.19401747,0.007758998,0.4756378,-0.15687494,-0.07087497,0.54273134,-0.07531646,-0.04648065,0.47598204,-0.052236073,-0.00896159,0.39720523,-0.065580495,0.0012439829,0.47855663,0.0032776438,-0.08396446,0.5137264,0.049898844,-0.04622101,0.44977912,0.07685741,-0.00048735103,0.37924758,0.06801825,0.024503717
G,Karol,Right,0.0,0.0,0.0,0.047819518,-0.2482385,0.055724133,0.17300588,-0.43803823,0.052161522,0.24799995,-0.61475474,0.03525341,0.23854594,-0.7734766,0.009188874,0.38196597,-0.46602032,-0.03359575,0.6235358,-0.47439858,-0.048350647,0.77177167,-0.477961,-0.057742085,0.87867904,-0.47741294,-0.06734435,0.45499456,-0.3466542,-0.06748311,0.5362625,-0.18671761,-0.061255258,0.45039105,-0.14759658,-0.037453,0.37342685,-0.16996123,-0.029627342,0.47526452,-0.17206322,-0.08997915,0.51166344,-0.05422688,-0.075964496,0.44000807,-0.029870175,-0.03916827,0.36665106,-0.052292686,-0.027745172,0.47855482,-0.008363942,-0.107056096,0.4816684,0.06826386,-0.08128478,0.4099222,0.09367621,-0.03899403,0.34314892,0.075389996,-0.012842791
G,Karol,Right,0.0,0.0,0.0,0.0456236,-0.26073316,0.049204458,0.1698077,-0.45698127,0.046997648,0.2457827,-0.6225143,0.0327366,0.2532523,-0.7742015,0.010190129,0.40947127,-0.4587824,-0.03215911,0.6516598,-0.45046756,-0.04288268,0.7985382,-0.43968785,-0.04898561,0.9016184,-0.43253237,-0.054335937,0.4754769,-0.31081653,-0.06092119,0.5105544,-0.2272623,-0.048138756,0.4200534,-0.21483861,-0.019424854,0.34112918,-0.22797051,-0.0093803825,0.4768048,-0.13055417,-0.07991011,0.4946235,-0.100868486,-0.07117138,0.42199722,-0.0914745,-0.03675294,0.34805033,-0.10265265,-0.02310001,0.4624749,0.027098566,-0.09212718,0.49174136,0.02755565,-0.06935021,0.42820168,0.04010759,-0.02265721,0.35958603,0.034168363,0.00860744
G,Karol,Right,0.0,0.0,0.0,0.03408501,-0.27697995,0.02277889,0.16387749,-0.4701815,0.005767183,0.25409916,-0.64822286,-0.020277107,0.26470312,-0.8171386,-0.05421216,0.4323442,-0.46705675,-0.053376663,0.66210604,-0.44044662,-0.08167661,0.80969614,-0.41827822,-0.10400777,0.9191862,-0.3938232,-0.12167579,0.5143396,-0.30809835,-0.07422068,0.5031429,-0.23020624,-0.08058839,0.41494107,-0.21538113,-0.065068096,0.3450356,-0.21344443,-0.06180223,0.5216126,-0.12163854,-0.087945744,0.48862788,-0.09619894,-0.08853651,0.42171958,-0.08945978,-0.05725216,0.35380048,-0.0964981,-0.04487983,0.50739855,0.04172779,-0.09975111,0.47582838,0.04619401,-0.08683989,0.4108713,0.05033351,-0.05035508,0.35128772,0.041386735,-0.024078736
G,Karol,Right,0.0,0.0,0.0,0.02308627,-0.25468108,0.028531745,0.14519402,-0.4418337,0.012456233,0.23588014,-0.6241607,-0.015048725,0.24621308,-0.7926833,-0.04955646,0.41761976,-0.46899244,-0.04463055,0.6590961,-0.4571293,-0.059725452,0.80302423,-0.43645257,-0.073801056,0.9093428,-0.4160476,-0.088745035,0.5079671,-0.32760054,-0.07091747,0.49882004,-0.18990879,-0.073209345,0.40662956,-0.16024849,-0.066880524,0.34318796,-0.17524996,-0.07107274,0.52473074,-0.14007331,-0.08745692,0.4749672,-0.071483694,-0.08246268,0.40478614,-0.05308652,-0.05825507,0.34462968,-0.070004605,-0.052617166,0.51913995,0.027073316,-0.10163528,0.47892657,0.07159815,-0.08380203,0.41468948,0.0871484,-0.047998406,0.35523888,0.07619001,-0.022374308
G,Karol,Right,0.0,0.0,0.0,0.025177676,-0.26356784,0.021382116,0.131398,-0.44355455,-0.003338168,0.2031239,-0.6139129,-0.038606673,0.20856678,-0.7714015,-0.081420116,0.42810708,-0.44344917,-0.050208107,0.6492725,-0.43011177,-0.08387336,0.800509,-0.4273643,-0.113901444,0.9088334,-0.41715923,-0.13568212,0.5120124,-0.2892666,-0.07350625,0.47415286,-0.17697918,-0.08824163,0.3821387,-0.17192645,-0.08159586,0.31006816,-0.18845887,-0.08139914,0.5116635,-0.10005026,-0.09044287,0.44629717,-0.045874678,-0.10315025,0.37709597,-0.03948777,-0.08062679,0.31394035,-0.05785184,-0.06965218,0.48935065,0.06603983,-0.10451896,0.42658988,0.10797611,-0.09337067,0.3617277,0.110767394,-0.05628538,0.30522913,0.08906136,-0.027950192
G,Karol,Right,0.0,0.0,0.0,0.015741814,-0.24463889,0.0022275127,0.12523808,-0.4467644,-0.032465447,0.20626701,-0.63842833,-0.07329929,0.20659484,-0.8028625,-0.1210401,0.40091407,-0.45248085,-0.09470842,0.63760114,-0.4489157,-0.14466435,0.7926523,-0.44077992,-0.18046795,0.9039722,-0.42759123,-0.20409904,0.48875237,-0.30419064,-0.109208584,0.47067577,-0.17213205,-0.14386953,0.3737401,-0.16227062,-0.13779536,0.2983517,-0.18615806,-0.13368048,0.49838355,-0.11617206,-0.11751835,0.44160825,-0.04249586,-0.14817885,0.3705855,-0.034176093,-0.12734029,0.3066456,-0.053501625,-0.11243771,0.48925832,0.057235323,-0.12313084,0.4322294,0.10128312,-0.12337138,0.36132365,0.10831949,-0.087411344,0.3038906,0.08860402,-0.05682351
G,Karol,Right,0.0,0.0,0.0,0.009274348,-0.2723107,0.039828558,0.11432034,-0.44987363,0.022448782,0.19339116,-0.6171347,-0.006819665,0.1839672,-0.7753873,-0.046498753,0.3955109,-0.46674377,-0.057664603,0.6323098,-0.461386,-0.08076782,0.78074133,-0.46112037,-0.101684146,0.8890382,-0.45783305,-0.11834523,0.48745394,-0.31569946,-0.084816515,0.4728642,-0.18962358,-0.077553265,0.38811362,-0.17457214,-0.05827365,0.3218171,-0.1890197,-0.05521479,0.4949127,-0.11909366,-0.10104019,0.43889472,-0.066410646,-0.0953421,0.37453052,-0.054238044,-0.068934046,0.31376812,-0.06576071,-0.061674614,0.48392424,0.057905238,-0.111560516,0.42676067,0.08675344,-0.08716617,0.365396,0.09249002,-0.04427973,0.30833146,0.0796004,-0.016032605
G,Karol,Right,0.0,0.0,0.0,0.048036154,-0.27212378,0.016265327,0.17499542,-0.4953558,0.004227695,0.2569693,-0.6791939,-0.016312035,0.2609285,-0.8438904,-0.0412366,0.42678526,-0.4988096,-0.038946915,0.6447563,-0.4991783,-0.050846316,0.7755427,-0.4932632,-0.06411655,0.87299895,-0.48772213,-0.082006894,0.51149744,-0.34886992,-0.06577561,0.49692294,-0.2373048,-0.076367676,0.40802297,-0.20384687,-0.07659622,0.3411417,-0.20210752,-0.084199026,0.52352154,-0.15675558,-0.085265554,0.48187414,-0.09330346,-0.08455403,0.41653752,-0.068334766,-0.060133085,0.35686255,-0.06779525,-0.055332266,0.5053247,0.020855626,-0.10492048,0.46244672,0.055618707,-0.100572534,0.40368152,0.06931551,-0.07536362,0.35327855,0.067676,-0.057578918
G,Karol,Right,0.0,0.0,0.0,0.043066375,-0.28169674,0.030819993,0.17065604,-0.4957006,0.021896323,0.2550011,-0.6795747,0.0046444642,0.26290697,-0.84759134,-0.019973632,0.413434,-0.47267964,-0.04273811,0.64429367,-0.477882,-0.06027725,0.7852205,-0.47666776,-0.07155717,0.8840956,-0.4673061,-0.07977508,0.49012792,-0.31294614,-0.058922485,0.47828603,-0.2678484,-0.050391026,0.39127913,-0.25864446,-0.02541247,0.32482454,-0.24994007,-0.01529981,0.491698,-0.13466203,-0.06671766,0.45198146,-0.1349947,-0.052632265,0.38869393,-0.12958139,-0.021812018,0.32519042,-0.12664716,-0.011025686,0.4698466,0.01626399,-0.070857406,0.42183352,0.0049001537,-0.045535516,0.36195058,0.010732106,-0.0073809563,0.307305,0.011987888,0.019589022
G,Karol,Right,0.0,0.0,0.0,0.039907258,-0.2851465,0.038817845,0.16446196,-0.49761683,0.033732016,0.25037917,-0.67963207,0.018753175,0.2557792,-0.842835,-0.0047012535,0.40803158,-0.46975502,-0.04246161,0.64297205,-0.4781218,-0.059113644,0.7855578,-0.47494987,-0.070032425,0.8859166,-0.46384454,-0.07802534,0.4854158,-0.3172436,-0.061799582,0.47563022,-0.260008,-0.05098133,0.38311037,-0.2506958,-0.024420269,0.3132653,-0.24479707,-0.01424998,0.48823267,-0.13810539,-0.07158939,0.45266765,-0.1240601,-0.056552134,0.3839061,-0.1176479,-0.024177976,0.31710127,-0.11684927,-0.012791389,0.4675349,0.017048588,-0.07683112,0.4314737,0.01963201,-0.051346183,0.36960968,0.026147887,-0.011288721,0.31116027,0.026756568,0.016905535
G,Karol,Right,0.0,0.0,0.0,0.045551676,-0.29072985,0.03201969,0.1812008,-0.5064464,0.028005153,0.27033854,-0.685261,0.014381232,0.2675063,-0.8494651,-0.006335176,0.45944333,-0.4689265,-0.019671546,0.6905395,-0.44662118,-0.011570135,0.8218516,-0.425096,-0.007469781,0.912528,-0.40901428,-0.010446782,0.5293196,-0.30743584,-0.039243262,0.5679418,-0.21315,-0.010307799,0.48248482,-0.19887432,0.016416742,0.40521505,-0.20462023,0.022578495,0.5308582,-0.11626866,-0.050266296,0.5422561,-0.06876083,-0.019808581,0.47320288,-0.05477494,0.012042335,0.3964923,-0.05911741,0.01737595,0.5129582,0.056663375,-0.05849002,0.512509,0.08564833,-0.023794202,0.4488953,0.10053292,0.015194632,0.38402554,0.099557176,0.03808196
G,Karol,Right,0.0,0.0,0.0,0.023088366,-0.32085052,0.04236826,0.1354008,-0.5491625,0.031866737,0.23188771,-0.74908507,0.009835573,0.252336,-0.92377925,-0.02042237,0.44220445,-0.48035342,-0.032212444,0.68252933,-0.44387156,-0.032563556,0.815721,-0.4278416,-0.035293214,0.909139,-0.41649285,-0.042428557,0.532924,-0.31477895,-0.0571812,0.5252157,-0.21230486,-0.028797198,0.43265966,-0.20074882,0.0027395408,0.35567585,-0.2028943,0.009852219,0.53895384,-0.11917288,-0.072620496,0.5015674,-0.0720933,-0.0468377,0.4285124,-0.060021043,-0.011136158,0.35645887,-0.06864258,-0.0039192494,0.524531,0.05514992,-0.083728775,0.48876017,0.08272488,-0.051623035,0.4210401,0.088943735,-0.008728106,0.355726,0.07409073,0.017182652
G,Karol,Right,0.0,0.0,0.0,0.031740632,-0.28377113,0.018211465,0.15203294,-0.49632543,-0.0035523404,0.24178982,-0.6827242,-0.032688323,0.25473598,-0.84968543,-0.06932338,0.44054854,-0.4579507,-0.06544579,0.66991913,-0.42560703,-0.0946883,0.8177665,-0.40852425,-0.11988633,0.92019945,-0.39144987,-0.14040938,0.5188945,-0.29025498,-0.08378484,0.5079462,-0.19343735,-0.090182714,0.42170185,-0.18500158,-0.07210007,0.34729362,-0.19130589,-0.068061136,0.5178357,-0.09695734,-0.09509217,0.486041,-0.053229887,-0.09906901,0.42264125,-0.04648968,-0.068719074,0.34940165,-0.056607086,-0.05743359,0.49712497,0.07712109,-0.10401273,0.4559598,0.1026986,-0.09505791,0.3933181,0.100498356,-0.060258873,0.3304708,0.08271339,-0.03555117
G,Karol,Right,0.0,0.0,0.0,0.056129154,-0.24259757,0.04027985,0.18422757,-0.44574118,0.040158633,0.27440795,-0.62126297,0.029044542,0.28268534,-0.7728073,0.015252924,0.39641494,-0.45391542,-0.014897877,0.6392042,-0.47810757,-0.026213713,0.7791483,-0.47452983,-0.027463812,0.8832393,-0.4689224,-0.022893855,0.4478634,-0.31860957,-0.036118563,0.65547496,-0.2971416,-0.01797782,0.74968326,-0.28305814,0.004098109,0.8029384,-0.28296262,0.015187939,0.46476868,-0.1530857,-0.0501423,0.5585512,-0.11854609,-0.020948695,0.51402366,-0.092664465,0.009940542,0.4374884,-0.08452589,0.028308194,0.4679813,0.0023349489,-0.062267657,0.5407158,0.024711212,-0.023139117,0.5012468,0.035050124,0.01645135,0.43476892,0.028782837,0.04613535
G,Karol,Right,0.0,0.0,0.0,0.047954936,-0.26067755,0.04810317,0.17110692,-0.46801552,0.046157945,0.25137368,-0.6517064,0.03408348,0.24932413,-0.8075219,0.013594003,0.38667676,-0.4742675,-0.04306261,0.6252387,-0.4957721,-0.05430406,0.7664437,-0.49642065,-0.056341298,0.86850303,-0.49568382,-0.059413623,0.4558864,-0.3310236,-0.06566885,0.5108727,-0.24540746,-0.05602726,0.42626974,-0.22051963,-0.026661815,0.3507686,-0.22387098,-0.014141714,0.46795216,-0.15730634,-0.076722994,0.4717972,-0.11874345,-0.060532693,0.40976807,-0.103523344,-0.025169332,0.34000003,-0.109624654,-0.01226195,0.46483105,-0.005413788,-0.08197632,0.4549673,0.0058327056,-0.05273435,0.39734378,0.02045938,-0.010351075,0.33795696,0.012002085,0.017491959
G,Karol,Right,0.0,0.0,0.0,0.034683995,-0.24827884,0.04304066,0.14562856,-0.44151127,0.032387987,0.21750715,-0.6218817,0.012866512,0.20137423,-0.7718575,-0.014549303,0.3668678,-0.47701967,-0.05264036,0.61330146,-0.48299262,-0.0655918,0.7634679,-0.48999485,-0.07178881,0.8712997,-0.49075133,-0.07846795,0.44741622,-0.3431898,-0.07812068,0.5226899,-0.23109403,-0.06509927,0.44442612,-0.20293853,-0.033629317,0.36720982,-0.21025395,-0.022339644,0.4685955,-0.16690569,-0.09256117,0.5018625,-0.10315042,-0.07605404,0.4424857,-0.08086986,-0.03620169,0.36673936,-0.08509149,-0.022882624,0.4742656,-0.008773401,-0.1021496,0.48058042,0.028254215,-0.07408,0.42473766,0.054434497,-0.030133257,0.36065328,0.05122023,-0.0034805893
G,Karol,Right,0.0,0.0,0.0,0.018607304,-0.21845748,0.058875985,0.13560052,-0.4118835,0.05761556,0.21845464,-0.5934421,0.0405134,0.1998805,-0.74956465,0.014568284,0.38209888,-0.44764057,-0.031275485,0.6154228,-0.47814366,-0.050396547,0.76469713,-0.48713496,-0.065586165,0.8730631,-0.4876073,-0.07849898,0.46036205,-0.34653068,-0.06705754,0.4958727,-0.14979744,-0.06648627,0.4053886,-0.10599558,-0.04792301,0.33420622,-0.13017613,-0.04230059,0.47669944,-0.18041281,-0.091396414,0.4676372,-0.023533871,-0.08893768,0.3939869,0.0016185791,-0.061963964,0.3278538,-0.024547946,-0.05307176,0.47909352,-0.02348302,-0.109152175,0.4581072,0.09767405,-0.08949069,0.38518283,0.12556644,-0.050845902,0.32077166,0.102614135,-0.024851209
G,Karol,Right,0.0,0.0,0.0,0.024683485,-0.22891416,0.050402552,0.14320804,-0.41493693,0.04365775,0.2219734,-0.59488416,0.02249619,0.21311988,-0.75502115,-0.00809721,0.38003674,-0.45138875,-0.04089504,0.6152575,-0.47535315,-0.06301324,0.7641522,-0.48443556,-0.07882168,0.87229705,-0.48897633,-0.09151202,0.45813265,-0.34232318,-0.07413109,0.5015147,-0.17628573,-0.07615418,0.41313258,-0.13992143,-0.05751528,0.33734825,-0.16280799,-0.051315106,0.4755349,-0.17343108,-0.09652964,0.47259036,-0.050167713,-0.0941901,0.3995734,-0.02400183,-0.06398551,0.32868832,-0.044607628,-0.05267964,0.47550136,-0.015077244,-0.11361436,0.45863956,0.07895233,-0.09507748,0.38652653,0.10519054,-0.055346154,0.31781933,0.08827,-0.028079001
G,Karol,Right,0.0,0.0,0.0,0.021766976,-0.26717308,0.02962153,0.14051108,-0.4840343,0.01844226,0.2248402,-0.677579,0.0011716766,0.20914233,-0.8375671,-0.024246551,0.33626226,-0.4871292,-0.069924615,0.57619554,-0.547218,-0.09918706,0.7215194,-0.56162035,-0.11417429,0.8279337,-0.56082594,-0.1225344,0.41613004,-0.3438288,-0.08456506,0.4913568,-0.2882922,-0.086351424,0.42124143,-0.26492506,-0.055739533,0.34341624,-0.25258145,-0.038668387,0.434084,-0.16428916,-0.08951517,0.44019136,-0.15439598,-0.085612446,0.38854837,-0.131671,-0.05171212,0.3212424,-0.11502711,-0.03599811,0.43722764,-0.0022511613,-0.089191526,0.41488168,-0.010940447,-0.06267635,0.36136228,0.009684683,-0.017993134,0.30392882,0.017493185,0.011417436
H,Karol,Left,0.0,0.0,0.0,-0.036453426,-0.31015038,-0.012562488,-0.18722935,-0.56908715,-0.044612158,-0.28886434,-0.76375514,-0.076116964,-0.2798483,-0.9557278,-0.11621321,-0.3028769,-0.54917914,-0.105519354,-0.59571135,-0.5347957,-0.14725502,-0.7519319,-0.5100126,-0.17534654,-0.85852504,-0.5127716,-0.1977607,-0.34903,-0.3825732,-0.120295994,-0.64148366,-0.34424642,-0.15991384,-0.80545694,-0.35409176,-0.18729155,-0.924031,-0.35813203,-0.21628295,-0.36913675,-0.18998544,-0.12421481,-0.54552996,-0.14211126,-0.14361554,-0.46747994,-0.10459082,-0.12047475,-0.3813529,-0.09557263,-0.109569706,-0.37061086,-0.020656459,-0.1274167,-0.48315528,0.014216966,-0.14167129,-0.40587145,0.03133858,-0.1110309,-0.32417497,0.022506291,-0.08536254
H,Karol,Left,0.0,0.0,0.0,-0.090274654,-0.26506376,0.04786083,-0.23297569,-0.46203905,0.047780596,-0.35866615,-0.6369496,0.03194034,-0.36288634,-0.810749,0.011007738,-0.39117044,-0.4387483,-0.013860642,-0.65745544,-0.40419948,-0.021755327,-0.80003375,-0.37224966,-0.024967674,-0.9160311,-0.35346976,-0.028738605,-0.43628564,-0.27394205,-0.046943825,-0.69760275,-0.25461295,-0.05531631,-0.86718833,-0.24306259,-0.07184866,-0.97251475,-0.23284124,-0.0873175,-0.45078066,-0.081420645,-0.06711585,-0.5846633,-0.04147153,-0.05121066,-0.49760702,-0.036923055,-0.02168859,-0.40012133,-0.043163307,-0.0007786201,-0.45011294,0.09578995,-0.08570484,-0.5349378,0.10592619,-0.053774305,-0.4544568,0.105103984,-0.012829673,-0.37290058,0.09543353,0.019223606
H,Karol,Left,0.0,0.0,0.0,-0.08351345,-0.27071813,0.026940502,-0.23757459,-0.47586864,0.021164259,-0.3684782,-0.6546933,0.0033100059,-0.3856048,-0.8456704,-0.020010157,-0.40405625,-0.43897596,-0.0151249,-0.6646684,-0.40217203,-0.023351852,-0.8045223,-0.36600903,-0.025380615,-0.92049694,-0.34354487,-0.02516233,-0.44641504,-0.2722381,-0.041542612,-0.7047852,-0.2538569,-0.045094647,-0.86921006,-0.23473972,-0.054640517,-0.9764792,-0.21561165,-0.061298117,-0.45880145,-0.082510956,-0.059723772,-0.58706385,-0.021294734,-0.055187307,-0.50502247,-0.004887228,-0.03549787,-0.41285962,-0.010765146,-0.015400762,-0.4595975,0.09726431,-0.076922946,-0.5540916,0.107921235,-0.04971402,-0.48381257,0.114989124,-0.00918847,-0.4092309,0.10541347,0.024454826
H,Karol,Left,0.0,0.0,0.0,-0.09733542,-0.27431446,0.027487969,-0.2559051,-0.4688166,0.019733325,-0.38933885,-0.6348658,0.002242169,-0.4058875,-0.8198133,-0.020301532,-0.41758826,-0.4126386,-0.029899111,-0.6726177,-0.38859442,-0.044310164,-0.80895865,-0.36150882,-0.051562313,-0.9170639,-0.33902794,-0.05551522,-0.44931298,-0.2338443,-0.057796758,-0.7080179,-0.24250145,-0.062011,-0.8665887,-0.23935065,-0.06756825,-0.9741925,-0.22571878,-0.07378038,-0.44772393,-0.037612636,-0.07670251,-0.60881937,-0.035359118,-0.070449375,-0.52913535,-0.04979004,-0.03765055,-0.43999466,-0.057192635,-0.011139364,-0.42789435,0.14400381,-0.094759,-0.5573456,0.120695524,-0.071949035,-0.4904526,0.096610144,-0.025337806,-0.41568968,0.0796937,0.012574223
H,Karol,Left,0.0,0.0,0.0,-0.08881231,-0.25426763,0.035904583,-0.24011673,-0.4499483,0.03717093,-0.36006078,-0.6169243,0.02535927,-0.36810333,-0.7895999,0.010387355,-0.38759127,-0.4116863,-0.019009847,-0.6494114,-0.39088464,-0.025823427,-0.7824963,-0.36429596,-0.020671118,-0.8933742,-0.34536824,-0.015518376,-0.43397826,-0.25576884,-0.047130197,-0.690929,-0.25461408,-0.0525369,-0.8560925,-0.25388426,-0.060000077,-0.9680739,-0.25066504,-0.0648323,-0.4477723,-0.0736749,-0.064917795,-0.55156136,-0.03849275,-0.055938497,-0.47027984,-0.037408132,-0.034910925,-0.3813728,-0.046175003,-0.016370773,-0.4476853,0.10092284,-0.08164604,-0.48389027,0.10782601,-0.05586644,-0.40867972,0.108824804,-0.023940273,-0.33886775,0.09526773,0.0025717975
H,Karol,Left,0.0,0.0,0.0,-0.09307146,-0.25744393,0.0529221,-0.24475308,-0.4518636,0.060638823,-0.36681318,-0.6311524,0.05208861,-0.3571114,-0.810959,0.039716117,-0.40014088,-0.4469827,0.011576579,-0.66474724,-0.41307727,0.01179907,-0.80138904,-0.38720328,0.012817051,-0.9108215,-0.3805096,0.013061356,-0.44084743,-0.2911039,-0.0225202,-0.6970202,-0.27297488,-0.022322435,-0.85625505,-0.27716547,-0.036290314,-0.9585646,-0.2848752,-0.04846927,-0.45474592,-0.11285488,-0.045237876,-0.5723385,-0.051855,-0.028434182,-0.49137777,-0.032539476,-0.004765326,-0.40390167,-0.030625444,0.014458451,-0.45408657,0.051165786,-0.06575368,-0.5340609,0.052222986,-0.026572607,-0.45531043,0.061648685,0.017757313,-0.3777313,0.05668812,0.05187312
H,Karol,Left,0.0,0.0,0.0,-0.09179718,-0.26016462,0.041566815,-0.23776592,-0.45723456,0.041454248,-0.36084166,-0.6353221,0.027017107,-0.3574162,-0.81768745,0.008901402,-0.38908923,-0.45070538,-0.005844597,-0.6547626,-0.42194277,-0.016331172,-0.7955254,-0.39632705,-0.020049278,-0.909655,-0.38460994,-0.02152611,-0.4332421,-0.2937136,-0.037929077,-0.6905534,-0.28363734,-0.046398196,-0.8519803,-0.28420782,-0.061972182,-0.9584295,-0.28532937,-0.07376074,-0.45022103,-0.113634534,-0.059956595,-0.569096,-0.040864784,-0.054300826,-0.48644438,-0.01892015,-0.03365636,-0.39791998,-0.020430848,-0.013798312,-0.45326713,0.05537362,-0.08018616,-0.53460765,0.07233452,-0.049914956,-0.45533368,0.08388516,-0.008553528,-0.37614903,0.07482448,0.025010986
H,Karol,Left,0.0,0.0,0.0,-0.072906375,-0.24715593,0.021647854,-0.21093726,-0.46176314,0.01027754,-0.32118765,-0.63975674,-0.007892403,-0.3278075,-0.8023693,-0.029688464,-0.3562973,-0.44024572,-0.06240694,-0.6152684,-0.46125272,-0.100396104,-0.7615175,-0.4533476,-0.11894624,-0.8757183,-0.45235652,-0.12713526,-0.39083904,-0.28347945,-0.0897008,-0.6659793,-0.31652546,-0.12248614,-0.8292997,-0.3266246,-0.13386005,-0.9435585,-0.3312059,-0.13916335,-0.40408954,-0.11572891,-0.10737915,-0.57771766,-0.08468782,-0.12216339,-0.5149881,-0.065673366,-0.08768085,-0.4340403,-0.055008326,-0.05431212,-0.4032096,0.047559798,-0.124781795,-0.53195447,0.044839006,-0.11258553,-0.48114786,0.063707046,-0.06496579,-0.41718087,0.071814746,-0.023542942
H,Karol,Left,0.0,0.0,0.0,-0.08267738,-0.25163618,0.0065879296,-0.22434731,-0.45953542,-0.021702545,-0.33637923,-0.6378659,-0.054198984,-0.3331268,-0.808315,-0.091719344,-0.3507546,-0.42719004,-0.100716926,-0.61951417,-0.43635175,-0.15128979,-0.7700268,-0.42492357,-0.1794778,-0.892205,-0.41320768,-0.19569317,-0.3765745,-0.25825,-0.12813586,-0.6619083,-0.2955085,-0.16772023,-0.8304012,-0.30698174,-0.18097661,-0.9518851,-0.3064551,-0.19080263,-0.38306108,-0.08190738,-0.14614779,-0.5839132,-0.08655856,-0.17049251,-0.5216792,-0.10486644,-0.13748212,-0.435524,-0.111882634,-0.10659543,-0.3779786,0.08165573,-0.16468754,-0.5269194,0.030923968,-0.16641495,-0.46782857,0.014274078,-0.12214407,-0.39358786,0.0064534927,-0.08336451
H,Karol,Left,0.0,0.0,0.0,-0.090778925,-0.24270774,0.002712801,-0.23814787,-0.4429405,-0.022048516,-0.34409505,-0.6165537,-0.052777003,-0.3480443,-0.78674805,-0.08748222,-0.36472967,-0.4173533,-0.083079405,-0.6236339,-0.41870117,-0.13024054,-0.7705998,-0.4034899,-0.15294431,-0.889624,-0.39067006,-0.16395795,-0.38707522,-0.26179725,-0.10995561,-0.65664804,-0.27708074,-0.15625595,-0.82994694,-0.28475377,-0.17500222,-0.9584293,-0.28533015,-0.18462653,-0.3912559,-0.093010925,-0.12959965,-0.5683915,-0.06077988,-0.16965881,-0.5020106,-0.058030166,-0.14704663,-0.4184572,-0.055129148,-0.11599248,-0.38646078,0.06984959,-0.14930575,-0.5306785,0.047894023,-0.16264397,-0.4764115,0.04875637,-0.12562895,-0.40727594,0.05184448,-0.08813425
H,Karol,Left,0.0,0.0,0.0,-0.096486375,-0.24487303,0.039087046,-0.2452734,-0.4326241,0.036438566,-0.36070645,-0.61094165,0.02105201,-0.36267638,-0.7851391,0.0014011331,-0.38453516,-0.44786257,-0.019511338,-0.6503025,-0.40953714,-0.038009763,-0.79044175,-0.37647223,-0.04532741,-0.90522796,-0.35917655,-0.04957855,-0.41311586,-0.30313176,-0.05649858,-0.6879954,-0.269713,-0.07832323,-0.85354394,-0.25394836,-0.09479169,-0.96804607,-0.2507725,-0.10621093,-0.42231756,-0.13200216,-0.08394013,-0.5726018,-0.034099687,-0.09764067,-0.49437296,-0.00013029079,-0.07401933,-0.41067368,-0.0032721965,-0.04889863,-0.42221314,0.038094286,-0.10896857,-0.5416719,0.07787576,-0.09800214,-0.4676423,0.10754629,-0.055923883,-0.39429343,0.10309307,-0.019771818
H,Karol,Left,0.0,0.0,0.0,-0.088989526,-0.25577384,0.042629827,-0.24895722,-0.44185427,0.04879909,-0.3758164,-0.61085856,0.041174985,-0.38132295,-0.7836766,0.028595574,-0.40565294,-0.444866,-0.0055794152,-0.6696185,-0.39359143,-0.013034677,-0.80728465,-0.35594216,-0.012933226,-0.9195544,-0.3372429,-0.01162604,-0.44498518,-0.29207635,-0.03731929,-0.7057443,-0.24419253,-0.04794096,-0.8643982,-0.22894646,-0.061414156,-0.97451377,-0.22432771,-0.068882115,-0.45932415,-0.11613509,-0.05889551,-0.57067233,-0.0037363356,-0.06496895,-0.48945838,0.02255667,-0.05246742,-0.40462705,0.018721845,-0.033954855,-0.46127787,0.0573457,-0.07753449,-0.53319335,0.10080313,-0.06281874,-0.4546564,0.11851162,-0.030483324,-0.37859204,0.108379796,0.0003584304
H,Karol,Left,0.0,0.0,0.0,-0.09529348,-0.25513437,0.03405426,-0.26849017,-0.4240679,0.044672593,-0.41015536,-0.58273053,0.044682726,-0.44284663,-0.75967556,0.042780105,-0.46118858,-0.3905091,0.01294961,-0.7233775,-0.31342754,0.028174715,-0.8533319,-0.250617,0.041055243,-0.9606451,-0.21180065,0.050331164,-0.50066406,-0.2281083,-0.0034393487,-0.7451502,-0.1529438,0.01816369,-0.8954003,-0.12614384,0.018639239,-0.99402213,-0.10917856,0.017736977,-0.5021953,-0.045683436,-0.011618018,-0.5529086,0.050387226,0.016808782,-0.4703897,0.050332204,0.024801135,-0.39001754,0.03123961,0.032626625,-0.49294323,0.1258902,-0.018943233,-0.49262166,0.14867319,0.022288539,-0.4087628,0.14567675,0.047357664,-0.34022677,0.11832206,0.06740313
H,Karol,Left,0.0,0.0,0.0,-0.08681763,-0.2664669,0.03895086,-0.2422312,-0.44864085,0.045291137,-0.37543023,-0.60970616,0.037847817,-0.40295082,-0.7836398,0.026559923,-0.42954084,-0.4157394,-0.00053254195,-0.69512916,-0.34261078,-0.0065766578,-0.8321454,-0.28754386,-0.0026593453,-0.941417,-0.25775334,0.0043880288,-0.47092247,-0.24370049,-0.02859378,-0.72244555,-0.1930949,-0.027453067,-0.87939817,-0.17430872,-0.028651053,-0.9867411,-0.16230194,-0.026074488,-0.47387743,-0.050323576,-0.04871585,-0.53815275,0.05895664,-0.037836306,-0.46117857,0.06931191,-0.022032538,-0.3797392,0.050581764,-0.0041417102,-0.45934415,0.14020796,-0.06774829,-0.48233035,0.20296858,-0.034456015,-0.40617895,0.21676283,0.00033563387,-0.33513528,0.19582188,0.029782087
H,Karol,Left,0.0,0.0,0.0,-0.08144015,-0.26868692,0.029092053,-0.24099119,-0.4494485,0.034995228,-0.3700161,-0.6174481,0.02941585,-0.39457425,-0.78192365,0.020390289,-0.430437,-0.41934273,-0.011530791,-0.69036305,-0.36487556,-0.019407133,-0.82985765,-0.3155661,-0.020135682,-0.94310963,-0.28600872,-0.017875463,-0.4786324,-0.24341804,-0.033214733,-0.7176952,-0.2059287,-0.03209017,-0.8776893,-0.18487224,-0.037670564,-0.9861763,-0.16569923,-0.039790444,-0.48921236,-0.051120598,-0.047354978,-0.5401837,0.03837713,-0.03703772,-0.46465173,0.03838784,-0.027309097,-0.383396,0.019681409,-0.014581551,-0.4813547,0.13703752,-0.06165689,-0.4799179,0.16606331,-0.03492309,-0.4024249,0.16654369,-0.010014777,-0.33114526,0.13960393,0.012873768
H,Karol,Left,0.0,0.0,0.0,-0.08953227,-0.26535416,0.05316959,-0.2575829,-0.44276342,0.07037075,-0.39726436,-0.6052224,0.07062347,-0.42907026,-0.78308403,0.06705818,-0.46343753,-0.4102168,0.042665616,-0.72652584,-0.33411545,0.06315243,-0.8523244,-0.27660048,0.082152665,-0.9568285,-0.24489088,0.09835324,-0.5087418,-0.24330801,0.017038992,-0.74884856,-0.18012196,0.048601825,-0.8923631,-0.16044296,0.053783376,-0.98920447,-0.14654197,0.058109395,-0.51407075,-0.05453852,-0.0007964252,-0.54532236,0.040006805,0.033653967,-0.4589553,0.042730246,0.03199239,-0.37776574,0.022002218,0.033708844,-0.50712776,0.12677087,-0.016045982,-0.48500252,0.15724467,0.033232965,-0.39796057,0.16007933,0.05307874,-0.32886857,0.13615286,0.06866871
H,Karol,Left,0.0,0.0,0.0,-0.08824794,-0.25748104,0.032933403,-0.25876477,-0.43842527,0.04073766,-0.4040684,-0.6005633,0.036693256,-0.43441683,-0.7812697,0.029526155,-0.4460136,-0.4070232,0.012405222,-0.70373774,-0.33829886,0.016183455,-0.8361451,-0.27900824,0.021858254,-0.9463643,-0.24400252,0.027638355,-0.4921264,-0.24775854,-0.008012355,-0.73932135,-0.1775299,0.005671918,-0.8875551,-0.1492679,0.0011694545,-0.99113584,-0.13285254,-0.0014505611,-0.4990704,-0.06754346,-0.021147918,-0.54162383,0.039417915,-0.0008681689,-0.46498457,0.04570318,0.001741206,-0.3912657,0.024977202,0.007311185,-0.492245,0.10934558,-0.033449624,-0.48271275,0.15870373,0.0039287633,-0.40155226,0.15712143,0.027880449,-0.33659124,0.124235205,0.047626454
H,Karol,Left,0.0,0.0,0.0,-0.08389388,-0.26531303,0.0033199436,-0.25036514,-0.46441332,-0.0074223806,-0.38075656,-0.63435715,-0.022222415,-0.4201257,-0.8067846,-0.04110139,-0.41326416,-0.43259874,-0.05288279,-0.66260153,-0.39239314,-0.081537895,-0.7996189,-0.35011423,-0.09528292,-0.9086211,-0.31685996,-0.099672884,-0.45662466,-0.25336376,-0.06732684,-0.70869493,-0.24657957,-0.07959293,-0.8649386,-0.22999814,-0.0864784,-0.9776519,-0.21023029,-0.089346044,-0.4669414,-0.064932644,-0.0755955,-0.5793045,-0.004474296,-0.07990693,-0.51224834,-0.0018369132,-0.06565627,-0.43152106,-0.011150586,-0.048627485,-0.45435798,0.11896435,-0.08495294,-0.49771908,0.1459781,-0.071882606,-0.42993316,0.1563562,-0.042909976,-0.360579,0.15403968,-0.014928257
H,Karol,Left,0.0,0.0,0.0,-0.06628562,-0.27440792,-0.018881345,-0.21436599,-0.48747706,-0.051675204,-0.34745964,-0.65924484,-0.08352324,-0.36796305,-0.8444709,-0.118968055,-0.36470255,-0.43790993,-0.10286769,-0.6253498,-0.43299899,-0.14450856,-0.7696964,-0.40950036,-0.16600855,-0.8866932,-0.38710463,-0.1781837,-0.40132147,-0.25569078,-0.115962885,-0.667478,-0.28556696,-0.14736833,-0.8337452,-0.2911475,-0.15649067,-0.9597587,-0.2808261,-0.1648671,-0.4145916,-0.06206184,-0.123120576,-0.6122951,-0.07614253,-0.15033577,-0.54653317,-0.09542129,-0.122783154,-0.46167013,-0.09725863,-0.09546404,-0.41969094,0.12088672,-0.13192558,-0.5739368,0.048000243,-0.14127535,-0.5127784,0.027303142,-0.10383032,-0.4383102,0.023955554,-0.06960503
H,Karol,Left,0.0,0.0,0.0,-0.075266376,-0.27690473,0.0148749035,-0.21815847,-0.4756131,0.0054283477,-0.3552256,-0.6448465,-0.010483578,-0.3789821,-0.83395344,-0.029511599,-0.38858926,-0.44461215,-0.03732271,-0.6596587,-0.42967966,-0.046463788,-0.79857904,-0.40408185,-0.04907171,-0.9116657,-0.39064878,-0.05045122,-0.42978185,-0.2816244,-0.052583266,-0.69656897,-0.27977908,-0.05422878,-0.85701495,-0.27902725,-0.057694893,-0.9615019,-0.27479818,-0.06297176,-0.43623435,-0.09672614,-0.059300072,-0.5807904,-0.07422995,-0.05162158,-0.49933437,-0.072379716,-0.022939555,-0.4092313,-0.07688092,0.00038742225,-0.43160757,0.074307,-0.066093616,-0.52826947,0.05779871,-0.043532286,-0.4474142,0.060133908,-0.0037240516,-0.3682974,0.049050104,0.028614435
H,Karol,Left,0.0,0.0,0.0,-0.07566345,-0.28191456,0.016366603,-0.22694255,-0.4877111,0.008392032,-0.3700316,-0.6576532,-0.0057334513,-0.40439308,-0.8277197,-0.024960194,-0.39819613,-0.43788692,-0.04930128,-0.65259075,-0.4092296,-0.06914609,-0.79569507,-0.37864208,-0.079649776,-0.9108896,-0.35484257,-0.08454679,-0.4436279,-0.26090953,-0.06532035,-0.6964805,-0.26038247,-0.07260642,-0.8593805,-0.24844101,-0.07841324,-0.97268116,-0.23214509,-0.083824866,-0.45711276,-0.073691726,-0.07221937,-0.5978088,-0.0352527,-0.06478895,-0.5320995,-0.035709795,-0.03935356,-0.44628507,-0.039299227,-0.017945496,-0.45136762,0.102722384,-0.07916299,-0.5339738,0.101913005,-0.05290797,-0.47157648,0.10268279,-0.014258103,-0.40074095,0.09551792,0.017998109
H,Karol,Left,0.0,0.0,0.0,-0.065814316,-0.31171432,0.0071899123,-0.22380802,-0.51054287,0.011866961,-0.36948088,-0.67747205,0.012845314,-0.41185737,-0.8556579,0.013043192,-0.42058852,-0.44112593,-0.026063161,-0.68707657,-0.4204855,-0.021069694,-0.82053715,-0.3875577,-0.007904646,-0.92581844,-0.36685687,0.00636923,-0.47177273,-0.24322066,-0.024995757,-0.71754515,-0.26336327,-0.002575051,-0.8670344,-0.27510864,0.0054237708,-0.96193594,-0.27327496,0.012875188,-0.47417068,-0.05358352,-0.016919255,-0.5330851,-0.076256804,0.009877711,-0.46391752,-0.08691872,0.016991792,-0.38404143,-0.08343838,0.02719238,-0.46026975,0.11428461,-0.009497326,-0.45309627,0.04039673,0.032163043,-0.38283333,0.03550698,0.055284806,-0.31680933,0.03163628,0.076047525
H,Karol,Left,0.0,0.0,0.0,-0.057977304,-0.3120479,-0.0040452695,-0.21410964,-0.5209239,-0.0014073699,-0.35756674,-0.68704295,-0.000622406,-0.40255708,-0.8539468,-0.0010149207,-0.4227144,-0.45917878,-0.029401576,-0.66904056,-0.44198486,-0.02981038,-0.8021747,-0.4154432,-0.025583057,-0.91046417,-0.3964031,-0.017623989,-0.47840768,-0.2770673,-0.02730973,-0.70653695,-0.29264656,-0.013014648,-0.85466874,-0.30329248,-0.009863603,-0.95307505,-0.30273417,-0.005566216,-0.4943355,-0.089402616,-0.02043403,-0.54390246,-0.09125301,-0.0062010894,-0.46928638,-0.09200745,9.243387e-05,-0.3862938,-0.08698098,0.012874558,-0.49613598,0.08249624,-0.015397912,-0.49664587,0.035153445,0.0148020275,-0.42349267,0.03574236,0.03841952,-0.35283345,0.035469256,0.062014725
H,Karol,Left,0.0,0.0,0.0,-0.05888268,-0.30641982,-0.0014981298,-0.20636193,-0.514769,0.0043813954,-0.34908846,-0.68913364,0.00938642,-0.40328747,-0.8549799,0.01556808,-0.42909542,-0.4537184,-0.015630364,-0.6727094,-0.47003612,-0.0006765331,-0.7964823,-0.45316598,0.016349996,-0.89687353,-0.4422871,0.033430945,-0.48723212,-0.2749436,-0.009514376,-0.70216876,-0.31944978,0.020522354,-0.84001404,-0.34492648,0.031628855,-0.9299763,-0.3529751,0.04122009,-0.5002824,-0.09512405,0.0015362769,-0.53572017,-0.12557632,0.031736195,-0.46430176,-0.11922276,0.03596328,-0.3883522,-0.10327272,0.044498935,-0.4964389,0.06675021,0.010997265,-0.48824552,0.012016542,0.05704434,-0.4225379,0.015894001,0.080122285,-0.35911983,0.017232038,0.10082548
H,Karol,Left,0.0,0.0,0.0,-0.06273749,-0.3199538,-0.00024347077,-0.2108774,-0.5276262,0.010083126,-0.3581435,-0.6915394,0.020657849,-0.41316742,-0.858322,0.032677043,-0.4439213,-0.44945994,0.0025636952,-0.6897009,-0.463019,0.03523388,-0.8083322,-0.44108135,0.061847523,-0.90525097,-0.42487732,0.08415311,-0.5020362,-0.27017057,0.014984343,-0.71741784,-0.31268057,0.0660707,-0.84949684,-0.3366453,0.08306857,-0.9332474,-0.33878228,0.09434192,-0.5122106,-0.093222074,0.031926118,-0.5396316,-0.14410697,0.07780588,-0.46710148,-0.14352302,0.073768355,-0.39374876,-0.12230367,0.07358024,-0.5094024,0.06370231,0.047959354,-0.49999467,-0.016328774,0.10015902,-0.4332648,-0.022918705,0.11556065,-0.36801356,-0.022752041,0.12946068
H,Karol,Left,0.0,0.0,0.0,-0.07249064,-0.27706522,0.025374562,-0.23323709,-0.46356422,0.034799725,-0.3792041,-0.62777793,0.033519413,-0.4247223,-0.8049279,0.031576317,-0.4343729,-0.42246446,0.012098839,-0.6931031,-0.39309958,0.014720787,-0.8238941,-0.35692218,0.023025593,-0.92931193,-0.33277133,0.033678766,-0.48282045,-0.2556636,-0.004549754,-0.7203244,-0.24367341,0.010279966,-0.87004524,-0.24052794,0.0097683035,-0.97259027,-0.23252568,0.013007622,-0.48859355,-0.07475731,-0.01589353,-0.5311566,-0.014223352,0.001803848,-0.44952312,-0.01725217,0.004878867,-0.3702809,-0.034918707,0.014690285,-0.4761146,0.09457284,-0.027046531,-0.45919263,0.110891975,0.0092876395,-0.38157436,0.10700768,0.031702198,-0.31869942,0.08153002,0.052934602
H,Karol,Left,0.0,0.0,0.0,-0.0762144,-0.2684033,0.046466995,-0.22562334,-0.4546553,0.052631937,-0.370182,-0.6218244,0.042909384,-0.4052953,-0.80781263,0.028953819,-0.41959107,-0.44062507,0.014531451,-0.6829964,-0.40477806,0.018162271,-0.8186084,-0.36735204,0.02401438,-0.92905337,-0.34913334,0.02966003,-0.46935123,-0.28687716,-0.010979628,-0.71787655,-0.25041044,0.0050240792,-0.8720815,-0.24152836,0.004224581,-0.9713421,-0.2376859,0.00074496027,-0.48091608,-0.1049462,-0.027501538,-0.5496342,-0.021465879,0.005055081,-0.47594762,-0.0099433195,0.02143932,-0.39632648,-0.02550972,0.030840985,-0.47927538,0.06447031,-0.043094788,-0.48972782,0.09520516,0.0037981542,-0.40945846,0.09986251,0.034366503,-0.3372844,0.07516987,0.056078434
H,Karol,Left,0.0,0.0,0.0,-0.071783446,-0.27232254,0.04166514,-0.2179275,-0.46461517,0.045773305,-0.36773822,-0.62950724,0.036445178,-0.4085284,-0.8150069,0.023651456,-0.41652557,-0.43956462,0.007899641,-0.68982583,-0.40539384,0.021321239,-0.8249167,-0.3667304,0.038256295,-0.93560445,-0.34834388,0.0527263,-0.4713672,-0.28065103,-0.010967273,-0.7215799,-0.25261578,0.012490865,-0.872687,-0.250065,0.01758704,-0.96899885,-0.24706513,0.020640517,-0.4838692,-0.09479234,-0.01990112,-0.53869724,-0.023454053,0.019546507,-0.4615162,-0.011857807,0.030382676,-0.38083747,-0.023902036,0.03734524,-0.48608783,0.07662607,-0.027157601,-0.48718786,0.09160764,0.03126827,-0.40577963,0.09572701,0.061237145,-0.33404288,0.07262625,0.081989095
H,Karol,Left,0.0,0.0,0.0,-0.08117023,-0.28613898,0.022465214,-0.23789813,-0.46899486,0.026616381,-0.38809478,-0.63323456,0.023873487,-0.43652874,-0.8075649,0.018992867,-0.45033252,-0.42299235,-0.015757168,-0.7126833,-0.3663327,-0.0036754431,-0.8415251,-0.31494012,0.010623231,-0.9518772,-0.28319278,0.02249626,-0.5024935,-0.2399297,-0.025538761,-0.7453634,-0.20421146,-0.004948767,-0.89011216,-0.18897822,0.00017735983,-0.9844192,-0.17583752,0.0041625835,-0.50808406,-0.042796604,-0.025907248,-0.54401743,-0.0061731287,0.0021664167,-0.46548116,-0.0072406665,0.012809882,-0.38613093,-0.015718669,0.023626762,-0.50138265,0.13972956,-0.02575195,-0.49489218,0.123209804,0.018064806,-0.41425315,0.121384956,0.047240283,-0.34445688,0.10230685,0.0713642
H,Karol,Left,0.0,0.0,0.0,-0.07438531,-0.2970439,0.047995117,-0.23024093,-0.47519165,0.07007368,-0.38347015,-0.6385764,0.08008787,-0.4404798,-0.8124912,0.089288,-0.45579222,-0.42577738,0.034889754,-0.71318364,-0.39444008,0.06405432,-0.83741975,-0.34844616,0.09259734,-0.9372089,-0.32430854,0.116998985,-0.50282717,-0.23892619,0.019153398,-0.7411009,-0.22479454,0.06063088,-0.8833178,-0.22227946,0.077334896,-0.9760328,-0.21762344,0.09040139,-0.5038573,-0.04959631,0.012108893,-0.53453094,-0.032210004,0.059306733,-0.454233,-0.032933712,0.06688376,-0.37855375,-0.035753906,0.07449784,-0.48913014,0.12295713,0.0073058284,-0.4726849,0.08997451,0.07265333,-0.39534813,0.09196127,0.10204793,-0.3295272,0.07892923,0.123859875
H,Karol,Left,0.0,0.0,0.0,-0.08600957,-0.25866282,0.049042076,-0.22988115,-0.44461197,0.04920794,-0.35656074,-0.60669506,0.036292,-0.39476594,-0.76042205,0.02127376,-0.3579443,-0.44739372,-0.042313125,-0.6274239,-0.44220853,-0.067335315,-0.76393324,-0.43289834,-0.07320659,-0.8746019,-0.4249002,-0.07586922,-0.39473113,-0.29256713,-0.080950566,-0.6653435,-0.3096206,-0.114241,-0.83090574,-0.31709176,-0.13139893,-0.94745547,-0.31988776,-0.14179432,-0.40830678,-0.11724707,-0.10618115,-0.5703817,-0.080275565,-0.12091532,-0.4785853,-0.0666843,-0.09026744,-0.38502383,-0.06693683,-0.061067842,-0.40038842,0.04936059,-0.12806065,-0.4818015,0.04318872,-0.124526955,-0.4076865,0.031023078,-0.08966982,-0.33615282,0.015957022,-0.056457393
H,Karol,Left,0.0,0.0,0.0,-0.084962025,-0.22925696,0.015614655,-0.22713578,-0.45711976,-0.007875762,-0.33161703,-0.65127695,-0.040842567,-0.33397785,-0.8260072,-0.07822918,-0.32106167,-0.46365145,-0.08601283,-0.5820201,-0.47907606,-0.13704109,-0.72647315,-0.48359483,-0.15934223,-0.84298784,-0.48918867,-0.17444833,-0.33748028,-0.33453748,-0.12736136,-0.6207592,-0.35573092,-0.19092228,-0.7917557,-0.3772793,-0.2202869,-0.91689074,-0.39913824,-0.2392293,-0.34280187,-0.17630677,-0.15938176,-0.56044066,-0.11759625,-0.21297473,-0.4731626,-0.08717997,-0.1793615,-0.3834816,-0.09105599,-0.14148003,-0.33926407,-0.017606061,-0.19021574,-0.50982475,0.0005855897,-0.21759234,-0.43548998,0.011920544,-0.17829993,-0.35776705,-0.0014290415,-0.13954566
H,Karol,Left,0.0,0.0,0.0,-0.08637498,-0.22968455,0.016214909,-0.22845645,-0.44399244,-0.008937747,-0.3360884,-0.6294415,-0.04305845,-0.34114555,-0.80386806,-0.08185298,-0.3315584,-0.45564407,-0.08651202,-0.59077185,-0.4604551,-0.1390034,-0.73490936,-0.46078223,-0.16519508,-0.8510223,-0.46487692,-0.18215801,-0.34708467,-0.31443962,-0.12663376,-0.62976253,-0.3342927,-0.1869242,-0.7997307,-0.35874,-0.21515849,-0.92315686,-0.38442355,-0.23386791,-0.35059443,-0.15021835,-0.15716457,-0.56443995,-0.10785798,-0.20764065,-0.47871047,-0.07794135,-0.17345782,-0.38757727,-0.078747906,-0.13565296,-0.3431392,0.010102291,-0.18630327,-0.5116489,0.011836555,-0.20958611,-0.43815336,0.025829148,-0.16698572,-0.36088395,0.019892922,-0.12595393
H,Karol,Left,0.0,0.0,0.0,-0.07695281,-0.22170073,0.026258668,-0.21511759,-0.43116435,0.012746408,-0.32839316,-0.6194475,-0.012554699,-0.3370282,-0.7967,-0.042771395,-0.3391139,-0.47490293,-0.043889955,-0.59535944,-0.47919527,-0.08505491,-0.7392788,-0.47756797,-0.10299115,-0.85683984,-0.47957477,-0.11382968,-0.36066753,-0.3623945,-0.08453592,-0.6356587,-0.36445782,-0.13308342,-0.8008481,-0.3708247,-0.15788274,-0.9243589,-0.38152415,-0.17222033,-0.36890897,-0.21560939,-0.11763579,-0.5570928,-0.090219654,-0.16079764,-0.4780129,-0.049353186,-0.1401354,-0.39594525,-0.06397728,-0.11254605,-0.37128288,-0.060059674,-0.148728,-0.5169212,0.018724306,-0.16757669,-0.4428313,0.051789097,-0.13610086,-0.36873782,0.035307143,-0.10420908
H,Karol,Left,0.0,0.0,0.0,-0.07829697,-0.23952033,0.040444277,-0.2177902,-0.45145434,0.03675162,-0.3279345,-0.64372325,0.020117408,-0.3304826,-0.8148483,-0.0016267779,-0.3364669,-0.48843607,-0.037545957,-0.596184,-0.486537,-0.071307294,-0.73845553,-0.479723,-0.08827984,-0.8527632,-0.4818139,-0.10004612,-0.36091426,-0.360749,-0.079341255,-0.63863766,-0.3593436,-0.11965978,-0.80335516,-0.36988115,-0.14406522,-0.92173845,-0.38781217,-0.16194643,-0.37416387,-0.20508282,-0.11119136,-0.5599909,-0.12017471,-0.14095645,-0.48062962,-0.07607472,-0.11497277,-0.39698002,-0.07565519,-0.08775136,-0.37975317,-0.048733495,-0.14032067,-0.5229931,-0.0035701848,-0.14577372,-0.45085865,0.02936889,-0.1086229,-0.37931204,0.023618711,-0.07555517
H,Karol,Left,0.0,0.0,0.0,-0.08382521,-0.22841449,0.032838147,-0.21940751,-0.44061244,0.022847284,-0.32360896,-0.63157654,8.461042e-05,-0.33024314,-0.8041701,-0.027921285,-0.333659,-0.48431545,-0.044483833,-0.5934929,-0.49394286,-0.08350658,-0.7350429,-0.49027544,-0.10110176,-0.8500939,-0.49287072,-0.113409884,-0.3502375,-0.3700076,-0.08826507,-0.63162905,-0.3676881,-0.13757357,-0.7975735,-0.37774402,-0.1635321,-0.91863984,-0.39509597,-0.18123749,-0.35755667,-0.21976544,-0.123564646,-0.5581361,-0.10911697,-0.16476247,-0.479913,-0.06517803,-0.13963112,-0.3976053,-0.0728459,-0.111034796,-0.3593917,-0.062002815,-0.15653035,-0.5194542,0.0013451217,-0.17485976,-0.44751525,0.032636587,-0.1408336,-0.3744928,0.02097991,-0.1084068
H,Karol,Left,0.0,0.0,0.0,-0.09223372,-0.23666114,0.03967432,-0.23847097,-0.44104132,0.03761219,-0.3543389,-0.6175006,0.021951951,-0.36264667,-0.78870994,0.0010162161,-0.3534077,-0.48523015,-0.024340192,-0.6019096,-0.4817472,-0.059249185,-0.7445731,-0.46879047,-0.077415586,-0.85737056,-0.46796787,-0.08793195,-0.37970042,-0.35916343,-0.06617236,-0.655981,-0.35327917,-0.1022701,-0.8177098,-0.35245863,-0.123640634,-0.93064183,-0.36593142,-0.13703868,-0.39000112,-0.20546274,-0.09960756,-0.5682704,-0.10565887,-0.13014404,-0.49472314,-0.049903344,-0.10858178,-0.41057497,-0.04391578,-0.082169205,-0.3908768,-0.04586638,-0.13032447,-0.5244073,0.024844168,-0.1351925,-0.4601191,0.06607834,-0.099743806,-0.39158076,0.06415795,-0.06667633
H,Karol,Left,0.0,0.0,0.0,-0.072287105,-0.24340783,0.0045186216,-0.21493562,-0.47170222,-0.013493213,-0.33928055,-0.64769244,-0.03649767,-0.36131698,-0.8290907,-0.06396353,-0.33332673,-0.46774685,-0.064429164,-0.59750193,-0.49529925,-0.11671597,-0.7518975,-0.4917499,-0.1464302,-0.873132,-0.48748386,-0.1590105,-0.3710092,-0.31661007,-0.08700549,-0.63691604,-0.355235,-0.12132725,-0.78568375,-0.3550077,-0.13252628,-0.8963898,-0.3587527,-0.13693215,-0.38775173,-0.15176241,-0.105260305,-0.5514188,-0.12487595,-0.14462334,-0.477738,-0.090884194,-0.12596107,-0.38497204,-0.08299132,-0.097516134,-0.3988747,0.01655829,-0.122871056,-0.50517464,-0.0358065,-0.13581547,-0.46772087,-0.037301756,-0.104468845,-0.4209938,-0.050347768,-0.072139986
H,Karol,Left,0.0,0.0,0.0,-0.06675055,-0.24990633,-0.00042125164,-0.20006187,-0.46446136,-0.025703682,-0.32590207,-0.6391971,-0.052865103,-0.34215719,-0.8181242,-0.08274035,-0.3214901,-0.43988377,-0.09644334,-0.59540886,-0.47225383,-0.1374132,-0.7404604,-0.47585845,-0.1525506,-0.8592,-0.47299153,-0.15859221,-0.36192554,-0.27679998,-0.11416884,-0.64877224,-0.341475,-0.14608721,-0.80808824,-0.37362793,-0.15348828,-0.9230574,-0.38466233,-0.15764008,-0.3788178,-0.10406363,-0.1231458,-0.57226825,-0.118929595,-0.14811264,-0.48822647,-0.12421271,-0.11596098,-0.39141694,-0.117659666,-0.08323061,-0.38426274,0.053493213,-0.13234438,-0.49594164,-0.009738052,-0.13850674,-0.4288688,-0.025258718,-0.10245552,-0.361644,-0.027413066,-0.06797235
H,Karol,Left,0.0,0.0,0.0,-0.057540253,-0.28011933,-0.02123732,-0.18685977,-0.50407803,-0.052153155,-0.31329075,-0.6951987,-0.077888526,-0.3452163,-0.87602705,-0.10368116,-0.34579188,-0.44580472,-0.09704288,-0.6026408,-0.48563993,-0.13108698,-0.74764496,-0.4797307,-0.1470358,-0.8643942,-0.47037008,-0.15207632,-0.40055656,-0.26895854,-0.095805794,-0.6506901,-0.3453935,-0.11328998,-0.8059489,-0.3751916,-0.11347808,-0.9221988,-0.38671628,-0.11328727,-0.4298984,-0.09926823,-0.08772139,-0.5952911,-0.17518248,-0.09057667,-0.54995084,-0.21061438,-0.06155173,-0.47848615,-0.21575607,-0.036647346,-0.44313553,0.046800513,-0.08269736,-0.5418955,-0.06372203,-0.0682357,-0.5009842,-0.09418464,-0.030499162,-0.44713905,-0.1016926,0.0027401764
H,Karol,Left,0.0,0.0,0.0,-0.071900815,-0.30313337,-0.0008307486,-0.23342232,-0.51561564,0.0046456014,-0.37274528,-0.68635744,0.008591364,-0.42364427,-0.8409922,0.013167753,-0.4258859,-0.43873984,-0.03358399,-0.67960536,-0.44063562,-0.030103924,-0.80805135,-0.42000255,-0.017518254,-0.9110552,-0.40287668,-0.0031749657,-0.47954252,-0.25349596,-0.031990647,-0.71383846,-0.2800768,-0.01615847,-0.8590949,-0.29736233,-0.010628856,-0.9532723,-0.3021124,-0.0034929446,-0.48772076,-0.07175481,-0.024330609,-0.5288037,-0.08823629,-0.006605271,-0.457381,-0.094815716,-0.0018677656,-0.37679493,-0.08932645,0.008760277,-0.47754174,0.091111824,-0.018020842,-0.4610319,0.029597137,0.0155869,-0.3908234,0.027677834,0.036583874,-0.32661572,0.026722122,0.0572683
H,Karol,Left,0.0,0.0,0.0,-0.06832013,-0.31859466,-0.0041984776,-0.22840938,-0.5261751,0.0005527472,-0.37823224,-0.697619,0.0064440346,-0.43198717,-0.8580122,0.013857617,-0.4279235,-0.4426013,-0.03415004,-0.683542,-0.44967467,-0.020000221,-0.80715925,-0.4252616,-0.0010786469,-0.90593004,-0.40480193,0.016456611,-0.4861504,-0.2522478,-0.02437779,-0.7194615,-0.29097983,0.002846089,-0.85993093,-0.30725655,0.0133368615,-0.95101655,-0.30913994,0.021524655,-0.49572954,-0.07176864,-0.007694668,-0.54548216,-0.12761451,0.022613853,-0.47689426,-0.13610592,0.028772082,-0.39916816,-0.120260336,0.03665468,-0.4871635,0.08344881,0.007625957,-0.47965294,-0.009402617,0.05118982,-0.41213742,-0.016038409,0.07304285,-0.3473498,-0.014285209,0.09210831
H,Karol,Left,0.0,0.0,0.0,-0.06520572,-0.32378808,-0.0005212,-0.22828092,-0.53326863,0.011804219,-0.38280216,-0.6929175,0.024276357,-0.44464043,-0.85191494,0.038158353,-0.44831082,-0.4431653,-0.0059561,-0.69410205,-0.45387158,0.020265229,-0.81298584,-0.43227848,0.0446397,-0.9090983,-0.41376346,0.06614273,-0.504847,-0.25455922,0.0061740484,-0.7257688,-0.2964702,0.05036524,-0.86254245,-0.31558412,0.06625909,-0.94927245,-0.3144548,0.07802425,-0.5077688,-0.0743968,0.02349848,-0.5384004,-0.1182812,0.06626097,-0.4664071,-0.12635049,0.06545264,-0.38941386,-0.114056826,0.06782735,-0.49353358,0.082701154,0.039676297,-0.46968782,0.0042835507,0.091640435,-0.39846218,-0.0036619084,0.10862618,-0.33252913,-0.006835599,0.1232646
H,Karol,Left,0.0,0.0,0.0,-0.062435407,-0.31437904,0.0018661591,-0.24211311,-0.52517295,0.012774634,-0.39653644,-0.684409,0.021547297,-0.45004445,-0.8585108,0.030122923,-0.43796283,-0.4431916,0.003113918,-0.6796856,-0.44561622,0.011896317,-0.81528354,-0.41912,0.01685877,-0.9190361,-0.3941734,0.023287233,-0.47997525,-0.25924465,0.0064146994,-0.70475507,-0.29497018,0.034733493,-0.8511075,-0.30582398,0.040028606,-0.954366,-0.2972467,0.041884158,-0.48064896,-0.08146184,0.012764805,-0.577832,-0.10418703,0.03583155,-0.5102288,-0.12853616,0.04008476,-0.42833084,-0.1337125,0.0469158,-0.46351305,0.072143234,0.018038236,-0.50107735,0.007965837,0.048368234,-0.44324374,-0.007796841,0.06757497,-0.37893847,-0.016215507,0.08526749
H,Karol,Left,0.0,0.0,0.0,-0.07265281,-0.2467018,0.03134256,-0.2184578,-0.44277018,0.031414166,-0.34506035,-0.6142705,0.021914793,-0.36077142,-0.78394324,0.00881637,-0.3681002,-0.43186498,-0.0272871,-0.6277791,-0.41188154,-0.048081476,-0.7742277,-0.39370155,-0.052357722,-0.8877561,-0.37347206,-0.051440626,-0.4062982,-0.2893585,-0.054281056,-0.67473584,-0.28255898,-0.07345479,-0.84145284,-0.28244418,-0.08226256,-0.9586472,-0.2845972,-0.084330976,-0.41892877,-0.12479599,-0.07265992,-0.56183445,-0.004615187,-0.08443543,-0.50321674,0.0273972,-0.064309366,-0.42791137,0.023207135,-0.039473016,-0.4186046,0.04703123,-0.088845916,-0.5074881,0.12571596,-0.08205674,-0.44166568,0.13958834,-0.049746554,-0.3722301,0.118736036,-0.0177339
H,Karol,Left,0.0,0.0,0.0,-0.088665254,-0.24615674,0.046231978,-0.23793103,-0.44274986,0.045314755,-0.37226844,-0.61384183,0.02956285,-0.3916742,-0.7871698,0.008781956,-0.38236365,-0.4409415,-0.022394402,-0.6513706,-0.40843865,-0.03830011,-0.79102206,-0.38281783,-0.043853782,-0.9057183,-0.3694353,-0.047895703,-0.42028388,-0.29760072,-0.061594855,-0.690199,-0.26944146,-0.080865495,-0.8553996,-0.26103985,-0.09604168,-0.9667017,-0.25590587,-0.10850238,-0.43215442,-0.122427896,-0.089331485,-0.5678617,-0.02463077,-0.08976731,-0.4868905,-0.00055450096,-0.057940055,-0.40106165,-0.00846094,-0.03231356,-0.432903,0.05028852,-0.114933975,-0.55529267,0.08470649,-0.0921523,-0.4846645,0.10745224,-0.04346868,-0.410304,0.1002083,-0.005666747
H,Karol,Left,0.0,0.0,0.0,-0.071705915,-0.26161334,0.0538383,-0.22122827,-0.4448378,0.073240824,-0.3683428,-0.5990773,0.07937759,-0.40592024,-0.75717586,0.08218757,-0.41524482,-0.44692883,0.013184126,-0.67744744,-0.40547633,0.016328411,-0.81637895,-0.36722896,0.023583863,-0.925309,-0.34733328,0.030959623,-0.4599282,-0.28866154,-0.012706803,-0.71611315,-0.24773939,-0.011344503,-0.87173134,-0.23249766,-0.01258348,-0.97423697,-0.22552691,-0.010703994,-0.47548944,-0.11041112,-0.027731897,-0.56573135,-0.030507786,-0.0114790965,-0.49161154,-0.014978149,0.0144674815,-0.41287714,-0.018984584,0.03867065,-0.47447366,0.065822326,-0.04008455,-0.5175257,0.08980286,-0.0007813102,-0.44368565,0.10947794,0.041373614,-0.3729446,0.1004486,0.07659693
H,Karol,Left,0.0,0.0,0.0,-0.100391075,-0.26226693,0.04068108,-0.2639284,-0.42924994,0.054015692,-0.41492993,-0.5786841,0.05602861,-0.46372673,-0.75225395,0.056328975,-0.45772755,-0.39358243,0.014082262,-0.7201876,-0.31723434,0.03441043,-0.84442717,-0.25815514,0.0527284,-0.9495011,-0.22205754,0.06635602,-0.49957037,-0.22139356,-0.0045143305,-0.74684876,-0.16192317,0.023704441,-0.8969348,-0.13693017,0.029573405,-0.9930645,-0.117570505,0.031919856,-0.4994901,-0.033962317,-0.013786492,-0.54533154,0.033845138,0.022734407,-0.4693115,0.02864797,0.035068665,-0.39229092,0.011061666,0.044164557,-0.48737314,0.14017984,-0.021687755,-0.4961709,0.13937825,0.02783736,-0.41841117,0.12966087,0.058238238,-0.35117766,0.10273335,0.081018195
H,Karol,Left,0.0,0.0,0.0,-0.08154562,-0.2656775,0.03296325,-0.24240139,-0.44564646,0.037781697,-0.38967142,-0.60701954,0.031337216,-0.43446827,-0.78164184,0.02228769,-0.43808034,-0.4156766,-0.0058253696,-0.699053,-0.35102576,-0.0074862926,-0.83159524,-0.3011641,-0.0030200419,-0.9387773,-0.27762392,0.003852253,-0.48459837,-0.24362259,-0.026309438,-0.73147136,-0.19308902,-0.018301252,-0.8827889,-0.18191463,-0.019599538,-0.98365664,-0.18005447,-0.019297516,-0.49360642,-0.057785194,-0.03844448,-0.5399316,0.02156462,-0.020750588,-0.46033397,0.02864284,-0.007359951,-0.37941536,0.016779257,0.007146846,-0.48434561,0.11842155,-0.049928248,-0.49249753,0.13855232,-0.009708536,-0.410997,0.14509474,0.025062794,-0.33935875,0.12747511,0.053583305
H,Karol,Left,0.0,0.0,0.0,-0.03859009,-0.293876,-0.0020126766,-0.18926118,-0.540125,-0.005180008,-0.33105937,-0.7201146,-0.012128055,-0.37768337,-0.8962743,-0.020471988,-0.3667607,-0.5220404,-0.026470011,-0.62533563,-0.50962186,-0.04431744,-0.7661255,-0.48207444,-0.050099052,-0.88084644,-0.4642595,-0.048283506,-0.43556,-0.36057743,-0.029525924,-0.675482,-0.35723126,-0.0325841,-0.8216628,-0.36567053,-0.038994595,-0.9289272,-0.37026238,-0.03946724,-0.46822363,-0.18528338,-0.029030489,-0.5239842,-0.15302934,-0.0311264,-0.4390529,-0.13466369,-0.031595018,-0.3540096,-0.1287327,-0.021175269,-0.48337364,-0.011978078,-0.029560143,-0.4740984,-0.027057882,-0.012440688,-0.39387366,-0.008145093,0.0036675972,-0.32308903,-0.0052123703,0.023169858
H,Karol,Left,0.0,0.0,0.0,-0.058711473,-0.29625416,-0.0047021364,-0.2071274,-0.5139338,-0.0057326457,-0.34594533,-0.69576526,-0.008054804,-0.38630876,-0.87426656,-0.008858978,-0.40363201,-0.46244356,-0.022449916,-0.64845926,-0.48851863,-0.018002225,-0.77485913,-0.48018253,-0.0061599165,-0.8778283,-0.476321,0.0071472833,-0.46670425,-0.2841781,-0.019334594,-0.6863389,-0.34851778,-0.00043767577,-0.82749796,-0.38253027,0.007793726,-0.91773945,-0.39718297,0.017060893,-0.48547444,-0.103264295,-0.012326428,-0.52806413,-0.14125909,0.005154957,-0.4586172,-0.13972612,0.008644347,-0.37826812,-0.1256586,0.019061401,-0.4853934,0.060005635,-0.0070316223,-0.46284592,-0.008134932,0.025510708,-0.39488238,-0.0051016277,0.04281412,-0.33477905,-0.0029009772,0.061132178
H,Karol,Left,0.0,0.0,0.0,-0.05275546,-0.30658352,-0.0028644295,-0.19823872,-0.5288945,-0.0004964586,-0.34713313,-0.7027637,0.000574352,-0.39772704,-0.88086075,0.0032240388,-0.40975934,-0.47914594,-0.007856955,-0.6539232,-0.4992473,0.0030652413,-0.778549,-0.48511037,0.015821375,-0.8781923,-0.47830772,0.02912714,-0.47378233,-0.30354214,-0.0034620182,-0.686842,-0.35116926,0.021215966,-0.8216711,-0.3782093,0.02825964,-0.9093193,-0.39227843,0.03433714,-0.49577114,-0.12123678,0.004646176,-0.5481728,-0.14071143,0.027398262,-0.47783267,-0.13679872,0.032092284,-0.39421648,-0.12699398,0.041083027,-0.5013002,0.042191714,0.011213429,-0.49357435,-0.009800986,0.047849767,-0.42589694,-0.0054470627,0.06792441,-0.36079198,-0.0040427092,0.08736476
H,Karol,Left,0.0,0.0,0.0,-0.05830741,-0.34349287,0.02028863,-0.21715137,-0.56383276,0.04616422,-0.3666829,-0.726314,0.068382576,-0.43312407,-0.88927,0.09128504,-0.44763374,-0.48205686,0.05226424,-0.68623656,-0.5054802,0.1074781,-0.7975227,-0.48113263,0.14695685,-0.88475853,-0.4660497,0.17694128,-0.51272535,-0.29717454,0.06219022,-0.7119342,-0.34475413,0.14105825,-0.8322846,-0.36999506,0.16920432,-0.9029694,-0.3766583,0.1853187,-0.5255396,-0.11293253,0.07600583,-0.56003857,-0.1536571,0.14876986,-0.48106945,-0.14707303,0.14570357,-0.4017495,-0.13050084,0.13916636,-0.52234787,0.04929914,0.09004626,-0.5028953,-0.006178847,0.16161396,-0.4320263,0.0004887634,0.17591815,-0.36819038,0.0038774165,0.18408178
H,Karol,Left,0.0,0.0,0.0,-0.051609434,-0.34548274,0.012737555,-0.21132772,-0.5681992,0.034260478,-0.3647019,-0.72941893,0.05315714,-0.42877716,-0.8957652,0.07250056,-0.44818574,-0.48165056,0.041711107,-0.68060696,-0.51167613,0.088807486,-0.7928894,-0.48934087,0.12173624,-0.8817472,-0.47172225,0.14724807,-0.50984037,-0.2941378,0.051738255,-0.7078977,-0.3541616,0.12175024,-0.8296096,-0.38077834,0.14469494,-0.90534014,-0.38368613,0.15797189,-0.51996875,-0.11057574,0.06523662,-0.55654645,-0.16615249,0.12919948,-0.47904745,-0.1605642,0.12463251,-0.40198562,-0.13964337,0.11885601,-0.5132204,0.049762055,0.07852954,-0.49898183,-0.018671814,0.14466041,-0.43095446,-0.014836806,0.15925296,-0.36821362,-0.008390974,0.16850291
H,Karol,Left,0.0,0.0,0.0,-0.041506544,-0.3501213,0.017962942,-0.21377918,-0.58060277,0.047286958,-0.367453,-0.73546964,0.071685806,-0.43825954,-0.8988485,0.09562209,-0.46439263,-0.49271962,0.075853676,-0.6663976,-0.49544305,0.12826596,-0.7723294,-0.45852792,0.15340117,-0.8566064,-0.42751238,0.17139739,-0.5269106,-0.31350908,0.08622517,-0.7005981,-0.34496284,0.16529316,-0.80727476,-0.37844765,0.18492447,-0.8763693,-0.39454323,0.19218016,-0.5427823,-0.12878332,0.09814287,-0.5778798,-0.15355979,0.16932334,-0.50655764,-0.14964329,0.16603342,-0.43274623,-0.13184868,0.15809077,-0.54250133,0.039072115,0.10924198,-0.534849,-0.0061639133,0.17850292,-0.47454596,-0.009777673,0.19672222,-0.41592035,-0.0044008554,0.20751105
H,Karol,Left,0.0,0.0,0.0,-0.07435111,-0.25585276,0.01111125,-0.25472736,-0.431385,0.020967748,-0.4002636,-0.5655516,0.023413293,-0.44937122,-0.7191619,0.023812732,-0.41901943,-0.39882466,-0.0040514832,-0.65974665,-0.3514145,-0.014117599,-0.7953364,-0.3127487,-0.014318209,-0.90422565,-0.28209937,-0.009792503,-0.45761707,-0.24815482,-0.018727457,-0.70595217,-0.20449406,-0.024768181,-0.8654324,-0.18847854,-0.034562003,-0.9833617,-0.18165813,-0.035207365,-0.4591323,-0.085284255,-0.029648136,-0.53037584,0.006679501,-0.0413315,-0.44971156,0.015180788,-0.040795114,-0.37527263,-0.0028755867,-0.025683928,-0.44527227,0.07504635,-0.04004433,-0.47381315,0.12225202,-0.031787988,-0.39350027,0.13602316,-0.010731685,-0.32943308,0.11759123,0.01392636
H,Karol,Left,0.0,0.0,0.0,-0.093228064,-0.2303642,0.026632011,-0.24995084,-0.40958816,0.020854317,-0.38417953,-0.5741162,0.005636083,-0.41779232,-0.7380301,-0.013158699,-0.38773453,-0.41001466,-0.04848489,-0.65913665,-0.3784545,-0.072571315,-0.7993968,-0.3559046,-0.07839385,-0.9138731,-0.34258458,-0.079419754,-0.4199113,-0.26287314,-0.075678594,-0.691111,-0.2454205,-0.10223596,-0.85604,-0.24010201,-0.120097585,-0.97123677,-0.23811594,-0.12977435,-0.42387795,-0.095709644,-0.09211223,-0.5289307,-0.0036235934,-0.103992306,-0.44377637,0.00060047896,-0.08228605,-0.36240077,-0.018880598,-0.05747106,-0.41516188,0.065012634,-0.10690836,-0.4892516,0.09760963,-0.09169269,-0.40894622,0.097946525,-0.05080993,-0.33919087,0.076509334,-0.014822402
H,Karol,Left,0.0,0.0,0.0,-0.093409784,-0.24013487,0.04706506,-0.24106349,-0.4231354,0.04797992,-0.37778267,-0.58869964,0.034857236,-0.41337356,-0.75508267,0.018113146,-0.39212465,-0.4203892,-0.020541862,-0.6614835,-0.39152938,-0.033214454,-0.7987307,-0.36712512,-0.03498373,-0.9086331,-0.35889453,-0.03544473,-0.42524776,-0.27400938,-0.055173296,-0.69126827,-0.2573348,-0.071210496,-0.85647726,-0.2551476,-0.087034136,-0.9659982,-0.25854883,-0.09915554,-0.42906693,-0.10340959,-0.077371344,-0.5461012,-0.019553881,-0.070627615,-0.46084976,-0.010241188,-0.03896235,-0.37735298,-0.027259598,-0.013954767,-0.4169356,0.056864705,-0.09746948,-0.50517356,0.08671485,-0.066623144,-0.4242823,0.08899835,-0.017772058,-0.35106274,0.06868213,0.02008012
H,Karol,Left,0.0,0.0,0.0,-0.0831721,-0.24762319,0.029112456,-0.2280359,-0.42338663,0.02593405,-0.3647424,-0.57925516,0.012735442,-0.40696943,-0.73946345,-0.0037240884,-0.38612637,-0.41085556,-0.04491528,-0.6546352,-0.37574667,-0.06288696,-0.7918762,-0.34743136,-0.06328647,-0.90367794,-0.33404347,-0.060808364,-0.42277998,-0.25662312,-0.07262814,-0.691534,-0.23162572,-0.09627225,-0.8607878,-0.22265159,-0.10936899,-0.9756793,-0.21920304,-0.11605695,-0.4260873,-0.08447047,-0.08919105,-0.52161515,0.0045573427,-0.09736489,-0.44186065,0.0054375557,-0.072501294,-0.36105564,-0.016962398,-0.046795778,-0.41347915,0.082076736,-0.104186095,-0.4809836,0.112920344,-0.086833425,-0.401137,0.11112919,-0.044542987,-0.32741308,0.08754393,-0.0080691185
H,Karol,Left,0.0,0.0,0.0,-0.08816397,-0.2528041,0.033114754,-0.24282333,-0.4249102,0.041392937,-0.37979415,-0.581314,0.039049402,-0.42766258,-0.73549837,0.03459992,-0.42678595,-0.41369617,-0.010218417,-0.68463254,-0.37076497,-0.008200993,-0.81110877,-0.3373557,4.1890402e-05,-0.9170573,-0.32106674,0.0077010016,-0.47056097,-0.25842717,-0.032503597,-0.71604854,-0.23281829,-0.028639324,-0.8707052,-0.2227618,-0.032018024,-0.97639585,-0.21598874,-0.03314646,-0.47652727,-0.08295991,-0.045518886,-0.53740644,0.019431433,-0.031378385,-0.4601516,0.017954268,-0.01590829,-0.38158867,-0.005449952,-0.00031036392,-0.465005,0.08819203,-0.057651974,-0.48569894,0.13347907,-0.025397489,-0.40594572,0.12934631,0.007962812,-0.33591226,0.101181746,0.036037914
H,Karol,Left,0.0,0.0,0.0,-0.08382181,-0.2627648,0.032038253,-0.23619339,-0.4354585,0.03900972,-0.3757872,-0.5948231,0.034731723,-0.42398804,-0.75525814,0.02804932,-0.42631027,-0.41932186,-0.0057638744,-0.68177044,-0.37685895,-0.0071796156,-0.8103565,-0.34189525,-0.0032438105,-0.91704535,-0.32497394,0.0019094486,-0.4687919,-0.25734305,-0.028379763,-0.7162125,-0.2308821,-0.023733268,-0.87038827,-0.22188413,-0.028590832,-0.9759769,-0.21787399,-0.031722527,-0.47221917,-0.07874425,-0.04261478,-0.53582716,0.015238983,-0.028627558,-0.45566806,0.018140957,-0.013714212,-0.37485063,-0.0014213852,0.0011944547,-0.45827094,0.0925248,-0.056236725,-0.48126817,0.13684686,-0.023130158,-0.40170434,0.13168709,0.010350713,-0.33165896,0.101371355,0.038012605
H,Karol,Left,0.0,0.0,0.0,-0.041260865,-0.32059065,0.013112004,-0.20223919,-0.53146654,0.034109455,-0.3473737,-0.68012196,0.048374295,-0.39846998,-0.84968746,0.062402084,-0.40599647,-0.49610153,0.03555669,-0.6532713,-0.477787,0.047553066,-0.7872617,-0.4417694,0.058523215,-0.8936785,-0.41789097,0.0698331,-0.45847782,-0.3195149,0.031179862,-0.6999135,-0.3177062,0.05342451,-0.8397004,-0.32908309,0.053646356,-0.94166446,-0.33655316,0.056549106,-0.4624919,-0.14615306,0.028790219,-0.51806855,-0.14514075,0.03669881,-0.43470985,-0.14929873,0.025486263,-0.35812145,-0.15164898,0.028217927,-0.45133528,0.012926715,0.027540227,-0.45666075,-0.03190916,0.04479828,-0.37734735,-0.024808183,0.05455043,-0.3097212,-0.022360405,0.06871158
H,Karol,Left,0.0,0.0,0.0,-0.043612532,-0.28972322,-0.019364594,-0.1969436,-0.50557107,-0.028167851,-0.34383455,-0.6614753,-0.03493902,-0.402226,-0.8166232,-0.04273077,-0.38309857,-0.4653832,-0.0682009,-0.6335114,-0.4699031,-0.092736535,-0.77612585,-0.44902635,-0.10077427,-0.89046,-0.43178502,-0.10032741,-0.4396785,-0.2859722,-0.06841692,-0.6801495,-0.31987813,-0.08267296,-0.8323659,-0.33582526,-0.08966095,-0.9387684,-0.34454885,-0.08961725,-0.45824754,-0.10658397,-0.06396193,-0.5384894,-0.10383558,-0.07769644,-0.46547347,-0.09120261,-0.06845073,-0.38340384,-0.08035512,-0.04960606,-0.4578784,0.06310724,-0.061471272,-0.4766838,0.02923514,-0.052929204,-0.40536118,0.043541897,-0.027305175,-0.3397298,0.049236756,0.000675459
H,Karol,Left,0.0,0.0,0.0,-0.067376435,-0.28193054,0.0073130326,-0.21948828,-0.4843227,0.007856149,-0.3606226,-0.64162743,0.0054381113,-0.41165763,-0.79811686,0.0016881161,-0.39394036,-0.4292581,-0.0449839,-0.6510354,-0.44042045,-0.051699977,-0.78878534,-0.42748976,-0.04626496,-0.9002211,-0.41642997,-0.037943173,-0.44944426,-0.2529834,-0.049821883,-0.69220525,-0.2946481,-0.045118228,-0.8455515,-0.31632426,-0.040306885,-0.9458626,-0.3245674,-0.035396118,-0.46504265,-0.07298042,-0.046878453,-0.55084014,-0.10638948,-0.03108031,-0.4798811,-0.10481534,-0.008658638,-0.39822674,-0.09148024,0.012304671,-0.46120033,0.0898219,-0.045167245,-0.4913016,0.023639001,-0.011987868,-0.42509323,0.028654065,0.021303304,-0.35959244,0.034134064,0.050314713
H,Karol,Left,0.0,0.0,0.0,-0.0656066,-0.28522837,-0.0013823976,-0.22028986,-0.4796419,-0.0012905741,-0.36784646,-0.63065463,-0.0043003024,-0.42515984,-0.7836084,-0.0068519786,-0.4066845,-0.4392566,-0.041447837,-0.6590895,-0.4425918,-0.05216871,-0.79555035,-0.42539096,-0.048749443,-0.9070724,-0.411464,-0.040588427,-0.46861634,-0.26453337,-0.04514224,-0.6951309,-0.29666367,-0.04440695,-0.84562343,-0.32051647,-0.04387081,-0.9436534,-0.33093548,-0.039427627,-0.48766834,-0.083607174,-0.04359887,-0.525383,-0.08226633,-0.036300957,-0.460688,-0.08224184,-0.02728142,-0.38391763,-0.07542523,-0.012370336,-0.48631492,0.0843864,-0.044282176,-0.46802136,0.04262517,-0.017568847,-0.39992544,0.04517993,0.0049946047,-0.33638546,0.043358997,0.028094765
H,Karol,Left,0.0,0.0,0.0,-0.06868991,-0.31254968,0.02008458,-0.22199304,-0.5003772,0.03147075,-0.38692167,-0.63803,0.036513593,-0.44645086,-0.8040736,0.04148187,-0.44239092,-0.4504264,0.008747605,-0.686962,-0.44189006,0.022670709,-0.8130761,-0.4152751,0.03445197,-0.9165515,-0.3999168,0.04609458,-0.5014532,-0.27000746,0.0052441936,-0.7224518,-0.27962902,0.035163008,-0.8593511,-0.29492348,0.043814596,-0.94773644,-0.30233893,0.04970107,-0.5123858,-0.083370194,0.007993223,-0.55274373,-0.09275414,0.042360187,-0.49007592,-0.09214069,0.049466997,-0.4190336,-0.08373376,0.05706279,-0.50544333,0.08887568,0.010586917,-0.5026862,0.045963675,0.058594633,-0.4392356,0.044171266,0.08304738,-0.37813997,0.035276406,0.10360256
H,Karol,Left,0.0,0.0,0.0,-0.058279213,-0.30581105,0.025211228,-0.22834109,-0.49594843,0.045524266,-0.39472574,-0.64611065,0.058139652,-0.47562623,-0.8116852,0.070639044,-0.46265617,-0.4360663,0.04046413,-0.7039312,-0.4332989,0.07133385,-0.8275317,-0.4023317,0.09713259,-0.92580396,-0.37800404,0.11981992,-0.5154502,-0.25558344,0.035054345,-0.7271786,-0.26652038,0.089277685,-0.8591619,-0.27917364,0.111680776,-0.94160765,-0.27528024,0.12752968,-0.5161934,-0.06762058,0.0327702,-0.5406687,-0.060522426,0.08407979,-0.46904752,-0.060977653,0.084378906,-0.39651322,-0.06216226,0.085052684,-0.5016802,0.10234253,0.030274019,-0.4706528,0.069650084,0.09005971,-0.39959815,0.07164866,0.10846416,-0.34188506,0.066731274,0.1220674
H,Karol,Left,0.0,0.0,0.0,-0.07966411,-0.28019387,-0.006600933,-0.24097039,-0.4947157,-0.0097880475,-0.38940677,-0.67038786,-0.012970562,-0.47265756,-0.8189767,-0.014885246,-0.41777596,-0.42690936,-0.03447674,-0.6664831,-0.43858698,-0.041740764,-0.80007195,-0.42049226,-0.04349914,-0.90879613,-0.4002293,-0.039939635,-0.46490622,-0.2500685,-0.034709353,-0.70207196,-0.29327115,-0.026957754,-0.84833,-0.3105674,-0.026447931,-0.9495836,-0.31351393,-0.025731431,-0.476427,-0.077348776,-0.030883491,-0.58484924,-0.11848661,-0.022079572,-0.5240083,-0.13852578,-0.012306186,-0.44618475,-0.13998106,0.00015606641,-0.47339827,0.07145772,-0.028888565,-0.518125,-0.01194703,-0.006797209,-0.46812615,-0.025456158,0.015920626,-0.41354808,-0.030267252,0.037872992
H,Karol,Left,0.0,0.0,0.0,-0.07800367,-0.25642213,0.007919787,-0.21404576,-0.45907328,-0.00722979,-0.33711025,-0.62997985,-0.024022918,-0.3849089,-0.7845981,-0.04097833,-0.34374815,-0.42840132,-0.070400745,-0.6006708,-0.4689088,-0.1046106,-0.7444589,-0.46459705,-0.121251956,-0.8606833,-0.45230058,-0.1277436,-0.38451627,-0.25902605,-0.086397246,-0.6515085,-0.32477346,-0.111647226,-0.810992,-0.3568571,-0.11708643,-0.9297363,-0.36822593,-0.11955946,-0.39937797,-0.090306886,-0.09400705,-0.58886135,-0.13894497,-0.11076017,-0.5206481,-0.16688778,-0.07999401,-0.43418998,-0.16818775,-0.049549323,-0.39782548,0.057080418,-0.101369865,-0.50977534,-0.0280037,-0.099215746,-0.45363325,-0.04604667,-0.060271952,-0.3865085,-0.047952473,-0.024188314
H,Karol,Left,0.0,0.0,0.0,-0.08684571,-0.2239264,-0.015101318,-0.24400489,-0.42689317,-0.05691208,-0.3599326,-0.5922882,-0.100024484,-0.36230335,-0.7603065,-0.14703926,-0.32447025,-0.38109306,-0.14169772,-0.6009136,-0.40466645,-0.20142883,-0.75074893,-0.40614504,-0.22538732,-0.87204695,-0.39870194,-0.23861818,-0.33891186,-0.2110184,-0.16936676,-0.6432343,-0.26386294,-0.22921869,-0.8233517,-0.29199126,-0.24592829,-0.9549586,-0.29673898,-0.25679174,-0.3368999,-0.03226782,-0.18809187,-0.5857755,-0.06311587,-0.24084106,-0.5096002,-0.09492469,-0.20139875,-0.41649604,-0.099417664,-0.15951818,-0.32441676,0.13227317,-0.2075423,-0.5161476,0.06553195,-0.23676434,-0.45569634,0.030602682,-0.1926867,-0.37796143,0.02956757,-0.1502418
H,Karol,Left,0.0,0.0,0.0,-0.09415865,-0.2035611,-0.0018595174,-0.24596004,-0.39929518,-0.039508294,-0.3639502,-0.5607317,-0.08121301,-0.36584118,-0.73508096,-0.12832415,-0.33191997,-0.40073648,-0.13030188,-0.59508556,-0.40941757,-0.20281555,-0.7506545,-0.40531945,-0.24025548,-0.8743951,-0.3938385,-0.263341,-0.3386115,-0.2658348,-0.16406073,-0.62949944,-0.2864944,-0.23744103,-0.8153686,-0.2885286,-0.26632372,-0.9586668,-0.28453112,-0.28520027,-0.33467507,-0.10389362,-0.18847641,-0.5711366,-0.035563663,-0.24819885,-0.49128437,-0.032009922,-0.21125928,-0.4008082,-0.052212883,-0.17133105,-0.32367605,0.0647619,-0.21256214,-0.5065011,0.08924216,-0.2506671,-0.4385188,0.08891576,-0.21213008,-0.35909235,0.07264563,-0.17245561
H,Karol,Left,0.0,0.0,0.0,-0.098344766,-0.21671428,0.013226008,-0.2423034,-0.43523538,-0.01478806,-0.35016054,-0.6119153,-0.0518768,-0.36236948,-0.783969,-0.09492942,-0.32101893,-0.4653918,-0.09782455,-0.5954263,-0.45407358,-0.16177633,-0.7485093,-0.44794583,-0.18973717,-0.8712816,-0.44327793,-0.20735931,-0.322806,-0.35498738,-0.1424114,-0.6237043,-0.33892545,-0.21849658,-0.8042051,-0.33103952,-0.25142246,-0.944016,-0.3298997,-0.2712644,-0.31547216,-0.20489837,-0.17855908,-0.55113727,-0.07063351,-0.2467433,-0.4651625,-0.027738161,-0.21702766,-0.37791145,-0.04183462,-0.17952031,-0.30666533,-0.04332521,-0.21269697,-0.49978808,0.053097963,-0.25311565,-0.42702016,0.07610316,-0.2175223,-0.34976068,0.054560713,-0.17996074
H,Karol,Right,0.0,0.0,0.0,0.069468334,-0.23672615,-0.025870876,0.21439381,-0.4489731,-0.06277299,0.31652173,-0.6263908,-0.09735394,0.34759945,-0.7882914,-0.13558012,0.40217495,-0.2995547,-0.1056069,0.6495275,-0.34656465,-0.16484123,0.8086797,-0.3635194,-0.19780084,0.92958146,-0.36861667,-0.21474968,0.4383767,-0.11419895,-0.108656324,0.6380495,-0.19219671,-0.15972419,0.5671922,-0.24117126,-0.14644726,0.4699918,-0.23314343,-0.1241203,0.4359832,0.040821318,-0.109815605,0.62425375,-0.024601677,-0.15640286,0.57271624,-0.08000622,-0.12696318,0.48798627,-0.08296187,-0.09281099,0.42188886,0.16979851,-0.10902183,0.5912699,0.11557881,-0.12335758,0.55506074,0.067284346,-0.08495568,0.48305014,0.059048492,-0.04922908
H,Karol,Right,0.0,0.0,0.0,0.10263115,-0.1972163,0.015629679,0.2410351,-0.32156995,0.0028848911,0.3758349,-0.39763182,-0.022007685,0.4826414,-0.42568177,-0.043579638,0.4249826,-0.30068502,-0.024399953,0.6600861,-0.29738256,-0.06579406,0.79783803,-0.3044341,-0.08308386,0.9046189,-0.31601855,-0.086311884,0.4505277,-0.19918075,-0.058419526,0.7063803,-0.19385886,-0.10156194,0.86097187,-0.2116829,-0.1266995,0.9729363,-0.23107366,-0.13615108,0.44386548,-0.07110757,-0.08741453,0.55680245,0.07123921,-0.123755656,0.4968171,0.10182311,-0.1116501,0.42865416,0.0911466,-0.08552618,0.41911352,0.06013394,-0.11653675,0.52141,0.17116511,-0.12014552,0.47427726,0.19752723,-0.087980226,0.41795263,0.18432398,-0.05256767
H,Karol,Right,0.0,0.0,0.0,0.09917305,-0.20230554,0.019882986,0.22745869,-0.35411027,0.004691428,0.34882224,-0.45592707,-0.02338031,0.44519886,-0.46249858,-0.048143953,0.4133028,-0.31473735,-0.03358561,0.65123755,-0.30752763,-0.0795887,0.79026365,-0.31949496,-0.100351825,0.9002781,-0.33406538,-0.10695478,0.44188738,-0.21491759,-0.06915696,0.69693995,-0.20810197,-0.11815958,0.8568414,-0.22222085,-0.14385363,0.97105503,-0.23885597,-0.15511319,0.43709305,-0.08614515,-0.09831019,0.55281967,0.05670303,-0.13409378,0.48840892,0.083284,-0.11665707,0.41762328,0.063802935,-0.08909797,0.41335818,0.045403738,-0.1273118,0.52066565,0.16210143,-0.13217355,0.46330872,0.17923222,-0.09934392,0.39903855,0.15093775,-0.06495138
H,Karol,Right,0.0,0.0,0.0,0.11889509,-0.20712164,0.05556803,0.2523717,-0.34477812,0.0581784,0.36897644,-0.40525034,0.044049148,0.44109428,-0.38811064,0.030595494,0.43020493,-0.3310555,-0.005089443,0.66933584,-0.29695913,-0.019039093,0.7994131,-0.29842213,-0.021701854,0.9033619,-0.31739846,-0.021107644,0.4553776,-0.21728732,-0.05154992,0.709265,-0.18948568,-0.07198338,0.86343366,-0.19837236,-0.08720024,0.97737825,-0.21149878,-0.09700366,0.44834438,-0.080486536,-0.08588676,0.5676928,0.058476843,-0.08763825,0.49617893,0.07463231,-0.059534173,0.4202197,0.053459622,-0.034131557,0.42256394,0.05391252,-0.1177676,0.5305083,0.15098414,-0.09303079,0.47309864,0.15980041,-0.047449023,0.4083563,0.13747954,-0.010046231
H,Karol,Right,0.0,0.0,0.0,0.117969014,-0.20053314,0.041171256,0.2577894,-0.3395399,0.034806702,0.39004374,-0.39682224,0.012525485,0.48356685,-0.34652102,-0.00675462,0.4429764,-0.28950578,-0.01645814,0.67580396,-0.26669735,-0.046489157,0.80915517,-0.26897606,-0.054952744,0.91369206,-0.2783804,-0.054820146,0.46235564,-0.17427732,-0.061880376,0.71930814,-0.144938,-0.097896434,0.87632996,-0.15231077,-0.11260759,0.98791194,-0.1550162,-0.11727197,0.44885924,-0.038970523,-0.09835807,0.57598287,0.0954462,-0.11856532,0.51050293,0.100944154,-0.088076316,0.43274555,0.07977662,-0.05445094,0.41510773,0.094603606,-0.13368344,0.52242076,0.19280761,-0.1202382,0.47056788,0.19351156,-0.07411175,0.40765187,0.16693646,-0.03224971
H,Karol,Right,0.0,0.0,0.0,0.09147463,-0.1900742,0.022992838,0.210388,-0.32554904,0.0027084164,0.3347065,-0.4105467,-0.033983283,0.43532938,-0.4079968,-0.0686344,0.44434744,-0.26526248,-0.018614016,0.6635786,-0.2292811,-0.061606977,0.7955771,-0.23063907,-0.08466106,0.90267414,-0.24027178,-0.09546962,0.47043857,-0.16230004,-0.06654384,0.7198094,-0.119055375,-0.10463304,0.8761552,-0.11854978,-0.12229631,0.9923691,-0.123302735,-0.1312583,0.4566678,-0.036370277,-0.111437045,0.57768357,0.13826656,-0.14349344,0.49542415,0.15577954,-0.1196314,0.41968405,0.124339305,-0.091311514,0.41902155,0.098265775,-0.1575287,0.52658224,0.23979414,-0.16229546,0.45148924,0.24292468,-0.12476221,0.3824269,0.20229293,-0.089267164
H,Karol,Right,0.0,0.0,0.0,0.090124205,-0.19654089,0.01760374,0.20791198,-0.3343185,-0.004996328,0.33560812,-0.40614307,-0.04354789,0.44101796,-0.3998631,-0.07826732,0.44279787,-0.26460618,-0.015253064,0.6720949,-0.22189493,-0.051586572,0.801729,-0.21389046,-0.066970766,0.9068373,-0.22125079,-0.07241079,0.4739049,-0.16182664,-0.062438756,0.72460127,-0.101792775,-0.101845935,0.88006884,-0.09405824,-0.12209664,0.9952161,-0.097698115,-0.1306522,0.46514946,-0.038447816,-0.1075009,0.55494785,0.15697178,-0.1442264,0.4628263,0.17273016,-0.12920316,0.38627622,0.1323588,-0.10563246,0.4336854,0.09689954,-0.15370697,0.5144274,0.26616278,-0.16414918,0.43168086,0.27282158,-0.13370271,0.36185813,0.22108932,-0.10234564
H,Karol,Right,0.0,0.0,0.0,0.07397009,-0.2236707,-0.0055029574,0.19707482,-0.37736604,-0.036255706,0.32474974,-0.45587236,-0.07717932,0.4231524,-0.42653707,-0.11437466,0.4432436,-0.27972847,-0.046121873,0.6701886,-0.24200729,-0.09402828,0.8046477,-0.23467156,-0.12047517,0.90947163,-0.23668121,-0.13097389,0.47538763,-0.14944388,-0.077135175,0.7199692,-0.119996585,-0.11290403,0.87741256,-0.12518571,-0.1275227,0.9906269,-0.1365958,-0.13233186,0.47242817,-0.004766026,-0.107463196,0.5712995,0.10356538,-0.13567068,0.49799964,0.10764067,-0.11903182,0.42032394,0.07887918,-0.09456344,0.44516182,0.13376172,-0.14143293,0.5296672,0.2229405,-0.14408538,0.4644374,0.21403758,-0.112290464,0.39588767,0.17832357,-0.07938597
H,Karol,Right,0.0,0.0,0.0,0.097914465,-0.20806761,0.027472077,0.22433141,-0.36711553,0.002798702,0.35212827,-0.46791983,-0.037113126,0.4688595,-0.47971937,-0.07326794,0.42164293,-0.34383604,-0.045937467,0.66230196,-0.31970465,-0.10319503,0.7987199,-0.32768434,-0.13248041,0.90988487,-0.33456218,-0.14585327,0.44322583,-0.22907788,-0.093225636,0.6931181,-0.20360248,-0.15005516,0.85568094,-0.2152689,-0.17167354,0.97381806,-0.22732878,-0.18317027,0.42720443,-0.08979692,-0.13439782,0.56251264,0.04661256,-0.17133951,0.49964994,0.07447658,-0.13770005,0.42274907,0.062396873,-0.10299374,0.39090562,0.053588677,-0.17623079,0.51519156,0.17009076,-0.18225871,0.4671032,0.18105069,-0.14205502,0.40441528,0.15108745,-0.104290396
H,Karol,Right,0.0,0.0,0.0,0.12145657,-0.2301341,0.17355789,0.23177662,-0.3750884,0.19465707,0.34478658,-0.47966903,0.17340595,0.45520598,-0.52769244,0.15145023,0.4097622,-0.38224104,0.06654783,0.64191127,-0.39630675,0.054028828,0.76886487,-0.4101346,0.04806694,0.8745037,-0.42352813,0.041490022,0.4143191,-0.28010592,-0.047407437,0.68131906,-0.27744636,-0.08920363,0.83585256,-0.2948681,-0.12290853,0.94947654,-0.3138381,-0.15123932,0.39263433,-0.15461665,-0.13731,0.5490585,-0.016710851,-0.13161053,0.4555094,0.021537436,-0.08228537,0.38093993,0.0011920971,-0.055208437,0.3732285,-0.023264246,-0.2150298,0.5036887,0.09313273,-0.17149234,0.42595866,0.10862416,-0.105864964,0.35513878,0.060995106,-0.064399004
H,Karol,Right,0.0,0.0,0.0,0.108771496,-0.23517485,0.12493658,0.22137298,-0.39037478,0.13305733,0.3286943,-0.51213974,0.10887027,0.44049084,-0.57391304,0.08552066,0.39782032,-0.38207832,0.036743667,0.63137555,-0.3933792,0.015960088,0.75718707,-0.40835863,0.0046436097,0.8667099,-0.42297536,-0.0038266217,0.41115436,-0.28628078,-0.052681062,0.6721774,-0.27984866,-0.09279795,0.829224,-0.29787466,-0.12274431,0.94841367,-0.3170356,-0.14830503,0.39552367,-0.16269988,-0.123947896,0.5480227,-0.0189684,-0.12616801,0.46532646,0.020846196,-0.085345484,0.39338484,0.0021460713,-0.06155347,0.37704536,-0.03166262,-0.187193,0.5056436,0.09118914,-0.1567615,0.43328846,0.1072684,-0.101476505,0.3631947,0.06255839,-0.06525758
H,Karol,Right,0.0,0.0,0.0,0.11231269,-0.2421115,0.14699025,0.22760342,-0.40356615,0.15975931,0.32034484,-0.53168565,0.13947542,0.4278734,-0.58924,0.12160239,0.39225525,-0.40230486,0.02992057,0.6279834,-0.4092499,0.012599612,0.753167,-0.42625257,0.0059910417,0.8586444,-0.44149482,-0.0008851578,0.39952156,-0.3007972,-0.063299604,0.6632204,-0.3027265,-0.11699546,0.82345295,-0.32545948,-0.14971745,0.9386166,-0.34496218,-0.17478606,0.3835691,-0.17242399,-0.13206561,0.54055595,-0.0425109,-0.12318903,0.45743963,-0.004581076,-0.06487617,0.38826364,-0.02758185,-0.031522077,0.36787373,-0.039606385,-0.19161752,0.50026786,0.07233869,-0.14295605,0.42969874,0.0869985,-0.07474498,0.36129197,0.04471238,-0.03162635
H,Karol,Right,0.0,0.0,0.0,0.06858692,-0.22753526,-0.030942075,0.20808274,-0.44791245,-0.06546863,0.32800436,-0.61256754,-0.101172954,0.43996567,-0.7033137,-0.13384117,0.3717936,-0.36862427,-0.09198356,0.62143904,-0.399214,-0.14583747,0.76581496,-0.4145635,-0.1650128,0.8773017,-0.4286742,-0.16684073,0.40368903,-0.23152813,-0.104802705,0.67958826,-0.27281442,-0.15346071,0.83497417,-0.30962682,-0.16792889,0.9420868,-0.3353691,-0.16859524,0.4121833,-0.077377,-0.11465846,0.55522305,-0.032531727,-0.16249865,0.4855347,-0.024345959,-0.14474958,0.40745872,-0.02655261,-0.113273926,0.40651205,0.07310338,-0.12596808,0.51708335,0.08998827,-0.13967754,0.4525529,0.0971916,-0.102044955,0.388087,0.09661803,-0.06261794
H,Karol,Right,0.0,0.0,0.0,0.08107946,-0.23572259,0.013652883,0.20436917,-0.44225547,-0.010439685,0.3266349,-0.5957082,-0.039327584,0.4236768,-0.7024041,-0.06494513,0.35849687,-0.3815662,-0.08647963,0.6154911,-0.40680867,-0.13192149,0.7569322,-0.43089634,-0.14524195,0.8670747,-0.43854517,-0.14390276,0.385534,-0.23691869,-0.110651225,0.6698493,-0.28685266,-0.15650749,0.8311679,-0.3297127,-0.16293679,0.937013,-0.34929463,-0.16106553,0.39145,-0.06812155,-0.12316616,0.57509357,-0.05109045,-0.14487356,0.5135737,-0.06032143,-0.10147754,0.4273939,-0.065243766,-0.059703436,0.3809849,0.097020105,-0.13437203,0.5247994,0.086996205,-0.12428302,0.46819067,0.067823984,-0.06918856,0.3931347,0.051558446,-0.020291422
H,Karol,Right,0.0,0.0,0.0,0.08576134,-0.23686272,0.034381315,0.2123109,-0.43442532,0.02326984,0.3433587,-0.5858572,0.0025625264,0.44336912,-0.67970663,-0.015892379,0.36074865,-0.38428995,-0.052782066,0.61417204,-0.40210518,-0.090248935,0.75441957,-0.4226419,-0.100652896,0.8638448,-0.43147326,-0.09724772,0.395114,-0.2462246,-0.081240416,0.67135787,-0.2856488,-0.121470965,0.83403367,-0.32348993,-0.12975942,0.9380985,-0.34636855,-0.12787369,0.40840223,-0.08196069,-0.09657899,0.5693967,-0.057196837,-0.1087862,0.5163471,-0.05485691,-0.06602648,0.4370911,-0.058968917,-0.024147496,0.40143755,0.07819569,-0.1093186,0.541413,0.080069356,-0.08648426,0.48443723,0.074026406,-0.027138088,0.40901732,0.06327479,0.0248377
H,Karol,Right,0.0,0.0,0.0,0.07741546,-0.2534734,0.011779455,0.20877777,-0.46148077,0.0037769633,0.33260354,-0.61207736,-0.009697497,0.4262532,-0.706005,-0.019989619,0.3922963,-0.3928833,-0.033518597,0.6357717,-0.4126882,-0.0573167,0.77208287,-0.4221793,-0.06461271,0.8745051,-0.4276286,-0.060542252,0.43542835,-0.24869676,-0.04842857,0.6856832,-0.2828877,-0.059105262,0.8410114,-0.30641562,-0.060653508,0.9481031,-0.31796318,-0.057920747,0.4503722,-0.09181649,-0.057044834,0.56379336,-0.07307316,-0.057047307,0.5059758,-0.07018112,-0.036278445,0.42835987,-0.07208443,-0.013400221,0.44920594,0.05786038,-0.06532594,0.52901816,0.059187923,-0.046396825,0.47336173,0.05503175,-0.009240088,0.41034898,0.051176287,0.025599534
H,Karol,Right,0.0,0.0,0.0,0.08032739,-0.25834784,-0.027275985,0.22289084,-0.46450886,-0.051882144,0.352997,-0.6176936,-0.07847096,0.4354896,-0.7460586,-0.10119885,0.42108238,-0.37543544,-0.059095755,0.6696613,-0.38329425,-0.103592716,0.81359184,-0.38083303,-0.12297044,0.92330533,-0.37895936,-0.12379211,0.47157025,-0.22370547,-0.059531882,0.71215695,-0.23564157,-0.08800419,0.86304194,-0.2515471,-0.096037105,0.9644796,-0.26415727,-0.092017315,0.48796657,-0.06534887,-0.059786618,0.5451635,-0.030156298,-0.08658378,0.4708342,-0.021994263,-0.0813814,0.38393378,-0.020435289,-0.05874763,0.48465496,0.086935215,-0.062405195,0.5121928,0.10359827,-0.06790874,0.44970924,0.108544976,-0.045358203,0.38166207,0.103947006,-0.013588981
H,Karol,Right,0.0,0.0,0.0,0.07888169,-0.24674322,-0.0063695586,0.22442715,-0.4565815,-0.024229959,0.35194337,-0.62166286,-0.043799095,0.4377877,-0.7414761,-0.060829524,0.41691402,-0.3643271,-0.062395602,0.6669554,-0.3693743,-0.10012712,0.8091253,-0.36984804,-0.11344229,0.9152626,-0.36474043,-0.111993216,0.45416057,-0.2079412,-0.06853474,0.7141383,-0.22967596,-0.08845676,0.86794776,-0.24156447,-0.08615015,0.96975076,-0.24409735,-0.07991207,0.46157184,-0.041749094,-0.0701144,0.57606995,-0.042137478,-0.078620635,0.5126843,-0.044735115,-0.05452148,0.43177867,-0.045130856,-0.028292961,0.4530657,0.111997195,-0.07245019,0.5333594,0.093918756,-0.06546166,0.46780553,0.086471185,-0.030587468,0.39741963,0.08419429,0.0039388584
H,Karol,Right,0.0,0.0,0.0,0.10305037,-0.23075159,0.0205821,0.2457852,-0.42564318,-0.00093060074,0.37336943,-0.5755391,-0.031193169,0.46912554,-0.67864317,-0.05983866,0.39233938,-0.35467178,-0.0803229,0.6410606,-0.3542319,-0.13555467,0.7852661,-0.36314222,-0.16165188,0.90110064,-0.36217016,-0.16929075,0.41682175,-0.21543714,-0.10851583,0.6879162,-0.22977087,-0.1570058,0.85583264,-0.24884886,-0.17018785,0.9659507,-0.25872606,-0.17525716,0.41874656,-0.055176325,-0.12573723,0.57896155,-0.013407356,-0.14194877,0.5292081,-0.012623128,-0.10064942,0.45014346,-0.020669416,-0.063021585,0.40451404,0.09861874,-0.14283487,0.5438164,0.1063407,-0.12758738,0.5034804,0.08890053,-0.07587534,0.43804047,0.06648221,-0.031263046
H,Karol,Right,0.0,0.0,0.0,0.094588675,-0.22981507,0.032198,0.21915026,-0.42759478,0.006205352,0.34685382,-0.57140374,-0.028352184,0.43081036,-0.6903871,-0.061377477,0.35946244,-0.35115823,-0.101672776,0.62381846,-0.3659505,-0.16226405,0.7726642,-0.38152626,-0.18428949,0.8836575,-0.38153395,-0.1876162,0.3745669,-0.20997939,-0.1363011,0.6744586,-0.23394078,-0.20418851,0.84957874,-0.26669163,-0.21586706,0.9605066,-0.27825722,-0.2142567,0.3741938,-0.04292375,-0.15524165,0.5845035,-0.011537327,-0.1797762,0.5387234,-0.03998353,-0.122140154,0.45508388,-0.060239732,-0.06896444,0.354664,0.12139352,-0.17218782,0.537798,0.1321399,-0.15570009,0.5006338,0.10178686,-0.08770167,0.42755193,0.07736313,-0.028486341
H,Karol,Right,0.0,0.0,0.0,0.10920071,-0.22769468,0.043740004,0.23287891,-0.41429448,0.023895718,0.3560598,-0.560031,-0.0063174875,0.44082415,-0.6769354,-0.034712646,0.37146702,-0.36144432,-0.07850226,0.63828915,-0.35136443,-0.13355836,0.78622335,-0.3611889,-0.15242328,0.8979003,-0.35601598,-0.15394206,0.39508027,-0.22698703,-0.11693559,0.69178724,-0.2320484,-0.18799049,0.86137044,-0.2521332,-0.20677534,0.9661538,-0.25796676,-0.20815884,0.39714175,-0.060469024,-0.13778546,0.5762557,0.011512785,-0.1629383,0.52312666,0.0011221095,-0.10762063,0.44390818,-0.021345828,-0.055665568,0.37406677,0.09862323,-0.15568073,0.52560365,0.14912711,-0.13597688,0.47396532,0.13359396,-0.06754029,0.40291986,0.09798263,-0.008138691
H,Karol,Right,0.0,0.0,0.0,0.100237355,-0.20889753,0.01994841,0.25050187,-0.38535637,0.004114782,0.3804031,-0.5241967,-0.023038166,0.4571467,-0.65092385,-0.047021095,0.4063584,-0.35996905,-0.040805764,0.6464656,-0.33652255,-0.08261286,0.78529805,-0.3307703,-0.0991202,0.89122015,-0.3321291,-0.10339552,0.42177707,-0.25976184,-0.07973691,0.6900977,-0.23083165,-0.1296216,0.8538352,-0.23312177,-0.1523061,0.9720092,-0.23494287,-0.16193953,0.41349506,-0.13009158,-0.111684516,0.54557455,0.020972425,-0.1478279,0.4781862,0.031302854,-0.12565434,0.4087312,0.0033298996,-0.09726294,0.39079267,0.007753113,-0.14318615,0.5024955,0.1273418,-0.14575553,0.4434537,0.1315455,-0.10816891,0.38361076,0.094762415,-0.07323643
H,Karol,Right,0.0,0.0,0.0,0.12808524,-0.23862371,0.13566674,0.26615843,-0.39797553,0.13826098,0.37234244,-0.5246093,0.10952587,0.45492885,-0.67037946,0.07875217,0.41891634,-0.36215094,-0.0071528363,0.6662291,-0.3468607,-0.025422387,0.79553473,-0.35403734,-0.029315881,0.9072639,-0.36302945,-0.03521833,0.4148183,-0.25762823,-0.10406843,0.68592215,-0.22661394,-0.15822987,0.8484966,-0.23726906,-0.18562138,0.9695541,-0.24487704,-0.20968772,0.38386747,-0.1248136,-0.17605671,0.53382784,0.013442761,-0.17395467,0.43949422,0.031269692,-0.11557847,0.36758795,0.0013638324,-0.08522365,0.3523674,0.015535821,-0.23908845,0.4881861,0.12956785,-0.2022565,0.41209483,0.13266034,-0.13509972,0.34431067,0.084850214,-0.09469591
H,Karol,Right,0.0,0.0,0.0,0.13481449,-0.2442453,0.14506377,0.26755738,-0.41569176,0.128715,0.3577261,-0.5580121,0.08350634,0.43760416,-0.71381986,0.03513534,0.4037849,-0.39542994,-0.056814503,0.64450413,-0.3836716,-0.08590964,0.778928,-0.39742246,-0.10354127,0.89068663,-0.40402585,-0.120486826,0.3959945,-0.26905978,-0.14774145,0.6679615,-0.25909406,-0.19857472,0.8318955,-0.27702913,-0.22362034,0.9575769,-0.28817794,-0.25369033,0.37143832,-0.12028984,-0.20646968,0.5324451,-0.030999849,-0.15703937,0.42465556,-0.014035516,-0.06341641,0.33642703,-0.02895845,-0.026966963,0.35782322,0.025977733,-0.25845414,0.47928986,0.09746147,-0.17628476,0.39708397,0.10347494,-0.08537703,0.3245555,0.07399604,-0.03845498
H,Karol,Right,0.0,0.0,0.0,0.12337247,-0.24450226,0.07933144,0.25023618,-0.41260645,0.040160205,0.35237458,-0.5616118,-0.016173601,0.42665252,-0.724262,-0.0684149,0.37111828,-0.39890462,-0.11188245,0.6173223,-0.40450495,-0.17539279,0.75345117,-0.42994457,-0.21194442,0.8712742,-0.44492993,-0.24001889,0.36626747,-0.27513173,-0.18721206,0.6393224,-0.269099,-0.2973146,0.81484103,-0.30506596,-0.3506295,0.9481811,-0.3177304,-0.39150345,0.33892587,-0.12530866,-0.23494405,0.52084696,-0.016542424,-0.25348333,0.4217901,-0.010030898,-0.16104093,0.33183268,-0.03291548,-0.10658954,0.31527862,0.030630667,-0.28046978,0.46716326,0.11245784,-0.2531813,0.3902293,0.11727852,-0.16295452,0.31414476,0.0765773,-0.10318946
H,Karol,Right,0.0,0.0,0.0,0.11717088,-0.22909273,0.045538284,0.25337327,-0.4038576,0.0011063709,0.36192712,-0.5543743,-0.055634085,0.4285088,-0.7172044,-0.109438986,0.37058562,-0.3744697,-0.13426292,0.6286647,-0.37023407,-0.2046859,0.7743487,-0.38715062,-0.23642252,0.89433104,-0.39731967,-0.2571059,0.36428156,-0.24369754,-0.20213796,0.6530377,-0.23695879,-0.3120708,0.82958984,-0.26470488,-0.3505966,0.9617365,-0.27397618,-0.37533098,0.3357878,-0.088566445,-0.2490253,0.55075085,0.022623109,-0.3010685,0.4592975,0.02390163,-0.22209078,0.36440718,-0.0035402193,-0.1636648,0.30252695,0.076446526,-0.29381776,0.48686105,0.14668652,-0.2987087,0.4162612,0.14220558,-0.21800196,0.33165997,0.09996902,-0.15709728
H,Karol,Right,0.0,0.0,0.0,0.13951333,-0.21464399,0.19521247,0.26407117,-0.36018592,0.19778696,0.3590387,-0.48619086,0.15493,0.43191057,-0.6412325,0.10562531,0.38072073,-0.37617218,0.026994528,0.62039185,-0.395519,0.008470605,0.75332564,-0.41054198,0.003085703,0.86859196,-0.42011043,-0.004229777,0.37631074,-0.28479272,-0.10405697,0.6538372,-0.2859821,-0.14940685,0.8164516,-0.2984188,-0.17235346,0.9528541,-0.3034288,-0.19704887,0.3513779,-0.16714586,-0.20500703,0.51184314,-0.026046852,-0.18205303,0.4017813,-0.006794014,-0.11409441,0.3189416,-0.037804294,-0.08708089,0.3331504,-0.038748678,-0.29327226,0.46325058,0.08468669,-0.23816295,0.38162923,0.09849692,-0.16338444,0.31009537,0.044815164,-0.12364595
H,Karol,Right,0.0,0.0,0.0,0.11292276,-0.22222932,0.081408985,0.26474142,-0.37837332,0.0766074,0.37554517,-0.5186953,0.045957003,0.43432882,-0.68171066,0.014678697,0.40514532,-0.40114215,0.011242242,0.64504313,-0.38784087,-0.020837067,0.77287364,-0.38603815,-0.03601009,0.882228,-0.3891364,-0.045287687,0.4080729,-0.3242558,-0.065186165,0.6706195,-0.28352967,-0.110484436,0.8274139,-0.2932817,-0.13639553,0.9533698,-0.30180466,-0.15650913,0.3830404,-0.21253127,-0.13016416,0.53464806,-0.019542871,-0.15210204,0.45101878,0.0020782195,-0.12097139,0.38284615,-0.034496315,-0.10033913,0.35103798,-0.08400485,-0.1912981,0.4737218,0.08570646,-0.18457717,0.40360507,0.093230665,-0.14283812,0.34419537,0.036453776,-0.11487423
C,Karol,Left,0.0,0.0,0.0,-0.03758067,-0.21964513,-0.056647938,-0.08244094,-0.48475775,-0.11092674,-0.17587203,-0.67723954,-0.16580175,-0.28881922,-0.7956004,-0.23029134,0.006827316,-0.68990594,-0.1479589,-0.19998248,-0.85032743,-0.28012484,-0.3807322,-0.83945733,-0.37862483,-0.547317,-0.7895458,-0.43692303,-0.0383792,-0.63860977,-0.17475417,-0.29055,-0.8013835,-0.3044457,-0.48866123,-0.8000742,-0.39582685,-0.6468998,-0.762575,-0.456623,-0.0916146,-0.5413051,-0.2071223,-0.33310628,-0.73883665,-0.3328585,-0.5167892,-0.76294446,-0.40396896,-0.6590799,-0.74326533,-0.4413288,-0.15272397,-0.41085252,-0.23920177,-0.34257528,-0.59673154,-0.35410443,-0.49162963,-0.66423285,-0.40943095,-0.6145557,-0.700157,-0.43875617
C,Karol,Right,0.0,0.0,0.0,0.07480387,-0.24659677,-0.23539867,-0.0058353413,-0.65422845,-0.32712352,-0.26026687,-0.83969104,-0.38216066,-0.53518105,-0.8447374,-0.40638804,-0.20186974,-1.2360405,-0.15267497,-0.4060605,-1.0862194,-0.33805412,-0.26017863,-0.8525604,-0.45537087,-0.12534975,-0.84403026,-0.51039976,-0.38267544,-1.1510042,-0.09587557,-0.5767286,-0.91111726,-0.27912283,-0.3888427,-0.69494826,-0.33305734,-0.25811034,-0.72451067,-0.33038285,-0.5274168,-0.9623421,-0.07418893,-0.6978037,-0.7698725,-0.2482042,-0.5158768,-0.5845462,-0.2186348,-0.3918016,-0.6235179,-0.15442747,-0.6507943,-0.7313484,-0.07473223,-0.80910355,-0.6636101,-0.17072456,-0.7287856,-0.54103494,-0.13486347,-0.6636847,-0.5626212,-0.07493017
C,Karol,Left,0.0,0.0,0.0,-0.17929694,0.15888444,-0.11498351,-0.35695696,0.17362326,-0.1875971,-0.47912627,0.15752958,-0.2508799,-0.5942281,0.12604961,-0.31603402,-0.42321336,-0.25580463,-0.12395086,-0.56674033,-0.43314654,-0.21501166,-0.6805083,-0.50380677,-0.29433528,-0.7820851,-0.521614,-0.3486094,-0.36420938,-0.36470398,-0.121131085,-0.52333045,-0.5511412,-0.21342905,-0.6618084,-0.60959196,-0.29911518,-0.7842867,-0.62039864,-0.35811245,-0.29146844,-0.43209732,-0.13186671,-0.44356883,-0.6242888,-0.21440594,-0.5848685,-0.68901867,-0.29666215,-0.7027234,-0.6972043,-0.34984744,-0.19791391,-0.46968016,-0.15144612,-0.32376078,-0.6295701,-0.23045862,-0.4460357,-0.69565797,-0.29225174,-0.56191057,-0.7160562,-0.33238533
C,Karol,Left,0.0,0.0,0.0,-0.20508724,-0.022939771,0.035182286,-0.37016737,-0.13712573,0.040423833,-0.5092352,-0.18798457,0.014090986,-0.6490855,-0.21388178,-0.010347409,-0.32804698,-0.51474106,0.16676147,-0.41965717,-0.705728,0.14438874,-0.5258844,-0.7593659,0.10149504,-0.6183532,-0.75912863,0.06950989,-0.28444627,-0.5590887,0.097511865,-0.37698045,-0.82607645,0.0633231,-0.5118961,-0.8513862,0.019618955,-0.61401427,-0.7892949,-0.004491721,-0.24123931,-0.56958824,0.0122545175,-0.32995617,-0.8411367,-0.019620167,-0.47740036,-0.86236596,-0.04587805,-0.58530104,-0.80451995,-0.057401974,-0.2082998,-0.548291,-0.07726023,-0.30227885,-0.7587203,-0.10175439,-0.42438865,-0.80774164,-0.116366595,-0.5233406,-0.79442436,-0.12445168
C,Karol,Left,0.0,0.0,0.0,-0.19891593,-0.03359152,0.056619234,-0.35734192,-0.14412549,0.064354815,-0.4877584,-0.18634568,0.03732544,-0.61487705,-0.23037866,0.010993702,-0.3000544,-0.5174279,0.15934277,-0.39350438,-0.721305,0.13129745,-0.5043004,-0.7740805,0.08894203,-0.5964276,-0.76635885,0.059495937,-0.26046884,-0.5573529,0.07852936,-0.3566022,-0.8344092,0.041647613,-0.4969153,-0.8608397,0.002270523,-0.60172707,-0.79870176,-0.018995775,-0.22644219,-0.5639885,-0.015870249,-0.32298127,-0.8440012,-0.046264403,-0.4737726,-0.8660888,-0.06771541,-0.5818545,-0.8069609,-0.078373134,-0.20697415,-0.5425755,-0.11253688,-0.30737644,-0.7471056,-0.13803087,-0.43111247,-0.8002641,-0.15295751,-0.5334949,-0.79386747,-0.16250362
C,Karol,Left,0.0,0.0,0.0,-0.2011651,-0.02102761,0.041214954,-0.3685334,-0.13251227,0.049677197,-0.50547475,-0.18412232,0.026281178,-0.6381501,-0.21342535,0.004335214,-0.3372059,-0.5057832,0.16810134,-0.43984863,-0.6924196,0.14201146,-0.5477083,-0.73601276,0.0966737,-0.6407157,-0.72340935,0.065195926,-0.29547244,-0.55155605,0.09852481,-0.40072888,-0.8069832,0.06421637,-0.53250813,-0.8329818,0.019099455,-0.635761,-0.77188593,-0.0051857755,-0.25073877,-0.56549424,0.013739891,-0.35428625,-0.82382107,-0.017205147,-0.49697086,-0.8476001,-0.045095146,-0.60605043,-0.79244137,-0.057841666,-0.21204753,-0.5521747,-0.07433404,-0.32322583,-0.73994654,-0.09925063,-0.44503447,-0.7850352,-0.1149091,-0.54765475,-0.7746682,-0.12308582
C,Karol,Left,0.0,0.0,0.0,-0.1944847,0.001860071,0.008394257,-0.38313353,-0.096345715,0.0035054425,-0.53407604,-0.14487767,-0.02511534,-0.6708759,-0.16924752,-0.05002057,-0.36973214,-0.4847278,0.12984674,-0.46873274,-0.68301153,0.09599189,-0.5727774,-0.73314,0.04735312,-0.6619942,-0.7166167,0.014977306,-0.32437518,-0.5322052,0.077825256,-0.42915145,-0.78150105,0.038382594,-0.5568644,-0.8152097,-0.005803762,-0.65600955,-0.7547526,-0.028376307,-0.272897,-0.5477996,0.009107959,-0.37987003,-0.7907652,-0.025765345,-0.51517814,-0.82072645,-0.05035786,-0.6197134,-0.76986015,-0.058970112,-0.2213419,-0.53788364,-0.065313905,-0.33721867,-0.71981615,-0.09377109,-0.45665604,-0.76845855,-0.10830794,-0.55547726,-0.7590641,-0.113128096
C,Karol,Left,0.0,0.0,0.0,-0.21194921,0.03613857,0.024031024,-0.41042787,-0.05236432,0.03706586,-0.5683919,-0.10617787,0.022294762,-0.71391046,-0.10553975,0.009836421,-0.4158641,-0.4310816,0.17747907,-0.5181721,-0.60823905,0.17222087,-0.6167122,-0.657931,0.14062296,-0.70720035,-0.65418875,0.1142133,-0.37791866,-0.48711962,0.12247894,-0.49345893,-0.70483285,0.108877935,-0.6162534,-0.7339459,0.07420324,-0.7220623,-0.691828,0.052381802,-0.3289176,-0.51631504,0.050528813,-0.44568947,-0.7505705,0.02900551,-0.5729768,-0.7798738,0.007944826,-0.6756932,-0.73452306,-0.0022404133,-0.2789914,-0.52304566,-0.026517315,-0.40024185,-0.70681494,-0.04646438,-0.5135039,-0.7538393,-0.05648593,-0.60964143,-0.7513975,-0.06126164
C,Karol,Left,0.0,0.0,0.0,-0.22492592,0.042978,0.06594481,-0.43347973,-0.025877543,0.09799648,-0.58602184,-0.058383614,0.09072156,-0.72916704,-0.063604414,0.083347656,-0.44330427,-0.41002613,0.23881513,-0.56434774,-0.5833365,0.24320853,-0.6683945,-0.62097913,0.21349326,-0.7562557,-0.6043948,0.1881389,-0.40509823,-0.47415742,0.15808076,-0.53692365,-0.70328283,0.15345722,-0.6665295,-0.71938425,0.117652826,-0.75761336,-0.65270364,0.09502796,-0.36318588,-0.5047332,0.06048232,-0.4950889,-0.7383708,0.049336616,-0.62801653,-0.74902123,0.031103121,-0.7195513,-0.6878773,0.021108177,-0.32556725,-0.5041731,-0.040590744,-0.45857134,-0.67484295,-0.052465115,-0.58028156,-0.70079094,-0.059783548,-0.6762744,-0.6788101,-0.064661756
C,Karol,Left,0.0,0.0,0.0,-0.23056543,0.024694538,0.07595198,-0.4243947,-0.04509833,0.10845224,-0.5707323,-0.07813096,0.09935472,-0.71386206,-0.08938614,0.08905698,-0.43168604,-0.4214857,0.24965996,-0.5523457,-0.5820657,0.25956324,-0.65247893,-0.616135,0.22914895,-0.7479123,-0.6046556,0.20019062,-0.3988975,-0.48281175,0.16486058,-0.5368039,-0.6879456,0.16733782,-0.664713,-0.70345724,0.12902074,-0.76211745,-0.6474388,0.09917943,-0.36482364,-0.5122002,0.064495854,-0.49853033,-0.7333033,0.061606366,-0.63035494,-0.7444921,0.0427176,-0.72569406,-0.6858229,0.027322182,-0.33383983,-0.5155467,-0.038840827,-0.46296334,-0.69767916,-0.04223426,-0.58113074,-0.7284047,-0.046640337,-0.67587286,-0.7045047,-0.053176712
C,Karol,Left,0.0,0.0,0.0,-0.228185,0.03752421,0.06130276,-0.41813904,-0.035894893,0.08688804,-0.5683904,-0.0791428,0.07442428,-0.71542305,-0.08454243,0.061514076,-0.43351227,-0.42466408,0.22536074,-0.5581972,-0.5724931,0.22708929,-0.6636083,-0.59956276,0.1940989,-0.7596367,-0.5828576,0.16563928,-0.40369713,-0.4890383,0.14949559,-0.5467784,-0.69290584,0.14798628,-0.67493254,-0.6964388,0.115863934,-0.7714896,-0.6339324,0.0928162,-0.3688131,-0.52236676,0.057470217,-0.5085716,-0.7430499,0.05076062,-0.643357,-0.74416816,0.03838605,-0.7363917,-0.6765554,0.029992985,-0.3362132,-0.52790385,-0.03877839,-0.46866882,-0.7085726,-0.044490144,-0.5904458,-0.7344366,-0.045824442,-0.68387246,-0.70327973,-0.047800828
C,Karol,Left,0.0,0.0,0.0,-0.20556638,0.028843878,0.022911955,-0.3966271,-0.056111258,0.030014453,-0.5380237,-0.10737045,0.010955647,-0.67656374,-0.13099962,-0.0065638027,-0.43801937,-0.41911572,0.14571714,-0.5778167,-0.55105036,0.108017705,-0.68740296,-0.55648625,0.052412447,-0.772557,-0.5104147,0.015941205,-0.4002344,-0.49190792,0.08908786,-0.5368614,-0.7168807,0.055992443,-0.6572855,-0.7367558,0.0074588177,-0.7406784,-0.6718597,-0.023531903,-0.35048977,-0.52211475,0.015797291,-0.48210347,-0.7618528,-0.017802889,-0.6142339,-0.77361274,-0.052504543,-0.70588666,-0.7045521,-0.07281178,-0.29867458,-0.5170176,-0.06142964,-0.42990044,-0.68049014,-0.089545086,-0.5490795,-0.70635414,-0.10985344,-0.6472008,-0.6770284,-0.12332991
C,Karol,Left,0.0,0.0,0.0,-0.22091511,0.030756947,0.04002273,-0.41266957,-0.05709517,0.05575145,-0.5670446,-0.110872075,0.038938433,-0.71373016,-0.12162497,0.023394706,-0.42731106,-0.4412351,0.1865757,-0.54438734,-0.62412673,0.16026254,-0.6579623,-0.6569939,0.1106935,-0.74340856,-0.6272521,0.07597633,-0.38842005,-0.5020309,0.11796923,-0.51311404,-0.755869,0.08123677,-0.6471345,-0.7611242,0.02919326,-0.7348279,-0.66912746,0.00012362374,-0.33994752,-0.5324092,0.032753605,-0.45908573,-0.7997162,-0.0023094038,-0.5998709,-0.8051278,-0.034665514,-0.69164234,-0.7222402,-0.04996086,-0.28832072,-0.53766066,-0.05607793,-0.40774587,-0.7277051,-0.088138856,-0.53572065,-0.7576932,-0.10827259,-0.63515943,-0.72849065,-0.11869735
C,Karol,Left,0.0,0.0,0.0,-0.20882958,0.025987718,0.013475807,-0.4084034,-0.07504803,0.016429288,-0.56537765,-0.12517285,-0.0067941244,-0.7077588,-0.13197605,-0.026357224,-0.42222518,-0.45239335,0.13401435,-0.5415709,-0.6539977,0.08740574,-0.6568582,-0.6885463,0.03161597,-0.73446065,-0.6563053,-0.002171395,-0.38283512,-0.5129633,0.07780733,-0.5080079,-0.7894863,0.024584375,-0.64503324,-0.7887161,-0.02386257,-0.721246,-0.68896264,-0.044727273,-0.33266148,-0.5425946,0.0043945224,-0.45483023,-0.8246,-0.039206386,-0.5988239,-0.8198388,-0.06559121,-0.6811849,-0.7321114,-0.07207331,-0.27874324,-0.5423397,-0.07471461,-0.4021384,-0.73942214,-0.10810628,-0.53088707,-0.7632162,-0.12375528,-0.62104034,-0.7233332,-0.12775283
C,Karol,Left,0.0,0.0,0.0,-0.21044424,0.051898096,0.005820704,-0.4247535,-0.031348336,0.017926639,-0.58963823,-0.08415898,0.008387648,-0.7363478,-0.08691,0.0024154147,-0.43596333,-0.4052066,0.15456757,-0.55856055,-0.56312555,0.14522569,-0.6557391,-0.6033894,0.10975787,-0.7489343,-0.5997107,0.08009759,-0.39988077,-0.47470742,0.11379519,-0.53506464,-0.66355693,0.09906322,-0.65535957,-0.6877014,0.05972474,-0.7587891,-0.6491235,0.032178175,-0.35171738,-0.5157616,0.056127,-0.48615116,-0.7283381,0.03596617,-0.60767275,-0.7508021,0.010390371,-0.70584536,-0.708366,-0.0051249987,-0.29785866,-0.5356799,-0.0076672547,-0.4234534,-0.70742464,-0.02572018,-0.53590035,-0.7525183,-0.038683694,-0.6340958,-0.75089717,-0.047354683
C,Karol,Left,0.0,0.0,0.0,-0.21183425,0.053915206,0.008600812,-0.40748408,-0.022128837,0.017024767,-0.5691064,-0.07193857,0.0003293161,-0.71637326,-0.084119104,-0.0132602425,-0.41395506,-0.41461378,0.16255204,-0.53551143,-0.58957607,0.1454712,-0.64250803,-0.6333352,0.102660984,-0.7377329,-0.62326723,0.070237584,-0.37621063,-0.49065268,0.11520514,-0.5103791,-0.71217585,0.08868799,-0.64089954,-0.7317737,0.039702713,-0.7410462,-0.6674319,0.0099514425,-0.3312372,-0.5369188,0.0505125,-0.4644224,-0.77370477,0.024424955,-0.5980721,-0.7873002,-0.006180349,-0.69505334,-0.7189582,-0.02170301,-0.2827981,-0.55793816,-0.020444676,-0.40852582,-0.73877954,-0.0429539,-0.5297338,-0.7752855,-0.058572933,-0.6281724,-0.75263757,-0.06666207
C,Karol,Left,0.0,0.0,0.0,-0.23220123,0.07400102,0.049314916,-0.46239528,0.028558439,0.08537706,-0.63092554,-0.014155716,0.085025474,-0.7845723,-0.03607571,0.0871893,-0.46453676,-0.37081516,0.25737572,-0.5845409,-0.55528665,0.2698402,-0.6863061,-0.5917678,0.23850681,-0.7861003,-0.5658807,0.20962124,-0.42589515,-0.4443422,0.18992798,-0.56298023,-0.66131204,0.19179711,-0.6918028,-0.6805591,0.1467596,-0.7883415,-0.6152379,0.114143565,-0.38773647,-0.4843929,0.10278412,-0.52803254,-0.70988417,0.09387954,-0.6602724,-0.7200944,0.06358784,-0.75533557,-0.65037817,0.044113107,-0.35083288,-0.5024669,0.010854772,-0.48703405,-0.6830004,-0.00028598,-0.6081209,-0.7072685,-0.013733827,-0.7027257,-0.6703615,-0.024462106
C,Karol,Left,0.0,0.0,0.0,-0.22842209,0.104809895,0.14374714,-0.43659973,0.05768828,0.23993407,-0.5949768,0.017424272,0.28164262,-0.740365,0.015283997,0.3203762,-0.43710908,-0.3742137,0.40157378,-0.5744763,-0.51279134,0.47449493,-0.68806237,-0.535024,0.47744015,-0.78193307,-0.5075246,0.4677662,-0.41694173,-0.46323788,0.29789463,-0.57560486,-0.6484411,0.3619657,-0.72116625,-0.65000516,0.3422125,-0.8127798,-0.5719522,0.32223657,-0.39722395,-0.51745665,0.17794679,-0.55635685,-0.7105135,0.21473649,-0.69862074,-0.69583714,0.20186469,-0.789687,-0.61351,0.18763751,-0.3871706,-0.54513,0.05889906,-0.5355062,-0.70525014,0.07002232,-0.66172224,-0.696105,0.06588168,-0.75399715,-0.6289195,0.059606448
C,Karol,Left,0.0,0.0,0.0,-0.21246079,0.09510133,0.10209025,-0.4190118,0.043774877,0.17231558,-0.57038784,0.013384372,0.19878909,-0.7122612,-0.0039672786,0.22584213,-0.42539322,-0.39958566,0.31965852,-0.56697446,-0.5357996,0.3673669,-0.67559177,-0.55402035,0.35979685,-0.7647131,-0.52134115,0.348329,-0.4048317,-0.4821832,0.23686327,-0.559425,-0.6588837,0.28413913,-0.6925873,-0.6565844,0.2648402,-0.77902377,-0.57852185,0.24821131,-0.38443908,-0.53399456,0.13827823,-0.5356544,-0.7198515,0.16680507,-0.67273885,-0.71305496,0.15743849,-0.76668024,-0.6384236,0.14841595,-0.3755071,-0.55900776,0.038021076,-0.515478,-0.7173883,0.051893875,-0.63836104,-0.72816354,0.05507354,-0.7327532,-0.6804944,0.055929836
C,Karol,Left,0.0,0.0,0.0,-0.2187129,0.09411133,0.13912842,-0.41226932,0.042790845,0.22998434,-0.5593602,0.015433259,0.26704633,-0.70378137,-0.0068412335,0.30210742,-0.3991051,-0.4109023,0.4013072,-0.5432122,-0.5309584,0.48274097,-0.655498,-0.5511505,0.48917186,-0.74894977,-0.53118014,0.48171312,-0.38123587,-0.49567062,0.30260998,-0.5423894,-0.66165376,0.3857933,-0.6811192,-0.656942,0.37132788,-0.7680283,-0.59245574,0.35149965,-0.36736125,-0.5500625,0.1881902,-0.5249244,-0.7267279,0.24705394,-0.6685994,-0.7120379,0.2394676,-0.76375765,-0.6455031,0.22405821,-0.36717352,-0.57589865,0.073372655,-0.5090714,-0.73133034,0.10773696,-0.6375188,-0.7281395,0.11476057,-0.7338145,-0.6751093,0.113462225
C,Karol,Left,0.0,0.0,0.0,-0.21727735,0.09367497,0.15358172,-0.4113289,0.045087468,0.24884135,-0.5580062,0.008010082,0.28565025,-0.70508486,-0.014771564,0.3177676,-0.40149042,-0.3941001,0.43132833,-0.5381562,-0.52376133,0.52300847,-0.64974856,-0.5542696,0.53336406,-0.74024856,-0.5376842,0.52777153,-0.3808615,-0.4816913,0.32439196,-0.5335493,-0.66661936,0.4166778,-0.6730065,-0.67616117,0.40350145,-0.7556807,-0.61522615,0.38450706,-0.36545283,-0.54036486,0.20169733,-0.51214254,-0.73508865,0.2708435,-0.6525952,-0.7365293,0.2678419,-0.7407519,-0.6717787,0.2542719,-0.35981902,-0.57057893,0.0787624,-0.4960806,-0.7358054,0.12090619,-0.6213262,-0.7439057,0.1318888,-0.7136617,-0.6947064,0.13233954
C,Karol,Left,0.0,0.0,0.0,-0.19395545,0.05423407,0.04634286,-0.39966172,-0.048389975,0.07224808,-0.55312794,-0.11121174,0.067459844,-0.6883446,-0.11462899,0.06521109,-0.3780497,-0.47635394,0.19158837,-0.49684355,-0.6497286,0.18631054,-0.6093815,-0.67726916,0.15120916,-0.699821,-0.64269257,0.12459802,-0.3438584,-0.5328012,0.12609988,-0.48180747,-0.74849224,0.12069175,-0.61735696,-0.757083,0.0892572,-0.71226,-0.68690944,0.068088636,-0.30966458,-0.5586112,0.044572078,-0.44536763,-0.787137,0.035042442,-0.584705,-0.79776126,0.016131368,-0.6783519,-0.7347372,0.0036399758,-0.2837617,-0.56281304,-0.041332267,-0.4122962,-0.74051905,-0.053725123,-0.5372457,-0.7743738,-0.064615406,-0.63206834,-0.75009656,-0.07295881
C,Karol,Left,0.0,0.0,0.0,-0.24022299,0.008089957,0.15651575,-0.4107546,-0.08229002,0.22325064,-0.5413427,-0.12931776,0.23202714,-0.6667257,-0.17173927,0.23692715,-0.39896783,-0.47667438,0.32980305,-0.5198064,-0.6517709,0.3528638,-0.63704103,-0.67079246,0.333613,-0.72548425,-0.63959044,0.31505132,-0.3655502,-0.53304297,0.20332085,-0.50827086,-0.7800192,0.21170755,-0.6526119,-0.77048784,0.18246314,-0.73642695,-0.67651707,0.16556367,-0.3355113,-0.54991883,0.065292515,-0.47700122,-0.7925907,0.0669447,-0.6284549,-0.77559584,0.057602216,-0.7199753,-0.68879074,0.05220437,-0.3184737,-0.5313658,-0.069391415,-0.46006572,-0.71353203,-0.07219128,-0.59264684,-0.7225191,-0.07167907,-0.6880959,-0.67639744,-0.07236078
C,Karol,Left,0.0,0.0,0.0,-0.22397429,0.034439284,0.03356296,-0.41037947,-0.050752513,0.043310896,-0.55979425,-0.109917164,0.02258443,-0.70599705,-0.14674938,0.0045453897,-0.40503454,-0.44940665,0.17326844,-0.5214878,-0.6225574,0.15499888,-0.62962216,-0.6500026,0.1115013,-0.72681856,-0.6267564,0.078633055,-0.37025303,-0.5102007,0.111085966,-0.50322235,-0.7183198,0.09127355,-0.63915694,-0.7249238,0.05092461,-0.7427291,-0.66318834,0.023138067,-0.33563605,-0.53978467,0.032365985,-0.46554706,-0.7709665,0.0137600675,-0.6025363,-0.77383107,-0.005711135,-0.702815,-0.7113727,-0.018237945,-0.3036983,-0.5456875,-0.051763956,-0.42411637,-0.737928,-0.0659725,-0.54386896,-0.7691182,-0.07366145,-0.64218104,-0.7444922,-0.07959795
C,Karol,Left,0.0,0.0,0.0,-0.22098275,0.051170982,0.045708947,-0.41389635,-0.0099822935,0.06885205,-0.57020956,-0.069542564,0.05446668,-0.72482103,-0.12152528,0.04199024,-0.40720567,-0.43226135,0.25286973,-0.5257638,-0.6080826,0.27235305,-0.6314787,-0.6512868,0.25013185,-0.72566485,-0.628823,0.2310159,-0.370103,-0.49397826,0.18903774,-0.5021318,-0.7015903,0.21160035,-0.6240478,-0.7257959,0.18640187,-0.7216709,-0.68328303,0.16825405,-0.33962417,-0.53720456,0.1056619,-0.471926,-0.7495591,0.11738962,-0.5964334,-0.77239406,0.110270664,-0.692554,-0.72136605,0.104893304,-0.31042928,-0.55881953,0.015785566,-0.44237652,-0.73012024,0.024277508,-0.5545655,-0.7619518,0.030820793,-0.64573467,-0.7351125,0.034720067
C,Karol,Left,0.0,0.0,0.0,-0.21286058,0.08228305,0.08772946,-0.41836154,0.031766314,0.1422839,-0.58085966,-0.020671513,0.15120493,-0.7331351,-0.05222192,0.15920025,-0.41253358,-0.41270435,0.31907037,-0.5450443,-0.5646597,0.36727417,-0.65441734,-0.5915083,0.35791552,-0.74935013,-0.56888944,0.34216943,-0.38501602,-0.49032056,0.23618951,-0.5355887,-0.6910903,0.28023428,-0.66954184,-0.6941051,0.25755456,-0.76101416,-0.6302955,0.23762359,-0.36041236,-0.5377436,0.1352751,-0.51104635,-0.74592286,0.15958469,-0.6447046,-0.74188465,0.14866142,-0.73938006,-0.6732883,0.13786921,-0.34082237,-0.5568818,0.030945567,-0.48623836,-0.72888744,0.043125592,-0.60983586,-0.734681,0.045825098,-0.70793915,-0.6835415,0.04429371
C,Karol,Left,0.0,0.0,0.0,-0.21703109,0.11823548,0.18129419,-0.40620375,0.07842049,0.29724535,-0.5549207,0.05066082,0.35055494,-0.7064707,0.007008524,0.39908525,-0.36992115,-0.40152225,0.51039827,-0.51233494,-0.5387442,0.6516463,-0.62641364,-0.5623859,0.69654965,-0.7127386,-0.5368029,0.71408254,-0.35117042,-0.49358717,0.40543973,-0.5071637,-0.66729015,0.55650586,-0.6541635,-0.653432,0.5684007,-0.74753594,-0.6082354,0.56161684,-0.35354537,-0.5563008,0.28484324,-0.51113,-0.732765,0.40239188,-0.65796345,-0.70937055,0.4140346,-0.75889194,-0.6511032,0.4024296,-0.37851384,-0.5829141,0.1655419,-0.5224671,-0.74073374,0.24321586,-0.6460235,-0.7304475,0.26897445,-0.7408657,-0.67165315,0.27543148
C,Karol,Left,0.0,0.0,0.0,-0.19888425,0.13312215,0.140867,-0.38026655,0.08859732,0.23752671,-0.51792216,0.064424716,0.28137097,-0.6580943,0.03785065,0.32204485,-0.36480677,-0.41160485,0.42372915,-0.50308,-0.5232709,0.532386,-0.6137331,-0.5347284,0.5538309,-0.7027761,-0.51119053,0.55522424,-0.36049822,-0.5133625,0.33649802,-0.50905746,-0.6775553,0.45624283,-0.6493883,-0.6656891,0.4549808,-0.73910964,-0.6097864,0.4381996,-0.35659924,-0.5815153,0.23427902,-0.49747404,-0.7617908,0.33249584,-0.63647187,-0.74375707,0.33440813,-0.73053694,-0.67465943,0.3160455,-0.36414683,-0.6156926,0.13074414,-0.48683614,-0.77954674,0.20291223,-0.60741776,-0.7742341,0.22592731,-0.7019432,-0.7122329,0.22914438
C,Karol,Left,0.0,0.0,0.0,-0.20329843,0.13181105,0.16926512,-0.38604406,0.091448,0.28158998,-0.5259415,0.071043655,0.3327634,-0.6700524,0.045024592,0.37816355,-0.36315307,-0.40083835,0.48428926,-0.50362825,-0.50727993,0.6153242,-0.6145245,-0.52465314,0.64729196,-0.7034691,-0.5057494,0.6527165,-0.35959977,-0.5055236,0.38239333,-0.5127136,-0.665704,0.52264297,-0.6582178,-0.6585506,0.5245251,-0.74555546,-0.59896183,0.5079415,-0.3584962,-0.57682824,0.265339,-0.50343734,-0.7556589,0.3816324,-0.6463822,-0.7391409,0.3874846,-0.73956317,-0.66723895,0.36863044,-0.3681674,-0.6145274,0.14781998,-0.49208385,-0.77899534,0.22974259,-0.61309665,-0.7735967,0.25526288,-0.7065088,-0.70770425,0.25879866
C,Karol,Left,0.0,0.0,0.0,-0.22038235,0.13440742,0.22717617,-0.4017211,0.11072338,0.37823874,-0.540006,0.103777766,0.45473078,-0.6855511,0.061272755,0.5245596,-0.34965336,-0.36743316,0.6149111,-0.4890745,-0.48004794,0.79825777,-0.6072926,-0.5061723,0.8642254,-0.6994288,-0.49500158,0.88995653,-0.34575003,-0.47458032,0.49261394,-0.495935,-0.63772595,0.686439,-0.6517777,-0.63005143,0.70981467,-0.7481854,-0.5860652,0.70512795,-0.36018726,-0.5504039,0.35351846,-0.5051823,-0.72235686,0.507254,-0.65622723,-0.6979717,0.5238638,-0.75697887,-0.6338611,0.5082335,-0.4008196,-0.5936341,0.2167376,-0.52731246,-0.7408476,0.31982842,-0.64825535,-0.72545344,0.35101953,-0.7465689,-0.66530806,0.356175
C,Karol,Left,0.0,0.0,0.0,-0.19708653,0.09813848,0.05908085,-0.39650333,0.04750657,0.102820985,-0.5496121,0.012259997,0.10901154,-0.69549435,-0.011327248,0.119224764,-0.39355353,-0.42085227,0.27190223,-0.5328953,-0.556997,0.30801737,-0.649662,-0.57585734,0.2980488,-0.7399324,-0.5533507,0.28662267,-0.37370017,-0.5063132,0.20826252,-0.52966475,-0.6930612,0.25164804,-0.66838986,-0.68155366,0.24210133,-0.7559331,-0.6181202,0.23352255,-0.35625663,-0.56353843,0.12554555,-0.5054721,-0.7619456,0.15348363,-0.65031904,-0.7440824,0.15403797,-0.7427637,-0.66955364,0.15306441,-0.34996283,-0.59472764,0.03647185,-0.47820666,-0.76804936,0.053783033,-0.60608333,-0.77269995,0.06276747,-0.6975336,-0.7162997,0.06903369
C,Karol,Left,0.0,0.0,0.0,-0.21065022,0.10702042,0.11776767,-0.40803427,0.06491166,0.1924584,-0.5551798,0.025271397,0.21510918,-0.7068567,-0.009741005,0.23552558,-0.3955761,-0.39938155,0.38737437,-0.5347405,-0.5375292,0.46900767,-0.6480975,-0.5603463,0.47358453,-0.74012613,-0.53542286,0.46505356,-0.3719402,-0.48531747,0.29654008,-0.53010106,-0.66795856,0.38075972,-0.6732299,-0.6684846,0.36370766,-0.7598601,-0.60967994,0.3420988,-0.35798678,-0.5432256,0.18837784,-0.5112209,-0.73943615,0.25266987,-0.65431863,-0.7329176,0.24680622,-0.74523515,-0.66680175,0.23148338,-0.35538995,-0.5715914,0.07728244,-0.4915694,-0.7441204,0.11975048,-0.6179177,-0.7492153,0.1311892,-0.70940375,-0.6948932,0.13195525
C,Karol,Left,0.0,0.0,0.0,-0.20070417,0.078345515,0.00012720407,-0.4242469,0.023935888,0.011588597,-0.59369844,-0.025836604,0.0023572117,-0.7460137,-0.06545405,0.0007831529,-0.43468153,-0.41145876,0.16274525,-0.561475,-0.59852487,0.15119696,-0.6730974,-0.6224085,0.113565035,-0.76960146,-0.5817087,0.08710178,-0.39540416,-0.47521332,0.12266558,-0.539294,-0.68707734,0.11292536,-0.6745478,-0.6986535,0.0797733,-0.769767,-0.6314933,0.05930093,-0.35720614,-0.5083177,0.062099062,-0.5031003,-0.72347623,0.04184087,-0.64195716,-0.73707175,0.019702163,-0.7367476,-0.67616785,0.010065488,-0.3247336,-0.52009815,-0.0057672854,-0.46157014,-0.6852449,-0.026839364,-0.58434117,-0.71743554,-0.038953613,-0.6743905,-0.6910421,-0.04387496
C,Karol,Left,0.0,0.0,0.0,-0.21204431,0.06552557,0.021484423,-0.42648518,-0.010588692,0.040818222,-0.5905312,-0.071247816,0.033514302,-0.73441106,-0.08546235,0.029724725,-0.44214043,-0.4053879,0.17708495,-0.5620922,-0.58469915,0.16275163,-0.66875446,-0.62023515,0.123459786,-0.7563505,-0.5944939,0.094550766,-0.40050924,-0.4801791,0.12410969,-0.5352558,-0.71718574,0.09690494,-0.6625198,-0.7251573,0.051255908,-0.7502872,-0.6393451,0.02612705,-0.35259464,-0.5223236,0.05374025,-0.48700568,-0.7696453,0.02370154,-0.62292,-0.779626,-0.00913711,-0.71313304,-0.7010287,-0.024371143,-0.30561376,-0.5395141,-0.021216339,-0.4393613,-0.717942,-0.049187988,-0.56413376,-0.74963546,-0.0689691,-0.65995747,-0.72127974,-0.079198524
C,Karol,Left,0.0,0.0,0.0,-0.22208951,0.0644584,0.025304819,-0.43867278,-0.020671858,0.046334937,-0.6012851,-0.08532578,0.03893548,-0.7464387,-0.098837994,0.035490483,-0.46075755,-0.406945,0.18839362,-0.5796385,-0.5769811,0.17853282,-0.6833377,-0.61042887,0.14284652,-0.76995814,-0.58542746,0.11656248,-0.4226742,-0.48109928,0.13484642,-0.55588454,-0.7055347,0.11718986,-0.68122905,-0.7155365,0.08127309,-0.76889133,-0.6378753,0.06263609,-0.37447643,-0.5207299,0.06318549,-0.50767666,-0.7621296,0.041870955,-0.6414153,-0.7662465,0.022560794,-0.72914547,-0.6843588,0.016009292,-0.32390952,-0.5357091,-0.014164048,-0.45316568,-0.7162048,-0.03549174,-0.5777567,-0.7422471,-0.047314946,-0.6732714,-0.709486,-0.05131118
C,Karol,Left,0.0,0.0,0.0,-0.21866564,0.06763546,0.029150113,-0.43165627,-0.014992645,0.055740118,-0.59259534,-0.08359813,0.053407248,-0.73661447,-0.102514386,0.054756146,-0.4441861,-0.40163836,0.20151709,-0.5633382,-0.56997037,0.20037286,-0.6660581,-0.59807354,0.16836284,-0.75593936,-0.5771992,0.14319669,-0.4038099,-0.48051083,0.14777112,-0.5412427,-0.69512963,0.1408589,-0.6689338,-0.70291054,0.105880424,-0.76341236,-0.636485,0.08480871,-0.35745898,-0.5273646,0.076059856,-0.49354118,-0.7540758,0.062520914,-0.62948805,-0.75769717,0.041421827,-0.7259004,-0.6877998,0.031292234,-0.31116846,-0.55420136,-0.0010674467,-0.44370613,-0.7322176,-0.015819073,-0.56889945,-0.7552258,-0.025259087,-0.66712207,-0.7233759,-0.029493878
C,Karol,Left,0.0,0.0,0.0,-0.21675746,0.08854408,0.013611941,-0.42875323,0.02678078,0.03466283,-0.595668,-0.045269188,0.029652786,-0.74622715,-0.0831666,0.029133739,-0.42353624,-0.387607,0.1951168,-0.54164547,-0.5599649,0.19511826,-0.6490965,-0.5970094,0.16207604,-0.74723417,-0.5863364,0.13514836,-0.38368508,-0.47035328,0.15022402,-0.5235908,-0.6805196,0.14478739,-0.6593572,-0.6934153,0.10479544,-0.76578987,-0.63720626,0.07803734,-0.33998767,-0.524294,0.086466655,-0.48204908,-0.7486346,0.07014378,-0.6230857,-0.75428885,0.04252231,-0.7269014,-0.6867418,0.028367193,-0.29351813,-0.5602393,0.016530983,-0.42717594,-0.7473491,-0.0029704508,-0.5561304,-0.778993,-0.016948897,-0.6591961,-0.75133556,-0.02383568
C,Karol,Left,0.0,0.0,0.0,-0.21492559,0.081875294,0.023732997,-0.43702435,0.012065038,0.050185353,-0.6045127,-0.057011504,0.048745032,-0.7518866,-0.087670796,0.05144424,-0.43948865,-0.37945446,0.19730707,-0.56082624,-0.5484294,0.19996668,-0.66397893,-0.58860147,0.17163092,-0.7590788,-0.5768235,0.1483912,-0.3998711,-0.46344182,0.1477014,-0.5412514,-0.6680236,0.14788349,-0.67121434,-0.68601465,0.11800371,-0.77187526,-0.6295914,0.09803083,-0.35811394,-0.515501,0.07982245,-0.50094086,-0.73641336,0.06804983,-0.63774997,-0.744344,0.050481666,-0.7364226,-0.67652184,0.042445056,-0.3173497,-0.54622614,0.0059219976,-0.4539265,-0.7305225,-0.010074238,-0.5792423,-0.7559284,-0.01824083,-0.6772848,-0.71814114,-0.021444391
C,Karol,Left,0.0,0.0,0.0,-0.20826511,0.093399756,0.04760748,-0.417575,0.051013358,0.07765734,-0.5876514,0.005130367,0.07030563,-0.74567753,-0.035319254,0.0650304,-0.4249459,-0.41047198,0.264272,-0.5534466,-0.5707688,0.28839678,-0.6632659,-0.6008072,0.26703122,-0.7558626,-0.5686304,0.24766964,-0.39505872,-0.48381424,0.201462,-0.539029,-0.67451125,0.22708935,-0.6693515,-0.6767155,0.20029856,-0.76867867,-0.61836356,0.18036582,-0.36890265,-0.540351,0.119005024,-0.5152983,-0.739521,0.13097164,-0.6452452,-0.738926,0.12268116,-0.7403058,-0.6722703,0.11721636,-0.34170437,-0.57500416,0.030087076,-0.48408583,-0.74502647,0.03730107,-0.60117495,-0.7562046,0.04433347,-0.69092345,-0.706813,0.04919538
C,Karol,Left,0.0,0.0,0.0,-0.2097327,0.10711168,0.096081786,-0.39806044,0.06907914,0.16008298,-0.5548696,0.032247204,0.17764504,-0.70550555,0.0018293967,0.1934964,-0.39316842,-0.39891258,0.35550863,-0.5369057,-0.5247749,0.42430294,-0.6470975,-0.5448706,0.42075464,-0.7373076,-0.51655066,0.40896237,-0.3758537,-0.487717,0.2798341,-0.5373526,-0.66120476,0.35470927,-0.6734066,-0.65447146,0.33247545,-0.76120055,-0.59010863,0.30775264,-0.36255002,-0.55567354,0.18717274,-0.5164191,-0.7374343,0.25209728,-0.6499656,-0.72667986,0.24419957,-0.7406653,-0.6596361,0.22660261,-0.35105667,-0.6001261,0.0902499,-0.4896758,-0.7552911,0.14022757,-0.608987,-0.7610995,0.15517198,-0.7010936,-0.71306926,0.15740992
C,Karol,Left,0.0,0.0,0.0,-0.21202755,0.09985073,0.120057836,-0.3993473,0.05419031,0.19268826,-0.55225164,0.0144747645,0.2123419,-0.70650285,-0.001336773,0.22777282,-0.38695338,-0.40597835,0.3865455,-0.53090245,-0.5237476,0.4675273,-0.6457279,-0.54677725,0.4711348,-0.7399703,-0.5271121,0.46116346,-0.36910713,-0.49495476,0.2959883,-0.5352572,-0.66927576,0.38052586,-0.6749578,-0.6596482,0.36376217,-0.76057434,-0.5939995,0.34155452,-0.3557829,-0.5567936,0.18934348,-0.5146613,-0.74681216,0.25975943,-0.6544337,-0.7331973,0.256127,-0.74423194,-0.6647615,0.23990741,-0.34787878,-0.59050554,0.079843625,-0.489589,-0.75849086,0.13068716,-0.61438084,-0.76073855,0.14690104,-0.70738286,-0.7068306,0.14903171
C,Karol,Left,0.0,0.0,0.0,-0.20163248,0.11180506,0.093603835,-0.39220795,0.0703008,0.15298852,-0.5478355,0.032533985,0.16609015,-0.70159745,0.010508159,0.17772833,-0.3934647,-0.40618443,0.3414392,-0.5343115,-0.52944636,0.406413,-0.6495913,-0.5469756,0.40429738,-0.7414845,-0.5199329,0.3937224,-0.37568635,-0.49592876,0.26442337,-0.5355385,-0.67349386,0.33757275,-0.6746333,-0.661917,0.32479718,-0.7577855,-0.5916609,0.30808112,-0.36150151,-0.5575864,0.17016734,-0.5136012,-0.74845827,0.2315058,-0.65442926,-0.7343796,0.2331003,-0.74451774,-0.66196156,0.2237435,-0.3532069,-0.5918516,0.070999645,-0.48808157,-0.75525755,0.11480061,-0.61316615,-0.76051784,0.13097294,-0.7062777,-0.70793486,0.13611713
C,Karol,Left,0.0,0.0,0.0,-0.19723475,0.12886648,0.12228342,-0.4027147,0.08291651,0.20932274,-0.5552547,0.041961595,0.24881141,-0.70073766,0.006836362,0.2881082,-0.392183,-0.39546633,0.38558885,-0.5343229,-0.5440541,0.48076284,-0.6452647,-0.5621496,0.506735,-0.7322725,-0.5313107,0.51714534,-0.36940867,-0.4894516,0.3061707,-0.5240832,-0.6863424,0.4053882,-0.668304,-0.6716979,0.41098917,-0.76016366,-0.6090238,0.41006255,-0.3596027,-0.5541769,0.21097215,-0.51168364,-0.7425984,0.28456104,-0.6558588,-0.7214639,0.2899138,-0.7542598,-0.65657604,0.28562167,-0.36786,-0.58712244,0.11454254,-0.5051561,-0.7489223,0.1614299,-0.62838876,-0.74213326,0.17612931,-0.71822804,-0.68718666,0.18224517
C,Karol,Left,0.0,0.0,0.0,-0.21365513,0.12900017,0.21383892,-0.39679605,0.08260585,0.36764875,-0.5321801,0.065740354,0.45603243,-0.6721644,0.025567282,0.5401836,-0.37782323,-0.38948968,0.5664399,-0.513021,-0.51307327,0.7224478,-0.62458545,-0.5307529,0.77231175,-0.7078578,-0.49800175,0.7935733,-0.37070048,-0.48707122,0.45804894,-0.52189785,-0.6469709,0.6231075,-0.6665685,-0.6422865,0.6371479,-0.75076896,-0.57914495,0.63218105,-0.37628004,-0.55874455,0.33460736,-0.5226584,-0.7274594,0.46635336,-0.66711074,-0.7060547,0.47855026,-0.76519334,-0.63071656,0.46763843,-0.40058208,-0.6058555,0.21446572,-0.52785075,-0.7601171,0.2989652,-0.6422405,-0.7507091,0.3235132,-0.73100877,-0.6823681,0.3304593
C,Karol,Left,0.0,0.0,0.0,-0.202848,0.11779099,0.14342934,-0.38941476,0.06898501,0.24620646,-0.53270257,0.0412368,0.29521406,-0.67399615,0.013335961,0.34057698,-0.3702845,-0.39942944,0.44090667,-0.5083326,-0.52200234,0.55443144,-0.62194115,-0.54454607,0.58173573,-0.71067554,-0.5214746,0.5878964,-0.36080927,-0.49403033,0.35317403,-0.50943834,-0.6645538,0.47314888,-0.65143365,-0.662375,0.47410992,-0.73860705,-0.60357285,0.46183887,-0.35793918,-0.56357247,0.24927083,-0.49891934,-0.74576676,0.3429796,-0.64270806,-0.7356546,0.34550425,-0.74005115,-0.66800755,0.33155054,-0.36910573,-0.606958,0.1444301,-0.49681744,-0.7642036,0.20856413,-0.61830676,-0.762687,0.2287522,-0.7111078,-0.70308304,0.23332259
C,Karol,Left,0.0,0.0,0.0,-0.19716561,0.12129938,0.130928,-0.39575908,0.07296217,0.2191409,-0.543069,0.052485164,0.25711906,-0.6802601,0.032347623,0.29374856,-0.37876135,-0.4163961,0.38025293,-0.5235143,-0.5333168,0.4691197,-0.6417293,-0.5411288,0.48661098,-0.7329848,-0.5220289,0.48685813,-0.3667003,-0.50579315,0.29161093,-0.5365044,-0.6803575,0.38457096,-0.6818435,-0.64926624,0.38354144,-0.7696215,-0.5829638,0.37201843,-0.35884094,-0.56170154,0.18835379,-0.5285316,-0.75692624,0.25670522,-0.67707473,-0.7151336,0.25531733,-0.76990116,-0.6377553,0.24129862,-0.3712886,-0.58630157,0.084847264,-0.5244233,-0.7456246,0.12759504,-0.6546141,-0.72528756,0.13964126,-0.7489917,-0.66257936,0.13999848
C,Karol,Left,0.0,0.0,0.0,-0.18081002,0.05810565,0.10379842,-0.35344025,-0.03605505,0.14987944,-0.4792215,-0.07906161,0.152609,-0.60851425,-0.11966571,0.15421784,-0.31184083,-0.4927607,0.25667956,-0.44049683,-0.67678326,0.2735385,-0.563116,-0.6921151,0.2518395,-0.65537006,-0.64186215,0.23657458,-0.28565127,-0.55519086,0.16613637,-0.4325362,-0.775289,0.19229783,-0.5734504,-0.77330756,0.17026961,-0.66634,-0.701678,0.15238158,-0.27034876,-0.58471376,0.06337546,-0.4157588,-0.80061215,0.087982275,-0.5584917,-0.807666,0.08266907,-0.6591384,-0.7520217,0.072468646,-0.27729672,-0.5792746,-0.039994292,-0.40999153,-0.7573572,-0.01802061,-0.5251882,-0.7932633,-0.0071223183,-0.6173229,-0.77197355,-0.0048960987
C,Karol,Left,0.0,0.0,0.0,-0.21681939,0.018493187,0.28909385,-0.37324733,-0.10554409,0.43617195,-0.5005303,-0.16526575,0.5054452,-0.6347735,-0.18289378,0.5662182,-0.2693137,-0.51988566,0.5208243,-0.40861186,-0.67807096,0.6314063,-0.53524965,-0.68781877,0.6694914,-0.6235458,-0.6470547,0.6883795,-0.25280774,-0.58755165,0.36157838,-0.4186893,-0.7962974,0.47919798,-0.56929314,-0.7798616,0.50498104,-0.66449946,-0.714688,0.5161996,-0.2599182,-0.6113625,0.19789529,-0.43167105,-0.8123948,0.29196712,-0.5802045,-0.79158396,0.33401302,-0.68337643,-0.7300662,0.34967056,-0.30461872,-0.5973498,0.046396066,-0.4643217,-0.757252,0.11259545,-0.58353484,-0.7576965,0.15611963,-0.67949724,-0.724924,0.17998871
C,Karol,Left,0.0,0.0,0.0,-0.22975354,-0.028334359,0.1907912,-0.36711845,-0.16440266,0.26367894,-0.49179772,-0.21738094,0.27635482,-0.6156025,-0.2557831,0.28018427,-0.22438337,-0.5793906,0.340104,-0.37468088,-0.7816054,0.39075056,-0.49956504,-0.77925485,0.3938011,-0.5795734,-0.7229253,0.39287195,-0.19337936,-0.6361925,0.21507178,-0.3795943,-0.8756021,0.27788055,-0.5312895,-0.85684615,0.27333438,-0.6045244,-0.76469123,0.2625879,-0.2028767,-0.6317725,0.08607355,-0.39593026,-0.87199754,0.14169483,-0.54497135,-0.85237014,0.152768,-0.6322714,-0.77474695,0.14606719,-0.2587612,-0.58289945,-0.035123542,-0.42935807,-0.7780746,0.007964578,-0.5445803,-0.78823155,0.034925222,-0.62805974,-0.7422806,0.044755206
C,Karol,Left,0.0,0.0,0.0,-0.21851653,-0.019816862,0.15508422,-0.3067589,-0.15970556,0.21791872,-0.40907267,-0.2305706,0.23447943,-0.5217796,-0.27696863,0.24642758,-0.1564405,-0.6312678,0.25245976,-0.34545252,-0.83316123,0.27706423,-0.48567545,-0.8221857,0.26861456,-0.5684993,-0.74956816,0.2648801,-0.1526755,-0.6724355,0.15691453,-0.35994628,-0.91810745,0.20508882,-0.51333463,-0.8797177,0.20133452,-0.5893548,-0.79815656,0.18892337,-0.193843,-0.6562385,0.05975892,-0.3854302,-0.91000736,0.10344946,-0.53178805,-0.8695504,0.10886642,-0.6123239,-0.79060704,0.09851414,-0.29005134,-0.6015692,-0.029905237,-0.43634745,-0.8118701,0.00785979,-0.5436252,-0.81591105,0.030554265,-0.62038034,-0.7638599,0.037652787
C,Karol,Left,0.0,0.0,0.0,-0.21119161,-0.03886957,0.2407142,-0.31324622,-0.18495052,0.34994015,-0.41354096,-0.2599504,0.39646137,-0.52740014,-0.3116515,0.434557,-0.18508752,-0.5867913,0.37671015,-0.33451006,-0.777593,0.44280258,-0.4551953,-0.80540407,0.45512,-0.5377704,-0.7659472,0.45901763,-0.17377022,-0.63255435,0.23995228,-0.34832728,-0.8608542,0.32105768,-0.4869325,-0.8653377,0.32288986,-0.56627625,-0.80147946,0.31058195,-0.20316169,-0.6242972,0.104202494,-0.37545767,-0.8526764,0.17503269,-0.5106468,-0.8538699,0.18344574,-0.5974301,-0.801921,0.16891815,-0.27859667,-0.5833427,-0.01857308,-0.41028878,-0.78094506,0.030312976,-0.5090761,-0.8089999,0.05142151,-0.58890295,-0.782313,0.053734872
C,Karol,Left,0.0,0.0,0.0,-0.20571107,-0.03690801,0.19543323,-0.31600386,-0.17727044,0.27741307,-0.42579085,-0.24334888,0.30435237,-0.5424634,-0.29511106,0.32434574,-0.19121632,-0.587314,0.29902956,-0.35052824,-0.77822906,0.3325227,-0.48061138,-0.77657145,0.3309729,-0.5648053,-0.71473265,0.3306501,-0.17665881,-0.63684434,0.17958981,-0.3586936,-0.87350315,0.23143965,-0.50378305,-0.85713744,0.23234735,-0.5860645,-0.78083956,0.22472557,-0.20279218,-0.6230927,0.059224997,-0.3815875,-0.8813315,0.1003204,-0.5249873,-0.8566563,0.10951777,-0.6176563,-0.7864481,0.10264839,-0.279788,-0.57137847,-0.050286304,-0.42451197,-0.7834368,-0.023617655,-0.5305003,-0.78491926,-0.0040435577,-0.613487,-0.7346399,0.0024471313
C,Karol,Left,0.0,0.0,0.0,-0.21440856,0.002978621,0.06349951,-0.38894847,-0.13194497,0.08280915,-0.5314765,-0.18545619,0.0782985,-0.65522665,-0.17618698,0.07623448,-0.3104377,-0.5405679,0.12685597,-0.47994095,-0.69990635,0.11359464,-0.61227244,-0.689493,0.089887924,-0.7094789,-0.64400905,0.07553919,-0.27270898,-0.5927656,0.06742658,-0.47828394,-0.7939387,0.0587958,-0.6302014,-0.7690058,0.046372637,-0.7248765,-0.68887883,0.03939303,-0.2629559,-0.5806962,0.0008926891,-0.47090805,-0.7664044,-0.004508147,-0.62374693,-0.74223757,-0.0077957576,-0.72175014,-0.6780236,-0.012321506,-0.29164806,-0.52411914,-0.064525485,-0.46188667,-0.66055095,-0.06606186,-0.5893868,-0.6698252,-0.06495844,-0.6863821,-0.6410895,-0.066992246
C,Karol,Left,0.0,0.0,0.0,-0.22383437,-0.0073357676,0.04284992,-0.39930573,-0.11309705,0.048378706,-0.5434624,-0.17319162,0.019459475,-0.6836568,-0.2166788,-0.006157059,-0.3887301,-0.49333656,0.17141487,-0.49584717,-0.699906,0.13170344,-0.6103808,-0.7170868,0.07904739,-0.6977102,-0.67361933,0.045670882,-0.3504917,-0.5384951,0.09800448,-0.4717079,-0.8191078,0.0538077,-0.60628915,-0.8152908,0.009577581,-0.6868384,-0.72681016,-0.012531517,-0.3133474,-0.5469417,0.0070965933,-0.4370813,-0.82149357,-0.0281623,-0.5824427,-0.810525,-0.05016488,-0.67191714,-0.7295928,-0.058226768,-0.28516772,-0.5242973,-0.08806122,-0.41528574,-0.72004354,-0.11216312,-0.5487303,-0.73931324,-0.12490925,-0.6470286,-0.7023223,-0.13152313
C,Karol,Left,0.0,0.0,0.0,-0.23205817,-0.0031656227,0.052143138,-0.41666466,-0.111555345,0.07116075,-0.5617225,-0.1760855,0.053606886,-0.70265377,-0.20569345,0.038042925,-0.4193965,-0.46642452,0.20768113,-0.52121115,-0.6604336,0.18892945,-0.6246414,-0.6929414,0.14624709,-0.71010137,-0.66758686,0.11554986,-0.37915727,-0.5174079,0.13211149,-0.49062884,-0.77792686,0.1012756,-0.6238951,-0.7847211,0.057252325,-0.7136643,-0.7004879,0.03426407,-0.33319163,-0.53644264,0.039118204,-0.43829805,-0.7998023,0.010685307,-0.5833375,-0.7990013,-0.014431957,-0.6819916,-0.71821195,-0.02510343,-0.28866735,-0.52893955,-0.057872977,-0.39756995,-0.7200249,-0.08145069,-0.52321565,-0.7447189,-0.09707864,-0.62146294,-0.7121926,-0.10549882
C,Karol,Left,0.0,0.0,0.0,-0.21789847,0.01407581,0.037268993,-0.4146876,-0.09867428,0.052482277,-0.56359905,-0.16839233,0.03601687,-0.70558465,-0.2033408,0.022532916,-0.42020425,-0.46437263,0.18112941,-0.5250905,-0.65576243,0.15968153,-0.62851596,-0.6889515,0.11702764,-0.7157464,-0.66143537,0.08705423,-0.3800847,-0.51647174,0.11608852,-0.49482256,-0.7694262,0.08614709,-0.6235248,-0.78012544,0.045113575,-0.71502,-0.699104,0.023338307,-0.3318798,-0.5376706,0.033966504,-0.4478786,-0.7952116,0.0053384937,-0.5894131,-0.79727745,-0.019309588,-0.68785965,-0.71520054,-0.030216878,-0.28486097,-0.53459215,-0.05259601,-0.40461063,-0.71927965,-0.0770508,-0.52982616,-0.74547464,-0.09257869,-0.6271915,-0.7133669,-0.10093957
C,Karol,Left,0.0,0.0,0.0,-0.21098681,0.028069645,-0.0003318154,-0.408327,-0.07532598,-0.00015747765,-0.5637263,-0.14985989,-0.023193486,-0.7109874,-0.18302058,-0.04138506,-0.4170809,-0.4565972,0.13506803,-0.52105975,-0.6607505,0.091760516,-0.6285778,-0.6939922,0.03463299,-0.7178715,-0.6660043,-0.0029497417,-0.37569356,-0.51637423,0.08792357,-0.4872791,-0.7796894,0.037902243,-0.6199568,-0.78497905,-0.014871761,-0.71031016,-0.70388883,-0.04272902,-0.32479975,-0.54301983,0.021824224,-0.43423936,-0.8072089,-0.02384422,-0.57514185,-0.8054256,-0.056845617,-0.6689088,-0.7270012,-0.06918019,-0.26926175,-0.54344445,-0.050807476,-0.38422388,-0.74236524,-0.08577185,-0.5101916,-0.766729,-0.10493813,-0.6040148,-0.7280852,-0.112896025
C,Karol,Left,0.0,0.0,0.0,-0.20989463,0.059407838,-0.011346027,-0.42316353,-0.040954877,-0.0035289447,-0.5892679,-0.13142939,-0.014870808,-0.73764384,-0.17250751,-0.019702455,-0.4172761,-0.43199185,0.14823453,-0.5292316,-0.61174065,0.12724917,-0.6304697,-0.6480181,0.08287815,-0.7226958,-0.63038963,0.051306643,-0.37895507,-0.5046503,0.1175476,-0.5078732,-0.71132916,0.09326015,-0.6310973,-0.73146206,0.046919204,-0.7290462,-0.6800614,0.018578934,-0.33239818,-0.5474011,0.0677839,-0.46340936,-0.7685098,0.041054197,-0.5888133,-0.78663325,0.011946896,-0.68241984,-0.7309604,-0.0016098581,-0.2788525,-0.5731582,0.010450856,-0.4004144,-0.757744,-0.010981777,-0.5136649,-0.7975343,-0.024653794,-0.6053726,-0.77771646,-0.030629355
C,Karol,Left,0.0,0.0,0.0,-0.21197894,0.072791874,0.010087683,-0.43383673,-0.020618184,0.03215483,-0.60006374,-0.11083176,0.030335668,-0.74682605,-0.14702663,0.033551615,-0.44016853,-0.40423557,0.18286474,-0.5579623,-0.57325083,0.18064716,-0.6556666,-0.6065646,0.14784066,-0.74822676,-0.589794,0.1211021,-0.40137577,-0.4835709,0.1419552,-0.53666764,-0.6847199,0.13388444,-0.6595181,-0.69932276,0.09282568,-0.7573492,-0.6395997,0.06600835,-0.35362294,-0.53352845,0.08308287,-0.49178547,-0.7521971,0.06849834,-0.6199262,-0.7646022,0.041181512,-0.71454513,-0.69907564,0.025905168,-0.3007909,-0.56776816,0.0178963,-0.43404707,-0.74608505,0.002311374,-0.5533531,-0.78284913,-0.011211221,-0.6478706,-0.7617504,-0.018845368
C,Karol,Left,0.0,0.0,0.0,-0.2191351,0.072219744,0.018471003,-0.43755826,-0.013404486,0.04537542,-0.6045787,-0.0990221,0.045445733,-0.7513705,-0.13179484,0.04920217,-0.44257,-0.3990089,0.21032512,-0.55941695,-0.55742335,0.21827568,-0.6533797,-0.5959801,0.18704575,-0.7447332,-0.58768445,0.15864879,-0.40295613,-0.48176664,0.16455518,-0.5387505,-0.67632735,0.16470927,-0.6585823,-0.69732314,0.120385535,-0.7564654,-0.6420205,0.08884983,-0.3556528,-0.53487504,0.10051138,-0.49126038,-0.74863195,0.09048399,-0.6174527,-0.76615757,0.058910687,-0.7133656,-0.700792,0.038853273,-0.30264682,-0.5713957,0.030543907,-0.43458265,-0.745561,0.017165717,-0.5513617,-0.78013575,0.002551518,-0.6452621,-0.7534765,-0.00737478
C,Karol,Left,0.0,0.0,0.0,-0.21480846,0.07995062,-0.0040778434,-0.44336018,0.0003972326,0.008975912,-0.6182285,-0.08611207,-4.650366e-05,-0.7727092,-0.12205089,-0.004580463,-0.44866788,-0.3754977,0.17151827,-0.5667855,-0.54470366,0.16726166,-0.6651068,-0.5867351,0.13369529,-0.76175934,-0.5782396,0.10513846,-0.40688995,-0.4550828,0.13645545,-0.54485035,-0.64438486,0.12926061,-0.6648518,-0.6718543,0.089732036,-0.7690181,-0.639227,0.06066103,-0.35972643,-0.50540245,0.081736535,-0.50337315,-0.7133614,0.06242561,-0.63070375,-0.7325289,0.0330512,-0.7280806,-0.6806875,0.01466795,-0.30826572,-0.54211456,0.019807035,-0.44756174,-0.7106636,-0.0015675084,-0.56531215,-0.7410641,-0.018087775,-0.658127,-0.7138052,-0.029305745
C,Karol,Left,0.0,0.0,0.0,-0.21534714,0.113783985,0.07094068,-0.4324149,0.05585512,0.1276097,-0.6008463,-0.008738943,0.14321773,-0.75771105,-0.028189657,0.15903634,-0.4407839,-0.3804511,0.32635573,-0.56976587,-0.5338656,0.3841237,-0.67882484,-0.56529117,0.38020885,-0.77015764,-0.53842443,0.3689833,-0.41375062,-0.4689964,0.2606231,-0.5562321,-0.657979,0.3208845,-0.68886495,-0.6689433,0.30461752,-0.7813899,-0.6144313,0.2878613,-0.3839813,-0.5284091,0.17479126,-0.52333397,-0.7284629,0.21390674,-0.6549085,-0.73315626,0.20713171,-0.74617946,-0.6657449,0.19716224,-0.3549902,-0.5647555,0.083486326,-0.48278147,-0.73948324,0.10866753,-0.5995341,-0.7481931,0.11606831,-0.6871218,-0.69128275,0.11738791
C,Karol,Left,0.0,0.0,0.0,-0.20560099,0.13576967,0.14042251,-0.40957013,0.09289081,0.24189882,-0.56175053,0.05731885,0.28807053,-0.71226424,0.02428388,0.3311406,-0.3901158,-0.38304922,0.44496563,-0.5311207,-0.49481288,0.5550858,-0.64568543,-0.5077913,0.5744981,-0.73732585,-0.4763719,0.5734727,-0.38437375,-0.48558113,0.3543541,-0.536363,-0.64194256,0.4722554,-0.6822184,-0.6293151,0.4657005,-0.77175564,-0.5611756,0.44663566,-0.38235942,-0.5595563,0.24672091,-0.5357833,-0.7262787,0.34098914,-0.6769909,-0.7020457,0.34122983,-0.77019155,-0.62392306,0.32373315,-0.3910437,-0.6044156,0.13684055,-0.52938735,-0.744911,0.20167968,-0.65719676,-0.7289945,0.22081664,-0.75384915,-0.6570475,0.22328064
C,Karol,Left,0.0,0.0,0.0,-0.20118622,0.13052872,0.10121058,-0.4011455,0.08438825,0.1735718,-0.5552489,0.04403729,0.19942078,-0.7062416,0.017187716,0.22452708,-0.38261294,-0.3838011,0.3651985,-0.531607,-0.49500924,0.4460653,-0.6503398,-0.5099403,0.45187262,-0.7442317,-0.48155642,0.444586,-0.37261876,-0.4814573,0.29003134,-0.5328874,-0.6387172,0.3818397,-0.6781788,-0.627476,0.37235802,-0.77188814,-0.5673885,0.35336903,-0.3654991,-0.55242246,0.19776437,-0.5229259,-0.71949816,0.27604812,-0.664867,-0.70221883,0.27755105,-0.7608538,-0.6345092,0.26278278,-0.3660726,-0.5976018,0.10068709,-0.50180686,-0.74661636,0.1607318,-0.62868685,-0.74556255,0.18169053,-0.7262846,-0.6873941,0.1860511
C,Karol,Left,0.0,0.0,0.0,-0.19789726,0.13536343,0.118225776,-0.4057322,0.08504227,0.20457688,-0.5615632,0.049199264,0.24022597,-0.7102125,0.02788676,0.27442005,-0.38665977,-0.3893797,0.3998517,-0.532436,-0.5042849,0.489073,-0.6518616,-0.5191344,0.5000718,-0.7374929,-0.4834447,0.49770656,-0.37995383,-0.48995268,0.31823853,-0.53412205,-0.6501205,0.42080915,-0.6808568,-0.6407982,0.41747072,-0.7659774,-0.56856376,0.4043128,-0.37412632,-0.56344706,0.21881768,-0.52677643,-0.73751456,0.30321512,-0.6675138,-0.719131,0.31153715,-0.7522223,-0.638421,0.30345497,-0.37775415,-0.6083233,0.115198016,-0.51252466,-0.75306726,0.17558767,-0.63879174,-0.7490165,0.19902213,-0.7298833,-0.68357176,0.20787664
C,Karol,Left,0.0,0.0,0.0,-0.21126412,0.12325831,0.14651719,-0.40507683,0.08062985,0.25881383,-0.54980916,0.03872358,0.31440783,-0.69553155,-0.0074255187,0.36479896,-0.37137815,-0.37091553,0.48019058,-0.50661093,-0.48080394,0.6142021,-0.6138383,-0.5051622,0.64442366,-0.7108598,-0.49231604,0.64707696,-0.36949807,-0.4756437,0.39341235,-0.5125428,-0.61519396,0.53313863,-0.6523146,-0.6214907,0.5257829,-0.74466735,-0.5770356,0.50258094,-0.3730655,-0.5599265,0.2902107,-0.5144712,-0.7096859,0.4046559,-0.64946765,-0.7094131,0.40411788,-0.74836487,-0.6525371,0.38265467,-0.38181788,-0.6187935,0.18483528,-0.5070444,-0.7610534,0.2692775,-0.6242535,-0.7621543,0.29683432,-0.7185526,-0.6954726,0.30281314
C,Karol,Left,0.0,0.0,0.0,-0.2041769,0.14702849,0.14105569,-0.40652174,0.118573986,0.2460731,-0.56286025,0.07980953,0.29425308,-0.7196062,0.036339164,0.33820653,-0.38549528,-0.3524265,0.47397915,-0.53116417,-0.46204212,0.601322,-0.6435426,-0.47657648,0.6287034,-0.7395153,-0.45294937,0.6300151,-0.378067,-0.46465507,0.38502383,-0.5362922,-0.60835433,0.5154541,-0.68264526,-0.6050624,0.5061948,-0.7746281,-0.5481015,0.48357293,-0.37880763,-0.5505431,0.2784321,-0.5373721,-0.7026219,0.38438556,-0.67732,-0.6880942,0.3818047,-0.7762438,-0.61920804,0.36043534,-0.3876907,-0.608774,0.16916649,-0.532654,-0.74232876,0.2445001,-0.65486693,-0.73089796,0.26564816,-0.74939346,-0.66212493,0.26781836
C,Karol,Left,0.0,0.0,0.0,-0.22533275,0.117809,0.15372393,-0.41512504,0.07620874,0.25642398,-0.56360793,0.029563416,0.29851007,-0.7175204,-0.0012886944,0.33399522,-0.396994,-0.3685608,0.47750753,-0.5413757,-0.48473018,0.5968176,-0.65412027,-0.51770145,0.618424,-0.7495634,-0.5097076,0.6166367,-0.37921762,-0.46690923,0.3778934,-0.5390693,-0.6240132,0.49897042,-0.6795106,-0.634035,0.4846499,-0.76449275,-0.59340626,0.4606598,-0.3698263,-0.54055494,0.26178467,-0.5243135,-0.7090968,0.35751238,-0.6633661,-0.710128,0.35529885,-0.7500908,-0.6530314,0.33799383,-0.36568016,-0.5829286,0.14448358,-0.50882345,-0.7407448,0.20981582,-0.6329324,-0.74712676,0.22986378,-0.7217809,-0.6921216,0.23456138
C,Karol,Left,0.0,0.0,0.0,-0.201051,0.056861952,0.012737372,-0.3959638,-0.041000318,0.020944033,-0.5466043,-0.10890597,0.0054831537,-0.6948478,-0.15047067,-0.0066913385,-0.4180874,-0.4224039,0.14781113,-0.5378159,-0.59420663,0.124326,-0.64642304,-0.622148,0.0791317,-0.7378391,-0.5886198,0.04701466,-0.38624296,-0.48943844,0.10037024,-0.52310944,-0.6993554,0.07920616,-0.6512258,-0.7218437,0.037312206,-0.74652934,-0.6640592,0.009309942,-0.345839,-0.5238971,0.035836633,-0.4816358,-0.75034755,0.012960668,-0.6144831,-0.7685333,-0.013563073,-0.70952386,-0.7046814,-0.029469484,-0.30551916,-0.5356059,-0.03459076,-0.4290651,-0.7126207,-0.055928264,-0.54506433,-0.745366,-0.07211735,-0.6379825,-0.71464187,-0.082842134
C,Karol,Left,0.0,0.0,0.0,-0.2113708,0.016005935,0.00200406,-0.40913248,-0.09781322,0.003461008,-0.5599195,-0.16898394,-0.018143008,-0.69840974,-0.20375614,-0.035231024,-0.4247141,-0.45791554,0.12888044,-0.5308349,-0.6633975,0.08361567,-0.6354567,-0.69971234,0.026537366,-0.7216895,-0.66776484,-0.009643231,-0.38193238,-0.5147172,0.08179576,-0.49455267,-0.77491707,0.030008443,-0.6241671,-0.7843261,-0.023431022,-0.7139053,-0.7002423,-0.050636154,-0.3297066,-0.54016876,0.01691825,-0.43859038,-0.8032549,-0.02682591,-0.5779453,-0.80760914,-0.059695378,-0.6718536,-0.72809917,-0.07233742,-0.2727261,-0.5401988,-0.054194983,-0.38690692,-0.7352644,-0.08675289,-0.50982594,-0.7706867,-0.10566033,-0.6031425,-0.7428556,-0.11341027
C,Karol,Left,0.0,0.0,0.0,-0.21318452,0.02307941,0.008923523,-0.4256381,-0.09594184,0.018602973,-0.5800677,-0.17567736,0.003759535,-0.7184852,-0.22100756,-0.0071775154,-0.4297345,-0.46079272,0.14411987,-0.5347012,-0.66423875,0.108217895,-0.6321684,-0.6959742,0.057195608,-0.7188978,-0.6628968,0.024334086,-0.38476998,-0.519505,0.096277475,-0.50353473,-0.7714128,0.051284615,-0.6275466,-0.7796007,-0.0005773377,-0.716486,-0.6976015,-0.026841486,-0.33203602,-0.54598397,0.030734792,-0.44852716,-0.79986054,-0.009223608,-0.58448464,-0.8018808,-0.043894768,-0.6814279,-0.7239573,-0.057670664,-0.27854192,-0.5457771,-0.040237073,-0.40369397,-0.7320295,-0.0694286,-0.52644014,-0.7661457,-0.08902637,-0.62277144,-0.7395853,-0.098040424
C,Karol,Left,0.0,0.0,0.0,-0.19113037,0.09507887,0.029104473,-0.39842698,0.004772308,0.057601634,-0.5548021,-0.07364764,0.059687395,-0.69778544,-0.10825288,0.06711683,-0.39762756,-0.44392714,0.18896756,-0.522569,-0.6221951,0.18887834,-0.63570046,-0.63923347,0.16027288,-0.72553277,-0.60563755,0.1408469,-0.3664235,-0.5212223,0.13884623,-0.5091769,-0.7343573,0.1433141,-0.6464856,-0.7290572,0.1210657,-0.7377443,-0.6610463,0.10838942,-0.33286378,-0.5651847,0.070836954,-0.4746347,-0.7849794,0.06476008,-0.6143534,-0.7754441,0.054354765,-0.70794475,-0.7062678,0.051581398,-0.3052065,-0.58658254,-0.0029508027,-0.43899643,-0.77759546,-0.0077918908,-0.55880284,-0.7895662,-0.0059930785,-0.6480225,-0.7390195,-0.002002526
C,Karol,Left,0.0,0.0,0.0,-0.19862129,0.10976817,0.13019751,-0.38808617,0.04347082,0.22151695,-0.53018147,0.0030579304,0.26132828,-0.6725622,-0.022578847,0.29962078,-0.35191596,-0.41763678,0.40124622,-0.49305463,-0.5301497,0.4945328,-0.61257374,-0.5432214,0.510968,-0.7044877,-0.52598417,0.5100745,-0.34207729,-0.51563966,0.3140098,-0.49607235,-0.6825118,0.41576037,-0.6433167,-0.6636782,0.4150151,-0.7326991,-0.602662,0.40254566,-0.33775973,-0.57839924,0.21059206,-0.49035582,-0.7625197,0.2907449,-0.6404554,-0.73682564,0.29624566,-0.7348542,-0.66693175,0.28523847,-0.35338995,-0.6073062,0.10507484,-0.48831055,-0.76203597,0.16127232,-0.6206948,-0.7535435,0.1810062,-0.7188646,-0.69515014,0.18585403
C,Karol,Left,0.0,0.0,0.0,-0.19467786,0.12595962,0.14440301,-0.38342246,0.060678117,0.24609311,-0.52697426,0.027673734,0.29461604,-0.6660304,-0.0012913273,0.3400724,-0.35852534,-0.41779697,0.4228061,-0.49407306,-0.5363901,0.5286732,-0.6089766,-0.54821175,0.5532751,-0.69453174,-0.52233195,0.5579395,-0.353005,-0.51593405,0.33299476,-0.50836396,-0.6872375,0.44774643,-0.6554406,-0.6672345,0.45144537,-0.74309397,-0.5992146,0.44081238,-0.3486419,-0.5780365,0.22775982,-0.505037,-0.7671445,0.3165244,-0.65019417,-0.7361073,0.32095942,-0.7413467,-0.6582063,0.30745932,-0.36146984,-0.6096061,0.12204588,-0.50044674,-0.7719606,0.1798897,-0.6288627,-0.75747144,0.19724596,-0.72374284,-0.6900698,0.1995673
C,Karol,Left,0.0,0.0,0.0,-0.19766532,0.13442679,0.15259093,-0.3872101,0.07235064,0.25999072,-0.52826834,0.041160494,0.31302083,-0.66504234,0.009234504,0.36296898,-0.3514433,-0.410825,0.44016194,-0.49316588,-0.5241659,0.556258,-0.61032045,-0.5330726,0.5857927,-0.69839424,-0.5046208,0.59298825,-0.34787327,-0.5120686,0.34989655,-0.5042436,-0.6652715,0.4786919,-0.6514059,-0.6431473,0.48448065,-0.74201596,-0.584897,0.47215912,-0.34815422,-0.57916605,0.24460526,-0.50346786,-0.7538013,0.34581065,-0.64805245,-0.7197983,0.35034204,-0.740265,-0.64608324,0.33315766,-0.36818153,-0.61793834,0.13928354,-0.50297016,-0.77361035,0.2064301,-0.6283824,-0.75738776,0.22589391,-0.72275233,-0.6911071,0.22748749
C,Karol,Left,0.0,0.0,0.0,-0.19321702,0.14021684,0.015759837,-0.40967396,0.108384304,0.049506046,-0.5739354,0.044649385,0.06420386,-0.7206188,0.0035361005,0.086200394,-0.42044452,-0.38138905,0.19307667,-0.5635793,-0.54105467,0.21515921,-0.6870094,-0.55996203,0.2024355,-0.7832944,-0.5179244,0.19180429,-0.39905405,-0.47077587,0.16089626,-0.5594692,-0.6496417,0.18921582,-0.70477325,-0.64683944,0.17755002,-0.8055654,-0.58490944,0.16928376,-0.37844524,-0.52605003,0.109897114,-0.5414488,-0.70246285,0.12035041,-0.678144,-0.6931841,0.11015108,-0.77573854,-0.63105446,0.103897244,-0.36320573,-0.556554,0.0528084,-0.5105759,-0.69563836,0.048367612,-0.6298598,-0.7004581,0.041784834,-0.71961176,-0.65928715,0.03996269
C,Karol,Left,0.0,0.0,0.0,-0.21960036,0.09531633,0.021756224,-0.4480775,0.043597583,0.044166107,-0.6278496,-0.016357983,0.03760597,-0.78837466,-0.05160762,0.035434492,-0.46596396,-0.36387935,0.21467085,-0.59811974,-0.5342689,0.21386746,-0.70921993,-0.5589619,0.17771569,-0.80020165,-0.52180153,0.14957672,-0.42878565,-0.44702727,0.16368206,-0.5839985,-0.65734154,0.1570418,-0.714775,-0.6591565,0.11437737,-0.802752,-0.5809725,0.08753243,-0.39015087,-0.4994144,0.09286861,-0.5444785,-0.7189867,0.08138355,-0.67838967,-0.7200262,0.05463193,-0.7663021,-0.64248043,0.03931985,-0.34769624,-0.5334922,0.015886154,-0.49099898,-0.6945943,0.0039882367,-0.6118419,-0.71958697,-0.007364318,-0.7012212,-0.6850464,-0.014758999
C,Karol,Left,0.0,0.0,0.0,-0.23099613,0.099601895,0.017766234,-0.44512838,0.0555465,0.048030205,-0.61937666,-0.006384886,0.050915025,-0.7777094,-0.038893327,0.055159032,-0.4403162,-0.33857495,0.23293327,-0.5752002,-0.48595774,0.2493886,-0.68095857,-0.52235836,0.21497281,-0.7829226,-0.51768374,0.18065116,-0.4015269,-0.42825678,0.1880278,-0.5595869,-0.6016112,0.19031826,-0.68939453,-0.622643,0.12782745,-0.7938939,-0.57555795,0.0803247,-0.35481316,-0.49497366,0.12442138,-0.5173338,-0.6904796,0.1138158,-0.65071315,-0.70904356,0.06346873,-0.75743276,-0.65291315,0.028550198,-0.2938418,-0.55432844,0.05592219,-0.4456123,-0.7111161,0.03776691,-0.5695711,-0.73716164,0.012284151,-0.6750338,-0.70851713,-0.0068123965
C,Karol,Left,0.0,0.0,0.0,-0.23613927,0.102816045,0.014518444,-0.4444075,0.057562288,0.040288247,-0.61971414,-0.00997715,0.037876226,-0.78022754,-0.043382652,0.037307993,-0.44639778,-0.3381858,0.23829305,-0.5783725,-0.49464104,0.25354806,-0.68239444,-0.5371459,0.21932055,-0.7801095,-0.53376794,0.18748671,-0.4079804,-0.4303018,0.19619717,-0.5627664,-0.61441916,0.20036179,-0.6908828,-0.635875,0.14269835,-0.7898223,-0.5885651,0.10086054,-0.3642418,-0.5000679,0.13462846,-0.5241595,-0.70047116,0.13000165,-0.65301335,-0.71983445,0.09010712,-0.74947906,-0.662028,0.06370576,-0.307971,-0.55805594,0.06678089,-0.4561216,-0.7212584,0.05823287,-0.5785716,-0.7493725,0.04279699,-0.6780459,-0.7169258,0.031827025
C,Karol,Left,0.0,0.0,0.0,-0.18761583,0.0036008672,-0.001864993,-0.37156236,-0.13062412,-0.010816712,-0.5235485,-0.20251988,-0.04109645,-0.6652706,-0.2317171,-0.0661227,-0.35580704,-0.52229327,0.09387489,-0.46216813,-0.7421238,0.03459704,-0.57628816,-0.76246727,-0.028681934,-0.6538242,-0.71668375,-0.066176444,-0.31528255,-0.57639325,0.04810385,-0.44018117,-0.85236657,-0.01771865,-0.582328,-0.8421615,-0.07568861,-0.6689309,-0.7433246,-0.10274062,-0.26551273,-0.6015292,-0.012924233,-0.38692135,-0.8799506,-0.06440545,-0.53841025,-0.86271715,-0.09937942,-0.63446146,-0.76953995,-0.110782675,-0.20678928,-0.5990218,-0.07946821,-0.31533748,-0.81735426,-0.11358718,-0.4387274,-0.84293854,-0.1323323,-0.52904433,-0.793084,-0.13871571
C,Karol,Left,0.0,0.0,0.0,-0.1805389,-0.05229085,0.00014561525,-0.34454963,-0.19448592,-0.018876716,-0.48483986,-0.2638836,-0.058819942,-0.61762965,-0.32261232,-0.09752088,-0.31072873,-0.5555903,0.06968763,-0.40375122,-0.7865709,-0.0005125288,-0.51180816,-0.8220308,-0.07203355,-0.6020347,-0.7923944,-0.11557662,-0.2551527,-0.5843388,0.017386673,-0.35983938,-0.8752567,-0.06273229,-0.4968219,-0.8846966,-0.13361612,-0.59898347,-0.8007614,-0.17130938,-0.19303155,-0.5845225,-0.04832953,-0.28630176,-0.869308,-0.112382814,-0.43468487,-0.8781312,-0.16134185,-0.5415928,-0.80440086,-0.18389091,-0.12646432,-0.5601281,-0.11729026,-0.23530015,-0.7648166,-0.16150457,-0.36055782,-0.8011282,-0.18985334,-0.46027446,-0.77277875,-0.20516942
C,Karol,Left,0.0,0.0,0.0,-0.17960165,-0.016252756,0.00060944306,-0.37288368,-0.16071203,-0.011466196,-0.5197653,-0.2356561,-0.041977603,-0.6530283,-0.28076747,-0.06814804,-0.35737664,-0.5294651,0.070491716,-0.46068445,-0.761706,0.003834974,-0.5756484,-0.7862234,-0.057621837,-0.6584771,-0.7365471,-0.09120862,-0.30856064,-0.5667152,0.022576572,-0.4148961,-0.85728157,-0.048166033,-0.55020714,-0.85164595,-0.09845879,-0.6422946,-0.75525224,-0.11732512,-0.24766867,-0.5700696,-0.039732173,-0.3511885,-0.8564469,-0.09222935,-0.49650916,-0.867898,-0.12029753,-0.6010983,-0.7991751,-0.12733608,-0.18063463,-0.5416979,-0.10646591,-0.2974599,-0.73660916,-0.1432576,-0.420131,-0.7860906,-0.16180052,-0.51850283,-0.7812452,-0.16742836
C,Karol,Left,0.0,0.0,0.0,-0.2110552,-0.021267528,0.00931814,-0.40426365,-0.15944135,0.0039929682,-0.5486476,-0.2329358,-0.020188902,-0.6870772,-0.2817797,-0.038568586,-0.38296825,-0.50931454,0.09420414,-0.49850643,-0.7315136,0.043123443,-0.6099747,-0.7518916,-0.010562476,-0.7005827,-0.7135712,-0.041581985,-0.33294773,-0.550438,0.047116913,-0.45962986,-0.82501805,-0.0054358137,-0.5943164,-0.81262887,-0.04911862,-0.68492573,-0.724923,-0.06917212,-0.28767684,-0.54913676,-0.0139417285,-0.41441384,-0.8110979,-0.056704346,-0.56160647,-0.80619305,-0.08021044,-0.66615117,-0.73953235,-0.08763179,-0.251199,-0.51279545,-0.07832137,-0.37719274,-0.6971709,-0.105389506,-0.50162286,-0.7299295,-0.11542297,-0.60224545,-0.7152948,-0.118311495
C,Karol,Left,0.0,0.0,0.0,-0.18896656,-0.058089998,0.13143706,-0.33646497,-0.16879024,0.17038822,-0.4557295,-0.21030648,0.16279507,-0.5687747,-0.22456099,0.14993927,-0.2879804,-0.56976575,0.22642505,-0.467947,-0.7351071,0.22041939,-0.6017497,-0.71827227,0.18908966,-0.68885195,-0.65152615,0.17193589,-0.25992444,-0.6151055,0.12726125,-0.4709647,-0.82237184,0.13694592,-0.6241492,-0.77822,0.11302921,-0.70775586,-0.674171,0.095786825,-0.25627944,-0.6119118,0.023164712,-0.45359707,-0.8550084,0.041993376,-0.6064102,-0.8086605,0.046773683,-0.6976787,-0.7164108,0.04497539,-0.27396083,-0.5702388,-0.07603033,-0.43808588,-0.77774185,-0.06002797,-0.55867463,-0.7955325,-0.041156903,-0.6464738,-0.76097196,-0.029110832
C,Karol,Right,0.0,0.0,0.0,0.2470212,-0.07389871,0.03194129,0.4084987,-0.13655047,0.047719214,0.53371793,-0.14474438,0.04672679,0.6691107,-0.15359211,0.049614687,0.3246085,-0.5502181,0.16488159,0.43165717,-0.74736655,0.21001467,0.5396205,-0.7763465,0.2116609,0.631456,-0.7754117,0.20348415,0.26445565,-0.5443475,0.13422297,0.35105357,-0.79857856,0.16416135,0.4785287,-0.823854,0.14384228,0.5857444,-0.792215,0.122082464,0.21819882,-0.51236826,0.09589941,0.30004746,-0.7424621,0.119557865,0.42470324,-0.7944814,0.11513469,0.5264442,-0.7888536,0.10508144,0.20039266,-0.43167767,0.054469563,0.28630897,-0.6011966,0.07765884,0.38708627,-0.6558411,0.08791389,0.47843686,-0.67721325,0.08967388
C,Karol,Right,0.0,0.0,0.0,0.24815011,-0.057667356,0.10372068,0.41380072,-0.12812397,0.12316291,0.539463,-0.13964064,0.09754572,0.66440696,-0.14526808,0.067116424,0.35053062,-0.5169614,0.1952566,0.43629918,-0.7161332,0.18799268,0.54041815,-0.7632376,0.16090634,0.63389266,-0.75646096,0.13865231,0.30957612,-0.5438735,0.091676116,0.41537762,-0.8080331,0.07055646,0.54502743,-0.8309713,0.031452697,0.64302075,-0.76584876,0.007570606,0.27604154,-0.53300315,-0.018207353,0.3931036,-0.7952654,-0.042499233,0.53761363,-0.8052205,-0.06073872,0.64552397,-0.74644417,-0.06963721,0.2658108,-0.4685146,-0.1254068,0.39214015,-0.656391,-0.14456627,0.5139129,-0.7040063,-0.14670886,0.61511284,-0.7003498,-0.14636718
C,Karol,Right,0.0,0.0,0.0,0.25792682,-0.042232092,0.12183279,0.4291312,-0.11621063,0.15040238,0.5578119,-0.11893037,0.12628984,0.6923438,-0.11207089,0.09519422,0.38000485,-0.5135665,0.23672378,0.46608502,-0.7164083,0.23842525,0.5676404,-0.7616144,0.21618222,0.654435,-0.74856997,0.19677158,0.33828795,-0.5421704,0.118746825,0.44183087,-0.80867505,0.103966385,0.57483274,-0.8259877,0.06733026,0.6675403,-0.74457365,0.04747406,0.30130613,-0.53981644,-0.0070251576,0.42129228,-0.80719984,-0.0275286,0.5688857,-0.8100919,-0.03983977,0.67286843,-0.73811287,-0.04282753,0.28367385,-0.48611993,-0.13017766,0.40817526,-0.68500596,-0.15244055,0.53256977,-0.7260838,-0.1531971,0.63309973,-0.7103668,-0.1490535
C,Karol,Right,0.0,0.0,0.0,0.25940722,-0.046825834,0.12460515,0.418902,-0.11870879,0.14761028,0.5463506,-0.11211506,0.11871385,0.6766221,-0.08894299,0.081219554,0.34693217,-0.5357937,0.21897167,0.461339,-0.695769,0.21639913,0.57984996,-0.734441,0.18877855,0.67307436,-0.72270536,0.16241911,0.30463448,-0.56033045,0.10041312,0.44685584,-0.7845166,0.084361374,0.58564556,-0.79427046,0.04413104,0.6878128,-0.72588813,0.015098552,0.27330866,-0.54751724,-0.02403057,0.4077661,-0.78297424,-0.041400164,0.5552791,-0.7873836,-0.06293063,0.6637069,-0.72833693,-0.080877945,0.26410264,-0.48170403,-0.14514005,0.38357356,-0.6575258,-0.16486448,0.5024392,-0.69084704,-0.17281194,0.5993759,-0.6717492,-0.18111569
C,Karol,Right,0.0,0.0,0.0,0.2541943,-0.007743157,0.18982472,0.3900005,-0.060059667,0.25904012,0.5076817,-0.06296914,0.269597,0.6294236,-0.060217425,0.27414334,0.301556,-0.47845554,0.3268697,0.44941774,-0.6107747,0.3786032,0.5766678,-0.65507466,0.38545135,0.6726165,-0.66148883,0.3805759,0.2743125,-0.51653785,0.19640912,0.45704496,-0.72245246,0.22994693,0.59908146,-0.7422718,0.21778736,0.7003806,-0.70066315,0.20739643,0.27841225,-0.5067922,0.063962646,0.45425442,-0.7240681,0.08771201,0.6050404,-0.7373305,0.0912596,0.70931816,-0.70488846,0.08874755,0.3212113,-0.44096997,-0.060570717,0.47741,-0.6082421,-0.045895945,0.59743845,-0.6545701,-0.03286272,0.69300705,-0.66669434,-0.027372967
C,Karol,Right,0.0,0.0,0.0,0.23059523,-0.020975992,0.048891246,0.39068094,-0.06911353,0.04198459,0.5235359,-0.06607552,0.010888978,0.6439146,-0.047596782,-0.020657081,0.30062988,-0.4877891,0.07255546,0.47445995,-0.63763386,0.045788627,0.60827774,-0.65286374,0.016669193,0.71313053,-0.635593,-0.0023621088,0.26357418,-0.5234479,0.010489944,0.46131063,-0.7451795,-0.0126394415,0.6060148,-0.75488216,-0.0344726,0.7098515,-0.70435137,-0.048739485,0.25166157,-0.49906826,-0.05464813,0.44566804,-0.7070607,-0.072639726,0.5945024,-0.72496796,-0.08010984,0.7015924,-0.69149005,-0.085105546,0.27060556,-0.42395443,-0.119760156,0.43433422,-0.57817435,-0.12948085,0.55857533,-0.625173,-0.12448744,0.66069376,-0.63382566,-0.11968813
C,Karol,Right,0.0,0.0,0.0,0.23752226,-0.032976434,0.032292526,0.43057024,-0.090449885,0.019134346,0.57206696,-0.09461381,-0.019519728,0.7052658,-0.10170795,-0.058999438,0.40251485,-0.48699093,0.06409788,0.50717753,-0.68345976,0.0149087235,0.613823,-0.7162592,-0.035143718,0.7101088,-0.69336987,-0.06961085,0.33936533,-0.51435834,-0.006418656,0.45434284,-0.77170813,-0.05400262,0.58129776,-0.78771764,-0.10055228,0.6886242,-0.7251184,-0.13222863,0.2761689,-0.49039635,-0.085112795,0.4048695,-0.7073299,-0.13597359,0.5348796,-0.72116494,-0.16734278,0.64381236,-0.67576677,-0.18700346,0.22820286,-0.41248485,-0.16454601,0.3368729,-0.54634094,-0.20878768,0.4252169,-0.6091066,-0.2274125,0.50255966,-0.6360456,-0.23870568
C,Karol,Right,0.0,0.0,0.0,0.25604433,-0.01649884,0.045756165,0.43806133,-0.06908275,0.026628764,0.5756099,-0.05446758,-0.02950177,0.72518677,-0.09175666,-0.09392344,0.4109463,-0.48671308,0.105145834,0.50123715,-0.7090456,0.06946398,0.5965221,-0.75728464,0.017342778,0.67523295,-0.7376045,-0.024215028,0.33710498,-0.51914436,0.011097235,0.43492937,-0.80223095,-0.035642628,0.55491984,-0.8210911,-0.11182257,0.6511128,-0.72960895,-0.16863565,0.26312461,-0.5175101,-0.092084005,0.3706963,-0.7865482,-0.14111666,0.5050351,-0.81114525,-0.20754476,0.60878086,-0.732604,-0.25609013,0.20288053,-0.4597806,-0.1953789,0.32813963,-0.63951635,-0.24304263,0.4495742,-0.70177215,-0.2859823,0.5497876,-0.69353324,-0.32089084
C,Karol,Right,0.0,0.0,0.0,0.23585413,-0.03286677,0.020531703,0.42529282,-0.0934484,0.0029296877,0.5605165,-0.094551355,-0.04033739,0.6948811,-0.12240774,-0.08654495,0.39906967,-0.513936,0.06991726,0.48642465,-0.7373534,0.019032573,0.5863422,-0.7731865,-0.036519412,0.6705949,-0.74182373,-0.07348188,0.33035573,-0.54111505,0.0030693943,0.42972234,-0.8230531,-0.05517091,0.550301,-0.8340495,-0.12265235,0.6330514,-0.74430877,-0.16478816,0.26066968,-0.5279033,-0.07298991,0.36427832,-0.80776566,-0.1309316,0.4918353,-0.8294103,-0.18350562,0.58536625,-0.7607799,-0.2131564,0.2022019,-0.4657221,-0.15004574,0.32047433,-0.64364654,-0.20255023,0.43813273,-0.70306635,-0.23701555,0.53571594,-0.70340085,-0.25758585
C,Karol,Right,0.0,0.0,0.0,0.24945384,-0.033547707,0.025981572,0.4293115,-0.09898598,0.002075719,0.56587565,-0.10187771,-0.053533483,0.71154255,-0.13486473,-0.11551533,0.39194924,-0.5175417,0.08872914,0.47803825,-0.74272925,0.044011068,0.5756913,-0.78060305,-0.014914642,0.6566447,-0.75420004,-0.05834648,0.31872025,-0.54661393,0.010114279,0.41486663,-0.82875913,-0.04535931,0.53595036,-0.84258413,-0.12541437,0.6260247,-0.7524867,-0.18091483,0.24408635,-0.5404364,-0.07825032,0.3456794,-0.8205968,-0.13162787,0.4774382,-0.84228325,-0.19692221,0.5780953,-0.76427555,-0.2403811,0.18170327,-0.47978798,-0.16793771,0.303202,-0.6614838,-0.2145439,0.42316216,-0.72246146,-0.2541768,0.5231235,-0.7160617,-0.2839197
C,Karol,Right,0.0,0.0,0.0,0.23840235,-0.0027081124,0.031697996,0.42746553,-0.041266564,0.0068075773,0.5783221,-0.053228293,-0.04680178,0.72630906,-0.045114413,-0.10733043,0.3968258,-0.5009032,0.042502113,0.5126186,-0.6979378,-0.032374952,0.6436527,-0.69035834,-0.10412986,0.7539624,-0.61763346,-0.15175207,0.33485827,-0.55545974,-0.03711515,0.45959008,-0.85292697,-0.11910521,0.6160658,-0.8254712,-0.19534454,0.71911573,-0.6826733,-0.2420437,0.2584202,-0.5600351,-0.1227741,0.35950685,-0.872369,-0.19852573,0.52276963,-0.8644982,-0.25798896,0.6475168,-0.76205117,-0.2933711,0.18356343,-0.5126919,-0.20714311,0.27981833,-0.70812243,-0.27342117,0.41474366,-0.72238433,-0.30846158,0.53164333,-0.6689001,-0.3291166
C,Karol,Right,0.0,0.0,0.0,0.25589776,-0.017996026,0.017084941,0.44030437,-0.0606909,-0.017232772,0.57629937,-0.052035313,-0.081613585,0.7260716,-0.06450279,-0.15183048,0.41108868,-0.5058995,0.077068396,0.5176067,-0.728785,0.025768941,0.6175556,-0.7565656,-0.035411112,0.7013747,-0.71279275,-0.07796307,0.3404031,-0.52994156,0.0027330923,0.44663128,-0.7934102,-0.049022578,0.56425077,-0.8197137,-0.12192654,0.6609246,-0.73149335,-0.17360857,0.26465988,-0.52193934,-0.08223735,0.37238732,-0.7788605,-0.12756217,0.4957417,-0.81134856,-0.17966424,0.59891784,-0.734878,-0.21564907,0.19525716,-0.46474397,-0.17031954,0.30271378,-0.64863896,-0.21059379,0.40520388,-0.72548723,-0.23911078,0.4913978,-0.72223574,-0.2587604
C,Karol,Right,0.0,0.0,0.0,0.22076054,-0.0021130391,0.0043791994,0.41664287,-0.06005436,-0.006405747,0.5718787,-0.07180972,-0.038801927,0.7098093,-0.09460384,-0.07170555,0.40961128,-0.47018415,0.0938032,0.5155984,-0.648592,0.05663262,0.60801286,-0.69349474,0.00903854,0.6936934,-0.6954382,-0.024123244,0.3545517,-0.5325844,0.0427054,0.47175214,-0.7412025,0.00082044175,0.5834641,-0.7797029,-0.051411163,0.6750977,-0.7377283,-0.083822444,0.28627682,-0.5630398,-0.021628376,0.40792716,-0.78512704,-0.06555592,0.5215015,-0.81990415,-0.09947021,0.617032,-0.77131605,-0.115857065,0.21310468,-0.5573281,-0.09071222,0.32637915,-0.7378789,-0.12915431,0.42886034,-0.791137,-0.14634462,0.5206275,-0.7719532,-0.15272123
C,Karol,Right,0.0,0.0,0.0,0.25985932,0.0063960734,0.076048434,0.44685477,-0.03646855,0.10689177,0.60601187,-0.03493632,0.09596411,0.7417067,-0.051244587,0.08081053,0.43303713,-0.45289588,0.2559672,0.5409432,-0.6333374,0.26866665,0.6366029,-0.6818743,0.23316403,0.71752876,-0.6775459,0.20034358,0.37531817,-0.5110397,0.16847791,0.49593124,-0.7420747,0.16344827,0.60754144,-0.78238636,0.09978315,0.6921226,-0.72177994,0.05282516,0.31741232,-0.5502593,0.06692906,0.4397603,-0.7855946,0.04885719,0.55698556,-0.8101727,-0.0003945829,0.64341795,-0.73800516,-0.03349353,0.26713446,-0.5558653,-0.036235705,0.3978804,-0.7267266,-0.060949907,0.50492173,-0.7776064,-0.085631564,0.5959749,-0.75683916,-0.10352111
C,Karol,Right,0.0,0.0,0.0,0.20671725,0.063864574,0.017958727,0.39616853,0.053315163,0.030569766,0.5518245,0.063283436,0.025596354,0.7012589,0.040462118,0.025525685,0.386239,-0.41850296,0.18296157,0.5256797,-0.58328784,0.22217865,0.64809924,-0.62080616,0.2246692,0.74059474,-0.60557425,0.22577356,0.348607,-0.48558488,0.15203616,0.50088865,-0.6810677,0.19811024,0.6376607,-0.718311,0.19189037,0.7408115,-0.67171293,0.18696402,0.32559365,-0.5149695,0.10698083,0.4788128,-0.70487297,0.13850562,0.6161347,-0.7277131,0.13352387,0.71716607,-0.68945086,0.12830581,0.3176754,-0.50975907,0.055791046,0.45230988,-0.6649959,0.06660061,0.5574961,-0.7066636,0.066839084,0.64324474,-0.70518863,0.070319794
C,Karol,Right,0.0,0.0,0.0,0.24671856,0.10621284,0.13700868,0.42277575,0.10462211,0.23129535,0.5580421,0.10993729,0.28015983,0.70868725,0.10356395,0.33142412,0.38307375,-0.38999006,0.436075,0.52177966,-0.53652954,0.5554586,0.66039777,-0.5514863,0.59989107,0.7547046,-0.5181259,0.62633646,0.36138996,-0.4736262,0.36382914,0.52323616,-0.6604894,0.49227318,0.6768914,-0.663063,0.51500607,0.77961767,-0.5926706,0.5275772,0.36130098,-0.5237588,0.27648622,0.5168479,-0.69824153,0.3763243,0.6710386,-0.68826926,0.40711176,0.77567095,-0.63113755,0.42147523,0.37852404,-0.53193575,0.18758065,0.52044886,-0.6993158,0.24708013,0.64648896,-0.6987305,0.27718046,0.74164146,-0.6628612,0.3004364
