label,persona,mano,x0,y0,z0,x1,y1,z1,x2,y2,z2,x3,y3,z3,x4,y4,z4,x5,y5,z5,x6,y6,z6,x7,y7,z7,x8,y8,z8,x9,y9,z9,x10,y10,z10,x11,y11,z11,x12,y12,z12,x13,y13,z13,x14,y14,z14,x15,y15,z15,x16,y16,z16,x17,y17,z17,x18,y18,z18,x19,y19,z19,x20,y20,z20
O,Zaith,Right,0.0,0.0,0.0,0.2222419,-0.16502325,0.07591778,0.3300905,-0.36929294,0.098954834,0.40557867,-0.5191189,0.080622464,0.45240012,-0.70961523,0.062280178,0.19961858,-0.73596126,0.20221736,0.29730898,-0.95977944,0.17004903,0.4129553,-0.9164463,0.113543704,0.4754333,-0.80049425,0.0802305,0.1548555,-0.79859054,0.12729046,0.27453944,-1.0946425,0.0854579,0.41030064,-1.0182682,0.019555178,0.47363636,-0.83264256,-0.016246779,0.11569557,-0.83134335,0.042164344,0.24605912,-1.1505696,0.009642163,0.39502,-1.0657954,-0.026119351,0.46904328,-0.8831752,-0.041650105,0.09466336,-0.8111774,-0.04200025,0.23844366,-1.0259535,-0.063013226,0.36814654,-0.9974728,-0.0724551,0.44836462,-0.8825519,-0.074329406
O,Zaith,Right,0.0,0.0,0.0,0.2140976,-0.08613847,0.057715032,0.34035048,-0.26921,0.08920266,0.4349349,-0.4129015,0.08572065,0.49692616,-0.60791063,0.08326327,0.25434336,-0.6718335,0.21897486,0.3540814,-0.87391555,0.21182065,0.45113748,-0.85279053,0.16889855,0.5050881,-0.77308327,0.14189985,0.2159369,-0.75706285,0.16081047,0.32114083,-1.0209398,0.1441334,0.4400491,-0.9769743,0.08465961,0.5014503,-0.82369375,0.05012592,0.16889004,-0.8163848,0.09050315,0.28738,-1.0867397,0.07707692,0.41882077,-1.0178275,0.0405864,0.48940757,-0.8575118,0.021529669,0.12898429,-0.8351322,0.019280747,0.25778446,-1.0348696,0.010513498,0.3713729,-1.0079572,0.0034487674,0.44624528,-0.8949107,0.0025890295
O,Zaith,Right,0.0,0.0,0.0,0.21724178,-0.08109185,0.012063485,0.36313584,-0.27474794,0.023622304,0.46988577,-0.4441252,0.009536673,0.5376659,-0.6486344,-0.004718971,0.25797766,-0.6575151,0.15519182,0.3548993,-0.8348101,0.13083105,0.4570195,-0.8362622,0.081059515,0.51512784,-0.78489196,0.049283095,0.20781662,-0.7428559,0.11442271,0.31403106,-1.0036657,0.07443816,0.43384457,-0.9730696,0.008041419,0.4999669,-0.8341249,-0.029561557,0.14173213,-0.8109921,0.059267424,0.2635896,-1.1063544,0.014561014,0.39067808,-1.0470935,-0.030951696,0.45836008,-0.8887666,-0.05076967,0.07188551,-0.8420659,0.0015062137,0.20908447,-1.0669076,-0.035772886,0.3198595,-1.0376023,-0.05256472,0.38412204,-0.9131737,-0.056915514
O,Zaith,Right,0.0,0.0,0.0,0.24061914,-0.088860236,0.05955584,0.38165626,-0.249249,0.08647391,0.51203924,-0.3941494,0.074823156,0.5620442,-0.6125456,0.0612186,0.27147108,-0.6866423,0.23534364,0.38067472,-0.91990185,0.22587816,0.48999014,-0.8995669,0.17452155,0.54969,-0.8079171,0.1404833,0.21827306,-0.7572348,0.16892686,0.34347236,-1.0691301,0.13910827,0.47260728,-1.0187378,0.06095231,0.533782,-0.8456221,0.0145285055,0.15155356,-0.8179308,0.089227185,0.3009189,-1.1074548,0.05753086,0.44552386,-1.0131022,0.002335447,0.5107963,-0.82721317,-0.026482971,0.08755505,-0.83559805,0.009668126,0.250936,-1.0379051,-0.017350614,0.37490183,-0.9994719,-0.039414003,0.44787464,-0.8756049,-0.050527036
O,Zaith,Right,0.0,0.0,0.0,0.25037593,-0.008043457,0.039390538,0.40904206,-0.1367994,0.069072664,0.53829134,-0.27692035,0.06429872,0.5849954,-0.4954295,0.057729755,0.29562056,-0.5956333,0.23221786,0.41425866,-0.7798143,0.22515339,0.5169797,-0.75651634,0.17592674,0.5689348,-0.6665752,0.14556575,0.24814256,-0.6941815,0.17960036,0.3811998,-0.9677255,0.1542052,0.5014664,-0.9120225,0.07786331,0.5593724,-0.7357595,0.034374263,0.18566269,-0.7850841,0.111402676,0.338375,-1.052024,0.08214133,0.477279,-0.9671064,0.023973752,0.5437012,-0.7819147,-0.004935142,0.11960171,-0.8424397,0.041582827,0.27377903,-1.0576515,0.016094794,0.40448782,-1.0165514,-0.0068839993,0.4888713,-0.87235594,-0.016521038
O,Zaith,Right,0.0,0.0,0.0,0.21213555,-0.1006245,0.015629398,0.36097196,-0.2751194,0.014296237,0.48422426,-0.42343298,-0.012532347,0.5448048,-0.63473815,-0.03789128,0.25161293,-0.6791099,0.11380938,0.36167544,-0.93429685,0.06481788,0.4741907,-0.899647,0.0057609584,0.5290518,-0.79052335,-0.025738215,0.19915088,-0.743474,0.06500069,0.31673357,-1.0934355,0.004313058,0.45124784,-1.0376204,-0.06445179,0.50921875,-0.85797036,-0.09924514,0.13123377,-0.78733355,0.0038083594,0.2653295,-1.1269114,-0.053577334,0.40835622,-1.0542357,-0.09928442,0.4726813,-0.88123345,-0.11653985,0.06368247,-0.79047275,-0.058769986,0.21580346,-1.0170164,-0.107511416,0.34627482,-0.9957033,-0.1305395,0.42088723,-0.88361126,-0.13709576
O,Zaith,Right,0.0,0.0,0.0,0.21001337,-0.10477275,0.017284723,0.35470447,-0.27478898,0.018678907,0.47697207,-0.4196302,-0.006470765,0.5361727,-0.6292432,-0.031687923,0.24750309,-0.66444564,0.12790284,0.358489,-0.8986285,0.08219832,0.46594495,-0.8713895,0.021018445,0.52090645,-0.7766162,-0.013030651,0.19869286,-0.7286192,0.07869325,0.31922755,-1.0505832,0.020789031,0.44591305,-1.0034359,-0.051756687,0.50418276,-0.8336378,-0.09001539,0.13364264,-0.7749264,0.01635328,0.2660388,-1.0909024,-0.036629625,0.40259013,-1.0344665,-0.08554431,0.4695238,-0.8721255,-0.10603023,0.06655416,-0.7848794,-0.04789404,0.20525281,-1.0159676,-0.09187424,0.32933393,-1.0137979,-0.11584678,0.40762067,-0.9131513,-0.124299526
O,Zaith,Right,0.0,0.0,0.0,0.23688823,-0.14656809,0.096999384,0.35517466,-0.3508856,0.13152169,0.45597786,-0.4871229,0.12335491,0.5324516,-0.66732925,0.116677076,0.13217053,-0.83596855,0.22857074,0.2877268,-1.0690969,0.21806335,0.43429002,-0.98402566,0.17144762,0.5097808,-0.83594984,0.14258464,0.09786917,-0.8821888,0.15126339,0.286267,-1.1539575,0.14302674,0.4432286,-1.045382,0.09029223,0.5126637,-0.8585895,0.057111945,0.09489046,-0.86931914,0.06749446,0.2960609,-1.1557194,0.059804972,0.45782033,-1.0430831,0.036973737,0.5248917,-0.85090595,0.025830664,0.13018948,-0.79781497,-0.01348597,0.32503948,-1.0018157,-0.01715755,0.46075267,-0.9474293,-0.012517201,0.53078634,-0.8115033,-0.004902854
O,Zaith,Right,0.0,0.0,0.0,0.23524012,-0.061781548,0.03873779,0.39006665,-0.20581199,0.050578408,0.5244474,-0.3474234,0.027561914,0.5831846,-0.57183677,0.004320258,0.27633533,-0.6727888,0.18306495,0.3962035,-0.9074018,0.14875728,0.5153992,-0.85685825,0.08976207,0.57629526,-0.7419499,0.056061707,0.22797878,-0.7587145,0.12239226,0.36445525,-1.099864,0.07299106,0.5015819,-1.0100524,0.001211635,0.55945444,-0.8090373,-0.03576589,0.16544203,-0.8327168,0.047384616,0.32550293,-1.1514221,-0.0025694089,0.47617775,-1.0338904,-0.049391072,0.5388217,-0.8268657,-0.0667919,0.10426799,-0.8675527,-0.028781364,0.27074012,-1.0949302,-0.07075244,0.4086286,-1.0301946,-0.090032145,0.48596635,-0.87397754,-0.09386153
O,Zaith,Right,0.0,0.0,0.0,0.26605326,0.005664328,0.055683583,0.4306571,-0.101147465,0.08898204,0.5697524,-0.23371918,0.080976225,0.62917197,-0.46851474,0.07137344,0.30895576,-0.6025492,0.27422726,0.44397354,-0.7725449,0.27480116,0.55717194,-0.7332433,0.2265144,0.61460245,-0.6332571,0.19593054,0.26268685,-0.7186124,0.21215527,0.41997838,-0.98687696,0.1935371,0.5517667,-0.89300734,0.116845354,0.61530477,-0.68685436,0.07319632,0.20533097,-0.8281661,0.13354291,0.38964546,-1.0920925,0.10899965,0.54377747,-0.9662237,0.0518562,0.61278886,-0.7474488,0.023072066,0.14857304,-0.9011001,0.054000936,0.33675215,-1.098635,0.03225195,0.47727177,-1.0115227,0.0128976805,0.55945444,-0.8288611,0.00555889
O,Zaith,Right,0.0,0.0,0.0,0.18872148,-0.072962835,-0.030268898,0.34442142,-0.22598134,-0.04639994,0.47281384,-0.37097064,-0.07648168,0.51717985,-0.57657003,-0.10472844,0.23867165,-0.630028,0.06263032,0.3483499,-0.86368656,-0.0006838749,0.44599712,-0.8296465,-0.0689225,0.49909505,-0.72886926,-0.10555131,0.18399012,-0.69789463,0.04030148,0.3047897,-1.0003737,-0.032575577,0.41776362,-0.9474616,-0.11197598,0.4772385,-0.78926325,-0.15348214,0.113181576,-0.7446177,0.0037958657,0.24167646,-1.0157489,-0.061181396,0.36193487,-0.9689284,-0.11771029,0.4279829,-0.82564104,-0.1409899,0.03234527,-0.755613,-0.037624303,0.1504357,-0.97210175,-0.088895515,0.26160917,-1.0034398,-0.12174141,0.3435705,-0.9391269,-0.13575727
O,Zaith,Right,0.0,0.0,0.0,0.21349612,-0.11234462,-0.009214121,0.37094894,-0.29878032,-0.026033591,0.4997211,-0.45980304,-0.0630472,0.5423052,-0.6780037,-0.09980028,0.26728308,-0.7037685,0.045790415,0.38426903,-1.0359929,-0.034511223,0.4859035,-0.9495161,-0.109359145,0.5245551,-0.7996164,-0.1483244,0.20165412,-0.755478,0.00611695,0.31599075,-1.1550891,-0.07690752,0.43622744,-1.0573286,-0.15812781,0.48401928,-0.87505734,-0.20318255,0.119282536,-0.78070307,-0.045555495,0.22616822,-1.1509631,-0.120299146,0.3537097,-1.0630268,-0.17648086,0.41261303,-0.8846195,-0.20144902,0.028665124,-0.7708507,-0.09991807,0.1464307,-1.0252625,-0.16391695,0.27010432,-1.0199069,-0.20263435,0.34866396,-0.92253107,-0.22227971
O,Zaith,Right,0.0,0.0,0.0,0.21137616,-0.10898642,0.12700424,0.31890008,-0.2824536,0.19123238,0.41619715,-0.42002016,0.20506349,0.46939775,-0.61480725,0.21649829,0.1486843,-0.6695187,0.33282432,0.26170987,-0.8842344,0.36670256,0.37922603,-0.8698987,0.33860928,0.44462746,-0.7777406,0.31784624,0.11660724,-0.7489929,0.24928392,0.2402288,-1.0148115,0.27620956,0.3760224,-0.98002183,0.21851562,0.4528487,-0.831542,0.17779264,0.10216763,-0.8004343,0.15735525,0.23614173,-1.0712876,0.18593073,0.38663858,-1.0171376,0.1498274,0.46704572,-0.8666214,0.12218242,0.11660974,-0.8108278,0.06901449,0.25732785,-1.0379442,0.09875154,0.3815421,-1.0066385,0.10338837,0.4586143,-0.88863546,0.10363652
O,Zaith,Right,0.0,0.0,0.0,0.24572834,0.021759499,0.11593361,0.3713646,-0.09664041,0.2086506,0.47776577,-0.23602152,0.25148162,0.51777786,-0.44532537,0.29073116,0.22204289,-0.48659566,0.44267377,0.3409655,-0.63743895,0.51099515,0.4439343,-0.63651645,0.4866983,0.49231136,-0.5915521,0.4672749,0.19350399,-0.6218795,0.37775478,0.32634383,-0.79116267,0.44284478,0.44659117,-0.7833716,0.3689846,0.52079976,-0.6897795,0.3123585,0.16091461,-0.753726,0.29610354,0.30705142,-0.94084793,0.35773665,0.43109304,-0.88681245,0.29995546,0.496456,-0.7634205,0.25252667,0.12558918,-0.86563236,0.2153063,0.2689949,-1.0444521,0.27233693,0.37689376,-1.0069017,0.27130345,0.44963613,-0.89321184,0.26361614
O,Zaith,Right,0.0,0.0,0.0,0.2267888,-0.14950803,0.15865602,0.33023676,-0.35636774,0.23790638,0.43081677,-0.50859725,0.26018673,0.4853438,-0.7011798,0.28175578,0.11731302,-0.75968486,0.3678092,0.24068224,-1.0442569,0.39997125,0.37544015,-1.0003598,0.37060204,0.444204,-0.8625087,0.35291243,0.09408263,-0.82777303,0.27366212,0.24072361,-1.1424371,0.3087045,0.38699254,-1.0724559,0.25737008,0.4510513,-0.892498,0.22274178,0.09497773,-0.85482955,0.17245108,0.25647405,-1.1562375,0.2079845,0.40493655,-1.0705444,0.18586522,0.46271658,-0.8851902,0.17012826,0.13604279,-0.8322082,0.0770398,0.29624858,-1.073536,0.116722256,0.4143787,-1.0186446,0.13411984,0.46803132,-0.8700745,0.14536579
O,Zaith,Right,0.0,0.0,0.0,0.22337201,-0.08528077,0.09639193,0.34270334,-0.23999503,0.1444529,0.45102632,-0.36919868,0.14829761,0.4975511,-0.5699955,0.14997578,0.20229615,-0.68317276,0.28886637,0.32790297,-0.8679159,0.29931,0.43180162,-0.8342126,0.25854698,0.47338048,-0.72930956,0.23520982,0.16007297,-0.7638385,0.21715057,0.30010548,-1.0200001,0.22213468,0.4200886,-0.9534337,0.16028932,0.47261113,-0.77507025,0.12327486,0.119752266,-0.8197604,0.13460435,0.27297512,-1.076875,0.1391606,0.41188672,-0.9987737,0.09892802,0.4732226,-0.82500553,0.07674104,0.093285665,-0.83242583,0.0544629,0.24887276,-1.0549775,0.06099546,0.37522244,-1.0206083,0.05758286,0.45216027,-0.8919367,0.058585983
O,Zaith,Right,0.0,0.0,0.0,0.23491377,0.007351813,0.027709074,0.3945099,-0.08142794,0.054253742,0.5247641,-0.21751979,0.047951467,0.5605637,-0.45166057,0.040582202,0.26523915,-0.5468288,0.24986805,0.3963592,-0.731312,0.24464111,0.50055546,-0.69973123,0.19075054,0.54706246,-0.6017624,0.1583267,0.22334437,-0.6640705,0.2070882,0.38403982,-0.87846017,0.18993999,0.4986122,-0.8203167,0.107114114,0.55094767,-0.65764886,0.055980157,0.16343367,-0.78670657,0.14636166,0.34625655,-1.0172659,0.12728326,0.47383913,-0.93927443,0.066188596,0.52609867,-0.76555794,0.032305256,0.09037666,-0.8868896,0.082652256,0.261071,-1.0889179,0.06819562,0.38079554,-1.0396624,0.049806062,0.4511635,-0.89244133,0.04143413
O,Zaith,Right,0.0,0.0,0.0,0.18970454,-0.17304039,-0.0043725646,0.327649,-0.36574516,-0.029654384,0.4361566,-0.5132957,-0.075851165,0.46883598,-0.72149295,-0.120518215,0.21420807,-0.74557734,0.02491909,0.3148666,-1.1056099,-0.067725845,0.42206475,-0.9916696,-0.14800075,0.4610921,-0.82714874,-0.1879704,0.15461278,-0.77250594,-0.020774314,0.26086134,-1.1737872,-0.11152052,0.38367686,-1.0479037,-0.19147553,0.42772216,-0.8669843,-0.23424055,0.08174334,-0.7757122,-0.07729203,0.17609216,-1.1502761,-0.14980654,0.30798265,-1.0594753,-0.19946508,0.3713076,-0.8898087,-0.2203498,0.004646722,-0.74481314,-0.13666326,0.10519904,-1.0165908,-0.19359599,0.22887467,-1.0280223,-0.22635299,0.31031373,-0.9506342,-0.24239635
O,Zaith,Left,0.0,0.0,0.0,-0.20671913,-0.094541214,0.0065752193,-0.3669387,-0.27527666,0.003920906,-0.47273025,-0.44746774,-0.020081151,-0.51800174,-0.636584,-0.038177975,-0.28146613,-0.6637497,0.11521914,-0.39712152,-0.848967,0.056931067,-0.48553446,-0.8036712,-0.007919262,-0.5380947,-0.70089847,-0.044538397,-0.2346066,-0.7282657,0.07773362,-0.37344632,-0.954186,0.014681561,-0.47680375,-0.8844689,-0.047385693,-0.53028154,-0.71842813,-0.076057464,-0.1769338,-0.75737506,0.025505545,-0.30729824,-1.0024409,-0.025471896,-0.4195629,-0.94378716,-0.059285033,-0.48442578,-0.7967613,-0.06781326,-0.10956823,-0.7478307,-0.030478034,-0.21863835,-0.9360499,-0.06405653,-0.32804757,-0.96017313,-0.08241953,-0.4153065,-0.90968156,-0.08677516
O,Zaith,Left,0.0,0.0,0.0,-0.20877635,-0.04943825,0.019027866,-0.3699672,-0.19434606,0.02659325,-0.48089355,-0.3173301,0.0102519905,-0.53972375,-0.47472763,-0.0012045646,-0.30361006,-0.6442975,0.14125545,-0.42387983,-0.8036515,0.09804406,-0.52350056,-0.76155764,0.0395681,-0.5875319,-0.6750821,0.0045866254,-0.2644955,-0.7169316,0.09841709,-0.40971494,-0.92620826,0.054353006,-0.5181744,-0.8741593,0.00044131544,-0.5767445,-0.7358106,-0.02702426,-0.22132954,-0.7494618,0.040851735,-0.36861563,-0.9631944,0.004344302,-0.4829337,-0.9110841,-0.022709435,-0.5473501,-0.78184384,-0.030468993,-0.17661817,-0.73798966,-0.02072939,-0.3067953,-0.8963629,-0.044509243,-0.42257333,-0.9074323,-0.05661938,-0.51345867,-0.85811436,-0.058996215
O,Zaith,Left,0.0,0.0,0.0,-0.21522571,0.05042351,0.010252653,-0.39916438,-0.049237356,0.01567695,-0.5149445,-0.16541255,-0.0032866828,-0.5831288,-0.31276122,-0.013438609,-0.3991072,-0.55988353,0.12743981,-0.55376935,-0.6825503,0.072690256,-0.60362434,-0.53128344,0.011759142,-0.5849811,-0.36023337,-0.016967706,-0.37135175,-0.65597886,0.0926095,-0.5515853,-0.8042767,0.04223341,-0.6081997,-0.6224607,-0.004682718,-0.5911661,-0.4302111,-0.01784824,-0.3238476,-0.7346387,0.04291579,-0.50809795,-0.91413605,0.0062170825,-0.5804633,-0.74392575,-0.002233374,-0.5764085,-0.5616919,0.01108786,-0.2536977,-0.7845176,-0.011996288,-0.38852417,-0.9687466,-0.024586404,-0.5008189,-0.9287671,-0.017932752,-0.56380045,-0.82591105,-0.00097287237
O,Zaith,Left,0.0,0.0,0.0,-0.24839504,0.10962358,0.014209852,-0.45036465,0.047437284,0.018501159,-0.58131224,-0.08080117,-0.0054271338,-0.642866,-0.27066305,-0.01997284,-0.44478697,-0.5975043,0.151867,-0.6314588,-0.6778947,0.10813513,-0.68146104,-0.4718422,0.050927587,-0.65354496,-0.278553,0.022375267,-0.41705537,-0.7153191,0.112438485,-0.6391709,-0.7850368,0.06551026,-0.68908066,-0.53934336,0.013444056,-0.653158,-0.31899998,-0.0044080215,-0.38202086,-0.79936904,0.057283774,-0.6156833,-0.88033575,0.019068396,-0.68540597,-0.6310187,0.0005793862,-0.66092485,-0.4041938,0.006400681,-0.3343015,-0.84549326,-0.0025504667,-0.52432215,-0.9585221,-0.016479645,-0.6533278,-0.854524,-0.013497858,-0.71420765,-0.6999339,-0.0004115599
O,Zaith,Left,0.0,0.0,0.0,-0.2566875,0.014451033,0.008862251,-0.4539757,-0.10153928,-0.00076561526,-0.6038819,-0.20250756,-0.036094274,-0.6916722,-0.3749618,-0.06144913,-0.38067234,-0.7923533,0.13503507,-0.5601919,-0.93916917,0.07970484,-0.67517793,-0.8031832,0.013045226,-0.7291116,-0.6308758,-0.026039913,-0.34582192,-0.86939305,0.08853368,-0.58157486,-1.0165374,0.036065485,-0.70059574,-0.83398205,-0.022175722,-0.73452324,-0.61867785,-0.052404556,-0.31965226,-0.8749852,0.024983728,-0.5681689,-1.0026414,-0.025418527,-0.69779825,-0.8132225,-0.054263618,-0.7414993,-0.59278995,-0.06110697,-0.30868,-0.7977721,-0.04292948,-0.5110481,-0.9031035,-0.07394686,-0.64019394,-0.8299141,-0.08242538,-0.71327305,-0.70088625,-0.08055469
O,Zaith,Left,0.0,0.0,0.0,-0.23857969,-0.0021401367,0.038392518,-0.4423758,-0.11663561,0.05806193,-0.5872275,-0.23024435,0.04629383,-0.6566023,-0.41540053,0.040514085,-0.3661915,-0.6574024,0.21160255,-0.51733494,-0.80338484,0.20306252,-0.62982553,-0.75547564,0.1579478,-0.71287936,-0.6620963,0.12401772,-0.3282584,-0.7395253,0.15606368,-0.5134045,-0.8983716,0.14483102,-0.63992393,-0.8367099,0.09110079,-0.7112668,-0.69404763,0.055557262,-0.296725,-0.76983434,0.0842653,-0.49559075,-0.92818,0.06538122,-0.63242596,-0.8531741,0.03451211,-0.71127224,-0.7029166,0.018164543,-0.27717063,-0.73640925,0.009286301,-0.458093,-0.8566524,-0.007327595,-0.58577216,-0.81361634,-0.01753209,-0.67367464,-0.70306075,-0.021843085
O,Zaith,Left,0.0,0.0,0.0,-0.19752993,-0.14339131,0.009490742,-0.34213942,-0.31451222,-0.006288646,-0.4565863,-0.44481382,-0.04353848,-0.5117202,-0.60647523,-0.07423644,-0.18786852,-0.8083313,0.09365479,-0.32856748,-0.9825747,0.039776944,-0.44977844,-0.94390714,-0.020574126,-0.5306604,-0.84758455,-0.056376837,-0.15021771,-0.83127475,0.051033482,-0.3417444,-1.0183754,0.0113581605,-0.46577534,-0.9507129,-0.033289786,-0.5374035,-0.83368415,-0.059539333,-0.13277613,-0.8031411,-0.0046556094,-0.3311278,-0.99242926,-0.043067984,-0.4566199,-0.9293069,-0.057838283,-0.53221446,-0.805717,-0.060103424,-0.14470017,-0.70740867,-0.06388357,-0.3073761,-0.8587713,-0.09151199,-0.4077495,-0.839672,-0.09161131,-0.48082748,-0.7539326,-0.08381724
O,Zaith,Left,0.0,0.0,0.0,-0.22217895,-0.012415777,-0.016233364,-0.41040775,-0.1156845,-0.037745032,-0.55150676,-0.2239193,-0.076988295,-0.62469673,-0.39690062,-0.1081793,-0.34147158,-0.6543768,0.0772975,-0.50328404,-0.829445,0.0065792752,-0.6136815,-0.7531838,-0.06436365,-0.66911554,-0.6261069,-0.10474267,-0.30024505,-0.74351096,0.045292243,-0.50422615,-0.95229006,-0.02619241,-0.62244433,-0.8358274,-0.08586555,-0.6700028,-0.6514965,-0.113619976,-0.25846094,-0.7793344,-0.0030505378,-0.46584293,-1.0049763,-0.06672073,-0.59861726,-0.89092344,-0.097051,-0.66030544,-0.71074617,-0.101831645,-0.21903658,-0.75032043,-0.056583308,-0.38790536,-0.9118093,-0.102994464,-0.522931,-0.8831197,-0.12125338,-0.6166091,-0.7872695,-0.12402945
O,Zaith,Left,0.0,0.0,0.0,-0.22954783,-0.049992934,-0.008437225,-0.42382917,-0.16554444,-0.031084836,-0.5662959,-0.26232046,-0.07445364,-0.61957717,-0.44574195,-0.110727556,-0.34479222,-0.68597513,0.094005935,-0.48287126,-0.86231554,0.02507314,-0.60299593,-0.8157376,-0.047547907,-0.6826283,-0.7180073,-0.092721544,-0.29894277,-0.74958444,0.052336026,-0.4745258,-0.97635573,-0.02428014,-0.6019565,-0.8949472,-0.0892572,-0.66960263,-0.7376248,-0.120456286,-0.24717163,-0.76481366,-0.0062355674,-0.4328077,-0.97371125,-0.072279245,-0.5737277,-0.8957834,-0.10654801,-0.654714,-0.7462399,-0.114819214,-0.19857705,-0.71904564,-0.06997445,-0.36195844,-0.854786,-0.11642053,-0.49791428,-0.85372823,-0.13723277,-0.60026044,-0.7998046,-0.14332256
O,Zaith,Right,0.0,0.0,0.0,-0.21948865,-0.03140163,-0.041403327,-0.40835175,-0.14169088,-0.06663533,-0.56234914,-0.23103507,-0.095610306,-0.6426447,-0.38570017,-0.11526247,-0.2720899,-0.67339694,0.03431103,-0.45255104,-0.82371,-0.0027108889,-0.57501894,-0.791185,-0.04797344,-0.66177064,-0.7099364,-0.07537149,-0.23230228,-0.7456382,0.033669785,-0.44918597,-0.9245351,-0.0030357533,-0.5831687,-0.8776868,-0.046647944,-0.6644146,-0.7473642,-0.07119412,-0.2146642,-0.74688363,0.021977114,-0.43657735,-0.90449595,-0.015272442,-0.57303375,-0.85461915,-0.043906312,-0.6575043,-0.73182714,-0.053932842,-0.22407845,-0.68170166,0.006276011,-0.40929818,-0.8047593,-0.019896124,-0.52615345,-0.7942942,-0.03097838,-0.60623425,-0.7182871,-0.031935245
O,Zaith,Left,0.0,0.0,0.0,-0.2608752,0.3132275,0.07773082,-0.51448566,0.3706821,0.14122179,-0.7009315,0.30571866,0.15366037,-0.81371,0.10862353,0.17404498,-0.5833885,-0.41127878,0.37635103,-0.79790366,-0.45114174,0.3878813,-0.85619926,-0.20466416,0.34053594,-0.8166577,-0.00060207874,0.31601098,-0.5956251,-0.5652212,0.31196165,-0.869103,-0.6126519,0.3086826,-0.91117,-0.28440723,0.23119377,-0.8363448,-0.02563769,0.19806148,-0.58891207,-0.7216787,0.22686933,-0.8915105,-0.75053614,0.20992185,-0.9223987,-0.3779763,0.15708889,-0.82729775,-0.109072596,0.14620203,-0.56518734,-0.86980104,0.142347,-0.84160006,-0.91748226,0.14973512,-0.94755715,-0.64398396,0.15346187,-0.9294731,-0.36888993,0.16925244
O,Zaith,Left,0.0,0.0,0.0,-0.30124578,0.051111333,0.053280544,-0.5383191,-0.031893823,0.06778153,-0.707196,-0.08484202,0.04096043,-0.81100625,-0.25567585,0.023842141,-0.52857417,-0.73210245,0.21958931,-0.74409556,-0.8685681,0.1609919,-0.8412803,-0.6725584,0.08877244,-0.84936154,-0.46364036,0.050772674,-0.4950071,-0.82975155,0.14615437,-0.7610914,-0.98396677,0.09078764,-0.86252004,-0.73609024,0.02652065,-0.8509944,-0.48056895,-0.0021856774,-0.4608046,-0.87063867,0.053138874,-0.7386271,-1.0133845,0.003243159,-0.8444156,-0.7439131,-0.02664361,-0.83337086,-0.4792571,-0.029759323,-0.43797955,-0.8370013,-0.042188715,-0.67861694,-0.9051149,-0.06710681,-0.8047216,-0.73750174,-0.07060069,-0.8430895,-0.53777325,-0.06252645
O,Zaith,Left,0.0,0.0,0.0,-0.24475123,-0.054354336,-0.0057959836,-0.44174993,-0.17342265,-0.03175072,-0.59231347,-0.2591013,-0.077997155,-0.65450615,-0.42976266,-0.11436137,-0.3296835,-0.78362507,0.0789225,-0.5118694,-0.9389354,0.008772725,-0.64082617,-0.83884424,-0.059127565,-0.70913666,-0.692406,-0.09804374,-0.28574786,-0.8323413,0.038565546,-0.52210593,-1.0047168,-0.026383437,-0.6567046,-0.8794336,-0.08055684,-0.70992607,-0.7042762,-0.10826538,-0.2521448,-0.8132989,-0.0174955,-0.49608225,-0.9723403,-0.0795626,-0.63934225,-0.8437203,-0.10587344,-0.7003172,-0.6632031,-0.109916106,-0.2424615,-0.71270436,-0.07768883,-0.4361901,-0.8370563,-0.120626524,-0.5682913,-0.80452746,-0.13433658,-0.6499871,-0.7110639,-0.13496478
O,Zaith,Left,0.0,0.0,0.0,-0.26411262,0.11695236,0.025085403,-0.5110815,0.11033586,0.032874737,-0.68900084,0.07819365,0.008987427,-0.75858057,-0.11692919,-0.0046617114,-0.5336619,-0.5121323,0.18544416,-0.7300244,-0.6244852,0.12540188,-0.81497455,-0.45980728,0.05117634,-0.8248719,-0.26864657,0.01268749,-0.5066502,-0.6245813,0.13749243,-0.72792155,-0.75497204,0.07893628,-0.8152143,-0.55081934,0.01241517,-0.80921775,-0.3155766,-0.013899746,-0.45758015,-0.71828437,0.0711363,-0.6804867,-0.8567759,0.028258445,-0.7709662,-0.6445385,0.00070552964,-0.7687905,-0.41332635,0.0021444785,-0.38654873,-0.77622384,0.00019008484,-0.5721561,-0.89836156,-0.018684959,-0.7015212,-0.7939232,-0.024722883,-0.7682736,-0.6401216,-0.016083065
O,Zaith,Left,0.0,0.0,0.0,-0.23881467,0.03956296,0.009035645,-0.46650705,-0.037333705,0.007897328,-0.6322609,-0.08616639,-0.019185547,-0.7165526,-0.26613453,-0.037761692,-0.4400082,-0.5884569,0.13953392,-0.6329976,-0.72710496,0.074659385,-0.73451674,-0.6115815,0.0026629842,-0.76789665,-0.4526786,-0.0350845,-0.40149984,-0.69021064,0.09616219,-0.6126878,-0.86095756,0.03496361,-0.725472,-0.722521,-0.02974068,-0.75963044,-0.51308393,-0.05863171,-0.3472517,-0.76165175,0.035076838,-0.55732965,-0.9427629,-0.016194943,-0.68105936,-0.7988365,-0.047834285,-0.7285155,-0.5974432,-0.051833693,-0.28404552,-0.7830823,-0.030486515,-0.46553078,-0.91074604,-0.06477082,-0.60042846,-0.8476648,-0.07934745,-0.68709743,-0.7265653,-0.07767171
O,Zaith,Left,0.0,0.0,0.0,-0.24388877,-0.03523066,0.019461919,-0.44781938,-0.12913042,0.015188341,-0.6018473,-0.1928118,-0.0190942,-0.6787104,-0.3617423,-0.04500818,-0.38444442,-0.73958796,0.1410617,-0.5791398,-0.8931588,0.07397792,-0.6822382,-0.7506939,0.0021684435,-0.7134134,-0.5780617,-0.037166405,-0.35261258,-0.82114595,0.08648597,-0.5848803,-1.0203918,0.020947142,-0.6996701,-0.85591716,-0.04418798,-0.72535443,-0.6494207,-0.07550233,-0.31646305,-0.8455596,0.014408618,-0.55482376,-1.0290821,-0.047884513,-0.6809822,-0.84678817,-0.084412314,-0.71493584,-0.63553107,-0.09260554,-0.28830713,-0.7978458,-0.060463417,-0.4926862,-0.92392296,-0.10094761,-0.627493,-0.84224343,-0.116720475,-0.6994074,-0.7147232,-0.118094005
O,Zaith,Left,0.0,0.0,0.0,-0.24660811,0.16213684,-0.0048113945,-0.48597097,0.17021611,-0.011106915,-0.6633681,0.14789797,-0.044116084,-0.7467564,-0.035435982,-0.06472327,-0.53013927,-0.47790867,0.14299572,-0.7494123,-0.55486083,0.07062266,-0.8140148,-0.35171634,-0.0051945774,-0.7848621,-0.15991102,-0.041036915,-0.5081588,-0.6118085,0.10700618,-0.75113523,-0.7223908,0.04168311,-0.83176637,-0.49374914,-0.016516015,-0.8085826,-0.26519158,-0.032890975,-0.46533737,-0.71944785,0.05024364,-0.7139554,-0.8552935,-0.0031553472,-0.81526446,-0.6290339,-0.021290256,-0.8117335,-0.40419185,-0.008234233,-0.40401363,-0.7774753,-0.013429878,-0.6153426,-0.8816969,-0.043962847,-0.75445074,-0.75118095,-0.045342073,-0.8165051,-0.5773383,-0.02795368
O,Zaith,Left,0.0,0.0,0.0,-0.262523,-0.025407217,-0.007862826,-0.48026213,-0.13374846,-0.041105676,-0.6465466,-0.20788488,-0.090649635,-0.7304214,-0.36345077,-0.1313884,-0.37783578,-0.8236968,0.044237606,-0.5972176,-0.90040517,-0.028636938,-0.73247105,-0.7633301,-0.097812444,-0.80226296,-0.5969708,-0.13807172,-0.33861545,-0.8446638,0.0060380553,-0.6173804,-0.9357487,-0.053074554,-0.74743015,-0.7685803,-0.102522135,-0.79499024,-0.58894753,-0.1317499,-0.31709185,-0.7849646,-0.044492677,-0.59467036,-0.8846603,-0.10225364,-0.7305118,-0.7277832,-0.12485901,-0.78525823,-0.54154056,-0.1301988,-0.3175246,-0.6337961,-0.097729154,-0.5490476,-0.72296154,-0.1409307,-0.6765553,-0.6555037,-0.1507257,-0.7497879,-0.53282136,-0.14855655
O,Zaith,Left,0.0,0.0,0.0,-0.2545822,-0.044844832,-0.0019224092,-0.45921934,-0.14880036,-0.02949141,-0.61686397,-0.20986444,-0.07773314,-0.7021316,-0.35461593,-0.116792135,-0.35501814,-0.81713974,0.0721504,-0.5554795,-0.92306864,0.0023975703,-0.69099796,-0.80301803,-0.06625559,-0.7633576,-0.6459761,-0.106385484,-0.31638825,-0.8517059,0.029369898,-0.5741252,-0.96357006,-0.03106984,-0.7121159,-0.8090166,-0.08251184,-0.7652924,-0.63172597,-0.111045785,-0.29139653,-0.8080995,-0.027904745,-0.5550076,-0.9104548,-0.08727943,-0.70268565,-0.7596895,-0.111832954,-0.76244754,-0.57694113,-0.1164189,-0.2917154,-0.6721632,-0.08867559,-0.50516605,-0.7711804,-0.13109401,-0.6401729,-0.7132479,-0.14219254,-0.7170157,-0.59836316,-0.14074239
O,Zaith,Left,0.0,0.0,0.0,-0.22290437,-0.06724664,-0.053437237,-0.41995165,-0.20883158,-0.08930383,-0.5854746,-0.32046753,-0.12417158,-0.6763329,-0.4774775,-0.14935589,-0.2856327,-0.7798478,-0.016461276,-0.5072105,-0.8929139,-0.06053159,-0.6313201,-0.8165369,-0.10289819,-0.7016625,-0.7125095,-0.12656824,-0.24428459,-0.83380514,-0.009684676,-0.50509596,-0.9648581,-0.048698474,-0.6294012,-0.8615657,-0.082413316,-0.69019014,-0.7192016,-0.101352684,-0.22938423,-0.8069459,-0.010993506,-0.4877131,-0.9198067,-0.049245182,-0.6113181,-0.82102835,-0.064972006,-0.6746482,-0.67669225,-0.0676356,-0.24170856,-0.7024923,-0.01626351,-0.4556485,-0.7938033,-0.04322528,-0.5643089,-0.73841274,-0.045519885,-0.6291674,-0.6225737,-0.03921353
O,Zaith,Left,0.0,0.0,0.0,-0.30528635,0.01686963,0.024998298,-0.5547009,-0.0496941,0.015198685,-0.7362005,-0.09732206,-0.027158983,-0.84237826,-0.2558286,-0.06135059,-0.51189846,-0.78315145,0.14619237,-0.7381748,-0.81734306,0.06976168,-0.8442569,-0.61474496,-0.012405443,-0.8824287,-0.40273502,-0.06030513,-0.46848583,-0.8739407,0.08323411,-0.7520847,-0.90914357,0.009050413,-0.8584471,-0.6444003,-0.060523897,-0.87103903,-0.3833133,-0.09583523,-0.4210461,-0.88612384,0.0021665962,-0.7100766,-0.92249036,-0.0671572,-0.8393088,-0.6602625,-0.101973884,-0.871455,-0.39503926,-0.109436706,-0.38302225,-0.7957179,-0.082110964,-0.60392356,-0.81776905,-0.12777142,-0.74663305,-0.7014334,-0.14533292,-0.8310176,-0.5562461,-0.14786099
O,Zaith,Right,0.0,0.0,0.0,0.25107336,0.030714676,-0.024334861,0.4518711,-0.08086115,-0.008706854,0.6092003,-0.22666608,-0.0095563745,0.662096,-0.4602372,-0.010497445,0.36776692,-0.513936,0.16457753,0.49302444,-0.6781043,0.14707191,0.59036374,-0.6873563,0.09591401,0.6619871,-0.65533847,0.060955655,0.31473547,-0.6225081,0.14773297,0.46663773,-0.8202734,0.11260352,0.572136,-0.8161961,0.034416016,0.64209116,-0.7085951,-0.014062142,0.24067993,-0.7302174,0.111669704,0.4096249,-0.9260014,0.06678609,0.5268522,-0.9063816,0.00092659896,0.599522,-0.78746796,-0.03421382,0.14814661,-0.8275248,0.069707364,0.30872595,-0.97632825,0.02238039,0.42227244,-0.96361995,-0.015216187,0.50675946,-0.8620875,-0.034124788
O,Zaith,Right,0.0,0.0,0.0,0.21652135,-0.07938643,-0.0052430164,0.39058945,-0.22350346,-0.014324161,0.53797406,-0.36415067,-0.046311233,0.588263,-0.59575313,-0.0780536,0.26146305,-0.6659191,0.13283233,0.3839684,-0.8579216,0.08952031,0.50124407,-0.8393685,0.022149237,0.5776636,-0.7531187,-0.019502228,0.20591815,-0.73934644,0.09432326,0.3418018,-1.0209819,0.040082525,0.47154582,-0.98729044,-0.03977599,0.54759896,-0.82414865,-0.08642058,0.13332573,-0.8028903,0.04045482,0.2948057,-1.0758098,-0.011568264,0.43619427,-1.0175391,-0.064268604,0.51568407,-0.8567788,-0.08976598,0.055092435,-0.8235881,-0.017593224,0.22612536,-1.0011339,-0.06317087,0.35546684,-0.9626083,-0.08729385,0.4364313,-0.83966804,-0.095989704
O,Zaith,Right,0.0,0.0,0.0,0.18923664,-0.12804252,0.043206897,0.3046736,-0.3054063,0.05272543,0.40539867,-0.454384,0.030238489,0.4543339,-0.6531242,0.007270691,0.15981515,-0.6935871,0.15317589,0.258041,-0.92897075,0.11687465,0.36782458,-0.8931303,0.06294826,0.42650986,-0.7907414,0.034002487,0.116122976,-0.74644804,0.09652869,0.22542125,-1.0606388,0.05163106,0.35526785,-0.99795526,-0.011452071,0.4187399,-0.83494,-0.043565728,0.067888744,-0.7778713,0.029431615,0.18438198,-1.089505,-0.007664411,0.327055,-1.0191296,-0.04432632,0.3978435,-0.85677916,-0.057482824,0.028192105,-0.7753523,-0.03821858,0.1392933,-1.0302126,-0.06635238,0.26233438,-1.0316905,-0.08028278,0.34569383,-0.93834734,-0.08208302
O,Zaith,Right,0.0,0.0,0.0,0.18539296,-0.1010218,-0.013102539,0.32905492,-0.24959558,-0.022244088,0.44925052,-0.40366873,-0.050682843,0.48961577,-0.61653376,-0.07746411,0.1991179,-0.6307902,0.10894555,0.29302803,-0.85339147,0.058839932,0.3953446,-0.8347262,-0.005369334,0.45956743,-0.7536318,-0.040951405,0.15214886,-0.69511443,0.079715624,0.2664672,-0.98111117,0.014633108,0.38374522,-0.92639565,-0.063221954,0.448569,-0.77006364,-0.102326415,0.0898084,-0.7484316,0.0359406,0.21183822,-1.0079839,-0.020537289,0.33165303,-0.9486327,-0.06950712,0.39755666,-0.8009362,-0.086212054,0.018433841,-0.7702013,-0.012449137,0.13000318,-0.9822292,-0.05223046,0.23835167,-1.0078664,-0.075271614,0.32032314,-0.94730836,-0.08176945
O,Zaith,Right,0.0,0.0,0.0,0.174007,-0.15288799,-0.026189374,0.3113547,-0.30727404,-0.05189541,0.42503938,-0.45472118,-0.09493789,0.47287598,-0.66389173,-0.13653827,0.17818452,-0.6873098,0.06534432,0.27606213,-0.941287,-0.0052750576,0.3788786,-0.8913183,-0.07762671,0.43716365,-0.78654796,-0.116741054,0.12405856,-0.7386524,0.03637068,0.24493459,-1.0402387,-0.04699308,0.35922164,-0.9498515,-0.1309036,0.41904682,-0.7822954,-0.17305666,0.054331724,-0.77097803,-0.006791452,0.16960406,-1.0419924,-0.07754868,0.2873081,-0.9557273,-0.12697956,0.35757586,-0.794751,-0.14256786,-0.023269694,-0.76357776,-0.055034705,0.06596614,-0.99325836,-0.10281513,0.16878185,-1.023467,-0.12690526,0.2530863,-0.9674437,-0.13396959
O,Zaith,Right,0.0,0.0,0.0,0.17465171,-0.14285527,0.013626627,0.2746351,-0.32740796,0.02017661,0.35483816,-0.49040902,0.0026538998,0.364009,-0.6909463,-0.014628193,0.12965287,-0.65163285,0.13304889,0.19536816,-0.89334744,0.09227371,0.28068256,-0.8935027,0.03531492,0.32621166,-0.80778545,0.0063781813,0.08519976,-0.70010144,0.0938995,0.16622259,-0.99775857,0.046549436,0.26428235,-0.97317207,-0.020456687,0.3151065,-0.8345892,-0.05468341,0.028455608,-0.73052305,0.04151383,0.118164614,-1.0193877,0.00087509607,0.2308359,-0.9888452,-0.041917067,0.29150346,-0.85570526,-0.05775901,-0.030093195,-0.73148847,-0.013527395,0.03817871,-0.9965822,-0.040087894,0.14013109,-1.0391899,-0.055236742,0.22225031,-0.97498965,-0.058598503
O,Zaith,Right,0.0,0.0,0.0,0.17958152,-0.091784924,0.0026337414,0.29512465,-0.24218135,0.013703802,0.3759125,-0.4065056,0.004175511,0.3818948,-0.6166896,-0.003665643,0.14347039,-0.5642577,0.16519476,0.21812409,-0.75298816,0.14757447,0.2951911,-0.78485674,0.09939416,0.3365342,-0.7475157,0.07269724,0.09626185,-0.63996196,0.1403272,0.1883466,-0.86950606,0.12032718,0.27542862,-0.88772476,0.057565082,0.3295518,-0.79983103,0.020722268,0.0369283,-0.7093583,0.10036968,0.14127068,-0.9530604,0.08710602,0.23736729,-0.9730038,0.046498697,0.29513255,-0.8910762,0.025302965,-0.027035074,-0.75310344,0.055663247,0.06514097,-0.9757773,0.049905203,0.15650073,-1.0218344,0.039990116,0.23001651,-0.97318673,0.037185784
O,Zaith,Right,0.0,0.0,0.0,0.16407712,-0.15241136,0.011449644,0.2659409,-0.35817668,0.0128515875,0.34849906,-0.52697843,-0.007693886,0.37068018,-0.7224745,-0.026508616,0.13921124,-0.6884931,0.09650902,0.19848058,-0.9574996,0.047231194,0.2903083,-0.9443278,-0.0060273646,0.33696142,-0.84818316,-0.031548653,0.09010964,-0.72792095,0.055745084,0.15287341,-1.0651093,-0.003075731,0.26587898,-1.0329266,-0.063306525,0.32195932,-0.8857465,-0.09090523,0.029462744,-0.7431609,0.0031957768,0.10630257,-1.0608845,-0.05090625,0.23137258,-1.0194677,-0.09042799,0.29857898,-0.87963825,-0.10177439,-0.03165685,-0.7277137,-0.05109546,0.04469392,-0.9901805,-0.092035204,0.15353745,-1.0304824,-0.11203078,0.23491961,-0.9720148,-0.117060564
O,Zaith,Right,0.0,0.0,0.0,0.21120653,-0.16962588,0.04917223,0.32762808,-0.38162565,0.05296799,0.42198983,-0.52280104,0.03020178,0.4517355,-0.6771503,0.010478281,0.16051352,-0.7784722,0.07965011,0.2554074,-1.0645579,0.02564039,0.37914082,-1.0085369,-0.029361019,0.4414871,-0.8972676,-0.059523094,0.12282382,-0.76933545,0.019099893,0.256488,-1.098321,-0.033891376,0.39279127,-1.0308015,-0.08234029,0.4475749,-0.8934712,-0.10703517,0.105172746,-0.7224723,-0.046600144,0.23985589,-1.0105994,-0.085960984,0.37653804,-0.9750424,-0.10921099,0.44102827,-0.86395055,-0.11754727,0.112555064,-0.6302758,-0.11188647,0.23355623,-0.8312363,-0.13933995,0.34306705,-0.8655634,-0.1502227,0.41295892,-0.83381236,-0.15312198
O,Zaith,Right,0.0,0.0,0.0,0.16207233,-0.13102186,-0.008273946,0.28871498,-0.319838,-0.02083708,0.3841303,-0.477621,-0.044979513,0.39839414,-0.64604056,-0.06753657,0.21019211,-0.6747179,0.0140601015,0.2781978,-0.9194717,-0.052610647,0.3534657,-0.8818225,-0.10627958,0.38498378,-0.7808866,-0.13006674,0.14732341,-0.71129423,-0.0148268435,0.20548734,-1.0656221,-0.075513266,0.30122098,-1.051466,-0.11942815,0.34646305,-0.9380636,-0.13831823,0.07580414,-0.7008138,-0.052218284,0.12871818,-1.0252209,-0.110128894,0.23235048,-1.021628,-0.1384911,0.29412276,-0.9319761,-0.14476605,0.00016587062,-0.6509783,-0.09137432,0.060949344,-0.8847946,-0.14119342,0.15373743,-0.93580365,-0.16133341,0.22754602,-0.9138544,-0.16588816
O,Zaith,Right,0.0,0.0,0.0,0.21224046,-0.18854982,0.06625122,0.31036127,-0.4158586,0.077591114,0.3931169,-0.5507669,0.059177052,0.43505493,-0.6775361,0.04402382,0.12566383,-0.81419265,0.09745423,0.24807423,-1.0715185,0.054324906,0.36772355,-1.0230647,0.01010694,0.42342472,-0.9059313,-0.011917567,0.09566184,-0.8047428,0.032645226,0.26104614,-1.1113198,-0.007720623,0.38806757,-1.0221779,-0.040018253,0.42818782,-0.87432826,-0.051922403,0.095550776,-0.7520275,-0.035350565,0.25227433,-1.0382816,-0.06464654,0.37818,-0.96787256,-0.068899,0.42324826,-0.8333036,-0.06260784,0.12416096,-0.656909,-0.10176743,0.25553143,-0.86452967,-0.11918784,0.35783154,-0.86364436,-0.1139159,0.4136954,-0.79912907,-0.10307739
O,Zaith,Right,0.0,0.0,0.0,0.22984342,-0.20694904,0.07078492,0.32782114,-0.4152019,0.07487244,0.40958557,-0.5357226,0.04789073,0.45242956,-0.64144635,0.024091568,0.11860002,-0.79494745,0.07487902,0.22744103,-1.0644053,0.02232665,0.3528076,-1.027073,-0.021629672,0.41521662,-0.90972257,-0.04356832,0.08775162,-0.7729182,0.000403584,0.2501695,-1.1088206,-0.054333895,0.38272345,-1.0267994,-0.0861654,0.4257626,-0.8781139,-0.09563814,0.09206272,-0.7115955,-0.07580932,0.24778709,-1.0017444,-0.113232225,0.37616348,-0.93740547,-0.1112494,0.42203045,-0.8119791,-0.09986797,0.12643944,-0.60518277,-0.15047257,0.2518124,-0.8118844,-0.17268136,0.35004172,-0.83734775,-0.16717727,0.40387338,-0.80081475,-0.15668364
O,Zaith,Right,0.0,0.0,0.0,0.24093466,-0.20852566,0.07009949,0.33889413,-0.4184707,0.07319398,0.42385346,-0.5448989,0.0438408,0.46490782,-0.66647875,0.018633714,0.12589894,-0.8074408,0.087187484,0.23936741,-1.0720198,0.035111357,0.3662889,-1.0277151,-0.011197799,0.42659292,-0.90444374,-0.034432925,0.09523091,-0.79182863,0.013443333,0.25828573,-1.1290736,-0.034760576,0.39147303,-1.0427763,-0.06483211,0.43428695,-0.8959859,-0.07507143,0.10036273,-0.7363733,-0.0633037,0.25827077,-1.0355837,-0.09527989,0.38613677,-0.967279,-0.08965675,0.42843002,-0.8342695,-0.077646166,0.13748652,-0.6327601,-0.13940558,0.27146414,-0.834499,-0.15626617,0.37170815,-0.8463088,-0.14640585,0.42341372,-0.794962,-0.13379884
O,Zaith,Right,0.0,0.0,0.0,0.20239589,-0.110417455,0.15710558,0.28551322,-0.26887417,0.25165895,0.36727256,-0.40180355,0.29255748,0.4135066,-0.57900983,0.32898137,0.1292007,-0.59288263,0.4142519,0.22406094,-0.77254486,0.47704494,0.31603065,-0.77969337,0.45941505,0.35693395,-0.7323973,0.4452618,0.10190452,-0.68044347,0.3300976,0.21176165,-0.8924091,0.39412284,0.318739,-0.87778205,0.34204364,0.3769896,-0.7728224,0.30032706,0.08513415,-0.75177383,0.23699497,0.19608183,-0.9810681,0.3008304,0.30774707,-0.94446737,0.26947522,0.36616722,-0.8284987,0.23943882,0.08190572,-0.7964498,0.1487823,0.1832073,-1.0289092,0.21034774,0.2805846,-1.0235485,0.22492269,0.34825853,-0.93739855,0.22763573
O,Zaith,Right,0.0,0.0,0.0,0.21779816,0.0135605475,0.10390946,0.34463242,-0.09818489,0.207109,0.4174116,-0.26706707,0.27439213,0.43475312,-0.45584625,0.33935943,0.17297482,-0.42320576,0.39070785,0.27160636,-0.57223517,0.48321137,0.3504972,-0.579787,0.49121958,0.39186874,-0.55726135,0.49276483,0.14052048,-0.5752958,0.35006028,0.2617078,-0.71790934,0.44430768,0.3478252,-0.71909183,0.40559417,0.4066307,-0.6581684,0.37026146,0.10988082,-0.7193817,0.29759762,0.23708905,-0.8752308,0.3722754,0.3309394,-0.8564402,0.33522233,0.37862128,-0.78410304,0.3007714,0.07258586,-0.86368304,0.24751332,0.17870319,-1.0373131,0.3069785,0.26650307,-1.0227313,0.31549132,0.32557657,-0.9455157,0.31691322
O,Zaith,Right,0.0,0.0,0.0,0.19005993,-0.19272564,0.09712554,0.27356073,-0.40663162,0.13422593,0.3508621,-0.5494804,0.13098955,0.39823422,-0.71487087,0.1278184,0.08546805,-0.76245326,0.21686707,0.17125718,-0.99979645,0.2024425,0.28468347,-0.9936287,0.15674925,0.35179588,-0.88023084,0.13102908,0.051660243,-0.79199404,0.1422116,0.15650702,-1.0847247,0.124322295,0.28375363,-1.0559027,0.069694705,0.3492841,-0.8981683,0.039272975,0.042225447,-0.7869624,0.061370306,0.15330139,-1.083423,0.05394818,0.28358537,-1.0591856,0.028193993,0.3487499,-0.92471075,0.016037665,0.06494615,-0.74630415,-0.016325982,0.17301571,-0.98987144,-0.014154276,0.27740592,-1.0120888,-0.0117746955,0.3437121,-0.93907505,-0.0065612732
O,Zaith,Right,0.0,0.0,0.0,0.20648238,-0.17978576,0.1324975,0.2758967,-0.37371057,0.19303535,0.35756955,-0.52638525,0.20853654,0.40954682,-0.6726174,0.22580989,0.04739006,-0.7556674,0.26676375,0.17063487,-1.0551348,0.28231442,0.30278262,-1.0227437,0.25772512,0.36938283,-0.9002091,0.24443209,0.028566115,-0.7932639,0.19221002,0.18054883,-1.127583,0.21230932,0.3177351,-1.0604436,0.17992333,0.37672907,-0.9108654,0.16009423,0.051706806,-0.78764904,0.11540516,0.19599417,-1.1125818,0.14402907,0.33001342,-1.0528314,0.1441421,0.388211,-0.9020894,0.14477803,0.121229805,-0.73395413,0.043592956,0.24963383,-0.9904941,0.08302744,0.3490738,-0.99728626,0.10903858,0.40254793,-0.9153989,0.1263253
O,Zaith,Right,0.0,0.0,0.0,0.23546359,-0.08463271,0.13888212,0.33090767,-0.22124805,0.22961286,0.42071307,-0.35181102,0.2695878,0.4514117,-0.54637825,0.3062808,0.17356095,-0.56191486,0.4281667,0.2711592,-0.73244256,0.47997224,0.3681429,-0.75229377,0.43800166,0.41127804,-0.7090316,0.40556765,0.13161495,-0.63918656,0.34951383,0.24153522,-0.88178205,0.39290655,0.35609123,-0.8889702,0.2983358,0.4190657,-0.7826717,0.22748204,0.0941638,-0.72119004,0.25942853,0.21354015,-0.9609399,0.30645308,0.33314598,-0.9423046,0.23261873,0.3980835,-0.82783675,0.17401314,0.0654072,-0.78617525,0.17397273,0.18000458,-0.98730874,0.21924242,0.27631438,-1.000137,0.20323056,0.34866294,-0.9372482,0.18286586
O,Zaith,Right,0.0,0.0,0.0,0.18918204,-0.13221961,0.08251812,0.28927976,-0.30276835,0.120193265,0.37546888,-0.43342385,0.11972875,0.41067556,-0.6077634,0.11773854,0.14588967,-0.69706345,0.2311038,0.24501134,-0.89546597,0.22582835,0.3386855,-0.8632536,0.18390086,0.37645036,-0.76442814,0.16159181,0.11123162,-0.7548196,0.16556863,0.21417351,-1.0160834,0.15747021,0.3267635,-0.9599382,0.10397702,0.3730967,-0.80411047,0.073566034,0.073881835,-0.79123515,0.090699695,0.1787595,-1.0714549,0.08603,0.30372125,-1.0161769,0.055898096,0.35860556,-0.8683078,0.041731726,0.04640539,-0.7968743,0.01779598,0.14388856,-1.0562863,0.019010179,0.25000727,-1.0489553,0.020250252,0.3154133,-0.9489544,0.025293328
O,Zaith,Right,0.0,0.0,0.0,0.20590232,-0.22646587,0.08363073,0.2816557,-0.45721903,0.10643685,0.36680087,-0.6160465,0.08736996,0.4278143,-0.80012125,0.0707394,-0.00035522648,-0.8346882,0.2020328,0.12933959,-1.1131849,0.17986067,0.27157423,-1.0681256,0.13021703,0.35094932,-0.9233763,0.102934495,-0.027090445,-0.8704462,0.1293663,0.15726332,-1.1712816,0.115776315,0.3041232,-1.082536,0.0685575,0.3739358,-0.9050672,0.041221444,-0.0076587857,-0.86244476,0.04968404,0.1884111,-1.1797922,0.039515622,0.3333485,-1.076458,0.028238982,0.3959939,-0.8914566,0.027832467,0.05753291,-0.81401277,-0.02894442,0.22903271,-1.0785903,-0.02089484,0.34464023,-1.0440818,0.0005164265,0.40481645,-0.91439795,0.019844651
O,Zaith,Right,0.0,0.0,0.0,0.19031857,-0.13890328,-0.0090524545,0.313758,-0.32650343,-0.01127335,0.42339408,-0.49699944,-0.033880595,0.4576,-0.70890945,-0.056927495,0.16921341,-0.65955555,0.12608485,0.2506077,-0.88104564,0.08656285,0.34149632,-0.90118563,0.02512206,0.39973405,-0.8469601,-0.011972169,0.11861589,-0.71431476,0.09526182,0.21820797,-0.99567825,0.037771907,0.32427427,-0.9833713,-0.04426656,0.38744515,-0.8446856,-0.08981628,0.04992342,-0.75765926,0.049502693,0.15696192,-1.0399668,-0.00400141,0.27122283,-1.0208268,-0.06300048,0.3361861,-0.88734305,-0.08991341,-0.028941585,-0.77315724,-0.00012366343,0.07200328,-1.0100625,-0.044149015,0.17659788,-1.0388923,-0.074891776,0.2547559,-0.9670054,-0.08881536
O,Zaith,Right,0.0,0.0,0.0,0.20663129,-0.0848775,-0.025533883,0.36426312,-0.19826218,-0.032532528,0.50342256,-0.34850067,-0.05784507,0.5268303,-0.57531387,-0.08249261,0.21832727,-0.59890974,0.14377812,0.3283194,-0.77144665,0.10764571,0.42214096,-0.7596835,0.042778816,0.480934,-0.69689953,0.0033769708,0.1699747,-0.6817126,0.125126,0.30382895,-0.9045838,0.0724735,0.40552747,-0.8663705,-0.013478892,0.46425024,-0.7210674,-0.061588425,0.1028358,-0.766116,0.08891076,0.23962565,-1.0114056,0.042726524,0.34672737,-0.97697145,-0.016150963,0.40608746,-0.8351409,-0.0426057,0.020246375,-0.82972795,0.046196695,0.14211142,-1.0458174,0.0111797415,0.24739853,-1.0459799,-0.015081196,0.32629296,-0.9452687,-0.025174128
O,Zaith,Right,0.0,0.0,0.0,0.21339616,0.040570516,-0.0042307503,0.37019572,0.010102606,0.008277809,0.5121708,-0.085492015,-0.0012846133,0.5683634,-0.30754265,-0.010756992,0.28263712,-0.4055602,0.20683606,0.39959356,-0.5472161,0.19301552,0.48541737,-0.5237829,0.13678169,0.5231379,-0.45833504,0.10336926,0.24994864,-0.51984274,0.18208478,0.39205286,-0.68060505,0.15514787,0.4874435,-0.6525443,0.07005876,0.5255513,-0.52259845,0.019721385,0.19744378,-0.6523433,0.13912538,0.3528113,-0.81311816,0.11825946,0.45487404,-0.79172766,0.060734283,0.4999992,-0.68954206,0.030386608,0.12735656,-0.77125734,0.09072117,0.2615091,-0.9371222,0.07746252,0.3592273,-0.9588119,0.05951759,0.42794585,-0.90380436,0.05198339
O,Zaith,Right,0.0,0.0,0.0,0.1816605,-0.20093407,0.031834126,0.29813066,-0.41411725,0.02710152,0.396394,-0.5732092,-0.008074614,0.44485322,-0.77318376,-0.042577576,0.1351754,-0.77052474,0.11438926,0.22800648,-1.073559,0.0525682,0.3488555,-1.0297624,-0.017766766,0.41414648,-0.9045625,-0.054815385,0.08587654,-0.798012,0.056939073,0.20141855,-1.1648026,-0.008984617,0.34014854,-1.0897161,-0.08464648,0.40352777,-0.9149674,-0.12441393,0.031772308,-0.80344635,-0.010746874,0.15884216,-1.1488253,-0.06473953,0.30274314,-1.0771077,-0.10856604,0.36837247,-0.90806544,-0.12446718,-0.01675388,-0.77296793,-0.07903599,0.106987305,-1.0358998,-0.11844589,0.23751453,-1.0389094,-0.13771601,0.3199303,-0.9434891,-0.14227729
O,Zaith,Right,0.0,0.0,0.0,0.28589845,-0.062497254,0.25165096,0.42370987,-0.1985202,0.36943537,0.5599019,-0.28599977,0.40893754,0.6656168,-0.44809365,0.44320294,0.26018298,-0.75744176,0.5041219,0.46087208,-0.9457654,0.56639385,0.5972973,-0.8252048,0.5404877,0.64541066,-0.6470504,0.5210835,0.24632642,-0.8331713,0.3634392,0.48025763,-1.0519073,0.42539936,0.62766606,-0.88325703,0.36465874,0.6648477,-0.6460378,0.3173948,0.25633308,-0.8594862,0.21978144,0.49204785,-1.0901847,0.28327975,0.63985485,-0.90643615,0.26197267,0.6754461,-0.66756594,0.23952271,0.3024796,-0.81875044,0.08801464,0.5168993,-1.0342027,0.15439253,0.63834053,-0.91779506,0.18340783,0.6807419,-0.7325234,0.19639209
O,Zaith,Right,0.0,0.0,0.0,0.24474883,0.12659758,0.10741994,0.3920277,0.07309927,0.20349014,0.52737886,-0.036992364,0.25100884,0.6156719,-0.24200684,0.29536778,0.27347326,-0.40179595,0.4663965,0.41892585,-0.5134476,0.546917,0.5322061,-0.4821506,0.52782446,0.58299136,-0.43734297,0.5095328,0.2712602,-0.5598646,0.40882418,0.44919494,-0.6580912,0.4763621,0.5668235,-0.5955709,0.39082703,0.61717594,-0.46051395,0.3265262,0.2646224,-0.71728325,0.33428454,0.4479202,-0.80624604,0.4020428,0.55443674,-0.709459,0.33657387,0.59399754,-0.57270306,0.28343603,0.24480422,-0.8602466,0.26001775,0.40086317,-0.9953318,0.327829,0.5052419,-0.94620883,0.3268732,0.56963843,-0.82189536,0.3175483
O,Zaith,Right,0.0,0.0,0.0,0.2474955,0.12448402,0.0807887,0.4002716,0.06658618,0.16436765,0.5337509,-0.05299471,0.20561019,0.6204202,-0.25560796,0.24547897,0.28051397,-0.4059931,0.41370976,0.423585,-0.5180958,0.4787079,0.53655833,-0.49144474,0.4549824,0.5868149,-0.44115943,0.43548986,0.2735705,-0.5650634,0.36731315,0.45171162,-0.6706711,0.42232525,0.56868607,-0.61027706,0.33942047,0.62180674,-0.47727138,0.27787682,0.2626445,-0.72176015,0.30343232,0.44689435,-0.82316273,0.35695368,0.557041,-0.7248203,0.2923283,0.5957348,-0.5826625,0.24235784,0.2387719,-0.8658747,0.23839454,0.39709684,-1.0093929,0.29271054,0.50206196,-0.9575433,0.28946713,0.56358886,-0.82605547,0.28121832
O,Zaith,Right,0.0,0.0,0.0,0.22714767,0.049170468,0.11083241,0.36536214,-0.040454663,0.20054361,0.4797894,-0.1612394,0.24675426,0.5503319,-0.3418417,0.29312536,0.22123219,-0.47594282,0.40136364,0.37101093,-0.5770104,0.46786228,0.46766344,-0.52463245,0.45109123,0.5039566,-0.45801193,0.4399107,0.21406329,-0.6341891,0.34865174,0.3806389,-0.72380656,0.42310575,0.49401897,-0.6570801,0.3663303,0.5547013,-0.5330215,0.32014793,0.21391408,-0.7747617,0.28331563,0.38470888,-0.8864046,0.35404813,0.5030771,-0.79229367,0.311814,0.5526772,-0.6492157,0.27436876,0.2150347,-0.90552896,0.21943372,0.37279806,-1.0391346,0.28550765,0.47915226,-0.971274,0.29786107,0.54296356,-0.83975625,0.30187145
O,Zaith,Right,0.0,0.0,0.0,0.21553823,-0.16879572,0.06823413,0.34224126,-0.38073698,0.073101126,0.44366613,-0.50544757,0.04323705,0.5215012,-0.644423,0.01436575,0.18779363,-0.8365151,0.10435963,0.32570192,-1.1017749,0.04740744,0.45496798,-1.0009507,-0.00949023,0.51617485,-0.8564832,-0.04029289,0.13775021,-0.84739864,0.026746796,0.3209856,-1.1466964,-0.03564489,0.46460852,-1.0112047,-0.088657044,0.51448864,-0.81891817,-0.11374359,0.10383797,-0.81772536,-0.055888906,0.29679576,-1.089609,-0.107896924,0.44580996,-0.96687645,-0.12968457,0.5060594,-0.7887469,-0.13231358,0.091857255,-0.7420872,-0.1363463,0.25257766,-0.9554494,-0.17455338,0.38111728,-0.91736436,-0.1805705,0.4536302,-0.81188464,-0.17632364
O,Zaith,Right,0.0,0.0,0.0,0.29784372,-0.076000355,0.2210049,0.44902673,-0.21828204,0.30425155,0.586487,-0.29621002,0.3099193,0.6855111,-0.4597675,0.3094987,0.31793207,-0.7945084,0.42867762,0.5194263,-1.031171,0.42949632,0.66128165,-0.8592871,0.36466715,0.69704,-0.61839473,0.3253616,0.28421965,-0.8524023,0.27614293,0.52856797,-1.1143053,0.27031624,0.675962,-0.8842062,0.1816856,0.69598377,-0.6266152,0.1259947,0.26570207,-0.8882294,0.11738186,0.49862665,-1.1314514,0.12641382,0.6508863,-0.9202566,0.09050708,0.6727635,-0.6695421,0.06686577,0.27452818,-0.85594124,-0.03228275,0.48043144,-1.0566711,-0.018272378,0.6171745,-0.9389939,-0.013224246,0.663659,-0.7480353,-0.010189173
O,Zaith,Right,0.0,0.0,0.0,0.2405849,-0.01579772,0.12031562,0.36147153,-0.14197376,0.19671713,0.4749937,-0.26242396,0.22178063,0.5398667,-0.4613236,0.2424713,0.24031022,-0.5665852,0.39426175,0.3653683,-0.7287839,0.43225223,0.46365795,-0.68842846,0.3903602,0.4977472,-0.59674984,0.36335015,0.21314144,-0.6791716,0.31733114,0.35903308,-0.88452464,0.35124996,0.47242358,-0.8130516,0.26998073,0.51315325,-0.6410874,0.21405022,0.18181139,-0.7853787,0.22703607,0.33568507,-0.9903695,0.2685228,0.45404917,-0.90262645,0.21790493,0.49447548,-0.7389999,0.180255,0.14752316,-0.8605055,0.13841136,0.2794356,-1.0731207,0.18279839,0.3825953,-1.0303814,0.18731241,0.4402812,-0.89785993,0.18674062
O,Zaith,Right,0.0,0.0,0.0,0.20125833,-0.16885082,0.052808683,0.31820846,-0.36135995,0.06716508,0.41349456,-0.50093967,0.046786778,0.44327405,-0.67947364,0.028534498,0.1509399,-0.7391176,0.1759891,0.25114602,-0.9459516,0.14230092,0.3660375,-0.88304377,0.08528194,0.42726585,-0.7618799,0.05275134,0.11572068,-0.7877553,0.1160017,0.23274235,-1.0591773,0.074279346,0.35852438,-0.9783364,0.012993828,0.41898125,-0.8111179,-0.017496943,0.09360906,-0.8077659,0.04516304,0.2216722,-1.0906497,0.009831271,0.3514683,-1.0185062,-0.022787148,0.4146178,-0.85716766,-0.032525342,0.09454899,-0.78151727,-0.026729504,0.22409937,-1.0004375,-0.049847342,0.33754927,-0.9973479,-0.059620067,0.41229644,-0.9110497,-0.05847507
O,Zaith,Right,0.0,0.0,0.0,0.1973193,-0.1686585,0.04846386,0.3143405,-0.36398494,0.06455096,0.40679696,-0.5100754,0.04618622,0.42996603,-0.6831592,0.029861784,0.15291135,-0.709189,0.18109486,0.2532168,-0.8994432,0.1485957,0.36164144,-0.84159714,0.09196625,0.41863614,-0.7322511,0.059896294,0.11760517,-0.76789975,0.12491161,0.22823519,-1.0301392,0.08280082,0.35230783,-0.9507711,0.021066658,0.41514003,-0.7856431,-0.008813655,0.09284745,-0.80032754,0.0568403,0.20979187,-1.0901328,0.022145372,0.33820337,-1.0229808,-0.011908778,0.40567994,-0.86285377,-0.022266366,0.08893472,-0.79071,-0.012930387,0.21006297,-1.0129217,-0.034308992,0.3222877,-1.0071478,-0.04467956,0.40012795,-0.9164593,-0.044186555
O,Zaith,Right,0.0,0.0,0.0,0.2560045,-0.17654921,0.07530129,0.38139185,-0.42397475,0.092536524,0.4901794,-0.57158726,0.07288994,0.5560755,-0.7038927,0.05805692,0.19541168,-0.90343004,0.13818221,0.37799564,-1.1382906,0.08927077,0.5018519,-1.0097097,0.03441884,0.5419198,-0.8404302,0.007264197,0.16052596,-0.9174902,0.06633701,0.3891428,-1.1799324,0.029552191,0.51666814,-1.0164409,-0.005588082,0.5443545,-0.8296142,-0.021145793,0.15871689,-0.87812406,-0.012598732,0.3857935,-1.1428288,-0.035988465,0.5105953,-0.99870265,-0.03806221,0.5395119,-0.8139306,-0.0316285,0.1889536,-0.786034,-0.09130522,0.37050542,-0.9979318,-0.09513834,0.47561476,-0.9258191,-0.07888473,0.5166025,-0.7942625,-0.06256312
O,Zaith,Right,0.0,0.0,0.0,0.29667917,-0.098818764,0.18473226,0.45523748,-0.26005226,0.24700427,0.6046444,-0.34705168,0.24283321,0.7138571,-0.49854845,0.23534945,0.2948047,-0.8913885,0.33646855,0.52328354,-1.0898085,0.33284375,0.6714768,-0.90773875,0.2794413,0.7227297,-0.6911308,0.24565521,0.2661528,-0.9461084,0.20438379,0.54534733,-1.1566614,0.19969228,0.700039,-0.9318984,0.13447773,0.7293713,-0.6686533,0.09300502,0.25626898,-0.92873204,0.068902455,0.53650665,-1.1229292,0.07584857,0.68929225,-0.90778446,0.062130157,0.7185298,-0.6587355,0.054137204,0.28108376,-0.81975067,-0.059180878,0.5169923,-0.97588974,-0.04360181,0.6506236,-0.8533139,-0.022645006,0.6968203,-0.67036027,-0.0063424194
O,Zaith,Right,0.0,0.0,0.0,0.2839021,0.03136971,0.20773871,0.42475402,-0.08571685,0.32102087,0.5622133,-0.18824925,0.35880166,0.65843344,-0.39431402,0.3886278,0.32081267,-0.60286015,0.55919296,0.47489277,-0.7534546,0.6385386,0.58508915,-0.68870604,0.6078544,0.61216354,-0.5817585,0.5847436,0.30490583,-0.7190431,0.43808845,0.4977356,-0.9296465,0.50956273,0.62147266,-0.80784214,0.42403772,0.64338523,-0.60302085,0.36153445,0.29224893,-0.83241826,0.30370247,0.49225083,-1.0256199,0.37477332,0.6173612,-0.8563455,0.31324622,0.63803846,-0.6454452,0.26303792,0.285024,-0.9109355,0.1767458,0.46977267,-1.0818216,0.24437398,0.58591026,-0.95946866,0.24652642,0.6311451,-0.7756648,0.23864447
O,Zaith,Right,0.0,0.0,0.0,0.2951734,0.0821447,0.25121826,0.44942462,0.012153576,0.4005769,0.60534686,-0.066664495,0.46729913,0.72775996,-0.24244365,0.52881527,0.34076688,-0.5825825,0.65245634,0.52428603,-0.6947312,0.7476512,0.6530745,-0.60501975,0.71053916,0.68985337,-0.5012518,0.6811349,0.3425924,-0.71220446,0.5223042,0.5737469,-0.8457742,0.60788226,0.710041,-0.6570691,0.5044745,0.7326578,-0.4302941,0.42671442,0.369905,-0.8225763,0.38105494,0.60422415,-0.954663,0.4614504,0.72884977,-0.73359346,0.38810256,0.74136543,-0.4909554,0.32988194,0.4147463,-0.9024813,0.25083104,0.6369353,-1.0032549,0.3323734,0.7415654,-0.8380095,0.33905604,0.76936513,-0.63880926,0.33419764
O,Zaith,Right,0.0,0.0,0.0,0.30515608,-0.11862461,0.24223775,0.45401266,-0.29508093,0.34077543,0.59746325,-0.39307207,0.36434758,0.6844122,-0.5313902,0.38830882,0.25294146,-0.96020055,0.41467607,0.49816033,-1.1791872,0.43252325,0.6428621,-0.9857258,0.39093152,0.6736468,-0.7390534,0.3694856,0.24054319,-0.9951461,0.27238747,0.54316235,-1.2123079,0.29796436,0.68468463,-0.97016776,0.25402915,0.68842953,-0.69997483,0.22742982,0.25870177,-0.9630168,0.12957568,0.56687146,-1.1897854,0.16494277,0.7008669,-0.94657993,0.17665353,0.70624304,-0.6816504,0.18647893,0.32191855,-0.8513545,-0.0017431208,0.58060074,-1.038996,0.0485141,0.69191676,-0.8874767,0.09678236,0.7086494,-0.68081903,0.13202548
O,Zaith,Right,0.0,0.0,0.0,0.2918572,-0.11202036,0.20205474,0.43725544,-0.29233038,0.28241736,0.57715166,-0.3878238,0.29774007,0.6634638,-0.5306287,0.3140101,0.24252072,-0.9242387,0.35199136,0.4805816,-1.1463373,0.35476458,0.6292891,-0.9758943,0.30710402,0.6680098,-0.7441525,0.28228426,0.22784834,-0.953924,0.22796698,0.5169106,-1.1903561,0.23919459,0.6638524,-0.9759571,0.18989031,0.6777084,-0.72676635,0.16026832,0.24335699,-0.9186901,0.10278168,0.5293289,-1.1625565,0.1271197,0.66965413,-0.96059966,0.13274476,0.6837393,-0.71761256,0.13899931,0.30197194,-0.80429536,-0.013456849,0.5409248,-1.0065233,0.027319815,0.6592788,-0.8915193,0.06891189,0.6879153,-0.7101539,0.100016795
O,Zaith,Right,0.0,0.0,0.0,0.30406922,0.04221966,0.27244937,0.4605626,-0.03448016,0.4153195,0.61567944,-0.10815189,0.47031853,0.7416115,-0.27263921,0.517725,0.3441567,-0.63759214,0.6446225,0.54570526,-0.76074815,0.73316544,0.6753629,-0.63948774,0.69430393,0.7066706,-0.48539037,0.6631528,0.3410863,-0.74327505,0.4957587,0.58353716,-0.91799414,0.57506406,0.71815926,-0.72074014,0.47409597,0.73610294,-0.47337323,0.39638218,0.35842168,-0.8258765,0.33760905,0.6005921,-0.9895658,0.4155649,0.72769797,-0.762573,0.34741643,0.74192566,-0.5074512,0.28943118,0.40073317,-0.8620898,0.19204216,0.6186168,-1.0090115,0.27217233,0.72641754,-0.8558131,0.27928334,0.75684404,-0.6535955,0.27085277
O,Zaith,Right,0.0,0.0,0.0,0.30219248,0.030458145,0.25551018,0.45854485,-0.05975593,0.38738507,0.6110998,-0.13112651,0.4349501,0.7336606,-0.28599745,0.4753656,0.34532577,-0.6454951,0.60625494,0.54794955,-0.7702136,0.68588537,0.67409426,-0.6450621,0.6455768,0.70336235,-0.48559433,0.61413723,0.34087327,-0.74541533,0.46331692,0.57930386,-0.9167931,0.53556424,0.71294546,-0.72040856,0.43793148,0.7311355,-0.47154924,0.36298922,0.35570535,-0.81809956,0.31139502,0.592267,-0.994285,0.38620514,0.7199465,-0.7728414,0.32407042,0.7341533,-0.5194431,0.2703039,0.39455828,-0.83926886,0.17036839,0.6091433,-1.0079638,0.24810022,0.71759254,-0.86493003,0.2585144,0.7461047,-0.66582865,0.25316915
O,Zaith,Right,0.0,0.0,0.0,0.20818537,-0.11207738,-0.012212634,0.3602565,-0.2668998,-0.03031027,0.49112317,-0.41073456,-0.069876224,0.5374244,-0.62954694,-0.10937834,0.23175961,-0.681587,0.08703797,0.34799385,-0.9329669,0.017609797,0.4486274,-0.8748793,-0.059830055,0.49100235,-0.7473482,-0.10248797,0.1752572,-0.74785733,0.048760135,0.3138135,-1.0554963,-0.030850211,0.42841995,-0.96606106,-0.11903236,0.47229046,-0.7741763,-0.1659666,0.101204194,-0.7934475,-0.0040082526,0.2320653,-1.097467,-0.06827261,0.3536493,-1.0266423,-0.123207524,0.40942946,-0.85626566,-0.14672172,0.016544001,-0.8002736,-0.06117789,0.13427255,-1.0438743,-0.10910373,0.24683976,-1.0485088,-0.13633053,0.32124746,-0.9469953,-0.14754912
O,Zaith,Right,0.0,0.0,0.0,0.21637793,-0.16258807,0.043247115,0.35369852,-0.35469523,0.04486071,0.4748589,-0.4920753,0.012362653,0.5532861,-0.6625681,-0.019135632,0.20617771,-0.7976066,0.13952537,0.34423152,-1.0493132,0.07926654,0.47569466,-0.95726806,0.0075100325,0.54471266,-0.8106998,-0.03214303,0.15908341,-0.8432741,0.07490329,0.32934222,-1.1554207,0.0041358327,0.47904253,-1.0230142,-0.07288588,0.5416915,-0.8213788,-0.11188361,0.1065667,-0.8682325,-0.00077788916,0.28662753,-1.1668675,-0.06331127,0.44037515,-1.0335113,-0.1080571,0.5030223,-0.83308804,-0.121821456,0.055923536,-0.8569855,-0.07624722,0.22333631,-1.0759857,-0.12201312,0.3634841,-1.0247172,-0.14039007,0.44412056,-0.89596707,-0.14218955
O,Zaith,Right,0.0,0.0,0.0,0.1842888,-0.23935345,0.057733964,0.29869083,-0.44886905,0.05964143,0.396756,-0.5892258,0.027492365,0.46563897,-0.74706584,-0.0036981206,0.14101848,-0.8305135,0.12449954,0.25772104,-1.0992116,0.06620982,0.37982064,-1.0228281,0.0022727328,0.44164714,-0.89718884,-0.03299952,0.08849759,-0.8421319,0.05424363,0.24941015,-1.140392,-0.01069906,0.3829505,-1.0247768,-0.07660568,0.43824187,-0.85493875,-0.10942011,0.043555517,-0.81923187,-0.023600304,0.21067832,-1.0777928,-0.08017959,0.34760353,-0.97276753,-0.1141738,0.41261014,-0.81311125,-0.12278384,0.012383881,-0.7509113,-0.09986093,0.16402382,-0.937839,-0.14058596,0.28574216,-0.91346115,-0.15442894,0.3646202,-0.83157635,-0.15473926
O,Zaith,Right,0.0,0.0,0.0,0.14919926,-0.27164373,0.0028396936,0.2362735,-0.52175283,-0.030132432,0.3231534,-0.6732867,-0.08359792,0.37366518,-0.84348977,-0.1365383,0.017454756,-0.863258,0.0070365677,0.124564335,-1.1123503,-0.08828388,0.25281075,-1.0565517,-0.16829054,0.33348295,-0.9427561,-0.21104294,-0.049466126,-0.823028,-0.042243384,0.09005357,-1.1096951,-0.13766977,0.23919936,-1.0256205,-0.21019424,0.3258485,-0.89369214,-0.2468267,-0.09390714,-0.73560065,-0.098554716,0.038353212,-0.99890935,-0.1875313,0.19107996,-0.93237853,-0.22984238,0.285322,-0.8087642,-0.24139524,-0.11032473,-0.59599227,-0.1547013,0.025167415,-0.804531,-0.21934146,0.1503048,-0.8230609,-0.24028839,0.24146645,-0.7874433,-0.24402726
O,Zaith,Right,0.0,0.0,0.0,0.15288924,-0.2530341,0.033907626,0.2506132,-0.47717223,0.022182595,0.33112344,-0.6283244,-0.016748097,0.3733714,-0.80552685,-0.055391043,0.08451055,-0.7960378,0.060435787,0.15617013,-1.0911816,-0.00869839,0.26937523,-1.0406579,-0.06954692,0.3322285,-0.9431989,-0.10156171,0.028869579,-0.7816082,0.0013011417,0.13723189,-1.1051581,-0.07005897,0.26856697,-1.0149039,-0.1279266,0.33042917,-0.87917787,-0.15619895,-0.018004918,-0.7363262,-0.064537436,0.091366515,-1.0283309,-0.1273881,0.22915994,-0.95745736,-0.15564394,0.30555266,-0.831816,-0.16112465,-0.04972957,-0.6473347,-0.1296868,0.055816643,-0.87876344,-0.17656131,0.17178336,-0.88083184,-0.18898076,0.25178924,-0.8186625,-0.18849383
O,Zaith,Left,0.0,0.0,0.0,-0.23145725,-0.050904628,0.010891041,-0.4202051,-0.2086058,0.010169909,-0.5660881,-0.3185086,-0.016110701,-0.67672384,-0.4570266,-0.03649589,-0.32697442,-0.7148157,0.13051255,-0.49051818,-0.8579758,0.06789976,-0.6088778,-0.7768531,-0.0015463086,-0.6754607,-0.6351332,-0.039465725,-0.28964671,-0.78947115,0.08583822,-0.49618208,-0.9618289,0.018145252,-0.6182212,-0.8271805,-0.047703266,-0.66845477,-0.60571903,-0.077028446,-0.24836792,-0.8249703,0.024911694,-0.46016085,-1.0019504,-0.035203416,-0.5949973,-0.8588331,-0.07232862,-0.6566194,-0.6519495,-0.0790107,-0.20651218,-0.81083685,-0.039535858,-0.37570292,-0.9549897,-0.078426234,-0.5064577,-0.91557884,-0.09682233,-0.59514594,-0.80361766,-0.099063516
O,Zaith,Left,0.0,0.0,0.0,-0.21743484,-0.0684847,-0.0145792,-0.4016445,-0.22175042,-0.03396928,-0.5511903,-0.3458524,-0.07304864,-0.62129784,-0.5257751,-0.10382186,-0.3325261,-0.7050972,0.08847168,-0.4994632,-0.90508544,0.0059442366,-0.5965706,-0.8143854,-0.07343088,-0.6322569,-0.6590438,-0.11382087,-0.2833295,-0.77527624,0.0598002,-0.4617308,-1.0053989,-0.017844765,-0.56392974,-0.90662956,-0.08066958,-0.60859174,-0.71654063,-0.10452854,-0.21499722,-0.8210828,0.013812093,-0.38551003,-1.0469136,-0.04617444,-0.5049506,-0.9503623,-0.07249989,-0.5707135,-0.7838849,-0.07089622,-0.13517411,-0.82312316,-0.038152806,-0.26685798,-0.99234426,-0.07839048,-0.38486144,-0.97042143,-0.092503145,-0.47248527,-0.88133854,-0.08844257
O,Zaith,Left,0.0,0.0,0.0,-0.21495551,-0.07587222,-0.007733343,-0.4083553,-0.23078036,-0.0252088,-0.5545314,-0.35178545,-0.06298803,-0.612791,-0.5380982,-0.092664324,-0.31979713,-0.71064,0.086879246,-0.4728548,-0.93071043,0.0078082113,-0.57929045,-0.8595536,-0.06619632,-0.6301077,-0.72267157,-0.105475955,-0.26795033,-0.7864286,0.05239242,-0.43824372,-1.0415536,-0.027336622,-0.55336726,-0.94770026,-0.09011528,-0.6069786,-0.76156384,-0.11504901,-0.1975393,-0.83178717,0.0017684672,-0.36660495,-1.0715066,-0.060634553,-0.49457446,-0.9815037,-0.09172014,-0.5683738,-0.8112498,-0.09539058,-0.1133197,-0.8279999,-0.053552225,-0.24681583,-0.9806609,-0.0942342,-0.36352965,-0.96739143,-0.11182974,-0.45326683,-0.8913749,-0.11283401
O,Zaith,Left,0.0,0.0,0.0,-0.23039056,-0.16211767,0.022212232,-0.3990981,-0.35574526,0.0045110746,-0.5336472,-0.4643163,-0.038642216,-0.61284393,-0.60236037,-0.07699658,-0.24334396,-0.8916472,0.073644005,-0.43225503,-1.0393349,-0.002036942,-0.56528115,-0.9238343,-0.07025239,-0.6352173,-0.77233344,-0.107523575,-0.19224778,-0.9048911,0.019260127,-0.44746533,-1.0590246,-0.04595899,-0.5818251,-0.89480925,-0.09659698,-0.6285615,-0.72354776,-0.123421885,-0.1576786,-0.85070425,-0.046392556,-0.41415963,-0.9843408,-0.107294,-0.55070823,-0.8230724,-0.12631287,-0.60455275,-0.647316,-0.12702617,-0.14999202,-0.72420716,-0.11304043,-0.3482871,-0.8364227,-0.1532411,-0.4599065,-0.77151877,-0.15787125,-0.5203987,-0.65926605,-0.15188791
O,Zaith,Left,0.0,0.0,0.0,-0.23041594,0.01929738,-0.009695151,-0.43056917,-0.07244465,-0.024661612,-0.5811533,-0.19142364,-0.059107583,-0.6410908,-0.3922343,-0.084779985,-0.3725954,-0.5503668,0.10169637,-0.523362,-0.7447662,0.028450549,-0.6189482,-0.6643485,-0.043451186,-0.65482295,-0.53087556,-0.08280761,-0.3274664,-0.64796364,0.07260464,-0.49968606,-0.8686234,-0.0046942183,-0.5984146,-0.7576627,-0.07134491,-0.6300093,-0.5866059,-0.10014437,-0.25703284,-0.73613185,0.02696706,-0.426536,-0.9711021,-0.033948068,-0.5359874,-0.8637738,-0.06851829,-0.58299774,-0.6906109,-0.07430345,-0.15546925,-0.80008894,-0.023273518,-0.27631178,-0.98233277,-0.061061617,-0.3866693,-0.9698982,-0.08094949,-0.46519196,-0.8852098,-0.084205575
O,Zaith,Left,0.0,0.0,0.0,-0.24145429,0.060636222,0.024039736,-0.4521844,-0.022862531,0.04042134,-0.6051311,-0.107183196,0.027292168,-0.7101325,-0.24339865,0.020980114,-0.40941924,-0.5623476,0.17973977,-0.5971973,-0.65987486,0.14086536,-0.69628936,-0.54516447,0.083190955,-0.7276327,-0.40846375,0.053413536,-0.38726938,-0.6760817,0.13825923,-0.6086172,-0.7970932,0.09725955,-0.7122369,-0.6279469,0.040692616,-0.7230877,-0.41369092,0.018609896,-0.34516126,-0.77014256,0.080344774,-0.56529415,-0.92880774,0.04650635,-0.6752455,-0.7528,0.022474408,-0.68888867,-0.5409585,0.025364436,-0.28330606,-0.83685386,0.01844935,-0.44781855,-0.9990407,0.0045962078,-0.57293147,-0.92569643,0.0022441715,-0.633515,-0.77373046,0.01296591
O,Zaith,Left,0.0,0.0,0.0,-0.25138918,0.02748351,0.0035901256,-0.45527893,-0.0993025,-0.002157121,-0.6183705,-0.19043545,-0.031324822,-0.74076474,-0.32326534,-0.05409755,-0.36347616,-0.7056189,0.10314177,-0.5879842,-0.8114507,0.03461525,-0.7254498,-0.66093,-0.036263,-0.7847077,-0.4622092,-0.0726167,-0.3332418,-0.79992753,0.063630305,-0.6213193,-0.90000594,-0.003785263,-0.75290465,-0.67267954,-0.07116495,-0.7807857,-0.4118032,-0.104249954,-0.30364373,-0.8482047,0.009605125,-0.597917,-0.9645814,-0.058967322,-0.73540527,-0.72477454,-0.10304459,-0.76329964,-0.46759942,-0.113809966,-0.27961767,-0.84518355,-0.046447273,-0.5017615,-0.9884115,-0.090211675,-0.6445523,-0.88309115,-0.10761659,-0.7132445,-0.70091534,-0.109014675
O,Zaith,Left,0.0,0.0,0.0,-0.24781008,-0.059008077,0.03611713,-0.42567128,-0.22593223,0.02986728,-0.5806713,-0.32136387,-0.0035998742,-0.7027304,-0.4380463,-0.031966213,-0.27654356,-0.9416531,0.10872266,-0.51851946,-1.0308652,0.047513608,-0.66248435,-0.87848246,-0.014199383,-0.7217372,-0.69216716,-0.046368394,-0.25489578,-0.9753374,0.05366061,-0.5495477,-1.0658761,0.01211203,-0.6903752,-0.86178076,-0.030306954,-0.73218846,-0.6481636,-0.05575258,-0.25992092,-0.92649555,-0.012878682,-0.5540165,-1.0034767,-0.063588545,-0.6963806,-0.79095364,-0.08452835,-0.7409707,-0.5740829,-0.08834622,-0.29964575,-0.80341655,-0.07879719,-0.5349648,-0.876549,-0.11365697,-0.6450478,-0.76224506,-0.11698204,-0.6906049,-0.611132,-0.109995686
O,Zaith,Left,0.0,0.0,0.0,-0.2458149,-0.03020922,-0.004532284,-0.44816196,-0.1784361,-0.024335194,-0.6087644,-0.2646034,-0.05876043,-0.731523,-0.37969196,-0.08431166,-0.32911047,-0.85731834,0.04584369,-0.5504466,-0.95651585,-0.021548575,-0.68231106,-0.8245197,-0.085047916,-0.7535199,-0.6574251,-0.11907011,-0.29027864,-0.89844036,0.012973639,-0.57665855,-0.9917681,-0.041250423,-0.71071553,-0.82701015,-0.08710746,-0.7601318,-0.63448393,-0.11313464,-0.2715285,-0.85552955,-0.03106546,-0.55260414,-0.9779396,-0.09011796,-0.6949482,-0.8156493,-0.11358634,-0.75219566,-0.61966777,-0.116349496,-0.28158623,-0.73524565,-0.07692364,-0.49700662,-0.8696768,-0.12089559,-0.62710714,-0.8132446,-0.1319598,-0.70203996,-0.689926,-0.12853567
O,Zaith,Left,0.0,0.0,0.0,-0.228846,-0.072758034,-0.0066485377,-0.42470664,-0.21737647,-0.031272475,-0.57368886,-0.32401302,-0.07637161,-0.6380645,-0.499224,-0.113561586,-0.35458207,-0.7014531,0.06894158,-0.513686,-0.9312834,-0.0212068,-0.6182017,-0.83541316,-0.10009821,-0.66318727,-0.6859242,-0.14151214,-0.30082145,-0.76907194,0.03024015,-0.48616466,-1.0452677,-0.061147265,-0.5975524,-0.9235063,-0.123594716,-0.63937193,-0.73283714,-0.14627537,-0.22692904,-0.8043442,-0.023989078,-0.40263686,-1.0646024,-0.095102265,-0.53214115,-0.9616836,-0.12506518,-0.60011786,-0.79142416,-0.12644537,-0.14025462,-0.7919885,-0.08238038,-0.27642223,-0.97285646,-0.127151,-0.4001519,-0.954607,-0.1440191,-0.4914393,-0.87091184,-0.14420338
O,Zaith,Left,0.0,0.0,0.0,-0.2220192,-0.08137337,-0.021182438,-0.42212763,-0.24741052,-0.04553455,-0.5768661,-0.38195723,-0.087424465,-0.6311778,-0.58089834,-0.11999693,-0.35061848,-0.713161,0.07323448,-0.49371168,-0.96173376,-0.0121666035,-0.59422857,-0.88394314,-0.08986478,-0.63923347,-0.7390969,-0.13266993,-0.29299864,-0.79098296,0.045420527,-0.46321765,-1.0722039,-0.045317072,-0.5690896,-0.96231043,-0.11422779,-0.61207044,-0.7751971,-0.14236589,-0.20980321,-0.837449,0.00090745575,-0.36526853,-1.1274701,-0.07322713,-0.47905192,-1.0247781,-0.11062455,-0.539985,-0.8416746,-0.116996296,-0.10654977,-0.8378934,-0.048272304,-0.21320362,-1.0237108,-0.098953776,-0.32516265,-0.9982453,-0.12301146,-0.4116933,-0.8998487,-0.12796798
O,Zaith,Left,0.0,0.0,0.0,-0.23231643,0.024326548,-0.012027461,-0.45340696,-0.049478687,-0.02922109,-0.6226861,-0.13175683,-0.066536866,-0.69979036,-0.31890646,-0.09447887,-0.42155218,-0.561085,0.08548162,-0.61339116,-0.7347316,0.0045984895,-0.7135712,-0.6131225,-0.069248065,-0.73642975,-0.46344206,-0.107306615,-0.38208395,-0.672369,0.0550766,-0.58917975,-0.89538884,-0.02021832,-0.69358265,-0.75674134,-0.075313024,-0.7132649,-0.56622154,-0.09500993,-0.31451118,-0.7707056,0.007344924,-0.51757485,-1.0055503,-0.04904283,-0.63714594,-0.8695852,-0.070428826,-0.67831326,-0.68197,-0.06765265,-0.21971872,-0.83404624,-0.04654823,-0.36526838,-1.0126764,-0.081180066,-0.4852243,-0.9558291,-0.09326788,-0.55960554,-0.8287591,-0.09040815
O,Zaith,Left,0.0,0.0,0.0,-0.246026,-0.03456402,0.016736377,-0.4263161,-0.23632082,0.020654794,-0.5699932,-0.37707722,0.0021487905,-0.68491757,-0.50992626,-0.010390114,-0.2697901,-0.83264077,0.101914495,-0.4793131,-0.9928053,0.048716307,-0.61164737,-0.8624236,-0.0073155477,-0.67537546,-0.68806946,-0.035700746,-0.22182779,-0.91066283,0.06120012,-0.49788684,-1.0805857,0.018206388,-0.64105296,-0.8872891,-0.024862386,-0.6849807,-0.665541,-0.046315674,-0.19432724,-0.9213608,0.008072178,-0.4735628,-1.1005337,-0.040196136,-0.6235974,-0.902749,-0.06549868,-0.66981006,-0.68092346,-0.069808796,-0.19965881,-0.8688616,-0.046398554,-0.41349226,-1.0317128,-0.0795029,-0.5458362,-0.94710237,-0.08604052,-0.6100611,-0.79235435,-0.081127346
O,Zaith,Left,0.0,0.0,0.0,-0.2685728,-0.056182012,0.013589956,-0.4656619,-0.22228287,0.0072587742,-0.6169462,-0.3485715,-0.021564258,-0.714975,-0.50100565,-0.041585416,-0.3126235,-0.86263627,0.11155598,-0.524488,-0.98994845,0.05948619,-0.6527789,-0.8599601,0.00025982675,-0.7214868,-0.6924282,-0.032157008,-0.26814803,-0.9082304,0.07034652,-0.5438367,-1.0277803,0.028047444,-0.6800091,-0.8618991,-0.021741882,-0.72998804,-0.6669265,-0.049926158,-0.24775633,-0.88234353,0.01562552,-0.5233266,-1.0056449,-0.03145418,-0.6669141,-0.8474875,-0.058339797,-0.7235978,-0.647907,-0.06479453,-0.26043716,-0.7826592,-0.04123227,-0.4670504,-0.8990736,-0.070370324,-0.5937838,-0.8433456,-0.07863933,-0.66758525,-0.721687,-0.07623082
O,Zaith,Left,0.0,0.0,0.0,-0.20150234,0.07070953,0.035345905,-0.38462487,-0.02722555,0.06324397,-0.5360682,-0.124711625,0.06494749,-0.6353401,-0.28532138,0.06956922,-0.28171128,-0.5726719,0.20056416,-0.46847028,-0.6582634,0.2069924,-0.60278827,-0.57586074,0.17141624,-0.6723491,-0.47364107,0.14604308,-0.2605156,-0.70936227,0.15961473,-0.4915624,-0.78151673,0.17541437,-0.63698256,-0.6438625,0.12877515,-0.692852,-0.48167336,0.09210562,-0.24975705,-0.7923435,0.10623926,-0.4856257,-0.8941535,0.115986325,-0.6266416,-0.74718225,0.0920722,-0.6795829,-0.5892848,0.07388197,-0.25096112,-0.81821924,0.050335303,-0.44418287,-0.9749242,0.060207084,-0.57327896,-0.9071818,0.06784991,-0.6364606,-0.7713092,0.07359584
O,Zaith,Left,0.0,0.0,0.0,-0.20472772,0.1892089,0.095855586,-0.38773033,0.12209067,0.1797288,-0.5215155,-0.001453124,0.22282335,-0.58064204,-0.18291636,0.26534256,-0.2309102,-0.48401055,0.35778907,-0.39819697,-0.5906039,0.4179689,-0.5192308,-0.51486796,0.39932624,-0.5754636,-0.383631,0.38352776,-0.23611715,-0.67125654,0.30474228,-0.44330457,-0.7804261,0.36988258,-0.58819693,-0.64993894,0.30495554,-0.6464589,-0.45583716,0.2523026,-0.24413884,-0.83959514,0.23971498,-0.47397396,-0.96111524,0.28414685,-0.621284,-0.78196174,0.22067559,-0.6753639,-0.571276,0.17234568,-0.26876444,-0.98163676,0.17814954,-0.47830108,-1.0928018,0.21351199,-0.6140391,-0.9543082,0.20829517,-0.6729369,-0.73969984,0.20147485
O,Zaith,Left,0.0,0.0,0.0,-0.22404286,0.07033256,-0.013877272,-0.43248504,-0.021412732,-0.02599564,-0.5944609,-0.11349641,-0.057059634,-0.69531596,-0.27804914,-0.07925311,-0.35189503,-0.64758056,0.0908897,-0.566212,-0.73805916,0.038240418,-0.67947245,-0.57560885,-0.022107314,-0.69899064,-0.39036086,-0.053638488,-0.31742215,-0.7618446,0.06288577,-0.57636267,-0.8553757,0.01522296,-0.6932738,-0.63761085,-0.034838233,-0.6977852,-0.41299734,-0.058493245,-0.29184672,-0.8157198,0.01975612,-0.548759,-0.9601992,-0.02341756,-0.67757064,-0.75051415,-0.043468826,-0.6899511,-0.5317927,-0.043182086,-0.28109902,-0.80494046,-0.028948445,-0.48260906,-0.99512076,-0.056722697,-0.6193656,-0.90494215,-0.057455074,-0.6714156,-0.741081,-0.047307733
O,Zaith,Left,0.0,0.0,0.0,-0.21949755,0.17163424,0.023420407,-0.416489,0.16343868,0.053593766,-0.5840582,0.0604871,0.053372905,-0.6695262,-0.14999291,0.058306783,-0.34960645,-0.3828134,0.27227268,-0.5032753,-0.47376287,0.28067857,-0.6008505,-0.40685248,0.23375495,-0.6385304,-0.30381638,0.20062129,-0.34498057,-0.5372582,0.24250332,-0.5241761,-0.6610109,0.24304277,-0.62885314,-0.56423,0.16529794,-0.65896356,-0.3992141,0.11584227,-0.32030043,-0.6987057,0.19388051,-0.5088757,-0.84179777,0.1970818,-0.6157294,-0.7442086,0.14666222,-0.6451042,-0.5753116,0.118240476,-0.26626316,-0.8638421,0.14122637,-0.42368054,-0.9904622,0.15594773,-0.53620976,-0.9442138,0.1466841,-0.5900638,-0.8073566,0.1422284
O,Zaith,Left,0.0,0.0,0.0,-0.2488326,0.08481242,-0.023068821,-0.47137868,-0.031941164,-0.052863028,-0.64261454,-0.1452226,-0.09507755,-0.76503265,-0.29327726,-0.13108793,-0.3190785,-0.80229306,-0.010744533,-0.6129635,-0.93229276,-0.09036085,-0.7580269,-0.73772544,-0.15559888,-0.79970354,-0.50678784,-0.18728645,-0.26666197,-0.8969669,-0.04121086,-0.6214745,-0.99660665,-0.10394882,-0.77193564,-0.7619971,-0.14695503,-0.80084306,-0.50808114,-0.17081955,-0.24526317,-0.894758,-0.08272578,-0.59314066,-1.0278432,-0.14980221,-0.75396353,-0.7843329,-0.1716797,-0.79236144,-0.5306489,-0.17483728,-0.26587665,-0.8070984,-0.12620002,-0.551871,-0.9762928,-0.18943392,-0.6986594,-0.84415346,-0.2008765,-0.75949043,-0.6505185,-0.1946125
O,Zaith,Left,0.0,0.0,0.0,-0.22921944,-0.061378315,0.023600956,-0.4081763,-0.21688536,0.026651911,-0.532884,-0.3288111,0.004536819,-0.6021259,-0.45841318,-0.011326203,-0.3243422,-0.71313393,0.11911616,-0.46415204,-0.90679204,0.06527064,-0.57889706,-0.8620216,0.0040431414,-0.6367849,-0.75206834,-0.031123988,-0.28025854,-0.77241826,0.07080057,-0.4455526,-0.97323763,0.02426359,-0.5655195,-0.9128532,-0.026174804,-0.61893237,-0.7661268,-0.052685756,-0.23849316,-0.7982127,0.00900695,-0.4099003,-0.9808892,-0.026766319,-0.5396597,-0.93039453,-0.050148662,-0.60351574,-0.79735106,-0.05686865,-0.20208287,-0.7738997,-0.056529116,-0.3512562,-0.91736436,-0.07681693,-0.46997267,-0.9070243,-0.08217718,-0.5495063,-0.8245509,-0.079768844
O,Zaith,Left,0.0,0.0,0.0,-0.2210254,-0.041021876,-0.012894843,-0.4175172,-0.14307052,-0.036136113,-0.5648287,-0.22520293,-0.07883657,-0.6208765,-0.40930998,-0.11063274,-0.34880298,-0.66567874,0.078398004,-0.5182129,-0.84274626,-0.00794102,-0.5966166,-0.7034988,-0.08549644,-0.60678196,-0.525018,-0.12348891,-0.30483794,-0.7477866,0.049290054,-0.49359673,-0.97017956,-0.03444831,-0.58639395,-0.79783297,-0.092173465,-0.6016133,-0.57433355,-0.109768316,-0.24776135,-0.7986952,0.003465163,-0.4250198,-1.0402414,-0.05612406,-0.5355624,-0.8843272,-0.07592881,-0.57134336,-0.6770156,-0.06810388,-0.18212391,-0.7943631,-0.04847128,-0.3104705,-0.9777204,-0.0819817,-0.43273714,-0.9511904,-0.09317831,-0.51372993,-0.85795194,-0.08713953
O,Zaith,Left,0.0,0.0,0.0,-0.22282507,0.05072687,-0.011186334,-0.4211858,0.018003667,-0.029550973,-0.5728844,-0.042414993,-0.06989066,-0.6332652,-0.24155793,-0.09660436,-0.41362983,-0.55362356,0.11054268,-0.57892895,-0.7102608,0.033556756,-0.63818735,-0.54404426,-0.040333357,-0.62501967,-0.3638865,-0.07680821,-0.38420653,-0.6501504,0.08167846,-0.5831692,-0.8320281,0.0067636836,-0.65250194,-0.6376172,-0.052725147,-0.6343876,-0.43126374,-0.07223545,-0.33257186,-0.73456764,0.034306083,-0.51827365,-0.941698,-0.020732978,-0.60079646,-0.75821924,-0.0425852,-0.59873307,-0.555548,-0.035503462,-0.2539693,-0.79298604,-0.019662628,-0.38833112,-0.98554045,-0.046900544,-0.5096126,-0.9341916,-0.056273174,-0.5783092,-0.81581765,-0.049353145
O,Zaith,Left,0.0,0.0,0.0,-0.26063108,-0.02817147,0.021971786,-0.47722897,-0.16474997,0.019675957,-0.64579004,-0.2529542,-0.01593276,-0.72803974,-0.4486247,-0.04095349,-0.38913378,-0.8112005,0.15767224,-0.5998154,-0.9707894,0.08777294,-0.7097676,-0.80236816,0.013729545,-0.7298265,-0.5929369,-0.023629662,-0.36044765,-0.8906643,0.10299767,-0.61566144,-1.0646105,0.03873358,-0.7306547,-0.83334196,-0.027771346,-0.7337409,-0.57955825,-0.058032278,-0.33135414,-0.9359321,0.0303175,-0.5936403,-1.1167332,-0.028676067,-0.7163478,-0.8606795,-0.065157175,-0.7165728,-0.59005094,-0.071146935,-0.3135736,-0.92082936,-0.04547573,-0.538929,-1.0548781,-0.07872553,-0.67589736,-0.9074283,-0.08851041,-0.71933466,-0.69466364,-0.08334876
O,Zaith,Left,0.0,0.0,0.0,-0.26428056,-0.053871136,0.02357127,-0.47358513,-0.16507766,0.014385047,-0.63037,-0.2357666,-0.0278676,-0.7125683,-0.4105487,-0.061573528,-0.40626514,-0.77104944,0.14742513,-0.5955778,-0.92766654,0.06857739,-0.6970805,-0.75475365,-0.011090924,-0.72224563,-0.56036484,-0.05465799,-0.3651134,-0.84330314,0.0894537,-0.59592247,-1.0165523,0.009157298,-0.70213073,-0.7931927,-0.05993978,-0.71407783,-0.558529,-0.09040734,-0.31946683,-0.8688292,0.013202465,-0.5529399,-1.049155,-0.053587973,-0.6747595,-0.8264416,-0.08594854,-0.69861734,-0.5847905,-0.088902764,-0.27529427,-0.8315185,-0.066606216,-0.46034977,-0.9567571,-0.10696139,-0.5970607,-0.87351763,-0.12322388,-0.67118573,-0.7412892,-0.1231134
O,Zaith,Left,0.0,0.0,0.0,-0.22407551,-0.050609097,-0.020429159,-0.43984243,-0.17824174,-0.047400754,-0.59702694,-0.28343534,-0.091857225,-0.6499108,-0.47987705,-0.1261025,-0.37065765,-0.66633373,0.06439281,-0.52915215,-0.88033944,-0.02738503,-0.61440164,-0.77607036,-0.10645327,-0.63239074,-0.6238109,-0.14786133,-0.3149202,-0.7581533,0.036459044,-0.4947951,-1.0176729,-0.059229307,-0.58528674,-0.8700436,-0.123965465,-0.60109276,-0.67267865,-0.14639066,-0.23518278,-0.8167087,-0.008048027,-0.4029186,-1.0860969,-0.080339305,-0.51566285,-0.95854235,-0.11100195,-0.5641962,-0.76711154,-0.11148893,-0.13720451,-0.81917816,-0.05771715,-0.2600532,-0.99473935,-0.10273993,-0.3768576,-0.9713762,-0.123180635,-0.46206775,-0.88684464,-0.12504746
O,Zaith,Left,0.0,0.0,0.0,-0.26127905,-0.11289716,0.02910196,-0.4565028,-0.29080835,0.0014908693,-0.6182483,-0.40031368,-0.055146564,-0.7065255,-0.560288,-0.10734408,-0.29884276,-1.0336434,0.07159063,-0.57487214,-1.1264163,-0.002870966,-0.7048626,-0.90558136,-0.07169194,-0.73034865,-0.6830746,-0.110766254,-0.27025083,-1.0445967,0.011480054,-0.6066812,-1.1464417,-0.049895037,-0.72352064,-0.86857015,-0.09470405,-0.72058135,-0.65491307,-0.12079179,-0.26857033,-0.9721331,-0.05772072,-0.5953827,-1.1029695,-0.12259903,-0.7095258,-0.83478874,-0.13229117,-0.70185775,-0.60196674,-0.12796168,-0.30265397,-0.81846744,-0.12628147,-0.5583405,-0.9391763,-0.17517214,-0.65189713,-0.7906456,-0.17188151,-0.6518578,-0.61420345,-0.15811841
O,Zaith,Left,0.0,0.0,0.0,-0.24524435,0.084111065,0.0046370607,-0.4726271,0.049157955,0.004460959,-0.642624,0.006517347,-0.021878336,-0.73126274,-0.1719934,-0.0350264,-0.47762272,-0.58353263,0.15494771,-0.67004573,-0.7030396,0.09518391,-0.74755627,-0.5243626,0.026240181,-0.74386495,-0.3387912,-0.007872691,-0.4547175,-0.68805695,0.12049287,-0.6729708,-0.83224577,0.06492617,-0.751891,-0.61729974,0.0069892327,-0.7364337,-0.3988904,-0.013767423,-0.4106187,-0.7730683,0.06742051,-0.62867886,-0.9267739,0.025717758,-0.7101095,-0.7020504,0.006250182,-0.6954943,-0.48175952,0.013499118,-0.34328824,-0.826069,0.008434091,-0.51677895,-0.99026597,-0.005122049,-0.6346992,-0.887667,-0.0026595492,-0.68171483,-0.731618,0.01188206
O,Zaith,Right,0.0,0.0,0.0,-0.2484759,0.18672772,0.056603905,-0.5105229,0.15711209,0.10854483,-0.70759535,0.061483912,0.12552594,-0.8104045,-0.113110356,0.15019341,-0.49716341,-0.63579386,0.25732306,-0.7754128,-0.71136135,0.2682459,-0.8523996,-0.4921664,0.23407765,-0.8274193,-0.28262812,0.21543048,-0.506347,-0.7758775,0.21086575,-0.81617624,-0.8075313,0.2263505,-0.8949341,-0.526472,0.1715175,-0.85447335,-0.29581976,0.13763052,-0.50995,-0.8618103,0.15049885,-0.83087724,-0.9092035,0.15018871,-0.8987612,-0.6016307,0.109475285,-0.8385162,-0.35332376,0.08860023,-0.5122541,-0.8866174,0.09091911,-0.7890602,-0.9554565,0.09782891,-0.8837661,-0.7355082,0.10083242,-0.86398745,-0.50351334,0.108049154
O,Zaith,Left,0.0,0.0,0.0,-0.23612309,0.13584551,0.030385949,-0.44346204,0.12659934,0.049713746,-0.6022341,0.05067956,0.037344992,-0.6992115,-0.10855725,0.033938307,-0.4418509,-0.46551558,0.20938727,-0.6201232,-0.5762892,0.173297,-0.6862634,-0.40972912,0.11677363,-0.68177015,-0.23725753,0.0892578,-0.43123704,-0.5887675,0.17004167,-0.65798783,-0.7238556,0.12569769,-0.71707976,-0.48999318,0.06172714,-0.68704903,-0.26623297,0.03846981,-0.3990541,-0.7161146,0.11425182,-0.62395054,-0.8346763,0.07782433,-0.6892535,-0.58817726,0.04420363,-0.66545105,-0.3616618,0.044122346,-0.33331355,-0.8459035,0.056376956,-0.50504345,-0.996921,0.050592806,-0.62500703,-0.8951886,0.047988128,-0.6773874,-0.73562646,0.057843864
O,Zaith,Left,0.0,0.0,0.0,-0.29783365,-0.025540877,0.06465039,-0.51847357,-0.11183644,0.06983733,-0.6855064,-0.14914219,0.031725764,-0.7897527,-0.3035215,0.00021645142,-0.4676225,-0.8356818,0.20072691,-0.6869015,-0.92528826,0.14182122,-0.79137945,-0.7186437,0.06768569,-0.816619,-0.4987952,0.023964183,-0.43232664,-0.90349287,0.118623555,-0.70624304,-0.9834383,0.06388745,-0.8122956,-0.72735006,-0.0021453574,-0.8131416,-0.48339996,-0.039258245,-0.40119204,-0.8982488,0.019842586,-0.6778818,-0.9798634,-0.03140694,-0.8015593,-0.7251092,-0.062462877,-0.8126918,-0.46966305,-0.072295815,-0.38254157,-0.8130091,-0.080171816,-0.5920022,-0.89738375,-0.10957716,-0.7281996,-0.7749416,-0.11888604,-0.7908766,-0.6119756,-0.11867012
O,Zaith,Left,0.0,0.0,0.0,-0.24175434,-0.05459826,0.009635571,-0.44382218,-0.15973853,0.00026408053,-0.5962097,-0.230207,-0.035708982,-0.6622116,-0.40597612,-0.06443299,-0.38871005,-0.68029356,0.121742204,-0.5700224,-0.8278701,0.04501391,-0.6467977,-0.6799489,-0.03450893,-0.6545236,-0.5034318,-0.07672753,-0.34737957,-0.7749693,0.07906738,-0.5510783,-1.003196,0.006093237,-0.65589285,-0.85240865,-0.05799203,-0.68551874,-0.644452,-0.08334834,-0.28757283,-0.8258293,0.019657765,-0.4803818,-1.073021,-0.03311564,-0.60522455,-0.9401369,-0.061108295,-0.6584436,-0.7518437,-0.06281103,-0.22073449,-0.80896586,-0.044369966,-0.36766496,-0.9666835,-0.07434118,-0.49452975,-0.919341,-0.08574358,-0.58042043,-0.8143169,-0.08267897
O,Zaith,Left,0.0,0.0,0.0,-0.21164939,-0.12032693,-0.015817016,-0.39216387,-0.27467513,-0.043611553,-0.53703946,-0.39559934,-0.09089741,-0.58369917,-0.5883972,-0.12995534,-0.29716104,-0.7344452,0.07461018,-0.43548357,-0.9607359,-0.0125302095,-0.53313494,-0.8605821,-0.0936441,-0.57115537,-0.7150973,-0.138852,-0.24201283,-0.8011065,0.042628553,-0.39742693,-1.0987682,-0.045519557,-0.5096831,-0.9951973,-0.11395336,-0.55754393,-0.8228079,-0.14392847,-0.16731022,-0.829483,-0.0058660423,-0.30576274,-1.1144674,-0.0755113,-0.43282,-1.0277878,-0.11244117,-0.50218266,-0.8647616,-0.12041269,-0.0806761,-0.80591595,-0.059277937,-0.18741503,-1.0076557,-0.10250881,-0.3067645,-0.99791235,-0.12320569,-0.39658034,-0.9156969,-0.12815692
O,Zaith,Left,0.0,0.0,0.0,-0.22744352,0.02242842,-0.009910012,-0.43008292,-0.033795465,-0.02951733,-0.58495736,-0.08890788,-0.071347974,-0.65614164,-0.27038467,-0.10140156,-0.42602956,-0.57444006,0.09255026,-0.6004289,-0.73640466,0.0055798697,-0.6649044,-0.57563776,-0.07205882,-0.65803,-0.40025267,-0.110168494,-0.3918921,-0.6713034,0.06122149,-0.5912448,-0.86337286,-0.019329498,-0.65782154,-0.6715059,-0.073541,-0.6432724,-0.47011384,-0.08894563,-0.33190516,-0.754381,0.01189077,-0.51496303,-0.9898285,-0.046356853,-0.60137606,-0.81573796,-0.059400734,-0.6089748,-0.6178021,-0.046456903,-0.24472108,-0.7990929,-0.044437986,-0.36896753,-0.99975806,-0.07727135,-0.4856759,-0.94837,-0.084742546,-0.5557006,-0.83138245,-0.07515757
O,Zaith,Left,0.0,0.0,0.0,-0.22668046,0.11066139,-0.001213992,-0.43825197,0.11255576,-0.004548273,-0.5970806,0.060666725,-0.033427414,-0.6793504,-0.1237522,-0.051296383,-0.44213676,-0.4868805,0.15239258,-0.62277126,-0.5758347,0.094493724,-0.69401026,-0.4208576,0.027225593,-0.6882978,-0.25142625,-0.0051029245,-0.42898697,-0.6098669,0.121385165,-0.6422383,-0.7238893,0.064736575,-0.71360946,-0.52347636,0.0045256615,-0.69059795,-0.30936846,-0.01566892,-0.39360458,-0.72473764,0.07148791,-0.60351646,-0.8666987,0.028132586,-0.68618286,-0.6639044,0.004491762,-0.6730247,-0.45602247,0.011378807,-0.33013707,-0.81900877,0.015692618,-0.49640328,-0.97919136,-0.00031020536,-0.6197373,-0.89101493,-0.002095958,-0.67350066,-0.73918664,0.011290101
O,Zaith,Right,0.0,0.0,0.0,-0.26012686,0.11936756,-0.09726432,-0.5233205,0.03842447,-0.11083943,-0.728154,-0.038628608,-0.11007613,-0.8370993,-0.1896432,-0.09109786,-0.4631097,-0.75694823,0.0023736798,-0.76236206,-0.81077605,-0.0106221875,-0.86173975,-0.5498974,-0.03741384,-0.86230516,-0.30361763,-0.045112964,-0.42307925,-0.8683452,0.059050683,-0.74042565,-0.9021383,0.05512814,-0.8440375,-0.6128641,0.02350564,-0.83976245,-0.36296895,0.0084705,-0.39370072,-0.87964267,0.104549654,-0.6993321,-0.94526404,0.09547344,-0.8110749,-0.6741997,0.06837194,-0.8118615,-0.4327185,0.060109492,-0.37992364,-0.8212695,0.14313184,-0.6240336,-0.93442297,0.13242717,-0.7604561,-0.78065234,0.12431417,-0.808587,-0.58837664,0.13052428
O,Zaith,Right,0.0,0.0,0.0,-0.24268211,0.028855179,-0.050877143,-0.4785984,-0.10521363,-0.078191325,-0.67178476,-0.21309856,-0.10635662,-0.7787151,-0.37936485,-0.12228231,-0.35378635,-0.87102294,-0.012439917,-0.64070946,-0.93094563,-0.06563044,-0.7683666,-0.7501716,-0.11189146,-0.8012835,-0.57424265,-0.13496353,-0.32139266,-0.972117,-0.008520352,-0.65226257,-1.0441198,-0.053931296,-0.7759484,-0.81612676,-0.084613614,-0.7968003,-0.60424274,-0.09871479,-0.31246173,-0.9668087,-0.014332955,-0.64626217,-1.0348238,-0.0704615,-0.77379227,-0.8023552,-0.087980956,-0.79746234,-0.5876591,-0.086340204,-0.33809146,-0.86030823,-0.023032121,-0.6126039,-0.9301778,-0.07185826,-0.7421329,-0.7841748,-0.080358714,-0.7894041,-0.6056839,-0.07248394
O,Zaith,Left,0.0,0.0,0.0,-0.2801256,-0.010912747,0.010770421,-0.5181804,-0.092179224,-0.006495998,-0.6965712,-0.12145917,-0.04770581,-0.8137742,-0.25117987,-0.079347804,-0.45592928,-0.8480344,0.08934151,-0.70619553,-0.8890926,0.016660023,-0.8146381,-0.69141984,-0.05592536,-0.83778703,-0.48928556,-0.09567068,-0.41785607,-0.91691333,0.04141786,-0.72601,-0.9761019,-0.016605103,-0.84057194,-0.74816644,-0.068597466,-0.85043013,-0.51320225,-0.09716959,-0.38915125,-0.90155846,-0.020700535,-0.6979991,-0.9798015,-0.07694618,-0.82614267,-0.7465629,-0.09867163,-0.8451755,-0.503658,-0.10130218,-0.3817703,-0.78943133,-0.085965775,-0.6244824,-0.8553095,-0.12655188,-0.75860167,-0.73470426,-0.13551103,-0.8212218,-0.5706091,-0.13106391
O,Zaith,Left,0.0,0.0,0.0,-0.20429268,-0.19621255,0.0012328988,-0.3718007,-0.37060463,-0.024012277,-0.5089686,-0.4882739,-0.07305059,-0.5676265,-0.6610434,-0.114913836,-0.2324202,-0.90007347,0.08968116,-0.39441997,-1.0552769,0.011450017,-0.5082676,-0.9605356,-0.06547329,-0.5749505,-0.8181882,-0.10885507,-0.18110286,-0.9352921,0.046574306,-0.3903246,-1.1184821,-0.024044547,-0.5085508,-0.99800724,-0.08512096,-0.564936,-0.8221373,-0.11683782,-0.13651337,-0.91130036,-0.012017331,-0.3472081,-1.0636673,-0.075396135,-0.47127345,-0.93707657,-0.102662064,-0.5345119,-0.75911564,-0.10662888,-0.10950782,-0.8206394,-0.07469261,-0.26711592,-0.9390882,-0.115190215,-0.37860927,-0.9182216,-0.12857138,-0.46093893,-0.8433868,-0.12844957
O,Zaith,Left,0.0,0.0,0.0,-0.2208218,-0.047129467,-0.022138601,-0.4126498,-0.15891416,-0.041268338,-0.5701593,-0.25765246,-0.07941806,-0.6549157,-0.4323542,-0.108284995,-0.34050146,-0.68961424,0.091898315,-0.5178107,-0.8460955,0.017242966,-0.61739045,-0.73200256,-0.056804914,-0.64930713,-0.5751271,-0.09606694,-0.3060692,-0.7857355,0.06762748,-0.51426005,-0.9720273,-0.0050945533,-0.6138598,-0.8085776,-0.06609432,-0.6347913,-0.5953292,-0.091863014,-0.2609423,-0.8381871,0.025141874,-0.4605591,-1.0548626,-0.037214536,-0.5703157,-0.8881102,-0.064980395,-0.60048985,-0.6733123,-0.06451722,-0.208156,-0.83493555,-0.02370892,-0.35378835,-1.0154905,-0.061806448,-0.4750071,-0.9632983,-0.07571348,-0.5473274,-0.8369186,-0.0736464
O,Zaith,Left,0.0,0.0,0.0,-0.18782647,-0.17808178,-0.0028164648,-0.33828354,-0.36215007,-0.022494638,-0.45880905,-0.4854258,-0.06292883,-0.51576877,-0.6519889,-0.096749865,-0.22337838,-0.80619043,0.085013375,-0.3447805,-1.0162381,0.008795318,-0.44740862,-0.952274,-0.06307462,-0.5079193,-0.83006257,-0.1031149,-0.16897039,-0.84694564,0.047378156,-0.32253978,-1.0973269,-0.035546202,-0.43025976,-0.998902,-0.10018936,-0.4842128,-0.8307406,-0.12738566,-0.1098276,-0.8451067,-0.0051984205,-0.26140773,-1.0701991,-0.07274878,-0.38269654,-0.9927201,-0.10714612,-0.45591494,-0.845192,-0.11339,-0.05184385,-0.7921408,-0.061368987,-0.17411992,-0.9343753,-0.10416436,-0.28580523,-0.9551467,-0.12511629,-0.37629977,-0.926498,-0.1299342
O,Zaith,Left,0.0,0.0,0.0,-0.16517721,-0.22787793,-0.01262576,-0.29638535,-0.43163577,-0.043365,-0.40667918,-0.5711161,-0.093557894,-0.45305339,-0.7369912,-0.13733952,-0.15507323,-0.84845567,0.06337644,-0.26686338,-1.0930369,-0.026329774,-0.37400794,-1.0289868,-0.105473235,-0.4342076,-0.90081286,-0.14955875,-0.0941378,-0.8670205,0.028536623,-0.24247625,-1.159774,-0.07186801,-0.36210558,-1.0432926,-0.14353861,-0.41802755,-0.8628706,-0.17364043,-0.03409048,-0.8397829,-0.021774398,-0.17020665,-1.1202863,-0.10447919,-0.30282313,-1.0327481,-0.14428447,-0.3800411,-0.8690133,-0.15044644,0.01880255,-0.7593255,-0.07572622,-0.070036426,-0.9484788,-0.12932464,-0.17414843,-0.98522747,-0.15575615,-0.25861594,-0.9574877,-0.16272363
O,Zaith,Left,0.0,0.0,0.0,-0.22537555,-0.0930202,-0.0032892986,-0.4158958,-0.24622272,-0.023913197,-0.5617676,-0.34848118,-0.068049654,-0.629385,-0.51989216,-0.104831524,-0.3365565,-0.7242662,0.09461543,-0.49196076,-0.92749816,0.005878414,-0.59844095,-0.8338237,-0.078489475,-0.6486309,-0.6860946,-0.12519072,-0.2879949,-0.7855594,0.050684687,-0.46248898,-1.0486118,-0.042385463,-0.5814737,-0.92343163,-0.11445449,-0.6310908,-0.72850674,-0.1444954,-0.22590142,-0.8046284,-0.010509983,-0.3975845,-1.0611695,-0.0829892,-0.5295191,-0.9478735,-0.118481554,-0.59533376,-0.7727608,-0.1234834,-0.16107973,-0.76593894,-0.07667772,-0.30627605,-0.9270788,-0.12349906,-0.43628234,-0.91421586,-0.14497787,-0.5291203,-0.8485468,-0.14861684
O,Zaith,Left,0.0,0.0,0.0,-0.25334644,-0.03662963,0.024054525,-0.4165664,-0.20554675,0.025194108,-0.5465606,-0.36415684,0.0025199626,-0.6117186,-0.5442763,-0.01614297,-0.22431889,-0.8391651,0.11993401,-0.46350148,-0.9828326,0.0964982,-0.59756804,-0.8479199,0.056992695,-0.6564799,-0.6763363,0.036824316,-0.17297904,-0.9238469,0.08368864,-0.47530362,-1.0603044,0.06870618,-0.6136874,-0.87017167,0.03410222,-0.6544699,-0.65885854,0.014754505,-0.15847959,-0.93248504,0.038397513,-0.46443892,-1.0863962,0.009359104,-0.6006651,-0.88536453,-0.0056430204,-0.6327417,-0.65703475,-0.0047969446,-0.19124475,-0.8841052,-0.0066784387,-0.43098158,-1.0463864,-0.03290286,-0.55658144,-0.9574829,-0.030115163,-0.6087849,-0.7933353,-0.016212998
O,Zaith,Left,0.0,0.0,0.0,-0.17518328,-0.082873024,-0.03088719,-0.33700868,-0.24649972,-0.05100034,-0.45545405,-0.38567004,-0.08079781,-0.4989699,-0.55715525,-0.101730295,-0.22759138,-0.6924198,0.045100186,-0.36636156,-0.89600676,-0.013314531,-0.45763275,-0.8318028,-0.07201528,-0.50387937,-0.7141718,-0.10345424,-0.17813711,-0.7684411,0.032692064,-0.32523492,-1.0086372,-0.022073446,-0.42768002,-0.95727897,-0.07147175,-0.48523498,-0.81985337,-0.09416756,-0.12622586,-0.7977756,0.0067338576,-0.26820198,-1.047339,-0.038689237,-0.38267815,-1.006202,-0.06358992,-0.4525058,-0.8868494,-0.06815835,-0.076829195,-0.7790583,-0.02438027,-0.19982539,-0.9700546,-0.055672407,-0.30839288,-0.98166937,-0.06692606,-0.39107597,-0.9203584,-0.06576149
O,Zaith,Left,0.0,0.0,0.0,-0.17341,-0.13077241,-0.025952311,-0.3182976,-0.3138063,-0.046508096,-0.4291613,-0.473236,-0.080604695,-0.4460313,-0.66502064,-0.10588586,-0.20098075,-0.7142097,0.06570509,-0.31207246,-0.9510105,0.0066288994,-0.39783084,-0.8861441,-0.04995218,-0.43400893,-0.7581845,-0.07888071,-0.14201647,-0.76932114,0.04961016,-0.26472956,-1.0364909,-0.007801639,-0.36614057,-0.97237515,-0.05677764,-0.42190427,-0.8176568,-0.07486114,-0.07659435,-0.786399,0.018576479,-0.19517949,-1.0500675,-0.027615357,-0.30859432,-1.0062692,-0.048325516,-0.38206935,-0.8769514,-0.046168625,-0.01003039,-0.7536547,-0.018145563,-0.10606469,-0.9595339,-0.050512515,-0.20914967,-0.9973813,-0.061967865,-0.2958658,-0.9552295,-0.057975173
O,Zaith,Left,0.0,0.0,0.0,-0.16622894,-0.28481176,0.13690376,-0.25761977,-0.4902102,0.1658835,-0.3459157,-0.63839954,0.13926803,-0.3910108,-0.8025644,0.10617055,-0.050255492,-0.818138,0.26501203,-0.17541459,-1.0246154,0.25677183,-0.2929454,-1.0026356,0.20971546,-0.3763226,-0.9264887,0.17453407,-0.0178899,-0.8295088,0.15354975,-0.1853927,-1.0703758,0.15211253,-0.31527042,-1.0198053,0.095778316,-0.3866214,-0.9149462,0.050729714,-0.013764447,-0.81001127,0.035510696,-0.1803658,-1.0430908,0.036551554,-0.30838037,-0.99528575,0.015173231,-0.38484657,-0.88415396,-0.0056301663,-0.035374355,-0.75132936,-0.07797229,-0.16549926,-0.9298451,-0.0685875,-0.26305708,-0.9436068,-0.063159764,-0.33514792,-0.8988732,-0.06455509
O,Zaith,Left,0.0,0.0,0.0,-0.19486615,-0.08327782,-0.013685431,-0.3574072,-0.21070932,-0.034908026,-0.4869233,-0.31871104,-0.075086266,-0.55122197,-0.490364,-0.108354926,-0.27379888,-0.6624178,0.078359075,-0.43316308,-0.85243356,0.004576959,-0.53215384,-0.7643794,-0.067061305,-0.5713226,-0.62556803,-0.10545157,-0.23045607,-0.7326243,0.049573407,-0.41217628,-0.95421344,-0.028423464,-0.51744246,-0.8294972,-0.093066975,-0.5580719,-0.63909864,-0.12064128,-0.1784801,-0.7697278,0.0054747723,-0.35215262,-1.0167377,-0.05680901,-0.47004765,-0.9054291,-0.08667173,-0.5248827,-0.7310673,-0.088559955,-0.119888216,-0.76130164,-0.043597523,-0.248289,-0.966789,-0.08402984,-0.3683143,-0.9659596,-0.100761324,-0.45571047,-0.8901281,-0.101286046
O,Zaith,Left,0.0,0.0,0.0,-0.17895249,-0.12013878,-0.023103865,-0.34071267,-0.29171145,-0.05075789,-0.45918673,-0.44394475,-0.09370989,-0.47416744,-0.6405557,-0.1280533,-0.23580942,-0.7125498,0.063911915,-0.35228804,-0.9428074,-0.011748663,-0.43922403,-0.87986565,-0.083433956,-0.4805506,-0.7533705,-0.12162271,-0.18034707,-0.76734865,0.04215137,-0.30361858,-1.0339992,-0.027446533,-0.3991466,-0.98423904,-0.08354054,-0.4535879,-0.84918815,-0.1065713,-0.10972577,-0.79154116,0.004674843,-0.22656958,-1.0528594,-0.04702519,-0.33111078,-1.0231771,-0.0692715,-0.40182397,-0.91571695,-0.069464214,-0.029797798,-0.769323,-0.038772047,-0.12591933,-0.9588076,-0.07166073,-0.22436213,-0.98059005,-0.08197173,-0.30678198,-0.9405535,-0.07867442
O,Zaith,Left,0.0,0.0,0.0,-0.16273417,-0.2034335,-0.038633846,-0.299023,-0.4050308,-0.0771619,-0.41035867,-0.5840168,-0.12876058,-0.41607162,-0.78322214,-0.17263453,-0.16994438,-0.7943462,0.045735944,-0.259715,-1.0472189,-0.04012802,-0.35590997,-0.996986,-0.11947966,-0.4182912,-0.88253874,-0.16522695,-0.10505927,-0.8282368,0.028099338,-0.21995221,-1.1196789,-0.061071616,-0.32462028,-1.0547184,-0.13102454,-0.39537072,-0.9073527,-0.16336837,-0.029984476,-0.8198828,-0.0060565313,-0.13479467,-1.106141,-0.079736546,-0.24761973,-1.0663953,-0.11737343,-0.33541167,-0.9381118,-0.12561113,0.05035875,-0.7606218,-0.04608399,-0.032108385,-0.9649398,-0.096433125,-0.13286415,-1.0040805,-0.121583454,-0.22942404,-0.97332656,-0.12895223
O,Zaith,Left,0.0,0.0,0.0,-0.19106245,-0.23490278,0.018676015,-0.325093,-0.43917152,-0.0048087467,-0.43776342,-0.57263327,-0.05563301,-0.48398766,-0.73262936,-0.10358365,-0.15248348,-0.9115732,0.08697377,-0.29399973,-1.0713339,0.0060299356,-0.41198054,-0.9939691,-0.07403203,-0.48781434,-0.8729474,-0.12282073,-0.09183933,-0.9165506,0.029570725,-0.28707966,-1.0968148,-0.049745373,-0.41501758,-0.98355836,-0.122741014,-0.48298365,-0.8411558,-0.16543172,-0.04390251,-0.8628038,-0.040693145,-0.2359552,-1.0297861,-0.11328321,-0.37630048,-0.93462396,-0.15349762,-0.46030062,-0.7952748,-0.1682345,-0.019516533,-0.74290323,-0.11240989,-0.16440247,-0.87882906,-0.16328335,-0.27794743,-0.8937303,-0.18738922,-0.3675685,-0.8665731,-0.19660944
O,Zaith,Left,0.0,0.0,0.0,-0.23198181,-0.09658626,-4.1867803e-05,-0.43215612,-0.24177192,-0.022854028,-0.58245677,-0.36203727,-0.06868575,-0.6280301,-0.54543346,-0.108157694,-0.3460259,-0.7464897,0.08682967,-0.522794,-0.92738926,0.00511114,-0.62385184,-0.81382257,-0.07093454,-0.6616112,-0.66025674,-0.11275774,-0.29480484,-0.8208814,0.04360004,-0.4959102,-1.0443139,-0.03961483,-0.6077189,-0.9094814,-0.103937194,-0.65029514,-0.7176175,-0.13129412,-0.23228595,-0.8452754,-0.014981282,-0.43754902,-1.0405887,-0.08397629,-0.5645192,-0.903809,-0.11476364,-0.6265724,-0.7186849,-0.11818407,-0.16949168,-0.8090503,-0.07708814,-0.33825737,-0.9240082,-0.1209561,-0.4631518,-0.9004235,-0.13769932,-0.55313325,-0.8330928,-0.13914426
O,Zaith,Left,0.0,0.0,0.0,-0.17740977,-0.15610337,-0.029241642,-0.33533165,-0.3434973,-0.06503385,-0.45543677,-0.49821565,-0.11437717,-0.46694937,-0.6847322,-0.15557134,-0.20756744,-0.7567729,0.03633744,-0.32377043,-1.0162898,-0.04736681,-0.42407113,-0.94619435,-0.121066034,-0.4766273,-0.8103349,-0.16094252,-0.14746076,-0.7998546,0.013760856,-0.28905448,-1.1020702,-0.071961075,-0.39842984,-1.0211731,-0.13467245,-0.45810217,-0.85540605,-0.1607574,-0.0761417,-0.80704796,-0.022938548,-0.20846738,-1.1055348,-0.09119848,-0.32754835,-1.0487925,-0.12098301,-0.40663898,-0.90522015,-0.12370168,-0.0010582136,-0.7673729,-0.06436447,-0.109933205,-0.9808212,-0.10886635,-0.2175612,-1.0029024,-0.12480272,-0.3083039,-0.9512879,-0.12474671
O,Zaith,Left,0.0,0.0,0.0,-0.25568545,0.042430267,-0.016346496,-0.4666011,-0.09544782,-0.028672382,-0.63581574,-0.21454586,-0.05082438,-0.752424,-0.35324496,-0.06430782,-0.3543161,-0.85626686,0.04824438,-0.6338318,-0.8874137,0.007261701,-0.7622615,-0.694009,-0.043069948,-0.80960333,-0.4877143,-0.06924718,-0.31864622,-0.9420989,0.035464495,-0.6587636,-0.93338716,0.007758116,-0.7844412,-0.70508844,-0.03317384,-0.81349415,-0.4602916,-0.05854695,-0.31003723,-0.92854273,0.014030013,-0.64714193,-0.92527425,-0.022315547,-0.7701484,-0.6972236,-0.04608227,-0.796601,-0.46662316,-0.052507434,-0.3384343,-0.8325922,-0.009355311,-0.59575135,-0.89701796,-0.038116425,-0.7206209,-0.79022723,-0.042756684,-0.7747086,-0.6323184,-0.035800733
O,Zaith,Left,0.0,0.0,0.0,-0.24798638,0.043451354,0.0054411837,-0.44378588,-0.06533525,0.0037446583,-0.5937315,-0.18529657,-0.016827052,-0.68867373,-0.3467339,-0.029924972,-0.352007,-0.7011902,0.10234506,-0.57681894,-0.801114,0.06167258,-0.69456124,-0.6415269,0.007244231,-0.7365418,-0.45703748,-0.023065105,-0.32191688,-0.8147528,0.07354491,-0.6009119,-0.8840621,0.040658314,-0.718454,-0.67539555,-0.008206203,-0.74164754,-0.46451947,-0.037525695,-0.3010797,-0.85771483,0.03324479,-0.5841409,-0.95598876,-0.0027215146,-0.70173836,-0.73511964,-0.0293497,-0.7205955,-0.5091911,-0.037713934,-0.2963854,-0.83509934,-0.009422316,-0.5145145,-0.96871483,-0.03320994,-0.6441953,-0.8717509,-0.03782158,-0.7018161,-0.7123582,-0.033377565
O,Zaith,Left,0.0,0.0,0.0,-0.22847635,-0.018165128,0.023590049,-0.4216745,-0.1309335,0.025982918,-0.5633874,-0.22999023,-8.861635e-05,-0.625325,-0.40739366,-0.019467287,-0.35721108,-0.65798795,0.14320645,-0.5265934,-0.76795214,0.08681273,-0.62335056,-0.646076,0.022763113,-0.66592366,-0.49377373,-0.012848907,-0.3219804,-0.74894977,0.09362618,-0.5323787,-0.8787206,0.030037196,-0.63191915,-0.7101968,-0.0327255,-0.65931326,-0.49790034,-0.061151363,-0.28664103,-0.79703736,0.02913337,-0.50024986,-0.9300234,-0.027919797,-0.6134534,-0.7472535,-0.061650205,-0.6532596,-0.5306667,-0.06703502,-0.25585896,-0.78785896,-0.03807897,-0.42619798,-0.9092261,-0.07114674,-0.55941445,-0.8611529,-0.086846314,-0.65011305,-0.7598375,-0.08892481
O,Zaith,Left,0.0,0.0,0.0,-0.23723081,-0.11336656,0.016055979,-0.4097507,-0.27372333,0.001839633,-0.5398518,-0.3965731,-0.03636184,-0.6137626,-0.56232685,-0.06830098,-0.2751841,-0.8614523,0.096240476,-0.45957157,-0.955351,0.028674837,-0.57261723,-0.8273482,-0.04194383,-0.6343775,-0.6718881,-0.082689926,-0.22922416,-0.9054337,0.046727054,-0.47663215,-1.0186553,-0.017173987,-0.59497803,-0.85930985,-0.07596745,-0.6418135,-0.66990787,-0.10731361,-0.197712,-0.88502926,-0.015779065,-0.4449729,-1.0028579,-0.07515059,-0.5762485,-0.8550998,-0.102193825,-0.63662153,-0.67303115,-0.10762075,-0.18879372,-0.7925717,-0.08080038,-0.3703422,-0.8963975,-0.12091995,-0.496122,-0.87917024,-0.13499984,-0.58550954,-0.8106655,-0.13624135
O,Zaith,Right,0.0,0.0,0.0,0.26331162,0.0500026,0.006313099,0.4580327,-0.047855962,0.022955017,0.6273955,-0.14126824,0.011661351,0.712176,-0.35775954,-0.0017559998,0.38837817,-0.5562145,0.19246392,0.5469265,-0.7162348,0.15666626,0.66035944,-0.6526277,0.087154865,0.7122257,-0.5333657,0.04500876,0.34594294,-0.65998024,0.15190698,0.5370539,-0.8666159,0.096306905,0.658134,-0.7681663,-0.0025471016,0.6985669,-0.57254934,-0.059731066,0.28086767,-0.7695871,0.09304667,0.4865661,-0.96766716,0.038304843,0.61797184,-0.8519395,-0.037873976,0.6658578,-0.66051924,-0.076062284,0.19794184,-0.86091095,0.030866498,0.38681534,-1.0264865,-0.017051473,0.52077204,-0.95742464,-0.05646875,0.60088056,-0.7993388,-0.0758123
O,Zaith,Right,0.0,0.0,0.0,0.23998113,-0.07311288,-0.0007772808,0.4139974,-0.23010781,-0.0069748163,0.5618946,-0.35694402,-0.036750093,0.6321657,-0.56717855,-0.067509376,0.32948238,-0.6531342,0.10236932,0.46727332,-0.8881497,0.035812553,0.571747,-0.83216107,-0.042180225,0.6187304,-0.6962693,-0.08627136,0.27143317,-0.7318762,0.05864696,0.42350742,-1.0610074,-0.019768044,0.5467711,-0.9801493,-0.11379674,0.5966081,-0.78148293,-0.16663966,0.19208124,-0.7891691,0.0010064252,0.34578228,-1.0951276,-0.0707754,0.47546446,-1.0102417,-0.14103052,0.53014576,-0.8234522,-0.17477462,0.09935133,-0.811068,-0.058731087,0.25322863,-1.0244857,-0.11619536,0.37549278,-1.0086472,-0.15482007,0.445985,-0.89504045,-0.17477246
O,Zaith,Right,0.0,0.0,0.0,0.2661424,0.041078664,0.016404467,0.46150318,-0.052997414,0.03626811,0.625794,-0.13241151,0.027819688,0.72152156,-0.33493742,0.018936785,0.42305073,-0.56609,0.19554976,0.5780842,-0.7310795,0.16385049,0.6924447,-0.66403955,0.09796707,0.74655354,-0.5501231,0.057670206,0.38581175,-0.6657929,0.14944331,0.57129574,-0.88641334,0.10076181,0.6939532,-0.7835442,0.011962245,0.73165333,-0.59642124,-0.039486356,0.32514244,-0.7689992,0.08574445,0.52738744,-0.97610587,0.0357225,0.6588143,-0.847836,-0.031293027,0.69978255,-0.6550486,-0.06388997,0.25204882,-0.84891087,0.019349188,0.44383344,-1.0155675,-0.021672875,0.563981,-0.9370576,-0.049687218,0.6213831,-0.78350693,-0.061644774
O,Zaith,Right,0.0,0.0,0.0,0.2606449,0.000647057,0.0048782085,0.4583386,-0.11477823,0.0062022954,0.62479895,-0.21012053,-0.019363953,0.7074072,-0.4198716,-0.046404805,0.40184444,-0.6192005,0.13259225,0.55978894,-0.822464,0.07614224,0.67332727,-0.7498211,0.0011386957,0.7217413,-0.606034,-0.042312074,0.34875876,-0.715008,0.084031925,0.53396225,-0.9951674,0.0089541655,0.66322315,-0.8803061,-0.08498535,0.7038211,-0.6569605,-0.13565826,0.27194238,-0.7937684,0.019973613,0.46992645,-1.049959,-0.05135587,0.6089198,-0.9159535,-0.1203217,0.6582163,-0.69982797,-0.15080132,0.18063441,-0.83630264,-0.046664122,0.3649635,-1.0325127,-0.1058343,0.49453467,-0.97830826,-0.14221425,0.5615602,-0.82743585,-0.15806098
O,Zaith,Right,0.0,0.0,0.0,0.25296697,-0.042457614,0.019027146,0.45000598,-0.17107293,0.015013227,0.6093159,-0.28209776,-0.017704284,0.68400115,-0.50351727,-0.049439486,0.38878697,-0.6622857,0.120829575,0.5503777,-0.90896684,0.058446765,0.6647854,-0.8127203,-0.014171104,0.7092974,-0.65693456,-0.05349953,0.3347002,-0.7415989,0.06431067,0.522747,-1.0633811,-0.0072208927,0.65933627,-0.9371797,-0.087288566,0.69992876,-0.71421266,-0.128582,0.26295686,-0.8002823,-0.005526473,0.46221408,-1.0870833,-0.06580839,0.6092362,-0.94944394,-0.1150346,0.66325074,-0.7394207,-0.13482587,0.18716353,-0.8141607,-0.07781603,0.37925854,-0.9974775,-0.12409654,0.5172297,-0.933996,-0.14715381,0.5888271,-0.7949321,-0.15476988
O,Zaith,Right,0.0,0.0,0.0,0.24014366,-0.064677484,0.019781576,0.43208054,-0.19954754,0.014748657,0.588423,-0.30873314,-0.019001115,0.6637511,-0.51063395,-0.051696215,0.35083297,-0.6923547,0.1199602,0.5107041,-0.9033208,0.05076021,0.6271417,-0.80203813,-0.028054936,0.67710155,-0.63435715,-0.069846794,0.29394397,-0.7690948,0.06470423,0.48598507,-1.049716,-0.013253775,0.62220526,-0.92442733,-0.09940297,0.673422,-0.70043826,-0.14319599,0.22518311,-0.8170251,-0.0036320447,0.4241271,-1.062572,-0.06767222,0.57021904,-0.9413066,-0.12392319,0.63482016,-0.7414102,-0.14700297,0.1535375,-0.81507623,-0.07401989,0.340912,-0.98108786,-0.12156197,0.4829229,-0.9398215,-0.15007219,0.57312226,-0.81946987,-0.16057383
O,Zaith,Right,0.0,0.0,0.0,0.24668291,0.01630584,0.0022773624,0.44912824,-0.09061061,0.0032626155,0.6193577,-0.18050823,-0.021053288,0.69578004,-0.38019645,-0.045323413,0.40838933,-0.6102092,0.13092896,0.5692684,-0.8085589,0.07582215,0.67930466,-0.72885364,0.0033153263,0.7215888,-0.58558464,-0.03744163,0.35532147,-0.7095761,0.08687552,0.53765327,-0.9935808,0.01730497,0.66520536,-0.8768543,-0.06901474,0.7051125,-0.657119,-0.114820585,0.28202993,-0.7928105,0.027095564,0.47226295,-1.0658242,-0.03974671,0.6098475,-0.93714345,-0.10292286,0.66116,-0.72377914,-0.12989973,0.19445565,-0.84157485,-0.03579476,0.37726736,-1.0340157,-0.092008375,0.50562185,-0.9731393,-0.12534495,0.5727979,-0.81969666,-0.13859475
O,Zaith,Right,0.0,0.0,0.0,0.19171996,-0.1261658,-0.035854477,0.35873452,-0.30405304,-0.076597646,0.49143183,-0.44641998,-0.1336427,0.55456203,-0.6315082,-0.18746361,0.24368246,-0.7742395,0.0015924798,0.3769466,-1.1002681,-0.104496054,0.5060949,-0.98658544,-0.18985474,0.571488,-0.8206104,-0.23284021,0.17915112,-0.81839263,-0.033715446,0.34360963,-1.1765597,-0.14915873,0.48870292,-1.0193001,-0.23455198,0.55398726,-0.8092895,-0.2739334,0.102289,-0.8323162,-0.08310854,0.26486617,-1.1378206,-0.18519166,0.42002097,-0.99065924,-0.23668751,0.50304705,-0.7885171,-0.24874882,0.017506018,-0.8046117,-0.13725288,0.15526398,-1.0322362,-0.21405499,0.2991288,-1.0029131,-0.24764366,0.40040606,-0.89936507,-0.25745967
O,Zaith,Right,0.0,0.0,0.0,0.23427011,-0.0013435547,-0.03243879,0.45291302,-0.099811085,-0.057660647,0.62394905,-0.19665165,-0.1001066,0.6964364,-0.40749395,-0.13978045,0.3974427,-0.6308615,0.051913142,0.5754022,-0.8504869,-0.037250128,0.6828144,-0.7387292,-0.12218799,0.7136264,-0.5658481,-0.16452298,0.33870515,-0.7332346,0.019797323,0.5348538,-1.0434291,-0.07397837,0.6613082,-0.9043531,-0.16317359,0.694481,-0.6726008,-0.2073853,0.255821,-0.8140677,-0.028266937,0.4546809,-1.086578,-0.11221473,0.58660907,-0.9394078,-0.17205678,0.6299477,-0.7215576,-0.19322257,0.15795848,-0.8572783,-0.0814784,0.33983046,-1.0443864,-0.14844689,0.47196394,-0.9837231,-0.18374373,0.5426778,-0.83994097,-0.19585623
O,Zaith,Right,0.0,0.0,0.0,0.23270212,-0.0063376143,-0.029418984,0.44874892,-0.103012145,-0.054526255,0.61725956,-0.19810782,-0.097691156,0.6865283,-0.41128063,-0.13867614,0.39239177,-0.626391,0.052014764,0.57009214,-0.8528498,-0.03991229,0.6787417,-0.7418755,-0.12686266,0.7098631,-0.5660559,-0.16988285,0.3341052,-0.7251136,0.017822843,0.53317475,-1.0322475,-0.07716264,0.65674275,-0.8950561,-0.16816677,0.6874317,-0.66741496,-0.21402492,0.25094506,-0.8042074,-0.03213075,0.4502695,-1.0728872,-0.11633295,0.57714117,-0.92855334,-0.17746152,0.6165525,-0.71442133,-0.19980235,0.15175968,-0.8465684,-0.08697368,0.33093503,-1.0396653,-0.1529005,0.46321478,-0.9848164,-0.1887549,0.53510505,-0.8447855,-0.20192857
P,Zaith,Right,0.0,0.0,0.0,0.08024775,-0.24930169,-0.011658767,0.2372459,-0.41277546,-0.049418755,0.38937473,-0.47180486,-0.08679226,0.4933345,-0.55957484,-0.11970358,0.18131076,-0.53525066,-0.13113777,0.35860926,-0.64515126,-0.19107799,0.4571999,-0.7536825,-0.216702,0.53735256,-0.8433577,-0.23427697,0.17559816,-0.37543008,-0.16395222,0.41331634,-0.41873693,-0.23235594,0.5535595,-0.42858103,-0.24214774,0.67003965,-0.42831013,-0.25005004,0.1733211,-0.17811511,-0.19001174,0.40852356,-0.14920421,-0.24186075,0.3535869,-0.11680752,-0.1942918,0.28394467,-0.1056852,-0.15635696,0.17381012,0.031304285,-0.21851997,0.36490047,0.02273547,-0.24182296,0.32322767,0.01964316,-0.19725755,0.25481912,0.0176216,-0.16166848
P,Zaith,Right,0.0,0.0,0.0,0.08943967,-0.24767108,-0.012776701,0.24608712,-0.41603664,-0.0557619,0.3941241,-0.47760737,-0.09965352,0.5026059,-0.55547655,-0.1406495,0.18078165,-0.54514164,-0.14113322,0.36012965,-0.6507852,-0.2093053,0.46193713,-0.7528498,-0.24310344,0.544311,-0.8388835,-0.2670729,0.16358541,-0.38497087,-0.17725056,0.4104127,-0.4147118,-0.2519567,0.5538433,-0.4174385,-0.2662881,0.6689593,-0.41627598,-0.27916119,0.15463635,-0.18887787,-0.20694578,0.40314916,-0.14807183,-0.2648036,0.34944344,-0.113082625,-0.21986301,0.27526382,-0.1037609,-0.18505251,0.15106955,0.012749349,-0.23931758,0.35348952,0.017530855,-0.27094376,0.31528112,0.018916527,-0.2309229,0.24479362,0.016187146,-0.1987071
P,Zaith,Right,0.0,0.0,0.0,0.093109444,-0.2405403,-0.009362326,0.2608502,-0.40520567,-0.04035155,0.4185316,-0.45931652,-0.072642334,0.53410816,-0.527309,-0.10021664,0.23628962,-0.532984,-0.102325484,0.43118364,-0.61859936,-0.15235427,0.5425334,-0.7022351,-0.17100762,0.62853754,-0.7777792,-0.1825196,0.2283905,-0.3776094,-0.13422394,0.47036052,-0.39154354,-0.18871516,0.60895973,-0.37775218,-0.19559504,0.72186893,-0.3627654,-0.2011823,0.21725012,-0.1854074,-0.16111298,0.43137822,-0.12745576,-0.20897818,0.3638082,-0.09505068,-0.16767463,0.29093692,-0.089154,-0.13258764,0.20757495,0.017145326,-0.18988732,0.37805167,0.025303591,-0.21381705,0.3266476,0.033069037,-0.1725464,0.25927556,0.029331274,-0.13828915
P,Zaith,Right,0.0,0.0,0.0,0.10915456,-0.22932358,-0.0063350624,0.2799557,-0.3832974,-0.035737704,0.43656966,-0.42677668,-0.06961527,0.5545477,-0.4816445,-0.09892142,0.26280448,-0.5472855,-0.08291366,0.45960933,-0.6176076,-0.13090101,0.5695032,-0.68846816,-0.15149231,0.6560812,-0.75469035,-0.16546409,0.24486715,-0.40068915,-0.116400085,0.488736,-0.3829588,-0.16947986,0.6231941,-0.3519012,-0.17906454,0.73177683,-0.32401654,-0.18746248,0.22447109,-0.21488342,-0.14672993,0.43421134,-0.114310585,-0.1965811,0.36436754,-0.08625598,-0.16364822,0.2938773,-0.09531846,-0.1350038,0.20776482,-0.014769545,-0.17875254,0.3813137,0.037136562,-0.20709085,0.3278896,0.045490507,-0.1740003,0.26055923,0.024877593,-0.14601138
P,Zaith,Right,0.0,0.0,0.0,0.11047707,-0.19345786,0.0010139985,0.24912122,-0.3528345,-0.025038715,0.36458024,-0.40698174,-0.06216717,0.45400923,-0.42287952,-0.09902695,0.2628467,-0.5783972,-0.0562631,0.44228947,-0.6416111,-0.11400773,0.5494987,-0.7088497,-0.14883994,0.63786554,-0.77014774,-0.1742161,0.23145336,-0.47427797,-0.09932054,0.4645711,-0.4064482,-0.16897494,0.59178704,-0.32162184,-0.19536424,0.69043046,-0.26165423,-0.21198878,0.20142557,-0.31812626,-0.14086701,0.40399855,-0.11769681,-0.20362598,0.34210294,-0.050536327,-0.1865269,0.27875897,-0.06798784,-0.16762973,0.17411289,-0.13883549,-0.18435913,0.34048167,0.009867784,-0.22380786,0.2954273,0.05140069,-0.20289814,0.23778869,0.026362604,-0.18277837
P,Zaith,Right,0.0,0.0,0.0,0.13154738,-0.20289986,-0.0072537726,0.30770096,-0.34889254,-0.040669132,0.4604742,-0.41413552,-0.08036339,0.5725086,-0.504526,-0.116719075,0.27274844,-0.55897504,-0.0933876,0.47420177,-0.6023379,-0.15422378,0.5902492,-0.6684787,-0.18698819,0.6838018,-0.72966784,-0.21122392,0.23399267,-0.41835982,-0.13360144,0.479564,-0.3464942,-0.2049713,0.6193787,-0.27959213,-0.22449,0.7320271,-0.22995704,-0.2409196,0.19953845,-0.22958088,-0.17098291,0.4307587,-0.06961715,-0.23331566,0.36762404,-0.028054057,-0.2017072,0.29707432,-0.04256348,-0.17566942,0.17403701,-0.025911149,-0.2107939,0.36521187,0.0742106,-0.24996547,0.3193982,0.08538811,-0.2210757,0.2522637,0.05516693,-0.19679137
P,Zaith,Right,0.0,0.0,0.0,0.120037705,-0.24512367,0.0002940431,0.3023284,-0.38472193,-0.022255078,0.45793483,-0.40934557,-0.050326496,0.57319295,-0.43026143,-0.07345266,0.32712194,-0.5233821,-0.0729405,0.53912216,-0.56481457,-0.11984795,0.66021836,-0.61485285,-0.13927074,0.7550948,-0.6556156,-0.15128317,0.3119098,-0.36447358,-0.10813911,0.5453899,-0.29310268,-0.16142051,0.67163014,-0.2233546,-0.17162053,0.7737109,-0.17133266,-0.1785011,0.2878083,-0.16740867,-0.13942443,0.4789286,-0.03513962,-0.18675718,0.41148248,-0.014503712,-0.15380988,0.3450145,-0.034524973,-0.1245015,0.26053128,0.037387595,-0.1721238,0.41840428,0.12125512,-0.1949553,0.36410677,0.1206275,-0.15868273,0.30165714,0.090428084,-0.12765405
P,Zaith,Right,0.0,0.0,0.0,0.11708376,-0.22423416,-0.00060670264,0.28570306,-0.36720073,-0.037547633,0.4405871,-0.41200867,-0.0792155,0.55590755,-0.4630629,-0.11674146,0.2733081,-0.5596619,-0.108711705,0.48073444,-0.6089507,-0.1671419,0.59382457,-0.67062867,-0.1959575,0.68383884,-0.7296331,-0.21787332,0.24341646,-0.41825816,-0.15006685,0.49178565,-0.36042696,-0.22049879,0.6277281,-0.28539738,-0.23756635,0.7311794,-0.22718383,-0.2526691,0.21855746,-0.23217487,-0.18527941,0.44287512,-0.06841021,-0.23953764,0.3824895,-0.023366323,-0.20265551,0.31246167,-0.04183238,-0.17572838,0.20024237,-0.03177483,-0.22244906,0.38349587,0.08039985,-0.25330108,0.3353707,0.09662451,-0.22039162,0.2676044,0.060438786,-0.19502264
P,Zaith,Right,0.0,0.0,0.0,0.12538004,-0.2534636,-0.053226028,0.32401013,-0.36097023,-0.13994068,0.49982643,-0.37092382,-0.20894265,0.63373995,-0.4180511,-0.27243143,0.25385776,-0.43855068,-0.32854298,0.4538508,-0.52600855,-0.4617096,0.58046603,-0.6389255,-0.5381023,0.69365424,-0.7203081,-0.59495234,0.21982794,-0.23851132,-0.354391,0.49089247,-0.19524702,-0.511763,0.6692983,-0.16008851,-0.5710545,0.80991143,-0.10755736,-0.6194506,0.19484839,0.016679047,-0.36148095,0.46518773,0.12511083,-0.45803314,0.40855324,0.09784552,-0.39741328,0.31524518,0.07930402,-0.35524407,0.17749205,0.26518852,-0.37353086,0.3889406,0.3123939,-0.4376726,0.34577766,0.26150054,-0.39539534,0.26403633,0.21826062,-0.3611422
P,Zaith,Right,0.0,0.0,0.0,0.10205931,-0.25692552,-0.014941382,0.28926724,-0.40207204,-0.06606715,0.45695296,-0.43042222,-0.11219207,0.5758642,-0.44969144,-0.15730773,0.22646144,-0.5262313,-0.18885353,0.41289496,-0.6225145,-0.2678204,0.5346508,-0.7096267,-0.31001553,0.635175,-0.77236825,-0.34150225,0.20869143,-0.34400347,-0.22681071,0.45904294,-0.31505632,-0.30563825,0.6185998,-0.2658132,-0.32386303,0.74003416,-0.2124167,-0.34168053,0.19314376,-0.11075148,-0.25307888,0.4108428,0.0018662568,-0.30174485,0.35186088,0.008975895,-0.24730152,0.27200007,-0.011930135,-0.21247987,0.17789818,0.1337856,-0.28226432,0.35185724,0.18803938,-0.31097633,0.3034217,0.17700356,-0.26243648,0.23674768,0.1521159,-0.22615956
P,Zaith,Right,0.0,0.0,0.0,0.086568266,-0.24099253,-0.0034591518,0.24302658,-0.41829467,-0.029898316,0.3891501,-0.4836453,-0.062240127,0.49509165,-0.558026,-0.090828136,0.22109592,-0.58547217,-0.06951812,0.40662277,-0.658493,-0.11872123,0.5128231,-0.733776,-0.14799981,0.5981539,-0.80138123,-0.1710506,0.20230703,-0.4448884,-0.10455475,0.42663202,-0.43399855,-0.16410057,0.5638723,-0.41337028,-0.18272907,0.67648876,-0.397738,-0.19979258,0.18737921,-0.26908177,-0.13716261,0.41850773,-0.20412086,-0.18449967,0.3621546,-0.17935301,-0.15406215,0.28918374,-0.18365297,-0.1314028,0.17699893,-0.089232475,-0.1728172,0.36472908,-0.063840665,-0.20266919,0.3254722,-0.0629517,-0.17654099,0.25744405,-0.08121282,-0.15508875
P,Zaith,Right,0.0,0.0,0.0,0.085512616,-0.2390568,-0.0002868831,0.23989321,-0.41779453,-0.024459463,0.3847226,-0.48830974,-0.05538579,0.4913805,-0.5635254,-0.082765095,0.21857782,-0.5916932,-0.061411858,0.3999429,-0.66603017,-0.10785737,0.50408083,-0.7411149,-0.13497941,0.5874803,-0.80923843,-0.15629026,0.19963698,-0.45699668,-0.096936725,0.42007515,-0.45117578,-0.15430155,0.5548161,-0.42792037,-0.17200439,0.66506946,-0.41108695,-0.18761791,0.18488723,-0.28478876,-0.13006781,0.41014615,-0.22428371,-0.17662244,0.35447204,-0.1899185,-0.14596224,0.28266385,-0.1878731,-0.12210055,0.1740234,-0.107034296,-0.16590296,0.35868162,-0.084129855,-0.1945874,0.31990677,-0.074913315,-0.16756123,0.25278586,-0.08738593,-0.14485371
P,Zaith,Right,0.0,0.0,0.0,0.09655099,-0.2609924,-0.017582811,0.27568412,-0.40196344,-0.0639019,0.44016993,-0.4283886,-0.10756316,0.5561538,-0.5109781,-0.14606042,0.23303103,-0.5231773,-0.16446066,0.43592831,-0.59877264,-0.23090117,0.555335,-0.6877362,-0.26001567,0.6532968,-0.7571019,-0.2814442,0.20727748,-0.33585912,-0.19755423,0.46366596,-0.32530937,-0.275784,0.61745065,-0.30487737,-0.28617588,0.74405825,-0.2743516,-0.29710948,0.18754368,-0.11494406,-0.22222854,0.45171687,-0.05876191,-0.27655298,0.3921994,-0.06201302,-0.22022632,0.31013513,-0.07469013,-0.17928444,0.17438915,0.104972124,-0.2504155,0.38673246,0.12003333,-0.27732432,0.34694353,0.08548595,-0.23074517,0.2718942,0.0564247,-0.19484103
P,Zaith,Right,0.0,0.0,0.0,0.0842091,-0.26131007,-0.009741307,0.2411629,-0.4410213,-0.03946927,0.39322463,-0.50623477,-0.0725865,0.5035779,-0.5828659,-0.10102533,0.20042871,-0.58143425,-0.07748942,0.38254738,-0.6726323,-0.1269637,0.489043,-0.75070316,-0.15628749,0.5757362,-0.8176355,-0.17881809,0.19595465,-0.4262158,-0.108150534,0.41905785,-0.44252035,-0.16644937,0.56221676,-0.44139576,-0.18508388,0.6797539,-0.43318814,-0.20265995,0.19162999,-0.24685231,-0.13640463,0.42063358,-0.21887204,-0.1817158,0.3640361,-0.20474434,-0.15060787,0.28956145,-0.2038362,-0.12764299,0.1903167,-0.070580736,-0.16815265,0.3735991,-0.07391023,-0.19515538,0.33102635,-0.08028445,-0.1678231,0.25992203,-0.0950366,-0.14596367
P,Zaith,Right,0.0,0.0,0.0,0.100349806,-0.24987604,-0.005716101,0.25605828,-0.4265506,-0.051179666,0.39721152,-0.47272632,-0.101671785,0.4906075,-0.5577823,-0.15072513,0.18985069,-0.59482825,-0.13402826,0.36924854,-0.6719783,-0.21050636,0.4688873,-0.7577527,-0.2595654,0.5553901,-0.83158994,-0.2981073,0.1462587,-0.43838394,-0.18166275,0.3830746,-0.42503422,-0.27703393,0.5273451,-0.40666583,-0.30744386,0.6512884,-0.39191765,-0.33260435,0.12075779,-0.24419862,-0.22256576,0.37174544,-0.18067919,-0.2857193,0.31681755,-0.16377386,-0.24282648,0.24592294,-0.17744707,-0.21533498,0.10620169,-0.048416503,-0.267716,0.31323346,-0.021264846,-0.30569807,0.2736098,-0.029991586,-0.26941493,0.20301902,-0.048836835,-0.24258818
P,Zaith,Right,0.0,0.0,0.0,0.09377908,-0.23135757,-0.0060453652,0.23762797,-0.4199101,-0.04079788,0.371405,-0.4981226,-0.0826596,0.4678233,-0.588731,-0.1230844,0.1996613,-0.60965806,-0.08756267,0.37548912,-0.68118334,-0.15161161,0.47334933,-0.76023936,-0.19284026,0.5555585,-0.83147746,-0.22437191,0.16597791,-0.47497195,-0.12975946,0.39313173,-0.4666619,-0.20768091,0.5311716,-0.45411938,-0.2360103,0.6500994,-0.45249626,-0.25831082,0.14167036,-0.2992038,-0.1688437,0.37620613,-0.21394478,-0.23209195,0.3168261,-0.16404499,-0.20081897,0.2473648,-0.16618045,-0.1763393,0.12389453,-0.11631931,-0.2111125,0.32034782,-0.062255505,-0.25060827,0.27787206,-0.0380152,-0.22064047,0.21079318,-0.047181062,-0.19573483
P,Zaith,Right,0.0,0.0,0.0,0.09993366,-0.25413057,-0.011097068,0.25165436,-0.4272985,-0.058676064,0.39509544,-0.48594388,-0.10901121,0.498909,-0.56419224,-0.15734045,0.17407866,-0.5728521,-0.14612412,0.35540062,-0.6694251,-0.2229112,0.45991364,-0.75952643,-0.26863548,0.54902095,-0.8358086,-0.303829,0.14147584,-0.41517144,-0.1900966,0.38915825,-0.41042125,-0.283467,0.5367051,-0.4017368,-0.31235558,0.6550049,-0.39541435,-0.33638322,0.12352847,-0.21768466,-0.22682738,0.37482074,-0.12982602,-0.29298168,0.32228217,-0.11547059,-0.25187698,0.24686019,-0.13169111,-0.223635,0.10970374,-0.018893383,-0.2672883,0.31592956,0.0321548,-0.3076303,0.27888444,0.020352075,-0.27210727,0.20702972,-0.0018698475,-0.24460441
P,Zaith,Right,0.0,0.0,0.0,0.093189165,-0.2365938,-0.0105588315,0.2301489,-0.4258477,-0.041697286,0.3622331,-0.5167015,-0.07855677,0.45510814,-0.61976403,-0.11245511,0.17144445,-0.58746946,-0.07664775,0.34248754,-0.6857155,-0.13345712,0.43944883,-0.77526194,-0.16849992,0.5181261,-0.85530424,-0.19443536,0.15644167,-0.4485963,-0.110947385,0.3655244,-0.49875054,-0.17617993,0.49952313,-0.52359164,-0.20075059,0.6150232,-0.54498464,-0.22113928,0.1480625,-0.2762114,-0.14385618,0.36374176,-0.24607615,-0.20144343,0.30811375,-0.19920103,-0.1766787,0.24264993,-0.18571153,-0.1551824,0.14525305,-0.09696859,-0.17974588,0.32273182,-0.08760762,-0.21750212,0.28147116,-0.069473214,-0.19454463,0.21794593,-0.07444724,-0.17427614
P,Zaith,Right,0.0,0.0,0.0,0.069177724,-0.27786806,-0.032015163,0.20314662,-0.5034473,-0.099232346,0.35978594,-0.57014793,-0.16389926,0.45325166,-0.6571607,-0.22801313,0.053569987,-0.55910796,-0.19743764,0.21387053,-0.7008923,-0.2933226,0.3010981,-0.8156194,-0.35847387,0.38298622,-0.92375404,-0.40889996,0.032909725,-0.3718853,-0.23682967,0.268407,-0.46548218,-0.3627308,0.4053418,-0.527156,-0.41624406,0.5251647,-0.591156,-0.45814502,0.042614873,-0.17020752,-0.26642337,0.28998932,-0.23862316,-0.3458282,0.24974896,-0.23683752,-0.31349063,0.18605141,-0.23585312,-0.29436472,0.06546216,0.01841578,-0.30128637,0.2663347,-0.061710842,-0.35006446,0.23894186,-0.078124344,-0.32096577,0.1741363,-0.08076945,-0.30090275
P,Zaith,Right,0.0,0.0,0.0,0.12272601,-0.2304602,-0.010096543,0.29409173,-0.3144126,-0.09288793,0.44558075,-0.30820307,-0.1681322,0.55943495,-0.31332752,-0.23304626,0.2263211,-0.42090297,-0.28460833,0.39147925,-0.56243247,-0.3955895,0.48236072,-0.70452243,-0.4531849,0.564411,-0.82549393,-0.4981219,0.20375088,-0.25651625,-0.32772118,0.45335105,-0.33040348,-0.49271938,0.6306295,-0.39323324,-0.55390096,0.75660765,-0.40705535,-0.59829086,0.19132064,-0.03261043,-0.34589577,0.47292978,-0.0046137203,-0.41697904,0.4346683,-0.0008895335,-0.32144177,0.34213513,0.015649531,-0.25488123,0.19951707,0.19932933,-0.36862347,0.42214486,0.1970142,-0.3905613,0.3923515,0.17939687,-0.3166092,0.31147778,0.17451693,-0.2616685
P,Zaith,Right,0.0,0.0,0.0,0.06066287,-0.2576648,-0.008556207,0.18807687,-0.46856,-0.039984282,0.31688705,-0.57135844,-0.07472938,0.41104752,-0.65796846,-0.10708947,0.13057642,-0.61616534,-0.094275676,0.30261663,-0.72217345,-0.14597388,0.4010399,-0.80749303,-0.17828083,0.4787529,-0.87794966,-0.20302312,0.120369166,-0.46512502,-0.12714826,0.32812527,-0.514003,-0.18701553,0.45579505,-0.51803184,-0.20559226,0.5522628,-0.51480114,-0.22247037,0.12082934,-0.27991155,-0.15603606,0.3337186,-0.29323652,-0.20165455,0.29509214,-0.26507515,-0.17804317,0.23231943,-0.25148758,-0.16180211,0.12564175,-0.0916666,-0.18744284,0.29822466,-0.12042278,-0.21656983,0.26276606,-0.1180535,-0.19500446,0.19762948,-0.11064173,-0.17791401
P,Zaith,Right,0.0,0.0,0.0,0.09276536,-0.24054606,-0.0088781705,0.23359208,-0.42916715,-0.043796528,0.3672968,-0.518017,-0.08367629,0.46178627,-0.6138165,-0.1207085,0.1606481,-0.5900461,-0.09640994,0.32854488,-0.6956023,-0.15899116,0.4286207,-0.7869225,-0.19848342,0.51081616,-0.85968995,-0.22855392,0.1400847,-0.4499944,-0.13564321,0.35703644,-0.4600431,-0.2102472,0.48933083,-0.44460216,-0.23541747,0.5945608,-0.43286455,-0.2559501,0.1281185,-0.26779756,-0.1712757,0.35282853,-0.21828307,-0.22904038,0.30119586,-0.17689082,-0.1984301,0.23390494,-0.17020595,-0.17613904,0.12085007,-0.07449381,-0.2102293,0.30709282,-0.05033602,-0.24587263,0.26583874,-0.039003797,-0.21756744,0.19831191,-0.040262356,-0.19502738
P,Zaith,Right,0.0,0.0,0.0,0.09440032,-0.24385297,-0.014337503,0.24277651,-0.41718054,-0.054260377,0.3824992,-0.49543586,-0.09589122,0.47741807,-0.59561276,-0.13478257,0.1786846,-0.54789037,-0.12982479,0.35468435,-0.6592986,-0.19743906,0.4614541,-0.7559984,-0.23496002,0.54939437,-0.8355632,-0.26230362,0.15638845,-0.39150414,-0.16571254,0.3804523,-0.43026125,-0.24390249,0.5155896,-0.43806356,-0.26342693,0.6268979,-0.44105056,-0.28035426,0.1469608,-0.19716625,-0.19639656,0.38547894,-0.18193427,-0.25758594,0.33296567,-0.15491457,-0.21841238,0.25923634,-0.14560631,-0.18811809,0.14565249,0.0010561574,-0.23026568,0.33928388,-0.008199435,-0.2665628,0.29966253,-0.01259136,-0.23260431,0.22784951,-0.014650397,-0.20493855
P,Zaith,Right,0.0,0.0,0.0,0.094926596,-0.2477271,-0.008742367,0.24285693,-0.42798334,-0.043150984,0.3800654,-0.51472324,-0.080991134,0.47354558,-0.613137,-0.115943715,0.17360845,-0.5711182,-0.10642466,0.34043294,-0.6781958,-0.16851993,0.44336545,-0.7737396,-0.20468147,0.52927005,-0.8484534,-0.23218481,0.15586348,-0.42274576,-0.14360642,0.3680599,-0.45352665,-0.21409044,0.49768546,-0.44588315,-0.23440029,0.60356945,-0.43383563,-0.25313672,0.14812484,-0.23242538,-0.1765252,0.37724793,-0.19645287,-0.23169376,0.32333627,-0.16660589,-0.1981126,0.25242817,-0.15942007,-0.17405878,0.14582485,-0.03205592,-0.2125505,0.33172566,-0.025455132,-0.24701841,0.288872,-0.025401847,-0.21909726,0.21834207,-0.030032692,-0.19710606
P,Zaith,Right,0.0,0.0,0.0,0.12240568,-0.19931695,-0.013010369,0.23803207,-0.39137617,-0.05284805,0.33918694,-0.5065883,-0.09888115,0.41858527,-0.6291701,-0.1429499,0.14990307,-0.59774333,-0.0966308,0.31546843,-0.6989836,-0.17213352,0.4090718,-0.7908886,-0.22112189,0.4857279,-0.87411004,-0.25700778,0.11195227,-0.48389474,-0.13642514,0.32906702,-0.48358312,-0.22689508,0.45372424,-0.47235414,-0.25924897,0.5546275,-0.47919008,-0.28251937,0.08983667,-0.3253219,-0.17449394,0.3101743,-0.23569682,-0.24836364,0.26366338,-0.16516931,-0.2215957,0.2044224,-0.16044557,-0.19901629,0.07908551,-0.15248331,-0.2160316,0.25937912,-0.09372916,-0.26434895,0.22916989,-0.062040538,-0.24034835,0.17576542,-0.07490577,-0.21933402
P,Zaith,Right,0.0,0.0,0.0,0.12354235,-0.20359354,-0.01812532,0.27203515,-0.38656074,-0.059964072,0.40236217,-0.47238225,-0.10732819,0.4883644,-0.5728328,-0.15329085,0.17493278,-0.5910901,-0.1089617,0.3371864,-0.6858975,-0.1901349,0.4423135,-0.7717247,-0.24440117,0.53023684,-0.84784955,-0.28303057,0.13530432,-0.47234887,-0.1492818,0.35757732,-0.48592114,-0.23796779,0.49620947,-0.4903233,-0.2750652,0.6141481,-0.50123966,-0.30313355,0.110751085,-0.30462956,-0.18770146,0.34209892,-0.20797102,-0.2622824,0.2875928,-0.15675333,-0.24067435,0.22187586,-0.15506469,-0.22153215,0.09669539,-0.11631167,-0.2301146,0.2883568,-0.05248964,-0.27926666,0.24841043,-0.03470392,-0.25781754,0.18552443,-0.046838343,-0.23887226
P,Zaith,Right,0.0,0.0,0.0,0.123539224,-0.2131654,-0.03185491,0.27007562,-0.40217784,-0.08573592,0.39520988,-0.4880675,-0.14245689,0.4720995,-0.58888406,-0.1980397,0.16322324,-0.5980823,-0.14536697,0.34421495,-0.6769518,-0.24005863,0.45711645,-0.7561774,-0.30361357,0.55549914,-0.8315171,-0.34935609,0.11921662,-0.45269153,-0.18506935,0.36115065,-0.45188272,-0.28921723,0.5017108,-0.45320973,-0.33074987,0.6263848,-0.4669576,-0.3625719,0.094693765,-0.26215446,-0.22190711,0.34444728,-0.17393708,-0.3050451,0.2834436,-0.13394554,-0.2749868,0.2121584,-0.13894223,-0.25109452,0.081267335,-0.060607824,-0.26431566,0.29110396,-0.014712963,-0.31902552,0.24901594,-0.0027405894,-0.2905594,0.18132147,-0.015734376,-0.26675954
P,Zaith,Right,0.0,0.0,0.0,0.10161182,-0.2002702,0.0013301157,0.24410923,-0.3763354,-0.032877043,0.37072408,-0.47987324,-0.0731873,0.46085295,-0.59067047,-0.11258543,0.19770211,-0.5811072,-0.10353651,0.37322915,-0.6788143,-0.16865413,0.47744277,-0.75718427,-0.20584421,0.5647733,-0.82524604,-0.23289368,0.16685772,-0.4686501,-0.14618301,0.40119046,-0.43938652,-0.21870352,0.5265723,-0.39989024,-0.2383495,0.6252077,-0.37535703,-0.2547691,0.14581767,-0.29899642,-0.18333255,0.36553758,-0.17880602,-0.23688528,0.31331068,-0.12712331,-0.20136921,0.24976546,-0.13187331,-0.17693219,0.13220619,-0.10767014,-0.22259834,0.3130075,-0.027609916,-0.25419605,0.27241346,-0.0028324747,-0.22208005,0.20961955,-0.018874884,-0.19734539
P,Zaith,Right,0.0,0.0,0.0,0.11797729,-0.21739542,-0.0054607545,0.21827428,-0.41428065,-0.040828384,0.30599913,-0.53057593,-0.08479014,0.3733876,-0.6605496,-0.12936121,0.124218054,-0.6305858,-0.07949065,0.2798632,-0.72629625,-0.14843228,0.36989826,-0.81350815,-0.19646111,0.4445333,-0.8957623,-0.2330083,0.08319,-0.52161187,-0.1226449,0.3018698,-0.5282596,-0.20238654,0.43108442,-0.50497085,-0.23409794,0.5308964,-0.49481398,-0.2576079,0.059698902,-0.35412616,-0.1637747,0.2838252,-0.2752337,-0.22737063,0.24321498,-0.19966498,-0.20326754,0.18300341,-0.18865491,-0.18529966,0.046218723,-0.16769516,-0.20828028,0.21976034,-0.10549284,-0.25343096,0.19113846,-0.07233638,-0.23299468,0.1364741,-0.08181928,-0.21530612
P,Zaith,Right,0.0,0.0,0.0,0.11450964,-0.2193576,-0.008751392,0.2100442,-0.4188452,-0.044200346,0.29530674,-0.5299958,-0.08774378,0.36444154,-0.6460065,-0.13137501,0.11153035,-0.621031,-0.07592754,0.26233044,-0.731241,-0.1427225,0.3495341,-0.8239773,-0.18898274,0.42025888,-0.90740424,-0.22404955,0.06987945,-0.5178097,-0.11545564,0.28781867,-0.5305054,-0.19327082,0.41301382,-0.5056097,-0.22154383,0.50784755,-0.495636,-0.24155186,0.04646739,-0.3592494,-0.1538042,0.26710436,-0.27548096,-0.21363553,0.22229975,-0.19746126,-0.18663304,0.1597043,-0.18559502,-0.16689178,0.03132275,-0.17992698,-0.19641301,0.20679763,-0.118547454,-0.2382775,0.17928281,-0.08049421,-0.21616887,0.12479666,-0.08525086,-0.19736369
P,Zaith,Right,0.0,0.0,0.0,0.10766657,-0.23925829,0.0031020858,0.20609313,-0.43833706,-0.027844533,0.29780635,-0.54079527,-0.068655804,0.3594045,-0.65819615,-0.10906284,0.1027168,-0.6309816,-0.066605054,0.2558504,-0.74066013,-0.12807687,0.34127596,-0.83103675,-0.17262742,0.41304597,-0.91071016,-0.20816603,0.06465391,-0.5129394,-0.11313658,0.28497103,-0.5271371,-0.1956932,0.4258196,-0.5007351,-0.23096567,0.53518623,-0.47868168,-0.25459677,0.0466328,-0.3441064,-0.15599386,0.26678625,-0.2826372,-0.21238008,0.22814086,-0.21280997,-0.18616718,0.16570517,-0.19665156,-0.16842379,0.037535276,-0.16380085,-0.20255479,0.21459034,-0.119349346,-0.2382794,0.18984379,-0.083138846,-0.21281627,0.13719459,-0.07846332,-0.19280122
P,Zaith,Right,0.0,0.0,0.0,0.110329375,-0.23814462,-0.0056291297,0.21622106,-0.4357532,-0.044699218,0.31252724,-0.54038966,-0.090997964,0.38046098,-0.66612524,-0.13692422,0.09745158,-0.6203684,-0.09464434,0.2500519,-0.7274007,-0.16627322,0.33986685,-0.8229715,-0.21605697,0.41674218,-0.9090247,-0.25448912,0.060089115,-0.49029234,-0.14016744,0.28334242,-0.5210673,-0.2308756,0.42730358,-0.5009415,-0.2669364,0.5426733,-0.48835963,-0.29147965,0.04433674,-0.30986702,-0.1814942,0.27232826,-0.2551432,-0.24703287,0.23724513,-0.20086068,-0.21917757,0.17985944,-0.19402383,-0.19885528,0.038605183,-0.11361919,-0.22654402,0.22498734,-0.08825179,-0.26804212,0.19998498,-0.07488778,-0.24129485,0.14512217,-0.07869876,-0.21977052
P,Zaith,Right,0.0,0.0,0.0,0.09336923,-0.23765634,-0.0051792613,0.1995257,-0.42558667,-0.055947665,0.30416298,-0.51056683,-0.112532325,0.3698439,-0.64796,-0.16789593,0.06925016,-0.5809414,-0.13052426,0.2289007,-0.69825375,-0.21602076,0.31874228,-0.8116971,-0.27380046,0.40283445,-0.9152729,-0.31803316,0.012797436,-0.43554804,-0.18129861,0.26523197,-0.47068724,-0.30279252,0.4162516,-0.4544015,-0.35035452,0.5395972,-0.4486628,-0.38004577,-0.005075689,-0.23899893,-0.223075,0.2544539,-0.21732193,-0.29970458,0.22243907,-0.16857019,-0.25825426,0.15587753,-0.16162504,-0.2288683,-0.0060019046,-0.039175794,-0.26899323,0.20187292,-0.038016587,-0.31636125,0.18167004,-0.01852185,-0.2780309,0.11531036,-0.017936269,-0.24706918
P,Zaith,Right,0.0,0.0,0.0,0.089380264,-0.23355427,-0.0038790116,0.19772735,-0.42520365,-0.051268034,0.3068162,-0.5149094,-0.10512953,0.37597784,-0.64873475,-0.15831026,0.075704716,-0.5748043,-0.11986154,0.23478815,-0.6965216,-0.1987892,0.3212165,-0.8108533,-0.25197473,0.40233162,-0.915494,-0.29325312,0.027935501,-0.43206567,-0.17075638,0.2732133,-0.46940455,-0.28447628,0.41886172,-0.458454,-0.32952052,0.5391121,-0.45670927,-0.35742047,0.013635626,-0.23930568,-0.21322726,0.26437923,-0.21845731,-0.2852228,0.22213726,-0.17172065,-0.24741158,0.15291433,-0.16635844,-0.22088331,0.012656397,-0.04234854,-0.25964203,0.21458589,-0.04512234,-0.30370528,0.18792762,-0.024141472,-0.26699775,0.120728284,-0.019965587,-0.23765953
P,Zaith,Right,0.0,0.0,0.0,0.08714016,-0.23682016,0.0003533098,0.1752368,-0.43210086,-0.041726276,0.2706767,-0.52365,-0.0921839,0.33882904,-0.6342011,-0.1442954,0.058418937,-0.6151992,-0.09840943,0.20520797,-0.72699976,-0.17145891,0.28762957,-0.83343154,-0.22447896,0.36215848,-0.93211657,-0.2661399,0.0068348227,-0.4901442,-0.14848137,0.24516481,-0.50135016,-0.2490627,0.38186747,-0.46905664,-0.2910744,0.4826801,-0.45233175,-0.31679568,-0.011768608,-0.30571327,-0.19246644,0.22467674,-0.26420623,-0.25717118,0.19578299,-0.19191082,-0.23136424,0.12824392,-0.16908982,-0.213812,-0.017541617,-0.113371,-0.24004573,0.16509874,-0.08495669,-0.2814684,0.1470975,-0.049380053,-0.25584316,0.08663122,-0.04351432,-0.23530547
P,Zaith,Right,0.0,0.0,0.0,0.103067316,-0.24869446,0.0022256968,0.20163904,-0.43918377,-0.031597346,0.29832017,-0.5337404,-0.07493971,0.36216393,-0.64644855,-0.119009644,0.08094043,-0.6193467,-0.07483341,0.22241211,-0.73768425,-0.13953415,0.30247295,-0.8404865,-0.18696351,0.37261778,-0.9279849,-0.22491953,0.03759438,-0.5091344,-0.122404456,0.25436857,-0.51843256,-0.20805599,0.3975469,-0.50316846,-0.24841388,0.50714624,-0.4822218,-0.27542207,0.017226612,-0.33817592,-0.16556384,0.23508556,-0.2774351,-0.221304,0.19895692,-0.22895195,-0.2015008,0.13456134,-0.21707334,-0.18980817,0.00662502,-0.15022232,-0.21241508,0.17217381,-0.09080864,-0.24957241,0.14527789,-0.06715228,-0.22982728,0.087008186,-0.0673302,-0.21438362
P,Zaith,Right,0.0,0.0,0.0,0.109432295,-0.25122085,0.0010532166,0.20074679,-0.44995642,-0.030668495,0.28468356,-0.55633855,-0.072315976,0.33467457,-0.6827084,-0.11377,0.064458385,-0.6345723,-0.066341385,0.20502575,-0.7506766,-0.13135877,0.2862723,-0.84911233,-0.18064268,0.35879707,-0.9334156,-0.21912505,0.014121488,-0.5224087,-0.11217942,0.22502927,-0.53883106,-0.19709499,0.36725724,-0.5264822,-0.23761725,0.47961184,-0.5105012,-0.26448435,-0.008247865,-0.3532209,-0.15472665,0.21539211,-0.3018776,-0.20945981,0.18730007,-0.24708764,-0.18869542,0.13097605,-0.23106338,-0.1762052,-0.015140397,-0.16873217,-0.20167518,0.16234554,-0.12240741,-0.23660153,0.14075962,-0.09544282,-0.21587405,0.08742629,-0.09402875,-0.1999322
P,Zaith,Right,0.0,0.0,0.0,0.089701734,-0.24896121,0.0027257255,0.18557812,-0.46060312,-0.029010545,0.27956748,-0.56043774,-0.06931531,0.34383678,-0.6740554,-0.10966909,0.08407862,-0.63594425,-0.07305016,0.2209536,-0.75383645,-0.13131566,0.2982852,-0.84972423,-0.17479797,0.36394042,-0.93142223,-0.2099392,0.04641341,-0.51407295,-0.11839308,0.24788994,-0.5415916,-0.19469166,0.37725216,-0.53597146,-0.22651783,0.47952974,-0.5271929,-0.2491062,0.030118452,-0.3394698,-0.15961502,0.24781437,-0.31829938,-0.21051499,0.21393114,-0.27069744,-0.18331812,0.15623008,-0.2568044,-0.16608988,0.025052562,-0.14932851,-0.20442696,0.20239215,-0.15213643,-0.2377529,0.17736538,-0.12991226,-0.21165743,0.124159284,-0.11753789,-0.19137923
P,Zaith,Right,0.0,0.0,0.0,0.08735653,-0.21904467,-0.008320151,0.17051345,-0.42292002,-0.043899015,0.2518466,-0.5366832,-0.08595096,0.31042737,-0.6532732,-0.12969792,0.041506097,-0.6055981,-0.083908334,0.17145053,-0.73818326,-0.14595045,0.24599229,-0.8472411,-0.19266926,0.31304795,-0.9497373,-0.22899425,-0.015993249,-0.49313354,-0.12260664,0.21906254,-0.48686647,-0.20514974,0.34333736,-0.47456473,-0.24037842,0.43353418,-0.48398766,-0.26133013,-0.042691372,-0.31833166,-0.15733056,0.17100872,-0.27918726,-0.20905684,0.13272,-0.23072271,-0.18568976,0.06732328,-0.21412766,-0.17030004,-0.059407424,-0.12323006,-0.1966673,0.11062401,-0.10308602,-0.2292841,0.093960665,-0.06705926,-0.20386927,0.040314667,-0.050260033,-0.18292667
P,Zaith,Right,0.0,0.0,0.0,0.06236517,-0.2481456,-0.013232648,0.12412919,-0.46482885,-0.06281376,0.20911558,-0.5948619,-0.11739207,0.2769869,-0.72329825,-0.1730207,-0.02001051,-0.6353687,-0.11062398,0.12492572,-0.74666697,-0.19002035,0.20720188,-0.8538655,-0.25122815,0.283497,-0.9589731,-0.2994478,-0.0832993,-0.4876332,-0.15440103,0.17489436,-0.5146884,-0.26077002,0.30856898,-0.53508455,-0.30629393,0.40785754,-0.5830795,-0.33636683,-0.102249354,-0.2856146,-0.1935782,0.14783162,-0.28619176,-0.26155776,0.116005294,-0.22568098,-0.23394932,0.04861071,-0.19985914,-0.21677208,-0.10568915,-0.06941006,-0.2382894,0.09214988,-0.09347132,-0.28288227,0.0836672,-0.06633247,-0.25756767,0.02600387,-0.058645025,-0.23762734
P,Zaith,Right,0.0,0.0,0.0,0.07504532,-0.24874115,-0.016980654,0.14309084,-0.4817333,-0.057199944,0.2168577,-0.6237596,-0.10071924,0.26553667,-0.76465416,-0.14654432,-0.032071717,-0.6321775,-0.10007231,0.11750028,-0.76979685,-0.16415003,0.19704928,-0.8682128,-0.21236129,0.27050605,-0.96271825,-0.24989718,-0.08771802,-0.47762227,-0.13329764,0.17058283,-0.5272109,-0.2089938,0.29714063,-0.55463594,-0.24226451,0.39220074,-0.60042405,-0.26798996,-0.10575468,-0.267671,-0.16352436,0.123305,-0.2883518,-0.21189857,0.09352325,-0.26622832,-0.19456373,0.0406913,-0.25746444,-0.18746294,-0.10721336,-0.046120696,-0.19854964,0.07254759,-0.08919277,-0.23085842,0.062215526,-0.0917088,-0.21232104,0.015733317,-0.085213944,-0.19936648
P,Zaith,Right,0.0,0.0,0.0,0.07383248,-0.24928802,-0.016310034,0.13789685,-0.48577297,-0.05542961,0.20850432,-0.63170964,-0.09865872,0.25456375,-0.76663834,-0.1450494,-0.045899626,-0.64247024,-0.09539512,0.106353536,-0.776205,-0.16213079,0.18962407,-0.87294817,-0.21232475,0.267125,-0.9636619,-0.25013378,-0.1005363,-0.49172905,-0.13013314,0.13819902,-0.54598165,-0.20633712,0.26473922,-0.5888292,-0.24068281,0.36063558,-0.63676053,-0.2664642,-0.12072018,-0.28478292,-0.16298078,0.09833997,-0.29761013,-0.21741752,0.08672941,-0.27185518,-0.2070119,0.046232797,-0.25553226,-0.20227684,-0.12196059,-0.06333127,-0.19991222,0.050739065,-0.09697028,-0.23603863,0.055908166,-0.105068214,-0.22181046,0.022515908,-0.10653521,-0.21101937
P,Zaith,Right,0.0,0.0,0.0,0.08719032,-0.24945939,-0.008377408,0.1585126,-0.4652295,-0.04743138,0.22578843,-0.59432864,-0.092866614,0.27415577,-0.730582,-0.14016454,0.0028775309,-0.64812386,-0.08674276,0.13634367,-0.76806617,-0.15723942,0.21330604,-0.868253,-0.20869608,0.2846714,-0.95862514,-0.24795085,-0.05324821,-0.5275672,-0.12823737,0.17818272,-0.5658725,-0.21921806,0.30261526,-0.5654847,-0.25887457,0.39512128,-0.57757455,-0.28356603,-0.076092586,-0.34742898,-0.16703092,0.15191874,-0.33654946,-0.23326439,0.1208776,-0.26878598,-0.21868648,0.059308738,-0.24031308,-0.20761438,-0.08375257,-0.14577578,-0.20912747,0.09415098,-0.13722394,-0.25385907,0.083793074,-0.105403654,-0.23826647,0.03472395,-0.09695096,-0.22414938
P,Zaith,Right,0.0,0.0,0.0,0.08538071,-0.2307018,-0.014144757,0.16514418,-0.44999123,-0.055990253,0.24043158,-0.5778472,-0.102310896,0.29078153,-0.7105432,-0.14974208,0.017661247,-0.6313995,-0.10768332,0.15199171,-0.75045437,-0.18074994,0.23187362,-0.85599196,-0.23504369,0.305672,-0.9521369,-0.27671584,-0.041909855,-0.5090687,-0.14767575,0.19450621,-0.5164652,-0.24102715,0.32642347,-0.5256361,-0.28282923,0.4294356,-0.5491572,-0.31048432,-0.063519344,-0.32211238,-0.18335801,0.1616605,-0.28804722,-0.24523272,0.11264014,-0.23675627,-0.22589599,0.038731005,-0.21802303,-0.21456039,-0.07289594,-0.114240855,-0.22394556,0.10902908,-0.109164774,-0.26558113,0.08595149,-0.08265203,-0.24566114,0.028882392,-0.07264441,-0.22993043
P,Zaith,Right,0.0,0.0,0.0,0.08405116,-0.23537545,-0.023815714,0.14925204,-0.44328958,-0.06806073,0.22141027,-0.5567459,-0.1173939,0.27972785,-0.67978865,-0.16871555,-0.0046404605,-0.6299666,-0.09741457,0.12690681,-0.7444568,-0.17455465,0.20227069,-0.8548115,-0.23513481,0.27523485,-0.961377,-0.2814809,-0.07175982,-0.5012453,-0.13428894,0.15937787,-0.4958434,-0.2318178,0.28009152,-0.50812274,-0.27678612,0.37334207,-0.54046065,-0.30440035,-0.100288175,-0.3005092,-0.17026056,0.123353265,-0.25524575,-0.2357642,0.08652931,-0.19959602,-0.2197931,0.024978232,-0.17124741,-0.20842984,-0.11025336,-0.0764317,-0.2128826,0.06989878,-0.055281322,-0.2597511,0.05054519,-0.029331943,-0.24685419,-0.0061241947,-0.01897379,-0.23392165
P,Zaith,Right,0.0,0.0,0.0,0.0875652,-0.2281905,-0.019426644,0.14865857,-0.43767786,-0.06797051,0.19746928,-0.57546145,-0.117831565,0.24412975,-0.7184359,-0.1692144,-0.021117914,-0.620723,-0.12837553,0.10095325,-0.7491362,-0.2098666,0.17149083,-0.85980904,-0.26602313,0.23920843,-0.97096825,-0.30870834,-0.08091674,-0.49222517,-0.16580154,0.1384451,-0.5197817,-0.27938393,0.2660722,-0.5110612,-0.32555875,0.36582148,-0.521188,-0.35128784,-0.094904535,-0.30581585,-0.1990474,0.09976575,-0.28973663,-0.27906606,0.0827334,-0.23492849,-0.27054104,0.040273506,-0.20485008,-0.26210415,-0.092551604,-0.10468039,-0.23561947,0.06508243,-0.113191776,-0.28787366,0.05525703,-0.08664509,-0.2802362,0.009429087,-0.081375174,-0.27235425
P,Zaith,Right,0.0,0.0,0.0,0.06947039,-0.234718,-0.003943641,0.14551291,-0.43653217,-0.04784108,0.24014963,-0.5512904,-0.09799142,0.304373,-0.6851698,-0.14906387,0.010098968,-0.6101463,-0.100781664,0.16041458,-0.72613364,-0.1744917,0.24360432,-0.83545804,-0.23060796,0.32310197,-0.94636416,-0.27359733,-0.0566067,-0.4700959,-0.14410448,0.18141222,-0.47368607,-0.24223809,0.30990916,-0.4788523,-0.2828927,0.41399652,-0.507953,-0.30919632,-0.07798541,-0.27199653,-0.18158008,0.16422024,-0.24243985,-0.23465745,0.13325761,-0.21172208,-0.20163096,0.07054729,-0.20127548,-0.1820815,-0.0840482,-0.06950191,-0.22472675,0.10891981,-0.06376469,-0.2539477,0.09725708,-0.0567239,-0.22476676,0.03980272,-0.06597067,-0.20316878
P,Zaith,Right,0.0,0.0,0.0,0.08085971,-0.2420413,-0.0022747128,0.17698379,-0.4434838,-0.045432072,0.28217238,-0.5427916,-0.09510795,0.35035768,-0.6647816,-0.14604783,0.05685285,-0.60201985,-0.102291375,0.21002392,-0.7169579,-0.17294039,0.29534242,-0.8211217,-0.22612569,0.37490904,-0.9270616,-0.26790982,-0.0005365103,-0.46085504,-0.1489239,0.23746441,-0.4847024,-0.24944365,0.37268314,-0.4650266,-0.29153106,0.47987956,-0.4677808,-0.3169754,-0.015019377,-0.26851454,-0.18864891,0.22453052,-0.25928718,-0.24430762,0.19096902,-0.2217301,-0.2111504,0.12428082,-0.20882338,-0.1901541,-0.015030701,-0.07416402,-0.23338303,0.17642048,-0.091754936,-0.26302442,0.15940522,-0.084036276,-0.23012659,0.10233466,-0.08412761,-0.20595506
P,Zaith,Right,0.0,0.0,0.0,0.10400488,-0.26630116,0.0057453755,0.19590811,-0.4640519,-0.022766355,0.28848496,-0.5659634,-0.06162225,0.3481675,-0.68443424,-0.09981741,0.07694078,-0.64779484,-0.055393286,0.2150638,-0.7592299,-0.116389185,0.29780558,-0.8507367,-0.16306542,0.36988962,-0.9290757,-0.19965461,0.042932525,-0.5348013,-0.1023481,0.24422897,-0.55705184,-0.18492763,0.37983003,-0.5408564,-0.22491564,0.4862413,-0.52222204,-0.25030237,0.030253638,-0.3643625,-0.14569828,0.23579961,-0.30329984,-0.20131233,0.20170443,-0.2562643,-0.18225217,0.141849,-0.25122592,-0.16818142,0.023916842,-0.18158656,-0.19253887,0.18787897,-0.12729727,-0.22647417,0.1634973,-0.107064866,-0.2053928,0.10922516,-0.11459866,-0.1880252
P,Zaith,Right,0.0,0.0,0.0,0.10396839,-0.24002014,0.005336493,0.18598254,-0.4475403,-0.019299017,0.26113445,-0.57225513,-0.054359734,0.31863573,-0.698256,-0.090860605,0.060617305,-0.64438546,-0.05253356,0.2016164,-0.7626283,-0.10620618,0.27908468,-0.85639626,-0.1430703,0.34210423,-0.93966204,-0.17232348,0.015230112,-0.5452836,-0.09429499,0.22960863,-0.564128,-0.16044794,0.34997028,-0.54679805,-0.18608826,0.43435344,-0.546388,-0.20404401,-0.007889437,-0.38379976,-0.13368136,0.19627626,-0.3125755,-0.18495929,0.16506806,-0.23316859,-0.16661282,0.108477764,-0.21653144,-0.15362984,-0.016842265,-0.20234627,-0.1757594,0.13993762,-0.14063539,-0.20928338,0.123430885,-0.09267635,-0.19127804,0.074036255,-0.08436805,-0.17644615
P,Zaith,Right,0.0,0.0,0.0,0.09937943,-0.24272361,-0.0028709546,0.18378222,-0.4554596,-0.033387423,0.26366177,-0.5802734,-0.072629154,0.32117954,-0.7060329,-0.113376796,0.045202926,-0.61677426,-0.074771084,0.18223658,-0.7360901,-0.14139324,0.25814104,-0.8429335,-0.18649332,0.32506683,-0.94569105,-0.22087684,-0.00028039812,-0.5002773,-0.117197715,0.22284941,-0.5572927,-0.19684787,0.32358468,-0.574507,-0.2294887,0.3999948,-0.61151206,-0.25271586,-0.017598078,-0.32598314,-0.15700833,0.1994821,-0.27880454,-0.2210098,0.1587225,-0.20134276,-0.2030097,0.1017025,-0.1849028,-0.18816939,-0.020756131,-0.13540982,-0.20001607,0.14555618,-0.09707103,-0.2421165,0.1224141,-0.05701092,-0.22512186,0.07015623,-0.05164262,-0.2104676
P,Zaith,Right,0.0,0.0,0.0,0.0983315,-0.2413605,-0.004889923,0.17864382,-0.4529449,-0.037290208,0.25723967,-0.5752239,-0.07823938,0.3179211,-0.70142716,-0.12067041,0.04756718,-0.6235632,-0.0758371,0.18145108,-0.7387662,-0.14494026,0.2567594,-0.8442445,-0.19266817,0.32279837,-0.94646776,-0.22902748,0.0028486946,-0.50926405,-0.11829541,0.22100769,-0.565401,-0.20012574,0.32956612,-0.58854145,-0.23534743,0.41428682,-0.62959874,-0.26032022,-0.015464234,-0.33563253,-0.15829109,0.20224245,-0.28678012,-0.2241097,0.16230115,-0.2086601,-0.2057029,0.10476055,-0.19239266,-0.19056058,-0.019448662,-0.14345247,-0.20173985,0.14715005,-0.104217716,-0.24634469,0.12441739,-0.06155,-0.22892974,0.07207422,-0.05531136,-0.21348767
P,Zaith,Right,0.0,0.0,0.0,0.0997598,-0.23530096,0.0027033957,0.17573899,-0.4484041,-0.027979791,0.24927266,-0.57350796,-0.06795881,0.30413717,-0.70946217,-0.10901982,0.04085589,-0.626888,-0.06983916,0.1759022,-0.7516794,-0.13301794,0.24893053,-0.85370576,-0.17789188,0.31000042,-0.9507364,-0.21348135,-0.007710135,-0.51888674,-0.114663385,0.20305829,-0.57783246,-0.19688565,0.3300098,-0.5873728,-0.23310874,0.42775998,-0.60643613,-0.258008,-0.02527092,-0.34884858,-0.15555803,0.1938775,-0.3154687,-0.21580133,0.17021945,-0.23201524,-0.19546546,0.115707554,-0.20415549,-0.1810131,-0.02712005,-0.1650137,-0.19948831,0.1464072,-0.1437416,-0.23983204,0.13573784,-0.10003202,-0.22035767,0.08678003,-0.09018872,-0.20448476
P,Zaith,Right,0.0,0.0,0.0,0.076241665,-0.23379989,0.0023262314,0.13833909,-0.44622394,-0.03177634,0.21029735,-0.57544196,-0.07439445,0.2694176,-0.7074364,-0.1190177,0.0008744854,-0.6220252,-0.08094546,0.124404304,-0.76094896,-0.14499694,0.19160677,-0.8690868,-0.18993498,0.25233924,-0.96763885,-0.22579852,-0.054338437,-0.5087694,-0.12553947,0.17455426,-0.56262666,-0.20833111,0.29766506,-0.5687408,-0.24295616,0.38685328,-0.587475,-0.26648465,-0.074748985,-0.32848457,-0.16529244,0.14484413,-0.3058263,-0.22211029,0.12337094,-0.21665904,-0.20106569,0.06763046,-0.1772045,-0.18815643,-0.079220586,-0.12926088,-0.20800096,0.088138804,-0.09911732,-0.24666205,0.07915659,-0.05214095,-0.227248,0.028346254,-0.037442856,-0.21178366
P,Zaith,Right,0.0,0.0,0.0,0.078120664,-0.23381773,0.0033439482,0.14185579,-0.44547006,-0.030344285,0.2142288,-0.57418513,-0.07299795,0.27252844,-0.7049649,-0.11743606,0.0033619166,-0.6280066,-0.07760943,0.12567583,-0.7631703,-0.14127766,0.19142292,-0.87127924,-0.1860379,0.25077447,-0.96804553,-0.22177829,-0.052740995,-0.5210111,-0.12283067,0.17268917,-0.5666007,-0.20570822,0.29457986,-0.573018,-0.24055468,0.3837104,-0.5899643,-0.2637887,-0.07389667,-0.34570697,-0.16344008,0.1456347,-0.31504282,-0.22058359,0.12143842,-0.22478396,-0.20009221,0.06437881,-0.18641204,-0.18749541,-0.07829072,-0.14912039,-0.20700382,0.08995752,-0.10800896,-0.24603237,0.078723945,-0.0584328,-0.2276015,0.027738297,-0.044607636,-0.21274818
P,Zaith,Right,0.0,0.0,0.0,0.09792722,-0.23583941,-0.007417165,0.15717994,-0.44676438,-0.043986283,0.20528626,-0.5878637,-0.08830913,0.24588211,-0.7365037,-0.13260269,0.0036931606,-0.64251286,-0.07308448,0.106703475,-0.7700073,-0.14571735,0.16901436,-0.8764145,-0.19941808,0.22657576,-0.97399354,-0.24057646,-0.063590035,-0.5432264,-0.11492045,0.13778971,-0.5711864,-0.21603173,0.2731073,-0.56261927,-0.26214606,0.3703919,-0.5621228,-0.28791028,-0.0911808,-0.37803316,-0.15438181,0.13007101,-0.34913176,-0.22969021,0.13437703,-0.23983906,-0.21536726,0.089096054,-0.18370734,-0.20102584,-0.099240705,-0.19140084,-0.19744144,0.076534055,-0.1599386,-0.25139683,0.07988849,-0.102016896,-0.23958227,0.030587595,-0.087709025,-0.22565316
P,Zaith,Right,0.0,0.0,0.0,0.08630375,-0.20556481,-0.028647007,0.13310781,-0.42995355,-0.06838695,0.1674454,-0.57999724,-0.10968831,0.2070536,-0.7181178,-0.15025508,-0.038573157,-0.6109787,-0.08973811,0.055910226,-0.7583642,-0.16550992,0.11253926,-0.8749234,-0.2188346,0.16818817,-0.9857549,-0.25718132,-0.11430063,-0.5207033,-0.11755845,0.07813131,-0.54667586,-0.22552568,0.21262763,-0.54683125,-0.26996118,0.31434682,-0.55538625,-0.287745,-0.15034206,-0.36637568,-0.14549288,0.059921812,-0.30996677,-0.22295815,0.06810358,-0.21866384,-0.21833,0.036490634,-0.16984466,-0.20679092,-0.1600473,-0.17636462,-0.17873198,0.018015197,-0.14468403,-0.22785945,0.032682557,-0.08822483,-0.22196543,-0.0011270796,-0.06891049,-0.21150321
P,Zaith,Right,0.0,0.0,0.0,0.0904978,-0.21174848,-0.031246865,0.1335634,-0.42233557,-0.07817188,0.16452333,-0.5638376,-0.1275305,0.20748696,-0.7016816,-0.17638874,-0.03466898,-0.61205965,-0.10076453,0.055209316,-0.75455683,-0.18731417,0.10717349,-0.87299496,-0.24857746,0.1597075,-0.9871644,-0.29286698,-0.110589735,-0.52409637,-0.13248606,0.07587468,-0.5543353,-0.2569165,0.20498887,-0.5516876,-0.30927613,0.29988712,-0.558313,-0.33135346,-0.14551573,-0.37007377,-0.16425757,0.061387077,-0.3210199,-0.25653693,0.0785707,-0.22345302,-0.25325477,0.04895293,-0.17257488,-0.24039625,-0.15519907,-0.18220416,-0.20107509,0.01730182,-0.15366988,-0.26177177,0.03852554,-0.105836675,-0.2578951,0.0057422295,-0.09485717,-0.24738787
P,Zaith,Right,0.0,0.0,0.0,0.084502034,-0.22726044,0.0017875921,0.15470277,-0.4268714,-0.030970981,0.2242399,-0.54486775,-0.07285776,0.27675283,-0.6708899,-0.115820356,0.025602676,-0.62590057,-0.07168834,0.14854077,-0.7601274,-0.13796586,0.21776861,-0.86564845,-0.18674204,0.27924824,-0.96021897,-0.22446784,-0.034614492,-0.5261189,-0.11524929,0.17173968,-0.5518708,-0.19852358,0.2766169,-0.5337021,-0.23150158,0.34758046,-0.5345742,-0.25277296,-0.059120562,-0.35952735,-0.15574299,0.16630757,-0.3093278,-0.21101984,0.15660226,-0.2126287,-0.18761905,0.10472433,-0.17280881,-0.17242084,-0.064084955,-0.17538837,-0.20018548,0.109487936,-0.12339163,-0.23624174,0.10052067,-0.06737758,-0.2166328,0.048017517,-0.05688903,-0.20066454
P,Zaith,Right,0.0,0.0,0.0,0.12708929,-0.19695026,-0.00881583,0.22192079,-0.3953446,-0.04103217,0.28971085,-0.5238419,-0.07852079,0.3471664,-0.6534211,-0.11585574,0.12676987,-0.6325599,-0.08313319,0.25765967,-0.7403344,-0.14486896,0.33650243,-0.8350318,-0.18594778,0.40594706,-0.9138966,-0.21672967,0.07510787,-0.5450694,-0.11801877,0.26628938,-0.529169,-0.18860638,0.387484,-0.4941151,-0.2126384,0.48270407,-0.46243984,-0.23019901,0.0424011,-0.39188987,-0.15102567,0.25785482,-0.28423384,-0.20506702,0.26142523,-0.21170391,-0.1840731,0.23588854,-0.18609254,-0.16957642,0.027490456,-0.21157879,-0.18755877,0.19961789,-0.14143139,-0.22421741,0.20470813,-0.11073553,-0.20728019,0.17986545,-0.11325419,-0.19308032
P,Zaith,Right,0.0,0.0,0.0,0.08630593,-0.27915448,-0.03396671,0.1244341,-0.49004614,-0.08468887,0.16303359,-0.6161796,-0.13955073,0.20881267,-0.74679136,-0.19499497,-0.0789687,-0.6631976,-0.09146158,0.034852177,-0.773124,-0.17786059,0.10020953,-0.87956274,-0.23992859,0.16343896,-0.98655343,-0.28421125,-0.1464491,-0.54534984,-0.122940786,0.06041086,-0.5855931,-0.23651834,0.18698838,-0.58858794,-0.28510597,0.27185053,-0.6070862,-0.30746958,-0.17420541,-0.3682499,-0.15669872,0.04946855,-0.3407214,-0.25000593,0.077008665,-0.2463587,-0.25232372,0.047217607,-0.19918452,-0.24200878,-0.18161039,-0.16909471,-0.19526498,0.0016344399,-0.15194616,-0.25913575,0.03596152,-0.1192138,-0.25863814,0.006312845,-0.112219706,-0.24914366
P,Zaith,Right,0.0,0.0,0.0,0.08354102,-0.27802318,-0.031445347,0.11947553,-0.49084756,-0.077969715,0.15814175,-0.6191021,-0.12932698,0.2030665,-0.7471266,-0.1812969,-0.08490295,-0.66265124,-0.081751734,0.03200345,-0.7712263,-0.16433705,0.095889464,-0.87854624,-0.22426498,0.1582625,-0.9873971,-0.2670992,-0.15117572,-0.54492533,-0.11312973,0.051481836,-0.5834772,-0.22518378,0.17565611,-0.58915806,-0.2752847,0.26076084,-0.60914636,-0.29800856,-0.17915314,-0.36924583,-0.1466589,0.04301248,-0.3395714,-0.23939395,0.071969435,-0.24387152,-0.24452692,0.04425848,-0.19550633,-0.23509862,-0.18732913,-0.17175676,-0.18471539,-0.0060461583,-0.15031502,-0.24796243,0.029316653,-0.11371938,-0.24919184,0.0002703596,-0.10321416,-0.24047405
P,Zaith,Right,0.0,0.0,0.0,0.064562194,-0.24844524,-0.006145998,0.14030707,-0.45783857,-0.05463706,0.24158424,-0.57078725,-0.1091013,0.31865463,-0.69277894,-0.16601285,-1.224218e-05,-0.6165741,-0.11296313,0.14606965,-0.7388277,-0.19035017,0.22780249,-0.84849876,-0.2492328,0.3044938,-0.9525143,-0.29506654,-0.0630957,-0.4678835,-0.15900974,0.19141904,-0.4939481,-0.26024956,0.32409468,-0.50153065,-0.30128342,0.42575523,-0.53114593,-0.32857007,-0.082506046,-0.260773,-0.19952072,0.16288233,-0.25921923,-0.25844726,0.1332134,-0.22346692,-0.2292344,0.069403276,-0.20788372,-0.21261866,-0.08766123,-0.043552414,-0.24530153,0.103942715,-0.06195057,-0.27988285,0.09161613,-0.05480016,-0.25237578,0.0338604,-0.054241672,-0.23268075
P,Zaith,Right,0.0,0.0,0.0,0.07340998,-0.2734893,-0.014678832,0.11910704,-0.4903838,-0.053269263,0.1739825,-0.62705797,-0.098243855,0.22532268,-0.7586532,-0.14555196,-0.06024763,-0.6532681,-0.07502041,0.06607245,-0.7669142,-0.14533187,0.1396752,-0.87503266,-0.2003676,0.20737793,-0.97826093,-0.24216564,-0.11402799,-0.52151936,-0.11310737,0.10131218,-0.5646587,-0.2015898,0.22785486,-0.59380233,-0.2436416,0.32078514,-0.6323774,-0.26919836,-0.13227235,-0.33148605,-0.15110822,0.07901111,-0.3275325,-0.21605153,0.06502286,-0.26303726,-0.2131741,0.018060558,-0.2259415,-0.2096439,-0.13063125,-0.11611459,-0.19348837,0.042197492,-0.119738884,-0.23560408,0.041653708,-0.08894474,-0.22863825,-0.0011372699,-0.0760327,-0.22158831
P,Zaith,Right,0.0,0.0,0.0,0.09012394,-0.22081636,-0.025758093,0.13870203,-0.44792765,-0.060002014,0.1792056,-0.59400433,-0.098224476,0.23265971,-0.72663754,-0.138175,-0.026371244,-0.64326406,-0.070597745,0.08025653,-0.77180743,-0.13797039,0.14228775,-0.878154,-0.18703856,0.20083682,-0.9796247,-0.22313686,-0.091841325,-0.55511993,-0.09728292,0.1040106,-0.5882169,-0.18814173,0.2268959,-0.5963129,-0.23105855,0.31910795,-0.6184602,-0.25370702,-0.121176265,-0.39917898,-0.124899864,0.0790863,-0.3761996,-0.20546685,0.08763231,-0.25586733,-0.20709507,0.061485294,-0.18854015,-0.1981411,-0.13108096,-0.21174727,-0.15584289,0.025678298,-0.21576242,-0.21284842,0.045731016,-0.16089594,-0.21051612,0.022706214,-0.13511327,-0.20089218
P,Zaith,Right,0.0,0.0,0.0,0.090370506,-0.23483154,-0.01902357,0.14060752,-0.45194244,-0.056701794,0.1832711,-0.5902184,-0.09975835,0.23082556,-0.7280736,-0.14493273,-0.030960273,-0.63177156,-0.08163251,0.07889491,-0.7656006,-0.15413056,0.14002737,-0.8752474,-0.20500565,0.195883,-0.9806273,-0.24277517,-0.09809848,-0.5327946,-0.11536467,0.09616885,-0.59517765,-0.21342123,0.21739072,-0.60936195,-0.25849298,0.30799347,-0.6312412,-0.28289154,-0.12500404,-0.36887696,-0.14797933,0.08482213,-0.3593652,-0.22806522,0.085503876,-0.25583583,-0.22529495,0.04812861,-0.1992483,-0.21574587,-0.13130015,-0.17736618,-0.18358678,0.039512664,-0.180736,-0.23880209,0.056194324,-0.14072421,-0.23372336,0.027203768,-0.12923144,-0.22387661
P,Zaith,Right,0.0,0.0,0.0,0.06900544,-0.27851933,-0.028002048,0.09706344,-0.5011644,-0.06697923,0.13662463,-0.6336149,-0.11237952,0.1867103,-0.7480078,-0.15976337,-0.11022848,-0.66346717,-0.055290703,-0.0030437626,-0.77881265,-0.12986562,0.055842355,-0.88452315,-0.18698665,0.11624143,-0.993221,-0.22736394,-0.17811552,-0.54761976,-0.08433151,0.008905487,-0.5996413,-0.18406616,0.13712624,-0.5937761,-0.23025084,0.2280177,-0.60064805,-0.24962401,-0.20763697,-0.37463424,-0.11757147,-0.00908139,-0.35784447,-0.20137285,0.028322292,-0.26712775,-0.2141887,0.017514462,-0.21506925,-0.21011943,-0.21312013,-0.17451197,-0.15531026,-0.047530517,-0.15653618,-0.20809767,-0.0018169249,-0.13156325,-0.21294166,-0.011006738,-0.12588419,-0.20860223
P,Zaith,Right,0.0,0.0,0.0,0.10389067,-0.2142505,0.015285535,0.17884143,-0.39575937,-0.015964242,0.24796808,-0.5060189,-0.06108937,0.29964998,-0.63852507,-0.105949044,0.12228973,-0.5679063,-0.05229551,0.21232761,-0.7217694,-0.116008,0.26075011,-0.84484047,-0.15748265,0.303407,-0.9528611,-0.18912923,0.06835236,-0.50602776,-0.09996525,0.2538888,-0.5283482,-0.18182069,0.36488202,-0.54205567,-0.21272703,0.44938475,-0.5818909,-0.2345544,0.03272493,-0.3851408,-0.1443993,0.22607112,-0.33729184,-0.20373577,0.2087914,-0.25060633,-0.17316274,0.16027474,-0.22714573,-0.15061101,0.0072894474,-0.24615589,-0.19130693,0.16713859,-0.20102678,-0.23367278,0.16572103,-0.14401846,-0.21031249,0.11901718,-0.13920332,-0.18964629
P,Zaith,Right,0.0,0.0,0.0,0.12771496,-0.18320026,0.011961884,0.20411097,-0.34977272,-0.029840125,0.25252554,-0.46994328,-0.08419085,0.29557547,-0.6218233,-0.13760993,0.13240571,-0.5439967,-0.09107057,0.23368889,-0.7064386,-0.17204748,0.28799006,-0.8293937,-0.22070181,0.33553153,-0.942029,-0.25794578,0.06496447,-0.49597842,-0.14605658,0.24005471,-0.5257108,-0.2658074,0.36097994,-0.5165297,-0.31180316,0.45030457,-0.5262243,-0.33921888,0.01664851,-0.38401532,-0.19423136,0.20261054,-0.32831472,-0.27933264,0.19162905,-0.19982414,-0.24035184,0.14442383,-0.15503484,-0.20840533,-0.017768709,-0.25315034,-0.24448714,0.12856536,-0.17292286,-0.30331865,0.13052496,-0.08590529,-0.27551654,0.085221656,-0.07555065,-0.24917372
P,Zaith,Right,0.0,0.0,0.0,0.1262832,-0.1970413,0.018933175,0.20706792,-0.3716136,-0.017173868,0.2719759,-0.47904074,-0.06921002,0.33528647,-0.60299176,-0.122107685,0.16117555,-0.56368077,-0.060974862,0.26327416,-0.708844,-0.13392049,0.32312956,-0.82486707,-0.17991464,0.37462047,-0.92717826,-0.21371035,0.09260471,-0.52220964,-0.11444229,0.27308068,-0.5189806,-0.20669143,0.38023093,-0.49542153,-0.23918177,0.4567973,-0.51586705,-0.26036802,0.039589915,-0.41481036,-0.16422834,0.22000188,-0.33528012,-0.23645292,0.20737103,-0.22256829,-0.20412797,0.1604695,-0.19843172,-0.17754976,-0.0026095929,-0.28684896,-0.21508797,0.14461266,-0.22221878,-0.26431632,0.1527643,-0.14745353,-0.23678353,0.10914268,-0.145363,-0.21164212
P,Zaith,Right,0.0,0.0,0.0,0.114001215,-0.18546249,0.0083357105,0.19058046,-0.3658354,-0.020326706,0.25012892,-0.47985223,-0.061850857,0.30365512,-0.606113,-0.10332642,0.14199929,-0.5669029,-0.046810832,0.24245003,-0.71162415,-0.10720171,0.29877007,-0.8308068,-0.14612255,0.34702304,-0.9378566,-0.17559657,0.07380498,-0.53103477,-0.08931974,0.25378573,-0.52062196,-0.16901696,0.36202222,-0.49639818,-0.1988111,0.43792927,-0.51106554,-0.21717723,0.022158206,-0.4219196,-0.1292173,0.20097943,-0.33432943,-0.1915765,0.19146521,-0.22322801,-0.16240314,0.14473781,-0.19119531,-0.13757226,-0.019941637,-0.2852815,-0.17141275,0.123764545,-0.21447177,-0.21402095,0.13656023,-0.13929312,-0.1877153,0.097771004,-0.13024679,-0.16306432
P,Zaith,Right,0.0,0.0,0.0,0.12709759,-0.1800166,0.008290677,0.2108663,-0.36718684,-0.015854556,0.27840346,-0.4934203,-0.05306081,0.3412639,-0.61320573,-0.090562426,0.16337337,-0.57741916,-0.035747334,0.2655562,-0.7121535,-0.0912217,0.3273513,-0.8265992,-0.12680697,0.3782884,-0.9256878,-0.15300275,0.108245045,-0.5361415,-0.07591041,0.2912525,-0.52689683,-0.14458676,0.400678,-0.50912565,-0.1685146,0.48244804,-0.5214045,-0.18374647,0.061897453,-0.4346177,-0.115265556,0.2380163,-0.34959385,-0.17396516,0.21425514,-0.238916,-0.14681481,0.16689678,-0.20229183,-0.123038955,0.024344048,-0.30223408,-0.15690446,0.16504495,-0.23440371,-0.19683455,0.15907957,-0.15493381,-0.17219003,0.11572037,-0.13792871,-0.14909644
P,Zaith,Right,0.0,0.0,0.0,0.11346619,-0.19006611,0.010693894,0.18749931,-0.3789239,-0.020387843,0.24876235,-0.4996283,-0.06402863,0.3090214,-0.6205238,-0.108813316,0.13630125,-0.57553107,-0.060405232,0.23787288,-0.7188735,-0.12426616,0.2964141,-0.8382817,-0.16508836,0.34529558,-0.93849397,-0.19485785,0.07683071,-0.5245055,-0.10381824,0.26480725,-0.5263153,-0.18016995,0.36957464,-0.5201523,-0.20519574,0.44397557,-0.5398818,-0.22262421,0.034300648,-0.410597,-0.14476426,0.22152703,-0.35433084,-0.20612006,0.20954733,-0.25425595,-0.17756987,0.16825809,-0.21463558,-0.15439428,0.0043518967,-0.27180496,-0.18740812,0.15615167,-0.2361581,-0.23085733,0.1627736,-0.17148815,-0.20731708,0.12552002,-0.15250352,-0.18528526
P,Zaith,Right,0.0,0.0,0.0,0.10439781,-0.19356602,0.00882115,0.17662595,-0.3803603,-0.01837387,0.24002364,-0.49100906,-0.056955844,0.2970319,-0.6153049,-0.09524816,0.12123244,-0.58280045,-0.054527882,0.21908118,-0.729129,-0.11172648,0.2713066,-0.8438117,-0.15137151,0.31708553,-0.9483969,-0.18221103,0.05771574,-0.52796197,-0.0954897,0.24189763,-0.5164688,-0.17117128,0.3573146,-0.5082832,-0.20101902,0.44229394,-0.51395893,-0.22145642,0.013702168,-0.40641263,-0.13297829,0.20151736,-0.34164315,-0.18470484,0.18796301,-0.24908763,-0.1550766,0.14122748,-0.21314053,-0.13418218,-0.016020354,-0.2636904,-0.17370352,0.13470761,-0.20339172,-0.20968975,0.13334666,-0.13820617,-0.1854775,0.08939685,-0.12142683,-0.16442391
P,Zaith,Right,0.0,0.0,0.0,0.115278415,-0.18832494,0.0024281472,0.17316069,-0.36730608,-0.033263687,0.20935446,-0.49321747,-0.081026,0.2478429,-0.64307016,-0.1288397,0.091650456,-0.5737767,-0.05824078,0.16963883,-0.73289114,-0.1237182,0.20758772,-0.8567304,-0.16553655,0.23952626,-0.97088987,-0.19791806,0.02269804,-0.5294937,-0.10127017,0.20087034,-0.55817336,-0.19063228,0.3085743,-0.5378064,-0.22342248,0.37665144,-0.5564957,-0.24269868,-0.022937002,-0.41568342,-0.14197807,0.15733425,-0.3758372,-0.21390454,0.15948285,-0.24714807,-0.18372911,0.11439907,-0.20245782,-0.15783332,-0.055186242,-0.27936065,-0.18518254,0.08895122,-0.24151032,-0.23810211,0.1095733,-0.15857148,-0.21340103,0.0704696,-0.13800208,-0.18883061
P,Zaith,Right,0.0,0.0,0.0,0.12471603,-0.17690775,-0.0039299275,0.19909249,-0.3761813,-0.028055007,0.25293797,-0.52090496,-0.0625865,0.3095783,-0.6510802,-0.0979811,0.13233045,-0.5733803,-0.044904854,0.22839302,-0.71675193,-0.09840352,0.2827661,-0.8366949,-0.13228245,0.32792315,-0.9447044,-0.15645036,0.07399393,-0.5328918,-0.07588559,0.2409298,-0.5320759,-0.14012417,0.3473709,-0.5296513,-0.16124508,0.42497742,-0.54045534,-0.1740493,0.028867202,-0.43113118,-0.10753027,0.19922744,-0.36170387,-0.16664985,0.18845515,-0.24881695,-0.14575309,0.15252921,-0.1921025,-0.12401141,-0.0033291185,-0.301824,-0.14188448,0.13544531,-0.2591592,-0.18172704,0.14335176,-0.1789987,-0.16186926,0.11261875,-0.13961194,-0.14090237
P,Zaith,Right,0.0,0.0,0.0,0.14150432,-0.15324545,0.004500102,0.2243943,-0.34644443,-0.015068239,0.2774111,-0.49461424,-0.0489078,0.33465582,-0.6230321,-0.08366708,0.15920542,-0.5715973,-0.02097739,0.25114,-0.7169388,-0.072190635,0.30686384,-0.83255196,-0.103149526,0.35333592,-0.9354965,-0.12382344,0.104116544,-0.5462225,-0.056566555,0.27594876,-0.5465345,-0.11896467,0.37163576,-0.5096749,-0.13489524,0.43658817,-0.4957967,-0.14041562,0.057606947,-0.46360463,-0.09447896,0.23374087,-0.38854936,-0.15980025,0.22125639,-0.24247564,-0.13795723,0.18657222,-0.16284636,-0.11005426,0.02234821,-0.34304902,-0.13391721,0.17076403,-0.2947629,-0.17583577,0.17413437,-0.19072008,-0.15330748,0.14131379,-0.13369685,-0.12784831
P,Zaith,Right,0.0,0.0,0.0,0.1467566,-0.14687975,-0.00016801743,0.23133849,-0.3387358,-0.020552961,0.2848323,-0.4826198,-0.05324244,0.3436883,-0.6064985,-0.08631217,0.17286807,-0.5749156,-0.026819682,0.2706995,-0.7126922,-0.07878703,0.33066243,-0.82530916,-0.11073055,0.37948096,-0.92519957,-0.13283631,0.11824097,-0.5485099,-0.06040304,0.3014141,-0.51893353,-0.12291129,0.38312662,-0.4678765,-0.1395545,0.43451422,-0.46280497,-0.14663677,0.07203776,-0.4599364,-0.0962476,0.24803881,-0.35913837,-0.16041765,0.22585236,-0.23117346,-0.14049552,0.18534258,-0.18229051,-0.11616803,0.03484465,-0.33247167,-0.13409173,0.18338218,-0.2661669,-0.17634372,0.18301599,-0.1704651,-0.15575287,0.1486306,-0.13222882,-0.13284785
P,Zaith,Right,0.0,0.0,0.0,0.1296638,-0.16200835,-0.0004382772,0.20071244,-0.35584983,-0.021913966,0.238965,-0.49240008,-0.05505572,0.27889276,-0.63111377,-0.08804068,0.12716666,-0.57278454,-0.032638766,0.21017484,-0.72610587,-0.08632834,0.25555572,-0.844211,-0.12200179,0.29632068,-0.9550885,-0.14927706,0.05700668,-0.55377096,-0.06787813,0.22080825,-0.5524028,-0.14479993,0.33152208,-0.5394889,-0.17677881,0.41317314,-0.5472781,-0.19387282,0.00041413284,-0.46630508,-0.10323535,0.1681213,-0.3850284,-0.17056541,0.15394251,-0.24665229,-0.15206099,0.112254985,-0.19234127,-0.13053828,-0.042511042,-0.34573781,-0.1411632,0.09359497,-0.2881836,-0.18941864,0.10238176,-0.19281441,-0.17238055,0.070436455,-0.16416034,-0.15196127
P,Zaith,Right,0.0,0.0,0.0,0.13909094,-0.17408268,-0.009347575,0.20011082,-0.35404235,-0.048701964,0.23272909,-0.48169062,-0.09735291,0.276555,-0.62864405,-0.1459515,0.11729422,-0.5645034,-0.07546549,0.2022456,-0.7229163,-0.15167913,0.24360959,-0.8478281,-0.20156729,0.28217533,-0.95936286,-0.23903355,0.042643007,-0.53628165,-0.114207074,0.2073551,-0.5549819,-0.21787453,0.31160665,-0.53249574,-0.25758627,0.38406888,-0.54824597,-0.28029853,-0.012781223,-0.44596717,-0.15191348,0.15629256,-0.38750932,-0.23882851,0.15466891,-0.23849447,-0.21129997,0.1143929,-0.18762216,-0.18437941,-0.057444397,-0.33359277,-0.19274314,0.07595456,-0.27794,-0.25687042,0.097730875,-0.1765646,-0.2353636,0.067153506,-0.15147637,-0.2115008
P,Zaith,Right,0.0,0.0,0.0,0.1433957,-0.17642432,0.0014758775,0.20518097,-0.35182616,-0.040495727,0.2398586,-0.47374278,-0.09401871,0.28653148,-0.6213891,-0.14844427,0.12633836,-0.5575909,-0.087374695,0.21132724,-0.7160154,-0.16778246,0.25370646,-0.84358734,-0.21868593,0.29319632,-0.95605224,-0.25712672,0.050212577,-0.5216608,-0.13592999,0.21709643,-0.54357505,-0.24368082,0.32608265,-0.52419657,-0.2813419,0.40444767,-0.53899926,-0.30413365,-0.0076059913,-0.4271968,-0.1816643,0.16350166,-0.37309197,-0.26813954,0.15969677,-0.22290425,-0.23100993,0.11902527,-0.17214817,-0.19979045,-0.052844435,-0.31525877,-0.23009093,0.07908188,-0.26665625,-0.2940129,0.10103907,-0.16577172,-0.2662423,0.07082898,-0.13943963,-0.23893903
P,Zaith,Right,0.0,0.0,0.0,0.10949683,-0.17624894,-0.009995759,0.16346298,-0.36490586,-0.040543344,0.18741617,-0.50007963,-0.08055129,0.21908902,-0.64190876,-0.121038415,0.07217408,-0.5768273,-0.057757955,0.14828476,-0.735431,-0.123518676,0.18804683,-0.8579125,-0.16804487,0.22398868,-0.97459173,-0.2013278,-0.008320154,-0.54563355,-0.09145194,0.15749876,-0.54838526,-0.18246616,0.26112702,-0.5267475,-0.22012131,0.32938728,-0.5250855,-0.2396214,-0.066158235,-0.43865606,-0.124525264,0.105373,-0.3553238,-0.2005656,0.11523801,-0.22856058,-0.18482815,0.083843686,-0.17172006,-0.1648619,-0.10973871,-0.29888675,-0.16054639,0.027293611,-0.23369789,-0.21446335,0.055239845,-0.15524238,-0.1995864,0.030518135,-0.13123718,-0.1799311
P,Zaith,Right,0.0,0.0,0.0,0.08355335,-0.1603484,-0.03452392,0.121591106,-0.35501254,-0.07534981,0.14073515,-0.4986847,-0.117258474,0.17393759,-0.62357575,-0.15950982,0.020116886,-0.54771733,-0.108864084,0.0760449,-0.72760785,-0.18477006,0.11087061,-0.86258173,-0.23133683,0.14508599,-0.98941904,-0.264766,-0.06269914,-0.5070456,-0.13255472,0.07494835,-0.51357985,-0.24306002,0.18480924,-0.49228343,-0.28590313,0.26434416,-0.46890178,-0.30300313,-0.119775444,-0.39601234,-0.15579401,0.014808676,-0.29709452,-0.24558684,0.031059783,-0.19379728,-0.24725601,0.010615064,-0.13652663,-0.23752058,-0.15907969,-0.24563509,-0.18274297,-0.038216054,-0.16229786,-0.247431,-0.008338753,-0.09256362,-0.24871811,-0.025733924,-0.065339394,-0.24063265
P,Zaith,Right,0.0,0.0,0.0,0.11450076,-0.19009309,-0.003313412,0.16582699,-0.3754506,-0.03720154,0.19968693,-0.5089945,-0.082117476,0.23933983,-0.65472066,-0.1277815,0.07626884,-0.5846977,-0.054970916,0.16189815,-0.73811394,-0.1259055,0.20609888,-0.86004126,-0.17317414,0.24404721,-0.96976334,-0.20813254,0.00096971303,-0.5453577,-0.09589607,0.17909943,-0.5655837,-0.18895611,0.27578747,-0.5090978,-0.22116797,0.32692167,-0.502957,-0.23754692,-0.047864642,-0.4393743,-0.13678996,0.13415432,-0.38745987,-0.22035792,0.14062107,-0.23304856,-0.19478124,0.09589892,-0.18133476,-0.16745025,-0.084428854,-0.30732918,-0.17997122,0.059921443,-0.2712766,-0.23933141,0.08885445,-0.17565095,-0.21559213,0.054278675,-0.14805536,-0.18940131
P,Zaith,Right,0.0,0.0,0.0,0.085769966,-0.19087593,0.0031632714,0.14586991,-0.39064986,-0.022286126,0.19948734,-0.5224562,-0.058197744,0.24496523,-0.66005003,-0.09525477,0.06523317,-0.59260243,-0.043041416,0.15530702,-0.74605954,-0.09067394,0.20215766,-0.86806005,-0.12015027,0.23594557,-0.9717663,-0.14302509,0.010710132,-0.5385922,-0.07748453,0.19916786,-0.5541423,-0.13651894,0.29408452,-0.51611173,-0.15162502,0.34628358,-0.513701,-0.16116552,-0.022575166,-0.4251641,-0.11107185,0.16193417,-0.3868628,-0.15991125,0.15167852,-0.28249294,-0.1332826,0.10387408,-0.24958952,-0.1130951,-0.04197437,-0.28750893,-0.147025,0.10470491,-0.26815748,-0.18232045,0.11268211,-0.20000297,-0.1604174,0.071968876,-0.17649084,-0.14059211
P,Zaith,Right,0.0,0.0,0.0,0.1263115,-0.18484075,0.014317208,0.19272889,-0.35823444,-0.014488012,0.23861426,-0.48224258,-0.05808724,0.27592626,-0.63252354,-0.10201069,0.115630254,-0.5731229,-0.04273275,0.20539804,-0.7259683,-0.10466263,0.24962513,-0.8468605,-0.14485955,0.28820506,-0.9575687,-0.17596363,0.04570744,-0.53831667,-0.091224775,0.21909514,-0.54198486,-0.18696624,0.32838058,-0.5088732,-0.2273186,0.40329838,-0.5043117,-0.24936241,-0.004137364,-0.43424764,-0.13574557,0.17201549,-0.3696116,-0.21254328,0.16879997,-0.23201029,-0.1860018,0.12693024,-0.18059473,-0.15962613,-0.04142434,-0.3068133,-0.1814106,0.09551833,-0.25186577,-0.23702392,0.11868305,-0.16149905,-0.21341208,0.08911837,-0.1387136,-0.18750599
P,Zaith,Right,0.0,0.0,0.0,0.10315987,-0.18385264,0.0037874975,0.16119204,-0.3791366,-0.019304525,0.20051023,-0.517174,-0.05530428,0.24218018,-0.65448105,-0.091540426,0.08415184,-0.5994521,-0.03021152,0.16748933,-0.7482883,-0.08840296,0.21210738,-0.8605859,-0.12952676,0.25389692,-0.9672313,-0.16084051,0.006430935,-0.5720562,-0.070338376,0.17699571,-0.5655535,-0.15272462,0.28050488,-0.51831365,-0.18696518,0.34437957,-0.507938,-0.20479776,-0.05039567,-0.4699418,-0.10994446,0.11797179,-0.40358213,-0.1809487,0.12214348,-0.2605336,-0.16046698,0.07932112,-0.20692275,-0.13803113,-0.09738854,-0.33407798,-0.15172334,0.040867757,-0.2942576,-0.20184767,0.06813228,-0.20204529,-0.18000445,0.03568293,-0.17189427,-0.15573716
P,Zaith,Right,0.0,0.0,0.0,0.1352808,-0.17439322,0.009889283,0.21022347,-0.35870674,-0.014492503,0.25607613,-0.49090937,-0.05454227,0.3097293,-0.61455184,-0.09618818,0.14200404,-0.5976171,-0.024505055,0.2345949,-0.7267572,-0.08423057,0.28701264,-0.8424539,-0.12578325,0.33117828,-0.94356817,-0.15629508,0.071090326,-0.5745625,-0.06875391,0.24689476,-0.5570264,-0.14668424,0.35234848,-0.496686,-0.17518096,0.4196365,-0.47940397,-0.1887264,0.015963787,-0.4817889,-0.113314755,0.19541264,-0.40339231,-0.18530574,0.18792607,-0.24852723,-0.16141434,0.14422098,-0.1879512,-0.13447925,-0.028627882,-0.35402685,-0.15959191,0.118684754,-0.2923567,-0.20926525,0.1297855,-0.19054095,-0.18531397,0.0933974,-0.1586085,-0.15879487
P,Zaith,Right,0.0,0.0,0.0,0.13423115,-0.14129585,0.008788763,0.21220797,-0.31939512,-0.015458152,0.25699398,-0.45020953,-0.053526957,0.3129936,-0.55671823,-0.09336823,0.15340702,-0.5750244,-0.034933425,0.2551942,-0.71311724,-0.09205016,0.31677672,-0.8292879,-0.12947263,0.3644608,-0.93121874,-0.15714163,0.09286786,-0.55431765,-0.075876154,0.27573994,-0.55250716,-0.14377213,0.37935346,-0.5021522,-0.16373427,0.44604567,-0.5035319,-0.17482881,0.047501512,-0.46426377,-0.11664472,0.22906925,-0.37565416,-0.17744583,0.2144356,-0.24046998,-0.14952382,0.16664714,-0.20024817,-0.12430405,0.013648075,-0.33789873,-0.15929838,0.16343579,-0.27092367,-0.20007849,0.16638532,-0.17406642,-0.1728453,0.125771,-0.15109672,-0.14729466
P,Zaith,Right,0.0,0.0,0.0,0.15297629,-0.13477696,0.029017214,0.23871507,-0.2996272,0.013807922,0.28925124,-0.43669024,-0.020001873,0.33822972,-0.5685599,-0.05385195,0.18982336,-0.5467231,-0.014126583,0.28819346,-0.7018893,-0.06721635,0.3503095,-0.8166137,-0.1003761,0.40039086,-0.91634446,-0.12482223,0.14495383,-0.5284251,-0.06536537,0.3345413,-0.5213907,-0.1407172,0.44968572,-0.4780229,-0.16343094,0.5341143,-0.46456587,-0.17256165,0.10872502,-0.44738916,-0.11518706,0.29936334,-0.342118,-0.17855671,0.2689182,-0.20943373,-0.14773044,0.2188147,-0.15738174,-0.11693459,0.08380679,-0.32146794,-0.16603094,0.24621397,-0.23200722,-0.204649,0.22692607,-0.1403336,-0.17566772,0.17622937,-0.111679375,-0.14738722
P,Zaith,Right,0.0,0.0,0.0,0.14951627,-0.13856804,0.01964318,0.23611702,-0.30743444,0.007549045,0.29339713,-0.43149891,-0.020565825,0.35063073,-0.5267798,-0.047466855,0.18964614,-0.5792238,0.0014801045,0.29901186,-0.71609336,-0.034657042,0.361795,-0.8158381,-0.058428105,0.41232648,-0.91103613,-0.07786869,0.16324805,-0.54256284,-0.038274918,0.35073942,-0.5219021,-0.08796298,0.45711058,-0.47673607,-0.10411866,0.5372719,-0.4574084,-0.11371565,0.14070778,-0.44776648,-0.078795,0.3186806,-0.321944,-0.1242878,0.27816075,-0.22239687,-0.10582839,0.2280048,-0.19860294,-0.088053815,0.1278418,-0.3167132,-0.120718166,0.28126097,-0.21612878,-0.1483013,0.25465935,-0.13926508,-0.1291481,0.20774071,-0.12389481,-0.111965746
P,Zaith,Right,0.0,0.0,0.0,0.13445641,-0.14088848,0.029951766,0.22229849,-0.3087219,0.024486559,0.283876,-0.42563567,0.003157111,0.34583127,-0.50211996,-0.01659202,0.19069405,-0.5903299,0.013549567,0.3066092,-0.71878046,-0.0076277372,0.3641535,-0.81434286,-0.021431865,0.410901,-0.91168,-0.036057364,0.1737974,-0.5667662,-0.02761753,0.36598402,-0.5435269,-0.06565186,0.4739593,-0.48678857,-0.07685205,0.551696,-0.45087042,-0.08329966,0.1620978,-0.47792923,-0.06756638,0.3384508,-0.3460253,-0.09888629,0.29835394,-0.23248135,-0.077805415,0.2487953,-0.19597438,-0.060462926,0.16100183,-0.34893507,-0.108184345,0.30622554,-0.25030816,-0.124120526,0.27575088,-0.16076168,-0.101917826,0.23011054,-0.13190268,-0.08403862
P,Zaith,Left,0.0,0.0,0.0,-0.11490619,-0.17513926,-0.0016686753,-0.20777576,-0.35072252,-0.028822675,-0.28442785,-0.46666238,-0.06191514,-0.3486538,-0.60182184,-0.099662006,-0.16734114,-0.556442,-0.072153345,-0.28492638,-0.7004872,-0.12634632,-0.34052396,-0.81438375,-0.16082162,-0.39028963,-0.92069215,-0.18727922,-0.12460261,-0.48144767,-0.10393638,-0.3135785,-0.4242694,-0.17231488,-0.42565048,-0.3418418,-0.1935461,-0.5112868,-0.27958837,-0.20619676,-0.093183175,-0.34827402,-0.13304557,-0.26676044,-0.21751721,-0.18485458,-0.22629972,-0.16220136,-0.15982583,-0.17122373,-0.17011532,-0.13862118,-0.07347283,-0.20193125,-0.16258548,-0.2164111,-0.1122725,-0.19660717,-0.1857504,-0.080696434,-0.17225716,-0.13092308,-0.108908474,-0.14913097
P,Zaith,Left,0.0,0.0,0.0,-0.113000244,-0.18161629,0.0058325734,-0.2472002,-0.31960905,-0.020010969,-0.35930577,-0.39978263,-0.05243952,-0.43886372,-0.5068073,-0.08956107,-0.23113412,-0.53271914,-0.073385574,-0.37977716,-0.6481528,-0.12684257,-0.46032006,-0.7500112,-0.15680857,-0.5272395,-0.8497167,-0.17885862,-0.1971207,-0.43639976,-0.11053114,-0.40868688,-0.3297182,-0.1683741,-0.51929396,-0.23948824,-0.18305832,-0.59736365,-0.18382165,-0.19508076,-0.16186441,-0.2801088,-0.14403589,-0.3493828,-0.1356518,-0.19638738,-0.3186397,-0.078431875,-0.17090045,-0.2698171,-0.07860793,-0.14841765,-0.13171916,-0.11105462,-0.1769389,-0.28548762,-0.017500363,-0.21526773,-0.26951227,0.025440533,-0.19250122,-0.22927323,0.020123547,-0.16930938
P,Zaith,Left,0.0,0.0,0.0,-0.102026515,-0.19913025,-0.001705559,-0.20668922,-0.3797652,-0.029052826,-0.2988778,-0.48204428,-0.06188358,-0.37342405,-0.5890479,-0.10096428,-0.18337725,-0.5522323,-0.077732034,-0.31490532,-0.6849703,-0.12765619,-0.3768456,-0.79765636,-0.15957572,-0.43175194,-0.9019924,-0.18531659,-0.14002143,-0.46416357,-0.10935713,-0.33463827,-0.37528032,-0.17308432,-0.44389743,-0.28430948,-0.19306335,-0.52507156,-0.21675314,-0.20792209,-0.10691795,-0.31708574,-0.13767205,-0.28791827,-0.18391827,-0.19130899,-0.25391883,-0.14011754,-0.17404833,-0.20411259,-0.14316538,-0.15934329,-0.08564555,-0.16155173,-0.16533937,-0.23847784,-0.082824565,-0.20640893,-0.20462176,-0.065135986,-0.18905155,-0.14600259,-0.09163349,-0.17078288
P,Zaith,Left,0.0,0.0,0.0,-0.11769577,-0.17522746,-0.0012622351,-0.21536015,-0.34473893,-0.03016656,-0.29619768,-0.46047258,-0.065278985,-0.3672012,-0.58722717,-0.10519111,-0.17794481,-0.56230295,-0.06956524,-0.30652887,-0.69468427,-0.122483306,-0.37074786,-0.8022078,-0.15739304,-0.42921785,-0.903201,-0.18481548,-0.13411711,-0.48827752,-0.10204627,-0.31707156,-0.402576,-0.1708376,-0.42395118,-0.29613438,-0.19123302,-0.5048278,-0.21593773,-0.2036834,-0.10321112,-0.3542222,-0.13208929,-0.27106512,-0.20674777,-0.18356314,-0.23304287,-0.14794445,-0.1586513,-0.18218048,-0.15551566,-0.13877818,-0.08547886,-0.20707613,-0.16256349,-0.22892043,-0.10858988,-0.19671369,-0.19822258,-0.07368998,-0.17247675,-0.14415765,-0.101713926,-0.14991185
P,Zaith,Left,0.0,0.0,0.0,-0.12532435,-0.17281277,0.0072398735,-0.22126712,-0.35042024,-0.018761095,-0.30215245,-0.4624614,-0.05171711,-0.37752792,-0.54391,-0.09170992,-0.18904705,-0.5508331,-0.07923286,-0.32310146,-0.6855116,-0.1326356,-0.38534763,-0.79303974,-0.16804338,-0.44279346,-0.8966236,-0.19553088,-0.13902615,-0.48317808,-0.1157938,-0.32505232,-0.40539378,-0.18352558,-0.43178838,-0.2929005,-0.20417574,-0.50939286,-0.20459628,-0.21772105,-0.10348066,-0.35422188,-0.14743422,-0.27605954,-0.21962677,-0.19981813,-0.25358185,-0.15960795,-0.1782876,-0.21012191,-0.15750317,-0.16050956,-0.0854733,-0.20489705,-0.17805341,-0.24244769,-0.13796307,-0.21485308,-0.21874335,-0.094700344,-0.1902864,-0.16323662,-0.1012809,-0.16672692
P,Zaith,Left,0.0,0.0,0.0,-0.10287056,-0.18629068,0.0101461895,-0.20530051,-0.35123876,-0.014659079,-0.2976175,-0.43008757,-0.048198465,-0.37634525,-0.4805459,-0.0870363,-0.19650443,-0.55398023,-0.05587546,-0.33449075,-0.68084943,-0.10613825,-0.3997702,-0.78860533,-0.13957655,-0.45760137,-0.8891575,-0.1653554,-0.16460863,-0.4826898,-0.09266246,-0.34748277,-0.3944992,-0.15546133,-0.43522778,-0.30688444,-0.17529628,-0.49778837,-0.25457653,-0.18800904,-0.13784693,-0.35556108,-0.12635903,-0.30518752,-0.21171843,-0.17675695,-0.25903964,-0.16563879,-0.15860929,-0.2008141,-0.18322371,-0.14221686,-0.11843435,-0.21388878,-0.15908116,-0.26539823,-0.13384727,-0.19232363,-0.22952275,-0.097143814,-0.17005768,-0.1726961,-0.11371838,-0.14849572
P,Zaith,Left,0.0,0.0,0.0,-0.121224105,-0.18088193,0.011582075,-0.22712255,-0.36004743,-0.008549926,-0.30986285,-0.4710592,-0.038075864,-0.3882782,-0.55587304,-0.07300838,-0.21352722,-0.569477,-0.04592263,-0.3386474,-0.6905913,-0.088101834,-0.40305322,-0.7955068,-0.11625732,-0.46144426,-0.8871692,-0.1400787,-0.16689391,-0.4991881,-0.08490739,-0.34299508,-0.38968813,-0.14724307,-0.4284057,-0.26732233,-0.16663207,-0.4867335,-0.17651342,-0.1777239,-0.12670779,-0.36616987,-0.12097815,-0.2916056,-0.21440767,-0.17009507,-0.24765423,-0.17072935,-0.15015881,-0.19221346,-0.18665957,-0.13335702,-0.09613877,-0.21889344,-0.1560118,-0.24605682,-0.13155504,-0.18875732,-0.21427085,-0.098556116,-0.1653335,-0.15874778,-0.121734194,-0.14323486
P,Zaith,Left,0.0,0.0,0.0,-0.13250975,-0.16505784,0.008268409,-0.22983442,-0.3404912,-0.0133076925,-0.30102783,-0.46721053,-0.04313345,-0.37444264,-0.5676586,-0.07808479,-0.19599496,-0.567418,-0.052262306,-0.32375225,-0.69051903,-0.10057656,-0.39153486,-0.7965066,-0.13458599,-0.45055753,-0.8927474,-0.16229902,-0.14447649,-0.50589395,-0.09085046,-0.3214724,-0.40684575,-0.16111892,-0.41211385,-0.26508033,-0.18268453,-0.46987495,-0.15624805,-0.19292994,-0.10340064,-0.38125134,-0.12676753,-0.2770406,-0.23316385,-0.17849559,-0.24142824,-0.1674511,-0.15457782,-0.18679023,-0.17177515,-0.13453364,-0.07441678,-0.23820665,-0.16261959,-0.23194222,-0.14356256,-0.19586669,-0.20675993,-0.09719429,-0.16990957,-0.15027688,-0.11888816,-0.14574614
P,Zaith,Left,0.0,0.0,0.0,-0.13764817,-0.1501154,0.0116576925,-0.23278548,-0.31352696,-0.011651947,-0.30257356,-0.4277604,-0.044487696,-0.37148035,-0.5425417,-0.08323678,-0.20078161,-0.5490071,-0.058598522,-0.31910694,-0.68609524,-0.111795716,-0.38468477,-0.79638916,-0.14879362,-0.4439007,-0.89607596,-0.17868578,-0.14555238,-0.4932916,-0.09963411,-0.3231991,-0.38790306,-0.17052418,-0.41215876,-0.24814206,-0.18978614,-0.47211632,-0.13679262,-0.19940102,-0.09929745,-0.36899897,-0.13765855,-0.26884001,-0.20896952,-0.18447436,-0.23073854,-0.15359613,-0.15389183,-0.17849688,-0.16825832,-0.13171323,-0.06530465,-0.22420491,-0.175999,-0.2149285,-0.11497608,-0.20626883,-0.19113961,-0.07803127,-0.17776757,-0.13868982,-0.11025085,-0.15267818
P,Zaith,Left,0.0,0.0,0.0,-0.12284523,-0.1679248,-0.012709684,-0.20192936,-0.3392217,-0.041243944,-0.2581512,-0.45489818,-0.07387564,-0.32041356,-0.57743394,-0.1121332,-0.16173509,-0.56447935,-0.08094117,-0.26289895,-0.6980095,-0.14033993,-0.31974602,-0.8182934,-0.18259732,-0.37395665,-0.9274462,-0.21642181,-0.09878261,-0.50687563,-0.110358804,-0.26625532,-0.39389366,-0.19019215,-0.36621776,-0.27347565,-0.21371147,-0.44019386,-0.18546364,-0.22480698,-0.048390266,-0.3745085,-0.13889766,-0.21824771,-0.20937937,-0.19721098,-0.192242,-0.14999996,-0.1710405,-0.14598297,-0.15519907,-0.14882028,-0.012101583,-0.22234361,-0.1697644,-0.16150138,-0.10660735,-0.21145125,-0.1483707,-0.071390934,-0.1886299,-0.09882314,-0.097853154,-0.16572128
P,Zaith,Left,0.0,0.0,0.0,-0.11920269,-0.18795848,-0.0047216574,-0.18915613,-0.3624845,-0.03783677,-0.24571165,-0.47276697,-0.07478371,-0.3083047,-0.59337515,-0.1176524,-0.14138876,-0.5791024,-0.09753379,-0.24613847,-0.70821565,-0.16047837,-0.30207896,-0.82466936,-0.20810935,-0.34998456,-0.9367555,-0.2463511,-0.080454536,-0.4976163,-0.13017774,-0.2532101,-0.4277413,-0.20738986,-0.35856646,-0.32641417,-0.2285515,-0.43156686,-0.24268039,-0.24121225,-0.039644044,-0.35095692,-0.15974753,-0.21982859,-0.23376797,-0.20523512,-0.20685603,-0.17720552,-0.16899158,-0.15825818,-0.16815475,-0.14545858,-0.017109005,-0.19449449,-0.19201784,-0.17612506,-0.11629287,-0.2249253,-0.16835092,-0.08519148,-0.19878057,-0.114040725,-0.10945243,-0.17660236
P,Zaith,Left,0.0,0.0,0.0,-0.12996267,-0.18845798,-0.0013847267,-0.2175928,-0.35701427,-0.041606747,-0.3042012,-0.45278376,-0.085425325,-0.3855049,-0.5679756,-0.13308547,-0.18925115,-0.5695598,-0.12928505,-0.32685077,-0.67887336,-0.20521383,-0.39509198,-0.78384346,-0.25765812,-0.45544282,-0.89026505,-0.29924285,-0.12156293,-0.4894211,-0.1648938,-0.31859678,-0.4392409,-0.25640997,-0.45505205,-0.41718128,-0.2886382,-0.5608486,-0.40927178,-0.31462166,-0.072503395,-0.34684774,-0.19378626,-0.2671354,-0.21071462,-0.23869103,-0.24554585,-0.15532564,-0.18917046,-0.19017892,-0.1652095,-0.15907136,-0.040329464,-0.20174666,-0.22613895,-0.20692557,-0.10393042,-0.25354806,-0.19434541,-0.06462126,-0.21836345,-0.13870181,-0.08936465,-0.19135548
P,Zaith,Left,0.0,0.0,0.0,-0.12709077,-0.18721883,-0.012594819,-0.21249823,-0.36314893,-0.048657227,-0.28326255,-0.46324193,-0.08623553,-0.35577628,-0.56984985,-0.12942624,-0.17733951,-0.5718167,-0.11786808,-0.29852402,-0.69671404,-0.18374825,-0.36685985,-0.79592025,-0.22877301,-0.42985028,-0.90290016,-0.26574692,-0.109627694,-0.50240374,-0.14568602,-0.30216575,-0.43761832,-0.22249788,-0.42641315,-0.38066766,-0.24644437,-0.52444845,-0.36186543,-0.2669172,-0.05816319,-0.36164698,-0.16962942,-0.24532543,-0.21647115,-0.21942922,-0.21960811,-0.1682726,-0.18777092,-0.16115184,-0.18079159,-0.16876638,-0.02578125,-0.21088783,-0.19622982,-0.18567288,-0.115245946,-0.23307493,-0.17460844,-0.081531644,-0.21033983,-0.1202803,-0.107639655,-0.19246875
P,Zaith,Left,0.0,0.0,0.0,-0.12194611,-0.20756562,0.009708948,-0.1944573,-0.37743744,-0.041944236,-0.27075404,-0.46561956,-0.099284455,-0.34822643,-0.58678406,-0.16165031,-0.1672507,-0.56883436,-0.15544611,-0.29293823,-0.6897527,-0.23852639,-0.3619206,-0.79617786,-0.29315,-0.42259964,-0.90631646,-0.33727145,-0.09673347,-0.48160556,-0.19574066,-0.29439464,-0.4461262,-0.29974598,-0.42355558,-0.41025692,-0.32832682,-0.51966614,-0.39505452,-0.3518806,-0.048991237,-0.3287486,-0.22528154,-0.2364749,-0.23325484,-0.26578397,-0.2258604,-0.16949396,-0.19717267,-0.17108344,-0.15864104,-0.15764973,-0.019513674,-0.18900573,-0.25787628,-0.17557931,-0.111279376,-0.27687868,-0.17184915,-0.0684676,-0.23284532,-0.11845133,-0.082382865,-0.20247215
P,Zaith,Left,0.0,0.0,0.0,-0.14532222,-0.16023724,0.027357081,-0.2335766,-0.32963544,-0.0012815435,-0.30409616,-0.44502315,-0.041241348,-0.37869295,-0.55421174,-0.086643055,-0.1864971,-0.5568037,-0.085590675,-0.31691387,-0.6787303,-0.15667978,-0.39146364,-0.7864076,-0.20655827,-0.4528184,-0.89160275,-0.24432819,-0.13204741,-0.48943338,-0.13822328,-0.32066378,-0.44457436,-0.20818123,-0.42888287,-0.37076408,-0.22115897,-0.5034134,-0.3353444,-0.23303273,-0.091139056,-0.3667691,-0.18662898,-0.28094316,-0.25039276,-0.22642526,-0.26658234,-0.17937891,-0.17959377,-0.21509278,-0.16914837,-0.1501419,-0.06596202,-0.22786658,-0.23633118,-0.227511,-0.16178608,-0.26328126,-0.2318033,-0.11182395,-0.23112409,-0.18974277,-0.116111904,-0.20565562
P,Zaith,Left,0.0,0.0,0.0,-0.13009465,-0.18027116,0.010639121,-0.21109958,-0.36074132,-0.015773818,-0.27457833,-0.4833849,-0.050068337,-0.34045738,-0.59549505,-0.089135274,-0.16434965,-0.5688994,-0.08124422,-0.28862217,-0.69921094,-0.14126763,-0.3521789,-0.8067057,-0.18231009,-0.40980253,-0.9121743,-0.21448474,-0.11060973,-0.49893063,-0.122414865,-0.29370368,-0.4673878,-0.19144218,-0.41271022,-0.43913832,-0.21213827,-0.5036749,-0.4263681,-0.22879745,-0.07158551,-0.37141818,-0.15991299,-0.26163504,-0.26066485,-0.20284463,-0.23744982,-0.20025355,-0.16846798,-0.18479697,-0.19367409,-0.14561279,-0.04718318,-0.23016143,-0.19904773,-0.21097013,-0.16380845,-0.22835748,-0.20276807,-0.12634458,-0.2021876,-0.15396401,-0.1378901,-0.18037896
P,Zaith,Left,0.0,0.0,0.0,-0.12252748,-0.20853417,0.022625804,-0.19344339,-0.3736274,-0.022973899,-0.2619089,-0.4748258,-0.07845274,-0.33513004,-0.5970821,-0.13859814,-0.14771365,-0.57123345,-0.13425142,-0.27292472,-0.6996942,-0.213116,-0.33532625,-0.812667,-0.26190174,-0.393826,-0.919185,-0.30057964,-0.08980029,-0.4772021,-0.18616925,-0.28226933,-0.46566302,-0.2900049,-0.41575617,-0.44544816,-0.31432137,-0.5178747,-0.4264414,-0.3317087,-0.0524558,-0.3301372,-0.22820929,-0.24111094,-0.25402108,-0.27098945,-0.2200821,-0.20042767,-0.19977279,-0.16426802,-0.19285032,-0.1553423,-0.028917275,-0.1903727,-0.27277753,-0.18793194,-0.14233837,-0.29277053,-0.17792074,-0.10508975,-0.24435541,-0.12272256,-0.113269,-0.20839761
P,Zaith,Left,0.0,0.0,0.0,-0.13220693,-0.18653262,0.009743568,-0.20402683,-0.36701077,-0.021418896,-0.26767102,-0.48107252,-0.060232956,-0.33516052,-0.60715765,-0.10389283,-0.16420141,-0.5793207,-0.09416745,-0.27741832,-0.7031354,-0.15816107,-0.33361074,-0.81292427,-0.20257364,-0.38465604,-0.92306,-0.23742549,-0.10248401,-0.51059306,-0.13330862,-0.28639334,-0.46823817,-0.2099622,-0.4099878,-0.44989964,-0.23109499,-0.50697917,-0.44715557,-0.24797161,-0.058643535,-0.37851065,-0.16762167,-0.24554156,-0.28010225,-0.2073579,-0.22917272,-0.21932901,-0.160894,-0.17852625,-0.20538545,-0.13168047,-0.033616263,-0.2374358,-0.20467262,-0.19590856,-0.17476676,-0.22943716,-0.19599234,-0.1391176,-0.1976476,-0.14867748,-0.14811938,-0.17265132
P,Zaith,Left,0.0,0.0,0.0,-0.13174753,-0.18772529,0.014087207,-0.2045251,-0.36080295,-0.024556592,-0.264348,-0.47010294,-0.07161193,-0.3337049,-0.59388655,-0.124337874,-0.1586943,-0.5761815,-0.11731875,-0.27608758,-0.70133626,-0.19275819,-0.34001115,-0.80762947,-0.24537456,-0.3999442,-0.9165395,-0.28539458,-0.09838006,-0.49773425,-0.16477618,-0.27923152,-0.46533144,-0.25211626,-0.41312376,-0.43267426,-0.27730542,-0.51689726,-0.41265348,-0.29753605,-0.054280322,-0.36133215,-0.2057592,-0.23805435,-0.26769692,-0.25537923,-0.22981577,-0.19830516,-0.20811656,-0.1792085,-0.1713082,-0.17722878,-0.029776657,-0.21995561,-0.24875066,-0.1877597,-0.16076195,-0.28018716,-0.194666,-0.11456027,-0.24733543,-0.1471453,-0.11320477,-0.22093377
P,Zaith,Left,0.0,0.0,0.0,-0.12280024,-0.19262867,0.017618537,-0.19960766,-0.36326736,-0.019565305,-0.26956382,-0.46596205,-0.06512973,-0.34542277,-0.5789429,-0.11651774,-0.15868711,-0.5700117,-0.11324262,-0.28151128,-0.6976497,-0.18642989,-0.34545326,-0.8068035,-0.23810638,-0.40527105,-0.91419655,-0.278637,-0.101416446,-0.48675752,-0.15858175,-0.29633257,-0.462868,-0.24132572,-0.42466903,-0.43023095,-0.26365063,-0.5242977,-0.4099334,-0.28277984,-0.061055023,-0.34536237,-0.19687846,-0.2520135,-0.26146695,-0.23552407,-0.23210414,-0.20623961,-0.18340375,-0.17640205,-0.1957015,-0.15244585,-0.03658941,-0.20471235,-0.23705557,-0.19620427,-0.15290959,-0.2615026,-0.19082138,-0.11583245,-0.2261589,-0.13824175,-0.12743197,-0.1996486
P,Zaith,Left,0.0,0.0,0.0,-0.12291361,-0.20926973,0.030806357,-0.18757792,-0.37345996,-0.021229174,-0.25052342,-0.4812701,-0.08849839,-0.32618743,-0.6040264,-0.15977915,-0.14257823,-0.56721526,-0.13196783,-0.26069003,-0.69457483,-0.2221953,-0.31940606,-0.8208092,-0.27576682,-0.37393662,-0.92745423,-0.3163848,-0.08549455,-0.4794214,-0.19470982,-0.2640469,-0.47655326,-0.30826128,-0.38121542,-0.44850132,-0.32531428,-0.47000372,-0.43963763,-0.33406577,-0.0431442,-0.345187,-0.24900809,-0.21402146,-0.2814619,-0.29442537,-0.19665222,-0.21394722,-0.20405293,-0.14627877,-0.1977581,-0.14524473,-0.008711225,-0.21616347,-0.30728456,-0.15381312,-0.16886052,-0.32802832,-0.146201,-0.12108621,-0.27083054,-0.094998404,-0.1197633,-0.22714435
P,Zaith,Left,0.0,0.0,0.0,-0.13032864,-0.21112436,0.049771994,-0.1887602,-0.3707796,-0.0022798458,-0.24504603,-0.47675815,-0.073640466,-0.31485158,-0.60686964,-0.15058516,-0.13956852,-0.5637278,-0.12341943,-0.2520724,-0.6963705,-0.21529603,-0.3100572,-0.8271258,-0.27002838,-0.35969976,-0.9330681,-0.30923766,-0.08584607,-0.47328952,-0.19496402,-0.255082,-0.4836655,-0.3055474,-0.37493092,-0.45342642,-0.31607756,-0.4667298,-0.4481354,-0.31893474,-0.04425235,-0.3444236,-0.25667414,-0.2117844,-0.29863915,-0.29584324,-0.19906227,-0.22126271,-0.19860141,-0.15085024,-0.19368313,-0.13525942,-0.012487914,-0.2217778,-0.3212003,-0.15413429,-0.18717007,-0.33104712,-0.1549798,-0.12920143,-0.265684,-0.1078075,-0.113669015,-0.21703973
P,Zaith,Left,0.0,0.0,0.0,-0.12487523,-0.1645688,0.0043793805,-0.20359358,-0.35143384,-0.02013812,-0.26098654,-0.48444998,-0.05352761,-0.32491624,-0.6031952,-0.09055079,-0.14514971,-0.5624481,-0.069358975,-0.2624961,-0.706915,-0.12983072,-0.32253763,-0.8173342,-0.17119268,-0.3777066,-0.9259253,-0.20285769,-0.09649213,-0.5137593,-0.11224773,-0.2653095,-0.5049053,-0.18925557,-0.37909138,-0.4735208,-0.2155957,-0.46723682,-0.46016338,-0.2320953,-0.057530224,-0.40896833,-0.15409406,-0.21433844,-0.3462424,-0.21821655,-0.20689127,-0.26035064,-0.19750807,-0.17202146,-0.21306291,-0.1770595,-0.030847447,-0.28259858,-0.1975408,-0.16930425,-0.2563805,-0.24669154,-0.1762891,-0.1879545,-0.23103727,-0.14338468,-0.14877135,-0.21236862
P,Zaith,Left,0.0,0.0,0.0,-0.11929949,-0.17645769,0.0020333608,-0.19748747,-0.36905572,-0.016445648,-0.262773,-0.49059543,-0.04310757,-0.32984695,-0.5992232,-0.07329683,-0.16029936,-0.5744321,-0.047399282,-0.27284494,-0.7118838,-0.09734512,-0.33048174,-0.8195044,-0.12987788,-0.38077757,-0.92466664,-0.1550899,-0.11200686,-0.5219715,-0.08230733,-0.29009473,-0.48893526,-0.14524794,-0.39619833,-0.4403881,-0.16607927,-0.47655782,-0.42549413,-0.1789128,-0.07225613,-0.41093126,-0.11684805,-0.23903438,-0.29566103,-0.16996203,-0.2100461,-0.21540436,-0.14937036,-0.16101114,-0.20358697,-0.13030508,-0.042673122,-0.27950364,-0.15275192,-0.19067919,-0.20383868,-0.19091572,-0.17675628,-0.14125653,-0.17140959,-0.13155161,-0.13524058,-0.15121463
P,Zaith,Left,0.0,0.0,0.0,-0.10807484,-0.20419148,-0.005460352,-0.17835146,-0.3841846,-0.03629188,-0.25162846,-0.4823569,-0.07046118,-0.31852722,-0.6034485,-0.110144526,-0.13641378,-0.5702999,-0.10135676,-0.24987794,-0.7089171,-0.16399163,-0.30752426,-0.819494,-0.2078683,-0.35656515,-0.93427044,-0.24206515,-0.084767304,-0.48762187,-0.12897071,-0.27208516,-0.45571628,-0.1976042,-0.38653925,-0.42750537,-0.21663985,-0.47532693,-0.4205044,-0.23292351,-0.048049293,-0.34665555,-0.1529419,-0.23135675,-0.25385043,-0.19508663,-0.20802145,-0.20692499,-0.15845129,-0.15695322,-0.19806397,-0.13541499,-0.02731779,-0.19998056,-0.17948541,-0.18260258,-0.13936806,-0.21105343,-0.17258914,-0.11014866,-0.18547498,-0.12279472,-0.12489466,-0.16422017
P,Zaith,Left,0.0,0.0,0.0,-0.10465192,-0.21645387,-0.0060506505,-0.17554635,-0.3913891,-0.05191648,-0.25048152,-0.4876127,-0.10057568,-0.31635806,-0.6202543,-0.15477864,-0.12935995,-0.582546,-0.13892068,-0.2403173,-0.7155542,-0.2114619,-0.3056747,-0.82457185,-0.26087475,-0.36174798,-0.9322759,-0.30055577,-0.076831356,-0.48444957,-0.1699867,-0.26878655,-0.46207312,-0.24871127,-0.39472052,-0.4391311,-0.268744,-0.48914692,-0.43019277,-0.28832608,-0.043294948,-0.32539672,-0.19489017,-0.2276008,-0.24811,-0.23150213,-0.2088657,-0.20991652,-0.17934361,-0.15308656,-0.2036458,-0.1510862,-0.026353389,-0.17027165,-0.22351581,-0.17425004,-0.10810138,-0.2500235,-0.1633992,-0.087356485,-0.21919093,-0.10882154,-0.1075298,-0.19726467
P,Zaith,Left,0.0,0.0,0.0,-0.1052048,-0.1941764,-0.022459693,-0.17516503,-0.37051132,-0.064802326,-0.23236564,-0.4844022,-0.11004648,-0.2881325,-0.6282431,-0.1601008,-0.097143844,-0.58148223,-0.11438862,-0.19815046,-0.7160504,-0.19406421,-0.2571572,-0.8363029,-0.24874538,-0.31142873,-0.9502695,-0.28880063,-0.043279238,-0.5092469,-0.14546509,-0.22204177,-0.48303518,-0.22926214,-0.3425129,-0.4520939,-0.2478514,-0.43337002,-0.44302773,-0.25821126,-0.0064956653,-0.37207633,-0.1782233,-0.17552684,-0.28551167,-0.24066538,-0.17082676,-0.22703227,-0.20744087,-0.13506036,-0.20988956,-0.18079515,0.015691945,-0.21635081,-0.2157462,-0.12642317,-0.15801628,-0.26731795,-0.13768467,-0.12463868,-0.24981277,-0.10839748,-0.12446065,-0.22967586
P,Zaith,Left,0.0,0.0,0.0,-0.120646246,-0.22764568,0.04374094,-0.18549874,-0.38829604,-0.0072295316,-0.25197706,-0.47677875,-0.07124712,-0.3273869,-0.6108449,-0.14033267,-0.1348793,-0.5783855,-0.1508745,-0.2531939,-0.70209116,-0.24233384,-0.31852317,-0.81951445,-0.30047053,-0.37554744,-0.9268032,-0.34410983,-0.08467449,-0.4714673,-0.21532309,-0.25960866,-0.46932444,-0.31862763,-0.39153197,-0.44930857,-0.33158374,-0.49271253,-0.4377437,-0.34293985,-0.049636588,-0.32385015,-0.26767346,-0.22178434,-0.2816657,-0.3011144,-0.21345729,-0.21675096,-0.20867734,-0.16315721,-0.18615204,-0.15377155,-0.02457658,-0.18759301,-0.32241145,-0.16399333,-0.15335064,-0.33426362,-0.16720381,-0.110698156,-0.27512094,-0.12048132,-0.10888254,-0.2329831
P,Zaith,Left,0.0,0.0,0.0,-0.12169337,-0.20884715,0.043624785,-0.20139955,-0.37934634,0.0044607664,-0.27903453,-0.47456747,-0.046982042,-0.3574662,-0.59825736,-0.1050311,-0.16736674,-0.57528526,-0.118824385,-0.29732627,-0.6948133,-0.18911827,-0.36547273,-0.80111384,-0.23684123,-0.42720452,-0.904155,-0.27532202,-0.11170841,-0.4817194,-0.17557357,-0.30800384,-0.4558442,-0.2525643,-0.43709484,-0.4177534,-0.26776618,-0.5353662,-0.3906045,-0.2859377,-0.074155,-0.3349861,-0.22043636,-0.2669456,-0.25864184,-0.23985988,-0.24325219,-0.20061389,-0.17050286,-0.18694045,-0.18688488,-0.1352422,-0.051787045,-0.19860098,-0.2658535,-0.20563027,-0.13980131,-0.2712774,-0.19505927,-0.10396598,-0.22462137,-0.14291537,-0.118544266,-0.19468127
P,Zaith,Left,0.0,0.0,0.0,-0.124419816,-0.20717613,0.02884547,-0.19898799,-0.37605262,-0.008138672,-0.27173972,-0.4743529,-0.05705599,-0.3476972,-0.5886459,-0.11124592,-0.15776835,-0.58385426,-0.10280511,-0.28167698,-0.69984305,-0.1763465,-0.34788758,-0.80916363,-0.2269372,-0.40949583,-0.912312,-0.26659092,-0.105960794,-0.5021906,-0.155414,-0.2920143,-0.46629855,-0.23854727,-0.4162612,-0.43668488,-0.25651366,-0.51250756,-0.4182257,-0.2720889,-0.07116622,-0.3653719,-0.2008319,-0.25509918,-0.2807075,-0.23421302,-0.22997048,-0.22976644,-0.16978692,-0.17614026,-0.21921721,-0.1319926,-0.04988465,-0.22841814,-0.24871188,-0.20211567,-0.17253208,-0.26833126,-0.19449791,-0.140387,-0.2269694,-0.14672814,-0.15366018,-0.19653754
P,Zaith,Left,0.0,0.0,0.0,-0.12138507,-0.21387577,0.062607445,-0.1839914,-0.3767914,0.014365078,-0.25261375,-0.48104575,-0.05369679,-0.33328238,-0.61807704,-0.12871912,-0.14654103,-0.5681977,-0.12120214,-0.27140996,-0.697522,-0.19780363,-0.33473355,-0.8131418,-0.2389587,-0.3915848,-0.920142,-0.2707554,-0.092375405,-0.478683,-0.1943703,-0.28032297,-0.47416702,-0.28249553,-0.40183923,-0.44284865,-0.27977833,-0.4958376,-0.43125814,-0.27907047,-0.056581445,-0.33713776,-0.25537354,-0.23990369,-0.2734614,-0.2715895,-0.21932893,-0.20561801,-0.16991086,-0.1638349,-0.19156839,-0.11130096,-0.03393766,-0.20980676,-0.3179291,-0.18689299,-0.1600212,-0.31582347,-0.18455306,-0.10719267,-0.25153655,-0.13212752,-0.10492758,-0.20773295
P,Zaith,Left,0.0,0.0,0.0,-0.08619647,-0.20948528,0.00331481,-0.21871649,-0.3787142,-0.011257359,-0.34409374,-0.44668326,-0.030164024,-0.4391718,-0.521047,-0.051039655,-0.25960714,-0.55317765,-0.04109027,-0.42107216,-0.6467788,-0.07591395,-0.50432557,-0.73273057,-0.0962214,-0.5725591,-0.81986344,-0.11115361,-0.25272772,-0.46631292,-0.06345885,-0.457777,-0.3637062,-0.10186947,-0.5705191,-0.29512322,-0.11616053,-0.65853673,-0.25662875,-0.12879819,-0.24041449,-0.3295446,-0.08269947,-0.40095899,-0.17750753,-0.11622318,-0.34635815,-0.12766637,-0.09773687,-0.2912259,-0.13280903,-0.08252928,-0.22923575,-0.17492102,-0.10195624,-0.351904,-0.079651035,-0.12477421,-0.3065984,-0.035472315,-0.10481765,-0.25798395,-0.040894717,-0.08559874
P,Zaith,Left,0.0,0.0,0.0,-0.07145828,-0.18888868,-0.024031574,-0.18667288,-0.36415848,-0.041031945,-0.30376604,-0.44702667,-0.06026968,-0.39825085,-0.50594926,-0.0795044,-0.22362164,-0.5875081,-0.03279763,-0.38169292,-0.6821302,-0.07221776,-0.4691097,-0.7635573,-0.09708081,-0.53951365,-0.8419769,-0.11390806,-0.22575276,-0.5319157,-0.04543099,-0.42052278,-0.43241978,-0.0996761,-0.53620267,-0.34627488,-0.12512113,-0.6292953,-0.29177535,-0.13631533,-0.21980631,-0.4219168,-0.059937425,-0.36085832,-0.24192925,-0.1185818,-0.30244547,-0.14097495,-0.11695984,-0.24758713,-0.11391737,-0.10193726,-0.20475443,-0.2892848,-0.0759911,-0.32216138,-0.15937838,-0.11856416,-0.28004977,-0.07188075,-0.10814026,-0.23280647,-0.037399795,-0.088461205
P,Zaith,Left,0.0,0.0,0.0,-0.08381111,-0.21587755,0.029796889,-0.21402867,-0.3740147,0.010238299,-0.34326884,-0.42630503,-0.016641991,-0.4344747,-0.4859373,-0.05130911,-0.24295191,-0.5213809,-0.08419455,-0.40603766,-0.6366815,-0.12610057,-0.4857597,-0.7398572,-0.14823212,-0.55014014,-0.83507234,-0.16519916,-0.22266236,-0.40981525,-0.12242178,-0.43897292,-0.35368273,-0.16115676,-0.5532949,-0.3080666,-0.16597044,-0.63425434,-0.27300453,-0.17673731,-0.20118599,-0.24957837,-0.1505212,-0.38805202,-0.13889211,-0.17007007,-0.34530503,-0.09376524,-0.12893239,-0.2863963,-0.086106494,-0.10508384,-0.18045403,-0.080909744,-0.17663562,-0.3350423,-0.02290029,-0.18970062,-0.3009284,0.02088011,-0.15524495,-0.24824183,0.02498778,-0.12924479
P,Zaith,Left,0.0,0.0,0.0,-0.07756446,-0.22316132,0.016906891,-0.21198608,-0.38425627,0.0028279265,-0.34790844,-0.45166355,-0.018311743,-0.44497615,-0.5140081,-0.043348413,-0.22684243,-0.5406185,-0.033299733,-0.39083368,-0.66228896,-0.064924,-0.4712749,-0.7523015,-0.0798898,-0.53742784,-0.84330976,-0.09128607,-0.22573465,-0.45525914,-0.061794564,-0.4400786,-0.39198178,-0.0958433,-0.5393304,-0.31829578,-0.10104806,-0.6060366,-0.27395365,-0.107238136,-0.22393022,-0.32202542,-0.0863358,-0.39126417,-0.21022071,-0.11400409,-0.34610385,-0.15269376,-0.09075234,-0.29092917,-0.14486563,-0.074135415,-0.22358319,-0.17168865,-0.10983346,-0.34481075,-0.09582454,-0.12765647,-0.3039944,-0.050460637,-0.10769446,-0.25686443,-0.052742556,-0.09057971
P,Zaith,Left,0.0,0.0,0.0,-0.06722702,-0.20865776,0.010402461,-0.18753749,-0.38463348,-0.010609531,-0.3022964,-0.46192887,-0.037810635,-0.39114392,-0.5292928,-0.06907569,-0.19223183,-0.5562076,-0.048886944,-0.34134817,-0.6799183,-0.09182494,-0.42211094,-0.78175753,-0.11429523,-0.48104545,-0.87669563,-0.13336301,-0.16777176,-0.47422174,-0.08247551,-0.36574128,-0.38353017,-0.13686745,-0.34452537,-0.28571773,-0.1377931,-0.29502395,-0.26465577,-0.13559094,-0.14926472,-0.3341808,-0.11383612,-0.3247649,-0.2148565,-0.1620215,-0.2798014,-0.15888138,-0.1341685,-0.22297442,-0.18262139,-0.11227867,-0.13250792,-0.1839634,-0.14389582,-0.2744589,-0.10431074,-0.17952612,-0.23550692,-0.06240634,-0.1602653,-0.18266097,-0.07893164,-0.1418227
P,Zaith,Left,0.0,0.0,0.0,-0.09358376,-0.24030595,0.009991941,-0.19061096,-0.40837368,-0.027431697,-0.289918,-0.47771105,-0.06863927,-0.3765302,-0.5690437,-0.11651902,-0.17986518,-0.5715339,-0.11701344,-0.32066393,-0.69159865,-0.17628178,-0.39505276,-0.78796965,-0.2181677,-0.46159312,-0.88709176,-0.2534731,-0.12811051,-0.4655805,-0.15046078,-0.33698207,-0.42115045,-0.21746257,-0.4642417,-0.37587535,-0.23861176,-0.56142914,-0.3465091,-0.2609268,-0.09063694,-0.3051321,-0.17511697,-0.29014516,-0.20707154,-0.20535675,-0.2590961,-0.16950412,-0.16549574,-0.1966317,-0.17279522,-0.1454696,-0.0650258,-0.15519392,-0.19987392,-0.23045164,-0.094902635,-0.21761337,-0.21000211,-0.07178391,-0.18655597,-0.14876048,-0.09625611,-0.16554065
P,Zaith,Left,0.0,0.0,0.0,-0.11206661,-0.2160293,-0.0034738504,-0.20331112,-0.3854309,-0.04491302,-0.28960755,-0.46471033,-0.087286256,-0.37175164,-0.57507837,-0.13654172,-0.1658638,-0.5810454,-0.13545649,-0.29863065,-0.6951339,-0.20359512,-0.3780177,-0.7919306,-0.25241277,-0.4463972,-0.89483494,-0.29282182,-0.106688954,-0.47419262,-0.16717891,-0.32387924,-0.4191637,-0.24013275,-0.45691365,-0.36749396,-0.26101187,-0.55860734,-0.33770645,-0.28310558,-0.065373436,-0.30878943,-0.19203094,-0.2792805,-0.20102955,-0.23125161,-0.25562853,-0.15291038,-0.18713762,-0.19322273,-0.14751813,-0.16396607,-0.040510293,-0.14595044,-0.21883997,-0.217713,-0.071981475,-0.248544,-0.20582505,-0.044747833,-0.21847682,-0.14567915,-0.068796426,-0.19698375
P,Zaith,Left,0.0,0.0,0.0,-0.10084947,-0.22934546,-0.0020483842,-0.17457439,-0.40505204,-0.040368572,-0.25588587,-0.4861608,-0.08001721,-0.3260746,-0.60421044,-0.12572268,-0.14083944,-0.59713054,-0.12481444,-0.25416592,-0.71270347,-0.19742034,-0.32283923,-0.8147014,-0.25186333,-0.3816161,-0.92432094,-0.29495212,-0.0794387,-0.49210253,-0.15191884,-0.28574896,-0.44542256,-0.22555055,-0.40997443,-0.40081966,-0.24326567,-0.5054156,-0.38520816,-0.26121628,-0.03838625,-0.32499474,-0.17357203,-0.23597553,-0.24277933,-0.21227637,-0.22341797,-0.19754979,-0.16514918,-0.16416489,-0.18428701,-0.13749608,-0.017434029,-0.16364777,-0.19743179,-0.18420433,-0.10942608,-0.22676137,-0.1878677,-0.08278167,-0.19763552,-0.13293488,-0.100658976,-0.17474714
P,Zaith,Left,0.0,0.0,0.0,-0.10085394,-0.23197563,-0.003712205,-0.18013246,-0.3960716,-0.054001823,-0.26934198,-0.46084818,-0.10481251,-0.3419893,-0.568371,-0.16255693,-0.15941413,-0.59035707,-0.15818186,-0.2780832,-0.69897616,-0.24257533,-0.34590268,-0.8044972,-0.30598453,-0.40747583,-0.913216,-0.35691348,-0.09260438,-0.4841371,-0.18626909,-0.30325976,-0.4259546,-0.26906228,-0.42754683,-0.37639707,-0.28812084,-0.5265944,-0.35893875,-0.3097019,-0.04846226,-0.31357643,-0.20684932,-0.24686678,-0.22128376,-0.23982719,-0.22547466,-0.18492432,-0.18085714,-0.16173682,-0.1858516,-0.15059233,-0.02428852,-0.15461199,-0.23052642,-0.1914697,-0.08601631,-0.25355184,-0.18685316,-0.060293756,-0.21800524,-0.12803487,-0.09048659,-0.19402885
P,Zaith,Left,0.0,0.0,0.0,-0.11230609,-0.223843,-0.01404631,-0.19835784,-0.40473917,-0.04678022,-0.2743493,-0.50075287,-0.08175984,-0.3441168,-0.6195239,-0.12123534,-0.14615147,-0.5918884,-0.101899,-0.26481655,-0.7107604,-0.16484997,-0.34041813,-0.810302,-0.20535725,-0.4088428,-0.9126048,-0.23717998,-0.08896135,-0.5050199,-0.13102867,-0.28536913,-0.445548,-0.20091319,-0.4110407,-0.4030196,-0.21728504,-0.50970167,-0.37633044,-0.23026623,-0.041172013,-0.35303858,-0.15854241,-0.23925859,-0.22854482,-0.20886295,-0.21579847,-0.18107013,-0.17211904,-0.16268945,-0.18208815,-0.14616172,-0.003878848,-0.18862765,-0.18928961,-0.1722151,-0.100526236,-0.22632878,-0.16353658,-0.07349803,-0.1996422,-0.110999286,-0.09651496,-0.17612186
P,Zaith,Left,0.0,0.0,0.0,-0.12891054,-0.17291412,0.021742372,-0.22702491,-0.35329425,0.0030859774,-0.30529857,-0.47423807,-0.028354412,-0.38747263,-0.5738267,-0.0643458,-0.1976967,-0.57940763,-0.03677439,-0.33011806,-0.69624156,-0.081014454,-0.39728326,-0.79142684,-0.11011841,-0.45788085,-0.8890136,-0.13396838,-0.15655652,-0.5217958,-0.08310445,-0.34677944,-0.46624863,-0.13685766,-0.46008536,-0.40259516,-0.15448031,-0.54680467,-0.37730965,-0.16920882,-0.1205769,-0.40920246,-0.12705153,-0.2987806,-0.2843647,-0.17072943,-0.25811768,-0.207306,-0.14722578,-0.20014817,-0.20264651,-0.1304915,-0.0928045,-0.28100985,-0.17075862,-0.23882914,-0.19416964,-0.20146346,-0.21231596,-0.13789473,-0.17998044,-0.1584938,-0.14537628,-0.16155517
P,Zaith,Left,0.0,0.0,0.0,-0.12960081,-0.18446606,0.04579486,-0.21659158,-0.3615022,0.020517323,-0.29417926,-0.47837713,-0.021428889,-0.37352765,-0.5950194,-0.06886976,-0.19152348,-0.5720865,-0.062299613,-0.32841372,-0.6933388,-0.11555519,-0.39727083,-0.7938584,-0.14963998,-0.4593536,-0.8882535,-0.178334,-0.14825109,-0.49929458,-0.12161669,-0.34479797,-0.46167594,-0.1852774,-0.46634904,-0.4050848,-0.20106071,-0.55970377,-0.37395442,-0.21769196,-0.11401849,-0.37028247,-0.1732341,-0.29656583,-0.27455285,-0.20297666,-0.25672787,-0.20650521,-0.15576772,-0.19533911,-0.20104392,-0.13046332,-0.08991051,-0.23874636,-0.22408265,-0.23658882,-0.17171119,-0.23880751,-0.2135664,-0.12095367,-0.20369852,-0.15940173,-0.13107225,-0.18059537
P,Zaith,Left,0.0,0.0,0.0,-0.13214622,-0.16654277,0.014884656,-0.23354983,-0.34740916,-0.00522339,-0.31537515,-0.47016597,-0.036980733,-0.3938534,-0.58252025,-0.07303114,-0.20738424,-0.57448345,-0.037258185,-0.34081903,-0.69370186,-0.08123283,-0.41266367,-0.78549147,-0.109241076,-0.47479555,-0.88009614,-0.13250859,-0.16443682,-0.5190896,-0.079752274,-0.35667646,-0.45729142,-0.13236612,-0.47271928,-0.3921451,-0.15024781,-0.5612079,-0.36620885,-0.16572616,-0.12773408,-0.4044361,-0.12080305,-0.30517456,-0.27498615,-0.16515285,-0.26426864,-0.19767867,-0.14245947,-0.2064226,-0.1936532,-0.12635504,-0.09984769,-0.27389988,-0.16212751,-0.24536307,-0.18333746,-0.19469947,-0.21896473,-0.12573609,-0.1754301,-0.16712968,-0.13189512,-0.15856497
P,Zaith,Left,0.0,0.0,0.0,-0.13254227,-0.17227553,0.029979587,-0.21557684,-0.33915016,-0.0057816096,-0.28274658,-0.45809695,-0.05488832,-0.364751,-0.5790995,-0.11020265,-0.1744752,-0.56566447,-0.092644155,-0.310174,-0.68729967,-0.15996478,-0.37985468,-0.79415464,-0.20212848,-0.44281393,-0.89661354,-0.2353207,-0.12631324,-0.50163156,-0.14901687,-0.31237936,-0.46359137,-0.22700799,-0.42962444,-0.4001893,-0.24189244,-0.52225524,-0.3779409,-0.2551039,-0.08593674,-0.3831577,-0.19909945,-0.25849047,-0.2704612,-0.242045,-0.22428373,-0.1853652,-0.19343397,-0.16666849,-0.16895969,-0.16557956,-0.056665245,-0.25364873,-0.250022,-0.19613372,-0.17235015,-0.2787082,-0.17884222,-0.105676964,-0.24642126,-0.12917328,-0.1059473,-0.22345589
P,Zaith,Left,0.0,0.0,0.0,-0.12201943,-0.19854254,0.062625974,-0.19774035,-0.3624558,0.012025699,-0.26162988,-0.47916594,-0.061148148,-0.34587413,-0.59596044,-0.14274229,-0.16167723,-0.5659609,-0.10358176,-0.29834482,-0.6931206,-0.17665721,-0.366549,-0.80780876,-0.21923205,-0.4258149,-0.9048103,-0.2530985,-0.111659296,-0.48739517,-0.18197423,-0.2944308,-0.4878606,-0.26374045,-0.41162708,-0.42950082,-0.26864874,-0.5065295,-0.42404976,-0.27592918,-0.07310425,-0.3621059,-0.24981044,-0.24322592,-0.29374704,-0.2720665,-0.20594355,-0.19856563,-0.19529861,-0.14364822,-0.17758985,-0.15686008,-0.04402412,-0.24563816,-0.31820452,-0.17678492,-0.18564151,-0.32618967,-0.15944491,-0.10655774,-0.27791032,-0.108459935,-0.094528615,-0.24928391
P,Zaith,Left,0.0,0.0,0.0,-0.13655232,-0.18024293,0.052099567,-0.21065612,-0.35594925,0.0035645715,-0.2764999,-0.47192466,-0.0637393,-0.36094,-0.59581274,-0.14006595,-0.16754104,-0.5624324,-0.11082877,-0.3026485,-0.68171287,-0.18816315,-0.37299687,-0.797472,-0.2376692,-0.4336693,-0.9010721,-0.27632383,-0.10807112,-0.49116412,-0.18039553,-0.29333803,-0.48427278,-0.25120294,-0.40607488,-0.42830202,-0.24931905,-0.49422503,-0.422393,-0.2546649,-0.0623553,-0.36921695,-0.24159895,-0.23956023,-0.30470285,-0.25856546,-0.2105969,-0.20879538,-0.18095873,-0.1482554,-0.1791777,-0.14311123,-0.030490479,-0.24840122,-0.30436024,-0.16938353,-0.19943614,-0.31439123,-0.16121553,-0.11852839,-0.26902053,-0.10963147,-0.099350706,-0.24205634
P,Zaith,Left,0.0,0.0,0.0,-0.13464083,-0.18162796,0.024112213,-0.2308068,-0.35914308,-0.0116222,-0.31751737,-0.467458,-0.058269605,-0.40870914,-0.58379924,-0.11315622,-0.21226561,-0.57116413,-0.104827404,-0.35098395,-0.67848825,-0.1716125,-0.43085322,-0.77216345,-0.21707863,-0.49879172,-0.86672187,-0.2548693,-0.15267074,-0.49266648,-0.15427926,-0.36273384,-0.42042652,-0.2084146,-0.47864506,-0.3524299,-0.21577176,-0.56807077,-0.34065714,-0.23316532,-0.098753735,-0.34958187,-0.19834107,-0.29065883,-0.23189601,-0.22705792,-0.24966292,-0.17764051,-0.18329288,-0.18145038,-0.18460064,-0.16544181,-0.060388394,-0.20114319,-0.24308488,-0.20679319,-0.11239979,-0.2755911,-0.18755507,-0.07542949,-0.25589392,-0.13298258,-0.10274669,-0.24413037
P,Zaith,Left,0.0,0.0,0.0,-0.13404815,-0.1726633,0.019463638,-0.2235559,-0.3516475,-0.0109066,-0.29185855,-0.47516188,-0.05379519,-0.3678486,-0.59639376,-0.10332788,-0.1861988,-0.576093,-0.0745208,-0.3244918,-0.6856627,-0.13625474,-0.39744332,-0.78743654,-0.17694771,-0.46260023,-0.886567,-0.20935963,-0.13295434,-0.5207162,-0.12557708,-0.32458276,-0.46482787,-0.19004588,-0.43841597,-0.38913473,-0.20103216,-0.5251105,-0.36087915,-0.21199127,-0.08504326,-0.4037221,-0.17408013,-0.2661893,-0.28797597,-0.21711382,-0.23511933,-0.20707515,-0.17841522,-0.17732964,-0.19344442,-0.15554433,-0.048099436,-0.2685747,-0.22387289,-0.19607888,-0.19335313,-0.25775826,-0.1851612,-0.13231683,-0.2326,-0.13407353,-0.13299389,-0.21334341
P,Zaith,Left,0.0,0.0,0.0,-0.13240527,-0.19415782,0.041537892,-0.20654546,-0.3595776,-0.0048834113,-0.2721309,-0.45580894,-0.06507879,-0.35137683,-0.58879745,-0.13205945,-0.16365176,-0.56334066,-0.13260753,-0.28972578,-0.67999834,-0.22449656,-0.3602158,-0.80052197,-0.2861078,-0.42226174,-0.90647393,-0.33069146,-0.1087825,-0.48333508,-0.19467299,-0.29168364,-0.45495954,-0.27701002,-0.4137446,-0.39696833,-0.27562886,-0.5087667,-0.37271732,-0.27830398,-0.06601098,-0.35772383,-0.24909268,-0.23983933,-0.28108805,-0.27223232,-0.22307022,-0.2116062,-0.1821279,-0.16894096,-0.18825904,-0.13030402,-0.034876976,-0.22787346,-0.30684263,-0.17569673,-0.1733528,-0.31804213,-0.17905928,-0.119334295,-0.26320362,-0.13229293,-0.110851996,-0.2243636
P,Zaith,Left,0.0,0.0,0.0,-0.13175157,-0.19146371,0.020530744,-0.20323583,-0.37516987,-0.010171503,-0.271605,-0.47818187,-0.051081818,-0.3456047,-0.59476614,-0.098299295,-0.16796455,-0.59194815,-0.08590735,-0.28208908,-0.7001772,-0.1569353,-0.34431344,-0.8094527,-0.20981914,-0.39985815,-0.91657704,-0.24980207,-0.10825385,-0.5282404,-0.12928775,-0.28877327,-0.475724,-0.20355766,-0.4093589,-0.43040138,-0.22134024,-0.5031135,-0.40812027,-0.23612952,-0.060354255,-0.4041654,-0.16783889,-0.2417052,-0.30162823,-0.20297228,-0.22666594,-0.23606728,-0.15090738,-0.17518479,-0.21751732,-0.11896943,-0.029913472,-0.2681316,-0.20879422,-0.18255112,-0.19814286,-0.23021881,-0.1832457,-0.14891538,-0.1945687,-0.13354546,-0.15124181,-0.16699627
P,Zaith,Left,0.0,0.0,0.0,-0.14035383,-0.19717464,0.055587944,-0.21282095,-0.36547297,0.017302124,-0.2827628,-0.46294898,-0.035393417,-0.3654918,-0.5846032,-0.09403389,-0.16707626,-0.5747642,-0.13116965,-0.29907438,-0.68547934,-0.22116289,-0.36983258,-0.7971427,-0.28051233,-0.43294957,-0.90141815,-0.32291248,-0.10735581,-0.4882348,-0.19454555,-0.29740906,-0.48004815,-0.28581876,-0.42616692,-0.4561707,-0.28993613,-0.52445054,-0.45316198,-0.29375705,-0.06675556,-0.3534924,-0.24633938,-0.25304434,-0.29956338,-0.2739893,-0.25298238,-0.22848,-0.17727195,-0.20271923,-0.19526805,-0.11528075,-0.043921474,-0.21990557,-0.29975882,-0.20097333,-0.19799334,-0.30995765,-0.2227598,-0.14358383,-0.24898635,-0.17918119,-0.12743714,-0.20145963
P,Zaith,Left,0.0,0.0,0.0,-0.14034186,-0.1951627,0.040734645,-0.22352605,-0.3639556,0.009323893,-0.29755482,-0.46880096,-0.035946045,-0.37530985,-0.5846062,-0.08531335,-0.18288314,-0.5794882,-0.09906692,-0.32057244,-0.687782,-0.17702658,-0.3903113,-0.7910845,-0.2294828,-0.45538652,-0.89029384,-0.2689702,-0.12556021,-0.49737993,-0.15936777,-0.3141698,-0.47162583,-0.25112137,-0.4398202,-0.44213042,-0.2722251,-0.53615963,-0.42135298,-0.2870595,-0.082866706,-0.36559045,-0.21103159,-0.27065423,-0.27498797,-0.25129807,-0.25244412,-0.21174014,-0.18435279,-0.20117389,-0.19684899,-0.14040466,-0.05244131,-0.23124586,-0.2639752,-0.20889144,-0.16893911,-0.28542587,-0.20469335,-0.12095071,-0.2389509,-0.1539628,-0.12555683,-0.20156503
P,Zaith,Left,0.0,0.0,0.0,-0.12552121,-0.18282512,-0.0014821244,-0.19874473,-0.37444583,-0.022566967,-0.26196015,-0.487743,-0.048697047,-0.32951432,-0.60130864,-0.07921576,-0.14662388,-0.59710675,-0.063090935,-0.26399195,-0.7139142,-0.11670456,-0.3316407,-0.8145341,-0.15994793,-0.38801104,-0.9216547,-0.19458726,-0.08855804,-0.53513926,-0.09225223,-0.27026245,-0.50638145,-0.14673182,-0.38721514,-0.4707193,-0.16524924,-0.4749481,-0.46496445,-0.18176301,-0.044119947,-0.40935117,-0.12070798,-0.22424668,-0.34223145,-0.1584278,-0.22142507,-0.26525918,-0.13045883,-0.18125017,-0.22971557,-0.1123418,-0.017353008,-0.26341844,-0.15190221,-0.16873571,-0.23883477,-0.18180941,-0.18830448,-0.18704419,-0.16171236,-0.15669696,-0.16483314,-0.14389777
P,Zaith,Left,0.0,0.0,0.0,-0.1381529,-0.22082339,0.05371857,-0.21125256,-0.37575626,-0.0046656234,-0.2862106,-0.45839372,-0.079292946,-0.37414008,-0.567046,-0.15726045,-0.17551866,-0.56123364,-0.17066249,-0.3021475,-0.6742792,-0.28447518,-0.3782658,-0.796438,-0.35722196,-0.44757283,-0.8942475,-0.4109468,-0.113522306,-0.45701608,-0.24066155,-0.30048335,-0.45049864,-0.37757915,-0.43143293,-0.41424593,-0.40078628,-0.53102577,-0.39252886,-0.41453794,-0.06867136,-0.30774856,-0.29513973,-0.24151048,-0.26492935,-0.33705404,-0.23039812,-0.20539021,-0.21569969,-0.17748947,-0.19024692,-0.13623585,-0.034733113,-0.18055414,-0.35262382,-0.17653154,-0.15311044,-0.36188647,-0.1801028,-0.106774606,-0.28417832,-0.13192353,-0.10694449,-0.22501226
P,Zaith,Left,0.0,0.0,0.0,-0.12908895,-0.21490428,-0.0014195857,-0.20840743,-0.3821671,-0.05315065,-0.2872416,-0.4538361,-0.10717307,-0.3702806,-0.5703215,-0.16766573,-0.17059822,-0.56225127,-0.17679241,-0.293176,-0.6713748,-0.27766502,-0.36262146,-0.7868238,-0.35238144,-0.42829168,-0.90364057,-0.41039625,-0.10088377,-0.46728095,-0.21384077,-0.28865725,-0.4202372,-0.31230503,-0.41045466,-0.3859951,-0.33413467,-0.50388026,-0.382962,-0.35726434,-0.047082953,-0.31149703,-0.24389309,-0.22534603,-0.21651798,-0.2864678,-0.22445813,-0.16843759,-0.21697086,-0.17604715,-0.154855,-0.178639,-0.010893743,-0.15556897,-0.27917188,-0.15170626,-0.0826268,-0.31137443,-0.1602337,-0.050173614,-0.2740589,-0.11378017,-0.06442673,-0.2475484
R,Zaith,Right,0.0,0.0,0.0,0.08493841,-0.13653068,-0.05908162,0.11249107,-0.30538976,-0.08318271,0.053076636,-0.43122774,-0.10711184,-0.0120288115,-0.533693,-0.12811041,0.08645695,-0.5317944,-0.024627145,0.0686125,-0.7180032,-0.060826406,0.0475809,-0.84651,-0.087751016,0.026637968,-0.9623854,-0.10619677,0.020844651,-0.53119606,-0.026319502,0.03415684,-0.74065834,-0.068196915,0.045933746,-0.87858367,-0.09530049,0.053117182,-0.99858826,-0.10979161,-0.047937155,-0.48413232,-0.037844945,-0.061384756,-0.6315029,-0.10922418,-0.03783757,-0.50225496,-0.12201055,-0.019403482,-0.3875384,-0.11008169,-0.11847488,-0.40785432,-0.053885907,-0.13111378,-0.53108287,-0.11095103,-0.10036156,-0.45056635,-0.112671286,-0.07864034,-0.3613923,-0.10100208
R,Zaith,Right,0.0,0.0,0.0,0.08427,-0.13736351,-0.06509382,0.108445436,-0.30410597,-0.09064349,0.044222582,-0.42889863,-0.11510868,-0.02220259,-0.5367939,-0.13599558,0.0828114,-0.5323177,-0.023166308,0.06337398,-0.7152278,-0.06018471,0.041075215,-0.84401876,-0.08875742,0.01851382,-0.9603381,-0.10830927,0.01710259,-0.5316545,-0.021956675,0.029485438,-0.7390682,-0.06511255,0.039467387,-0.8789963,-0.09366783,0.045112755,-0.9989819,-0.10863379,-0.051477622,-0.48498353,-0.031915605,-0.06732617,-0.6235769,-0.106520906,-0.044051282,-0.49333495,-0.12228768,-0.02427526,-0.37871146,-0.11103911,-0.12252448,-0.41162246,-0.046892565,-0.13567314,-0.52772874,-0.10682472,-0.10471056,-0.44618857,-0.11123136,-0.08127401,-0.35827085,-0.100827284
R,Zaith,Right,0.0,0.0,0.0,0.08253822,-0.14641245,-0.06003568,0.10356318,-0.3141657,-0.08475853,0.033075094,-0.4410815,-0.109142594,-0.033104762,-0.55052394,-0.13093486,0.088148765,-0.5314645,-0.023926452,0.064372204,-0.7157399,-0.06368899,0.036865488,-0.8466628,-0.09438946,0.009587604,-0.9640844,-0.11554893,0.018888578,-0.5311689,-0.024902599,0.02973235,-0.7411004,-0.07034714,0.035544164,-0.87841314,-0.10060891,0.03846546,-0.99925995,-0.11727288,-0.05273519,-0.48478672,-0.036117587,-0.074183784,-0.6345506,-0.111062445,-0.05282092,-0.5148477,-0.12787291,-0.031618576,-0.4032857,-0.11843818,-0.12705567,-0.40877002,-0.051723063,-0.14704813,-0.53654873,-0.11229021,-0.11706335,-0.46265417,-0.11722578,-0.0909206,-0.3755609,-0.10755563
R,Zaith,Right,0.0,0.0,0.0,0.08271356,-0.13291286,-0.065323,0.108009055,-0.30011556,-0.09353462,0.041685082,-0.42998686,-0.12011069,-0.02646275,-0.53766835,-0.14397506,0.09136487,-0.5264184,-0.032875553,0.07018622,-0.71333206,-0.07445125,0.045280248,-0.8457435,-0.10593827,0.021673353,-0.96425074,-0.12754561,0.022543194,-0.52697194,-0.031681087,0.037194256,-0.7367739,-0.07917113,0.04529186,-0.87701786,-0.11080925,0.05096369,-0.9987005,-0.12846851,-0.04898854,-0.4821178,-0.0407019,-0.06856314,-0.6346446,-0.116519794,-0.048279632,-0.52045083,-0.13471095,-0.026685674,-0.4092488,-0.126535,-0.122918576,-0.41051167,-0.05444275,-0.13924095,-0.5368575,-0.11555851,-0.1112381,-0.46434772,-0.12171731,-0.086852066,-0.37786934,-0.113127366
R,Zaith,Right,0.0,0.0,0.0,0.083994515,-0.10369757,-0.090927035,0.09833346,-0.28105295,-0.1131623,0.020557547,-0.39617604,-0.123959005,-0.05556234,-0.47932613,-0.1277672,0.09266193,-0.509509,-0.044578247,0.06791537,-0.6980037,-0.08851457,0.0339008,-0.8365855,-0.1177112,0.0016314704,-0.95422006,-0.1350754,0.024464624,-0.5221148,-0.029639324,0.03380642,-0.73229307,-0.07838258,0.022927063,-0.87956005,-0.10537179,0.015024344,-0.9998871,-0.11439234,-0.04618856,-0.4831519,-0.029267041,-0.075156055,-0.5801552,-0.1144606,-0.06983349,-0.44247156,-0.13675185,-0.054917943,-0.3500099,-0.12399581,-0.11403994,-0.41687554,-0.035626426,-0.12086471,-0.48265812,-0.10413308,-0.100801,-0.3925094,-0.114737555,-0.08380572,-0.3213774,-0.10550179
R,Zaith,Right,0.0,0.0,0.0,0.08451001,-0.12220123,-0.0582886,0.11847297,-0.29676244,-0.081962466,0.05855259,-0.42865014,-0.10507575,-0.009786359,-0.5343675,-0.12523533,0.10849286,-0.506835,-0.025946403,0.10073825,-0.70225585,-0.06343637,0.082162604,-0.8404163,-0.08990973,0.062456682,-0.96428907,-0.10760349,0.04124304,-0.5178631,-0.02831964,0.067841336,-0.7360237,-0.072513774,0.08408402,-0.8754014,-0.09885118,0.09531841,-0.99544686,-0.11112205,-0.03122172,-0.48374197,-0.040261276,-0.040266447,-0.6242549,-0.11582493,-0.026178636,-0.48764127,-0.12772052,-0.012817486,-0.3758006,-0.11325128,-0.10741276,-0.4249832,-0.056159582,-0.11663804,-0.5380942,-0.11604262,-0.09206346,-0.44508186,-0.11547446,-0.07306789,-0.35743847,-0.100988455
R,Zaith,Right,0.0,0.0,0.0,0.070422694,-0.11270372,-0.078310065,0.08958898,-0.28566292,-0.11187818,0.020041436,-0.41250694,-0.14133978,-0.055162046,-0.5224234,-0.1680409,0.07072144,-0.52624846,-0.052166443,0.054386824,-0.71499544,-0.099117845,0.03331256,-0.84122264,-0.13424581,0.013867044,-0.9618073,-0.16105273,-0.0028709793,-0.52566105,-0.049218107,0.0153184235,-0.7411986,-0.104823634,0.026329543,-0.8721872,-0.14566544,0.036982115,-0.9993159,-0.17241903,-0.07898738,-0.47074917,-0.056888193,-0.10550967,-0.62797195,-0.14679824,-0.08261577,-0.5008987,-0.17751895,-0.053817734,-0.38363707,-0.1784248,-0.15354255,-0.3840644,-0.06927409,-0.16866751,-0.4935459,-0.14884716,-0.13901556,-0.4155434,-0.17015746,-0.10979983,-0.33251512,-0.17282414
R,Zaith,Right,0.0,0.0,0.0,0.087123245,-0.119525075,-0.047629815,0.1263603,-0.2892511,-0.06895249,0.082117185,-0.42323261,-0.09177624,0.020340782,-0.5204699,-0.112649135,0.110738285,-0.5129008,-0.027824381,0.10392156,-0.7142863,-0.06528989,0.08930091,-0.8509886,-0.090998545,0.07412215,-0.97280777,-0.107548624,0.044081274,-0.52444404,-0.034368288,0.068558924,-0.7439262,-0.07690436,0.0881905,-0.8804133,-0.10197966,0.10232968,-0.99475056,-0.11452358,-0.028412422,-0.4917144,-0.048253696,-0.0319974,-0.64473,-0.11619382,-0.01015222,-0.5146309,-0.12509926,0.006901506,-0.3936026,-0.11131347,-0.102202795,-0.427919,-0.06558795,-0.10368682,-0.54901177,-0.11786132,-0.07215088,-0.46460673,-0.11496305,-0.050321456,-0.36968243,-0.10030528
R,Zaith,Right,0.0,0.0,0.0,0.09053986,-0.11949048,-0.048135847,0.13498265,-0.2896469,-0.0671305,0.09966334,-0.4315995,-0.087585196,0.04056277,-0.53316706,-0.105674416,0.120934725,-0.5105367,-0.02054873,0.12110175,-0.70906204,-0.053026043,0.112095185,-0.8426361,-0.0762851,0.10130124,-0.9628254,-0.09188412,0.05757281,-0.52560127,-0.02623652,0.084884316,-0.7394974,-0.06451122,0.10941215,-0.87736225,-0.088338315,0.1266631,-0.9919458,-0.10066783,-0.013154898,-0.49511886,-0.03983074,-0.011708736,-0.6529151,-0.10408121,0.005953732,-0.51539195,-0.11032512,0.015479267,-0.3927745,-0.09481008,-0.085531265,-0.4347807,-0.057352286,-0.08430276,-0.5717902,-0.106585905,-0.056974404,-0.48584944,-0.10187111,-0.042598553,-0.38854155,-0.08623066
R,Zaith,Right,0.0,0.0,0.0,0.094502985,-0.11903603,-0.050989397,0.14017522,-0.29450625,-0.07015403,0.10188992,-0.442779,-0.09006312,0.041281912,-0.54950815,-0.10717132,0.1237222,-0.5180504,-0.019424342,0.12656406,-0.7153181,-0.05001226,0.11836898,-0.84958327,-0.0721186,0.10794749,-0.97074634,-0.0872429,0.060173344,-0.5336323,-0.022814665,0.09038657,-0.74489576,-0.058946103,0.117702544,-0.8790768,-0.080821045,0.13642761,-0.99065006,-0.092136346,-0.011353249,-0.50308317,-0.034696776,-0.0049329307,-0.6570058,-0.09791623,0.013429204,-0.5144437,-0.10283358,0.020700388,-0.39095598,-0.0865613,-0.08418283,-0.44440055,-0.05080934,-0.07645634,-0.5808057,-0.0990415,-0.04892902,-0.4925981,-0.09353774,-0.038142927,-0.39586836,-0.077653356
R,Zaith,Right,0.0,0.0,0.0,0.09917373,-0.12243979,-0.05646419,0.14071931,-0.30025983,-0.07519051,0.100245,-0.4518544,-0.09406084,0.040302437,-0.5679964,-0.109604396,0.122534916,-0.52469075,-0.011375888,0.124649726,-0.71868926,-0.040336274,0.11734298,-0.85170114,-0.06277864,0.10936682,-0.97009593,-0.078217,0.058926262,-0.5366659,-0.011113809,0.08554139,-0.74123544,-0.04781592,0.11133838,-0.8774096,-0.07244326,0.13048166,-0.9914507,-0.08533556,-0.011947339,-0.5039318,-0.021030983,-0.006226219,-0.65363234,-0.088940516,0.015984975,-0.5140282,-0.100301005,0.026823286,-0.39077386,-0.08689974,-0.08416053,-0.4464595,-0.035365198,-0.07441318,-0.58020115,-0.08866322,-0.044766586,-0.4957789,-0.089376606,-0.030868351,-0.40263888,-0.0773322
R,Zaith,Right,0.0,0.0,0.0,0.10022695,-0.124670304,-0.04645028,0.14118305,-0.31042242,-0.060223363,0.10358764,-0.4676934,-0.07548337,0.047277406,-0.58214515,-0.08757408,0.12782945,-0.51274025,-0.0073771193,0.13307136,-0.71379465,-0.033533603,0.12652804,-0.84885,-0.053463463,0.11773586,-0.9711225,-0.06770472,0.065473765,-0.5295553,-0.010546245,0.094148286,-0.7439634,-0.04300887,0.12397014,-0.87734735,-0.06378698,0.14577459,-0.98931783,-0.075231515,-0.005819619,-0.50204635,-0.022349704,0.0013403227,-0.6679689,-0.08273378,0.021445192,-0.52838147,-0.08726633,0.02774136,-0.4059458,-0.07168053,-0.07861902,-0.44760355,-0.03808527,-0.06589598,-0.58663404,-0.0849627,-0.0396804,-0.5022951,-0.080413565,-0.03392866,-0.41034254,-0.06608604
R,Zaith,Right,0.0,0.0,0.0,0.104454,-0.115784705,-0.038406447,0.15015072,-0.3052985,-0.04863253,0.11847537,-0.47127038,-0.061320074,0.064375095,-0.5828244,-0.071668886,0.14334954,-0.49483424,-0.005970898,0.1583565,-0.70439017,-0.03092995,0.15784766,-0.8429188,-0.048751574,0.1551485,-0.96223,-0.06036354,0.08021446,-0.51629907,-0.011330561,0.11239649,-0.7369705,-0.041628715,0.14293136,-0.8748622,-0.06105703,0.16552782,-0.9862051,-0.07135304,0.01012025,-0.49517536,-0.023917744,0.018910304,-0.663928,-0.07823779,0.039972506,-0.5441326,-0.08397107,0.046829943,-0.42299727,-0.070397966,-0.06365245,-0.44980162,-0.039822683,-0.056182854,-0.59465045,-0.079343684,-0.03098055,-0.5397208,-0.075373955,-0.02227868,-0.46367714,-0.06286587
R,Zaith,Right,0.0,0.0,0.0,0.10685156,-0.12071227,-0.049017955,0.15293606,-0.30841503,-0.06264619,0.12432048,-0.48015648,-0.07773685,0.07687438,-0.6150725,-0.08939504,0.1402795,-0.504175,-0.0070003485,0.15483674,-0.71821755,-0.03140376,0.15226804,-0.85811347,-0.049117737,0.1483996,-0.9852615,-0.06156993,0.07885873,-0.5258288,-0.007886255,0.112719975,-0.74746454,-0.038558435,0.14622687,-0.8801395,-0.05841089,0.17217855,-0.98506576,-0.07007432,0.008488336,-0.5074556,-0.017976489,0.025556326,-0.684599,-0.07708649,0.04380515,-0.5455176,-0.08426431,0.047345586,-0.40996227,-0.07102921,-0.065561116,-0.46805504,-0.032334957,-0.048964404,-0.6202591,-0.07898818,-0.02129914,-0.55080456,-0.0786954,-0.012873341,-0.45695266,-0.06807237
R,Zaith,Right,0.0,0.0,0.0,0.10709578,-0.11791096,-0.047856357,0.15270364,-0.30585435,-0.06099914,0.12943861,-0.47765565,-0.07651566,0.08191528,-0.61291164,-0.089140914,0.13969773,-0.4975823,-0.0064270766,0.1592052,-0.70491326,-0.032200966,0.16070268,-0.8431383,-0.0502524,0.15980369,-0.96841824,-0.06210115,0.07970382,-0.52105916,-0.008631416,0.11756002,-0.74121296,-0.040359583,0.15553172,-0.87549454,-0.059742443,0.18493603,-0.98275054,-0.070388526,0.0108502405,-0.5047064,-0.020204972,0.03157811,-0.6746777,-0.081479676,0.05132166,-0.5370536,-0.09011682,0.0554165,-0.39990458,-0.07665235,-0.061919454,-0.4679773,-0.035881124,-0.042125832,-0.62431127,-0.083387665,-0.01316542,-0.55780464,-0.083079375,-0.0036531824,-0.46111253,-0.07190517
R,Zaith,Right,0.0,0.0,0.0,0.10806367,-0.116556175,-0.044365216,0.15701231,-0.30233312,-0.05588553,0.13508454,-0.47341642,-0.0701399,0.09085609,-0.6079376,-0.08195087,0.1451569,-0.48763537,-0.0042558983,0.1708786,-0.68897355,-0.029369235,0.17713283,-0.82387596,-0.047143035,0.17995608,-0.9467267,-0.058913834,0.08731985,-0.5165628,-0.007909491,0.12720351,-0.7388463,-0.038651157,0.16600728,-0.87210774,-0.057923377,0.19598742,-0.98060644,-0.06871396,0.019300707,-0.50449324,-0.02036131,0.044736803,-0.6752618,-0.08051291,0.06394862,-0.5375035,-0.08876206,0.06543,-0.40252528,-0.07545974,-0.05384516,-0.4712512,-0.03652647,-0.02944143,-0.6273753,-0.083307706,-0.0016218307,-0.5569213,-0.0820734,0.004619099,-0.4580623,-0.07034783
R,Zaith,Right,0.0,0.0,0.0,0.11106954,-0.12324868,-0.05065331,0.15944771,-0.3112002,-0.06455456,0.12534529,-0.47775295,-0.07989156,0.073840454,-0.61568934,-0.09159007,0.15285248,-0.5171168,0.001703584,0.17141743,-0.7168489,-0.020832485,0.175226,-0.85572225,-0.039207473,0.17751466,-0.98411816,-0.053490195,0.08929187,-0.5462166,0.0004682826,0.13194285,-0.75289845,-0.02789365,0.17502376,-0.866157,-0.045716457,0.20971666,-0.96578676,-0.056068286,0.013332263,-0.53059304,-0.011210213,0.03278717,-0.70612967,-0.075927064,0.042440154,-0.54834527,-0.08197782,0.03969686,-0.41537935,-0.066680476,-0.06667494,-0.48907977,-0.02684918,-0.044296015,-0.6353766,-0.08108829,-0.022121727,-0.5334633,-0.079468615,-0.020983396,-0.42871863,-0.066596955
R,Zaith,Right,0.0,0.0,0.0,0.11157792,-0.12520428,-0.055532057,0.1589964,-0.318122,-0.06705835,0.12281732,-0.4919399,-0.07927932,0.06744139,-0.6351855,-0.08691634,0.15634227,-0.5141934,0.013835057,0.17124541,-0.72113407,-0.0015910419,0.17081021,-0.86148924,-0.015244258,0.17025048,-0.9854008,-0.025586685,0.09126082,-0.5383479,0.017246671,0.1323812,-0.74689883,-0.0062182355,0.16672558,-0.8710515,-0.023333572,0.1944143,-0.9728878,-0.03195981,0.017731346,-0.519782,0.008470038,0.034361932,-0.69288945,-0.056447275,0.041667867,-0.54620093,-0.0708087,0.039954726,-0.41319308,-0.0590398,-0.05871426,-0.48552936,-0.004514212,-0.042363904,-0.63643014,-0.05998733,-0.024792694,-0.55922544,-0.06635413,-0.021216447,-0.46561262,-0.058516916
R,Zaith,Right,0.0,0.0,0.0,0.116863914,-0.14216216,-0.04464143,0.15913007,-0.35737932,-0.047300857,0.10042588,-0.5325534,-0.0515307,0.03312164,-0.649809,-0.052393135,0.1511371,-0.5028994,0.019113014,0.1593271,-0.7053701,0.0034828868,0.15400603,-0.84416634,-0.01172075,0.1473581,-0.96591127,-0.02354564,0.0840485,-0.5230252,0.017925555,0.11502119,-0.7409596,-0.0043162294,0.14348039,-0.8741904,-0.023349583,0.16528217,-0.98624635,-0.03406202,0.011247615,-0.5015956,0.0061458107,0.016962523,-0.6718419,-0.0553173,0.029388225,-0.5436115,-0.07124818,0.029286057,-0.42716178,-0.061566964,-0.06906127,-0.46177813,-0.008761491,-0.062185157,-0.622168,-0.059109196,-0.041287217,-0.5532048,-0.06320285,-0.035703015,-0.46419245,-0.055017512
R,Zaith,Right,0.0,0.0,0.0,0.12219846,-0.15078902,-0.050059743,0.15962116,-0.36285535,-0.05144897,0.1008398,-0.5414298,-0.053995356,0.03172432,-0.6674186,-0.05305749,0.14656211,-0.50403523,0.029476859,0.15564507,-0.70601183,0.021555636,0.14855236,-0.84970677,0.010706783,0.14062186,-0.9753306,0.00052322313,0.07837452,-0.52331746,0.031741098,0.10920429,-0.7403333,0.016014375,0.13907869,-0.87464756,-0.0013402273,0.16269596,-0.9866763,-0.012298897,0.0049987575,-0.5004256,0.021413308,0.01618974,-0.6756993,-0.04274351,0.032424685,-0.54424024,-0.06633432,0.032769244,-0.42364553,-0.061259013,-0.0743449,-0.46407923,0.0078506805,-0.069898464,-0.63736415,-0.050032098,-0.04514735,-0.57652503,-0.06402732,-0.034280907,-0.48747584,-0.06285342
R,Zaith,Right,0.0,0.0,0.0,0.119322464,-0.1665818,-0.042279605,0.1512793,-0.37026596,-0.04044692,0.08351577,-0.5484533,-0.04103308,0.012108523,-0.66095316,-0.038279705,0.1455786,-0.49553695,0.039479766,0.14547062,-0.6965587,0.027298957,0.12954554,-0.8435274,0.010362631,0.1147964,-0.9717161,-0.0046100416,0.07444211,-0.51508826,0.03869286,0.099853605,-0.7331326,0.017201256,0.1208396,-0.87723565,-0.008261521,0.13978484,-0.9901819,-0.025288526,-0.00062134577,-0.4904645,0.0261576,-0.0044214185,-0.6725768,-0.03846906,0.007930082,-0.5662036,-0.06497321,0.013694776,-0.45080745,-0.0627985,-0.08235697,-0.44522238,0.010968611,-0.091601714,-0.61316437,-0.045577496,-0.07375472,-0.5748885,-0.06083971,-0.061510615,-0.50315875,-0.061155383
R,Zaith,Right,0.0,0.0,0.0,0.10681517,-0.16173294,-0.0446067,0.12692514,-0.37202767,-0.04760701,0.06814028,-0.5321342,-0.052436948,0.0052861054,-0.6504924,-0.054584526,0.09789297,-0.5174254,0.013702863,0.09591747,-0.71869755,-0.0016584276,0.0836745,-0.85628384,-0.014604068,0.07218265,-0.97979194,-0.02405246,0.03281616,-0.5270157,0.014657753,0.05258887,-0.7438315,-0.008198717,0.077140115,-0.8839903,-0.026519682,0.098124616,-0.9951741,-0.037262056,-0.035688344,-0.49401128,0.0053279162,-0.032000314,-0.66112596,-0.055059005,-0.0066439733,-0.53592414,-0.07276347,0.0065086856,-0.4038395,-0.064904764,-0.10772743,-0.44389457,-0.007054571,-0.11463538,-0.60964876,-0.056599706,-0.083969004,-0.5798358,-0.06575614,-0.060525786,-0.5090491,-0.062047116
R,Zaith,Right,0.0,0.0,0.0,0.103558935,-0.13999318,-0.045931615,0.13183215,-0.35022172,-0.05270754,0.08632733,-0.51585865,-0.061170597,0.031195043,-0.6410464,-0.06725611,0.09689766,-0.5176275,-0.001570063,0.09973713,-0.7257045,-0.02254041,0.0935712,-0.86407125,-0.036761098,0.08721012,-0.98869115,-0.04607212,0.035024952,-0.5278984,-0.0014426733,0.055706743,-0.7508313,-0.028187593,0.08385409,-0.8878298,-0.04527548,0.10586374,-0.99438065,-0.05462026,-0.03206052,-0.49653488,-0.010685637,-0.024065018,-0.6687818,-0.07116474,0.0023191185,-0.5380598,-0.084145315,0.014358735,-0.40411827,-0.07355136,-0.10209076,-0.4458983,-0.023188306,-0.10445294,-0.6084709,-0.07202213,-0.07283407,-0.57118523,-0.07759555,-0.05261504,-0.49610868,-0.07108195
R,Zaith,Right,0.0,0.0,0.0,0.098246284,-0.14647552,-0.04730145,0.1218617,-0.34976295,-0.05572276,0.08540225,-0.51062286,-0.0663188,0.03916536,-0.6430561,-0.073948376,0.08973714,-0.5149328,2.5849777e-05,0.09531559,-0.7237938,-0.021077342,0.09029574,-0.8578839,-0.03540297,0.08360872,-0.98055273,-0.04493359,0.030161355,-0.5262603,0.000116103736,0.049613707,-0.7492995,-0.027985735,0.07744843,-0.8856781,-0.045553725,0.099967256,-0.9949907,-0.055562805,-0.034219265,-0.4974785,-0.009883989,-0.023175314,-0.6801552,-0.070524625,0.007547503,-0.5470341,-0.08297336,0.023053298,-0.40949368,-0.07230922,-0.10066584,-0.4502111,-0.02375591,-0.095563434,-0.614126,-0.072652005,-0.060379606,-0.5780978,-0.07944703,-0.036857132,-0.50250596,-0.07407664
R,Zaith,Right,0.0,0.0,0.0,0.09938604,-0.14507516,-0.040530372,0.124605596,-0.3510701,-0.047478583,0.09573537,-0.51228553,-0.057980046,0.054929946,-0.64162856,-0.065825,0.087432064,-0.5096997,-0.0028358693,0.104194455,-0.71829563,-0.025271915,0.107836686,-0.8495301,-0.039758924,0.10730993,-0.97245693,-0.04885712,0.033831544,-0.52396905,-0.0055809747,0.05798395,-0.7471743,-0.034841213,0.091722086,-0.8846222,-0.051444698,0.11713695,-0.9931158,-0.06041491,-0.026629416,-0.49925664,-0.017074294,-0.0073483344,-0.6752193,-0.07485747,0.022579838,-0.5408582,-0.082189895,0.032677803,-0.4031047,-0.06841998,-0.08892743,-0.45730314,-0.032097057,-0.07619058,-0.62520367,-0.07694323,-0.040657725,-0.5818494,-0.07778401,-0.021556575,-0.4968063,-0.06798683
R,Zaith,Right,0.0,0.0,0.0,0.10038623,-0.14511624,-0.040582307,0.12970607,-0.34697506,-0.047715895,0.105806194,-0.50903106,-0.0591002,0.06709521,-0.641037,-0.067693666,0.08769832,-0.5095715,0.0018549006,0.10564197,-0.71735406,-0.020727264,0.11161389,-0.8477513,-0.035696946,0.11380164,-0.9701777,-0.045203384,0.03735278,-0.52342916,-0.001239201,0.06027112,-0.7460548,-0.031388268,0.09542397,-0.88274753,-0.049522866,0.123318456,-0.99236715,-0.059596803,-0.020442275,-0.4997778,-0.013578964,0.003209183,-0.67746985,-0.07389708,0.03444703,-0.5440657,-0.083634116,0.04463644,-0.40546754,-0.07072137,-0.08084194,-0.46048006,-0.029371403,-0.06571891,-0.6305828,-0.07727436,-0.029224979,-0.5828642,-0.080373935,-0.0101004755,-0.4895622,-0.07148242
R,Zaith,Right,0.0,0.0,0.0,0.09965058,-0.14141898,-0.040368162,0.13029179,-0.34324563,-0.046820212,0.102927096,-0.5015941,-0.057072096,0.07132455,-0.634443,-0.064028665,0.08818611,-0.50037473,0.00035144237,0.10805934,-0.7092621,-0.02178673,0.11600261,-0.838651,-0.035077926,0.11777738,-0.9611678,-0.04268159,0.03722438,-0.5155428,-0.0024775276,0.06585542,-0.7461501,-0.031146912,0.1032521,-0.88374364,-0.0464055,0.12984549,-0.99153423,-0.05349962,-0.018887961,-0.49386257,-0.014424838,0.007340444,-0.6729529,-0.07292311,0.038001943,-0.533873,-0.079959676,0.04558585,-0.39362562,-0.06434653,-0.07686113,-0.45596454,-0.029863117,-0.059631333,-0.6266576,-0.07482244,-0.02229748,-0.5777251,-0.07494298,-0.004382035,-0.4851035,-0.06352321
R,Zaith,Right,0.0,0.0,0.0,0.099385105,-0.13379389,-0.04447737,0.138447,-0.3212407,-0.05640667,0.11534349,-0.483554,-0.071490735,0.08078014,-0.62377465,-0.08308357,0.0947183,-0.5044759,-0.00514273,0.11554785,-0.72085345,-0.030930806,0.124846935,-0.85341233,-0.046193484,0.12990661,-0.9697516,-0.05355623,0.042981148,-0.5160306,-0.0066885347,0.06534207,-0.750402,-0.03784413,0.09818669,-0.88680696,-0.054938223,0.12363134,-0.9923282,-0.062226065,-0.013293602,-0.49216026,-0.017357249,0.017308436,-0.66208667,-0.075971,0.047004085,-0.5314322,-0.08347469,0.053664185,-0.3997899,-0.067906275,-0.070937976,-0.45084664,-0.031783108,-0.050825395,-0.61846566,-0.075948164,-0.011610943,-0.5695896,-0.07548655,0.009192876,-0.47594392,-0.06285753
R,Zaith,Right,0.0,0.0,0.0,0.101915225,-0.13228978,-0.03231602,0.13856237,-0.32921985,-0.038767103,0.1196896,-0.48700896,-0.05098658,0.082859606,-0.61286247,-0.060808938,0.09403293,-0.51195705,0.0051479484,0.11405381,-0.7199549,-0.018381787,0.12243603,-0.84852636,-0.033175886,0.12429533,-0.9632969,-0.041302178,0.045089066,-0.5230432,-0.002073094,0.07076882,-0.75152737,-0.03235548,0.106439136,-0.8843058,-0.049340185,0.1315732,-0.9913065,-0.056837864,-0.009699074,-0.49735636,-0.017303843,0.019198904,-0.66997886,-0.07503564,0.05282417,-0.53744733,-0.08140298,0.060953625,-0.40745252,-0.065684564,-0.0648785,-0.4503578,-0.035218526,-0.03898,-0.61790144,-0.0784241,0.0005034945,-0.559486,-0.075599186,0.018104993,-0.4601288,-0.0617617
R,Zaith,Right,0.0,0.0,0.0,0.10293407,-0.14870723,-0.039320387,0.13782634,-0.3506453,-0.044003837,0.10819675,-0.5211226,-0.053107657,0.06332002,-0.65306807,-0.059425436,0.102516,-0.5210289,0.016186977,0.119908854,-0.732788,-0.0011128113,0.12451141,-0.8692262,-0.013284623,0.12766433,-0.9918174,-0.020412534,0.045301188,-0.53412205,0.015026666,0.0681707,-0.7424213,-0.0075984886,0.10073406,-0.8580597,-0.022815764,0.1283584,-0.94785863,-0.03065069,-0.017133893,-0.5144851,0.003987183,0.0048473203,-0.675538,-0.051390342,0.027631946,-0.54610616,-0.0629215,0.032514185,-0.4103904,-0.05163302,-0.08418038,-0.4803998,-0.01002258,-0.0711572,-0.6442164,-0.05255063,-0.037321616,-0.5902242,-0.053295158,-0.020776452,-0.4914541,-0.0429896
R,Zaith,Right,0.0,0.0,0.0,0.10287364,-0.14182936,-0.044216488,0.13639379,-0.33617836,-0.051945325,0.09640373,-0.49908134,-0.06183765,0.053889442,-0.6308317,-0.0689294,0.10630892,-0.50897396,0.0028135653,0.11685102,-0.71739644,-0.019775106,0.11525622,-0.85698825,-0.035694934,0.11220587,-0.9782967,-0.044062044,0.044257157,-0.5210431,0.0030966296,0.067097194,-0.74738294,-0.022794437,0.09324601,-0.8835651,-0.039119925,0.115133874,-0.99334997,-0.046336584,-0.022078807,-0.49539304,-0.0057896194,-0.0035449544,-0.660367,-0.061011698,0.016362365,-0.5336453,-0.068271756,0.019969206,-0.407155,-0.053278267,-0.09225344,-0.44925976,-0.018223902,-0.08530986,-0.6101797,-0.05800828,-0.057169635,-0.5673596,-0.054028723,-0.044718705,-0.4882118,-0.03999472
R,Zaith,Right,0.0,0.0,0.0,0.089824356,-0.14022353,-0.04516434,0.11857606,-0.33499533,-0.05637127,0.07504729,-0.48847207,-0.069961004,0.012733897,-0.59439117,-0.08045318,0.09432784,-0.52522856,0.0028124051,0.09222831,-0.72069633,-0.020980801,0.081770696,-0.8531355,-0.039768554,0.07174741,-0.97467816,-0.05314137,0.03182461,-0.53502905,-0.0007224693,0.05187453,-0.7459837,-0.031641513,0.075533204,-0.88045,-0.052229464,0.094040334,-0.9955684,-0.06329762,-0.03625794,-0.5007315,-0.013687015,-0.03542927,-0.6650531,-0.07780267,-0.012919424,-0.5253144,-0.0871216,-0.0015686847,-0.3955331,-0.073146164,-0.10566438,-0.44133306,-0.030279005,-0.105498604,-0.5868591,-0.082655594,-0.076275125,-0.5119509,-0.08330908,-0.061021168,-0.41677985,-0.07154657
R,Zaith,Right,0.0,0.0,0.0,0.07755959,-0.15365976,-0.04043245,0.10022497,-0.3413047,-0.05415109,0.055368405,-0.4828214,-0.07121079,-0.009970207,-0.57446647,-0.08567859,0.07204307,-0.5335115,-0.0040757484,0.0648349,-0.7268963,-0.03072496,0.052359052,-0.85218775,-0.04978255,0.039669856,-0.96823245,-0.062264144,0.0102509735,-0.5416251,-0.010688451,0.027807655,-0.75725013,-0.04328714,0.04738881,-0.88758314,-0.062355027,0.060891654,-0.9981444,-0.071194015,-0.05739716,-0.50338316,-0.025350126,-0.0635492,-0.65688473,-0.08749951,-0.03573328,-0.51469487,-0.092306085,-0.0183242,-0.38752308,-0.07511542,-0.12550688,-0.43458816,-0.043255858,-0.13045578,-0.57688934,-0.09039346,-0.094469026,-0.4987191,-0.08435907,-0.07136733,-0.40088174,-0.067636885
R,Zaith,Right,0.0,0.0,0.0,0.08083042,-0.14288239,-0.042367585,0.108051024,-0.32700586,-0.05716049,0.06840872,-0.47407508,-0.07508497,0.0033312335,-0.56600773,-0.090896085,0.079478756,-0.5175559,-0.008641425,0.076253414,-0.7145293,-0.03851589,0.06440923,-0.8450513,-0.059412695,0.051901154,-0.96525633,-0.07306458,0.01907478,-0.5280325,-0.014793811,0.038759887,-0.74602973,-0.05123747,0.060076836,-0.8814083,-0.072331145,0.07481534,-0.9971974,-0.08264544,-0.048505392,-0.49416077,-0.029040541,-0.050755855,-0.6522643,-0.09410135,-0.02276445,-0.5134264,-0.10016838,-0.005665602,-0.38464874,-0.083724916,-0.117541,-0.43304357,-0.046640147,-0.118846275,-0.5754144,-0.095728055,-0.08552155,-0.50020474,-0.091267824,-0.06652928,-0.40450656,-0.075909585
R,Zaith,Right,0.0,0.0,0.0,0.08555296,-0.13531835,-0.052502085,0.11625439,-0.31973112,-0.06941748,0.08572036,-0.47162896,-0.08802734,0.026999813,-0.58261853,-0.10296378,0.09194821,-0.5345848,-0.0032765395,0.093863584,-0.724706,-0.0297587,0.08793656,-0.8542275,-0.049738612,0.08201625,-0.97101253,-0.063099384,0.031917423,-0.54086447,-0.004666162,0.05243026,-0.74591386,-0.03862629,0.079036586,-0.88056785,-0.06019141,0.10024789,-0.9949625,-0.071217254,-0.03579667,-0.50442976,-0.01656294,-0.028902426,-0.65112084,-0.08255158,-0.0019654592,-0.50963247,-0.0918759,0.011694542,-0.38289374,-0.07731676,-0.10385022,-0.44741455,-0.032909956,-0.09775346,-0.58675903,-0.08475717,-0.06738737,-0.5051982,-0.0845217,-0.052580923,-0.409573,-0.072139464
R,Zaith,Right,0.0,0.0,0.0,0.088421114,-0.12665516,-0.0468034,0.123596095,-0.30465552,-0.061650936,0.096895956,-0.45970178,-0.07894467,0.039739594,-0.5621006,-0.093723014,0.09669329,-0.507537,-0.008038073,0.10582842,-0.6945272,-0.037127092,0.10359324,-0.81930315,-0.05776575,0.09892599,-0.9367931,-0.07149449,0.03851417,-0.52565926,-0.012522349,0.0630712,-0.74142486,-0.049251247,0.09167019,-0.878062,-0.07094136,0.11252848,-0.9936485,-0.08178941,-0.026325194,-0.49731958,-0.026053144,-0.01746696,-0.65307444,-0.09246354,0.0084733395,-0.5131181,-0.10129116,0.020674562,-0.38382465,-0.08625522,-0.092942305,-0.44265193,-0.04345636,-0.08564195,-0.5857083,-0.095481284,-0.054437377,-0.50889754,-0.09529622,-0.03933124,-0.41094986,-0.08270347
R,Zaith,Right,0.0,0.0,0.0,0.095344946,-0.1263844,-0.043372624,0.13526727,-0.30135396,-0.057289578,0.11074783,-0.45621997,-0.074997485,0.062207684,-0.56541216,-0.09047101,0.10287854,-0.5010057,-0.0069407015,0.11655931,-0.6942089,-0.037861444,0.11913401,-0.8203656,-0.059263323,0.118652806,-0.93773425,-0.073284656,0.047448825,-0.51939946,-0.013547846,0.07578852,-0.7409783,-0.05272822,0.10882934,-0.8759818,-0.07609319,0.1342516,-0.9909473,-0.08835816,-0.014031353,-0.4941191,-0.028995339,0.0001522284,-0.6597999,-0.09560723,0.026611494,-0.526948,-0.1051835,0.038385455,-0.39864853,-0.0911802,-0.07852068,-0.44129002,-0.04815582,-0.06839357,-0.5949514,-0.09937305,-0.0346976,-0.52890885,-0.100105844,-0.017303333,-0.4335312,-0.088660195
R,Zaith,Right,0.0,0.0,0.0,0.095536396,-0.127611,-0.047056623,0.13484873,-0.30250862,-0.06146743,0.1143828,-0.45688438,-0.07940725,0.06957844,-0.5777289,-0.09466883,0.10719048,-0.50002027,-0.004508751,0.123346366,-0.6956148,-0.035954583,0.12809417,-0.82630205,-0.057500713,0.13077712,-0.9448326,-0.07041544,0.05276523,-0.5156527,-0.008654626,0.08276579,-0.73583186,-0.048946228,0.113468684,-0.87595886,-0.07374257,0.13731633,-0.9905273,-0.08543698,-0.008681571,-0.49080753,-0.022449333,0.008584785,-0.6466941,-0.09251082,0.032292247,-0.5131789,-0.10574167,0.042589553,-0.3832217,-0.09198697,-0.07305934,-0.44363308,-0.03997682,-0.06118603,-0.59258145,-0.093011804,-0.029682884,-0.52857274,-0.09566712,-0.012280395,-0.43439087,-0.08437318
R,Zaith,Right,0.0,0.0,0.0,0.095960006,-0.13144445,-0.041144434,0.13373482,-0.30964234,-0.05419689,0.1083451,-0.46212468,-0.07157132,0.06526599,-0.58140975,-0.086617626,0.10151827,-0.50775707,-0.006383582,0.1165902,-0.70951873,-0.03807919,0.122457154,-0.8419197,-0.05889992,0.1251196,-0.96270484,-0.0715948,0.045766804,-0.5229683,-0.013251089,0.073918216,-0.7460349,-0.05313468,0.10633345,-0.8807904,-0.07648388,0.13048932,-0.9914497,-0.08782294,-0.015512155,-0.49779233,-0.028651588,-0.0009838484,-0.6623427,-0.094535105,0.026679702,-0.5263638,-0.10321985,0.038285103,-0.39667758,-0.088122115,-0.07888945,-0.4465167,-0.047528476,-0.06817918,-0.6004519,-0.09672168,-0.033100072,-0.5342805,-0.09629298,-0.013945163,-0.43941864,-0.08365158
R,Zaith,Right,0.0,0.0,0.0,0.09385894,-0.13392073,-0.045653053,0.13081093,-0.30930713,-0.06045346,0.1039751,-0.4618202,-0.078772284,0.058417488,-0.5803461,-0.09395414,0.09999054,-0.50862646,-0.006181867,0.11071346,-0.70763355,-0.03626576,0.11204694,-0.8393208,-0.056386534,0.110419504,-0.96179074,-0.06954843,0.043797363,-0.5261247,-0.011179426,0.071040004,-0.7460392,-0.049824867,0.102827415,-0.8802347,-0.072185755,0.1265753,-0.991957,-0.08370825,-0.018962,-0.5006516,-0.025496539,-0.0058664153,-0.6705073,-0.0920878,0.020016603,-0.52868134,-0.09995627,0.031428114,-0.3939888,-0.08454291,-0.08426394,-0.44837028,-0.043837093,-0.07600479,-0.5974979,-0.095344424,-0.04323201,-0.52998435,-0.09618068,-0.027051812,-0.43587738,-0.084619805
R,Zaith,Right,0.0,0.0,0.0,0.090254724,-0.13897377,-0.04206619,0.120336056,-0.33002377,-0.053032048,0.08196831,-0.4857897,-0.06715945,0.02417761,-0.58728784,-0.07888475,0.09850176,-0.53000903,8.764503e-05,0.10139069,-0.72334313,-0.024738662,0.09619745,-0.8517706,-0.043631323,0.09125627,-0.9677917,-0.055937663,0.038537446,-0.54169977,-0.004300739,0.05933573,-0.75212055,-0.03473509,0.08509603,-0.8842359,-0.054195285,0.10610949,-0.9943544,-0.06434388,-0.02767838,-0.5098394,-0.017301561,-0.025407944,-0.6683313,-0.07685428,-0.0015529733,-0.53334755,-0.08451369,0.011080484,-0.40169564,-0.07034155,-0.097174235,-0.45109075,-0.03392773,-0.097920574,-0.5968842,-0.07969522,-0.06865549,-0.52693063,-0.07724048,-0.053299207,-0.43040124,-0.06411073
R,Zaith,Right,0.0,0.0,0.0,0.09662139,-0.15801087,-0.04370955,0.1300386,-0.35564023,-0.054583225,0.07934046,-0.51030695,-0.06815219,0.014441898,-0.61564887,-0.079063356,0.10190468,-0.5366604,0.0048825825,0.09844109,-0.7360216,-0.018283475,0.083738565,-0.87042713,-0.036911994,0.06931464,-0.9933248,-0.050713375,0.037625495,-0.5472312,0.0011132008,0.058357585,-0.7580194,-0.029463796,0.08082735,-0.8865215,-0.04989353,0.09772578,-0.9952134,-0.061478674,-0.032515384,-0.5133549,-0.012141194,-0.034426406,-0.6880111,-0.07642011,-0.0093417205,-0.54677355,-0.08635714,0.0046205116,-0.4115918,-0.07339444,-0.10549041,-0.45302922,-0.028780911,-0.10684987,-0.6048903,-0.08114829,-0.07436122,-0.5331597,-0.08264202,-0.055908017,-0.43697596,-0.07209033
R,Zaith,Right,0.0,0.0,0.0,0.10516549,-0.16526161,-0.048467074,0.13641618,-0.36513272,-0.05707992,0.07555442,-0.51880556,-0.067965135,0.005113894,-0.629456,-0.075870804,0.110764645,-0.54296947,0.01702006,0.10741901,-0.7401373,-0.0004777868,0.09324738,-0.8743343,-0.017195504,0.08022795,-0.9967765,-0.030829865,0.044622257,-0.5501691,0.016402148,0.066668786,-0.7542547,-0.009939442,0.0908203,-0.88341624,-0.03116331,0.11004614,-0.9926623,-0.04389909,-0.028129237,-0.5130905,0.0044645094,-0.027276624,-0.6839059,-0.063031524,-0.0022466949,-0.5405151,-0.07894932,0.010648311,-0.40663156,-0.068881,-0.10558677,-0.45483592,-0.010819433,-0.10483372,-0.60822165,-0.069173,-0.074374,-0.52728087,-0.0758115,-0.05851902,-0.4264772,-0.06826327
R,Zaith,Right,0.0,0.0,0.0,0.10249519,-0.15471217,-0.05682206,0.1322675,-0.36002183,-0.06714655,0.065779895,-0.5159194,-0.07809613,-0.009161749,-0.6303666,-0.08558463,0.112361364,-0.5364769,0.0136131095,0.10567855,-0.72879875,-0.0038478044,0.08673674,-0.8672414,-0.020777084,0.06782132,-0.98857,-0.035127576,0.042386755,-0.54036653,0.015329815,0.0648073,-0.7507166,-0.011804859,0.08692861,-0.8846023,-0.032911025,0.10251683,-0.99473125,-0.045351803,-0.031011084,-0.49905714,0.004228787,-0.038172185,-0.6792876,-0.069903836,-0.017075997,-0.54227793,-0.09100538,-0.0050811945,-0.41079363,-0.08277339,-0.109115236,-0.43996242,-0.010684234,-0.12244857,-0.60218334,-0.07735566,-0.09728586,-0.5377121,-0.0912789,-0.081462555,-0.4478977,-0.08831545
R,Zaith,Right,0.0,0.0,0.0,0.1004934,-0.16002879,-0.04294203,0.13031504,-0.36070663,-0.0522627,0.07016038,-0.5166599,-0.06466528,-0.0005760761,-0.6206913,-0.0747351,0.105474204,-0.5339959,0.009223903,0.10428599,-0.7309234,-0.014745133,0.0923485,-0.86561644,-0.03411507,0.081434235,-0.98881704,-0.048283935,0.039723136,-0.5452024,0.00560248,0.06448056,-0.7549638,-0.026246134,0.088297464,-0.8831341,-0.048522815,0.10721855,-0.99423546,-0.060942344,-0.032312114,-0.51079047,-0.0076539195,-0.035748802,-0.679149,-0.075364225,-0.011243506,-0.5413183,-0.0881997,0.0037464085,-0.40952846,-0.07586407,-0.108190924,-0.4506468,-0.02374438,-0.11064304,-0.6004655,-0.07776457,-0.08062103,-0.5349242,-0.08046559,-0.06368288,-0.4464843,-0.0704219
R,Zaith,Right,0.0,0.0,0.0,0.09557532,-0.1533475,-0.049801555,0.12517963,-0.34726575,-0.064178266,0.07716212,-0.50026655,-0.08064031,0.00985845,-0.6103246,-0.09417513,0.09912634,-0.5375453,0.00013150649,0.09613894,-0.73390824,-0.025606932,0.08421297,-0.86742467,-0.04559926,0.07327193,-0.9898572,-0.060066376,0.03549449,-0.5472346,-0.0018528352,0.057248272,-0.7541154,-0.035356477,0.081540756,-0.8829906,-0.057269875,0.10125565,-0.9948604,-0.069455214,-0.035221357,-0.51218843,-0.014140994,-0.034212664,-0.67863154,-0.08281988,-0.010319382,-0.53200763,-0.09399137,0.0032713285,-0.3960623,-0.08061035,-0.10805676,-0.4525598,-0.030207748,-0.108152546,-0.5998685,-0.08572931,-0.075963,-0.5240709,-0.088335544,-0.05704859,-0.42685354,-0.07797621
R,Zaith,Right,0.0,0.0,0.0,0.088897236,-0.13635306,-0.041072305,0.11930696,-0.32805967,-0.05400149,0.08157461,-0.48403266,-0.0698593,0.022809662,-0.5923527,-0.08371224,0.09773866,-0.51512766,-0.008298874,0.10206711,-0.7114346,-0.037382573,0.09742331,-0.84292096,-0.05757774,0.0914888,-0.9618042,-0.07025633,0.037575137,-0.5292779,-0.013776305,0.061838545,-0.7475801,-0.048052404,0.088637136,-0.88140833,-0.06775768,0.108564064,-0.9940895,-0.07728665,-0.029817984,-0.49988574,-0.027076475,-0.026172409,-0.6632134,-0.08827783,-0.0015554358,-0.52774644,-0.092506245,0.010691802,-0.39995965,-0.07556459,-0.099227786,-0.44385746,-0.043740023,-0.096127234,-0.59416336,-0.08837459,-0.06647272,-0.52527976,-0.08208097,-0.053378668,-0.43412358,-0.06615206
R,Zaith,Right,0.0,0.0,0.0,0.09062906,-0.12830883,-0.043635793,0.12755966,-0.32321987,-0.056109034,0.09654535,-0.4828435,-0.07160638,0.041278712,-0.5928522,-0.08467223,0.10409877,-0.5254454,-0.005264718,0.11334272,-0.7214736,-0.032064218,0.11300376,-0.84800214,-0.051239315,0.1107825,-0.9645161,-0.06423661,0.044745248,-0.5402517,-0.010551626,0.06857391,-0.7566241,-0.044454064,0.10001395,-0.88442254,-0.06465007,0.12420359,-0.99225676,-0.07518535,-0.022545096,-0.5095437,-0.024344673,-0.011065236,-0.6782427,-0.08667545,0.013858932,-0.52853394,-0.08979699,0.022247406,-0.3942792,-0.072265916,-0.09131331,-0.4525049,-0.04196408,-0.08395128,-0.60619545,-0.09016227,-0.05553994,-0.5277279,-0.0852477,-0.046775006,-0.4301764,-0.07005887
R,Zaith,Right,0.0,0.0,0.0,0.10112711,-0.11005232,-0.045445025,0.15354952,-0.28903607,-0.057890866,0.12888482,-0.4497808,-0.072803676,0.07507786,-0.56457055,-0.08427338,0.14649577,-0.5174593,0.0024511686,0.16502546,-0.7116189,-0.021905458,0.17143662,-0.83966684,-0.041271605,0.17680165,-0.9557413,-0.054462884,0.08461793,-0.54433364,-0.0014233427,0.12173571,-0.747833,-0.0332524,0.15706098,-0.87636817,-0.055035252,0.18456773,-0.9828198,-0.066073865,0.013549865,-0.525405,-0.014506709,0.02746326,-0.6766374,-0.07605849,0.03728363,-0.52838576,-0.0832721,0.037123006,-0.39862177,-0.06757146,-0.059563845,-0.4789922,-0.031519786,-0.04809432,-0.61776954,-0.07923549,-0.027815081,-0.529157,-0.07590079,-0.022775687,-0.42826453,-0.06100389
R,Zaith,Right,0.0,0.0,0.0,0.10763417,-0.16494687,-0.042911764,0.1345336,-0.36938387,-0.045284513,0.09665108,-0.53862226,-0.051556468,0.04590678,-0.669399,-0.05380484,0.11646227,-0.55178577,0.0323804,0.12504923,-0.74390346,0.023354778,0.12163713,-0.87289697,0.011936769,0.11718018,-0.98949486,0.002714147,0.05446016,-0.5660954,0.03319527,0.08165814,-0.76404166,0.016212115,0.10753001,-0.8870608,-0.00025804926,0.12974843,-0.9915469,-0.010097201,-0.0146969855,-0.539245,0.022546815,0.0008330031,-0.7017497,-0.03188276,0.02226654,-0.56394905,-0.04394758,0.030192114,-0.42954054,-0.033077545,-0.087393604,-0.49450922,0.007886417,-0.072590575,-0.655248,-0.038079,-0.042257313,-0.598843,-0.042639162,-0.024833454,-0.50710833,-0.035047565
R,Zaith,Right,0.0,0.0,0.0,0.10020494,-0.14520822,-0.045721237,0.13146521,-0.35138187,-0.052452695,0.097658515,-0.51823133,-0.06172341,0.044369344,-0.64873797,-0.06814272,0.10834648,-0.5236267,0.007982925,0.11545175,-0.72189856,-0.0101509625,0.10915011,-0.8544017,-0.023836823,0.10208145,-0.9743592,-0.03284819,0.047991592,-0.5403514,0.008440046,0.073613755,-0.7562048,-0.015772035,0.10285245,-0.88629735,-0.030979792,0.12796502,-0.9917787,-0.038578507,-0.01936844,-0.51523507,-0.0012680766,-0.005303208,-0.68530995,-0.059593182,0.016889634,-0.5478685,-0.06912076,0.026093613,-0.41138372,-0.05593863,-0.08999197,-0.4706887,-0.014877213,-0.08458028,-0.63335234,-0.06091889,-0.056121267,-0.5912477,-0.06303624,-0.039448917,-0.513593,-0.053964093
R,Zaith,Right,0.0,0.0,0.0,0.11231092,-0.15517439,-0.04092776,0.14606798,-0.36117542,-0.0444543,0.09711288,-0.532506,-0.051845677,0.043644994,-0.66244423,-0.05636944,0.12344184,-0.52604765,0.022110704,0.13067962,-0.7352162,0.0033637667,0.12585907,-0.8711683,-0.012387063,0.1213253,-0.9926128,-0.022738222,0.057348277,-0.5393525,0.020053811,0.08362997,-0.7538812,-0.006831337,0.11265557,-0.8811112,-0.026462898,0.13687235,-0.9872605,-0.036477096,-0.01575516,-0.51492494,0.0073644044,-0.0056796283,-0.6832221,-0.05551214,0.013465139,-0.54234415,-0.06783396,0.018961238,-0.40973207,-0.055293642,-0.09354848,-0.47327474,-0.008360488,-0.08700071,-0.6360992,-0.057414524,-0.06293202,-0.57110673,-0.05862416,-0.05351206,-0.48097295,-0.047830697
R,Zaith,Right,0.0,0.0,0.0,0.11914648,-0.1406385,-0.046838414,0.15855487,-0.35984683,-0.049622566,0.102234595,-0.5376562,-0.053641982,0.037430674,-0.66541123,-0.0550155,0.13614526,-0.51260436,0.013971967,0.14728339,-0.71698105,-0.00052262563,0.13979653,-0.8608715,-0.013028311,0.13168885,-0.9891409,-0.023013107,0.06801271,-0.53166354,0.014592933,0.1011995,-0.75381327,-0.0076350695,0.13529676,-0.88345736,-0.024008775,0.16267796,-0.9866792,-0.033255886,-0.0060077016,-0.5071232,0.0046042977,0.00885854,-0.68697923,-0.060074374,0.030031115,-0.5431277,-0.07409587,0.034338288,-0.4063956,-0.062711015,-0.084510334,-0.46554857,-0.008411756,-0.07883113,-0.63953,-0.062334914,-0.05132539,-0.58229375,-0.06748439,-0.039754935,-0.49434522,-0.060039405
R,Zaith,Right,0.0,0.0,0.0,0.122744866,-0.15656494,-0.043710396,0.15810372,-0.37656388,-0.038431242,0.09706444,-0.5574494,-0.03529894,0.027919704,-0.6743895,-0.028712604,0.14851649,-0.5078846,0.041929424,0.15443072,-0.70854276,0.034205474,0.14545108,-0.8529244,0.021655409,0.13546716,-0.9817438,0.010468627,0.07798289,-0.52913034,0.043097418,0.10600915,-0.74138796,0.025028866,0.13353078,-0.87574846,0.004984793,0.15622877,-0.9877209,-0.0065568904,0.000962606,-0.5067722,0.032015458,0.005657166,-0.6758335,-0.033103224,0.01708462,-0.5332927,-0.052647643,0.017145671,-0.40899166,-0.043282114,-0.08312529,-0.46887124,0.018134812,-0.0794737,-0.63552487,-0.035908706,-0.06118267,-0.5818898,-0.043947574,-0.055264868,-0.51125836,-0.038262423
R,Zaith,Right,0.0,0.0,0.0,0.12857288,-0.15950276,-0.041975096,0.16334403,-0.37355936,-0.032581635,0.09713223,-0.55612516,-0.024497397,0.024013134,-0.66731036,-0.012759925,0.1508707,-0.48951948,0.04922387,0.15629305,-0.68661296,0.047131088,0.14344873,-0.83445406,0.037421722,0.13114506,-0.9635986,0.02674627,0.080042794,-0.5135977,0.05039575,0.11085033,-0.73304576,0.039400056,0.13688919,-0.87335014,0.020901559,0.15960538,-0.9871809,0.008481376,0.0037036918,-0.49241954,0.03897597,0.009573282,-0.6756582,-0.023539908,0.020147558,-0.5500172,-0.048805807,0.01962565,-0.43455976,-0.04460234,-0.0797741,-0.4550594,0.02504974,-0.080911055,-0.63218474,-0.032293387,-0.059770793,-0.5850683,-0.047952343,-0.048465777,-0.5114908,-0.04824118
R,Zaith,Right,0.0,0.0,0.0,0.12892516,-0.16478777,-0.04069662,0.16254497,-0.3751219,-0.030729316,0.095878825,-0.55429363,-0.023377014,0.026413918,-0.6713555,-0.0126442425,0.15019676,-0.49953583,0.0579512,0.15531744,-0.69827825,0.056537252,0.14309493,-0.8459357,0.046560742,0.13117042,-0.9763133,0.0361654,0.079255275,-0.52229255,0.058724187,0.1113248,-0.7411408,0.046520755,0.1375616,-0.8768048,0.026182692,0.1597791,-0.9871528,0.01395614,0.0022254316,-0.5002755,0.046721842,0.008341655,-0.67715716,-0.017660413,0.020079318,-0.5360059,-0.04157362,0.021150872,-0.41379046,-0.034725472,-0.08237978,-0.45994908,0.032429494,-0.08226292,-0.6330236,-0.024158638,-0.06037914,-0.568254,-0.035602387,-0.048024014,-0.48531386,-0.03171102
R,Zaith,Right,0.0,0.0,0.0,0.12932095,-0.16815268,-0.04465003,0.16072631,-0.37943152,-0.0313285,0.09539589,-0.551806,-0.019840108,0.021202521,-0.6663549,-0.0035182664,0.14900018,-0.5043556,0.071538925,0.15362686,-0.70184207,0.07841046,0.14282563,-0.8484046,0.073765896,0.13254184,-0.97403234,0.066730715,0.07786002,-0.5224367,0.07442267,0.109711654,-0.7421154,0.07037083,0.13673565,-0.87842715,0.053382512,0.15865612,-0.9873339,0.04338055,0.0004106804,-0.49844122,0.062303085,0.0069402666,-0.6734269,-0.0020827246,0.014252778,-0.533225,-0.032044623,0.010260264,-0.41718963,-0.028099159,-0.08363265,-0.46335343,0.04764169,-0.08412444,-0.6360559,-0.011791991,-0.066821806,-0.57237864,-0.029515518,-0.060040675,-0.4918878,-0.029947944
R,Zaith,Right,0.0,0.0,0.0,0.12632401,-0.16521448,-0.045867845,0.16279769,-0.37438083,-0.033028577,0.093778916,-0.5526432,-0.020762129,0.016356898,-0.6602892,-0.0032541095,0.15597807,-0.48825184,0.06741537,0.15961362,-0.6845861,0.06960845,0.1441303,-0.8331968,0.060134847,0.12833722,-0.9655202,0.04978839,0.08406789,-0.51063955,0.07085528,0.11623311,-0.73082924,0.062048547,0.14225559,-0.87084514,0.04066034,0.16212747,-0.9867698,0.027768785,0.0054954663,-0.49178195,0.059878603,0.009077467,-0.6664483,-0.005665078,0.018484138,-0.5215828,-0.034132063,0.01629651,-0.40429837,-0.028799301,-0.0798086,-0.4588026,0.04624698,-0.08072726,-0.628289,-0.010165673,-0.0638611,-0.56150264,-0.02317339,-0.05938112,-0.48195487,-0.020204863
R,Zaith,Right,0.0,0.0,0.0,0.13590191,-0.1794268,-0.04296457,0.17325145,-0.37997034,-0.034133866,0.10911577,-0.5553444,-0.025727028,0.03897877,-0.6562833,-0.012074999,0.1735569,-0.4896777,0.050475366,0.18159035,-0.6931598,0.042943846,0.17028995,-0.8438869,0.028241945,0.15944806,-0.9769837,0.015275124,0.10074758,-0.5165186,0.051539645,0.13777365,-0.727815,0.037054457,0.16279875,-0.8659684,0.013537219,0.18542053,-0.9826593,-0.0013401832,0.019985177,-0.50252616,0.03945425,0.02159137,-0.6754953,-0.022016928,0.033241004,-0.5562598,-0.05111476,0.03921012,-0.44776574,-0.048884306,-0.06779367,-0.4686505,0.024422577,-0.07222309,-0.63814485,-0.026516432,-0.049735017,-0.59219027,-0.040759925,-0.03272517,-0.5201369,-0.040309142
R,Zaith,Right,0.0,0.0,0.0,0.124076664,-0.13651523,-0.05262156,0.16418892,-0.3593686,-0.046863586,0.09947329,-0.5410883,-0.040605124,0.025328213,-0.66102004,-0.029817214,0.14858659,-0.4954892,0.041983437,0.15629362,-0.69455457,0.03957413,0.14971109,-0.84038234,0.03198902,0.1416199,-0.97038656,0.024017638,0.07869835,-0.5201049,0.047661487,0.114019014,-0.73956615,0.034063015,0.14834689,-0.87325495,0.017792596,0.17415449,-0.9847183,0.009994403,0.0020118179,-0.5024359,0.03977805,0.012000092,-0.67482597,-0.03041231,0.024006765,-0.52021027,-0.053116694,0.020841196,-0.3964901,-0.042414453,-0.08235003,-0.4738466,0.029102398,-0.07791868,-0.64904964,-0.031284332,-0.058822554,-0.5757946,-0.041922938,-0.05465472,-0.4909551,-0.03606575
R,Zaith,Right,0.0,0.0,0.0,0.10730058,-0.14940731,-0.04346505,0.13843727,-0.35404032,-0.048732474,0.09271101,-0.52050775,-0.057063404,0.037378144,-0.6504666,-0.06265993,0.11258424,-0.51700675,0.012999099,0.122391075,-0.72029704,-0.005744027,0.11882975,-0.8577659,-0.020113116,0.114773266,-0.9840191,-0.030194655,0.049973954,-0.5364864,0.011573383,0.07662638,-0.75342417,-0.014543137,0.10706831,-0.8845663,-0.033196855,0.13141817,-0.99132705,-0.043472636,-0.019605126,-0.51426715,2.3582704e-06,-0.009424921,-0.68469435,-0.06279877,0.013789226,-0.54641116,-0.077354,0.022402942,-0.41124162,-0.06693536,-0.09319808,-0.47241172,-0.014592465,-0.08969417,-0.6339247,-0.06541191,-0.05934802,-0.57757825,-0.07057764,-0.04364237,-0.48987222,-0.06308165
R,Zaith,Right,0.0,0.0,0.0,0.101917244,-0.14715819,-0.039662857,0.13138102,-0.35834333,-0.045231294,0.09992021,-0.5268924,-0.054557342,0.053844012,-0.65806943,-0.061503354,0.09904197,-0.5183831,0.0047835596,0.113032274,-0.7229478,-0.01700601,0.11384657,-0.85769665,-0.03211495,0.112990506,-0.9816159,-0.042234235,0.041111358,-0.5373263,0.0019098682,0.06344157,-0.75647825,-0.026680088,0.09789724,-0.88828224,-0.043574777,0.12749399,-0.99183935,-0.05300685,-0.024209302,-0.5153628,-0.01012185,-0.0038337721,-0.6944635,-0.068804495,0.02323789,-0.55840844,-0.07639986,0.032897543,-0.418502,-0.06300232,-0.09182414,-0.47303993,-0.025532702,-0.08184468,-0.6377223,-0.07205248,-0.04764375,-0.5911222,-0.0737028,-0.029015599,-0.50606334,-0.06452639
R,Zaith,Right,0.0,0.0,0.0,0.10141137,-0.14107002,-0.0375524,0.12907249,-0.34960622,-0.04229119,0.099720635,-0.5144381,-0.05169548,0.056734394,-0.64508516,-0.058723025,0.0854833,-0.5108658,0.005587274,0.1037366,-0.7206335,-0.015590792,0.11081977,-0.8541576,-0.028788548,0.11349586,-0.9768397,-0.03692499,0.031852365,-0.5282479,0.0011057628,0.05362472,-0.75765955,-0.027035967,0.09247628,-0.8903776,-0.04228809,0.121642135,-0.99257404,-0.050069228,-0.027563354,-0.50610715,-0.012481174,-0.005795053,-0.6914208,-0.07134198,0.026116753,-0.5524623,-0.07867624,0.034396496,-0.40940708,-0.06416376,-0.090200275,-0.46464628,-0.029204492,-0.08325118,-0.6404303,-0.0750948,-0.045293372,-0.5966957,-0.07611272,-0.025076125,-0.5067736,-0.06607758
R,Zaith,Right,0.0,0.0,0.0,0.11023412,-0.11678581,-0.03744491,0.15303363,-0.32105657,-0.042709712,0.13426787,-0.49578148,-0.052323706,0.10404726,-0.63548434,-0.05920179,0.12453491,-0.48647228,0.0023726379,0.15820217,-0.69735026,-0.021176917,0.17610478,-0.8302717,-0.03473844,0.1914263,-0.9500224,-0.042311978,0.07000676,-0.51838297,-0.0024391343,0.112202905,-0.750249,-0.032963064,0.1592099,-0.88025635,-0.049230486,0.1984583,-0.98010933,-0.057171114,0.007105122,-0.50977504,-0.015823502,0.0421264,-0.69812566,-0.0742268,0.061524596,-0.55276513,-0.07783557,0.061110355,-0.40440384,-0.060586736,-0.05998695,-0.4781324,-0.032483518,-0.04063503,-0.6532072,-0.07591128,-0.007047647,-0.6076754,-0.07351921,0.0072226403,-0.5183705,-0.06094528
R,Zaith,Right,0.0,0.0,0.0,0.117795356,-0.112787604,-0.042740114,0.16723871,-0.32377478,-0.047537114,0.15198909,-0.508174,-0.05595494,0.11586334,-0.6504529,-0.061466355,0.13920502,-0.4979795,0.0060762325,0.17650901,-0.7032675,-0.013830153,0.19415042,-0.83711326,-0.02645754,0.20754783,-0.96030045,-0.03481027,0.084873974,-0.53107846,0.004394862,0.13191597,-0.7502364,-0.023000792,0.18073697,-0.8753557,-0.037922252,0.21901079,-0.97572243,-0.04579753,0.02108979,-0.52569216,-0.0072161336,0.060794502,-0.70726115,-0.06940913,0.07644893,-0.5544221,-0.07718999,0.07138898,-0.4036181,-0.062009685,-0.047324263,-0.50098914,-0.022304377,-0.022194525,-0.6730399,-0.072824426,0.008881523,-0.6136827,-0.07560827,0.019658783,-0.51407564,-0.066102035
R,Zaith,Right,0.0,0.0,0.0,0.125556,-0.09904363,-0.044142995,0.18628924,-0.2987456,-0.052208982,0.17727107,-0.4842944,-0.06360627,0.14691931,-0.6324598,-0.07255889,0.17168657,-0.46333534,-0.0055959476,0.22093244,-0.67411035,-0.031257797,0.24418402,-0.81547254,-0.046420995,0.2619534,-0.9457303,-0.0554649,0.11625266,-0.509818,-0.008312141,0.17995586,-0.73367083,-0.04083545,0.23512311,-0.86087835,-0.057327196,0.27739218,-0.9607568,-0.06521558,0.04885915,-0.51958823,-0.020189557,0.096644774,-0.69822574,-0.08455029,0.104159094,-0.54667234,-0.09174229,0.09204267,-0.3963607,-0.07551713,-0.024720471,-0.5087848,-0.03558685,0.009571482,-0.6765428,-0.08494689,0.038071416,-0.6114933,-0.0849154,0.043857936,-0.5089232,-0.073202886
R,Zaith,Right,0.0,0.0,0.0,0.07784895,-0.14709668,-0.025579218,0.10382118,-0.32777807,-0.040478993,0.100067474,-0.46635175,-0.058864545,0.061666466,-0.5642562,-0.07373908,0.027172204,-0.50678855,-0.024488952,0.041660123,-0.71234334,-0.06231853,0.05343359,-0.8372811,-0.08703873,0.060315743,-0.9499562,-0.1021592,-0.02292156,-0.5015208,-0.041033145,-0.021215783,-0.7541842,-0.0824449,0.020880375,-0.8918314,-0.10082838,0.057203896,-0.99836254,-0.10847107,-0.06799606,-0.45028806,-0.06256129,-0.015448263,-0.6058075,-0.1216354,0.0292652,-0.48968163,-0.117503494,0.03976109,-0.38730353,-0.097170725,-0.09851694,-0.3671252,-0.08672917,-0.04691653,-0.5121428,-0.1311778,0.0049600475,-0.44871247,-0.11972777,0.02462369,-0.36259428,-0.09984322
R,Zaith,Right,0.0,0.0,0.0,0.07958105,-0.15408908,-0.021759197,0.10862678,-0.33268794,-0.03590623,0.10960992,-0.47016793,-0.054212842,0.07129088,-0.56791556,-0.068890214,0.02628712,-0.5111774,-0.024120297,0.051374283,-0.71444863,-0.06129887,0.06452185,-0.8371214,-0.08590346,0.07077924,-0.9513906,-0.101652466,-0.023535913,-0.504039,-0.044212017,-0.011860246,-0.74960965,-0.08520858,0.030671166,-0.8886903,-0.10382334,0.065569304,-0.99784803,-0.11281637,-0.06647265,-0.45133966,-0.068907455,0.00024040524,-0.60709965,-0.12673458,0.045094937,-0.4898395,-0.12197149,0.05260904,-0.39096355,-0.1024897,-0.08960051,-0.36516297,-0.09622501,-0.032897066,-0.5209822,-0.13927291,0.020419685,-0.4572268,-0.12664914,0.039920013,-0.3676276,-0.10674419
R,Zaith,Right,0.0,0.0,0.0,0.1099488,-0.13414991,-0.044645008,0.14936581,-0.3375699,-0.052357998,0.122630015,-0.5055908,-0.06329324,0.07824548,-0.64188075,-0.07134343,0.124605566,-0.51730126,0.00245479,0.1500165,-0.7256392,-0.01737325,0.15813252,-0.85896856,-0.030182902,0.16271158,-0.9827194,-0.038756233,0.06639521,-0.54083294,0.00033432036,0.10346469,-0.76185083,-0.027124884,0.14483844,-0.88598096,-0.04273681,0.17699102,-0.98421246,-0.050699633,-0.0005207133,-0.5238281,-0.011463601,0.027647922,-0.69866514,-0.07291411,0.04763477,-0.54368573,-0.080254294,0.0485048,-0.39967483,-0.065009005,-0.07136239,-0.48623398,-0.026898721,-0.05239592,-0.6533916,-0.07608395,-0.020764606,-0.58466,-0.07649301,-0.009419977,-0.4849777,-0.065330304
R,Zaith,Right,0.0,0.0,0.0,0.11531951,-0.12190972,-0.04778987,0.16140868,-0.3249289,-0.05337045,0.13761236,-0.50656676,-0.061775092,0.092907235,-0.6531208,-0.06687136,0.14582533,-0.5096904,0.014848535,0.17256653,-0.71144116,0.0005709014,0.18045287,-0.84579283,-0.010192177,0.186281,-0.96776813,-0.01765372,0.085836194,-0.5393105,0.015844705,0.13109203,-0.7538912,-0.0071312296,0.17461815,-0.88043725,-0.02221382,0.20992105,-0.97771835,-0.029748421,0.015702477,-0.5286267,0.0057582282,0.04921406,-0.7033102,-0.056714553,0.063341595,-0.5490069,-0.06846119,0.060715977,-0.39973524,-0.05503563,-0.058031198,-0.50152004,-0.008038529,-0.034515947,-0.67295104,-0.059886776,-0.0061025987,-0.60698336,-0.064166136,0.0046298644,-0.5055674,-0.05528129
R,Zaith,Right,0.0,0.0,0.0,0.1158381,-0.17917939,-0.04114823,0.13228722,-0.40702537,-0.03854176,0.06746898,-0.5795975,-0.038872868,0.0119673,-0.70544523,-0.037192576,0.0857634,-0.5188508,0.01889816,0.087757915,-0.72825843,0.0037393365,0.08224049,-0.8691037,-0.008027944,0.07901831,-0.99687314,-0.016034665,0.019963006,-0.53007066,0.021134442,0.034445222,-0.74258447,-0.0016918884,0.06306821,-0.88482285,-0.020401109,0.09091927,-0.994309,-0.032275897,-0.051150355,-0.5037987,0.013061307,-0.042520292,-0.6794096,-0.0473325,-0.011061706,-0.56088924,-0.067250855,0.00535088,-0.41843116,-0.06100037,-0.1303231,-0.46134505,0.0025540453,-0.13854314,-0.64185935,-0.0472953,-0.09906229,-0.6180259,-0.0585587,-0.06724894,-0.53547513,-0.056164887
R,Zaith,Right,0.0,0.0,0.0,0.09859013,-0.14831607,-0.045605417,0.11974331,-0.3543693,-0.054414425,0.058788583,-0.5078467,-0.06493115,-0.006089552,-0.6203507,-0.07340871,0.08170879,-0.5205529,-0.002045153,0.07912858,-0.7156835,-0.024168542,0.06639645,-0.8503307,-0.0393966,0.054650478,-0.9711787,-0.049311977,0.015922168,-0.5261647,-0.0024177607,0.0340385,-0.74560076,-0.03125445,0.059002466,-0.8838832,-0.048978467,0.080436885,-0.9967597,-0.058136653,-0.053143676,-0.48753104,-0.011854819,-0.04841076,-0.6543344,-0.07508447,-0.01820093,-0.52009416,-0.08620215,-0.0014824211,-0.38421798,-0.07300461,-0.12384989,-0.42741066,-0.024293767,-0.13186109,-0.58951664,-0.07295541,-0.09799111,-0.5448774,-0.07442808,-0.074724555,-0.4610135,-0.06422282
R,Zaith,Right,0.0,0.0,0.0,0.0946922,-0.15385117,-0.04616304,0.1146419,-0.36014372,-0.056185555,0.057303693,-0.5097331,-0.06842354,-0.0051273587,-0.62006307,-0.07814215,0.080785096,-0.53836924,0.0006866471,0.0790584,-0.73614323,-0.023090813,0.06897363,-0.86972916,-0.039914314,0.059483796,-0.989223,-0.05088032,0.01705336,-0.5417858,-0.00022789808,0.034953248,-0.7553906,-0.031413343,0.06020417,-0.88861656,-0.050641883,0.0815709,-0.99666756,-0.06058985,-0.051689606,-0.5012824,-0.010806507,-0.0501983,-0.6697488,-0.074996874,-0.019612059,-0.53256345,-0.08521539,-0.0009920894,-0.39447564,-0.071634114,-0.12243237,-0.43976906,-0.02478151,-0.1273027,-0.5954925,-0.07447486,-0.09431513,-0.54284394,-0.075922854,-0.07355096,-0.45622733,-0.065536365
R,Zaith,Right,0.0,0.0,0.0,0.09136048,-0.14823698,-0.042060263,0.11697365,-0.34444338,-0.053300582,0.06451649,-0.4954983,-0.06724759,0.008597319,-0.60773194,-0.078998946,0.084104374,-0.52023965,-0.005850072,0.08375882,-0.71772325,-0.034983516,0.07609287,-0.8498642,-0.054405183,0.06823052,-0.96730405,-0.06586873,0.021545125,-0.5290656,-0.009522073,0.03993393,-0.7496925,-0.044692766,0.06311633,-0.8873136,-0.06545371,0.081842236,-0.9966453,-0.07531794,-0.046766173,-0.49429116,-0.021456966,-0.04617593,-0.65784067,-0.083294824,-0.018911652,-0.5267484,-0.089979075,-0.0030715824,-0.3945364,-0.07431347,-0.11718795,-0.43455204,-0.03662768,-0.12055033,-0.58775675,-0.08169637,-0.089161634,-0.5378113,-0.078229696,-0.07192967,-0.45744193,-0.0641527
R,Zaith,Right,0.0,0.0,0.0,0.08759683,-0.14120823,-0.028924773,0.11512271,-0.34079042,-0.035266872,0.08110496,-0.49215928,-0.046556752,0.031037029,-0.59416825,-0.056136128,0.086763255,-0.50942147,-0.00025290917,0.0974019,-0.7132826,-0.02652453,0.10061141,-0.84260374,-0.042583287,0.101004094,-0.9559291,-0.051072773,0.029569276,-0.5225017,-0.009352432,0.05263738,-0.74951625,-0.04157504,0.084980786,-0.88558286,-0.058958415,0.10992269,-0.9939401,-0.06590186,-0.034351453,-0.4941709,-0.024840795,-0.0220357,-0.653524,-0.07963625,0.0036298933,-0.5232582,-0.080168836,0.013055178,-0.3985619,-0.06110486,-0.099446744,-0.440794,-0.04273901,-0.09268354,-0.594906,-0.079882324,-0.060842704,-0.53003806,-0.06875304,-0.04884515,-0.43930098,-0.049509164
R,Zaith,Left,0.0,0.0,0.0,-0.093979664,-0.124711335,-0.042110324,-0.12852024,-0.29544216,-0.06645924,-0.08528264,-0.43356112,-0.09512025,-0.03251219,-0.52986735,-0.1219771,-0.10263293,-0.48218438,-0.02688746,-0.1135727,-0.6539132,-0.08604436,-0.11424391,-0.7781778,-0.12967493,-0.10917013,-0.88973916,-0.15678123,-0.03772709,-0.4922037,-0.04249037,-0.065418266,-0.71907187,-0.10906891,-0.09681945,-0.85452616,-0.15079251,-0.11690219,-0.99314344,-0.16974512,0.033648536,-0.449768,-0.06533831,0.030764833,-0.5589059,-0.14632522,0.0018152333,-0.41866887,-0.15147103,-0.012379089,-0.33961955,-0.13131477,0.10255615,-0.37327206,-0.09220335,0.10014142,-0.47222906,-0.14448388,0.06675439,-0.37851614,-0.13357815,0.04647679,-0.31586394,-0.111891314
R,Zaith,Left,0.0,0.0,0.0,-0.08492862,-0.12962013,-0.029465865,-0.11601419,-0.30184084,-0.049129095,-0.07426701,-0.43564543,-0.07498972,-0.019955304,-0.5179074,-0.099852294,-0.08724409,-0.48122612,-0.018052448,-0.09351551,-0.648701,-0.06776479,-0.09334049,-0.76801836,-0.10485043,-0.089421846,-0.8759255,-0.1280666,-0.02642344,-0.48721632,-0.03718584,-0.050458185,-0.72165823,-0.091602266,-0.07742763,-0.85649383,-0.12608105,-0.09388297,-0.99558324,-0.14118332,0.042210184,-0.44146362,-0.061462868,0.043364715,-0.56425333,-0.12942421,0.009697542,-0.42570102,-0.12971056,-0.010673074,-0.3383704,-0.10841492,0.10972964,-0.3575469,-0.088709116,0.11040114,-0.47176045,-0.13049483,0.07524789,-0.38669854,-0.11474792,0.051674314,-0.32055128,-0.09096158
R,Zaith,Left,0.0,0.0,0.0,-0.092908666,-0.11287186,-0.039544333,-0.13641423,-0.2751623,-0.06390321,-0.09895409,-0.4193197,-0.09261275,-0.044167615,-0.518602,-0.11952543,-0.12085717,-0.48014462,-0.022483688,-0.13343251,-0.63269913,-0.077463455,-0.13558787,-0.74578553,-0.11820809,-0.13330977,-0.85224307,-0.14278017,-0.05258561,-0.4997027,-0.038199306,-0.08619203,-0.72237885,-0.09707787,-0.12160928,-0.8494651,-0.13320337,-0.14661714,-0.9891933,-0.14827338,0.023937605,-0.46324182,-0.060825553,0.019115362,-0.5583392,-0.13628139,-0.006723274,-0.40520445,-0.13863333,-0.020033652,-0.3199261,-0.11633093,0.09853625,-0.385824,-0.08698915,0.09348479,-0.48455352,-0.13300714,0.06376621,-0.38385773,-0.117237166,0.046138152,-0.31644475,-0.09218987
R,Zaith,Left,0.0,0.0,0.0,-0.10086695,-0.109651685,-0.044320036,-0.1447157,-0.27737883,-0.070235126,-0.11041055,-0.42811698,-0.100042626,-0.06408995,-0.5347265,-0.12789112,-0.13389681,-0.48218682,-0.030021155,-0.14971168,-0.6570859,-0.09022796,-0.15510838,-0.7846324,-0.1343264,-0.15514457,-0.9017696,-0.16212167,-0.06707249,-0.5050289,-0.04513509,-0.10595235,-0.72689736,-0.11308665,-0.14409775,-0.8512302,-0.15484372,-0.17178032,-0.98513526,-0.17388766,0.00893217,-0.47380513,-0.067364946,0.0028054593,-0.5848288,-0.14953935,-0.017069772,-0.42890838,-0.15206544,-0.026701516,-0.34250084,-0.12994185,0.083821565,-0.40553305,-0.09389128,0.07638624,-0.49940124,-0.14718825,0.050051812,-0.39402,-0.1352425,0.034842305,-0.32747844,-0.11249795
R,Zaith,Left,0.0,0.0,0.0,-0.091913626,-0.120705634,-0.044074845,-0.1296705,-0.28595528,-0.070107915,-0.08682103,-0.42891583,-0.09923372,-0.03239732,-0.5320085,-0.12619975,-0.11382331,-0.49433225,-0.030375488,-0.119596384,-0.67296696,-0.086434186,-0.11846113,-0.7990642,-0.12740251,-0.11276768,-0.9140989,-0.15304907,-0.04443661,-0.50589377,-0.043762036,-0.07040846,-0.7293057,-0.104180984,-0.10204391,-0.8549935,-0.14133856,-0.12317793,-0.9923846,-0.15839344,0.030682554,-0.46178228,-0.06416175,0.031847186,-0.5690688,-0.13901767,0.0028363725,-0.42589965,-0.14174314,-0.013160583,-0.34832737,-0.12184988,0.1026048,-0.3798312,-0.088756196,0.10360393,-0.47959763,-0.13711219,0.070604146,-0.38589963,-0.12491903,0.048949055,-0.32461336,-0.103163555
R,Zaith,Left,0.0,0.0,0.0,-0.09055646,-0.1181826,-0.044342272,-0.12563792,-0.2825851,-0.071861394,-0.08123732,-0.4257563,-0.102378584,-0.024522435,-0.5256515,-0.13127019,-0.104524836,-0.49424198,-0.032510497,-0.10502005,-0.6701805,-0.087070614,-0.10305472,-0.7925415,-0.12725618,-0.09885394,-0.9061956,-0.15291046,-0.036346797,-0.5035432,-0.046568193,-0.05745331,-0.7316663,-0.105708964,-0.0852354,-0.85733706,-0.1421848,-0.10617011,-0.994348,-0.15896778,0.037684023,-0.45708248,-0.06718767,0.040818635,-0.5773932,-0.14215842,0.011019654,-0.429084,-0.14452323,-0.008676941,-0.34637296,-0.12434475,0.109713964,-0.37147963,-0.091664635,0.109842055,-0.47860944,-0.14118797,0.07902478,-0.38122994,-0.12859894,0.05835424,-0.3165423,-0.10634964
R,Zaith,Left,0.0,0.0,0.0,-0.07950038,-0.14748542,-0.047445796,-0.0890443,-0.32615092,-0.07088825,-0.023489561,-0.45405826,-0.09605634,0.043698817,-0.53715795,-0.11899701,-0.06150988,-0.5150381,-0.023214422,-0.039071158,-0.6789007,-0.07375895,-0.019289153,-0.7950224,-0.11277347,0.0032182706,-0.90240467,-0.13803267,0.0070835454,-0.5072754,-0.032712318,0.006849526,-0.73016083,-0.087147586,-0.004579119,-0.8614918,-0.122152925,-0.0076554893,-0.9999707,-0.13884684,0.07413561,-0.4442779,-0.05012744,0.09846634,-0.56769836,-0.12406355,0.061000746,-0.42147988,-0.12811562,0.03392304,-0.34248435,-0.1089683,0.13587672,-0.34523538,-0.07164814,0.1533421,-0.4496712,-0.123082824,0.11560992,-0.3551346,-0.114306144,0.08443401,-0.2958717,-0.094743066
R,Zaith,Left,0.0,0.0,0.0,-0.08420751,-0.14006296,-0.03879373,-0.10580064,-0.3219031,-0.056238923,-0.042870875,-0.45390356,-0.0764145,0.019272901,-0.5362449,-0.09417971,-0.082382455,-0.51172495,-0.015093875,-0.07018169,-0.6839264,-0.06098641,-0.05813436,-0.8056175,-0.09686272,-0.044673838,-0.9164357,-0.120011486,-0.014786838,-0.508395,-0.028152028,-0.024254821,-0.734076,-0.07754359,-0.04326655,-0.861489,-0.11043089,-0.053500213,-0.9985678,-0.12585501,0.05536658,-0.45166472,-0.048294373,0.07710724,-0.567609,-0.11586574,0.044002447,-0.4342435,-0.1209055,0.018902756,-0.35805333,-0.10380695,0.12047014,-0.35526398,-0.07215577,0.13898972,-0.46316212,-0.11817608,0.104519896,-0.37633938,-0.10807079,0.07420071,-0.31377667,-0.08832738
R,Zaith,Left,0.0,0.0,0.0,-0.0845007,-0.12860534,-0.05626354,-0.11386911,-0.29886526,-0.08703313,-0.059574112,-0.4314251,-0.118507534,0.004793575,-0.52920395,-0.14687869,-0.08656315,-0.51083076,-0.039307117,-0.08158098,-0.68662363,-0.096003346,-0.07264788,-0.8133452,-0.13770407,-0.060869154,-0.9302469,-0.16451658,-0.016413327,-0.5096919,-0.04753842,-0.036177337,-0.730484,-0.110466935,-0.06259244,-0.8586708,-0.14783141,-0.077364184,-0.9970029,-0.16479926,0.055746175,-0.4537274,-0.06396194,0.062362432,-0.5595674,-0.14506595,0.027353277,-0.40640795,-0.14837408,0.006368437,-0.32318115,-0.12702996,0.12318132,-0.3640788,-0.08542638,0.12988132,-0.46030304,-0.14111648,0.09251163,-0.36213493,-0.13189398,0.06500948,-0.29973045,-0.11097252
R,Zaith,Left,0.0,0.0,0.0,-0.08600415,-0.11542314,-0.07908002,-0.11793135,-0.27892047,-0.12122943,-0.06401455,-0.4046623,-0.15954773,-0.00035844985,-0.5084479,-0.19348942,-0.08993826,-0.50018215,-0.06640239,-0.08361417,-0.67553496,-0.13352792,-0.07353182,-0.8033728,-0.18015657,-0.06212382,-0.9239035,-0.20969842,-0.018171443,-0.4966661,-0.06852114,-0.04065395,-0.72274536,-0.14388414,-0.06425195,-0.85450655,-0.18454096,-0.08084942,-0.99672633,-0.20193025,0.05568628,-0.44102886,-0.081389256,0.05885784,-0.53867036,-0.17820568,0.03154546,-0.38009307,-0.18651257,0.012872374,-0.30931935,-0.16566665,0.124447405,-0.35919318,-0.100803204,0.13445456,-0.44573113,-0.169324,0.09813207,-0.3382191,-0.16596428,0.06700548,-0.28031683,-0.14814207
R,Zaith,Left,0.0,0.0,0.0,-0.08436775,-0.1125388,-0.09101491,-0.118369535,-0.2656576,-0.14080869,-0.060663383,-0.38207313,-0.18424283,0.009864466,-0.4780201,-0.2225823,-0.08847371,-0.505635,-0.07945546,-0.07925839,-0.6791606,-0.14818415,-0.06802495,-0.80815065,-0.19287471,-0.054425508,-0.92507285,-0.22011149,-0.015888186,-0.49754572,-0.07750694,-0.039265074,-0.7312168,-0.15161078,-0.062064264,-0.85541236,-0.1867805,-0.07715508,-0.9970191,-0.19933812,0.05862815,-0.43748695,-0.08792003,0.06354095,-0.51716894,-0.18556684,0.035244297,-0.36012033,-0.19479597,0.01520104,-0.30406925,-0.17437159,0.12623328,-0.3541143,-0.10594434,0.13625042,-0.4239755,-0.17505804,0.100127146,-0.31271586,-0.1732672,0.06838703,-0.26245034,-0.1569586
R,Zaith,Left,0.0,0.0,0.0,-0.08451645,-0.102314,-0.12162838,-0.11827303,-0.24467097,-0.19102168,-0.059667215,-0.35517883,-0.25026217,0.008753425,-0.47066477,-0.30427545,-0.09424737,-0.49367848,-0.112327404,-0.085901,-0.65823305,-0.19790559,-0.0776044,-0.80056417,-0.25172016,-0.06660718,-0.9191628,-0.28332835,-0.01992754,-0.47586817,-0.10203573,-0.043621253,-0.7130072,-0.18983677,-0.06759479,-0.84219664,-0.22803724,-0.08579562,-0.99631274,-0.24091211,0.058085803,-0.41397074,-0.10817243,0.06757606,-0.49527803,-0.22147396,0.04220899,-0.34765342,-0.2381274,0.022375382,-0.29790527,-0.22082658,0.12594992,-0.3374357,-0.12452946,0.13970205,-0.3945598,-0.2074928,0.10339877,-0.2946524,-0.21566129,0.07055848,-0.2525221,-0.20574369
R,Zaith,Left,0.0,0.0,0.0,-0.07959997,-0.11614348,-0.114689775,-0.10078752,-0.26938823,-0.17081366,-0.028235642,-0.38131332,-0.21424335,0.04960639,-0.48513016,-0.25031725,-0.08307701,-0.52075,-0.09750086,-0.05452031,-0.6762181,-0.17919828,-0.03412682,-0.810253,-0.23379399,-0.015359306,-0.92283565,-0.2671824,-0.003953379,-0.5128965,-0.083836816,-0.011813428,-0.7390826,-0.1695696,-0.02776668,-0.8553846,-0.20782958,-0.037181806,-0.9993085,-0.22087578,0.07290077,-0.45107505,-0.08572422,0.094774604,-0.5154843,-0.19187409,0.061303683,-0.35136595,-0.19763532,0.03715437,-0.3172948,-0.17376116,0.14121588,-0.36445892,-0.0977316,0.1592733,-0.41219902,-0.17494072,0.11916857,-0.30175218,-0.17475547,0.08428231,-0.2725573,-0.15842414
R,Zaith,Left,0.0,0.0,0.0,-0.08105505,-0.09556852,-0.17720205,-0.10531495,-0.24668543,-0.27000847,-0.038393468,-0.34779343,-0.34084046,0.043602508,-0.47029626,-0.40158266,-0.09465186,-0.5334757,-0.16312334,-0.064857654,-0.6673367,-0.29317304,-0.03404341,-0.80260736,-0.37417078,-0.0016664811,-0.9253806,-0.41890812,-0.010133365,-0.5047157,-0.13208878,-0.012033292,-0.7232914,-0.2689708,-0.021627273,-0.8316589,-0.32402295,-0.028795706,-0.99958533,-0.33902583,0.07694527,-0.43654725,-0.12476324,0.10497864,-0.49335405,-0.2760871,0.076116644,-0.32756945,-0.28810245,0.05318262,-0.3261779,-0.25964227,0.15144974,-0.36019212,-0.13277292,0.17614543,-0.37390155,-0.23662604,0.1369678,-0.2642276,-0.24442093,0.10157886,-0.2596316,-0.22945005
R,Zaith,Left,0.0,0.0,0.0,-0.08494749,-0.10678913,-0.1077438,-0.11079708,-0.260735,-0.15946943,-0.038581558,-0.36687502,-0.19860525,0.039137214,-0.45594236,-0.23097573,-0.08916444,-0.505545,-0.09323991,-0.0651177,-0.6667178,-0.16789006,-0.044049125,-0.7933309,-0.21823251,-0.024056282,-0.9087726,-0.2491205,-0.014212647,-0.50316256,-0.0815681,-0.023098482,-0.7314396,-0.15991242,-0.03486363,-0.8548785,-0.19802035,-0.043936893,-0.9990343,-0.211951,0.059127774,-0.44641572,-0.083935246,0.08286458,-0.51033705,-0.18467811,0.056141835,-0.35158882,-0.19680355,0.03103575,-0.3127611,-0.17801161,0.12467925,-0.36223963,-0.09529128,0.14884901,-0.40822208,-0.16786937,0.11299709,-0.29854515,-0.16972084,0.07404264,-0.2660256,-0.1557472
R,Zaith,Left,0.0,0.0,0.0,-0.084815435,-0.08696469,-0.1471754,-0.1167703,-0.22599274,-0.23046674,-0.051849816,-0.3247147,-0.29809147,0.023081856,-0.44191533,-0.35855854,-0.096638426,-0.49250463,-0.14071135,-0.0763136,-0.6439349,-0.24578097,-0.059207063,-0.79077274,-0.30783823,-0.03932673,-0.91714644,-0.34178656,-0.019728785,-0.4798961,-0.12055449,-0.03177632,-0.7057319,-0.22702563,-0.048802394,-0.82566005,-0.26389053,-0.06294518,-0.998017,-0.2698691,0.06231414,-0.42387104,-0.120221734,0.0815741,-0.47612458,-0.24755216,0.05612752,-0.31631595,-0.25494716,0.034738258,-0.29635078,-0.22713432,0.132852,-0.35321894,-0.13296327,0.15438138,-0.3718566,-0.22270985,0.1174944,-0.26317716,-0.22682177,0.083557725,-0.2473581,-0.21118005
R,Zaith,Left,0.0,0.0,0.0,-0.08795521,-0.109930314,-0.0543009,-0.13085578,-0.27587035,-0.0845941,-0.084401794,-0.41248116,-0.115031995,-0.020568606,-0.50471723,-0.14222716,-0.104605265,-0.49335167,-0.046069466,-0.106955945,-0.671347,-0.101610914,-0.10397565,-0.7962529,-0.14113244,-0.099388674,-0.91072685,-0.1664819,-0.03595314,-0.50344896,-0.055136565,-0.0637033,-0.73166597,-0.11498532,-0.09409972,-0.859495,-0.14929931,-0.11477989,-0.993391,-0.16480006,0.036075793,-0.45392993,-0.07158457,0.037113585,-0.54840565,-0.14820713,0.007769149,-0.4021479,-0.15175445,-0.011807155,-0.32032198,-0.13215484,0.10404342,-0.366589,-0.09304806,0.111106925,-0.4607263,-0.14633124,0.07573414,-0.36389264,-0.13781117,0.04669732,-0.29552522,-0.11841664
R,Zaith,Left,0.0,0.0,0.0,-0.09073649,-0.105997145,-0.072624065,-0.13362399,-0.26530012,-0.112991504,-0.09181955,-0.39678952,-0.15064584,-0.029609345,-0.49897927,-0.18429102,-0.10743433,-0.49392244,-0.06642804,-0.11206576,-0.67184687,-0.1300953,-0.109443724,-0.7998572,-0.17397554,-0.102771275,-0.91662174,-0.20146582,-0.03869485,-0.50183445,-0.070038125,-0.06924294,-0.7309865,-0.1399813,-0.09954655,-0.8627889,-0.17842677,-0.12065538,-0.99269444,-0.19528808,0.03443451,-0.45236173,-0.08289217,0.030971447,-0.5492803,-0.17278893,0.004766739,-0.39737812,-0.18188435,-0.012507091,-0.311866,-0.16303512,0.10241449,-0.37111688,-0.10175772,0.10717242,-0.46081635,-0.16448659,0.07280136,-0.36087665,-0.1608831,0.04462134,-0.29017246,-0.1436714
R,Zaith,Left,0.0,0.0,0.0,-0.087975085,-0.108481735,-0.076555036,-0.12760426,-0.26553878,-0.118108615,-0.088026024,-0.3937498,-0.15596075,-0.027762216,-0.49748763,-0.18943834,-0.103045575,-0.4956709,-0.06662205,-0.10678222,-0.67221695,-0.12894443,-0.10560856,-0.79849726,-0.17162065,-0.10153506,-0.91360193,-0.19816472,-0.035413764,-0.5016815,-0.06793462,-0.065304734,-0.7378622,-0.13510093,-0.094212174,-0.8665426,-0.17124322,-0.115105025,-0.9933533,-0.18633561,0.036946975,-0.45115042,-0.07913549,0.033692118,-0.5461428,-0.16742617,0.0062492387,-0.39427876,-0.17643386,-0.012260035,-0.31434575,-0.15764368,0.10380997,-0.37068346,-0.096625954,0.10840979,-0.45895875,-0.15783916,0.07294169,-0.3566155,-0.15392442,0.043550394,-0.29019436,-0.13694693
R,Zaith,Left,0.0,0.0,0.0,-0.08589237,-0.10630615,-0.045768425,-0.13002318,-0.26694524,-0.072430596,-0.08555907,-0.40315518,-0.100824624,-0.022917982,-0.4906841,-0.12609483,-0.1021466,-0.49239522,-0.031362183,-0.109275065,-0.6633245,-0.080164,-0.10809976,-0.78500086,-0.11396855,-0.10555109,-0.8943609,-0.13466495,-0.03455662,-0.50101256,-0.04359257,-0.061325043,-0.7350918,-0.09864129,-0.09319367,-0.8610614,-0.13054943,-0.116583124,-0.99318093,-0.1430426,0.03723357,-0.4516639,-0.06253709,0.04024886,-0.53625876,-0.13430968,0.006283697,-0.3967734,-0.13777556,-0.01784282,-0.31808102,-0.11759044,0.10407544,-0.36293775,-0.085519865,0.11030714,-0.4563783,-0.13027252,0.07827348,-0.36436844,-0.117099375,0.052192323,-0.29901814,-0.09483817
R,Zaith,Left,0.0,0.0,0.0,-0.095169805,-0.10499587,-0.060501534,-0.1411684,-0.26715717,-0.097345605,-0.1043843,-0.40102333,-0.13392629,-0.05194875,-0.5080984,-0.16703703,-0.113204256,-0.486099,-0.06294317,-0.12634873,-0.6630472,-0.12702957,-0.13025978,-0.79197013,-0.1707705,-0.1294077,-0.90968424,-0.19821812,-0.04569309,-0.49877694,-0.07166731,-0.07878515,-0.7252971,-0.14205958,-0.11285774,-0.85880816,-0.18125877,-0.13726531,-0.9905343,-0.19925688,0.02658537,-0.45396414,-0.08778631,0.01736756,-0.54783446,-0.17206575,-0.012475228,-0.40401495,-0.17715107,-0.031158468,-0.31880713,-0.15756027,0.094948426,-0.3738805,-0.10924551,0.09326861,-0.46446002,-0.16548784,0.059958775,-0.37358096,-0.15797605,0.03520668,-0.30588907,-0.13903126
R,Zaith,Left,0.0,0.0,0.0,-0.09597178,-0.0935694,-0.054118264,-0.15280117,-0.24986921,-0.09109744,-0.13695309,-0.3935171,-0.1299587,-0.09150225,-0.5143902,-0.1651162,-0.13374312,-0.46981227,-0.058204517,-0.16710816,-0.6509299,-0.1274236,-0.1840281,-0.78332794,-0.17411521,-0.19254406,-0.9047326,-0.20280124,-0.06944678,-0.49138758,-0.07041042,-0.12123861,-0.71792704,-0.14472446,-0.16782044,-0.8453492,-0.18410067,-0.20011146,-0.97977316,-0.20146358,0.0037079114,-0.4606157,-0.089531116,-0.017137935,-0.56566924,-0.17290805,-0.03756962,-0.41081855,-0.16739781,-0.043767966,-0.32089987,-0.14025071,0.0772987,-0.39423364,-0.11426637,0.06278264,-0.49325868,-0.16605052,0.03583752,-0.39456493,-0.14924489,0.023590323,-0.32563972,-0.12327646
R,Zaith,Left,0.0,0.0,0.0,-0.08910783,-0.103972055,-0.058704063,-0.13782935,-0.25897983,-0.09482658,-0.1006556,-0.3913143,-0.13071088,-0.04338322,-0.49553502,-0.16281195,-0.1138498,-0.49187592,-0.053608395,-0.12325697,-0.6624948,-0.11406898,-0.12646312,-0.7854824,-0.15597701,-0.12673698,-0.9011664,-0.18244791,-0.046359718,-0.5035541,-0.06358704,-0.08156497,-0.7326053,-0.1297568,-0.114337474,-0.8558912,-0.16591658,-0.13823937,-0.9903988,-0.18104479,0.028666904,-0.45783973,-0.08115862,0.019917196,-0.549919,-0.1643879,-0.0063686627,-0.39302465,-0.16660368,-0.021944,-0.31170332,-0.14409079,0.10076008,-0.3753713,-0.1038922,0.09949404,-0.46442667,-0.15830079,0.06689725,-0.36162218,-0.14684269,0.043794896,-0.29813176,-0.124741636
R,Zaith,Left,0.0,0.0,0.0,-0.09393753,-0.10588197,-0.06017685,-0.14307767,-0.26409706,-0.096430644,-0.10771634,-0.40165773,-0.13267447,-0.05114281,-0.50861704,-0.16536969,-0.12311917,-0.4915804,-0.05425802,-0.13777637,-0.6605867,-0.11716482,-0.14199834,-0.7844807,-0.1610484,-0.14311576,-0.8972337,-0.1886642,-0.052925512,-0.5071388,-0.064239345,-0.08936658,-0.73481786,-0.13268083,-0.12612432,-0.8581367,-0.17141037,-0.15379311,-0.9881031,-0.18867859,0.023292426,-0.46175113,-0.082355365,0.01505293,-0.56129664,-0.16700248,-0.010369512,-0.41259167,-0.17233856,-0.026094364,-0.33431235,-0.15252294,0.09609611,-0.37837988,-0.1057907,0.0980364,-0.47387648,-0.162484,0.06600096,-0.3777764,-0.15429647,0.041014,-0.31343713,-0.13470887
R,Zaith,Left,0.0,0.0,0.0,-0.096011266,-0.111917056,-0.05321782,-0.14642641,-0.27474472,-0.08710436,-0.11215631,-0.4192125,-0.122566916,-0.052562192,-0.5228443,-0.15525359,-0.12519005,-0.49873593,-0.045560043,-0.13613106,-0.6596362,-0.10783164,-0.13965458,-0.776984,-0.15319595,-0.14017574,-0.8848861,-0.18176524,-0.054956157,-0.51134795,-0.05817753,-0.091109216,-0.73504317,-0.12488497,-0.12603101,-0.8572156,-0.16362803,-0.15225957,-0.98834056,-0.18124874,0.022087796,-0.46654224,-0.078324154,0.01879824,-0.57940286,-0.16193901,-0.008190206,-0.4248321,-0.16611792,-0.026303714,-0.33361557,-0.1452421,0.097302236,-0.3823002,-0.103029266,0.09853717,-0.48895782,-0.15894476,0.065783255,-0.39018744,-0.14834343,0.04129167,-0.3176465,-0.12649125
R,Zaith,Left,0.0,0.0,0.0,-0.096659325,-0.11165703,-0.052024506,-0.14692965,-0.27832994,-0.08481507,-0.11158952,-0.42074558,-0.11958636,-0.05415788,-0.52592874,-0.15159494,-0.12395283,-0.4973567,-0.04626852,-0.14144139,-0.6634706,-0.10950641,-0.14678577,-0.78456914,-0.15391713,-0.14713022,-0.89553905,-0.18157138,-0.05406929,-0.5123688,-0.05977114,-0.09085553,-0.7350632,-0.12941875,-0.12906277,-0.85628754,-0.1688763,-0.15591425,-0.9877706,-0.18618295,0.023284988,-0.46848035,-0.08068315,0.015943846,-0.5710056,-0.16451104,-0.0120003065,-0.41700193,-0.16627811,-0.0272882,-0.33327454,-0.14375761,0.09876622,-0.3859606,-0.106348425,0.09818285,-0.48994255,-0.16003193,0.06566732,-0.3903805,-0.14690539,0.044074968,-0.3228231,-0.123600945
R,Zaith,Left,0.0,0.0,0.0,-0.092537716,-0.11325368,-0.05799053,-0.13903391,-0.2720209,-0.09406351,-0.08841458,-0.40253842,-0.1300331,-0.025748558,-0.49862823,-0.1617405,-0.11196377,-0.51040035,-0.05187684,-0.11784843,-0.6761683,-0.115581684,-0.11535623,-0.7929438,-0.16079956,-0.11451965,-0.89544886,-0.18872556,-0.03688913,-0.51751655,-0.063056186,-0.067181215,-0.7461928,-0.13283883,-0.100849025,-0.86781067,-0.17161931,-0.12567328,-0.9920717,-0.18795516,0.040438514,-0.4631531,-0.08222434,0.039418444,-0.5547021,-0.16528016,0.010693316,-0.40168688,-0.16627823,-0.0070321714,-0.32147205,-0.14311868,0.1142657,-0.37039667,-0.106827684,0.1217078,-0.46606767,-0.16049562,0.08734684,-0.36531013,-0.14718081,0.060198493,-0.30189553,-0.12353787
R,Zaith,Left,0.0,0.0,0.0,-0.094709106,-0.11317327,-0.051562544,-0.147999,-0.27386087,-0.08237015,-0.10506464,-0.40674606,-0.11454209,-0.042903613,-0.5031117,-0.1432964,-0.1238013,-0.5036291,-0.03958084,-0.13668244,-0.6633541,-0.097076006,-0.13731432,-0.77731824,-0.13801938,-0.13522509,-0.88294834,-0.16401982,-0.051195204,-0.5184603,-0.052481823,-0.08660995,-0.7379453,-0.11432144,-0.119252615,-0.85572934,-0.14934713,-0.14172217,-0.9899065,-0.1648381,0.02605384,-0.47147736,-0.073564015,0.019873487,-0.56014174,-0.15304242,-0.008426519,-0.40876144,-0.1573324,-0.024470517,-0.33512682,-0.1380214,0.10032826,-0.38357112,-0.09948015,0.10324253,-0.47180313,-0.15229127,0.067934595,-0.37061518,-0.14269945,0.042260256,-0.3083757,-0.123111375
R,Zaith,Left,0.0,0.0,0.0,-0.103031196,-0.1073326,-0.032747652,-0.15395604,-0.29444385,-0.050058756,-0.118597075,-0.4612061,-0.07390265,-0.07073324,-0.5632056,-0.09620739,-0.13526918,-0.48323837,-0.017977979,-0.15865907,-0.6665606,-0.06924945,-0.16751727,-0.79567295,-0.10660403,-0.17145845,-0.9157414,-0.13111101,-0.07054368,-0.50808257,-0.034915533,-0.11057275,-0.7314531,-0.09304027,-0.14892548,-0.8525814,-0.12868088,-0.17711464,-0.9841902,-0.14585012,0.0026003968,-0.4819001,-0.05793667,-0.0033398753,-0.62395096,-0.13246933,-0.0257339,-0.46680582,-0.13374859,-0.037818242,-0.35948613,-0.112629354,0.077133365,-0.41781163,-0.08445925,0.07540976,-0.54099035,-0.13499673,0.04488267,-0.44530106,-0.12575258,0.023612041,-0.3642586,-0.10584279
R,Zaith,Left,0.0,0.0,0.0,-0.10393106,-0.10972905,-0.033863027,-0.15435804,-0.29460102,-0.052992187,-0.117177226,-0.46231943,-0.078616984,-0.06501621,-0.5607949,-0.102998264,-0.13068567,-0.47757253,-0.019342447,-0.15352175,-0.66522306,-0.07011381,-0.16155228,-0.79581624,-0.107637085,-0.16397625,-0.9185623,-0.13240539,-0.06564158,-0.5005982,-0.03550362,-0.10565008,-0.72749156,-0.0916916,-0.14141995,-0.851385,-0.12636593,-0.16678067,-0.98599404,-0.1434397,0.007142564,-0.47427967,-0.0577173,0.00047846566,-0.6246512,-0.12979567,-0.021124655,-0.46941975,-0.12992212,-0.031782042,-0.35878447,-0.10850193,0.08185247,-0.41027978,-0.08363109,0.0788663,-0.54188526,-0.132634,0.0488273,-0.44697538,-0.12240107,0.027626513,-0.36117336,-0.10198824
R,Zaith,Left,0.0,0.0,0.0,-0.083556555,-0.14017996,-0.049267128,-0.11236344,-0.3150606,-0.074964024,-0.053182412,-0.45495513,-0.10247818,0.015694376,-0.54669654,-0.12717298,-0.087540545,-0.5161724,-0.023314398,-0.08225806,-0.6957345,-0.07251323,-0.07639585,-0.8198845,-0.10829795,-0.06896133,-0.93412435,-0.13135268,-0.017710548,-0.51722026,-0.03322904,-0.037076183,-0.743731,-0.08814957,-0.06365067,-0.86391866,-0.120074436,-0.08018092,-0.99678034,-0.13323402,0.055173032,-0.4620882,-0.051423494,0.069321975,-0.5813726,-0.12772678,0.03493665,-0.41997263,-0.1294258,0.011963908,-0.3319585,-0.10679928,0.12451278,-0.36848128,-0.07387337,0.13246989,-0.4769625,-0.12595193,0.09795408,-0.37472573,-0.114641726,0.07225374,-0.3105972,-0.092304885
R,Zaith,Left,0.0,0.0,0.0,-0.089879215,-0.13167816,-0.053174194,-0.12121799,-0.31190106,-0.079635,-0.057861168,-0.45684153,-0.106756255,0.013549848,-0.5544784,-0.13075827,-0.09377506,-0.51911056,-0.029189277,-0.09058462,-0.6948638,-0.08401901,-0.08370817,-0.82494396,-0.12596469,-0.07351051,-0.94215924,-0.15374106,-0.021223718,-0.5220189,-0.038801756,-0.0421961,-0.74571997,-0.09938684,-0.07190073,-0.86420304,-0.13603057,-0.08905777,-0.99602646,-0.15267146,0.053019658,-0.46856734,-0.057014834,0.06540826,-0.5836805,-0.1355389,0.031067062,-0.42713323,-0.13642801,0.01077163,-0.34745067,-0.11412258,0.12383765,-0.37726724,-0.08036953,0.13136438,-0.48412856,-0.13393827,0.09616852,-0.37982592,-0.121827185,0.07157732,-0.31556216,-0.0991666
R,Zaith,Left,0.0,0.0,0.0,-0.08833242,-0.13761054,-0.06805162,-0.1179874,-0.30594644,-0.10543548,-0.056662172,-0.44486302,-0.14091071,0.011070099,-0.5539513,-0.17252311,-0.095329426,-0.5236772,-0.051388476,-0.08998902,-0.6994032,-0.11590968,-0.08091178,-0.8313762,-0.16374049,-0.067887,-0.94866467,-0.19442135,-0.019875504,-0.5196863,-0.056187887,-0.039452028,-0.73950195,-0.127372,-0.065727256,-0.8630139,-0.16802244,-0.08119138,-0.99669856,-0.18644843,0.058055043,-0.46240786,-0.07053195,0.06866592,-0.5729616,-0.1596598,0.034702152,-0.4123001,-0.16220605,0.013157995,-0.32903942,-0.13916923,0.13090183,-0.37246084,-0.09092829,0.1390685,-0.47260174,-0.1535937,0.10141069,-0.36750904,-0.14457044,0.07217844,-0.3046038,-0.122693695
R,Zaith,Left,0.0,0.0,0.0,-0.08989233,-0.1391724,-0.056907557,-0.11813608,-0.32101846,-0.08627552,-0.05497724,-0.46679252,-0.11584431,0.014395301,-0.571857,-0.14237212,-0.09608543,-0.5255595,-0.031196866,-0.089304164,-0.7046334,-0.08622879,-0.08141219,-0.83480597,-0.12732407,-0.069584176,-0.95225257,-0.15403868,-0.02232662,-0.5229662,-0.03849654,-0.041809056,-0.7464665,-0.09796723,-0.06871171,-0.86142105,-0.13160805,-0.08346595,-0.9965106,-0.14580275,0.053915817,-0.46697038,-0.055060066,0.06745972,-0.58720094,-0.13425955,0.03315836,-0.4200117,-0.13275418,0.012858654,-0.3387665,-0.10821913,0.12648454,-0.37565193,-0.076945685,0.13397233,-0.48202893,-0.13205001,0.0984066,-0.37138113,-0.11965076,0.07303434,-0.30934596,-0.096304946
R,Zaith,Left,0.0,0.0,0.0,-0.08862096,-0.13872303,-0.07449926,-0.111322105,-0.31901902,-0.10951885,-0.036162816,-0.44872582,-0.14005424,0.03914761,-0.5475935,-0.16605182,-0.09073507,-0.5371155,-0.049386483,-0.07267587,-0.6979433,-0.11302315,-0.058611035,-0.8222355,-0.16075888,-0.04263755,-0.9390969,-0.19216466,-0.01244491,-0.53333837,-0.051239707,-0.025455868,-0.74345404,-0.12206297,-0.047891364,-0.8569905,-0.16258517,-0.059770226,-0.99821216,-0.18023185,0.06516022,-0.47260183,-0.06399751,0.083340526,-0.5667725,-0.15457417,0.05073491,-0.39057422,-0.15575743,0.031193266,-0.33009163,-0.13110961,0.13725024,-0.3775967,-0.08340516,0.14778839,-0.46175396,-0.14563958,0.113063715,-0.34156182,-0.13433112,0.08909595,-0.29256594,-0.11097654
R,Zaith,Left,0.0,0.0,0.0,-0.098792225,-0.13783869,-0.02629106,-0.13138178,-0.3279677,-0.03842537,-0.07874979,-0.48619288,-0.05808204,-0.026708689,-0.5768121,-0.076758854,-0.110746235,-0.49230826,0.00145348,-0.11908859,-0.67306805,-0.044132948,-0.116783835,-0.797441,-0.080272675,-0.11049572,-0.9144953,-0.10389389,-0.045129318,-0.5062521,-0.016287263,-0.07293031,-0.73329765,-0.06810231,-0.10322927,-0.857116,-0.10178107,-0.12259872,-0.9924563,-0.117748365,0.026561264,-0.47143748,-0.04058529,0.032491967,-0.62419134,-0.11185849,0.0059052575,-0.46514922,-0.11390611,-0.0095734345,-0.3576628,-0.09318177,0.09875695,-0.3999677,-0.06772017,0.10287422,-0.5293523,-0.11780336,0.070430785,-0.4288673,-0.10853742,0.04668056,-0.34719458,-0.08832064
R,Zaith,Left,0.0,0.0,0.0,-0.09572932,-0.15171094,-0.019124703,-0.12091021,-0.34993735,-0.027730398,-0.06691187,-0.500569,-0.045967218,-0.011942,-0.5806154,-0.063507736,-0.0953046,-0.50954854,0.010862585,-0.1019953,-0.68918294,-0.028470425,-0.09993448,-0.8107895,-0.059771083,-0.09289061,-0.92120355,-0.079730354,-0.031043334,-0.5138861,-0.0091660265,-0.05523597,-0.73797905,-0.054293975,-0.08569151,-0.8651142,-0.08389397,-0.10384682,-0.9945933,-0.09670767,0.03953534,-0.4717189,-0.03534583,0.046472948,-0.6228372,-0.09880443,0.01452627,-0.4751021,-0.09872597,-0.0031995506,-0.36569434,-0.07716681,0.109885074,-0.39107808,-0.06416836,0.11768118,-0.5256267,-0.10507153,0.082284205,-0.44185337,-0.092210725,0.0580951,-0.36308137,-0.07020909
R,Zaith,Left,0.0,0.0,0.0,-0.092902645,-0.17711517,-0.019730972,-0.1047522,-0.38406402,-0.025189811,-0.035267793,-0.5323643,-0.04017509,0.026624236,-0.61801356,-0.0543185,-0.07761361,-0.5268743,0.026726335,-0.074058525,-0.70869046,-0.005957304,-0.06720547,-0.83225524,-0.034211624,-0.05544642,-0.94850963,-0.053442013,-0.011329787,-0.5237148,0.008467829,-0.02990648,-0.7414746,-0.03235752,-0.059388783,-0.8651521,-0.06122773,-0.073882595,-0.99726695,-0.07399264,0.058824908,-0.47215602,-0.016792329,0.07095829,-0.6388549,-0.08122555,0.033018854,-0.4748112,-0.07959331,0.0139850285,-0.36058414,-0.05619042,0.12916243,-0.38037154,-0.04451698,0.1380106,-0.5200772,-0.08935882,0.09874831,-0.42447144,-0.07640626,0.073397584,-0.34420654,-0.053214855
R,Zaith,Left,0.0,0.0,0.0,-0.08479437,-0.21245913,-0.029346155,-0.07518198,-0.41546527,-0.024819873,0.013395751,-0.53736424,-0.025404751,0.08313376,-0.6123331,-0.023216227,-0.057184823,-0.5598704,0.05303247,-0.03283822,-0.7313243,0.03730537,-0.013678412,-0.85526425,0.018158132,0.0063653705,-0.9634861,0.005003856,0.010411645,-0.53161657,0.046627507,0.012528339,-0.7469283,0.026363801,-0.0022756215,-0.8732689,0.006169058,-0.0062352666,-0.99998057,-0.0015917743,0.07769695,-0.45824656,0.028554205,0.10596609,-0.6090028,-0.028270546,0.06194484,-0.45445085,-0.04080743,0.03858333,-0.35544443,-0.027171224,0.14242874,-0.36493582,0.007931298,0.1559898,-0.48257437,-0.038331684,0.11372566,-0.39189324,-0.040795255,0.089724936,-0.3265423,-0.029381419
R,Zaith,Left,0.0,0.0,0.0,-0.088155404,-0.17650679,-0.018512381,-0.09245583,-0.37879723,-0.024824183,-0.020912424,-0.5249238,-0.040182948,0.045768242,-0.6011907,-0.055242084,-0.06990406,-0.5158751,0.020776527,-0.05959544,-0.694991,-0.014329111,-0.044320878,-0.8149227,-0.044111606,-0.024706786,-0.92425996,-0.06368092,-0.0024971517,-0.5141613,0.0022955511,-0.009270373,-0.7412348,-0.03593622,-0.028791681,-0.86943424,-0.06299487,-0.036414217,-0.9993368,-0.07605342,0.068794824,-0.46212074,-0.02310746,0.08928355,-0.62219715,-0.08254344,0.04745037,-0.48008972,-0.08339298,0.02274198,-0.37477323,-0.06450275,0.13802376,-0.37106892,-0.050892755,0.14830178,-0.5052024,-0.091973245,0.10587135,-0.41725188,-0.08077347,0.07713896,-0.33675492,-0.060878888
R,Zaith,Left,0.0,0.0,0.0,-0.09525054,-0.15031242,-0.016483564,-0.11995859,-0.3475465,-0.023358691,-0.066765554,-0.4992829,-0.040463246,-0.019024123,-0.5898932,-0.057090677,-0.096626736,-0.5044441,0.015245895,-0.104079805,-0.67788845,-0.026414013,-0.10207771,-0.79762274,-0.06009604,-0.095837355,-0.90946877,-0.08167367,-0.03290223,-0.5144585,-0.00643338,-0.056769148,-0.7360329,-0.05393612,-0.088618815,-0.8608328,-0.08617172,-0.10851177,-0.99409515,-0.10103907,0.038006306,-0.47717255,-0.03426797,0.04190241,-0.62599224,-0.10032189,0.010194066,-0.47096756,-0.10070132,-0.0057853675,-0.3639988,-0.07944457,0.109885745,-0.40134367,-0.06439629,0.11171155,-0.53112155,-0.10738389,0.07655781,-0.43606403,-0.094232365,0.05561831,-0.3566168,-0.071967475
R,Zaith,Left,0.0,0.0,0.0,-0.099370666,-0.13155815,-0.01875373,-0.13396719,-0.3316723,-0.029054165,-0.09449222,-0.48731363,-0.0494348,-0.056610785,-0.58986247,-0.06936515,-0.10767055,-0.4969128,0.002829202,-0.12796994,-0.6767482,-0.0458837,-0.13429324,-0.8032099,-0.08264385,-0.13518493,-0.9184221,-0.10555519,-0.04587496,-0.5149478,-0.019343814,-0.078361586,-0.7360044,-0.07410574,-0.11703275,-0.8592846,-0.10806496,-0.14423229,-0.98954386,-0.12280495,0.025133016,-0.48500878,-0.047292273,0.014084431,-0.63186884,-0.11686896,-0.013100546,-0.47217768,-0.11355328,-0.022905467,-0.36219326,-0.08890161,0.09850059,-0.41518876,-0.07787158,0.08770841,-0.5400401,-0.12116859,0.054079287,-0.44237342,-0.10522796,0.037927687,-0.36314607,-0.08046257
R,Zaith,Left,0.0,0.0,0.0,-0.1018608,-0.12939253,-0.0126911625,-0.14348352,-0.33135125,-0.019383524,-0.11248983,-0.50018924,-0.03818068,-0.07561835,-0.61524993,-0.05703572,-0.12291218,-0.48968536,0.014437899,-0.15279086,-0.6843912,-0.028461039,-0.163099,-0.81528753,-0.060344767,-0.16830416,-0.9359622,-0.079795316,-0.061811075,-0.5122181,-0.008921714,-0.102826655,-0.7411522,-0.05599902,-0.14696617,-0.8607735,-0.08336517,-0.1792254,-0.98380804,-0.0939693,0.008691204,-0.49130926,-0.03831521,-0.015908167,-0.6549785,-0.103432715,-0.034466,-0.48551947,-0.09592844,-0.035179872,-0.36338106,-0.06827806,0.0823853,-0.43253696,-0.070058085,0.06236867,-0.5755108,-0.11054792,0.03447041,-0.47187203,-0.09219023,0.025929378,-0.37910002,-0.065580085
R,Zaith,Left,0.0,0.0,0.0,-0.099492155,-0.13678943,-0.016779063,-0.13528098,-0.33559057,-0.02653063,-0.10117513,-0.49417242,-0.046713613,-0.061515607,-0.5971334,-0.06610902,-0.110210754,-0.48884097,0.005337904,-0.13318776,-0.68373704,-0.039253637,-0.14228544,-0.8153338,-0.0714633,-0.14617711,-0.9337939,-0.09079566,-0.049261957,-0.50854987,-0.015380766,-0.08671595,-0.73809683,-0.063629575,-0.12423923,-0.8597565,-0.09007688,-0.15062626,-0.9885908,-0.09957888,0.02269228,-0.48293093,-0.041679602,0.008668033,-0.6461615,-0.104165584,-0.012050023,-0.48695233,-0.0943268,-0.017395305,-0.371628,-0.065679364,0.0981706,-0.4158433,-0.07084988,0.091095805,-0.5526766,-0.107683875,0.059918847,-0.46571526,-0.087675184,0.042730518,-0.38794768,-0.06034911
R,Zaith,Left,0.0,0.0,0.0,-0.09692955,-0.15051511,-0.023464853,-0.12226839,-0.35167563,-0.032298226,-0.0677214,-0.5098664,-0.04929264,-0.017859064,-0.6083807,-0.064987116,-0.10313522,-0.52451104,0.01379809,-0.10956557,-0.7072819,-0.0255482,-0.10924469,-0.83088166,-0.056863822,-0.10487322,-0.94216144,-0.07672552,-0.03817784,-0.5296344,-0.00396576,-0.0644166,-0.7509471,-0.049175892,-0.09722651,-0.8671537,-0.07841177,-0.11741492,-0.99308294,-0.09042771,0.034185164,-0.48702812,-0.028745199,0.03859679,-0.63669586,-0.09397111,0.010248407,-0.47592804,-0.09237194,-0.0026623544,-0.37010092,-0.06944951,0.107951105,-0.40562803,-0.05637089,0.1104467,-0.5330587,-0.09985254,0.07659574,-0.43349722,-0.08617998,0.056513436,-0.35696018,-0.062988505
R,Zaith,Left,0.0,0.0,0.0,-0.0968375,-0.1614879,-0.030308502,-0.113485284,-0.36392638,-0.039817322,-0.047859833,-0.518117,-0.05612797,0.009667805,-0.6140963,-0.07111333,-0.099098146,-0.5381428,0.016550995,-0.09946906,-0.7201654,-0.021781567,-0.09745846,-0.8476438,-0.05340103,-0.092024334,-0.9596465,-0.07390761,-0.028721409,-0.5368275,0.0011493954,-0.050829325,-0.7535567,-0.044581056,-0.083728656,-0.86960554,-0.07536601,-0.104026906,-0.9945745,-0.08807766,0.046879523,-0.4858379,-0.022652492,0.05654087,-0.62907666,-0.091753595,0.024770414,-0.46129,-0.092810765,0.008747669,-0.35958186,-0.07052306,0.120495185,-0.39644596,-0.049623445,0.12288043,-0.51412654,-0.097031154,0.08837218,-0.40824422,-0.08518241,0.06813547,-0.3371527,-0.062618725
R,Zaith,Left,0.0,0.0,0.0,-0.09615276,-0.17364497,-0.029641043,-0.10956951,-0.3784077,-0.03596662,-0.040457223,-0.52975917,-0.048160043,0.02123419,-0.62654984,-0.05879179,-0.09869312,-0.5302084,0.023078183,-0.09360297,-0.70937914,-0.010168907,-0.08460179,-0.8361472,-0.039795086,-0.07251068,-0.9508626,-0.059117004,-0.029043185,-0.52846575,0.010626189,-0.048969112,-0.7497727,-0.026852978,-0.07648945,-0.86864495,-0.05385054,-0.09341421,-0.99562734,-0.064937964,0.044684194,-0.47755152,-0.010602838,0.058212046,-0.6307788,-0.0749699,0.028452555,-0.46241388,-0.077123426,0.01176292,-0.3591123,-0.055995274,0.116898485,-0.39195427,-0.034688678,0.12247958,-0.51954013,-0.079687044,0.089181274,-0.4125291,-0.0687047,0.06849417,-0.33828428,-0.04718307
R,Zaith,Left,0.0,0.0,0.0,-0.09780003,-0.17967014,-0.03833952,-0.10862528,-0.37562284,-0.046368692,-0.038687564,-0.5270578,-0.059451226,0.023144478,-0.62978506,-0.069957435,-0.09922196,-0.5440552,0.030807227,-0.09492999,-0.7241611,-0.0044815163,-0.08783455,-0.85405636,-0.038241927,-0.07701464,-0.9705296,-0.060500048,-0.027187223,-0.5328474,0.02084404,-0.04497346,-0.75297064,-0.019397309,-0.073545404,-0.87016416,-0.051607247,-0.090070695,-0.9959354,-0.066011116,0.0481828,-0.47455746,-0.00042027092,0.061070036,-0.6289645,-0.07179376,0.026932998,-0.46288106,-0.081656635,0.009481222,-0.36232442,-0.06419913,0.12043706,-0.3876348,-0.025186908,0.12485514,-0.51316065,-0.07729641,0.08714844,-0.40351853,-0.07202994,0.064383134,-0.32677162,-0.053472817
R,Zaith,Left,0.0,0.0,0.0,-0.09691875,-0.18235718,-0.030023742,-0.10772369,-0.37407723,-0.03471075,-0.037909303,-0.5234735,-0.045513377,0.019420315,-0.62149346,-0.053859953,-0.09200981,-0.5279311,0.031819157,-0.09016255,-0.71283007,-0.0040047765,-0.08433173,-0.8449425,-0.03739729,-0.07333486,-0.9636784,-0.05889113,-0.021605592,-0.5153132,0.018613886,-0.03925012,-0.74378884,-0.022078248,-0.06811752,-0.8642232,-0.054068062,-0.08331172,-0.99652356,-0.068299256,0.05258713,-0.4622446,-0.0044940426,0.06272084,-0.6225214,-0.074034825,0.027456436,-0.45703918,-0.081120335,0.011754966,-0.35713717,-0.062211633,0.12532967,-0.38198066,-0.030587185,0.12877205,-0.5089548,-0.080700085,0.09114153,-0.40124196,-0.073403694,0.06999639,-0.32578024,-0.05367062
R,Zaith,Left,0.0,0.0,0.0,-0.08703352,-0.16611187,-0.01894217,-0.09645443,-0.36420894,-0.02625462,-0.030976806,-0.5102713,-0.043080535,0.026626237,-0.59465986,-0.05921896,-0.068065695,-0.5190977,0.021782957,-0.06508176,-0.69447255,-0.017275784,-0.05417067,-0.81312054,-0.050056823,-0.0400349,-0.9218334,-0.07141664,-0.0022957358,-0.51446927,0.0008986116,-0.014023293,-0.7376089,-0.044956863,-0.038733054,-0.8639164,-0.0772175,-0.051395245,-0.9986784,-0.092067145,0.06666179,-0.46009862,-0.02695982,0.07823862,-0.6169417,-0.09436944,0.037027527,-0.46746722,-0.09592187,0.015576299,-0.36936375,-0.07535793,0.13589554,-0.3693014,-0.057096098,0.14256448,-0.49790102,-0.10406788,0.10293161,-0.40641904,-0.09313063,0.078671105,-0.33739012,-0.07198469
R,Zaith,Left,0.0,0.0,0.0,-0.08396478,-0.16968201,-0.016111188,-0.09460277,-0.36407107,-0.024719115,-0.034718327,-0.50373083,-0.04386668,0.016449047,-0.58929694,-0.06233509,-0.065941736,-0.5236812,0.016909692,-0.0656382,-0.6980756,-0.02593566,-0.058200266,-0.8179257,-0.061662268,-0.04751938,-0.92904794,-0.08488729,-0.0012640771,-0.5196518,-0.005634266,-0.014759136,-0.7368697,-0.05447487,-0.040817037,-0.8638724,-0.08792066,-0.055257738,-0.9984721,-0.103592314,0.06881976,-0.46699792,-0.0345229,0.07875933,-0.6193076,-0.10177185,0.036620907,-0.47133058,-0.10248564,0.012555637,-0.36520746,-0.08140982,0.13826574,-0.3750776,-0.06565355,0.14646612,-0.50353354,-0.11101183,0.10260161,-0.41678995,-0.0992759,0.07242535,-0.34098175,-0.07745533
R,Zaith,Left,0.0,0.0,0.0,-0.09600963,-0.16236886,-0.03240906,-0.11270308,-0.36007327,-0.04452667,-0.048784222,-0.51099336,-0.06324664,0.007126376,-0.6087945,-0.08058009,-0.09820996,-0.5260018,0.012063529,-0.099583246,-0.7012382,-0.031004693,-0.095701,-0.82594436,-0.066564046,-0.088098586,-0.93789715,-0.08943357,-0.02880313,-0.528049,-0.0036994757,-0.053407464,-0.7485782,-0.053631127,-0.08630797,-0.8673646,-0.08715499,-0.10780179,-0.9941724,-0.10161929,0.046105262,-0.47926793,-0.028091718,0.053788878,-0.6229577,-0.10177081,0.021901106,-0.45753536,-0.10498363,0.005024712,-0.354765,-0.08335576,0.1189534,-0.39380503,-0.055682253,0.12055718,-0.51466733,-0.10633605,0.084841356,-0.40729898,-0.09556912,0.063168645,-0.33208424,-0.07341426
R,Zaith,Left,0.0,0.0,0.0,-0.09598842,-0.16712657,-0.0314086,-0.11130704,-0.36459437,-0.04273177,-0.045971617,-0.518585,-0.06110975,0.014098943,-0.6175964,-0.07813588,-0.09581021,-0.5298303,0.016385654,-0.097050615,-0.7136544,-0.021914704,-0.095212586,-0.8415646,-0.054132964,-0.089536816,-0.95632416,-0.07533258,-0.02681237,-0.5290055,0.001501491,-0.049639653,-0.7519105,-0.042806458,-0.08412989,-0.8702619,-0.073297046,-0.10561826,-0.99440676,-0.08676066,0.0469427,-0.478599,-0.022108724,0.05696046,-0.63089836,-0.09109591,0.021596193,-0.46706903,-0.09421643,0.0032699932,-0.35925028,-0.073661044,0.1185107,-0.39209092,-0.04894478,0.12015494,-0.51845866,-0.09678919,0.08058881,-0.4174105,-0.08687719,0.056190725,-0.33923694,-0.0660024
R,Zaith,Left,0.0,0.0,0.0,-0.097775355,-0.15630956,-0.024298197,-0.117004335,-0.35218534,-0.034283645,-0.056208666,-0.51354885,-0.052902997,0.0015536757,-0.6154216,-0.07055675,-0.10369119,-0.502803,0.016685473,-0.111545704,-0.6880719,-0.024713978,-0.110106975,-0.8159322,-0.059868474,-0.10363616,-0.9356151,-0.08371864,-0.035341103,-0.51617944,-0.0017210976,-0.06190594,-0.7419153,-0.04755637,-0.09619961,-0.86234766,-0.08030924,-0.117399305,-0.9930848,-0.096767135,0.038470984,-0.47706252,-0.027846308,0.0458729,-0.64252687,-0.09390093,0.014099872,-0.48632655,-0.09549007,-0.0022219233,-0.3821013,-0.075807855,0.111583255,-0.40022376,-0.05702268,0.116020665,-0.5379462,-0.10290501,0.07838805,-0.44162294,-0.09292682,0.05295188,-0.36118546,-0.07297041
R,Zaith,Left,0.0,0.0,0.0,-0.10297377,-0.15428372,-0.04200261,-0.12548342,-0.34403634,-0.05896647,-0.06496084,-0.50300205,-0.08183226,-0.007251272,-0.6067386,-0.102904595,-0.11112132,-0.5104793,0.0025925213,-0.12351738,-0.69668305,-0.046902835,-0.12654851,-0.83259976,-0.08812417,-0.123612605,-0.95517397,-0.11556459,-0.039082408,-0.51802856,-0.010386547,-0.07127531,-0.73631847,-0.06723274,-0.10784603,-0.86346424,-0.10624144,-0.13178049,-0.99127895,-0.12508853,0.03717063,-0.4751623,-0.033245865,0.041522417,-0.63027114,-0.11363407,0.014832559,-0.46541265,-0.12073969,0.00037580225,-0.35219452,-0.10073526,0.1111535,-0.39892733,-0.06043352,0.11389412,-0.5262671,-0.118955724,0.07933845,-0.42741522,-0.11451299,0.055059783,-0.34741214,-0.0958225
R,Zaith,Left,0.0,0.0,0.0,-0.09623785,-0.14663848,-0.03488101,-0.12301972,-0.33819726,-0.0533709,-0.06517041,-0.49786633,-0.078548305,-0.003765232,-0.59588736,-0.10197542,-0.10103358,-0.52056897,-0.00722327,-0.11333492,-0.70801175,-0.05810961,-0.116451144,-0.84382683,-0.09825682,-0.1145866,-0.9682267,-0.12564167,-0.031224633,-0.53049785,-0.024185797,-0.060683627,-0.74910927,-0.08198476,-0.096490964,-0.8663736,-0.118145466,-0.12086362,-0.9926691,-0.13556916,0.04396819,-0.48637247,-0.0486704,0.04948276,-0.62917995,-0.124622315,0.019420275,-0.46438247,-0.124215834,0.0028381213,-0.35336336,-0.101208754,0.11740162,-0.40238887,-0.077156276,0.12055154,-0.5241475,-0.13002151,0.084042765,-0.42525125,-0.11973804,0.058826823,-0.3453711,-0.09816376
R,Zaith,Left,0.0,0.0,0.0,-0.101767644,-0.12432397,-0.051117316,-0.141071,-0.30455944,-0.0793114,-0.094917424,-0.46429554,-0.11073409,-0.0366588,-0.5732904,-0.13946885,-0.12683523,-0.50381345,-0.029666526,-0.14203547,-0.68768513,-0.08810794,-0.14896815,-0.81953526,-0.13143215,-0.15240458,-0.9384947,-0.15957262,-0.0537728,-0.52190113,-0.04101995,-0.093222275,-0.7401353,-0.1067645,-0.13414033,-0.8588303,-0.14415538,-0.16550367,-0.98620915,-0.16051069,0.026068483,-0.48512402,-0.060899016,0.02351084,-0.61841786,-0.14471777,0.00211396,-0.44582674,-0.14402214,-0.010356787,-0.3351156,-0.118437484,0.10504839,-0.40950668,-0.08578495,0.10322155,-0.52539253,-0.1439234,0.07094723,-0.41926137,-0.1332176,0.04736787,-0.33923337,-0.10993074
R,Zaith,Left,0.0,0.0,0.0,-0.10114857,-0.10546437,-0.040376294,-0.14755856,-0.29084653,-0.06276502,-0.10597889,-0.4627907,-0.09029119,-0.051303715,-0.5735347,-0.11588647,-0.13408914,-0.48830876,-0.024088902,-0.15746602,-0.68215376,-0.07899533,-0.16745809,-0.8197155,-0.12069619,-0.17393465,-0.9497699,-0.1492559,-0.065235585,-0.51211554,-0.039171986,-0.10875917,-0.7362631,-0.10032298,-0.15032339,-0.85171145,-0.1362937,-0.18257143,-0.98319256,-0.15374798,0.011839819,-0.48364004,-0.061111238,0.008691924,-0.6354547,-0.13995698,-0.009818355,-0.46070763,-0.13688765,-0.021381006,-0.34326074,-0.11185533,0.09052805,-0.41728696,-0.08731492,0.08927578,-0.55182964,-0.1443239,0.059987698,-0.4400061,-0.13311015,0.037158534,-0.34850845,-0.11017905
R,Zaith,Left,0.0,0.0,0.0,-0.09078037,-0.11968484,-0.07882482,-0.12792377,-0.28054982,-0.12036095,-0.07578306,-0.42304188,-0.1592491,-0.006981435,-0.53267896,-0.19421636,-0.11162664,-0.5069049,-0.05684452,-0.121517256,-0.6815903,-0.124078475,-0.12257286,-0.8181923,-0.17303187,-0.12011173,-0.94014126,-0.20491254,-0.036281288,-0.51482844,-0.061200663,-0.07251859,-0.74025667,-0.13753173,-0.10973166,-0.862408,-0.18189038,-0.13716073,-0.9905488,-0.20178568,0.043564785,-0.46527746,-0.076871336,0.049264047,-0.57726914,-0.17579788,0.02680555,-0.4145969,-0.18578342,0.008731992,-0.33238617,-0.16544756,0.11902841,-0.383713,-0.0992068,0.12633492,-0.48894316,-0.1688174,0.09695643,-0.3767811,-0.1643089,0.07101345,-0.30451697,-0.1450885
R,Zaith,Left,0.0,0.0,0.0,-0.086921245,-0.11573465,-0.108334415,-0.119762614,-0.27161974,-0.16804825,-0.057999477,-0.39823022,-0.22058344,0.021242404,-0.5118152,-0.26735988,-0.10304233,-0.51802146,-0.07764189,-0.09700652,-0.6780967,-0.15424721,-0.090953104,-0.81796026,-0.2022756,-0.08081991,-0.93235976,-0.2298389,-0.02699088,-0.5116937,-0.07056848,-0.05733,-0.73938406,-0.14657792,-0.08544912,-0.8485435,-0.17495276,-0.10467361,-0.99450666,-0.1803414,0.05344494,-0.45649195,-0.080899745,0.0647973,-0.54629165,-0.18452406,0.04199049,-0.3818605,-0.19030128,0.024723051,-0.33397347,-0.16542964,0.12685107,-0.38049486,-0.10117448,0.13861732,-0.44803247,-0.17532346,0.10539058,-0.33541316,-0.17471872,0.07644477,-0.29294586,-0.15812135
R,Zaith,Left,0.0,0.0,0.0,-0.07853033,-0.117051266,-0.11965273,-0.10564751,-0.26792085,-0.1872448,-0.04319669,-0.382438,-0.24663977,0.04107498,-0.48811844,-0.29901278,-0.08888467,-0.5253606,-0.08823766,-0.08363171,-0.6965602,-0.17126842,-0.07658961,-0.84588957,-0.22209062,-0.06524068,-0.97010356,-0.2513722,-0.010307599,-0.5098517,-0.07833538,-0.034352697,-0.7342814,-0.16339828,-0.0612241,-0.84306836,-0.19452699,-0.07941313,-0.9968418,-0.20028728,0.07076043,-0.44932804,-0.087390766,0.08704175,-0.53025377,-0.19789246,0.06103886,-0.36518487,-0.20365599,0.038419455,-0.33015496,-0.17739902,0.14560363,-0.37626857,-0.10762517,0.16351181,-0.44149846,-0.18491118,0.12749696,-0.33417448,-0.18515567,0.093350664,-0.29859015,-0.16842823
R,Zaith,Left,0.0,0.0,0.0,-0.08638599,-0.100909874,-0.06452457,-0.13293125,-0.27086568,-0.09782434,-0.081625685,-0.41062644,-0.12856507,-0.006204862,-0.50052565,-0.15429936,-0.11224262,-0.5111475,-0.04980683,-0.123407744,-0.69424754,-0.10620119,-0.12752204,-0.8220421,-0.14546297,-0.13307512,-0.9373815,-0.17175417,-0.036785528,-0.5255645,-0.05647097,-0.07213147,-0.75025064,-0.120922685,-0.110688776,-0.8620578,-0.15679707,-0.14168926,-0.9899112,-0.17182136,0.041891586,-0.47773916,-0.07196558,0.04409834,-0.5568592,-0.15112099,0.020050557,-0.4027391,-0.15286945,0.0010714418,-0.34438705,-0.1315969,0.11793724,-0.39328325,-0.093766496,0.12219452,-0.47074226,-0.14583838,0.09195255,-0.363168,-0.13477176,0.065943465,-0.3112579,-0.114047654
R,Zaith,Left,0.0,0.0,0.0,-0.09840592,-0.1000133,-0.08909335,-0.1511456,-0.25476804,-0.14123794,-0.112064384,-0.38338986,-0.1890601,-0.047248572,-0.48604652,-0.23273183,-0.13794261,-0.49108815,-0.07847039,-0.15245052,-0.6566913,-0.15203628,-0.16137095,-0.784329,-0.20023167,-0.16816254,-0.8919198,-0.2291899,-0.06207987,-0.49696493,-0.08186823,-0.10820472,-0.7328621,-0.15914337,-0.14791663,-0.8514888,-0.19604994,-0.17966396,-0.98372805,-0.20924401,0.021455899,-0.45202962,-0.09823881,0.010996034,-0.55202633,-0.1987214,-0.009542149,-0.40513125,-0.21205732,-0.026386281,-0.3517545,-0.19463974,0.098870434,-0.3841018,-0.12223054,0.10026793,-0.46264282,-0.19302326,0.06744544,-0.3566297,-0.19306023,0.03842751,-0.3020647,-0.17850292
R,Zaith,Left,0.0,0.0,0.0,-0.09527232,-0.08871585,-0.10208866,-0.15074752,-0.23782635,-0.16288722,-0.11979968,-0.36307758,-0.21701871,-0.054207277,-0.47208112,-0.26621902,-0.1427617,-0.4912422,-0.09295562,-0.15457755,-0.66168267,-0.1744093,-0.1645083,-0.78949976,-0.22692874,-0.17220591,-0.8949597,-0.25764704,-0.0645752,-0.4950886,-0.09259689,-0.10919621,-0.73467934,-0.17771573,-0.1504296,-0.85287255,-0.21666576,-0.18437012,-0.98285687,-0.22924265,0.02203858,-0.44916528,-0.10655442,0.009858474,-0.5449379,-0.21444649,-0.009883265,-0.39851487,-0.22844706,-0.025019612,-0.34827408,-0.20956495,0.10118989,-0.3796067,-0.12907399,0.10005915,-0.45310676,-0.20417574,0.06839223,-0.3430142,-0.20391203,0.042050347,-0.28973112,-0.18793042
R,Zaith,Left,0.0,0.0,0.0,-0.10777086,-0.08893825,-0.09109406,-0.16859828,-0.23841721,-0.14597702,-0.13822354,-0.36742166,-0.1966982,-0.07540557,-0.47766864,-0.24386704,-0.15498692,-0.47827137,-0.0895164,-0.17688034,-0.6604213,-0.1676624,-0.18966475,-0.79693633,-0.22121781,-0.19658247,-0.9171149,-0.2555977,-0.07951861,-0.48799127,-0.09476254,-0.1321011,-0.7239151,-0.18069227,-0.17335796,-0.8483224,-0.22852977,-0.20599712,-0.9785526,-0.25079364,0.003937631,-0.44766638,-0.11181795,-0.010353395,-0.5516072,-0.2196958,-0.028498856,-0.40681407,-0.24138556,-0.044495583,-0.34037834,-0.22995158,0.08113596,-0.38303292,-0.13612631,0.08126063,-0.4622892,-0.21352258,0.050349277,-0.3572216,-0.21959408,0.022680437,-0.29267916,-0.20950066
R,Zaith,Left,0.0,0.0,0.0,-0.09411019,-0.09271169,-0.056458373,-0.14965393,-0.25429812,-0.08957263,-0.11218201,-0.39828625,-0.12296772,-0.040506933,-0.47983563,-0.15316212,-0.13063875,-0.48977807,-0.05014987,-0.14804994,-0.6667583,-0.107887074,-0.15760626,-0.79221237,-0.14844874,-0.16775008,-0.9076176,-0.17577216,-0.056764945,-0.5098212,-0.061900668,-0.09768884,-0.73747116,-0.12604733,-0.13875028,-0.85364765,-0.16235256,-0.17417543,-0.9847146,-0.17868803,0.022828374,-0.46661344,-0.08125166,0.017090753,-0.5619722,-0.16259733,-0.0047993017,-0.40938398,-0.16839853,-0.02269634,-0.33585587,-0.1495876,0.09949588,-0.3836375,-0.10567483,0.10232335,-0.47269166,-0.16045491,0.07213156,-0.37114623,-0.15298569,0.046347298,-0.30806348,-0.13471441
R,Zaith,Left,0.0,0.0,0.0,-0.086054474,-0.10179328,-0.10622537,-0.13149472,-0.24931936,-0.16696277,-0.088606104,-0.37211546,-0.220233,-0.014559577,-0.47495934,-0.2668067,-0.1198762,-0.50611645,-0.08157177,-0.12457609,-0.666557,-0.15794207,-0.12327569,-0.79938835,-0.20506214,-0.12300419,-0.9078934,-0.23166089,-0.040927853,-0.50614214,-0.07669225,-0.07706882,-0.7392309,-0.15594839,-0.1095631,-0.85209745,-0.18772057,-0.13861892,-0.9903458,-0.1942402,0.042701267,-0.45508033,-0.08800125,0.042353306,-0.53809375,-0.19306542,0.025070958,-0.37785688,-0.20182937,0.007278817,-0.33697885,-0.17816941,0.12016293,-0.38583058,-0.1085831,0.1284073,-0.4492438,-0.18044196,0.09755782,-0.33336025,-0.17836413,0.06694177,-0.29004195,-0.16079828
R,Zaith,Left,0.0,0.0,0.0,-0.087273635,-0.11898583,-0.09070414,-0.123624936,-0.27533296,-0.13789591,-0.071504734,-0.40002972,-0.18045832,0.0025838828,-0.5013335,-0.21737562,-0.102127336,-0.5102633,-0.056206856,-0.10953499,-0.67568666,-0.11993099,-0.106167994,-0.80749935,-0.16217692,-0.1000616,-0.921808,-0.18766819,-0.026902286,-0.51160616,-0.055241458,-0.06335611,-0.7386794,-0.12503502,-0.094019026,-0.8612206,-0.15935439,-0.116371594,-0.9932057,-0.17053038,0.051448774,-0.460218,-0.06895062,0.05687139,-0.54907763,-0.16853243,0.037628498,-0.38997462,-0.18175653,0.01891196,-0.32587737,-0.16209738,0.12502411,-0.3869211,-0.09027549,0.13693646,-0.4642096,-0.1605566,0.1069484,-0.35112676,-0.16036795,0.076588854,-0.29333618,-0.14436808
R,Zaith,Left,0.0,0.0,0.0,-0.08584493,-0.11678441,-0.10487978,-0.12011574,-0.2776369,-0.15924849,-0.06387582,-0.401135,-0.20615816,0.018150505,-0.5029524,-0.24696708,-0.0993684,-0.5211261,-0.075697504,-0.100911655,-0.70079815,-0.1462603,-0.096098736,-0.84073097,-0.19362496,-0.09089733,-0.9638917,-0.2234827,-0.020222768,-0.51773655,-0.069409624,-0.04724823,-0.7455911,-0.14905299,-0.07582937,-0.86444944,-0.18908514,-0.10104296,-0.99488205,-0.20375104,0.05969762,-0.46133167,-0.07817289,0.07156111,-0.5514361,-0.18479265,0.05056293,-0.38616377,-0.19791281,0.027739542,-0.32498118,-0.17745844,0.13298063,-0.38574564,-0.09571269,0.14778794,-0.4607134,-0.171471,0.11789842,-0.34459376,-0.17224957,0.08717496,-0.2890578,-0.15627226
R,Zaith,Left,0.0,0.0,0.0,-0.081066325,-0.11582039,-0.12124281,-0.10865895,-0.27034461,-0.18082838,-0.040949877,-0.3832418,-0.22930036,0.04377915,-0.48558018,-0.26942348,-0.08733953,-0.5286423,-0.083731085,-0.07808747,-0.6891579,-0.16511407,-0.0670702,-0.83080053,-0.2162491,-0.05540401,-0.9491878,-0.24547789,-0.008775531,-0.5198,-0.0707229,-0.031765305,-0.7479407,-0.15502012,-0.05859847,-0.85655695,-0.1882823,-0.07815243,-0.99694145,-0.19471619,0.069947064,-0.46109483,-0.076794505,0.08349069,-0.52683467,-0.1877819,0.060174953,-0.35822842,-0.19480637,0.04145158,-0.32662144,-0.16784695,0.14125305,-0.38373375,-0.09403346,0.15649872,-0.43673384,-0.17064294,0.122148246,-0.32003245,-0.16952951,0.08996318,-0.28741753,-0.15125322
R,Zaith,Left,0.0,0.0,0.0,-0.07885217,-0.1115647,-0.1422455,-0.10356353,-0.2622055,-0.2156026,-0.034181707,-0.3702018,-0.27532494,0.049998015,-0.4782224,-0.32638508,-0.08766703,-0.52212805,-0.10526518,-0.07436214,-0.6778739,-0.19952832,-0.06141552,-0.82132906,-0.2540265,-0.044352517,-0.9422777,-0.28206044,-0.007725648,-0.5012377,-0.08551347,-0.026127575,-0.7309668,-0.17594878,-0.050425865,-0.8353202,-0.20377022,-0.069502525,-0.9975818,-0.20414335,0.073835,-0.44070628,-0.0887304,0.09590579,-0.51707095,-0.20964938,0.071195915,-0.3496747,-0.22057371,0.046135396,-0.32640547,-0.19415556,0.1474681,-0.36806312,-0.104738064,0.17040606,-0.41968536,-0.18925296,0.13354011,-0.31516576,-0.19502501,0.09372868,-0.28671,-0.18069379
R,Zaith,Left,0.0,0.0,0.0,-0.09053205,-0.11640621,-0.042400073,-0.13375047,-0.300117,-0.060341038,-0.08937724,-0.46938702,-0.08124085,-0.027085004,-0.5728539,-0.09880414,-0.1276281,-0.5028146,-0.011797133,-0.14226149,-0.68681324,-0.05910705,-0.14910722,-0.81333905,-0.093729034,-0.1535558,-0.9311056,-0.116283394,-0.05826274,-0.52449024,-0.023919132,-0.1010262,-0.74903107,-0.07613244,-0.1400695,-0.85514724,-0.10702799,-0.16923931,-0.98557496,-0.119748294,0.018618345,-0.4918479,-0.044224735,0.0245104,-0.62046826,-0.11692933,0.0076897475,-0.45076722,-0.11590178,-0.0050314795,-0.36620662,-0.09224852,0.096954316,-0.4189048,-0.06878781,0.09935799,-0.53206116,-0.115813665,0.07499132,-0.42097118,-0.10156777,0.055910725,-0.3542669,-0.07806675
R,Zaith,Left,0.0,0.0,0.0,-0.09307335,-0.12352485,-0.04932783,-0.13425946,-0.30079606,-0.07604411,-0.090172976,-0.462454,-0.10595802,-0.026831368,-0.5687859,-0.13287513,-0.11981762,-0.5119396,-0.02287217,-0.13624455,-0.6901028,-0.07885284,-0.14181411,-0.81937826,-0.120800704,-0.14310789,-0.9367769,-0.14816704,-0.04862781,-0.52903974,-0.03450422,-0.08966775,-0.7506633,-0.096405804,-0.12864237,-0.8618119,-0.13290778,-0.15666758,-0.9876514,-0.14889467,0.028871536,-0.49066198,-0.05480541,0.030763712,-0.6213999,-0.13586286,0.010443482,-0.4543378,-0.13582256,-0.0028109357,-0.35491076,-0.11131698,0.10726197,-0.41302365,-0.07992875,0.1093181,-0.5336626,-0.13456905,0.080282174,-0.42744148,-0.12231564,0.058320995,-0.3509117,-0.09865915
R,Zaith,Left,0.0,0.0,0.0,-0.08583606,-0.20268501,0.013076282,-0.10249819,-0.3545557,-0.021713879,-0.11612265,-0.46640056,-0.073234975,-0.114269055,-0.55426115,-0.12357464,0.00668507,-0.56880224,-0.041808076,-0.042813312,-0.7438919,-0.10973994,-0.070623554,-0.8703612,-0.15412271,-0.09161395,-0.9702575,-0.18485735,0.04828132,-0.5049947,-0.10028346,-0.0060653165,-0.74244744,-0.1877893,-0.05290825,-0.8906985,-0.23028404,-0.07751583,-0.9969911,-0.2526289,0.06503877,-0.4037527,-0.1575543,-0.04961749,-0.5422946,-0.22133629,-0.09554412,-0.4541316,-0.18661036,-0.092604905,-0.38760352,-0.15041378,0.057704393,-0.28802598,-0.21773729,-0.047507685,-0.39651254,-0.24589336,-0.08533386,-0.34794796,-0.20933296,-0.080924146,-0.28913507,-0.17564666
R,Zaith,Left,0.0,0.0,0.0,-0.08208832,-0.1928421,0.011469884,-0.10044246,-0.35572705,-0.013170341,-0.11626347,-0.47018817,-0.049919553,-0.1269209,-0.5684747,-0.085522674,0.012562876,-0.5552077,-0.03532012,-0.04610949,-0.7313965,-0.092160374,-0.07667943,-0.8524018,-0.13077615,-0.0976772,-0.95299166,-0.15714191,0.050229594,-0.5011987,-0.08248061,-0.01642947,-0.7422619,-0.15063371,-0.06257706,-0.8877141,-0.18631476,-0.08724566,-0.99618685,-0.20648365,0.05991594,-0.4087424,-0.12799232,-0.06379668,-0.5521003,-0.18293774,-0.10402933,-0.4586571,-0.15603203,-0.096696734,-0.3872878,-0.12582727,0.04317846,-0.29757917,-0.17498139,-0.062268298,-0.41163594,-0.202409,-0.09545252,-0.3557332,-0.17158568,-0.08832174,-0.2931392,-0.14164378
R,Zaith,Left,0.0,0.0,0.0,-0.08891073,-0.17717977,-0.0049247993,-0.11726736,-0.33297786,-0.037947923,-0.13219963,-0.43834615,-0.08348023,-0.11796319,-0.5230316,-0.12705472,-0.012906608,-0.56740206,-0.041323096,-0.06492795,-0.7230956,-0.11096368,-0.093306184,-0.84701645,-0.16110237,-0.11496573,-0.9467175,-0.19588497,0.03660117,-0.51517236,-0.08688497,-0.022827119,-0.7346313,-0.1673415,-0.07096775,-0.8802566,-0.21193098,-0.09697619,-0.9952867,-0.23667733,0.06392408,-0.41494092,-0.13393863,-0.05318391,-0.5417606,-0.19797246,-0.096864045,-0.44061643,-0.17018247,-0.090668,-0.36952478,-0.13731182,0.06660537,-0.28827223,-0.18506524,-0.04029033,-0.38296884,-0.21768546,-0.08030815,-0.3315765,-0.18732044,-0.074238166,-0.27684146,-0.15670118
R,Zaith,Left,0.0,0.0,0.0,-0.086279586,-0.1251273,-0.024100471,-0.13353348,-0.29121414,-0.048187543,-0.1405623,-0.41987008,-0.080201685,-0.10117518,-0.4832045,-0.1100726,-0.06809383,-0.5217699,-0.024927586,-0.10765317,-0.6971882,-0.08246183,-0.12776576,-0.824437,-0.12273954,-0.13836034,-0.93075246,-0.14876977,-0.0066957907,-0.51621425,-0.051933054,-0.05214249,-0.73462176,-0.11498789,-0.09556126,-0.87362516,-0.15261883,-0.122135326,-0.9925135,-0.16982216,0.053082213,-0.4492649,-0.08366628,-0.026897829,-0.51884896,-0.15085667,-0.06779506,-0.40072414,-0.145632,-0.072499,-0.31820527,-0.122636095,0.09783899,-0.3416822,-0.11926046,0.017986054,-0.37921676,-0.15795086,-0.016142,-0.3066556,-0.14181495,-0.011512019,-0.25190753,-0.1189373
R,Zaith,Left,0.0,0.0,0.0,-0.08511957,-0.10618621,-0.0678926,-0.12061022,-0.27184576,-0.10001801,-0.056117937,-0.40452254,-0.12852876,0.019026706,-0.4871989,-0.15144727,-0.089942314,-0.5102983,-0.049081925,-0.07799488,-0.68950176,-0.10290059,-0.06910764,-0.81827676,-0.1394812,-0.064021066,-0.9363717,-0.1639654,-0.017859584,-0.5183056,-0.05155865,-0.03732966,-0.74118775,-0.11586344,-0.06397247,-0.8619603,-0.14987354,-0.08483008,-0.9963954,-0.16356021,0.053242125,-0.46660414,-0.06320088,0.0701823,-0.54720825,-0.1464032,0.041135985,-0.38417974,-0.14862598,0.017122088,-0.3173138,-0.12606959,0.12019015,-0.3776362,-0.081006646,0.13689235,-0.45209017,-0.13823713,0.10262942,-0.34293264,-0.13105972,0.069653474,-0.29425073,-0.11217453
R,Zaith,Left,0.0,0.0,0.0,-0.0888426,-0.095890075,-0.10051688,-0.13138019,-0.24342206,-0.15938291,-0.07274408,-0.36269742,-0.20995536,0.008925223,-0.45710686,-0.253964,-0.10728781,-0.50681686,-0.095834665,-0.109422825,-0.6709043,-0.18217175,-0.1056394,-0.80523324,-0.24253419,-0.10111862,-0.92841804,-0.28159687,-0.023712635,-0.51552594,-0.09329441,-0.0549933,-0.72741437,-0.1882775,-0.088441744,-0.84741217,-0.23674309,-0.11468226,-0.99340224,-0.25770086,0.062208835,-0.4629937,-0.10352722,0.069069006,-0.52567625,-0.21207425,0.039726485,-0.36561275,-0.21850695,0.017057031,-0.31357855,-0.19608814,0.1417662,-0.3767323,-0.122931376,0.15334345,-0.4284786,-0.19782367,0.111968264,-0.31480175,-0.19353686,0.07603576,-0.27111557,-0.17485967
R,Zaith,Left,0.0,0.0,0.0,-0.103383794,-0.10768209,-0.040801525,-0.16556895,-0.27188557,-0.06703678,-0.1378831,-0.43570536,-0.09838519,-0.08131061,-0.54461926,-0.12801278,-0.15743934,-0.4833753,-0.024986673,-0.19349343,-0.65604734,-0.082115084,-0.21152739,-0.78131664,-0.123339325,-0.2246781,-0.8989387,-0.15027697,-0.0855165,-0.5154525,-0.043258987,-0.14209297,-0.73336864,-0.10728399,-0.19140516,-0.8414136,-0.14516588,-0.23173007,-0.9727801,-0.16201326,-0.0014574482,-0.4903462,-0.06857719,-0.018819699,-0.60854304,-0.14906442,-0.036006052,-0.4477843,-0.14983979,-0.045238268,-0.35794634,-0.1266722,0.08520465,-0.4230571,-0.097798154,0.07068199,-0.5383622,-0.14897537,0.045874637,-0.4281126,-0.13397007,0.031659193,-0.35209066,-0.10933161
R,Zaith,Left,0.0,0.0,0.0,-0.10443685,-0.13432206,-0.025692098,-0.14889222,-0.3265556,-0.03737612,-0.10474612,-0.4978212,-0.057480115,-0.051142026,-0.6056693,-0.07638115,-0.13247697,-0.5057472,0.007817969,-0.1567659,-0.70084494,-0.032555114,-0.16835421,-0.8313679,-0.06427243,-0.17432413,-0.95279175,-0.08594236,-0.06440484,-0.52438325,-0.010416096,-0.11086597,-0.7439534,-0.058589637,-0.15246621,-0.85824883,-0.089083,-0.18076286,-0.9835267,-0.10310876,0.011936029,-0.49650183,-0.03572794,0.0026480935,-0.6589319,-0.10736348,-0.017024735,-0.48882774,-0.10871321,-0.026158374,-0.3678496,-0.08703087,0.09090567,-0.43266594,-0.063806504,0.08490625,-0.5720051,-0.116911426,0.05524528,-0.46652222,-0.10925538,0.035756692,-0.37483558,-0.0894067
S,Zaith,Right,0.0,0.0,0.0,0.21436723,-0.18107294,-0.04646451,0.37702948,-0.4684108,-0.04555042,0.38316396,-0.80101717,-0.046873465,0.2659817,-0.96397805,-0.035379004,0.2743568,-0.7196851,0.05743651,0.3074167,-0.9090633,-0.0059266784,0.2960875,-0.68210745,-0.035582125,0.2818293,-0.6282391,-0.04484326,0.13188131,-0.7545755,0.052393332,0.15832567,-0.9391033,-0.0059091095,0.1490786,-0.635264,-0.015330332,0.14133088,-0.63767606,-0.0062021366,-0.014003044,-0.73591924,0.029296335,0.008859585,-0.88509434,-0.05880235,0.010202441,-0.6022756,-0.034414273,-0.0059282044,-0.5972194,0.0046947515,-0.17407288,-0.68987215,0.0043061986,-0.1608466,-0.87663484,-0.03622651,-0.13263425,-0.7230533,0.004284408,-0.13222222,-0.6811111,0.046444625
S,Zaith,Right,0.0,0.0,0.0,0.2192555,-0.1637264,-0.050684616,0.38763613,-0.45955765,-0.05114867,0.37312755,-0.8013302,-0.052492976,0.25668466,-0.9664952,-0.039692845,0.30051684,-0.7295748,0.03729837,0.31193477,-0.9409178,-0.03613352,0.30143046,-0.6955344,-0.06849243,0.29926822,-0.6224008,-0.07868921,0.15316206,-0.76424915,0.032025866,0.15770797,-0.95772177,-0.03731511,0.15056165,-0.6440148,-0.045718044,0.15317787,-0.6221807,-0.034860246,0.0029367085,-0.7445717,0.008610085,0.011947849,-0.90310556,-0.09026698,0.011649542,-0.6062307,-0.06189854,0.005647952,-0.57953054,-0.01830211,-0.16178136,-0.6981314,-0.01698509,-0.1572304,-0.8902137,-0.06666735,-0.13110231,-0.7292103,-0.027316384,-0.123349205,-0.6821991,0.015341725
S,Zaith,Right,0.0,0.0,0.0,0.21418294,-0.16263175,-0.063118674,0.38353863,-0.44454366,-0.07165011,0.36947003,-0.79429054,-0.07769996,0.25063404,-0.9680819,-0.06552716,0.31160587,-0.734859,0.027600657,0.31723762,-0.95983064,-0.050886475,0.29951486,-0.7044175,-0.082538545,0.30440703,-0.63881135,-0.09183796,0.16702253,-0.76784796,0.02768881,0.16636331,-0.9800711,-0.048565038,0.15475002,-0.6387706,-0.05053398,0.16480091,-0.6294865,-0.031545926,0.02045871,-0.7524334,0.008280315,0.015475249,-0.9299539,-0.09303641,0.016767435,-0.6058059,-0.05198153,0.021859689,-0.58787674,0.002417991,-0.13985291,-0.7135989,-0.015268655,-0.14275114,-0.896055,-0.0629966,-0.11902715,-0.70971817,-0.015785009,-0.11118541,-0.6642348,0.03385849
S,Zaith,Right,0.0,0.0,0.0,0.21764635,-0.16563083,-0.06048861,0.38654226,-0.4553607,-0.0661224,0.36964458,-0.79965174,-0.06951934,0.24648063,-0.96914774,-0.055724945,0.2912543,-0.74245673,0.031281747,0.3076097,-0.9536093,-0.04761759,0.29655957,-0.6913874,-0.07974863,0.2952596,-0.6200765,-0.08844543,0.1482478,-0.77683216,0.030484175,0.15830982,-0.9830698,-0.044373106,0.15153557,-0.636033,-0.0485698,0.15493603,-0.6237485,-0.031482846,0.00095482165,-0.75979304,0.010315465,0.003192743,-0.9224756,-0.09332865,0.008312994,-0.5923267,-0.056788944,0.0076848413,-0.57566535,-0.0049245,-0.16327302,-0.71849626,-0.012762242,-0.1647798,-0.88822424,-0.062302865,-0.13838074,-0.69663393,-0.016345754,-0.13630803,-0.65318316,0.032389652
S,Zaith,Right,0.0,0.0,0.0,0.22256838,-0.19093055,-0.04837543,0.3843429,-0.47472537,-0.04974974,0.38056767,-0.8003152,-0.05398676,0.26646242,-0.9638453,-0.043832965,0.2909006,-0.73222446,0.05252871,0.30911607,-0.93738765,-0.016648348,0.3048127,-0.69989216,-0.0479753,0.30448976,-0.6405462,-0.057989568,0.14915137,-0.76733583,0.046795283,0.16489753,-0.9511561,-0.015525895,0.16071236,-0.6352353,-0.023510221,0.16627134,-0.6426544,-0.013458743,0.0036271778,-0.74913,0.022106942,0.018889535,-0.8980223,-0.06959467,0.023385141,-0.60675585,-0.040937055,0.020507548,-0.60600966,0.0009221609,-0.15761763,-0.7046296,-0.0052368594,-0.15285242,-0.8868041,-0.047692493,-0.121492706,-0.73164034,-0.006293564,-0.113050655,-0.6950242,0.036339507
S,Zaith,Right,0.0,0.0,0.0,0.21155423,-0.17134531,-0.04622403,0.37625933,-0.4456108,-0.055720557,0.39771488,-0.7694857,-0.069870904,0.29277492,-0.9561814,-0.07205708,0.28032464,-0.71478814,0.030267827,0.329091,-0.89654124,-0.040521156,0.31264243,-0.6617649,-0.07023707,0.2877291,-0.6194981,-0.08076115,0.135602,-0.75815547,0.01981548,0.17677157,-0.93021727,-0.049212314,0.16739757,-0.6216042,-0.058657717,0.15336548,-0.6361606,-0.0508697,-0.012697395,-0.7412181,-0.0070723356,0.027802974,-0.89465696,-0.102703765,0.030152312,-0.6099772,-0.07401526,0.0053044055,-0.6040408,-0.0333687,-0.1742033,-0.6967013,-0.036028832,-0.16312702,-0.88703704,-0.0873746,-0.121063314,-0.7870301,-0.053798534,-0.10612737,-0.7899156,-0.017103624
S,Zaith,Right,0.0,0.0,0.0,0.21258081,-0.15343611,-0.05079507,0.3796335,-0.4504728,-0.051391773,0.4083425,-0.78113145,-0.053608563,0.2999713,-0.9539482,-0.041768864,0.28436953,-0.7090381,0.038811654,0.32968295,-0.8989397,-0.03225873,0.3074683,-0.6588732,-0.061700504,0.28726545,-0.614974,-0.07104593,0.14114536,-0.7561657,0.031645425,0.1838512,-0.93917006,-0.038603164,0.16246527,-0.6166478,-0.045979276,0.14576986,-0.62652373,-0.03343252,-0.007908893,-0.7527131,0.0059234514,0.028685668,-0.90608394,-0.09219682,0.022327956,-0.6047508,-0.06333902,-0.0010170119,-0.607058,-0.01971886,-0.16951844,-0.7272685,-0.022261947,-0.14028324,-0.9043778,-0.07236586,-0.12021796,-0.7328449,-0.031874176,-0.13282853,-0.6975762,0.011402645
S,Zaith,Right,0.0,0.0,0.0,0.21248329,-0.14695273,-0.044548124,0.38844848,-0.43143013,-0.05185803,0.42760137,-0.75928384,-0.06319974,0.3227509,-0.94648397,-0.064206526,0.28307906,-0.70554835,0.014632724,0.33144864,-0.88888055,-0.05080694,0.31838003,-0.66307896,-0.07480659,0.29347846,-0.6335966,-0.083011575,0.13746227,-0.7557963,0.0020935778,0.18562,-0.93932307,-0.06314923,0.17608258,-0.63427526,-0.06900043,0.15485986,-0.65103376,-0.060613032,-0.014214215,-0.7480442,-0.025344292,0.035228793,-0.9094827,-0.11856476,0.036675796,-0.62481946,-0.09175108,0.0046160165,-0.61830837,-0.05446426,-0.17834543,-0.7170364,-0.05423685,-0.15522301,-0.9264716,-0.105708905,-0.11979856,-0.8123738,-0.072261885,-0.11767615,-0.7956343,-0.037198678
S,Zaith,Right,0.0,0.0,0.0,0.20146374,-0.1534652,-0.04841945,0.37699285,-0.40980616,-0.0609397,0.42262405,-0.73203516,-0.07719632,0.3278354,-0.9447349,-0.082361095,0.26411358,-0.69159657,0.011609541,0.33234945,-0.8585122,-0.05914791,0.31191078,-0.6288922,-0.08207276,0.27318868,-0.60359025,-0.08748209,0.12410296,-0.74831957,-5.137998e-05,0.19154698,-0.93663204,-0.07707676,0.17585126,-0.62053823,-0.083560675,0.1443148,-0.6270946,-0.070925355,-0.024072591,-0.74998444,-0.026633179,0.037596315,-0.9219759,-0.12829445,0.036328193,-0.6264575,-0.096651345,-0.006897131,-0.61394036,-0.051635385,-0.19052212,-0.72744334,-0.054666057,-0.15335067,-0.92861176,-0.110707745,-0.119716264,-0.7947799,-0.07362686,-0.1317375,-0.7734829,-0.032669626
S,Zaith,Right,0.0,0.0,0.0,0.20242602,-0.17348304,-0.049467366,0.3706538,-0.41858774,-0.06454525,0.42839995,-0.7229272,-0.08465009,0.33896,-0.9408008,-0.09232949,0.25668666,-0.7167494,0.019050665,0.33704263,-0.88766384,-0.05164978,0.31229463,-0.6500637,-0.07067239,0.26276273,-0.6239765,-0.07198109,0.12328286,-0.77475816,0.0066025816,0.20534204,-0.9671128,-0.07330427,0.18205582,-0.63353056,-0.07748503,0.13602223,-0.63847595,-0.060011655,-0.02357118,-0.7823044,-0.021621345,0.049295895,-0.95111716,-0.12713292,0.043440275,-0.6376418,-0.091884196,-0.013063149,-0.6213947,-0.04058623,-0.19181602,-0.7711682,-0.051181845,-0.1412952,-0.9774095,-0.10765915,-0.110963024,-0.80692935,-0.063175425,-0.13863182,-0.7595431,-0.013946347
S,Zaith,Right,0.0,0.0,0.0,0.20607755,-0.17268391,-0.046189006,0.3763069,-0.42269346,-0.06064303,0.4382238,-0.72621286,-0.081395015,0.34766227,-0.9376198,-0.09092211,0.24884365,-0.73112136,0.019492922,0.33094665,-0.90744066,-0.048939504,0.32018274,-0.66836846,-0.0678997,0.27321586,-0.62864965,-0.06878092,0.11990752,-0.78394383,0.006113768,0.20428552,-0.98512423,-0.072503775,0.190645,-0.65362,-0.079350255,0.13999267,-0.64010775,-0.06364688,-0.02357865,-0.78758985,-0.022014005,0.052903887,-0.9666544,-0.12553005,0.053414956,-0.66081053,-0.09485399,-0.0062454403,-0.6291971,-0.04646888,-0.19016446,-0.7720089,-0.05095687,-0.13791892,-0.98966336,-0.10722064,-0.09936505,-0.8327864,-0.066110305,-0.12266198,-0.78044343,-0.019176824
S,Zaith,Right,0.0,0.0,0.0,0.20427954,-0.16505417,-0.048485365,0.37157953,-0.41298705,-0.0679054,0.43493155,-0.71578944,-0.094637275,0.34768626,-0.9376109,-0.109818,0.24815004,-0.72053677,0.011024162,0.32507804,-0.92246,-0.06343223,0.32072356,-0.68408716,-0.08299258,0.2707368,-0.63640225,-0.08139385,0.11867558,-0.77054125,-0.0021558409,0.1995954,-0.9797245,-0.08101868,0.1926243,-0.64228696,-0.084246084,0.13947384,-0.6369552,-0.06592396,-0.022961427,-0.7783715,-0.030695625,0.05574932,-0.96369815,-0.13608336,0.058141354,-0.644459,-0.10085649,-0.007594354,-0.6083043,-0.048396498,-0.18770418,-0.771186,-0.060389664,-0.12986499,-0.9945801,-0.1181801,-0.0980413,-0.83611906,-0.0744415,-0.13666517,-0.7810558,-0.02458627
S,Zaith,Right,0.0,0.0,0.0,0.1862852,-0.20167504,-0.047514345,0.33835998,-0.46996656,-0.06607287,0.37468797,-0.77344537,-0.091133915,0.26715982,-0.96365225,-0.105424955,0.206912,-0.75634474,0.01348247,0.27527988,-0.9347537,-0.05820101,0.2683904,-0.6991874,-0.08038378,0.22360463,-0.64908975,-0.0833521,0.07263583,-0.7861932,-0.000497297,0.13847923,-0.98647076,-0.080929235,0.13754754,-0.66467494,-0.08963001,0.095348425,-0.6522905,-0.075751804,-0.07125823,-0.7642379,-0.02894884,-0.011780459,-0.94523346,-0.13055837,0.0019607511,-0.6538418,-0.09938331,-0.048797257,-0.61886746,-0.05197054,-0.23463091,-0.7174036,-0.058728945,-0.20322014,-0.94250923,-0.112404495,-0.16172555,-0.80139565,-0.07018719,-0.17827426,-0.7463118,-0.02310131
S,Zaith,Right,0.0,0.0,0.0,0.1873114,-0.17990556,-0.054053757,0.34638965,-0.4602331,-0.072292075,0.38710532,-0.7707485,-0.0939859,0.28236955,-0.9593057,-0.102794655,0.20697461,-0.74824715,0.00011096163,0.2739017,-0.93659216,-0.06899862,0.2685104,-0.67979497,-0.08515978,0.22916,-0.6371097,-0.085682854,0.07535961,-0.7795023,-0.00948963,0.13945085,-0.9835245,-0.08764698,0.13909991,-0.64834476,-0.08925999,0.09890644,-0.6447188,-0.07175547,-0.06517325,-0.76385516,-0.033749204,-0.005515702,-0.9451452,-0.13360119,0.008527785,-0.6364547,-0.09633193,-0.0399735,-0.6053721,-0.046466496,-0.22492155,-0.73177433,-0.060272075,-0.18974136,-0.9392493,-0.113153346,-0.15008025,-0.78497845,-0.070311315,-0.17001761,-0.73632425,-0.024141546
S,Zaith,Right,0.0,0.0,0.0,0.20409507,-0.15986276,-0.06014884,0.37933388,-0.43397292,-0.07525189,0.41986027,-0.7622537,-0.0914408,0.30661273,-0.9518344,-0.09453619,0.26470014,-0.7194202,0.025171604,0.3257875,-0.9089673,-0.05272197,0.31053856,-0.6602601,-0.08587468,0.2805375,-0.59734184,-0.09621869,0.12781714,-0.76415116,0.02083,0.17826201,-0.96217465,-0.061447673,0.17041034,-0.62289166,-0.07268694,0.14601484,-0.6020206,-0.05897124,-0.018201672,-0.75223345,-0.0011664287,0.027294425,-0.92849374,-0.106420875,0.036500406,-0.6043559,-0.07140357,0.0042755064,-0.57113606,-0.020626308,-0.18392658,-0.71502453,-0.025814636,-0.12983488,-0.8753609,-0.08227041,-0.10311672,-0.67136556,-0.03778094,-0.12836857,-0.61943626,0.01080613
S,Zaith,Right,0.0,0.0,0.0,0.20286378,-0.13192432,-0.060274884,0.3846835,-0.39584872,-0.07639119,0.425651,-0.74200976,-0.09246343,0.31377316,-0.949498,-0.09575798,0.27846086,-0.7070338,0.017375799,0.3433949,-0.883471,-0.05830203,0.32104138,-0.6461436,-0.085684925,0.28985122,-0.6024358,-0.0933639,0.1380551,-0.76842415,0.012199911,0.19374774,-0.9675821,-0.06826274,0.1773943,-0.62461776,-0.07299132,0.15539412,-0.62044924,-0.05544988,-0.010250952,-0.76594025,-0.009821442,0.033538155,-0.9470875,-0.11497347,0.03874325,-0.6189522,-0.07348449,0.008931152,-0.60051745,-0.020002775,-0.18071994,-0.7351059,-0.03440083,-0.1336036,-0.88743764,-0.09204832,-0.10778697,-0.6779527,-0.045110047,-0.13026032,-0.6386749,0.004331985
S,Zaith,Right,0.0,0.0,0.0,0.21327326,-0.14282313,-0.052802406,0.40281484,-0.4013847,-0.068361685,0.45981184,-0.7347541,-0.08645958,0.35079226,-0.9364533,-0.09123919,0.28380698,-0.71699685,0.018230207,0.3596826,-0.91533566,-0.05849301,0.33626527,-0.6457961,-0.08253812,0.29829887,-0.5879582,-0.086990245,0.14661054,-0.77349734,0.0072379527,0.21752933,-0.98429734,-0.08248097,0.19488697,-0.6201192,-0.090432264,0.15696885,-0.60229456,-0.07250864,-0.0028784848,-0.7745397,-0.019587183,0.061475415,-0.9589108,-0.13491714,0.056227665,-0.60873514,-0.09681737,0.008853472,-0.5783397,-0.041069433,-0.17527208,-0.75515217,-0.047244042,-0.101710424,-0.92094195,-0.110931166,-0.08355773,-0.695402,-0.06409966,-0.12408734,-0.6457896,-0.012310685
S,Zaith,Right,0.0,0.0,0.0,0.21682811,-0.14178917,-0.048768092,0.40472686,-0.39030895,-0.062108155,0.46093413,-0.71588933,-0.07991824,0.36169595,-0.9322961,-0.08621805,0.28894457,-0.7055108,0.031054735,0.36225134,-0.895925,-0.049025323,0.3421139,-0.6516449,-0.07962397,0.30386946,-0.5862011,-0.086330555,0.15356411,-0.768211,0.018230116,0.22404274,-0.9811522,-0.07174121,0.20371138,-0.62843907,-0.08313148,0.16659784,-0.59154075,-0.06585749,0.0034737787,-0.77387714,-0.011231134,0.06827816,-0.96195686,-0.12601654,0.06433517,-0.6211697,-0.09005504,0.017758353,-0.5786529,-0.034448642,-0.17197073,-0.75374866,-0.04139995,-0.095643036,-0.9215562,-0.105134144,-0.07556461,-0.69877046,-0.05846258,-0.113430575,-0.6443182,-0.005758873
S,Zaith,Right,0.0,0.0,0.0,0.21447332,-0.15009202,-0.04684685,0.3986127,-0.39595753,-0.061627064,0.45961875,-0.7210394,-0.0814185,0.35984206,-0.93301326,-0.08873231,0.27093956,-0.7158244,0.02432181,0.34964094,-0.9035992,-0.05717647,0.33267286,-0.64051867,-0.08609512,0.29189053,-0.5859047,-0.09332182,0.13729534,-0.7711551,0.009277691,0.20983472,-0.9790804,-0.085220344,0.19514637,-0.6199312,-0.09679958,0.15549134,-0.59668475,-0.08125485,-0.01023797,-0.76960397,-0.02162707,0.057590984,-0.96086234,-0.13887729,0.058881182,-0.61615115,-0.10049598,0.008608287,-0.5798861,-0.04479903,-0.18448584,-0.74556607,-0.053329423,-0.10581156,-0.9005608,-0.119578026,-0.08287174,-0.68006027,-0.07409882,-0.1255713,-0.63392127,-0.023117501
S,Zaith,Right,0.0,0.0,0.0,0.20507717,-0.13585843,-0.059404448,0.3885401,-0.39360654,-0.08101644,0.44016072,-0.72151536,-0.10296859,0.3423423,-0.9395753,-0.11209952,0.26014492,-0.71806854,-0.0116898995,0.33897352,-0.904096,-0.092798494,0.32777706,-0.6423802,-0.116850406,0.2855736,-0.5865664,-0.12119903,0.1262401,-0.76521766,-0.021278014,0.20477846,-0.97500783,-0.11457746,0.19636607,-0.6198443,-0.1220791,0.14942193,-0.5903183,-0.10606462,-0.020942682,-0.76454365,-0.045368932,0.057829827,-0.9635588,-0.16242632,0.06368282,-0.61569345,-0.12365977,0.004881496,-0.56443554,-0.06935786,-0.19452234,-0.7441871,-0.07076703,-0.10904414,-0.9074414,-0.14032523,-0.07891863,-0.6924649,-0.097123206,-0.12662312,-0.6381786,-0.048283692
S,Zaith,Right,0.0,0.0,0.0,0.20620432,-0.14236303,-0.057564616,0.39034382,-0.41194338,-0.082178704,0.4537397,-0.72768307,-0.10715512,0.352913,-0.93565613,-0.11690313,0.24906123,-0.7589761,-0.026670873,0.33777252,-0.9617729,-0.11147159,0.332837,-0.66175973,-0.1289839,0.28484634,-0.6002891,-0.1276038,0.12130785,-0.7956807,-0.039420456,0.21594138,-1.0008825,-0.13821992,0.208171,-0.62042284,-0.14040071,0.1487836,-0.6028261,-0.11997667,-0.021466719,-0.79208654,-0.065819904,0.07333785,-0.9838402,-0.18849424,0.07882592,-0.6145042,-0.14333102,0.010059567,-0.57198447,-0.08394591,-0.19076581,-0.7727404,-0.093048535,-0.08623944,-0.93190426,-0.16626379,-0.055713743,-0.6915363,-0.11808072,-0.11429523,-0.62787473,-0.06468711
S,Zaith,Right,0.0,0.0,0.0,0.20674223,-0.14798042,-0.055157676,0.39326793,-0.41092417,-0.07623115,0.45343143,-0.7234002,-0.09972964,0.35555235,-0.9346564,-0.10955725,0.2622012,-0.74917793,-0.008155058,0.34946862,-0.94636095,-0.09066904,0.33780554,-0.65573,-0.11348592,0.29284674,-0.5906703,-0.11683973,0.13131024,-0.7935903,-0.021178722,0.21761633,-1.0005879,-0.11826287,0.20715553,-0.6271203,-0.12611291,0.15356675,-0.5959122,-0.10888516,-0.014129306,-0.79120713,-0.048586942,0.070739284,-0.9872479,-0.16932796,0.0771155,-0.6260314,-0.1299595,0.015176383,-0.5730678,-0.073635936,-0.18550101,-0.76925737,-0.07697941,-0.091852,-0.9352132,-0.14868732,-0.05840776,-0.7046439,-0.10384642,-0.10582332,-0.63643235,-0.05250081
S,Zaith,Right,0.0,0.0,0.0,0.2099166,-0.1480229,-0.05391651,0.39027834,-0.4106801,-0.07067916,0.46121603,-0.71705395,-0.090762615,0.3711582,-0.9285696,-0.09840451,0.26420936,-0.74854225,0.012236941,0.33817777,-0.9299686,-0.06613714,0.33235118,-0.6660021,-0.09280953,0.29467672,-0.6013699,-0.09781129,0.132001,-0.7907298,0.002419561,0.20418048,-0.9943746,-0.084386185,0.19562231,-0.63848,-0.09144641,0.15312973,-0.60887915,-0.07445355,-0.015058573,-0.78168005,-0.023511982,0.057186425,-0.9638008,-0.13485506,0.062413625,-0.6290419,-0.098061346,0.010908131,-0.58591235,-0.044899866,-0.18596582,-0.75168943,-0.050936233,-0.10324456,-0.90690297,-0.114893995,-0.0778343,-0.70138115,-0.071632154,-0.122700945,-0.65119785,-0.022848243
S,Zaith,Right,0.0,0.0,0.0,0.2069877,-0.16821168,-0.057514068,0.3883414,-0.4443996,-0.0724979,0.41588694,-0.7745591,-0.088929296,0.29390866,-0.9558335,-0.09334332,0.2537792,-0.77038074,0.019910228,0.31639194,-0.9500496,-0.058192182,0.3107324,-0.68758357,-0.090430096,0.27923113,-0.6191367,-0.100189194,0.113410674,-0.8064438,0.01335914,0.16672833,-0.9974486,-0.07301585,0.16818479,-0.6533031,-0.08838604,0.13683075,-0.618913,-0.07772969,-0.03465718,-0.7824173,-0.009126429,0.0112183485,-0.9640015,-0.11742684,0.030242397,-0.6372084,-0.08384731,-0.0066060317,-0.5880279,-0.03408235,-0.20606193,-0.7312148,-0.033363435,-0.1491613,-0.8979022,-0.092476465,-0.11427343,-0.68956184,-0.04726904,-0.14152451,-0.6296382,0.0023096567
S,Zaith,Right,0.0,0.0,0.0,0.1998839,-0.16437297,-0.062354885,0.37091875,-0.44476265,-0.07751108,0.39408335,-0.7777766,-0.0914761,0.27255678,-0.9621397,-0.0912341,0.25813922,-0.75189584,0.013243181,0.31692263,-0.9269124,-0.06652836,0.29482865,-0.6704649,-0.097165816,0.26029754,-0.61570513,-0.10657229,0.11578292,-0.7901853,0.008811919,0.16405417,-0.9832172,-0.08135884,0.15520206,-0.63244426,-0.093502685,0.12884055,-0.6061459,-0.079442285,-0.033386353,-0.76799047,-0.012074824,0.0051133805,-0.9443915,-0.12346308,0.019745102,-0.6083092,-0.08638101,-0.010736134,-0.56816524,-0.03330479,-0.20237745,-0.7177856,-0.03530365,-0.15453658,-0.8736038,-0.09572777,-0.12048172,-0.66567415,-0.051071472,-0.14024557,-0.61844116,-0.0018184156
S,Zaith,Right,0.0,0.0,0.0,0.20437092,-0.18036741,-0.05337914,0.36624938,-0.4446686,-0.06675435,0.3987499,-0.7699875,-0.083068386,0.28510785,-0.95849544,-0.08750483,0.25039485,-0.7532974,0.034213968,0.30602223,-0.91219527,-0.04472065,0.29247093,-0.6756835,-0.08054292,0.25844336,-0.6225047,-0.09259294,0.10941774,-0.79214233,0.025008118,0.1564961,-0.9715989,-0.06085982,0.15261239,-0.6357183,-0.077347346,0.12506631,-0.6185914,-0.06668989,-0.040012587,-0.76803327,-0.0011912059,0.00046035027,-0.93812144,-0.10921046,0.017780317,-0.6195481,-0.07709675,-0.015475909,-0.5908052,-0.027858036,-0.21044135,-0.7108947,-0.0292362,-0.15893178,-0.86512655,-0.08722528,-0.12359027,-0.66380703,-0.042511873,-0.14597835,-0.6164522,0.0068138572
S,Zaith,Right,0.0,0.0,0.0,0.20437743,-0.16061822,-0.05330487,0.37868434,-0.44370708,-0.06344082,0.39944753,-0.77709675,-0.07523198,0.28026563,-0.9599225,-0.074720725,0.26155633,-0.7395194,0.0293496,0.32019857,-0.9158611,-0.046617657,0.3055133,-0.6626708,-0.07831869,0.27510354,-0.6065341,-0.08904603,0.120255075,-0.78249913,0.0214325,0.16752908,-0.9718469,-0.0612509,0.16282235,-0.6303963,-0.07377385,0.13906394,-0.61423945,-0.061769474,-0.028936278,-0.7633361,-0.00305731,0.013102524,-0.9379353,-0.11166429,0.026557487,-0.60514957,-0.07642493,-0.005262722,-0.5730263,-0.025807891,-0.2008304,-0.7169795,-0.0290656,-0.15009063,-0.87363523,-0.08867159,-0.11795176,-0.65965754,-0.04323687,-0.13990285,-0.6102298,0.005937966
S,Zaith,Right,0.0,0.0,0.0,0.1997094,-0.16138195,-0.06468365,0.37221375,-0.43502086,-0.0867616,0.40817887,-0.76934993,-0.10895414,0.28877565,-0.9573968,-0.116972946,0.2562543,-0.7522176,0.006027136,0.3138556,-0.9311227,-0.07603867,0.29674685,-0.6727851,-0.10547889,0.26144308,-0.62084484,-0.113502316,0.1141487,-0.7903948,7.476918e-06,0.16405368,-0.9772738,-0.08813518,0.1568382,-0.62379867,-0.09464521,0.12839,-0.6205855,-0.077410534,-0.034404304,-0.7693583,-0.023320446,0.008019905,-0.9434273,-0.13317308,0.022969544,-0.61195904,-0.09319687,-0.012971166,-0.590889,-0.039637808,-0.20315267,-0.7215242,-0.049675666,-0.15168348,-0.8725082,-0.11105791,-0.12051202,-0.6701659,-0.06622275,-0.1494279,-0.63169616,-0.017117707
S,Zaith,Right,0.0,0.0,0.0,0.20027374,-0.16439143,-0.056109533,0.37390426,-0.41605142,-0.076193295,0.42022154,-0.7495573,-0.099034026,0.3080457,-0.95137155,-0.10980612,0.24939823,-0.7353293,0.01692419,0.3189341,-0.9029116,-0.059753176,0.30451038,-0.65465355,-0.08699776,0.26557222,-0.61262715,-0.09483052,0.11343652,-0.78828627,0.007294655,0.17577893,-0.9805017,-0.08120574,0.1671807,-0.6346737,-0.091609605,0.13176548,-0.62555134,-0.07643734,-0.03316787,-0.778084,-0.01812438,0.019909065,-0.964578,-0.12814249,0.032012697,-0.6356118,-0.090288356,-0.0099996105,-0.6075066,-0.037224956,-0.20424151,-0.736246,-0.04541745,-0.14360972,-0.89608306,-0.10747812,-0.11031149,-0.6892317,-0.06231252,-0.13945568,-0.64122707,-0.012205369
S,Zaith,Right,0.0,0.0,0.0,0.19469512,-0.15882275,-0.056378514,0.37794018,-0.43346545,-0.073320195,0.428376,-0.76007557,-0.09112755,0.31486443,-0.9491367,-0.094274506,0.24938966,-0.7488119,0.004626033,0.3207594,-0.92611724,-0.06930747,0.30300206,-0.64973104,-0.08864049,0.26198018,-0.61244166,-0.09185655,0.11177243,-0.795348,-0.004977753,0.17840253,-0.9833632,-0.09185527,0.16571176,-0.62059027,-0.09494868,0.12614313,-0.6266566,-0.07622507,-0.0351828,-0.7869731,-0.030059272,0.022213712,-0.97093165,-0.14032987,0.03057497,-0.6257417,-0.09965482,-0.017313415,-0.6077743,-0.046168275,-0.20433028,-0.75653803,-0.05694416,-0.13893385,-0.9134927,-0.11911094,-0.11377092,-0.69640064,-0.07354184,-0.15553297,-0.6523303,-0.024402542
S,Zaith,Right,0.0,0.0,0.0,0.19822386,-0.14818135,-0.055867057,0.3747761,-0.4159671,-0.07511929,0.424477,-0.7431791,-0.09701345,0.32199293,-0.94674206,-0.10598701,0.23569313,-0.73495287,0.00093678804,0.30951723,-0.93380004,-0.080609545,0.30637574,-0.6541112,-0.10460049,0.26873732,-0.5887719,-0.10790303,0.10649871,-0.7752672,-0.010570878,0.17934673,-0.9928692,-0.104055025,0.17787915,-0.6240014,-0.11080032,0.13038777,-0.59092313,-0.09160795,-0.036630493,-0.76761687,-0.037614413,0.032537714,-0.97380674,-0.15557845,0.0485342,-0.61900103,-0.11661969,-0.0056733633,-0.5649447,-0.059570033,-0.20611517,-0.7353278,-0.065864846,-0.12994637,-0.921,-0.13410938,-0.09189468,-0.7010149,-0.08899533,-0.1308174,-0.63025063,-0.037193626
S,Zaith,Right,0.0,0.0,0.0,0.1996541,-0.16206512,-0.05241168,0.38101146,-0.43362495,-0.06883457,0.43341646,-0.76279736,-0.088685304,0.31652564,-0.94858396,-0.09625041,0.2519177,-0.7615899,0.012311147,0.31549093,-0.955993,-0.064753965,0.31010994,-0.67792004,-0.09077341,0.27939993,-0.6113449,-0.09694523,0.11370137,-0.80432653,0.0003979094,0.1710298,-1.0144902,-0.08864165,0.17059673,-0.6494967,-0.097222544,0.13420019,-0.61448866,-0.08021206,-0.035634406,-0.78690016,-0.02686939,0.01430592,-0.982199,-0.13708736,0.03298959,-0.6390981,-0.09956323,-0.01010221,-0.5895546,-0.04592517,-0.20709804,-0.74207747,-0.05557502,-0.14916997,-0.9204623,-0.11519949,-0.11291731,-0.71086633,-0.06918057,-0.14373775,-0.6481134,-0.018648056
S,Zaith,Right,0.0,0.0,0.0,0.1703416,-0.1521543,-0.053262763,0.31500456,-0.4220184,-0.07746954,0.35252184,-0.74667835,-0.105121434,0.2568717,-0.9664455,-0.12046168,0.20405258,-0.74194336,0.0064810184,0.2740901,-0.9246898,-0.075357385,0.2692031,-0.67364544,-0.10016008,0.22111964,-0.60513407,-0.102271006,0.07789721,-0.7712305,-0.0042279228,0.1446826,-0.97383684,-0.09901676,0.1526486,-0.6167514,-0.10812456,0.10632358,-0.58201104,-0.08907927,-0.059746303,-0.7455569,-0.029328145,0.0021751127,-0.9448969,-0.1457965,0.029859027,-0.5956405,-0.10272062,-0.0251787,-0.5322597,-0.042371545,-0.22485134,-0.69581836,-0.055312064,-0.14663841,-0.85707825,-0.12240317,-0.10245438,-0.63373375,-0.074469164,-0.1452582,-0.5667796,-0.019778773
S,Zaith,Right,0.0,0.0,0.0,0.17634505,-0.15014929,-0.051735274,0.32070172,-0.42602676,-0.07504922,0.35841158,-0.7487244,-0.10330091,0.25968128,-0.96569437,-0.12108528,0.20919184,-0.7325309,0.013114408,0.27394262,-0.9093242,-0.06600408,0.27530897,-0.6864362,-0.09037313,0.22999786,-0.613485,-0.091419525,0.08252483,-0.7610863,0.00224954,0.14564672,-0.9638879,-0.08431173,0.15688005,-0.62029135,-0.08926541,0.11195113,-0.58642745,-0.0680822,-0.055088587,-0.737462,-0.02400688,0.004898336,-0.93367124,-0.13668855,0.032536812,-0.59557855,-0.09541345,-0.02374568,-0.532111,-0.03668243,-0.21858485,-0.6874342,-0.051272616,-0.14585465,-0.8615614,-0.11765556,-0.10282329,-0.6491097,-0.07152771,-0.14358184,-0.5773059,-0.018516878
S,Zaith,Right,0.0,0.0,0.0,0.18065704,-0.16812277,-0.04159346,0.3249426,-0.44061473,-0.05447173,0.35458887,-0.7637577,-0.074443065,0.25087643,-0.9680191,-0.08468272,0.22092041,-0.7291269,0.04386681,0.28252247,-0.88965046,-0.026013462,0.27141535,-0.6719566,-0.051711842,0.2293899,-0.615554,-0.056408882,0.09096251,-0.76618284,0.03106014,0.14567667,-0.9550546,-0.04460151,0.14918756,-0.6179315,-0.04991101,0.11501687,-0.5951757,-0.030572956,-0.04887865,-0.7420143,0.00245658,-0.0023239614,-0.9346353,-0.09926405,0.023127262,-0.60255,-0.05798656,-0.021415759,-0.5465192,-0.0017555585,-0.21499622,-0.6877606,-0.027196195,-0.15965137,-0.8627324,-0.08339802,-0.117130235,-0.65784687,-0.035318103,-0.14227049,-0.5921806,0.01733654
S,Zaith,Right,0.0,0.0,0.0,0.17877398,-0.1558479,-0.050029904,0.32835248,-0.4344594,-0.06458058,0.34983248,-0.76219934,-0.08261559,0.25104028,-0.9679766,-0.090241805,0.22204842,-0.73506284,0.023068797,0.2764201,-0.91292006,-0.051195983,0.26925668,-0.68409866,-0.076967455,0.22936063,-0.610235,-0.079877995,0.09095769,-0.7653561,0.015104411,0.13913284,-0.9555652,-0.06119835,0.1461766,-0.618034,-0.06522983,0.113551095,-0.5843642,-0.046054434,-0.048042588,-0.7358253,-0.00847983,-0.003969104,-0.92092144,-0.11272787,0.021551203,-0.5889405,-0.071839795,-0.019973159,-0.5285516,-0.015911937,-0.21328235,-0.6766663,-0.033250548,-0.16324793,-0.8528656,-0.09369817,-0.117972195,-0.6477765,-0.04749331,-0.13821019,-0.5810933,0.004440669
S,Zaith,Right,0.0,0.0,0.0,0.17181368,-0.13247846,-0.06457446,0.33054894,-0.42382392,-0.08819651,0.3698041,-0.7577024,-0.11056231,0.2670392,-0.9636857,-0.11874767,0.21302095,-0.74592865,-0.012176896,0.27392316,-0.9362924,-0.09158274,0.26910216,-0.67126894,-0.11112709,0.22607005,-0.6125971,-0.110767625,0.083252504,-0.7711405,-0.01637245,0.14324433,-0.97258425,-0.10253019,0.15183854,-0.60670024,-0.10094638,0.10939718,-0.5874951,-0.077030405,-0.05631813,-0.74505574,-0.036030725,-0.0010166309,-0.9366766,-0.14845748,0.026085295,-0.58130234,-0.102449864,-0.026327442,-0.53058344,-0.04252834,-0.22059436,-0.6978501,-0.057722684,-0.15110232,-0.85870486,-0.12454438,-0.10896235,-0.63755393,-0.078007005,-0.15007831,-0.57693535,-0.025567004
S,Zaith,Right,0.0,0.0,0.0,0.17157902,-0.15113786,-0.057759967,0.31432468,-0.44342667,-0.08319255,0.36774087,-0.7426433,-0.11023132,0.28795967,-0.95764256,-0.12567578,0.19580175,-0.7675594,-0.02167129,0.26689595,-0.9532982,-0.09818599,0.27746493,-0.70029444,-0.115287445,0.22874156,-0.6182953,-0.112466894,0.0734416,-0.78273463,-0.03052051,0.15049814,-0.9687668,-0.112697616,0.1646332,-0.6254286,-0.112191744,0.10974227,-0.5910876,-0.092224784,-0.060584564,-0.75357634,-0.05300777,0.02141246,-0.9297876,-0.16314816,0.046613008,-0.5936943,-0.122192904,-0.014901117,-0.52821934,-0.0674012,-0.21681784,-0.7014498,-0.076587826,-0.12767443,-0.87315094,-0.14582843,-0.07854377,-0.6528993,-0.101162665,-0.11862251,-0.5677357,-0.050501805
S,Zaith,Right,0.0,0.0,0.0,0.18308094,-0.14646217,-0.051205274,0.345169,-0.42168534,-0.07476219,0.41643107,-0.72711325,-0.10117993,0.32844463,-0.9445232,-0.11388286,0.23528668,-0.77464205,-0.018431172,0.32758975,-0.9658501,-0.09830073,0.3183722,-0.6732081,-0.11584082,0.26784444,-0.60672987,-0.115463614,0.11527125,-0.807258,-0.033218972,0.20767462,-1.0034596,-0.12793007,0.20206839,-0.63524914,-0.13167223,0.14572604,-0.6017175,-0.1129704,-0.022296242,-0.7918864,-0.06056342,0.0733956,-0.98527247,-0.17514852,0.08379458,-0.627894,-0.12961304,0.021054588,-0.5673219,-0.07139658,-0.18305856,-0.75746524,-0.08879202,-0.07820457,-0.9176622,-0.15614595,-0.041759245,-0.6850571,-0.10801073,-0.089680254,-0.61206573,-0.055556975
S,Zaith,Right,0.0,0.0,0.0,0.19098659,-0.16209133,-0.045817792,0.34344214,-0.42298707,-0.06655048,0.41102603,-0.71465933,-0.09489188,0.3342795,-0.942474,-0.111791015,0.2354961,-0.78082365,0.009401886,0.3053768,-0.98112863,-0.07548261,0.32009685,-0.7246201,-0.10225032,0.28540516,-0.6180272,-0.102357104,0.115154535,-0.80837065,-0.0060243993,0.18812941,-1.0030636,-0.09629806,0.1969911,-0.6525123,-0.10289418,0.1530593,-0.5915792,-0.08386837,-0.023167973,-0.78945017,-0.037204925,0.060685165,-0.96947414,-0.15070383,0.07764937,-0.631474,-0.112023205,0.022552362,-0.55309063,-0.055239655,-0.18695816,-0.7460041,-0.06933479,-0.089981936,-0.91124797,-0.13531002,-0.052441075,-0.6968367,-0.089317024,-0.09596513,-0.6156258,-0.036276095
S,Zaith,Right,0.0,0.0,0.0,0.18590823,-0.13437897,-0.049804226,0.35375172,-0.43602785,-0.062397644,0.4001471,-0.7561913,-0.07768568,0.29656437,-0.95501286,-0.08216923,0.23850451,-0.75878084,0.0049998215,0.30825666,-0.94005656,-0.066819176,0.30215275,-0.6762297,-0.08817094,0.26078492,-0.6068886,-0.09050604,0.1080453,-0.78793657,-0.0037896477,0.17142805,-0.9765924,-0.07914226,0.1744819,-0.62983555,-0.080808,0.13454455,-0.59885496,-0.063724145,-0.03537834,-0.76290536,-0.026949944,0.02546336,-0.9488918,-0.12981947,0.044079185,-0.61206496,-0.08977954,-0.0053365678,-0.55029505,-0.037905544,-0.20318614,-0.7219865,-0.051117912,-0.13095583,-0.8925581,-0.110513784,-0.09647577,-0.68271697,-0.06533364,-0.13346088,-0.6152831,-0.017122619
S,Zaith,Right,0.0,0.0,0.0,0.19577475,-0.13883159,-0.0439994,0.35354552,-0.43859303,-0.053163327,0.38737562,-0.7734018,-0.066911444,0.27672687,-0.9609486,-0.071888894,0.23253499,-0.7292609,0.023202172,0.29382515,-0.9208953,-0.04937983,0.29694298,-0.6839434,-0.07614272,0.26124504,-0.60516685,-0.08095899,0.10187494,-0.7631036,0.013361032,0.15622886,-0.9684052,-0.059932936,0.16747783,-0.6303242,-0.06449515,0.1312054,-0.5880627,-0.047707252,-0.03759854,-0.7392842,-0.011544097,0.014201093,-0.93423,-0.11433294,0.039178956,-0.60119045,-0.07749794,-0.007059118,-0.52922136,-0.025607815,-0.20108826,-0.6915905,-0.03685228,-0.13854338,-0.8726562,-0.09597067,-0.098750986,-0.66483384,-0.05206596,-0.12911062,-0.58745474,-0.0036451367
S,Zaith,Right,0.0,0.0,0.0,0.18499513,-0.15710634,-0.04508571,0.33633375,-0.45534462,-0.056806516,0.37360805,-0.7833554,-0.073766775,0.26130158,-0.9652572,-0.08107519,0.21289822,-0.7515503,0.02815078,0.26817316,-0.9360314,-0.04534544,0.2722053,-0.6908113,-0.073097944,0.23835759,-0.6158975,-0.07815482,0.08411166,-0.7768783,0.017850135,0.13465069,-0.96854484,-0.05621625,0.14689437,-0.6254013,-0.06171382,0.11041754,-0.59661996,-0.045031775,-0.055193603,-0.7442671,-0.008075605,-0.005351892,-0.9287044,-0.11096794,0.021674985,-0.59540653,-0.074062906,-0.025310645,-0.5377677,-0.021777114,-0.21976718,-0.6882393,-0.034701277,-0.15922517,-0.8640504,-0.09270231,-0.11606462,-0.6574512,-0.046957493,-0.14538775,-0.5861341,0.003363771
S,Zaith,Right,0.0,0.0,0.0,0.1819318,-0.17240243,-0.04197635,0.3202447,-0.45478407,-0.052123364,0.3450838,-0.77379566,-0.0687561,0.24076316,-0.9705839,-0.076551415,0.20732419,-0.74234444,0.038449533,0.26042435,-0.92102504,-0.036411557,0.26073346,-0.6995016,-0.06855405,0.222138,-0.61193305,-0.074714035,0.07464073,-0.76910806,0.02722038,0.12078223,-0.96240956,-0.04822619,0.13239637,-0.6296834,-0.05908232,0.096873224,-0.5799221,-0.044201892,-0.06663682,-0.7356035,0.00044054186,-0.02089978,-0.9218482,-0.10110305,0.007357331,-0.60052335,-0.06695932,-0.037296284,-0.5333334,-0.015173217,-0.23144841,-0.669538,-0.026942493,-0.18119705,-0.86011004,-0.08347113,-0.13417332,-0.6640529,-0.037539773,-0.15537062,-0.5864676,0.014064194
S,Zaith,Right,0.0,0.0,0.0,0.1770669,-0.15741265,-0.05466555,0.3184843,-0.4558794,-0.070531204,0.33824924,-0.78212863,-0.08821422,0.23087157,-0.97298425,-0.09504245,0.20970403,-0.7572556,0.01897656,0.25371736,-0.93508404,-0.055961963,0.25535148,-0.7235516,-0.08584471,0.22526537,-0.6468727,-0.09188913,0.07630959,-0.774976,0.014007902,0.11451937,-0.9650999,-0.058374207,0.12933941,-0.6427702,-0.06478391,0.10306299,-0.6098786,-0.049789183,-0.061771955,-0.73157954,-0.0068174317,-0.027929058,-0.9156712,-0.10507714,0.0039697527,-0.6047074,-0.067493066,-0.03038538,-0.54663074,-0.017029157,-0.22127984,-0.65707797,-0.029691648,-0.18030082,-0.82694924,-0.08514392,-0.1367715,-0.6378271,-0.040751263,-0.1561301,-0.57291293,0.007447972
S,Zaith,Right,0.0,0.0,0.0,0.18473268,-0.16864103,-0.048196506,0.32489142,-0.46325275,-0.05602422,0.31664404,-0.79253757,-0.06725008,0.20469515,-0.97882575,-0.06800956,0.22760598,-0.7517764,0.044997264,0.27168465,-0.9195684,-0.030161878,0.26579443,-0.6959189,-0.06447597,0.23167436,-0.6139178,-0.07346674,0.08981,-0.77813065,0.038805567,0.12149324,-0.9568394,-0.0375179,0.13393007,-0.6293843,-0.050410945,0.110933475,-0.5868105,-0.037475564,-0.052594353,-0.7356642,0.015749222,-0.022337824,-0.90073544,-0.09022984,0.0076825717,-0.5778193,-0.058073346,-0.02308311,-0.51752174,-0.007221439,-0.21680227,-0.6584117,-0.00804297,-0.17797194,-0.8281595,-0.068486825,-0.13264956,-0.62329996,-0.025938908,-0.14467753,-0.5563561,0.02342068
S,Zaith,Right,0.0,0.0,0.0,0.1916826,-0.1909966,-0.035950866,0.3221266,-0.47569042,-0.04101106,0.32584265,-0.79499525,-0.052528404,0.22231737,-0.97497433,-0.054497693,0.22544317,-0.7181181,0.048379324,0.266991,-0.9249047,-0.020026466,0.26590738,-0.7095871,-0.049873248,0.23979516,-0.63090897,-0.05752101,0.097415514,-0.7424188,0.037422825,0.12821917,-0.95287156,-0.034194253,0.14056048,-0.64843506,-0.04762103,0.120113574,-0.6114094,-0.03698275,-0.038966898,-0.7114085,0.011890972,-0.005248901,-0.90171325,-0.08702332,0.021870695,-0.59863085,-0.056973767,-0.006179193,-0.538054,-0.0094058085,-0.19478704,-0.6542738,-0.013654877,-0.1563111,-0.8339927,-0.06994418,-0.11827118,-0.64275885,-0.029113647,-0.13522688,-0.57193357,0.017895477
S,Zaith,Right,0.0,0.0,0.0,0.1865189,-0.17117669,-0.043397337,0.32604325,-0.4801071,-0.05366574,0.33451682,-0.8044098,-0.06768274,0.21849255,-0.9758386,-0.07100471,0.24164067,-0.7287847,0.014419355,0.28537142,-0.9321695,-0.063654065,0.2811004,-0.68614686,-0.09679059,0.25675762,-0.62361413,-0.10805341,0.10828726,-0.7524112,0.0022791238,0.14239973,-0.93978006,-0.07271941,0.14667204,-0.6239796,-0.081803456,0.12392393,-0.6215382,-0.072507046,-0.031496596,-0.71658397,-0.024302492,0.0016613092,-0.88499326,-0.12877749,0.021399744,-0.5706226,-0.09650254,-0.007062623,-0.5417621,-0.051047303,-0.19008866,-0.66066337,-0.05100937,-0.14532685,-0.81037253,-0.10949462,-0.111107476,-0.6084352,-0.06608148,-0.13213539,-0.55214804,-0.020292314
S,Zaith,Right,0.0,0.0,0.0,0.18476672,-0.16549903,-0.04494039,0.32294458,-0.486328,-0.049290523,0.32423952,-0.81434804,-0.05496028,0.2080629,-0.97811544,-0.049167365,0.21952394,-0.75554127,0.022554668,0.26391855,-0.9530902,-0.053295545,0.26752362,-0.70610785,-0.08396018,0.24007179,-0.63261306,-0.09154754,0.0834815,-0.76926434,0.013103312,0.11956389,-0.9538088,-0.06224627,0.1318257,-0.62051344,-0.07201558,0.10440678,-0.6013437,-0.060493596,-0.056849666,-0.72134197,-0.011376801,-0.023092192,-0.8864453,-0.117090225,0.0027269407,-0.5602583,-0.08488542,-0.032507528,-0.52803415,-0.03731566,-0.21640894,-0.6486372,-0.03581974,-0.17050669,-0.80163056,-0.093474075,-0.13021581,-0.58603674,-0.047828086,-0.15625897,-0.5290362,0.00056814123
S,Zaith,Right,0.0,0.0,0.0,0.19730578,-0.17997566,-0.012168845,0.334136,-0.4727849,-0.00688822,0.3385789,-0.7903646,-0.014752337,0.24310204,-0.97000074,-0.018740375,0.2402596,-0.6982544,0.08443804,0.28386718,-0.89232546,0.030392569,0.3040502,-0.8032425,0.0015651766,0.29389405,-0.75133544,-0.0064855004,0.10510984,-0.7313251,0.06351525,0.15243718,-0.9246162,0.009727866,0.15901491,-0.64647293,-0.00084638444,0.14026867,-0.61016893,0.0101116635,-0.030249609,-0.7043948,0.029206384,0.012097374,-0.8753889,-0.052589465,0.026218265,-0.5939146,-0.02144678,-0.0067871013,-0.5427452,0.022949662,-0.18879846,-0.64429253,-0.0040445887,-0.14214408,-0.81436545,-0.044125307,-0.10936673,-0.6380476,0.0030702236,-0.13128325,-0.577922,0.050751943
S,Zaith,Right,0.0,0.0,0.0,0.2164576,-0.1494258,-0.03344405,0.3762547,-0.4417614,-0.028789725,0.37631202,-0.781479,-0.028706627,0.2656715,-0.96406364,-0.019681795,0.26690534,-0.71838653,0.05729321,0.32411063,-0.89090955,-0.009832027,0.3096072,-0.6524506,-0.04229681,0.2714325,-0.57206017,-0.052017074,0.12996207,-0.7669891,0.04614557,0.1816227,-0.94424504,-0.02746581,0.17506935,-0.6203093,-0.047825802,0.13968053,-0.56631386,-0.041511733,-0.014129231,-0.7484113,0.021531226,0.037409227,-0.92168635,-0.081580475,0.04527408,-0.58680004,-0.052778617,0.0039064814,-0.5149653,-0.004853999,-0.18264692,-0.6962267,-0.0016176236,-0.11970535,-0.86357653,-0.06013225,-0.09146399,-0.6370048,-0.013934167,-0.118793145,-0.5650406,0.037904248
S,Zaith,Right,0.0,0.0,0.0,0.2110284,-0.1409852,-0.036320254,0.3656683,-0.42487165,-0.036329508,0.3805365,-0.7598143,-0.04082075,0.28482044,-0.9585809,-0.03692533,0.2772774,-0.69783753,0.045420997,0.32764444,-0.876189,-0.018649708,0.31302837,-0.657999,-0.048484646,0.28462213,-0.5802459,-0.05788256,0.14300746,-0.74589366,0.0355071,0.18729481,-0.9380909,-0.033889722,0.17963347,-0.62640285,-0.050733414,0.15287368,-0.57317287,-0.043894332,-0.0013952677,-0.7339024,0.012359813,0.044820286,-0.92364836,-0.08728773,0.054453965,-0.60177636,-0.061092738,0.020943364,-0.5254944,-0.017148716,-0.1673316,-0.6911388,-0.009964801,-0.11179719,-0.8657142,-0.07114925,-0.08076816,-0.65239745,-0.03231767,-0.099235415,-0.5706907,0.013251536
S,Zaith,Right,0.0,0.0,0.0,0.2204148,-0.14835164,-0.031163897,0.38037285,-0.42874092,-0.028200231,0.3930972,-0.76717615,-0.03167591,0.28947338,-0.95718604,-0.026839707,0.27428305,-0.70584345,0.06090588,0.3341415,-0.88677967,-0.0024567242,0.3233497,-0.6566167,-0.03259059,0.2896559,-0.57877934,-0.041680213,0.14256404,-0.75169486,0.048407488,0.19355127,-0.95575607,-0.025217317,0.1893571,-0.62486,-0.04631229,0.15660875,-0.56386364,-0.039763063,-0.000990628,-0.7386723,0.022711083,0.05289997,-0.9378553,-0.08154831,0.0647019,-0.59709215,-0.056866016,0.023675978,-0.51117784,-0.010963449,-0.16865179,-0.6976414,-0.0014038986,-0.1072717,-0.87923455,-0.06447538,-0.07268188,-0.65526605,-0.025090389,-0.09472954,-0.5633133,0.022371864
S,Zaith,Right,0.0,0.0,0.0,0.21229732,-0.15507539,-0.032676727,0.3699628,-0.4853629,-0.022549491,0.34619063,-0.8182373,-0.01498519,0.22578874,-0.9741763,0.00296682,0.23950607,-0.733286,0.06053754,0.2821221,-0.91007364,-0.0015214842,0.2885289,-0.67781126,-0.031762134,0.26637077,-0.60278827,-0.041758478,0.09918008,-0.7658018,0.05327248,0.1411994,-0.9453572,-0.008576214,0.1535344,-0.6256455,-0.02401726,0.12544179,-0.58873945,-0.018416187,-0.044998523,-0.7429866,0.03134169,-0.0061745504,-0.92811966,-0.064676076,0.019994512,-0.594756,-0.03935867,-0.017592058,-0.5337435,0.001362655,-0.21195884,-0.686137,0.010784439,-0.15004215,-0.83919644,-0.047240753,-0.12244566,-0.6219324,-0.009177248,-0.16139954,-0.5689714,0.03352137
S,Zaith,Right,0.0,0.0,0.0,0.16217947,-0.20858228,-0.051212754,0.29889154,-0.50491136,-0.08126722,0.32074642,-0.8205368,-0.11517754,0.19739582,-0.98032385,-0.1362153,0.14038642,-0.79813033,-0.015860092,0.20547824,-0.9989326,-0.10262319,0.22582968,-0.7272782,-0.12514922,0.18402734,-0.6605583,-0.12667304,0.013971986,-0.79678327,-0.031949602,0.08405073,-1.0008367,-0.13057752,0.11765525,-0.63957596,-0.1350475,0.06362983,-0.62159145,-0.11564851,-0.11790055,-0.74890417,-0.061175015,-0.057146866,-0.9554282,-0.18241145,-0.004998934,-0.6061857,-0.1353346,-0.061766226,-0.54521376,-0.07419009,-0.2720768,-0.67439795,-0.09087139,-0.20617872,-0.8620061,-0.16058102,-0.14303327,-0.6410307,-0.10903081,-0.17814943,-0.553912,-0.05267827
S,Zaith,Right,0.0,0.0,0.0,0.14945841,-0.21717134,-0.051173016,0.27877936,-0.52523714,-0.08232721,0.2877103,-0.84040046,-0.11559283,0.16057625,-0.9870234,-0.1350325,0.11152152,-0.8135738,-0.024758715,0.17059733,-1.0092525,-0.10866777,0.19715764,-0.73608804,-0.12667494,0.15784778,-0.6697512,-0.12675369,-0.0166347,-0.80401605,-0.040335905,0.049168993,-1.0038435,-0.13806769,0.09027547,-0.6430866,-0.13996737,0.038897317,-0.63031,-0.12038898,-0.14638433,-0.740462,-0.06766131,-0.09350291,-0.94252396,-0.18545371,-0.032961603,-0.6046563,-0.13427052,-0.08461868,-0.5541403,-0.07358393,-0.29925582,-0.6464819,-0.095487505,-0.23846214,-0.813284,-0.16404215,-0.16689901,-0.5979983,-0.111584485,-0.19530432,-0.52651465,-0.056256462
S,Zaith,Right,0.0,0.0,0.0,0.18377902,-0.16148539,-0.046966873,0.33642325,-0.4463384,-0.06295453,0.37287349,-0.7709021,-0.08273007,0.26441357,-0.9644094,-0.09090883,0.20561449,-0.7414066,0.008737411,0.2588485,-0.9522908,-0.06839073,0.26405227,-0.6928635,-0.09158448,0.23142928,-0.61692905,-0.09383454,0.079570934,-0.76542705,-0.002992567,0.13453853,-0.9820017,-0.0903891,0.15024114,-0.6312573,-0.09757709,0.1125877,-0.59053475,-0.07977944,-0.058261465,-0.7380084,-0.028385054,-0.0071442644,-0.94798625,-0.1383436,0.026632275,-0.6060191,-0.09543559,-0.016084122,-0.5360501,-0.037446845,-0.22070308,-0.6858057,-0.054486416,-0.16141745,-0.87220854,-0.11876,-0.11084743,-0.65301234,-0.07122605,-0.13588762,-0.5715112,-0.01792717
S,Zaith,Right,0.0,0.0,0.0,0.1754532,-0.17308204,-0.049489334,0.33603576,-0.4390602,-0.071273096,0.366926,-0.76825964,-0.09697643,0.24843515,-0.96864855,-0.11205495,0.23443645,-0.74358493,0.016742893,0.29861006,-0.8975493,-0.06039808,0.2793259,-0.6786757,-0.086988844,0.23102601,-0.6410859,-0.093183465,0.0957826,-0.7837812,0.004792023,0.15272515,-0.9669342,-0.08256096,0.1533491,-0.6185179,-0.08808791,0.11875268,-0.6045452,-0.068390094,-0.049309406,-0.7588243,-0.021363601,-0.0048504677,-0.94962656,-0.13289787,0.023313923,-0.6038464,-0.085278496,-0.019120662,-0.5536409,-0.024113981,-0.21842125,-0.6999336,-0.04856635,-0.1633932,-0.8671159,-0.11293938,-0.11940955,-0.64677364,-0.0620902,-0.14465228,-0.58700305,-0.0063422634
S,Zaith,Right,0.0,0.0,0.0,0.17100413,-0.17183007,-0.061185308,0.32831585,-0.43638557,-0.092253916,0.3625648,-0.7594294,-0.12590276,0.24905585,-0.9684891,-0.14699686,0.23300265,-0.74705344,0.007964904,0.29435435,-0.90022016,-0.074046485,0.27534637,-0.68159664,-0.09959332,0.22801727,-0.6470144,-0.102867484,0.096342936,-0.7818692,-0.0003115944,0.15227242,-0.9639865,-0.09106332,0.15023102,-0.6104381,-0.092663325,0.11703158,-0.6107474,-0.06787333,-0.045953903,-0.7583224,-0.024704278,-0.0012227402,-0.9415422,-0.13771401,0.023282554,-0.5954524,-0.08616151,-0.019384634,-0.55678135,-0.02108514,-0.2124798,-0.7072783,-0.051698398,-0.15645169,-0.86326253,-0.1150349,-0.115819186,-0.64096904,-0.062228575,-0.14213105,-0.58512086,-0.0044124117
S,Zaith,Right,0.0,0.0,0.0,0.17138773,-0.18039003,-0.06722947,0.3208989,-0.45621097,-0.09681655,0.34726205,-0.7741412,-0.12779981,0.23249124,-0.9725985,-0.14397253,0.23575036,-0.7753973,0.013035792,0.28248647,-0.9516826,-0.0724907,0.27340177,-0.72538507,-0.10195584,0.23619413,-0.66025937,-0.10560891,0.095286846,-0.8041624,0.009060121,0.13565065,-0.98136145,-0.08121903,0.14278533,-0.6245222,-0.085002996,0.11976413,-0.6212807,-0.061695937,-0.05129794,-0.7711799,-0.012917422,-0.017027332,-0.93821335,-0.1276593,0.011277781,-0.5961049,-0.080879055,-0.02146632,-0.56286687,-0.01799383,-0.2200079,-0.7081622,-0.038003862,-0.17508163,-0.84813434,-0.10234517,-0.1338388,-0.63354325,-0.052559342,-0.1557662,-0.5868912,0.0038167092
S,Zaith,Right,0.0,0.0,0.0,0.15114804,-0.23146649,-0.051771168,0.2898261,-0.5198576,-0.08864717,0.3327921,-0.8233935,-0.13321853,0.20687318,-0.97836775,-0.16342314,0.17908245,-0.8577276,0.025521636,0.23408066,-1.026431,-0.061796237,0.23879948,-0.80462146,-0.09177471,0.21017335,-0.75100815,-0.095678344,0.04586692,-0.85868067,0.010494589,0.0980445,-1.0278479,-0.07514586,0.117494754,-0.6726895,-0.07071709,0.096187666,-0.70596725,-0.04241939,-0.08335794,-0.79381627,-0.021931155,-0.04974197,-0.95809853,-0.12130213,-0.005050598,-0.6423717,-0.056492083,-0.029637756,-0.62812287,0.013377101,-0.23088668,-0.6985765,-0.058884762,-0.19369172,-0.82378435,-0.10622291,-0.14104988,-0.61150306,-0.04102881,-0.15542667,-0.5660518,0.023390928
S,Zaith,Right,0.0,0.0,0.0,0.13923039,-0.18340722,-0.053215105,0.29347214,-0.49778324,-0.090380326,0.34257886,-0.8089134,-0.13275637,0.2291825,-0.9733835,-0.16169961,0.18162097,-0.8433246,-0.015101527,0.23599854,-1.0203648,-0.10662441,0.24678317,-0.7783507,-0.13276595,0.2175319,-0.72742546,-0.13564046,0.043615084,-0.8456359,-0.03314453,0.10496593,-1.0226262,-0.12308707,0.12606053,-0.6573612,-0.113804616,0.09373473,-0.68653965,-0.08543274,-0.093962975,-0.7878656,-0.066821,-0.05230129,-0.96158093,-0.17267828,-0.0067751324,-0.62918407,-0.108578384,-0.042598344,-0.61641616,-0.04223352,-0.25303754,-0.7013223,-0.10411722,-0.20285125,-0.8336581,-0.16063368,-0.14792454,-0.6131862,-0.09970366,-0.17209876,-0.5652639,-0.040670574
S,Zaith,Right,0.0,0.0,0.0,0.1392337,-0.18946433,-0.054585394,0.29322803,-0.4953591,-0.09167247,0.34160683,-0.8005401,-0.13313718,0.23916163,-0.97097975,-0.16132432,0.17012216,-0.8372339,-0.012735308,0.2442885,-0.99990106,-0.10748721,0.2580808,-0.7729757,-0.13543883,0.21883611,-0.72467166,-0.1386752,0.035926316,-0.8457644,-0.0320466,0.11714709,-1.0307148,-0.13179557,0.13984556,-0.6634902,-0.129202,0.091237806,-0.66985744,-0.10158459,-0.09955025,-0.7972593,-0.067251384,-0.03703738,-0.98469585,-0.18701957,0.0111049535,-0.6402068,-0.13144852,-0.039788563,-0.60707384,-0.06519776,-0.255712,-0.707851,-0.10482375,-0.18490843,-0.8532702,-0.17646797,-0.1252194,-0.6251707,-0.122526154,-0.15583763,-0.5641797,-0.0640514
S,Zaith,Right,0.0,0.0,0.0,0.14354342,-0.19447613,-0.053841945,0.29900596,-0.4950661,-0.09048865,0.3478456,-0.8032738,-0.13111049,0.23856017,-0.9711277,-0.15862806,0.16985577,-0.8401506,-0.012874445,0.24715342,-0.9972526,-0.107589826,0.2597694,-0.7664794,-0.13584551,0.21665879,-0.7234529,-0.13959531,0.037389357,-0.8501692,-0.032815456,0.11923185,-1.0369151,-0.13613135,0.14196178,-0.6702594,-0.13729258,0.091710426,-0.6714467,-0.11200855,-0.09803033,-0.8018649,-0.067814104,-0.03265583,-0.98844886,-0.19039732,0.014660705,-0.64145374,-0.13612194,-0.037940014,-0.60701126,-0.06979488,-0.25441352,-0.71155363,-0.10473386,-0.1793721,-0.8631113,-0.17691779,-0.12100394,-0.63052696,-0.122192554,-0.15527417,-0.56687886,-0.062919974
S,Zaith,Right,0.0,0.0,0.0,0.14772485,-0.1810231,-0.057750054,0.3116932,-0.4752537,-0.09614918,0.36714587,-0.7807394,-0.13791893,0.26634204,-0.9638786,-0.16531576,0.18823,-0.82846916,-0.019223435,0.2676571,-1.0049525,-0.11896534,0.2743429,-0.7492115,-0.14961253,0.22900979,-0.692557,-0.15431882,0.056692578,-0.8458859,-0.038808197,0.1456617,-1.0406042,-0.1482446,0.15889959,-0.6617061,-0.15200111,0.10477213,-0.66027236,-0.12724406,-0.080556445,-0.8087932,-0.07409707,-0.007864609,-0.99960387,-0.2019166,0.029948238,-0.6435029,-0.15041871,-0.024963181,-0.6131585,-0.08477342,-0.23888263,-0.73492706,-0.11135223,-0.15870707,-0.8818561,-0.18718709,-0.10660742,-0.64075667,-0.13429272,-0.14448674,-0.57746196,-0.075582854
S,Zaith,Right,0.0,0.0,0.0,0.14752004,-0.18426475,-0.062113736,0.31027472,-0.47389254,-0.102135316,0.36757186,-0.778795,-0.14427158,0.2673435,-0.9636013,-0.17150685,0.18498462,-0.8197769,-0.023639753,0.26974806,-0.9772284,-0.12150023,0.27290773,-0.72796005,-0.15050289,0.22285789,-0.69618213,-0.15596965,0.055340327,-0.83516496,-0.040649824,0.14717273,-1.0225868,-0.15045564,0.1572344,-0.65040797,-0.15333173,0.101541966,-0.6639268,-0.12890677,-0.07877201,-0.7996862,-0.07355181,-0.0034141026,-0.9869994,-0.2019391,0.03139956,-0.63422936,-0.15051384,-0.026599089,-0.6132179,-0.08566441,-0.23393434,-0.73277605,-0.10897428,-0.14818071,-0.86831146,-0.18569353,-0.10145463,-0.6300255,-0.13544828,-0.1446561,-0.5756327,-0.07947465
S,Zaith,Right,0.0,0.0,0.0,0.14876823,-0.17574938,-0.057518307,0.31945044,-0.46772557,-0.09314173,0.36925998,-0.7860146,-0.12958945,0.25552204,-0.96680325,-0.15101759,0.2043355,-0.8105024,-0.034450468,0.28903732,-0.982602,-0.123737425,0.27587673,-0.7029402,-0.14531371,0.22220477,-0.6783491,-0.14946833,0.06643872,-0.83304685,-0.052156888,0.15490022,-1.0228666,-0.15742536,0.15724768,-0.6454568,-0.15983613,0.1045686,-0.66145897,-0.13903897,-0.073720865,-0.79247653,-0.08218659,-0.0036567166,-0.99169546,-0.20303822,0.029226912,-0.6284465,-0.14622127,-0.026051687,-0.601227,-0.081966385,-0.23544541,-0.728473,-0.11411697,-0.15743423,-0.8752619,-0.18417774,-0.107722454,-0.6314521,-0.129033,-0.14490527,-0.5752748,-0.07235316
S,Zaith,Right,0.0,0.0,0.0,0.15781587,-0.19999838,-0.058263544,0.31218645,-0.46975502,-0.09863058,0.36421967,-0.7806516,-0.14554691,0.24995044,-0.9682586,-0.1786893,0.202905,-0.82236904,0.0090377955,0.26739222,-0.980028,-0.08533974,0.26400205,-0.75542337,-0.11331451,0.22805625,-0.7002645,-0.11350473,0.06553704,-0.8395219,-0.006549906,0.13275325,-1.0130073,-0.1031291,0.1371055,-0.64552796,-0.09799246,0.10609589,-0.66542155,-0.06613815,-0.07502521,-0.7997281,-0.040273145,-0.020346528,-0.96954316,-0.15623523,0.00929999,-0.632287,-0.095911235,-0.031808615,-0.6077647,-0.02405307,-0.23823808,-0.7277187,-0.077528045,-0.17637607,-0.87700266,-0.14010803,-0.1308613,-0.6489399,-0.07925804,-0.15933433,-0.5911938,-0.014583171
S,Zaith,Right,0.0,0.0,0.0,0.1561779,-0.18767013,-0.064885154,0.310402,-0.47790706,-0.10806708,0.36417812,-0.7811588,-0.15588535,0.25575256,-0.9667423,-0.18765059,0.21780477,-0.83969104,-0.0049045747,0.29043758,-1.0104557,-0.10397812,0.2851424,-0.7695917,-0.13341515,0.24363104,-0.7252718,-0.13628434,0.0827614,-0.8645639,-0.020709036,0.15858619,-1.0334257,-0.12194793,0.15917529,-0.652997,-0.11748433,0.11850404,-0.69410115,-0.08684285,-0.054638825,-0.83482337,-0.055150203,0.0036320647,-1.0014266,-0.1760061,0.030217292,-0.6468154,-0.11520845,-0.015033314,-0.6409989,-0.04395376,-0.21340224,-0.775258,-0.093779445,-0.14579292,-0.9050401,-0.16284181,-0.10250645,-0.6614079,-0.103160344,-0.13285209,-0.6099056,-0.039324805
S,Zaith,Right,0.0,0.0,0.0,0.15256834,-0.19686927,-0.06455717,0.29437545,-0.49186295,-0.11033797,0.34091458,-0.79576164,-0.16248035,0.22926195,-0.9733648,-0.19896773,0.20002937,-0.8513258,0.00042618022,0.263699,-1.0228252,-0.10102847,0.26413378,-0.79237103,-0.13162634,0.22940394,-0.73037606,-0.13348469,0.06568729,-0.8667025,-0.015733976,0.13310228,-1.0396985,-0.11535002,0.13933092,-0.6644834,-0.10718012,0.103434354,-0.70204616,-0.073264875,-0.07004103,-0.828459,-0.052120235,-0.018560665,-0.9914649,-0.1729461,0.01245938,-0.6450892,-0.11302078,-0.02857715,-0.63648707,-0.04183157,-0.22454421,-0.7577949,-0.09304614,-0.16751105,-0.88269395,-0.16173397,-0.122632876,-0.65141016,-0.104697965,-0.15017858,-0.6028587,-0.042974517
S,Zaith,Right,0.0,0.0,0.0,0.13898277,-0.1895103,-0.055189792,0.28365195,-0.49925524,-0.089510806,0.33403268,-0.8149793,-0.12941468,0.21777903,-0.9759981,-0.15494198,0.17075402,-0.84881437,0.004257485,0.23785354,-1.029319,-0.08883299,0.24446258,-0.78807193,-0.11516167,0.20188487,-0.7234521,-0.114521876,0.03816584,-0.8548989,-0.01174116,0.10605548,-1.0353286,-0.1026957,0.121407315,-0.6597991,-0.093166664,0.076952375,-0.6788977,-0.06000791,-0.09704653,-0.7992307,-0.04593376,-0.042012345,-0.9671593,-0.15986355,-0.0032519572,-0.6251175,-0.10308731,-0.053437546,-0.6079725,-0.03516804,-0.2508844,-0.7106811,-0.082907,-0.19085594,-0.85279155,-0.14539748,-0.14282733,-0.6283991,-0.08804666,-0.17838167,-0.57634467,-0.027342496
S,Zaith,Right,0.0,0.0,0.0,0.14178127,-0.19137913,-0.06324593,0.29386684,-0.49195454,-0.10311474,0.33602282,-0.8099419,-0.14641306,0.21603027,-0.97638667,-0.17470941,0.17212485,-0.83465385,-0.01097046,0.24066572,-1.0047052,-0.10281414,0.24255246,-0.7448873,-0.12656277,0.1989398,-0.70109445,-0.1281202,0.036630593,-0.84042937,-0.024259249,0.104489855,-1.0223999,-0.121738285,0.12325141,-0.6411524,-0.11448974,0.08092489,-0.66630816,-0.08406334,-0.10019256,-0.7901504,-0.054757547,-0.04992337,-0.97245646,-0.17310417,-0.0054677157,-0.6193449,-0.114063285,-0.05361078,-0.5954946,-0.045585617,-0.2570091,-0.7112974,-0.088658266,-0.19858135,-0.8580056,-0.15569088,-0.14566644,-0.62849,-0.09992687,-0.17849855,-0.57147306,-0.040853642
S,Zaith,Right,0.0,0.0,0.0,0.15368275,-0.1758515,-0.06519684,0.30598956,-0.48476267,-0.099427044,0.35293394,-0.81066865,-0.1351503,0.22309712,-0.97479624,-0.15566444,0.20045486,-0.8459909,-0.0059564356,0.25855887,-1.0245174,-0.09266947,0.25128868,-0.7659029,-0.11968212,0.21297131,-0.72275287,-0.12405036,0.061491143,-0.85945886,-0.01367022,0.112886585,-1.0259265,-0.09844604,0.12077137,-0.6637923,-0.09364777,0.095203534,-0.7107679,-0.06955778,-0.076204956,-0.7984949,-0.03795498,-0.03926472,-0.9593905,-0.14042643,-0.004099963,-0.63635087,-0.08113963,-0.03186233,-0.6406614,-0.018025132,-0.23320986,-0.7150948,-0.066592276,-0.19418015,-0.8384791,-0.11836947,-0.14516729,-0.62430835,-0.0585807,-0.16069224,-0.5862581,-0.0003416978
S,Zaith,Right,0.0,0.0,0.0,0.14268796,-0.15161096,-0.06699141,0.30312842,-0.4579035,-0.1078501,0.35862845,-0.7648302,-0.14944224,0.26508692,-0.9642245,-0.17605282,0.18871538,-0.83383244,-0.03562289,0.26708037,-1.0144432,-0.13017423,0.2741257,-0.74625313,-0.15424186,0.2243873,-0.6872704,-0.15553722,0.058187738,-0.8443924,-0.04799732,0.14007851,-1.0307431,-0.14475378,0.15451951,-0.6496074,-0.13798864,0.09888742,-0.6605219,-0.110826634,-0.0799726,-0.8028026,-0.07671289,-0.006545754,-0.9890362,-0.19682781,0.028871246,-0.63058805,-0.14051574,-0.030546658,-0.60120493,-0.076161146,-0.24138708,-0.7315067,-0.10834767,-0.15480451,-0.87825567,-0.18210278,-0.10731173,-0.63586473,-0.12968707,-0.15243621,-0.57133085,-0.07399418
S,Zaith,Right,0.0,0.0,0.0,0.1511974,-0.1831609,-0.06605366,0.29142782,-0.47939232,-0.108967096,0.3493711,-0.7730949,-0.15473463,0.2551171,-0.9669102,-0.18599714,0.1633885,-0.8246003,-0.02842133,0.24867146,-1.0111461,-0.1331254,0.2673136,-0.74717253,-0.16538404,0.21913531,-0.66329885,-0.16827217,0.040376,-0.8238106,-0.04370475,0.1326879,-1.0252204,-0.15209198,0.15263951,-0.6446906,-0.15365292,0.0886471,-0.62619656,-0.12743565,-0.090044014,-0.7796845,-0.076446585,-0.0034388688,-0.9681345,-0.20560145,0.03139993,-0.6100058,-0.15554099,-0.035589848,-0.56505287,-0.08967168,-0.23940444,-0.70354855,-0.111924246,-0.14412613,-0.86235464,-0.19009778,-0.095722124,-0.62268984,-0.13909712,-0.14468901,-0.5440282,-0.081015535
S,Zaith,Right,0.0,0.0,0.0,0.15363708,-0.14547823,-0.08838288,0.30661005,-0.42209983,-0.14622024,0.3608263,-0.7414367,-0.20754957,0.26168945,-0.96515214,-0.25358984,0.24928777,-0.8821096,0.0013584121,0.29997814,-1.031322,-0.120878965,0.29552984,-0.8676016,-0.16736664,0.26535505,-0.8029942,-0.17242001,0.09760314,-0.9182697,-0.006891245,0.15674299,-1.0850911,-0.118863,0.14695881,-0.6910662,-0.11130103,0.11291214,-0.71083283,-0.069011554,-0.054893658,-0.8911511,-0.041426796,-0.010826616,-1.0243679,-0.17346533,0.0073041543,-0.6735671,-0.11188885,-0.029846594,-0.6710601,-0.03246135,-0.22732067,-0.81835634,-0.08271989,-0.18282942,-0.94012356,-0.15321934,-0.13704568,-0.69921345,-0.09073537,-0.15152554,-0.6503452,-0.0208002
S,Zaith,Right,0.0,0.0,0.0,0.15974942,-0.16870914,-0.07857091,0.30379066,-0.4491126,-0.13255338,0.3491072,-0.7620907,-0.19225624,0.23644155,-0.9716457,-0.23712176,0.25259042,-0.87180114,0.010454905,0.29378748,-1.0324286,-0.10410177,0.2873891,-0.88594586,-0.14857599,0.2651958,-0.8254625,-0.15480636,0.10337719,-0.90746063,-0.00035103512,0.14507829,-1.072599,-0.104730465,0.13521045,-0.69954985,-0.09694713,0.11957728,-0.7306325,-0.05747747,-0.04305198,-0.8790785,-0.035755053,-0.016787214,-1.0196986,-0.15689278,0.00060027954,-0.68675137,-0.09313226,-0.020330425,-0.68947715,-0.016268952,-0.20670576,-0.81005275,-0.07844021,-0.1722475,-0.92213154,-0.1414204,-0.1349625,-0.69432795,-0.0791792,-0.14478113,-0.6586835,-0.012119573
S,Zaith,Right,0.0,0.0,0.0,0.16346826,-0.17940715,-0.08296545,0.30520687,-0.45606777,-0.14005439,0.3591072,-0.7623758,-0.20375173,0.24887747,-0.968535,-0.2518818,0.24786273,-0.8766774,0.022170428,0.2932584,-1.019804,-0.090086944,0.294065,-0.8821765,-0.13480827,0.27384073,-0.8419694,-0.14216417,0.1011532,-0.90760016,0.013002181,0.15004127,-1.0650228,-0.089874655,0.14390844,-0.6878902,-0.081985414,0.1294362,-0.73949045,-0.04151974,-0.04437756,-0.8804373,-0.022395965,-0.016927619,-1.0228314,-0.14237754,0.006196134,-0.6878017,-0.07768465,-0.014152185,-0.6991253,0.00045876516,-0.20839088,-0.8153314,-0.066053756,-0.1754849,-0.9233732,-0.12747738,-0.1355014,-0.7020147,-0.06448584,-0.14424904,-0.6686407,0.0034534542
S,Zaith,Left,0.0,0.0,0.0,-0.18691684,-0.15160564,-0.07197432,-0.3640178,-0.42539814,-0.104329385,-0.445838,-0.7162821,-0.14382018,-0.35179648,-0.9360765,-0.15995209,-0.27313048,-0.8123831,0.025458302,-0.37751958,-0.9995231,-0.087934494,-0.3482972,-0.71175,-0.13179156,-0.29908004,-0.68054533,-0.14628801,-0.137167,-0.85147256,0.017229434,-0.23378736,-1.0112641,-0.10178813,-0.21153413,-0.6369312,-0.09519162,-0.1599374,-0.65025705,-0.055859976,0.011565962,-0.84431255,-0.018941747,-0.063025415,-1.0171814,-0.14363457,-0.06915317,-0.67271316,-0.08582533,-0.028030204,-0.66104376,-0.0075480156,0.17444214,-0.8007607,-0.06423103,0.12357449,-1.0025604,-0.1251691,0.0855241,-0.780577,-0.08074272,0.09891924,-0.71302354,-0.025473477
S,Zaith,Left,0.0,0.0,0.0,-0.18917453,-0.14945321,-0.07246665,-0.36885384,-0.41965798,-0.104762144,-0.4466504,-0.7125551,-0.14407285,-0.35631156,-0.9343672,-0.15882945,-0.27703455,-0.81503093,0.022435987,-0.37985823,-1.0127109,-0.09156807,-0.35250312,-0.72219926,-0.13446666,-0.30758944,-0.68854934,-0.14812258,-0.13953644,-0.8503483,0.01386196,-0.23466595,-1.0177144,-0.104899734,-0.2125644,-0.63622075,-0.09600429,-0.16439225,-0.65331155,-0.055645775,0.00942233,-0.8403083,-0.022756355,-0.060545933,-1.0258919,-0.14755152,-0.06738155,-0.67313576,-0.085752085,-0.0316908,-0.6571274,-0.005334018,0.17271306,-0.79417795,-0.06887872,0.13119827,-1.0124884,-0.13134131,0.09299621,-0.7889116,-0.08578925,0.10059068,-0.7183391,-0.029668463
S,Zaith,Left,0.0,0.0,0.0,-0.19408816,-0.1549983,-0.07310512,-0.37090993,-0.4201526,-0.106916904,-0.4520635,-0.70780987,-0.14812993,-0.36315128,-0.9317302,-0.16511841,-0.28020534,-0.8161486,0.02619828,-0.38449207,-1.0048215,-0.09049669,-0.35604084,-0.71437824,-0.13634752,-0.3088543,-0.6812886,-0.15109733,-0.14328498,-0.8543904,0.018488616,-0.23935722,-1.0188621,-0.10217532,-0.21991463,-0.64143664,-0.096214004,-0.1716585,-0.6579659,-0.057205245,0.006275847,-0.8475093,-0.017783351,-0.065508634,-1.0255874,-0.1421984,-0.07463131,-0.679826,-0.08351406,-0.03700687,-0.6676442,-0.004709313,0.17057656,-0.8047617,-0.063710436,0.1258341,-1.0161041,-0.1237407,0.086573966,-0.79970473,-0.07946059,0.09806584,-0.73599005,-0.02427075
S,Zaith,Left,0.0,0.0,0.0,-0.19185604,-0.15015593,-0.074882865,-0.36899412,-0.42685848,-0.105289064,-0.44740632,-0.7223702,-0.14267053,-0.35138103,-0.9362325,-0.15647414,-0.2794017,-0.8145112,0.030069064,-0.37897933,-1.0065904,-0.081871375,-0.35254627,-0.7198882,-0.124847725,-0.30769742,-0.68462175,-0.13863784,-0.14067963,-0.8580063,0.023265863,-0.23213282,-1.0208865,-0.09567597,-0.21318309,-0.6443159,-0.089894176,-0.16464365,-0.65291554,-0.050596315,0.010662729,-0.84995764,-0.012314654,-0.05782975,-1.0217863,-0.13811918,-0.068250194,-0.6769915,-0.0828659,-0.032689102,-0.66034824,-0.0054906327,0.17715798,-0.8042179,-0.05726491,0.13195549,-1.012386,-0.118863165,0.09110337,-0.79586065,-0.07682883,0.09886216,-0.72749615,-0.023008646
S,Zaith,Left,0.0,0.0,0.0,-0.190711,-0.16569017,-0.07092712,-0.3498117,-0.4499163,-0.10338002,-0.4045356,-0.7450868,-0.14114395,-0.30879775,-0.9511277,-0.15667982,-0.2593606,-0.8298554,0.017926134,-0.3489564,-1.0165498,-0.09645319,-0.3367516,-0.73112446,-0.1413938,-0.29851294,-0.68100727,-0.15661423,-0.12775423,-0.8380831,0.0042730435,-0.19967942,-1.0195652,-0.11380102,-0.20144138,-0.6435763,-0.1107576,-0.15777643,-0.6327868,-0.074357666,0.013078332,-0.78722537,-0.036060747,-0.042721212,-0.9837111,-0.16076303,-0.07072311,-0.62187195,-0.10568089,-0.036142685,-0.5856364,-0.031339344,0.1615216,-0.6955978,-0.08501445,0.096553944,-0.8097572,-0.14995381,0.050918233,-0.5759704,-0.110183135,0.07301818,-0.52538717,-0.05928545
S,Zaith,Left,0.0,0.0,0.0,-0.19314672,-0.16099286,-0.07596253,-0.3551666,-0.43484932,-0.10803078,-0.41409132,-0.7318597,-0.14467016,-0.31987512,-0.9474597,-0.1586563,-0.28286028,-0.8083361,0.024813365,-0.3640058,-0.99628764,-0.08523945,-0.34195843,-0.70883167,-0.12939015,-0.30541557,-0.67401266,-0.14583676,-0.15111043,-0.8260619,0.016295595,-0.2186232,-1.0023025,-0.09903687,-0.21239895,-0.6293474,-0.09937726,-0.17248559,-0.6302871,-0.066565506,-0.012754137,-0.7868521,-0.019423734,-0.066220164,-0.97584516,-0.14151132,-0.087127745,-0.6150271,-0.09046779,-0.05290511,-0.5851534,-0.019494979,0.13365903,-0.71099734,-0.06417939,0.06914399,-0.8159052,-0.1262436,0.029198246,-0.58493155,-0.08918583,0.051747356,-0.5400156,-0.040901348
S,Zaith,Left,0.0,0.0,0.0,-0.19227047,-0.16349244,-0.073106445,-0.3518473,-0.43573236,-0.10540193,-0.40931487,-0.7341928,-0.14237969,-0.3171099,-0.9483888,-0.15680166,-0.27463612,-0.81082267,0.021911163,-0.35580152,-0.99725217,-0.08812799,-0.3356764,-0.71087027,-0.13256718,-0.29952174,-0.6823837,-0.15004522,-0.14502807,-0.8222058,0.011950309,-0.21303329,-1.0009068,-0.10271598,-0.20812626,-0.63099647,-0.10319382,-0.16825788,-0.6405095,-0.07165084,-0.008336981,-0.78112185,-0.024440823,-0.06313417,-0.97623795,-0.14453878,-0.08480365,-0.6189051,-0.09233171,-0.05031173,-0.5964578,-0.022198373,0.13516064,-0.7056087,-0.06982093,0.07138411,-0.81291,-0.13100371,0.031240104,-0.58296907,-0.09339543,0.05545666,-0.54338896,-0.045599185
S,Zaith,Left,0.0,0.0,0.0,-0.19046535,-0.1700878,-0.07248924,-0.3486261,-0.4437074,-0.10518086,-0.41123894,-0.7364505,-0.1433792,-0.31986535,-0.94746304,-0.15955226,-0.26562598,-0.8160395,0.028299544,-0.3510112,-0.99978817,-0.08130689,-0.33419642,-0.71723545,-0.12615797,-0.29580656,-0.6843719,-0.14300242,-0.13868809,-0.825144,0.018685132,-0.21033223,-1.0016651,-0.09529221,-0.2079072,-0.63370955,-0.09524251,-0.16509888,-0.63572055,-0.062407333,-0.004775586,-0.78172827,-0.01793103,-0.064127244,-0.97823435,-0.13872027,-0.088015236,-0.6220177,-0.088189796,-0.05132267,-0.5903151,-0.01784985,0.13579871,-0.7021865,-0.0633381,0.06563735,-0.81348205,-0.12469884,0.021063874,-0.58079594,-0.08773601,0.043582648,-0.5288859,-0.039617434
S,Zaith,Left,0.0,0.0,0.0,-0.19384012,-0.16541795,-0.077338114,-0.35315156,-0.44010055,-0.11138203,-0.40940034,-0.737273,-0.14913511,-0.31612763,-0.9487167,-0.16389953,-0.26787123,-0.8270957,0.020207241,-0.35492638,-1.0045497,-0.09338214,-0.3350467,-0.71202034,-0.14038518,-0.29624248,-0.68731564,-0.15898125,-0.13838561,-0.8341877,0.012947569,-0.20958129,-1.0081329,-0.105243206,-0.20551684,-0.6304316,-0.10601469,-0.16289286,-0.6424767,-0.07324719,-0.0032048102,-0.79086125,-0.021536998,-0.061514422,-0.9816449,-0.14480245,-0.08498127,-0.61695373,-0.09225574,-0.046244137,-0.5975409,-0.020278798,0.13706174,-0.7142981,-0.06533718,0.06746357,-0.81706595,-0.12775478,0.02387815,-0.58000773,-0.08982491,0.049006406,-0.53876853,-0.040695224
S,Zaith,Left,0.0,0.0,0.0,-0.19488671,-0.16861637,-0.07983081,-0.352146,-0.45075527,-0.11458233,-0.4015269,-0.7506201,-0.15230747,-0.2972981,-0.9547847,-0.16689764,-0.2687719,-0.83529586,0.020831876,-0.34807047,-0.998518,-0.094254814,-0.32745284,-0.7098165,-0.14274941,-0.29063737,-0.6888227,-0.16217887,-0.13735332,-0.8405964,0.013098976,-0.20283718,-1.015004,-0.10769975,-0.19923855,-0.63472027,-0.10998131,-0.15801078,-0.6498229,-0.076576576,0.0010228987,-0.79248804,-0.02216279,-0.049793303,-0.96820736,-0.146204,-0.07435233,-0.60576344,-0.09378575,-0.037687615,-0.5991249,-0.021434734,0.14410205,-0.7109791,-0.067008056,0.080171585,-0.7942161,-0.12732227,0.040822517,-0.56346345,-0.08817816,0.07025128,-0.5423255,-0.03862618
S,Zaith,Left,0.0,0.0,0.0,-0.18604934,-0.18290502,-0.082074225,-0.31944942,-0.47641936,-0.111676395,-0.35302606,-0.78231835,-0.1445558,-0.24485192,-0.9695605,-0.15435365,-0.2502746,-0.8274679,0.0406791,-0.30875376,-1.0187677,-0.06898365,-0.29443556,-0.7402465,-0.11649503,-0.26671752,-0.70667416,-0.13406356,-0.1180642,-0.8296159,0.03825298,-0.16290103,-1.0183898,-0.07879729,-0.16621314,-0.65048766,-0.08697537,-0.13889016,-0.6627266,-0.057166915,0.016872074,-0.7792409,0.0074200914,-0.010515757,-0.9616942,-0.11551078,-0.042642206,-0.61546034,-0.07205245,-0.022784844,-0.60755277,-0.0048165754,0.1540963,-0.6969766,-0.03292531,0.117095046,-0.80256766,-0.09146213,0.0728859,-0.5788523,-0.055032603,0.08510056,-0.54839844,-0.0071940194
S,Zaith,Left,0.0,0.0,0.0,-0.17177299,-0.20433323,-0.08371656,-0.28585163,-0.49611518,-0.11786457,-0.29617056,-0.8001229,-0.1552236,-0.18206058,-0.98328733,-0.17040692,-0.20967726,-0.83258516,0.038145673,-0.2541907,-1.0266017,-0.074840344,-0.25433427,-0.75689733,-0.12462167,-0.2308932,-0.71535754,-0.14172713,-0.07745974,-0.823858,0.036776748,-0.10412833,-1.0130026,-0.08002856,-0.12696551,-0.65980273,-0.088408075,-0.104800664,-0.6686333,-0.058463067,0.05450976,-0.7600546,0.0066373036,0.04364877,-0.94014,-0.1172116,-0.00626828,-0.6098268,-0.0753884,0.007086942,-0.597158,-0.008343824,0.18702245,-0.66036946,-0.03288694,0.16177528,-0.78193897,-0.09264302,0.10870136,-0.57346654,-0.05690487,0.11428678,-0.5363987,-0.008623879
S,Zaith,Left,0.0,0.0,0.0,-0.17276251,-0.18918958,-0.09619527,-0.308293,-0.47954568,-0.13876438,-0.34385884,-0.7809385,-0.18203233,-0.22502616,-0.9743527,-0.20137653,-0.23339644,-0.8485888,0.01686846,-0.2918615,-1.0330766,-0.10251551,-0.27773696,-0.73839056,-0.15305898,-0.24561296,-0.7069793,-0.17135534,-0.09656196,-0.8403413,0.019136133,-0.13974,-1.0119553,-0.1050368,-0.15132098,-0.6445965,-0.110348165,-0.12127046,-0.66191405,-0.07795668,0.04008255,-0.7753569,-0.008507754,0.014784867,-0.94582367,-0.13687788,-0.02654902,-0.6049369,-0.09240409,-0.002964426,-0.6037377,-0.023548784,0.1779659,-0.6784273,-0.046548046,0.13925819,-0.78599036,-0.10823923,0.08840327,-0.568599,-0.07341324,0.10135257,-0.5346019,-0.026237335
S,Zaith,Left,0.0,0.0,0.0,-0.18132392,-0.14980543,-0.105643876,-0.34601626,-0.44578943,-0.15359196,-0.3829387,-0.77460825,-0.19941586,-0.2555333,-0.9668003,-0.2184039,-0.26808414,-0.86864966,-0.013493863,-0.33747476,-1.04199,-0.1428837,-0.3097589,-0.72834915,-0.18910205,-0.27476788,-0.71197325,-0.20536646,-0.12420396,-0.8796382,-0.016767088,-0.1803325,-1.0638295,-0.1564779,-0.17492779,-0.6489646,-0.15187363,-0.14164494,-0.6802061,-0.108250655,0.024086758,-0.8289727,-0.05060663,-0.010601699,-0.9821768,-0.19673069,-0.03574953,-0.60131437,-0.13771577,-0.0110094,-0.62334156,-0.055696856,0.17693932,-0.73956954,-0.095960826,0.13727483,-0.8217609,-0.17196201,0.09441814,-0.5717088,-0.13107547,0.1064202,-0.5547849,-0.07727953
S,Zaith,Left,0.0,0.0,0.0,-0.18288775,-0.15001483,-0.13035978,-0.33105752,-0.44980764,-0.18942538,-0.33872035,-0.7805073,-0.24114992,-0.21326189,-0.97699505,-0.26684803,-0.27862257,-0.9046618,-0.022447957,-0.32122153,-1.0515721,-0.16131108,-0.29804882,-0.75070685,-0.218383,-0.2712394,-0.7080678,-0.23861645,-0.12084974,-0.9221485,-0.016150974,-0.13812178,-1.076401,-0.16519968,-0.13960852,-0.668825,-0.17406283,-0.12895724,-0.685371,-0.1373299,0.03701508,-0.8688567,-0.04290813,0.03564395,-0.969361,-0.19818875,-1.6232203e-05,-0.5953926,-0.14937375,-0.0023952338,-0.61187905,-0.07280604,0.1931578,-0.7698043,-0.08280996,0.17051561,-0.8105499,-0.16523941,0.13096978,-0.55547166,-0.12664476,0.12817144,-0.54454863,-0.072882555
S,Zaith,Left,0.0,0.0,0.0,-0.17534491,-0.16297014,-0.14322789,-0.31449285,-0.45494872,-0.20868635,-0.3147963,-0.7776564,-0.2648559,-0.1945096,-0.9809006,-0.29321277,-0.28519583,-0.9075349,-0.026182655,-0.31721997,-1.0442847,-0.17340784,-0.2957245,-0.7570362,-0.23603687,-0.27874425,-0.7182747,-0.25808144,-0.12825324,-0.92052567,-0.01300581,-0.13572122,-1.0756848,-0.17214473,-0.13357833,-0.6707401,-0.18705584,-0.13253471,-0.70065635,-0.15298021,0.029221328,-0.87221605,-0.03466985,0.039948173,-1.0001429,-0.20338559,0.010212077,-0.62297785,-0.15810578,-0.0013869667,-0.6401219,-0.08014637,0.18019512,-0.7787214,-0.07007323,0.18175066,-0.86564857,-0.1636621,0.14222056,-0.6022606,-0.12709951,0.12555093,-0.5759708,-0.0718025
S,Zaith,Left,0.0,0.0,0.0,-0.16878751,-0.18429188,-0.16777426,-0.29636672,-0.47219056,-0.25395894,-0.28589025,-0.7988566,-0.32771268,-0.1562707,-0.9877143,-0.3734773,-0.27540267,-0.9429184,-0.054620903,-0.29253012,-1.073806,-0.21975859,-0.28950384,-0.79407084,-0.28941637,-0.28473136,-0.7221483,-0.31146273,-0.11309731,-0.9581797,-0.033875413,-0.10092883,-1.1017308,-0.20298003,-0.10546764,-0.68121755,-0.21643803,-0.115444124,-0.7143972,-0.17800234,0.053807564,-0.90987754,-0.05059034,0.08139021,-1.0131047,-0.22876637,0.046644498,-0.6329706,-0.18151172,0.023121722,-0.65269685,-0.10028712,0.20858218,-0.8096377,-0.08333696,0.22433376,-0.86300975,-0.18405624,0.185817,-0.59895873,-0.14798732,0.1627248,-0.5836268,-0.09103933
S,Zaith,Left,0.0,0.0,0.0,-0.15969372,-0.19972315,-0.19250919,-0.27615774,-0.4769311,-0.29492497,-0.264859,-0.7960315,-0.38161576,-0.13225317,-0.99121594,-0.43808758,-0.2505046,-0.9555064,-0.061306722,-0.26901716,-1.0674433,-0.24583432,-0.26487494,-0.7978882,-0.32588315,-0.2564371,-0.7238625,-0.3483214,-0.0896154,-0.9497918,-0.02832187,-0.08191928,-1.1015817,-0.21758112,-0.08667103,-0.6815766,-0.2372416,-0.09510603,-0.7185499,-0.1942556,0.07307144,-0.89154524,-0.03760045,0.09695954,-0.99498576,-0.23532993,0.061989106,-0.62259954,-0.19614606,0.037788045,-0.64863104,-0.11113982,0.21844357,-0.79123026,-0.06419577,0.2378898,-0.8565741,-0.17379962,0.19682373,-0.60297257,-0.14346443,0.16863978,-0.58289945,-0.0858208
S,Zaith,Left,0.0,0.0,0.0,-0.16296716,-0.1924806,-0.20146276,-0.2763824,-0.48866764,-0.31124902,-0.25630265,-0.80416155,-0.4059562,-0.12185479,-0.9925479,-0.47147733,-0.2304946,-0.98359716,-0.06532282,-0.25922745,-1.0912111,-0.2638227,-0.29030642,-0.8498643,-0.3526482,-0.30431664,-0.77609146,-0.3773029,-0.07420914,-0.96780324,-0.030226022,-0.06593824,-1.106565,-0.22542319,-0.08407217,-0.6766088,-0.23921132,-0.09607285,-0.7356541,-0.18872951,0.08485713,-0.9033501,-0.04097265,0.108084284,-0.992896,-0.2442975,0.06554332,-0.6183108,-0.19999006,0.043682527,-0.65875167,-0.10908216,0.22721416,-0.8029507,-0.07079076,0.24355997,-0.8510215,-0.18252894,0.19897507,-0.6008949,-0.15022957,0.17550994,-0.59259355,-0.08965193
S,Zaith,Left,0.0,0.0,0.0,-0.1612818,-0.18836412,-0.21186465,-0.27755094,-0.472091,-0.3262453,-0.261006,-0.79490995,-0.42075723,-0.12771255,-0.9918112,-0.4838767,-0.2556785,-0.9813184,-0.08510536,-0.2637481,-1.0645696,-0.27781537,-0.2627568,-0.78885084,-0.3614106,-0.25811884,-0.7205048,-0.38562015,-0.094584286,-0.9734362,-0.04522441,-0.0678098,-1.0867771,-0.23719415,-0.07789794,-0.6659942,-0.25596198,-0.09586131,-0.7283163,-0.21402581,0.06918668,-0.9134649,-0.049421,0.10827026,-0.9808143,-0.25006858,0.06902948,-0.6170137,-0.21129365,0.037562616,-0.6654801,-0.1289013,0.21439002,-0.8161267,-0.07286776,0.24164267,-0.8475734,-0.18525693,0.20366798,-0.5960308,-0.15671752,0.17435962,-0.5936684,-0.1013325
S,Zaith,Left,0.0,0.0,0.0,-0.19904457,-0.13575754,-0.068272926,-0.34797028,-0.4443879,-0.08784588,-0.3571253,-0.7761544,-0.112961814,-0.24471748,-0.9695944,-0.117350325,-0.2861866,-0.76193094,0.039251283,-0.33924738,-0.9827355,-0.0705091,-0.3133563,-0.6940276,-0.11674002,-0.29077613,-0.6391456,-0.13115753,-0.1496809,-0.78274184,0.029008875,-0.17903365,-0.99503815,-0.08412709,-0.16854772,-0.6358029,-0.09304446,-0.1541259,-0.6401706,-0.06531765,-0.010475736,-0.7616064,-0.0074774437,-0.028102743,-0.96719533,-0.12777635,-0.04141567,-0.61617863,-0.080600664,-0.031075232,-0.599947,-0.012889542,0.13431782,-0.7138513,-0.052156128,0.10138723,-0.8540663,-0.10912121,0.071455374,-0.60205317,-0.06399241,0.07654191,-0.54598165,-0.011014471
S,Zaith,Left,0.0,0.0,0.0,-0.19514795,-0.13992983,-0.07392758,-0.334631,-0.42473775,-0.09888845,-0.37197086,-0.73955756,-0.12872303,-0.28714243,-0.9578879,-0.13758509,-0.2958495,-0.7446241,0.052863162,-0.35779202,-0.94149584,-0.050250106,-0.3244865,-0.6743973,-0.09372971,-0.29205537,-0.63048506,-0.10601137,-0.16663912,-0.7796719,0.048987765,-0.20805547,-0.9803892,-0.056151595,-0.1929966,-0.631399,-0.06301679,-0.16945806,-0.63985443,-0.033324305,-0.031743884,-0.7565801,0.017539233,-0.05366444,-0.9569133,-0.09783428,-0.06932141,-0.6195305,-0.058237944,-0.051423516,-0.6049026,0.0053938967,0.10936185,-0.7049279,-0.022035401,0.0703469,-0.8225578,-0.07631327,0.03780934,-0.5908668,-0.03901674,0.048395466,-0.5423227,0.0091621345
S,Zaith,Left,0.0,0.0,0.0,-0.20335633,-0.12688565,-0.06436606,-0.35073143,-0.40142664,-0.08899077,-0.38095436,-0.7291557,-0.121963166,-0.28637588,-0.95811737,-0.1371446,-0.29282975,-0.7321827,0.058723666,-0.36471564,-0.9351799,-0.048346136,-0.34092805,-0.67990357,-0.093742356,-0.3026828,-0.6303781,-0.106435634,-0.16404238,-0.76761407,0.04554032,-0.21746114,-0.97901326,-0.06498371,-0.2042169,-0.6255746,-0.070945375,-0.17010933,-0.6091363,-0.037870303,-0.029635657,-0.74625826,0.004711398,-0.06695286,-0.9646552,-0.12004875,-0.07643455,-0.60604537,-0.079505935,-0.04874022,-0.5604323,-0.011217041,0.11659153,-0.69014245,-0.043361757,0.06628335,-0.829659,-0.108981825,0.03580692,-0.5735484,-0.07299199,0.050348546,-0.4957361,-0.022802785
S,Zaith,Left,0.0,0.0,0.0,-0.19119547,-0.14287515,-0.08056513,-0.33574164,-0.4303498,-0.113299474,-0.36803028,-0.7513716,-0.15009202,-0.26364538,-0.9646197,-0.16636874,-0.27862853,-0.77343464,0.033874568,-0.3415035,-0.98020333,-0.07864045,-0.3142985,-0.6962981,-0.12494323,-0.28314763,-0.65333813,-0.13981934,-0.1465064,-0.7998876,0.028349407,-0.19201767,-1.002123,-0.0877324,-0.1813982,-0.6348258,-0.092752405,-0.15460083,-0.6345669,-0.06027329,-0.011179044,-0.76993394,-0.005408963,-0.038458895,-0.971869,-0.13119435,-0.05565746,-0.6120328,-0.08681173,-0.036376037,-0.58884436,-0.018036041,0.13043918,-0.70827675,-0.047969967,0.0910009,-0.8338178,-0.112692475,0.056454048,-0.5806761,-0.07552259,0.0646855,-0.5208145,-0.02592198
S,Zaith,Left,0.0,0.0,0.0,-0.18947282,-0.15884757,-0.08296958,-0.32786107,-0.44266286,-0.11593487,-0.35884476,-0.75721186,-0.15191108,-0.25548798,-0.96681225,-0.1665539,-0.2718998,-0.7860175,0.04024381,-0.3266312,-0.97142583,-0.06851538,-0.3001407,-0.6969144,-0.115829706,-0.27077335,-0.6668108,-0.133112,-0.13960116,-0.81236917,0.037281774,-0.17944203,-0.99847966,-0.07785805,-0.17126735,-0.63847727,-0.087255955,-0.14763851,-0.6488073,-0.058716062,-0.0054827975,-0.7807893,0.0059849774,-0.025603585,-0.9683239,-0.11725632,-0.047070935,-0.62435985,-0.07656876,-0.030555718,-0.61298877,-0.01139197,0.13469103,-0.7162443,-0.03447774,0.0996055,-0.8296036,-0.09523301,0.0633218,-0.5965095,-0.059930284,0.07109727,-0.55397505,-0.012817943
S,Zaith,Left,0.0,0.0,0.0,-0.19791417,-0.1404009,-0.068437934,-0.34440988,-0.4260217,-0.09485608,-0.36560476,-0.7488077,-0.12754206,-0.26280567,-0.9648488,-0.14087367,-0.28408772,-0.7654703,0.04151167,-0.34189603,-0.9602557,-0.06412494,-0.32026774,-0.68506384,-0.108297065,-0.29029146,-0.6364471,-0.1221068,-0.15250729,-0.7938663,0.029543545,-0.19475296,-0.9957574,-0.08029884,-0.18709542,-0.6376965,-0.08502451,-0.15696977,-0.62775296,-0.053618263,-0.015646128,-0.7680004,-0.0088309655,-0.042326003,-0.9797688,-0.12819757,-0.058242522,-0.63327914,-0.08158954,-0.03446238,-0.5975966,-0.012529518,0.1309677,-0.7065703,-0.055292908,0.091431975,-0.85442615,-0.11559495,0.05556435,-0.6134379,-0.07446294,0.06559555,-0.54406714,-0.022493593
S,Zaith,Left,0.0,0.0,0.0,-0.20883633,-0.14557703,-0.049321245,-0.3460191,-0.41395217,-0.06765806,-0.37402442,-0.73084813,-0.09805396,-0.28748032,-0.95778656,-0.11092595,-0.28854892,-0.718172,0.074161634,-0.36143026,-0.93941486,-0.03269572,-0.33361533,-0.6745732,-0.082830116,-0.2926481,-0.5946625,-0.09621795,-0.16503136,-0.75108135,0.057618793,-0.21845645,-0.98137856,-0.04976496,-0.19969463,-0.63143176,-0.06166983,-0.16237547,-0.59447557,-0.033094574,-0.03397129,-0.73931545,0.015287372,-0.07438285,-0.97281915,-0.1017183,-0.07922754,-0.61984783,-0.059240736,-0.04826117,-0.54969746,0.010264686,0.11019611,-0.6946276,-0.033379022,0.057920467,-0.86977214,-0.08988633,0.029922329,-0.6226465,-0.0469851,0.047501594,-0.52918833,0.008210492
S,Zaith,Left,0.0,0.0,0.0,-0.21236269,-0.1502556,-0.044208508,-0.3497544,-0.41383526,-0.055690847,-0.38443118,-0.7300926,-0.08014869,-0.29843086,-0.95443124,-0.08610745,-0.28991112,-0.71165866,0.09609694,-0.36358145,-0.92439044,-0.0053988528,-0.33784017,-0.6623811,-0.05559147,-0.29793513,-0.59617937,-0.070059374,-0.16794485,-0.7416844,0.080631055,-0.22414069,-0.9658919,-0.022078462,-0.2063177,-0.6203721,-0.036742534,-0.16909531,-0.5983759,-0.011030933,-0.03790431,-0.73221576,0.038946953,-0.08195468,-0.9675168,-0.0730802,-0.0872469,-0.62051326,-0.033531427,-0.054761413,-0.56315166,0.03296994,0.10574935,-0.6939782,-0.009006798,0.054878958,-0.86602086,-0.06004216,0.024167614,-0.62078476,-0.018295273,0.041236185,-0.5341423,0.035154562
S,Zaith,Left,0.0,0.0,0.0,-0.19034578,-0.15034615,-0.06580411,-0.32948488,-0.4380457,-0.09196368,-0.34930676,-0.7576577,-0.1252834,-0.24637556,-0.96917444,-0.13947164,-0.265362,-0.7675194,0.046235703,-0.32317862,-0.9621392,-0.060071096,-0.3074897,-0.6899263,-0.10445481,-0.27787504,-0.63030547,-0.11739879,-0.14025405,-0.79337215,0.033893827,-0.18165097,-0.9936591,-0.074938744,-0.17660132,-0.63381964,-0.0789078,-0.14392956,-0.61439335,-0.046672348,-0.007077167,-0.76682234,-0.0049379226,-0.033578165,-0.98268425,-0.12562701,-0.051391035,-0.62381935,-0.07826003,-0.026937101,-0.5692677,-0.007374035,0.13730958,-0.70132154,-0.051620103,0.096945584,-0.84868425,-0.11604628,0.05896422,-0.60177374,-0.07675949,0.06631626,-0.5225125,-0.0246443
S,Zaith,Left,0.0,0.0,0.0,-0.19063862,-0.13954936,-0.07347732,-0.351554,-0.4195428,-0.09747417,-0.39309296,-0.74293673,-0.12473319,-0.29507145,-0.9554752,-0.12888175,-0.28522307,-0.7810943,0.035799343,-0.34232712,-0.9771123,-0.07932169,-0.31352755,-0.6790877,-0.13039583,-0.28756788,-0.6544519,-0.15053825,-0.15243691,-0.79272276,0.026751325,-0.19849457,-1.00854,-0.09020579,-0.1863588,-0.629574,-0.09820294,-0.16351481,-0.6508342,-0.06972434,-0.012164726,-0.763489,-0.009557951,-0.04133189,-0.97038126,-0.13616277,-0.054843772,-0.5978525,-0.08745408,-0.032165755,-0.59407437,-0.016915815,0.13636385,-0.70509654,-0.05433864,0.096746475,-0.8286219,-0.11921262,0.064718515,-0.56972957,-0.078024074,0.07865877,-0.5277197,-0.026044888
S,Zaith,Left,0.0,0.0,0.0,-0.21094364,-0.13153638,-0.07872976,-0.4114975,-0.39796558,-0.11176525,-0.49704117,-0.69162565,-0.14940171,-0.40180695,-0.9157244,-0.16444579,-0.35268232,-0.7966708,0.011106451,-0.44893953,-0.99942726,-0.10517012,-0.40981823,-0.69440407,-0.1477149,-0.37041602,-0.6451098,-0.16105798,-0.20718335,-0.8431749,-0.0015690012,-0.28818643,-1.0286738,-0.12165471,-0.262323,-0.6336375,-0.11497581,-0.22020115,-0.63417166,-0.07511499,-0.048321966,-0.8228451,-0.04201719,-0.11617748,-1.0210893,-0.17119849,-0.119456805,-0.63697237,-0.11250214,-0.085635796,-0.6065463,-0.034182876,0.12030605,-0.75748783,-0.09126264,0.039901596,-0.88022804,-0.15790293,0.009714779,-0.61828256,-0.11214488,0.03146227,-0.55329204,-0.056018665
S,Zaith,Left,0.0,0.0,0.0,-0.2182349,-0.13722996,-0.072576486,-0.4099174,-0.3834533,-0.111240506,-0.5027838,-0.66475904,-0.15584622,-0.42547536,-0.90497,-0.17751725,-0.3403159,-0.810825,0.012771015,-0.46158385,-0.9788125,-0.10931125,-0.42149466,-0.6776053,-0.15954241,-0.37002388,-0.6451998,-0.17840765,-0.2047118,-0.84575385,-0.0002315639,-0.3117071,-1.0030305,-0.11969745,-0.2825633,-0.6099365,-0.112952046,-0.22860579,-0.6157706,-0.07534347,-0.057876665,-0.8222207,-0.040960126,-0.15698339,-1.0122873,-0.1647594,-0.15459792,-0.6257943,-0.102861546,-0.10037609,-0.59893763,-0.024466796,0.09892382,-0.76070607,-0.09084001,-0.0062097404,-0.8609639,-0.15351829,-0.038875487,-0.60064566,-0.10952923,-0.0021138028,-0.54686123,-0.05561404
S,Zaith,Left,0.0,0.0,0.0,-0.2223111,-0.1272177,-0.06592174,-0.41362822,-0.37571174,-0.1005162,-0.51093435,-0.65214574,-0.14257781,-0.44443682,-0.8958102,-0.16172124,-0.3412184,-0.8072241,0.018778171,-0.46428436,-0.97468626,-0.09447321,-0.4196348,-0.6677091,-0.13874789,-0.36586538,-0.634275,-0.15491518,-0.21507868,-0.84221345,0.0026761699,-0.32805467,-1.0026431,-0.110358864,-0.29430556,-0.61459994,-0.10221569,-0.234899,-0.6190395,-0.06494817,-0.07465874,-0.82416,-0.03963578,-0.18293127,-1.0180424,-0.15743512,-0.17337911,-0.6319001,-0.093770176,-0.11254955,-0.5991914,-0.015775418,0.0779928,-0.76830405,-0.09078409,-0.03362485,-0.8596867,-0.14962603,-0.06017851,-0.6020462,-0.10397927,-0.016628738,-0.5472653,-0.04977698
S,Zaith,Left,0.0,0.0,0.0,-0.21124347,-0.12840717,-0.06097303,-0.40180033,-0.37608856,-0.09128711,-0.4995782,-0.651153,-0.12987931,-0.43817046,-0.8988919,-0.14697276,-0.3347099,-0.7601572,0.031475503,-0.447831,-0.94052637,-0.07610641,-0.40501773,-0.646846,-0.115644865,-0.35621694,-0.6074318,-0.1274898,-0.21526775,-0.80017906,0.015276463,-0.32733548,-0.98059285,-0.0935392,-0.2915493,-0.6052837,-0.08524534,-0.23464906,-0.6014049,-0.04639934,-0.079609245,-0.79158986,-0.026693232,-0.1881396,-0.99956733,-0.1431455,-0.17168228,-0.62544775,-0.08201094,-0.11331563,-0.58596104,-0.0044824826,0.0703785,-0.7466042,-0.076391734,-0.03915616,-0.8508469,-0.13593476,-0.057108335,-0.59502304,-0.090960406,-0.014189197,-0.53065866,-0.036470477
S,Zaith,Left,0.0,0.0,0.0,-0.21568401,-0.10245044,-0.04926508,-0.4038952,-0.35511842,-0.072870746,-0.49210346,-0.64365333,-0.107778266,-0.43843555,-0.89876264,-0.124440864,-0.31633174,-0.7357692,0.04338507,-0.42470652,-0.93044907,-0.0614383,-0.39094967,-0.6443532,-0.10185434,-0.33855706,-0.5721127,-0.11207183,-0.20447405,-0.77603215,0.023185981,-0.31714344,-0.99042827,-0.082239754,-0.28292167,-0.6211499,-0.07782292,-0.21353945,-0.5843636,-0.039496426,-0.07285963,-0.7762781,-0.021330822,-0.18226326,-1.013399,-0.13651256,-0.16306962,-0.6369706,-0.079990044,-0.09595807,-0.56573653,-0.0034305002,0.079822965,-0.74234384,-0.072076045,-0.029916752,-0.88523483,-0.13372156,-0.046112992,-0.6277648,-0.08973606,0.00037529238,-0.53942865,-0.03412848
S,Zaith,Left,0.0,0.0,0.0,-0.2160092,-0.109019235,-0.058231737,-0.40075874,-0.36140287,-0.08244732,-0.48534265,-0.65950704,-0.11628271,-0.4180743,-0.9084128,-0.13091204,-0.3319426,-0.72713,0.042072188,-0.4300689,-0.92434746,-0.0626745,-0.38856697,-0.64762366,-0.10351567,-0.34489888,-0.60343575,-0.11606985,-0.21323998,-0.7688998,0.025361117,-0.3061865,-0.97142696,-0.08370758,-0.26888183,-0.60721684,-0.08149604,-0.21498597,-0.5915764,-0.045357883,-0.078532554,-0.7653785,-0.016858157,-0.16312228,-0.99059844,-0.13465376,-0.14694597,-0.619178,-0.078753926,-0.09685865,-0.56139904,-0.00303988,0.0721152,-0.7277977,-0.066719554,-0.017670725,-0.86557466,-0.12771232,-0.037346937,-0.6057598,-0.08408611,-0.0037271623,-0.5246203,-0.029843774
S,Zaith,Left,0.0,0.0,0.0,-0.21935607,-0.113059655,-0.05055506,-0.40867496,-0.36672708,-0.072422266,-0.49532065,-0.6525901,-0.104816444,-0.4345683,-0.9006389,-0.11760876,-0.32708257,-0.7284021,0.04177947,-0.436336,-0.9245836,-0.06032459,-0.39899194,-0.635204,-0.09713164,-0.35160175,-0.5851006,-0.10659622,-0.21303378,-0.7733608,0.022525411,-0.32243463,-0.9736219,-0.08211359,-0.29085553,-0.6089817,-0.07507087,-0.23014653,-0.59738386,-0.03680095,-0.08007777,-0.77424437,-0.021319957,-0.18442962,-1.0036683,-0.13456963,-0.17116939,-0.63707906,-0.0759752,-0.112418056,-0.585549,0.0003232691,0.07149357,-0.74187917,-0.07196715,-0.03490105,-0.87815607,-0.1307788,-0.053729877,-0.6278519,-0.08638354,-0.011619859,-0.5502128,-0.03186865
S,Zaith,Left,0.0,0.0,0.0,-0.22370821,-0.110488616,-0.045407627,-0.41687554,-0.36199725,-0.065888055,-0.5151546,-0.63210684,-0.098646685,-0.46509093,-0.8852629,-0.11241357,-0.33186632,-0.7532946,0.049187623,-0.45365858,-0.92092776,-0.055737235,-0.4111867,-0.62094694,-0.096620746,-0.35167447,-0.5628258,-0.10854998,-0.2220143,-0.7962855,0.027212188,-0.34725145,-0.9732558,-0.07991799,-0.3080606,-0.5971489,-0.07432658,-0.23480064,-0.582831,-0.03682614,-0.09226111,-0.79822403,-0.0195664,-0.21721485,-0.99322176,-0.13421787,-0.19195937,-0.61695164,-0.07390893,-0.11981789,-0.57393456,0.00359943,0.056481622,-0.7645357,-0.0729718,-0.06895671,-0.8804002,-0.1336752,-0.079039924,-0.61763996,-0.08776366,-0.02439555,-0.5445212,-0.031677164
S,Zaith,Left,0.0,0.0,0.0,-0.21976848,-0.10154516,-0.06327638,-0.43000695,-0.3711845,-0.09624212,-0.5598375,-0.62337345,-0.13884751,-0.51328295,-0.85821944,-0.15776125,-0.34327686,-0.84041053,0.027969778,-0.47084388,-1.0175649,-0.09007058,-0.432177,-0.70033765,-0.13614121,-0.37473968,-0.6239624,-0.14996222,-0.22519235,-0.8794732,0.010537561,-0.3623233,-1.047138,-0.10639324,-0.32593325,-0.6368676,-0.09812145,-0.25235024,-0.6179207,-0.056207523,-0.08324353,-0.8732064,-0.034431938,-0.2132295,-1.0736952,-0.15554355,-0.1995802,-0.6707418,-0.0923039,-0.1290292,-0.62057453,-0.011575673,0.07457866,-0.82572556,-0.08785565,-0.04839672,-0.9324419,-0.14983614,-0.07236693,-0.665973,-0.10512365,-0.021992961,-0.59787333,-0.049488965
S,Zaith,Left,0.0,0.0,0.0,-0.21176453,-0.11402571,-0.08164861,-0.40742302,-0.35973266,-0.13606578,-0.5168992,-0.6044238,-0.19659267,-0.48532838,-0.87433195,-0.23545608,-0.34457922,-0.8544993,0.0060184184,-0.4647993,-0.94967896,-0.123897284,-0.4205494,-0.66958183,-0.17685252,-0.36454767,-0.61541784,-0.19343063,-0.21693255,-0.89184445,-0.008027172,-0.35464865,-1.0156406,-0.13887584,-0.31594864,-0.61710244,-0.13547228,-0.24615888,-0.6081764,-0.09412864,-0.072628334,-0.8736127,-0.051230982,-0.1964793,-1.0381601,-0.18949209,-0.18658431,-0.6433714,-0.13258246,-0.12528454,-0.59631604,-0.05247411,0.07974855,-0.81292605,-0.10341434,-0.032510776,-0.89228463,-0.17931026,-0.05759032,-0.62703836,-0.14076196,-0.016203847,-0.56181717,-0.08718321
S,Zaith,Left,0.0,0.0,0.0,-0.1826614,-0.14344805,-0.1364432,-0.38024387,-0.39019126,-0.21528731,-0.4598396,-0.68366843,-0.28907412,-0.36078542,-0.93264884,-0.33330727,-0.37674633,-0.9117272,-0.04389999,-0.45321256,-1.0373042,-0.20216091,-0.38205698,-0.7253971,-0.267578,-0.33632734,-0.6946439,-0.29241535,-0.22030793,-0.9692179,-0.04070282,-0.2753162,-1.0943075,-0.20033212,-0.23066512,-0.65352875,-0.20110145,-0.21965489,-0.68647027,-0.1599382,-0.05698673,-0.9485769,-0.07315612,-0.09085651,-1.0693413,-0.23544933,-0.085666254,-0.65290654,-0.17544927,-0.08277829,-0.6590951,-0.09248749,0.105124414,-0.88067466,-0.12041537,0.07148323,-0.9072088,-0.21018913,0.045999523,-0.6249684,-0.17275426,0.0397792,-0.59386086,-0.119883776
S,Zaith,Left,0.0,0.0,0.0,-0.16627508,-0.17227933,-0.18634437,-0.32797095,-0.37868652,-0.3135949,-0.39392206,-0.6754565,-0.4282785,-0.28436697,-0.9256216,-0.5183995,-0.37544984,-0.92459285,-0.10557207,-0.437597,-1.0093513,-0.28859535,-0.41597712,-0.943024,-0.3646967,-0.34255925,-0.9394962,-0.3935127,-0.19224408,-1.0084924,-0.08506275,-0.22027017,-1.1249087,-0.28052327,-0.19583638,-0.702209,-0.28312358,-0.18243319,-0.7029269,-0.2301095,-0.009674636,-0.9891027,-0.103067376,-0.016035935,-1.0454254,-0.28209734,-0.036322955,-0.6643464,-0.21771163,-0.03924463,-0.6561183,-0.1260328,0.16169302,-0.89821875,-0.14155973,0.15805046,-0.87473,-0.23636334,0.11081023,-0.6245846,-0.20065191,0.088314526,-0.60525286,-0.1458932
S,Zaith,Left,0.0,0.0,0.0,-0.18435587,-0.14047189,-0.11038377,-0.36744508,-0.39433968,-0.1747446,-0.43711185,-0.6973735,-0.24181667,-0.34089094,-0.9401029,-0.28469762,-0.35527903,-0.8194865,-0.003457847,-0.4420182,-0.963831,-0.14589615,-0.40036315,-0.7677054,-0.2011533,-0.3503114,-0.735793,-0.2154807,-0.21111271,-0.8767348,-0.008004332,-0.27054578,-1.0428389,-0.15074864,-0.24106304,-0.65936995,-0.14665169,-0.2238251,-0.6807392,-0.09958661,-0.055432446,-0.8715049,-0.04680297,-0.09955167,-1.0439398,-0.19863792,-0.098924465,-0.66454107,-0.14220425,-0.08611164,-0.64193875,-0.05827484,0.10524543,-0.8190327,-0.098108284,0.059709907,-0.9131874,-0.18150277,0.033963654,-0.6556098,-0.14294143,0.038245857,-0.6014195,-0.08705642
S,Zaith,Left,0.0,0.0,0.0,-0.16869432,-0.1345195,-0.11648272,-0.35152978,-0.37724614,-0.1877737,-0.4360172,-0.67102337,-0.26042312,-0.354182,-0.9351765,-0.30795893,-0.35185674,-0.79809135,-0.011400382,-0.44262615,-0.9373463,-0.1570192,-0.38930357,-0.750071,-0.2122235,-0.33138716,-0.7249416,-0.22564471,-0.21137461,-0.86602896,-0.011734541,-0.27226138,-1.0289944,-0.15662082,-0.2297785,-0.6427786,-0.14901993,-0.21054181,-0.66076505,-0.09833676,-0.05831239,-0.8673149,-0.04713696,-0.09783142,-1.0336918,-0.20104614,-0.08777248,-0.65946865,-0.14307958,-0.07607556,-0.6379331,-0.056620546,0.10161185,-0.8193717,-0.09525341,0.06435331,-0.9182966,-0.17965947,0.037676536,-0.66670513,-0.14234707,0.03057873,-0.60611206,-0.08655591
S,Zaith,Left,0.0,0.0,0.0,-0.18315555,-0.123402454,-0.08900917,-0.36973214,-0.37064222,-0.13701767,-0.4614194,-0.6564051,-0.18982834,-0.39218628,-0.9198858,-0.2185399,-0.35311386,-0.7776034,0.012604867,-0.45251307,-0.9514932,-0.11619562,-0.40101203,-0.68025774,-0.16552982,-0.35376677,-0.6427001,-0.17979833,-0.21915734,-0.84237885,0.0037429752,-0.29838762,-1.0101131,-0.12582529,-0.25447172,-0.6212835,-0.1215317,-0.21872248,-0.63255006,-0.07904559,-0.07144283,-0.84062374,-0.035990506,-0.13298342,-1.0158675,-0.1755744,-0.11837113,-0.62976295,-0.12128999,-0.08914455,-0.61059546,-0.04216363,0.08432125,-0.8007003,-0.08540347,0.020869743,-0.9008751,-0.15849191,0.0024423925,-0.64289427,-0.11882631,0.018019,-0.5932856,-0.06490196
S,Zaith,Left,0.0,0.0,0.0,-0.18519434,-0.10895011,-0.08784752,-0.37511593,-0.35187384,-0.13156536,-0.4539131,-0.6580387,-0.17845738,-0.39183754,-0.9200344,-0.20292668,-0.3750286,-0.7633192,0.00025216426,-0.4662012,-0.9312075,-0.12600207,-0.40662998,-0.6817193,-0.17539284,-0.3576713,-0.65983605,-0.19265048,-0.23269282,-0.828058,-0.011739264,-0.3107142,-1.006027,-0.14770453,-0.26272047,-0.62727565,-0.14752866,-0.23071884,-0.6361209,-0.108489685,-0.07805378,-0.8343959,-0.05266563,-0.13352948,-1.0157064,-0.1990284,-0.11773135,-0.6421345,-0.14447103,-0.09921555,-0.624853,-0.06550856,0.08793122,-0.8024296,-0.10290471,0.036003564,-0.9299245,-0.18361941,0.016748082,-0.6576609,-0.14196756,0.022524439,-0.5919179,-0.08668328
S,Zaith,Left,0.0,0.0,0.0,-0.16846746,-0.13713722,-0.114948355,-0.3525479,-0.3790762,-0.19101585,-0.44129586,-0.67768216,-0.27081764,-0.3509174,-0.93640643,-0.32714605,-0.36085993,-0.78803045,0.0020279957,-0.449616,-0.91448545,-0.13493219,-0.40380415,-0.77974373,-0.17892067,-0.3486616,-0.7870927,-0.1847053,-0.22184806,-0.8640859,0.0010731791,-0.28208384,-1.03064,-0.13692604,-0.23113526,-0.6513185,-0.11787828,-0.21815258,-0.69290257,-0.05621157,-0.06675539,-0.8744076,-0.03568446,-0.10737428,-1.0442728,-0.18358244,-0.088845424,-0.6773801,-0.12217812,-0.07754435,-0.6701434,-0.03236272,0.09687265,-0.8372281,-0.08524113,0.060387872,-0.95007503,-0.16063736,0.04082097,-0.70475847,-0.12033626,0.035868842,-0.6496661,-0.06306481
S,Zaith,Left,0.0,0.0,0.0,-0.16794027,-0.1333098,-0.13379018,-0.3526613,-0.3877731,-0.2066573,-0.43200254,-0.69347286,-0.27752107,-0.33454302,-0.9423805,-0.3213704,-0.36285636,-0.8160225,-0.010727499,-0.44009897,-0.9396097,-0.15327439,-0.37123457,-0.7144402,-0.20093657,-0.3214151,-0.71206045,-0.21014625,-0.22025526,-0.8871911,-0.0026914724,-0.26854607,-1.0467999,-0.15362093,-0.21688032,-0.64119965,-0.14689678,-0.21350648,-0.68596363,-0.0933863,-0.06625832,-0.8926112,-0.031556576,-0.09013208,-1.0454628,-0.19330105,-0.07632378,-0.6587019,-0.13893294,-0.078425966,-0.6670039,-0.051991582,0.09155093,-0.8537008,-0.07401675,0.06740599,-0.9491438,-0.15859382,0.052928682,-0.69142336,-0.12138791,0.04590202,-0.6539025,-0.0651707
S,Zaith,Left,0.0,0.0,0.0,-0.17186989,-0.11500017,-0.14901824,-0.3554351,-0.3639545,-0.23971677,-0.43496972,-0.6852075,-0.32659507,-0.33664516,-0.94163156,-0.38773483,-0.37729678,-0.8163865,-0.02814229,-0.4530326,-0.9388955,-0.17939387,-0.395713,-0.7593302,-0.22888708,-0.3397661,-0.75230306,-0.2364999,-0.22648759,-0.8949457,-0.015032598,-0.2711522,-1.0615466,-0.17111169,-0.21959345,-0.6470907,-0.15853213,-0.21787517,-0.6887275,-0.09693878,-0.06656316,-0.9025792,-0.040570557,-0.084207684,-1.0549625,-0.20432729,-0.07204561,-0.6610139,-0.14612004,-0.07593257,-0.66693914,-0.05519471,0.094392955,-0.862959,-0.08107487,0.076852135,-0.9452676,-0.16530576,0.060962453,-0.68012303,-0.12719718,0.050688203,-0.6394926,-0.06970711
S,Zaith,Left,0.0,0.0,0.0,-0.16960295,-0.10012016,-0.19283319,-0.35031718,-0.35048005,-0.31057358,-0.42936423,-0.6820556,-0.41617647,-0.32868484,-0.94443965,-0.49333134,-0.3872642,-0.82433975,-0.07079781,-0.45127165,-0.93161553,-0.24179476,-0.3871941,-0.74860966,-0.29240295,-0.33948812,-0.75126135,-0.29549363,-0.22751805,-0.89918524,-0.037890777,-0.26393095,-1.0648794,-0.21680264,-0.20649046,-0.6394134,-0.20373382,-0.22057413,-0.7072528,-0.13449007,-0.06414033,-0.9087041,-0.04758583,-0.073508136,-1.046099,-0.2332047,-0.056484364,-0.6452452,-0.17563614,-0.07079843,-0.6737432,-0.079203084,0.0946616,-0.8784691,-0.07487251,0.092488326,-0.95249426,-0.16980623,0.08175074,-0.680218,-0.1338875,0.064809315,-0.6466681,-0.075047076
S,Zaith,Left,0.0,0.0,0.0,-0.18328181,-0.11047123,-0.13277145,-0.37767312,-0.35853863,-0.21197046,-0.44463438,-0.68790066,-0.2872222,-0.35139635,-0.9362268,-0.33931512,-0.38896084,-0.82292557,-0.033090696,-0.45523185,-0.954033,-0.16265678,-0.43010277,-0.7825503,-0.20049386,-0.39935127,-0.7490245,-0.2035123,-0.22723445,-0.8947491,-0.028072475,-0.2784775,-1.0632633,-0.1621511,-0.24427009,-0.67084545,-0.14232205,-0.23485339,-0.6798936,-0.082308665,-0.053160522,-0.897623,-0.056817934,-0.090930335,-1.0673696,-0.20129797,-0.08379597,-0.6884442,-0.13285154,-0.078454964,-0.6585289,-0.04154675,0.124976255,-0.84337497,-0.09897512,0.0741229,-0.96263236,-0.17628129,0.056663964,-0.6929509,-0.12670147,0.056626283,-0.6195688,-0.06315009
S,Zaith,Left,0.0,0.0,0.0,-0.20139143,-0.112092726,-0.09183151,-0.40601575,-0.36269447,-0.136797,-0.5059558,-0.64283913,-0.18524654,-0.44714013,-0.8944639,-0.21015473,-0.3975718,-0.7835273,0.00459399,-0.48650637,-0.96728677,-0.1241961,-0.4244319,-0.69406426,-0.17705981,-0.3873193,-0.64091045,-0.19413011,-0.25490633,-0.85320693,-0.0045098336,-0.33660248,-1.007832,-0.13550644,-0.28757945,-0.6300216,-0.13776577,-0.26393607,-0.63568664,-0.10162809,-0.09605784,-0.8619866,-0.043705862,-0.16699103,-1.0297984,-0.18070604,-0.14474428,-0.6538232,-0.12550555,-0.12245108,-0.63221717,-0.048375215,0.07023925,-0.8303292,-0.093055815,-0.0058988226,-0.9120328,-0.1651267,-0.014674064,-0.65322995,-0.12124676,0.0040804697,-0.60308766,-0.06522706
S,Zaith,Left,0.0,0.0,0.0,-0.21402156,-0.117088385,-0.07860067,-0.41936234,-0.3625616,-0.12034112,-0.5372022,-0.602824,-0.16893461,-0.4986464,-0.8668055,-0.19564125,-0.3677064,-0.84855026,0.029271254,-0.47729775,-0.9700171,-0.0936261,-0.42934304,-0.66581047,-0.15485774,-0.37763733,-0.58842474,-0.17889306,-0.24290216,-0.89247787,0.019435808,-0.3524587,-0.9986919,-0.10598429,-0.31270742,-0.61956084,-0.119719006,-0.2560286,-0.56852007,-0.09282627,-0.10097274,-0.884793,-0.019194508,-0.2087324,-1.034338,-0.14972264,-0.19286887,-0.6569603,-0.106713764,-0.14077489,-0.5746896,-0.03701607,0.05347896,-0.83314174,-0.066602096,-0.060804892,-0.9038176,-0.13843153,-0.07592162,-0.6502552,-0.10442726,-0.036603555,-0.5708488,-0.053753983
S,Zaith,Left,0.0,0.0,0.0,-0.21155551,-0.10903232,-0.066848844,-0.40632132,-0.3556836,-0.1049316,-0.5166379,-0.5982562,-0.15235972,-0.50534236,-0.8629189,-0.1778028,-0.3559239,-0.81913465,0.03206883,-0.468788,-0.92932075,-0.081996,-0.41260144,-0.62883955,-0.12493307,-0.35613453,-0.5898112,-0.1369751,-0.2454486,-0.8605201,0.015825327,-0.3688396,-0.9975687,-0.10399353,-0.317066,-0.6027669,-0.09769785,-0.25237492,-0.59883374,-0.05545991,-0.11591336,-0.8618303,-0.0281298,-0.23623213,-0.99457914,-0.15127094,-0.20167811,-0.61190045,-0.0894474,-0.13730761,-0.58592945,-0.009272727,0.024411162,-0.82808226,-0.080955096,-0.08925202,-0.89320093,-0.14245076,-0.09259166,-0.63861704,-0.09685871,-0.044474028,-0.5947952,-0.040668666
S,Zaith,Left,0.0,0.0,0.0,-0.21270375,-0.09424232,-0.032222603,-0.36917913,-0.37887138,-0.042766888,-0.44710276,-0.65114933,-0.068347745,-0.47662693,-0.8791057,-0.07704041,-0.3155052,-0.7554848,0.055306204,-0.41638538,-0.9683311,-0.044236075,-0.38382423,-0.68465596,-0.08451779,-0.32788232,-0.58210844,-0.09341106,-0.21678098,-0.80770093,0.029612182,-0.32372865,-1.0183454,-0.069028385,-0.29239607,-0.65495926,-0.06785808,-0.22420853,-0.61231977,-0.033992343,-0.094050415,-0.8228939,-0.01853441,-0.20876597,-1.0534607,-0.1271848,-0.18640357,-0.6798637,-0.07514709,-0.11777839,-0.6016918,-0.005345952,0.047357585,-0.8043025,-0.07195776,-0.06456539,-0.94374675,-0.13500828,-0.075313956,-0.6875406,-0.09339018,-0.022825416,-0.5954307,-0.040121213
S,Zaith,Left,0.0,0.0,0.0,-0.18604678,-0.11828063,-0.056949247,-0.36760223,-0.38834524,-0.08625674,-0.4545553,-0.6790995,-0.12527862,-0.38837278,-0.92150235,-0.14414327,-0.29260564,-0.76625806,0.029524244,-0.39051872,-0.9601042,-0.075599715,-0.35916492,-0.66645414,-0.11254317,-0.31044456,-0.6036192,-0.12123286,-0.18088034,-0.7966185,0.014452723,-0.28015745,-0.9853662,-0.08851411,-0.25172922,-0.6155959,-0.075106725,-0.1926568,-0.6012987,-0.032564767,-0.053652234,-0.78316367,-0.025892392,-0.14674705,-1.0016043,-0.13872845,-0.13662706,-0.63201123,-0.07747793,-0.08094648,-0.575654,0.00023810632,0.087917455,-0.73721206,-0.0736509,-0.002318776,-0.8926322,-0.13364281,-0.02816034,-0.64314425,-0.089680605,0.0037992252,-0.5533722,-0.035433263
S,Zaith,Left,0.0,0.0,0.0,-0.21673284,-0.11335011,-0.070578724,-0.42288807,-0.34924686,-0.10822145,-0.535146,-0.63441944,-0.15389489,-0.45910782,-0.8883805,-0.17670774,-0.3568772,-0.7743152,0.027054207,-0.48009762,-0.9640414,-0.09585634,-0.42796898,-0.65818274,-0.14731123,-0.3754146,-0.619646,-0.16538012,-0.22836193,-0.82595146,0.013543002,-0.34099305,-1.007578,-0.108921625,-0.29576218,-0.6186739,-0.10686913,-0.24071513,-0.6120142,-0.069169305,-0.08629238,-0.828611,-0.028423185,-0.1912773,-1.045667,-0.15700711,-0.16847537,-0.6533352,-0.10004168,-0.11262412,-0.6093479,-0.021194989,0.070797406,-0.7976422,-0.07893376,-0.033375207,-0.9311929,-0.1443563,-0.05061012,-0.6605579,-0.10154364,-0.012349803,-0.5879807,-0.04640875
S,Zaith,Left,0.0,0.0,0.0,-0.19944017,-0.11612783,-0.08916197,-0.39846727,-0.38450804,-0.13013877,-0.4817517,-0.6998054,-0.17537996,-0.37612146,-0.92657036,-0.19398107,-0.3013648,-0.81501245,0.028308759,-0.3931715,-0.93865836,-0.09097284,-0.35563794,-0.66448855,-0.13865606,-0.3204252,-0.6800265,-0.15547326,-0.16090426,-0.8624375,0.024637882,-0.24542089,-0.9989687,-0.096496314,-0.21670993,-0.61578405,-0.08781601,-0.18115556,-0.68277997,-0.04527333,-0.007656661,-0.8642653,-0.010996164,-0.07141328,-1.0498093,-0.14129128,-0.07006413,-0.69620806,-0.08108606,-0.039416373,-0.70036805,5.7981117e-05,0.15648213,-0.83077717,-0.05789637,0.1124639,-1.0190656,-0.12897567,0.07671311,-0.7717828,-0.08818242,0.07947198,-0.6965951,-0.033035602
S,Zaith,Left,0.0,0.0,0.0,-0.20328127,-0.12510774,-0.08199858,-0.40015903,-0.3877743,-0.122406796,-0.48535767,-0.6976489,-0.16884641,-0.38248217,-0.9239629,-0.1904518,-0.29570088,-0.8036581,0.03452793,-0.385855,-0.9329666,-0.08352222,-0.35194898,-0.66822004,-0.13330317,-0.31681162,-0.6735055,-0.1513709,-0.15759048,-0.849241,0.02785325,-0.24591571,-0.9918736,-0.09285334,-0.22011794,-0.61791456,-0.0889281,-0.18250918,-0.6690502,-0.050303735,-0.0070491415,-0.852363,-0.009601881,-0.076450996,-1.047581,-0.1385505,-0.07688905,-0.6983289,-0.08186343,-0.044981528,-0.69281536,-0.0034749536,0.15457246,-0.8196668,-0.057310563,0.10410828,-1.012305,-0.12518701,0.07012872,-0.7701008,-0.083889164,0.078997396,-0.6937027,-0.029221315
S,Zaith,Left,0.0,0.0,0.0,-0.18261611,-0.11712126,-0.096109346,-0.37359282,-0.38675302,-0.1396485,-0.45579532,-0.7084634,-0.18563174,-0.35025898,-0.9366529,-0.20357193,-0.31287825,-0.81365496,0.02092617,-0.39161527,-0.97126895,-0.10268759,-0.34661323,-0.6927806,-0.1496052,-0.31670934,-0.6918581,-0.16414452,-0.17056365,-0.862075,0.021805845,-0.23247856,-1.0105145,-0.10037488,-0.19688666,-0.62140346,-0.09029761,-0.18106984,-0.6843766,-0.046539225,-0.015828533,-0.86460125,-0.009868405,-0.056317255,-1.0547216,-0.14246792,-0.04806187,-0.6996923,-0.08322,-0.033264123,-0.7078303,-0.00243922,0.14713204,-0.83372355,-0.05295868,0.12578262,-1.0142831,-0.12547822,0.10288806,-0.7712094,-0.08639841,0.09872366,-0.7115878,-0.032346833
S,Zaith,Left,0.0,0.0,0.0,-0.18360557,-0.13834399,-0.08564074,-0.3659104,-0.4208222,-0.1215204,-0.43292642,-0.7454056,-0.16186725,-0.3086763,-0.95116717,-0.17522833,-0.2983327,-0.82310826,0.02445101,-0.37087196,-1.0179094,-0.10281803,-0.32630217,-0.70618653,-0.15637684,-0.29825252,-0.69013953,-0.17622061,-0.15297809,-0.8637375,0.020279298,-0.20267013,-1.0282316,-0.10429782,-0.17265983,-0.63421315,-0.10270196,-0.16435367,-0.6838243,-0.06700331,0.0018933925,-0.86009634,-0.014741156,-0.02978823,-1.0674009,-0.14448825,-0.024999546,-0.6990971,-0.08560698,-0.014645743,-0.7000916,-0.007456256,0.16179371,-0.82179374,-0.060432173,0.14198045,-1.0110872,-0.12619448,0.121047206,-0.7598743,-0.08199762,0.120686285,-0.70154047,-0.026451442
S,Zaith,Left,0.0,0.0,0.0,-0.178015,-0.14785598,-0.08879719,-0.35351798,-0.42438212,-0.12794757,-0.42141387,-0.74520767,-0.17124686,-0.30202216,-0.9533009,-0.18820791,-0.29515734,-0.8173677,0.02408875,-0.36542764,-1.0002264,-0.09964239,-0.32104012,-0.7016632,-0.15189405,-0.29180673,-0.693617,-0.17213058,-0.15214956,-0.8604658,0.021908438,-0.1986773,-1.0130994,-0.10095017,-0.1696871,-0.6253127,-0.10025909,-0.16183141,-0.6785486,-0.06586094,0.00046794623,-0.8554708,-0.010963811,-0.02829872,-1.0560397,-0.14151335,-0.02481406,-0.69454193,-0.08641087,-0.013626149,-0.69399893,-0.0105751585,0.15770301,-0.81649315,-0.05446559,0.14045566,-1.0045241,-0.12322887,0.12143859,-0.76341635,-0.083053775,0.124699004,-0.7061066,-0.02992263
S,Zaith,Left,0.0,0.0,0.0,-0.18171872,-0.139086,-0.09255947,-0.36887118,-0.41453212,-0.13338463,-0.43310475,-0.7455561,-0.17750946,-0.30695722,-0.95172334,-0.19364814,-0.30895984,-0.8318378,0.016730888,-0.37714565,-1.0073768,-0.10423636,-0.33226946,-0.713646,-0.14845324,-0.30976403,-0.7065845,-0.16301392,-0.16233115,-0.88097894,0.014509183,-0.20877886,-1.0301648,-0.1085642,-0.18088637,-0.6410251,-0.10211181,-0.17861013,-0.7096575,-0.062889725,-0.0037040047,-0.8787159,-0.018671311,-0.030951986,-1.0743533,-0.15137638,-0.028674081,-0.7049608,-0.09204641,-0.02305379,-0.70551586,-0.012806714,0.16095452,-0.8408167,-0.06311585,0.15179212,-1.0227598,-0.13576041,0.12555194,-0.77772176,-0.09608695,0.11444122,-0.7217809,-0.042785928
S,Zaith,Left,0.0,0.0,0.0,-0.18065304,-0.14253029,-0.09339458,-0.36048794,-0.41866544,-0.13323572,-0.42568967,-0.74256,-0.17614561,-0.30327937,-0.95290166,-0.19073531,-0.31175366,-0.8183415,0.021110676,-0.3740604,-1.0056914,-0.10502258,-0.326324,-0.70910436,-0.15256846,-0.30407754,-0.69960034,-0.16848312,-0.16595064,-0.86823374,0.019438358,-0.20437026,-1.0305314,-0.111447126,-0.17366113,-0.63315356,-0.10905277,-0.17571057,-0.69352555,-0.07030854,-0.009495939,-0.867959,-0.014008461,-0.024438892,-1.0585724,-0.1513133,-0.023436518,-0.6911253,-0.0953853,-0.026594078,-0.70284474,-0.016930364,0.15135689,-0.8306598,-0.058637194,0.14948313,-1.0011742,-0.13106076,0.12454224,-0.7575754,-0.09305448,0.11051172,-0.7124751,-0.04093106
S,Zaith,Left,0.0,0.0,0.0,-0.17827864,-0.13544972,-0.10261344,-0.3578188,-0.41166186,-0.14955296,-0.4217226,-0.7416962,-0.1983959,-0.29545617,-0.9553563,-0.21893223,-0.30252862,-0.8211144,0.013538658,-0.3674895,-1.003981,-0.117910214,-0.3210183,-0.7048107,-0.16759121,-0.29651287,-0.69712543,-0.18355036,-0.15680772,-0.868438,0.015333601,-0.19845507,-1.026849,-0.117698304,-0.16652374,-0.6235686,-0.113117106,-0.1646427,-0.6914816,-0.071479,-0.0020847593,-0.86945456,-0.016049406,-0.021667577,-1.0523661,-0.1564023,-0.018762834,-0.6838589,-0.098071136,-0.015766015,-0.7032341,-0.016633807,0.15687206,-0.83617973,-0.059344657,0.14786223,-1.0056939,-0.13228528,0.12609296,-0.75895715,-0.09164481,0.11896686,-0.7149647,-0.036853123
S,Zaith,Left,0.0,0.0,0.0,-0.17201331,-0.1487719,-0.11639625,-0.34542918,-0.42014843,-0.17840686,-0.40744138,-0.7473112,-0.24183935,-0.2799471,-0.9600154,-0.2777274,-0.3047845,-0.8382353,0.0011474319,-0.3591671,-0.9927838,-0.1358391,-0.31102756,-0.72135216,-0.18277343,-0.29168087,-0.70733166,-0.19353561,-0.15799458,-0.88476056,0.005141979,-0.18903813,-1.0293316,-0.13517326,-0.1566737,-0.6303391,-0.12746628,-0.16439599,-0.69871527,-0.079358846,0.0010582465,-0.8790146,-0.025971798,-0.0037391006,-1.041776,-0.17638758,-0.0017114374,-0.68461835,-0.12051356,-0.011629699,-0.70444673,-0.03695514,0.16205174,-0.83361876,-0.06986059,0.16967842,-0.9916549,-0.15000501,0.15144119,-0.7592061,-0.11308928,0.13537039,-0.717695,-0.05889912
S,Zaith,Left,0.0,0.0,0.0,-0.17153662,-0.1437635,-0.11116216,-0.351553,-0.42032292,-0.16181812,-0.40287688,-0.7566303,-0.21256764,-0.26892352,-0.9631615,-0.23437417,-0.30512118,-0.8363424,-0.0011107684,-0.35339695,-1.0186306,-0.121917434,-0.30952564,-0.7239482,-0.1599809,-0.30494902,-0.7146689,-0.16995634,-0.1607339,-0.87582785,0.0029590386,-0.17223233,-1.0401722,-0.124691814,-0.14735678,-0.64322513,-0.120742336,-0.17411008,-0.7064693,-0.081271574,0.0031251467,-0.86122537,-0.02438352,0.010793145,-1.0552187,-0.16438892,0.018064184,-0.69723266,-0.10936741,-0.0040946314,-0.6998663,-0.03181268,0.16416624,-0.81420314,-0.06367945,0.18734694,-0.9834952,-0.14327806,0.17691676,-0.74740833,-0.106187314,0.15386282,-0.704476,-0.054073364
S,Zaith,Left,0.0,0.0,0.0,-0.1724294,-0.15828854,-0.11875332,-0.337039,-0.4343826,-0.17491893,-0.3817929,-0.7622921,-0.2302118,-0.25003582,-0.96823657,-0.2567908,-0.29819345,-0.83814776,0.0013233979,-0.3361331,-1.0093931,-0.12582083,-0.29352638,-0.72441447,-0.17006794,-0.28957164,-0.7167647,-0.18255351,-0.14957912,-0.8755398,0.009523116,-0.1640343,-1.0330937,-0.12540859,-0.13882771,-0.6456181,-0.12623215,-0.16185912,-0.7137279,-0.08824342,0.011809185,-0.863728,-0.015268867,0.019396001,-1.0458676,-0.161037,0.023200708,-0.6917451,-0.11039116,0.0031090353,-0.7040514,-0.03400775,0.1681048,-0.81487834,-0.052505035,0.1927087,-0.978999,-0.13299604,0.17498074,-0.7442664,-0.0986912,0.14879861,-0.70321506,-0.048317276
S,Zaith,Left,0.0,0.0,0.0,-0.17557052,-0.13763905,-0.09264442,-0.34235442,-0.41180003,-0.1302212,-0.38818896,-0.7493694,-0.1715626,-0.26791614,-0.96344227,-0.18523128,-0.29246813,-0.81035835,0.037784226,-0.33763885,-0.9806988,-0.07455848,-0.2974031,-0.68712276,-0.11528716,-0.2848183,-0.68876314,-0.12651023,-0.15553488,-0.8437328,0.038304582,-0.17473654,-1.0097712,-0.078282535,-0.1521473,-0.6307921,-0.07610241,-0.1615322,-0.700257,-0.039458472,-0.0061483597,-0.83303356,0.007593773,-0.0064667203,-1.0385432,-0.11912855,-0.0036393672,-0.68727636,-0.06503944,-0.0083011,-0.6946136,0.009888741,0.14593342,-0.78900504,-0.034277286,0.15757695,-0.97818875,-0.099295475,0.13734636,-0.7437267,-0.059854046,0.122950725,-0.6969167,-0.008103665
S,Zaith,Left,0.0,0.0,0.0,-0.17661437,-0.1433862,-0.08270679,-0.33382154,-0.42090765,-0.11636281,-0.3720904,-0.7524223,-0.15440673,-0.25899908,-0.9658776,-0.16591108,-0.291811,-0.7907047,0.03253538,-0.33522213,-0.9875928,-0.075299725,-0.29516974,-0.6857047,-0.11245708,-0.27514595,-0.6621041,-0.122722216,-0.15166238,-0.8328865,0.030011207,-0.16934192,-1.006266,-0.07977913,-0.1455685,-0.6216277,-0.07432385,-0.14725097,-0.66844386,-0.0388021,-0.0028181295,-0.8283744,-0.0015172448,0.0033992052,-1.0412079,-0.12075127,0.00023190047,-0.68681866,-0.06536819,-0.003459962,-0.6840058,0.006472953,0.15053873,-0.78537625,-0.043164693,0.1642251,-0.97674066,-0.10490549,0.1429065,-0.74080765,-0.064786576,0.13014032,-0.6914917,-0.014415392
S,Zaith,Left,0.0,0.0,0.0,-0.18323302,-0.13339187,-0.07965554,-0.36156726,-0.41956982,-0.110746205,-0.41009367,-0.7549616,-0.14701849,-0.2832786,-0.95903766,-0.1576586,-0.28971142,-0.7910202,0.031812925,-0.34377322,-0.98139036,-0.08166827,-0.30576223,-0.6897655,-0.12500954,-0.29207844,-0.6870568,-0.14035045,-0.14743952,-0.83309245,0.025196623,-0.18495491,-1.0075893,-0.092484266,-0.1608377,-0.6297323,-0.091307156,-0.16379237,-0.6827979,-0.05688459,0.004593794,-0.8313439,-0.010515626,-0.012015449,-1.0400846,-0.13651006,-0.010391147,-0.6854524,-0.082239546,-0.013021279,-0.6876634,-0.008512937,0.16212796,-0.7961823,-0.05600672,0.16053368,-0.9855839,-0.12136103,0.13933401,-0.7440372,-0.0810415,0.1266594,-0.68909997,-0.029806063
S,Zaith,Left,0.0,0.0,0.0,-0.18351354,-0.15251818,-0.06541519,-0.3400059,-0.42613876,-0.0882163,-0.38285786,-0.7530806,-0.11939582,-0.2705441,-0.9627076,-0.12810127,-0.28608137,-0.76643,0.06858816,-0.33351934,-0.95761603,-0.027184574,-0.30278412,-0.6909125,-0.06630547,-0.28753233,-0.6816442,-0.07974506,-0.15481211,-0.8077312,0.058886893,-0.18065977,-0.9871379,-0.043318197,-0.16110095,-0.6393957,-0.04916558,-0.16287076,-0.6733239,-0.021602856,-0.011609149,-0.80252093,0.021720702,-0.016724484,-1.0278116,-0.09233815,-0.017082432,-0.69463754,-0.05049347,-0.020578325,-0.68144363,0.013144704,0.13854446,-0.75800514,-0.023398919,0.1400029,-0.9479574,-0.08014697,0.120797366,-0.7204769,-0.04335918,0.11094147,-0.6615851,0.004402563
S,Zaith,Left,0.0,0.0,0.0,-0.18663545,-0.14750475,-0.050125036,-0.33425912,-0.43782884,-0.06191342,-0.36484894,-0.75887907,-0.083321996,-0.26522502,-0.96418655,-0.08449174,-0.26524815,-0.74351674,0.06697626,-0.3161153,-0.9417433,-0.02649733,-0.2909182,-0.6676782,-0.06532256,-0.2707508,-0.63118815,-0.077184275,-0.14011876,-0.77325124,0.053232256,-0.1710359,-0.96945375,-0.04243117,-0.15573934,-0.61586696,-0.043935463,-0.14351162,-0.6196056,-0.014995714,-0.0012602753,-0.7611192,0.014496722,-0.012370636,-1.007602,-0.09443911,-0.017451975,-0.664559,-0.0457915,-0.0091228075,-0.6222095,0.021245485,0.14814255,-0.71326834,-0.030878838,0.14363354,-0.92184013,-0.08758255,0.1195703,-0.6848278,-0.046147455,0.1158063,-0.60488003,0.0048772297
S,Zaith,Left,0.0,0.0,0.0,-0.19750157,-0.13549499,-0.047494657,-0.35559076,-0.4233652,-0.057539206,-0.38798568,-0.75255173,-0.07731779,-0.28586286,-0.95827055,-0.077995524,-0.293848,-0.7123601,0.061165184,-0.34340975,-0.9214791,-0.031906504,-0.31367666,-0.6536656,-0.071807355,-0.29404154,-0.6046252,-0.08486728,-0.16692065,-0.7496169,0.04634374,-0.19637844,-0.95321786,-0.047287904,-0.1747293,-0.61250955,-0.05131622,-0.16622795,-0.5972154,-0.026151573,-0.026110074,-0.7457117,0.007814613,-0.03878779,-0.9932441,-0.0978935,-0.03603338,-0.6531342,-0.051331557,-0.032204147,-0.59068394,0.012217917,0.12264417,-0.7064252,-0.037058435,0.11612029,-0.9046611,-0.093452,0.10120065,-0.6714087,-0.05387957,0.09756929,-0.59016955,-0.005461372
S,Zaith,Left,0.0,0.0,0.0,-0.19434448,-0.14845847,-0.048381764,-0.3420993,-0.44251224,-0.057669483,-0.37247145,-0.7587178,-0.07693663,-0.28026232,-0.95992345,-0.07687448,-0.28117973,-0.7267172,0.07483987,-0.33256346,-0.9280504,-0.019416725,-0.29960018,-0.6653318,-0.060084447,-0.276698,-0.62130266,-0.07124134,-0.15744935,-0.7599375,0.060994674,-0.18528952,-0.949452,-0.036840748,-0.16400005,-0.61028624,-0.04534731,-0.1556943,-0.60734594,-0.019463673,-0.022362452,-0.75262177,0.022229213,-0.03280956,-0.9691813,-0.08590968,-0.03095316,-0.6442668,-0.045235433,-0.025524434,-0.6153584,0.016937794,0.11997599,-0.7112255,-0.022727462,0.11207997,-0.89092165,-0.07491048,0.09633569,-0.66077614,-0.03430244,0.0972494,-0.59566087,0.015876401
S,Zaith,Left,0.0,0.0,0.0,-0.19519222,-0.15991378,-0.050800838,-0.3593119,-0.4203578,-0.061033744,-0.40037808,-0.74423677,-0.08133621,-0.29095307,-0.95673734,-0.079196066,-0.3023832,-0.7423276,0.08467765,-0.35807395,-0.9353001,-0.0069182664,-0.3229896,-0.6713838,-0.04791633,-0.30653426,-0.6527821,-0.06201791,-0.16901335,-0.7864623,0.07239836,-0.20366946,-0.9694742,-0.023274016,-0.1791369,-0.6250886,-0.031645965,-0.17800644,-0.64206636,-0.0074729365,-0.02337482,-0.7848832,0.034034483,-0.03809788,-1.0223122,-0.074600756,-0.03439145,-0.6821682,-0.03332999,-0.032784928,-0.64764345,0.029335352,0.13317385,-0.7446872,-0.011047023,0.132897,-0.9505651,-0.064627774,0.11360298,-0.7199495,-0.026986625,0.10492075,-0.64870626,0.021400377
S,Zaith,Left,0.0,0.0,0.0,-0.1932366,-0.15845542,-0.0577742,-0.35118765,-0.433747,-0.06959757,-0.3907343,-0.7539708,-0.09055431,-0.28321686,-0.9590559,-0.08816173,-0.31386095,-0.75520366,0.088989265,-0.36746687,-0.9448312,-0.004125374,-0.32594547,-0.686378,-0.044383552,-0.30807182,-0.66168785,-0.056423437,-0.18638517,-0.80879956,0.08037413,-0.21038468,-0.9885501,-0.017356081,-0.1747499,-0.64223975,-0.02601841,-0.1792412,-0.6658069,5.1952953e-05,-0.0453906,-0.8162045,0.04417537,-0.04835884,-1.0204313,-0.06608032,-0.036102384,-0.6908566,-0.02724942,-0.04024914,-0.6752733,0.03486106,0.10535137,-0.7857194,0.0005015806,0.10925265,-0.96927494,-0.051403984,0.09783264,-0.7411987,-0.01365381,0.08722977,-0.68209076,0.035045106
S,Zaith,Left,0.0,0.0,0.0,-0.1962894,-0.13990778,-0.059441864,-0.37356192,-0.41128743,-0.08158302,-0.42091087,-0.747738,-0.11317727,-0.3051927,-0.9522906,-0.123656504,-0.32720375,-0.7541794,0.050923005,-0.38500413,-0.96282285,-0.0575406,-0.3426666,-0.7010132,-0.10447319,-0.32903215,-0.66302294,-0.11898865,-0.19192111,-0.8074605,0.036216497,-0.22139104,-1.001434,-0.07198755,-0.18482758,-0.6543665,-0.07739851,-0.19178952,-0.6661018,-0.049327917,-0.040580295,-0.8203645,-0.004776111,-0.054760084,-1.0542641,-0.123722024,-0.03828211,-0.716347,-0.077022746,-0.04414889,-0.68726045,-0.009656095,0.11829598,-0.7947779,-0.05304674,0.11435917,-1.0010039,-0.11005484,0.107150495,-0.76178,-0.06521073,0.0981814,-0.6879997,-0.011745594
S,Zaith,Left,0.0,0.0,0.0,-0.20232688,-0.12341339,-0.04882336,-0.38296464,-0.38914657,-0.06312456,-0.43545723,-0.7113614,-0.08754841,-0.3380496,-0.9411283,-0.089758284,-0.3256867,-0.72526187,0.0549023,-0.4010227,-0.929076,-0.04569727,-0.3589361,-0.6552424,-0.086071916,-0.32962358,-0.62952614,-0.09860027,-0.18729165,-0.78032225,0.038507905,-0.24638392,-0.9715274,-0.062176388,-0.21133836,-0.61363655,-0.059218906,-0.1891999,-0.6333412,-0.026837941,-0.034415126,-0.792284,-0.0029113886,-0.07645674,-1.040853,-0.11472811,-0.06582961,-0.6873524,-0.059975613,-0.046321906,-0.6524316,0.012039765,0.13035402,-0.7712966,-0.051095385,0.106205985,-0.99361396,-0.107184015,0.08837061,-0.7537532,-0.06280185,0.094051585,-0.67581904,-0.009245085
